# File produced by Open Asset Import Library (http://www.assimp.sf.net)
# (assimp v6.0.959079823)

mtllib arml1.mtl

# 12390 vertex positions
v -0.01259946 0.03049999 0.00999993
v -0.01259946 0.03049999 0.00399983
v -0.01417297 0.02980130 0.00399983
v -0.01259946 0.03049999 0.00999993
v -0.01417297 0.02980130 0.00399983
v -0.01417297 0.02980130 0.00999993
v -0.01417297 0.02980130 0.00999993
v -0.01417297 0.02980130 0.00399983
v -0.01570779 0.02902168 0.00399983
v -0.01417297 0.02980130 0.00999993
v -0.01570779 0.02902168 0.00399983
v -0.01570779 0.02902168 0.00999993
v -0.01570779 0.02902168 0.00999993
v -0.01570779 0.02902168 0.00399983
v -0.01719981 0.02816319 0.00399983
v -0.01570779 0.02902168 0.00999993
v -0.01719981 0.02816319 0.00399983
v -0.01719981 0.02816319 0.00999993
v -0.01719981 0.02816319 0.00999993
v -0.01719981 0.02816319 0.00399983
v -0.01864498 0.02722775 0.00399983
v -0.01719981 0.02816319 0.00999993
v -0.01864498 0.02722775 0.00399983
v -0.01864498 0.02722775 0.00999993
v -0.01864498 0.02722775 0.00999993
v -0.01864498 0.02722775 0.00399983
v -0.02003949 0.02621853 0.00399983
v -0.01864498 0.02722775 0.00999993
v -0.02003949 0.02621853 0.00399983
v -0.02003949 0.02621853 0.00999993
v -0.02003949 0.02621853 0.00999993
v -0.02003949 0.02621853 0.00399983
v -0.02137959 0.02513784 0.00399983
v -0.02003949 0.02621853 0.00999993
v -0.02137959 0.02513784 0.00399983
v -0.02137959 0.02513784 0.00999993
v -0.02137959 0.02513784 0.00999993
v -0.02137959 0.02513784 0.00399983
v -0.02266126 0.02398872 0.00399983
v -0.02137959 0.02513784 0.00999993
v -0.02266126 0.02398872 0.00399983
v -0.02266126 0.02398872 0.00999993
v -0.02266126 0.02398872 0.00999993
v -0.02266126 0.02398872 0.00399983
v -0.02388149 0.02277421 0.00399983
v -0.02266126 0.02398872 0.00999993
v -0.02388149 0.02277421 0.00399983
v -0.02388149 0.02277421 0.00999993
v -0.02388149 0.02277421 0.00999993
v -0.02388149 0.02277421 0.00399983
v -0.02503669 0.02149796 0.00399983
v -0.02388149 0.02277421 0.00999993
v -0.02503669 0.02149796 0.00399983
v -0.02503669 0.02149796 0.00999993
v -0.02503669 0.02149796 0.00999993
v -0.02503669 0.02149796 0.00399983
v -0.02612370 0.02016299 0.00399983
v -0.02503669 0.02149796 0.00999993
v -0.02612370 0.02016299 0.00399983
v -0.02612370 0.02016299 0.00999993
v -0.02612370 0.02016299 0.00999993
v -0.02612370 0.02016299 0.00399983
v -0.02713960 0.01877325 0.00399983
v -0.02612370 0.02016299 0.00999993
v -0.02713960 0.01877325 0.00399983
v -0.02713960 0.01877325 0.00999993
v -0.02713960 0.01877325 0.00999993
v -0.02713960 0.01877325 0.00399983
v -0.02808165 0.01733255 0.00399983
v -0.02713960 0.01877325 0.00999993
v -0.02808165 0.01733255 0.00399983
v -0.02808165 0.01733255 0.00999993
v -0.02808165 0.01733255 0.00999993
v -0.02808165 0.01733255 0.00399983
v -0.02894735 0.01584452 0.00399983
v -0.02808165 0.01733255 0.00999993
v -0.02894735 0.01584452 0.00399983
v -0.02894735 0.01584452 0.00999993
v -0.02894735 0.01584452 0.00999993
v -0.02894735 0.01584452 0.00399983
v -0.02973419 0.01431334 0.00399983
v -0.02894735 0.01584452 0.00999993
v -0.02973419 0.01431334 0.00399983
v -0.02973419 0.01431334 0.00999993
v -0.02973419 0.01431334 0.00999993
v -0.02973419 0.01431334 0.00399983
v -0.03044015 0.01274335 0.00399983
v -0.02973419 0.01431334 0.00999993
v -0.03044015 0.01274335 0.00399983
v -0.03044015 0.01274335 0.00999993
v -0.03044015 0.01274335 0.00999993
v -0.03044015 0.01274335 0.00399983
v -0.03106319 0.01113849 0.00399983
v -0.03044015 0.01274335 0.00999993
v -0.03106319 0.01113849 0.00399983
v -0.03106319 0.01113849 0.00999993
v -0.03106319 0.01113849 0.00999993
v -0.03106319 0.01113849 0.00399983
v -0.03160190 0.00950360 0.00399983
v -0.03106319 0.01113849 0.00999993
v -0.03160190 0.00950360 0.00399983
v -0.03160190 0.00950360 0.00999999
v -0.03160190 0.00950360 0.00999999
v -0.03160190 0.00950360 0.00399983
v -0.03205448 0.00784266 0.00399983
v -0.03160190 0.00950360 0.00999999
v -0.03205448 0.00784266 0.00399983
v -0.03205448 0.00784266 0.00999999
v -0.03205448 0.00784266 0.00999999
v -0.03205448 0.00784266 0.00399983
v -0.03241986 0.00616044 0.00399983
v -0.03205448 0.00784266 0.00999999
v -0.03241986 0.00616044 0.00399983
v -0.03241986 0.00616044 0.00999999
v -0.03241986 0.00616044 0.00999999
v -0.03241986 0.00616044 0.00399983
v -0.03269702 0.00446135 0.00399995
v -0.03241986 0.00616044 0.00999999
v -0.03269702 0.00446135 0.00399995
v -0.03269702 0.00446135 0.00999999
v -0.03269702 0.00446135 0.00999999
v -0.03269702 0.00446135 0.00399995
v -0.03288519 0.00275016 0.00399995
v -0.03269702 0.00446135 0.00999999
v -0.03288519 0.00275016 0.00399995
v -0.03288519 0.00275016 0.00999999
v -0.03288519 0.00275016 0.00999999
v -0.03288519 0.00275016 0.00399995
v -0.03298372 0.00103152 0.00399995
v -0.03288519 0.00275016 0.00999999
v -0.03298372 0.00103152 0.00399995
v -0.03299975 0.00061818 0.00999999
v -0.03299975 0.00061818 0.00999999
v -0.03298372 0.00103152 0.00399995
v -0.03297495 -0.00148785 0.00399995
v -0.03299975 0.00061818 0.00999999
v -0.03297495 -0.00148785 0.00399995
v -0.03299868 -0.00058721 0.01399987
v -0.03299868 -0.00058721 0.01399987
v -0.03297495 -0.00148785 0.00399995
v -0.03291177 -0.00240928 0.01399987
v -0.03291177 -0.00240928 0.01399987
v -0.03297495 -0.00148785 0.00399995
v -0.03274136 -0.00412238 0.00399995
v -0.03291177 -0.00240928 0.01399987
v -0.03274136 -0.00412238 0.00399995
v -0.03274136 -0.00412226 0.01399987
v -0.03274136 -0.00412226 0.01399987
v -0.03274136 -0.00412238 0.00399995
v -0.03248184 -0.00582421 0.00399995
v -0.03274136 -0.00412226 0.01399987
v -0.03248184 -0.00582421 0.00399995
v -0.03248184 -0.00582409 0.01399987
v -0.03248184 -0.00582409 0.01399987
v -0.03248184 -0.00582421 0.00399995
v -0.03213387 -0.00751018 0.00399995
v -0.03248184 -0.00582409 0.01399987
v -0.03213387 -0.00751018 0.00399995
v -0.03213387 -0.00751007 0.01399987
v -0.03213387 -0.00751007 0.01399987
v -0.03213387 -0.00751018 0.00399995
v -0.03169864 -0.00917566 0.00399995
v -0.03213387 -0.00751007 0.01399987
v -0.03169864 -0.00917566 0.00399995
v -0.03169864 -0.00917560 0.01399987
v -0.03169864 -0.00917560 0.01399987
v -0.03169864 -0.00917566 0.00399995
v -0.03117704 -0.01081609 0.00399995
v -0.03169864 -0.00917560 0.01399987
v -0.03117704 -0.01081609 0.00399995
v -0.03117704 -0.01081609 0.01399987
v -0.03117704 -0.01081609 0.01399987
v -0.03117704 -0.01081609 0.00399995
v -0.03057044 -0.01242733 0.00399995
v -0.03117704 -0.01081609 0.01399987
v -0.03057044 -0.01242733 0.00399995
v -0.03057044 -0.01242733 0.01399987
v -0.03057044 -0.01242733 0.01399987
v -0.03057044 -0.01242733 0.00399995
v -0.02988088 -0.01400452 0.00399995
v -0.03057044 -0.01242733 0.01399987
v -0.02988088 -0.01400452 0.00399995
v -0.02988088 -0.01400452 0.01399987
v -0.02988088 -0.01400452 0.01399987
v -0.02988088 -0.01400452 0.00399995
v -0.02910995 -0.01554369 0.00399995
v -0.02988088 -0.01400452 0.01399987
v -0.02910995 -0.01554369 0.00399995
v -0.02910995 -0.01554369 0.01399987
v -0.02910995 -0.01554369 0.01399987
v -0.02910995 -0.01554369 0.00399995
v -0.02825975 -0.01704061 0.00399995
v -0.02910995 -0.01554369 0.01399987
v -0.02825975 -0.01704061 0.00399995
v -0.02825975 -0.01704061 0.01399987
v -0.02825975 -0.01704061 0.01399987
v -0.02825975 -0.01704061 0.00399995
v -0.02733266 -0.01849108 0.00399995
v -0.02825975 -0.01704061 0.01399987
v -0.02733266 -0.01849108 0.00399995
v -0.02733266 -0.01849108 0.01399987
v -0.02733266 -0.01849108 0.01399987
v -0.02733266 -0.01849108 0.00399995
v -0.02633118 -0.01989138 0.00399995
v -0.02733266 -0.01849108 0.01399987
v -0.02633118 -0.01989138 0.00399995
v -0.02633118 -0.01989138 0.01399987
v -0.02633118 -0.01989138 0.01399987
v -0.02633118 -0.01989138 0.00399995
v -0.02525806 -0.02123743 0.00399995
v -0.02633118 -0.01989138 0.01399987
v -0.02525806 -0.02123743 0.00399995
v -0.02525806 -0.02123743 0.01399987
v -0.02525806 -0.02123743 0.01399987
v -0.02525806 -0.02123743 0.00399995
v -0.02411603 -0.02252560 0.00399995
v -0.02525806 -0.02123743 0.01399987
v -0.02411603 -0.02252560 0.00399995
v -0.02411603 -0.02252560 0.01399987
v -0.02411603 -0.02252560 0.01399987
v -0.02411603 -0.02252560 0.00399995
v -0.02290856 -0.02375257 0.00399995
v -0.02411603 -0.02252560 0.01399987
v -0.02290856 -0.02375257 0.00399995
v -0.02290856 -0.02375257 0.01399987
v -0.02290856 -0.02375257 0.01399987
v -0.02290856 -0.02375257 0.00399995
v -0.02163887 -0.02491492 0.00399995
v -0.02290856 -0.02375257 0.01399987
v -0.02163887 -0.02491492 0.00399995
v -0.02163887 -0.02491492 0.01399987
v -0.02163887 -0.02491492 0.01399987
v -0.02163887 -0.02491492 0.00399995
v -0.02031016 -0.02600950 0.00399995
v -0.02163887 -0.02491492 0.01399987
v -0.02031016 -0.02600950 0.00399995
v -0.02031016 -0.02600950 0.01399987
v -0.02031016 -0.02600950 0.01399987
v -0.02031016 -0.02600950 0.00399995
v -0.01892614 -0.02703315 0.00399995
v -0.02031016 -0.02600950 0.01399987
v -0.01892614 -0.02703315 0.00399995
v -0.01892614 -0.02703315 0.01399987
v -0.01892614 -0.02703315 0.01399987
v -0.01892614 -0.02703315 0.00399995
v -0.01749068 -0.02798336 0.00399995
v -0.01892614 -0.02703315 0.01399987
v -0.01749068 -0.02798336 0.00399995
v -0.01749068 -0.02798336 0.01399987
v -0.01749068 -0.02798336 0.01399987
v -0.01749068 -0.02798336 0.00399995
v -0.01600760 -0.02885735 0.00399995
v -0.01749068 -0.02798336 0.01399987
v -0.01600760 -0.02885735 0.00399995
v -0.01600760 -0.02885735 0.01399987
v -0.01600760 -0.02885735 0.01399987
v -0.01600760 -0.02885735 0.00399995
v -0.01448082 -0.02965301 0.00399995
v -0.01600760 -0.02885735 0.01399987
v -0.01448082 -0.02965301 0.00399995
v -0.01448082 -0.02965301 0.01399987
v -0.01448082 -0.02965301 0.01399987
v -0.01448082 -0.02965301 0.00399995
v -0.01291477 -0.03036779 0.00399995
v -0.01448082 -0.02965301 0.01399987
v -0.01291477 -0.03036779 0.00399995
v -0.01291477 -0.03036779 0.01399987
v -0.01291477 -0.03036779 0.01399987
v -0.01291477 -0.03036779 0.00399995
v -0.01131355 -0.03099983 0.00399995
v -0.01291477 -0.03036779 0.01399987
v -0.01131355 -0.03099983 0.00399995
v -0.01131355 -0.03099983 0.01399987
v -0.01259946 0.03049999 0.00999993
v -0.01417297 0.02980130 0.00999993
v -0.02174848 0.03048533 0.00999993
v -0.02174848 0.03048533 0.00999993
v -0.01417297 0.02980130 0.00999993
v -0.01570779 0.02902168 0.00999993
v -0.03106319 0.01113849 0.00999993
v -0.03160190 0.00950360 0.00999999
v -0.03299164 0.01897114 0.00999993
v -0.03299164 0.01897114 0.00999993
v -0.03160190 0.00950360 0.00999999
v -0.03205448 0.00784266 0.00999999
v -0.03299164 0.01897114 0.00999993
v -0.03205448 0.00784266 0.00999999
v -0.03241986 0.00616044 0.00999999
v -0.03241986 0.00616044 0.00999999
v -0.03269702 0.00446135 0.00999999
v -0.03299164 0.01897114 0.00999993
v -0.03299164 0.01897114 0.00999993
v -0.03269702 0.00446135 0.00999999
v -0.03288519 0.00275016 0.00999999
v -0.03299164 0.01897114 0.00999993
v -0.03288519 0.00275016 0.00999999
v -0.03299975 0.00061818 0.00999999
v -0.02612370 0.02016299 0.00999993
v -0.03129571 0.02467167 0.00999993
v -0.02503669 0.02149796 0.00999993
v -0.02503669 0.02149796 0.00999993
v -0.03129571 0.02467167 0.00999993
v -0.03057157 0.02574622 0.00999993
v -0.02894735 0.01584452 0.00999993
v -0.02973419 0.01431334 0.00999993
v -0.03299164 0.01897114 0.00999993
v -0.03299164 0.01897114 0.00999993
v -0.02973419 0.01431334 0.00999993
v -0.03044015 0.01274335 0.00999993
v -0.03299164 0.01897114 0.00999993
v -0.03044015 0.01274335 0.00999993
v -0.03106319 0.01113849 0.00999993
v -0.01570779 0.02902168 0.00999993
v -0.01719981 0.02816319 0.00999993
v -0.02174848 0.03048533 0.00999993
v -0.02174848 0.03048533 0.00999993
v -0.01719981 0.02816319 0.00999993
v -0.01864498 0.02722775 0.00999993
v -0.02174848 0.03048533 0.00999993
v -0.01864498 0.02722775 0.00999993
v -0.02003949 0.02621853 0.00999993
v -0.02137959 0.02513784 0.00999993
v -0.02467042 0.02993595 0.00999993
v -0.02318441 0.03030318 0.00999993
v -0.02137959 0.02513784 0.00999993
v -0.02318441 0.03030318 0.00999993
v -0.02003949 0.02621853 0.00999993
v -0.02003949 0.02621853 0.00999993
v -0.02318441 0.03030318 0.00999993
v -0.02174848 0.03048533 0.00999993
v -0.02467042 0.02993595 0.00999993
v -0.02137959 0.02513784 0.00999993
v -0.02638280 0.02923732 0.00999993
v -0.02638280 0.02923732 0.00999993
v -0.02137959 0.02513784 0.00999993
v -0.02266126 0.02398872 0.00999993
v -0.03057157 0.02574622 0.00999993
v -0.02973777 0.02673023 0.00999993
v -0.02503669 0.02149796 0.00999993
v -0.02503669 0.02149796 0.00999993
v -0.02973777 0.02673023 0.00999993
v -0.02388149 0.02277421 0.00999993
v -0.02388149 0.02277421 0.00999993
v -0.02973777 0.02673023 0.00999993
v -0.02888542 0.02754896 0.00999993
v -0.02888542 0.02754896 0.00999993
v -0.02782720 0.02837634 0.00999993
v -0.02388149 0.02277421 0.00999993
v -0.02388149 0.02277421 0.00999993
v -0.02782720 0.02837634 0.00999993
v -0.02266126 0.02398872 0.00999993
v -0.02266126 0.02398872 0.00999993
v -0.02782720 0.02837634 0.00999993
v -0.02638280 0.02923732 0.00999993
v -0.03259748 0.02160537 0.00999993
v -0.02713960 0.01877325 0.00999993
v -0.03290772 0.02002871 0.00999993
v -0.03290772 0.02002871 0.00999993
v -0.02713960 0.01877325 0.00999993
v -0.02808165 0.01733255 0.00999993
v -0.02713960 0.01877325 0.00999993
v -0.03259748 0.02160537 0.00999993
v -0.02612370 0.02016299 0.00999993
v -0.02612370 0.02016299 0.00999993
v -0.03259748 0.02160537 0.00999993
v -0.03212624 0.02300250 0.00999993
v -0.02894735 0.01584452 0.00999993
v -0.03299164 0.01897114 0.00999993
v -0.02808165 0.01733255 0.00999993
v -0.02808165 0.01733255 0.00999993
v -0.03299164 0.01897114 0.00999993
v -0.03290772 0.02002871 0.00999993
v -0.03212624 0.02300250 0.00999993
v -0.03169190 0.02394783 0.00999993
v -0.02612370 0.02016299 0.00999993
v -0.02612370 0.02016299 0.00999993
v -0.03169190 0.02394783 0.00999993
v -0.03129571 0.02467167 0.00999993
v -0.02132982 0.03049963 0.06748241
v -0.02174848 0.03048533 0.00999993
v -0.02260982 0.03039902 0.06817412
v -0.02260982 0.03039902 0.06817412
v -0.02174848 0.03048533 0.00999993
v -0.02318441 0.03030318 0.00999993
v -0.02260982 0.03039902 0.06817412
v -0.02318441 0.03030318 0.00999993
v -0.02408975 0.03010284 0.06883245
v -0.02408975 0.03010284 0.06883245
v -0.02318441 0.03030318 0.00999993
v -0.02467042 0.02993595 0.00999993
v -0.02467042 0.02993595 0.00999993
v -0.02519971 0.02974283 0.06920349
v -0.02408975 0.03010284 0.06883245
v -0.02638280 0.02923732 0.00999993
v -0.02621006 0.02931720 0.06944829
v -0.02519971 0.02974283 0.06920349
v -0.02638280 0.02923732 0.00999993
v -0.02519971 0.02974283 0.06920349
v -0.02467042 0.02993595 0.00999993
v -0.02782720 0.02837634 0.00999993
v -0.02731287 0.02870905 0.06955897
v -0.02638280 0.02923732 0.00999993
v -0.02638280 0.02923732 0.00999993
v -0.02731287 0.02870905 0.06955897
v -0.02621006 0.02931720 0.06944829
v -0.02782720 0.02837634 0.00999993
v -0.02828788 0.02804046 0.06950604
v -0.02731287 0.02870905 0.06955897
v -0.02888542 0.02754896 0.00999993
v -0.02828788 0.02804046 0.06950604
v -0.02782720 0.02837634 0.00999993
v -0.02888542 0.02754896 0.00999993
v -0.02946346 0.02702242 0.06918066
v -0.02828788 0.02804046 0.06950604
v -0.02946346 0.02702242 0.06918066
v -0.02888542 0.02754896 0.00999993
v -0.02973777 0.02673023 0.00999993
v -0.03057157 0.02574622 0.00999993
v -0.03044885 0.02590423 0.06856125
v -0.02973777 0.02673023 0.00999993
v -0.02973777 0.02673023 0.00999993
v -0.03044885 0.02590423 0.06856125
v -0.02946346 0.02702242 0.06918066
v -0.03153187 0.02425867 0.06732219
v -0.03108102 0.02501273 0.06793069
v -0.03129571 0.02467167 0.00999993
v -0.03129571 0.02467167 0.00999993
v -0.03108102 0.02501273 0.06793069
v -0.03057157 0.02574622 0.00999993
v -0.03057157 0.02574622 0.00999993
v -0.03108102 0.02501273 0.06793069
v -0.03044885 0.02590423 0.06856125
v -0.03169190 0.02394783 0.00999993
v -0.03212624 0.02300250 0.00999993
v -0.03205657 0.02317422 0.06633698
v -0.03169190 0.02394783 0.00999993
v -0.03205657 0.02317422 0.06633698
v -0.03153187 0.02425867 0.06732219
v -0.03169190 0.02394783 0.00999993
v -0.03153187 0.02425867 0.06732219
v -0.03129571 0.02467167 0.00999993
v -0.03212624 0.02300250 0.00999993
v -0.03259748 0.02160537 0.00999993
v -0.03248822 0.02198261 0.06513017
v -0.03212624 0.02300250 0.00999993
v -0.03248822 0.02198261 0.06513017
v -0.03205657 0.02317422 0.06633698
v -0.03259748 0.02160537 0.00999993
v -0.03284233 0.02049309 0.06347209
v -0.03248822 0.02198261 0.06513017
v -0.03284233 0.02049309 0.06347209
v -0.03259748 0.02160537 0.00999993
v -0.03290772 0.02002871 0.00999993
v -0.03290772 0.02002871 0.00999993
v -0.03299599 0.01895844 0.06161284
v -0.03284233 0.02049309 0.06347209
v -0.03290772 0.02002871 0.00999993
v -0.03299164 0.01897114 0.00999993
v -0.03299599 0.01895844 0.06161284
v -0.03299164 0.01897114 0.00999993
v -0.03299975 0.00061818 0.00999999
v -0.03299599 0.01895844 0.06161284
v -0.03299599 0.01895844 0.06161284
v -0.03299975 0.00061818 0.00999999
v -0.03299868 -0.00058721 0.01399987
v -0.03299599 0.01895844 0.06161284
v -0.03299868 -0.00058721 0.01399987
v -0.03299283 -0.00189054 0.07492327
v -0.03299599 0.01895844 0.06161284
v -0.03299283 -0.00189054 0.07492327
v -0.03300088 0.02191734 0.06548947
v -0.03299999 0.02849996 0.07493185
v -0.03299999 0.02639323 0.07174903
v -0.03299283 -0.00189054 0.07492327
v -0.03299283 -0.00189054 0.07492327
v -0.03299999 0.02639323 0.07174903
v -0.03300088 0.02191734 0.06548947
v 0.00787395 0.03049999 0.00000000
v 0.00787395 0.03049999 0.00399983
v 0.00945240 0.03004831 0.00399983
v 0.00787395 0.03049999 0.00000000
v 0.00945240 0.03004831 0.00399983
v 0.00945240 0.03004831 0.00000000
v 0.00945240 0.03004831 0.00000000
v 0.00945240 0.03004831 0.00399983
v 0.01100516 0.02951484 0.00399983
v 0.00945240 0.03004831 0.00000000
v 0.01100516 0.02951484 0.00399983
v 0.01100516 0.02951484 0.00000000
v 0.01100516 0.02951484 0.00000000
v 0.01100516 0.02951484 0.00399983
v 0.01252800 0.02890139 0.00399983
v 0.01100516 0.02951484 0.00000000
v 0.01252800 0.02890139 0.00399983
v 0.01252800 0.02890139 0.00000000
v 0.01252800 0.02890139 0.00000000
v 0.01252800 0.02890139 0.00399983
v 0.01401668 0.02820938 0.00399983
v 0.01252800 0.02890139 0.00000000
v 0.01401668 0.02820938 0.00399983
v 0.01401668 0.02820938 0.00000000
v 0.01401668 0.02820938 0.00000000
v 0.01401668 0.02820938 0.00399983
v 0.01546752 0.02744090 0.00399983
v 0.01401668 0.02820938 0.00000000
v 0.01546752 0.02744090 0.00399983
v 0.01546752 0.02744090 0.00000000
v 0.01546752 0.02744090 0.00000000
v 0.01546752 0.02744090 0.00399983
v 0.01687628 0.02659761 0.00399983
v 0.01546752 0.02744090 0.00000000
v 0.01687628 0.02659761 0.00399983
v 0.01687628 0.02659761 0.00000000
v 0.01687628 0.02659761 0.00000000
v 0.01687628 0.02659761 0.00399983
v 0.01823914 0.02568233 0.00399983
v 0.01687628 0.02659761 0.00000000
v 0.01823914 0.02568233 0.00399983
v 0.01823914 0.02568233 0.00000000
v 0.01823914 0.02568233 0.00000000
v 0.01823914 0.02568233 0.00399983
v 0.01955235 0.02469712 0.00399983
v 0.01823914 0.02568233 0.00000000
v 0.01955235 0.02469712 0.00399983
v 0.01955235 0.02469712 0.00000000
v 0.01955235 0.02469712 0.00000000
v 0.01955235 0.02469712 0.00399983
v 0.02081269 0.02364486 0.00399983
v 0.01955235 0.02469712 0.00000000
v 0.02081269 0.02364486 0.00399983
v 0.02081269 0.02364486 0.00000000
v 0.02081269 0.02364486 0.00000000
v 0.02081269 0.02364486 0.00399983
v 0.02201622 0.02252835 0.00399983
v 0.02081269 0.02364486 0.00000000
v 0.02201622 0.02252835 0.00399983
v 0.02201622 0.02252835 0.00000000
v 0.02201622 0.02252835 0.00000000
v 0.02201622 0.02252835 0.00399983
v 0.02316009 0.02135068 0.00399983
v 0.02201622 0.02252835 0.00000000
v 0.02316009 0.02135068 0.00399983
v 0.02316009 0.02135068 0.00000000
v 0.02316009 0.02135068 0.00000000
v 0.02316009 0.02135068 0.00399983
v 0.02424108 0.02011483 0.00399983
v 0.02316009 0.02135068 0.00000000
v 0.02424108 0.02011483 0.00399983
v 0.02424108 0.02011483 0.00000000
v 0.02424108 0.02011483 0.00000000
v 0.02424108 0.02011483 0.00399983
v 0.02525627 0.01882451 0.00399983
v 0.02424108 0.02011483 0.00000000
v 0.02525627 0.01882451 0.00399983
v 0.02525627 0.01882451 0.00000000
v 0.02525627 0.01882451 0.00000000
v 0.02525627 0.01882451 0.00399983
v 0.02620267 0.01748317 0.00399983
v 0.02525627 0.01882451 0.00000000
v 0.02620267 0.01748317 0.00399983
v 0.02620267 0.01748317 0.00000000
v 0.02620267 0.01748317 0.00000000
v 0.02620267 0.01748317 0.00399983
v 0.02707809 0.01609408 0.00399983
v 0.02620267 0.01748317 0.00000000
v 0.02707809 0.01609408 0.00399983
v 0.02707809 0.01609408 0.00000000
v 0.02707809 0.01609408 0.00000000
v 0.02707809 0.01609408 0.00399983
v 0.02787989 0.01466149 0.00399983
v 0.02707809 0.01609408 0.00000000
v 0.02787989 0.01466149 0.00399983
v 0.02787989 0.01466149 0.00000000
v 0.02787989 0.01466149 0.00000000
v 0.02787989 0.01466149 0.00399983
v 0.02860581 0.01318889 0.00399983
v 0.02787989 0.01466149 0.00000000
v 0.02860581 0.01318889 0.00399983
v 0.02860581 0.01318889 0.00000000
v 0.02860581 0.01318889 0.00000000
v 0.02860581 0.01318889 0.00399983
v 0.02925413 0.01168066 0.00399983
v 0.02860581 0.01318889 0.00000000
v 0.02925413 0.01168066 0.00399983
v 0.02925413 0.01168066 0.00000000
v 0.02925413 0.01168066 0.00000000
v 0.02925413 0.01168066 0.00399983
v 0.02982306 0.01014047 0.00399983
v 0.02925413 0.01168066 0.00000000
v 0.02982306 0.01014047 0.00399983
v 0.02982306 0.01014047 0.00000000
v 0.02982306 0.01014047 0.00000000
v 0.02982306 0.01014047 0.00399983
v 0.03031080 0.00857294 0.00399983
v 0.02982306 0.01014047 0.00000000
v 0.03031080 0.00857294 0.00399983
v 0.03031080 0.00857294 0.00000000
v 0.03031080 0.00857294 0.00000000
v 0.03031080 0.00857294 0.00399983
v 0.03071630 0.00698203 0.00399983
v 0.03031080 0.00857294 0.00000000
v 0.03071630 0.00698203 0.00399983
v 0.03071630 0.00698203 0.00000000
v 0.03071630 0.00698203 0.00000000
v 0.03071630 0.00698203 0.00399983
v 0.03103846 0.00537211 0.00399983
v 0.03071630 0.00698203 0.00000000
v 0.03103846 0.00537211 0.00399983
v 0.03103846 0.00537211 0.00000000
v 0.03103846 0.00537211 0.00000000
v 0.03103846 0.00537211 0.00399983
v 0.03127610 0.00374764 0.00399995
v 0.03103846 0.00537211 0.00000000
v 0.03127610 0.00374764 0.00399995
v 0.03127610 0.00374764 0.00000000
v 0.03127610 0.00374764 0.00000000
v 0.03127610 0.00374764 0.00399995
v 0.03142899 0.00211304 0.00399995
v 0.03127610 0.00374764 0.00000000
v 0.03142899 0.00211304 0.00399995
v 0.03142899 0.00211304 0.00000000
v 0.03142899 0.00211304 0.00000000
v 0.03142899 0.00211304 0.00399995
v 0.03149640 0.00047271 0.00399995
v 0.03142899 0.00211304 0.00000000
v 0.03149640 0.00047271 0.00399995
v 0.03149640 0.00047271 0.00000000
v 0.03149640 0.00047271 0.00000000
v 0.03149640 0.00047271 0.00399995
v 0.03147816 -0.00116885 0.00399995
v 0.03149640 0.00047271 0.00000000
v 0.03147816 -0.00116885 0.00399995
v 0.03147816 -0.00116885 0.00000000
v 0.03147816 -0.00116885 0.00000000
v 0.03147816 -0.00116885 0.00399995
v 0.03137463 -0.00280732 0.00399995
v 0.03147816 -0.00116885 0.00000000
v 0.03137463 -0.00280732 0.00399995
v 0.03137463 -0.00280744 0.00000000
v 0.03137463 -0.00280744 0.00000000
v 0.03137463 -0.00280732 0.00399995
v 0.03118574 -0.00443828 0.00399995
v 0.03137463 -0.00280744 0.00000000
v 0.03118574 -0.00443828 0.00399995
v 0.03118574 -0.00443828 0.00000000
v 0.03118574 -0.00443828 0.00000000
v 0.03118574 -0.00443828 0.00399995
v 0.03091210 -0.00605714 0.00399995
v 0.03118574 -0.00443828 0.00000000
v 0.03091210 -0.00605714 0.00399995
v 0.03091210 -0.00605714 0.00000000
v 0.03091210 -0.00605714 0.00000000
v 0.03091210 -0.00605714 0.00399995
v 0.03055453 -0.00765943 0.00399995
v 0.03091210 -0.00605714 0.00000000
v 0.03055453 -0.00765943 0.00399995
v 0.03055453 -0.00765943 0.00000000
v 0.03055453 -0.00765943 0.00000000
v 0.03055453 -0.00765943 0.00399995
v 0.03011399 -0.00924104 0.00399995
v 0.03055453 -0.00765943 0.00000000
v 0.03011399 -0.00924104 0.00399995
v 0.03011399 -0.00924104 0.00000000
v 0.03011399 -0.00924104 0.00000000
v 0.03011399 -0.00924104 0.00399995
v 0.02959156 -0.01079750 0.00399995
v 0.03011399 -0.00924104 0.00000000
v 0.02959156 -0.01079750 0.00399995
v 0.02959156 -0.01079750 0.00000000
v 0.02959156 -0.01079750 0.00000000
v 0.02959156 -0.01079750 0.00399995
v 0.02898871 -0.01232457 0.00399995
v 0.02959156 -0.01079750 0.00000000
v 0.02898871 -0.01232457 0.00399995
v 0.02898871 -0.01232457 0.00000000
v 0.02898871 -0.01232457 0.00000000
v 0.02898871 -0.01232457 0.00399995
v 0.02830719 -0.01381826 0.00399995
v 0.02898871 -0.01232457 0.00000000
v 0.02830719 -0.01381826 0.00399995
v 0.02830719 -0.01381826 0.00000000
v 0.02830719 -0.01381826 0.00000000
v 0.02830719 -0.01381826 0.00399995
v 0.02754878 -0.01527422 0.00399995
v 0.02830719 -0.01381826 0.00000000
v 0.02754878 -0.01527422 0.00399995
v 0.02754878 -0.01527422 0.00000000
v 0.02754878 -0.01527422 0.00000000
v 0.02754878 -0.01527422 0.00399995
v 0.02671563 -0.01668894 0.00399995
v 0.02754878 -0.01527422 0.00000000
v 0.02671563 -0.01668894 0.00399995
v 0.02671563 -0.01668894 0.00000000
v 0.02671563 -0.01668894 0.00000000
v 0.02671563 -0.01668894 0.00399995
v 0.02580982 -0.01805824 0.00399995
v 0.02671563 -0.01668894 0.00000000
v 0.02580982 -0.01805824 0.00399995
v 0.02580982 -0.01805824 0.00000000
v 0.02580982 -0.01805824 0.00000000
v 0.02580982 -0.01805824 0.00399995
v 0.02483379 -0.01937842 0.00399995
v 0.02580982 -0.01805824 0.00000000
v 0.02483379 -0.01937842 0.00399995
v 0.02483379 -0.01937842 0.00000000
v 0.02483379 -0.01937842 0.00000000
v 0.02483379 -0.01937842 0.00399995
v 0.02379041 -0.02064603 0.00399995
v 0.02483379 -0.01937842 0.00000000
v 0.02379041 -0.02064603 0.00399995
v 0.02379041 -0.02064603 0.00000000
v 0.02379041 -0.02064603 0.00000000
v 0.02379041 -0.02064603 0.00399995
v 0.02268242 -0.02185750 0.00399995
v 0.02379041 -0.02064603 0.00000000
v 0.02268242 -0.02185750 0.00399995
v 0.02268242 -0.02185750 0.00000000
v 0.02268242 -0.02185750 0.00000000
v 0.02268242 -0.02185750 0.00399995
v 0.02151286 -0.02300953 0.00399995
v 0.02268242 -0.02185750 0.00000000
v 0.02151286 -0.02300953 0.00399995
v 0.02151286 -0.02300953 0.00000000
v 0.02151286 -0.02300953 0.00000000
v 0.02151286 -0.02300953 0.00399995
v 0.02028483 -0.02409923 0.00399995
v 0.02151286 -0.02300953 0.00000000
v 0.02028483 -0.02409923 0.00399995
v 0.02028483 -0.02409923 0.00000000
v 0.02028483 -0.02409923 0.00000000
v 0.02028483 -0.02409923 0.00399995
v 0.01900166 -0.02512329 0.00399995
v 0.02028483 -0.02409923 0.00000000
v 0.01900166 -0.02512329 0.00399995
v 0.01900166 -0.02512329 0.00000000
v 0.01900166 -0.02512329 0.00000000
v 0.01900166 -0.02512329 0.00399995
v 0.01766687 -0.02607917 0.00399995
v 0.01900166 -0.02512329 0.00000000
v 0.01766687 -0.02607917 0.00399995
v 0.01766687 -0.02607917 0.00000000
v 0.01766687 -0.02607917 0.00000000
v 0.01766687 -0.02607917 0.00399995
v 0.01628392 -0.02696430 0.00399995
v 0.01766687 -0.02607917 0.00000000
v 0.01628392 -0.02696430 0.00399995
v 0.01628392 -0.02696430 0.00000000
v 0.01628392 -0.02696430 0.00000000
v 0.01628392 -0.02696430 0.00399995
v 0.01485705 -0.02777618 0.00399995
v 0.01628392 -0.02696430 0.00000000
v 0.01485705 -0.02777618 0.00399995
v 0.01485705 -0.02777618 0.00000000
v 0.01485705 -0.02777618 0.00000000
v 0.01485705 -0.02777618 0.00399995
v 0.01338952 -0.02851241 0.00399995
v 0.01485705 -0.02777618 0.00000000
v 0.01338952 -0.02851241 0.00399995
v 0.01338952 -0.02851241 0.00000000
v 0.01338952 -0.02851241 0.00000000
v 0.01338952 -0.02851241 0.00399995
v 0.01188594 -0.02917134 0.00399995
v 0.01338952 -0.02851241 0.00000000
v 0.01188594 -0.02917134 0.00399995
v 0.01188594 -0.02917134 0.00000000
v 0.01188594 -0.02917134 0.00000000
v 0.01188594 -0.02917134 0.00399995
v 0.01034981 -0.02975112 0.00399995
v 0.01188594 -0.02917134 0.00000000
v 0.01034981 -0.02975112 0.00399995
v 0.01034981 -0.02975112 0.00000000
v 0.01034981 -0.02975112 0.00000000
v 0.01034981 -0.02975112 0.00399995
v 0.00878572 -0.03024995 0.00399995
v 0.01034981 -0.02975112 0.00000000
v 0.00878572 -0.03024995 0.00399995
v 0.00878572 -0.03024995 0.00000000
v 0.00878572 -0.03024995 0.00000000
v 0.00878572 -0.03024995 0.00399995
v 0.00719768 -0.03066653 0.00399995
v 0.00878572 -0.03024995 0.00000000
v 0.00719768 -0.03066653 0.00399995
v 0.00719768 -0.03066653 0.00000000
v 0.00719768 -0.03066653 0.00000000
v 0.00719768 -0.03066653 0.00399995
v 0.00559008 -0.03099983 0.00399995
v 0.00719768 -0.03066653 0.00000000
v 0.00559008 -0.03099983 0.00399995
v 0.00559008 -0.03099983 0.00000000
v 0.01131355 -0.03099983 0.00399995
v 0.00559008 -0.03099983 0.00399995
v 0.00719768 -0.03066653 0.00399995
v 0.00787395 0.03049999 0.00399983
v 0.01259946 0.03049999 0.00399983
v 0.00945240 0.03004831 0.00399983
v 0.00945240 0.03004831 0.00399983
v 0.01259946 0.03049999 0.00399983
v 0.01100516 0.02951484 0.00399983
v 0.00719768 -0.03066653 0.00399995
v 0.00878572 -0.03024995 0.00399995
v 0.01131355 -0.03099983 0.00399995
v 0.01131355 -0.03099983 0.00399995
v 0.00878572 -0.03024995 0.00399995
v 0.01034981 -0.02975112 0.00399995
v 0.01131355 -0.03099983 0.00399995
v 0.01034981 -0.02975112 0.00399995
v 0.01291477 -0.03036779 0.00399995
v 0.01291477 -0.03036779 0.00399995
v 0.01034981 -0.02975112 0.00399995
v 0.01188594 -0.02917134 0.00399995
v 0.01291477 -0.03036779 0.00399995
v 0.01188594 -0.02917134 0.00399995
v 0.01448082 -0.02965301 0.00399995
v 0.01448082 -0.02965301 0.00399995
v 0.01188594 -0.02917134 0.00399995
v 0.01338952 -0.02851241 0.00399995
v 0.01448082 -0.02965301 0.00399995
v 0.01338952 -0.02851241 0.00399995
v 0.01600760 -0.02885735 0.00399995
v 0.01600760 -0.02885735 0.00399995
v 0.01338952 -0.02851241 0.00399995
v 0.01485705 -0.02777618 0.00399995
v 0.01600760 -0.02885735 0.00399995
v 0.01485705 -0.02777618 0.00399995
v 0.01749068 -0.02798336 0.00399995
v 0.01749068 -0.02798336 0.00399995
v 0.01485705 -0.02777618 0.00399995
v 0.01628392 -0.02696430 0.00399995
v 0.01749068 -0.02798336 0.00399995
v 0.01628392 -0.02696430 0.00399995
v 0.01892614 -0.02703315 0.00399995
v 0.01892614 -0.02703315 0.00399995
v 0.01628392 -0.02696430 0.00399995
v 0.01766687 -0.02607917 0.00399995
v 0.01892614 -0.02703315 0.00399995
v 0.01766687 -0.02607917 0.00399995
v 0.02031016 -0.02600950 0.00399995
v 0.02031016 -0.02600950 0.00399995
v 0.01766687 -0.02607917 0.00399995
v 0.01900166 -0.02512329 0.00399995
v 0.02031016 -0.02600950 0.00399995
v 0.01900166 -0.02512329 0.00399995
v 0.02163887 -0.02491492 0.00399995
v 0.02163887 -0.02491492 0.00399995
v 0.01900166 -0.02512329 0.00399995
v 0.02028483 -0.02409923 0.00399995
v 0.02163887 -0.02491492 0.00399995
v 0.02028483 -0.02409923 0.00399995
v 0.02290856 -0.02375257 0.00399995
v 0.02290856 -0.02375257 0.00399995
v 0.02028483 -0.02409923 0.00399995
v 0.02151286 -0.02300953 0.00399995
v 0.02290856 -0.02375257 0.00399995
v 0.02151286 -0.02300953 0.00399995
v 0.02411603 -0.02252560 0.00399995
v 0.02411603 -0.02252560 0.00399995
v 0.02151286 -0.02300953 0.00399995
v 0.02268242 -0.02185750 0.00399995
v 0.02411603 -0.02252560 0.00399995
v 0.02268242 -0.02185750 0.00399995
v 0.02525806 -0.02123743 0.00399995
v 0.02525806 -0.02123743 0.00399995
v 0.02268242 -0.02185750 0.00399995
v 0.02379041 -0.02064603 0.00399995
v 0.02525806 -0.02123743 0.00399995
v 0.02379041 -0.02064603 0.00399995
v 0.02633118 -0.01989138 0.00399995
v 0.02633118 -0.01989138 0.00399995
v 0.02379041 -0.02064603 0.00399995
v 0.02483379 -0.01937842 0.00399995
v 0.02633118 -0.01989138 0.00399995
v 0.02483379 -0.01937842 0.00399995
v 0.02733266 -0.01849108 0.00399995
v 0.02733266 -0.01849108 0.00399995
v 0.02483379 -0.01937842 0.00399995
v 0.02580982 -0.01805824 0.00399995
v 0.02733266 -0.01849108 0.00399995
v 0.02580982 -0.01805824 0.00399995
v 0.02825975 -0.01704061 0.00399995
v 0.02825975 -0.01704061 0.00399995
v 0.02580982 -0.01805824 0.00399995
v 0.02671563 -0.01668894 0.00399995
v 0.02825975 -0.01704061 0.00399995
v 0.02671563 -0.01668894 0.00399995
v 0.02910995 -0.01554369 0.00399995
v 0.02910995 -0.01554369 0.00399995
v 0.02671563 -0.01668894 0.00399995
v 0.02754878 -0.01527422 0.00399995
v 0.02910995 -0.01554369 0.00399995
v 0.02754878 -0.01527422 0.00399995
v 0.02988088 -0.01400452 0.00399995
v 0.02988088 -0.01400452 0.00399995
v 0.02754878 -0.01527422 0.00399995
v 0.02830719 -0.01381826 0.00399995
v 0.02988088 -0.01400452 0.00399995
v 0.02830719 -0.01381826 0.00399995
v 0.03057044 -0.01242733 0.00399995
v 0.03057044 -0.01242733 0.00399995
v 0.02830719 -0.01381826 0.00399995
v 0.02898871 -0.01232457 0.00399995
v 0.03057044 -0.01242733 0.00399995
v 0.02898871 -0.01232457 0.00399995
v 0.03117704 -0.01081609 0.00399995
v 0.03117704 -0.01081609 0.00399995
v 0.02898871 -0.01232457 0.00399995
v 0.02959156 -0.01079750 0.00399995
v 0.03117704 -0.01081609 0.00399995
v 0.02959156 -0.01079750 0.00399995
v 0.03169864 -0.00917566 0.00399995
v 0.03169864 -0.00917566 0.00399995
v 0.02959156 -0.01079750 0.00399995
v 0.03011399 -0.00924104 0.00399995
v 0.03169864 -0.00917566 0.00399995
v 0.03011399 -0.00924104 0.00399995
v 0.03213387 -0.00751018 0.00399995
v 0.03213387 -0.00751018 0.00399995
v 0.03011399 -0.00924104 0.00399995
v 0.03055453 -0.00765943 0.00399995
v 0.03213387 -0.00751018 0.00399995
v 0.03055453 -0.00765943 0.00399995
v 0.03248184 -0.00582421 0.00399995
v 0.03248184 -0.00582421 0.00399995
v 0.03055453 -0.00765943 0.00399995
v 0.03091210 -0.00605714 0.00399995
v 0.03248184 -0.00582421 0.00399995
v 0.03091210 -0.00605714 0.00399995
v 0.03274136 -0.00412238 0.00399995
v 0.03274136 -0.00412238 0.00399995
v 0.03091210 -0.00605714 0.00399995
v 0.03118574 -0.00443828 0.00399995
v 0.03274136 -0.00412238 0.00399995
v 0.03118574 -0.00443828 0.00399995
v 0.03291177 -0.00240928 0.00399995
v 0.03291177 -0.00240928 0.00399995
v 0.03118574 -0.00443828 0.00399995
v 0.03137463 -0.00280732 0.00399995
v 0.03291177 -0.00240928 0.00399995
v 0.03137463 -0.00280732 0.00399995
v 0.03299278 -0.00068984 0.00399995
v 0.03299278 -0.00068984 0.00399995
v 0.03137463 -0.00280732 0.00399995
v 0.03147816 -0.00116885 0.00399995
v 0.03299278 -0.00068984 0.00399995
v 0.03147816 -0.00116885 0.00399995
v 0.03295230 0.00189185 0.00399995
v 0.03295230 0.00189185 0.00399995
v 0.03147816 -0.00116885 0.00399995
v 0.03149640 0.00047271 0.00399995
v 0.03295230 0.00189185 0.00399995
v 0.03149640 0.00047271 0.00399995
v 0.03142899 0.00211304 0.00399995
v 0.03295230 0.00189185 0.00399995
v 0.03142899 0.00211304 0.00399995
v 0.03269702 0.00446135 0.00399995
v 0.03269702 0.00446135 0.00399995
v 0.03142899 0.00211304 0.00399995
v 0.03127610 0.00374764 0.00399995
v 0.03269702 0.00446135 0.00399995
v 0.03127610 0.00374764 0.00399995
v 0.03241986 0.00616044 0.00399983
v 0.03241986 0.00616044 0.00399983
v 0.03127610 0.00374764 0.00399995
v 0.03103846 0.00537211 0.00399983
v 0.03241986 0.00616044 0.00399983
v 0.03103846 0.00537211 0.00399983
v 0.03205448 0.00784266 0.00399983
v 0.03205448 0.00784266 0.00399983
v 0.03103846 0.00537211 0.00399983
v 0.03071630 0.00698203 0.00399983
v 0.03205448 0.00784266 0.00399983
v 0.03071630 0.00698203 0.00399983
v 0.03160190 0.00950360 0.00399983
v 0.03160190 0.00950360 0.00399983
v 0.03071630 0.00698203 0.00399983
v 0.03031080 0.00857294 0.00399983
v 0.03160190 0.00950360 0.00399983
v 0.03031080 0.00857294 0.00399983
v 0.03106319 0.01113849 0.00399983
v 0.03106319 0.01113849 0.00399983
v 0.03031080 0.00857294 0.00399983
v 0.02982306 0.01014047 0.00399983
v 0.03106319 0.01113849 0.00399983
v 0.02982306 0.01014047 0.00399983
v 0.03044015 0.01274335 0.00399983
v 0.03044015 0.01274335 0.00399983
v 0.02982306 0.01014047 0.00399983
v 0.02925413 0.01168066 0.00399983
v 0.03044015 0.01274335 0.00399983
v 0.02925413 0.01168066 0.00399983
v 0.02973419 0.01431334 0.00399983
v 0.02973419 0.01431334 0.00399983
v 0.02925413 0.01168066 0.00399983
v 0.02860581 0.01318889 0.00399983
v 0.02973419 0.01431334 0.00399983
v 0.02860581 0.01318889 0.00399983
v 0.02894735 0.01584452 0.00399983
v 0.02894735 0.01584452 0.00399983
v 0.02860581 0.01318889 0.00399983
v 0.02787989 0.01466149 0.00399983
v 0.02894735 0.01584452 0.00399983
v 0.02787989 0.01466149 0.00399983
v 0.02808165 0.01733255 0.00399983
v 0.02808165 0.01733255 0.00399983
v 0.02787989 0.01466149 0.00399983
v 0.02707809 0.01609408 0.00399983
v 0.02808165 0.01733255 0.00399983
v 0.02707809 0.01609408 0.00399983
v 0.02713960 0.01877325 0.00399983
v 0.02713960 0.01877325 0.00399983
v 0.02707809 0.01609408 0.00399983
v 0.02620267 0.01748317 0.00399983
v 0.02713960 0.01877325 0.00399983
v 0.02620267 0.01748317 0.00399983
v 0.02612370 0.02016299 0.00399983
v 0.02612370 0.02016299 0.00399983
v 0.02620267 0.01748317 0.00399983
v 0.02525627 0.01882451 0.00399983
v 0.02612370 0.02016299 0.00399983
v 0.02525627 0.01882451 0.00399983
v 0.02503669 0.02149796 0.00399983
v 0.02503669 0.02149796 0.00399983
v 0.02525627 0.01882451 0.00399983
v 0.02424108 0.02011483 0.00399983
v 0.02503669 0.02149796 0.00399983
v 0.02424108 0.02011483 0.00399983
v 0.02388149 0.02277421 0.00399983
v 0.02388149 0.02277421 0.00399983
v 0.02424108 0.02011483 0.00399983
v 0.02316009 0.02135068 0.00399983
v 0.02388149 0.02277421 0.00399983
v 0.02316009 0.02135068 0.00399983
v 0.02266126 0.02398872 0.00399983
v 0.02266126 0.02398872 0.00399983
v 0.02316009 0.02135068 0.00399983
v 0.02201622 0.02252835 0.00399983
v 0.02266126 0.02398872 0.00399983
v 0.02201622 0.02252835 0.00399983
v 0.02137959 0.02513784 0.00399983
v 0.02137959 0.02513784 0.00399983
v 0.02201622 0.02252835 0.00399983
v 0.02081269 0.02364486 0.00399983
v 0.02137959 0.02513784 0.00399983
v 0.02081269 0.02364486 0.00399983
v 0.02003949 0.02621853 0.00399983
v 0.02003949 0.02621853 0.00399983
v 0.02081269 0.02364486 0.00399983
v 0.01955235 0.02469712 0.00399983
v 0.02003949 0.02621853 0.00399983
v 0.01955235 0.02469712 0.00399983
v 0.01864498 0.02722775 0.00399983
v 0.01864498 0.02722775 0.00399983
v 0.01955235 0.02469712 0.00399983
v 0.01823914 0.02568233 0.00399983
v 0.01864498 0.02722775 0.00399983
v 0.01823914 0.02568233 0.00399983
v 0.01719981 0.02816319 0.00399983
v 0.01719981 0.02816319 0.00399983
v 0.01823914 0.02568233 0.00399983
v 0.01687628 0.02659761 0.00399983
v 0.01719981 0.02816319 0.00399983
v 0.01687628 0.02659761 0.00399983
v 0.01570779 0.02902168 0.00399983
v 0.01570779 0.02902168 0.00399983
v 0.01687628 0.02659761 0.00399983
v 0.01546752 0.02744090 0.00399983
v 0.01570779 0.02902168 0.00399983
v 0.01546752 0.02744090 0.00399983
v 0.01417297 0.02980130 0.00399983
v 0.01417297 0.02980130 0.00399983
v 0.01546752 0.02744090 0.00399983
v 0.01401668 0.02820938 0.00399983
v 0.01417297 0.02980130 0.00399983
v 0.01401668 0.02820938 0.00399983
v 0.01259946 0.03049999 0.00399983
v 0.01259946 0.03049999 0.00399983
v 0.01401668 0.02820938 0.00399983
v 0.01252800 0.02890139 0.00399983
v 0.01259946 0.03049999 0.00399983
v 0.01252800 0.02890139 0.00399983
v 0.01100516 0.02951484 0.00399983
v 0.03299862 -0.00133073 0.07493019
v 0.03298765 0.01918399 0.06189525
v 0.03299999 0.02108013 0.06437957
v 0.03298765 0.01918399 0.06189525
v 0.03299862 -0.00133073 0.07493019
v 0.03299576 0.01890707 0.00999993
v 0.03299576 0.01890707 0.00999993
v 0.03299862 -0.00133073 0.07493019
v 0.03299856 -0.00060565 0.01399987
v 0.03299576 0.01890707 0.00999993
v 0.03299856 -0.00060565 0.01399987
v 0.03299778 0.00070415 0.00999999
v 0.03299999 0.02108013 0.06437957
v 0.03299999 0.02302098 0.06698638
v 0.03299862 -0.00133073 0.07493019
v 0.03299862 -0.00133073 0.07493019
v 0.03299999 0.02302098 0.06698638
v 0.03299999 0.02639323 0.07174903
v 0.03299862 -0.00133073 0.07493019
v 0.03299999 0.02639323 0.07174903
v 0.03300118 0.02849864 0.07492309
v 0.03299278 -0.00068984 0.00399995
v 0.03295230 0.00189185 0.00399995
v 0.03299778 0.00070415 0.00999999
v 0.03299778 0.00070415 0.00999999
v 0.03295230 0.00189185 0.00399995
v 0.03288519 0.00275016 0.00999999
v 0.03288519 0.00275016 0.00999999
v 0.03295230 0.00189185 0.00399995
v 0.03269702 0.00446135 0.00399995
v 0.03288519 0.00275016 0.00999999
v 0.03269702 0.00446135 0.00399995
v 0.03269702 0.00446135 0.00999999
v 0.03269702 0.00446135 0.00999999
v 0.03269702 0.00446135 0.00399995
v 0.03241986 0.00616044 0.00399983
v 0.03269702 0.00446135 0.00999999
v 0.03241986 0.00616044 0.00399983
v 0.03241986 0.00616044 0.00999999
v 0.03241986 0.00616044 0.00999999
v 0.03241986 0.00616044 0.00399983
v 0.03205448 0.00784266 0.00399983
v 0.03241986 0.00616044 0.00999999
v 0.03205448 0.00784266 0.00399983
v 0.03205448 0.00784266 0.00999999
v 0.03205448 0.00784266 0.00999999
v 0.03205448 0.00784266 0.00399983
v 0.03160190 0.00950360 0.00399983
v 0.03205448 0.00784266 0.00999999
v 0.03160190 0.00950360 0.00399983
v 0.03160190 0.00950360 0.00999999
v 0.03160190 0.00950360 0.00999999
v 0.03160190 0.00950360 0.00399983
v 0.03106319 0.01113849 0.00399983
v 0.03160190 0.00950360 0.00999999
v 0.03106319 0.01113849 0.00399983
v 0.03106319 0.01113849 0.00999993
v 0.03106319 0.01113849 0.00999993
v 0.03106319 0.01113849 0.00399983
v 0.03044015 0.01274335 0.00399983
v 0.03106319 0.01113849 0.00999993
v 0.03044015 0.01274335 0.00399983
v 0.03044015 0.01274335 0.00999993
v 0.03044015 0.01274335 0.00999993
v 0.03044015 0.01274335 0.00399983
v 0.02973419 0.01431334 0.00399983
v 0.03044015 0.01274335 0.00999993
v 0.02973419 0.01431334 0.00399983
v 0.02973419 0.01431334 0.00999993
v 0.02973419 0.01431334 0.00999993
v 0.02973419 0.01431334 0.00399983
v 0.02894735 0.01584452 0.00399983
v 0.02973419 0.01431334 0.00999993
v 0.02894735 0.01584452 0.00399983
v 0.02894735 0.01584452 0.00999993
v 0.02894735 0.01584452 0.00999993
v 0.02894735 0.01584452 0.00399983
v 0.02808165 0.01733255 0.00399983
v 0.02894735 0.01584452 0.00999993
v 0.02808165 0.01733255 0.00399983
v 0.02808165 0.01733255 0.00999993
v 0.02808165 0.01733255 0.00999993
v 0.02808165 0.01733255 0.00399983
v 0.02713960 0.01877325 0.00399983
v 0.02808165 0.01733255 0.00999993
v 0.02713960 0.01877325 0.00399983
v 0.02713960 0.01877325 0.00999993
v 0.02713960 0.01877325 0.00999993
v 0.02713960 0.01877325 0.00399983
v 0.02612370 0.02016299 0.00399983
v 0.02713960 0.01877325 0.00999993
v 0.02612370 0.02016299 0.00399983
v 0.02612370 0.02016299 0.00999993
v 0.02612370 0.02016299 0.00999993
v 0.02612370 0.02016299 0.00399983
v 0.02503669 0.02149796 0.00399983
v 0.02612370 0.02016299 0.00999993
v 0.02503669 0.02149796 0.00399983
v 0.02503669 0.02149796 0.00999993
v 0.02503669 0.02149796 0.00999993
v 0.02503669 0.02149796 0.00399983
v 0.02388149 0.02277421 0.00399983
v 0.02503669 0.02149796 0.00999993
v 0.02388149 0.02277421 0.00399983
v 0.02388149 0.02277421 0.00999993
v 0.02388149 0.02277421 0.00999993
v 0.02388149 0.02277421 0.00399983
v 0.02266126 0.02398872 0.00399983
v 0.02388149 0.02277421 0.00999993
v 0.02266126 0.02398872 0.00399983
v 0.02266126 0.02398872 0.00999993
v 0.02266126 0.02398872 0.00999993
v 0.02266126 0.02398872 0.00399983
v 0.02137959 0.02513784 0.00399983
v 0.02266126 0.02398872 0.00999993
v 0.02137959 0.02513784 0.00399983
v 0.02137959 0.02513784 0.00999993
v 0.02137959 0.02513784 0.00999993
v 0.02137959 0.02513784 0.00399983
v 0.02003949 0.02621853 0.00399983
v 0.02137959 0.02513784 0.00999993
v 0.02003949 0.02621853 0.00399983
v 0.02003949 0.02621853 0.00999993
v 0.02003949 0.02621853 0.00999993
v 0.02003949 0.02621853 0.00399983
v 0.01864498 0.02722775 0.00399983
v 0.02003949 0.02621853 0.00999993
v 0.01864498 0.02722775 0.00399983
v 0.01864498 0.02722775 0.00999993
v 0.01864498 0.02722775 0.00999993
v 0.01864498 0.02722775 0.00399983
v 0.01719981 0.02816319 0.00399983
v 0.01864498 0.02722775 0.00999993
v 0.01719981 0.02816319 0.00399983
v 0.01719981 0.02816319 0.00999993
v 0.01719981 0.02816319 0.00999993
v 0.01719981 0.02816319 0.00399983
v 0.01570779 0.02902168 0.00399983
v 0.01719981 0.02816319 0.00999993
v 0.01570779 0.02902168 0.00399983
v 0.01570779 0.02902168 0.00999993
v 0.01570779 0.02902168 0.00999993
v 0.01570779 0.02902168 0.00399983
v 0.01417297 0.02980130 0.00399983
v 0.01570779 0.02902168 0.00999993
v 0.01417297 0.02980130 0.00399983
v 0.01417297 0.02980130 0.00999993
v 0.01417297 0.02980130 0.00999993
v 0.01417297 0.02980130 0.00399983
v 0.01259946 0.03049999 0.00399983
v 0.01417297 0.02980130 0.00999993
v 0.01259946 0.03049999 0.00399983
v 0.01259946 0.03049999 0.00999993
v 0.03299778 0.00070415 0.00999999
v 0.03299856 -0.00060565 0.01399987
v 0.03299278 -0.00068984 0.00399995
v 0.03299278 -0.00068984 0.00399995
v 0.03299856 -0.00060565 0.01399987
v 0.03291177 -0.00240928 0.01399987
v 0.03299278 -0.00068984 0.00399995
v 0.03291177 -0.00240928 0.01399987
v 0.03291177 -0.00240928 0.00399995
v 0.03291177 -0.00240928 0.00399995
v 0.03291177 -0.00240928 0.01399987
v 0.03274136 -0.00412226 0.01399987
v 0.03291177 -0.00240928 0.00399995
v 0.03274136 -0.00412226 0.01399987
v 0.03274136 -0.00412238 0.00399995
v 0.03274136 -0.00412238 0.00399995
v 0.03274136 -0.00412226 0.01399987
v 0.03248184 -0.00582409 0.01399987
v 0.03274136 -0.00412238 0.00399995
v 0.03248184 -0.00582409 0.01399987
v 0.03248184 -0.00582421 0.00399995
v 0.03248184 -0.00582421 0.00399995
v 0.03248184 -0.00582409 0.01399987
v 0.03213387 -0.00751007 0.01399987
v 0.03248184 -0.00582421 0.00399995
v 0.03213387 -0.00751007 0.01399987
v 0.03213387 -0.00751018 0.00399995
v 0.03213387 -0.00751018 0.00399995
v 0.03213387 -0.00751007 0.01399987
v 0.03169864 -0.00917560 0.01399987
v 0.03213387 -0.00751018 0.00399995
v 0.03169864 -0.00917560 0.01399987
v 0.03169864 -0.00917566 0.00399995
v 0.03169864 -0.00917566 0.00399995
v 0.03169864 -0.00917560 0.01399987
v 0.03117704 -0.01081609 0.01399987
v 0.03169864 -0.00917566 0.00399995
v 0.03117704 -0.01081609 0.01399987
v 0.03117704 -0.01081609 0.00399995
v 0.03117704 -0.01081609 0.00399995
v 0.03117704 -0.01081609 0.01399987
v 0.03057044 -0.01242733 0.01399987
v 0.03117704 -0.01081609 0.00399995
v 0.03057044 -0.01242733 0.01399987
v 0.03057044 -0.01242733 0.00399995
v 0.03057044 -0.01242733 0.00399995
v 0.03057044 -0.01242733 0.01399987
v 0.02988088 -0.01400452 0.01399987
v 0.03057044 -0.01242733 0.00399995
v 0.02988088 -0.01400452 0.01399987
v 0.02988088 -0.01400452 0.00399995
v 0.02988088 -0.01400452 0.00399995
v 0.02988088 -0.01400452 0.01399987
v 0.02910995 -0.01554369 0.01399987
v 0.02988088 -0.01400452 0.00399995
v 0.02910995 -0.01554369 0.01399987
v 0.02910995 -0.01554369 0.00399995
v 0.02910995 -0.01554369 0.00399995
v 0.02910995 -0.01554369 0.01399987
v 0.02825975 -0.01704061 0.01399987
v 0.02910995 -0.01554369 0.00399995
v 0.02825975 -0.01704061 0.01399987
v 0.02825975 -0.01704061 0.00399995
v 0.02825975 -0.01704061 0.00399995
v 0.02825975 -0.01704061 0.01399987
v 0.02733266 -0.01849108 0.01399987
v 0.02825975 -0.01704061 0.00399995
v 0.02733266 -0.01849108 0.01399987
v 0.02733266 -0.01849108 0.00399995
v 0.02733266 -0.01849108 0.00399995
v 0.02733266 -0.01849108 0.01399987
v 0.02633118 -0.01989138 0.01399987
v 0.02733266 -0.01849108 0.00399995
v 0.02633118 -0.01989138 0.01399987
v 0.02633118 -0.01989138 0.00399995
v 0.02633118 -0.01989138 0.00399995
v 0.02633118 -0.01989138 0.01399987
v 0.02525806 -0.02123743 0.01399987
v 0.02633118 -0.01989138 0.00399995
v 0.02525806 -0.02123743 0.01399987
v 0.02525806 -0.02123743 0.00399995
v 0.02525806 -0.02123743 0.00399995
v 0.02525806 -0.02123743 0.01399987
v 0.02411603 -0.02252560 0.01399987
v 0.02525806 -0.02123743 0.00399995
v 0.02411603 -0.02252560 0.01399987
v 0.02411603 -0.02252560 0.00399995
v 0.02411603 -0.02252560 0.00399995
v 0.02411603 -0.02252560 0.01399987
v 0.02290856 -0.02375257 0.01399987
v 0.02411603 -0.02252560 0.00399995
v 0.02290856 -0.02375257 0.01399987
v 0.02290856 -0.02375257 0.00399995
v 0.02290856 -0.02375257 0.00399995
v 0.02290856 -0.02375257 0.01399987
v 0.02163887 -0.02491492 0.01399987
v 0.02290856 -0.02375257 0.00399995
v 0.02163887 -0.02491492 0.01399987
v 0.02163887 -0.02491492 0.00399995
v 0.02163887 -0.02491492 0.00399995
v 0.02163887 -0.02491492 0.01399987
v 0.02031016 -0.02600950 0.01399987
v 0.02163887 -0.02491492 0.00399995
v 0.02031016 -0.02600950 0.01399987
v 0.02031016 -0.02600950 0.00399995
v 0.02031016 -0.02600950 0.00399995
v 0.02031016 -0.02600950 0.01399987
v 0.01892614 -0.02703315 0.01399987
v 0.02031016 -0.02600950 0.00399995
v 0.01892614 -0.02703315 0.01399987
v 0.01892614 -0.02703315 0.00399995
v 0.01892614 -0.02703315 0.00399995
v 0.01892614 -0.02703315 0.01399987
v 0.01749068 -0.02798336 0.01399987
v 0.01892614 -0.02703315 0.00399995
v 0.01749068 -0.02798336 0.01399987
v 0.01749068 -0.02798336 0.00399995
v 0.01749068 -0.02798336 0.00399995
v 0.01749068 -0.02798336 0.01399987
v 0.01600760 -0.02885735 0.01399987
v 0.01749068 -0.02798336 0.00399995
v 0.01600760 -0.02885735 0.01399987
v 0.01600760 -0.02885735 0.00399995
v 0.01600760 -0.02885735 0.00399995
v 0.01600760 -0.02885735 0.01399987
v 0.01448082 -0.02965301 0.01399987
v 0.01600760 -0.02885735 0.00399995
v 0.01448082 -0.02965301 0.01399987
v 0.01448082 -0.02965301 0.00399995
v 0.01448082 -0.02965301 0.00399995
v 0.01448082 -0.02965301 0.01399987
v 0.01291477 -0.03036779 0.01399987
v 0.01448082 -0.02965301 0.00399995
v 0.01291477 -0.03036779 0.01399987
v 0.01291477 -0.03036779 0.00399995
v 0.01291477 -0.03036779 0.00399995
v 0.01291477 -0.03036779 0.01399987
v 0.01131355 -0.03099983 0.01399987
v 0.01291477 -0.03036779 0.00399995
v 0.01131355 -0.03099983 0.01399987
v 0.01131355 -0.03099983 0.00399995
v 0.01417297 0.02980130 0.00999993
v 0.01259946 0.03049999 0.00999993
v 0.02180135 0.03048050 0.00999993
v 0.03288519 0.00275016 0.00999999
v 0.03299576 0.01890707 0.00999993
v 0.03299778 0.00070415 0.00999999
v 0.03288519 0.00275016 0.00999999
v 0.03269702 0.00446135 0.00999999
v 0.03299576 0.01890707 0.00999993
v 0.03299576 0.01890707 0.00999993
v 0.03269702 0.00446135 0.00999999
v 0.03241986 0.00616044 0.00999999
v 0.03299576 0.01890707 0.00999993
v 0.03241986 0.00616044 0.00999999
v 0.03205448 0.00784266 0.00999999
v 0.03205448 0.00784266 0.00999999
v 0.03160190 0.00950360 0.00999999
v 0.03299576 0.01890707 0.00999993
v 0.03299576 0.01890707 0.00999993
v 0.03160190 0.00950360 0.00999999
v 0.03106319 0.01113849 0.00999993
v 0.03299576 0.01890707 0.00999993
v 0.03106319 0.01113849 0.00999993
v 0.03044015 0.01274335 0.00999993
v 0.03286975 0.02032423 0.00999993
v 0.02808165 0.01733255 0.00999993
v 0.02713960 0.01877325 0.00999993
v 0.03286975 0.02032423 0.00999993
v 0.02713960 0.01877325 0.00999993
v 0.03252047 0.02187335 0.00999993
v 0.01864498 0.02722775 0.00999993
v 0.01719981 0.02816319 0.00999993
v 0.02180135 0.03048050 0.00999993
v 0.02180135 0.03048050 0.00999993
v 0.01719981 0.02816319 0.00999993
v 0.01570779 0.02902168 0.00999993
v 0.02180135 0.03048050 0.00999993
v 0.01570779 0.02902168 0.00999993
v 0.01417297 0.02980130 0.00999993
v 0.03044015 0.01274335 0.00999993
v 0.02973419 0.01431334 0.00999993
v 0.03299576 0.01890707 0.00999993
v 0.03299576 0.01890707 0.00999993
v 0.02973419 0.01431334 0.00999993
v 0.02894735 0.01584452 0.00999993
v 0.03299576 0.01890707 0.00999993
v 0.02894735 0.01584452 0.00999993
v 0.02808165 0.01733255 0.00999993
v 0.03299576 0.01890707 0.00999993
v 0.02808165 0.01733255 0.00999993
v 0.03286975 0.02032423 0.00999993
v 0.02612370 0.02016299 0.00999993
v 0.03199011 0.02334427 0.00999993
v 0.02713960 0.01877325 0.00999993
v 0.02713960 0.01877325 0.00999993
v 0.03199011 0.02334427 0.00999993
v 0.03252047 0.02187335 0.00999993
v 0.02503669 0.02149796 0.00999993
v 0.03053522 0.02579224 0.00999993
v 0.03125727 0.02473670 0.00999993
v 0.02503669 0.02149796 0.00999993
v 0.03125727 0.02473670 0.00999993
v 0.02612370 0.02016299 0.00999993
v 0.02612370 0.02016299 0.00999993
v 0.03125727 0.02473670 0.00999993
v 0.03199011 0.02334427 0.00999993
v 0.02388149 0.02277421 0.00999993
v 0.02952915 0.02695566 0.00999993
v 0.02503669 0.02149796 0.00999993
v 0.02503669 0.02149796 0.00999993
v 0.02952915 0.02695566 0.00999993
v 0.03053522 0.02579224 0.00999993
v 0.02388149 0.02277421 0.00999993
v 0.02753549 0.02856403 0.00999993
v 0.02834510 0.02799457 0.00999993
v 0.02753549 0.02856403 0.00999993
v 0.02388149 0.02277421 0.00999993
v 0.02669036 0.02906918 0.00999993
v 0.02669036 0.02906918 0.00999993
v 0.02388149 0.02277421 0.00999993
v 0.02266126 0.02398872 0.00999993
v 0.02388149 0.02277421 0.00999993
v 0.02834510 0.02799457 0.00999993
v 0.02952915 0.02695566 0.00999993
v 0.02464693 0.02994251 0.00999993
v 0.02137959 0.02513784 0.00999993
v 0.02318441 0.03030318 0.00999993
v 0.02318441 0.03030318 0.00999993
v 0.02137959 0.02513784 0.00999993
v 0.02003949 0.02621853 0.00999993
v 0.02318441 0.03030318 0.00999993
v 0.02003949 0.02621853 0.00999993
v 0.02180135 0.03048050 0.00999993
v 0.02137959 0.02513784 0.00999993
v 0.02464693 0.02994251 0.00999993
v 0.02266126 0.02398872 0.00999993
v 0.02266126 0.02398872 0.00999993
v 0.02464693 0.02994251 0.00999993
v 0.02588081 0.02946251 0.00999993
v 0.02266126 0.02398872 0.00999993
v 0.02588081 0.02946251 0.00999993
v 0.02669036 0.02906918 0.00999993
v 0.01864498 0.02722775 0.00999993
v 0.02180135 0.03048050 0.00999993
v 0.02003949 0.02621853 0.00999993
v 0.03298765 0.01918399 0.06189525
v 0.03299576 0.01890707 0.00999993
v 0.03286975 0.02032423 0.00999993
v 0.03298765 0.01918399 0.06189525
v 0.03286975 0.02032423 0.00999993
v 0.03281271 0.02064681 0.06364876
v 0.03281271 0.02064681 0.06364876
v 0.03286975 0.02032423 0.00999993
v 0.03252047 0.02187335 0.00999993
v 0.03281271 0.02064681 0.06364876
v 0.03252047 0.02187335 0.00999993
v 0.03248620 0.02199143 0.06514048
v 0.03248620 0.02199143 0.06514048
v 0.03252047 0.02187335 0.00999993
v 0.03199011 0.02334427 0.00999993
v 0.03248620 0.02199143 0.06514048
v 0.03199011 0.02334427 0.00999993
v 0.03205442 0.02318072 0.06634372
v 0.03205442 0.02318072 0.06634372
v 0.03199011 0.02334427 0.00999993
v 0.03156024 0.02420479 0.06727516
v 0.03156024 0.02420479 0.06727516
v 0.03199011 0.02334427 0.00999993
v 0.03125727 0.02473670 0.00999993
v 0.03125727 0.02473670 0.00999993
v 0.03107374 0.02502489 0.06794059
v 0.03156024 0.02420479 0.06727516
v 0.03053522 0.02579224 0.00999993
v 0.03044873 0.02590435 0.06856131
v 0.03107374 0.02502489 0.06794059
v 0.03053522 0.02579224 0.00999993
v 0.03107374 0.02502489 0.06794059
v 0.03125727 0.02473670 0.00999993
v 0.03044873 0.02590435 0.06856131
v 0.03053522 0.02579224 0.00999993
v 0.02952915 0.02695566 0.00999993
v 0.03044873 0.02590435 0.06856131
v 0.02952915 0.02695566 0.00999993
v 0.02946048 0.02702558 0.06918269
v 0.02946048 0.02702558 0.06918269
v 0.02952915 0.02695566 0.00999993
v 0.02834510 0.02799457 0.00999993
v 0.02946048 0.02702558 0.06918269
v 0.02834510 0.02799457 0.00999993
v 0.02828556 0.02804261 0.06950747
v 0.02828556 0.02804261 0.06950747
v 0.02834510 0.02799457 0.00999993
v 0.02753549 0.02856403 0.00999993
v 0.02828556 0.02804261 0.06950747
v 0.02753549 0.02856403 0.00999993
v 0.02731311 0.02870887 0.06955885
v 0.02731311 0.02870887 0.06955885
v 0.02753549 0.02856403 0.00999993
v 0.02669036 0.02906918 0.00999993
v 0.02731311 0.02870887 0.06955885
v 0.02669036 0.02906918 0.00999993
v 0.02621304 0.02931576 0.06944817
v 0.02588081 0.02946251 0.00999993
v 0.02621304 0.02931576 0.06944817
v 0.02669036 0.02906918 0.00999993
v 0.02464693 0.02994251 0.00999993
v 0.02476245 0.02990633 0.06907767
v 0.02588081 0.02946251 0.00999993
v 0.02588081 0.02946251 0.00999993
v 0.02476245 0.02990633 0.06907767
v 0.02621304 0.02931576 0.06944817
v 0.02476245 0.02990633 0.06907767
v 0.02464693 0.02994251 0.00999993
v 0.02345579 0.03024846 0.06856536
v 0.02345579 0.03024846 0.06856536
v 0.02464693 0.02994251 0.00999993
v 0.02318441 0.03030318 0.00999993
v 0.02345579 0.03024846 0.06856536
v 0.02318441 0.03030318 0.00999993
v 0.02244812 0.03041642 0.06809002
v 0.02244812 0.03041642 0.06809002
v 0.02318441 0.03030318 0.00999993
v 0.02180135 0.03048050 0.00999993
v 0.02244812 0.03041642 0.06809002
v 0.02180135 0.03048050 0.00999993
v 0.02136039 0.03049796 0.06749945
v 0.02351605 0.03049999 0.06891447
v 0.02345579 0.03024846 0.06856536
v 0.02244812 0.03041642 0.06809002
v 0.02351605 0.03049999 0.06891447
v 0.02244812 0.03041642 0.06809002
v 0.02136039 0.03049796 0.06749945
v 0.02523589 0.03049999 0.07018667
v 0.02476245 0.02990633 0.06907767
v 0.02351605 0.03049999 0.06891447
v 0.02351605 0.03049999 0.06891447
v 0.02476245 0.02990633 0.06907767
v 0.02345579 0.03024846 0.06856536
v 0.02688688 0.03049999 0.07154691
v 0.02828556 0.02804261 0.06950747
v 0.02731311 0.02870887 0.06955885
v 0.02731311 0.02870887 0.06955885
v 0.02621304 0.02931576 0.06944817
v 0.02688688 0.03049999 0.07154691
v 0.02688688 0.03049999 0.07154691
v 0.02621304 0.02931576 0.06944817
v 0.02523589 0.03049999 0.07018667
v 0.02523589 0.03049999 0.07018667
v 0.02621304 0.02931576 0.06944817
v 0.02476245 0.02990633 0.06907767
v 0.03205442 0.02318072 0.06634372
v 0.03299999 0.02302098 0.06698638
v 0.03248620 0.02199143 0.06514048
v 0.03299999 0.02108013 0.06437957
v 0.03248620 0.02199143 0.06514048
v 0.03299999 0.02302098 0.06698638
v 0.03299999 0.02302098 0.06698638
v 0.03205442 0.02318072 0.06634372
v 0.03156024 0.02420479 0.06727516
v 0.03156024 0.02420479 0.06727516
v 0.03107374 0.02502489 0.06794059
v 0.03299999 0.02302098 0.06698638
v 0.03107374 0.02502489 0.06794059
v 0.03044873 0.02590435 0.06856131
v 0.02846467 0.03049999 0.07299137
v 0.03044873 0.02590435 0.06856131
v 0.02946048 0.02702558 0.06918269
v 0.02846467 0.03049999 0.07299137
v 0.02846467 0.03049999 0.07299137
v 0.02946048 0.02702558 0.06918269
v 0.02688688 0.03049999 0.07154691
v 0.02688688 0.03049999 0.07154691
v 0.02946048 0.02702558 0.06918269
v 0.02828556 0.02804261 0.06950747
v 0.03299999 0.02108013 0.06437957
v 0.03298765 0.01918399 0.06189525
v 0.03281271 0.02064681 0.06364876
v 0.03299999 0.02108013 0.06437957
v 0.03281271 0.02064681 0.06364876
v 0.03248620 0.02199143 0.06514048
v 0.03107374 0.02502489 0.06794059
v 0.02846467 0.03049999 0.07299137
v 0.03299999 0.02302098 0.06698638
v 0.03299999 0.02302098 0.06698638
v 0.02846467 0.03049999 0.07299137
v 0.02996504 0.03049999 0.07451611
v 0.03299999 0.02302098 0.06698638
v 0.02996504 0.03049999 0.07451611
v 0.03299999 0.02639323 0.07174903
v 0.03299999 0.02639323 0.07174903
v 0.02996504 0.03049999 0.07451611
v 0.03201758 0.03049999 0.07686698
v 0.03299999 0.02639323 0.07174903
v 0.03201758 0.03049999 0.07686698
v 0.03300118 0.02849864 0.07492309
v 0.03300118 0.02849864 0.07492309
v 0.03201758 0.03049999 0.07686698
v 0.03458750 0.02850031 0.07694673
v 0.03458750 0.02850031 0.07694673
v 0.03201758 0.03049999 0.07686698
v 0.03453552 0.03049999 0.08037698
v 0.03458750 0.02850031 0.07694673
v 0.03453552 0.03049999 0.08037698
v 0.03587508 0.02850031 0.07878828
v 0.03587508 0.02850031 0.07878828
v 0.03453552 0.03049999 0.08037698
v 0.03706455 0.02850031 0.08069431
v 0.03706455 0.02850031 0.08069431
v 0.03453552 0.03049999 0.08037698
v 0.03665328 0.03049999 0.08409696
v 0.03706455 0.02850031 0.08069431
v 0.03665328 0.03049999 0.08409696
v 0.03815299 0.02850031 0.08266019
v 0.03815299 0.02850031 0.08266019
v 0.03665328 0.03049999 0.08409696
v 0.03913724 0.02850025 0.08468008
v 0.03913724 0.02850025 0.08468008
v 0.03665328 0.03049999 0.08409696
v 0.03837180 0.03049999 0.08801746
v 0.03913724 0.02850025 0.08468008
v 0.03837180 0.03049999 0.08801746
v 0.04001450 0.02850025 0.08674842
v 0.04001450 0.02850025 0.08674842
v 0.03837180 0.03049999 0.08801746
v 0.04078263 0.02850025 0.08885979
v 0.04078263 0.02850025 0.08885979
v 0.03837180 0.03049999 0.08801746
v 0.03967213 0.03049999 0.09209567
v 0.04078263 0.02850025 0.08885979
v 0.03967213 0.03049999 0.09209567
v 0.04143941 0.02850025 0.09100866
v 0.04143941 0.02850025 0.09100866
v 0.03967213 0.03049999 0.09209567
v 0.04198288 0.02850025 0.09318840
v 0.04198288 0.02850025 0.09318840
v 0.03967213 0.03049999 0.09209567
v 0.04054051 0.03049999 0.09628719
v 0.04198288 0.02850025 0.09318840
v 0.04054051 0.03049999 0.09628719
v 0.04241210 0.02850025 0.09539389
v 0.04241210 0.02850025 0.09539389
v 0.04054051 0.03049999 0.09628719
v 0.04272532 0.02850019 0.09761840
v 0.04272532 0.02850019 0.09761840
v 0.04054051 0.03049999 0.09628719
v 0.04096734 0.03049999 0.10054630
v 0.04272532 0.02850019 0.09761840
v 0.04096734 0.03049999 0.10054630
v 0.04292196 0.02850019 0.09985643
v 0.04292196 0.02850019 0.09985643
v 0.04096734 0.03049999 0.10054630
v 0.04300147 0.02850019 0.10210170
v 0.04300147 0.02850019 0.10210170
v 0.04096734 0.03049999 0.10054630
v 0.04094785 0.03049999 0.10482690
v 0.04300147 0.02850019 0.10210170
v 0.04094785 0.03049999 0.10482690
v 0.04296362 0.02850019 0.10434780
v 0.04296362 0.02850019 0.10434780
v 0.04094785 0.03049999 0.10482690
v 0.04280853 0.02850019 0.10658890
v 0.04280853 0.02850019 0.10658890
v 0.04094785 0.03049999 0.10482690
v 0.04048228 0.03049999 0.10908210
v 0.04280853 0.02850019 0.10658890
v 0.04048228 0.03049999 0.10908210
v 0.04253643 0.02850019 0.10881900
v 0.04253643 0.02850019 0.10881900
v 0.04048228 0.03049999 0.10908210
v 0.04214859 0.02850013 0.11103150
v 0.04214859 0.02850013 0.11103150
v 0.04048228 0.03049999 0.10908210
v 0.03957581 0.03049999 0.11326550
v 0.04214859 0.02850013 0.11103150
v 0.03957581 0.03049999 0.11326550
v 0.04164552 0.02850013 0.11322080
v 0.04164552 0.02850013 0.11322080
v 0.03957581 0.03049999 0.11326550
v 0.04102885 0.02850013 0.11538080
v 0.04102885 0.02850013 0.11538080
v 0.03957581 0.03049999 0.11326550
v 0.03823810 0.03049999 0.11733170
v 0.04102885 0.02850013 0.11538080
v 0.03823810 0.03049999 0.11733170
v 0.04030025 0.02850013 0.11750590
v 0.04030025 0.02850013 0.11750590
v 0.03823810 0.03049999 0.11733170
v 0.03946185 0.02850013 0.11958970
v 0.03946185 0.02850013 0.11958970
v 0.03823810 0.03049999 0.11733170
v 0.03648406 0.03049999 0.12123640
v 0.03946185 0.02850013 0.11958970
v 0.03648406 0.03049999 0.12123640
v 0.03851556 0.02850013 0.12162690
v 0.03851556 0.02850013 0.12162690
v 0.03648406 0.03049999 0.12123640
v 0.03746438 0.02850008 0.12361190
v 0.03746438 0.02850008 0.12361190
v 0.03648406 0.03049999 0.12123640
v 0.03433257 0.03049999 0.12493690
v 0.03746438 0.02850008 0.12361190
v 0.03433257 0.03049999 0.12493690
v 0.03631103 0.02850008 0.12553930
v 0.03631103 0.02850008 0.12553930
v 0.03433257 0.03049999 0.12493690
v 0.03505831 0.02850008 0.12740390
v 0.03505831 0.02850008 0.12740390
v 0.03433257 0.03049999 0.12493690
v 0.03180706 0.03049999 0.12839310
v 0.03505831 0.02850008 0.12740390
v 0.03180706 0.03049999 0.12839310
v 0.03371042 0.02850008 0.12920029
v 0.03371042 0.02850008 0.12920029
v 0.03180706 0.03049999 0.12839310
v 0.03227066 0.02850008 0.13092350
v 0.03227066 0.02850008 0.13092350
v 0.03180706 0.03049999 0.12839310
v 0.02893513 0.03049999 0.13156711
v 0.03227066 0.02850008 0.13092350
v 0.02893513 0.03049999 0.13156711
v 0.03074264 0.02850008 0.13256981
v 0.03074264 0.02850008 0.13256981
v 0.02893513 0.03049999 0.13156711
v 0.02913045 0.02850008 0.13413410
v 0.02913045 0.02850008 0.13413410
v 0.02893513 0.03049999 0.13156711
v 0.02574777 0.03049999 0.13442481
v 0.02913045 0.02850008 0.13413410
v 0.02574777 0.03049999 0.13442481
v 0.02743911 0.02850008 0.13561180
v 0.02743911 0.02850008 0.13561180
v 0.02574777 0.03049999 0.13442481
v 0.02567321 0.02850008 0.13699910
v 0.02567321 0.02850008 0.13699910
v 0.02574777 0.03049999 0.13442481
v 0.02228027 0.03049999 0.13693450
v 0.02567321 0.02850008 0.13699910
v 0.02228027 0.03049999 0.13693450
v 0.02383685 0.02850008 0.13829260
v 0.02383685 0.02850008 0.13829260
v 0.02228027 0.03049999 0.13693450
v 0.02193564 0.02850008 0.13948830
v 0.02193564 0.02850008 0.13948830
v 0.02228027 0.03049999 0.13693450
v 0.01856994 0.03049999 0.13906910
v 0.02193564 0.02850008 0.13948830
v 0.01856994 0.03049999 0.13906910
v 0.01997542 0.02850008 0.14058270
v 0.01997542 0.02850008 0.14058270
v 0.01856994 0.03049999 0.13906910
v 0.01796007 0.02850008 0.14157359
v 0.01796007 0.02850008 0.14157359
v 0.01856994 0.03049999 0.13906910
v 0.01465725 0.03049999 0.14080539
v 0.01796007 0.02850008 0.14157359
v 0.01465725 0.03049999 0.14080539
v 0.01589572 0.02850008 0.14245790
v 0.01589572 0.02850008 0.14245790
v 0.01465725 0.03049999 0.14080539
v 0.01378798 0.02850008 0.14323320
v 0.01378798 0.02850008 0.14323320
v 0.01465725 0.03049999 0.14080539
v 0.01058530 0.03049999 0.14212440
v 0.01378798 0.02850008 0.14323320
v 0.01058530 0.03049999 0.14212440
v 0.01164340 0.02850008 0.14389721
v 0.01164340 0.02850008 0.14389721
v 0.01058530 0.03049999 0.14212440
v 0.00946605 0.02850002 0.14444880
v 0.00946605 0.02850002 0.14444880
v 0.01058530 0.03049999 0.14212440
v 0.00639725 0.03049999 0.14301190
v 0.00946605 0.02850002 0.14444880
v 0.00639725 0.03049999 0.14301190
v 0.00726354 0.02850002 0.14488570
v 0.00726354 0.02850002 0.14488570
v 0.00639725 0.03049999 0.14301190
v 0.00504041 0.02850002 0.14520720
v 0.00504041 0.02850002 0.14520720
v 0.00639725 0.03049999 0.14301190
v 0.00214034 0.03049999 0.14345799
v 0.00504041 0.02850002 0.14520720
v 0.00214034 0.03049999 0.14345799
v 0.00280416 0.02850002 0.14541210
v 0.00280416 0.02850002 0.14541210
v 0.00214034 0.03049999 0.14345799
v 0.00056165 0.02850002 0.14550000
v 0.00056165 0.02850002 0.14550000
v 0.00214034 0.03049999 0.14345799
v -0.00212812 0.03049999 0.14345840
v 0.00056165 0.02850002 0.14550000
v -0.00212812 0.03049999 0.14345840
v -0.00164270 0.02850008 0.14547200
v -0.00164270 0.02850008 0.14547200
v -0.00212812 0.03049999 0.14345840
v -0.00384802 0.02850013 0.14533099
v -0.00384802 0.02850013 0.14533099
v -0.00212812 0.03049999 0.14345840
v -0.00636816 0.03049999 0.14301629
v -0.00384802 0.02850013 0.14533099
v -0.00636816 0.03049999 0.14301629
v -0.00606286 0.02850013 0.14507400
v -0.00606286 0.02850013 0.14507400
v -0.00636816 0.03049999 0.14301629
v -0.00826061 0.02850013 0.14470260
v -0.00826061 0.02850013 0.14470260
v -0.00636816 0.03049999 0.14301629
v -0.01054710 0.03049999 0.14213440
v -0.00826061 0.02850013 0.14470260
v -0.01054710 0.03049999 0.14213440
v -0.01043725 0.02850019 0.14421760
v -0.01043725 0.02850019 0.14421760
v -0.01054710 0.03049999 0.14213440
v -0.01258546 0.02850019 0.14362059
v -0.01258546 0.02850019 0.14362059
v -0.01054710 0.03049999 0.14213440
v -0.01461124 0.03049999 0.14082280
v -0.01258546 0.02850019 0.14362059
v -0.01461124 0.03049999 0.14082280
v -0.01469993 0.02850025 0.14291281
v -0.01469993 0.02850025 0.14291281
v -0.01461124 0.03049999 0.14082280
v -0.01677525 0.02850025 0.14209640
v -0.01677525 0.02850025 0.14209640
v -0.01461124 0.03049999 0.14082280
v -0.01851701 0.03049999 0.13909569
v -0.01677525 0.02850025 0.14209640
v -0.01851701 0.03049999 0.13909569
v -0.01880544 0.02850025 0.14117341
v -0.01880544 0.02850025 0.14117341
v -0.01851701 0.03049999 0.13909569
v -0.02078443 0.02850025 0.14014670
v -0.02078443 0.02850025 0.14014670
v -0.01851701 0.03049999 0.13909569
v -0.02222228 0.03049999 0.13697170
v -0.02078443 0.02850025 0.14014670
v -0.02222228 0.03049999 0.13697170
v -0.02270847 0.02850031 0.13901840
v -0.02270847 0.02850031 0.13901840
v -0.02222228 0.03049999 0.13697170
v -0.02457070 0.02850031 0.13779230
v -0.02457070 0.02850031 0.13779230
v -0.02222228 0.03049999 0.13697170
v -0.02568650 0.03049999 0.13447391
v -0.02457070 0.02850031 0.13779230
v -0.02568650 0.03049999 0.13447391
v -0.02636712 0.02850031 0.13647100
v -0.02636712 0.02850031 0.13647100
v -0.02568650 0.03049999 0.13447391
v -0.02809298 0.02850031 0.13505819
v -0.02809298 0.02850031 0.13505819
v -0.02568650 0.03049999 0.13447391
v -0.02887219 0.03049999 0.13162941
v -0.02809298 0.02850031 0.13505819
v -0.02887219 0.03049999 0.13162941
v -0.02974319 0.02850031 0.13355790
v -0.02974319 0.02850031 0.13355790
v -0.02887219 0.03049999 0.13162941
v -0.03131330 0.02850037 0.13197391
v -0.03131330 0.02850037 0.13197391
v -0.02887219 0.03049999 0.13162941
v -0.03174483 0.03049999 0.12846880
v -0.03131330 0.02850037 0.13197391
v -0.03174483 0.03049999 0.12846880
v -0.03279960 0.02850037 0.13031040
v -0.03279960 0.02850037 0.13031040
v -0.03174483 0.03049999 0.12846880
v -0.03419733 0.02850037 0.12857240
v -0.03419733 0.02850037 0.12857240
v -0.03174483 0.03049999 0.12846880
v -0.03427320 0.03049999 0.12502681
v -0.03419733 0.02850037 0.12857240
v -0.03427320 0.03049999 0.12502681
v -0.03550320 0.02850037 0.12676381
v -0.03550320 0.02850037 0.12676381
v -0.03427320 0.03049999 0.12502681
v -0.03671354 0.02850037 0.12489030
v -0.03671354 0.02850037 0.12489030
v -0.03427320 0.03049999 0.12502681
v -0.03643006 0.03049999 0.12134050
v -0.03671354 0.02850037 0.12489030
v -0.03643006 0.03049999 0.12134050
v -0.03782874 0.02850008 0.12295040
v -0.03782874 0.02850008 0.12295040
v -0.03643006 0.03049999 0.12134050
v -0.03883808 0.02850002 0.12096130
v -0.03883808 0.02850002 0.12096130
v -0.03643006 0.03049999 0.12134050
v -0.03819185 0.03049999 0.11744970
v -0.03883808 0.02850002 0.12096130
v -0.03819185 0.03049999 0.11744970
v -0.03974294 0.02850002 0.11892270
v -0.03974294 0.02850002 0.11892270
v -0.03819185 0.03049999 0.11744970
v -0.04054105 0.02850002 0.11683980
v -0.04054105 0.02850002 0.11683980
v -0.03819185 0.03049999 0.11744970
v -0.03953933 0.03049999 0.11339680
v -0.04054105 0.02850002 0.11683980
v -0.03953933 0.03049999 0.11339680
v -0.04122996 0.02850002 0.11471830
v -0.04122996 0.02850002 0.11471830
v -0.03953933 0.03049999 0.11339680
v -0.04180783 0.02850002 0.11256400
v -0.04180783 0.02850002 0.11256400
v -0.03953933 0.03049999 0.11339680
v -0.04045820 0.03049999 0.10922570
v -0.04180783 0.02850002 0.11256400
v -0.04045820 0.03049999 0.10922570
v -0.04227340 0.02850002 0.11038240
v -0.04227340 0.02850002 0.11038240
v -0.04045820 0.03049999 0.10922570
v -0.04262506 0.02850002 0.10817970
v -0.04262506 0.02850002 0.10817970
v -0.04045820 0.03049999 0.10922570
v -0.04093813 0.03049999 0.10498160
v -0.04262506 0.02850002 0.10817970
v -0.04093813 0.03049999 0.10498160
v -0.04286205 0.02850002 0.10596170
v -0.04286205 0.02850002 0.10596170
v -0.04093813 0.03049999 0.10498160
v -0.04298377 0.02850002 0.10373440
v -0.04298377 0.02850002 0.10373440
v -0.04093813 0.03049999 0.10498160
v -0.04097419 0.03049999 0.10071050
v -0.04298377 0.02850002 0.10373440
v -0.04097419 0.03049999 0.10071050
v -0.04298985 0.02850002 0.10150370
v -0.04298985 0.02850002 0.10150370
v -0.04097419 0.03049999 0.10071050
v -0.04288011 0.02850002 0.09927552
v -0.04288011 0.02850002 0.09927552
v -0.04097419 0.03049999 0.10071050
v -0.04056584 0.03049999 0.09645891
v -0.04288011 0.02850002 0.09927552
v -0.04056584 0.03049999 0.09645891
v -0.04265511 0.02850002 0.09705597
v -0.04265511 0.02850002 0.09705597
v -0.04056584 0.03049999 0.09645891
v -0.04231524 0.02850002 0.09485125
v -0.04231524 0.02850002 0.09485125
v -0.04056584 0.03049999 0.09645891
v -0.03971761 0.03049999 0.09227281
v -0.04231524 0.02850002 0.09485125
v -0.03971761 0.03049999 0.09227281
v -0.04186141 0.02850002 0.09266692
v -0.04186141 0.02850002 0.09266692
v -0.03971761 0.03049999 0.09227281
v -0.04129493 0.02850002 0.09050893
v -0.04129493 0.02850002 0.09050893
v -0.03971761 0.03049999 0.09227281
v -0.03873705 0.03049999 0.08906763
v -0.04129493 0.02850002 0.09050893
v -0.03873705 0.03049999 0.08906763
v -0.04061716 0.02850002 0.08838355
v -0.04061716 0.02850002 0.08838355
v -0.03873705 0.03049999 0.08906763
v -0.03765016 0.03049999 0.08623778
v -0.04061716 0.02850002 0.08838355
v -0.03765016 0.03049999 0.08623778
v -0.03982967 0.02849996 0.08629441
v -0.03982967 0.02849996 0.08629441
v -0.03765016 0.03049999 0.08623778
v -0.03893828 0.02849996 0.08425694
v -0.03893828 0.02849996 0.08425694
v -0.03765016 0.03049999 0.08623778
v -0.03616935 0.03049999 0.08319270
v -0.03893828 0.02849996 0.08425694
v -0.03616935 0.03049999 0.08319270
v -0.03793364 0.02849996 0.08225089
v -0.03793364 0.02849996 0.08225089
v -0.03616935 0.03049999 0.08319270
v -0.03683578 0.02850002 0.08031582
v -0.03683578 0.02850002 0.08031582
v -0.03616935 0.03049999 0.08319270
v -0.03511303 0.03049999 0.08133250
v -0.03683578 0.02850002 0.08031582
v -0.03511303 0.03049999 0.08133250
v -0.03563565 0.02850008 0.07843494
v -0.03563565 0.02850008 0.07843494
v -0.03511303 0.03049999 0.08133250
v -0.03336149 0.03049999 0.07864969
v -0.02946346 0.02702242 0.06918066
v -0.03044885 0.02590423 0.06856125
v -0.02846467 0.03049999 0.07299137
v -0.02846467 0.03049999 0.07299137
v -0.03044885 0.02590423 0.06856125
v -0.03108102 0.02501273 0.06793069
v -0.03563565 0.02850008 0.07843494
v -0.03336149 0.03049999 0.07864969
v -0.03433817 0.02850013 0.07661700
v -0.03433817 0.02850013 0.07661700
v -0.03336149 0.03049999 0.07864969
v -0.03082418 0.03049999 0.07544642
v -0.03433817 0.02850013 0.07661700
v -0.03082418 0.03049999 0.07544642
v -0.03299999 0.02849996 0.07493185
v -0.03299999 0.02849996 0.07493185
v -0.03082418 0.03049999 0.07544642
v -0.03299999 0.02639323 0.07174903
v -0.03299999 0.02639323 0.07174903
v -0.03082418 0.03049999 0.07544642
v -0.02846467 0.03049999 0.07299137
v -0.03299999 0.02639323 0.07174903
v -0.02846467 0.03049999 0.07299137
v -0.03300088 0.02191734 0.06548947
v -0.03300088 0.02191734 0.06548947
v -0.02846467 0.03049999 0.07299137
v -0.03108102 0.02501273 0.06793069
v -0.03300088 0.02191734 0.06548947
v -0.03108102 0.02501273 0.06793069
v -0.03153187 0.02425867 0.06732219
v -0.03300088 0.02191734 0.06548947
v -0.03153187 0.02425867 0.06732219
v -0.03205657 0.02317422 0.06633698
v -0.03205657 0.02317422 0.06633698
v -0.03248822 0.02198261 0.06513017
v -0.03300088 0.02191734 0.06548947
v -0.03300088 0.02191734 0.06548947
v -0.03248822 0.02198261 0.06513017
v -0.03284233 0.02049309 0.06347209
v -0.03284233 0.02049309 0.06347209
v -0.03299599 0.01895844 0.06161284
v -0.03300088 0.02191734 0.06548947
v -0.02523589 0.03049999 0.07018667
v -0.02621006 0.02931720 0.06944829
v -0.02688688 0.03049999 0.07154691
v -0.02621006 0.02931720 0.06944829
v -0.02731287 0.02870905 0.06955897
v -0.02688688 0.03049999 0.07154691
v -0.02688688 0.03049999 0.07154691
v -0.02731287 0.02870905 0.06955897
v -0.02828788 0.02804046 0.06950604
v -0.02688688 0.03049999 0.07154691
v -0.02828788 0.02804046 0.06950604
v -0.02846467 0.03049999 0.07299137
v -0.02846467 0.03049999 0.07299137
v -0.02828788 0.02804046 0.06950604
v -0.02946346 0.02702242 0.06918066
v -0.02523589 0.03049999 0.07018667
v -0.02408975 0.03010284 0.06883245
v -0.02519971 0.02974283 0.06920349
v -0.02523589 0.03049999 0.07018667
v -0.02519971 0.02974283 0.06920349
v -0.02621006 0.02931720 0.06944829
v -0.02132982 0.03049963 0.06748241
v -0.02260982 0.03039902 0.06817412
v -0.02351605 0.03049999 0.06891447
v -0.02260982 0.03039902 0.06817412
v -0.02408975 0.03010284 0.06883245
v -0.02351605 0.03049999 0.06891447
v -0.02351605 0.03049999 0.06891447
v -0.02408975 0.03010284 0.06883245
v -0.02523589 0.03049999 0.07018667
v -0.00333345 -0.04480051 0.07475733
v 0.02648395 -0.04480123 0.11134430
v 0.02502125 -0.04480576 0.11520040
v -0.00333345 -0.04480051 0.07475733
v 0.02502125 -0.04480576 0.11520040
v 0.01964884 -0.04480445 0.12245470
v -0.00333345 -0.04480051 0.07475733
v 0.00232232 -0.04480302 0.13035360
v -0.00402021 -0.04480487 0.13024759
v -0.00333345 -0.04480051 0.07475733
v 0.01964884 -0.04480445 0.12245470
v 0.01536613 -0.04480582 0.12597100
v -0.00333345 -0.04480051 0.07475733
v -0.01477581 -0.04480487 0.12634000
v -0.02162760 -0.04480123 0.12018440
v 0.02648395 -0.04480123 0.11134430
v -0.00333345 -0.04480051 0.07475733
v 0.00653082 -0.04480201 0.07533627
v 0.02648395 -0.04480123 0.11134430
v 0.00653082 -0.04480201 0.07533627
v 0.01628947 -0.04480504 0.07967638
v 0.02648395 -0.04480123 0.11134430
v 0.01628947 -0.04480504 0.07967638
v 0.01975244 -0.04480767 0.08254432
v 0.02648395 -0.04480123 0.11134430
v 0.02209502 -0.04480403 0.08527636
v 0.02786982 -0.04480224 0.10493880
v 0.01536613 -0.04480582 0.12597100
v 0.00691742 -0.04480552 0.12966759
v -0.00333345 -0.04480051 0.07475733
v -0.00333345 -0.04480051 0.07475733
v 0.00691742 -0.04480552 0.12966759
v 0.00232232 -0.04480302 0.13035360
v -0.00402021 -0.04480487 0.13024759
v -0.01477581 -0.04480487 0.12634000
v -0.00333345 -0.04480051 0.07475733
v -0.00333345 -0.04480051 0.07475733
v -0.02162760 -0.04480123 0.12018440
v -0.02547532 -0.04480230 0.11413570
v -0.02220565 -0.04480069 0.08551144
v -0.01603335 -0.04480725 0.07943600
v -0.02547532 -0.04480230 0.11413570
v -0.02547532 -0.04480230 0.11413570
v -0.01172965 -0.04480659 0.07699859
v -0.00333345 -0.04480051 0.07475733
v 0.02648395 -0.04480123 0.11134430
v 0.01975244 -0.04480767 0.08254432
v 0.02209502 -0.04480403 0.08527636
v 0.02781713 -0.04480558 0.09873342
v 0.02209502 -0.04480403 0.08527636
v 0.02557229 -0.04480558 0.09095376
v 0.02209502 -0.04480403 0.08527636
v 0.02781713 -0.04480558 0.09873342
v 0.02786982 -0.04480224 0.10493880
v -0.02792274 -0.04480516 0.10494120
v -0.02692782 -0.04480195 0.09506541
v -0.02220565 -0.04480069 0.08551144
v -0.02792274 -0.04480516 0.10494120
v -0.02220565 -0.04480069 0.08551144
v -0.02547532 -0.04480230 0.11413570
v -0.01603335 -0.04480725 0.07943600
v -0.01172965 -0.04480659 0.07699859
v -0.02547532 -0.04480230 0.11413570
v 0.00741321 -0.04579961 0.13261680
v 0.00477356 -0.04579895 0.13313740
v 0.00637162 -0.04556894 0.13245580
v 0.01744562 -0.04579991 0.12813690
v 0.01543605 -0.04579895 0.12939170
v 0.01668351 -0.04556894 0.12818269
v 0.01744562 -0.04579991 0.12813690
v 0.01668351 -0.04556894 0.12818269
v 0.01800489 -0.04556894 0.12727439
v 0.01744562 -0.04579991 0.12813690
v 0.01800489 -0.04556894 0.12727439
v 0.01945281 -0.04579895 0.12664589
v 0.02218610 -0.04579943 0.12416790
v 0.02276217 -0.04556894 0.12298950
v 0.02451395 -0.04579997 0.12149100
v 0.02451395 -0.04579997 0.12149100
v 0.02276217 -0.04556894 0.12298950
v 0.02380347 -0.04556894 0.12177020
v 0.02451395 -0.04579997 0.12149100
v 0.02380347 -0.04556894 0.12177020
v 0.02477926 -0.04556900 0.12049800
v 0.02451395 -0.04579997 0.12149100
v 0.02477926 -0.04556900 0.12049800
v 0.02653753 -0.04579961 0.11855390
v 0.02653753 -0.04579961 0.11855390
v 0.02477926 -0.04556900 0.12049800
v 0.02568727 -0.04556900 0.11917650
v 0.02449798 -0.04579961 0.08347815
v 0.02604705 -0.04579895 0.08567768
v 0.02477443 -0.04556900 0.08449506
v 0.01899105 -0.04579997 0.07798594
v 0.02080553 -0.04579895 0.07950943
v 0.01927018 -0.04556894 0.07869648
v 0.01899105 -0.04579997 0.07798594
v 0.01927018 -0.04556894 0.07869648
v 0.01799798 -0.04556894 0.07772058
v 0.01899105 -0.04579997 0.07798594
v 0.01799798 -0.04556894 0.07772058
v 0.01695287 -0.04579895 0.07653772
v -0.00007809 -0.04579895 0.13350700
v 0.00081178 -0.04543024 0.13286389
v 0.00154483 -0.04579895 0.13346860
v 0.00154483 -0.04579895 0.13346860
v 0.00081178 -0.04543024 0.13286389
v 0.00316358 -0.04579895 0.13334531
v 0.00316358 -0.04579895 0.13334531
v 0.00081178 -0.04543024 0.13286389
v 0.00398129 -0.04543024 0.13261270
v 0.00316358 -0.04579895 0.13334531
v 0.00398129 -0.04543024 0.13261270
v 0.00477356 -0.04579895 0.13313740
v 0.00477356 -0.04579895 0.13313740
v 0.00398129 -0.04543024 0.13261270
v 0.00637162 -0.04556894 0.13245580
v 0.00741321 -0.04579961 0.13261680
v 0.00637162 -0.04556894 0.13245580
v 0.00864279 -0.04543024 0.13161930
v 0.00741321 -0.04579961 0.13261680
v 0.00864279 -0.04543024 0.13161930
v 0.00950742 -0.04579895 0.13201340
v 0.00950742 -0.04579895 0.13201340
v 0.00864279 -0.04543024 0.13161930
v 0.01103919 -0.04579895 0.13147540
v 0.01103919 -0.04579895 0.13147540
v 0.00864279 -0.04543024 0.13161930
v 0.01088768 -0.04543161 0.13084820
v 0.01103919 -0.04579895 0.13147540
v 0.01088768 -0.04543161 0.13084820
v 0.01254040 -0.04579895 0.13085800
v 0.01254040 -0.04579895 0.13085800
v 0.01088768 -0.04543161 0.13084820
v 0.01309162 -0.04543030 0.12990880
v 0.01254040 -0.04579895 0.13085800
v 0.01309162 -0.04543030 0.12990880
v 0.01400727 -0.04579895 0.13016280
v 0.01400727 -0.04579895 0.13016280
v 0.01309162 -0.04543030 0.12990880
v 0.01543605 -0.04579895 0.12939170
v 0.01543605 -0.04579895 0.12939170
v 0.01309162 -0.04543030 0.12990880
v 0.01518809 -0.04543167 0.12879620
v 0.01543605 -0.04579895 0.12939170
v 0.01518809 -0.04543167 0.12879620
v 0.01668351 -0.04556894 0.12818269
v 0.01945281 -0.04579895 0.12664589
v 0.01800489 -0.04556894 0.12727439
v 0.01973944 -0.04543024 0.12558641
v 0.01945281 -0.04579895 0.12664589
v 0.01973944 -0.04543024 0.12558641
v 0.02068978 -0.04579895 0.12559471
v 0.02068978 -0.04579895 0.12559471
v 0.01973944 -0.04543024 0.12558641
v 0.02218610 -0.04579943 0.12416790
v 0.02218610 -0.04579943 0.12416790
v 0.01973944 -0.04543024 0.12558641
v 0.02147650 -0.04543161 0.12396910
v 0.02218610 -0.04579943 0.12416790
v 0.02147650 -0.04543161 0.12396910
v 0.02276217 -0.04556894 0.12298950
v 0.02653753 -0.04579961 0.11855390
v 0.02568727 -0.04556900 0.11917650
v 0.02670168 -0.04543024 0.11697900
v 0.02653753 -0.04579961 0.11855390
v 0.02670168 -0.04543024 0.11697900
v 0.02759206 -0.04579895 0.11664630
v 0.02759206 -0.04579895 0.11664630
v 0.02670168 -0.04543024 0.11697900
v 0.02829462 -0.04579895 0.11518280
v 0.02829462 -0.04579895 0.11518280
v 0.02670168 -0.04543024 0.11697900
v 0.02806890 -0.04543024 0.11410860
v 0.02829462 -0.04579895 0.11518280
v 0.02806890 -0.04543024 0.11410860
v 0.02891945 -0.04579895 0.11368470
v 0.02891945 -0.04579895 0.11368470
v 0.02806890 -0.04543024 0.11410860
v 0.02946519 -0.04579895 0.11215580
v 0.02946519 -0.04579895 0.11215580
v 0.02806890 -0.04543024 0.11410860
v 0.02912867 -0.04543024 0.11111110
v 0.02946519 -0.04579895 0.11215580
v 0.02912867 -0.04543024 0.11111110
v 0.02993029 -0.04579895 0.11060040
v 0.02993029 -0.04579895 0.11060040
v 0.02912867 -0.04543024 0.11111110
v 0.03031319 -0.04579895 0.10902290
v 0.03031319 -0.04579895 0.10902290
v 0.02912867 -0.04543024 0.11111110
v 0.02970463 -0.04543161 0.10880850
v 0.03031319 -0.04579895 0.10902290
v 0.02970463 -0.04543161 0.10880850
v 0.03061306 -0.04579895 0.10742750
v 0.03061306 -0.04579895 0.10742750
v 0.02970463 -0.04543161 0.10880850
v 0.03011715 -0.04543024 0.10644830
v 0.03061306 -0.04579895 0.10742750
v 0.03011715 -0.04543024 0.10644830
v 0.03082895 -0.04579895 0.10581860
v 0.03082895 -0.04579895 0.10581860
v 0.03011715 -0.04543024 0.10644830
v 0.03096044 -0.04579895 0.10420060
v 0.03096044 -0.04579895 0.10420060
v 0.03011715 -0.04543024 0.10644830
v 0.03032577 -0.04543161 0.10408400
v 0.03096044 -0.04579895 0.10420060
v 0.03032577 -0.04543161 0.10408400
v 0.03100699 -0.04579895 0.10257790
v 0.03100699 -0.04579895 0.10257790
v 0.03032577 -0.04543161 0.10408400
v 0.03036385 -0.04543024 0.10168830
v 0.03100699 -0.04579895 0.10257790
v 0.03036385 -0.04543024 0.10168830
v 0.03096896 -0.04579919 0.10095510
v 0.03096896 -0.04579919 0.10095510
v 0.03036385 -0.04543024 0.10168830
v 0.03084528 -0.04579895 0.09933632
v 0.03084528 -0.04579895 0.09933632
v 0.03036385 -0.04543024 0.10168830
v 0.03020024 -0.04543161 0.09932053
v 0.03084528 -0.04579895 0.09933632
v 0.03020024 -0.04543161 0.09932053
v 0.03063744 -0.04579895 0.09772634
v 0.03063744 -0.04579895 0.09772634
v 0.03020024 -0.04543161 0.09932053
v 0.02986305 -0.04543024 0.09694832
v 0.03063744 -0.04579895 0.09772634
v 0.02986305 -0.04543024 0.09694832
v 0.03034549 -0.04579895 0.09612947
v 0.03034549 -0.04579895 0.09612947
v 0.02986305 -0.04543024 0.09694832
v 0.02997064 -0.04579895 0.09455007
v 0.02997064 -0.04579895 0.09455007
v 0.02986305 -0.04543024 0.09694832
v 0.02911931 -0.04543024 0.09385716
v 0.02997064 -0.04579895 0.09455007
v 0.02911931 -0.04543024 0.09385716
v 0.02951335 -0.04579895 0.09299242
v 0.02951335 -0.04579895 0.09299242
v 0.02911931 -0.04543024 0.09385716
v 0.02897530 -0.04579895 0.09146076
v 0.02897530 -0.04579895 0.09146076
v 0.02911931 -0.04543024 0.09385716
v 0.02805632 -0.04543024 0.09086072
v 0.02897530 -0.04579895 0.09146076
v 0.02805632 -0.04543024 0.09086072
v 0.02835798 -0.04579895 0.08995944
v 0.02835798 -0.04579895 0.08995944
v 0.02805632 -0.04543024 0.09086072
v 0.02766281 -0.04579895 0.08849251
v 0.02766281 -0.04579895 0.08849251
v 0.02805632 -0.04543024 0.09086072
v 0.02705496 -0.04543161 0.08870887
v 0.02766281 -0.04579895 0.08849251
v 0.02705496 -0.04543161 0.08870887
v 0.02689164 -0.04579895 0.08706390
v 0.02689164 -0.04579895 0.08706390
v 0.02705496 -0.04543161 0.08870887
v 0.02589017 -0.04543024 0.08661502
v 0.02689164 -0.04579895 0.08706390
v 0.02589017 -0.04543024 0.08661502
v 0.02604705 -0.04579895 0.08567768
v 0.02604705 -0.04579895 0.08567768
v 0.02589017 -0.04543024 0.08661502
v 0.02477443 -0.04556900 0.08449506
v 0.02449798 -0.04579961 0.08347815
v 0.02477443 -0.04556900 0.08449506
v 0.02308636 -0.04543024 0.08276051
v 0.02449798 -0.04579961 0.08347815
v 0.02308636 -0.04543024 0.08276051
v 0.02309477 -0.04579895 0.08181011
v 0.02309477 -0.04579895 0.08181011
v 0.02308636 -0.04543024 0.08276051
v 0.02198028 -0.04579895 0.08062976
v 0.02198028 -0.04579895 0.08062976
v 0.02308636 -0.04543024 0.08276051
v 0.02089661 -0.04543024 0.08045542
v 0.02198028 -0.04579895 0.08062976
v 0.02089661 -0.04543024 0.08045542
v 0.02080553 -0.04579895 0.07950943
v 0.02080553 -0.04579895 0.07950943
v 0.02089661 -0.04543024 0.08045542
v 0.01927018 -0.04556894 0.07869648
v 0.01695287 -0.04579895 0.07653772
v 0.01799798 -0.04556894 0.07772058
v 0.01585674 -0.04543024 0.07659250
v 0.01695287 -0.04579895 0.07653772
v 0.01585674 -0.04543024 0.07659250
v 0.01557081 -0.04579895 0.07568609
v 0.01557081 -0.04579895 0.07568609
v 0.01585674 -0.04543024 0.07659250
v 0.01414608 -0.04579895 0.07490789
v 0.01414608 -0.04579895 0.07490789
v 0.01585674 -0.04543024 0.07659250
v 0.01306170 -0.04543024 0.07507693
v 0.01414608 -0.04579895 0.07490789
v 0.01306170 -0.04543024 0.07507693
v 0.01268273 -0.04579895 0.07420539
v 0.01268273 -0.04579895 0.07420539
v 0.01306170 -0.04543024 0.07507693
v 0.01118463 -0.04579895 0.07358038
v 0.01118463 -0.04579895 0.07358038
v 0.01306170 -0.04543024 0.07507693
v 0.01012367 -0.04543024 0.07386183
v 0.01118463 -0.04579895 0.07358038
v 0.01012367 -0.04543024 0.07386183
v 0.00965577 -0.04579895 0.07303464
v 0.00965577 -0.04579895 0.07303464
v 0.01012367 -0.04543024 0.07386183
v 0.00810045 -0.04579895 0.07256966
v 0.00810045 -0.04579895 0.07256966
v 0.01012367 -0.04543024 0.07386183
v 0.00707465 -0.04543024 0.07296049
v 0.00810045 -0.04579895 0.07256966
v 0.00707465 -0.04543024 0.07296049
v 0.00652283 -0.04579895 0.07218676
v 0.00652283 -0.04579895 0.07218676
v 0.00707465 -0.04543024 0.07296049
v 0.00492746 -0.04579895 0.07188689
v 0.00492746 -0.04579895 0.07188689
v 0.00707465 -0.04543024 0.07296049
v 0.00394815 -0.04543024 0.07238280
v 0.00492746 -0.04579895 0.07188689
v 0.00394815 -0.04543024 0.07238280
v 0.00331855 -0.04579895 0.07167100
v 0.00331855 -0.04579895 0.07167100
v 0.00394815 -0.04543024 0.07238280
v 0.00170040 -0.04579895 0.07153952
v 0.00170040 -0.04579895 0.07153952
v 0.00394815 -0.04543024 0.07238280
v 0.00158405 -0.04543161 0.07217413
v 0.00170040 -0.04579895 0.07153952
v 0.00158405 -0.04543161 0.07217413
v 0.00007787 -0.04579895 0.07149296
v 0.00007787 -0.04579895 0.07149296
v 0.00158405 -0.04543161 0.07217413
v -0.00081179 -0.04543024 0.07213598
v 0.00637162 -0.04556894 0.13245580
v 0.00398129 -0.04543024 0.13261270
v 0.00694495 -0.04524439 0.13165370
v 0.00637162 -0.04556894 0.13245580
v 0.00694495 -0.04524439 0.13165370
v 0.00864279 -0.04543024 0.13161930
v 0.01668351 -0.04556894 0.12818269
v 0.01518809 -0.04543167 0.12879620
v 0.01633793 -0.04524677 0.12762301
v 0.01668351 -0.04556894 0.12818269
v 0.01633793 -0.04524677 0.12762301
v 0.01800489 -0.04556894 0.12727439
v 0.01800489 -0.04556894 0.12727439
v 0.01633793 -0.04524677 0.12762301
v 0.01763027 -0.04524677 0.12673341
v 0.01800489 -0.04556894 0.12727439
v 0.01763027 -0.04524677 0.12673341
v 0.01973944 -0.04543024 0.12558641
v 0.02276217 -0.04556894 0.12298950
v 0.02147650 -0.04543161 0.12396910
v 0.02256464 -0.04522472 0.12215050
v 0.02276217 -0.04556894 0.12298950
v 0.02256464 -0.04522472 0.12215050
v 0.02380347 -0.04556894 0.12177020
v 0.02380347 -0.04556894 0.12177020
v 0.02256464 -0.04522472 0.12215050
v 0.02339780 -0.04530704 0.12143860
v 0.02380347 -0.04556894 0.12177020
v 0.02339780 -0.04530704 0.12143860
v 0.02477926 -0.04556900 0.12049800
v 0.02477926 -0.04556900 0.12049800
v 0.02339780 -0.04530704 0.12143860
v 0.02449518 -0.04522472 0.11968430
v 0.02477926 -0.04556900 0.12049800
v 0.02449518 -0.04522472 0.11968430
v 0.02568727 -0.04556900 0.11917650
v 0.02568727 -0.04556900 0.11917650
v 0.02449518 -0.04522472 0.11968430
v 0.02524930 -0.04530704 0.11888920
v 0.02568727 -0.04556900 0.11917650
v 0.02524930 -0.04530704 0.11888920
v 0.02670168 -0.04543024 0.11697900
v 0.02477443 -0.04556900 0.08449506
v 0.02589017 -0.04543024 0.08661502
v 0.02380841 -0.04524439 0.08429759
v 0.02477443 -0.04556900 0.08449506
v 0.02380841 -0.04524439 0.08429759
v 0.02308636 -0.04543024 0.08276051
v 0.01927018 -0.04556894 0.07869648
v 0.02089661 -0.04543024 0.08045542
v 0.01844257 -0.04522472 0.07893764
v 0.01927018 -0.04556894 0.07869648
v 0.01844257 -0.04522472 0.07893764
v 0.01799798 -0.04556894 0.07772058
v 0.01799798 -0.04556894 0.07772058
v 0.01844257 -0.04522472 0.07893764
v 0.01701831 -0.04524439 0.07783126
v 0.01799798 -0.04556894 0.07772058
v 0.01701831 -0.04524439 0.07783126
v 0.01585674 -0.04543024 0.07659250
v 0.00081178 -0.04543024 0.13286389
v 0.00000849 -0.04519551 0.13233110
v 0.00236273 -0.04519480 0.13224560
v 0.00081178 -0.04543024 0.13286389
v 0.00236273 -0.04519480 0.13224560
v 0.00398129 -0.04543024 0.13261270
v 0.00398129 -0.04543024 0.13261270
v 0.00236273 -0.04519480 0.13224560
v 0.00467509 -0.04519546 0.13196240
v 0.00398129 -0.04543024 0.13261270
v 0.00467509 -0.04519546 0.13196240
v 0.00694495 -0.04524439 0.13165370
v 0.00864279 -0.04543024 0.13161930
v 0.00694495 -0.04524439 0.13165370
v 0.00998098 -0.04519474 0.13062040
v 0.00864279 -0.04543024 0.13161930
v 0.00998098 -0.04519474 0.13062040
v 0.01088768 -0.04543161 0.13084820
v 0.01088768 -0.04543161 0.13084820
v 0.00998098 -0.04519474 0.13062040
v 0.01309162 -0.04543030 0.12990880
v 0.01309162 -0.04543030 0.12990880
v 0.00998098 -0.04519474 0.13062040
v 0.01286554 -0.04519474 0.12942320
v 0.01309162 -0.04543030 0.12990880
v 0.01286554 -0.04519474 0.12942320
v 0.01518809 -0.04543167 0.12879620
v 0.01518809 -0.04543167 0.12879620
v 0.01286554 -0.04519474 0.12942320
v 0.01492279 -0.04519551 0.12833020
v 0.01518809 -0.04543167 0.12879620
v 0.01492279 -0.04519551 0.12833020
v 0.01633793 -0.04524677 0.12762301
v 0.01973944 -0.04543024 0.12558641
v 0.01763027 -0.04524677 0.12673341
v 0.01939547 -0.04519474 0.12517580
v 0.01973944 -0.04543024 0.12558641
v 0.01939547 -0.04519474 0.12517580
v 0.02147650 -0.04543161 0.12396910
v 0.02147650 -0.04543161 0.12396910
v 0.01939547 -0.04519474 0.12517580
v 0.02109956 -0.04519551 0.12358790
v 0.02147650 -0.04543161 0.12396910
v 0.02109956 -0.04519551 0.12358790
v 0.02256464 -0.04522472 0.12215050
v 0.02670168 -0.04543024 0.11697900
v 0.02524930 -0.04530704 0.11888920
v 0.02623349 -0.04519474 0.11671900
v 0.02670168 -0.04543024 0.11697900
v 0.02623349 -0.04519474 0.11671900
v 0.02806890 -0.04543024 0.11410860
v 0.02806890 -0.04543024 0.11410860
v 0.02623349 -0.04519474 0.11671900
v 0.02725547 -0.04519551 0.11462560
v 0.02806890 -0.04543024 0.11410860
v 0.02725547 -0.04519551 0.11462560
v 0.02813488 -0.04519474 0.11244010
v 0.02806890 -0.04543024 0.11410860
v 0.02813488 -0.04519474 0.11244010
v 0.02912867 -0.04543024 0.11111110
v 0.02912867 -0.04543024 0.11111110
v 0.02813488 -0.04519474 0.11244010
v 0.02901977 -0.04519474 0.10944470
v 0.02912867 -0.04543024 0.11111110
v 0.02901977 -0.04519474 0.10944470
v 0.02970463 -0.04543161 0.10880850
v 0.02970463 -0.04543161 0.10880850
v 0.02901977 -0.04519474 0.10944470
v 0.03011715 -0.04543024 0.10644830
v 0.03011715 -0.04543024 0.10644830
v 0.02901977 -0.04519474 0.10944470
v 0.02958673 -0.04519474 0.10637330
v 0.03011715 -0.04543024 0.10644830
v 0.02958673 -0.04519474 0.10637330
v 0.03032577 -0.04543161 0.10408400
v 0.03032577 -0.04543161 0.10408400
v 0.02958673 -0.04519474 0.10637330
v 0.02982950 -0.04519474 0.10325940
v 0.03032577 -0.04543161 0.10408400
v 0.02982950 -0.04519474 0.10325940
v 0.03036385 -0.04543024 0.10168830
v 0.03036385 -0.04543024 0.10168830
v 0.02982950 -0.04519474 0.10325940
v 0.02974539 -0.04519474 0.10013720
v 0.03036385 -0.04543024 0.10168830
v 0.02974539 -0.04519474 0.10013720
v 0.03020024 -0.04543161 0.09932053
v 0.03020024 -0.04543161 0.09932053
v 0.02974539 -0.04519474 0.10013720
v 0.02986305 -0.04543024 0.09694832
v 0.02986305 -0.04543024 0.09694832
v 0.02974539 -0.04519474 0.10013720
v 0.02946233 -0.04519551 0.09782499
v 0.02986305 -0.04543024 0.09694832
v 0.02946233 -0.04519551 0.09782499
v 0.02900964 -0.04519474 0.09551310
v 0.02986305 -0.04543024 0.09694832
v 0.02900964 -0.04519474 0.09551310
v 0.02911931 -0.04543024 0.09385716
v 0.02911931 -0.04543024 0.09385716
v 0.02900964 -0.04519474 0.09551310
v 0.02812027 -0.04519474 0.09251904
v 0.02911931 -0.04543024 0.09385716
v 0.02812027 -0.04519474 0.09251904
v 0.02805632 -0.04543024 0.09086072
v 0.02805632 -0.04543024 0.09086072
v 0.02812027 -0.04519474 0.09251904
v 0.02692306 -0.04519474 0.08963429
v 0.02805632 -0.04543024 0.09086072
v 0.02692306 -0.04519474 0.08963429
v 0.02705496 -0.04543161 0.08870887
v 0.02705496 -0.04543161 0.08870887
v 0.02692306 -0.04519474 0.08963429
v 0.02589017 -0.04543024 0.08661502
v 0.02589017 -0.04543024 0.08661502
v 0.02692306 -0.04519474 0.08963429
v 0.02543061 -0.04519474 0.08689057
v 0.02589017 -0.04543024 0.08661502
v 0.02543061 -0.04519474 0.08689057
v 0.02380841 -0.04524439 0.08429759
v 0.02308636 -0.04543024 0.08276051
v 0.02380841 -0.04524439 0.08429759
v 0.02162975 -0.04519474 0.08194434
v 0.02308636 -0.04543024 0.08276051
v 0.02162975 -0.04519474 0.08194434
v 0.02089661 -0.04543024 0.08045542
v 0.02089661 -0.04543024 0.08045542
v 0.02162975 -0.04519474 0.08194434
v 0.01995462 -0.04519551 0.08032548
v 0.02089661 -0.04543024 0.08045542
v 0.01995462 -0.04519551 0.08032548
v 0.01844257 -0.04522472 0.07893764
v 0.01585674 -0.04543024 0.07659250
v 0.01701831 -0.04524439 0.07783126
v 0.01421886 -0.04519474 0.07626640
v 0.01585674 -0.04543024 0.07659250
v 0.01421886 -0.04519474 0.07626640
v 0.01306170 -0.04543024 0.07507693
v 0.01306170 -0.04543024 0.07507693
v 0.01421886 -0.04519474 0.07626640
v 0.01139897 -0.04519474 0.07492387
v 0.01306170 -0.04543024 0.07507693
v 0.01139897 -0.04519474 0.07492387
v 0.01012367 -0.04543024 0.07386183
v 0.01012367 -0.04543024 0.07386183
v 0.01139897 -0.04519474 0.07492387
v 0.00845397 -0.04519474 0.07388341
v 0.01012367 -0.04543024 0.07386183
v 0.00845397 -0.04519474 0.07388341
v 0.00707465 -0.04543024 0.07296049
v 0.00707465 -0.04543024 0.07296049
v 0.00845397 -0.04519474 0.07388341
v 0.00541639 -0.04519474 0.07315653
v 0.00707465 -0.04543024 0.07296049
v 0.00541639 -0.04519474 0.07315653
v 0.00394815 -0.04543024 0.07238280
v 0.00394815 -0.04543024 0.07238280
v 0.00541639 -0.04519474 0.07315653
v 0.00310957 -0.04519551 0.07283139
v 0.00394815 -0.04543024 0.07238280
v 0.00310957 -0.04519551 0.07283139
v 0.00158405 -0.04543161 0.07217413
v 0.00158405 -0.04543161 0.07217413
v 0.00310957 -0.04519551 0.07283139
v 0.00075943 -0.04519474 0.07267040
v 0.00158405 -0.04543161 0.07217413
v 0.00075943 -0.04519474 0.07267040
v -0.00081179 -0.04543024 0.07213598
v 0.00694495 -0.04524439 0.13165370
v 0.00467509 -0.04519546 0.13196240
v 0.00614941 -0.04505050 0.13126589
v 0.02339780 -0.04530704 0.12143860
v 0.02256464 -0.04522472 0.12215050
v 0.02449518 -0.04522472 0.11968430
v 0.02524930 -0.04530704 0.11888920
v 0.02449518 -0.04522472 0.11968430
v 0.02623349 -0.04519474 0.11671900
v 0.02380841 -0.04524439 0.08429759
v 0.02543061 -0.04519474 0.08689057
v 0.02407598 -0.04503852 0.08565783
v 0.00000849 -0.04519551 0.13233110
v 0.00081156 -0.04497265 0.13163149
v 0.00236273 -0.04519480 0.13224560
v 0.00236273 -0.04519480 0.13224560
v 0.00081156 -0.04497265 0.13163149
v 0.00385302 -0.04501247 0.13152841
v 0.00236273 -0.04519480 0.13224560
v 0.00385302 -0.04501247 0.13152841
v 0.00467509 -0.04519546 0.13196240
v 0.00467509 -0.04519546 0.13196240
v 0.00385302 -0.04501247 0.13152841
v 0.00614941 -0.04505050 0.13126589
v 0.00694495 -0.04524439 0.13165370
v 0.00614941 -0.04505050 0.13126589
v 0.00795794 -0.04496121 0.13048400
v 0.00694495 -0.04524439 0.13165370
v 0.00795794 -0.04496121 0.13048400
v 0.00998098 -0.04519474 0.13062040
v 0.00998098 -0.04519474 0.13062040
v 0.00795794 -0.04496121 0.13048400
v 0.00980431 -0.04501247 0.13009299
v 0.00998098 -0.04519474 0.13062040
v 0.00980431 -0.04501247 0.13009299
v 0.01286554 -0.04519474 0.12942320
v 0.01286554 -0.04519474 0.12942320
v 0.00980431 -0.04501247 0.13009299
v 0.01263487 -0.04501247 0.12891699
v 0.01286554 -0.04519474 0.12942320
v 0.01263487 -0.04501247 0.12891699
v 0.01492279 -0.04519551 0.12833020
v 0.01492279 -0.04519551 0.12833020
v 0.01263487 -0.04501247 0.12891699
v 0.01465094 -0.04501289 0.12784460
v 0.01492279 -0.04519551 0.12833020
v 0.01465094 -0.04501289 0.12784460
v 0.01633793 -0.04524677 0.12762301
v 0.01633793 -0.04524677 0.12762301
v 0.01465094 -0.04501289 0.12784460
v 0.01661181 -0.04501247 0.12661520
v 0.01633793 -0.04524677 0.12762301
v 0.01661181 -0.04501247 0.12661520
v 0.01763027 -0.04524677 0.12673341
v 0.01763027 -0.04524677 0.12673341
v 0.01661181 -0.04501247 0.12661520
v 0.01939547 -0.04519474 0.12517580
v 0.01939547 -0.04519474 0.12517580
v 0.01661181 -0.04501247 0.12661520
v 0.01801294 -0.04496192 0.12535051
v 0.01939547 -0.04519474 0.12517580
v 0.01801294 -0.04496192 0.12535051
v 0.02017956 -0.04501247 0.12371970
v 0.01939547 -0.04519474 0.12517580
v 0.02017956 -0.04501247 0.12371970
v 0.02109956 -0.04519551 0.12358790
v 0.02109956 -0.04519551 0.12358790
v 0.02017956 -0.04501247 0.12371970
v 0.02256464 -0.04522472 0.12215050
v 0.02256464 -0.04522472 0.12215050
v 0.02017956 -0.04501247 0.12371970
v 0.02176570 -0.04501295 0.12207660
v 0.02256464 -0.04522472 0.12215050
v 0.02176570 -0.04501295 0.12207660
v 0.02325063 -0.04501247 0.12030170
v 0.02256464 -0.04522472 0.12215050
v 0.02325063 -0.04501247 0.12030170
v 0.02449518 -0.04522472 0.11968430
v 0.02449518 -0.04522472 0.11968430
v 0.02325063 -0.04501247 0.12030170
v 0.02419251 -0.04496192 0.11866590
v 0.02449518 -0.04522472 0.11968430
v 0.02419251 -0.04496192 0.11866590
v 0.02623349 -0.04519474 0.11671900
v 0.02623349 -0.04519474 0.11671900
v 0.02419251 -0.04496192 0.11866590
v 0.02574932 -0.04501247 0.11644530
v 0.02623349 -0.04519474 0.11671900
v 0.02574932 -0.04501247 0.11644530
v 0.02725547 -0.04519551 0.11462560
v 0.02725547 -0.04519551 0.11462560
v 0.02574932 -0.04501247 0.11644530
v 0.02675575 -0.04496121 0.11392640
v 0.02725547 -0.04519551 0.11462560
v 0.02675575 -0.04496121 0.11392640
v 0.02813488 -0.04519474 0.11244010
v 0.02813488 -0.04519474 0.11244010
v 0.02675575 -0.04496121 0.11392640
v 0.02761369 -0.04501247 0.11224560
v 0.02813488 -0.04519474 0.11244010
v 0.02761369 -0.04501247 0.11224560
v 0.02901977 -0.04519474 0.10944470
v 0.02901977 -0.04519474 0.10944470
v 0.02761369 -0.04501247 0.11224560
v 0.02848124 -0.04501247 0.10930570
v 0.02901977 -0.04519474 0.10944470
v 0.02848124 -0.04501247 0.10930570
v 0.02958673 -0.04519474 0.10637330
v 0.02958673 -0.04519474 0.10637330
v 0.02848124 -0.04501247 0.10930570
v 0.02903658 -0.04501247 0.10629130
v 0.02958673 -0.04519474 0.10637330
v 0.02903658 -0.04501247 0.10629130
v 0.02982950 -0.04519474 0.10325940
v 0.02982950 -0.04519474 0.10325940
v 0.02903658 -0.04501247 0.10629130
v 0.02927374 -0.04501247 0.10323540
v 0.02982950 -0.04519474 0.10325940
v 0.02927374 -0.04501247 0.10323540
v 0.02974539 -0.04519474 0.10013720
v 0.02974539 -0.04519474 0.10013720
v 0.02927374 -0.04501247 0.10323540
v 0.02919036 -0.04501247 0.10017140
v 0.02974539 -0.04519474 0.10013720
v 0.02919036 -0.04501247 0.10017140
v 0.02946233 -0.04519551 0.09782499
v 0.02946233 -0.04519551 0.09782499
v 0.02919036 -0.04501247 0.10017140
v 0.02878695 -0.04501247 0.09713298
v 0.02946233 -0.04519551 0.09782499
v 0.02878695 -0.04501247 0.09713298
v 0.02900964 -0.04519474 0.09551310
v 0.02900964 -0.04519474 0.09551310
v 0.02878695 -0.04501247 0.09713298
v 0.02806830 -0.04501247 0.09415328
v 0.02900964 -0.04519474 0.09551310
v 0.02806830 -0.04501247 0.09415328
v 0.02812027 -0.04519474 0.09251904
v 0.02812027 -0.04519474 0.09251904
v 0.02806830 -0.04501247 0.09415328
v 0.02704209 -0.04501247 0.09126508
v 0.02812027 -0.04519474 0.09251904
v 0.02704209 -0.04501247 0.09126508
v 0.02692306 -0.04519474 0.08963429
v 0.02692306 -0.04519474 0.08963429
v 0.02704209 -0.04501247 0.09126508
v 0.02571958 -0.04501247 0.08849996
v 0.02692306 -0.04519474 0.08963429
v 0.02571958 -0.04501247 0.08849996
v 0.02543061 -0.04519474 0.08689057
v 0.02543061 -0.04519474 0.08689057
v 0.02571958 -0.04501247 0.08849996
v 0.02407598 -0.04503852 0.08565783
v 0.02380841 -0.04524439 0.08429759
v 0.02407598 -0.04503852 0.08565783
v 0.02224665 -0.04501247 0.08345842
v 0.02380841 -0.04524439 0.08429759
v 0.02224665 -0.04501247 0.08345842
v 0.02162975 -0.04519474 0.08194434
v 0.02162975 -0.04519474 0.08194434
v 0.02224665 -0.04501247 0.08345842
v 0.02068895 -0.04501295 0.08178853
v 0.02162975 -0.04519474 0.08194434
v 0.02068895 -0.04501295 0.08178853
v 0.01995462 -0.04519551 0.08032548
v 0.01995462 -0.04519551 0.08032548
v 0.02068895 -0.04501295 0.08178853
v 0.01899415 -0.04501247 0.08021277
v 0.01995462 -0.04519551 0.08032548
v 0.01899415 -0.04501247 0.08021277
v 0.01844257 -0.04522472 0.07893764
v 0.01844257 -0.04522472 0.07893764
v 0.01899415 -0.04501247 0.08021277
v 0.01656037 -0.04501247 0.07834935
v 0.01844257 -0.04522472 0.07893764
v 0.01656037 -0.04501247 0.07834935
v 0.01701831 -0.04524439 0.07783126
v 0.01701831 -0.04524439 0.07783126
v 0.01656037 -0.04501247 0.07834935
v 0.01421886 -0.04519474 0.07626640
v 0.01421886 -0.04519474 0.07626640
v 0.01656037 -0.04501247 0.07834935
v 0.01462346 -0.04501295 0.07713955
v 0.01421886 -0.04519474 0.07626640
v 0.01462346 -0.04501295 0.07713955
v 0.01257842 -0.04501247 0.07605612
v 0.01421886 -0.04519474 0.07626640
v 0.01257842 -0.04501247 0.07605612
v 0.01139897 -0.04519474 0.07492387
v 0.01139897 -0.04519474 0.07492387
v 0.01257842 -0.04501247 0.07605612
v 0.00974554 -0.04501247 0.07488614
v 0.01139897 -0.04519474 0.07492387
v 0.00974554 -0.04501247 0.07488614
v 0.00845397 -0.04519474 0.07388341
v 0.00845397 -0.04519474 0.07388341
v 0.00974554 -0.04501247 0.07488614
v 0.00680566 -0.04501247 0.07401865
v 0.00845397 -0.04519474 0.07388341
v 0.00680566 -0.04501247 0.07401865
v 0.00541639 -0.04519474 0.07315653
v 0.00541639 -0.04519474 0.07315653
v 0.00680566 -0.04501247 0.07401865
v 0.00379121 -0.04501247 0.07346332
v 0.00541639 -0.04519474 0.07315653
v 0.00379121 -0.04501247 0.07346332
v 0.00310957 -0.04519551 0.07283139
v 0.00310957 -0.04519551 0.07283139
v 0.00379121 -0.04501247 0.07346332
v 0.00075943 -0.04519474 0.07267040
v 0.00075943 -0.04519474 0.07267040
v 0.00379121 -0.04501247 0.07346332
v 0.00190377 -0.04496198 0.07346564
v 0.00075943 -0.04519474 0.07267040
v 0.00190377 -0.04496198 0.07346564
v -0.00079769 -0.04501247 0.07322776
v 0.00385302 -0.04501247 0.13152841
v 0.00081156 -0.04497265 0.13163149
v 0.00466442 -0.04489105 0.13087770
v 0.00385302 -0.04501247 0.13152841
v 0.00466442 -0.04489105 0.13087770
v 0.00614941 -0.04505050 0.13126589
v 0.00614941 -0.04505050 0.13126589
v 0.00466442 -0.04489105 0.13087770
v 0.00795794 -0.04496121 0.13048400
v 0.00980431 -0.04501247 0.13009299
v 0.00795794 -0.04496121 0.13048400
v 0.01167756 -0.04488843 0.12876950
v 0.00980431 -0.04501247 0.13009299
v 0.01167756 -0.04488843 0.12876950
v 0.01263487 -0.04501247 0.12891699
v 0.01263487 -0.04501247 0.12891699
v 0.01167756 -0.04488843 0.12876950
v 0.01465094 -0.04501289 0.12784460
v 0.01465094 -0.04501289 0.12784460
v 0.01167756 -0.04488843 0.12876950
v 0.01504772 -0.04488509 0.12695230
v 0.01465094 -0.04501289 0.12784460
v 0.01504772 -0.04488509 0.12695230
v 0.01661181 -0.04501247 0.12661520
v 0.01661181 -0.04501247 0.12661520
v 0.01504772 -0.04488509 0.12695230
v 0.01801294 -0.04496192 0.12535051
v 0.02017956 -0.04501247 0.12371970
v 0.01801294 -0.04496192 0.12535051
v 0.01980280 -0.04488509 0.12328940
v 0.02017956 -0.04501247 0.12371970
v 0.01980280 -0.04488509 0.12328940
v 0.02176570 -0.04501295 0.12207660
v 0.02176570 -0.04501295 0.12207660
v 0.01980280 -0.04488509 0.12328940
v 0.02186751 -0.04488509 0.12110560
v 0.02176570 -0.04501295 0.12207660
v 0.02186751 -0.04488509 0.12110560
v 0.02325063 -0.04501247 0.12030170
v 0.02325063 -0.04501247 0.12030170
v 0.02186751 -0.04488509 0.12110560
v 0.02419251 -0.04496192 0.11866590
v 0.02574932 -0.04501247 0.11644530
v 0.02419251 -0.04496192 0.11866590
v 0.02525800 -0.04488509 0.11615240
v 0.02574932 -0.04501247 0.11644530
v 0.02525800 -0.04488509 0.11615240
v 0.02675575 -0.04496121 0.11392640
v 0.02761369 -0.04501247 0.11224560
v 0.02675575 -0.04496121 0.11392640
v 0.02776420 -0.04488843 0.10995680
v 0.02761369 -0.04501247 0.11224560
v 0.02776420 -0.04488843 0.10995680
v 0.02848124 -0.04501247 0.10930570
v 0.02848124 -0.04501247 0.10930570
v 0.02776420 -0.04488843 0.10995680
v 0.02903658 -0.04501247 0.10629130
v 0.02903658 -0.04501247 0.10629130
v 0.02776420 -0.04488843 0.10995680
v 0.02833652 -0.04485929 0.10612790
v 0.02903658 -0.04501247 0.10629130
v 0.02833652 -0.04485929 0.10612790
v 0.02927374 -0.04501247 0.10323540
v 0.02927374 -0.04501247 0.10323540
v 0.02833652 -0.04485929 0.10612790
v 0.02856040 -0.04485929 0.10314600
v 0.02927374 -0.04501247 0.10323540
v 0.02856040 -0.04485929 0.10314600
v 0.02919036 -0.04501247 0.10017140
v 0.02919036 -0.04501247 0.10017140
v 0.02856040 -0.04485929 0.10314600
v 0.02861875 -0.04488509 0.10019330
v 0.02919036 -0.04501247 0.10017140
v 0.02861875 -0.04488509 0.10019330
v 0.02878695 -0.04501247 0.09713298
v 0.02878695 -0.04501247 0.09713298
v 0.02861875 -0.04488509 0.10019330
v 0.02807062 -0.04485923 0.09719383
v 0.02878695 -0.04501247 0.09713298
v 0.02807062 -0.04485923 0.09719383
v 0.02806830 -0.04501247 0.09415328
v 0.02806830 -0.04501247 0.09415328
v 0.02807062 -0.04485923 0.09719383
v 0.02730298 -0.04489225 0.09343719
v 0.02806830 -0.04501247 0.09415328
v 0.02730298 -0.04489225 0.09343719
v 0.02704209 -0.04501247 0.09126508
v 0.02704209 -0.04501247 0.09126508
v 0.02730298 -0.04489225 0.09343719
v 0.02589130 -0.04488509 0.09009051
v 0.02704209 -0.04501247 0.09126508
v 0.02589130 -0.04488509 0.09009051
v 0.02571958 -0.04501247 0.08849996
v 0.02571958 -0.04501247 0.08849996
v 0.02589130 -0.04488509 0.09009051
v 0.02402693 -0.04489231 0.08667945
v 0.02571958 -0.04501247 0.08849996
v 0.02402693 -0.04489231 0.08667945
v 0.02407598 -0.04503852 0.08565783
v 0.02407598 -0.04503852 0.08565783
v 0.02402693 -0.04489231 0.08667945
v 0.02224665 -0.04501247 0.08345842
v 0.02224665 -0.04501247 0.08345842
v 0.02402693 -0.04489231 0.08667945
v 0.02179718 -0.04488509 0.08381223
v 0.02224665 -0.04501247 0.08345842
v 0.02179718 -0.04488509 0.08381223
v 0.02068895 -0.04501295 0.08178853
v 0.02068895 -0.04501295 0.08178853
v 0.02179718 -0.04488509 0.08381223
v 0.01972430 -0.04488509 0.08163613
v 0.02068895 -0.04501295 0.08178853
v 0.01972430 -0.04488509 0.08163613
v 0.01899415 -0.04501247 0.08021277
v 0.01899415 -0.04501247 0.08021277
v 0.01972430 -0.04488509 0.08163613
v 0.01743555 -0.04488509 0.07968866
v 0.01899415 -0.04501247 0.08021277
v 0.01743555 -0.04488509 0.07968866
v 0.01656037 -0.04501247 0.07834935
v 0.01656037 -0.04501247 0.07834935
v 0.01743555 -0.04488509 0.07968866
v 0.01422590 -0.04489225 0.07749575
v 0.01656037 -0.04501247 0.07834935
v 0.01422590 -0.04489225 0.07749575
v 0.01462346 -0.04501295 0.07713955
v 0.01462346 -0.04501295 0.07713955
v 0.01422590 -0.04489225 0.07749575
v 0.01257842 -0.04501247 0.07605612
v 0.01257842 -0.04501247 0.07605612
v 0.01422590 -0.04489225 0.07749575
v 0.01093739 -0.04488509 0.07595324
v 0.01257842 -0.04501247 0.07605612
v 0.01093739 -0.04488509 0.07595324
v 0.00974554 -0.04501247 0.07488614
v 0.00974554 -0.04501247 0.07488614
v 0.01093739 -0.04488509 0.07595324
v 0.00871992 -0.04484879 0.07537055
v 0.00974554 -0.04501247 0.07488614
v 0.00871992 -0.04484879 0.07537055
v 0.00680566 -0.04501247 0.07401865
v 0.00680566 -0.04501247 0.07401865
v 0.00871992 -0.04484879 0.07537055
v 0.00580281 -0.04489231 0.07432347
v 0.00680566 -0.04501247 0.07401865
v 0.00580281 -0.04489231 0.07432347
v 0.00379121 -0.04501247 0.07346332
v 0.00379121 -0.04501247 0.07346332
v 0.00580281 -0.04489231 0.07432347
v 0.00190377 -0.04496198 0.07346564
v -0.00079769 -0.04501247 0.07322776
v 0.00190377 -0.04496198 0.07346564
v -0.00050974 -0.04487895 0.07383185
v 0.00081156 -0.04497265 0.13163149
v -0.00066138 -0.04484254 0.13091411
v 0.00270748 -0.04483860 0.13077030
v 0.00081156 -0.04497265 0.13163149
v 0.00270748 -0.04483860 0.13077030
v 0.00466442 -0.04489105 0.13087770
v 0.00795794 -0.04496121 0.13048400
v 0.00466442 -0.04489105 0.13087770
v 0.00859493 -0.04484093 0.12958780
v 0.00795794 -0.04496121 0.13048400
v 0.00859493 -0.04484093 0.12958780
v 0.01167756 -0.04488843 0.12876950
v 0.01167756 -0.04488843 0.12876950
v 0.01231050 -0.04484254 0.12811729
v 0.01504772 -0.04488509 0.12695230
v 0.01801294 -0.04496192 0.12535051
v 0.01504772 -0.04488509 0.12695230
v 0.01773136 -0.04484099 0.12470850
v 0.01801294 -0.04496192 0.12535051
v 0.01773136 -0.04484099 0.12470850
v 0.01980280 -0.04488509 0.12328940
v 0.02419251 -0.04496192 0.11866590
v 0.02186751 -0.04488509 0.12110560
v 0.02346992 -0.04484260 0.11852990
v 0.02419251 -0.04496192 0.11866590
v 0.02346992 -0.04484260 0.11852990
v 0.02525800 -0.04488509 0.11615240
v 0.02675575 -0.04496121 0.11392640
v 0.02525800 -0.04488509 0.11615240
v 0.02646017 -0.04484099 0.11286740
v 0.02675575 -0.04496121 0.11392640
v 0.02646017 -0.04484099 0.11286740
v 0.02776420 -0.04488843 0.10995680
v 0.02776420 -0.04488843 0.10995680
v 0.02765566 -0.04484260 0.10905440
v 0.02833652 -0.04485929 0.10612790
v 0.02730298 -0.04489225 0.09343719
v 0.02807062 -0.04485923 0.09719383
v 0.02722764 -0.04484260 0.09434843
v 0.02402693 -0.04489231 0.08667945
v 0.02589130 -0.04488509 0.09009051
v 0.02419006 -0.04484260 0.08757913
v 0.01422590 -0.04489225 0.07749575
v 0.01743555 -0.04488509 0.07968866
v 0.01477950 -0.04484260 0.07822328
v 0.00580281 -0.04489231 0.07432347
v 0.00871992 -0.04484879 0.07537055
v 0.00610042 -0.04484099 0.07474374
v 0.00190377 -0.04496198 0.07346564
v 0.00580281 -0.04489231 0.07432347
v 0.00183034 -0.04482388 0.07427722
v 0.00190377 -0.04496198 0.07346564
v 0.00183034 -0.04482388 0.07427722
v -0.00050974 -0.04487895 0.07383185
v 0.00466442 -0.04489105 0.13087770
v 0.00270748 -0.04483860 0.13077030
v 0.00691742 -0.04480552 0.12966759
v 0.00466442 -0.04489105 0.13087770
v 0.00691742 -0.04480552 0.12966759
v 0.00859493 -0.04484093 0.12958780
v 0.01167756 -0.04488843 0.12876950
v 0.00859493 -0.04484093 0.12958780
v 0.01231050 -0.04484254 0.12811729
v 0.01504772 -0.04488509 0.12695230
v 0.01231050 -0.04484254 0.12811729
v 0.01536613 -0.04480582 0.12597100
v 0.01504772 -0.04488509 0.12695230
v 0.01536613 -0.04480582 0.12597100
v 0.01773136 -0.04484099 0.12470850
v 0.01980280 -0.04488509 0.12328940
v 0.01773136 -0.04484099 0.12470850
v 0.01964884 -0.04480445 0.12245470
v 0.01980280 -0.04488509 0.12328940
v 0.01964884 -0.04480445 0.12245470
v 0.02186751 -0.04488509 0.12110560
v 0.02186751 -0.04488509 0.12110560
v 0.01964884 -0.04480445 0.12245470
v 0.02164030 -0.04481315 0.12046910
v 0.02186751 -0.04488509 0.12110560
v 0.02164030 -0.04481315 0.12046910
v 0.02346992 -0.04484260 0.11852990
v 0.02525800 -0.04488509 0.11615240
v 0.02346992 -0.04484260 0.11852990
v 0.02502125 -0.04480576 0.11520040
v 0.02525800 -0.04488509 0.11615240
v 0.02502125 -0.04480576 0.11520040
v 0.02646017 -0.04484099 0.11286740
v 0.02776420 -0.04488843 0.10995680
v 0.02646017 -0.04484099 0.11286740
v 0.02765566 -0.04484260 0.10905440
v 0.02861875 -0.04488509 0.10019330
v 0.02856040 -0.04485929 0.10314600
v 0.02781713 -0.04480558 0.09873342
v 0.02861875 -0.04488509 0.10019330
v 0.02781713 -0.04480558 0.09873342
v 0.02807062 -0.04485923 0.09719383
v 0.02730298 -0.04489225 0.09343719
v 0.02722764 -0.04484260 0.09434843
v 0.02557229 -0.04480558 0.09095376
v 0.02730298 -0.04489225 0.09343719
v 0.02557229 -0.04480558 0.09095376
v 0.02589130 -0.04488509 0.09009051
v 0.02589130 -0.04488509 0.09009051
v 0.02557229 -0.04480558 0.09095376
v 0.02419006 -0.04484260 0.08757913
v 0.02402693 -0.04489231 0.08667945
v 0.02419006 -0.04484260 0.08757913
v 0.02209502 -0.04480403 0.08527636
v 0.02402693 -0.04489231 0.08667945
v 0.02209502 -0.04480403 0.08527636
v 0.02179718 -0.04488509 0.08381223
v 0.02179718 -0.04488509 0.08381223
v 0.02209502 -0.04480403 0.08527636
v 0.01975244 -0.04480767 0.08254432
v 0.02179718 -0.04488509 0.08381223
v 0.01975244 -0.04480767 0.08254432
v 0.01972430 -0.04488509 0.08163613
v 0.01972430 -0.04488509 0.08163613
v 0.01975244 -0.04480767 0.08254432
v 0.01743555 -0.04488509 0.07968866
v 0.01743555 -0.04488509 0.07968866
v 0.01975244 -0.04480767 0.08254432
v 0.01628947 -0.04480504 0.07967638
v 0.01743555 -0.04488509 0.07968866
v 0.01628947 -0.04480504 0.07967638
v 0.01477950 -0.04484260 0.07822328
v 0.01422590 -0.04489225 0.07749575
v 0.01477950 -0.04484260 0.07822328
v 0.01174676 -0.04481238 0.07695728
v 0.01422590 -0.04489225 0.07749575
v 0.01174676 -0.04481238 0.07695728
v 0.01093739 -0.04488509 0.07595324
v 0.01093739 -0.04488509 0.07595324
v 0.01174676 -0.04481238 0.07695728
v 0.00871992 -0.04484879 0.07537055
v 0.00580281 -0.04489231 0.07432347
v 0.00610042 -0.04484099 0.07474374
v 0.00183034 -0.04482388 0.07427722
v -0.00066138 -0.04484254 0.13091411
v 0.00232232 -0.04480302 0.13035360
v 0.00270748 -0.04483860 0.13077030
v 0.00270748 -0.04483860 0.13077030
v 0.00232232 -0.04480302 0.13035360
v 0.00691742 -0.04480552 0.12966759
v 0.00859493 -0.04484093 0.12958780
v 0.00691742 -0.04480552 0.12966759
v 0.01087701 -0.04480683 0.12832390
v 0.00859493 -0.04484093 0.12958780
v 0.01087701 -0.04480683 0.12832390
v 0.01231050 -0.04484254 0.12811729
v 0.01231050 -0.04484254 0.12811729
v 0.01087701 -0.04480683 0.12832390
v 0.01536613 -0.04480582 0.12597100
v 0.01773136 -0.04484099 0.12470850
v 0.01536613 -0.04480582 0.12597100
v 0.01964884 -0.04480445 0.12245470
v 0.02346992 -0.04484260 0.11852990
v 0.02164030 -0.04481315 0.12046910
v 0.02502125 -0.04480576 0.11520040
v 0.02502125 -0.04480576 0.11520040
v 0.02648395 -0.04480123 0.11134430
v 0.02646017 -0.04484099 0.11286740
v 0.02646017 -0.04484099 0.11286740
v 0.02648395 -0.04480123 0.11134430
v 0.02765566 -0.04484260 0.10905440
v 0.02765566 -0.04484260 0.10905440
v 0.02648395 -0.04480123 0.11134430
v 0.02786982 -0.04480224 0.10493880
v 0.02765566 -0.04484260 0.10905440
v 0.02786982 -0.04480224 0.10493880
v 0.02833652 -0.04485929 0.10612790
v 0.02833652 -0.04485929 0.10612790
v 0.02786982 -0.04480224 0.10493880
v 0.02856040 -0.04485929 0.10314600
v 0.02856040 -0.04485929 0.10314600
v 0.02786982 -0.04480224 0.10493880
v 0.02781713 -0.04480558 0.09873342
v 0.02807062 -0.04485923 0.09719383
v 0.02781713 -0.04480558 0.09873342
v 0.02722764 -0.04484260 0.09434843
v 0.02722764 -0.04484260 0.09434843
v 0.02781713 -0.04480558 0.09873342
v 0.02557229 -0.04480558 0.09095376
v 0.02419006 -0.04484260 0.08757913
v 0.02557229 -0.04480558 0.09095376
v 0.02209502 -0.04480403 0.08527636
v 0.01477950 -0.04484260 0.07822328
v 0.01628947 -0.04480504 0.07967638
v 0.01174676 -0.04481238 0.07695728
v 0.00871992 -0.04484879 0.07537055
v 0.01174676 -0.04481238 0.07695728
v 0.00653082 -0.04480201 0.07533627
v 0.00871992 -0.04484879 0.07537055
v 0.00653082 -0.04480201 0.07533627
v 0.00610042 -0.04484099 0.07474374
v 0.00610042 -0.04484099 0.07474374
v 0.00653082 -0.04480201 0.07533627
v 0.00183034 -0.04482388 0.07427722
v 0.01087701 -0.04480683 0.12832390
v 0.00691742 -0.04480552 0.12966759
v 0.01536613 -0.04480582 0.12597100
v 0.02164030 -0.04481315 0.12046910
v 0.01964884 -0.04480445 0.12245470
v 0.02502125 -0.04480576 0.11520040
v 0.01174676 -0.04481238 0.07695728
v 0.01628947 -0.04480504 0.07967638
v 0.00653082 -0.04480201 0.07533627
v 0.00183034 -0.04482388 0.07427722
v 0.00653082 -0.04480201 0.07533627
v -0.00333345 -0.04480051 0.07475733
v -0.00402021 -0.04480487 0.13024759
v -0.00943065 -0.04481208 0.12898170
v -0.01477581 -0.04480487 0.12634000
v -0.02162760 -0.04480123 0.12018440
v -0.01477581 -0.04480487 0.12634000
v -0.01906502 -0.04481238 0.12316250
v -0.02547532 -0.04480230 0.11413570
v -0.02751630 -0.04481559 0.10850970
v -0.02792274 -0.04480516 0.10494120
v -0.02792274 -0.04480516 0.10494120
v -0.02794730 -0.04480683 0.10046750
v -0.02692782 -0.04480195 0.09506541
v -0.02220565 -0.04480069 0.08551144
v -0.02692782 -0.04480195 0.09506541
v -0.02514433 -0.04481405 0.08985215
v -0.01172965 -0.04480659 0.07699859
v -0.00836176 -0.04481238 0.07565790
v -0.00333345 -0.04480051 0.07475733
v 0.00232232 -0.04480302 0.13035360
v -0.00066138 -0.04484254 0.13091411
v -0.00402021 -0.04480487 0.13024759
v -0.00402021 -0.04480487 0.13024759
v -0.00655419 -0.04484254 0.13015570
v -0.00943065 -0.04481208 0.12898170
v -0.00943065 -0.04481208 0.12898170
v -0.01307648 -0.04484099 0.12773150
v -0.01477581 -0.04480487 0.12634000
v -0.01906502 -0.04481238 0.12316250
v -0.01477581 -0.04480487 0.12634000
v -0.01891857 -0.04484766 0.12378630
v -0.02162760 -0.04480123 0.12018440
v -0.01906502 -0.04481238 0.12316250
v -0.02204507 -0.04484254 0.12046390
v -0.02162760 -0.04480123 0.12018440
v -0.02204507 -0.04484254 0.12046390
v -0.02430462 -0.04485929 0.11751320
v -0.02162760 -0.04480123 0.12018440
v -0.02430462 -0.04485929 0.11751320
v -0.02547532 -0.04480230 0.11413570
v -0.02547532 -0.04480230 0.11413570
v -0.02689510 -0.04485929 0.11213200
v -0.02751630 -0.04481559 0.10850970
v -0.02794730 -0.04480683 0.10046750
v -0.02792274 -0.04480516 0.10494120
v -0.02856040 -0.04485929 0.10185390
v -0.02794730 -0.04480683 0.10046750
v -0.02856040 -0.04485929 0.10185390
v -0.02818930 -0.04484260 0.09887230
v -0.02794730 -0.04480683 0.10046750
v -0.02818930 -0.04484260 0.09887230
v -0.02692782 -0.04480195 0.09506541
v -0.02692782 -0.04480195 0.09506541
v -0.02818930 -0.04484260 0.09887230
v -0.02765566 -0.04484260 0.09594559
v -0.02692782 -0.04480195 0.09506541
v -0.02765566 -0.04484260 0.09594559
v -0.02696305 -0.04485929 0.09305983
v -0.02692782 -0.04480195 0.09506541
v -0.02696305 -0.04485929 0.09305983
v -0.02514433 -0.04481405 0.08985215
v -0.02220565 -0.04480069 0.08551144
v -0.02514433 -0.04481405 0.08985215
v -0.02310699 -0.04484879 0.08582335
v -0.02220565 -0.04480069 0.08551144
v -0.02310699 -0.04484879 0.08582335
v -0.01995575 -0.04484099 0.08226656
v -0.02220565 -0.04480069 0.08551144
v -0.01995575 -0.04484099 0.08226656
v -0.01603335 -0.04480725 0.07943600
v -0.01603335 -0.04480725 0.07943600
v -0.01995575 -0.04484099 0.08226656
v -0.01771581 -0.04485660 0.08010137
v -0.00333345 -0.04480051 0.07475733
v -0.00836176 -0.04481238 0.07565790
v -0.00381815 -0.04483431 0.07438564
v -0.00333345 -0.04480051 0.07475733
v -0.00381815 -0.04483431 0.07438564
v 0.00183034 -0.04482388 0.07427722
v -0.00402021 -0.04480487 0.13024759
v -0.00066138 -0.04484254 0.13091411
v -0.00462401 -0.04488289 0.13083351
v -0.00402021 -0.04480487 0.13024759
v -0.00462401 -0.04488289 0.13083351
v -0.00655419 -0.04484254 0.13015570
v -0.00943065 -0.04481208 0.12898170
v -0.00655419 -0.04484254 0.13015570
v -0.01049602 -0.04487848 0.12919369
v -0.00943065 -0.04481208 0.12898170
v -0.01049602 -0.04487848 0.12919369
v -0.01307648 -0.04484099 0.12773150
v -0.01477581 -0.04480487 0.12634000
v -0.01307648 -0.04484099 0.12773150
v -0.01621758 -0.04488509 0.12619260
v -0.01477581 -0.04480487 0.12634000
v -0.01621758 -0.04488509 0.12619260
v -0.01891857 -0.04484766 0.12378630
v -0.01906502 -0.04481238 0.12316250
v -0.01891857 -0.04484766 0.12378630
v -0.02204507 -0.04484254 0.12046390
v -0.02547532 -0.04480230 0.11413570
v -0.02430462 -0.04485929 0.11751320
v -0.02589130 -0.04488509 0.11490950
v -0.02547532 -0.04480230 0.11413570
v -0.02589130 -0.04488509 0.11490950
v -0.02689510 -0.04485929 0.11213200
v -0.02751630 -0.04481559 0.10850970
v -0.02689510 -0.04485929 0.11213200
v -0.02791285 -0.04489105 0.10936260
v -0.02751630 -0.04481559 0.10850970
v -0.02791285 -0.04489105 0.10936260
v -0.02837562 -0.04488289 0.10685780
v -0.02751630 -0.04481559 0.10850970
v -0.02837562 -0.04488289 0.10685780
v -0.02792274 -0.04480516 0.10494120
v -0.02792274 -0.04480516 0.10494120
v -0.02837562 -0.04488289 0.10685780
v -0.02860218 -0.04487895 0.10450940
v -0.02792274 -0.04480516 0.10494120
v -0.02860218 -0.04487895 0.10450940
v -0.02856040 -0.04485929 0.10185390
v -0.02514433 -0.04481405 0.08985215
v -0.02696305 -0.04485929 0.09305983
v -0.02593785 -0.04488509 0.09018814
v -0.02514433 -0.04481405 0.08985215
v -0.02593785 -0.04488509 0.09018814
v -0.02450889 -0.04488509 0.08754438
v -0.02514433 -0.04481405 0.08985215
v -0.02450889 -0.04488509 0.08754438
v -0.02310699 -0.04484879 0.08582335
v -0.02310699 -0.04484879 0.08582335
v -0.02186757 -0.04488509 0.08389449
v -0.01995575 -0.04484099 0.08226656
v -0.01603335 -0.04480725 0.07943600
v -0.01771581 -0.04485660 0.08010137
v -0.01441615 -0.04488492 0.07765227
v -0.01603335 -0.04480725 0.07943600
v -0.01441615 -0.04488492 0.07765227
v -0.01172965 -0.04480659 0.07699859
v -0.01172965 -0.04480659 0.07699859
v -0.01441615 -0.04488492 0.07765227
v -0.01103729 -0.04488509 0.07599467
v -0.01172965 -0.04480659 0.07699859
v -0.01103729 -0.04488509 0.07599467
v -0.00836176 -0.04481238 0.07565790
v -0.00836176 -0.04481238 0.07565790
v -0.01103729 -0.04488509 0.07599467
v -0.00820649 -0.04488509 0.07498621
v -0.00836176 -0.04481238 0.07565790
v -0.00820649 -0.04488509 0.07498621
v -0.00381815 -0.04483431 0.07438564
v -0.00381815 -0.04483431 0.07438564
v -0.00820649 -0.04488509 0.07498621
v -0.00539225 -0.04489105 0.07426619
v -0.00381815 -0.04483431 0.07438564
v -0.00050974 -0.04487895 0.07383185
v 0.00183034 -0.04482388 0.07427722
v -0.00066138 -0.04484254 0.13091411
v 0.00081156 -0.04497265 0.13163149
v -0.00190395 -0.04496192 0.13153429
v -0.00066138 -0.04484254 0.13091411
v -0.00190395 -0.04496192 0.13153429
v -0.00462401 -0.04488289 0.13083351
v -0.00655419 -0.04484254 0.13015570
v -0.00462401 -0.04488289 0.13083351
v -0.00789869 -0.04496192 0.13050410
v -0.00655419 -0.04484254 0.13015570
v -0.00789869 -0.04496192 0.13050410
v -0.01049602 -0.04487848 0.12919369
v -0.01307648 -0.04484099 0.12773150
v -0.01049602 -0.04487848 0.12919369
v -0.01416057 -0.04496121 0.12791491
v -0.01307648 -0.04484099 0.12773150
v -0.01416057 -0.04496121 0.12791491
v -0.01621758 -0.04488509 0.12619260
v -0.01891857 -0.04484766 0.12378630
v -0.01621758 -0.04488509 0.12619260
v -0.01860612 -0.04496192 0.12487030
v -0.01891857 -0.04484766 0.12378630
v -0.01860612 -0.04496192 0.12487030
v -0.02090716 -0.04491335 0.12238570
v -0.01891857 -0.04484766 0.12378630
v -0.02090716 -0.04491335 0.12238570
v -0.02204507 -0.04484254 0.12046390
v -0.02204507 -0.04484254 0.12046390
v -0.02090716 -0.04491335 0.12238570
v -0.02287131 -0.04491335 0.12009140
v -0.02204507 -0.04484254 0.12046390
v -0.02287131 -0.04491335 0.12009140
v -0.02430462 -0.04485929 0.11751320
v -0.02818930 -0.04484260 0.09887230
v -0.02856040 -0.04485929 0.10185390
v -0.02889490 -0.04496192 0.09907925
v -0.02818930 -0.04484260 0.09887230
v -0.02889490 -0.04496192 0.09907925
v -0.02765566 -0.04484260 0.09594559
v -0.02765566 -0.04484260 0.09594559
v -0.02889490 -0.04496192 0.09907925
v -0.02821373 -0.04496121 0.09539973
v -0.02765566 -0.04484260 0.09594559
v -0.02821373 -0.04496121 0.09539973
v -0.02696305 -0.04485929 0.09305983
v -0.01995575 -0.04484099 0.08226656
v -0.02186757 -0.04488509 0.08389449
v -0.02030277 -0.04496192 0.08165735
v -0.01995575 -0.04484099 0.08226656
v -0.02030277 -0.04496192 0.08165735
v -0.01771581 -0.04485660 0.08010137
v -0.00381815 -0.04483431 0.07438564
v -0.00539225 -0.04489105 0.07426619
v -0.00266164 -0.04496192 0.07352524
v -0.00381815 -0.04483431 0.07438564
v -0.00266164 -0.04496192 0.07352524
v -0.00050974 -0.04487895 0.07383185
v -0.00190395 -0.04496192 0.13153429
v -0.00379121 -0.04501247 0.13153671
v -0.00462401 -0.04488289 0.13083351
v -0.00462401 -0.04488289 0.13083351
v -0.00379121 -0.04501247 0.13153671
v -0.00608218 -0.04505050 0.13128020
v -0.00462401 -0.04488289 0.13083351
v -0.00608218 -0.04505050 0.13128020
v -0.00789869 -0.04496192 0.13050410
v -0.00789869 -0.04496192 0.13050410
v -0.00974566 -0.04501247 0.13011371
v -0.01049602 -0.04487848 0.12919369
v -0.01049602 -0.04487848 0.12919369
v -0.00974566 -0.04501247 0.13011371
v -0.01257854 -0.04501247 0.12894380
v -0.01049602 -0.04487848 0.12919369
v -0.01257854 -0.04501247 0.12894380
v -0.01416057 -0.04496121 0.12791491
v -0.01621758 -0.04488509 0.12619260
v -0.01416057 -0.04496121 0.12791491
v -0.01656049 -0.04501247 0.12665050
v -0.01621758 -0.04488509 0.12619260
v -0.01656049 -0.04501247 0.12665050
v -0.01860612 -0.04496192 0.12487030
v -0.01860612 -0.04496192 0.12487030
v -0.02013438 -0.04501247 0.12376260
v -0.02090716 -0.04491335 0.12238570
v -0.02090716 -0.04491335 0.12238570
v -0.02013438 -0.04501247 0.12376260
v -0.02224671 -0.04501247 0.12154150
v -0.02090716 -0.04491335 0.12238570
v -0.02224671 -0.04501247 0.12154150
v -0.02287131 -0.04491335 0.12009140
v -0.02287131 -0.04491335 0.12009140
v -0.02224671 -0.04501247 0.12154150
v -0.02411532 -0.04501247 0.11911170
v -0.02287131 -0.04491335 0.12009140
v -0.02411532 -0.04501247 0.11911170
v -0.02430462 -0.04485929 0.11751320
v -0.02430462 -0.04485929 0.11751320
v -0.02411532 -0.04501247 0.11911170
v -0.02571964 -0.04501247 0.11650000
v -0.02430462 -0.04485929 0.11751320
v -0.02571964 -0.04501247 0.11650000
v -0.02589130 -0.04488509 0.11490950
v -0.02589130 -0.04488509 0.11490950
v -0.02571964 -0.04501247 0.11650000
v -0.02704209 -0.04501247 0.11373490
v -0.02589130 -0.04488509 0.11490950
v -0.02704209 -0.04501247 0.11373490
v -0.02689510 -0.04485929 0.11213200
v -0.02689510 -0.04485929 0.11213200
v -0.02704209 -0.04501247 0.11373490
v -0.02806836 -0.04501247 0.11084660
v -0.02689510 -0.04485929 0.11213200
v -0.02806836 -0.04501247 0.11084660
v -0.02791285 -0.04489105 0.10936260
v -0.02791285 -0.04489105 0.10936260
v -0.02806836 -0.04501247 0.11084660
v -0.02878689 -0.04501247 0.10786700
v -0.02791285 -0.04489105 0.10936260
v -0.02878689 -0.04501247 0.10786700
v -0.02837562 -0.04488289 0.10685780
v -0.02837562 -0.04488289 0.10685780
v -0.02878689 -0.04501247 0.10786700
v -0.02927148 -0.04503852 0.10504770
v -0.02837562 -0.04488289 0.10685780
v -0.02927148 -0.04503852 0.10504770
v -0.02860218 -0.04487895 0.10450940
v -0.02860218 -0.04487895 0.10450940
v -0.02927148 -0.04503852 0.10504770
v -0.02856040 -0.04485929 0.10185390
v -0.02856040 -0.04485929 0.10185390
v -0.02927148 -0.04503852 0.10504770
v -0.02927374 -0.04501247 0.10176460
v -0.02856040 -0.04485929 0.10185390
v -0.02927374 -0.04501247 0.10176460
v -0.02889490 -0.04496192 0.09907925
v -0.02889490 -0.04496192 0.09907925
v -0.02879840 -0.04501247 0.09719419
v -0.02821373 -0.04496121 0.09539973
v -0.02696305 -0.04485929 0.09305983
v -0.02821373 -0.04496121 0.09539973
v -0.02761369 -0.04501247 0.09275442
v -0.02696305 -0.04485929 0.09305983
v -0.02761369 -0.04501247 0.09275442
v -0.02593785 -0.04488509 0.09018814
v -0.02593785 -0.04488509 0.09018814
v -0.02761369 -0.04501247 0.09275442
v -0.02644371 -0.04501247 0.08992141
v -0.02593785 -0.04488509 0.09018814
v -0.02644371 -0.04501247 0.08992141
v -0.02450889 -0.04488509 0.08754438
v -0.02450889 -0.04488509 0.08754438
v -0.02644371 -0.04501247 0.08992141
v -0.02498418 -0.04501247 0.08722609
v -0.02450889 -0.04488509 0.08754438
v -0.02498418 -0.04501247 0.08722609
v -0.02310699 -0.04484879 0.08582335
v -0.02310699 -0.04484879 0.08582335
v -0.02498418 -0.04501247 0.08722609
v -0.02325057 -0.04501247 0.08469820
v -0.02310699 -0.04484879 0.08582335
v -0.02325057 -0.04501247 0.08469820
v -0.02186757 -0.04488509 0.08389449
v -0.02186757 -0.04488509 0.08389449
v -0.02325057 -0.04501247 0.08469820
v -0.02188313 -0.04505056 0.08284240
v -0.02186757 -0.04488509 0.08389449
v -0.02188313 -0.04505056 0.08284240
v -0.02030277 -0.04496192 0.08165735
v -0.02030277 -0.04496192 0.08165735
v -0.01904141 -0.04501247 0.08025318
v -0.01771581 -0.04485660 0.08010137
v -0.01771581 -0.04485660 0.08010137
v -0.01904141 -0.04501247 0.08025318
v -0.01684194 -0.04503852 0.07842391
v -0.01771581 -0.04485660 0.08010137
v -0.01684194 -0.04503852 0.07842391
v -0.01441615 -0.04488492 0.07765227
v -0.01441615 -0.04488492 0.07765227
v -0.01684194 -0.04503852 0.07842391
v -0.01399987 -0.04501247 0.07678037
v -0.01441615 -0.04488492 0.07765227
v -0.01399987 -0.04501247 0.07678037
v -0.01103729 -0.04488509 0.07599467
v -0.01103729 -0.04488509 0.07599467
v -0.01399987 -0.04501247 0.07678037
v -0.01123481 -0.04501247 0.07545787
v -0.01103729 -0.04488509 0.07599467
v -0.01123481 -0.04501247 0.07545787
v -0.00820649 -0.04488509 0.07498621
v -0.00820649 -0.04488509 0.07498621
v -0.01123481 -0.04501247 0.07545787
v -0.00834668 -0.04501247 0.07443159
v -0.00820649 -0.04488509 0.07498621
v -0.00834668 -0.04501247 0.07443159
v -0.00539225 -0.04489105 0.07426619
v -0.00539225 -0.04489105 0.07426619
v -0.00834668 -0.04501247 0.07443159
v -0.00536704 -0.04501247 0.07371288
v -0.00539225 -0.04489105 0.07426619
v -0.00536704 -0.04501247 0.07371288
v -0.00266164 -0.04496192 0.07352524
v -0.00266164 -0.04496192 0.07352524
v -0.00079769 -0.04501247 0.07322776
v -0.00050974 -0.04487895 0.07383185
v 0.00081156 -0.04497265 0.13163149
v 0.00000849 -0.04519551 0.13233110
v -0.00190395 -0.04496192 0.13153429
v -0.00190395 -0.04496192 0.13153429
v 0.00000849 -0.04519551 0.13233110
v -0.00231957 -0.04519474 0.13224889
v -0.00190395 -0.04496192 0.13153429
v -0.00231957 -0.04519474 0.13224889
v -0.00379121 -0.04501247 0.13153671
v -0.00379121 -0.04501247 0.13153671
v -0.00231957 -0.04519474 0.13224889
v -0.00551337 -0.04524439 0.13195799
v -0.00379121 -0.04501247 0.13153671
v -0.00551337 -0.04524439 0.13195799
v -0.00608218 -0.04505050 0.13128020
v -0.00789869 -0.04496192 0.13050410
v -0.00608218 -0.04505050 0.13128020
v -0.00865358 -0.04523068 0.13115840
v -0.00789869 -0.04496192 0.13050410
v -0.00865358 -0.04523068 0.13115840
v -0.00974566 -0.04501247 0.13011371
v -0.00974566 -0.04501247 0.13011371
v -0.00865358 -0.04523068 0.13115840
v -0.01139879 -0.04519474 0.13007610
v -0.00974566 -0.04501247 0.13011371
v -0.01139879 -0.04519474 0.13007610
v -0.01257854 -0.04501247 0.12894380
v -0.01257854 -0.04501247 0.12894380
v -0.01139879 -0.04519474 0.13007610
v -0.01452982 -0.04522472 0.12865721
v -0.01257854 -0.04501247 0.12894380
v -0.01452982 -0.04522472 0.12865721
v -0.01416057 -0.04496121 0.12791491
v -0.01416057 -0.04496121 0.12791491
v -0.01452982 -0.04522472 0.12865721
v -0.01656049 -0.04501247 0.12665050
v -0.01656049 -0.04501247 0.12665050
v -0.01452982 -0.04522472 0.12865721
v -0.01708596 -0.04523068 0.12708150
v -0.01656049 -0.04501247 0.12665050
v -0.01708596 -0.04523068 0.12708150
v -0.01860612 -0.04496192 0.12487030
v -0.01860612 -0.04496192 0.12487030
v -0.01708596 -0.04523068 0.12708150
v -0.01936239 -0.04519474 0.12520400
v -0.01860612 -0.04496192 0.12487030
v -0.01936239 -0.04519474 0.12520400
v -0.02013438 -0.04501247 0.12376260
v -0.02013438 -0.04501247 0.12376260
v -0.01936239 -0.04519474 0.12520400
v -0.02177554 -0.04524439 0.12309120
v -0.02013438 -0.04501247 0.12376260
v -0.02177554 -0.04524439 0.12309120
v -0.02224671 -0.04501247 0.12154150
v -0.02224671 -0.04501247 0.12154150
v -0.02177554 -0.04524439 0.12309120
v -0.02293843 -0.04522472 0.12171300
v -0.02224671 -0.04501247 0.12154150
v -0.02293843 -0.04522472 0.12171300
v -0.02411532 -0.04501247 0.11911170
v -0.02411532 -0.04501247 0.11911170
v -0.02293843 -0.04522472 0.12171300
v -0.02457880 -0.04519474 0.11941900
v -0.02411532 -0.04501247 0.11911170
v -0.02457880 -0.04519474 0.11941900
v -0.02571964 -0.04501247 0.11650000
v -0.02571964 -0.04501247 0.11650000
v -0.02457880 -0.04519474 0.11941900
v -0.02583009 -0.04519551 0.11742290
v -0.02571964 -0.04501247 0.11650000
v -0.02583009 -0.04519551 0.11742290
v -0.02692306 -0.04519474 0.11536560
v -0.02571964 -0.04501247 0.11650000
v -0.02692306 -0.04519474 0.11536560
v -0.02704209 -0.04501247 0.11373490
v -0.02704209 -0.04501247 0.11373490
v -0.02692306 -0.04519474 0.11536560
v -0.02784663 -0.04519551 0.11319830
v -0.02704209 -0.04501247 0.11373490
v -0.02784663 -0.04519551 0.11319830
v -0.02806836 -0.04501247 0.11084660
v -0.02806836 -0.04501247 0.11084660
v -0.02784663 -0.04519551 0.11319830
v -0.02860414 -0.04519474 0.11099550
v -0.02806836 -0.04501247 0.11084660
v -0.02860414 -0.04519474 0.11099550
v -0.02878689 -0.04501247 0.10786700
v -0.02878689 -0.04501247 0.10786700
v -0.02860414 -0.04519474 0.11099550
v -0.02933543 -0.04519474 0.10795900
v -0.02878689 -0.04501247 0.10786700
v -0.02933543 -0.04519474 0.10795900
v -0.02927148 -0.04503852 0.10504770
v -0.02927148 -0.04503852 0.10504770
v -0.02978974 -0.04519551 0.10406970
v -0.02927374 -0.04501247 0.10176460
v -0.02927374 -0.04501247 0.10176460
v -0.02978974 -0.04519551 0.10406970
v -0.02982950 -0.04519474 0.10174050
v -0.02927374 -0.04501247 0.10176460
v -0.02982950 -0.04519474 0.10174050
v -0.02889490 -0.04496192 0.09907925
v -0.02889490 -0.04496192 0.09907925
v -0.02982950 -0.04519474 0.10174050
v -0.02966845 -0.04519551 0.09939020
v -0.02889490 -0.04496192 0.09907925
v -0.02966845 -0.04519551 0.09939020
v -0.02879840 -0.04501247 0.09719419
v -0.02879840 -0.04501247 0.09719419
v -0.02966845 -0.04519551 0.09939020
v -0.02934348 -0.04519474 0.09708350
v -0.02879840 -0.04501247 0.09719419
v -0.02934348 -0.04519474 0.09708350
v -0.02821373 -0.04496121 0.09539973
v -0.02821373 -0.04496121 0.09539973
v -0.02934348 -0.04519474 0.09708350
v -0.02881669 -0.04519551 0.09478729
v -0.02821373 -0.04496121 0.09539973
v -0.02881669 -0.04519551 0.09478729
v -0.02761369 -0.04501247 0.09275442
v -0.02761369 -0.04501247 0.09275442
v -0.02881669 -0.04519551 0.09478729
v -0.02813488 -0.04519474 0.09255987
v -0.02761369 -0.04501247 0.09275442
v -0.02813488 -0.04519474 0.09255987
v -0.02644371 -0.04501247 0.08992141
v -0.02644371 -0.04501247 0.08992141
v -0.02813488 -0.04519474 0.09255987
v -0.02694159 -0.04519474 0.08967339
v -0.02644371 -0.04501247 0.08992141
v -0.02694159 -0.04519474 0.08967339
v -0.02498418 -0.04501247 0.08722609
v -0.02498418 -0.04501247 0.08722609
v -0.02694159 -0.04519474 0.08967339
v -0.02596271 -0.04524677 0.08753257
v -0.02498418 -0.04501247 0.08722609
v -0.02596271 -0.04524677 0.08753257
v -0.02466869 -0.04524439 0.08548146
v -0.02498418 -0.04501247 0.08722609
v -0.02466869 -0.04524439 0.08548146
v -0.02325057 -0.04501247 0.08469820
v -0.02325057 -0.04501247 0.08469820
v -0.02466869 -0.04524439 0.08548146
v -0.02356225 -0.04522472 0.08405733
v -0.02325057 -0.04501247 0.08469820
v -0.02356225 -0.04522472 0.08405733
v -0.02188313 -0.04505056 0.08284240
v -0.02030277 -0.04496192 0.08165735
v -0.02188313 -0.04505056 0.08284240
v -0.02109980 -0.04519551 0.08141225
v -0.02030277 -0.04496192 0.08165735
v -0.02109980 -0.04519551 0.08141225
v -0.01904141 -0.04501247 0.08025318
v -0.01904141 -0.04501247 0.08025318
v -0.02109980 -0.04519551 0.08141225
v -0.01939553 -0.04519474 0.07982420
v -0.01904141 -0.04501247 0.08025318
v -0.01939553 -0.04519474 0.07982420
v -0.01684194 -0.04503852 0.07842391
v -0.01684194 -0.04503852 0.07842391
v -0.01625436 -0.04519551 0.07748615
v -0.01399987 -0.04501247 0.07678037
v -0.01399987 -0.04501247 0.07678037
v -0.01625436 -0.04519551 0.07748615
v -0.01425701 -0.04519480 0.07628703
v -0.01399987 -0.04501247 0.07678037
v -0.01425701 -0.04519480 0.07628703
v -0.01123481 -0.04501247 0.07545787
v -0.01123481 -0.04501247 0.07545787
v -0.01425701 -0.04519480 0.07628703
v -0.01143890 -0.04519474 0.07494044
v -0.01123481 -0.04501247 0.07545787
v -0.01143890 -0.04519474 0.07494044
v -0.00834668 -0.04501247 0.07443159
v -0.00834668 -0.04501247 0.07443159
v -0.01143890 -0.04519474 0.07494044
v -0.00922638 -0.04519551 0.07413154
v -0.00834668 -0.04501247 0.07443159
v -0.00922638 -0.04519551 0.07413154
v -0.00698686 -0.04519474 0.07349026
v -0.00834668 -0.04501247 0.07443159
v -0.00698686 -0.04519474 0.07349026
v -0.00536704 -0.04501247 0.07371288
v -0.00536704 -0.04501247 0.07371288
v -0.00698686 -0.04519474 0.07349026
v -0.00467491 -0.04519551 0.07303744
v -0.00536704 -0.04501247 0.07371288
v -0.00467491 -0.04519551 0.07303744
v -0.00266164 -0.04496192 0.07352524
v -0.00266164 -0.04496192 0.07352524
v -0.00467491 -0.04519551 0.07303744
v -0.00236273 -0.04519474 0.07275444
v -0.00266164 -0.04496192 0.07352524
v -0.00236273 -0.04519474 0.07275444
v -0.00079769 -0.04501247 0.07322776
v -0.00079769 -0.04501247 0.07322776
v -0.00236273 -0.04519474 0.07275444
v 0.00075943 -0.04519474 0.07267040
v -0.00608218 -0.04505050 0.13128020
v -0.00551337 -0.04524439 0.13195799
v -0.00865358 -0.04523068 0.13115840
v -0.01452982 -0.04522472 0.12865721
v -0.01139879 -0.04519474 0.13007610
v -0.01366001 -0.04530704 0.12932409
v -0.02927148 -0.04503852 0.10504770
v -0.02933543 -0.04519474 0.10795900
v -0.03014814 -0.04536211 0.10482710
v -0.02927148 -0.04503852 0.10504770
v -0.03014814 -0.04536211 0.10482710
v -0.02978974 -0.04519551 0.10406970
v -0.02188313 -0.04505056 0.08284240
v -0.02356225 -0.04522472 0.08405733
v -0.02190250 -0.04536211 0.08165258
v -0.02188313 -0.04505056 0.08284240
v -0.02190250 -0.04536211 0.08165258
v -0.02109980 -0.04519551 0.08141225
v -0.01684194 -0.04503852 0.07842391
v -0.01939553 -0.04519474 0.07982420
v -0.01708948 -0.04536211 0.07755434
v -0.01684194 -0.04503852 0.07842391
v -0.01708948 -0.04536211 0.07755434
v -0.01625436 -0.04519551 0.07748615
v 0.00000849 -0.04519551 0.13233110
v 0.00081178 -0.04543024 0.13286389
v -0.00231957 -0.04519474 0.13224889
v -0.00231957 -0.04519474 0.13224889
v 0.00081178 -0.04543024 0.13286389
v -0.00158387 -0.04543161 0.13282581
v -0.00231957 -0.04519474 0.13224889
v -0.00158387 -0.04543161 0.13282581
v -0.00394839 -0.04543024 0.13261710
v -0.00231957 -0.04519474 0.13224889
v -0.00394839 -0.04543024 0.13261710
v -0.00551337 -0.04524439 0.13195799
v -0.00865358 -0.04523068 0.13115840
v -0.00551337 -0.04524439 0.13195799
v -0.00785428 -0.04543161 0.13183381
v -0.01139879 -0.04519474 0.13007610
v -0.00865358 -0.04523068 0.13115840
v -0.01091825 -0.04549592 0.13097720
v -0.01139879 -0.04519474 0.13007610
v -0.01091825 -0.04549592 0.13097720
v -0.01239365 -0.04549592 0.13036691
v -0.01139879 -0.04519474 0.13007610
v -0.01239365 -0.04549592 0.13036691
v -0.01366001 -0.04530704 0.12932409
v -0.01708596 -0.04523068 0.12708150
v -0.01452982 -0.04522472 0.12865721
v -0.01653468 -0.04543161 0.12797090
v -0.01936239 -0.04519474 0.12520400
v -0.01708596 -0.04523068 0.12708150
v -0.01971429 -0.04543024 0.12560800
v -0.01936239 -0.04519474 0.12520400
v -0.01971429 -0.04543024 0.12560800
v -0.02177554 -0.04524439 0.12309120
v -0.02177554 -0.04524439 0.12309120
v -0.01971429 -0.04543024 0.12560800
v -0.02146911 -0.04543161 0.12397650
v -0.02457880 -0.04519474 0.11941900
v -0.02293843 -0.04522472 0.12171300
v -0.02502334 -0.04543024 0.11971810
v -0.02457880 -0.04519474 0.11941900
v -0.02502334 -0.04543024 0.11971810
v -0.02583009 -0.04519551 0.11742290
v -0.02583009 -0.04519551 0.11742290
v -0.02502334 -0.04543024 0.11971810
v -0.02668601 -0.04543024 0.11700820
v -0.02583009 -0.04519551 0.11742290
v -0.02668601 -0.04543024 0.11700820
v -0.02692306 -0.04519474 0.11536560
v -0.02692306 -0.04519474 0.11536560
v -0.02668601 -0.04543024 0.11700820
v -0.02805638 -0.04543024 0.11413910
v -0.02692306 -0.04519474 0.11536560
v -0.02805638 -0.04543024 0.11413910
v -0.02784663 -0.04519551 0.11319830
v -0.02784663 -0.04519551 0.11319830
v -0.02805638 -0.04543024 0.11413910
v -0.02860414 -0.04519474 0.11099550
v -0.02860414 -0.04519474 0.11099550
v -0.02805638 -0.04543024 0.11413910
v -0.02887928 -0.04543161 0.11188900
v -0.02860414 -0.04519474 0.11099550
v -0.02887928 -0.04543161 0.11188900
v -0.02953159 -0.04543024 0.10960690
v -0.02860414 -0.04519474 0.11099550
v -0.02953159 -0.04543024 0.10960690
v -0.02933543 -0.04519474 0.10795900
v -0.02933543 -0.04519474 0.10795900
v -0.02953159 -0.04543024 0.10960690
v -0.02999246 -0.04543161 0.10725560
v -0.02933543 -0.04519474 0.10795900
v -0.02999246 -0.04543161 0.10725560
v -0.03014814 -0.04536211 0.10482710
v -0.02978974 -0.04519551 0.10406970
v -0.03014814 -0.04536211 0.10482710
v -0.02982950 -0.04519474 0.10174050
v -0.02982950 -0.04519474 0.10174050
v -0.03014814 -0.04536211 0.10482710
v -0.03036719 -0.04543161 0.10250520
v -0.02982950 -0.04519474 0.10174050
v -0.03036719 -0.04543161 0.10250520
v -0.03028237 -0.04543024 0.10013320
v -0.02982950 -0.04519474 0.10174050
v -0.03028237 -0.04543024 0.10013320
v -0.02966845 -0.04519551 0.09939020
v -0.02966845 -0.04519551 0.09939020
v -0.03028237 -0.04543024 0.10013320
v -0.02934348 -0.04519474 0.09708350
v -0.02934348 -0.04519474 0.09708350
v -0.03028237 -0.04543024 0.10013320
v -0.02986913 -0.04543024 0.09698086
v -0.02934348 -0.04519474 0.09708350
v -0.02986913 -0.04543024 0.09698086
v -0.02881669 -0.04519551 0.09478729
v -0.02881669 -0.04519551 0.09478729
v -0.02986913 -0.04543024 0.09698086
v -0.02912867 -0.04543024 0.09388893
v -0.02881669 -0.04519551 0.09478729
v -0.02912867 -0.04543024 0.09388893
v -0.02813488 -0.04519474 0.09255987
v -0.02813488 -0.04519474 0.09255987
v -0.02912867 -0.04543024 0.09388893
v -0.02806890 -0.04543024 0.09089136
v -0.02813488 -0.04519474 0.09255987
v -0.02806890 -0.04543024 0.09089136
v -0.02694159 -0.04519474 0.08967339
v -0.02694159 -0.04519474 0.08967339
v -0.02806890 -0.04543024 0.09089136
v -0.02705973 -0.04543161 0.08871829
v -0.02694159 -0.04519474 0.08967339
v -0.02705973 -0.04543161 0.08871829
v -0.02596271 -0.04524677 0.08753257
v -0.02466869 -0.04524439 0.08548146
v -0.02596271 -0.04524677 0.08753257
v -0.02547085 -0.04543161 0.08596515
v -0.02109980 -0.04519551 0.08141225
v -0.02190250 -0.04536211 0.08165258
v -0.01939553 -0.04519474 0.07982420
v -0.01939553 -0.04519474 0.07982420
v -0.02190250 -0.04536211 0.08165258
v -0.02032351 -0.04543161 0.07993626
v -0.01939553 -0.04519474 0.07982420
v -0.02032351 -0.04543161 0.07993626
v -0.01920276 -0.04549592 0.07880574
v -0.01939553 -0.04519474 0.07982420
v -0.01920276 -0.04549592 0.07880574
v -0.01708948 -0.04536211 0.07755434
v -0.01625436 -0.04519551 0.07748615
v -0.01708948 -0.04536211 0.07755434
v -0.01425701 -0.04519480 0.07628703
v -0.01425701 -0.04519480 0.07628703
v -0.01708948 -0.04536211 0.07755434
v -0.01450806 -0.04543024 0.07581394
v -0.01425701 -0.04519480 0.07628703
v -0.01450806 -0.04543024 0.07581394
v -0.01143890 -0.04519474 0.07494044
v -0.01143890 -0.04519474 0.07494044
v -0.01450806 -0.04543024 0.07581394
v -0.01163917 -0.04543024 0.07444363
v -0.01143890 -0.04519474 0.07494044
v -0.01163917 -0.04543024 0.07444363
v -0.00922638 -0.04519551 0.07413154
v -0.00922638 -0.04519551 0.07413154
v -0.01163917 -0.04543024 0.07444363
v -0.00938886 -0.04543161 0.07362067
v -0.00922638 -0.04519551 0.07413154
v -0.00938886 -0.04543161 0.07362067
v -0.00698686 -0.04519474 0.07349026
v -0.00698686 -0.04519474 0.07349026
v -0.00938886 -0.04543161 0.07362067
v -0.00710690 -0.04543024 0.07296824
v -0.00698686 -0.04519474 0.07349026
v -0.00710690 -0.04543024 0.07296824
v -0.00467491 -0.04519551 0.07303744
v -0.00467491 -0.04519551 0.07303744
v -0.00710690 -0.04543024 0.07296824
v -0.00398111 -0.04543024 0.07238715
v -0.00467491 -0.04519551 0.07303744
v -0.00398111 -0.04543024 0.07238715
v -0.00236273 -0.04519474 0.07275444
v -0.00236273 -0.04519474 0.07275444
v -0.00398111 -0.04543024 0.07238715
v -0.00081179 -0.04543024 0.07213598
v -0.00236273 -0.04519474 0.07275444
v -0.00081179 -0.04543024 0.07213598
v 0.00075943 -0.04519474 0.07267040
v -0.00551337 -0.04524439 0.13195799
v -0.00394839 -0.04543024 0.13261710
v -0.00636333 -0.04556894 0.13245741
v -0.00551337 -0.04524439 0.13195799
v -0.00636333 -0.04556894 0.13245741
v -0.00785428 -0.04543161 0.13183381
v -0.00865358 -0.04523068 0.13115840
v -0.00785428 -0.04543161 0.13183381
v -0.00945967 -0.04556894 0.13162831
v -0.00865358 -0.04523068 0.13115840
v -0.00945967 -0.04556894 0.13162831
v -0.01091825 -0.04549592 0.13097720
v -0.01366001 -0.04530704 0.12932409
v -0.01239365 -0.04549592 0.13036691
v -0.01390004 -0.04556894 0.12978980
v -0.01366001 -0.04530704 0.12932409
v -0.01390004 -0.04556894 0.12978980
v -0.01452982 -0.04522472 0.12865721
v -0.01452982 -0.04522472 0.12865721
v -0.01390004 -0.04556894 0.12978980
v -0.01530915 -0.04556894 0.12902500
v -0.01452982 -0.04522472 0.12865721
v -0.01530915 -0.04556894 0.12902500
v -0.01653468 -0.04543161 0.12797090
v -0.01708596 -0.04523068 0.12708150
v -0.01653468 -0.04543161 0.12797090
v -0.01799798 -0.04556900 0.12727940
v -0.01708596 -0.04523068 0.12708150
v -0.01799798 -0.04556900 0.12727940
v -0.01971429 -0.04543024 0.12560800
v -0.02177554 -0.04524439 0.12309120
v -0.02146911 -0.04543161 0.12397650
v -0.02275663 -0.04556894 0.12299590
v -0.02177554 -0.04524439 0.12309120
v -0.02275663 -0.04556894 0.12299590
v -0.02293843 -0.04522472 0.12171300
v -0.02293843 -0.04522472 0.12171300
v -0.02275663 -0.04556894 0.12299590
v -0.02379798 -0.04556894 0.12177680
v -0.02293843 -0.04522472 0.12171300
v -0.02379798 -0.04556894 0.12177680
v -0.02502334 -0.04543024 0.11971810
v -0.03014814 -0.04536211 0.10482710
v -0.02999246 -0.04543161 0.10725560
v -0.03045767 -0.04556900 0.10570540
v -0.02596271 -0.04524677 0.08753257
v -0.02705973 -0.04543161 0.08871829
v -0.02652502 -0.04556900 0.08719074
v -0.02596271 -0.04524677 0.08753257
v -0.02652502 -0.04556900 0.08719074
v -0.02547085 -0.04543161 0.08596515
v -0.02466869 -0.04524439 0.08548146
v -0.02547085 -0.04543161 0.08596515
v -0.02477931 -0.04556900 0.08450198
v -0.02466869 -0.04524439 0.08548146
v -0.02477931 -0.04556900 0.08450198
v -0.02356225 -0.04522472 0.08405733
v -0.02356225 -0.04522472 0.08405733
v -0.02477931 -0.04556900 0.08450198
v -0.02380347 -0.04556894 0.08322978
v -0.02356225 -0.04522472 0.08405733
v -0.02380347 -0.04556894 0.08322978
v -0.02190250 -0.04536211 0.08165258
v -0.02190250 -0.04536211 0.08165258
v -0.02380347 -0.04556894 0.08322978
v -0.02276217 -0.04556894 0.08201038
v -0.01708948 -0.04536211 0.07755434
v -0.01920276 -0.04549592 0.07880574
v -0.01800489 -0.04556894 0.07772558
v 0.00081178 -0.04543024 0.13286389
v -0.00007809 -0.04579895 0.13350700
v -0.00158387 -0.04543161 0.13282581
v -0.00158387 -0.04543161 0.13282581
v -0.00007809 -0.04579895 0.13350700
v -0.00170040 -0.04579895 0.13346040
v -0.00158387 -0.04543161 0.13282581
v -0.00170040 -0.04579895 0.13346040
v -0.00394839 -0.04543024 0.13261710
v -0.00394839 -0.04543024 0.13261710
v -0.00170040 -0.04579895 0.13346040
v -0.00331855 -0.04579895 0.13332900
v -0.00394839 -0.04543024 0.13261710
v -0.00331855 -0.04579895 0.13332900
v -0.00547731 -0.04579961 0.13302830
v -0.00394839 -0.04543024 0.13261710
v -0.00547731 -0.04579961 0.13302830
v -0.00636333 -0.04556894 0.13245741
v -0.00785428 -0.04543161 0.13183381
v -0.00636333 -0.04556894 0.13245741
v -0.00863844 -0.04579961 0.13228850
v -0.00785428 -0.04543161 0.13183381
v -0.00863844 -0.04579961 0.13228850
v -0.00945967 -0.04556894 0.13162831
v -0.01653468 -0.04543161 0.12797090
v -0.01530915 -0.04556894 0.12902500
v -0.01742064 -0.04579961 0.12816110
v -0.01653468 -0.04543161 0.12797090
v -0.01742064 -0.04579961 0.12816110
v -0.01799798 -0.04556900 0.12727940
v -0.01971429 -0.04543024 0.12560800
v -0.01799798 -0.04556900 0.12727940
v -0.01957380 -0.04579895 0.12654790
v -0.01971429 -0.04543024 0.12560800
v -0.01957380 -0.04579895 0.12654790
v -0.02080541 -0.04579895 0.12549061
v -0.01971429 -0.04543024 0.12560800
v -0.02080541 -0.04579895 0.12549061
v -0.02146911 -0.04543161 0.12397650
v -0.02146911 -0.04543161 0.12397650
v -0.02080541 -0.04579895 0.12549061
v -0.02198034 -0.04579895 0.12437020
v -0.02146911 -0.04543161 0.12397650
v -0.02198034 -0.04579895 0.12437020
v -0.02275663 -0.04556894 0.12299590
v -0.02502334 -0.04543024 0.11971810
v -0.02379798 -0.04556894 0.12177680
v -0.02513086 -0.04579895 0.12066230
v -0.02502334 -0.04543024 0.11971810
v -0.02513086 -0.04579895 0.12066230
v -0.02604705 -0.04579895 0.11932220
v -0.02502334 -0.04543024 0.11971810
v -0.02604705 -0.04579895 0.11932220
v -0.02668601 -0.04543024 0.11700820
v -0.02668601 -0.04543024 0.11700820
v -0.02604705 -0.04579895 0.11932220
v -0.02689164 -0.04579895 0.11793600
v -0.02668601 -0.04543024 0.11700820
v -0.02689164 -0.04579895 0.11793600
v -0.02766281 -0.04579895 0.11650750
v -0.02668601 -0.04543024 0.11700820
v -0.02766281 -0.04579895 0.11650750
v -0.02805638 -0.04543024 0.11413910
v -0.02805638 -0.04543024 0.11413910
v -0.02766281 -0.04579895 0.11650750
v -0.02835798 -0.04579895 0.11504050
v -0.02805638 -0.04543024 0.11413910
v -0.02835798 -0.04579895 0.11504050
v -0.02897530 -0.04579895 0.11353920
v -0.02805638 -0.04543024 0.11413910
v -0.02897530 -0.04579895 0.11353920
v -0.02887928 -0.04543161 0.11188900
v -0.02887928 -0.04543161 0.11188900
v -0.02897530 -0.04579895 0.11353920
v -0.02951335 -0.04579895 0.11200760
v -0.02887928 -0.04543161 0.11188900
v -0.02951335 -0.04579895 0.11200760
v -0.02953159 -0.04543024 0.10960690
v -0.02953159 -0.04543024 0.10960690
v -0.02951335 -0.04579895 0.11200760
v -0.02997058 -0.04579895 0.11044990
v -0.02953159 -0.04543024 0.10960690
v -0.02997058 -0.04579895 0.11044990
v -0.03034549 -0.04579895 0.10887050
v -0.02953159 -0.04543024 0.10960690
v -0.03034549 -0.04579895 0.10887050
v -0.02999246 -0.04543161 0.10725560
v -0.02999246 -0.04543161 0.10725560
v -0.03034549 -0.04579895 0.10887050
v -0.03072679 -0.04579961 0.10672440
v -0.02999246 -0.04543161 0.10725560
v -0.03072679 -0.04579961 0.10672440
v -0.03045767 -0.04556900 0.10570540
v -0.03014814 -0.04536211 0.10482710
v -0.03045767 -0.04556900 0.10570540
v -0.03096842 -0.04579895 0.10404490
v -0.03014814 -0.04536211 0.10482710
v -0.03096842 -0.04579895 0.10404490
v -0.03036719 -0.04543161 0.10250520
v -0.03036719 -0.04543161 0.10250520
v -0.03096842 -0.04579895 0.10404490
v -0.03100723 -0.04579919 0.10242190
v -0.03036719 -0.04543161 0.10250520
v -0.03100723 -0.04579919 0.10242190
v -0.03028237 -0.04543024 0.10013320
v -0.03028237 -0.04543024 0.10013320
v -0.03100723 -0.04579919 0.10242190
v -0.03096044 -0.04579895 0.10079940
v -0.03028237 -0.04543024 0.10013320
v -0.03096044 -0.04579895 0.10079940
v -0.03082901 -0.04579895 0.09918141
v -0.03028237 -0.04543024 0.10013320
v -0.03082901 -0.04579895 0.09918141
v -0.02986913 -0.04543024 0.09698086
v -0.02986913 -0.04543024 0.09698086
v -0.03082901 -0.04579895 0.09918141
v -0.03061306 -0.04579895 0.09757250
v -0.02986913 -0.04543024 0.09698086
v -0.03061306 -0.04579895 0.09757250
v -0.03031319 -0.04579895 0.09597700
v -0.02986913 -0.04543024 0.09698086
v -0.03031319 -0.04579895 0.09597700
v -0.02912867 -0.04543024 0.09388893
v -0.02912867 -0.04543024 0.09388893
v -0.03031319 -0.04579895 0.09597700
v -0.02993029 -0.04579895 0.09439957
v -0.02912867 -0.04543024 0.09388893
v -0.02993029 -0.04579895 0.09439957
v -0.02946519 -0.04579895 0.09284418
v -0.02912867 -0.04543024 0.09388893
v -0.02946519 -0.04579895 0.09284418
v -0.02806890 -0.04543024 0.09089136
v -0.02806890 -0.04543024 0.09089136
v -0.02946519 -0.04579895 0.09284418
v -0.02891945 -0.04579895 0.09131526
v -0.02806890 -0.04543024 0.09089136
v -0.02891945 -0.04579895 0.09131526
v -0.02829462 -0.04579895 0.08981710
v -0.02806890 -0.04543024 0.09089136
v -0.02829462 -0.04579895 0.08981710
v -0.02705973 -0.04543161 0.08871829
v -0.02705973 -0.04543161 0.08871829
v -0.02829462 -0.04579895 0.08981710
v -0.02734148 -0.04579961 0.08785682
v -0.02705973 -0.04543161 0.08871829
v -0.02734148 -0.04579961 0.08785682
v -0.02652502 -0.04556900 0.08719074
v -0.02547085 -0.04543161 0.08596515
v -0.02652502 -0.04556900 0.08719074
v -0.02566117 -0.04579961 0.08507913
v -0.02547085 -0.04543161 0.08596515
v -0.02566117 -0.04579961 0.08507913
v -0.02477931 -0.04556900 0.08450198
v -0.02190250 -0.04536211 0.08165258
v -0.02276217 -0.04556894 0.08201038
v -0.02187019 -0.04579895 0.08051967
v -0.02190250 -0.04536211 0.08165258
v -0.02187019 -0.04579895 0.08051967
v -0.02032351 -0.04543161 0.07993626
v -0.02032351 -0.04543161 0.07993626
v -0.02187019 -0.04579895 0.08051967
v -0.02068978 -0.04579895 0.07940512
v -0.02032351 -0.04543161 0.07993626
v -0.02068978 -0.04579895 0.07940512
v -0.01920276 -0.04549592 0.07880574
v -0.01708948 -0.04536211 0.07755434
v -0.01800489 -0.04556894 0.07772558
v -0.01682215 -0.04579895 0.07645291
v -0.01708948 -0.04536211 0.07755434
v -0.01682215 -0.04579895 0.07645291
v -0.01450806 -0.04543024 0.07581394
v -0.01450806 -0.04543024 0.07581394
v -0.01682215 -0.04579895 0.07645291
v -0.01543599 -0.04579895 0.07560813
v -0.01450806 -0.04543024 0.07581394
v -0.01543599 -0.04579895 0.07560813
v -0.01400732 -0.04579895 0.07483714
v -0.01450806 -0.04543024 0.07581394
v -0.01400732 -0.04579895 0.07483714
v -0.01163917 -0.04543024 0.07444363
v -0.01163917 -0.04543024 0.07444363
v -0.01400732 -0.04579895 0.07483714
v -0.01254040 -0.04579895 0.07414197
v -0.01163917 -0.04543024 0.07444363
v -0.01254040 -0.04579895 0.07414197
v -0.01103907 -0.04579895 0.07352453
v -0.01163917 -0.04543024 0.07444363
v -0.01103907 -0.04579895 0.07352453
v -0.00938886 -0.04543161 0.07362067
v -0.00938886 -0.04543161 0.07362067
v -0.01103907 -0.04579895 0.07352453
v -0.00950754 -0.04579895 0.07298648
v -0.00938886 -0.04543161 0.07362067
v -0.00950754 -0.04579895 0.07298648
v -0.00710690 -0.04543024 0.07296824
v -0.00710690 -0.04543024 0.07296824
v -0.00950754 -0.04579895 0.07298648
v -0.00794995 -0.04579895 0.07252937
v -0.00710690 -0.04543024 0.07296824
v -0.00794995 -0.04579895 0.07252937
v -0.00637043 -0.04579895 0.07215434
v -0.00710690 -0.04543024 0.07296824
v -0.00637043 -0.04579895 0.07215434
v -0.00398111 -0.04543024 0.07238715
v -0.00398111 -0.04543024 0.07238715
v -0.00637043 -0.04579895 0.07215434
v -0.00477356 -0.04579895 0.07186251
v -0.00398111 -0.04543024 0.07238715
v -0.00477356 -0.04579895 0.07186251
v -0.00316358 -0.04579895 0.07165467
v -0.00398111 -0.04543024 0.07238715
v -0.00316358 -0.04579895 0.07165467
v -0.00081179 -0.04543024 0.07213598
v -0.00081179 -0.04543024 0.07213598
v -0.00316358 -0.04579895 0.07165467
v -0.00154495 -0.04579895 0.07153141
v -0.00081179 -0.04543024 0.07213598
v -0.00154495 -0.04579895 0.07153141
v 0.00007787 -0.04579895 0.07149296
v -0.00636333 -0.04556894 0.13245741
v -0.00547731 -0.04579961 0.13302830
v -0.00863844 -0.04579961 0.13228850
v -0.00945967 -0.04556894 0.13162831
v -0.00863844 -0.04579961 0.13228850
v -0.01091825 -0.04549592 0.13097720
v -0.01091825 -0.04549592 0.13097720
v -0.00863844 -0.04579961 0.13228850
v -0.01199924 -0.04579991 0.13109399
v -0.01091825 -0.04549592 0.13097720
v -0.01199924 -0.04579991 0.13109399
v -0.01239365 -0.04549592 0.13036691
v -0.01239365 -0.04549592 0.13036691
v -0.01199924 -0.04579991 0.13109399
v -0.01390004 -0.04556894 0.12978980
v -0.01390004 -0.04556894 0.12978980
v -0.01199924 -0.04579991 0.13109399
v -0.01492232 -0.04579991 0.12968311
v -0.01390004 -0.04556894 0.12978980
v -0.01492232 -0.04579991 0.12968311
v -0.01530915 -0.04556894 0.12902500
v -0.01530915 -0.04556894 0.12902500
v -0.01492232 -0.04579991 0.12968311
v -0.01742064 -0.04579961 0.12816110
v -0.01799798 -0.04556900 0.12727940
v -0.01742064 -0.04579961 0.12816110
v -0.01957380 -0.04579895 0.12654790
v -0.02275663 -0.04556894 0.12299590
v -0.02198034 -0.04579895 0.12437020
v -0.02367264 -0.04579997 0.12252990
v -0.02275663 -0.04556894 0.12299590
v -0.02367264 -0.04579997 0.12252990
v -0.02379798 -0.04556894 0.12177680
v -0.02379798 -0.04556894 0.12177680
v -0.02367264 -0.04579997 0.12252990
v -0.02513086 -0.04579895 0.12066230
v -0.03045767 -0.04556900 0.10570540
v -0.03072679 -0.04579961 0.10672440
v -0.03096842 -0.04579895 0.10404490
v -0.02652502 -0.04556900 0.08719074
v -0.02734148 -0.04579961 0.08785682
v -0.02566117 -0.04579961 0.08507913
v -0.02477931 -0.04556900 0.08450198
v -0.02566117 -0.04579961 0.08507913
v -0.02380347 -0.04556894 0.08322978
v -0.02380347 -0.04556894 0.08322978
v -0.02566117 -0.04579961 0.08507913
v -0.02348661 -0.04579997 0.08225202
v -0.02380347 -0.04556894 0.08322978
v -0.02348661 -0.04579997 0.08225202
v -0.02276217 -0.04556894 0.08201038
v -0.02276217 -0.04556894 0.08201038
v -0.02348661 -0.04579997 0.08225202
v -0.02187019 -0.04579895 0.08051967
v -0.01920276 -0.04549592 0.07880574
v -0.02068978 -0.04579895 0.07940512
v -0.01876354 -0.04579997 0.07781130
v -0.01920276 -0.04549592 0.07880574
v -0.01876354 -0.04579997 0.07781130
v -0.01800489 -0.04556894 0.07772558
v -0.01800489 -0.04556894 0.07772558
v -0.01876354 -0.04579997 0.07781130
v -0.01682215 -0.04579895 0.07645291
v -0.03100723 -0.04579919 0.10242190
v -0.03498834 -0.04579997 0.10159870
v -0.03096044 -0.04579895 0.10079940
v -0.03096044 -0.04579895 0.10079940
v -0.03498834 -0.04579997 0.10159870
v -0.03484100 -0.04579997 0.09905862
v -0.03096044 -0.04579895 0.10079940
v -0.03484100 -0.04579997 0.09905862
v -0.03082901 -0.04579895 0.09918141
v -0.03082901 -0.04579895 0.09918141
v -0.03484100 -0.04579997 0.09905862
v -0.03061306 -0.04579895 0.09757250
v -0.03061306 -0.04579895 0.09757250
v -0.03484100 -0.04579997 0.09905862
v -0.03430247 -0.04579997 0.09549444
v -0.03061306 -0.04579895 0.09757250
v -0.03430247 -0.04579997 0.09549444
v -0.03031319 -0.04579895 0.09597700
v -0.03031319 -0.04579895 0.09597700
v -0.03430247 -0.04579997 0.09549444
v -0.02993029 -0.04579895 0.09439957
v -0.02993029 -0.04579895 0.09439957
v -0.03430247 -0.04579997 0.09549444
v -0.03340023 -0.04579997 0.09200453
v -0.02993029 -0.04579895 0.09439957
v -0.03340023 -0.04579997 0.09200453
v -0.02946519 -0.04579895 0.09284418
v -0.02946519 -0.04579895 0.09284418
v -0.03340023 -0.04579997 0.09200453
v -0.02891945 -0.04579895 0.09131526
v -0.02891945 -0.04579895 0.09131526
v -0.03340023 -0.04579997 0.09200453
v -0.03214406 -0.04579997 0.08862590
v -0.02891945 -0.04579895 0.09131526
v -0.03214406 -0.04579997 0.08862590
v -0.02829462 -0.04579895 0.08981710
v -0.02829462 -0.04579895 0.08981710
v -0.03214406 -0.04579997 0.08862590
v -0.02734148 -0.04579961 0.08785682
v -0.02734148 -0.04579961 0.08785682
v -0.03214406 -0.04579997 0.08862590
v -0.03054726 -0.04579997 0.08539432
v -0.02734148 -0.04579961 0.08785682
v -0.03054726 -0.04579997 0.08539432
v -0.02566117 -0.04579961 0.08507913
v -0.02566117 -0.04579961 0.08507913
v -0.03054726 -0.04579997 0.08539432
v -0.02862656 -0.04579997 0.08234411
v -0.02566117 -0.04579961 0.08507913
v -0.02862656 -0.04579997 0.08234411
v -0.02348661 -0.04579997 0.08225202
v -0.02348661 -0.04579997 0.08225202
v -0.02862656 -0.04579997 0.08234411
v -0.02640241 -0.04579997 0.07950758
v -0.02348661 -0.04579997 0.08225202
v -0.02640241 -0.04579997 0.07950758
v -0.02187019 -0.04579895 0.08051967
v -0.02187019 -0.04579895 0.08051967
v -0.02640241 -0.04579997 0.07950758
v -0.02389830 -0.04579997 0.07691460
v -0.02187019 -0.04579895 0.08051967
v -0.02389830 -0.04579997 0.07691460
v -0.02068978 -0.04579895 0.07940512
v -0.02068978 -0.04579895 0.07940512
v -0.02389830 -0.04579997 0.07691460
v -0.01876354 -0.04579997 0.07781130
v -0.01876354 -0.04579997 0.07781130
v -0.02389830 -0.04579997 0.07691460
v -0.02172130 -0.04579997 0.07505577
v -0.01876354 -0.04579997 0.07781130
v -0.02172130 -0.04579997 0.07505577
v -0.01967626 -0.04579997 0.07354176
v -0.01876354 -0.04579997 0.07781130
v -0.01967626 -0.04579997 0.07354176
v -0.01682215 -0.04579895 0.07645291
v -0.01682215 -0.04579895 0.07645291
v -0.01967626 -0.04579997 0.07354176
v -0.01543599 -0.04579895 0.07560813
v -0.01543599 -0.04579895 0.07560813
v -0.01967626 -0.04579997 0.07354176
v -0.01659435 -0.04579997 0.07167202
v -0.01543599 -0.04579895 0.07560813
v -0.01659435 -0.04579997 0.07167202
v -0.01400732 -0.04579895 0.07483714
v -0.01400732 -0.04579895 0.07483714
v -0.01659435 -0.04579997 0.07167202
v -0.01254040 -0.04579895 0.07414197
v -0.01254040 -0.04579895 0.07414197
v -0.01659435 -0.04579997 0.07167202
v -0.01401585 -0.04579997 0.07042890
v -0.01254040 -0.04579895 0.07414197
v -0.01401585 -0.04579997 0.07042890
v -0.01103907 -0.04579895 0.07352453
v -0.01103907 -0.04579895 0.07352453
v -0.01401585 -0.04579997 0.07042890
v -0.01165252 -0.04579997 0.06948548
v -0.01103907 -0.04579895 0.07352453
v -0.01165252 -0.04579997 0.06948548
v -0.00950754 -0.04579895 0.07298648
v -0.00950754 -0.04579895 0.07298648
v -0.01165252 -0.04579997 0.06948548
v -0.00794995 -0.04579895 0.07252937
v -0.00794995 -0.04579895 0.07252937
v -0.01165252 -0.04579997 0.06948548
v -0.00819641 -0.04579997 0.06846237
v -0.00794995 -0.04579895 0.07252937
v -0.00819641 -0.04579997 0.06846237
v -0.00637043 -0.04579895 0.07215434
v -0.00637043 -0.04579895 0.07215434
v -0.00819641 -0.04579997 0.06846237
v -0.00477356 -0.04579895 0.07186251
v -0.00477356 -0.04579895 0.07186251
v -0.00819641 -0.04579997 0.06846237
v -0.00465321 -0.04579997 0.06779998
v -0.00477356 -0.04579895 0.07186251
v -0.00465321 -0.04579997 0.06779998
v -0.00316358 -0.04579895 0.07165467
v -0.00316358 -0.04579895 0.07165467
v -0.00465321 -0.04579997 0.06779998
v -0.00154495 -0.04579895 0.07153141
v -0.00154495 -0.04579895 0.07153141
v -0.00465321 -0.04579997 0.06779998
v -0.00180173 -0.04579997 0.06754636
v -0.00154495 -0.04579895 0.07153141
v -0.00180173 -0.04579997 0.06754636
v 0.00007787 -0.04579895 0.07149296
v 0.00007787 -0.04579895 0.07149296
v -0.00180173 -0.04579997 0.06754636
v 0.00074170 -0.04579997 0.06749570
v 0.00007787 -0.04579895 0.07149296
v 0.00074170 -0.04579997 0.06749570
v 0.00170040 -0.04579895 0.07153952
v 0.00170040 -0.04579895 0.07153952
v 0.00074170 -0.04579997 0.06749570
v 0.00331855 -0.04579895 0.07167100
v 0.00331855 -0.04579895 0.07167100
v 0.00074170 -0.04579997 0.06749570
v 0.00433743 -0.04579997 0.06775915
v 0.00331855 -0.04579895 0.07167100
v 0.00433743 -0.04579997 0.06775915
v 0.00492746 -0.04579895 0.07188689
v 0.00492746 -0.04579895 0.07188689
v 0.00433743 -0.04579997 0.06775915
v 0.00652283 -0.04579895 0.07218676
v 0.00652283 -0.04579895 0.07218676
v 0.00433743 -0.04579997 0.06775915
v 0.00788653 -0.04579997 0.06838923
v 0.00652283 -0.04579895 0.07218676
v 0.00788653 -0.04579997 0.06838923
v 0.00810045 -0.04579895 0.07256966
v 0.00810045 -0.04579895 0.07256966
v 0.00788653 -0.04579997 0.06838923
v 0.00965577 -0.04579895 0.07303464
v 0.00965577 -0.04579895 0.07303464
v 0.00788653 -0.04579997 0.06838923
v 0.01064389 -0.04579997 0.06915771
v 0.00965577 -0.04579895 0.07303464
v 0.01064389 -0.04579997 0.06915771
v 0.01118463 -0.04579895 0.07358038
v 0.01118463 -0.04579895 0.07358038
v 0.01064389 -0.04579997 0.06915771
v 0.01304185 -0.04579997 0.07000923
v 0.01118463 -0.04579895 0.07358038
v 0.01304185 -0.04579997 0.07000923
v 0.01268273 -0.04579895 0.07420539
v 0.01268273 -0.04579895 0.07420539
v 0.01304185 -0.04579997 0.07000923
v 0.01414608 -0.04579895 0.07490789
v 0.01414608 -0.04579895 0.07490789
v 0.01304185 -0.04579997 0.07000923
v 0.01564824 -0.04579997 0.07119292
v 0.01414608 -0.04579895 0.07490789
v 0.01564824 -0.04579997 0.07119292
v 0.01557081 -0.04579895 0.07568609
v 0.01557081 -0.04579895 0.07568609
v 0.01564824 -0.04579997 0.07119292
v 0.01788640 -0.04579997 0.07240319
v 0.01557081 -0.04579895 0.07568609
v 0.01788640 -0.04579997 0.07240319
v 0.01695287 -0.04579895 0.07653772
v 0.01695287 -0.04579895 0.07653772
v 0.01788640 -0.04579997 0.07240319
v 0.01899105 -0.04579997 0.07798594
v 0.01899105 -0.04579997 0.07798594
v 0.01788640 -0.04579997 0.07240319
v 0.02027970 -0.04579997 0.07397401
v 0.01899105 -0.04579997 0.07798594
v 0.02027970 -0.04579997 0.07397401
v 0.02230501 -0.04579997 0.07551431
v 0.01899105 -0.04579997 0.07798594
v 0.02230501 -0.04579997 0.07551431
v 0.02080553 -0.04579895 0.07950943
v 0.02080553 -0.04579895 0.07950943
v 0.02230501 -0.04579997 0.07551431
v 0.02198028 -0.04579895 0.08062976
v 0.02198028 -0.04579895 0.08062976
v 0.02230501 -0.04579997 0.07551431
v 0.02496147 -0.04579997 0.07795077
v 0.02198028 -0.04579895 0.08062976
v 0.02496147 -0.04579997 0.07795077
v 0.02309477 -0.04579895 0.08181011
v 0.02309477 -0.04579895 0.08181011
v 0.02496147 -0.04579997 0.07795077
v 0.02449798 -0.04579961 0.08347815
v 0.02449798 -0.04579961 0.08347815
v 0.02496147 -0.04579997 0.07795077
v 0.02735334 -0.04579997 0.08064746
v 0.02449798 -0.04579961 0.08347815
v 0.02735334 -0.04579997 0.08064746
v 0.02604705 -0.04579895 0.08567768
v 0.02604705 -0.04579895 0.08567768
v 0.02735334 -0.04579997 0.08064746
v 0.02903854 -0.04579997 0.08296144
v 0.02604705 -0.04579895 0.08567768
v 0.02903854 -0.04579997 0.08296144
v 0.02689164 -0.04579895 0.08706390
v 0.02689164 -0.04579895 0.08706390
v 0.02903854 -0.04579997 0.08296144
v 0.03039038 -0.04579997 0.08511716
v 0.02689164 -0.04579895 0.08706390
v 0.03039038 -0.04579997 0.08511716
v 0.02766281 -0.04579895 0.08849251
v 0.02766281 -0.04579895 0.08849251
v 0.03039038 -0.04579997 0.08511716
v 0.02835798 -0.04579895 0.08995944
v 0.02835798 -0.04579895 0.08995944
v 0.03039038 -0.04579997 0.08511716
v 0.03201669 -0.04579997 0.08833414
v 0.02835798 -0.04579895 0.08995944
v 0.03201669 -0.04579997 0.08833414
v 0.02897530 -0.04579895 0.09146076
v 0.02897530 -0.04579895 0.09146076
v 0.03201669 -0.04579997 0.08833414
v 0.02951335 -0.04579895 0.09299242
v 0.02951335 -0.04579895 0.09299242
v 0.03201669 -0.04579997 0.08833414
v 0.03330343 -0.04579997 0.09170120
v 0.02951335 -0.04579895 0.09299242
v 0.03330343 -0.04579997 0.09170120
v 0.02997064 -0.04579895 0.09455007
v 0.02997064 -0.04579895 0.09455007
v 0.03330343 -0.04579997 0.09170120
v 0.03034549 -0.04579895 0.09612947
v 0.03034549 -0.04579895 0.09612947
v 0.03330343 -0.04579997 0.09170120
v 0.03406423 -0.04579997 0.09446090
v 0.03034549 -0.04579895 0.09612947
v 0.03406423 -0.04579997 0.09446090
v 0.03063744 -0.04579895 0.09772634
v 0.03063744 -0.04579895 0.09772634
v 0.03406423 -0.04579997 0.09446090
v 0.03456854 -0.04579997 0.09695488
v 0.03063744 -0.04579895 0.09772634
v 0.03456854 -0.04579997 0.09695488
v 0.03084528 -0.04579895 0.09933632
v 0.03084528 -0.04579895 0.09933632
v 0.03456854 -0.04579997 0.09695488
v 0.03096896 -0.04579919 0.10095510
v 0.03456854 -0.04579997 0.09695488
v 0.03495556 -0.04579997 0.10053860
v 0.03096896 -0.04579919 0.10095510
v 0.03096896 -0.04579919 0.10095510
v 0.03495556 -0.04579997 0.10053860
v 0.03100699 -0.04579895 0.10257790
v 0.03100699 -0.04579895 0.10257790
v 0.03495556 -0.04579997 0.10053860
v 0.03497195 -0.04579997 0.10414330
v 0.03100699 -0.04579895 0.10257790
v 0.03497195 -0.04579997 0.10414330
v 0.03096044 -0.04579895 0.10420060
v 0.03096044 -0.04579895 0.10420060
v 0.03497195 -0.04579997 0.10414330
v 0.03082895 -0.04579895 0.10581860
v 0.03082895 -0.04579895 0.10581860
v 0.03497195 -0.04579997 0.10414330
v 0.03461766 -0.04579997 0.10773050
v 0.03082895 -0.04579895 0.10581860
v 0.03461766 -0.04579997 0.10773050
v 0.03061306 -0.04579895 0.10742750
v 0.03061306 -0.04579895 0.10742750
v 0.03461766 -0.04579997 0.10773050
v 0.03031319 -0.04579895 0.10902290
v 0.03031319 -0.04579895 0.10902290
v 0.03461766 -0.04579997 0.10773050
v 0.03389626 -0.04579997 0.11126200
v 0.03031319 -0.04579895 0.10902290
v 0.03389626 -0.04579997 0.11126200
v 0.02993029 -0.04579895 0.11060040
v 0.02993029 -0.04579895 0.11060040
v 0.03389626 -0.04579997 0.11126200
v 0.02946519 -0.04579895 0.11215580
v 0.02946519 -0.04579895 0.11215580
v 0.03389626 -0.04579997 0.11126200
v 0.03281581 -0.04579997 0.11470090
v 0.02946519 -0.04579895 0.11215580
v 0.03281581 -0.04579997 0.11470090
v 0.02891945 -0.04579895 0.11368470
v 0.02891945 -0.04579895 0.11368470
v 0.03281581 -0.04579997 0.11470090
v 0.02829462 -0.04579895 0.11518280
v 0.02829462 -0.04579895 0.11518280
v 0.03281581 -0.04579997 0.11470090
v 0.03138720 -0.04579997 0.11801040
v 0.02829462 -0.04579895 0.11518280
v 0.03138720 -0.04579997 0.11801040
v 0.02759206 -0.04579895 0.11664630
v 0.02759206 -0.04579895 0.11664630
v 0.03138720 -0.04579997 0.11801040
v 0.02653753 -0.04579961 0.11855390
v 0.02653753 -0.04579961 0.11855390
v 0.03138720 -0.04579997 0.11801040
v 0.02962619 -0.04579997 0.12115550
v 0.02653753 -0.04579961 0.11855390
v 0.02962619 -0.04579997 0.12115550
v 0.02451395 -0.04579997 0.12149100
v 0.02451395 -0.04579997 0.12149100
v 0.02962619 -0.04579997 0.12115550
v 0.02799433 -0.04579997 0.12350740
v 0.02451395 -0.04579997 0.12149100
v 0.02799433 -0.04579997 0.12350740
v 0.02640235 -0.04579997 0.12549250
v 0.02451395 -0.04579997 0.12149100
v 0.02640235 -0.04579997 0.12549250
v 0.02218610 -0.04579943 0.12416790
v 0.02218610 -0.04579943 0.12416790
v 0.02640235 -0.04579997 0.12549250
v 0.02389836 -0.04579991 0.12808530
v 0.02218610 -0.04579943 0.12416790
v 0.02389836 -0.04579991 0.12808530
v 0.02068978 -0.04579895 0.12559471
v 0.02068978 -0.04579895 0.12559471
v 0.02389836 -0.04579991 0.12808530
v 0.01945281 -0.04579895 0.12664589
v 0.01945281 -0.04579895 0.12664589
v 0.02389836 -0.04579991 0.12808530
v 0.02114081 -0.04579991 0.13040701
v 0.01945281 -0.04579895 0.12664589
v 0.02114081 -0.04579991 0.13040701
v 0.01744562 -0.04579991 0.12813690
v 0.01744562 -0.04579991 0.12813690
v 0.02114081 -0.04579991 0.13040701
v 0.01815921 -0.04579991 0.13243289
v 0.01744562 -0.04579991 0.12813690
v 0.01815921 -0.04579991 0.13243289
v 0.01543605 -0.04579895 0.12939170
v 0.01543605 -0.04579895 0.12939170
v 0.01815921 -0.04579991 0.13243289
v 0.01400727 -0.04579895 0.13016280
v 0.01400727 -0.04579895 0.13016280
v 0.01815921 -0.04579991 0.13243289
v 0.01498556 -0.04579991 0.13414130
v 0.01400727 -0.04579895 0.13016280
v 0.01498556 -0.04579991 0.13414130
v 0.01254040 -0.04579895 0.13085800
v 0.01254040 -0.04579895 0.13085800
v 0.01498556 -0.04579991 0.13414130
v 0.01103919 -0.04579895 0.13147540
v 0.01103919 -0.04579895 0.13147540
v 0.01498556 -0.04579991 0.13414130
v 0.01234620 -0.04579991 0.13525000
v 0.01103919 -0.04579895 0.13147540
v 0.01234620 -0.04579991 0.13525000
v 0.00950742 -0.04579895 0.13201340
v 0.00950742 -0.04579895 0.13201340
v 0.01234620 -0.04579991 0.13525000
v 0.00993770 -0.04579991 0.13607051
v 0.00950742 -0.04579895 0.13201340
v 0.00993770 -0.04579991 0.13607051
v 0.00741321 -0.04579961 0.13261680
v 0.00741321 -0.04579961 0.13261680
v 0.00993770 -0.04579991 0.13607051
v 0.00715923 -0.04579991 0.13675991
v 0.00741321 -0.04579961 0.13261680
v 0.00715923 -0.04579991 0.13675991
v 0.00477356 -0.04579895 0.13313740
v 0.00477356 -0.04579895 0.13313740
v 0.00715923 -0.04579991 0.13675991
v 0.00465321 -0.04579991 0.13719989
v 0.00477356 -0.04579895 0.13313740
v 0.00465321 -0.04579991 0.13719989
v 0.00316358 -0.04579895 0.13334531
v 0.00316358 -0.04579895 0.13334531
v 0.00465321 -0.04579991 0.13719989
v 0.00154483 -0.04579895 0.13346860
v 0.00154483 -0.04579895 0.13346860
v 0.00465321 -0.04579991 0.13719989
v 0.00180173 -0.04579991 0.13745360
v 0.00154483 -0.04579895 0.13346860
v 0.00180173 -0.04579991 0.13745360
v -0.00007809 -0.04579895 0.13350700
v -0.00007809 -0.04579895 0.13350700
v 0.00180173 -0.04579991 0.13745360
v -0.00090154 -0.04579991 0.13749529
v -0.00007809 -0.04579895 0.13350700
v -0.00090154 -0.04579991 0.13749529
v -0.00170040 -0.04579895 0.13346040
v -0.00170040 -0.04579895 0.13346040
v -0.00090154 -0.04579991 0.13749529
v -0.00331855 -0.04579895 0.13332900
v -0.00331855 -0.04579895 0.13332900
v -0.00090154 -0.04579991 0.13749529
v -0.00433737 -0.04579991 0.13724080
v -0.00331855 -0.04579895 0.13332900
v -0.00433737 -0.04579991 0.13724080
v -0.00547731 -0.04579961 0.13302830
v -0.00547731 -0.04579961 0.13302830
v -0.00433737 -0.04579991 0.13724080
v -0.00715923 -0.04579991 0.13675991
v -0.00547731 -0.04579961 0.13302830
v -0.00715923 -0.04579991 0.13675991
v -0.00863844 -0.04579961 0.13228850
v -0.00863844 -0.04579961 0.13228850
v -0.00715923 -0.04579991 0.13675991
v -0.00963187 -0.04579991 0.13615949
v -0.00863844 -0.04579961 0.13228850
v -0.00963187 -0.04579991 0.13615949
v -0.01199924 -0.04579991 0.13109399
v -0.01199924 -0.04579991 0.13109399
v -0.00963187 -0.04579991 0.13615949
v -0.01234620 -0.04579991 0.13525000
v -0.01199924 -0.04579991 0.13109399
v -0.01234620 -0.04579991 0.13525000
v -0.01469713 -0.04579991 0.13427630
v -0.01199924 -0.04579991 0.13109399
v -0.01469713 -0.04579991 0.13427630
v -0.01492232 -0.04579991 0.12968311
v -0.01492232 -0.04579991 0.12968311
v -0.01469713 -0.04579991 0.13427630
v -0.01788628 -0.04579991 0.13259689
v -0.01492232 -0.04579991 0.12968311
v -0.01788628 -0.04579991 0.13259689
v -0.01742064 -0.04579961 0.12816110
v -0.01742064 -0.04579961 0.12816110
v -0.01788628 -0.04579991 0.13259689
v -0.02088612 -0.04579991 0.13059820
v -0.01742064 -0.04579961 0.12816110
v -0.02088612 -0.04579991 0.13059820
v -0.01957380 -0.04579895 0.12654790
v -0.01957380 -0.04579895 0.12654790
v -0.02088612 -0.04579991 0.13059820
v -0.02080541 -0.04579895 0.12549061
v -0.02080541 -0.04579895 0.12549061
v -0.02088612 -0.04579991 0.13059820
v -0.02366459 -0.04579991 0.12830169
v -0.02080541 -0.04579895 0.12549061
v -0.02366459 -0.04579991 0.12830169
v -0.02198034 -0.04579895 0.12437020
v -0.02198034 -0.04579895 0.12437020
v -0.02366459 -0.04579991 0.12830169
v -0.02367264 -0.04579997 0.12252990
v -0.02367264 -0.04579997 0.12252990
v -0.02366459 -0.04579991 0.12830169
v -0.02568596 -0.04579997 0.12627450
v -0.02367264 -0.04579997 0.12252990
v -0.02568596 -0.04579997 0.12627450
v -0.02735334 -0.04579997 0.12435250
v -0.02367264 -0.04579997 0.12252990
v -0.02735334 -0.04579997 0.12435250
v -0.02513086 -0.04579895 0.12066230
v -0.02513086 -0.04579895 0.12066230
v -0.02735334 -0.04579997 0.12435250
v -0.02604705 -0.04579895 0.11932220
v -0.02604705 -0.04579895 0.11932220
v -0.02735334 -0.04579997 0.12435250
v -0.02945530 -0.04579997 0.12142410
v -0.02604705 -0.04579895 0.11932220
v -0.02945530 -0.04579997 0.12142410
v -0.02689164 -0.04579895 0.11793600
v -0.02689164 -0.04579895 0.11793600
v -0.02945530 -0.04579997 0.12142410
v -0.02766281 -0.04579895 0.11650750
v -0.02766281 -0.04579895 0.11650750
v -0.02945530 -0.04579997 0.12142410
v -0.03124499 -0.04579997 0.11829530
v -0.02766281 -0.04579895 0.11650750
v -0.03124499 -0.04579997 0.11829530
v -0.02835798 -0.04579895 0.11504050
v -0.02835798 -0.04579895 0.11504050
v -0.03124499 -0.04579997 0.11829530
v -0.02897530 -0.04579895 0.11353920
v -0.02897530 -0.04579895 0.11353920
v -0.03124499 -0.04579997 0.11829530
v -0.03242129 -0.04579997 0.11568550
v -0.02897530 -0.04579895 0.11353920
v -0.03242129 -0.04579997 0.11568550
v -0.02951335 -0.04579895 0.11200760
v -0.02951335 -0.04579895 0.11200760
v -0.03242129 -0.04579997 0.11568550
v -0.03330338 -0.04579997 0.11329880
v -0.02951335 -0.04579895 0.11200760
v -0.03330338 -0.04579997 0.11329880
v -0.02997058 -0.04579895 0.11044990
v -0.02997058 -0.04579895 0.11044990
v -0.03330338 -0.04579997 0.11329880
v -0.03034549 -0.04579895 0.10887050
v -0.03034549 -0.04579895 0.10887050
v -0.03330338 -0.04579997 0.11329880
v -0.03406423 -0.04579997 0.11053900
v -0.03034549 -0.04579895 0.10887050
v -0.03406423 -0.04579997 0.11053900
v -0.03072679 -0.04579961 0.10672440
v -0.03072679 -0.04579961 0.10672440
v -0.03406423 -0.04579997 0.11053900
v -0.03456854 -0.04579997 0.10804510
v -0.03072679 -0.04579961 0.10672440
v -0.03456854 -0.04579997 0.10804510
v -0.03096842 -0.04579895 0.10404490
v -0.03096842 -0.04579895 0.10404490
v -0.03456854 -0.04579997 0.10804510
v -0.03495556 -0.04579997 0.10446130
v -0.03096842 -0.04579895 0.10404490
v -0.03495556 -0.04579997 0.10446130
v -0.03100723 -0.04579919 0.10242190
v -0.03100723 -0.04579919 0.10242190
v -0.03495556 -0.04579997 0.10446130
v -0.03498834 -0.04579997 0.10159870
v -0.00433737 -0.04579991 0.13724080
v -0.00090154 -0.04579991 0.13749529
v -0.00287002 -0.04529058 0.13834400
v -0.03340023 -0.04579997 0.09200453
v -0.03430247 -0.04579997 0.09549444
v -0.03499799 -0.04528290 0.09424048
v -0.03214406 -0.04579997 0.08862590
v -0.03340023 -0.04579997 0.09200453
v -0.03421092 -0.04528617 0.09140694
v -0.03054726 -0.04579997 0.08539432
v -0.03214406 -0.04579997 0.08862590
v -0.03288894 -0.04528617 0.08794814
v -0.02862656 -0.04579997 0.08234411
v -0.03054726 -0.04579997 0.08539432
v -0.03121834 -0.04528617 0.08464354
v -0.02640241 -0.04579997 0.07950758
v -0.02862656 -0.04579997 0.08234411
v -0.02809870 -0.04528617 0.08005195
v -0.02389830 -0.04579997 0.07691460
v -0.02640241 -0.04579997 0.07950758
v -0.02639013 -0.04528290 0.07807362
v -0.02172130 -0.04579997 0.07505577
v -0.02389830 -0.04579997 0.07691460
v -0.02430945 -0.04528617 0.07599526
v -0.01967626 -0.04579997 0.07354176
v -0.02172130 -0.04579997 0.07505577
v -0.02145522 -0.04528617 0.07363623
v -0.01659435 -0.04579997 0.07167202
v -0.01967626 -0.04579997 0.07354176
v -0.01929920 -0.04528290 0.07215821
v -0.01401585 -0.04579997 0.07042890
v -0.01659435 -0.04579997 0.07167202
v -0.01675790 -0.04528617 0.07067829
v -0.01165252 -0.04579997 0.06948548
v -0.01401585 -0.04579997 0.07042890
v -0.01440012 -0.04528290 0.06954962
v -0.00264585 -0.04530990 0.06667524
v 0.00081399 -0.04510450 0.06622117
v 0.00074170 -0.04579997 0.06749570
v -0.00264585 -0.04530990 0.06667524
v 0.00074170 -0.04579997 0.06749570
v -0.00180173 -0.04579997 0.06754636
v -0.03551054 -0.04528617 0.09680378
v -0.03430247 -0.04579997 0.09549444
v -0.03484100 -0.04579997 0.09905862
v -0.03551054 -0.04528617 0.09680378
v -0.03484100 -0.04579997 0.09905862
v -0.03585225 -0.04528290 0.09972476
v -0.03585225 -0.04528290 0.09972476
v -0.03484100 -0.04579997 0.09905862
v -0.03596413 -0.04528617 0.10233640
v -0.03596413 -0.04528617 0.10233640
v -0.03484100 -0.04579997 0.09905862
v -0.03498834 -0.04579997 0.10159870
v -0.03596413 -0.04528617 0.10233640
v -0.03498834 -0.04579997 0.10159870
v -0.03495556 -0.04579997 0.10446130
v -0.03596413 -0.04528617 0.10233640
v -0.03495556 -0.04579997 0.10446130
v -0.03585225 -0.04528290 0.10527520
v -0.03585225 -0.04528290 0.10527520
v -0.03495556 -0.04579997 0.10446130
v -0.03556090 -0.04528617 0.10787290
v -0.03556090 -0.04528617 0.10787290
v -0.03495556 -0.04579997 0.10446130
v -0.03456854 -0.04579997 0.10804510
v -0.03556090 -0.04528617 0.10787290
v -0.03456854 -0.04579997 0.10804510
v -0.03499799 -0.04528290 0.11075940
v -0.03499799 -0.04528290 0.11075940
v -0.03456854 -0.04579997 0.10804510
v -0.03406423 -0.04579997 0.11053900
v -0.03499799 -0.04528290 0.11075940
v -0.03406423 -0.04579997 0.11053900
v -0.03431046 -0.04528617 0.11328130
v -0.03431046 -0.04528617 0.11328130
v -0.03406423 -0.04579997 0.11053900
v -0.03330338 -0.04579997 0.11329880
v -0.03431046 -0.04528617 0.11328130
v -0.03330338 -0.04579997 0.11329880
v -0.03301995 -0.04528617 0.11675200
v -0.03301995 -0.04528617 0.11675200
v -0.03330338 -0.04579997 0.11329880
v -0.03242129 -0.04579997 0.11568550
v -0.03301995 -0.04528617 0.11675200
v -0.03242129 -0.04579997 0.11568550
v -0.03124499 -0.04579997 0.11829530
v -0.03301995 -0.04528617 0.11675200
v -0.03124499 -0.04579997 0.11829530
v -0.03137964 -0.04528617 0.12007160
v -0.03137964 -0.04528617 0.12007160
v -0.03124499 -0.04579997 0.11829530
v -0.02945530 -0.04579997 0.12142410
v -0.03137964 -0.04528617 0.12007160
v -0.02945530 -0.04579997 0.12142410
v -0.02940642 -0.04528617 0.12320500
v 0.00000000 -0.04441326 0.06508779
v 0.00081399 -0.04510450 0.06622117
v -0.00284421 -0.04456037 0.06542015
v -0.00284421 -0.04456037 0.06542015
v 0.00081399 -0.04510450 0.06622117
v -0.00264585 -0.04530990 0.06667524
v -0.00264585 -0.04530990 0.06667524
v -0.00180173 -0.04579997 0.06754636
v -0.00465321 -0.04579997 0.06779998
v -0.03601127 -0.04452580 0.09300041
v -0.03551054 -0.04528617 0.09680378
v -0.03679728 -0.04452580 0.09675335
v -0.03679728 -0.04452580 0.09675335
v -0.03551054 -0.04528617 0.09680378
v -0.03585225 -0.04528290 0.09972476
v -0.03679728 -0.04452580 0.09675335
v -0.03585225 -0.04528290 0.09972476
v -0.03712773 -0.04452091 0.09962606
v -0.03712773 -0.04452091 0.09962606
v -0.03585225 -0.04528290 0.09972476
v -0.03596413 -0.04528617 0.10233640
v -0.03712773 -0.04452091 0.09962606
v -0.03596413 -0.04528617 0.10233640
v -0.03724318 -0.04452580 0.10248470
v -0.03724318 -0.04452580 0.10248470
v -0.03596413 -0.04528617 0.10233640
v -0.03585225 -0.04528290 0.10527520
v -0.03724318 -0.04452580 0.10248470
v -0.03585225 -0.04528290 0.10527520
v -0.03712773 -0.04452091 0.10537390
v -0.03712773 -0.04452091 0.10537390
v -0.03585225 -0.04528290 0.10527520
v -0.03556090 -0.04528617 0.10787290
v -0.03712773 -0.04452091 0.10537390
v -0.03556090 -0.04528617 0.10787290
v -0.03680205 -0.04452580 0.10821620
v -0.03680205 -0.04452580 0.10821620
v -0.03556090 -0.04528617 0.10787290
v -0.03499799 -0.04528290 0.11075940
v -0.03680205 -0.04452580 0.10821620
v -0.03499799 -0.04528290 0.11075940
v -0.03624320 -0.04452091 0.11105330
v -0.03624320 -0.04452091 0.11105330
v -0.03499799 -0.04528290 0.11075940
v -0.03431046 -0.04528617 0.11328130
v -0.03624320 -0.04452091 0.11105330
v -0.03431046 -0.04528617 0.11328130
v -0.03548383 -0.04452580 0.11381160
v -0.03548383 -0.04452580 0.11381160
v -0.03431046 -0.04528617 0.11328130
v -0.03301995 -0.04528617 0.11675200
v -0.03548383 -0.04452580 0.11381160
v -0.03301995 -0.04528617 0.11675200
v -0.03413271 -0.04452580 0.11740010
v -0.03413271 -0.04452580 0.11740010
v -0.03301995 -0.04528617 0.11675200
v -0.03137964 -0.04528617 0.12007160
v -0.03413271 -0.04452580 0.11740010
v -0.03137964 -0.04528617 0.12007160
v -0.03286975 -0.04452091 0.12000140
v -0.03286975 -0.04452091 0.12000140
v -0.03137964 -0.04528617 0.12007160
v -0.03143322 -0.04452580 0.12247540
v -0.03143322 -0.04452580 0.12247540
v -0.03137964 -0.04528617 0.12007160
v -0.02940642 -0.04528617 0.12320500
v -0.00090154 -0.04579991 0.13749529
v -0.00001491 -0.04519349 0.13862181
v -0.00287002 -0.04529058 0.13834400
v -0.00287002 -0.04529058 0.13834400
v -0.00001491 -0.04519349 0.13862181
v -0.00286490 -0.04451131 0.13965690
v 0.00000013 -0.04357796 0.06385016
v 0.00000000 -0.04441326 0.06508779
v -0.00293458 -0.04374253 0.06418621
v -0.00293458 -0.04374253 0.06418621
v 0.00000000 -0.04441326 0.06508779
v -0.00284421 -0.04456037 0.06542015
v -0.00284421 -0.04456037 0.06542015
v -0.00264585 -0.04530990 0.06667524
v -0.00553381 -0.04528290 0.06696879
v -0.00553381 -0.04528290 0.06696879
v -0.00264585 -0.04530990 0.06667524
v -0.00465321 -0.04579997 0.06779998
v -0.03721189 -0.04370129 0.09268498
v -0.03601127 -0.04452580 0.09300041
v -0.03679728 -0.04452580 0.09675335
v -0.03721189 -0.04370129 0.09268498
v -0.03679728 -0.04452580 0.09675335
v -0.03802371 -0.04370129 0.09656316
v -0.03802371 -0.04370129 0.09656316
v -0.03679728 -0.04452580 0.09675335
v -0.03712773 -0.04452091 0.09962606
v -0.03802371 -0.04370129 0.09656316
v -0.03712773 -0.04452091 0.09962606
v -0.03836542 -0.04369539 0.09953027
v -0.03836542 -0.04369539 0.09953027
v -0.03712773 -0.04452091 0.09962606
v -0.03724318 -0.04452580 0.10248470
v -0.03836542 -0.04369539 0.09953027
v -0.03724318 -0.04452580 0.10248470
v -0.03848451 -0.04370129 0.10248540
v -0.03848451 -0.04370129 0.10248540
v -0.03724318 -0.04452580 0.10248470
v -0.03712773 -0.04452091 0.10537390
v -0.03848451 -0.04370129 0.10248540
v -0.03712773 -0.04452091 0.10537390
v -0.03836542 -0.04369539 0.10546970
v -0.03836542 -0.04369539 0.10546970
v -0.03712773 -0.04452091 0.10537390
v -0.03680205 -0.04452580 0.10821620
v -0.03836542 -0.04369539 0.10546970
v -0.03680205 -0.04452580 0.10821620
v -0.03802824 -0.04370129 0.10840800
v -0.03802824 -0.04370129 0.10840800
v -0.03680205 -0.04452580 0.10821620
v -0.03624320 -0.04452091 0.11105330
v -0.03802824 -0.04370129 0.10840800
v -0.03624320 -0.04452091 0.11105330
v -0.03721922 -0.04370129 0.11228680
v -0.03721922 -0.04370129 0.11228680
v -0.03624320 -0.04452091 0.11105330
v -0.03548383 -0.04452580 0.11381160
v -0.03721922 -0.04370129 0.11228680
v -0.03548383 -0.04452580 0.11381160
v -0.03634411 -0.04369539 0.11514240
v -0.03634411 -0.04369539 0.11514240
v -0.03548383 -0.04452580 0.11381160
v -0.03413271 -0.04452580 0.11740010
v -0.03634411 -0.04369539 0.11514240
v -0.03413271 -0.04452580 0.11740010
v -0.03526973 -0.04370129 0.11789790
v -0.03526973 -0.04370129 0.11789790
v -0.03413271 -0.04452580 0.11740010
v -0.03286975 -0.04452091 0.12000140
v -0.03526973 -0.04370129 0.11789790
v -0.03286975 -0.04452091 0.12000140
v -0.03396552 -0.04369539 0.12058480
v -0.03396552 -0.04369539 0.12058480
v -0.03286975 -0.04452091 0.12000140
v -0.03143322 -0.04452580 0.12247540
v -0.03396552 -0.04369539 0.12058480
v -0.03143322 -0.04452580 0.12247540
v -0.03248012 -0.04370129 0.12314210
v -0.00001491 -0.04519349 0.13862181
v 0.00000000 -0.04441338 0.13991210
v -0.00286490 -0.04451131 0.13965690
v -0.00286490 -0.04451131 0.13965690
v 0.00000000 -0.04441338 0.13991210
v -0.00198084 -0.04369533 0.14092921
v 0.00000000 -0.04268211 0.06265550
v 0.00000013 -0.04357796 0.06385016
v -0.00204265 -0.04280787 0.06287205
v -0.00204265 -0.04280787 0.06287205
v 0.00000013 -0.04357796 0.06385016
v -0.00293458 -0.04374253 0.06418621
v -0.00293458 -0.04374253 0.06418621
v -0.00284421 -0.04456037 0.06542015
v -0.00666201 -0.04452580 0.06585723
v -0.00666201 -0.04452580 0.06585723
v -0.00284421 -0.04456037 0.06542015
v -0.00553381 -0.04528290 0.06696879
v -0.00666201 -0.04452580 0.06585723
v -0.00553381 -0.04528290 0.06696879
v -0.00810122 -0.04528617 0.06745982
v -0.00810122 -0.04528617 0.06745982
v -0.00553381 -0.04528290 0.06696879
v -0.00465321 -0.04579997 0.06779998
v -0.00810122 -0.04528617 0.06745982
v -0.00465321 -0.04579997 0.06779998
v -0.00819641 -0.04579997 0.06846237
v -0.03747779 -0.04280787 0.08946323
v -0.03721189 -0.04370129 0.09268498
v -0.03809911 -0.04280787 0.09140986
v -0.03809911 -0.04280787 0.09140986
v -0.03721189 -0.04370129 0.09268498
v -0.03861951 -0.04280787 0.09338587
v -0.03861951 -0.04280787 0.09338587
v -0.03721189 -0.04370129 0.09268498
v -0.03802371 -0.04370129 0.09656316
v -0.03861951 -0.04280787 0.09338587
v -0.03802371 -0.04370129 0.09656316
v -0.03903758 -0.04280787 0.09538602
v -0.03903758 -0.04280787 0.09538602
v -0.03802371 -0.04370129 0.09656316
v -0.03935194 -0.04280787 0.09740507
v -0.03935194 -0.04280787 0.09740507
v -0.03802371 -0.04370129 0.09656316
v -0.03836542 -0.04369539 0.09953027
v -0.03935194 -0.04280787 0.09740507
v -0.03836542 -0.04369539 0.09953027
v -0.03956204 -0.04280787 0.09943759
v -0.03956204 -0.04280787 0.09943759
v -0.03836542 -0.04369539 0.09953027
v -0.03848451 -0.04370129 0.10248540
v -0.03956204 -0.04280787 0.09943759
v -0.03848451 -0.04370129 0.10248540
v -0.03966724 -0.04280787 0.10147830
v -0.03966724 -0.04280787 0.10147830
v -0.03848451 -0.04370129 0.10248540
v -0.03966724 -0.04280787 0.10352170
v -0.03966724 -0.04280787 0.10352170
v -0.03848451 -0.04370129 0.10248540
v -0.03836542 -0.04369539 0.10546970
v -0.03966724 -0.04280787 0.10352170
v -0.03836542 -0.04369539 0.10546970
v -0.03956204 -0.04280787 0.10556230
v -0.03956204 -0.04280787 0.10556230
v -0.03836542 -0.04369539 0.10546970
v -0.03802824 -0.04370129 0.10840800
v -0.03956204 -0.04280787 0.10556230
v -0.03802824 -0.04370129 0.10840800
v -0.03935194 -0.04280787 0.10759490
v -0.03935194 -0.04280787 0.10759490
v -0.03802824 -0.04370129 0.10840800
v -0.03903758 -0.04280787 0.10961390
v -0.03903758 -0.04280787 0.10961390
v -0.03802824 -0.04370129 0.10840800
v -0.03721922 -0.04370129 0.11228680
v -0.03903758 -0.04280787 0.10961390
v -0.03721922 -0.04370129 0.11228680
v -0.03861951 -0.04280787 0.11161410
v -0.03861951 -0.04280787 0.11161410
v -0.03721922 -0.04370129 0.11228680
v -0.03809911 -0.04280787 0.11359010
v -0.03809911 -0.04280787 0.11359010
v -0.03721922 -0.04370129 0.11228680
v -0.03634411 -0.04369539 0.11514240
v -0.03809911 -0.04280787 0.11359010
v -0.03634411 -0.04369539 0.11514240
v -0.03747779 -0.04280787 0.11553670
v -0.03747779 -0.04280787 0.11553670
v -0.03634411 -0.04369539 0.11514240
v -0.03526973 -0.04370129 0.11789790
v -0.03747779 -0.04280787 0.11553670
v -0.03526973 -0.04370129 0.11789790
v -0.03675699 -0.04280787 0.11744880
v -0.03675699 -0.04280787 0.11744880
v -0.03526973 -0.04370129 0.11789790
v -0.03593868 -0.04280787 0.11932110
v -0.03593868 -0.04280787 0.11932110
v -0.03526973 -0.04370129 0.11789790
v -0.03396552 -0.04369539 0.12058480
v -0.03593868 -0.04280787 0.11932110
v -0.03396552 -0.04369539 0.12058480
v -0.03502506 -0.04280787 0.12114890
v -0.03502506 -0.04280787 0.12114890
v -0.03396552 -0.04369539 0.12058480
v -0.03248012 -0.04370129 0.12314210
v -0.03502506 -0.04280787 0.12114890
v -0.03248012 -0.04370129 0.12314210
v -0.03401869 -0.04280787 0.12292730
v -0.03401869 -0.04280787 0.12292730
v -0.03248012 -0.04370129 0.12314210
v -0.03292191 -0.04280787 0.12465140
v 0.00000000 -0.04441338 0.13991210
v 0.00000000 -0.04357814 0.14114959
v -0.00198084 -0.04369533 0.14092921
v -0.00198084 -0.04369533 0.14092921
v 0.00000000 -0.04357814 0.14114959
v -0.00204265 -0.04280787 0.14212790
v 0.00000000 -0.04172796 0.06150710
v 0.00000000 -0.04268211 0.06265550
v -0.00210220 -0.04186069 0.06171751
v -0.00210220 -0.04186069 0.06171751
v 0.00000000 -0.04268211 0.06265550
v -0.00204265 -0.04280787 0.06287205
v -0.00210220 -0.04186069 0.06171751
v -0.00204265 -0.04280787 0.06287205
v -0.00407988 -0.04280787 0.06302976
v -0.00407988 -0.04280787 0.06302976
v -0.00204265 -0.04280787 0.06287205
v -0.00293458 -0.04374253 0.06418621
v -0.00407988 -0.04280787 0.06302976
v -0.00293458 -0.04374253 0.06418621
v -0.00688529 -0.04370129 0.06463640
v -0.00688529 -0.04370129 0.06463640
v -0.00293458 -0.04374253 0.06418621
v -0.00666201 -0.04452580 0.06585723
v -0.03782778 -0.04186069 0.08711570
v -0.03747779 -0.04280787 0.08946323
v -0.03856962 -0.04186069 0.08908343
v -0.03856962 -0.04186069 0.08908343
v -0.03747779 -0.04280787 0.08946323
v -0.03809911 -0.04280787 0.09140986
v -0.03856962 -0.04186069 0.08908343
v -0.03809911 -0.04280787 0.09140986
v -0.03920912 -0.04186069 0.09108674
v -0.03920912 -0.04186069 0.09108674
v -0.03809911 -0.04280787 0.09140986
v -0.03861951 -0.04280787 0.09338587
v -0.03920912 -0.04186069 0.09108674
v -0.03861951 -0.04280787 0.09338587
v -0.03974479 -0.04186069 0.09312027
v -0.03974479 -0.04186069 0.09312027
v -0.03861951 -0.04280787 0.09338587
v -0.03903758 -0.04280787 0.09538602
v -0.03974479 -0.04186069 0.09312027
v -0.03903758 -0.04280787 0.09538602
v -0.04017496 -0.04186069 0.09517878
v -0.04017496 -0.04186069 0.09517878
v -0.03903758 -0.04280787 0.09538602
v -0.03935194 -0.04280787 0.09740507
v -0.04017496 -0.04186069 0.09517878
v -0.03935194 -0.04280787 0.09740507
v -0.04049861 -0.04186069 0.09725660
v -0.04049861 -0.04186069 0.09725660
v -0.03935194 -0.04280787 0.09740507
v -0.03956204 -0.04280787 0.09943759
v -0.04049861 -0.04186069 0.09725660
v -0.03956204 -0.04280787 0.09943759
v -0.04071480 -0.04186069 0.09934836
v -0.04071480 -0.04186069 0.09934836
v -0.03956204 -0.04280787 0.09943759
v -0.03966724 -0.04280787 0.10147830
v -0.04071480 -0.04186069 0.09934836
v -0.03966724 -0.04280787 0.10147830
v -0.04082304 -0.04186069 0.10144850
v -0.04082304 -0.04186069 0.10144850
v -0.03966724 -0.04280787 0.10147830
v -0.03966724 -0.04280787 0.10352170
v -0.04082304 -0.04186069 0.10144850
v -0.03966724 -0.04280787 0.10352170
v -0.04082304 -0.04186069 0.10355150
v -0.04082304 -0.04186069 0.10355150
v -0.03966724 -0.04280787 0.10352170
v -0.03956204 -0.04280787 0.10556230
v -0.04082304 -0.04186069 0.10355150
v -0.03956204 -0.04280787 0.10556230
v -0.04071480 -0.04186069 0.10565160
v -0.04071480 -0.04186069 0.10565160
v -0.03956204 -0.04280787 0.10556230
v -0.03935194 -0.04280787 0.10759490
v -0.04071480 -0.04186069 0.10565160
v -0.03935194 -0.04280787 0.10759490
v -0.04049861 -0.04186069 0.10774330
v -0.04049861 -0.04186069 0.10774330
v -0.03935194 -0.04280787 0.10759490
v -0.03903758 -0.04280787 0.10961390
v -0.04049861 -0.04186069 0.10774330
v -0.03903758 -0.04280787 0.10961390
v -0.04017496 -0.04186069 0.10982120
v -0.04017496 -0.04186069 0.10982120
v -0.03903758 -0.04280787 0.10961390
v -0.03861951 -0.04280787 0.11161410
v -0.04017496 -0.04186069 0.10982120
v -0.03861951 -0.04280787 0.11161410
v -0.03974479 -0.04186069 0.11187970
v -0.03974479 -0.04186069 0.11187970
v -0.03861951 -0.04280787 0.11161410
v -0.03809911 -0.04280787 0.11359010
v -0.03974479 -0.04186069 0.11187970
v -0.03809911 -0.04280787 0.11359010
v -0.03920912 -0.04186069 0.11391320
v -0.03920912 -0.04186069 0.11391320
v -0.03809911 -0.04280787 0.11359010
v -0.03747779 -0.04280787 0.11553670
v -0.03920912 -0.04186069 0.11391320
v -0.03747779 -0.04280787 0.11553670
v -0.03856962 -0.04186069 0.11591660
v -0.03856962 -0.04186069 0.11591660
v -0.03747779 -0.04280787 0.11553670
v -0.03675699 -0.04280787 0.11744880
v -0.03856962 -0.04186069 0.11591660
v -0.03675699 -0.04280787 0.11744880
v -0.03782778 -0.04186069 0.11788430
v -0.03782778 -0.04186069 0.11788430
v -0.03675699 -0.04280787 0.11744880
v -0.03593868 -0.04280787 0.11932110
v -0.03782778 -0.04186069 0.11788430
v -0.03593868 -0.04280787 0.11932110
v -0.03698581 -0.04186069 0.11981120
v -0.03698581 -0.04186069 0.11981120
v -0.03593868 -0.04280787 0.11932110
v -0.03502506 -0.04280787 0.12114890
v -0.03698581 -0.04186069 0.11981120
v -0.03502506 -0.04280787 0.12114890
v -0.03604561 -0.04186069 0.12169220
v -0.03604561 -0.04186069 0.12169220
v -0.03502506 -0.04280787 0.12114890
v -0.03401869 -0.04280787 0.12292730
v -0.03604561 -0.04186069 0.12169220
v -0.03401869 -0.04280787 0.12292730
v -0.03500980 -0.04186069 0.12352240
v -0.03500980 -0.04186069 0.12352240
v -0.03401869 -0.04280787 0.12292730
v -0.03292191 -0.04280787 0.12465140
v -0.03500980 -0.04186069 0.12352240
v -0.03292191 -0.04280787 0.12465140
v -0.03388106 -0.04186069 0.12529680
v 0.00000000 -0.04357814 0.14114959
v 0.00000023 -0.04268205 0.14234440
v -0.00204265 -0.04280787 0.14212790
v -0.00204265 -0.04280787 0.14212790
v 0.00000023 -0.04268205 0.14234440
v -0.00210220 -0.04186069 0.14328250
v 0.00000000 -0.04071801 0.06040775
v 0.00000000 -0.04172796 0.06150710
v -0.00215930 -0.04085588 0.06060999
v -0.00215930 -0.04085588 0.06060999
v 0.00000000 -0.04172796 0.06150710
v -0.00210220 -0.04186069 0.06171751
v -0.00215930 -0.04085588 0.06060999
v -0.00210220 -0.04186069 0.06171751
v -0.00419885 -0.04186069 0.06187975
v -0.00419885 -0.04186069 0.06187975
v -0.00210220 -0.04186069 0.06171751
v -0.00407988 -0.04280787 0.06302976
v -0.00419885 -0.04186069 0.06187975
v -0.00407988 -0.04280787 0.06302976
v -0.00610644 -0.04280787 0.06329214
v -0.00610644 -0.04280787 0.06329214
v -0.00407988 -0.04280787 0.06302976
v -0.00688529 -0.04370129 0.06463640
v -0.00688529 -0.04370129 0.06463640
v -0.00666201 -0.04452580 0.06585723
v -0.01039433 -0.04452580 0.06673651
v -0.01039433 -0.04452580 0.06673651
v -0.00666201 -0.04452580 0.06585723
v -0.00810122 -0.04528617 0.06745982
v -0.01039433 -0.04452580 0.06673651
v -0.00810122 -0.04528617 0.06745982
v -0.01166117 -0.04528617 0.06847846
v -0.01166117 -0.04528617 0.06847846
v -0.00810122 -0.04528617 0.06745982
v -0.00819641 -0.04579997 0.06846237
v -0.01166117 -0.04528617 0.06847846
v -0.00819641 -0.04579997 0.06846237
v -0.01165252 -0.04579997 0.06948548
v -0.03799009 -0.04085588 0.08471870
v -0.03782778 -0.04186069 0.08711570
v -0.03885495 -0.04085588 0.08669793
v -0.03885495 -0.04085588 0.08669793
v -0.03782778 -0.04186069 0.08711570
v -0.03856962 -0.04186069 0.08908343
v -0.03885495 -0.04085588 0.08669793
v -0.03856962 -0.04186069 0.08908343
v -0.03961700 -0.04085588 0.08871912
v -0.03961700 -0.04085588 0.08871912
v -0.03856962 -0.04186069 0.08908343
v -0.03920912 -0.04186069 0.09108674
v -0.03961700 -0.04085588 0.08871912
v -0.03920912 -0.04186069 0.09108674
v -0.04027390 -0.04085588 0.09077680
v -0.04027390 -0.04085588 0.09077680
v -0.03920912 -0.04186069 0.09108674
v -0.03974479 -0.04186069 0.09312027
v -0.04027390 -0.04085588 0.09077680
v -0.03974479 -0.04186069 0.09312027
v -0.04082387 -0.04085588 0.09286564
v -0.04082387 -0.04085588 0.09286564
v -0.03974479 -0.04186069 0.09312027
v -0.04017496 -0.04186069 0.09517878
v -0.04082387 -0.04085588 0.09286564
v -0.04017496 -0.04186069 0.09517878
v -0.04126584 -0.04085588 0.09497994
v -0.04126584 -0.04085588 0.09497994
v -0.04017496 -0.04186069 0.09517878
v -0.04049861 -0.04186069 0.09725660
v -0.04126584 -0.04085588 0.09497994
v -0.04049861 -0.04186069 0.09725660
v -0.04159826 -0.04085588 0.09711426
v -0.04159826 -0.04085588 0.09711426
v -0.04049861 -0.04186069 0.09725660
v -0.04071480 -0.04186069 0.09934836
v -0.04159826 -0.04085588 0.09711426
v -0.04071480 -0.04186069 0.09934836
v -0.04182022 -0.04085588 0.09926283
v -0.04182022 -0.04085588 0.09926283
v -0.04071480 -0.04186069 0.09934836
v -0.04082304 -0.04186069 0.10144850
v -0.04182022 -0.04085588 0.09926283
v -0.04082304 -0.04186069 0.10144850
v -0.04193145 -0.04085588 0.10142000
v -0.04193145 -0.04085588 0.10142000
v -0.04082304 -0.04186069 0.10144850
v -0.04082304 -0.04186069 0.10355150
v -0.04193145 -0.04085588 0.10142000
v -0.04082304 -0.04186069 0.10355150
v -0.04193145 -0.04085588 0.10357990
v -0.04193145 -0.04085588 0.10357990
v -0.04082304 -0.04186069 0.10355150
v -0.04071480 -0.04186069 0.10565160
v -0.04193145 -0.04085588 0.10357990
v -0.04071480 -0.04186069 0.10565160
v -0.04182022 -0.04085588 0.10573720
v -0.04182022 -0.04085588 0.10573720
v -0.04071480 -0.04186069 0.10565160
v -0.04049861 -0.04186069 0.10774330
v -0.04182022 -0.04085588 0.10573720
v -0.04049861 -0.04186069 0.10774330
v -0.04159826 -0.04085588 0.10788570
v -0.04159826 -0.04085588 0.10788570
v -0.04049861 -0.04186069 0.10774330
v -0.04017496 -0.04186069 0.10982120
v -0.04159826 -0.04085588 0.10788570
v -0.04017496 -0.04186069 0.10982120
v -0.04126584 -0.04085588 0.11002000
v -0.04126584 -0.04085588 0.11002000
v -0.04017496 -0.04186069 0.10982120
v -0.03974479 -0.04186069 0.11187970
v -0.04126584 -0.04085588 0.11002000
v -0.03974479 -0.04186069 0.11187970
v -0.04082387 -0.04085588 0.11213430
v -0.04082387 -0.04085588 0.11213430
v -0.03974479 -0.04186069 0.11187970
v -0.03920912 -0.04186069 0.11391320
v -0.04082387 -0.04085588 0.11213430
v -0.03920912 -0.04186069 0.11391320
v -0.04027390 -0.04085588 0.11422310
v -0.04027390 -0.04085588 0.11422310
v -0.03920912 -0.04186069 0.11391320
v -0.03856962 -0.04186069 0.11591660
v -0.04027390 -0.04085588 0.11422310
v -0.03856962 -0.04186069 0.11591660
v -0.03961700 -0.04085588 0.11628090
v -0.03961700 -0.04085588 0.11628090
v -0.03856962 -0.04186069 0.11591660
v -0.03782778 -0.04186069 0.11788430
v -0.03961700 -0.04085588 0.11628090
v -0.03782778 -0.04186069 0.11788430
v -0.03885495 -0.04085588 0.11830200
v -0.03885495 -0.04085588 0.11830200
v -0.03782778 -0.04186069 0.11788430
v -0.03698581 -0.04186069 0.11981120
v -0.03885495 -0.04085588 0.11830200
v -0.03698581 -0.04186069 0.11981120
v -0.03799009 -0.04085588 0.12028120
v -0.03799009 -0.04085588 0.12028120
v -0.03698581 -0.04186069 0.11981120
v -0.03604561 -0.04186069 0.12169220
v -0.03799009 -0.04085588 0.12028120
v -0.03604561 -0.04186069 0.12169220
v -0.03702419 -0.04085588 0.12221340
v -0.03702419 -0.04085588 0.12221340
v -0.03604561 -0.04186069 0.12169220
v -0.03500980 -0.04186069 0.12352240
v -0.03702419 -0.04085588 0.12221340
v -0.03500980 -0.04186069 0.12352240
v -0.03596031 -0.04085588 0.12409320
v -0.03596031 -0.04085588 0.12409320
v -0.03500980 -0.04186069 0.12352240
v -0.03388106 -0.04186069 0.12529680
v -0.03596031 -0.04085588 0.12409320
v -0.03388106 -0.04186069 0.12529680
v -0.03480118 -0.04085588 0.12591580
v -0.00395656 -0.04369533 0.14077620
v -0.00286490 -0.04451131 0.13965690
v -0.00198084 -0.04369533 0.14092921
v -0.00395656 -0.04369533 0.14077620
v -0.00198084 -0.04369533 0.14092921
v -0.00407988 -0.04280787 0.14197020
v -0.00407988 -0.04280787 0.14197020
v -0.00198084 -0.04369533 0.14092921
v -0.00204265 -0.04280787 0.14212790
v -0.00407988 -0.04280787 0.14197020
v -0.00204265 -0.04280787 0.14212790
v -0.00419885 -0.04186069 0.14312020
v -0.00419885 -0.04186069 0.14312020
v -0.00204265 -0.04280787 0.14212790
v -0.00210220 -0.04186069 0.14328250
v -0.00419885 -0.04186069 0.14312020
v -0.00210220 -0.04186069 0.14328250
v -0.00431281 -0.04085588 0.14422309
v -0.00431281 -0.04085588 0.14422309
v -0.00210220 -0.04186069 0.14328250
v -0.00215930 -0.04085588 0.14438979
v 0.00000000 -0.04071801 0.06040775
v -0.00215930 -0.04085588 0.06060999
v -0.00221348 -0.03979986 0.05955696
v 0.00000000 -0.04071801 0.06040775
v -0.00221348 -0.03979986 0.05955696
v 0.00000000 -0.03979986 0.05949985
v -0.01039433 -0.04452580 0.06673651
v -0.01074177 -0.04370129 0.06554496
v -0.00688529 -0.04370129 0.06463640
v -0.00688529 -0.04370129 0.06463640
v -0.01074177 -0.04370129 0.06554496
v -0.00811672 -0.04280787 0.06365847
v -0.00688529 -0.04370129 0.06463640
v -0.00811672 -0.04280787 0.06365847
v -0.00610644 -0.04280787 0.06329214
v -0.00610644 -0.04280787 0.06329214
v -0.00811672 -0.04280787 0.06365847
v -0.00628436 -0.04186069 0.06214982
v -0.00610644 -0.04280787 0.06329214
v -0.00628436 -0.04186069 0.06214982
v -0.00419885 -0.04186069 0.06187975
v -0.00419885 -0.04186069 0.06187975
v -0.00628436 -0.04186069 0.06214982
v -0.00431281 -0.04085588 0.06077677
v -0.00419885 -0.04186069 0.06187975
v -0.00431281 -0.04085588 0.06077677
v -0.00215930 -0.04085588 0.06060999
v -0.00215930 -0.04085588 0.06060999
v -0.00431281 -0.04085588 0.06077677
v -0.00436920 -0.03979998 0.05972188
v -0.00215930 -0.04085588 0.06060999
v -0.00436920 -0.03979998 0.05972188
v -0.00221348 -0.03979986 0.05955696
v -0.01165252 -0.04579997 0.06948548
v -0.01440012 -0.04528290 0.06954962
v -0.01166117 -0.04528617 0.06847846
v -0.01166117 -0.04528617 0.06847846
v -0.01440012 -0.04528290 0.06954962
v -0.01401633 -0.04452592 0.06799483
v -0.01166117 -0.04528617 0.06847846
v -0.01401633 -0.04452592 0.06799483
v -0.01039433 -0.04452580 0.06673651
v -0.01039433 -0.04452580 0.06673651
v -0.01401633 -0.04452592 0.06799483
v -0.01074177 -0.04370129 0.06554496
v -0.01074177 -0.04370129 0.06554496
v -0.01010549 -0.04280787 0.06412780
v -0.00811672 -0.04280787 0.06365847
v -0.00811672 -0.04280787 0.06365847
v -0.01010549 -0.04280787 0.06412780
v -0.00835317 -0.04186069 0.06252682
v -0.00811672 -0.04280787 0.06365847
v -0.00835317 -0.04186069 0.06252682
v -0.00628436 -0.04186069 0.06214982
v -0.00628436 -0.04186069 0.06214982
v -0.00835317 -0.04186069 0.06252682
v -0.00645500 -0.04085588 0.06105417
v -0.00628436 -0.04186069 0.06214982
v -0.00645500 -0.04085588 0.06105417
v -0.00431281 -0.04085588 0.06077677
v -0.00431281 -0.04085588 0.06077677
v -0.00645500 -0.04085588 0.06105417
v -0.00655961 -0.03979992 0.06000268
v -0.00431281 -0.04085588 0.06077677
v -0.00655961 -0.03979992 0.06000268
v -0.00436920 -0.03979998 0.05972188
v -0.01401585 -0.04579997 0.07042890
v -0.01675790 -0.04528617 0.07067829
v -0.01440012 -0.04528290 0.06954962
v -0.01440012 -0.04528290 0.06954962
v -0.01675790 -0.04528617 0.07067829
v -0.01401633 -0.04452592 0.06799483
v -0.01401633 -0.04452592 0.06799483
v -0.01448464 -0.04370129 0.06684535
v -0.01074177 -0.04370129 0.06554496
v -0.01074177 -0.04370129 0.06554496
v -0.01448464 -0.04370129 0.06684535
v -0.01206731 -0.04280787 0.06469887
v -0.01074177 -0.04370129 0.06554496
v -0.01206731 -0.04280787 0.06469887
v -0.01010549 -0.04280787 0.06412780
v -0.01010549 -0.04280787 0.06412780
v -0.01206731 -0.04280787 0.06469887
v -0.01039975 -0.04186069 0.06300979
v -0.01010549 -0.04280787 0.06412780
v -0.01039975 -0.04186069 0.06300979
v -0.00835317 -0.04186069 0.06252682
v -0.00835317 -0.04186069 0.06252682
v -0.01039975 -0.04186069 0.06300979
v -0.00858003 -0.04085588 0.06144142
v -0.00835317 -0.04186069 0.06252682
v -0.00858003 -0.04085588 0.06144142
v -0.00645500 -0.04085588 0.06105417
v -0.00645500 -0.04085588 0.06105417
v -0.00858003 -0.04085588 0.06144142
v -0.00874060 -0.03979992 0.06039708
v -0.00645500 -0.04085588 0.06105417
v -0.00874060 -0.03979992 0.06039708
v -0.00655961 -0.03979992 0.06000268
v -0.01675790 -0.04528617 0.07067829
v -0.01664924 -0.04452091 0.06919032
v -0.01401633 -0.04452592 0.06799483
v -0.01401633 -0.04452592 0.06799483
v -0.01664924 -0.04452091 0.06919032
v -0.01448464 -0.04370129 0.06684535
v -0.01448464 -0.04370129 0.06684535
v -0.01399725 -0.04280787 0.06537026
v -0.01206731 -0.04280787 0.06469887
v -0.01206731 -0.04280787 0.06469887
v -0.01399725 -0.04280787 0.06537026
v -0.01241886 -0.04186069 0.06359755
v -0.01206731 -0.04280787 0.06469887
v -0.01241886 -0.04186069 0.06359755
v -0.01039975 -0.04186069 0.06300979
v -0.01039975 -0.04186069 0.06300979
v -0.01241886 -0.04186069 0.06359755
v -0.01068228 -0.04085588 0.06193757
v -0.01039975 -0.04186069 0.06300979
v -0.01068228 -0.04085588 0.06193757
v -0.00858003 -0.04085588 0.06144142
v -0.00858003 -0.04085588 0.06144142
v -0.01068228 -0.04085588 0.06193757
v -0.01090097 -0.03979986 0.06090402
v -0.00858003 -0.04085588 0.06144142
v -0.01090097 -0.03979986 0.06090402
v -0.00874060 -0.03979992 0.06039708
v -0.01659435 -0.04579997 0.07167202
v -0.01929920 -0.04528290 0.07215821
v -0.01675790 -0.04528617 0.07067829
v -0.01675790 -0.04528617 0.07067829
v -0.01929920 -0.04528290 0.07215821
v -0.01915913 -0.04452592 0.07056277
v -0.01675790 -0.04528617 0.07067829
v -0.01915913 -0.04452592 0.07056277
v -0.01664924 -0.04452091 0.06919032
v -0.01664924 -0.04452091 0.06919032
v -0.01915913 -0.04452592 0.07056277
v -0.01720422 -0.04369539 0.06807988
v -0.01664924 -0.04452091 0.06919032
v -0.01720422 -0.04369539 0.06807988
v -0.01448464 -0.04370129 0.06684535
v -0.01448464 -0.04370129 0.06684535
v -0.01720422 -0.04369539 0.06807988
v -0.01589018 -0.04280787 0.06614005
v -0.01448464 -0.04370129 0.06684535
v -0.01589018 -0.04280787 0.06614005
v -0.01399725 -0.04280787 0.06537026
v -0.01399725 -0.04280787 0.06537026
v -0.01589018 -0.04280787 0.06614005
v -0.01440519 -0.04186069 0.06428843
v -0.01399725 -0.04280787 0.06537026
v -0.01440519 -0.04186069 0.06428843
v -0.01241886 -0.04186069 0.06359755
v -0.01241886 -0.04186069 0.06359755
v -0.01440519 -0.04186069 0.06428843
v -0.01275610 -0.04085588 0.06254124
v -0.01241886 -0.04186069 0.06359755
v -0.01275610 -0.04085588 0.06254124
v -0.01068228 -0.04085588 0.06193757
v -0.01068228 -0.04085588 0.06193757
v -0.01275610 -0.04085588 0.06254124
v -0.01302915 -0.03979992 0.06152099
v -0.01068228 -0.04085588 0.06193757
v -0.01302915 -0.03979992 0.06152099
v -0.01090097 -0.03979986 0.06090402
v -0.01967626 -0.04579997 0.07354176
v -0.02145522 -0.04528617 0.07363623
v -0.01929920 -0.04528290 0.07215821
v -0.01929920 -0.04528290 0.07215821
v -0.02145522 -0.04528617 0.07363623
v -0.01915913 -0.04452592 0.07056277
v -0.01915913 -0.04452592 0.07056277
v -0.01979893 -0.04370129 0.06949907
v -0.01720422 -0.04369539 0.06807988
v -0.01720422 -0.04369539 0.06807988
v -0.01979893 -0.04370129 0.06949907
v -0.01774090 -0.04280787 0.06700623
v -0.01720422 -0.04369539 0.06807988
v -0.01774090 -0.04280787 0.06700623
v -0.01589018 -0.04280787 0.06614005
v -0.01589018 -0.04280787 0.06614005
v -0.01774090 -0.04280787 0.06700623
v -0.01635313 -0.04186069 0.06508070
v -0.01589018 -0.04280787 0.06614005
v -0.01635313 -0.04186069 0.06508070
v -0.01440519 -0.04186069 0.06428843
v -0.01440519 -0.04186069 0.06428843
v -0.01635313 -0.04186069 0.06508070
v -0.01479619 -0.04085588 0.06325089
v -0.01440519 -0.04186069 0.06428843
v -0.01479619 -0.04085588 0.06325089
v -0.01275610 -0.04085588 0.06254124
v -0.01275610 -0.04085588 0.06254124
v -0.01479619 -0.04085588 0.06325089
v -0.01512408 -0.03979992 0.06224691
v -0.01275610 -0.04085588 0.06254124
v -0.01512408 -0.03979992 0.06224691
v -0.01302915 -0.03979992 0.06152099
v -0.02145522 -0.04528617 0.07363623
v -0.02157694 -0.04452091 0.07214927
v -0.01915913 -0.04452592 0.07056277
v -0.01915913 -0.04452592 0.07056277
v -0.02157694 -0.04452091 0.07214927
v -0.01979893 -0.04370129 0.06949907
v -0.01979893 -0.04370129 0.06949907
v -0.01954454 -0.04280787 0.06796658
v -0.01774090 -0.04280787 0.06700623
v -0.01774090 -0.04280787 0.06700623
v -0.01954454 -0.04280787 0.06796658
v -0.01825767 -0.04186069 0.06597214
v -0.01774090 -0.04280787 0.06700623
v -0.01825767 -0.04186069 0.06597214
v -0.01635313 -0.04186069 0.06508070
v -0.01635313 -0.04186069 0.06508070
v -0.01825767 -0.04186069 0.06597214
v -0.01679718 -0.04085588 0.06406462
v -0.01635313 -0.04186069 0.06508070
v -0.01679718 -0.04085588 0.06406462
v -0.01479619 -0.04085588 0.06325089
v -0.01479619 -0.04085588 0.06325089
v -0.01679718 -0.04085588 0.06406462
v -0.01718002 -0.03979992 0.06308066
v -0.01479619 -0.04085588 0.06325089
v -0.01718002 -0.03979992 0.06308066
v -0.01512408 -0.03979992 0.06224691
v -0.02172130 -0.04579997 0.07505577
v -0.02430945 -0.04528617 0.07599526
v -0.02145522 -0.04528617 0.07363623
v -0.02145522 -0.04528617 0.07363623
v -0.02430945 -0.04528617 0.07599526
v -0.02384597 -0.04452592 0.07389175
v -0.02145522 -0.04528617 0.07363623
v -0.02384597 -0.04452592 0.07389175
v -0.02157694 -0.04452091 0.07214927
v -0.02157694 -0.04452091 0.07214927
v -0.02384597 -0.04452592 0.07389175
v -0.02308732 -0.04370129 0.07170981
v -0.02157694 -0.04452091 0.07214927
v -0.02308732 -0.04370129 0.07170981
v -0.01979893 -0.04370129 0.06949907
v -0.01979893 -0.04370129 0.06949907
v -0.02308732 -0.04370129 0.07170981
v -0.02129638 -0.04280787 0.06901854
v -0.01979893 -0.04370129 0.06949907
v -0.02129638 -0.04280787 0.06901854
v -0.01954454 -0.04280787 0.06796658
v -0.01954454 -0.04280787 0.06796658
v -0.02129638 -0.04280787 0.06901854
v -0.02011400 -0.04186069 0.06696045
v -0.01954454 -0.04280787 0.06796658
v -0.02011400 -0.04186069 0.06696045
v -0.01825767 -0.04186069 0.06597214
v -0.01825767 -0.04186069 0.06597214
v -0.02011400 -0.04186069 0.06696045
v -0.01875340 -0.04085588 0.06498032
v -0.01825767 -0.04186069 0.06597214
v -0.01875340 -0.04085588 0.06498032
v -0.01679718 -0.04085588 0.06406462
v -0.01679718 -0.04085588 0.06406462
v -0.01875340 -0.04085588 0.06498032
v -0.01918780 -0.03979992 0.06401807
v -0.01679718 -0.04085588 0.06406462
v -0.01918780 -0.03979992 0.06401807
v -0.01718002 -0.03979992 0.06308066
v -0.02308732 -0.04370129 0.07170981
v -0.02299159 -0.04280787 0.07015919
v -0.02129638 -0.04280787 0.06901854
v -0.02129638 -0.04280787 0.06901854
v -0.02299159 -0.04280787 0.07015919
v -0.02191686 -0.04186069 0.06804305
v -0.02129638 -0.04280787 0.06901854
v -0.02191686 -0.04186069 0.06804305
v -0.02011400 -0.04186069 0.06696045
v -0.02011400 -0.04186069 0.06696045
v -0.02191686 -0.04186069 0.06804305
v -0.02066010 -0.04085588 0.06599545
v -0.02011400 -0.04186069 0.06696045
v -0.02066010 -0.04085588 0.06599545
v -0.01875340 -0.04085588 0.06498032
v -0.01875340 -0.04085588 0.06498032
v -0.02066010 -0.04085588 0.06599545
v -0.02113360 -0.03980004 0.06505149
v -0.01875340 -0.04085588 0.06498032
v -0.02113360 -0.03980004 0.06505149
v -0.01918780 -0.03979992 0.06401807
v -0.02389830 -0.04579997 0.07691460
v -0.02639013 -0.04528290 0.07807362
v -0.02430945 -0.04528617 0.07599526
v -0.02430945 -0.04528617 0.07599526
v -0.02639013 -0.04528290 0.07807362
v -0.02666091 -0.04452592 0.07649523
v -0.02430945 -0.04528617 0.07599526
v -0.02666091 -0.04452592 0.07649523
v -0.02384597 -0.04452592 0.07389175
v -0.02384597 -0.04452592 0.07389175
v -0.02666091 -0.04452592 0.07649523
v -0.02613073 -0.04370129 0.07424682
v -0.02384597 -0.04452592 0.07389175
v -0.02613073 -0.04370129 0.07424682
v -0.02308732 -0.04370129 0.07170981
v -0.02308732 -0.04370129 0.07170981
v -0.02613073 -0.04370129 0.07424682
v -0.02462607 -0.04280787 0.07138568
v -0.02308732 -0.04370129 0.07170981
v -0.02462607 -0.04280787 0.07138568
v -0.02299159 -0.04280787 0.07015919
v -0.02299159 -0.04280787 0.07015919
v -0.02462607 -0.04280787 0.07138568
v -0.02366155 -0.04186069 0.06921696
v -0.02299159 -0.04280787 0.07015919
v -0.02366155 -0.04186069 0.06921696
v -0.02191686 -0.04186069 0.06804305
v -0.02191686 -0.04186069 0.06804305
v -0.02366155 -0.04186069 0.06921696
v -0.02251183 -0.04085588 0.06710743
v -0.02191686 -0.04186069 0.06804305
v -0.02251183 -0.04085588 0.06710743
v -0.02066010 -0.04085588 0.06599545
v -0.02066010 -0.04085588 0.06599545
v -0.02251183 -0.04085588 0.06710743
v -0.02304852 -0.03979998 0.06619858
v -0.02066010 -0.04085588 0.06599545
v -0.02304852 -0.03979998 0.06619858
v -0.02113360 -0.03980004 0.06505149
v -0.02640241 -0.04579997 0.07950758
v -0.02809870 -0.04528617 0.08005195
v -0.02639013 -0.04528290 0.07807362
v -0.02639013 -0.04528290 0.07807362
v -0.02809870 -0.04528617 0.08005195
v -0.02666091 -0.04452592 0.07649523
v -0.02613073 -0.04370129 0.07424682
v -0.02619504 -0.04280787 0.07269465
v -0.02462607 -0.04280787 0.07138568
v -0.02462607 -0.04280787 0.07138568
v -0.02619504 -0.04280787 0.07269465
v -0.02534347 -0.04186069 0.07047915
v -0.02462607 -0.04280787 0.07138568
v -0.02534347 -0.04186069 0.07047915
v -0.02366155 -0.04186069 0.06921696
v -0.02366155 -0.04186069 0.06921696
v -0.02534347 -0.04186069 0.07047915
v -0.02430403 -0.04085588 0.06831324
v -0.02366155 -0.04186069 0.06921696
v -0.02430403 -0.04085588 0.06831324
v -0.02251183 -0.04085588 0.06710743
v -0.02251183 -0.04085588 0.06710743
v -0.02430403 -0.04085588 0.06831324
v -0.02488178 -0.03979986 0.06742972
v -0.02251183 -0.04085588 0.06710743
v -0.02488178 -0.03979986 0.06742972
v -0.02304852 -0.03979998 0.06619858
v -0.02809870 -0.04528617 0.08005195
v -0.02859497 -0.04452091 0.07864505
v -0.02666091 -0.04452592 0.07649523
v -0.02666091 -0.04452592 0.07649523
v -0.02859497 -0.04452091 0.07864505
v -0.02889734 -0.04370129 0.07708340
v -0.02666091 -0.04452592 0.07649523
v -0.02889734 -0.04370129 0.07708340
v -0.02613073 -0.04370129 0.07424682
v -0.02613073 -0.04370129 0.07424682
v -0.02889734 -0.04370129 0.07708340
v -0.02769476 -0.04280787 0.07408267
v -0.02613073 -0.04370129 0.07424682
v -0.02769476 -0.04280787 0.07408267
v -0.02619504 -0.04280787 0.07269465
v -0.02619504 -0.04280787 0.07269465
v -0.02769476 -0.04280787 0.07408267
v -0.02695822 -0.04186069 0.07182627
v -0.02619504 -0.04280787 0.07269465
v -0.02695822 -0.04186069 0.07182627
v -0.02534347 -0.04186069 0.07047915
v -0.02534347 -0.04186069 0.07047915
v -0.02695822 -0.04186069 0.07182627
v -0.02603173 -0.04085588 0.06960970
v -0.02534347 -0.04186069 0.07047915
v -0.02603173 -0.04085588 0.06960970
v -0.02430403 -0.04085588 0.06831324
v -0.02430403 -0.04085588 0.06831324
v -0.02603173 -0.04085588 0.06960970
v -0.02665847 -0.03979992 0.06876051
v -0.02430403 -0.04085588 0.06831324
v -0.02665847 -0.03979992 0.06876051
v -0.02488178 -0.03979986 0.06742972
v -0.02862656 -0.04579997 0.08234411
v -0.02983468 -0.04528290 0.08242577
v -0.02809870 -0.04528617 0.08005195
v -0.02809870 -0.04528617 0.08005195
v -0.02983468 -0.04528290 0.08242577
v -0.03034538 -0.04452592 0.08090794
v -0.02809870 -0.04528617 0.08005195
v -0.03034538 -0.04452592 0.08090794
v -0.02859497 -0.04452091 0.07864505
v -0.02859497 -0.04452091 0.07864505
v -0.03034538 -0.04452592 0.08090794
v -0.02889734 -0.04370129 0.07708340
v -0.02889734 -0.04370129 0.07708340
v -0.02912092 -0.04280787 0.07554602
v -0.02769476 -0.04280787 0.07408267
v -0.02769476 -0.04280787 0.07408267
v -0.02912092 -0.04280787 0.07554602
v -0.02850157 -0.04186069 0.07325476
v -0.02769476 -0.04280787 0.07408267
v -0.02850157 -0.04186069 0.07325476
v -0.02695822 -0.04186069 0.07182627
v -0.02695822 -0.04186069 0.07182627
v -0.02850157 -0.04186069 0.07325476
v -0.02769035 -0.04085588 0.07099342
v -0.02695822 -0.04186069 0.07182627
v -0.02769035 -0.04085588 0.07099342
v -0.02603173 -0.04085588 0.06960970
v -0.02603173 -0.04085588 0.06960970
v -0.02769035 -0.04085588 0.07099342
v -0.02836006 -0.03979986 0.07017773
v -0.02603173 -0.04085588 0.06960970
v -0.02836006 -0.03979986 0.07017773
v -0.02665847 -0.03979992 0.06876051
v -0.02862656 -0.04579997 0.08234411
v -0.03121834 -0.04528617 0.08464354
v -0.02983468 -0.04528290 0.08242577
v -0.02983468 -0.04528290 0.08242577
v -0.03121834 -0.04528617 0.08464354
v -0.03034538 -0.04452592 0.08090794
v -0.03034538 -0.04452592 0.08090794
v -0.03135740 -0.04370129 0.08018928
v -0.02889734 -0.04370129 0.07708340
v -0.02889734 -0.04370129 0.07708340
v -0.03135740 -0.04370129 0.08018928
v -0.03046989 -0.04280787 0.07708090
v -0.02889734 -0.04370129 0.07708340
v -0.03046989 -0.04280787 0.07708090
v -0.02912092 -0.04280787 0.07554602
v -0.02912092 -0.04280787 0.07554602
v -0.03046989 -0.04280787 0.07708090
v -0.02996939 -0.04186069 0.07476073
v -0.02912092 -0.04280787 0.07554602
v -0.02996939 -0.04186069 0.07476073
v -0.02850157 -0.04186069 0.07325476
v -0.02850157 -0.04186069 0.07325476
v -0.02996939 -0.04186069 0.07476073
v -0.02927541 -0.04085588 0.07246065
v -0.02850157 -0.04186069 0.07325476
v -0.02927541 -0.04085588 0.07246065
v -0.02769035 -0.04085588 0.07099342
v -0.02769035 -0.04085588 0.07099342
v -0.02927541 -0.04085588 0.07246065
v -0.02998816 -0.03979992 0.07168233
v -0.02769035 -0.04085588 0.07099342
v -0.02998816 -0.03979992 0.07168233
v -0.02836006 -0.03979986 0.07017773
v -0.03121834 -0.04528617 0.08464354
v -0.03240466 -0.04452592 0.08414250
v -0.03034538 -0.04452592 0.08090794
v -0.03034538 -0.04452592 0.08090794
v -0.03240466 -0.04452592 0.08414250
v -0.03135740 -0.04370129 0.08018928
v -0.03135740 -0.04370129 0.08018928
v -0.03173804 -0.04280787 0.07868313
v -0.03046989 -0.04280787 0.07708090
v -0.03046989 -0.04280787 0.07708090
v -0.03173804 -0.04280787 0.07868313
v -0.03135752 -0.04186069 0.07634031
v -0.03046989 -0.04280787 0.07708090
v -0.03135752 -0.04186069 0.07634031
v -0.02996939 -0.04186069 0.07476073
v -0.02996939 -0.04186069 0.07476073
v -0.03135752 -0.04186069 0.07634031
v -0.03078299 -0.04085588 0.07400757
v -0.02996939 -0.04186069 0.07476073
v -0.03078299 -0.04085588 0.07400757
v -0.02927541 -0.04085588 0.07246065
v -0.02927541 -0.04085588 0.07246065
v -0.03078299 -0.04085588 0.07400757
v -0.03153485 -0.03979992 0.07326692
v -0.02927541 -0.04085588 0.07246065
v -0.03153485 -0.03979992 0.07326692
v -0.02998816 -0.03979992 0.07168233
v -0.03054726 -0.04579997 0.08539432
v -0.03288894 -0.04528617 0.08794814
v -0.03121834 -0.04528617 0.08464354
v -0.03121834 -0.04528617 0.08464354
v -0.03288894 -0.04528617 0.08794814
v -0.03240466 -0.04452592 0.08414250
v -0.03240466 -0.04452592 0.08414250
v -0.03348535 -0.04370129 0.08353179
v -0.03135740 -0.04370129 0.08018928
v -0.03135740 -0.04370129 0.08018928
v -0.03348535 -0.04370129 0.08353179
v -0.03292191 -0.04280787 0.08034855
v -0.03135740 -0.04370129 0.08018928
v -0.03292191 -0.04280787 0.08034855
v -0.03173804 -0.04280787 0.07868313
v -0.03173804 -0.04280787 0.07868313
v -0.03292191 -0.04280787 0.08034855
v -0.03266263 -0.04186069 0.07798928
v -0.03173804 -0.04280787 0.07868313
v -0.03266263 -0.04186069 0.07798928
v -0.03135752 -0.04186069 0.07634031
v -0.03135752 -0.04186069 0.07634031
v -0.03266263 -0.04186069 0.07798928
v -0.03220897 -0.04085588 0.07563000
v -0.03135752 -0.04186069 0.07634031
v -0.03220897 -0.04085588 0.07563000
v -0.03078299 -0.04085588 0.07400757
v -0.03078299 -0.04085588 0.07400757
v -0.03220897 -0.04085588 0.07563000
v -0.03299939 -0.03979992 0.07493102
v -0.03078299 -0.04085588 0.07400757
v -0.03299939 -0.03979992 0.07493102
v -0.03153485 -0.03979992 0.07326692
v -0.03288894 -0.04528617 0.08794814
v -0.03412050 -0.04452592 0.08757168
v -0.03240466 -0.04452592 0.08414250
v -0.03240466 -0.04452592 0.08414250
v -0.03412050 -0.04452592 0.08757168
v -0.03348535 -0.04370129 0.08353179
v -0.03348535 -0.04370129 0.08353179
v -0.03401869 -0.04280787 0.08207273
v -0.03292191 -0.04280787 0.08034855
v -0.03292191 -0.04280787 0.08034855
v -0.03401869 -0.04280787 0.08207273
v -0.03388106 -0.04186069 0.07970321
v -0.03292191 -0.04280787 0.08034855
v -0.03388106 -0.04186069 0.07970321
v -0.03266263 -0.04186069 0.07798928
v -0.03266263 -0.04186069 0.07798928
v -0.03388106 -0.04186069 0.07970321
v -0.03354948 -0.04085588 0.07732373
v -0.03266263 -0.04186069 0.07798928
v -0.03354948 -0.04085588 0.07732373
v -0.03220897 -0.04085588 0.07563000
v -0.03220897 -0.04085588 0.07563000
v -0.03354948 -0.04085588 0.07732373
v -0.03438013 -0.03979986 0.07667320
v -0.03220897 -0.04085588 0.07563000
v -0.03438013 -0.03979986 0.07667320
v -0.03299939 -0.03979992 0.07493102
v -0.03214406 -0.04579997 0.08862590
v -0.03421092 -0.04528617 0.09140694
v -0.03288894 -0.04528617 0.08794814
v -0.03288894 -0.04528617 0.08794814
v -0.03421092 -0.04528617 0.09140694
v -0.03412050 -0.04452592 0.08757168
v -0.03412050 -0.04452592 0.08757168
v -0.03525817 -0.04370129 0.08707529
v -0.03348535 -0.04370129 0.08353179
v -0.03348535 -0.04370129 0.08353179
v -0.03525817 -0.04370129 0.08707529
v -0.03502506 -0.04280787 0.08385103
v -0.03348535 -0.04370129 0.08353179
v -0.03502506 -0.04280787 0.08385103
v -0.03401869 -0.04280787 0.08207273
v -0.03401869 -0.04280787 0.08207273
v -0.03502506 -0.04280787 0.08385103
v -0.03500980 -0.04186069 0.08147758
v -0.03401869 -0.04280787 0.08207273
v -0.03500980 -0.04186069 0.08147758
v -0.03388106 -0.04186069 0.07970321
v -0.03388106 -0.04186069 0.07970321
v -0.03500980 -0.04186069 0.08147758
v -0.03480118 -0.04085588 0.07908421
v -0.03388106 -0.04186069 0.07970321
v -0.03480118 -0.04085588 0.07908421
v -0.03354948 -0.04085588 0.07732373
v -0.03354948 -0.04085588 0.07732373
v -0.03480118 -0.04085588 0.07908421
v -0.03566634 -0.03979992 0.07848078
v -0.03354948 -0.04085588 0.07732373
v -0.03566634 -0.03979992 0.07848078
v -0.03438013 -0.03979986 0.07667320
v -0.03421092 -0.04528617 0.09140694
v -0.03517150 -0.04452091 0.09026545
v -0.03412050 -0.04452592 0.08757168
v -0.03412050 -0.04452592 0.08757168
v -0.03517150 -0.04452091 0.09026545
v -0.03525817 -0.04370129 0.08707529
v -0.03525817 -0.04370129 0.08707529
v -0.03593868 -0.04280787 0.08567881
v -0.03502506 -0.04280787 0.08385103
v -0.03502506 -0.04280787 0.08385103
v -0.03593868 -0.04280787 0.08567881
v -0.03604561 -0.04186069 0.08330768
v -0.03502506 -0.04280787 0.08385103
v -0.03604561 -0.04186069 0.08330768
v -0.03500980 -0.04186069 0.08147758
v -0.03500980 -0.04186069 0.08147758
v -0.03604561 -0.04186069 0.08330768
v -0.03596031 -0.04085588 0.08090674
v -0.03500980 -0.04186069 0.08147758
v -0.03596031 -0.04085588 0.08090674
v -0.03480118 -0.04085588 0.07908421
v -0.03480118 -0.04085588 0.07908421
v -0.03596031 -0.04085588 0.08090674
v -0.03685653 -0.03979992 0.08035022
v -0.03480118 -0.04085588 0.07908421
v -0.03685653 -0.03979992 0.08035022
v -0.03566634 -0.03979992 0.07848078
v -0.03340023 -0.04579997 0.09200453
v -0.03499799 -0.04528290 0.09424048
v -0.03421092 -0.04528617 0.09140694
v -0.03421092 -0.04528617 0.09140694
v -0.03499799 -0.04528290 0.09424048
v -0.03601127 -0.04452580 0.09300041
v -0.03421092 -0.04528617 0.09140694
v -0.03601127 -0.04452580 0.09300041
v -0.03517150 -0.04452091 0.09026545
v -0.03517150 -0.04452091 0.09026545
v -0.03601127 -0.04452580 0.09300041
v -0.03634411 -0.04369539 0.08985757
v -0.03517150 -0.04452091 0.09026545
v -0.03634411 -0.04369539 0.08985757
v -0.03525817 -0.04370129 0.08707529
v -0.03525817 -0.04370129 0.08707529
v -0.03634411 -0.04369539 0.08985757
v -0.03675699 -0.04280787 0.08755123
v -0.03525817 -0.04370129 0.08707529
v -0.03675699 -0.04280787 0.08755123
v -0.03593868 -0.04280787 0.08567881
v -0.03593868 -0.04280787 0.08567881
v -0.03675699 -0.04280787 0.08755123
v -0.03698581 -0.04186069 0.08518874
v -0.03593868 -0.04280787 0.08567881
v -0.03698581 -0.04186069 0.08518874
v -0.03604561 -0.04186069 0.08330768
v -0.03604561 -0.04186069 0.08330768
v -0.03698581 -0.04186069 0.08518874
v -0.03702419 -0.04085588 0.08278656
v -0.03604561 -0.04186069 0.08330768
v -0.03702419 -0.04085588 0.08278656
v -0.03596031 -0.04085588 0.08090674
v -0.03596031 -0.04085588 0.08090674
v -0.03702419 -0.04085588 0.08278656
v -0.03795516 -0.03979986 0.08229100
v -0.03596031 -0.04085588 0.08090674
v -0.03795516 -0.03979986 0.08229100
v -0.03685653 -0.03979992 0.08035022
v -0.03430247 -0.04579997 0.09549444
v -0.03551054 -0.04528617 0.09680378
v -0.03499799 -0.04528290 0.09424048
v -0.03499799 -0.04528290 0.09424048
v -0.03551054 -0.04528617 0.09680378
v -0.03601127 -0.04452580 0.09300041
v -0.03601127 -0.04452580 0.09300041
v -0.03721189 -0.04370129 0.09268498
v -0.03634411 -0.04369539 0.08985757
v -0.03634411 -0.04369539 0.08985757
v -0.03721189 -0.04370129 0.09268498
v -0.03747779 -0.04280787 0.08946323
v -0.03634411 -0.04369539 0.08985757
v -0.03747779 -0.04280787 0.08946323
v -0.03675699 -0.04280787 0.08755123
v -0.03675699 -0.04280787 0.08755123
v -0.03747779 -0.04280787 0.08946323
v -0.03782778 -0.04186069 0.08711570
v -0.03675699 -0.04280787 0.08755123
v -0.03782778 -0.04186069 0.08711570
v -0.03698581 -0.04186069 0.08518874
v -0.03698581 -0.04186069 0.08518874
v -0.03782778 -0.04186069 0.08711570
v -0.03799009 -0.04085588 0.08471870
v -0.03698581 -0.04186069 0.08518874
v -0.03799009 -0.04085588 0.08471870
v -0.03702419 -0.04085588 0.08278656
v -0.03702419 -0.04085588 0.08278656
v -0.03799009 -0.04085588 0.08471870
v -0.03893911 -0.03979980 0.08425843
v -0.03702419 -0.04085588 0.08278656
v -0.03893911 -0.03979980 0.08425843
v -0.03795516 -0.03979986 0.08229100
v -0.03480118 -0.04085588 0.12591580
v -0.03566581 -0.03979992 0.12651999
v -0.03685647 -0.03979992 0.12464990
v -0.03480118 -0.04085588 0.12591580
v -0.03685647 -0.03979992 0.12464990
v -0.03596031 -0.04085588 0.12409320
v -0.03596031 -0.04085588 0.12409320
v -0.03685647 -0.03979992 0.12464990
v -0.03702419 -0.04085588 0.12221340
v -0.03702419 -0.04085588 0.12221340
v -0.03685647 -0.03979992 0.12464990
v -0.03795516 -0.03979986 0.12270900
v -0.03702419 -0.04085588 0.12221340
v -0.03795516 -0.03979986 0.12270900
v -0.03799009 -0.04085588 0.12028120
v -0.03799009 -0.04085588 0.12028120
v -0.03795516 -0.03979986 0.12270900
v -0.03894507 -0.03979986 0.12072830
v -0.03799009 -0.04085588 0.12028120
v -0.03894507 -0.03979986 0.12072830
v -0.03885495 -0.04085588 0.11830200
v -0.03885495 -0.04085588 0.11830200
v -0.03894507 -0.03979986 0.12072830
v -0.03983175 -0.03979986 0.11869930
v -0.03885495 -0.04085588 0.11830200
v -0.03983175 -0.03979986 0.11869930
v -0.03961700 -0.04085588 0.11628090
v -0.03961700 -0.04085588 0.11628090
v -0.03983175 -0.03979986 0.11869930
v -0.04061287 -0.03979986 0.11662730
v -0.03961700 -0.04085588 0.11628090
v -0.04061287 -0.03979986 0.11662730
v -0.04027390 -0.04085588 0.11422310
v -0.04027390 -0.04085588 0.11422310
v -0.04061287 -0.03979986 0.11662730
v -0.04128628 -0.03979986 0.11451790
v -0.04027390 -0.04085588 0.11422310
v -0.04128628 -0.03979986 0.11451790
v -0.04082387 -0.04085588 0.11213430
v -0.04082387 -0.04085588 0.11213430
v -0.04128628 -0.03979986 0.11451790
v -0.04185020 -0.03979986 0.11237650
v -0.04082387 -0.04085588 0.11213430
v -0.04185020 -0.03979986 0.11237650
v -0.04126584 -0.04085588 0.11002000
v -0.04126584 -0.04085588 0.11002000
v -0.04185020 -0.03979986 0.11237650
v -0.04230326 -0.03979986 0.11020910
v -0.04126584 -0.04085588 0.11002000
v -0.04230326 -0.03979986 0.11020910
v -0.04159826 -0.04085588 0.10788570
v -0.04159826 -0.04085588 0.10788570
v -0.04230326 -0.03979986 0.11020910
v -0.04264402 -0.03979986 0.10802110
v -0.04159826 -0.04085588 0.10788570
v -0.04264402 -0.03979986 0.10802110
v -0.04182022 -0.04085588 0.10573720
v -0.04182022 -0.04085588 0.10573720
v -0.04264402 -0.03979986 0.10802110
v -0.04287171 -0.03979986 0.10581850
v -0.04182022 -0.04085588 0.10573720
v -0.04287171 -0.03979986 0.10581850
v -0.04193145 -0.04085588 0.10357990
v -0.04193145 -0.04085588 0.10357990
v -0.04287171 -0.03979986 0.10581850
v -0.04298561 -0.03979986 0.10360710
v -0.04193145 -0.04085588 0.10357990
v -0.04298561 -0.03979986 0.10360710
v -0.04193145 -0.04085588 0.10142000
v -0.04193145 -0.04085588 0.10142000
v -0.04298561 -0.03979986 0.10360710
v -0.04298561 -0.03979986 0.10139280
v -0.04193145 -0.04085588 0.10142000
v -0.04298561 -0.03979986 0.10139280
v -0.04182022 -0.04085588 0.09926283
v -0.04182022 -0.04085588 0.09926283
v -0.04298561 -0.03979986 0.10139280
v -0.04287171 -0.03979986 0.09918141
v -0.04182022 -0.04085588 0.09926283
v -0.04287171 -0.03979986 0.09918141
v -0.04159826 -0.04085588 0.09711426
v -0.04159826 -0.04085588 0.09711426
v -0.04287171 -0.03979986 0.09918141
v -0.04264402 -0.03979986 0.09697884
v -0.04159826 -0.04085588 0.09711426
v -0.04264402 -0.03979986 0.09697884
v -0.04126584 -0.04085588 0.09497994
v -0.04126584 -0.04085588 0.09497994
v -0.04264402 -0.03979986 0.09697884
v -0.04230326 -0.03979986 0.09479093
v -0.04126584 -0.04085588 0.09497994
v -0.04230326 -0.03979986 0.09479093
v -0.04082387 -0.04085588 0.09286564
v -0.04082387 -0.04085588 0.09286564
v -0.04230326 -0.03979986 0.09479093
v -0.04185020 -0.03979986 0.09262341
v -0.04082387 -0.04085588 0.09286564
v -0.04185020 -0.03979986 0.09262341
v -0.04027390 -0.04085588 0.09077680
v -0.04027390 -0.04085588 0.09077680
v -0.04185020 -0.03979986 0.09262341
v -0.04128628 -0.03979986 0.09048211
v -0.04027390 -0.04085588 0.09077680
v -0.04128628 -0.03979986 0.09048211
v -0.03961700 -0.04085588 0.08871912
v -0.03961700 -0.04085588 0.08871912
v -0.04128628 -0.03979986 0.09048211
v -0.04061287 -0.03979986 0.08837264
v -0.03961700 -0.04085588 0.08871912
v -0.04061287 -0.03979986 0.08837264
v -0.03885495 -0.04085588 0.08669793
v -0.03885495 -0.04085588 0.08669793
v -0.04061287 -0.03979986 0.08837264
v -0.03983175 -0.03979986 0.08630067
v -0.03885495 -0.04085588 0.08669793
v -0.03983175 -0.03979986 0.08630067
v -0.03799009 -0.04085588 0.08471870
v -0.03799009 -0.04085588 0.08471870
v -0.03983175 -0.03979986 0.08630067
v -0.03893911 -0.03979980 0.08425843
v -0.03438097 -0.03979992 0.12832570
v -0.03566581 -0.03979992 0.12651999
v -0.03354948 -0.04085588 0.12767629
v -0.03354948 -0.04085588 0.12767629
v -0.03566581 -0.03979992 0.12651999
v -0.03480118 -0.04085588 0.12591580
v -0.03354948 -0.04085588 0.12767629
v -0.03480118 -0.04085588 0.12591580
v -0.03266263 -0.04186069 0.12701070
v -0.03266263 -0.04186069 0.12701070
v -0.03480118 -0.04085588 0.12591580
v -0.03388106 -0.04186069 0.12529680
v -0.03266263 -0.04186069 0.12701070
v -0.03388106 -0.04186069 0.12529680
v -0.03173804 -0.04280787 0.12631680
v -0.03173804 -0.04280787 0.12631680
v -0.03388106 -0.04186069 0.12529680
v -0.03292191 -0.04280787 0.12465140
v -0.03173804 -0.04280787 0.12631680
v -0.03292191 -0.04280787 0.12465140
v -0.03018552 -0.04370129 0.12637250
v -0.03018552 -0.04370129 0.12637250
v -0.03292191 -0.04280787 0.12465140
v -0.03248012 -0.04370129 0.12314210
v -0.03018552 -0.04370129 0.12637250
v -0.03248012 -0.04370129 0.12314210
v -0.02921283 -0.04452580 0.12560161
v -0.02921283 -0.04452580 0.12560161
v -0.03248012 -0.04370129 0.12314210
v -0.03143322 -0.04452580 0.12247540
v -0.02921283 -0.04452580 0.12560161
v -0.03143322 -0.04452580 0.12247540
v -0.02940642 -0.04528617 0.12320500
v -0.03300482 -0.03979992 0.13006260
v -0.03438097 -0.03979992 0.12832570
v -0.03220897 -0.04085588 0.12936990
v -0.03220897 -0.04085588 0.12936990
v -0.03438097 -0.03979992 0.12832570
v -0.03354948 -0.04085588 0.12767629
v -0.03220897 -0.04085588 0.12936990
v -0.03354948 -0.04085588 0.12767629
v -0.03135752 -0.04186069 0.12865961
v -0.03135752 -0.04186069 0.12865961
v -0.03354948 -0.04085588 0.12767629
v -0.03266263 -0.04186069 0.12701070
v -0.03135752 -0.04186069 0.12865961
v -0.03266263 -0.04186069 0.12701070
v -0.03046989 -0.04280787 0.12791900
v -0.03046989 -0.04280787 0.12791900
v -0.03266263 -0.04186069 0.12701070
v -0.03173804 -0.04280787 0.12631680
v -0.03046989 -0.04280787 0.12791900
v -0.03173804 -0.04280787 0.12631680
v -0.03018552 -0.04370129 0.12637250
v -0.02761250 -0.04528290 0.12553540
v -0.02921283 -0.04452580 0.12560161
v -0.02940642 -0.04528617 0.12320500
v -0.02761250 -0.04528290 0.12553540
v -0.02940642 -0.04528617 0.12320500
v -0.02735334 -0.04579997 0.12435250
v -0.02735334 -0.04579997 0.12435250
v -0.02940642 -0.04528617 0.12320500
v -0.02945530 -0.04579997 0.12142410
v -0.03154104 -0.03979992 0.13172629
v -0.03300482 -0.03979992 0.13006260
v -0.03078299 -0.04085588 0.13099240
v -0.03078299 -0.04085588 0.13099240
v -0.03300482 -0.03979992 0.13006260
v -0.03220897 -0.04085588 0.12936990
v -0.03078299 -0.04085588 0.13099240
v -0.03220897 -0.04085588 0.12936990
v -0.02996939 -0.04186069 0.13023920
v -0.02996939 -0.04186069 0.13023920
v -0.03220897 -0.04085588 0.12936990
v -0.03135752 -0.04186069 0.12865961
v -0.02996939 -0.04186069 0.13023920
v -0.03135752 -0.04186069 0.12865961
v -0.02912092 -0.04280787 0.12945379
v -0.02912092 -0.04280787 0.12945379
v -0.03135752 -0.04186069 0.12865961
v -0.03046989 -0.04280787 0.12791900
v -0.02912092 -0.04280787 0.12945379
v -0.03046989 -0.04280787 0.12791900
v -0.02824002 -0.04369533 0.12863859
v -0.02824002 -0.04369533 0.12863859
v -0.03046989 -0.04280787 0.12791900
v -0.03018552 -0.04370129 0.12637250
v -0.02824002 -0.04369533 0.12863859
v -0.03018552 -0.04370129 0.12637250
v -0.02668261 -0.04452574 0.12848289
v -0.02668261 -0.04452574 0.12848289
v -0.03018552 -0.04370129 0.12637250
v -0.02921283 -0.04452580 0.12560161
v -0.02668261 -0.04452574 0.12848289
v -0.02921283 -0.04452580 0.12560161
v -0.02586990 -0.04528623 0.12748370
v -0.02586990 -0.04528623 0.12748370
v -0.02921283 -0.04452580 0.12560161
v -0.02761250 -0.04528290 0.12553540
v -0.02586990 -0.04528623 0.12748370
v -0.02761250 -0.04528290 0.12553540
v -0.02735334 -0.04579997 0.12435250
v -0.02999359 -0.03979992 0.13331249
v -0.03154104 -0.03979992 0.13172629
v -0.02927541 -0.04085588 0.13253930
v -0.02927541 -0.04085588 0.13253930
v -0.03154104 -0.03979992 0.13172629
v -0.03078299 -0.04085588 0.13099240
v -0.02927541 -0.04085588 0.13253930
v -0.03078299 -0.04085588 0.13099240
v -0.02850157 -0.04186069 0.13174520
v -0.02850157 -0.04186069 0.13174520
v -0.03078299 -0.04085588 0.13099240
v -0.02996939 -0.04186069 0.13023920
v -0.02850157 -0.04186069 0.13174520
v -0.02996939 -0.04186069 0.13023920
v -0.02769476 -0.04280787 0.13091730
v -0.02769476 -0.04280787 0.13091730
v -0.02996939 -0.04186069 0.13023920
v -0.02912092 -0.04280787 0.12945379
v -0.02769476 -0.04280787 0.13091730
v -0.02912092 -0.04280787 0.12945379
v -0.02615225 -0.04370129 0.13073310
v -0.02615225 -0.04370129 0.13073310
v -0.02912092 -0.04280787 0.12945379
v -0.02824002 -0.04369533 0.12863859
v -0.02615225 -0.04370129 0.13073310
v -0.02824002 -0.04369533 0.12863859
v -0.02668261 -0.04452574 0.12848289
v -0.02568596 -0.04579997 0.12627450
v -0.02586990 -0.04528623 0.12748370
v -0.02735334 -0.04579997 0.12435250
v -0.02836632 -0.03979992 0.13481680
v -0.02999359 -0.03979992 0.13331249
v -0.02769035 -0.04085588 0.13400661
v -0.02769035 -0.04085588 0.13400661
v -0.02999359 -0.03979992 0.13331249
v -0.02927541 -0.04085588 0.13253930
v -0.02769035 -0.04085588 0.13400661
v -0.02927541 -0.04085588 0.13253930
v -0.02695822 -0.04186069 0.13317370
v -0.02695822 -0.04186069 0.13317370
v -0.02927541 -0.04085588 0.13253930
v -0.02850157 -0.04186069 0.13174520
v -0.02695822 -0.04186069 0.13317370
v -0.02850157 -0.04186069 0.13174520
v -0.02619504 -0.04280787 0.13230529
v -0.02619504 -0.04280787 0.13230529
v -0.02850157 -0.04186069 0.13174520
v -0.02769476 -0.04280787 0.13091730
v -0.02619504 -0.04280787 0.13230529
v -0.02769476 -0.04280787 0.13091730
v -0.02615225 -0.04370129 0.13073310
v -0.02386981 -0.04452574 0.13108841
v -0.02615225 -0.04370129 0.13073310
v -0.02668261 -0.04452574 0.12848289
v -0.02386981 -0.04452574 0.13108841
v -0.02668261 -0.04452574 0.12848289
v -0.02316403 -0.04528623 0.13001130
v -0.02316403 -0.04528623 0.13001130
v -0.02668261 -0.04452574 0.12848289
v -0.02586990 -0.04528623 0.12748370
v -0.02316403 -0.04528623 0.13001130
v -0.02586990 -0.04528623 0.12748370
v -0.02366459 -0.04579991 0.12830169
v -0.02366459 -0.04579991 0.12830169
v -0.02586990 -0.04528623 0.12748370
v -0.02568596 -0.04579997 0.12627450
v -0.02666372 -0.03979992 0.13623540
v -0.02836632 -0.03979992 0.13481680
v -0.02603173 -0.04085588 0.13539021
v -0.02603173 -0.04085588 0.13539021
v -0.02836632 -0.03979992 0.13481680
v -0.02769035 -0.04085588 0.13400661
v -0.02603173 -0.04085588 0.13539021
v -0.02769035 -0.04085588 0.13400661
v -0.02534347 -0.04186069 0.13452080
v -0.02534347 -0.04186069 0.13452080
v -0.02769035 -0.04085588 0.13400661
v -0.02695822 -0.04186069 0.13317370
v -0.02534347 -0.04186069 0.13452080
v -0.02695822 -0.04186069 0.13317370
v -0.02462607 -0.04280787 0.13361430
v -0.02462607 -0.04280787 0.13361430
v -0.02695822 -0.04186069 0.13317370
v -0.02619504 -0.04280787 0.13230529
v -0.02462607 -0.04280787 0.13361430
v -0.02619504 -0.04280787 0.13230529
v -0.02311050 -0.04370123 0.13327269
v -0.02311050 -0.04370123 0.13327269
v -0.02619504 -0.04280787 0.13230529
v -0.02615225 -0.04370129 0.13073310
v -0.02311050 -0.04370123 0.13327269
v -0.02615225 -0.04370129 0.13073310
v -0.02386981 -0.04452574 0.13108841
v -0.02489030 -0.03979992 0.13756430
v -0.02666372 -0.03979992 0.13623540
v -0.02430403 -0.04085588 0.13668670
v -0.02430403 -0.04085588 0.13668670
v -0.02666372 -0.03979992 0.13623540
v -0.02603173 -0.04085588 0.13539021
v -0.02430403 -0.04085588 0.13668670
v -0.02603173 -0.04085588 0.13539021
v -0.02366155 -0.04186069 0.13578300
v -0.02366155 -0.04186069 0.13578300
v -0.02603173 -0.04085588 0.13539021
v -0.02534347 -0.04186069 0.13452080
v -0.02366155 -0.04186069 0.13578300
v -0.02534347 -0.04186069 0.13452080
v -0.02299159 -0.04280787 0.13484070
v -0.02299159 -0.04280787 0.13484070
v -0.02534347 -0.04186069 0.13452080
v -0.02462607 -0.04280787 0.13361430
v -0.02299159 -0.04280787 0.13484070
v -0.02462607 -0.04280787 0.13361430
v -0.02311050 -0.04370123 0.13327269
v -0.02080363 -0.04452580 0.13339120
v -0.02311050 -0.04370123 0.13327269
v -0.02386981 -0.04452574 0.13108841
v -0.02080363 -0.04452580 0.13339120
v -0.02386981 -0.04452574 0.13108841
v -0.02021235 -0.04528623 0.13224730
v -0.02021235 -0.04528623 0.13224730
v -0.02386981 -0.04452574 0.13108841
v -0.02316403 -0.04528623 0.13001130
v -0.02021235 -0.04528623 0.13224730
v -0.02316403 -0.04528623 0.13001130
v -0.02088612 -0.04579991 0.13059820
v -0.02088612 -0.04579991 0.13059820
v -0.02316403 -0.04528623 0.13001130
v -0.02366459 -0.04579991 0.12830169
v -0.02305072 -0.03979992 0.13880010
v -0.02489030 -0.03979992 0.13756430
v -0.02251183 -0.04085588 0.13789260
v -0.02251183 -0.04085588 0.13789260
v -0.02489030 -0.03979992 0.13756430
v -0.02430403 -0.04085588 0.13668670
v -0.02251183 -0.04085588 0.13789260
v -0.02430403 -0.04085588 0.13668670
v -0.02191686 -0.04186069 0.13695690
v -0.02191686 -0.04186069 0.13695690
v -0.02430403 -0.04085588 0.13668670
v -0.02366155 -0.04186069 0.13578300
v -0.02191686 -0.04186069 0.13695690
v -0.02366155 -0.04186069 0.13578300
v -0.02129638 -0.04280787 0.13598150
v -0.02129638 -0.04280787 0.13598150
v -0.02366155 -0.04186069 0.13578300
v -0.02299159 -0.04280787 0.13484070
v -0.02129638 -0.04280787 0.13598150
v -0.02299159 -0.04280787 0.13484070
v -0.02065217 -0.04369533 0.13496859
v -0.02065217 -0.04369533 0.13496859
v -0.02299159 -0.04280787 0.13484070
v -0.02311050 -0.04370123 0.13327269
v -0.02065217 -0.04369533 0.13496859
v -0.02311050 -0.04370123 0.13327269
v -0.02080363 -0.04452580 0.13339120
v -0.02114981 -0.03979992 0.13993961
v -0.02305072 -0.03979992 0.13880010
v -0.02066010 -0.04085588 0.13900450
v -0.02066010 -0.04085588 0.13900450
v -0.02305072 -0.03979992 0.13880010
v -0.02251183 -0.04085588 0.13789260
v -0.02066010 -0.04085588 0.13900450
v -0.02251183 -0.04085588 0.13789260
v -0.02011400 -0.04186069 0.13803950
v -0.02011400 -0.04186069 0.13803950
v -0.02251183 -0.04085588 0.13789260
v -0.02191686 -0.04186069 0.13695690
v -0.02011400 -0.04186069 0.13803950
v -0.02191686 -0.04186069 0.13695690
v -0.01954454 -0.04280787 0.13703340
v -0.01954454 -0.04280787 0.13703340
v -0.02191686 -0.04186069 0.13695690
v -0.02129638 -0.04280787 0.13598150
v -0.01954454 -0.04280787 0.13703340
v -0.02129638 -0.04280787 0.13598150
v -0.01809966 -0.04370129 0.13646249
v -0.01809966 -0.04370129 0.13646249
v -0.02129638 -0.04280787 0.13598150
v -0.02065217 -0.04369533 0.13496859
v -0.01809966 -0.04370129 0.13646249
v -0.02065217 -0.04369533 0.13496859
v -0.01751708 -0.04452580 0.13536660
v -0.01751708 -0.04452580 0.13536660
v -0.02065217 -0.04369533 0.13496859
v -0.02080363 -0.04452580 0.13339120
v -0.01751708 -0.04452580 0.13536660
v -0.02080363 -0.04452580 0.13339120
v -0.01704663 -0.04528617 0.13416781
v -0.01704663 -0.04528617 0.13416781
v -0.02080363 -0.04452580 0.13339120
v -0.02021235 -0.04528623 0.13224730
v -0.01704663 -0.04528617 0.13416781
v -0.02021235 -0.04528623 0.13224730
v -0.01788628 -0.04579991 0.13259689
v -0.01788628 -0.04579991 0.13259689
v -0.02021235 -0.04528623 0.13224730
v -0.02088612 -0.04579991 0.13059820
v -0.01919287 -0.03979992 0.14097950
v -0.02114981 -0.03979992 0.13993961
v -0.01875340 -0.04085588 0.14001970
v -0.01875340 -0.04085588 0.14001970
v -0.02114981 -0.03979992 0.13993961
v -0.02066010 -0.04085588 0.13900450
v -0.01875340 -0.04085588 0.14001970
v -0.02066010 -0.04085588 0.13900450
v -0.01825767 -0.04186069 0.13902780
v -0.01825767 -0.04186069 0.13902780
v -0.02066010 -0.04085588 0.13900450
v -0.02011400 -0.04186069 0.13803950
v -0.01825767 -0.04186069 0.13902780
v -0.02011400 -0.04186069 0.13803950
v -0.01774090 -0.04280787 0.13799369
v -0.01774090 -0.04280787 0.13799369
v -0.02011400 -0.04186069 0.13803950
v -0.01954454 -0.04280787 0.13703340
v -0.01774090 -0.04280787 0.13799369
v -0.01954454 -0.04280787 0.13703340
v -0.01809966 -0.04370129 0.13646249
v -0.01718485 -0.03979992 0.14191720
v -0.01919287 -0.03979992 0.14097950
v -0.01679718 -0.04085588 0.14093530
v -0.01679718 -0.04085588 0.14093530
v -0.01919287 -0.03979992 0.14097950
v -0.01875340 -0.04085588 0.14001970
v -0.01679718 -0.04085588 0.14093530
v -0.01875340 -0.04085588 0.14001970
v -0.01635313 -0.04186069 0.13991930
v -0.01635313 -0.04186069 0.13991930
v -0.01875340 -0.04085588 0.14001970
v -0.01825767 -0.04186069 0.13902780
v -0.01635313 -0.04186069 0.13991930
v -0.01825767 -0.04186069 0.13902780
v -0.01589018 -0.04280787 0.13885990
v -0.01589018 -0.04280787 0.13885990
v -0.01825767 -0.04186069 0.13902780
v -0.01774090 -0.04280787 0.13799369
v -0.01589018 -0.04280787 0.13885990
v -0.01774090 -0.04280787 0.13799369
v -0.01451182 -0.04370129 0.13814350
v -0.01451182 -0.04370129 0.13814350
v -0.01774090 -0.04280787 0.13799369
v -0.01809966 -0.04370129 0.13646249
v -0.01451182 -0.04370129 0.13814350
v -0.01809966 -0.04370129 0.13646249
v -0.01404470 -0.04452574 0.13699380
v -0.01404470 -0.04452574 0.13699380
v -0.01809966 -0.04370129 0.13646249
v -0.01751708 -0.04452580 0.13536660
v -0.01404470 -0.04452574 0.13699380
v -0.01751708 -0.04452580 0.13536660
v -0.01370000 -0.04528617 0.13575269
v -0.01370000 -0.04528617 0.13575269
v -0.01751708 -0.04452580 0.13536660
v -0.01704663 -0.04528617 0.13416781
v -0.01370000 -0.04528617 0.13575269
v -0.01704663 -0.04528617 0.13416781
v -0.01469713 -0.04579991 0.13427630
v -0.01469713 -0.04579991 0.13427630
v -0.01704663 -0.04528617 0.13416781
v -0.01788628 -0.04579991 0.13259689
v -0.01513159 -0.03979992 0.14275020
v -0.01718485 -0.03979992 0.14191720
v -0.01479619 -0.04085588 0.14174899
v -0.01479619 -0.04085588 0.14174899
v -0.01718485 -0.03979992 0.14191720
v -0.01679718 -0.04085588 0.14093530
v -0.01479619 -0.04085588 0.14174899
v -0.01679718 -0.04085588 0.14093530
v -0.01440519 -0.04186069 0.14071150
v -0.01440519 -0.04186069 0.14071150
v -0.01679718 -0.04085588 0.14093530
v -0.01635313 -0.04186069 0.13991930
v -0.01440519 -0.04186069 0.14071150
v -0.01635313 -0.04186069 0.13991930
v -0.01399725 -0.04280787 0.13962971
v -0.01399725 -0.04280787 0.13962971
v -0.01635313 -0.04186069 0.13991930
v -0.01589018 -0.04280787 0.13885990
v -0.01399725 -0.04280787 0.13962971
v -0.01589018 -0.04280787 0.13885990
v -0.01451182 -0.04370129 0.13814350
v -0.01303744 -0.03979992 0.14347640
v -0.01513159 -0.03979992 0.14275020
v -0.01275610 -0.04085588 0.14245871
v -0.01275610 -0.04085588 0.14245871
v -0.01513159 -0.03979992 0.14275020
v -0.01479619 -0.04085588 0.14174899
v -0.01275610 -0.04085588 0.14245871
v -0.01479619 -0.04085588 0.14174899
v -0.01241886 -0.04186069 0.14140239
v -0.01241886 -0.04186069 0.14140239
v -0.01479619 -0.04085588 0.14174899
v -0.01440519 -0.04186069 0.14071150
v -0.01241886 -0.04186069 0.14140239
v -0.01440519 -0.04186069 0.14071150
v -0.01206731 -0.04280787 0.14030109
v -0.01206731 -0.04280787 0.14030109
v -0.01440519 -0.04186069 0.14071150
v -0.01399725 -0.04280787 0.13962971
v -0.01206731 -0.04280787 0.14030109
v -0.01399725 -0.04280787 0.13962971
v -0.01076984 -0.04370123 0.13944671
v -0.01076984 -0.04370123 0.13944671
v -0.01399725 -0.04280787 0.13962971
v -0.01451182 -0.04370129 0.13814350
v -0.01076984 -0.04370123 0.13944671
v -0.01451182 -0.04370129 0.13814350
v -0.01042366 -0.04452574 0.13825500
v -0.01042366 -0.04452574 0.13825500
v -0.01451182 -0.04370129 0.13814350
v -0.01404470 -0.04452574 0.13699380
v -0.01042366 -0.04452574 0.13825500
v -0.01404470 -0.04452574 0.13699380
v -0.01020848 -0.04528617 0.13698520
v -0.01020848 -0.04528617 0.13698520
v -0.01404470 -0.04452574 0.13699380
v -0.01370000 -0.04528617 0.13575269
v -0.01020848 -0.04528617 0.13698520
v -0.01370000 -0.04528617 0.13575269
v -0.01234620 -0.04579991 0.13525000
v -0.01234620 -0.04579991 0.13525000
v -0.01370000 -0.04528617 0.13575269
v -0.01469713 -0.04579991 0.13427630
v -0.01090908 -0.03979992 0.14409371
v -0.01303744 -0.03979992 0.14347640
v -0.01068228 -0.04085588 0.14306240
v -0.01068228 -0.04085588 0.14306240
v -0.01303744 -0.03979992 0.14347640
v -0.01275610 -0.04085588 0.14245871
v -0.01068228 -0.04085588 0.14306240
v -0.01275610 -0.04085588 0.14245871
v -0.01039975 -0.04186069 0.14199010
v -0.01039975 -0.04186069 0.14199010
v -0.01275610 -0.04085588 0.14245871
v -0.01241886 -0.04186069 0.14140239
v -0.01039975 -0.04186069 0.14199010
v -0.01241886 -0.04186069 0.14140239
v -0.01010549 -0.04280787 0.14087211
v -0.01010549 -0.04280787 0.14087211
v -0.01241886 -0.04186069 0.14140239
v -0.01206731 -0.04280787 0.14030109
v -0.01010549 -0.04280787 0.14087211
v -0.01206731 -0.04280787 0.14030109
v -0.01076984 -0.04370123 0.13944671
v -0.00963187 -0.04579991 0.13615949
v -0.01020848 -0.04528617 0.13698520
v -0.01234620 -0.04579991 0.13525000
v -0.00875193 -0.03979992 0.14460050
v -0.01090908 -0.03979992 0.14409371
v -0.00858003 -0.04085588 0.14355850
v -0.00858003 -0.04085588 0.14355850
v -0.01090908 -0.03979992 0.14409371
v -0.01068228 -0.04085588 0.14306240
v -0.00858003 -0.04085588 0.14355850
v -0.01068228 -0.04085588 0.14306240
v -0.00835317 -0.04186069 0.14247310
v -0.00835317 -0.04186069 0.14247310
v -0.01068228 -0.04085588 0.14306240
v -0.01039975 -0.04186069 0.14199010
v -0.00835317 -0.04186069 0.14247310
v -0.01039975 -0.04186069 0.14199010
v -0.00811672 -0.04280787 0.14134151
v -0.00811672 -0.04280787 0.14134151
v -0.01039975 -0.04186069 0.14199010
v -0.01010549 -0.04280787 0.14087211
v -0.00811672 -0.04280787 0.14134151
v -0.01010549 -0.04280787 0.14087211
v -0.00691378 -0.04370123 0.14035840
v -0.00691378 -0.04370123 0.14035840
v -0.01010549 -0.04280787 0.14087211
v -0.01076984 -0.04370123 0.13944671
v -0.00691378 -0.04370123 0.14035840
v -0.01076984 -0.04370123 0.13944671
v -0.00669199 -0.04452580 0.13913719
v -0.00669199 -0.04452580 0.13913719
v -0.01076984 -0.04370123 0.13944671
v -0.01042366 -0.04452574 0.13825500
v -0.00669199 -0.04452580 0.13913719
v -0.01042366 -0.04452574 0.13825500
v -0.00660860 -0.04528623 0.13785200
v -0.00660860 -0.04528623 0.13785200
v -0.01042366 -0.04452574 0.13825500
v -0.01020848 -0.04528617 0.13698520
v -0.00660860 -0.04528623 0.13785200
v -0.01020848 -0.04528617 0.13698520
v -0.00963187 -0.04579991 0.13615949
v -0.00657093 -0.03979992 0.14499550
v -0.00875193 -0.03979992 0.14460050
v -0.00645500 -0.04085588 0.14394580
v -0.00645500 -0.04085588 0.14394580
v -0.00875193 -0.03979992 0.14460050
v -0.00858003 -0.04085588 0.14355850
v -0.00645500 -0.04085588 0.14394580
v -0.00858003 -0.04085588 0.14355850
v -0.00628436 -0.04186069 0.14285021
v -0.00628436 -0.04186069 0.14285021
v -0.00858003 -0.04085588 0.14355850
v -0.00835317 -0.04186069 0.14247310
v -0.00628436 -0.04186069 0.14285021
v -0.00835317 -0.04186069 0.14247310
v -0.00610644 -0.04280787 0.14170779
v -0.00610644 -0.04280787 0.14170779
v -0.00835317 -0.04186069 0.14247310
v -0.00811672 -0.04280787 0.14134151
v -0.00610644 -0.04280787 0.14170779
v -0.00811672 -0.04280787 0.14134151
v -0.00691378 -0.04370123 0.14035840
v -0.00715923 -0.04579991 0.13675991
v -0.00660860 -0.04528623 0.13785200
v -0.00963187 -0.04579991 0.13615949
v -0.00437266 -0.03979992 0.14527760
v -0.00657093 -0.03979992 0.14499550
v -0.00431281 -0.04085588 0.14422309
v -0.00431281 -0.04085588 0.14422309
v -0.00657093 -0.03979992 0.14499550
v -0.00645500 -0.04085588 0.14394580
v -0.00431281 -0.04085588 0.14422309
v -0.00645500 -0.04085588 0.14394580
v -0.00419885 -0.04186069 0.14312020
v -0.00419885 -0.04186069 0.14312020
v -0.00645500 -0.04085588 0.14394580
v -0.00628436 -0.04186069 0.14285021
v -0.00419885 -0.04186069 0.14312020
v -0.00628436 -0.04186069 0.14285021
v -0.00407988 -0.04280787 0.14197020
v -0.00407988 -0.04280787 0.14197020
v -0.00628436 -0.04186069 0.14285021
v -0.00610644 -0.04280787 0.14170779
v -0.00407988 -0.04280787 0.14197020
v -0.00610644 -0.04280787 0.14170779
v -0.00395656 -0.04369533 0.14077620
v -0.00395656 -0.04369533 0.14077620
v -0.00610644 -0.04280787 0.14170779
v -0.00691378 -0.04370123 0.14035840
v -0.00395656 -0.04369533 0.14077620
v -0.00691378 -0.04370123 0.14035840
v -0.00286490 -0.04451131 0.13965690
v -0.00286490 -0.04451131 0.13965690
v -0.00691378 -0.04370123 0.14035840
v -0.00669199 -0.04452580 0.13913719
v -0.00286490 -0.04451131 0.13965690
v -0.00669199 -0.04452580 0.13913719
v -0.00287002 -0.04529058 0.13834400
v -0.00287002 -0.04529058 0.13834400
v -0.00669199 -0.04452580 0.13913719
v -0.00660860 -0.04528623 0.13785200
v -0.00287002 -0.04529058 0.13834400
v -0.00660860 -0.04528623 0.13785200
v -0.00433737 -0.04579991 0.13724080
v -0.00433737 -0.04579991 0.13724080
v -0.00660860 -0.04528623 0.13785200
v -0.00715923 -0.04579991 0.13675991
v 0.00000023 -0.04268205 0.14234440
v 0.00000000 -0.04172790 0.14349291
v -0.00210220 -0.04186069 0.14328250
v -0.00210220 -0.04186069 0.14328250
v 0.00000000 -0.04172790 0.14349291
v -0.00215930 -0.04085588 0.14438979
v -0.00215930 -0.04085588 0.14438979
v 0.00000000 -0.04172790 0.14349291
v 0.00001157 -0.04070770 0.14460300
v -0.00437266 -0.03979992 0.14527760
v -0.00431281 -0.04085588 0.14422309
v -0.00215930 -0.04085588 0.14438979
v -0.00437266 -0.03979992 0.14527760
v -0.00215930 -0.04085588 0.14438979
v -0.00221348 -0.03979986 0.14544301
v -0.00221348 -0.03979986 0.14544301
v -0.00215930 -0.04085588 0.14438979
v 0.00001157 -0.04070770 0.14460300
v -0.00221348 -0.03979986 0.14544301
v 0.00001157 -0.04070770 0.14460300
v 0.00000000 -0.03979986 0.14550000
v -0.00001491 -0.04519349 0.13862181
v -0.00090154 -0.04579991 0.13749529
v 0.00180173 -0.04579991 0.13745360
v 0.00217414 -0.04057627 0.06032097
v 0.00000000 -0.04071801 0.06040775
v 0.00000000 -0.03979986 0.05949985
v 0.00000000 -0.03979986 0.05949985
v 0.00223166 -0.03979998 0.05955761
v 0.00217414 -0.04057627 0.06032097
v 0.00217414 -0.04057627 0.06032097
v 0.00223166 -0.03979998 0.05955761
v 0.00434250 -0.04057627 0.06048882
v 0.00223166 -0.03979998 0.05955761
v 0.00444883 -0.03980004 0.05973035
v 0.00434250 -0.04057627 0.06048882
v 0.00434250 -0.04057627 0.06048882
v 0.00444883 -0.03980004 0.05973035
v 0.00649947 -0.04057627 0.06076800
v 0.00444883 -0.03980004 0.05973035
v 0.00666875 -0.03980028 0.06001985
v 0.00649947 -0.04057627 0.06076800
v 0.00649947 -0.04057627 0.06076800
v 0.00666875 -0.03980028 0.06001985
v 0.00863922 -0.04057627 0.06115800
v 0.00666875 -0.03980028 0.06001985
v 0.00884199 -0.03980064 0.06041824
v 0.00863922 -0.04057627 0.06115800
v 0.00863922 -0.04057627 0.06115800
v 0.00884199 -0.03980064 0.06041824
v 0.01075589 -0.04057627 0.06165742
v 0.00884199 -0.03980064 0.06041824
v 0.01103627 -0.03980064 0.06093966
v 0.01075589 -0.04057627 0.06165742
v 0.01075589 -0.04057627 0.06165742
v 0.01103627 -0.03980064 0.06093966
v 0.01284426 -0.04057627 0.06226533
v 0.01103627 -0.03980064 0.06093966
v 0.01319050 -0.03980106 0.06157267
v 0.01284426 -0.04057627 0.06226533
v 0.01284426 -0.04057627 0.06226533
v 0.01319050 -0.03980106 0.06157267
v 0.01489835 -0.04057627 0.06297999
v 0.01319050 -0.03980106 0.06157267
v 0.01529449 -0.03980118 0.06231147
v 0.01489835 -0.04057627 0.06297999
v 0.01489835 -0.04057627 0.06297999
v 0.01529449 -0.03980118 0.06231147
v 0.01691311 -0.04057627 0.06379938
v 0.01529449 -0.03980118 0.06231147
v 0.01734662 -0.03980100 0.06315314
v 0.01691311 -0.04057627 0.06379938
v 0.01691311 -0.04057627 0.06379938
v 0.01734662 -0.03980100 0.06315314
v 0.01888293 -0.04057627 0.06472134
v 0.01734662 -0.03980100 0.06315314
v 0.01938581 -0.03980135 0.06411719
v 0.01888293 -0.04057627 0.06472134
v 0.01888293 -0.04057627 0.06472134
v 0.01938581 -0.03980135 0.06411719
v 0.02080273 -0.04057627 0.06574350
v 0.01938581 -0.03980135 0.06411719
v 0.02132916 -0.03980118 0.06516146
v 0.02080273 -0.04057627 0.06574350
v 0.02080273 -0.04057627 0.06574350
v 0.02132916 -0.03980118 0.06516146
v 0.02266722 -0.04057627 0.06686311
v 0.02132916 -0.03980118 0.06516146
v 0.02326256 -0.03980183 0.06633520
v 0.02266722 -0.04057627 0.06686311
v 0.02266722 -0.04057627 0.06686311
v 0.02326256 -0.03980183 0.06633520
v 0.02447170 -0.04057627 0.06807726
v 0.02326256 -0.03980183 0.06633520
v 0.02507948 -0.03980183 0.06757032
v 0.02447170 -0.04057627 0.06807726
v 0.02447170 -0.04057627 0.06807726
v 0.02507948 -0.03980183 0.06757032
v 0.02621138 -0.04057627 0.06938266
v 0.02507948 -0.03980183 0.06757032
v 0.02687603 -0.03980219 0.06893330
v 0.02621138 -0.04057627 0.06938266
v 0.02621138 -0.04057627 0.06938266
v 0.02687603 -0.03980219 0.06893330
v 0.02788150 -0.04057627 0.07077592
v 0.02687603 -0.03980219 0.06893330
v 0.02858155 -0.03980225 0.07037311
v 0.02788150 -0.04057627 0.07077592
v 0.02788150 -0.04057627 0.07077592
v 0.02858155 -0.03980225 0.07037311
v 0.02947765 -0.04057627 0.07225328
v 0.02858155 -0.03980225 0.07037311
v 0.03021514 -0.03980261 0.07190454
v 0.02947765 -0.04057627 0.07225328
v 0.02947765 -0.04057627 0.07225328
v 0.03021514 -0.03980261 0.07190454
v 0.03099548 -0.04057627 0.07381087
v 0.03021514 -0.03980261 0.07190454
v 0.03179019 -0.03980326 0.07354587
v 0.03099548 -0.04057627 0.07381087
v 0.03099548 -0.04057627 0.07381087
v 0.03179019 -0.03980326 0.07354587
v 0.03243136 -0.04057627 0.07544451
v 0.03179019 -0.03980326 0.07354587
v 0.03326845 -0.03980451 0.07525891
v 0.03243136 -0.04057627 0.07544451
v 0.03243136 -0.04057627 0.07544451
v 0.03326845 -0.03980451 0.07525891
v 0.03378117 -0.04057627 0.07714992
v 0.03326845 -0.03980451 0.07525891
v 0.03456705 -0.03980064 0.07691967
v 0.03378117 -0.04057627 0.07714992
v 0.03378117 -0.04057627 0.07714992
v 0.03456705 -0.03980064 0.07691967
v 0.03504139 -0.04057627 0.07892256
v 0.03456705 -0.03980064 0.07691967
v 0.03584712 -0.03980064 0.07874655
v 0.03504139 -0.04057627 0.07892256
v 0.03504139 -0.04057627 0.07892256
v 0.03584712 -0.03980064 0.07874655
v 0.03620857 -0.04057627 0.08075773
v 0.03584712 -0.03980064 0.07874655
v 0.03703075 -0.03980064 0.08063739
v 0.03620857 -0.04057627 0.08075773
v 0.03620857 -0.04057627 0.08075773
v 0.03703075 -0.03980064 0.08063739
v 0.03727990 -0.04057627 0.08265054
v 0.03703075 -0.03980064 0.08063739
v 0.03811496 -0.03980058 0.08258736
v 0.03727990 -0.04057627 0.08265054
v 0.03727990 -0.04057627 0.08265054
v 0.03811496 -0.03980058 0.08258736
v 0.03825229 -0.04057627 0.08459597
v 0.03811496 -0.03980058 0.08258736
v 0.03909647 -0.03980058 0.08459085
v 0.03825229 -0.04057627 0.08459597
v 0.03825229 -0.04057627 0.08459597
v 0.03909647 -0.03980058 0.08459085
v 0.03912311 -0.04057627 0.08658885
v 0.03909647 -0.03980058 0.08459085
v 0.03997278 -0.03980058 0.08664268
v 0.03912311 -0.04057627 0.08658885
v 0.03912311 -0.04057627 0.08658885
v 0.03997278 -0.03980058 0.08664268
v 0.03989034 -0.04057627 0.08862400
v 0.03997278 -0.03980058 0.08664268
v 0.04074144 -0.03980052 0.08873713
v 0.03989034 -0.04057627 0.08862400
v 0.03989034 -0.04057627 0.08862400
v 0.04074144 -0.03980052 0.08873713
v 0.04055190 -0.04057627 0.09069591
v 0.04074144 -0.03980052 0.08873713
v 0.04140049 -0.03980052 0.09086883
v 0.04055190 -0.04057627 0.09069591
v 0.04055190 -0.04057627 0.09069591
v 0.04140049 -0.03980052 0.09086883
v 0.04110568 -0.04057627 0.09279912
v 0.04140049 -0.03980052 0.09086883
v 0.04194808 -0.03980046 0.09303188
v 0.04110568 -0.04057627 0.09279912
v 0.04110568 -0.04057627 0.09279912
v 0.04194808 -0.03980046 0.09303188
v 0.04155051 -0.04057627 0.09492808
v 0.04194808 -0.03980046 0.09303188
v 0.04238271 -0.03980040 0.09522074
v 0.04155051 -0.04057627 0.09492808
v 0.04155051 -0.04057627 0.09492808
v 0.04238271 -0.03980040 0.09522074
v 0.04188525 -0.04057627 0.09707707
v 0.04238271 -0.03980040 0.09522074
v 0.04270339 -0.03980040 0.09742897
v 0.04188525 -0.04057627 0.09707707
v 0.04188525 -0.04057627 0.09707707
v 0.04270339 -0.03980040 0.09742897
v 0.04210901 -0.04057627 0.09924048
v 0.04270339 -0.03980040 0.09742897
v 0.04290884 -0.03980028 0.09965127
v 0.04210901 -0.04057627 0.09924048
v 0.04210901 -0.04057627 0.09924048
v 0.04290884 -0.03980028 0.09965127
v 0.04222095 -0.04057627 0.10141250
v 0.04290884 -0.03980028 0.09965127
v 0.04299885 -0.03980022 0.10188130
v 0.04222095 -0.04057627 0.10141250
v 0.04222095 -0.04057627 0.10141250
v 0.04299885 -0.03980022 0.10188130
v 0.04222095 -0.04057627 0.10358750
v 0.04222095 -0.04057627 0.10358750
v 0.04299885 -0.03980022 0.10188130
v 0.04298561 -0.03979986 0.10360710
v 0.04222095 -0.04057627 0.10358750
v 0.04298561 -0.03979986 0.10360710
v 0.04210901 -0.04057627 0.10575950
v 0.04298561 -0.03979986 0.10360710
v 0.04291146 -0.03980231 0.10531240
v 0.04210901 -0.04057627 0.10575950
v 0.04210901 -0.04057627 0.10575950
v 0.04291146 -0.03980231 0.10531240
v 0.04188525 -0.04057627 0.10792290
v 0.04291146 -0.03980231 0.10531240
v 0.04270786 -0.03980219 0.10753500
v 0.04188525 -0.04057627 0.10792290
v 0.04188525 -0.04057627 0.10792290
v 0.04270786 -0.03980219 0.10753500
v 0.04155051 -0.04057627 0.11007190
v 0.04270786 -0.03980219 0.10753500
v 0.04238909 -0.03980207 0.10974390
v 0.04155051 -0.04057627 0.11007190
v 0.04155051 -0.04057627 0.11007190
v 0.04238909 -0.03980207 0.10974390
v 0.04110568 -0.04057627 0.11220080
v 0.04238909 -0.03980207 0.10974390
v 0.04195606 -0.03980195 0.11193340
v 0.04110568 -0.04057627 0.11220080
v 0.04110568 -0.04057627 0.11220080
v 0.04195606 -0.03980195 0.11193340
v 0.04055190 -0.04057627 0.11430400
v 0.04195606 -0.03980195 0.11193340
v 0.04141002 -0.03980177 0.11409750
v 0.04055190 -0.04057627 0.11430400
v 0.04055190 -0.04057627 0.11430400
v 0.04141002 -0.03980177 0.11409750
v 0.03989034 -0.04057627 0.11637590
v 0.04141002 -0.03980177 0.11409750
v 0.04075253 -0.03980171 0.11623040
v 0.03989034 -0.04057627 0.11637590
v 0.03989034 -0.04057627 0.11637590
v 0.04075253 -0.03980171 0.11623040
v 0.03912311 -0.04057627 0.11841110
v 0.04075253 -0.03980171 0.11623040
v 0.03998517 -0.03980159 0.11832620
v 0.03912311 -0.04057627 0.11841110
v 0.03912311 -0.04057627 0.11841110
v 0.03998517 -0.03980159 0.11832620
v 0.03825229 -0.04057627 0.12040400
v 0.03998517 -0.03980159 0.11832620
v 0.03911024 -0.03980147 0.12037960
v 0.03825229 -0.04057627 0.12040400
v 0.03825229 -0.04057627 0.12040400
v 0.03911024 -0.03980147 0.12037960
v 0.03727990 -0.04057627 0.12234950
v 0.03911024 -0.03980147 0.12037960
v 0.03812968 -0.03980135 0.12238470
v 0.03727990 -0.04057627 0.12234950
v 0.03727990 -0.04057627 0.12234950
v 0.03812968 -0.03980135 0.12238470
v 0.03620857 -0.04057627 0.12424230
v 0.03812968 -0.03980135 0.12238470
v 0.03704655 -0.03980129 0.12433640
v 0.03620857 -0.04057627 0.12424230
v 0.03620857 -0.04057627 0.12424230
v 0.03704655 -0.03980129 0.12433640
v 0.03504139 -0.04057627 0.12607740
v 0.03704655 -0.03980129 0.12433640
v 0.03586339 -0.03980118 0.12622920
v 0.03504139 -0.04057627 0.12607740
v 0.03504139 -0.04057627 0.12607740
v 0.03586339 -0.03980118 0.12622920
v 0.03378117 -0.04057621 0.12784991
v 0.03378117 -0.04057621 0.12784991
v 0.03586339 -0.03980118 0.12622920
v 0.03460448 -0.03979986 0.12803000
v 0.03378117 -0.04057621 0.12784991
v 0.03460448 -0.03979986 0.12803000
v 0.03323411 -0.03980016 0.12978980
v 0.03378117 -0.04057621 0.12784991
v 0.03323411 -0.03980016 0.12978980
v 0.03243136 -0.04057621 0.12955540
v 0.03243136 -0.04057621 0.12955540
v 0.03323411 -0.03980016 0.12978980
v 0.03177148 -0.03980016 0.13147950
v 0.03243136 -0.04057621 0.12955540
v 0.03177148 -0.03980016 0.13147950
v 0.03099548 -0.04057621 0.13118909
v 0.03099548 -0.04057621 0.13118909
v 0.03177148 -0.03980016 0.13147950
v 0.03022313 -0.03980016 0.13309071
v 0.03099548 -0.04057621 0.13118909
v 0.03022313 -0.03980016 0.13309071
v 0.02947765 -0.04057621 0.13274661
v 0.02947765 -0.04057621 0.13274661
v 0.03022313 -0.03980016 0.13309071
v 0.02859342 -0.03980016 0.13461910
v 0.02947765 -0.04057621 0.13274661
v 0.02859342 -0.03980016 0.13461910
v 0.02788150 -0.04057621 0.13422389
v 0.02788150 -0.04057621 0.13422389
v 0.02859342 -0.03980016 0.13461910
v 0.02688622 -0.03980016 0.13606100
v 0.02788150 -0.04057621 0.13422389
v 0.02688622 -0.03980016 0.13606100
v 0.02621138 -0.04057621 0.13561730
v 0.02621138 -0.04057621 0.13561730
v 0.02688622 -0.03980016 0.13606100
v 0.02510654 -0.03980016 0.13741200
v 0.02621138 -0.04057621 0.13561730
v 0.02510654 -0.03980016 0.13741200
v 0.02447170 -0.04057621 0.13692270
v 0.02447170 -0.04057621 0.13692270
v 0.02510654 -0.03980016 0.13741200
v 0.02325958 -0.03980010 0.13866870
v 0.02447170 -0.04057621 0.13692270
v 0.02325958 -0.03980010 0.13866870
v 0.02266722 -0.04057621 0.13813680
v 0.02266722 -0.04057621 0.13813680
v 0.02325958 -0.03980010 0.13866870
v 0.02134943 -0.03980010 0.13982780
v 0.02266722 -0.04057621 0.13813680
v 0.02134943 -0.03980010 0.13982780
v 0.02080273 -0.04057621 0.13925640
v 0.02080273 -0.04057621 0.13925640
v 0.02134943 -0.03980010 0.13982780
v 0.01938194 -0.03980010 0.14088610
v 0.02080273 -0.04057621 0.13925640
v 0.01938194 -0.03980010 0.14088610
v 0.01888293 -0.04057621 0.14027859
v 0.01888293 -0.04057621 0.14027859
v 0.01938194 -0.03980010 0.14088610
v 0.01736176 -0.03980010 0.14184090
v 0.01888293 -0.04057621 0.14027859
v 0.01736176 -0.03980010 0.14184090
v 0.01691311 -0.04057621 0.14120060
v 0.01691311 -0.04057621 0.14120060
v 0.01736176 -0.03980010 0.14184090
v 0.01529532 -0.03980010 0.14268920
v 0.01691311 -0.04057621 0.14120060
v 0.01529532 -0.03980010 0.14268920
v 0.01489835 -0.04057621 0.14201990
v 0.01489835 -0.04057621 0.14201990
v 0.01529532 -0.03980010 0.14268920
v 0.01318770 -0.03980004 0.14342910
v 0.01489835 -0.04057621 0.14201990
v 0.01318770 -0.03980004 0.14342910
v 0.01284426 -0.04057621 0.14273450
v 0.01284426 -0.04057621 0.14273450
v 0.01318770 -0.03980004 0.14342910
v 0.01104456 -0.03980004 0.14405850
v 0.01284426 -0.04057621 0.14273450
v 0.01104456 -0.03980004 0.14405850
v 0.01075589 -0.04057621 0.14334241
v 0.01075589 -0.04057621 0.14334241
v 0.01104456 -0.03980004 0.14405850
v 0.00887144 -0.03979998 0.14457580
v 0.01075589 -0.04057621 0.14334241
v 0.00887144 -0.03979998 0.14457580
v 0.00863922 -0.04057621 0.14384191
v 0.00863922 -0.04057621 0.14384191
v 0.00887144 -0.03979998 0.14457580
v 0.00667435 -0.03979998 0.14497951
v 0.00863922 -0.04057621 0.14384191
v 0.00667435 -0.03979998 0.14497951
v 0.00649947 -0.04057621 0.14423190
v 0.00649947 -0.04057621 0.14423190
v 0.00667435 -0.03979998 0.14497951
v 0.00445980 -0.03979992 0.14526840
v 0.00649947 -0.04057621 0.14423190
v 0.00445980 -0.03979992 0.14526840
v 0.00434250 -0.04057621 0.14451110
v 0.00223201 -0.03979992 0.14544231
v 0.00217414 -0.04057621 0.14467900
v 0.00434250 -0.04057621 0.14451110
v 0.00223201 -0.03979992 0.14544231
v 0.00434250 -0.04057621 0.14451110
v 0.00445980 -0.03979992 0.14526840
v 0.00211805 -0.04159098 0.06140923
v 0.00000000 -0.04172796 0.06150710
v 0.00000000 -0.04071801 0.06040775
v 0.00001157 -0.04070770 0.14460300
v 0.00217414 -0.04057621 0.14467900
v 0.00223201 -0.03979992 0.14544231
v 0.00001157 -0.04070770 0.14460300
v 0.00223201 -0.03979992 0.14544231
v 0.00000000 -0.03979986 0.14550000
v 0.00001157 -0.04070770 0.14460300
v 0.00211805 -0.04159098 0.14359070
v 0.00217414 -0.04057621 0.14467900
v 0.00217414 -0.04057621 0.14467900
v 0.00211805 -0.04159098 0.14359070
v 0.00423050 -0.04159098 0.14342710
v 0.00217414 -0.04057621 0.14467900
v 0.00423050 -0.04159098 0.14342710
v 0.00434250 -0.04057621 0.14451110
v 0.00434250 -0.04057621 0.14451110
v 0.00423050 -0.04159098 0.14342710
v 0.00633186 -0.04159098 0.14315499
v 0.00434250 -0.04057621 0.14451110
v 0.00633186 -0.04159098 0.14315499
v 0.00649947 -0.04057621 0.14423190
v 0.00649947 -0.04057621 0.14423190
v 0.00633186 -0.04159098 0.14315499
v 0.00841630 -0.04159098 0.14277519
v 0.00649947 -0.04057621 0.14423190
v 0.00841630 -0.04159098 0.14277519
v 0.00863922 -0.04057621 0.14384191
v 0.00863922 -0.04057621 0.14384191
v 0.00841630 -0.04159098 0.14277519
v 0.01047837 -0.04159098 0.14228859
v 0.00863922 -0.04057621 0.14384191
v 0.01047837 -0.04159098 0.14228859
v 0.01075589 -0.04057621 0.14334241
v 0.01075589 -0.04057621 0.14334241
v 0.01047837 -0.04159098 0.14228859
v 0.01251286 -0.04159098 0.14169639
v 0.01075589 -0.04057621 0.14334241
v 0.01251286 -0.04159098 0.14169639
v 0.01284426 -0.04057621 0.14273450
v 0.01284426 -0.04057621 0.14273450
v 0.01251286 -0.04159098 0.14169639
v 0.01451390 -0.04159098 0.14100030
v 0.01284426 -0.04057621 0.14273450
v 0.01451390 -0.04159098 0.14100030
v 0.01489835 -0.04057621 0.14201990
v 0.01489835 -0.04057621 0.14201990
v 0.01451390 -0.04159098 0.14100030
v 0.01647675 -0.04159098 0.14020210
v 0.01489835 -0.04057621 0.14201990
v 0.01647675 -0.04159098 0.14020210
v 0.01691311 -0.04057621 0.14120060
v 0.01691311 -0.04057621 0.14120060
v 0.01647675 -0.04159098 0.14020210
v 0.01839578 -0.04159098 0.13930389
v 0.01691311 -0.04057621 0.14120060
v 0.01839578 -0.04159098 0.13930389
v 0.01888293 -0.04057621 0.14027859
v 0.01888293 -0.04057621 0.14027859
v 0.01839578 -0.04159098 0.13930389
v 0.02026587 -0.04159098 0.13830809
v 0.01888293 -0.04057621 0.14027859
v 0.02026587 -0.04159098 0.13830809
v 0.02080273 -0.04057621 0.13925640
v 0.02080273 -0.04057621 0.13925640
v 0.02026587 -0.04159098 0.13830809
v 0.02208238 -0.04159098 0.13721740
v 0.02080273 -0.04057621 0.13925640
v 0.02208238 -0.04159098 0.13721740
v 0.02266722 -0.04057621 0.13813680
v 0.02266722 -0.04057621 0.13813680
v 0.02208238 -0.04159098 0.13721740
v 0.02384030 -0.04159098 0.13603459
v 0.02266722 -0.04057621 0.13813680
v 0.02384030 -0.04159098 0.13603459
v 0.02447170 -0.04057621 0.13692270
v 0.02447170 -0.04057621 0.13692270
v 0.02384030 -0.04159098 0.13603459
v 0.02553510 -0.04159098 0.13476279
v 0.02447170 -0.04057621 0.13692270
v 0.02553510 -0.04159098 0.13476279
v 0.02621138 -0.04057621 0.13561730
v 0.02621138 -0.04057621 0.13561730
v 0.02553510 -0.04159098 0.13476279
v 0.02716213 -0.04159098 0.13340551
v 0.02621138 -0.04057621 0.13561730
v 0.02716213 -0.04159098 0.13340551
v 0.02788150 -0.04057621 0.13422389
v 0.02788150 -0.04057621 0.13422389
v 0.02716213 -0.04159098 0.13340551
v 0.02871710 -0.04159098 0.13196620
v 0.02788150 -0.04057621 0.13422389
v 0.02871710 -0.04159098 0.13196620
v 0.02947765 -0.04057621 0.13274661
v 0.02947765 -0.04057621 0.13274661
v 0.02871710 -0.04159098 0.13196620
v 0.03019589 -0.04159098 0.13044889
v 0.02947765 -0.04057621 0.13274661
v 0.03019589 -0.04159098 0.13044889
v 0.03099548 -0.04057621 0.13118909
v 0.03099548 -0.04057621 0.13118909
v 0.03019589 -0.04159098 0.13044889
v 0.03159463 -0.04159098 0.12885740
v 0.03099548 -0.04057621 0.13118909
v 0.03159463 -0.04159098 0.12885740
v 0.03243136 -0.04057621 0.12955540
v 0.03243136 -0.04057621 0.12955540
v 0.03159463 -0.04159098 0.12885740
v 0.03290957 -0.04159098 0.12719600
v 0.03243136 -0.04057621 0.12955540
v 0.03290957 -0.04159098 0.12719600
v 0.03378117 -0.04057621 0.12784991
v 0.03378117 -0.04057621 0.12784991
v 0.03290957 -0.04159098 0.12719600
v 0.03413712 -0.04159098 0.12546900
v 0.03378117 -0.04057621 0.12784991
v 0.03413712 -0.04159098 0.12546900
v 0.03504139 -0.04057627 0.12607740
v 0.03504139 -0.04057627 0.12607740
v 0.03413712 -0.04159098 0.12546900
v 0.03527432 -0.04159098 0.12368130
v 0.03504139 -0.04057627 0.12607740
v 0.03527432 -0.04159098 0.12368130
v 0.03620857 -0.04057627 0.12424230
v 0.03620857 -0.04057627 0.12424230
v 0.03527432 -0.04159098 0.12368130
v 0.03631806 -0.04159098 0.12183730
v 0.03620857 -0.04057627 0.12424230
v 0.03631806 -0.04159098 0.12183730
v 0.03727990 -0.04057627 0.12234950
v 0.03727990 -0.04057627 0.12234950
v 0.03631806 -0.04159098 0.12183730
v 0.03726536 -0.04159098 0.11994210
v 0.03727990 -0.04057627 0.12234950
v 0.03726536 -0.04159098 0.11994210
v 0.03825229 -0.04057627 0.12040400
v 0.03825229 -0.04057627 0.12040400
v 0.03726536 -0.04159098 0.11994210
v 0.03811383 -0.04159098 0.11800060
v 0.03825229 -0.04057627 0.12040400
v 0.03811383 -0.04159098 0.11800060
v 0.03912311 -0.04057627 0.11841110
v 0.03912311 -0.04057627 0.11841110
v 0.03811383 -0.04159098 0.11800060
v 0.03886127 -0.04159098 0.11601790
v 0.03912311 -0.04057627 0.11841110
v 0.03886127 -0.04159098 0.11601790
v 0.03989034 -0.04057627 0.11637590
v 0.03989034 -0.04057627 0.11637590
v 0.03886127 -0.04159098 0.11601790
v 0.03950560 -0.04159098 0.11399950
v 0.03989034 -0.04057627 0.11637590
v 0.03950560 -0.04159098 0.11399950
v 0.04055190 -0.04057627 0.11430400
v 0.04055190 -0.04057627 0.11430400
v 0.03950560 -0.04159098 0.11399950
v 0.04004520 -0.04159098 0.11195050
v 0.04055190 -0.04057627 0.11430400
v 0.04004520 -0.04159098 0.11195050
v 0.04110568 -0.04057627 0.11220080
v 0.04110568 -0.04057627 0.11220080
v 0.04004520 -0.04159098 0.11195050
v 0.04047846 -0.04159098 0.10987650
v 0.04110568 -0.04057627 0.11220080
v 0.04047846 -0.04159098 0.10987650
v 0.04155051 -0.04057627 0.11007190
v 0.04155051 -0.04057627 0.11007190
v 0.04047846 -0.04159098 0.10987650
v 0.04080468 -0.04159098 0.10778300
v 0.04155051 -0.04057627 0.11007190
v 0.04080468 -0.04159098 0.10778300
v 0.04188525 -0.04057627 0.10792290
v 0.04188525 -0.04057627 0.10792290
v 0.04080468 -0.04159098 0.10778300
v 0.04102241 -0.04159098 0.10567530
v 0.04188525 -0.04057627 0.10792290
v 0.04102241 -0.04159098 0.10567530
v 0.04210901 -0.04057627 0.10575950
v 0.04210901 -0.04057627 0.10575950
v 0.04102241 -0.04159098 0.10567530
v 0.04113149 -0.04159098 0.10355940
v 0.04210901 -0.04057627 0.10575950
v 0.04113149 -0.04159098 0.10355940
v 0.04222095 -0.04057627 0.10358750
v 0.04222095 -0.04057627 0.10358750
v 0.04113149 -0.04159098 0.10355940
v 0.04113149 -0.04159098 0.10144060
v 0.04222095 -0.04057627 0.10358750
v 0.04113149 -0.04159098 0.10144060
v 0.04222095 -0.04057627 0.10141250
v 0.04222095 -0.04057627 0.10141250
v 0.04113149 -0.04159098 0.10144060
v 0.04102241 -0.04159098 0.09932458
v 0.04222095 -0.04057627 0.10141250
v 0.04102241 -0.04159098 0.09932458
v 0.04210901 -0.04057627 0.09924048
v 0.04210901 -0.04057627 0.09924048
v 0.04102241 -0.04159098 0.09932458
v 0.04080468 -0.04159098 0.09721702
v 0.04210901 -0.04057627 0.09924048
v 0.04080468 -0.04159098 0.09721702
v 0.04188525 -0.04057627 0.09707707
v 0.04188525 -0.04057627 0.09707707
v 0.04080468 -0.04159098 0.09721702
v 0.04047846 -0.04159098 0.09512341
v 0.04188525 -0.04057627 0.09707707
v 0.04047846 -0.04159098 0.09512341
v 0.04155051 -0.04057627 0.09492808
v 0.04155051 -0.04057627 0.09492808
v 0.04047846 -0.04159098 0.09512341
v 0.04004520 -0.04159098 0.09304940
v 0.04155051 -0.04057627 0.09492808
v 0.04004520 -0.04159098 0.09304940
v 0.04110568 -0.04057627 0.09279912
v 0.04110568 -0.04057627 0.09279912
v 0.04004520 -0.04159098 0.09304940
v 0.03950560 -0.04159098 0.09100043
v 0.04110568 -0.04057627 0.09279912
v 0.03950560 -0.04159098 0.09100043
v 0.04055190 -0.04057627 0.09069591
v 0.04055190 -0.04057627 0.09069591
v 0.03950560 -0.04159098 0.09100043
v 0.03886127 -0.04159098 0.08898198
v 0.04055190 -0.04057627 0.09069591
v 0.03886127 -0.04159098 0.08898198
v 0.03989034 -0.04057627 0.08862400
v 0.03989034 -0.04057627 0.08862400
v 0.03886127 -0.04159098 0.08898198
v 0.03811383 -0.04159098 0.08699941
v 0.03989034 -0.04057627 0.08862400
v 0.03811383 -0.04159098 0.08699941
v 0.03912311 -0.04057627 0.08658885
v 0.03912311 -0.04057627 0.08658885
v 0.03811383 -0.04159098 0.08699941
v 0.03726536 -0.04159098 0.08505791
v 0.03912311 -0.04057627 0.08658885
v 0.03726536 -0.04159098 0.08505791
v 0.03825229 -0.04057627 0.08459597
v 0.03825229 -0.04057627 0.08459597
v 0.03726536 -0.04159098 0.08505791
v 0.03631806 -0.04159098 0.08316266
v 0.03825229 -0.04057627 0.08459597
v 0.03631806 -0.04159098 0.08316266
v 0.03727990 -0.04057627 0.08265054
v 0.03727990 -0.04057627 0.08265054
v 0.03631806 -0.04159098 0.08316266
v 0.03527432 -0.04159098 0.08131867
v 0.03727990 -0.04057627 0.08265054
v 0.03527432 -0.04159098 0.08131867
v 0.03620857 -0.04057627 0.08075773
v 0.03620857 -0.04057627 0.08075773
v 0.03527432 -0.04159098 0.08131867
v 0.03413712 -0.04159098 0.07953089
v 0.03620857 -0.04057627 0.08075773
v 0.03413712 -0.04159098 0.07953089
v 0.03504139 -0.04057627 0.07892256
v 0.03504139 -0.04057627 0.07892256
v 0.03413712 -0.04159098 0.07953089
v 0.03290957 -0.04159098 0.07780396
v 0.03504139 -0.04057627 0.07892256
v 0.03290957 -0.04159098 0.07780396
v 0.03378117 -0.04057627 0.07714992
v 0.03378117 -0.04057627 0.07714992
v 0.03290957 -0.04159098 0.07780396
v 0.03159463 -0.04159098 0.07614260
v 0.03378117 -0.04057627 0.07714992
v 0.03159463 -0.04159098 0.07614260
v 0.03243136 -0.04057627 0.07544451
v 0.03243136 -0.04057627 0.07544451
v 0.03159463 -0.04159098 0.07614260
v 0.03019589 -0.04159098 0.07455110
v 0.03243136 -0.04057627 0.07544451
v 0.03019589 -0.04159098 0.07455110
v 0.03099548 -0.04057627 0.07381087
v 0.03099548 -0.04057627 0.07381087
v 0.03019589 -0.04159098 0.07455110
v 0.02871710 -0.04159098 0.07303369
v 0.03099548 -0.04057627 0.07381087
v 0.02871710 -0.04159098 0.07303369
v 0.02947765 -0.04057627 0.07225328
v 0.02947765 -0.04057627 0.07225328
v 0.02871710 -0.04159098 0.07303369
v 0.02716213 -0.04159098 0.07159447
v 0.02947765 -0.04057627 0.07225328
v 0.02716213 -0.04159098 0.07159447
v 0.02788150 -0.04057627 0.07077592
v 0.02788150 -0.04057627 0.07077592
v 0.02716213 -0.04159098 0.07159447
v 0.02553510 -0.04159098 0.07023715
v 0.02788150 -0.04057627 0.07077592
v 0.02553510 -0.04159098 0.07023715
v 0.02621138 -0.04057627 0.06938266
v 0.02621138 -0.04057627 0.06938266
v 0.02553510 -0.04159098 0.07023715
v 0.02384030 -0.04159098 0.06896543
v 0.02621138 -0.04057627 0.06938266
v 0.02384030 -0.04159098 0.06896543
v 0.02447170 -0.04057627 0.06807726
v 0.02447170 -0.04057627 0.06807726
v 0.02384030 -0.04159098 0.06896543
v 0.02208238 -0.04159098 0.06778258
v 0.02447170 -0.04057627 0.06807726
v 0.02208238 -0.04159098 0.06778258
v 0.02266722 -0.04057627 0.06686311
v 0.02266722 -0.04057627 0.06686311
v 0.02208238 -0.04159098 0.06778258
v 0.02026587 -0.04159098 0.06669187
v 0.02266722 -0.04057627 0.06686311
v 0.02026587 -0.04159098 0.06669187
v 0.02080273 -0.04057627 0.06574350
v 0.02080273 -0.04057627 0.06574350
v 0.02026587 -0.04159098 0.06669187
v 0.01839578 -0.04159098 0.06569606
v 0.02080273 -0.04057627 0.06574350
v 0.01839578 -0.04159098 0.06569606
v 0.01888293 -0.04057627 0.06472134
v 0.01888293 -0.04057627 0.06472134
v 0.01839578 -0.04159098 0.06569606
v 0.01647675 -0.04159098 0.06479787
v 0.01888293 -0.04057627 0.06472134
v 0.01647675 -0.04159098 0.06479787
v 0.01691311 -0.04057627 0.06379938
v 0.01691311 -0.04057627 0.06379938
v 0.01647675 -0.04159098 0.06479787
v 0.01451390 -0.04159098 0.06399965
v 0.01691311 -0.04057627 0.06379938
v 0.01451390 -0.04159098 0.06399965
v 0.01489835 -0.04057627 0.06297999
v 0.01489835 -0.04057627 0.06297999
v 0.01451390 -0.04159098 0.06399965
v 0.01251286 -0.04159098 0.06330353
v 0.01489835 -0.04057627 0.06297999
v 0.01251286 -0.04159098 0.06330353
v 0.01284426 -0.04057627 0.06226533
v 0.01284426 -0.04057627 0.06226533
v 0.01251286 -0.04159098 0.06330353
v 0.01047837 -0.04159098 0.06271135
v 0.01284426 -0.04057627 0.06226533
v 0.01047837 -0.04159098 0.06271135
v 0.01075589 -0.04057627 0.06165742
v 0.01075589 -0.04057627 0.06165742
v 0.01047837 -0.04159098 0.06271135
v 0.00841630 -0.04159098 0.06222456
v 0.01075589 -0.04057627 0.06165742
v 0.00841630 -0.04159098 0.06222456
v 0.00863922 -0.04057627 0.06115800
v 0.00863922 -0.04057627 0.06115800
v 0.00841630 -0.04159098 0.06222456
v 0.00633186 -0.04159098 0.06184470
v 0.00863922 -0.04057627 0.06115800
v 0.00633186 -0.04159098 0.06184470
v 0.00649947 -0.04057627 0.06076800
v 0.00649947 -0.04057627 0.06076800
v 0.00633186 -0.04159098 0.06184470
v 0.00423050 -0.04159098 0.06157279
v 0.00649947 -0.04057627 0.06076800
v 0.00423050 -0.04159098 0.06157279
v 0.00434250 -0.04057627 0.06048882
v 0.00434250 -0.04057627 0.06048882
v 0.00423050 -0.04159098 0.06157279
v 0.00211805 -0.04159098 0.06140923
v 0.00434250 -0.04057627 0.06048882
v 0.00211805 -0.04159098 0.06140923
v 0.00217414 -0.04057627 0.06032097
v 0.00217414 -0.04057627 0.06032097
v 0.00211805 -0.04159098 0.06140923
v 0.00000000 -0.04071801 0.06040775
v 0.00205940 -0.04255157 0.06254792
v 0.00000000 -0.04268211 0.06265550
v 0.00000000 -0.04172796 0.06150710
v 0.00000000 -0.04172796 0.06150710
v 0.00211805 -0.04159098 0.06140923
v 0.00205940 -0.04255157 0.06254792
v 0.00205940 -0.04255157 0.06254792
v 0.00211805 -0.04159098 0.06140923
v 0.00423050 -0.04159098 0.06157279
v 0.00205940 -0.04255157 0.06254792
v 0.00423050 -0.04159098 0.06157279
v 0.00411332 -0.04255157 0.06270688
v 0.00411332 -0.04255157 0.06270688
v 0.00423050 -0.04159098 0.06157279
v 0.00633186 -0.04159098 0.06184470
v 0.00411332 -0.04255157 0.06270688
v 0.00633186 -0.04159098 0.06184470
v 0.00615632 -0.04255157 0.06297141
v 0.00615632 -0.04255157 0.06297141
v 0.00633186 -0.04159098 0.06184470
v 0.00841630 -0.04159098 0.06222456
v 0.00615632 -0.04255157 0.06297141
v 0.00841630 -0.04159098 0.06222456
v 0.00818312 -0.04255157 0.06334072
v 0.00818312 -0.04255157 0.06334072
v 0.00841630 -0.04159098 0.06222456
v 0.01047837 -0.04159098 0.06271135
v 0.00818312 -0.04255157 0.06334072
v 0.01047837 -0.04159098 0.06271135
v 0.01018810 -0.04255157 0.06381392
v 0.01018810 -0.04255157 0.06381392
v 0.01047837 -0.04159098 0.06271135
v 0.01251286 -0.04159098 0.06330353
v 0.01018810 -0.04255157 0.06381392
v 0.01251286 -0.04159098 0.06330353
v 0.01216614 -0.04255157 0.06438970
v 0.01216614 -0.04255157 0.06438970
v 0.01251286 -0.04159098 0.06330353
v 0.01451390 -0.04159098 0.06399965
v 0.01216614 -0.04255157 0.06438970
v 0.01451390 -0.04159098 0.06399965
v 0.01411175 -0.04255157 0.06506651
v 0.01411175 -0.04255157 0.06506651
v 0.01451390 -0.04159098 0.06399965
v 0.01647675 -0.04159098 0.06479787
v 0.01411175 -0.04255157 0.06506651
v 0.01647675 -0.04159098 0.06479787
v 0.01602005 -0.04255157 0.06584262
v 0.01602005 -0.04255157 0.06584262
v 0.01647675 -0.04159098 0.06479787
v 0.01839578 -0.04159098 0.06569606
v 0.01602005 -0.04255157 0.06584262
v 0.01839578 -0.04159098 0.06569606
v 0.01788604 -0.04255157 0.06671589
v 0.01788604 -0.04255157 0.06671589
v 0.01839578 -0.04159098 0.06569606
v 0.02026587 -0.04159098 0.06669187
v 0.01788604 -0.04255157 0.06671589
v 0.02026587 -0.04159098 0.06669187
v 0.01970440 -0.04255157 0.06768411
v 0.01970440 -0.04255157 0.06768411
v 0.02026587 -0.04159098 0.06669187
v 0.02208238 -0.04159098 0.06778258
v 0.01970440 -0.04255157 0.06768411
v 0.02208238 -0.04159098 0.06778258
v 0.02147042 -0.04255157 0.06874465
v 0.02147042 -0.04255157 0.06874465
v 0.02208238 -0.04159098 0.06778258
v 0.02384030 -0.04159098 0.06896543
v 0.02147042 -0.04255157 0.06874465
v 0.02384030 -0.04159098 0.06896543
v 0.02317965 -0.04255157 0.06989467
v 0.02317965 -0.04255157 0.06989467
v 0.02384030 -0.04159098 0.06896543
v 0.02553510 -0.04159098 0.07023715
v 0.02317965 -0.04255157 0.06989467
v 0.02553510 -0.04159098 0.07023715
v 0.02482748 -0.04255157 0.07113116
v 0.02482748 -0.04255157 0.07113116
v 0.02553510 -0.04159098 0.07023715
v 0.02716213 -0.04159098 0.07159447
v 0.02482748 -0.04255157 0.07113116
v 0.02716213 -0.04159098 0.07159447
v 0.02640932 -0.04255157 0.07245087
v 0.02640932 -0.04255157 0.07245087
v 0.02716213 -0.04159098 0.07159447
v 0.02871710 -0.04159098 0.07303369
v 0.02640932 -0.04255157 0.07245087
v 0.02871710 -0.04159098 0.07303369
v 0.02792119 -0.04255157 0.07385021
v 0.02792119 -0.04255157 0.07385021
v 0.02871710 -0.04159098 0.07303369
v 0.03019589 -0.04159098 0.07455110
v 0.02792119 -0.04255157 0.07385021
v 0.03019589 -0.04159098 0.07455110
v 0.02935916 -0.04255157 0.07532554
v 0.02935916 -0.04255157 0.07532554
v 0.03019589 -0.04159098 0.07455110
v 0.03159463 -0.04159098 0.07614260
v 0.02935916 -0.04255157 0.07532554
v 0.03159463 -0.04159098 0.07614260
v 0.03071910 -0.04255157 0.07687294
v 0.03071910 -0.04255157 0.07687294
v 0.03159463 -0.04159098 0.07614260
v 0.03290957 -0.04159098 0.07780396
v 0.03071910 -0.04255157 0.07687294
v 0.03290957 -0.04159098 0.07780396
v 0.03199762 -0.04255157 0.07848834
v 0.03199762 -0.04255157 0.07848834
v 0.03290957 -0.04159098 0.07780396
v 0.03413712 -0.04159098 0.07953089
v 0.03199762 -0.04255157 0.07848834
v 0.03413712 -0.04159098 0.07953089
v 0.03319132 -0.04255157 0.08016735
v 0.03319132 -0.04255157 0.08016735
v 0.03413712 -0.04159098 0.07953089
v 0.03527432 -0.04159098 0.08131867
v 0.03319132 -0.04255157 0.08016735
v 0.03527432 -0.04159098 0.08131867
v 0.03429687 -0.04255157 0.08190560
v 0.03429687 -0.04255157 0.08190560
v 0.03527432 -0.04159098 0.08131867
v 0.03631806 -0.04159098 0.08316266
v 0.03429687 -0.04255157 0.08190560
v 0.03631806 -0.04159098 0.08316266
v 0.03531152 -0.04255157 0.08369851
v 0.03531152 -0.04255157 0.08369851
v 0.03631806 -0.04159098 0.08316266
v 0.03726536 -0.04159098 0.08505791
v 0.03531152 -0.04255157 0.08369851
v 0.03726536 -0.04159098 0.08505791
v 0.03623265 -0.04255157 0.08554124
v 0.03623265 -0.04255157 0.08554124
v 0.03726536 -0.04159098 0.08505791
v 0.03811383 -0.04159098 0.08699941
v 0.03623265 -0.04255157 0.08554124
v 0.03811383 -0.04159098 0.08699941
v 0.03705757 -0.04255157 0.08742892
v 0.03705757 -0.04255157 0.08742892
v 0.03811383 -0.04159098 0.08699941
v 0.03886127 -0.04159098 0.08898198
v 0.03705757 -0.04255157 0.08742892
v 0.03886127 -0.04159098 0.08898198
v 0.03778427 -0.04255157 0.08935660
v 0.03778427 -0.04255157 0.08935660
v 0.03886127 -0.04159098 0.08898198
v 0.03950560 -0.04159098 0.09100043
v 0.03778427 -0.04255157 0.08935660
v 0.03950560 -0.04159098 0.09100043
v 0.03841090 -0.04255157 0.09131914
v 0.03841090 -0.04255157 0.09131914
v 0.03950560 -0.04159098 0.09100043
v 0.04004520 -0.04159098 0.09304940
v 0.03841090 -0.04255157 0.09131914
v 0.04004520 -0.04159098 0.09304940
v 0.03893554 -0.04255157 0.09331130
v 0.03893554 -0.04255157 0.09331130
v 0.04004520 -0.04159098 0.09304940
v 0.04047846 -0.04159098 0.09512341
v 0.03893554 -0.04255157 0.09331130
v 0.04047846 -0.04159098 0.09512341
v 0.03935682 -0.04255157 0.09532785
v 0.03935682 -0.04255157 0.09532785
v 0.04047846 -0.04159098 0.09512341
v 0.04080468 -0.04159098 0.09721702
v 0.03935682 -0.04255157 0.09532785
v 0.04080468 -0.04159098 0.09721702
v 0.03967398 -0.04255157 0.09736341
v 0.03967398 -0.04255157 0.09736341
v 0.04080468 -0.04159098 0.09721702
v 0.04102241 -0.04159098 0.09932458
v 0.03967398 -0.04255157 0.09736341
v 0.04102241 -0.04159098 0.09932458
v 0.03988564 -0.04255157 0.09941256
v 0.03988564 -0.04255157 0.09941256
v 0.04102241 -0.04159098 0.09932458
v 0.04113149 -0.04159098 0.10144060
v 0.03988564 -0.04255157 0.09941256
v 0.04113149 -0.04159098 0.10144060
v 0.03999173 -0.04255157 0.10146990
v 0.03999173 -0.04255157 0.10146990
v 0.04113149 -0.04159098 0.10144060
v 0.04113149 -0.04159098 0.10355940
v 0.03999173 -0.04255157 0.10146990
v 0.04113149 -0.04159098 0.10355940
v 0.03999173 -0.04255157 0.10353000
v 0.03999173 -0.04255157 0.10353000
v 0.04113149 -0.04159098 0.10355940
v 0.04102241 -0.04159098 0.10567530
v 0.03999173 -0.04255157 0.10353000
v 0.04102241 -0.04159098 0.10567530
v 0.03988564 -0.04255157 0.10558740
v 0.03988564 -0.04255157 0.10558740
v 0.04102241 -0.04159098 0.10567530
v 0.04080468 -0.04159098 0.10778300
v 0.03988564 -0.04255157 0.10558740
v 0.04080468 -0.04159098 0.10778300
v 0.03967398 -0.04255157 0.10763660
v 0.03967398 -0.04255157 0.10763660
v 0.04080468 -0.04159098 0.10778300
v 0.04047846 -0.04159098 0.10987650
v 0.03967398 -0.04255157 0.10763660
v 0.04047846 -0.04159098 0.10987650
v 0.03935682 -0.04255157 0.10967210
v 0.03935682 -0.04255157 0.10967210
v 0.04047846 -0.04159098 0.10987650
v 0.04004520 -0.04159098 0.11195050
v 0.03935682 -0.04255157 0.10967210
v 0.04004520 -0.04159098 0.11195050
v 0.03893554 -0.04255157 0.11168870
v 0.03893554 -0.04255157 0.11168870
v 0.04004520 -0.04159098 0.11195050
v 0.03950560 -0.04159098 0.11399950
v 0.03893554 -0.04255157 0.11168870
v 0.03950560 -0.04159098 0.11399950
v 0.03841090 -0.04255157 0.11368080
v 0.03841090 -0.04255157 0.11368080
v 0.03950560 -0.04159098 0.11399950
v 0.03886127 -0.04159098 0.11601790
v 0.03841090 -0.04255157 0.11368080
v 0.03886127 -0.04159098 0.11601790
v 0.03778427 -0.04255157 0.11564330
v 0.03778427 -0.04255157 0.11564330
v 0.03886127 -0.04159098 0.11601790
v 0.03811383 -0.04159098 0.11800060
v 0.03778427 -0.04255157 0.11564330
v 0.03811383 -0.04159098 0.11800060
v 0.03705757 -0.04255157 0.11757090
v 0.03705757 -0.04255157 0.11757090
v 0.03811383 -0.04159098 0.11800060
v 0.03726536 -0.04159098 0.11994210
v 0.03705757 -0.04255157 0.11757090
v 0.03726536 -0.04159098 0.11994210
v 0.03623265 -0.04255157 0.11945870
v 0.03623265 -0.04255157 0.11945870
v 0.03726536 -0.04159098 0.11994210
v 0.03631806 -0.04159098 0.12183730
v 0.03623265 -0.04255157 0.11945870
v 0.03631806 -0.04159098 0.12183730
v 0.03531152 -0.04255157 0.12130150
v 0.03531152 -0.04255157 0.12130150
v 0.03631806 -0.04159098 0.12183730
v 0.03527432 -0.04159098 0.12368130
v 0.03531152 -0.04255157 0.12130150
v 0.03527432 -0.04159098 0.12368130
v 0.03429687 -0.04255157 0.12309430
v 0.03429687 -0.04255157 0.12309430
v 0.03527432 -0.04159098 0.12368130
v 0.03413712 -0.04159098 0.12546900
v 0.03429687 -0.04255157 0.12309430
v 0.03413712 -0.04159098 0.12546900
v 0.03319132 -0.04255157 0.12483260
v 0.03319132 -0.04255157 0.12483260
v 0.03413712 -0.04159098 0.12546900
v 0.03290957 -0.04159098 0.12719600
v 0.03319132 -0.04255157 0.12483260
v 0.03290957 -0.04159098 0.12719600
v 0.03199762 -0.04255157 0.12651160
v 0.03199762 -0.04255157 0.12651160
v 0.03290957 -0.04159098 0.12719600
v 0.03159463 -0.04159098 0.12885740
v 0.03199762 -0.04255157 0.12651160
v 0.03159463 -0.04159098 0.12885740
v 0.03071910 -0.04255157 0.12812699
v 0.03071910 -0.04255157 0.12812699
v 0.03159463 -0.04159098 0.12885740
v 0.03019589 -0.04159098 0.13044889
v 0.03071910 -0.04255157 0.12812699
v 0.03019589 -0.04159098 0.13044889
v 0.02935916 -0.04255157 0.12967440
v 0.02935916 -0.04255157 0.12967440
v 0.03019589 -0.04159098 0.13044889
v 0.02871710 -0.04159098 0.13196620
v 0.02935916 -0.04255157 0.12967440
v 0.02871710 -0.04159098 0.13196620
v 0.02792119 -0.04255157 0.13114969
v 0.02792119 -0.04255157 0.13114969
v 0.02871710 -0.04159098 0.13196620
v 0.02716213 -0.04159098 0.13340551
v 0.02792119 -0.04255157 0.13114969
v 0.02716213 -0.04159098 0.13340551
v 0.02640932 -0.04255157 0.13254911
v 0.02640932 -0.04255157 0.13254911
v 0.02716213 -0.04159098 0.13340551
v 0.02553510 -0.04159098 0.13476279
v 0.02640932 -0.04255157 0.13254911
v 0.02553510 -0.04159098 0.13476279
v 0.02482748 -0.04255157 0.13386880
v 0.02482748 -0.04255157 0.13386880
v 0.02553510 -0.04159098 0.13476279
v 0.02384030 -0.04159098 0.13603459
v 0.02482748 -0.04255157 0.13386880
v 0.02384030 -0.04159098 0.13603459
v 0.02317965 -0.04255157 0.13510530
v 0.02317965 -0.04255157 0.13510530
v 0.02384030 -0.04159098 0.13603459
v 0.02208238 -0.04159098 0.13721740
v 0.02317965 -0.04255157 0.13510530
v 0.02208238 -0.04159098 0.13721740
v 0.02147042 -0.04255157 0.13625529
v 0.02147042 -0.04255157 0.13625529
v 0.02208238 -0.04159098 0.13721740
v 0.02026587 -0.04159098 0.13830809
v 0.02147042 -0.04255157 0.13625529
v 0.02026587 -0.04159098 0.13830809
v 0.01970440 -0.04255157 0.13731579
v 0.01970440 -0.04255157 0.13731579
v 0.02026587 -0.04159098 0.13830809
v 0.01839578 -0.04159098 0.13930389
v 0.01970440 -0.04255157 0.13731579
v 0.01839578 -0.04159098 0.13930389
v 0.01788604 -0.04255157 0.13828400
v 0.01788604 -0.04255157 0.13828400
v 0.01839578 -0.04159098 0.13930389
v 0.01647675 -0.04159098 0.14020210
v 0.01788604 -0.04255157 0.13828400
v 0.01647675 -0.04159098 0.14020210
v 0.01602005 -0.04255157 0.13915740
v 0.01602005 -0.04255157 0.13915740
v 0.01647675 -0.04159098 0.14020210
v 0.01451390 -0.04159098 0.14100030
v 0.01602005 -0.04255157 0.13915740
v 0.01451390 -0.04159098 0.14100030
v 0.01411175 -0.04255157 0.13993341
v 0.01411175 -0.04255157 0.13993341
v 0.01451390 -0.04159098 0.14100030
v 0.01251286 -0.04159098 0.14169639
v 0.01411175 -0.04255157 0.13993341
v 0.01251286 -0.04159098 0.14169639
v 0.01216614 -0.04255157 0.14061029
v 0.01216614 -0.04255157 0.14061029
v 0.01251286 -0.04159098 0.14169639
v 0.01047837 -0.04159098 0.14228859
v 0.01216614 -0.04255157 0.14061029
v 0.01047837 -0.04159098 0.14228859
v 0.01018810 -0.04255157 0.14118590
v 0.01018810 -0.04255157 0.14118590
v 0.01047837 -0.04159098 0.14228859
v 0.00841630 -0.04159098 0.14277519
v 0.01018810 -0.04255157 0.14118590
v 0.00841630 -0.04159098 0.14277519
v 0.00818312 -0.04255157 0.14165920
v 0.00818312 -0.04255157 0.14165920
v 0.00841630 -0.04159098 0.14277519
v 0.00633186 -0.04159098 0.14315499
v 0.00818312 -0.04255157 0.14165920
v 0.00633186 -0.04159098 0.14315499
v 0.00615632 -0.04255157 0.14202860
v 0.00615632 -0.04255157 0.14202860
v 0.00633186 -0.04159098 0.14315499
v 0.00423050 -0.04159098 0.14342710
v 0.00615632 -0.04255157 0.14202860
v 0.00423050 -0.04159098 0.14342710
v 0.00411332 -0.04255157 0.14229301
v 0.00411332 -0.04255157 0.14229301
v 0.00423050 -0.04159098 0.14342710
v 0.00211805 -0.04159098 0.14359070
v 0.00411332 -0.04255157 0.14229301
v 0.00211805 -0.04159098 0.14359070
v 0.00205940 -0.04255157 0.14245211
v 0.00199819 -0.04345554 0.06373429
v 0.00000013 -0.04357796 0.06385016
v 0.00000000 -0.04268211 0.06265550
v 0.00001157 -0.04070770 0.14460300
v 0.00000000 -0.04172790 0.14349291
v 0.00211805 -0.04159098 0.14359070
v 0.00211805 -0.04159098 0.14359070
v 0.00000000 -0.04172790 0.14349291
v 0.00205940 -0.04255157 0.14245211
v 0.00205940 -0.04255157 0.14245211
v 0.00000000 -0.04172790 0.14349291
v 0.00000023 -0.04268205 0.14234440
v 0.00000023 -0.04268205 0.14234440
v 0.00199819 -0.04345548 0.14126560
v 0.00205940 -0.04255157 0.14245211
v 0.00205940 -0.04255157 0.14245211
v 0.00199819 -0.04345548 0.14126560
v 0.00399113 -0.04345548 0.14111140
v 0.00205940 -0.04255157 0.14245211
v 0.00399113 -0.04345548 0.14111140
v 0.00411332 -0.04255157 0.14229301
v 0.00411332 -0.04255157 0.14229301
v 0.00399113 -0.04345548 0.14111140
v 0.00597358 -0.04345548 0.14085470
v 0.00411332 -0.04255157 0.14229301
v 0.00597358 -0.04345548 0.14085470
v 0.00615632 -0.04255157 0.14202860
v 0.00615632 -0.04255157 0.14202860
v 0.00597358 -0.04345548 0.14085470
v 0.00794011 -0.04345548 0.14049640
v 0.00615632 -0.04255157 0.14202860
v 0.00794011 -0.04345548 0.14049640
v 0.00818312 -0.04255157 0.14165920
v 0.00818312 -0.04255157 0.14165920
v 0.00794011 -0.04345548 0.14049640
v 0.00988561 -0.04345548 0.14003719
v 0.00818312 -0.04255157 0.14165920
v 0.00988561 -0.04345548 0.14003719
v 0.01018810 -0.04255157 0.14118590
v 0.01018810 -0.04255157 0.14118590
v 0.00988561 -0.04345548 0.14003719
v 0.01180475 -0.04345548 0.13947859
v 0.01018810 -0.04255157 0.14118590
v 0.01180475 -0.04345548 0.13947859
v 0.01216614 -0.04255157 0.14061029
v 0.01216614 -0.04255157 0.14061029
v 0.01180475 -0.04345548 0.13947859
v 0.01369267 -0.04345548 0.13882180
v 0.01216614 -0.04255157 0.14061029
v 0.01369267 -0.04345548 0.13882180
v 0.01411175 -0.04255157 0.13993341
v 0.01411175 -0.04255157 0.13993341
v 0.01369267 -0.04345548 0.13882180
v 0.01554447 -0.04345548 0.13806871
v 0.01411175 -0.04255157 0.13993341
v 0.01554447 -0.04345548 0.13806871
v 0.01602005 -0.04255157 0.13915740
v 0.01602005 -0.04255157 0.13915740
v 0.01554447 -0.04345548 0.13806871
v 0.01735490 -0.04345548 0.13722131
v 0.01602005 -0.04255157 0.13915740
v 0.01735490 -0.04345548 0.13722131
v 0.01788604 -0.04255157 0.13828400
v 0.01788604 -0.04255157 0.13828400
v 0.01735490 -0.04345548 0.13722131
v 0.01911932 -0.04345548 0.13628200
v 0.01788604 -0.04255157 0.13828400
v 0.01911932 -0.04345548 0.13628200
v 0.01970440 -0.04255157 0.13731579
v 0.01970440 -0.04255157 0.13731579
v 0.01911932 -0.04345548 0.13628200
v 0.02083301 -0.04345548 0.13525300
v 0.01970440 -0.04255157 0.13731579
v 0.02083301 -0.04345548 0.13525300
v 0.02147042 -0.04255157 0.13625529
v 0.02147042 -0.04255157 0.13625529
v 0.02083301 -0.04345548 0.13525300
v 0.02249145 -0.04345548 0.13413701
v 0.02147042 -0.04255157 0.13625529
v 0.02249145 -0.04345548 0.13413701
v 0.02317965 -0.04255157 0.13510530
v 0.02317965 -0.04255157 0.13510530
v 0.02249145 -0.04345548 0.13413701
v 0.02409029 -0.04345548 0.13293730
v 0.02317965 -0.04255157 0.13510530
v 0.02409029 -0.04345548 0.13293730
v 0.02482748 -0.04255157 0.13386880
v 0.02482748 -0.04255157 0.13386880
v 0.02409029 -0.04345548 0.13293730
v 0.02562510 -0.04345548 0.13165680
v 0.02482748 -0.04255157 0.13386880
v 0.02562510 -0.04345548 0.13165680
v 0.02640932 -0.04255157 0.13254911
v 0.02640932 -0.04255157 0.13254911
v 0.02562510 -0.04345548 0.13165680
v 0.02709203 -0.04345548 0.13029900
v 0.02640932 -0.04255157 0.13254911
v 0.02709203 -0.04345548 0.13029900
v 0.02792119 -0.04255157 0.13114969
v 0.02792119 -0.04255157 0.13114969
v 0.02709203 -0.04345548 0.13029900
v 0.02848732 -0.04345548 0.12886751
v 0.02792119 -0.04255157 0.13114969
v 0.02848732 -0.04345548 0.12886751
v 0.02935916 -0.04255157 0.12967440
v 0.02935916 -0.04255157 0.12967440
v 0.02848732 -0.04345548 0.12886751
v 0.02980691 -0.04345554 0.12736601
v 0.02935916 -0.04255157 0.12967440
v 0.02980691 -0.04345554 0.12736601
v 0.03071910 -0.04255157 0.12812699
v 0.03071910 -0.04255157 0.12812699
v 0.02980691 -0.04345554 0.12736601
v 0.03104746 -0.04345554 0.12579860
v 0.03071910 -0.04255157 0.12812699
v 0.03104746 -0.04345554 0.12579860
v 0.03199762 -0.04255157 0.12651160
v 0.03199762 -0.04255157 0.12651160
v 0.03104746 -0.04345554 0.12579860
v 0.03220570 -0.04345554 0.12416940
v 0.03199762 -0.04255157 0.12651160
v 0.03220570 -0.04345554 0.12416940
v 0.03319132 -0.04255157 0.12483260
v 0.03319132 -0.04255157 0.12483260
v 0.03220570 -0.04345554 0.12416940
v 0.03327852 -0.04345554 0.12248280
v 0.03319132 -0.04255157 0.12483260
v 0.03327852 -0.04345554 0.12248280
v 0.03429687 -0.04255157 0.12309430
v 0.03429687 -0.04255157 0.12309430
v 0.03327852 -0.04345554 0.12248280
v 0.03426307 -0.04345554 0.12074320
v 0.03429687 -0.04255157 0.12309430
v 0.03426307 -0.04345554 0.12074320
v 0.03531152 -0.04255157 0.12130150
v 0.03531152 -0.04255157 0.12130150
v 0.03426307 -0.04345554 0.12074320
v 0.03515666 -0.04345554 0.11895510
v 0.03531152 -0.04255157 0.12130150
v 0.03515666 -0.04345554 0.11895510
v 0.03623265 -0.04255157 0.11945870
v 0.03623265 -0.04255157 0.11945870
v 0.03515666 -0.04345554 0.11895510
v 0.03595709 -0.04345554 0.11712350
v 0.03623265 -0.04255157 0.11945870
v 0.03595709 -0.04345554 0.11712350
v 0.03705757 -0.04255157 0.11757090
v 0.03705757 -0.04255157 0.11757090
v 0.03595709 -0.04345554 0.11712350
v 0.03666234 -0.04345554 0.11525300
v 0.03705757 -0.04255157 0.11757090
v 0.03666234 -0.04345554 0.11525300
v 0.03778427 -0.04255157 0.11564330
v 0.03778427 -0.04255157 0.11564330
v 0.03666234 -0.04345554 0.11525300
v 0.03727012 -0.04345554 0.11334880
v 0.03778427 -0.04255157 0.11564330
v 0.03727012 -0.04345554 0.11334880
v 0.03841090 -0.04255157 0.11368080
v 0.03841090 -0.04255157 0.11368080
v 0.03727012 -0.04345554 0.11334880
v 0.03777933 -0.04345554 0.11141580
v 0.03841090 -0.04255157 0.11368080
v 0.03777933 -0.04345554 0.11141580
v 0.03893554 -0.04255157 0.11168870
v 0.03893554 -0.04255157 0.11168870
v 0.03777933 -0.04345554 0.11141580
v 0.03818809 -0.04345554 0.10945920
v 0.03893554 -0.04255157 0.11168870
v 0.03818809 -0.04345554 0.10945920
v 0.03935682 -0.04255157 0.10967210
v 0.03935682 -0.04255157 0.10967210
v 0.03818809 -0.04345554 0.10945920
v 0.03849571 -0.04345554 0.10748410
v 0.03935682 -0.04255157 0.10967210
v 0.03849571 -0.04345554 0.10748410
v 0.03967398 -0.04255157 0.10763660
v 0.03967398 -0.04255157 0.10763660
v 0.03849571 -0.04345554 0.10748410
v 0.03870123 -0.04345554 0.10549570
v 0.03967398 -0.04255157 0.10763660
v 0.03870123 -0.04345554 0.10549570
v 0.03988564 -0.04255157 0.10558740
v 0.03988564 -0.04255157 0.10558740
v 0.03870123 -0.04345554 0.10549570
v 0.03880429 -0.04345554 0.10349940
v 0.03988564 -0.04255157 0.10558740
v 0.03880429 -0.04345554 0.10349940
v 0.03999173 -0.04255157 0.10353000
v 0.03999173 -0.04255157 0.10353000
v 0.03880429 -0.04345554 0.10349940
v 0.03880429 -0.04345554 0.10150050
v 0.03999173 -0.04255157 0.10353000
v 0.03880429 -0.04345554 0.10150050
v 0.03999173 -0.04255157 0.10146990
v 0.03999173 -0.04255157 0.10146990
v 0.03880429 -0.04345554 0.10150050
v 0.03870123 -0.04345554 0.09950423
v 0.03999173 -0.04255157 0.10146990
v 0.03870123 -0.04345554 0.09950423
v 0.03988564 -0.04255157 0.09941256
v 0.03988564 -0.04255157 0.09941256
v 0.03870123 -0.04345554 0.09950423
v 0.03849571 -0.04345554 0.09751594
v 0.03988564 -0.04255157 0.09941256
v 0.03849571 -0.04345554 0.09751594
v 0.03967398 -0.04255157 0.09736341
v 0.03967398 -0.04255157 0.09736341
v 0.03849571 -0.04345554 0.09751594
v 0.03818809 -0.04345554 0.09554082
v 0.03967398 -0.04255157 0.09736341
v 0.03818809 -0.04345554 0.09554082
v 0.03935682 -0.04255157 0.09532785
v 0.03935682 -0.04255157 0.09532785
v 0.03818809 -0.04345554 0.09554082
v 0.03777933 -0.04345554 0.09358417
v 0.03935682 -0.04255157 0.09532785
v 0.03777933 -0.04345554 0.09358417
v 0.03893554 -0.04255157 0.09331130
v 0.03893554 -0.04255157 0.09331130
v 0.03777933 -0.04345554 0.09358417
v 0.03727012 -0.04345554 0.09165114
v 0.03893554 -0.04255157 0.09331130
v 0.03727012 -0.04345554 0.09165114
v 0.03841090 -0.04255157 0.09131914
v 0.03841090 -0.04255157 0.09131914
v 0.03727012 -0.04345554 0.09165114
v 0.03666234 -0.04345554 0.08974689
v 0.03841090 -0.04255157 0.09131914
v 0.03666234 -0.04345554 0.08974689
v 0.03778427 -0.04255157 0.08935660
v 0.03778427 -0.04255157 0.08935660
v 0.03666234 -0.04345554 0.08974689
v 0.03595709 -0.04345554 0.08787649
v 0.03778427 -0.04255157 0.08935660
v 0.03595709 -0.04345554 0.08787649
v 0.03705757 -0.04255157 0.08742892
v 0.03705757 -0.04255157 0.08742892
v 0.03595709 -0.04345554 0.08787649
v 0.03515666 -0.04345554 0.08604484
v 0.03705757 -0.04255157 0.08742892
v 0.03515666 -0.04345554 0.08604484
v 0.03623265 -0.04255157 0.08554124
v 0.03623265 -0.04255157 0.08554124
v 0.03515666 -0.04345554 0.08604484
v 0.03426307 -0.04345554 0.08425682
v 0.03623265 -0.04255157 0.08554124
v 0.03426307 -0.04345554 0.08425682
v 0.03531152 -0.04255157 0.08369851
v 0.03531152 -0.04255157 0.08369851
v 0.03426307 -0.04345554 0.08425682
v 0.03327852 -0.04345554 0.08251720
v 0.03531152 -0.04255157 0.08369851
v 0.03327852 -0.04345554 0.08251720
v 0.03429687 -0.04255157 0.08190560
v 0.03429687 -0.04255157 0.08190560
v 0.03327852 -0.04345554 0.08251720
v 0.03220570 -0.04345554 0.08083051
v 0.03429687 -0.04255157 0.08190560
v 0.03220570 -0.04345554 0.08083051
v 0.03319132 -0.04255157 0.08016735
v 0.03319132 -0.04255157 0.08016735
v 0.03220570 -0.04345554 0.08083051
v 0.03104746 -0.04345554 0.07920134
v 0.03319132 -0.04255157 0.08016735
v 0.03104746 -0.04345554 0.07920134
v 0.03199762 -0.04255157 0.07848834
v 0.03199762 -0.04255157 0.07848834
v 0.03104746 -0.04345554 0.07920134
v 0.02980691 -0.04345554 0.07763397
v 0.03199762 -0.04255157 0.07848834
v 0.02980691 -0.04345554 0.07763397
v 0.03071910 -0.04255157 0.07687294
v 0.03071910 -0.04255157 0.07687294
v 0.02980691 -0.04345554 0.07763397
v 0.02848732 -0.04345554 0.07613253
v 0.03071910 -0.04255157 0.07687294
v 0.02848732 -0.04345554 0.07613253
v 0.02935916 -0.04255157 0.07532554
v 0.02935916 -0.04255157 0.07532554
v 0.02848732 -0.04345554 0.07613253
v 0.02709203 -0.04345554 0.07470101
v 0.02935916 -0.04255157 0.07532554
v 0.02709203 -0.04345554 0.07470101
v 0.02792119 -0.04255157 0.07385021
v 0.02792119 -0.04255157 0.07385021
v 0.02709203 -0.04345554 0.07470101
v 0.02562510 -0.04345554 0.07334315
v 0.02792119 -0.04255157 0.07385021
v 0.02562510 -0.04345554 0.07334315
v 0.02640932 -0.04255157 0.07245087
v 0.02640932 -0.04255157 0.07245087
v 0.02562510 -0.04345554 0.07334315
v 0.02409029 -0.04345554 0.07206267
v 0.02640932 -0.04255157 0.07245087
v 0.02409029 -0.04345554 0.07206267
v 0.02482748 -0.04255157 0.07113116
v 0.02482748 -0.04255157 0.07113116
v 0.02409029 -0.04345554 0.07206267
v 0.02249145 -0.04345554 0.07086288
v 0.02482748 -0.04255157 0.07113116
v 0.02249145 -0.04345554 0.07086288
v 0.02317965 -0.04255157 0.06989467
v 0.02317965 -0.04255157 0.06989467
v 0.02249145 -0.04345554 0.07086288
v 0.02083301 -0.04345554 0.06974703
v 0.02317965 -0.04255157 0.06989467
v 0.02083301 -0.04345554 0.06974703
v 0.02147042 -0.04255157 0.06874465
v 0.02147042 -0.04255157 0.06874465
v 0.02083301 -0.04345554 0.06974703
v 0.01911932 -0.04345554 0.06871795
v 0.02147042 -0.04255157 0.06874465
v 0.01911932 -0.04345554 0.06871795
v 0.01970440 -0.04255157 0.06768411
v 0.01970440 -0.04255157 0.06768411
v 0.01911932 -0.04345554 0.06871795
v 0.01735490 -0.04345554 0.06777852
v 0.01970440 -0.04255157 0.06768411
v 0.01735490 -0.04345554 0.06777852
v 0.01788604 -0.04255157 0.06671589
v 0.01788604 -0.04255157 0.06671589
v 0.01735490 -0.04345554 0.06777852
v 0.01554447 -0.04345554 0.06693118
v 0.01788604 -0.04255157 0.06671589
v 0.01554447 -0.04345554 0.06693118
v 0.01602005 -0.04255157 0.06584262
v 0.01602005 -0.04255157 0.06584262
v 0.01554447 -0.04345554 0.06693118
v 0.01369267 -0.04345554 0.06617808
v 0.01602005 -0.04255157 0.06584262
v 0.01369267 -0.04345554 0.06617808
v 0.01411175 -0.04255157 0.06506651
v 0.01411175 -0.04255157 0.06506651
v 0.01369267 -0.04345554 0.06617808
v 0.01180475 -0.04345554 0.06552135
v 0.01411175 -0.04255157 0.06506651
v 0.01180475 -0.04345554 0.06552135
v 0.01216614 -0.04255157 0.06438970
v 0.01216614 -0.04255157 0.06438970
v 0.01180475 -0.04345554 0.06552135
v 0.00988561 -0.04345554 0.06496268
v 0.01216614 -0.04255157 0.06438970
v 0.00988561 -0.04345554 0.06496268
v 0.01018810 -0.04255157 0.06381392
v 0.01018810 -0.04255157 0.06381392
v 0.00988561 -0.04345554 0.06496268
v 0.00794011 -0.04345554 0.06450361
v 0.01018810 -0.04255157 0.06381392
v 0.00794011 -0.04345554 0.06450361
v 0.00818312 -0.04255157 0.06334072
v 0.00818312 -0.04255157 0.06334072
v 0.00794011 -0.04345554 0.06450361
v 0.00597358 -0.04345554 0.06414520
v 0.00818312 -0.04255157 0.06334072
v 0.00597358 -0.04345554 0.06414520
v 0.00615632 -0.04255157 0.06297141
v 0.00615632 -0.04255157 0.06297141
v 0.00597358 -0.04345554 0.06414520
v 0.00399113 -0.04345554 0.06388854
v 0.00615632 -0.04255157 0.06297141
v 0.00399113 -0.04345554 0.06388854
v 0.00411332 -0.04255157 0.06270688
v 0.00411332 -0.04255157 0.06270688
v 0.00399113 -0.04345554 0.06388854
v 0.00199819 -0.04345554 0.06373429
v 0.00411332 -0.04255157 0.06270688
v 0.00199819 -0.04345554 0.06373429
v 0.00205940 -0.04255157 0.06254792
v 0.00205940 -0.04255157 0.06254792
v 0.00199819 -0.04345554 0.06373429
v 0.00000000 -0.04268211 0.06265550
v 0.00193471 -0.04430007 0.06496566
v 0.00000000 -0.04441326 0.06508779
v 0.00000013 -0.04357796 0.06385016
v 0.00000013 -0.04357796 0.06385016
v 0.00199819 -0.04345554 0.06373429
v 0.00193471 -0.04430007 0.06496566
v 0.00193471 -0.04430007 0.06496566
v 0.00199819 -0.04345554 0.06373429
v 0.00399113 -0.04345554 0.06388854
v 0.00193471 -0.04430007 0.06496566
v 0.00399113 -0.04345554 0.06388854
v 0.00484127 -0.04430526 0.06522440
v 0.00484127 -0.04430526 0.06522440
v 0.00399113 -0.04345554 0.06388854
v 0.00597358 -0.04345554 0.06414520
v 0.00484127 -0.04430526 0.06522440
v 0.00597358 -0.04345554 0.06414520
v 0.00794011 -0.04345554 0.06450361
v 0.00484127 -0.04430526 0.06522440
v 0.00794011 -0.04345554 0.06450361
v 0.00864851 -0.04430526 0.06591975
v 0.00864851 -0.04430526 0.06591975
v 0.00794011 -0.04345554 0.06450361
v 0.00988561 -0.04345554 0.06496268
v 0.00864851 -0.04430526 0.06591975
v 0.00988561 -0.04345554 0.06496268
v 0.01180475 -0.04345554 0.06552135
v 0.00864851 -0.04430526 0.06591975
v 0.01180475 -0.04345554 0.06552135
v 0.01142972 -0.04430007 0.06669598
v 0.01142972 -0.04430007 0.06669598
v 0.01180475 -0.04345554 0.06552135
v 0.01369267 -0.04345554 0.06617808
v 0.01142972 -0.04430007 0.06669598
v 0.01369267 -0.04345554 0.06617808
v 0.01417464 -0.04430526 0.06768637
v 0.01417464 -0.04430526 0.06768637
v 0.01369267 -0.04345554 0.06617808
v 0.01554447 -0.04345554 0.06693118
v 0.01417464 -0.04430526 0.06768637
v 0.01554447 -0.04345554 0.06693118
v 0.01735490 -0.04345554 0.06777852
v 0.01417464 -0.04430526 0.06768637
v 0.01735490 -0.04345554 0.06777852
v 0.01767921 -0.04430526 0.06932836
v 0.01767921 -0.04430526 0.06932836
v 0.01735490 -0.04345554 0.06777852
v 0.01911932 -0.04345554 0.06871795
v 0.01767921 -0.04430526 0.06932836
v 0.01911932 -0.04345554 0.06871795
v 0.02083301 -0.04345554 0.06974703
v 0.01767921 -0.04430526 0.06932836
v 0.02083301 -0.04345554 0.06974703
v 0.02099621 -0.04430526 0.07132196
v 0.02099621 -0.04430526 0.07132196
v 0.02083301 -0.04345554 0.06974703
v 0.02249145 -0.04345554 0.07086288
v 0.02099621 -0.04430526 0.07132196
v 0.02249145 -0.04345554 0.07086288
v 0.02409029 -0.04345554 0.07206267
v 0.02099621 -0.04430526 0.07132196
v 0.02409029 -0.04345554 0.07206267
v 0.02409058 -0.04430526 0.07364612
v 0.02409058 -0.04430526 0.07364612
v 0.02409029 -0.04345554 0.07206267
v 0.02562510 -0.04345554 0.07334315
v 0.02409058 -0.04430526 0.07364612
v 0.02562510 -0.04345554 0.07334315
v 0.02709203 -0.04345554 0.07470101
v 0.02409058 -0.04430526 0.07364612
v 0.02709203 -0.04345554 0.07470101
v 0.02692985 -0.04430526 0.07627612
v 0.02692985 -0.04430526 0.07627612
v 0.02709203 -0.04345554 0.07470101
v 0.02848732 -0.04345554 0.07613253
v 0.02692985 -0.04430526 0.07627612
v 0.02848732 -0.04345554 0.07613253
v 0.02980691 -0.04345554 0.07763397
v 0.02692985 -0.04430526 0.07627612
v 0.02980691 -0.04345554 0.07763397
v 0.02886009 -0.04430007 0.07842385
v 0.02886009 -0.04430007 0.07842385
v 0.02980691 -0.04345554 0.07763397
v 0.03104746 -0.04345554 0.07920134
v 0.02886009 -0.04430007 0.07842385
v 0.03104746 -0.04345554 0.07920134
v 0.03064465 -0.04430520 0.08073264
v 0.03064465 -0.04430520 0.08073264
v 0.03104746 -0.04345554 0.07920134
v 0.03220570 -0.04345554 0.08083051
v 0.03064465 -0.04430520 0.08073264
v 0.03220570 -0.04345554 0.08083051
v 0.03327852 -0.04345554 0.08251720
v 0.03064465 -0.04430520 0.08073264
v 0.03327852 -0.04345554 0.08251720
v 0.03222131 -0.04430007 0.08315193
v 0.03222131 -0.04430007 0.08315193
v 0.03327852 -0.04345554 0.08251720
v 0.03426307 -0.04345554 0.08425682
v 0.03222131 -0.04430007 0.08315193
v 0.03426307 -0.04345554 0.08425682
v 0.03362923 -0.04430526 0.08570784
v 0.03362923 -0.04430526 0.08570784
v 0.03426307 -0.04345554 0.08425682
v 0.03515666 -0.04345554 0.08604484
v 0.03362923 -0.04430526 0.08570784
v 0.03515666 -0.04345554 0.08604484
v 0.03595709 -0.04345554 0.08787649
v 0.03362923 -0.04430526 0.08570784
v 0.03595709 -0.04345554 0.08787649
v 0.03481507 -0.04430007 0.08834099
v 0.03481507 -0.04430007 0.08834099
v 0.03595709 -0.04345554 0.08787649
v 0.03666234 -0.04345554 0.08974689
v 0.03481507 -0.04430007 0.08834099
v 0.03666234 -0.04345554 0.08974689
v 0.03581297 -0.04430520 0.09108316
v 0.03581297 -0.04430520 0.09108316
v 0.03666234 -0.04345554 0.08974689
v 0.03727012 -0.04345554 0.09165114
v 0.03581297 -0.04430520 0.09108316
v 0.03727012 -0.04345554 0.09165114
v 0.03777933 -0.04345554 0.09358417
v 0.03581297 -0.04430520 0.09108316
v 0.03777933 -0.04345554 0.09358417
v 0.03679686 -0.04430526 0.09482598
v 0.03679686 -0.04430526 0.09482598
v 0.03777933 -0.04345554 0.09358417
v 0.03818809 -0.04345554 0.09554082
v 0.03679686 -0.04430526 0.09482598
v 0.03818809 -0.04345554 0.09554082
v 0.03849571 -0.04345554 0.09751594
v 0.03679686 -0.04430526 0.09482598
v 0.03849571 -0.04345554 0.09751594
v 0.03739088 -0.04430526 0.09865015
v 0.03739088 -0.04430526 0.09865015
v 0.03849571 -0.04345554 0.09751594
v 0.03870123 -0.04345554 0.09950423
v 0.03739088 -0.04430526 0.09865015
v 0.03870123 -0.04345554 0.09950423
v 0.03880429 -0.04345554 0.10150050
v 0.03739088 -0.04430526 0.09865015
v 0.03880429 -0.04345554 0.10150050
v 0.03757154 -0.04430007 0.10153230
v 0.03757154 -0.04430007 0.10153230
v 0.03880429 -0.04345554 0.10150050
v 0.03880429 -0.04345554 0.10349940
v 0.03757154 -0.04430007 0.10153230
v 0.03880429 -0.04345554 0.10349940
v 0.03753811 -0.04430520 0.10445010
v 0.03753811 -0.04430520 0.10445010
v 0.03880429 -0.04345554 0.10349940
v 0.03870123 -0.04345554 0.10549570
v 0.03753811 -0.04430520 0.10445010
v 0.03870123 -0.04345554 0.10549570
v 0.03849571 -0.04345554 0.10748410
v 0.03753811 -0.04430520 0.10445010
v 0.03849571 -0.04345554 0.10748410
v 0.03727293 -0.04430007 0.10732570
v 0.03727293 -0.04430007 0.10732570
v 0.03849571 -0.04345554 0.10748410
v 0.03818809 -0.04345554 0.10945920
v 0.03727293 -0.04430007 0.10732570
v 0.03818809 -0.04345554 0.10945920
v 0.03679066 -0.04430526 0.11020380
v 0.03679066 -0.04430526 0.11020380
v 0.03818809 -0.04345554 0.10945920
v 0.03777933 -0.04345554 0.11141580
v 0.03679066 -0.04430526 0.11020380
v 0.03777933 -0.04345554 0.11141580
v 0.03727012 -0.04345554 0.11334880
v 0.03679066 -0.04430526 0.11020380
v 0.03727012 -0.04345554 0.11334880
v 0.03608638 -0.04430007 0.11300420
v 0.03608638 -0.04430007 0.11300420
v 0.03727012 -0.04345554 0.11334880
v 0.03666234 -0.04345554 0.11525300
v 0.03608638 -0.04430007 0.11300420
v 0.03666234 -0.04345554 0.11525300
v 0.03516691 -0.04430520 0.11577360
v 0.03516691 -0.04430520 0.11577360
v 0.03666234 -0.04345554 0.11525300
v 0.03595709 -0.04345554 0.11712350
v 0.03516691 -0.04430520 0.11577360
v 0.03595709 -0.04345554 0.11712350
v 0.03515666 -0.04345554 0.11895510
v 0.03516691 -0.04430520 0.11577360
v 0.03515666 -0.04345554 0.11895510
v 0.03361570 -0.04430526 0.11931920
v 0.03361570 -0.04430526 0.11931920
v 0.03515666 -0.04345554 0.11895510
v 0.03426307 -0.04345554 0.12074320
v 0.03361570 -0.04430526 0.11931920
v 0.03426307 -0.04345554 0.12074320
v 0.03327852 -0.04345554 0.12248280
v 0.03361570 -0.04430526 0.11931920
v 0.03327852 -0.04345554 0.12248280
v 0.03170824 -0.04430526 0.12268650
v 0.03170824 -0.04430526 0.12268650
v 0.03327852 -0.04345554 0.12248280
v 0.03220570 -0.04345554 0.12416940
v 0.03170824 -0.04430526 0.12268650
v 0.03220570 -0.04345554 0.12416940
v 0.03104746 -0.04345554 0.12579860
v 0.03170824 -0.04430526 0.12268650
v 0.03104746 -0.04345554 0.12579860
v 0.03006124 -0.04430007 0.12505850
v 0.03006124 -0.04430007 0.12505850
v 0.03104746 -0.04345554 0.12579860
v 0.02980691 -0.04345554 0.12736601
v 0.03006124 -0.04430007 0.12505850
v 0.02980691 -0.04345554 0.12736601
v 0.02822399 -0.04430526 0.12732570
v 0.02822399 -0.04430526 0.12732570
v 0.02980691 -0.04345554 0.12736601
v 0.02848732 -0.04345548 0.12886751
v 0.02822399 -0.04430526 0.12732570
v 0.02848732 -0.04345548 0.12886751
v 0.02709203 -0.04345548 0.13029900
v 0.02822399 -0.04430526 0.12732570
v 0.02709203 -0.04345548 0.13029900
v 0.02623146 -0.04430007 0.12941590
v 0.02623146 -0.04430007 0.12941590
v 0.02709203 -0.04345548 0.13029900
v 0.02562510 -0.04345548 0.13165680
v 0.02623146 -0.04430007 0.12941590
v 0.02562510 -0.04345548 0.13165680
v 0.02406740 -0.04430520 0.13137340
v 0.02406740 -0.04430520 0.13137340
v 0.02562510 -0.04345548 0.13165680
v 0.02409029 -0.04345548 0.13293730
v 0.02406740 -0.04430520 0.13137340
v 0.02409029 -0.04345548 0.13293730
v 0.02249145 -0.04345548 0.13413701
v 0.02406740 -0.04430520 0.13137340
v 0.02249145 -0.04345548 0.13413701
v 0.02097100 -0.04430520 0.13369501
v 0.02097100 -0.04430520 0.13369501
v 0.02249145 -0.04345548 0.13413701
v 0.02083301 -0.04345548 0.13525300
v 0.02097100 -0.04430520 0.13369501
v 0.02083301 -0.04345548 0.13525300
v 0.01911932 -0.04345548 0.13628200
v 0.02097100 -0.04430520 0.13369501
v 0.01911932 -0.04345548 0.13628200
v 0.01765227 -0.04430520 0.13568591
v 0.01765227 -0.04430520 0.13568591
v 0.01911932 -0.04345548 0.13628200
v 0.01735490 -0.04345548 0.13722131
v 0.01765227 -0.04430520 0.13568591
v 0.01735490 -0.04345548 0.13722131
v 0.01554447 -0.04345548 0.13806871
v 0.01765227 -0.04430520 0.13568591
v 0.01554447 -0.04345548 0.13806871
v 0.01414650 -0.04430520 0.13732500
v 0.01414650 -0.04430520 0.13732500
v 0.01554447 -0.04345548 0.13806871
v 0.01369267 -0.04345548 0.13882180
v 0.01414650 -0.04430520 0.13732500
v 0.01369267 -0.04345548 0.13882180
v 0.01180475 -0.04345548 0.13947859
v 0.01414650 -0.04430520 0.13732500
v 0.01180475 -0.04345548 0.13947859
v 0.01049089 -0.04430520 0.13859510
v 0.01049089 -0.04430520 0.13859510
v 0.01180475 -0.04345548 0.13947859
v 0.00988561 -0.04345548 0.14003719
v 0.01049089 -0.04430520 0.13859510
v 0.00988561 -0.04345548 0.14003719
v 0.00794011 -0.04345548 0.14049640
v 0.01049089 -0.04430520 0.13859510
v 0.00794011 -0.04345548 0.14049640
v 0.00672364 -0.04430520 0.13948239
v 0.00672364 -0.04430520 0.13948239
v 0.00794011 -0.04345548 0.14049640
v 0.00597358 -0.04345548 0.14085470
v 0.00672364 -0.04430520 0.13948239
v 0.00597358 -0.04345548 0.14085470
v 0.00399113 -0.04345548 0.14111140
v 0.00672364 -0.04430520 0.13948239
v 0.00399113 -0.04345548 0.14111140
v 0.00286567 -0.04432052 0.13995640
v 0.00286567 -0.04432052 0.13995640
v 0.00399113 -0.04345548 0.14111140
v 0.00199819 -0.04345548 0.14126560
v 0.00000023 -0.04268205 0.14234440
v 0.00000000 -0.04357814 0.14114959
v 0.00199819 -0.04345548 0.14126560
v 0.00199819 -0.04345548 0.14126560
v 0.00000000 -0.04357814 0.14114959
v 0.00286567 -0.04432052 0.13995640
v 0.00286567 -0.04432052 0.13995640
v 0.00000000 -0.04357814 0.14114959
v 0.00000000 -0.04441338 0.13991210
v 0.00000000 -0.04441326 0.06508779
v 0.00193471 -0.04430007 0.06496566
v 0.00081399 -0.04510450 0.06622117
v 0.00081399 -0.04510450 0.06622117
v 0.00193471 -0.04430007 0.06496566
v 0.00484127 -0.04430526 0.06522440
v 0.00081399 -0.04510450 0.06622117
v 0.00484127 -0.04430526 0.06522440
v 0.00482660 -0.04508584 0.06650674
v 0.00482660 -0.04508584 0.06650674
v 0.00484127 -0.04430526 0.06522440
v 0.00864851 -0.04430526 0.06591975
v 0.00482660 -0.04508584 0.06650674
v 0.00864851 -0.04430526 0.06591975
v 0.00850189 -0.04508578 0.06719380
v 0.00850189 -0.04508578 0.06719380
v 0.00864851 -0.04430526 0.06591975
v 0.01142972 -0.04430007 0.06669598
v 0.00850189 -0.04508578 0.06719380
v 0.01142972 -0.04430007 0.06669598
v 0.01208680 -0.04508584 0.06825506
v 0.01208680 -0.04508584 0.06825506
v 0.01142972 -0.04430007 0.06669598
v 0.01417464 -0.04430526 0.06768637
v 0.01208680 -0.04508584 0.06825506
v 0.01417464 -0.04430526 0.06768637
v 0.01554393 -0.04508584 0.06967937
v 0.01554393 -0.04508584 0.06967937
v 0.01417464 -0.04430526 0.06768637
v 0.01767921 -0.04430526 0.06932836
v 0.01554393 -0.04508584 0.06967937
v 0.01767921 -0.04430526 0.06932836
v 0.01883620 -0.04508584 0.07145160
v 0.01883620 -0.04508584 0.07145160
v 0.01767921 -0.04430526 0.06932836
v 0.02099621 -0.04430526 0.07132196
v 0.01883620 -0.04508584 0.07145160
v 0.02099621 -0.04430526 0.07132196
v 0.02103817 -0.04508322 0.07290709
v 0.02103817 -0.04508322 0.07290709
v 0.02099621 -0.04430526 0.07132196
v 0.02409058 -0.04430526 0.07364612
v 0.02103817 -0.04508322 0.07290709
v 0.02409058 -0.04430526 0.07364612
v 0.02338999 -0.04508584 0.07472020
v 0.02338999 -0.04508584 0.07472020
v 0.02409058 -0.04430526 0.07364612
v 0.02692985 -0.04430526 0.07627612
v 0.02338999 -0.04508584 0.07472020
v 0.02692985 -0.04430526 0.07627612
v 0.02612239 -0.04508584 0.07727247
v 0.02612239 -0.04508584 0.07727247
v 0.02692985 -0.04430526 0.07627612
v 0.02886009 -0.04430007 0.07842385
v 0.02612239 -0.04508584 0.07727247
v 0.02886009 -0.04430007 0.07842385
v 0.02788084 -0.04508322 0.07924067
v 0.02788084 -0.04508322 0.07924067
v 0.02886009 -0.04430007 0.07842385
v 0.03064465 -0.04430520 0.08073264
v 0.02788084 -0.04508322 0.07924067
v 0.03064465 -0.04430520 0.08073264
v 0.02969348 -0.04508584 0.08159291
v 0.02969348 -0.04508584 0.08159291
v 0.03064465 -0.04430520 0.08073264
v 0.03222131 -0.04430007 0.08315193
v 0.02969348 -0.04508584 0.08159291
v 0.03222131 -0.04430007 0.08315193
v 0.03112810 -0.04508322 0.08380836
v 0.03112810 -0.04508322 0.08380836
v 0.03222131 -0.04430007 0.08315193
v 0.03362923 -0.04430526 0.08570784
v 0.03112810 -0.04508322 0.08380836
v 0.03362923 -0.04430526 0.08570784
v 0.03255707 -0.04508584 0.08641147
v 0.03255707 -0.04508584 0.08641147
v 0.03362923 -0.04430526 0.08570784
v 0.03481507 -0.04430007 0.08834099
v 0.03255707 -0.04508584 0.08641147
v 0.03481507 -0.04430007 0.08834099
v 0.03363376 -0.04508322 0.08882135
v 0.03363376 -0.04508322 0.08882135
v 0.03481507 -0.04430007 0.08834099
v 0.03581297 -0.04430520 0.09108316
v 0.03363376 -0.04508322 0.08882135
v 0.03581297 -0.04430520 0.09108316
v 0.03464514 -0.04508584 0.09161341
v 0.03464514 -0.04508584 0.09161341
v 0.03581297 -0.04430520 0.09108316
v 0.03679686 -0.04430526 0.09482598
v 0.03464514 -0.04508584 0.09161341
v 0.03679686 -0.04430526 0.09482598
v 0.03533822 -0.04508322 0.09416025
v 0.03533822 -0.04508322 0.09416025
v 0.03679686 -0.04430526 0.09482598
v 0.03590786 -0.04508584 0.09707468
v 0.03590786 -0.04508584 0.09707468
v 0.03679686 -0.04430526 0.09482598
v 0.03739088 -0.04430526 0.09865015
v 0.03590786 -0.04508584 0.09707468
v 0.03739088 -0.04430526 0.09865015
v 0.03627526 -0.04508584 0.10079540
v 0.03627526 -0.04508584 0.10079540
v 0.03739088 -0.04430526 0.09865015
v 0.03757154 -0.04430007 0.10153230
v 0.03627526 -0.04508584 0.10079540
v 0.03757154 -0.04430007 0.10153230
v 0.03753811 -0.04430520 0.10445010
v 0.03627526 -0.04508584 0.10079540
v 0.03753811 -0.04430520 0.10445010
v 0.03629696 -0.04508322 0.10343490
v 0.03629696 -0.04508322 0.10343490
v 0.03753811 -0.04430520 0.10445010
v 0.03610557 -0.04508584 0.10639820
v 0.03610557 -0.04508584 0.10639820
v 0.03753811 -0.04430520 0.10445010
v 0.03727293 -0.04430007 0.10732570
v 0.03610557 -0.04508584 0.10639820
v 0.03727293 -0.04430007 0.10732570
v 0.03679066 -0.04430526 0.11020380
v 0.03610557 -0.04508584 0.10639820
v 0.03679066 -0.04430526 0.11020380
v 0.03572070 -0.04508322 0.10900950
v 0.03572070 -0.04508322 0.10900950
v 0.03679066 -0.04430526 0.11020380
v 0.03507560 -0.04508584 0.11190800
v 0.03507560 -0.04508584 0.11190800
v 0.03679066 -0.04430526 0.11020380
v 0.03608638 -0.04430007 0.11300420
v 0.03507560 -0.04508584 0.11190800
v 0.03608638 -0.04430007 0.11300420
v 0.03516691 -0.04430520 0.11577360
v 0.03507560 -0.04508584 0.11190800
v 0.03516691 -0.04430520 0.11577360
v 0.03392231 -0.04508584 0.11546470
v 0.03392231 -0.04508584 0.11546470
v 0.03516691 -0.04430520 0.11577360
v 0.03361570 -0.04430526 0.11931920
v 0.03392231 -0.04508584 0.11546470
v 0.03361570 -0.04430526 0.11931920
v 0.03240936 -0.04508584 0.11888390
v 0.03240936 -0.04508584 0.11888390
v 0.03361570 -0.04430526 0.11931920
v 0.03170824 -0.04430526 0.12268650
v 0.03240936 -0.04508584 0.11888390
v 0.03170824 -0.04430526 0.12268650
v 0.03055316 -0.04508578 0.12212940
v 0.03055316 -0.04508578 0.12212940
v 0.03170824 -0.04430526 0.12268650
v 0.03006124 -0.04430007 0.12505850
v 0.03055316 -0.04508578 0.12212940
v 0.03006124 -0.04430007 0.12505850
v 0.02837276 -0.04508584 0.12516700
v 0.02837276 -0.04508584 0.12516700
v 0.03006124 -0.04430007 0.12505850
v 0.02822399 -0.04430526 0.12732570
v 0.02837276 -0.04508584 0.12516700
v 0.02822399 -0.04430526 0.12732570
v 0.02589184 -0.04508584 0.12796409
v 0.02589184 -0.04508584 0.12796409
v 0.02822399 -0.04430526 0.12732570
v 0.02623146 -0.04430007 0.12941590
v 0.02589184 -0.04508584 0.12796409
v 0.02623146 -0.04430007 0.12941590
v 0.02406740 -0.04430520 0.13137340
v 0.02589184 -0.04508584 0.12796409
v 0.02406740 -0.04430520 0.13137340
v 0.02313619 -0.04508584 0.13049141
v 0.02313619 -0.04508584 0.13049141
v 0.02406740 -0.04430520 0.13137340
v 0.02097100 -0.04430520 0.13369501
v 0.02313619 -0.04508584 0.13049141
v 0.02097100 -0.04430520 0.13369501
v 0.02103817 -0.04508322 0.13209280
v 0.02103817 -0.04508322 0.13209280
v 0.02097100 -0.04430520 0.13369501
v 0.01855289 -0.04508584 0.13371840
v 0.01855289 -0.04508584 0.13371840
v 0.02097100 -0.04430520 0.13369501
v 0.01765227 -0.04430520 0.13568591
v 0.01855289 -0.04508584 0.13371840
v 0.01765227 -0.04430520 0.13568591
v 0.01623350 -0.04508322 0.13497791
v 0.01623350 -0.04508322 0.13497791
v 0.01765227 -0.04430520 0.13568591
v 0.01414650 -0.04430520 0.13732500
v 0.01623350 -0.04508322 0.13497791
v 0.01414650 -0.04430520 0.13732500
v 0.01352787 -0.04508584 0.13620161
v 0.01352787 -0.04508584 0.13620161
v 0.01414650 -0.04430520 0.13732500
v 0.01049089 -0.04430520 0.13859510
v 0.01352787 -0.04508584 0.13620161
v 0.01049089 -0.04430520 0.13859510
v 0.00999099 -0.04508584 0.13741390
v 0.00999099 -0.04508584 0.13741390
v 0.01049089 -0.04430520 0.13859510
v 0.00672364 -0.04430520 0.13948239
v 0.00999099 -0.04508584 0.13741390
v 0.00672364 -0.04430520 0.13948239
v 0.00634795 -0.04508584 0.13825621
v 0.00634795 -0.04508584 0.13825621
v 0.00672364 -0.04430520 0.13948239
v 0.00286567 -0.04432052 0.13995640
v 0.00634795 -0.04508584 0.13825621
v 0.00286567 -0.04432052 0.13995640
v 0.00268757 -0.04507786 0.13872869
v 0.00268757 -0.04507786 0.13872869
v 0.00286567 -0.04432052 0.13995640
v 0.00000000 -0.04441338 0.13991210
v 0.00268757 -0.04507786 0.13872869
v 0.00000000 -0.04441338 0.13991210
v -0.00001491 -0.04519349 0.13862181
v 0.00268757 -0.04507786 0.13872869
v -0.00001491 -0.04519349 0.13862181
v 0.00180173 -0.04579991 0.13745360
v 0.00268757 -0.04507786 0.13872869
v 0.00180173 -0.04579991 0.13745360
v 0.00465321 -0.04579991 0.13719989
v 0.00268757 -0.04507786 0.13872869
v 0.00465321 -0.04579991 0.13719989
v 0.00634795 -0.04508584 0.13825621
v 0.00634795 -0.04508584 0.13825621
v 0.00465321 -0.04579991 0.13719989
v 0.00715923 -0.04579991 0.13675991
v 0.00634795 -0.04508584 0.13825621
v 0.00715923 -0.04579991 0.13675991
v 0.00999099 -0.04508584 0.13741390
v 0.00999099 -0.04508584 0.13741390
v 0.00715923 -0.04579991 0.13675991
v 0.00993770 -0.04579991 0.13607051
v 0.00999099 -0.04508584 0.13741390
v 0.00993770 -0.04579991 0.13607051
v 0.01352787 -0.04508584 0.13620161
v 0.01352787 -0.04508584 0.13620161
v 0.00993770 -0.04579991 0.13607051
v 0.01234620 -0.04579991 0.13525000
v 0.01352787 -0.04508584 0.13620161
v 0.01234620 -0.04579991 0.13525000
v 0.01498556 -0.04579991 0.13414130
v 0.01352787 -0.04508584 0.13620161
v 0.01498556 -0.04579991 0.13414130
v 0.01623350 -0.04508322 0.13497791
v 0.01623350 -0.04508322 0.13497791
v 0.01498556 -0.04579991 0.13414130
v 0.01855289 -0.04508584 0.13371840
v 0.01855289 -0.04508584 0.13371840
v 0.01498556 -0.04579991 0.13414130
v 0.01815921 -0.04579991 0.13243289
v 0.01855289 -0.04508584 0.13371840
v 0.01815921 -0.04579991 0.13243289
v 0.02103817 -0.04508322 0.13209280
v 0.02103817 -0.04508322 0.13209280
v 0.01815921 -0.04579991 0.13243289
v 0.02114081 -0.04579991 0.13040701
v 0.02103817 -0.04508322 0.13209280
v 0.02114081 -0.04579991 0.13040701
v 0.02313619 -0.04508584 0.13049141
v 0.02313619 -0.04508584 0.13049141
v 0.02114081 -0.04579991 0.13040701
v 0.02389836 -0.04579991 0.12808530
v 0.02313619 -0.04508584 0.13049141
v 0.02389836 -0.04579991 0.12808530
v 0.02589184 -0.04508584 0.12796409
v 0.02589184 -0.04508584 0.12796409
v 0.02389836 -0.04579991 0.12808530
v 0.02640235 -0.04579997 0.12549250
v 0.02589184 -0.04508584 0.12796409
v 0.02640235 -0.04579997 0.12549250
v 0.02837276 -0.04508584 0.12516700
v 0.02837276 -0.04508584 0.12516700
v 0.02640235 -0.04579997 0.12549250
v 0.02799433 -0.04579997 0.12350740
v 0.02837276 -0.04508584 0.12516700
v 0.02799433 -0.04579997 0.12350740
v 0.03055316 -0.04508578 0.12212940
v 0.03055316 -0.04508578 0.12212940
v 0.02799433 -0.04579997 0.12350740
v 0.02962619 -0.04579997 0.12115550
v 0.03055316 -0.04508578 0.12212940
v 0.02962619 -0.04579997 0.12115550
v 0.03240936 -0.04508584 0.11888390
v 0.03240936 -0.04508584 0.11888390
v 0.02962619 -0.04579997 0.12115550
v 0.03138720 -0.04579997 0.11801040
v 0.03240936 -0.04508584 0.11888390
v 0.03138720 -0.04579997 0.11801040
v 0.03392231 -0.04508584 0.11546470
v 0.03392231 -0.04508584 0.11546470
v 0.03138720 -0.04579997 0.11801040
v 0.03281581 -0.04579997 0.11470090
v 0.03392231 -0.04508584 0.11546470
v 0.03281581 -0.04579997 0.11470090
v 0.03507560 -0.04508584 0.11190800
v 0.03507560 -0.04508584 0.11190800
v 0.03281581 -0.04579997 0.11470090
v 0.03389626 -0.04579997 0.11126200
v 0.03507560 -0.04508584 0.11190800
v 0.03389626 -0.04579997 0.11126200
v 0.03572070 -0.04508322 0.10900950
v 0.03572070 -0.04508322 0.10900950
v 0.03389626 -0.04579997 0.11126200
v 0.03461766 -0.04579997 0.10773050
v 0.03572070 -0.04508322 0.10900950
v 0.03461766 -0.04579997 0.10773050
v 0.03610557 -0.04508584 0.10639820
v 0.03610557 -0.04508584 0.10639820
v 0.03461766 -0.04579997 0.10773050
v 0.03497195 -0.04579997 0.10414330
v 0.03610557 -0.04508584 0.10639820
v 0.03497195 -0.04579997 0.10414330
v 0.03629696 -0.04508322 0.10343490
v 0.03629696 -0.04508322 0.10343490
v 0.03497195 -0.04579997 0.10414330
v 0.03627526 -0.04508584 0.10079540
v 0.03627526 -0.04508584 0.10079540
v 0.03497195 -0.04579997 0.10414330
v 0.03495556 -0.04579997 0.10053860
v 0.03627526 -0.04508584 0.10079540
v 0.03495556 -0.04579997 0.10053860
v 0.03590786 -0.04508584 0.09707468
v 0.03590786 -0.04508584 0.09707468
v 0.03495556 -0.04579997 0.10053860
v 0.03456854 -0.04579997 0.09695488
v 0.03590786 -0.04508584 0.09707468
v 0.03456854 -0.04579997 0.09695488
v 0.03533822 -0.04508322 0.09416025
v 0.03533822 -0.04508322 0.09416025
v 0.03456854 -0.04579997 0.09695488
v 0.03406423 -0.04579997 0.09446090
v 0.03533822 -0.04508322 0.09416025
v 0.03406423 -0.04579997 0.09446090
v 0.03464514 -0.04508584 0.09161341
v 0.03464514 -0.04508584 0.09161341
v 0.03406423 -0.04579997 0.09446090
v 0.03330343 -0.04579997 0.09170120
v 0.03464514 -0.04508584 0.09161341
v 0.03330343 -0.04579997 0.09170120
v 0.03363376 -0.04508322 0.08882135
v 0.03363376 -0.04508322 0.08882135
v 0.03330343 -0.04579997 0.09170120
v 0.03201669 -0.04579997 0.08833414
v 0.03363376 -0.04508322 0.08882135
v 0.03201669 -0.04579997 0.08833414
v 0.03255707 -0.04508584 0.08641147
v 0.03255707 -0.04508584 0.08641147
v 0.03201669 -0.04579997 0.08833414
v 0.03039038 -0.04579997 0.08511716
v 0.03255707 -0.04508584 0.08641147
v 0.03039038 -0.04579997 0.08511716
v 0.03112810 -0.04508322 0.08380836
v 0.03112810 -0.04508322 0.08380836
v 0.03039038 -0.04579997 0.08511716
v 0.02969348 -0.04508584 0.08159291
v 0.02969348 -0.04508584 0.08159291
v 0.03039038 -0.04579997 0.08511716
v 0.02903854 -0.04579997 0.08296144
v 0.02969348 -0.04508584 0.08159291
v 0.02903854 -0.04579997 0.08296144
v 0.02735334 -0.04579997 0.08064746
v 0.02969348 -0.04508584 0.08159291
v 0.02735334 -0.04579997 0.08064746
v 0.02788084 -0.04508322 0.07924067
v 0.02788084 -0.04508322 0.07924067
v 0.02735334 -0.04579997 0.08064746
v 0.02612239 -0.04508584 0.07727247
v 0.02612239 -0.04508584 0.07727247
v 0.02735334 -0.04579997 0.08064746
v 0.02496147 -0.04579997 0.07795077
v 0.02612239 -0.04508584 0.07727247
v 0.02496147 -0.04579997 0.07795077
v 0.02338999 -0.04508584 0.07472020
v 0.02338999 -0.04508584 0.07472020
v 0.02496147 -0.04579997 0.07795077
v 0.02230501 -0.04579997 0.07551431
v 0.02338999 -0.04508584 0.07472020
v 0.02230501 -0.04579997 0.07551431
v 0.02103817 -0.04508322 0.07290709
v 0.02103817 -0.04508322 0.07290709
v 0.02230501 -0.04579997 0.07551431
v 0.02027970 -0.04579997 0.07397401
v 0.02103817 -0.04508322 0.07290709
v 0.02027970 -0.04579997 0.07397401
v 0.01883620 -0.04508584 0.07145160
v 0.01883620 -0.04508584 0.07145160
v 0.02027970 -0.04579997 0.07397401
v 0.01788640 -0.04579997 0.07240319
v 0.01883620 -0.04508584 0.07145160
v 0.01788640 -0.04579997 0.07240319
v 0.01554393 -0.04508584 0.06967937
v 0.01554393 -0.04508584 0.06967937
v 0.01788640 -0.04579997 0.07240319
v 0.01564824 -0.04579997 0.07119292
v 0.01554393 -0.04508584 0.06967937
v 0.01564824 -0.04579997 0.07119292
v 0.01304185 -0.04579997 0.07000923
v 0.01554393 -0.04508584 0.06967937
v 0.01304185 -0.04579997 0.07000923
v 0.01208680 -0.04508584 0.06825506
v 0.01208680 -0.04508584 0.06825506
v 0.01304185 -0.04579997 0.07000923
v 0.01064389 -0.04579997 0.06915771
v 0.01208680 -0.04508584 0.06825506
v 0.01064389 -0.04579997 0.06915771
v 0.00850189 -0.04508578 0.06719380
v 0.00850189 -0.04508578 0.06719380
v 0.01064389 -0.04579997 0.06915771
v 0.00788653 -0.04579997 0.06838923
v 0.00850189 -0.04508578 0.06719380
v 0.00788653 -0.04579997 0.06838923
v 0.00482660 -0.04508584 0.06650674
v 0.00482660 -0.04508584 0.06650674
v 0.00788653 -0.04579997 0.06838923
v 0.00433743 -0.04579997 0.06775915
v 0.00482660 -0.04508584 0.06650674
v 0.00433743 -0.04579997 0.06775915
v 0.00081399 -0.04510450 0.06622117
v 0.00081399 -0.04510450 0.06622117
v 0.00433743 -0.04579997 0.06775915
v 0.00074170 -0.04579997 0.06749570
v 0.01172351 -0.03165519 0.06112819
v 0.01357465 -0.03088200 0.06169945
v 0.01319050 -0.03980106 0.06157267
v 0.02468669 -0.02270185 0.06729263
v 0.02567732 -0.02153551 0.06800830
v 0.02507948 -0.03980183 0.06757032
v 0.03226715 -0.00773954 0.07407844
v 0.03264439 -0.00565970 0.07451075
v 0.03326845 -0.03980451 0.07525891
v 0.03326845 -0.03980451 0.07525891
v 0.03264439 -0.00565970 0.07451075
v 0.03290253 -0.00341308 0.07481443
v 0.03326845 -0.03980451 0.07525891
v 0.03290253 -0.00341308 0.07481443
v 0.03299862 -0.00133073 0.07493019
v 0.03073310 -0.01283967 0.07242578
v 0.03170543 -0.00999177 0.07344824
v 0.03179019 -0.03980326 0.07354587
v 0.03179019 -0.03980326 0.07354587
v 0.03170543 -0.00999177 0.07344824
v 0.03326845 -0.03980451 0.07525891
v 0.03326845 -0.03980451 0.07525891
v 0.03170543 -0.00999177 0.07344824
v 0.03226715 -0.00773954 0.07407844
v 0.03021514 -0.03980261 0.07190454
v 0.02965432 -0.01530057 0.07135784
v 0.03073310 -0.01283967 0.07242578
v 0.03021514 -0.03980261 0.07190454
v 0.03073310 -0.01283967 0.07242578
v 0.03179019 -0.03980326 0.07354587
v 0.02858155 -0.03980225 0.07037311
v 0.02862334 -0.01722848 0.07040905
v 0.03021514 -0.03980261 0.07190454
v 0.03021514 -0.03980261 0.07190454
v 0.02862334 -0.01722848 0.07040905
v 0.02965432 -0.01530057 0.07135784
v 0.02507948 -0.03980183 0.06757032
v 0.02567732 -0.02153551 0.06800830
v 0.02687603 -0.03980219 0.06893330
v 0.02687603 -0.03980219 0.06893330
v 0.02567732 -0.02153551 0.06800830
v 0.02730685 -0.01934742 0.06927698
v 0.02687603 -0.03980219 0.06893330
v 0.02730685 -0.01934742 0.06927698
v 0.02858155 -0.03980225 0.07037311
v 0.02858155 -0.03980225 0.07037311
v 0.02730685 -0.01934742 0.06927698
v 0.02862334 -0.01722848 0.07040905
v 0.02132916 -0.03980118 0.06516146
v 0.02202904 -0.02538126 0.06557291
v 0.02326256 -0.03980183 0.06633520
v 0.02202904 -0.02538126 0.06557291
v 0.02365773 -0.02380865 0.06659114
v 0.02326256 -0.03980183 0.06633520
v 0.02326256 -0.03980183 0.06633520
v 0.02365773 -0.02380865 0.06659114
v 0.02507948 -0.03980183 0.06757032
v 0.02507948 -0.03980183 0.06757032
v 0.02365773 -0.02380865 0.06659114
v 0.02468669 -0.02270185 0.06729263
v 0.01734662 -0.03980100 0.06315314
v 0.01782155 -0.02857607 0.06336617
v 0.01938581 -0.03980135 0.06411719
v 0.01938581 -0.03980135 0.06411719
v 0.01782155 -0.02857607 0.06336617
v 0.01940792 -0.02749127 0.06412863
v 0.01938581 -0.03980135 0.06411719
v 0.01940792 -0.02749127 0.06412863
v 0.02132916 -0.03980118 0.06516146
v 0.02132916 -0.03980118 0.06516146
v 0.01940792 -0.02749127 0.06412863
v 0.02055585 -0.02661788 0.06473344
v 0.02132916 -0.03980118 0.06516146
v 0.02055585 -0.02661788 0.06473344
v 0.02202904 -0.02538126 0.06557291
v 0.01319050 -0.03980106 0.06157267
v 0.01357465 -0.03088200 0.06169945
v 0.01529449 -0.03980118 0.06231147
v 0.01529449 -0.03980118 0.06231147
v 0.01357465 -0.03088200 0.06169945
v 0.01524436 -0.03006976 0.06229186
v 0.01529449 -0.03980118 0.06231147
v 0.01524436 -0.03006976 0.06229186
v 0.01734662 -0.03980100 0.06315314
v 0.01734662 -0.03980100 0.06315314
v 0.01524436 -0.03006976 0.06229186
v 0.01657795 -0.02933502 0.06282454
v 0.01734662 -0.03980100 0.06315314
v 0.01657795 -0.02933502 0.06282454
v 0.01782155 -0.02857607 0.06336617
v 0.01103627 -0.03980064 0.06093966
v 0.01172351 -0.03165519 0.06112819
v 0.01319050 -0.03980106 0.06157267
v 0.00884199 -0.03980064 0.06041824
v 0.00666875 -0.03980028 0.06001985
v 0.00709224 -0.03303080 0.06008791
v 0.00884199 -0.03980064 0.06041824
v 0.00709224 -0.03303080 0.06008791
v 0.00934535 -0.03245663 0.06052130
v 0.00884199 -0.03980064 0.06041824
v 0.00934535 -0.03245663 0.06052130
v 0.01103627 -0.03980064 0.06093966
v 0.01103627 -0.03980064 0.06093966
v 0.00934535 -0.03245663 0.06052130
v 0.01172351 -0.03165519 0.06112819
v 0.00444883 -0.03980004 0.05973035
v 0.00513554 -0.03340476 0.05980509
v 0.00666875 -0.03980028 0.06001985
v 0.00666875 -0.03980028 0.06001985
v 0.00513554 -0.03340476 0.05980509
v 0.00709224 -0.03303080 0.06008791
v 0.00444883 -0.03980004 0.05973035
v 0.00223166 -0.03979998 0.05955761
v 0.00265986 -0.03369987 0.05957615
v 0.00444883 -0.03980004 0.05973035
v 0.00265986 -0.03369987 0.05957615
v 0.00513554 -0.03340476 0.05980509
v 0.00000000 -0.03979986 0.05949985
v 0.00028911 -0.03380239 0.05949831
v 0.00223166 -0.03979998 0.05955761
v 0.00223166 -0.03979998 0.05955761
v 0.00028911 -0.03380239 0.05949831
v 0.00265986 -0.03369987 0.05957615
v 0.03326845 -0.03980451 0.07525891
v 0.03299862 -0.00133073 0.07493019
v 0.03300118 0.02849864 0.07492309
v 0.03326845 -0.03980451 0.07525891
v 0.03300118 0.02849864 0.07492309
v 0.03456705 -0.03980064 0.07691967
v 0.03456705 -0.03980064 0.07691967
v 0.03300118 0.02849864 0.07492309
v 0.03458750 0.02850031 0.07694673
v 0.03456705 -0.03980064 0.07691967
v 0.03458750 0.02850031 0.07694673
v 0.03584712 -0.03980064 0.07874655
v 0.03584712 -0.03980064 0.07874655
v 0.03458750 0.02850031 0.07694673
v 0.03587508 0.02850031 0.07878828
v 0.03584712 -0.03980064 0.07874655
v 0.03587508 0.02850031 0.07878828
v 0.03703075 -0.03980064 0.08063739
v 0.03703075 -0.03980064 0.08063739
v 0.03587508 0.02850031 0.07878828
v 0.03706455 0.02850031 0.08069431
v 0.03703075 -0.03980064 0.08063739
v 0.03706455 0.02850031 0.08069431
v 0.03811496 -0.03980058 0.08258736
v 0.03811496 -0.03980058 0.08258736
v 0.03706455 0.02850031 0.08069431
v 0.03815299 0.02850031 0.08266019
v 0.03811496 -0.03980058 0.08258736
v 0.03815299 0.02850031 0.08266019
v 0.03909647 -0.03980058 0.08459085
v 0.03909647 -0.03980058 0.08459085
v 0.03815299 0.02850031 0.08266019
v 0.03913724 0.02850025 0.08468008
v 0.03909647 -0.03980058 0.08459085
v 0.03913724 0.02850025 0.08468008
v 0.03997278 -0.03980058 0.08664268
v 0.03997278 -0.03980058 0.08664268
v 0.03913724 0.02850025 0.08468008
v 0.04001450 0.02850025 0.08674842
v 0.03997278 -0.03980058 0.08664268
v 0.04001450 0.02850025 0.08674842
v 0.04074144 -0.03980052 0.08873713
v 0.04074144 -0.03980052 0.08873713
v 0.04001450 0.02850025 0.08674842
v 0.04078263 0.02850025 0.08885979
v 0.04074144 -0.03980052 0.08873713
v 0.04078263 0.02850025 0.08885979
v 0.04140049 -0.03980052 0.09086883
v 0.04140049 -0.03980052 0.09086883
v 0.04078263 0.02850025 0.08885979
v 0.04143941 0.02850025 0.09100866
v 0.04140049 -0.03980052 0.09086883
v 0.04143941 0.02850025 0.09100866
v 0.04194808 -0.03980046 0.09303188
v 0.04194808 -0.03980046 0.09303188
v 0.04143941 0.02850025 0.09100866
v 0.04198288 0.02850025 0.09318840
v 0.04194808 -0.03980046 0.09303188
v 0.04198288 0.02850025 0.09318840
v 0.04238271 -0.03980040 0.09522074
v 0.04238271 -0.03980040 0.09522074
v 0.04198288 0.02850025 0.09318840
v 0.04241210 0.02850025 0.09539389
v 0.04238271 -0.03980040 0.09522074
v 0.04241210 0.02850025 0.09539389
v 0.04270339 -0.03980040 0.09742897
v 0.04270339 -0.03980040 0.09742897
v 0.04241210 0.02850025 0.09539389
v 0.04272532 0.02850019 0.09761840
v 0.04270339 -0.03980040 0.09742897
v 0.04272532 0.02850019 0.09761840
v 0.04290884 -0.03980028 0.09965127
v 0.04290884 -0.03980028 0.09965127
v 0.04272532 0.02850019 0.09761840
v 0.04292196 0.02850019 0.09985643
v 0.04290884 -0.03980028 0.09965127
v 0.04292196 0.02850019 0.09985643
v 0.04299885 -0.03980022 0.10188130
v 0.04299885 -0.03980022 0.10188130
v 0.04292196 0.02850019 0.09985643
v 0.04300147 0.02850019 0.10210170
v 0.04299885 -0.03980022 0.10188130
v 0.04300147 0.02850019 0.10210170
v 0.04298561 -0.03979986 0.10360710
v 0.04298561 -0.03979986 0.10360710
v 0.04300147 0.02850019 0.10210170
v 0.04296362 0.02850019 0.10434780
v 0.04298561 -0.03979986 0.10360710
v 0.04296362 0.02850019 0.10434780
v 0.04291146 -0.03980231 0.10531240
v 0.04291146 -0.03980231 0.10531240
v 0.04296362 0.02850019 0.10434780
v 0.04280853 0.02850019 0.10658890
v 0.04291146 -0.03980231 0.10531240
v 0.04280853 0.02850019 0.10658890
v 0.04270786 -0.03980219 0.10753500
v 0.04270786 -0.03980219 0.10753500
v 0.04280853 0.02850019 0.10658890
v 0.04253643 0.02850019 0.10881900
v 0.04270786 -0.03980219 0.10753500
v 0.04253643 0.02850019 0.10881900
v 0.04238909 -0.03980207 0.10974390
v 0.04238909 -0.03980207 0.10974390
v 0.04253643 0.02850019 0.10881900
v 0.04214859 0.02850013 0.11103150
v 0.04238909 -0.03980207 0.10974390
v 0.04214859 0.02850013 0.11103150
v 0.04195606 -0.03980195 0.11193340
v 0.04195606 -0.03980195 0.11193340
v 0.04214859 0.02850013 0.11103150
v 0.04164552 0.02850013 0.11322080
v 0.04195606 -0.03980195 0.11193340
v 0.04164552 0.02850013 0.11322080
v 0.04141002 -0.03980177 0.11409750
v 0.04141002 -0.03980177 0.11409750
v 0.04164552 0.02850013 0.11322080
v 0.04102885 0.02850013 0.11538080
v 0.04141002 -0.03980177 0.11409750
v 0.04102885 0.02850013 0.11538080
v 0.04075253 -0.03980171 0.11623040
v 0.04075253 -0.03980171 0.11623040
v 0.04102885 0.02850013 0.11538080
v 0.04030025 0.02850013 0.11750590
v 0.04075253 -0.03980171 0.11623040
v 0.04030025 0.02850013 0.11750590
v 0.03998517 -0.03980159 0.11832620
v 0.03998517 -0.03980159 0.11832620
v 0.04030025 0.02850013 0.11750590
v 0.03946185 0.02850013 0.11958970
v 0.03998517 -0.03980159 0.11832620
v 0.03946185 0.02850013 0.11958970
v 0.03911024 -0.03980147 0.12037960
v 0.03911024 -0.03980147 0.12037960
v 0.03946185 0.02850013 0.11958970
v 0.03851556 0.02850013 0.12162690
v 0.03911024 -0.03980147 0.12037960
v 0.03851556 0.02850013 0.12162690
v 0.03812968 -0.03980135 0.12238470
v 0.03812968 -0.03980135 0.12238470
v 0.03851556 0.02850013 0.12162690
v 0.03746438 0.02850008 0.12361190
v 0.03812968 -0.03980135 0.12238470
v 0.03746438 0.02850008 0.12361190
v 0.03704655 -0.03980129 0.12433640
v 0.03704655 -0.03980129 0.12433640
v 0.03746438 0.02850008 0.12361190
v 0.03631103 0.02850008 0.12553930
v 0.03704655 -0.03980129 0.12433640
v 0.03631103 0.02850008 0.12553930
v 0.03586339 -0.03980118 0.12622920
v 0.03586339 -0.03980118 0.12622920
v 0.03631103 0.02850008 0.12553930
v 0.03505831 0.02850008 0.12740390
v 0.03586339 -0.03980118 0.12622920
v 0.03505831 0.02850008 0.12740390
v 0.03460448 -0.03979986 0.12803000
v 0.03460448 -0.03979986 0.12803000
v 0.03505831 0.02850008 0.12740390
v 0.03371042 0.02850008 0.12920029
v 0.03460448 -0.03979986 0.12803000
v 0.03371042 0.02850008 0.12920029
v 0.03323411 -0.03980016 0.12978980
v 0.03323411 -0.03980016 0.12978980
v 0.03371042 0.02850008 0.12920029
v 0.03227066 0.02850008 0.13092350
v 0.03323411 -0.03980016 0.12978980
v 0.03227066 0.02850008 0.13092350
v 0.03177148 -0.03980016 0.13147950
v 0.03177148 -0.03980016 0.13147950
v 0.03227066 0.02850008 0.13092350
v 0.03074264 0.02850008 0.13256981
v 0.03177148 -0.03980016 0.13147950
v 0.03074264 0.02850008 0.13256981
v 0.03022313 -0.03980016 0.13309071
v 0.03022313 -0.03980016 0.13309071
v 0.03074264 0.02850008 0.13256981
v 0.02913045 0.02850008 0.13413410
v 0.03022313 -0.03980016 0.13309071
v 0.02913045 0.02850008 0.13413410
v 0.02859342 -0.03980016 0.13461910
v 0.02859342 -0.03980016 0.13461910
v 0.02913045 0.02850008 0.13413410
v 0.02743911 0.02850008 0.13561180
v 0.02859342 -0.03980016 0.13461910
v 0.02743911 0.02850008 0.13561180
v 0.02688622 -0.03980016 0.13606100
v 0.02688622 -0.03980016 0.13606100
v 0.02743911 0.02850008 0.13561180
v 0.02567321 0.02850008 0.13699910
v 0.02688622 -0.03980016 0.13606100
v 0.02567321 0.02850008 0.13699910
v 0.02510654 -0.03980016 0.13741200
v 0.02510654 -0.03980016 0.13741200
v 0.02567321 0.02850008 0.13699910
v 0.02383685 0.02850008 0.13829260
v 0.02510654 -0.03980016 0.13741200
v 0.02383685 0.02850008 0.13829260
v 0.02325958 -0.03980010 0.13866870
v 0.02325958 -0.03980010 0.13866870
v 0.02383685 0.02850008 0.13829260
v 0.02193564 0.02850008 0.13948830
v 0.02325958 -0.03980010 0.13866870
v 0.02193564 0.02850008 0.13948830
v 0.02134943 -0.03980010 0.13982780
v 0.02134943 -0.03980010 0.13982780
v 0.02193564 0.02850008 0.13948830
v 0.01997542 0.02850008 0.14058270
v 0.02134943 -0.03980010 0.13982780
v 0.01997542 0.02850008 0.14058270
v 0.01938194 -0.03980010 0.14088610
v 0.01938194 -0.03980010 0.14088610
v 0.01997542 0.02850008 0.14058270
v 0.01796007 0.02850008 0.14157359
v 0.01938194 -0.03980010 0.14088610
v 0.01796007 0.02850008 0.14157359
v 0.01736176 -0.03980010 0.14184090
v 0.01736176 -0.03980010 0.14184090
v 0.01796007 0.02850008 0.14157359
v 0.01589572 0.02850008 0.14245790
v 0.01736176 -0.03980010 0.14184090
v 0.01589572 0.02850008 0.14245790
v 0.01529532 -0.03980010 0.14268920
v 0.01529532 -0.03980010 0.14268920
v 0.01589572 0.02850008 0.14245790
v 0.01378798 0.02850008 0.14323320
v 0.01529532 -0.03980010 0.14268920
v 0.01378798 0.02850008 0.14323320
v 0.01318770 -0.03980004 0.14342910
v 0.01318770 -0.03980004 0.14342910
v 0.01378798 0.02850008 0.14323320
v 0.01164340 0.02850008 0.14389721
v 0.01318770 -0.03980004 0.14342910
v 0.01164340 0.02850008 0.14389721
v 0.01104456 -0.03980004 0.14405850
v 0.01104456 -0.03980004 0.14405850
v 0.01164340 0.02850008 0.14389721
v 0.00946605 0.02850002 0.14444880
v 0.01104456 -0.03980004 0.14405850
v 0.00946605 0.02850002 0.14444880
v 0.00887144 -0.03979998 0.14457580
v 0.00887144 -0.03979998 0.14457580
v 0.00946605 0.02850002 0.14444880
v 0.00726354 0.02850002 0.14488570
v 0.00887144 -0.03979998 0.14457580
v 0.00726354 0.02850002 0.14488570
v 0.00667435 -0.03979998 0.14497951
v 0.00667435 -0.03979998 0.14497951
v 0.00726354 0.02850002 0.14488570
v 0.00504041 0.02850002 0.14520720
v 0.00667435 -0.03979998 0.14497951
v 0.00504041 0.02850002 0.14520720
v 0.00445980 -0.03979992 0.14526840
v 0.00445980 -0.03979992 0.14526840
v 0.00504041 0.02850002 0.14520720
v 0.00280416 0.02850002 0.14541210
v 0.00445980 -0.03979992 0.14526840
v 0.00280416 0.02850002 0.14541210
v 0.00223201 -0.03979992 0.14544231
v 0.00223201 -0.03979992 0.14544231
v 0.00280416 0.02850002 0.14541210
v 0.00056165 0.02850002 0.14550000
v 0.00223201 -0.03979992 0.14544231
v 0.00056165 0.02850002 0.14550000
v 0.00000000 -0.03979986 0.14550000
v -0.00221348 -0.03979986 0.05955696
v -0.00160694 -0.03376626 0.05952656
v 0.00000000 -0.03979986 0.05949985
v 0.00000000 -0.03979986 0.05949985
v -0.00160694 -0.03376626 0.05952656
v 0.00028911 -0.03380239 0.05949831
v -0.00436920 -0.03979998 0.05972188
v -0.00345773 -0.03361940 0.05963897
v -0.00221348 -0.03979986 0.05955696
v -0.00221348 -0.03979986 0.05955696
v -0.00345773 -0.03361940 0.05963897
v -0.00160694 -0.03376626 0.05952656
v -0.00655961 -0.03979992 0.06000268
v -0.00484544 -0.03344768 0.05977195
v -0.00436920 -0.03979998 0.05972188
v -0.00436920 -0.03979998 0.05972188
v -0.00484544 -0.03344768 0.05977195
v -0.00345773 -0.03361940 0.05963897
v -0.00874060 -0.03979992 0.06039708
v -0.00680071 -0.03309828 0.06003779
v -0.00655961 -0.03979992 0.06000268
v -0.00655961 -0.03979992 0.06000268
v -0.00680071 -0.03309828 0.06003779
v -0.00484544 -0.03344768 0.05977195
v -0.01038539 -0.03212493 0.06077092
v -0.00868601 -0.03263789 0.06038540
v -0.01090097 -0.03979986 0.06090402
v -0.01090097 -0.03979986 0.06090402
v -0.00868601 -0.03263789 0.06038540
v -0.00874060 -0.03979992 0.06039708
v -0.00874060 -0.03979992 0.06039708
v -0.00868601 -0.03263789 0.06038540
v -0.00680071 -0.03309828 0.06003779
v -0.01302915 -0.03979992 0.06152099
v -0.01173377 -0.03164494 0.06113153
v -0.01090097 -0.03979986 0.06090402
v -0.01090097 -0.03979986 0.06090402
v -0.01173377 -0.03164494 0.06113153
v -0.01038539 -0.03212493 0.06077092
v -0.01512408 -0.03979992 0.06224691
v -0.01345402 -0.03093886 0.06165516
v -0.01302915 -0.03979992 0.06152099
v -0.01302915 -0.03979992 0.06152099
v -0.01345402 -0.03093886 0.06165516
v -0.01173377 -0.03164494 0.06113153
v -0.01677894 -0.02921795 0.06290668
v -0.01529777 -0.03004157 0.06231111
v -0.01718002 -0.03979992 0.06308066
v -0.01718002 -0.03979992 0.06308066
v -0.01529777 -0.03004157 0.06231111
v -0.01512408 -0.03979992 0.06224691
v -0.01512408 -0.03979992 0.06224691
v -0.01529777 -0.03004157 0.06231111
v -0.01345402 -0.03093886 0.06165516
v -0.01918780 -0.03979992 0.06401807
v -0.01807379 -0.02841109 0.06348222
v -0.01718002 -0.03979992 0.06308066
v -0.01718002 -0.03979992 0.06308066
v -0.01807379 -0.02841109 0.06348222
v -0.01677894 -0.02921795 0.06290668
v -0.02089440 -0.02634447 0.06491661
v -0.01938152 -0.02751100 0.06411457
v -0.02113360 -0.03980004 0.06505149
v -0.02113360 -0.03980004 0.06505149
v -0.01938152 -0.02751100 0.06411457
v -0.01918780 -0.03979992 0.06401807
v -0.01918780 -0.03979992 0.06401807
v -0.01938152 -0.02751100 0.06411457
v -0.01807379 -0.02841109 0.06348222
v -0.02304852 -0.03979998 0.06619858
v -0.02322322 -0.02424854 0.06630945
v -0.02207821 -0.02532738 0.06560075
v -0.02207821 -0.02532738 0.06560075
v -0.02089440 -0.02634447 0.06491661
v -0.02113360 -0.03980004 0.06505149
v -0.02207821 -0.02532738 0.06560075
v -0.02113360 -0.03980004 0.06505149
v -0.02304852 -0.03979998 0.06619858
v -0.02457720 -0.02282500 0.06721431
v -0.02322322 -0.02424854 0.06630945
v -0.02488178 -0.03979986 0.06742972
v -0.02322322 -0.02424854 0.06630945
v -0.02304852 -0.03979998 0.06619858
v -0.02488178 -0.03979986 0.06742972
v -0.02665847 -0.03979992 0.06876051
v -0.02617865 -0.02090787 0.06837987
v -0.02488178 -0.03979986 0.06742972
v -0.02488178 -0.03979986 0.06742972
v -0.02617865 -0.02090787 0.06837987
v -0.02457720 -0.02282500 0.06721431
v -0.02836006 -0.03979986 0.07017773
v -0.02756744 -0.01894295 0.06949847
v -0.02617865 -0.02090787 0.06837987
v -0.02617865 -0.02090787 0.06837987
v -0.02665847 -0.03979992 0.06876051
v -0.02836006 -0.03979986 0.07017773
v -0.02998816 -0.03979992 0.07168233
v -0.02884167 -0.01686489 0.07060271
v -0.02836006 -0.03979986 0.07017773
v -0.02836006 -0.03979986 0.07017773
v -0.02884167 -0.01686489 0.07060271
v -0.02756744 -0.01894295 0.06949847
v -0.03153485 -0.03979992 0.07326692
v -0.03142935 -0.01086324 0.07315349
v -0.03078639 -0.01270073 0.07247817
v -0.03153485 -0.03979992 0.07326692
v -0.03078639 -0.01270073 0.07247817
v -0.02999740 -0.01455926 0.07169032
v -0.03153485 -0.03979992 0.07326692
v -0.02999740 -0.01455926 0.07169032
v -0.02998816 -0.03979992 0.07168233
v -0.02998816 -0.03979992 0.07168233
v -0.02999740 -0.01455926 0.07169032
v -0.02884167 -0.01686489 0.07060271
v -0.03299283 -0.00189054 0.07492327
v -0.03279978 -0.00447488 0.07469385
v -0.03299939 -0.03979992 0.07493102
v -0.03299939 -0.03979992 0.07493102
v -0.03279978 -0.00447488 0.07469385
v -0.03246062 -0.00678414 0.07429820
v -0.03246062 -0.00678414 0.07429820
v -0.03195470 -0.00906145 0.07372605
v -0.03299939 -0.03979992 0.07493102
v -0.03299939 -0.03979992 0.07493102
v -0.03195470 -0.00906145 0.07372605
v -0.03153485 -0.03979992 0.07326692
v -0.03153485 -0.03979992 0.07326692
v -0.03195470 -0.00906145 0.07372605
v -0.03142935 -0.01086324 0.07315349
v -0.03438013 -0.03979986 0.07667320
v -0.03299283 -0.00189054 0.07492327
v -0.03299939 -0.03979992 0.07493102
v 0.00056165 0.02850002 0.14550000
v -0.00164270 0.02850008 0.14547200
v 0.00000000 -0.03979986 0.14550000
v 0.00000000 -0.03979986 0.14550000
v -0.00164270 0.02850008 0.14547200
v -0.00221348 -0.03979986 0.14544301
v -0.00221348 -0.03979986 0.14544301
v -0.00164270 0.02850008 0.14547200
v -0.00384802 0.02850013 0.14533099
v -0.00221348 -0.03979986 0.14544301
v -0.00384802 0.02850013 0.14533099
v -0.00437266 -0.03979992 0.14527760
v -0.00437266 -0.03979992 0.14527760
v -0.00384802 0.02850013 0.14533099
v -0.00606286 0.02850013 0.14507400
v -0.00437266 -0.03979992 0.14527760
v -0.00606286 0.02850013 0.14507400
v -0.00657093 -0.03979992 0.14499550
v -0.00657093 -0.03979992 0.14499550
v -0.00606286 0.02850013 0.14507400
v -0.00826061 0.02850013 0.14470260
v -0.00657093 -0.03979992 0.14499550
v -0.00826061 0.02850013 0.14470260
v -0.00875193 -0.03979992 0.14460050
v -0.00875193 -0.03979992 0.14460050
v -0.00826061 0.02850013 0.14470260
v -0.01043725 0.02850019 0.14421760
v -0.00875193 -0.03979992 0.14460050
v -0.01043725 0.02850019 0.14421760
v -0.01090908 -0.03979992 0.14409371
v -0.01090908 -0.03979992 0.14409371
v -0.01043725 0.02850019 0.14421760
v -0.01258546 0.02850019 0.14362059
v -0.01090908 -0.03979992 0.14409371
v -0.01258546 0.02850019 0.14362059
v -0.01303744 -0.03979992 0.14347640
v -0.01303744 -0.03979992 0.14347640
v -0.01258546 0.02850019 0.14362059
v -0.01469993 0.02850025 0.14291281
v -0.01303744 -0.03979992 0.14347640
v -0.01469993 0.02850025 0.14291281
v -0.01513159 -0.03979992 0.14275020
v -0.01513159 -0.03979992 0.14275020
v -0.01469993 0.02850025 0.14291281
v -0.01677525 0.02850025 0.14209640
v -0.01513159 -0.03979992 0.14275020
v -0.01677525 0.02850025 0.14209640
v -0.01718485 -0.03979992 0.14191720
v -0.01718485 -0.03979992 0.14191720
v -0.01677525 0.02850025 0.14209640
v -0.01880544 0.02850025 0.14117341
v -0.01718485 -0.03979992 0.14191720
v -0.01880544 0.02850025 0.14117341
v -0.01919287 -0.03979992 0.14097950
v -0.01919287 -0.03979992 0.14097950
v -0.01880544 0.02850025 0.14117341
v -0.02078443 0.02850025 0.14014670
v -0.01919287 -0.03979992 0.14097950
v -0.02078443 0.02850025 0.14014670
v -0.02114981 -0.03979992 0.13993961
v -0.02114981 -0.03979992 0.13993961
v -0.02078443 0.02850025 0.14014670
v -0.02270847 0.02850031 0.13901840
v -0.02114981 -0.03979992 0.13993961
v -0.02270847 0.02850031 0.13901840
v -0.02305072 -0.03979992 0.13880010
v -0.02305072 -0.03979992 0.13880010
v -0.02270847 0.02850031 0.13901840
v -0.02457070 0.02850031 0.13779230
v -0.02305072 -0.03979992 0.13880010
v -0.02457070 0.02850031 0.13779230
v -0.02489030 -0.03979992 0.13756430
v -0.02489030 -0.03979992 0.13756430
v -0.02457070 0.02850031 0.13779230
v -0.02636712 0.02850031 0.13647100
v -0.02489030 -0.03979992 0.13756430
v -0.02636712 0.02850031 0.13647100
v -0.02666372 -0.03979992 0.13623540
v -0.02666372 -0.03979992 0.13623540
v -0.02636712 0.02850031 0.13647100
v -0.02809298 0.02850031 0.13505819
v -0.02666372 -0.03979992 0.13623540
v -0.02809298 0.02850031 0.13505819
v -0.02836632 -0.03979992 0.13481680
v -0.02836632 -0.03979992 0.13481680
v -0.02809298 0.02850031 0.13505819
v -0.02974319 0.02850031 0.13355790
v -0.02836632 -0.03979992 0.13481680
v -0.02974319 0.02850031 0.13355790
v -0.02999359 -0.03979992 0.13331249
v -0.02999359 -0.03979992 0.13331249
v -0.02974319 0.02850031 0.13355790
v -0.03131330 0.02850037 0.13197391
v -0.02999359 -0.03979992 0.13331249
v -0.03131330 0.02850037 0.13197391
v -0.03154104 -0.03979992 0.13172629
v -0.03154104 -0.03979992 0.13172629
v -0.03131330 0.02850037 0.13197391
v -0.03279960 0.02850037 0.13031040
v -0.03154104 -0.03979992 0.13172629
v -0.03279960 0.02850037 0.13031040
v -0.03300482 -0.03979992 0.13006260
v -0.03300482 -0.03979992 0.13006260
v -0.03279960 0.02850037 0.13031040
v -0.03419733 0.02850037 0.12857240
v -0.03300482 -0.03979992 0.13006260
v -0.03419733 0.02850037 0.12857240
v -0.03438097 -0.03979992 0.12832570
v -0.03438097 -0.03979992 0.12832570
v -0.03419733 0.02850037 0.12857240
v -0.03550320 0.02850037 0.12676381
v -0.03438097 -0.03979992 0.12832570
v -0.03550320 0.02850037 0.12676381
v -0.03566581 -0.03979992 0.12651999
v -0.03566581 -0.03979992 0.12651999
v -0.03550320 0.02850037 0.12676381
v -0.03671354 0.02850037 0.12489030
v -0.03566581 -0.03979992 0.12651999
v -0.03671354 0.02850037 0.12489030
v -0.03685647 -0.03979992 0.12464990
v -0.03685647 -0.03979992 0.12464990
v -0.03671354 0.02850037 0.12489030
v -0.03782874 0.02850008 0.12295040
v -0.03685647 -0.03979992 0.12464990
v -0.03782874 0.02850008 0.12295040
v -0.03795516 -0.03979986 0.12270900
v -0.03795516 -0.03979986 0.12270900
v -0.03782874 0.02850008 0.12295040
v -0.03883808 0.02850002 0.12096130
v -0.03795516 -0.03979986 0.12270900
v -0.03883808 0.02850002 0.12096130
v -0.03894507 -0.03979986 0.12072830
v -0.03894507 -0.03979986 0.12072830
v -0.03883808 0.02850002 0.12096130
v -0.03974294 0.02850002 0.11892270
v -0.03894507 -0.03979986 0.12072830
v -0.03974294 0.02850002 0.11892270
v -0.03983175 -0.03979986 0.11869930
v -0.03983175 -0.03979986 0.11869930
v -0.03974294 0.02850002 0.11892270
v -0.04054105 0.02850002 0.11683980
v -0.03983175 -0.03979986 0.11869930
v -0.04054105 0.02850002 0.11683980
v -0.04061287 -0.03979986 0.11662730
v -0.04061287 -0.03979986 0.11662730
v -0.04054105 0.02850002 0.11683980
v -0.04122996 0.02850002 0.11471830
v -0.04061287 -0.03979986 0.11662730
v -0.04122996 0.02850002 0.11471830
v -0.04128628 -0.03979986 0.11451790
v -0.04128628 -0.03979986 0.11451790
v -0.04122996 0.02850002 0.11471830
v -0.04180783 0.02850002 0.11256400
v -0.04128628 -0.03979986 0.11451790
v -0.04180783 0.02850002 0.11256400
v -0.04185020 -0.03979986 0.11237650
v -0.04185020 -0.03979986 0.11237650
v -0.04180783 0.02850002 0.11256400
v -0.04227340 0.02850002 0.11038240
v -0.04185020 -0.03979986 0.11237650
v -0.04227340 0.02850002 0.11038240
v -0.04230326 -0.03979986 0.11020910
v -0.04230326 -0.03979986 0.11020910
v -0.04227340 0.02850002 0.11038240
v -0.04262506 0.02850002 0.10817970
v -0.04230326 -0.03979986 0.11020910
v -0.04262506 0.02850002 0.10817970
v -0.04264402 -0.03979986 0.10802110
v -0.04264402 -0.03979986 0.10802110
v -0.04262506 0.02850002 0.10817970
v -0.04286205 0.02850002 0.10596170
v -0.04264402 -0.03979986 0.10802110
v -0.04286205 0.02850002 0.10596170
v -0.04287171 -0.03979986 0.10581850
v -0.04287171 -0.03979986 0.10581850
v -0.04286205 0.02850002 0.10596170
v -0.04298377 0.02850002 0.10373440
v -0.04287171 -0.03979986 0.10581850
v -0.04298377 0.02850002 0.10373440
v -0.04298561 -0.03979986 0.10360710
v -0.04298561 -0.03979986 0.10360710
v -0.04298377 0.02850002 0.10373440
v -0.04298985 0.02850002 0.10150370
v -0.04298561 -0.03979986 0.10360710
v -0.04298985 0.02850002 0.10150370
v -0.04298561 -0.03979986 0.10139280
v -0.04298561 -0.03979986 0.10139280
v -0.04298985 0.02850002 0.10150370
v -0.04288011 0.02850002 0.09927552
v -0.04298561 -0.03979986 0.10139280
v -0.04288011 0.02850002 0.09927552
v -0.04287171 -0.03979986 0.09918141
v -0.04287171 -0.03979986 0.09918141
v -0.04288011 0.02850002 0.09927552
v -0.04265511 0.02850002 0.09705597
v -0.04287171 -0.03979986 0.09918141
v -0.04265511 0.02850002 0.09705597
v -0.04264402 -0.03979986 0.09697884
v -0.04264402 -0.03979986 0.09697884
v -0.04265511 0.02850002 0.09705597
v -0.04231524 0.02850002 0.09485125
v -0.04264402 -0.03979986 0.09697884
v -0.04231524 0.02850002 0.09485125
v -0.04230326 -0.03979986 0.09479093
v -0.04230326 -0.03979986 0.09479093
v -0.04231524 0.02850002 0.09485125
v -0.04186141 0.02850002 0.09266692
v -0.04230326 -0.03979986 0.09479093
v -0.04186141 0.02850002 0.09266692
v -0.04185020 -0.03979986 0.09262341
v -0.04185020 -0.03979986 0.09262341
v -0.04186141 0.02850002 0.09266692
v -0.04129493 0.02850002 0.09050893
v -0.04185020 -0.03979986 0.09262341
v -0.04129493 0.02850002 0.09050893
v -0.04128628 -0.03979986 0.09048211
v -0.04128628 -0.03979986 0.09048211
v -0.04129493 0.02850002 0.09050893
v -0.04061716 0.02850002 0.08838355
v -0.04128628 -0.03979986 0.09048211
v -0.04061716 0.02850002 0.08838355
v -0.04061287 -0.03979986 0.08837264
v -0.04061287 -0.03979986 0.08837264
v -0.04061716 0.02850002 0.08838355
v -0.03982967 0.02849996 0.08629441
v -0.04061287 -0.03979986 0.08837264
v -0.03982967 0.02849996 0.08629441
v -0.03983175 -0.03979986 0.08630067
v -0.03983175 -0.03979986 0.08630067
v -0.03982967 0.02849996 0.08629441
v -0.03893911 -0.03979980 0.08425843
v -0.03893911 -0.03979980 0.08425843
v -0.03982967 0.02849996 0.08629441
v -0.03893828 0.02849996 0.08425694
v -0.03893911 -0.03979980 0.08425843
v -0.03893828 0.02849996 0.08425694
v -0.03793364 0.02849996 0.08225089
v -0.03299999 0.02849996 0.07493185
v -0.03299283 -0.00189054 0.07492327
v -0.03433817 0.02850013 0.07661700
v -0.03433817 0.02850013 0.07661700
v -0.03299283 -0.00189054 0.07492327
v -0.03438013 -0.03979986 0.07667320
v -0.03433817 0.02850013 0.07661700
v -0.03438013 -0.03979986 0.07667320
v -0.03563565 0.02850008 0.07843494
v -0.03563565 0.02850008 0.07843494
v -0.03438013 -0.03979986 0.07667320
v -0.03566634 -0.03979992 0.07848078
v -0.03563565 0.02850008 0.07843494
v -0.03566634 -0.03979992 0.07848078
v -0.03683578 0.02850002 0.08031582
v -0.03683578 0.02850002 0.08031582
v -0.03566634 -0.03979992 0.07848078
v -0.03685653 -0.03979992 0.08035022
v -0.03683578 0.02850002 0.08031582
v -0.03685653 -0.03979992 0.08035022
v -0.03793364 0.02849996 0.08225089
v -0.03793364 0.02849996 0.08225089
v -0.03685653 -0.03979992 0.08035022
v -0.03795516 -0.03979986 0.08229100
v -0.03793364 0.02849996 0.08225089
v -0.03795516 -0.03979986 0.08229100
v -0.03893911 -0.03979980 0.08425843
v -0.01529777 -0.03004157 0.06231111
v -0.01677894 -0.02921795 0.06290668
v -0.01649999 -0.02937883 0.01399987
v -0.03299283 -0.00189054 0.07492327
v -0.03299868 -0.00058721 0.01399987
v -0.03295475 -0.00252694 0.01399987
v -0.03279978 -0.00447488 0.07469385
v -0.03299283 -0.00189054 0.07492327
v -0.03295475 -0.00252694 0.01399987
v -0.03279978 -0.00447488 0.07469385
v -0.03295475 -0.00252694 0.01399987
v -0.03271150 -0.00523096 0.01399987
v -0.03279978 -0.00447488 0.07469385
v -0.03271150 -0.00523096 0.01399987
v -0.03246062 -0.00678414 0.07429820
v -0.03227871 -0.00766092 0.01399987
v -0.03246062 -0.00678414 0.07429820
v -0.03271150 -0.00523096 0.01399987
v -0.03187555 -0.00934094 0.01399987
v -0.03195470 -0.00906145 0.07372605
v -0.03227871 -0.00766092 0.01399987
v -0.03227871 -0.00766092 0.01399987
v -0.03195470 -0.00906145 0.07372605
v -0.03246062 -0.00678414 0.07429820
v -0.03142935 -0.01086324 0.07315349
v -0.03195470 -0.00906145 0.07372605
v -0.03187555 -0.00934094 0.01399987
v -0.03109008 -0.01189124 0.01399987
v -0.03078639 -0.01270073 0.07247817
v -0.03142935 -0.01086324 0.07315349
v -0.03109008 -0.01189124 0.01399987
v -0.03142935 -0.01086324 0.07315349
v -0.03187555 -0.00934094 0.01399987
v -0.03014683 -0.01422220 0.01399987
v -0.02999740 -0.01455926 0.07169032
v -0.03078639 -0.01270073 0.07247817
v -0.03014683 -0.01422220 0.01399987
v -0.03078639 -0.01270073 0.07247817
v -0.03109008 -0.01189124 0.01399987
v -0.02999740 -0.01455926 0.07169032
v -0.03014683 -0.01422220 0.01399987
v -0.02903097 -0.01651334 0.01399987
v -0.02999740 -0.01455926 0.07169032
v -0.02903097 -0.01651334 0.01399987
v -0.02884167 -0.01686489 0.07060271
v -0.02884167 -0.01686489 0.07060271
v -0.02903097 -0.01651334 0.01399987
v -0.02767610 -0.01877295 0.01399987
v -0.02884167 -0.01686489 0.07060271
v -0.02767610 -0.01877295 0.01399987
v -0.02756744 -0.01894295 0.06949847
v -0.02756744 -0.01894295 0.06949847
v -0.02767610 -0.01877295 0.01399987
v -0.02669739 -0.02019691 0.01399987
v -0.02756744 -0.01894295 0.06949847
v -0.02669739 -0.02019691 0.01399987
v -0.02617865 -0.02090787 0.06837987
v -0.02564579 -0.02156752 0.01399987
v -0.02617865 -0.02090787 0.06837987
v -0.02669739 -0.02019691 0.01399987
v -0.02333450 -0.02413439 0.01399987
v -0.02322322 -0.02424854 0.06630945
v -0.02452373 -0.02288115 0.01399987
v -0.02322322 -0.02424854 0.06630945
v -0.02457720 -0.02282500 0.06721431
v -0.02452373 -0.02288115 0.01399987
v -0.02452373 -0.02288115 0.01399987
v -0.02457720 -0.02282500 0.06721431
v -0.02564579 -0.02156752 0.01399987
v -0.02564579 -0.02156752 0.01399987
v -0.02457720 -0.02282500 0.06721431
v -0.02617865 -0.02090787 0.06837987
v -0.02076745 -0.02644580 0.01399987
v -0.02089440 -0.02634447 0.06491661
v -0.02208131 -0.02532362 0.01399987
v -0.02089440 -0.02634447 0.06491661
v -0.02207821 -0.02532738 0.06560075
v -0.02208131 -0.02532362 0.01399987
v -0.02208131 -0.02532362 0.01399987
v -0.02207821 -0.02532738 0.06560075
v -0.02333450 -0.02413439 0.01399987
v -0.02333450 -0.02413439 0.01399987
v -0.02207821 -0.02532738 0.06560075
v -0.02322322 -0.02424854 0.06630945
v -0.01807379 -0.02841109 0.06348222
v -0.01939690 -0.02749747 0.01399987
v -0.01797306 -0.02847599 0.01399987
v -0.01807379 -0.02841109 0.06348222
v -0.01797306 -0.02847599 0.01399987
v -0.01677894 -0.02921795 0.06290668
v -0.01807379 -0.02841109 0.06348222
v -0.01938152 -0.02751100 0.06411457
v -0.01939690 -0.02749747 0.01399987
v -0.01939690 -0.02749747 0.01399987
v -0.01938152 -0.02751100 0.06411457
v -0.02076745 -0.02644580 0.01399987
v -0.02076745 -0.02644580 0.01399987
v -0.01938152 -0.02751100 0.06411457
v -0.02089440 -0.02634447 0.06491661
v -0.01649999 -0.02937883 0.01399987
v -0.01677894 -0.02921795 0.06290668
v -0.01797306 -0.02847599 0.01399987
v -0.01498156 -0.03020316 0.01399987
v -0.01529777 -0.03004157 0.06231111
v -0.01649999 -0.02937883 0.01399987
v -0.01345402 -0.03093886 0.06165516
v -0.01342231 -0.03094691 0.01399987
v -0.01173377 -0.03164494 0.06113153
v -0.01173377 -0.03164494 0.06113153
v -0.01342231 -0.03094691 0.01399987
v -0.01182597 -0.03160810 0.01399987
v -0.01342231 -0.03094691 0.01399987
v -0.01345402 -0.03093886 0.06165516
v -0.01498156 -0.03020316 0.01399987
v -0.01498156 -0.03020316 0.01399987
v -0.01345402 -0.03093886 0.06165516
v -0.01529777 -0.03004157 0.06231111
v -0.00868601 -0.03263789 0.06038540
v -0.01038539 -0.03212493 0.06077092
v -0.01019752 -0.03218472 0.01399987
v -0.01019752 -0.03218472 0.01399987
v -0.01038539 -0.03212493 0.06077092
v -0.01182597 -0.03160810 0.01399987
v -0.01182597 -0.03160810 0.01399987
v -0.01038539 -0.03212493 0.06077092
v -0.01173377 -0.03164494 0.06113153
v -0.00686103 -0.03307873 0.01399987
v -0.00680071 -0.03309828 0.06003779
v -0.00854099 -0.03267550 0.01399987
v -0.00854099 -0.03267550 0.01399987
v -0.00680071 -0.03309828 0.06003779
v -0.00868601 -0.03263789 0.06038540
v -0.00854099 -0.03267550 0.01399987
v -0.00868601 -0.03263789 0.06038540
v -0.01019752 -0.03218472 0.01399987
v -0.00516224 -0.03339368 0.01399987
v -0.00484544 -0.03344768 0.05977195
v -0.00686103 -0.03307873 0.01399987
v -0.00686103 -0.03307873 0.01399987
v -0.00484544 -0.03344768 0.05977195
v -0.00680071 -0.03309828 0.06003779
v -0.00344938 -0.03361922 0.01399987
v -0.00172693 -0.03375464 0.01399987
v -0.00160694 -0.03376626 0.05952656
v -0.00344938 -0.03361922 0.01399987
v -0.00160694 -0.03376626 0.05952656
v -0.00345773 -0.03361940 0.05963897
v -0.00344938 -0.03361922 0.01399987
v -0.00345773 -0.03361940 0.05963897
v -0.00516224 -0.03339368 0.01399987
v -0.00516224 -0.03339368 0.01399987
v -0.00345773 -0.03361940 0.05963897
v -0.00484544 -0.03344768 0.05977195
v 0.00088718 -0.03379637 0.01399987
v 0.00028911 -0.03380239 0.05949831
v -0.00172693 -0.03375464 0.01399987
v -0.00172693 -0.03375464 0.01399987
v 0.00028911 -0.03380239 0.05949831
v -0.00160694 -0.03376626 0.05952656
v 0.00344938 -0.03361922 0.01399987
v 0.00265986 -0.03369987 0.05957615
v 0.00088718 -0.03379637 0.01399987
v 0.00088718 -0.03379637 0.01399987
v 0.00265986 -0.03369987 0.05957615
v 0.00028911 -0.03380239 0.05949831
v 0.00516224 -0.03339368 0.01399987
v 0.00513554 -0.03340476 0.05980509
v 0.00344938 -0.03361922 0.01399987
v 0.00344938 -0.03361922 0.01399987
v 0.00513554 -0.03340476 0.05980509
v 0.00265986 -0.03369987 0.05957615
v 0.00513554 -0.03340476 0.05980509
v 0.00516224 -0.03339368 0.01399987
v 0.00763017 -0.03291612 0.01399987
v 0.00513554 -0.03340476 0.05980509
v 0.00763017 -0.03291612 0.01399987
v 0.00709224 -0.03303080 0.06008791
v 0.01019752 -0.03218472 0.01399987
v 0.00934535 -0.03245663 0.06052130
v 0.00763017 -0.03291612 0.01399987
v 0.00763017 -0.03291612 0.01399987
v 0.00934535 -0.03245663 0.06052130
v 0.00709224 -0.03303080 0.06008791
v 0.00934535 -0.03245663 0.06052130
v 0.01019752 -0.03218472 0.01399987
v 0.01172351 -0.03165519 0.06112819
v 0.01172351 -0.03165519 0.06112819
v 0.01019752 -0.03218472 0.01399987
v 0.01182597 -0.03160810 0.01399987
v 0.01342231 -0.03094691 0.01399987
v 0.01357465 -0.03088200 0.06169945
v 0.01172351 -0.03165519 0.06112819
v 0.01342231 -0.03094691 0.01399987
v 0.01172351 -0.03165519 0.06112819
v 0.01182597 -0.03160810 0.01399987
v 0.01357465 -0.03088200 0.06169945
v 0.01342231 -0.03094691 0.01399987
v 0.01498156 -0.03020316 0.01399987
v 0.01357465 -0.03088200 0.06169945
v 0.01498156 -0.03020316 0.01399987
v 0.01524436 -0.03006976 0.06229186
v 0.01649999 -0.02937883 0.01399987
v 0.01657795 -0.02933502 0.06282454
v 0.01524436 -0.03006976 0.06229186
v 0.01649999 -0.02937883 0.01399987
v 0.01524436 -0.03006976 0.06229186
v 0.01498156 -0.03020316 0.01399987
v 0.01657795 -0.02933502 0.06282454
v 0.01649999 -0.02937883 0.01399987
v 0.01797306 -0.02847599 0.01399987
v 0.01657795 -0.02933502 0.06282454
v 0.01797306 -0.02847599 0.01399987
v 0.01782155 -0.02857607 0.06336617
v 0.01940792 -0.02749127 0.06412863
v 0.01782155 -0.02857607 0.06336617
v 0.01797306 -0.02847599 0.01399987
v 0.01940792 -0.02749127 0.06412863
v 0.01797306 -0.02847599 0.01399987
v 0.01939690 -0.02749747 0.01399987
v 0.01940792 -0.02749127 0.06412863
v 0.01939690 -0.02749747 0.01399987
v 0.02076745 -0.02644580 0.01399987
v 0.01940792 -0.02749127 0.06412863
v 0.02076745 -0.02644580 0.01399987
v 0.02055585 -0.02661788 0.06473344
v 0.02264410 -0.02482074 0.01399987
v 0.02202904 -0.02538126 0.06557291
v 0.02076745 -0.02644580 0.01399987
v 0.02076745 -0.02644580 0.01399987
v 0.02202904 -0.02538126 0.06557291
v 0.02055585 -0.02661788 0.06473344
v 0.02202904 -0.02538126 0.06557291
v 0.02264410 -0.02482074 0.01399987
v 0.02365773 -0.02380865 0.06659114
v 0.02365773 -0.02380865 0.06659114
v 0.02264410 -0.02482074 0.01399987
v 0.02452373 -0.02288115 0.01399987
v 0.02564579 -0.02156752 0.01399987
v 0.02567732 -0.02153551 0.06800830
v 0.02468669 -0.02270185 0.06729263
v 0.02564579 -0.02156752 0.01399987
v 0.02468669 -0.02270185 0.06729263
v 0.02452373 -0.02288115 0.01399987
v 0.02452373 -0.02288115 0.01399987
v 0.02468669 -0.02270185 0.06729263
v 0.02365773 -0.02380865 0.06659114
v 0.02567732 -0.02153551 0.06800830
v 0.02564579 -0.02156752 0.01399987
v 0.02669739 -0.02019691 0.01399987
v 0.02567732 -0.02153551 0.06800830
v 0.02669739 -0.02019691 0.01399987
v 0.02730685 -0.01934742 0.06927698
v 0.02730685 -0.01934742 0.06927698
v 0.02669739 -0.02019691 0.01399987
v 0.02767610 -0.01877295 0.01399987
v 0.02857869 -0.01729995 0.01399987
v 0.02862334 -0.01722848 0.07040905
v 0.02730685 -0.01934742 0.06927698
v 0.02857869 -0.01729995 0.01399987
v 0.02730685 -0.01934742 0.06927698
v 0.02767610 -0.01877295 0.01399987
v 0.02862334 -0.01722848 0.07040905
v 0.02857869 -0.01729995 0.01399987
v 0.02940315 -0.01578164 0.01399987
v 0.02862334 -0.01722848 0.07040905
v 0.02940315 -0.01578164 0.01399987
v 0.02965432 -0.01530057 0.07135784
v 0.03014683 -0.01422220 0.01399987
v 0.02965432 -0.01530057 0.07135784
v 0.02940315 -0.01578164 0.01399987
v 0.03080815 -0.01262611 0.01399987
v 0.03073310 -0.01283967 0.07242578
v 0.03014683 -0.01422220 0.01399987
v 0.03014683 -0.01422220 0.01399987
v 0.03073310 -0.01283967 0.07242578
v 0.02965432 -0.01530057 0.07135784
v 0.03073310 -0.01283967 0.07242578
v 0.03080815 -0.01262611 0.01399987
v 0.03138470 -0.01099753 0.01399987
v 0.03073310 -0.01283967 0.07242578
v 0.03138470 -0.01099753 0.01399987
v 0.03170543 -0.00999177 0.07344824
v 0.03170543 -0.00999177 0.07344824
v 0.03138470 -0.01099753 0.01399987
v 0.03187555 -0.00934094 0.01399987
v 0.03227871 -0.00766092 0.01399987
v 0.03226715 -0.00773954 0.07407844
v 0.03170543 -0.00999177 0.07344824
v 0.03227871 -0.00766092 0.01399987
v 0.03170543 -0.00999177 0.07344824
v 0.03187555 -0.00934094 0.01399987
v 0.03226715 -0.00773954 0.07407844
v 0.03227871 -0.00766092 0.01399987
v 0.03259354 -0.00596219 0.01399987
v 0.03226715 -0.00773954 0.07407844
v 0.03259354 -0.00596219 0.01399987
v 0.03264439 -0.00565970 0.07451075
v 0.03281921 -0.00424933 0.01399987
v 0.03264439 -0.00565970 0.07451075
v 0.03259354 -0.00596219 0.01399987
v 0.03295475 -0.00252694 0.01399987
v 0.03290253 -0.00341308 0.07481443
v 0.03281921 -0.00424933 0.01399987
v 0.03281921 -0.00424933 0.01399987
v 0.03290253 -0.00341308 0.07481443
v 0.03264439 -0.00565970 0.07451075
v 0.03290253 -0.00341308 0.07481443
v 0.03295475 -0.00252694 0.01399987
v 0.03299862 -0.00133073 0.07493019
v 0.03299862 -0.00133073 0.07493019
v 0.03295475 -0.00252694 0.01399987
v 0.03299856 -0.00060565 0.01399987
v -0.00344938 -0.03361922 0.01399987
v -0.00516224 -0.03339368 0.01399987
v 0.01131355 -0.03099983 0.01399987
v 0.00763017 -0.03291612 0.01399987
v 0.01131355 -0.03099983 0.01399987
v 0.01019752 -0.03218472 0.01399987
v -0.00516224 -0.03339368 0.01399987
v -0.00686103 -0.03307873 0.01399987
v 0.01131355 -0.03099983 0.01399987
v 0.01131355 -0.03099983 0.01399987
v -0.00686103 -0.03307873 0.01399987
v -0.00854099 -0.03267550 0.01399987
v 0.01131355 -0.03099983 0.01399987
v -0.00854099 -0.03267550 0.01399987
v -0.01131355 -0.03099983 0.01399987
v 0.00763017 -0.03291612 0.01399987
v 0.00516224 -0.03339368 0.01399987
v 0.01131355 -0.03099983 0.01399987
v 0.01131355 -0.03099983 0.01399987
v 0.00516224 -0.03339368 0.01399987
v 0.00344938 -0.03361922 0.01399987
v 0.01131355 -0.03099983 0.01399987
v 0.00344938 -0.03361922 0.01399987
v 0.00088718 -0.03379637 0.01399987
v 0.01131355 -0.03099983 0.01399987
v 0.00088718 -0.03379637 0.01399987
v -0.00172693 -0.03375464 0.01399987
v 0.01131355 -0.03099983 0.01399987
v -0.00172693 -0.03375464 0.01399987
v -0.00344938 -0.03361922 0.01399987
v -0.00854099 -0.03267550 0.01399987
v -0.01019752 -0.03218472 0.01399987
v -0.01131355 -0.03099983 0.01399987
v -0.01131355 -0.03099983 0.01399987
v -0.01019752 -0.03218472 0.01399987
v -0.01182597 -0.03160810 0.01399987
v -0.01131355 -0.03099983 0.01399987
v -0.01182597 -0.03160810 0.01399987
v -0.01291477 -0.03036779 0.01399987
v -0.01291477 -0.03036779 0.01399987
v -0.01182597 -0.03160810 0.01399987
v -0.01342231 -0.03094691 0.01399987
v -0.01291477 -0.03036779 0.01399987
v -0.01342231 -0.03094691 0.01399987
v -0.01448082 -0.02965301 0.01399987
v -0.01448082 -0.02965301 0.01399987
v -0.01342231 -0.03094691 0.01399987
v -0.01498156 -0.03020316 0.01399987
v -0.01448082 -0.02965301 0.01399987
v -0.01498156 -0.03020316 0.01399987
v -0.01600760 -0.02885735 0.01399987
v -0.01600760 -0.02885735 0.01399987
v -0.01498156 -0.03020316 0.01399987
v -0.01649999 -0.02937883 0.01399987
v -0.01600760 -0.02885735 0.01399987
v -0.01649999 -0.02937883 0.01399987
v -0.01749068 -0.02798336 0.01399987
v -0.01749068 -0.02798336 0.01399987
v -0.01649999 -0.02937883 0.01399987
v -0.01797306 -0.02847599 0.01399987
v -0.01749068 -0.02798336 0.01399987
v -0.01797306 -0.02847599 0.01399987
v -0.01892614 -0.02703315 0.01399987
v -0.01892614 -0.02703315 0.01399987
v -0.01797306 -0.02847599 0.01399987
v -0.01939690 -0.02749747 0.01399987
v -0.01892614 -0.02703315 0.01399987
v -0.01939690 -0.02749747 0.01399987
v -0.02031016 -0.02600950 0.01399987
v -0.02031016 -0.02600950 0.01399987
v -0.01939690 -0.02749747 0.01399987
v -0.02076745 -0.02644580 0.01399987
v -0.02031016 -0.02600950 0.01399987
v -0.02076745 -0.02644580 0.01399987
v -0.02163887 -0.02491492 0.01399987
v -0.02163887 -0.02491492 0.01399987
v -0.02076745 -0.02644580 0.01399987
v -0.02208131 -0.02532362 0.01399987
v -0.02163887 -0.02491492 0.01399987
v -0.02208131 -0.02532362 0.01399987
v -0.02290856 -0.02375257 0.01399987
v -0.02290856 -0.02375257 0.01399987
v -0.02208131 -0.02532362 0.01399987
v -0.02333450 -0.02413439 0.01399987
v -0.02290856 -0.02375257 0.01399987
v -0.02333450 -0.02413439 0.01399987
v -0.02411603 -0.02252560 0.01399987
v -0.02411603 -0.02252560 0.01399987
v -0.02333450 -0.02413439 0.01399987
v -0.02452373 -0.02288115 0.01399987
v -0.02411603 -0.02252560 0.01399987
v -0.02452373 -0.02288115 0.01399987
v -0.02525806 -0.02123743 0.01399987
v -0.02525806 -0.02123743 0.01399987
v -0.02452373 -0.02288115 0.01399987
v -0.02564579 -0.02156752 0.01399987
v -0.02525806 -0.02123743 0.01399987
v -0.02564579 -0.02156752 0.01399987
v -0.02633118 -0.01989138 0.01399987
v -0.02633118 -0.01989138 0.01399987
v -0.02564579 -0.02156752 0.01399987
v -0.02669739 -0.02019691 0.01399987
v -0.02633118 -0.01989138 0.01399987
v -0.02669739 -0.02019691 0.01399987
v -0.02733266 -0.01849108 0.01399987
v -0.02733266 -0.01849108 0.01399987
v -0.02669739 -0.02019691 0.01399987
v -0.02767610 -0.01877295 0.01399987
v -0.02733266 -0.01849108 0.01399987
v -0.02767610 -0.01877295 0.01399987
v -0.02825975 -0.01704061 0.01399987
v -0.02825975 -0.01704061 0.01399987
v -0.02767610 -0.01877295 0.01399987
v -0.02903097 -0.01651334 0.01399987
v -0.02825975 -0.01704061 0.01399987
v -0.02903097 -0.01651334 0.01399987
v -0.02910995 -0.01554369 0.01399987
v -0.02910995 -0.01554369 0.01399987
v -0.02903097 -0.01651334 0.01399987
v -0.02988088 -0.01400452 0.01399987
v -0.02988088 -0.01400452 0.01399987
v -0.02903097 -0.01651334 0.01399987
v -0.03014683 -0.01422220 0.01399987
v -0.02988088 -0.01400452 0.01399987
v -0.03014683 -0.01422220 0.01399987
v -0.03057044 -0.01242733 0.01399987
v -0.03057044 -0.01242733 0.01399987
v -0.03014683 -0.01422220 0.01399987
v -0.03109008 -0.01189124 0.01399987
v -0.03057044 -0.01242733 0.01399987
v -0.03109008 -0.01189124 0.01399987
v -0.03117704 -0.01081609 0.01399987
v -0.03117704 -0.01081609 0.01399987
v -0.03109008 -0.01189124 0.01399987
v -0.03169864 -0.00917560 0.01399987
v -0.03169864 -0.00917560 0.01399987
v -0.03109008 -0.01189124 0.01399987
v -0.03187555 -0.00934094 0.01399987
v -0.03169864 -0.00917560 0.01399987
v -0.03187555 -0.00934094 0.01399987
v -0.03213387 -0.00751007 0.01399987
v -0.03213387 -0.00751007 0.01399987
v -0.03187555 -0.00934094 0.01399987
v -0.03227871 -0.00766092 0.01399987
v -0.03213387 -0.00751007 0.01399987
v -0.03227871 -0.00766092 0.01399987
v -0.03248184 -0.00582409 0.01399987
v -0.03248184 -0.00582409 0.01399987
v -0.03227871 -0.00766092 0.01399987
v -0.03271150 -0.00523096 0.01399987
v -0.03248184 -0.00582409 0.01399987
v -0.03271150 -0.00523096 0.01399987
v -0.03274136 -0.00412226 0.01399987
v -0.03274136 -0.00412226 0.01399987
v -0.03271150 -0.00523096 0.01399987
v -0.03291177 -0.00240928 0.01399987
v -0.03291177 -0.00240928 0.01399987
v -0.03271150 -0.00523096 0.01399987
v -0.03295475 -0.00252694 0.01399987
v -0.03291177 -0.00240928 0.01399987
v -0.03295475 -0.00252694 0.01399987
v -0.03299868 -0.00058721 0.01399987
v 0.03291177 -0.00240928 0.01399987
v 0.03299856 -0.00060565 0.01399987
v 0.03295475 -0.00252694 0.01399987
v 0.03291177 -0.00240928 0.01399987
v 0.03295475 -0.00252694 0.01399987
v 0.03274136 -0.00412226 0.01399987
v 0.03274136 -0.00412226 0.01399987
v 0.03295475 -0.00252694 0.01399987
v 0.03281921 -0.00424933 0.01399987
v 0.03274136 -0.00412226 0.01399987
v 0.03281921 -0.00424933 0.01399987
v 0.03248184 -0.00582409 0.01399987
v 0.03248184 -0.00582409 0.01399987
v 0.03281921 -0.00424933 0.01399987
v 0.03259354 -0.00596219 0.01399987
v 0.03248184 -0.00582409 0.01399987
v 0.03259354 -0.00596219 0.01399987
v 0.03213387 -0.00751007 0.01399987
v 0.03213387 -0.00751007 0.01399987
v 0.03259354 -0.00596219 0.01399987
v 0.03227871 -0.00766092 0.01399987
v 0.03213387 -0.00751007 0.01399987
v 0.03227871 -0.00766092 0.01399987
v 0.03169864 -0.00917560 0.01399987
v 0.03169864 -0.00917560 0.01399987
v 0.03227871 -0.00766092 0.01399987
v 0.03187555 -0.00934094 0.01399987
v 0.03169864 -0.00917560 0.01399987
v 0.03187555 -0.00934094 0.01399987
v 0.03117704 -0.01081609 0.01399987
v 0.03117704 -0.01081609 0.01399987
v 0.03187555 -0.00934094 0.01399987
v 0.03138470 -0.01099753 0.01399987
v 0.03117704 -0.01081609 0.01399987
v 0.03138470 -0.01099753 0.01399987
v 0.03057044 -0.01242733 0.01399987
v 0.03057044 -0.01242733 0.01399987
v 0.03138470 -0.01099753 0.01399987
v 0.03080815 -0.01262611 0.01399987
v 0.03057044 -0.01242733 0.01399987
v 0.03080815 -0.01262611 0.01399987
v 0.02988088 -0.01400452 0.01399987
v 0.02988088 -0.01400452 0.01399987
v 0.03080815 -0.01262611 0.01399987
v 0.03014683 -0.01422220 0.01399987
v 0.02988088 -0.01400452 0.01399987
v 0.03014683 -0.01422220 0.01399987
v 0.02910995 -0.01554369 0.01399987
v 0.02910995 -0.01554369 0.01399987
v 0.03014683 -0.01422220 0.01399987
v 0.02940315 -0.01578164 0.01399987
v 0.02910995 -0.01554369 0.01399987
v 0.02940315 -0.01578164 0.01399987
v 0.02825975 -0.01704061 0.01399987
v 0.02825975 -0.01704061 0.01399987
v 0.02940315 -0.01578164 0.01399987
v 0.02857869 -0.01729995 0.01399987
v 0.02825975 -0.01704061 0.01399987
v 0.02857869 -0.01729995 0.01399987
v 0.02733266 -0.01849108 0.01399987
v 0.02733266 -0.01849108 0.01399987
v 0.02857869 -0.01729995 0.01399987
v 0.02767610 -0.01877295 0.01399987
v 0.02733266 -0.01849108 0.01399987
v 0.02767610 -0.01877295 0.01399987
v 0.02633118 -0.01989138 0.01399987
v 0.02633118 -0.01989138 0.01399987
v 0.02767610 -0.01877295 0.01399987
v 0.02669739 -0.02019691 0.01399987
v 0.02633118 -0.01989138 0.01399987
v 0.02669739 -0.02019691 0.01399987
v 0.02525806 -0.02123743 0.01399987
v 0.02525806 -0.02123743 0.01399987
v 0.02669739 -0.02019691 0.01399987
v 0.02564579 -0.02156752 0.01399987
v 0.02525806 -0.02123743 0.01399987
v 0.02564579 -0.02156752 0.01399987
v 0.02411603 -0.02252560 0.01399987
v 0.02411603 -0.02252560 0.01399987
v 0.02564579 -0.02156752 0.01399987
v 0.02452373 -0.02288115 0.01399987
v 0.02411603 -0.02252560 0.01399987
v 0.02452373 -0.02288115 0.01399987
v 0.02290856 -0.02375257 0.01399987
v 0.02290856 -0.02375257 0.01399987
v 0.02452373 -0.02288115 0.01399987
v 0.02264410 -0.02482074 0.01399987
v 0.02290856 -0.02375257 0.01399987
v 0.02264410 -0.02482074 0.01399987
v 0.02163887 -0.02491492 0.01399987
v 0.02163887 -0.02491492 0.01399987
v 0.02264410 -0.02482074 0.01399987
v 0.02031016 -0.02600950 0.01399987
v 0.02031016 -0.02600950 0.01399987
v 0.02264410 -0.02482074 0.01399987
v 0.02076745 -0.02644580 0.01399987
v 0.02031016 -0.02600950 0.01399987
v 0.02076745 -0.02644580 0.01399987
v 0.01892614 -0.02703315 0.01399987
v 0.01892614 -0.02703315 0.01399987
v 0.02076745 -0.02644580 0.01399987
v 0.01939690 -0.02749747 0.01399987
v 0.01892614 -0.02703315 0.01399987
v 0.01939690 -0.02749747 0.01399987
v 0.01749068 -0.02798336 0.01399987
v 0.01749068 -0.02798336 0.01399987
v 0.01939690 -0.02749747 0.01399987
v 0.01797306 -0.02847599 0.01399987
v 0.01749068 -0.02798336 0.01399987
v 0.01797306 -0.02847599 0.01399987
v 0.01600760 -0.02885735 0.01399987
v 0.01600760 -0.02885735 0.01399987
v 0.01797306 -0.02847599 0.01399987
v 0.01649999 -0.02937883 0.01399987
v 0.01600760 -0.02885735 0.01399987
v 0.01649999 -0.02937883 0.01399987
v 0.01448082 -0.02965301 0.01399987
v 0.01448082 -0.02965301 0.01399987
v 0.01649999 -0.02937883 0.01399987
v 0.01498156 -0.03020316 0.01399987
v 0.01448082 -0.02965301 0.01399987
v 0.01498156 -0.03020316 0.01399987
v 0.01291477 -0.03036779 0.01399987
v 0.01291477 -0.03036779 0.01399987
v 0.01498156 -0.03020316 0.01399987
v 0.01342231 -0.03094691 0.01399987
v 0.01291477 -0.03036779 0.01399987
v 0.01342231 -0.03094691 0.01399987
v 0.01131355 -0.03099983 0.01399987
v 0.01131355 -0.03099983 0.01399987
v 0.01342231 -0.03094691 0.01399987
v 0.01182597 -0.03160810 0.01399987
v 0.01131355 -0.03099983 0.01399987
v 0.01182597 -0.03160810 0.01399987
v 0.01019752 -0.03218472 0.01399987
v -0.01131355 -0.03099983 0.01399987
v -0.01131355 -0.03099983 0.00399995
v 0.01131355 -0.03099983 0.01399987
v 0.01131355 -0.03099983 0.01399987
v -0.01131355 -0.03099983 0.00399995
v -0.00559008 -0.03099983 0.00399995
v 0.01131355 -0.03099983 0.00399995
v 0.01131355 -0.03099983 0.01399987
v 0.00559008 -0.03099983 0.00399995
v 0.00559008 -0.03099983 0.00399995
v 0.01131355 -0.03099983 0.01399987
v -0.00559008 -0.03099983 0.00399995
v 0.00559008 -0.03099983 0.00399995
v -0.00559008 -0.03099983 0.00399995
v 0.00559008 -0.03099983 0.00000000
v 0.00559008 -0.03099983 0.00000000
v -0.00559008 -0.03099983 0.00399995
v -0.00559008 -0.03099983 0.00000000
v -0.02873373 -0.00865608 0.00699997
v -0.02948123 -0.00560498 0.00699997
v 0.02372330 0.01837831 0.00699985
v 0.02372330 0.01837831 0.00699985
v -0.02948123 -0.00560498 0.00699997
v -0.02990549 -0.00249267 0.00699997
v 0.02372330 0.01837831 0.00699985
v -0.02990549 -0.00249267 0.00699997
v -0.02999997 -0.00000000 0.00699997
v 0.02372330 0.01837831 0.00699985
v -0.02999997 -0.00000000 0.00699997
v -0.02992743 0.00221604 0.00699997
v -0.02643871 0.01419705 0.00699985
v -0.02480971 0.01688295 0.00699985
v 0.02372330 0.01837831 0.00699985
v 0.02372330 0.01837831 0.00699985
v -0.02480971 0.01688295 0.00699985
v -0.02290916 0.01938366 0.00699985
v 0.02389222 -0.01815813 0.00699997
v 0.02229434 -0.02007389 0.00699997
v 0.02372330 0.01837831 0.00699985
v 0.02372330 0.01837831 0.00699985
v 0.02229434 -0.02007389 0.00699997
v 0.02075749 -0.02167212 0.00699997
v 0.02075749 -0.02167212 0.00699997
v 0.01837831 -0.02372330 0.00699997
v 0.02372330 0.01837831 0.00699985
v 0.02372330 0.01837831 0.00699985
v 0.01837831 -0.02372330 0.00699997
v 0.01579803 -0.02551436 0.00699997
v 0.02372330 0.01837831 0.00699985
v -0.01688295 -0.02480971 0.00699997
v -0.01938366 -0.02290916 0.00699997
v 0.02372330 0.01837831 0.00699985
v -0.02551436 -0.01579803 0.00699997
v -0.02673012 -0.01361966 0.00699997
v 0.02372330 0.01837831 0.00699985
v 0.01579803 -0.02551436 0.00699997
v 0.01304435 -0.02702581 0.00699997
v 0.01304435 -0.02702581 0.00699997
v 0.01014792 -0.02824145 0.00699997
v 0.02372330 0.01837831 0.00699985
v 0.02372330 0.01837831 0.00699985
v 0.01014792 -0.02824145 0.00699997
v 0.00776452 -0.02897775 0.00699997
v 0.02372330 0.01837831 0.00699985
v 0.00249278 -0.02990549 0.00699997
v 0.00000000 -0.02999997 0.00699997
v 0.02372330 0.01837831 0.00699985
v -0.00988638 -0.02833408 0.00699997
v -0.01220208 -0.02740633 0.00699997
v 0.02372330 0.01837831 0.00699985
v -0.01938366 -0.02290916 0.00699997
v -0.02167212 -0.02075749 0.00699997
v -0.02167212 -0.02075749 0.00699997
v -0.02372330 -0.01837831 0.00699997
v 0.02372330 0.01837831 0.00699985
v 0.02372330 0.01837831 0.00699985
v -0.02372330 -0.01837831 0.00699997
v -0.02551436 -0.01579803 0.00699997
v -0.02673012 -0.01361966 0.00699997
v -0.02767163 -0.01161199 0.00699997
v 0.02372330 0.01837831 0.00699985
v 0.02372330 0.01837831 0.00699985
v -0.02767163 -0.01161199 0.00699997
v -0.02873373 -0.00865608 0.00699997
v -0.02075749 0.02167212 0.00699985
v 0.02167212 0.02075749 0.00699985
v -0.02290916 0.01938366 0.00699985
v -0.02290916 0.01938366 0.00699985
v 0.02167212 0.02075749 0.00699985
v 0.02372330 0.01837831 0.00699985
v 0.02167212 0.02075749 0.00699985
v -0.02075749 0.02167212 0.00699985
v -0.01837831 0.02372330 0.00699985
v 0.02167212 0.02075749 0.00699985
v -0.01361966 0.02673012 0.00699985
v -0.01161199 0.02767163 0.00699985
v 0.01815813 0.02389222 0.00699985
v 0.02007389 0.02229434 0.00699985
v 0.00533229 0.02953171 0.00699985
v 0.00776452 -0.02897775 0.00699997
v 0.00560498 -0.02948123 0.00699997
v 0.02372330 0.01837831 0.00699985
v 0.02372330 0.01837831 0.00699985
v 0.00560498 -0.02948123 0.00699997
v 0.00249278 -0.02990549 0.00699997
v -0.01220208 -0.02740633 0.00699997
v -0.01419705 -0.02643871 0.00699997
v 0.02372330 0.01837831 0.00699985
v 0.02372330 0.01837831 0.00699985
v -0.01419705 -0.02643871 0.00699997
v -0.01688295 -0.02480971 0.00699997
v 0.02372330 0.01837831 0.00699985
v -0.02992743 0.00221604 0.00699997
v -0.02953171 0.00533229 0.00699985
v -0.02833408 0.00988638 0.00699985
v -0.02740633 0.01220208 0.00699985
v 0.02372330 0.01837831 0.00699985
v 0.02372330 0.01837831 0.00699985
v -0.02740633 0.01220208 0.00699985
v -0.02643871 0.01419705 0.00699985
v -0.01837831 0.02372330 0.00699985
v -0.01579803 0.02551436 0.00699985
v 0.02167212 0.02075749 0.00699985
v 0.02167212 0.02075749 0.00699985
v -0.01579803 0.02551436 0.00699985
v -0.01361966 0.02673012 0.00699985
v 0.02167212 0.02075749 0.00699985
v -0.00249278 0.02990549 0.00699985
v 0.00000000 0.02999997 0.00699985
v 0.02167212 0.02075749 0.00699985
v 0.00000000 0.02999997 0.00699985
v 0.00221604 0.02992743 0.00699985
v 0.02167212 0.02075749 0.00699985
v 0.00221604 0.02992743 0.00699985
v 0.00533229 0.02953171 0.00699985
v 0.02167212 0.02075749 0.00699985
v 0.00533229 0.02953171 0.00699985
v 0.02007389 0.02229434 0.00699985
v 0.02702581 0.01304435 0.00699985
v 0.02824145 0.01014792 0.00699985
v 0.02948123 0.00560504 0.00699985
v 0.02551436 0.01579803 0.00699985
v 0.02990549 0.00249278 0.00699997
v 0.02999997 -0.00000000 0.00699997
v 0.02551436 0.01579803 0.00699985
v 0.02999997 -0.00000000 0.00699997
v 0.02992743 -0.00221604 0.00699997
v 0.02372330 0.01837831 0.00699985
v 0.02551436 0.01579803 0.00699985
v 0.02953171 -0.00533223 0.00699997
v 0.02953171 -0.00533223 0.00699997
v 0.02551436 0.01579803 0.00699985
v 0.02992743 -0.00221604 0.00699997
v 0.02953171 -0.00533223 0.00699997
v 0.02897775 -0.00776440 0.00699997
v 0.02372330 0.01837831 0.00699985
v 0.02372330 0.01837831 0.00699985
v 0.02897775 -0.00776440 0.00699997
v 0.02833408 -0.00988638 0.00699997
v 0.00000000 -0.02999997 0.00699997
v -0.00221604 -0.02992743 0.00699997
v 0.02372330 0.01837831 0.00699985
v 0.02372330 0.01837831 0.00699985
v -0.00221604 -0.02992743 0.00699997
v -0.00533229 -0.02953171 0.00699997
v 0.02372330 0.01837831 0.00699985
v -0.00533229 -0.02953171 0.00699997
v -0.00776452 -0.02897775 0.00699997
v 0.02372330 0.01837831 0.00699985
v -0.00776452 -0.02897775 0.00699997
v -0.00988638 -0.02833408 0.00699997
v -0.02953171 0.00533229 0.00699985
v -0.02897775 0.00776452 0.00699985
v 0.02372330 0.01837831 0.00699985
v 0.02372330 0.01837831 0.00699985
v -0.02897775 0.00776452 0.00699985
v -0.02833408 0.00988638 0.00699985
v 0.02167212 0.02075749 0.00699985
v -0.01161199 0.02767163 0.00699985
v -0.00865608 0.02873373 0.00699985
v 0.00533229 0.02953171 0.00699985
v 0.00776452 0.02897775 0.00699985
v 0.01279383 0.02714544 0.00699985
v 0.01279383 0.02714544 0.00699985
v 0.00776452 0.02897775 0.00699985
v 0.00988638 0.02833408 0.00699985
v 0.00533229 0.02953171 0.00699985
v 0.01279383 0.02714544 0.00699985
v 0.01556140 0.02565938 0.00699985
v 0.02372330 0.01837831 0.00699985
v 0.02565938 -0.01556140 0.00699997
v 0.02389222 -0.01815813 0.00699997
v -0.00865608 0.02873373 0.00699985
v -0.00560498 0.02948123 0.00699985
v 0.02167212 0.02075749 0.00699985
v 0.02167212 0.02075749 0.00699985
v -0.00560498 0.02948123 0.00699985
v -0.00249278 0.02990549 0.00699985
v 0.00533229 0.02953171 0.00699985
v 0.01556140 0.02565938 0.00699985
v 0.01815813 0.02389222 0.00699985
v 0.02990549 0.00249278 0.00699997
v 0.02551436 0.01579803 0.00699985
v 0.02948123 0.00560504 0.00699985
v 0.02948123 0.00560504 0.00699985
v 0.02551436 0.01579803 0.00699985
v 0.02702581 0.01304435 0.00699985
v 0.02948123 0.00560504 0.00699985
v 0.02824145 0.01014792 0.00699985
v 0.02897775 0.00776452 0.00699985
v 0.02833408 -0.00988638 0.00699997
v 0.02714544 -0.01279383 0.00699997
v 0.02372330 0.01837831 0.00699985
v 0.02372330 0.01837831 0.00699985
v 0.02714544 -0.01279383 0.00699997
v 0.02565938 -0.01556140 0.00699997
v 0.00000000 -0.02999997 0.00000000
v 0.00000000 -0.02999997 0.00699997
v 0.00221604 -0.02992743 0.00000000
v 0.00221604 -0.02992743 0.00000000
v 0.00000000 -0.02999997 0.00699997
v 0.00249278 -0.02990549 0.00699997
v 0.00221604 -0.02992743 0.00000000
v 0.00249278 -0.02990549 0.00699997
v 0.00533229 -0.02953171 0.00000000
v 0.00533229 -0.02953171 0.00000000
v 0.00249278 -0.02990549 0.00699997
v 0.00560498 -0.02948123 0.00699997
v 0.00533229 -0.02953171 0.00000000
v 0.00560498 -0.02948123 0.00699997
v 0.00776452 -0.02897775 0.00000000
v 0.00776452 -0.02897775 0.00000000
v 0.00560498 -0.02948123 0.00699997
v 0.00776452 -0.02897775 0.00699997
v 0.00776452 -0.02897775 0.00000000
v 0.00776452 -0.02897775 0.00699997
v 0.00988638 -0.02833408 0.00000000
v 0.00988638 -0.02833408 0.00000000
v 0.00776452 -0.02897775 0.00699997
v 0.01014792 -0.02824145 0.00699997
v 0.00988638 -0.02833408 0.00000000
v 0.01014792 -0.02824145 0.00699997
v 0.01220208 -0.02740633 0.00000000
v 0.01220208 -0.02740633 0.00000000
v 0.01014792 -0.02824145 0.00699997
v 0.01304435 -0.02702581 0.00699997
v 0.01220208 -0.02740633 0.00000000
v 0.01304435 -0.02702581 0.00699997
v 0.01419705 -0.02643871 0.00000000
v 0.01419705 -0.02643871 0.00000000
v 0.01304435 -0.02702581 0.00699997
v 0.01579803 -0.02551436 0.00699997
v 0.01419705 -0.02643871 0.00000000
v 0.01579803 -0.02551436 0.00699997
v 0.01688295 -0.02480971 0.00000000
v 0.01688295 -0.02480971 0.00000000
v 0.01579803 -0.02551436 0.00699997
v 0.01837831 -0.02372330 0.00699997
v 0.01688295 -0.02480971 0.00000000
v 0.01837831 -0.02372330 0.00699997
v 0.01938366 -0.02290916 0.00000000
v 0.01938366 -0.02290916 0.00000000
v 0.01837831 -0.02372330 0.00699997
v 0.02075749 -0.02167212 0.00699997
v 0.01938366 -0.02290916 0.00000000
v 0.02075749 -0.02167212 0.00699997
v 0.02167212 -0.02075749 0.00000000
v 0.02167212 -0.02075749 0.00000000
v 0.02075749 -0.02167212 0.00699997
v 0.02229434 -0.02007389 0.00699997
v 0.02167212 -0.02075749 0.00000000
v 0.02229434 -0.02007389 0.00699997
v 0.02372330 -0.01837831 0.00000000
v 0.02372330 -0.01837831 0.00000000
v 0.02229434 -0.02007389 0.00699997
v 0.02389222 -0.01815813 0.00699997
v 0.02372330 -0.01837831 0.00000000
v 0.02389222 -0.01815813 0.00699997
v 0.02551436 -0.01579803 0.00000000
v 0.02551436 -0.01579803 0.00000000
v 0.02389222 -0.01815813 0.00699997
v 0.02565938 -0.01556140 0.00699997
v 0.02551436 -0.01579803 0.00000000
v 0.02565938 -0.01556140 0.00699997
v 0.02673012 -0.01361966 0.00000000
v 0.02673012 -0.01361966 0.00000000
v 0.02565938 -0.01556140 0.00699997
v 0.02714544 -0.01279383 0.00699997
v 0.02673012 -0.01361966 0.00000000
v 0.02714544 -0.01279383 0.00699997
v 0.02767163 -0.01161199 0.00000000
v 0.02767163 -0.01161199 0.00000000
v 0.02714544 -0.01279383 0.00699997
v 0.02833408 -0.00988638 0.00699997
v 0.02767163 -0.01161199 0.00000000
v 0.02833408 -0.00988638 0.00699997
v 0.02873373 -0.00865608 0.00000000
v 0.02873373 -0.00865608 0.00000000
v 0.02833408 -0.00988638 0.00699997
v 0.02897775 -0.00776440 0.00699997
v 0.02873373 -0.00865608 0.00000000
v 0.02897775 -0.00776440 0.00699997
v 0.02948123 -0.00560498 0.00000000
v 0.02948123 -0.00560498 0.00000000
v 0.02897775 -0.00776440 0.00699997
v 0.02953171 -0.00533223 0.00699997
v 0.02948123 -0.00560498 0.00000000
v 0.02953171 -0.00533223 0.00699997
v 0.02990549 -0.00249278 0.00000000
v 0.02990549 -0.00249278 0.00000000
v 0.02953171 -0.00533223 0.00699997
v 0.02992743 -0.00221604 0.00699997
v 0.02990549 -0.00249278 0.00000000
v 0.02992743 -0.00221604 0.00699997
v 0.02999997 -0.00000000 0.00000000
v 0.02999997 -0.00000000 0.00000000
v 0.02992743 -0.00221604 0.00699997
v 0.02999997 -0.00000000 0.00699997
v 0.02999997 -0.00000000 0.00000000
v 0.02999997 -0.00000000 0.00699997
v 0.02992743 0.00221604 0.00000000
v 0.02992743 0.00221604 0.00000000
v 0.02999997 -0.00000000 0.00699997
v 0.02990549 0.00249278 0.00699997
v 0.02992743 0.00221604 0.00000000
v 0.02990549 0.00249278 0.00699997
v 0.02953171 0.00533229 0.00000000
v 0.02953171 0.00533229 0.00000000
v 0.02990549 0.00249278 0.00699997
v 0.02948123 0.00560504 0.00699985
v 0.02953171 0.00533229 0.00000000
v 0.02948123 0.00560504 0.00699985
v 0.02897775 0.00776452 0.00000000
v 0.02897775 0.00776452 0.00000000
v 0.02948123 0.00560504 0.00699985
v 0.02897775 0.00776452 0.00699985
v 0.02897775 0.00776452 0.00000000
v 0.02897775 0.00776452 0.00699985
v 0.02833408 0.00988638 0.00000000
v 0.02833408 0.00988638 0.00000000
v 0.02897775 0.00776452 0.00699985
v 0.02824145 0.01014792 0.00699985
v 0.02833408 0.00988638 0.00000000
v 0.02824145 0.01014792 0.00699985
v 0.02740633 0.01220208 0.00000000
v 0.02740633 0.01220208 0.00000000
v 0.02824145 0.01014792 0.00699985
v 0.02702581 0.01304435 0.00699985
v 0.02740633 0.01220208 0.00000000
v 0.02702581 0.01304435 0.00699985
v 0.02643871 0.01419705 0.00000000
v 0.02643871 0.01419705 0.00000000
v 0.02702581 0.01304435 0.00699985
v 0.02551436 0.01579803 0.00699985
v 0.02643871 0.01419705 0.00000000
v 0.02551436 0.01579803 0.00699985
v 0.02480971 0.01688295 0.00000000
v 0.02480971 0.01688295 0.00000000
v 0.02551436 0.01579803 0.00699985
v 0.02372330 0.01837831 0.00699985
v 0.02480971 0.01688295 0.00000000
v 0.02372330 0.01837831 0.00699985
v 0.02290916 0.01938366 0.00000000
v 0.02290916 0.01938366 0.00000000
v 0.02372330 0.01837831 0.00699985
v 0.02167212 0.02075749 0.00699985
v 0.02290916 0.01938366 0.00000000
v 0.02167212 0.02075749 0.00699985
v 0.02075749 0.02167212 0.00000000
v 0.02075749 0.02167212 0.00000000
v 0.02167212 0.02075749 0.00699985
v 0.02007389 0.02229434 0.00699985
v 0.02075749 0.02167212 0.00000000
v 0.02007389 0.02229434 0.00699985
v 0.01837831 0.02372330 0.00000000
v 0.01837831 0.02372330 0.00000000
v 0.02007389 0.02229434 0.00699985
v 0.01815813 0.02389222 0.00699985
v 0.01837831 0.02372330 0.00000000
v 0.01815813 0.02389222 0.00699985
v 0.01579803 0.02551436 0.00000000
v 0.01579803 0.02551436 0.00000000
v 0.01815813 0.02389222 0.00699985
v 0.01556140 0.02565938 0.00699985
v 0.01579803 0.02551436 0.00000000
v 0.01556140 0.02565938 0.00699985
v 0.01361966 0.02673012 0.00000000
v 0.01361966 0.02673012 0.00000000
v 0.01556140 0.02565938 0.00699985
v 0.01279383 0.02714544 0.00699985
v 0.01361966 0.02673012 0.00000000
v 0.01279383 0.02714544 0.00699985
v 0.01161199 0.02767163 0.00000000
v 0.01161199 0.02767163 0.00000000
v 0.01279383 0.02714544 0.00699985
v 0.00988638 0.02833408 0.00699985
v 0.01161199 0.02767163 0.00000000
v 0.00988638 0.02833408 0.00699985
v 0.00865608 0.02873373 0.00000000
v 0.00865608 0.02873373 0.00000000
v 0.00988638 0.02833408 0.00699985
v 0.00776452 0.02897775 0.00699985
v 0.00865608 0.02873373 0.00000000
v 0.00776452 0.02897775 0.00699985
v 0.00560498 0.02948123 0.00000000
v 0.00560498 0.02948123 0.00000000
v 0.00776452 0.02897775 0.00699985
v 0.00533229 0.02953171 0.00699985
v 0.00560498 0.02948123 0.00000000
v 0.00533229 0.02953171 0.00699985
v 0.00249278 0.02990549 0.00000000
v 0.00249278 0.02990549 0.00000000
v 0.00533229 0.02953171 0.00699985
v 0.00221604 0.02992743 0.00699985
v 0.00249278 0.02990549 0.00000000
v 0.00221604 0.02992743 0.00699985
v 0.00000000 0.02999997 0.00000000
v 0.00000000 0.02999997 0.00000000
v 0.00221604 0.02992743 0.00699985
v 0.00000000 0.02999997 0.00699985
v 0.00000000 -0.02999997 0.00699997
v 0.00000000 -0.02999997 0.00000000
v -0.00221604 -0.02992743 0.00699997
v -0.00221604 -0.02992743 0.00699997
v 0.00000000 -0.02999997 0.00000000
v -0.00249278 -0.02990549 0.00000000
v -0.00221604 -0.02992743 0.00699997
v -0.00249278 -0.02990549 0.00000000
v -0.00533229 -0.02953171 0.00699997
v -0.00533229 -0.02953171 0.00699997
v -0.00249278 -0.02990549 0.00000000
v -0.00560498 -0.02948123 0.00000000
v -0.00533229 -0.02953171 0.00699997
v -0.00560498 -0.02948123 0.00000000
v -0.00776452 -0.02897775 0.00699997
v -0.00776452 -0.02897775 0.00699997
v -0.00560498 -0.02948123 0.00000000
v -0.00776452 -0.02897775 0.00000000
v -0.00776452 -0.02897775 0.00699997
v -0.00776452 -0.02897775 0.00000000
v -0.00988638 -0.02833408 0.00699997
v -0.00988638 -0.02833408 0.00699997
v -0.00776452 -0.02897775 0.00000000
v -0.01014792 -0.02824145 0.00000000
v -0.00988638 -0.02833408 0.00699997
v -0.01014792 -0.02824145 0.00000000
v -0.01220208 -0.02740633 0.00699997
v -0.01220208 -0.02740633 0.00699997
v -0.01014792 -0.02824145 0.00000000
v -0.01304435 -0.02702581 0.00000000
v -0.01220208 -0.02740633 0.00699997
v -0.01304435 -0.02702581 0.00000000
v -0.01419705 -0.02643871 0.00699997
v -0.01419705 -0.02643871 0.00699997
v -0.01304435 -0.02702581 0.00000000
v -0.01579803 -0.02551436 0.00000000
v -0.01419705 -0.02643871 0.00699997
v -0.01579803 -0.02551436 0.00000000
v -0.01688295 -0.02480971 0.00699997
v -0.01688295 -0.02480971 0.00699997
v -0.01579803 -0.02551436 0.00000000
v -0.01837831 -0.02372330 0.00000000
v -0.01688295 -0.02480971 0.00699997
v -0.01837831 -0.02372330 0.00000000
v -0.01938366 -0.02290916 0.00699997
v -0.01938366 -0.02290916 0.00699997
v -0.01837831 -0.02372330 0.00000000
v -0.02075749 -0.02167212 0.00000000
v -0.01938366 -0.02290916 0.00699997
v -0.02075749 -0.02167212 0.00000000
v -0.02167212 -0.02075749 0.00699997
v -0.02167212 -0.02075749 0.00699997
v -0.02075749 -0.02167212 0.00000000
v -0.02229434 -0.02007389 0.00000000
v -0.02167212 -0.02075749 0.00699997
v -0.02229434 -0.02007389 0.00000000
v -0.02372330 -0.01837831 0.00699997
v -0.02372330 -0.01837831 0.00699997
v -0.02229434 -0.02007389 0.00000000
v -0.02389222 -0.01815813 0.00000000
v -0.02372330 -0.01837831 0.00699997
v -0.02389222 -0.01815813 0.00000000
v -0.02551436 -0.01579803 0.00699997
v -0.02551436 -0.01579803 0.00699997
v -0.02389222 -0.01815813 0.00000000
v -0.02565938 -0.01556140 0.00000000
v -0.02551436 -0.01579803 0.00699997
v -0.02565938 -0.01556140 0.00000000
v -0.02673012 -0.01361966 0.00699997
v -0.02673012 -0.01361966 0.00699997
v -0.02565938 -0.01556140 0.00000000
v -0.02714544 -0.01279383 0.00000000
v -0.02673012 -0.01361966 0.00699997
v -0.02714544 -0.01279383 0.00000000
v -0.02767163 -0.01161199 0.00699997
v -0.02767163 -0.01161199 0.00699997
v -0.02714544 -0.01279383 0.00000000
v -0.02833408 -0.00988638 0.00000000
v -0.02767163 -0.01161199 0.00699997
v -0.02833408 -0.00988638 0.00000000
v -0.02873373 -0.00865608 0.00699997
v -0.02873373 -0.00865608 0.00699997
v -0.02833408 -0.00988638 0.00000000
v -0.02897775 -0.00776452 0.00000000
v -0.02873373 -0.00865608 0.00699997
v -0.02897775 -0.00776452 0.00000000
v -0.02948123 -0.00560498 0.00699997
v -0.02948123 -0.00560498 0.00699997
v -0.02897775 -0.00776452 0.00000000
v -0.02953171 -0.00533229 0.00000000
v -0.02948123 -0.00560498 0.00699997
v -0.02953171 -0.00533229 0.00000000
v -0.02990549 -0.00249267 0.00699997
v -0.02990549 -0.00249267 0.00699997
v -0.02953171 -0.00533229 0.00000000
v -0.02992743 -0.00221604 0.00000000
v -0.02990549 -0.00249267 0.00699997
v -0.02992743 -0.00221604 0.00000000
v -0.02999997 -0.00000000 0.00699997
v -0.02999997 -0.00000000 0.00699997
v -0.02992743 -0.00221604 0.00000000
v -0.02999997 -0.00000000 0.00000000
v -0.02999997 -0.00000000 0.00699997
v -0.02999997 -0.00000000 0.00000000
v -0.02992743 0.00221604 0.00699997
v -0.02992743 0.00221604 0.00699997
v -0.02999997 -0.00000000 0.00000000
v -0.02990549 0.00249278 0.00000000
v -0.02992743 0.00221604 0.00699997
v -0.02990549 0.00249278 0.00000000
v -0.02953171 0.00533229 0.00699985
v -0.02953171 0.00533229 0.00699985
v -0.02990549 0.00249278 0.00000000
v -0.02948123 0.00560498 0.00000000
v -0.02953171 0.00533229 0.00699985
v -0.02948123 0.00560498 0.00000000
v -0.02897775 0.00776452 0.00699985
v -0.02897775 0.00776452 0.00699985
v -0.02948123 0.00560498 0.00000000
v -0.02897775 0.00776452 0.00000000
v -0.02897775 0.00776452 0.00699985
v -0.02897775 0.00776452 0.00000000
v -0.02833408 0.00988638 0.00699985
v -0.02833408 0.00988638 0.00699985
v -0.02897775 0.00776452 0.00000000
v -0.02824145 0.01014792 0.00000000
v -0.02833408 0.00988638 0.00699985
v -0.02824145 0.01014792 0.00000000
v -0.02740633 0.01220208 0.00699985
v -0.02740633 0.01220208 0.00699985
v -0.02824145 0.01014792 0.00000000
v -0.02702581 0.01304435 0.00000000
v -0.02740633 0.01220208 0.00699985
v -0.02702581 0.01304435 0.00000000
v -0.02643871 0.01419705 0.00699985
v -0.02643871 0.01419705 0.00699985
v -0.02702581 0.01304435 0.00000000
v -0.02551436 0.01579803 0.00000000
v -0.02643871 0.01419705 0.00699985
v -0.02551436 0.01579803 0.00000000
v -0.02480971 0.01688295 0.00699985
v -0.02480971 0.01688295 0.00699985
v -0.02551436 0.01579803 0.00000000
v -0.02372330 0.01837831 0.00000000
v -0.02480971 0.01688295 0.00699985
v -0.02372330 0.01837831 0.00000000
v -0.02290916 0.01938366 0.00699985
v -0.02290916 0.01938366 0.00699985
v -0.02372330 0.01837831 0.00000000
v -0.02167212 0.02075749 0.00000000
v -0.02290916 0.01938366 0.00699985
v -0.02167212 0.02075749 0.00000000
v -0.02075749 0.02167212 0.00699985
v -0.02075749 0.02167212 0.00699985
v -0.02167212 0.02075749 0.00000000
v -0.02007389 0.02229434 0.00000000
v -0.02075749 0.02167212 0.00699985
v -0.02007389 0.02229434 0.00000000
v -0.01837831 0.02372330 0.00699985
v -0.01837831 0.02372330 0.00699985
v -0.02007389 0.02229434 0.00000000
v -0.01815813 0.02389222 0.00000000
v -0.01837831 0.02372330 0.00699985
v -0.01815813 0.02389222 0.00000000
v -0.01579803 0.02551436 0.00699985
v -0.01579803 0.02551436 0.00699985
v -0.01815813 0.02389222 0.00000000
v -0.01556140 0.02565938 0.00000000
v -0.01579803 0.02551436 0.00699985
v -0.01556140 0.02565938 0.00000000
v -0.01361966 0.02673012 0.00699985
v -0.01361966 0.02673012 0.00699985
v -0.01556140 0.02565938 0.00000000
v -0.01279383 0.02714544 0.00000000
v -0.01361966 0.02673012 0.00699985
v -0.01279383 0.02714544 0.00000000
v -0.01161199 0.02767163 0.00699985
v -0.01161199 0.02767163 0.00699985
v -0.01279383 0.02714544 0.00000000
v -0.00988638 0.02833408 0.00000000
v -0.01161199 0.02767163 0.00699985
v -0.00988638 0.02833408 0.00000000
v -0.00865608 0.02873373 0.00699985
v -0.00865608 0.02873373 0.00699985
v -0.00988638 0.02833408 0.00000000
v -0.00776452 0.02897775 0.00000000
v -0.00865608 0.02873373 0.00699985
v -0.00776452 0.02897775 0.00000000
v -0.00560498 0.02948123 0.00699985
v -0.00560498 0.02948123 0.00699985
v -0.00776452 0.02897775 0.00000000
v -0.00533229 0.02953171 0.00000000
v -0.00560498 0.02948123 0.00699985
v -0.00533229 0.02953171 0.00000000
v -0.00249278 0.02990549 0.00699985
v -0.00249278 0.02990549 0.00699985
v -0.00533229 0.02953171 0.00000000
v -0.00221604 0.02992743 0.00000000
v -0.00249278 0.02990549 0.00699985
v -0.00221604 0.02992743 0.00000000
v 0.00000000 0.02999997 0.00699985
v 0.00000000 0.02999997 0.00699985
v -0.00221604 0.02992743 0.00000000
v 0.00000000 0.02999997 0.00000000
v -0.00787395 0.03049999 0.00000000
v -0.00221604 0.02992743 0.00000000
v -0.00533229 0.02953171 0.00000000
v 0.00249278 0.02990549 0.00000000
v 0.00787395 0.03049999 0.00000000
v 0.00560498 0.02948123 0.00000000
v 0.00787395 0.03049999 0.00000000
v 0.00249278 0.02990549 0.00000000
v 0.00000000 0.02999997 0.00000000
v 0.00787395 0.03049999 0.00000000
v 0.00000000 0.02999997 0.00000000
v -0.00787395 0.03049999 0.00000000
v -0.00787395 0.03049999 0.00000000
v 0.00000000 0.02999997 0.00000000
v -0.00221604 0.02992743 0.00000000
v 0.00221604 -0.02992743 0.00000000
v 0.00559008 -0.03099983 0.00000000
v 0.00000000 -0.02999997 0.00000000
v 0.00000000 -0.02999997 0.00000000
v 0.00559008 -0.03099983 0.00000000
v -0.00559008 -0.03099983 0.00000000
v 0.00000000 -0.02999997 0.00000000
v -0.00559008 -0.03099983 0.00000000
v -0.00249278 -0.02990549 0.00000000
v -0.00787395 0.03049999 0.00000000
v -0.00533229 0.02953171 0.00000000
v -0.00776452 0.02897775 0.00000000
v -0.00787395 0.03049999 0.00000000
v -0.00776452 0.02897775 0.00000000
v -0.00945240 0.03004831 0.00000000
v -0.00945240 0.03004831 0.00000000
v -0.00776452 0.02897775 0.00000000
v -0.00988638 0.02833408 0.00000000
v -0.00945240 0.03004831 0.00000000
v -0.00988638 0.02833408 0.00000000
v -0.01100516 0.02951484 0.00000000
v -0.01100516 0.02951484 0.00000000
v -0.00988638 0.02833408 0.00000000
v -0.01252800 0.02890139 0.00000000
v -0.01252800 0.02890139 0.00000000
v -0.00988638 0.02833408 0.00000000
v -0.01279383 0.02714544 0.00000000
v -0.01252800 0.02890139 0.00000000
v -0.01279383 0.02714544 0.00000000
v -0.01401668 0.02820938 0.00000000
v -0.01401668 0.02820938 0.00000000
v -0.01279383 0.02714544 0.00000000
v -0.01546752 0.02744090 0.00000000
v -0.01546752 0.02744090 0.00000000
v -0.01279383 0.02714544 0.00000000
v -0.01556140 0.02565938 0.00000000
v -0.01546752 0.02744090 0.00000000
v -0.01556140 0.02565938 0.00000000
v -0.01687628 0.02659761 0.00000000
v -0.01687628 0.02659761 0.00000000
v -0.01556140 0.02565938 0.00000000
v -0.01823914 0.02568233 0.00000000
v -0.01823914 0.02568233 0.00000000
v -0.01556140 0.02565938 0.00000000
v -0.01815813 0.02389222 0.00000000
v -0.01823914 0.02568233 0.00000000
v -0.01815813 0.02389222 0.00000000
v -0.01955235 0.02469712 0.00000000
v -0.01955235 0.02469712 0.00000000
v -0.01815813 0.02389222 0.00000000
v -0.02081269 0.02364486 0.00000000
v -0.02081269 0.02364486 0.00000000
v -0.01815813 0.02389222 0.00000000
v -0.02007389 0.02229434 0.00000000
v -0.02081269 0.02364486 0.00000000
v -0.02007389 0.02229434 0.00000000
v -0.02201622 0.02252835 0.00000000
v -0.02201622 0.02252835 0.00000000
v -0.02007389 0.02229434 0.00000000
v -0.02167212 0.02075749 0.00000000
v -0.02201622 0.02252835 0.00000000
v -0.02167212 0.02075749 0.00000000
v -0.02316009 0.02135068 0.00000000
v -0.02316009 0.02135068 0.00000000
v -0.02167212 0.02075749 0.00000000
v -0.02424108 0.02011483 0.00000000
v -0.02424108 0.02011483 0.00000000
v -0.02167212 0.02075749 0.00000000
v -0.02372330 0.01837831 0.00000000
v -0.02424108 0.02011483 0.00000000
v -0.02372330 0.01837831 0.00000000
v -0.02525627 0.01882451 0.00000000
v -0.02525627 0.01882451 0.00000000
v -0.02372330 0.01837831 0.00000000
v -0.02620267 0.01748317 0.00000000
v -0.02620267 0.01748317 0.00000000
v -0.02372330 0.01837831 0.00000000
v -0.02551436 0.01579803 0.00000000
v -0.02620267 0.01748317 0.00000000
v -0.02551436 0.01579803 0.00000000
v -0.02707809 0.01609408 0.00000000
v -0.02707809 0.01609408 0.00000000
v -0.02551436 0.01579803 0.00000000
v -0.02787989 0.01466149 0.00000000
v -0.02787989 0.01466149 0.00000000
v -0.02551436 0.01579803 0.00000000
v -0.02702581 0.01304435 0.00000000
v -0.02787989 0.01466149 0.00000000
v -0.02702581 0.01304435 0.00000000
v -0.02860581 0.01318889 0.00000000
v -0.02860581 0.01318889 0.00000000
v -0.02702581 0.01304435 0.00000000
v -0.02925413 0.01168066 0.00000000
v -0.02925413 0.01168066 0.00000000
v -0.02702581 0.01304435 0.00000000
v -0.02824145 0.01014792 0.00000000
v -0.02925413 0.01168066 0.00000000
v -0.02824145 0.01014792 0.00000000
v -0.02982306 0.01014047 0.00000000
v -0.02982306 0.01014047 0.00000000
v -0.02824145 0.01014792 0.00000000
v -0.03031080 0.00857294 0.00000000
v -0.03031080 0.00857294 0.00000000
v -0.02824145 0.01014792 0.00000000
v -0.02897775 0.00776452 0.00000000
v -0.03031080 0.00857294 0.00000000
v -0.02897775 0.00776452 0.00000000
v -0.03071630 0.00698203 0.00000000
v -0.03071630 0.00698203 0.00000000
v -0.02897775 0.00776452 0.00000000
v -0.02948123 0.00560498 0.00000000
v -0.03071630 0.00698203 0.00000000
v -0.02948123 0.00560498 0.00000000
v -0.03103846 0.00537211 0.00000000
v -0.03103846 0.00537211 0.00000000
v -0.02948123 0.00560498 0.00000000
v -0.03127610 0.00374764 0.00000000
v -0.03127610 0.00374764 0.00000000
v -0.02948123 0.00560498 0.00000000
v -0.02990549 0.00249278 0.00000000
v -0.03127610 0.00374764 0.00000000
v -0.02990549 0.00249278 0.00000000
v -0.03142899 0.00211304 0.00000000
v -0.03142899 0.00211304 0.00000000
v -0.02990549 0.00249278 0.00000000
v -0.03149640 0.00047271 0.00000000
v -0.03149640 0.00047271 0.00000000
v -0.02990549 0.00249278 0.00000000
v -0.02999997 -0.00000000 0.00000000
v -0.03149640 0.00047271 0.00000000
v -0.02999997 -0.00000000 0.00000000
v -0.03147816 -0.00116885 0.00000000
v -0.03147816 -0.00116885 0.00000000
v -0.02999997 -0.00000000 0.00000000
v -0.02992743 -0.00221604 0.00000000
v -0.03147816 -0.00116885 0.00000000
v -0.02992743 -0.00221604 0.00000000
v -0.03137463 -0.00280744 0.00000000
v -0.03137463 -0.00280744 0.00000000
v -0.02992743 -0.00221604 0.00000000
v -0.03118574 -0.00443828 0.00000000
v -0.03118574 -0.00443828 0.00000000
v -0.02992743 -0.00221604 0.00000000
v -0.02953171 -0.00533229 0.00000000
v -0.03118574 -0.00443828 0.00000000
v -0.02953171 -0.00533229 0.00000000
v -0.03091210 -0.00605714 0.00000000
v -0.03091210 -0.00605714 0.00000000
v -0.02953171 -0.00533229 0.00000000
v -0.03055453 -0.00765943 0.00000000
v -0.03055453 -0.00765943 0.00000000
v -0.02953171 -0.00533229 0.00000000
v -0.02897775 -0.00776452 0.00000000
v -0.03055453 -0.00765943 0.00000000
v -0.02897775 -0.00776452 0.00000000
v -0.03011399 -0.00924104 0.00000000
v -0.03011399 -0.00924104 0.00000000
v -0.02897775 -0.00776452 0.00000000
v -0.02833408 -0.00988638 0.00000000
v -0.03011399 -0.00924104 0.00000000
v -0.02833408 -0.00988638 0.00000000
v -0.02959156 -0.01079750 0.00000000
v -0.02959156 -0.01079750 0.00000000
v -0.02833408 -0.00988638 0.00000000
v -0.02898871 -0.01232457 0.00000000
v -0.02898871 -0.01232457 0.00000000
v -0.02833408 -0.00988638 0.00000000
v -0.02714544 -0.01279383 0.00000000
v -0.02898871 -0.01232457 0.00000000
v -0.02714544 -0.01279383 0.00000000
v -0.02830719 -0.01381826 0.00000000
v -0.02830719 -0.01381826 0.00000000
v -0.02714544 -0.01279383 0.00000000
v -0.02754878 -0.01527422 0.00000000
v -0.02754878 -0.01527422 0.00000000
v -0.02714544 -0.01279383 0.00000000
v -0.02565938 -0.01556140 0.00000000
v -0.02754878 -0.01527422 0.00000000
v -0.02565938 -0.01556140 0.00000000
v -0.02671563 -0.01668894 0.00000000
v -0.02671563 -0.01668894 0.00000000
v -0.02565938 -0.01556140 0.00000000
v -0.02580982 -0.01805824 0.00000000
v -0.02580982 -0.01805824 0.00000000
v -0.02565938 -0.01556140 0.00000000
v -0.02389222 -0.01815813 0.00000000
v -0.02580982 -0.01805824 0.00000000
v -0.02389222 -0.01815813 0.00000000
v -0.02483379 -0.01937842 0.00000000
v -0.02483379 -0.01937842 0.00000000
v -0.02389222 -0.01815813 0.00000000
v -0.02379041 -0.02064603 0.00000000
v -0.02379041 -0.02064603 0.00000000
v -0.02389222 -0.01815813 0.00000000
v -0.02229434 -0.02007389 0.00000000
v -0.02379041 -0.02064603 0.00000000
v -0.02229434 -0.02007389 0.00000000
v -0.02268242 -0.02185750 0.00000000
v -0.02268242 -0.02185750 0.00000000
v -0.02229434 -0.02007389 0.00000000
v -0.02075749 -0.02167212 0.00000000
v -0.02268242 -0.02185750 0.00000000
v -0.02075749 -0.02167212 0.00000000
v -0.02151286 -0.02300953 0.00000000
v -0.02151286 -0.02300953 0.00000000
v -0.02075749 -0.02167212 0.00000000
v -0.02028483 -0.02409923 0.00000000
v -0.02028483 -0.02409923 0.00000000
v -0.02075749 -0.02167212 0.00000000
v -0.01837831 -0.02372330 0.00000000
v -0.02028483 -0.02409923 0.00000000
v -0.01837831 -0.02372330 0.00000000
v -0.01900166 -0.02512329 0.00000000
v -0.01900166 -0.02512329 0.00000000
v -0.01837831 -0.02372330 0.00000000
v -0.01766687 -0.02607917 0.00000000
v -0.01766687 -0.02607917 0.00000000
v -0.01837831 -0.02372330 0.00000000
v -0.01579803 -0.02551436 0.00000000
v -0.01766687 -0.02607917 0.00000000
v -0.01579803 -0.02551436 0.00000000
v -0.01628392 -0.02696430 0.00000000
v -0.01628392 -0.02696430 0.00000000
v -0.01579803 -0.02551436 0.00000000
v -0.01485705 -0.02777618 0.00000000
v -0.01485705 -0.02777618 0.00000000
v -0.01579803 -0.02551436 0.00000000
v -0.01304435 -0.02702581 0.00000000
v -0.01485705 -0.02777618 0.00000000
v -0.01304435 -0.02702581 0.00000000
v -0.01338952 -0.02851241 0.00000000
v -0.01338952 -0.02851241 0.00000000
v -0.01304435 -0.02702581 0.00000000
v -0.01188594 -0.02917134 0.00000000
v -0.01188594 -0.02917134 0.00000000
v -0.01304435 -0.02702581 0.00000000
v -0.01014792 -0.02824145 0.00000000
v -0.01188594 -0.02917134 0.00000000
v -0.01014792 -0.02824145 0.00000000
v -0.01034981 -0.02975112 0.00000000
v -0.01034981 -0.02975112 0.00000000
v -0.01014792 -0.02824145 0.00000000
v -0.00878572 -0.03024995 0.00000000
v -0.00878572 -0.03024995 0.00000000
v -0.01014792 -0.02824145 0.00000000
v -0.00776452 -0.02897775 0.00000000
v -0.00878572 -0.03024995 0.00000000
v -0.00776452 -0.02897775 0.00000000
v -0.00719768 -0.03066653 0.00000000
v -0.00719768 -0.03066653 0.00000000
v -0.00776452 -0.02897775 0.00000000
v -0.00560498 -0.02948123 0.00000000
v -0.00719768 -0.03066653 0.00000000
v -0.00560498 -0.02948123 0.00000000
v -0.00559008 -0.03099983 0.00000000
v -0.00559008 -0.03099983 0.00000000
v -0.00560498 -0.02948123 0.00000000
v -0.00249278 -0.02990549 0.00000000
v 0.00559008 -0.03099983 0.00000000
v 0.00221604 -0.02992743 0.00000000
v 0.00533229 -0.02953171 0.00000000
v 0.00559008 -0.03099983 0.00000000
v 0.00533229 -0.02953171 0.00000000
v 0.00719768 -0.03066653 0.00000000
v 0.00719768 -0.03066653 0.00000000
v 0.00533229 -0.02953171 0.00000000
v 0.00878572 -0.03024995 0.00000000
v 0.00878572 -0.03024995 0.00000000
v 0.00533229 -0.02953171 0.00000000
v 0.00776452 -0.02897775 0.00000000
v 0.00878572 -0.03024995 0.00000000
v 0.00776452 -0.02897775 0.00000000
v 0.01034981 -0.02975112 0.00000000
v 0.01034981 -0.02975112 0.00000000
v 0.00776452 -0.02897775 0.00000000
v 0.00988638 -0.02833408 0.00000000
v 0.01034981 -0.02975112 0.00000000
v 0.00988638 -0.02833408 0.00000000
v 0.01188594 -0.02917134 0.00000000
v 0.01188594 -0.02917134 0.00000000
v 0.00988638 -0.02833408 0.00000000
v 0.01338952 -0.02851241 0.00000000
v 0.01338952 -0.02851241 0.00000000
v 0.00988638 -0.02833408 0.00000000
v 0.01220208 -0.02740633 0.00000000
v 0.01338952 -0.02851241 0.00000000
v 0.01220208 -0.02740633 0.00000000
v 0.01485705 -0.02777618 0.00000000
v 0.01485705 -0.02777618 0.00000000
v 0.01220208 -0.02740633 0.00000000
v 0.01419705 -0.02643871 0.00000000
v 0.01485705 -0.02777618 0.00000000
v 0.01419705 -0.02643871 0.00000000
v 0.01628392 -0.02696430 0.00000000
v 0.01628392 -0.02696430 0.00000000
v 0.01419705 -0.02643871 0.00000000
v 0.01766687 -0.02607917 0.00000000
v 0.01766687 -0.02607917 0.00000000
v 0.01419705 -0.02643871 0.00000000
v 0.01688295 -0.02480971 0.00000000
v 0.01766687 -0.02607917 0.00000000
v 0.01688295 -0.02480971 0.00000000
v 0.01900166 -0.02512329 0.00000000
v 0.01900166 -0.02512329 0.00000000
v 0.01688295 -0.02480971 0.00000000
v 0.02028483 -0.02409923 0.00000000
v 0.02028483 -0.02409923 0.00000000
v 0.01688295 -0.02480971 0.00000000
v 0.01938366 -0.02290916 0.00000000
v 0.02028483 -0.02409923 0.00000000
v 0.01938366 -0.02290916 0.00000000
v 0.02151286 -0.02300953 0.00000000
v 0.02151286 -0.02300953 0.00000000
v 0.01938366 -0.02290916 0.00000000
v 0.02268242 -0.02185750 0.00000000
v 0.02268242 -0.02185750 0.00000000
v 0.01938366 -0.02290916 0.00000000
v 0.02167212 -0.02075749 0.00000000
v 0.02268242 -0.02185750 0.00000000
v 0.02167212 -0.02075749 0.00000000
v 0.02379041 -0.02064603 0.00000000
v 0.02379041 -0.02064603 0.00000000
v 0.02167212 -0.02075749 0.00000000
v 0.02483379 -0.01937842 0.00000000
v 0.02483379 -0.01937842 0.00000000
v 0.02167212 -0.02075749 0.00000000
v 0.02372330 -0.01837831 0.00000000
v 0.02483379 -0.01937842 0.00000000
v 0.02372330 -0.01837831 0.00000000
v 0.02580982 -0.01805824 0.00000000
v 0.02580982 -0.01805824 0.00000000
v 0.02372330 -0.01837831 0.00000000
v 0.02671563 -0.01668894 0.00000000
v 0.02671563 -0.01668894 0.00000000
v 0.02372330 -0.01837831 0.00000000
v 0.02551436 -0.01579803 0.00000000
v 0.02671563 -0.01668894 0.00000000
v 0.02551436 -0.01579803 0.00000000
v 0.02754878 -0.01527422 0.00000000
v 0.02754878 -0.01527422 0.00000000
v 0.02551436 -0.01579803 0.00000000
v 0.02830719 -0.01381826 0.00000000
v 0.02830719 -0.01381826 0.00000000
v 0.02551436 -0.01579803 0.00000000
v 0.02673012 -0.01361966 0.00000000
v 0.02830719 -0.01381826 0.00000000
v 0.02673012 -0.01361966 0.00000000
v 0.02898871 -0.01232457 0.00000000
v 0.02898871 -0.01232457 0.00000000
v 0.02673012 -0.01361966 0.00000000
v 0.02767163 -0.01161199 0.00000000
v 0.02898871 -0.01232457 0.00000000
v 0.02767163 -0.01161199 0.00000000
v 0.02959156 -0.01079750 0.00000000
v 0.02959156 -0.01079750 0.00000000
v 0.02767163 -0.01161199 0.00000000
v 0.03011399 -0.00924104 0.00000000
v 0.03011399 -0.00924104 0.00000000
v 0.02767163 -0.01161199 0.00000000
v 0.02873373 -0.00865608 0.00000000
v 0.03011399 -0.00924104 0.00000000
v 0.02873373 -0.00865608 0.00000000
v 0.03055453 -0.00765943 0.00000000
v 0.03055453 -0.00765943 0.00000000
v 0.02873373 -0.00865608 0.00000000
v 0.03091210 -0.00605714 0.00000000
v 0.03091210 -0.00605714 0.00000000
v 0.02873373 -0.00865608 0.00000000
v 0.02948123 -0.00560498 0.00000000
v 0.03091210 -0.00605714 0.00000000
v 0.02948123 -0.00560498 0.00000000
v 0.03118574 -0.00443828 0.00000000
v 0.03118574 -0.00443828 0.00000000
v 0.02948123 -0.00560498 0.00000000
v 0.03137463 -0.00280744 0.00000000
v 0.03137463 -0.00280744 0.00000000
v 0.02948123 -0.00560498 0.00000000
v 0.02990549 -0.00249278 0.00000000
v 0.03137463 -0.00280744 0.00000000
v 0.02990549 -0.00249278 0.00000000
v 0.03147816 -0.00116885 0.00000000
v 0.03147816 -0.00116885 0.00000000
v 0.02990549 -0.00249278 0.00000000
v 0.03149640 0.00047271 0.00000000
v 0.03149640 0.00047271 0.00000000
v 0.02990549 -0.00249278 0.00000000
v 0.02999997 -0.00000000 0.00000000
v 0.03149640 0.00047271 0.00000000
v 0.02999997 -0.00000000 0.00000000
v 0.03142899 0.00211304 0.00000000
v 0.03142899 0.00211304 0.00000000
v 0.02999997 -0.00000000 0.00000000
v 0.02992743 0.00221604 0.00000000
v 0.03142899 0.00211304 0.00000000
v 0.02992743 0.00221604 0.00000000
v 0.03127610 0.00374764 0.00000000
v 0.03127610 0.00374764 0.00000000
v 0.02992743 0.00221604 0.00000000
v 0.03103846 0.00537211 0.00000000
v 0.03103846 0.00537211 0.00000000
v 0.02992743 0.00221604 0.00000000
v 0.02953171 0.00533229 0.00000000
v 0.03103846 0.00537211 0.00000000
v 0.02953171 0.00533229 0.00000000
v 0.03071630 0.00698203 0.00000000
v 0.03071630 0.00698203 0.00000000
v 0.02953171 0.00533229 0.00000000
v 0.03031080 0.00857294 0.00000000
v 0.03031080 0.00857294 0.00000000
v 0.02953171 0.00533229 0.00000000
v 0.02897775 0.00776452 0.00000000
v 0.03031080 0.00857294 0.00000000
v 0.02897775 0.00776452 0.00000000
v 0.02982306 0.01014047 0.00000000
v 0.02982306 0.01014047 0.00000000
v 0.02897775 0.00776452 0.00000000
v 0.02833408 0.00988638 0.00000000
v 0.02982306 0.01014047 0.00000000
v 0.02833408 0.00988638 0.00000000
v 0.02925413 0.01168066 0.00000000
v 0.02925413 0.01168066 0.00000000
v 0.02833408 0.00988638 0.00000000
v 0.02860581 0.01318889 0.00000000
v 0.02860581 0.01318889 0.00000000
v 0.02833408 0.00988638 0.00000000
v 0.02740633 0.01220208 0.00000000
v 0.02860581 0.01318889 0.00000000
v 0.02740633 0.01220208 0.00000000
v 0.02787989 0.01466149 0.00000000
v 0.02787989 0.01466149 0.00000000
v 0.02740633 0.01220208 0.00000000
v 0.02643871 0.01419705 0.00000000
v 0.02787989 0.01466149 0.00000000
v 0.02643871 0.01419705 0.00000000
v 0.02707809 0.01609408 0.00000000
v 0.02707809 0.01609408 0.00000000
v 0.02643871 0.01419705 0.00000000
v 0.02620267 0.01748317 0.00000000
v 0.02620267 0.01748317 0.00000000
v 0.02643871 0.01419705 0.00000000
v 0.02480971 0.01688295 0.00000000
v 0.02620267 0.01748317 0.00000000
v 0.02480971 0.01688295 0.00000000
v 0.02525627 0.01882451 0.00000000
v 0.02525627 0.01882451 0.00000000
v 0.02480971 0.01688295 0.00000000
v 0.02424108 0.02011483 0.00000000
v 0.02424108 0.02011483 0.00000000
v 0.02480971 0.01688295 0.00000000
v 0.02290916 0.01938366 0.00000000
v 0.02424108 0.02011483 0.00000000
v 0.02290916 0.01938366 0.00000000
v 0.02316009 0.02135068 0.00000000
v 0.02316009 0.02135068 0.00000000
v 0.02290916 0.01938366 0.00000000
v 0.02201622 0.02252835 0.00000000
v 0.02201622 0.02252835 0.00000000
v 0.02290916 0.01938366 0.00000000
v 0.02075749 0.02167212 0.00000000
v 0.02201622 0.02252835 0.00000000
v 0.02075749 0.02167212 0.00000000
v 0.02081269 0.02364486 0.00000000
v 0.02081269 0.02364486 0.00000000
v 0.02075749 0.02167212 0.00000000
v 0.01955235 0.02469712 0.00000000
v 0.01955235 0.02469712 0.00000000
v 0.02075749 0.02167212 0.00000000
v 0.01837831 0.02372330 0.00000000
v 0.01955235 0.02469712 0.00000000
v 0.01837831 0.02372330 0.00000000
v 0.01823914 0.02568233 0.00000000
v 0.01823914 0.02568233 0.00000000
v 0.01837831 0.02372330 0.00000000
v 0.01687628 0.02659761 0.00000000
v 0.01687628 0.02659761 0.00000000
v 0.01837831 0.02372330 0.00000000
v 0.01579803 0.02551436 0.00000000
v 0.01687628 0.02659761 0.00000000
v 0.01579803 0.02551436 0.00000000
v 0.01546752 0.02744090 0.00000000
v 0.01546752 0.02744090 0.00000000
v 0.01579803 0.02551436 0.00000000
v 0.01401668 0.02820938 0.00000000
v 0.01401668 0.02820938 0.00000000
v 0.01579803 0.02551436 0.00000000
v 0.01361966 0.02673012 0.00000000
v 0.01401668 0.02820938 0.00000000
v 0.01361966 0.02673012 0.00000000
v 0.01252800 0.02890139 0.00000000
v 0.01252800 0.02890139 0.00000000
v 0.01361966 0.02673012 0.00000000
v 0.01161199 0.02767163 0.00000000
v 0.01252800 0.02890139 0.00000000
v 0.01161199 0.02767163 0.00000000
v 0.01100516 0.02951484 0.00000000
v 0.01100516 0.02951484 0.00000000
v 0.01161199 0.02767163 0.00000000
v 0.00945240 0.03004831 0.00000000
v 0.00945240 0.03004831 0.00000000
v 0.01161199 0.02767163 0.00000000
v 0.00865608 0.02873373 0.00000000
v 0.00945240 0.03004831 0.00000000
v 0.00865608 0.02873373 0.00000000
v 0.00787395 0.03049999 0.00000000
v 0.00787395 0.03049999 0.00000000
v 0.00865608 0.02873373 0.00000000
v 0.00560498 0.02948123 0.00000000
v 0.02136039 0.03049796 0.06749945
v 0.02180135 0.03048050 0.00999993
v 0.01259946 0.03049999 0.00999993
v 0.00787395 0.03049999 0.00000000
v -0.00787395 0.03049999 0.00000000
v 0.00787395 0.03049999 0.00399983
v 0.00787395 0.03049999 0.00399983
v -0.00787395 0.03049999 0.00000000
v -0.00787395 0.03049999 0.00399983
v 0.01259946 0.03049999 0.00399983
v 0.00787395 0.03049999 0.00399983
v 0.01259946 0.03049999 0.00999993
v 0.01259946 0.03049999 0.00999993
v 0.00787395 0.03049999 0.00399983
v -0.00787395 0.03049999 0.00399983
v 0.01259946 0.03049999 0.00999993
v -0.00787395 0.03049999 0.00399983
v 0.02136039 0.03049796 0.06749945
v 0.02136039 0.03049796 0.06749945
v -0.00787395 0.03049999 0.00399983
v -0.01259946 0.03049999 0.00399983
v 0.02136039 0.03049796 0.06749945
v -0.01259946 0.03049999 0.00399983
v -0.01259946 0.03049999 0.00999993
v -0.01259946 0.03049999 0.00999993
v -0.02174848 0.03048533 0.00999993
v 0.02136039 0.03049796 0.06749945
v 0.02136039 0.03049796 0.06749945
v -0.02174848 0.03048533 0.00999993
v -0.02132982 0.03049963 0.06748241
v 0.02846467 0.03049999 0.07299137
v 0.02688688 0.03049999 0.07154691
v -0.02132982 0.03049963 0.06748241
v 0.01856994 0.03049999 0.13906910
v -0.02132982 0.03049963 0.06748241
v 0.01465725 0.03049999 0.14080539
v 0.01856994 0.03049999 0.13906910
v 0.02228027 0.03049999 0.13693450
v -0.02132982 0.03049963 0.06748241
v -0.02132982 0.03049963 0.06748241
v 0.02228027 0.03049999 0.13693450
v 0.02574777 0.03049999 0.13442481
v -0.02132982 0.03049963 0.06748241
v 0.04094785 0.03049999 0.10482690
v 0.04096734 0.03049999 0.10054630
v -0.00636816 0.03049999 0.14301629
v -0.00212812 0.03049999 0.14345840
v -0.02132982 0.03049963 0.06748241
v 0.02688688 0.03049999 0.07154691
v 0.02523589 0.03049999 0.07018667
v -0.02132982 0.03049963 0.06748241
v -0.02132982 0.03049963 0.06748241
v 0.02523589 0.03049999 0.07018667
v 0.02351605 0.03049999 0.06891447
v -0.02132982 0.03049963 0.06748241
v 0.02351605 0.03049999 0.06891447
v 0.02136039 0.03049796 0.06749945
v -0.02132982 0.03049963 0.06748241
v 0.02574777 0.03049999 0.13442481
v 0.02893513 0.03049999 0.13156711
v 0.02893513 0.03049999 0.13156711
v 0.03180706 0.03049999 0.12839310
v -0.02132982 0.03049963 0.06748241
v -0.02132982 0.03049963 0.06748241
v 0.03180706 0.03049999 0.12839310
v 0.03433257 0.03049999 0.12493690
v -0.02132982 0.03049963 0.06748241
v 0.03957581 0.03049999 0.11326550
v 0.04048228 0.03049999 0.10908210
v -0.02132982 0.03049963 0.06748241
v -0.00212812 0.03049999 0.14345840
v 0.00214034 0.03049999 0.14345799
v -0.02132982 0.03049963 0.06748241
v 0.03433257 0.03049999 0.12493690
v 0.03648406 0.03049999 0.12123640
v -0.02132982 0.03049963 0.06748241
v 0.04048228 0.03049999 0.10908210
v 0.04094785 0.03049999 0.10482690
v -0.03174483 0.03049999 0.12846880
v -0.03082418 0.03049999 0.07544642
v -0.03336149 0.03049999 0.07864969
v -0.03174483 0.03049999 0.12846880
v -0.03336149 0.03049999 0.07864969
v -0.03427320 0.03049999 0.12502681
v 0.00214034 0.03049999 0.14345799
v 0.00639725 0.03049999 0.14301190
v -0.02132982 0.03049963 0.06748241
v -0.02132982 0.03049963 0.06748241
v 0.00639725 0.03049999 0.14301190
v 0.01058530 0.03049999 0.14212440
v 0.04096734 0.03049999 0.10054630
v 0.04054051 0.03049999 0.09628719
v -0.02132982 0.03049963 0.06748241
v -0.02132982 0.03049963 0.06748241
v 0.04054051 0.03049999 0.09628719
v 0.03967213 0.03049999 0.09209567
v 0.03967213 0.03049999 0.09209567
v 0.03837180 0.03049999 0.08801746
v -0.02132982 0.03049963 0.06748241
v -0.02132982 0.03049963 0.06748241
v 0.03837180 0.03049999 0.08801746
v 0.03665328 0.03049999 0.08409696
v 0.03648406 0.03049999 0.12123640
v 0.03823810 0.03049999 0.11733170
v -0.02132982 0.03049963 0.06748241
v -0.02132982 0.03049963 0.06748241
v 0.03823810 0.03049999 0.11733170
v 0.03957581 0.03049999 0.11326550
v -0.03174483 0.03049999 0.12846880
v -0.02132982 0.03049963 0.06748241
v -0.02351605 0.03049999 0.06891447
v -0.03174483 0.03049999 0.12846880
v -0.02351605 0.03049999 0.06891447
v -0.02523589 0.03049999 0.07018667
v -0.03511303 0.03049999 0.08133250
v -0.03616935 0.03049999 0.08319270
v -0.04097419 0.03049999 0.10071050
v -0.02132982 0.03049963 0.06748241
v -0.02222228 0.03049999 0.13697170
v -0.01851701 0.03049999 0.13909569
v -0.01461124 0.03049999 0.14082280
v -0.01054710 0.03049999 0.14213440
v -0.02132982 0.03049963 0.06748241
v -0.02132982 0.03049963 0.06748241
v -0.01054710 0.03049999 0.14213440
v -0.00636816 0.03049999 0.14301629
v -0.02132982 0.03049963 0.06748241
v 0.01058530 0.03049999 0.14212440
v 0.01465725 0.03049999 0.14080539
v 0.03665328 0.03049999 0.08409696
v 0.03453552 0.03049999 0.08037698
v -0.02132982 0.03049963 0.06748241
v -0.02132982 0.03049963 0.06748241
v 0.03453552 0.03049999 0.08037698
v 0.03201758 0.03049999 0.07686698
v -0.02132982 0.03049963 0.06748241
v 0.03201758 0.03049999 0.07686698
v 0.02996504 0.03049999 0.07451611
v -0.02132982 0.03049963 0.06748241
v 0.02996504 0.03049999 0.07451611
v 0.02846467 0.03049999 0.07299137
v -0.02523589 0.03049999 0.07018667
v -0.02688688 0.03049999 0.07154691
v -0.03174483 0.03049999 0.12846880
v -0.03174483 0.03049999 0.12846880
v -0.02688688 0.03049999 0.07154691
v -0.02846467 0.03049999 0.07299137
v -0.03174483 0.03049999 0.12846880
v -0.02846467 0.03049999 0.07299137
v -0.03082418 0.03049999 0.07544642
v -0.03511303 0.03049999 0.08133250
v -0.04097419 0.03049999 0.10071050
v -0.03336149 0.03049999 0.07864969
v -0.04093813 0.03049999 0.10498160
v -0.04045820 0.03049999 0.10922570
v -0.03336149 0.03049999 0.07864969
v -0.03336149 0.03049999 0.07864969
v -0.03643006 0.03049999 0.12134050
v -0.03427320 0.03049999 0.12502681
v -0.02132982 0.03049963 0.06748241
v -0.01851701 0.03049999 0.13909569
v -0.01461124 0.03049999 0.14082280
v -0.03174483 0.03049999 0.12846880
v -0.02887219 0.03049999 0.13162941
v -0.02132982 0.03049963 0.06748241
v -0.02132982 0.03049963 0.06748241
v -0.02887219 0.03049999 0.13162941
v -0.02568650 0.03049999 0.13447391
v -0.02132982 0.03049963 0.06748241
v -0.02568650 0.03049999 0.13447391
v -0.02222228 0.03049999 0.13697170
v -0.04056584 0.03049999 0.09645891
v -0.04097419 0.03049999 0.10071050
v -0.03971761 0.03049999 0.09227281
v -0.03971761 0.03049999 0.09227281
v -0.04097419 0.03049999 0.10071050
v -0.03873705 0.03049999 0.08906763
v -0.03336149 0.03049999 0.07864969
v -0.04097419 0.03049999 0.10071050
v -0.04093813 0.03049999 0.10498160
v -0.03953933 0.03049999 0.11339680
v -0.03819185 0.03049999 0.11744970
v -0.03336149 0.03049999 0.07864969
v -0.03336149 0.03049999 0.07864969
v -0.03819185 0.03049999 0.11744970
v -0.03643006 0.03049999 0.12134050
v -0.03616935 0.03049999 0.08319270
v -0.03765016 0.03049999 0.08623778
v -0.04097419 0.03049999 0.10071050
v -0.04097419 0.03049999 0.10071050
v -0.03765016 0.03049999 0.08623778
v -0.03873705 0.03049999 0.08906763
v -0.03336149 0.03049999 0.07864969
v -0.04045820 0.03049999 0.10922570
v -0.03953933 0.03049999 0.11339680
v -0.00787395 0.03049999 0.00399983
v -0.00787395 0.03049999 0.00000000
v -0.00945240 0.03004831 0.00000000
v -0.00787395 0.03049999 0.00399983
v -0.00945240 0.03004831 0.00000000
v -0.00945240 0.03004831 0.00399983
v -0.00945240 0.03004831 0.00399983
v -0.00945240 0.03004831 0.00000000
v -0.01100516 0.02951484 0.00000000
v -0.00945240 0.03004831 0.00399983
v -0.01100516 0.02951484 0.00000000
v -0.01100516 0.02951484 0.00399983
v -0.01100516 0.02951484 0.00399983
v -0.01100516 0.02951484 0.00000000
v -0.01252800 0.02890139 0.00000000
v -0.01100516 0.02951484 0.00399983
v -0.01252800 0.02890139 0.00000000
v -0.01252800 0.02890139 0.00399983
v -0.01252800 0.02890139 0.00399983
v -0.01252800 0.02890139 0.00000000
v -0.01401668 0.02820938 0.00000000
v -0.01252800 0.02890139 0.00399983
v -0.01401668 0.02820938 0.00000000
v -0.01401668 0.02820938 0.00399983
v -0.01401668 0.02820938 0.00399983
v -0.01401668 0.02820938 0.00000000
v -0.01546752 0.02744090 0.00000000
v -0.01401668 0.02820938 0.00399983
v -0.01546752 0.02744090 0.00000000
v -0.01546752 0.02744090 0.00399983
v -0.01546752 0.02744090 0.00399983
v -0.01546752 0.02744090 0.00000000
v -0.01687628 0.02659761 0.00000000
v -0.01546752 0.02744090 0.00399983
v -0.01687628 0.02659761 0.00000000
v -0.01687628 0.02659761 0.00399983
v -0.01687628 0.02659761 0.00399983
v -0.01687628 0.02659761 0.00000000
v -0.01823914 0.02568233 0.00000000
v -0.01687628 0.02659761 0.00399983
v -0.01823914 0.02568233 0.00000000
v -0.01823914 0.02568233 0.00399983
v -0.01823914 0.02568233 0.00399983
v -0.01823914 0.02568233 0.00000000
v -0.01955235 0.02469712 0.00000000
v -0.01823914 0.02568233 0.00399983
v -0.01955235 0.02469712 0.00000000
v -0.01955235 0.02469712 0.00399983
v -0.01955235 0.02469712 0.00399983
v -0.01955235 0.02469712 0.00000000
v -0.02081269 0.02364486 0.00000000
v -0.01955235 0.02469712 0.00399983
v -0.02081269 0.02364486 0.00000000
v -0.02081269 0.02364486 0.00399983
v -0.02081269 0.02364486 0.00399983
v -0.02081269 0.02364486 0.00000000
v -0.02201622 0.02252835 0.00000000
v -0.02081269 0.02364486 0.00399983
v -0.02201622 0.02252835 0.00000000
v -0.02201622 0.02252835 0.00399983
v -0.02201622 0.02252835 0.00399983
v -0.02201622 0.02252835 0.00000000
v -0.02316009 0.02135068 0.00000000
v -0.02201622 0.02252835 0.00399983
v -0.02316009 0.02135068 0.00000000
v -0.02316009 0.02135068 0.00399983
v -0.02316009 0.02135068 0.00399983
v -0.02316009 0.02135068 0.00000000
v -0.02424108 0.02011483 0.00000000
v -0.02316009 0.02135068 0.00399983
v -0.02424108 0.02011483 0.00000000
v -0.02424108 0.02011483 0.00399983
v -0.02424108 0.02011483 0.00399983
v -0.02424108 0.02011483 0.00000000
v -0.02525627 0.01882451 0.00000000
v -0.02424108 0.02011483 0.00399983
v -0.02525627 0.01882451 0.00000000
v -0.02525627 0.01882451 0.00399983
v -0.02525627 0.01882451 0.00399983
v -0.02525627 0.01882451 0.00000000
v -0.02620267 0.01748317 0.00000000
v -0.02525627 0.01882451 0.00399983
v -0.02620267 0.01748317 0.00000000
v -0.02620267 0.01748317 0.00399983
v -0.02620267 0.01748317 0.00399983
v -0.02620267 0.01748317 0.00000000
v -0.02707809 0.01609408 0.00000000
v -0.02620267 0.01748317 0.00399983
v -0.02707809 0.01609408 0.00000000
v -0.02707809 0.01609408 0.00399983
v -0.02707809 0.01609408 0.00399983
v -0.02707809 0.01609408 0.00000000
v -0.02787989 0.01466149 0.00000000
v -0.02707809 0.01609408 0.00399983
v -0.02787989 0.01466149 0.00000000
v -0.02787989 0.01466149 0.00399983
v -0.02787989 0.01466149 0.00399983
v -0.02787989 0.01466149 0.00000000
v -0.02860581 0.01318889 0.00000000
v -0.02787989 0.01466149 0.00399983
v -0.02860581 0.01318889 0.00000000
v -0.02860581 0.01318889 0.00399983
v -0.02860581 0.01318889 0.00399983
v -0.02860581 0.01318889 0.00000000
v -0.02925413 0.01168066 0.00000000
v -0.02860581 0.01318889 0.00399983
v -0.02925413 0.01168066 0.00000000
v -0.02925413 0.01168066 0.00399983
v -0.02925413 0.01168066 0.00399983
v -0.02925413 0.01168066 0.00000000
v -0.02982306 0.01014047 0.00000000
v -0.02925413 0.01168066 0.00399983
v -0.02982306 0.01014047 0.00000000
v -0.02982306 0.01014047 0.00399983
v -0.02982306 0.01014047 0.00399983
v -0.02982306 0.01014047 0.00000000
v -0.03031080 0.00857294 0.00000000
v -0.02982306 0.01014047 0.00399983
v -0.03031080 0.00857294 0.00000000
v -0.03031080 0.00857294 0.00399983
v -0.03031080 0.00857294 0.00399983
v -0.03031080 0.00857294 0.00000000
v -0.03071630 0.00698203 0.00000000
v -0.03031080 0.00857294 0.00399983
v -0.03071630 0.00698203 0.00000000
v -0.03071630 0.00698203 0.00399983
v -0.03071630 0.00698203 0.00399983
v -0.03071630 0.00698203 0.00000000
v -0.03103846 0.00537211 0.00000000
v -0.03071630 0.00698203 0.00399983
v -0.03103846 0.00537211 0.00000000
v -0.03103846 0.00537211 0.00399983
v -0.03103846 0.00537211 0.00399983
v -0.03103846 0.00537211 0.00000000
v -0.03127610 0.00374764 0.00000000
v -0.03103846 0.00537211 0.00399983
v -0.03127610 0.00374764 0.00000000
v -0.03127610 0.00374764 0.00399995
v -0.03127610 0.00374764 0.00399995
v -0.03127610 0.00374764 0.00000000
v -0.03142899 0.00211304 0.00000000
v -0.03127610 0.00374764 0.00399995
v -0.03142899 0.00211304 0.00000000
v -0.03142899 0.00211304 0.00399995
v -0.03142899 0.00211304 0.00399995
v -0.03142899 0.00211304 0.00000000
v -0.03149640 0.00047271 0.00000000
v -0.03142899 0.00211304 0.00399995
v -0.03149640 0.00047271 0.00000000
v -0.03149640 0.00047271 0.00399995
v -0.03149640 0.00047271 0.00399995
v -0.03149640 0.00047271 0.00000000
v -0.03147816 -0.00116885 0.00000000
v -0.03149640 0.00047271 0.00399995
v -0.03147816 -0.00116885 0.00000000
v -0.03147816 -0.00116885 0.00399995
v -0.03147816 -0.00116885 0.00399995
v -0.03147816 -0.00116885 0.00000000
v -0.03137463 -0.00280744 0.00000000
v -0.03147816 -0.00116885 0.00399995
v -0.03137463 -0.00280744 0.00000000
v -0.03137463 -0.00280732 0.00399995
v -0.03137463 -0.00280732 0.00399995
v -0.03137463 -0.00280744 0.00000000
v -0.03118574 -0.00443828 0.00000000
v -0.03137463 -0.00280732 0.00399995
v -0.03118574 -0.00443828 0.00000000
v -0.03118574 -0.00443828 0.00399995
v -0.03118574 -0.00443828 0.00399995
v -0.03118574 -0.00443828 0.00000000
v -0.03091210 -0.00605714 0.00000000
v -0.03118574 -0.00443828 0.00399995
v -0.03091210 -0.00605714 0.00000000
v -0.03091210 -0.00605714 0.00399995
v -0.03091210 -0.00605714 0.00399995
v -0.03091210 -0.00605714 0.00000000
v -0.03055453 -0.00765943 0.00000000
v -0.03091210 -0.00605714 0.00399995
v -0.03055453 -0.00765943 0.00000000
v -0.03055453 -0.00765943 0.00399995
v -0.03055453 -0.00765943 0.00399995
v -0.03055453 -0.00765943 0.00000000
v -0.03011399 -0.00924104 0.00000000
v -0.03055453 -0.00765943 0.00399995
v -0.03011399 -0.00924104 0.00000000
v -0.03011399 -0.00924104 0.00399995
v -0.03011399 -0.00924104 0.00399995
v -0.03011399 -0.00924104 0.00000000
v -0.02959156 -0.01079750 0.00000000
v -0.03011399 -0.00924104 0.00399995
v -0.02959156 -0.01079750 0.00000000
v -0.02959156 -0.01079750 0.00399995
v -0.02959156 -0.01079750 0.00399995
v -0.02959156 -0.01079750 0.00000000
v -0.02898871 -0.01232457 0.00000000
v -0.02959156 -0.01079750 0.00399995
v -0.02898871 -0.01232457 0.00000000
v -0.02898871 -0.01232457 0.00399995
v -0.02898871 -0.01232457 0.00399995
v -0.02898871 -0.01232457 0.00000000
v -0.02830719 -0.01381826 0.00000000
v -0.02898871 -0.01232457 0.00399995
v -0.02830719 -0.01381826 0.00000000
v -0.02830719 -0.01381826 0.00399995
v -0.02830719 -0.01381826 0.00399995
v -0.02830719 -0.01381826 0.00000000
v -0.02754878 -0.01527422 0.00000000
v -0.02830719 -0.01381826 0.00399995
v -0.02754878 -0.01527422 0.00000000
v -0.02754878 -0.01527422 0.00399995
v -0.02754878 -0.01527422 0.00399995
v -0.02754878 -0.01527422 0.00000000
v -0.02671563 -0.01668894 0.00000000
v -0.02754878 -0.01527422 0.00399995
v -0.02671563 -0.01668894 0.00000000
v -0.02671563 -0.01668894 0.00399995
v -0.02671563 -0.01668894 0.00399995
v -0.02671563 -0.01668894 0.00000000
v -0.02580982 -0.01805824 0.00000000
v -0.02671563 -0.01668894 0.00399995
v -0.02580982 -0.01805824 0.00000000
v -0.02580982 -0.01805824 0.00399995
v -0.02580982 -0.01805824 0.00399995
v -0.02580982 -0.01805824 0.00000000
v -0.02483379 -0.01937842 0.00000000
v -0.02580982 -0.01805824 0.00399995
v -0.02483379 -0.01937842 0.00000000
v -0.02483379 -0.01937842 0.00399995
v -0.02483379 -0.01937842 0.00399995
v -0.02483379 -0.01937842 0.00000000
v -0.02379041 -0.02064603 0.00000000
v -0.02483379 -0.01937842 0.00399995
v -0.02379041 -0.02064603 0.00000000
v -0.02379041 -0.02064603 0.00399995
v -0.02379041 -0.02064603 0.00399995
v -0.02379041 -0.02064603 0.00000000
v -0.02268242 -0.02185750 0.00000000
v -0.02379041 -0.02064603 0.00399995
v -0.02268242 -0.02185750 0.00000000
v -0.02268242 -0.02185750 0.00399995
v -0.02268242 -0.02185750 0.00399995
v -0.02268242 -0.02185750 0.00000000
v -0.02151286 -0.02300953 0.00000000
v -0.02268242 -0.02185750 0.00399995
v -0.02151286 -0.02300953 0.00000000
v -0.02151286 -0.02300953 0.00399995
v -0.02151286 -0.02300953 0.00399995
v -0.02151286 -0.02300953 0.00000000
v -0.02028483 -0.02409923 0.00000000
v -0.02151286 -0.02300953 0.00399995
v -0.02028483 -0.02409923 0.00000000
v -0.02028483 -0.02409923 0.00399995
v -0.02028483 -0.02409923 0.00399995
v -0.02028483 -0.02409923 0.00000000
v -0.01900166 -0.02512329 0.00000000
v -0.02028483 -0.02409923 0.00399995
v -0.01900166 -0.02512329 0.00000000
v -0.01900166 -0.02512329 0.00399995
v -0.01900166 -0.02512329 0.00399995
v -0.01900166 -0.02512329 0.00000000
v -0.01766687 -0.02607917 0.00000000
v -0.01900166 -0.02512329 0.00399995
v -0.01766687 -0.02607917 0.00000000
v -0.01766687 -0.02607917 0.00399995
v -0.01766687 -0.02607917 0.00399995
v -0.01766687 -0.02607917 0.00000000
v -0.01628392 -0.02696430 0.00000000
v -0.01766687 -0.02607917 0.00399995
v -0.01628392 -0.02696430 0.00000000
v -0.01628392 -0.02696430 0.00399995
v -0.01628392 -0.02696430 0.00399995
v -0.01628392 -0.02696430 0.00000000
v -0.01485705 -0.02777618 0.00000000
v -0.01628392 -0.02696430 0.00399995
v -0.01485705 -0.02777618 0.00000000
v -0.01485705 -0.02777618 0.00399995
v -0.01485705 -0.02777618 0.00399995
v -0.01485705 -0.02777618 0.00000000
v -0.01338952 -0.02851241 0.00000000
v -0.01485705 -0.02777618 0.00399995
v -0.01338952 -0.02851241 0.00000000
v -0.01338952 -0.02851241 0.00399995
v -0.01338952 -0.02851241 0.00399995
v -0.01338952 -0.02851241 0.00000000
v -0.01188594 -0.02917134 0.00000000
v -0.01338952 -0.02851241 0.00399995
v -0.01188594 -0.02917134 0.00000000
v -0.01188594 -0.02917134 0.00399995
v -0.01188594 -0.02917134 0.00399995
v -0.01188594 -0.02917134 0.00000000
v -0.01034981 -0.02975112 0.00000000
v -0.01188594 -0.02917134 0.00399995
v -0.01034981 -0.02975112 0.00000000
v -0.01034981 -0.02975112 0.00399995
v -0.01034981 -0.02975112 0.00399995
v -0.01034981 -0.02975112 0.00000000
v -0.00878572 -0.03024995 0.00000000
v -0.01034981 -0.02975112 0.00399995
v -0.00878572 -0.03024995 0.00000000
v -0.00878572 -0.03024995 0.00399995
v -0.00878572 -0.03024995 0.00399995
v -0.00878572 -0.03024995 0.00000000
v -0.00719768 -0.03066653 0.00000000
v -0.00878572 -0.03024995 0.00399995
v -0.00719768 -0.03066653 0.00000000
v -0.00719768 -0.03066653 0.00399995
v -0.00719768 -0.03066653 0.00399995
v -0.00719768 -0.03066653 0.00000000
v -0.00559008 -0.03099983 0.00000000
v -0.00719768 -0.03066653 0.00399995
v -0.00559008 -0.03099983 0.00000000
v -0.00559008 -0.03099983 0.00399995
v -0.00719768 -0.03066653 0.00399995
v -0.00559008 -0.03099983 0.00399995
v -0.01131355 -0.03099983 0.00399995
v -0.00719768 -0.03066653 0.00399995
v -0.01131355 -0.03099983 0.00399995
v -0.00878572 -0.03024995 0.00399995
v -0.01259946 0.03049999 0.00399983
v -0.00787395 0.03049999 0.00399983
v -0.00945240 0.03004831 0.00399983
v -0.00945240 0.03004831 0.00399983
v -0.01100516 0.02951484 0.00399983
v -0.01259946 0.03049999 0.00399983
v -0.01259946 0.03049999 0.00399983
v -0.01100516 0.02951484 0.00399983
v -0.01252800 0.02890139 0.00399983
v -0.01259946 0.03049999 0.00399983
v -0.01252800 0.02890139 0.00399983
v -0.01417297 0.02980130 0.00399983
v -0.01417297 0.02980130 0.00399983
v -0.01252800 0.02890139 0.00399983
v -0.01401668 0.02820938 0.00399983
v -0.01417297 0.02980130 0.00399983
v -0.01401668 0.02820938 0.00399983
v -0.01570779 0.02902168 0.00399983
v -0.01570779 0.02902168 0.00399983
v -0.01401668 0.02820938 0.00399983
v -0.01546752 0.02744090 0.00399983
v -0.01570779 0.02902168 0.00399983
v -0.01546752 0.02744090 0.00399983
v -0.01719981 0.02816319 0.00399983
v -0.01719981 0.02816319 0.00399983
v -0.01546752 0.02744090 0.00399983
v -0.01687628 0.02659761 0.00399983
v -0.01719981 0.02816319 0.00399983
v -0.01687628 0.02659761 0.00399983
v -0.01864498 0.02722775 0.00399983
v -0.01864498 0.02722775 0.00399983
v -0.01687628 0.02659761 0.00399983
v -0.01823914 0.02568233 0.00399983
v -0.01864498 0.02722775 0.00399983
v -0.01823914 0.02568233 0.00399983
v -0.02003949 0.02621853 0.00399983
v -0.02003949 0.02621853 0.00399983
v -0.01823914 0.02568233 0.00399983
v -0.01955235 0.02469712 0.00399983
v -0.02003949 0.02621853 0.00399983
v -0.01955235 0.02469712 0.00399983
v -0.02137959 0.02513784 0.00399983
v -0.02137959 0.02513784 0.00399983
v -0.01955235 0.02469712 0.00399983
v -0.02081269 0.02364486 0.00399983
v -0.02137959 0.02513784 0.00399983
v -0.02081269 0.02364486 0.00399983
v -0.02266126 0.02398872 0.00399983
v -0.02266126 0.02398872 0.00399983
v -0.02081269 0.02364486 0.00399983
v -0.02201622 0.02252835 0.00399983
v -0.02266126 0.02398872 0.00399983
v -0.02201622 0.02252835 0.00399983
v -0.02388149 0.02277421 0.00399983
v -0.02388149 0.02277421 0.00399983
v -0.02201622 0.02252835 0.00399983
v -0.02316009 0.02135068 0.00399983
v -0.02388149 0.02277421 0.00399983
v -0.02316009 0.02135068 0.00399983
v -0.02503669 0.02149796 0.00399983
v -0.02503669 0.02149796 0.00399983
v -0.02316009 0.02135068 0.00399983
v -0.02424108 0.02011483 0.00399983
v -0.02503669 0.02149796 0.00399983
v -0.02424108 0.02011483 0.00399983
v -0.02612370 0.02016299 0.00399983
v -0.02612370 0.02016299 0.00399983
v -0.02424108 0.02011483 0.00399983
v -0.02525627 0.01882451 0.00399983
v -0.02612370 0.02016299 0.00399983
v -0.02525627 0.01882451 0.00399983
v -0.02713960 0.01877325 0.00399983
v -0.02713960 0.01877325 0.00399983
v -0.02525627 0.01882451 0.00399983
v -0.02620267 0.01748317 0.00399983
v -0.02713960 0.01877325 0.00399983
v -0.02620267 0.01748317 0.00399983
v -0.02808165 0.01733255 0.00399983
v -0.02808165 0.01733255 0.00399983
v -0.02620267 0.01748317 0.00399983
v -0.02707809 0.01609408 0.00399983
v -0.02808165 0.01733255 0.00399983
v -0.02707809 0.01609408 0.00399983
v -0.02894735 0.01584452 0.00399983
v -0.02894735 0.01584452 0.00399983
v -0.02707809 0.01609408 0.00399983
v -0.02787989 0.01466149 0.00399983
v -0.02894735 0.01584452 0.00399983
v -0.02787989 0.01466149 0.00399983
v -0.02973419 0.01431334 0.00399983
v -0.02973419 0.01431334 0.00399983
v -0.02787989 0.01466149 0.00399983
v -0.02860581 0.01318889 0.00399983
v -0.02973419 0.01431334 0.00399983
v -0.02860581 0.01318889 0.00399983
v -0.03044015 0.01274335 0.00399983
v -0.03044015 0.01274335 0.00399983
v -0.02860581 0.01318889 0.00399983
v -0.02925413 0.01168066 0.00399983
v -0.03044015 0.01274335 0.00399983
v -0.02925413 0.01168066 0.00399983
v -0.03106319 0.01113849 0.00399983
v -0.03106319 0.01113849 0.00399983
v -0.02925413 0.01168066 0.00399983
v -0.02982306 0.01014047 0.00399983
v -0.03106319 0.01113849 0.00399983
v -0.02982306 0.01014047 0.00399983
v -0.03160190 0.00950360 0.00399983
v -0.03160190 0.00950360 0.00399983
v -0.02982306 0.01014047 0.00399983
v -0.03031080 0.00857294 0.00399983
v -0.03160190 0.00950360 0.00399983
v -0.03031080 0.00857294 0.00399983
v -0.03205448 0.00784266 0.00399983
v -0.03205448 0.00784266 0.00399983
v -0.03031080 0.00857294 0.00399983
v -0.03071630 0.00698203 0.00399983
v -0.03205448 0.00784266 0.00399983
v -0.03071630 0.00698203 0.00399983
v -0.03241986 0.00616044 0.00399983
v -0.03241986 0.00616044 0.00399983
v -0.03071630 0.00698203 0.00399983
v -0.03103846 0.00537211 0.00399983
v -0.03241986 0.00616044 0.00399983
v -0.03103846 0.00537211 0.00399983
v -0.03269702 0.00446135 0.00399995
v -0.03269702 0.00446135 0.00399995
v -0.03103846 0.00537211 0.00399983
v -0.03127610 0.00374764 0.00399995
v -0.03269702 0.00446135 0.00399995
v -0.03127610 0.00374764 0.00399995
v -0.03288519 0.00275016 0.00399995
v -0.03288519 0.00275016 0.00399995
v -0.03127610 0.00374764 0.00399995
v -0.03142899 0.00211304 0.00399995
v -0.03288519 0.00275016 0.00399995
v -0.03142899 0.00211304 0.00399995
v -0.03298372 0.00103152 0.00399995
v -0.03298372 0.00103152 0.00399995
v -0.03142899 0.00211304 0.00399995
v -0.03149640 0.00047271 0.00399995
v -0.03298372 0.00103152 0.00399995
v -0.03149640 0.00047271 0.00399995
v -0.03297495 -0.00148785 0.00399995
v -0.03297495 -0.00148785 0.00399995
v -0.03149640 0.00047271 0.00399995
v -0.03147816 -0.00116885 0.00399995
v -0.03297495 -0.00148785 0.00399995
v -0.03147816 -0.00116885 0.00399995
v -0.03137463 -0.00280732 0.00399995
v -0.03297495 -0.00148785 0.00399995
v -0.03137463 -0.00280732 0.00399995
v -0.03274136 -0.00412238 0.00399995
v -0.03274136 -0.00412238 0.00399995
v -0.03137463 -0.00280732 0.00399995
v -0.03118574 -0.00443828 0.00399995
v -0.03274136 -0.00412238 0.00399995
v -0.03118574 -0.00443828 0.00399995
v -0.03248184 -0.00582421 0.00399995
v -0.03248184 -0.00582421 0.00399995
v -0.03118574 -0.00443828 0.00399995
v -0.03091210 -0.00605714 0.00399995
v -0.03248184 -0.00582421 0.00399995
v -0.03091210 -0.00605714 0.00399995
v -0.03213387 -0.00751018 0.00399995
v -0.03213387 -0.00751018 0.00399995
v -0.03091210 -0.00605714 0.00399995
v -0.03055453 -0.00765943 0.00399995
v -0.03213387 -0.00751018 0.00399995
v -0.03055453 -0.00765943 0.00399995
v -0.03169864 -0.00917566 0.00399995
v -0.03169864 -0.00917566 0.00399995
v -0.03055453 -0.00765943 0.00399995
v -0.03011399 -0.00924104 0.00399995
v -0.03169864 -0.00917566 0.00399995
v -0.03011399 -0.00924104 0.00399995
v -0.03117704 -0.01081609 0.00399995
v -0.03117704 -0.01081609 0.00399995
v -0.03011399 -0.00924104 0.00399995
v -0.02959156 -0.01079750 0.00399995
v -0.03117704 -0.01081609 0.00399995
v -0.02959156 -0.01079750 0.00399995
v -0.03057044 -0.01242733 0.00399995
v -0.03057044 -0.01242733 0.00399995
v -0.02959156 -0.01079750 0.00399995
v -0.02898871 -0.01232457 0.00399995
v -0.03057044 -0.01242733 0.00399995
v -0.02898871 -0.01232457 0.00399995
v -0.02988088 -0.01400452 0.00399995
v -0.02988088 -0.01400452 0.00399995
v -0.02898871 -0.01232457 0.00399995
v -0.02830719 -0.01381826 0.00399995
v -0.02988088 -0.01400452 0.00399995
v -0.02830719 -0.01381826 0.00399995
v -0.02910995 -0.01554369 0.00399995
v -0.02910995 -0.01554369 0.00399995
v -0.02830719 -0.01381826 0.00399995
v -0.02754878 -0.01527422 0.00399995
v -0.02910995 -0.01554369 0.00399995
v -0.02754878 -0.01527422 0.00399995
v -0.02825975 -0.01704061 0.00399995
v -0.02825975 -0.01704061 0.00399995
v -0.02754878 -0.01527422 0.00399995
v -0.02671563 -0.01668894 0.00399995
v -0.02825975 -0.01704061 0.00399995
v -0.02671563 -0.01668894 0.00399995
v -0.02733266 -0.01849108 0.00399995
v -0.02733266 -0.01849108 0.00399995
v -0.02671563 -0.01668894 0.00399995
v -0.02580982 -0.01805824 0.00399995
v -0.02733266 -0.01849108 0.00399995
v -0.02580982 -0.01805824 0.00399995
v -0.02633118 -0.01989138 0.00399995
v -0.02633118 -0.01989138 0.00399995
v -0.02580982 -0.01805824 0.00399995
v -0.02483379 -0.01937842 0.00399995
v -0.02633118 -0.01989138 0.00399995
v -0.02483379 -0.01937842 0.00399995
v -0.02525806 -0.02123743 0.00399995
v -0.02525806 -0.02123743 0.00399995
v -0.02483379 -0.01937842 0.00399995
v -0.02379041 -0.02064603 0.00399995
v -0.02525806 -0.02123743 0.00399995
v -0.02379041 -0.02064603 0.00399995
v -0.02411603 -0.02252560 0.00399995
v -0.02411603 -0.02252560 0.00399995
v -0.02379041 -0.02064603 0.00399995
v -0.02268242 -0.02185750 0.00399995
v -0.02411603 -0.02252560 0.00399995
v -0.02268242 -0.02185750 0.00399995
v -0.02290856 -0.02375257 0.00399995
v -0.02290856 -0.02375257 0.00399995
v -0.02268242 -0.02185750 0.00399995
v -0.02151286 -0.02300953 0.00399995
v -0.02290856 -0.02375257 0.00399995
v -0.02151286 -0.02300953 0.00399995
v -0.02163887 -0.02491492 0.00399995
v -0.02163887 -0.02491492 0.00399995
v -0.02151286 -0.02300953 0.00399995
v -0.02028483 -0.02409923 0.00399995
v -0.02163887 -0.02491492 0.00399995
v -0.02028483 -0.02409923 0.00399995
v -0.02031016 -0.02600950 0.00399995
v -0.02031016 -0.02600950 0.00399995
v -0.02028483 -0.02409923 0.00399995
v -0.01900166 -0.02512329 0.00399995
v -0.02031016 -0.02600950 0.00399995
v -0.01900166 -0.02512329 0.00399995
v -0.01892614 -0.02703315 0.00399995
v -0.01892614 -0.02703315 0.00399995
v -0.01900166 -0.02512329 0.00399995
v -0.01766687 -0.02607917 0.00399995
v -0.01892614 -0.02703315 0.00399995
v -0.01766687 -0.02607917 0.00399995
v -0.01749068 -0.02798336 0.00399995
v -0.01749068 -0.02798336 0.00399995
v -0.01766687 -0.02607917 0.00399995
v -0.01628392 -0.02696430 0.00399995
v -0.01749068 -0.02798336 0.00399995
v -0.01628392 -0.02696430 0.00399995
v -0.01600760 -0.02885735 0.00399995
v -0.01600760 -0.02885735 0.00399995
v -0.01628392 -0.02696430 0.00399995
v -0.01485705 -0.02777618 0.00399995
v -0.01600760 -0.02885735 0.00399995
v -0.01485705 -0.02777618 0.00399995
v -0.01448082 -0.02965301 0.00399995
v -0.01448082 -0.02965301 0.00399995
v -0.01485705 -0.02777618 0.00399995
v -0.01338952 -0.02851241 0.00399995
v -0.01448082 -0.02965301 0.00399995
v -0.01338952 -0.02851241 0.00399995
v -0.01291477 -0.03036779 0.00399995
v -0.01291477 -0.03036779 0.00399995
v -0.01338952 -0.02851241 0.00399995
v -0.01188594 -0.02917134 0.00399995
v -0.01291477 -0.03036779 0.00399995
v -0.01188594 -0.02917134 0.00399995
v -0.01131355 -0.03099983 0.00399995
v -0.01131355 -0.03099983 0.00399995
v -0.01188594 -0.02917134 0.00399995
v -0.01034981 -0.02975112 0.00399995
v -0.01131355 -0.03099983 0.00399995
v -0.01034981 -0.02975112 0.00399995
v -0.00878572 -0.03024995 0.00399995

# 3012 UV coordinates
vt 0.114934303 0.488854796 0
vt 0.114934303 0.510198414 0
vt 0.109342903 0.510198414 0
vt 0.109342903 0.488854796 0
vt 0.103889503 0.510198474 0
vt 0.103889503 0.488854796 0
vt 0.098588638 0.510198474 0
vt 0.098588638 0.488854796 0
vt 0.0934549496 0.510198474 0
vt 0.0934549496 0.488854885 0
vt 0.0885023996 0.510198474 0
vt 0.0885023996 0.488854885 0
vt 0.0837443396 0.510198593 0
vt 0.0837443396 0.488854885 0
vt 0.0791938305 0.510198712 0
vt 0.0791938305 0.488855004 0
vt 0.074863188 0.510198712 0
vt 0.074863188 0.488855004 0
vt 0.811412573 0.398200989 0
vt 0.811369777 0.419398099 0
vt 0.806845307 0.41890651 0
vt 0.806888103 0.39770931 0
vt 0.802111804 0.418442607 0
vt 0.802154601 0.397245497 0
vt 0.797182083 0.41800791 0
vt 0.797224879 0.3968108 0
vt 0.792069674 0.417603493 0
vt 0.792112529 0.396406293 0
vt 0.786788404 0.417230397 0
vt 0.786831319 0.396033287 0
vt 0.78135258 0.416889697 0
vt 0.781395495 0.395692587 0
vt 0.77577728 0.416582406 0
vt 0.775820076 0.395385295 0
vt 0.770077407 0.416309208 0
vt 0.770120203 0.395112008 0
vt 0.764268517 0.416070908 0
vt 0.764311314 0.394873708 0
vt 0.758366525 0.415868193 0
vt 0.758409321 0.394671112 0
vt 0.752387285 0.415701598 0
vt 0.752430081 0.394504398 0
vt 0.746347308 0.415571511 0
vt 0.746390104 0.3943744 0
vt 0.740262806 0.415478408 0
vt 0.740305722 0.394281209 0
vt 0.734150529 0.415422291 0
vt 0.732722878 0.394214988 0
vt 0.725187778 0.415404111 0
vt 0.72846359 0.380073607 0
vt 0.721980274 0.380093813 0
vt 0.715812981 0.415478408 0
vt 0.715884387 0.380149692 0
vt 0.709755719 0.415571511 0
vt 0.709827125 0.380243003 0
vt 0.703753591 0.415701598 0
vt 0.703824997 0.380373001 0
vt 0.697822988 0.415868193 0
vt 0.697894394 0.380539596 0
vt 0.691980004 0.416070908 0
vt 0.692051411 0.380742311 0
vt 0.686240613 0.416309208 0
vt 0.68631202 0.380980611 0
vt 0.680620313 0.416582406 0
vt 0.680691719 0.381253809 0
vt 0.67513442 0.416889697 0
vt 0.675205827 0.38156119 0
vt 0.669798017 0.417230397 0
vt 0.669869423 0.38190189 0
vt 0.664625406 0.417603493 0
vt 0.664696813 0.382274896 0
vt 0.659630775 0.41800791 0
vt 0.659702301 0.382679403 0
vt 0.654827774 0.418442607 0
vt 0.65489918 0.3831141 0
vt 0.650229514 0.41890651 0
vt 0.65030092 0.383578002 0
vt 0.645848274 0.419398099 0
vt 0.645919681 0.384069592 0
vt 0.312649012 0.701100409 0
vt 0.277076393 0.701103628 0
vt 0.277090907 0.696580529 0
vt 0.312663496 0.69657743 0
vt 0.277104586 0.691848397 0
vt 0.312677205 0.691845179 0
vt 0.277117312 0.686919987 0
vt 0.3126899 0.686916828 0
vt 0.277129114 0.68180871 0
vt 0.312701702 0.681805611 0
vt 0.277139902 0.676528573 0
vt 0.312712401 0.676525414 0
vt 0.277149588 0.671093822 0
vt 0.312722206 0.671090722 0
vt 0.27715829 0.665519297 0
vt 0.312730908 0.665516078 0
vt 0.27716589 0.659820199 0
vt 0.312738389 0.65981698 0
vt 0.262822896 0.843497515 0
vt 0.266044289 0.838289618 0
vt 0.289672107 0.825105011 0
vt 0.268989593 0.832920671 0
vt 0.27823469 0.749583304 0
vt 0.276537597 0.743699372 0
vt 0.29960981 0.768726885 0
vt 0.274536014 0.73791188 0
vt 0.272235304 0.732236803 0
vt 0.269641906 0.726689279 0
vt 0.266762614 0.721284628 0
vt 0.262822896 0.714791 0
vt 0.281822801 0.786003828 0
vt 0.306060791 0.788876176 0
vt 0.281306595 0.792105675 0
vt 0.306088507 0.793485403 0
vt 0.281456709 0.76765281 0
vt 0.280697614 0.761576414 0
vt 0.279622614 0.755547702 0
vt 0.271651 0.827405572 0
vt 0.274021208 0.821759224 0
vt 0.276093692 0.815996826 0
vt 0.277862906 0.810134172 0
vt 0.297154486 0.81763041 0
vt 0.293525606 0.821689606 0
vt 0.3007842 0.812143922 0
vt 0.279323906 0.804187417 0
vt 0.305612594 0.798049271 0
vt 0.280472904 0.798172414 0
vt 0.304750502 0.802164078 0
vt 0.303300709 0.806716919 0
vt 0.303734899 0.777256906 0
vt 0.282020092 0.779883206 0
vt 0.301484406 0.772002816 0
vt 0.281897992 0.773760676 0
vt 0.305153012 0.782306492 0
vt 0.305773109 0.785954893 0
vt 0.0838785097 0.28437379 0
vt 0.082389228 0.488854796 0
vt 0.0793254301 0.281913102 0
vt 0.0772823617 0.488854796 0
vt 0.0740639493 0.279571414 0
vt 0.0719995424 0.488854796 0
vt 0.070118241 0.27825141 0
vt 0.0659138486 0.488854796 0
vt 0.06652724 0.277380705 0
vt 0.0607824288 0.488854796 0
vt 0.0626094267 0.276986808 0
vt 0.0591458604 0.277175099 0
vt 0.0570245311 0.488854796 0
vt 0.054972291 0.27833271 0
vt 0.0539990589 0.488854885 0
vt 0.822076201 0.395443588 0
vt 0.82305491 0.188607305 0
vt 0.825565696 0.3957991 0
vt 0.827023327 0.186838597 0
vt 0.817207098 0.192519903 0
vt 0.819887817 0.190564305 0
vt 0.818263829 0.395132989 0
vt 0.815694392 0.394962013 0
vt 0.812337577 0.394773006 0
vt 0.813349605 0.195772797 0
vt 0.80737412 0.394564897 0
vt 0.809108377 0.199846298 0
vt 0.803802788 0.205543801 0
vt 0.801770329 0.394422114 0
vt 0.79833281 0.212034807 0
vt 0.798008919 0.394378006 0
vt 0.724262118 0.164830893 0
vt 0.808885515 0.198363304 0
vt 0.83236903 0.165061995 0
vt 0.824852109 0.176288307 0
vt 0.187764406 0.524427474 0
vt 0.187764406 0.510198414 0
vt 0.193382904 0.510198414 0
vt 0.193382904 0.524427474 0
vt 0.198910698 0.510198474 0
vt 0.198910698 0.524427593 0
vt 0.204332799 0.510198474 0
vt 0.204332799 0.524427593 0
vt 0.209634393 0.510198474 0
vt 0.209634393 0.524427593 0
vt 0.214801207 0.510198474 0
vt 0.214801207 0.524427712 0
vt 0.219819203 0.510198474 0
vt 0.219819099 0.524427712 0
vt 0.224674597 0.510198593 0
vt 0.224674597 0.524427712 0
vt 0.229354396 0.510198712 0
vt 0.229354396 0.524427772 0
vt 0.233845696 0.510198712 0
vt 0.233845696 0.524427772 0
vt 0.2381365 0.510198712 0
vt 0.2381365 0.524427772 0
vt 0.247148007 0.871714711 0
vt 0.232918903 0.871714473 0
vt 0.232914403 0.867600203 0
vt 0.247143507 0.867600203 0
vt 0.232910007 0.86327529 0
vt 0.247139201 0.863275409 0
vt 0.232906103 0.858751893 0
vt 0.247135207 0.858752012 0
vt 0.232902303 0.854042113 0
vt 0.247131407 0.854042172 0
vt 0.232898802 0.849158823 0
vt 0.247127905 0.849159002 0
vt 0.232895598 0.844115317 0
vt 0.247124702 0.844115376 0
vt 0.232892603 0.838925123 0
vt 0.247121796 0.838925302 0
vt 0.232890099 0.833602488 0
vt 0.247119099 0.833602607 0
vt 0.232887805 0.828161776 0
vt 0.247116894 0.828162014 0
vt 0.232885793 0.822618008 0
vt 0.247114807 0.822618127 0
vt 0.232884094 0.816986024 0
vt 0.247113198 0.816986084 0
vt 0.232882693 0.811281085 0
vt 0.247111902 0.811281204 0
vt 0.232881695 0.805518806 0
vt 0.247110903 0.805518925 0
vt 0.232881099 0.799714804 0
vt 0.247110203 0.799714923 0
vt 0.232880801 0.793884814 0
vt 0.247109801 0.793884873 0
vt 0.232880801 0.788044691 0
vt 0.247109801 0.78804481 0
vt 0.232881099 0.78221041 0
vt 0.247110203 0.782210529 0
vt 0.232881799 0.776397586 0
vt 0.247110903 0.776397705 0
vt 0.232882693 0.770622313 0
vt 0.247111902 0.770622373 0
vt 0.232884094 0.764899909 0
vt 0.247113198 0.764900029 0
vt 0.232885793 0.759246171 0
vt 0.247114807 0.759246409 0
vt 0.232887805 0.753676474 0
vt 0.247116894 0.753676713 0
vt 0.232890099 0.7482059 0
vt 0.247119099 0.748206019 0
vt 0.232892603 0.74284929 0
vt 0.247121796 0.74284941 0
vt 0.232895598 0.737621129 0
vt 0.247124702 0.737621307 0
vt 0.232898802 0.73253572 0
vt 0.247127905 0.732535779 0
vt 0.232902303 0.727606773 0
vt 0.247131407 0.727607012 0
vt 0.232906103 0.722847879 0
vt 0.247135207 0.722847998 0
vt 0.232910007 0.718271792 0
vt 0.247139201 0.718271911 0
vt 0.232914403 0.71389091 0
vt 0.247143507 0.713891029 0
vt 0.232918903 0.709717274 0
vt 0.247148007 0.709717393 0
vt 0.262822896 0.543088675 0
vt 0.277051896 0.543087423 0
vt 0.27706629 0.547450483 0
vt 0.262837291 0.547451675 0
vt 0.27707991 0.552009881 0
vt 0.26285091 0.552011073 0
vt 0.277092695 0.556753278 0
vt 0.262863696 0.556754529 0
vt 0.277104586 0.561667681 0
vt 0.262875587 0.561668992 0
vt 0.277115494 0.566739917 0
vt 0.262886494 0.566741228 0
vt 0.277125508 0.571955979 0
vt 0.262896508 0.57195729 0
vt 0.277134508 0.577301919 0
vt 0.262905508 0.577303171 0
vt 0.277142495 0.582763076 0
vt 0.262913495 0.582764387 0
vt 0.277149409 0.588324726 0
vt 0.262920409 0.588325977 0
vt 0.27715531 0.59397161 0
vt 0.26292631 0.593972921 0
vt 0.277160197 0.59968847 0
vt 0.262931198 0.599689722 0
vt 0.943274319 0.749334812 0
vt 0.963620126 0.748579204 0
vt 0.957949579 0.749976516 0
vt 0.963620126 0.967502594 0
vt 0.94682169 0.968126416 0
vt 0.957949579 0.966105402 0
vt 0.952359617 0.964414477 0
vt 0.952359617 0.751667321 0
vt 0.946865201 0.753647029 0
vt 0.93766582 0.751793325 0
vt 0.941481411 0.755910397 0
vt 0.93219322 0.754541099 0
vt 0.936222911 0.758451223 0
vt 0.9268713 0.757570505 0
vt 0.931104004 0.761262476 0
vt 0.921714723 0.760873318 0
vt 0.926138401 0.764336824 0
vt 0.916737199 0.764440477 0
vt 0.92133981 0.767665505 0
vt 0.911952615 0.768262506 0
vt 0.916721106 0.771239817 0
vt 0.907373786 0.772328675 0
vt 0.912294805 0.775049925 0
vt 0.903013289 0.776628315 0
vt 0.908073127 0.779085279 0
vt 0.898882926 0.781149328 0
vt 0.904067516 0.783335328 0
vt 0.894993901 0.785879612 0
vt 0.900288701 0.787788272 0
vt 0.891356826 0.790806293 0
vt 0.896746874 0.79243201 0
vt 0.887981713 0.795915902 0
vt 0.893452108 0.797254026 0
vt 0.884877622 0.801194608 0
vt 0.890412807 0.802241087 0
vt 0.882052898 0.806627989 0
vt 0.887637615 0.807379782 0
vt 0.879515529 0.812201321 0
vt 0.885133803 0.812656105 0
vt 0.877272129 0.817899406 0
vt 0.882908404 0.818055689 0
vt 0.875328898 0.823706627 0
vt 0.880967319 0.823563874 0
vt 0.873691201 0.829607308 0
vt 0.879315794 0.829165816 0
vt 0.872363508 0.835585415 0
vt 0.877958417 0.834846079 0
vt 0.871349216 0.841624618 0
vt 0.876898825 0.840589404 0
vt 0.870651305 0.847708523 0
vt 0.876139879 0.846380115 0
vt 0.870271623 0.853820503 0
vt 0.875683784 0.852202475 0
vt 0.870211184 0.859943926 0
vt 0.875531614 0.85804081 0
vt 0.870695293 0.869116187 0
vt 0.875683784 0.863879025 0
vt 0.876139879 0.869701505 0
vt 0.87194252 0.878216684 0
vt 0.876898825 0.875492215 0
vt 0.873152018 0.884219825 0
vt 0.877958417 0.88123548 0
vt 0.87467289 0.89015168 0
vt 0.879315794 0.886915803 0
vt 0.876501024 0.895996273 0
vt 0.880967319 0.892517686 0
vt 0.878631413 0.901737511 0
vt 0.882908404 0.89802587 0
vt 0.881058276 0.907359779 0
vt 0.885133803 0.903425515 0
vt 0.883775175 0.912847877 0
vt 0.887637615 0.908701777 0
vt 0.886774421 0.918186903 0
vt 0.890412807 0.913840473 0
vt 0.890048087 0.923362195 0
vt 0.893452108 0.918827593 0
vt 0.893587112 0.928359687 0
vt 0.896746874 0.923649609 0
vt 0.897382021 0.933165908 0
vt 0.900288701 0.928293407 0
vt 0.901422322 0.937767625 0
vt 0.904067516 0.932746291 0
vt 0.905697107 0.9421525 0
vt 0.908073127 0.9369964 0
vt 0.910194695 0.946308315 0
vt 0.912294924 0.941031814 0
vt 0.914902925 0.950223982 0
vt 0.916721106 0.944841921 0
vt 0.919808924 0.953888774 0
vt 0.92133981 0.948416173 0
vt 0.92489928 0.957292795 0
vt 0.926138401 0.951744914 0
vt 0.930160403 0.960426688 0
vt 0.931104004 0.954819202 0
vt 0.935577691 0.963281989 0
vt 0.936222911 0.957630515 0
vt 0.941136479 0.96585089 0
vt 0.941481471 0.960171402 0
vt 0.946865201 0.962434709 0
vt 0.433113307 0.244716197 0
vt 0.360119313 0.291040003 0
vt 0.353380203 0.28219831 0
vt 0.3609851 0.475646406 0
vt 0.430394888 0.461460412 0
vt 0.425727308 0.47568661 0
vt 0.346483111 0.272920907 0
vt 0.334500015 0.255971402 0
vt 0.327018589 0.244675606 0
vt 0.430671901 0.497033387 0
vt 0.4214921 0.497027814 0
vt 0.41845721 0.475682497 0
vt 0.412369698 0.497023195 0
vt 0.412383407 0.475679487 0
vt 0.406344801 0.497020513 0
vt 0.40635851 0.475676805 0
vt 0.40038529 0.497018188 0
vt 0.40039891 0.475674599 0
vt 0.394507289 0.4970164 0
vt 0.394520998 0.475672692 0
vt 0.38872689 0.49701491 0
vt 0.38874051 0.475671202 0
vt 0.3830598 0.497013807 0
vt 0.383073509 0.475670189 0
vt 0.377521396 0.497013211 0
vt 0.377535105 0.475669503 0
vt 0.372126788 0.497012913 0
vt 0.372140497 0.475669295 0
vt 0.366890699 0.497013003 0
vt 0.366904289 0.475669414 0
vt 0.361827314 0.497013599 0
vt 0.361840904 0.47567001 0
vt 0.356950402 0.497014493 0
vt 0.356963992 0.475670904 0
vt 0.352273196 0.497016013 0
vt 0.352286905 0.475672305 0
vt 0.34780851 0.497017801 0
vt 0.347822189 0.475674003 0
vt 0.244769394 0.488855004 0
vt 0.244769394 0.510198712 0
vt 0.240419298 0.510198712 0
vt 0.240419298 0.488855004 0
vt 0.235850394 0.510198593 0
vt 0.235850394 0.488855004 0
vt 0.231075093 0.510198593 0
vt 0.231075093 0.488854885 0
vt 0.226106301 0.510198474 0
vt 0.226106301 0.488854885 0
vt 0.220957607 0.510198474 0
vt 0.220957607 0.488854796 0
vt 0.215643093 0.510198474 0
vt 0.215643093 0.488854796 0
vt 0.210177094 0.510198414 0
vt 0.210177094 0.488854796 0
vt 0.204574704 0.510198414 0
vt 0.204574704 0.488854796 0
vt 0.436815888 0.461464792 0
vt 0.436793208 0.4970375 0
vt 0.442919701 0.461469203 0
vt 0.442896903 0.497042 0
vt 0.448989302 0.461474001 0
vt 0.448966503 0.497046709 0
vt 0.455008298 0.461479098 0
vt 0.45498541 0.497051805 0
vt 0.460960209 0.461484492 0
vt 0.4609375 0.497057199 0
vt 0.466829002 0.461490214 0
vt 0.466806203 0.497062892 0
vt 0.472598612 0.461496115 0
vt 0.472575814 0.497068912 0
vt 0.478253305 0.461502403 0
vt 0.478230506 0.497075111 0
vt 0.483777702 0.461508811 0
vt 0.483754903 0.497081608 0
vt 0.489156902 0.461515605 0
vt 0.489134014 0.497088313 0
vt 0.494376004 0.4615224 0
vt 0.494353205 0.497095108 0
vt 0.49942109 0.461529493 0
vt 0.499398202 0.497102201 0
vt 0.504278302 0.461536705 0
vt 0.504255414 0.497109413 0
vt 0.508934319 0.461544007 0
vt 0.50891149 0.497116804 0
vt 0.513376713 0.461551607 0
vt 0.513353825 0.497124314 0
vt 0.277060986 0.538118422 0
vt 0.312633514 0.538115203 0
vt 0.312649012 0.5426265 0
vt 0.277076393 0.5426296 0
vt 0.312663496 0.547347486 0
vt 0.277090907 0.547350705 0
vt 0.312677205 0.552265525 0
vt 0.277104586 0.552268684 0
vt 0.3126899 0.557367206 0
vt 0.277117312 0.557370305 0
vt 0.312701702 0.562638521 0
vt 0.277129114 0.562641621 0
vt 0.312712401 0.568065107 0
vt 0.277139902 0.568068326 0
vt 0.312722206 0.573632419 0
vt 0.277149588 0.573635578 0
vt 0.312730908 0.57932508 0
vt 0.27715829 0.579328299 0
vt 0.329640508 0.835074484 0
vt 0.32642591 0.829862416 0
vt 0.353396505 0.848410189 0
vt 0.330206603 0.952080309 0
vt 0.362998486 0.904876828 0
vt 0.32642591 0.958312929 0
vt 0.333092809 0.946679413 0
vt 0.335693508 0.941135287 0
vt 0.338001609 0.935463071 0
vt 0.340010703 0.929678321 0
vt 0.341715395 0.923796594 0
vt 0.343111008 0.917833984 0
vt 0.365476906 0.900463879 0
vt 0.345410198 0.89962399 0
vt 0.345540285 0.89350158 0
vt 0.367564112 0.895214796 0
vt 0.33759591 0.85161531 0
vt 0.335233003 0.845965803 0
vt 0.332578808 0.840447187 0
vt 0.344193906 0.911806822 0
vt 0.344960988 0.905731201 0
vt 0.345350891 0.887380779 0
vt 0.368963301 0.889831126 0
vt 0.344842702 0.881278217 0
vt 0.36961171 0.879722297 0
vt 0.369610101 0.884271502 0
vt 0.34401691 0.875210404 0
vt 0.36899659 0.874285519 0
vt 0.366377085 0.865558684 0
vt 0.367609203 0.868857026 0
vt 0.36491099 0.862377286 0
vt 0.342875689 0.869193971 0
vt 0.360668391 0.855707824 0
vt 0.341422409 0.863245189 0
vt 0.357100308 0.8517102 0
vt 0.339660913 0.857380271 0
vt 0.363325208 0.859596014 0
vt 0.35595271 0.475643814 0
vt 0.354931802 0.284799904 0
vt 0.350465894 0.475641698 0
vt 0.35017401 0.279491603 0
vt 0.345268399 0.475640595 0
vt 0.345974892 0.275210589 0
vt 0.342366815 0.271896809 0
vt 0.34036389 0.475640386 0
vt 0.339482993 0.2695297 0
vt 0.336656511 0.475641012 0
vt 0.336396903 0.267322212 0
vt 0.332583904 0.475642502 0
vt 0.332474798 0.265113413 0
vt 0.26458171 0.278325588 0
vt 0.264826 0.488854885 0
vt 0.260606289 0.488854885 0
vt 0.26039359 0.277170092 0
vt 0.257721692 0.488854796 0
vt 0.25692901 0.276987195 0
vt 0.254710704 0.488854796 0
vt 0.253011405 0.277381003 0
vt 0.251827896 0.488854796 0
vt 0.247435197 0.488854796 0
vt 0.247846007 0.2786991 0
vt 0.243195593 0.280521512 0
vt 0.2422297 0.488854796 0
vt 0.239609301 0.282212287 0
vt 0.237307906 0.488854796 0
vt 0.235739693 0.284313202 0
vt 0.243407995 0.27927959 0
vt 0.249525398 0.274753898 0
vt 0.255398512 0.269915402 0
vt 0.273839414 0.2884247 0
vt 0.277204186 0.286138505 0
vt 0.275384903 0.292704791 0
vt 0.277219802 0.295411706 0
vt 0.272073299 0.285111308 0
vt 0.270336598 0.28274411 0
vt 0.268105805 0.280535907 0
vt 0.261011213 0.264777005 0
vt 0.277191192 0.304249197 0
vt 0.276557207 0.298011601 0
vt 0.266348302 0.259352893 0
vt 0.277177304 0.269196302 0
vt 0.273650199 0.250990212 0
vt 0.277164787 0.257905096 0
vt 0.282807708 0.250706702 0
vt 0.282607287 0.238504097 0
vt 0.287387997 0.244155705 0
vt 0.291619301 0.237375304 0
vt 0.29014039 0.225271195 0
vt 0.295491189 0.230382293 0
vt 0.298992306 0.223196894 0
vt 0.296253502 0.211324796 0
vt 0.302113086 0.215839207 0
vt 0.304845303 0.208328307 0
vt 0.300879508 0.196817502 0
vt 0.307181805 0.200684398 0
vt 0.309115499 0.192930505 0
vt 0.303968489 0.181907102 0
vt 0.310641795 0.185084805 0
vt 0.311756104 0.177171499 0
vt 0.3054865 0.166756004 0
vt 0.312455714 0.169210404 0
vt 0.312738508 0.161223397 0
vt 0.305417091 0.151528805 0
vt 0.312603801 0.153233096 0
vt 0.312052101 0.1452609 0
vt 0.303761095 0.136392206 0
vt 0.311084688 0.137327999 0
vt 0.309704602 0.129457399 0
vt 0.300536394 0.121510498 0
vt 0.3079153 0.121669702 0
vt 0.30572179 0.113985799 0
vt 0.295778304 0.107046001 0
vt 0.303129911 0.106426403 0
vt 0.300147086 0.0990136787 0
vt 0.289538294 0.0931559205 0
vt 0.296781301 0.0917667672 0
vt 0.293041706 0.084705472 0
vt 0.281884909 0.0799921677 0
vt 0.288938791 0.0778495595 0
vt 0.284482986 0.0712163374 0
vt 0.272900909 0.0676975176 0
vt 0.279687911 0.0648261309 0
vt 0.274566501 0.0586960912 0
vt 0.262684792 0.0564064309 0
vt 0.269130409 0.0528397486 0
vt 0.263395995 0.0472753011 0
vt 0.251346499 0.0462409183 0
vt 0.257379413 0.042018529 0
vt 0.251097202 0.0370833203 0
vt 0.239011496 0.0373135209 0
vt 0.244564697 0.0324821398 0
vt 0.237801507 0.0282287002 0
vt 0.225812897 0.0297198202 0
vt 0.230828494 0.0243357997 0
vt 0.2236595 0.0208110195 0
vt 0.2118949 0.02354341 0
vt 0.216316 0.0176650807 0
vt 0.208818093 0.0149068804 0
vt 0.197409794 0.0188513901 0
vt 0.201189905 0.0125448098 0
vt 0.193443999 0.0105828596 0
vt 0.182511702 0.0156941991 0
vt 0.185608894 0.00902867317 0
vt 0.177700594 0.00788509846 0
vt 0.167368501 0.0141071603 0
vt 0.169745699 0.00715619279 0
vt 0.161768407 0.0068436861 0
vt 0.152183995 0.0141058499 0
vt 0.1539267 0.00694316579 0
vt 0.146081805 0.00744473888 0
vt 0.137100905 0.0156782195 0
vt 0.138203293 0.00835907366 0
vt 0.130385205 0.00968009233 0
vt 0.122235604 0.01881551 0
vt 0.122642301 0.0114052799 0
vt 0.115000598 0.0135292998 0
vt 0.107778303 0.0234812405 0
vt 0.107478298 0.0160468798 0
vt 0.100096397 0.0189509299 0
vt 0.0938839912 0.0296253506 0
vt 0.0928744003 0.0222342592 0
vt 0.0858342573 0.0258864705 0
vt 0.0807036683 0.0371810086 0
vt 0.0789902806 0.0299002491 0
vt 0.123074397 0.545217574 0
vt 0.126485407 0.538115203 0
vt 0.130948097 0.545242012 0
vt 0.0723657608 0.0342620611 0
vt 0.0683805868 0.0460665785 0
vt 0.0659751222 0.0389621183 0
vt 0.138862103 0.545266628 0
vt 0.141631097 0.538162172 0
vt 0.146794602 0.545291126 0
vt 0.05983603 0.043987751 0
vt 0.0570482612 0.0561853014 0
vt 0.0539657995 0.0493249185 0
vt 0.1547236 0.545315802 0
vt 0.156818405 0.538209379 0
vt 0.162627801 0.545340419 0
vt 0.048380129 0.0549594685 0
vt 0.0468291007 0.067428112 0
vt 0.04309332 0.0608770214 0
vt 0.0381212793 0.0670596883 0
vt 0.0378349982 0.0796723291 0
vt 0.0334753282 0.0734933615 0
vt 0.0291703902 0.0801579282 0
vt 0.0301629305 0.092785351 0
vt 0.0252032205 0.0870588422 0
vt 0.0216124598 0.0941346809 0
vt 0.0238957405 0.106626198 0
vt 0.0183936302 0.101386398 0
vt 0.0155550204 0.108795799 0
vt 0.0191019103 0.121043503 0
vt 0.0131042497 0.116342403 0
vt 0.0110483104 0.124005899 0
vt 0.0158336107 0.135881007 0
vt 0.00939249899 0.131766394 0
vt 0.00814121868 0.139602005 0
vt 0.014126 0.150978804 0
vt 0.00729805185 0.147492096 0
vt 0.00686508417 0.155415207 0
vt 0.0139977904 0.166172206 0
vt 0.0068436861 0.163350493 0
vt 0.83269608 0.0670318007 0
vt 0.839777172 0.0706900284 0
vt 0.832678676 0.0749492571 0
vt 0.00723367883 0.171276793 0
vt 0.0154502904 0.1812962 0
vt 0.0080345273 0.179172203 0
vt 0.832659721 0.0828841925 0
vt 0.83974117 0.0858800411 0
vt 0.832639277 0.0908147022 0
vt 0.00924366713 0.187015101 0
vt 0.0184680801 0.196187302 0
vt 0.0108578801 0.194785401 0
vt 0.832617521 0.0987204313 0
vt 0.839699626 0.101021796 0
vt 0.832594275 0.106579699 0
vt 0.0128732901 0.202462003 0
vt 0.0219556 0.207589 0
vt 0.0152837597 0.210022494 0
vt 0.0258222204 0.217655703 0
vt 0.0180854201 0.217454299 0
vt 0.0212565009 0.224702194 0
vt 0.0310900807 0.228487894 0
vt 0.0248297397 0.231838197 0
vt 0.0287352204 0.238721699 0
vt 0.0348471887 0.235104993 0
vt 0.033004459 0.245412394 0
vt 0.0410785004 0.244648501 0
vt 0.0514762886 0.280536205 0
vt 0.0584976599 0.264777005 0
vt 0.0492347404 0.282779306 0
vt 0.0376197584 0.251879603 0
vt 0.0501043685 0.256043404 0
vt 0.042380631 0.257874012 0
vt 0.0423973687 0.269196302 0
vt 0.0424295589 0.291463614 0
vt 0.0476365015 0.284943908 0
vt 0.0457789302 0.288448691 0
vt 0.0442527495 0.292741686 0
vt 0.0430049784 0.298640013 0
vt 0.0424706303 0.305253804 0
vt 0.069983542 0.274753898 0
vt 0.0641105101 0.269915193 0
vt 0.076100938 0.27927959 0
vt 0.491636902 0.761940479 0
vt 0.381476194 0.635236323 0
vt 0.386239707 0.621360421 0
vt 0.404518813 0.594959319 0
vt 0.465227902 0.564911723 0
vt 0.48779121 0.564569712 0
vt 0.419347405 0.581972122 0
vt 0.526474893 0.577243924 0
vt 0.551533818 0.598353326 0
vt 0.456498891 0.760999918 0
vt 0.421310604 0.746674776 0
vt 0.408673197 0.736870408 0
vt 0.400034696 0.727422178 0
vt 0.377274603 0.658168018 0
vt 0.448967814 0.567871213 0
vt 0.565899611 0.619423211 0
vt 0.557517827 0.721565783 0
vt 0.536260903 0.743866205 0
vt 0.521235824 0.753020108 0
vt 0.378164709 0.680224895 0
vt 0.387027502 0.707630813 0
vt 0.575643599 0.651836276 0
vt 0.573225319 0.687062204 0
vt 0.446865797 0.557429016 0
vt 0.456191808 0.555279016 0
vt 0.450588286 0.5578866 0
vt 0.411703497 0.574494302 0
vt 0.418706208 0.569805026 0
vt 0.414408803 0.574247777 0
vt 0.409814 0.577627122 0
vt 0.404735804 0.580022812 0
vt 0.3952986 0.589142919 0
vt 0.393384606 0.593400776 0
vt 0.387324899 0.598924398 0
vt 0.389820904 0.597854316 0
vt 0.386495203 0.602487922 0
vt 0.380462795 0.609596014 0
vt 0.383416712 0.607289374 0
vt 0.39168939 0.734075427 0
vt 0.385932386 0.726430714 0
vt 0.390592486 0.730494082 0
vt 0.411891401 0.752978802 0
vt 0.405267 0.747767508 0
vt 0.410819709 0.750486791 0
vt 0.415453494 0.753812373 0
vt 0.419302195 0.757896781 0
vt 0.473399997 0.553415179 0
vt 0.470310986 0.555806816 0
vt 0.467633694 0.553735673 0
vt 0.461892396 0.554357588 0
vt 0.459070295 0.557059526 0
vt 0.442609102 0.561119795 0
vt 0.439488292 0.559811413 0
vt 0.434102505 0.56189841 0
vt 0.434714794 0.564115822 0
vt 0.428835005 0.564263821 0
vt 0.426985294 0.567705512 0
vt 0.423698604 0.566901386 0
vt 0.419656903 0.571899176 0
vt 0.403838485 0.583827019 0
vt 0.400456905 0.583900213 0
vt 0.397845685 0.589774311 0
vt 0.3800596 0.615219176 0
vt 0.376930207 0.616498411 0
vt 0.374598086 0.62178117 0
vt 0.375523806 0.625579715 0
vt 0.372545689 0.627178788 0
vt 0.37077859 0.632676601 0
vt 0.372095913 0.636357605 0
vt 0.369301707 0.638259172 0
vt 0.368119001 0.643911421 0
vt 0.370308906 0.644609272 0
vt 0.367233604 0.649617672 0
vt 0.369109809 0.6530478 0
vt 0.366648197 0.655362606 0
vt 0.3663643 0.661130428 0
vt 0.368635714 0.661477506 0
vt 0.366382509 0.666904986 0
vt 0.368771493 0.669999719 0
vt 0.366701692 0.672670424 0
vt 0.367324799 0.678411722 0
vt 0.369621903 0.678399622 0
vt 0.368246287 0.684112489 0
vt 0.37108919 0.686795712 0
vt 0.369464815 0.689757109 0
vt 0.370977014 0.695330024 0
vt 0.374084413 0.697701812 0
vt 0.372778803 0.700816274 0
vt 0.374865413 0.706201017 0
vt 0.378203213 0.708235025 0
vt 0.377230793 0.711468875 0
vt 0.379868805 0.716605902 0
vt 0.38200739 0.71577239 0
vt 0.382771999 0.721597672 0
vt 0.386386096 0.723084927 0
vt 0.39679119 0.736471713 0
vt 0.396867305 0.739847004 0
vt 0.400963694 0.743917525 0
vt 0.404838413 0.744419098 0
vt 0.423195302 0.757582426 0
vt 0.424312115 0.760768116 0
vt 0.429465801 0.763373494 0
vt 0.433304608 0.762654126 0
vt 0.434748292 0.765705407 0
vt 0.440146089 0.767757714 0
vt 0.443888396 0.766641378 0
vt 0.445643693 0.769524813 0
vt 0.451226413 0.771001577 0
vt 0.454831004 0.769500494 0
vt 0.456878603 0.772184372 0
vt 0.462585002 0.77306962 0
vt 0.466012597 0.77120012 0
vt 0.468329698 0.773654878 0
vt 0.474097908 0.773938894 0
vt 0.474442005 0.771674097 0
vt 0.479872406 0.773920596 0
vt 0.482964814 0.771538198 0
vt 0.448642612 0.560807526 0
vt 0.415702999 0.576202929 0
vt 0.41120851 0.579512119 0
vt 0.394183904 0.596365929 0
vt 0.391302407 0.598990321 0
vt 0.387600005 0.605353415 0
vt 0.385008305 0.608264625 0
vt 0.394050688 0.731090784 0
vt 0.41373679 0.749540091 0
vt 0.418925405 0.753312111 0
vt 0.473228693 0.557613313 0
vt 0.464868009 0.558184505 0
vt 0.456678599 0.559453309 0
vt 0.437965602 0.564826071 0
vt 0.427845299 0.569409728 0
vt 0.420654088 0.573528528 0
vt 0.405109704 0.585250974 0
vt 0.399230212 0.591090024 0
vt 0.381755412 0.616093814 0
vt 0.37835899 0.623652279 0
vt 0.375479996 0.631522477 0
vt 0.372673213 0.642272711 0
vt 0.371005386 0.65325731 0
vt 0.370494992 0.664356112 0
vt 0.371147603 0.675447404 0
vt 0.3724159 0.683636308 0
vt 0.374287814 0.691804826 0
vt 0.377788693 0.702349305 0
vt 0.382372707 0.712470114 0
vt 0.387989491 0.72205621 0
vt 0.402064413 0.73921138 0
vt 0.408203691 0.744777322 0
vt 0.429056495 0.758559227 0
vt 0.439235002 0.763013005 0
vt 0.449823797 0.766378522 0
vt 0.460705906 0.768618703 0
vt 0.46894449 0.769513071 0
vt 0.477319002 0.7698192 0
vt 0.451516211 0.562098622 0
vt 0.39294681 0.726287484 0
vt 0.470453888 0.560194671 0
vt 0.4596515 0.560905218 0
vt 0.44517529 0.565084577 0
vt 0.438654512 0.566683471 0
vt 0.428723902 0.57118541 0
vt 0.421677202 0.575226903 0
vt 0.414844692 0.579819918 0
vt 0.410006613 0.584475696 0
vt 0.402487308 0.59051919 0
vt 0.397034109 0.596540689 0
vt 0.391955614 0.603019774 0
vt 0.388792813 0.608943105 0
vt 0.38350901 0.617014229 0
vt 0.3802163 0.626084805 0
vt 0.377355695 0.632157505 0
vt 0.374604791 0.642708302 0
vt 0.372971714 0.653488815 0
vt 0.372474402 0.664380789 0
vt 0.37311849 0.675265193 0
vt 0.374896795 0.68602258 0
vt 0.377789706 0.69653523 0
vt 0.381765693 0.706687689 0
vt 0.386781186 0.716369092 0
vt 0.399699897 0.733900428 0
vt 0.405427992 0.739660978 0
vt 0.411632299 0.745071709 0
vt 0.420496702 0.751420975 0
vt 0.427520394 0.75550288 0
vt 0.434913903 0.759123325 0
vt 0.445119202 0.762962103 0
vt 0.45566991 0.765712976 0
vt 0.466450691 0.767346025 0
vt 0.473161101 0.767124474 0
vt 0.482793212 0.767663479 0
vt 0.456840903 0.563312411 0
vt 0.43214491 0.571602881 0
vt 0.420367897 0.578445911 0
vt 0.403876394 0.592008173 0
vt 0.396783292 0.6000067 0
vt 0.385289788 0.618001521 0
vt 0.377081096 0.640313923 0
vt 0.375480086 0.653992414 0
vt 0.375021607 0.664619625 0
vt 0.375149012 0.67512399 0
vt 0.377437502 0.685726881 0
vt 0.380592704 0.698996007 0
vt 0.385991186 0.710735202 0
vt 0.393005908 0.722651482 0
vt 0.401258796 0.732593298 0
vt 0.408875406 0.740095377 0
vt 0.417234004 0.74676007 0
vt 0.428894192 0.754192889 0
vt 0.440761298 0.759304702 0
vt 0.448711604 0.761125505 0
vt 0.459201515 0.764517188 0
vt 0.481701702 0.765550017 0
vt 0.475772887 0.562580228 0
vt 0.463811308 0.563473225 0
vt 0.443012595 0.568344712 0
vt 0.429968596 0.5739941 0
vt 0.411080807 0.586728275 0
vt 0.391378105 0.609346271 0
vt 0.381388009 0.629818022 0
vt 0.377569407 0.64351052 0
vt 0.380757391 0.695748329 0
vt 0.392324209 0.719471812 0
vt 0.426843196 0.751669705 0
vt 0.458095998 0.763057292 0
vt 0.473331302 0.764232278 0
vt 0.397663504 0.602244675 0
vt 0.437770307 0.755827606 0
vt 0.435042202 0.573097706 0
vt 0.507170975 0.568457484 0
vt 0.542085111 0.588055074 0
vt 0.57379359 0.639194906 0
vt 0.576237381 0.66773963 0
vt 0.567474723 0.70579952 0
vt 0.509412825 0.758168519 0
vt 0.496810704 0.564608812 0
vt 0.520275176 0.572488725 0
vt 0.541493475 0.585853279 0
vt 0.552986205 0.597311676 0
vt 0.561354578 0.60754621 0
vt 0.571174324 0.626385629 0
vt 0.578260422 0.662740111 0
vt 0.577278316 0.673383415 0
vt 0.5757128 0.683849573 0
vt 0.573576987 0.694188118 0
vt 0.560686886 0.72035408 0
vt 0.549885929 0.73335743 0
vt 0.542167127 0.741309404 0
vt 0.493402809 0.763206601 0
vt 0.489870995 0.562417328 0
vt 0.510934711 0.567582011 0
vt 0.53161788 0.577603698 0
vt 0.567290425 0.616623878 0
vt 0.575106621 0.636116326 0
vt 0.577035904 0.644969821 0
vt 0.578107417 0.65329361 0
vt 0.570257306 0.704514027 0
vt 0.56547612 0.714075804 0
vt 0.556498528 0.727352083 0
vt 0.530713081 0.75039053 0
vt 0.518887281 0.756667018 0
vt 0.508936405 0.760573387 0
vt 0.499012202 0.763452172 0
vt 0.480120093 0.56023252 0
vt 0.501550794 0.563216209 0
vt 0.524108112 0.571712375 0
vt 0.540259123 0.582033515 0
vt 0.548722327 0.59060657 0
vt 0.555965722 0.598541379 0
vt 0.579762995 0.672566175 0
vt 0.577758491 0.685725629 0
vt 0.551188111 0.735482514 0
vt 0.489387095 0.766394973 0
vt 0.486829609 0.560009778 0
vt 0.495004088 0.560661376 0
vt 0.508161724 0.564393997 0
vt 0.518366873 0.568232596 0
vt 0.532784104 0.575935006 0
vt 0.545818627 0.585797906 0
vt 0.553580523 0.593455493 0
vt 0.56049931 0.601882577 0
vt 0.566499174 0.61098671 0
vt 0.571514606 0.620668173 0
vt 0.575490594 0.630820811 0
vt 0.578383505 0.641333222 0
vt 0.580425322 0.65130192 0
vt 0.580805779 0.662975013 0
vt 0.579633176 0.679278672 0
vt 0.575924575 0.695198298 0
vt 0.572085917 0.705403507 0
vt 0.567201316 0.715151906 0
vt 0.561324596 0.724336207 0
vt 0.556672513 0.731088877 0
vt 0.546862602 0.740617275 0
vt 0.539249718 0.747370005 0
vt 0.529331088 0.753536105 0
vt 0.519649923 0.758551478 0
vt 0.509497106 0.762527704 0
vt 0.498984605 0.765420675 0
vt 0.481515497 0.557641804 0
vt 0.492903799 0.558313608 0
vt 0.504159272 0.560801089 0
vt 0.514042675 0.564338326 0
vt 0.525335371 0.56902802 0
vt 0.534602821 0.574340224 0
vt 0.542909324 0.580758393 0
vt 0.55172801 0.587996006 0
vt 0.556019008 0.592764676 0
vt 0.562111795 0.600735307 0
vt 0.566786706 0.607690513 0
vt 0.570905626 0.614881217 0
vt 0.574434876 0.622482002 0
vt 0.577378213 0.6302284 0
vt 0.580322385 0.64094162 0
vt 0.582377911 0.65471828 0
vt 0.582783282 0.662995219 0
vt 0.582477212 0.671369791 0
vt 0.581582785 0.679608107 0
vt 0.579970419 0.687831819 0
vt 0.577798307 0.695828617 0
vt 0.573883116 0.706226528 0
vt 0.570644975 0.713948309 0
vt 0.566276073 0.721387684 0
vt 0.562503815 0.726576924 0
vt 0.554048419 0.736260772 0
vt 0.548168898 0.7421 0
vt 0.53726542 0.750768781 0
vt 0.530299902 0.75525862 0
vt 0.520433128 0.760365725 0
vt 0.512657702 0.763492525 0
vt 0.504768014 0.766026318 0
vt 0.496599197 0.767898321 0
vt 0.488410592 0.769166589 0
vt 0.522166908 0.566754401 0
vt 0.583565891 0.651982725 0
vt 0.556874216 0.735313177 0
vt 0.540225983 0.75042969 0
vt 0.478833407 0.555671215 0
vt 0.487263709 0.55614531 0
vt 0.501239777 0.558487475 0
vt 0.512230575 0.561185002 0
vt 0.517545223 0.563187778 0
vt 0.532540321 0.571237922 0
vt 0.544113219 0.579279125 0
vt 0.550537109 0.58488071 0
vt 0.563656628 0.599618316 0
vt 0.569875181 0.609065115 0
vt 0.575072587 0.619110227 0
vt 0.578253508 0.627017677 0
vt 0.580831707 0.635057271 0
vt 0.582736373 0.643364906 0
vt 0.584606886 0.660212278 0
vt 0.58457458 0.668655217 0
vt 0.583462477 0.679910421 0
vt 0.581179917 0.690987587 0
vt 0.577751875 0.701765478 0
vt 0.574409604 0.709605992 0
vt 0.569072425 0.719574571 0
vt 0.551454186 0.741593421 0
vt 0.547597706 0.745739222 0
vt 0.531245172 0.756909311 0
vt 0.52120018 0.762106478 0
vt 0.513292074 0.765287519 0
vt 0.505252719 0.767865777 0
vt 0.494204789 0.770286083 0
vt 0.495867312 0.556437194 0
vt 0.506970286 0.559034526 0
vt 0.522966087 0.565067828 0
vt 0.52806282 0.567627609 0
vt 0.537820816 0.573529124 0
vt 0.555225372 0.588219702 0
vt 0.559066415 0.592436016 0
vt 0.584565401 0.64882201 0
vt 0.572680712 0.715095878 0
vt 0.566779077 0.724853516 0
vt 0.563453197 0.729487419 0
vt 0.559889615 0.733940899 0
vt 0.54346031 0.749714375 0
vt 0.479173899 0.553396881 0
vt 0.484941602 0.553680778 0
vt 0.492651194 0.554505229 0
vt 0.50397408 0.55677712 0
vt 0.5356673 0.570456505 0
vt 0.543505371 0.575948477 0
vt 0.54800421 0.579567909 0
vt 0.552308202 0.583418608 0
vt 0.563930392 0.596244276 0
vt 0.567339301 0.60090512 0
vt 0.570499718 0.605738103 0
vt 0.573402882 0.610729992 0
vt 0.576040924 0.615867019 0
vt 0.578406274 0.621134877 0
vt 0.580492914 0.626519322 0
vt 0.582294703 0.632005572 0
vt 0.583806872 0.637578785 0
vt 0.58540529 0.64516592 0
vt 0.586568713 0.654665172 0
vt 0.586890519 0.660431206 0
vt 0.586907387 0.666205525 0
vt 0.586623371 0.671973109 0
vt 0.586038113 0.677717984 0
vt 0.585152686 0.683424592 0
vt 0.58397001 0.689076602 0
vt 0.582493126 0.694659173 0
vt 0.580726027 0.700156987 0
vt 0.578673601 0.705554605 0
vt 0.575507104 0.712632179 0
vt 0.569847405 0.722698629 0
vt 0.556885421 0.739339173 0
vt 0.552814722 0.7434358 0
vt 0.539398611 0.754370511 0
vt 0.53456533 0.757531106 0
vt 0.529573619 0.76043421 0
vt 0.524436593 0.763072073 0
vt 0.519168675 0.765437603 0
vt 0.513783991 0.767524183 0
vt 0.508297801 0.769325972 0
vt 0.502724409 0.77083832 0
vt 0.4970797 0.772056818 0
vt 0.491379291 0.772978306 0
vt 0.485638291 0.773600101 0
vt 0.51605922 0.560643494 0
vt 0.526611686 0.565328419 0
vt 0.558534086 0.589769483 0
vt 0.562436104 0.732996702 0
vt 0.546146512 0.749320686 0
vt 0.601138115 0.662906706 0
vt 0.600902021 0.67195487 0
vt 0.599391222 0.68468833 0
vt 0.596579194 0.697198629 0
vt 0.59249568 0.709353626 0
vt 0.587184072 0.721024215 0
vt 0.580700576 0.732086897 0
vt 0.573114216 0.742424071 0
vt 0.564504683 0.751927018 0
vt 0.556975126 0.758782685 0
vt 0.549876094 0.764397502 0
vt 0.539130211 0.77139461 0
vt 0.530102909 0.776106715 0
vt 0.521807492 0.779728591 0
vt 0.509634912 0.783757985 0
vt 0.497112215 0.786514521 0
vt 0.487002611 0.787739515 0
vt 0.477965087 0.788207889 0
vt 0.465150714 0.787678778 0
vt 0.452460498 0.78584069 0
vt 0.442569405 0.78342092 0
vt 0.433947295 0.780665219 0
vt 0.424546301 0.776751995 0
vt 0.416451514 0.772702575 0
vt 0.407764196 0.76738888 0
vt 0.400388688 0.762141824 0
vt 0.390667588 0.753780305 0
vt 0.381857902 0.744463503 0
vt 0.375603586 0.736427128 0
vt 0.370553315 0.728915811 0
vt 0.364406586 0.717662275 0
vt 0.359449714 0.705836713 0
vt 0.356432408 0.696111023 0
vt 0.354356408 0.68730092 0
vt 0.352574587 0.674602926 0
vt 0.352107793 0.661788702 0
vt 0.352961093 0.648994505 0
vt 0.355125397 0.636356294 0
vt 0.358577698 0.624007225 0
vt 0.363281488 0.612078488 0
vt 0.369186789 0.600696921 0
vt 0.374722302 0.592149377 0
vt 0.380157709 0.584911406 0
vt 0.388766795 0.575408876 0
vt 0.398308009 0.566841602 0
vt 0.408679396 0.559300721 0
vt 0.419769704 0.552867115 0
vt 0.429027885 0.548625886 0
vt 0.437498599 0.545435786 0
vt 0.447299004 0.542669713 0
vt 0.456159413 0.540821195 0
vt 0.466269106 0.539596319 0
vt 0.475875795 0.539141476 0
vt 0.488120794 0.539656878 0
vt 0.498208493 0.541046977 0
vt 0.507067621 0.542901278 0
vt 0.516821921 0.545827389 0
vt 0.52529043 0.549023092 0
vt 0.536819696 0.554632902 0
vt 0.547712028 0.561398923 0
vt 0.557851017 0.569249272 0
vt 0.565267622 0.576227605 0
vt 0.571413696 0.582872212 0
vt 0.579219103 0.593045771 0
vt 0.585936725 0.603967488 0
vt 0.590414822 0.613113284 0
vt 0.593822002 0.621498883 0
vt 0.596839309 0.631224871 0
vt 0.598915279 0.640034914 0
vt 0.600697219 0.652733028 0
vt 0.4827815 0.535907626 0
vt 0.602009416 0.689074218 0
vt 0.599531829 0.699238002 0
vt 0.595223725 0.711685419 0
vt 0.589658499 0.72362411 0
vt 0.579086304 0.740302682 0
vt 0.573235929 0.747530401 0
vt 0.566073418 0.755155623 0
vt 0.556193113 0.763866425 0
vt 0.548695028 0.769366026 0
vt 0.539826572 0.774915576 0
vt 0.531571627 0.779195786 0
vt 0.490105212 0.790747404 0
vt 0.477856308 0.792756498 0
vt 0.603540778 0.679902494 0
vt 0.604424894 0.669478416 0
vt 0.604526579 0.660180211 0
vt 0.603796005 0.649744272 0
vt 0.60246551 0.640541196 0
vt 0.600137591 0.630342007 0
vt 0.597406805 0.621453404 0
vt 0.592425704 0.609260023 0
vt 0.586216927 0.597643077 0
vt 0.578846693 0.586726129 0
vt 0.480882287 0.796702683 0
vt 0.490956694 0.795196891 0
vt 0.605756819 0.69337821 0
vt 0.608125806 0.679945707 0
vt 0.608975112 0.669694602 0
vt 0.609062076 0.659517825 0
vt 0.608323812 0.649258375 0
vt 0.60684371 0.639189482 0
vt 0.604535282 0.629165888 0
vt 0.60152328 0.619444907 0
vt 0.596312881 0.60683912 0
vt 0.5915277 0.597733676 0
vt 0.586139381 0.589100122 0
vt 0.472599208 0.535244584 0
vt 0.4826186 0.531250298 0
vt 0.481027007 0.801113725 0
vt 0.491422415 0.799583972 0
vt 0.500340223 0.789376676 0
vt 0.610065222 0.694374204 0
vt 0.612512708 0.680493474 0
vt 0.613391101 0.669905424 0
vt 0.613479614 0.659385026 0
vt 0.612718105 0.648787975 0
vt 0.611186504 0.638379216 0
vt 0.607870579 0.624679923 0
vt 0.604435325 0.614626408 0
vt 0.600303411 0.604950905 0
vt 0.595362127 0.595545709 0
vt 0.589790404 0.586621404 0
vt 0.472404003 0.530668676 0
vt 0.479335994 0.526837111 0
vt 0.481167495 0.805372477 0
vt 0.488405287 0.804369628 0
vt 0.504481673 0.793210626 0
vt 0.509412885 0.787339926 0
vt 0.611380816 0.70581013 0
vt 0.613369703 0.698818624 0
vt 0.614996016 0.691734016 0
vt 0.616255403 0.6845752 0
vt 0.617144704 0.677360892 0
vt 0.617661417 0.670110524 0
vt 0.61780411 0.662842989 0
vt 0.617572606 0.655577779 0
vt 0.61696738 0.648334324 0
vt 0.615990102 0.64113152 0
vt 0.614643216 0.6339885 0
vt 0.612930477 0.626924276 0
vt 0.610856414 0.619957805 0
vt 0.608426273 0.613107204 0
vt 0.605646908 0.606390715 0
vt 0.602525294 0.599826217 0
vt 0.599070013 0.593431175 0
vt 0.595290005 0.587222517 0
vt 0.591195524 0.581216693 0
vt 0.472268313 0.526279509 0
vt 0.479424685 0.522579372 0
vt 0.481303006 0.809467673 0
vt 0.488752902 0.808479905 0
vt 0.49563089 0.803578019 0
vt 0.505418479 0.797536373 0
vt 0.6128968 0.71412909 0
vt 0.615311325 0.707048774 0
vt 0.617358088 0.699853718 0
vt 0.619031787 0.692562699 0
vt 0.620328009 0.685195208 0
vt 0.621243119 0.677770793 0
vt 0.621774912 0.670309126 0
vt 0.621921778 0.662829876 0
vt 0.621683478 0.655353129 0
vt 0.62106061 0.647898376 0
vt 0.620054901 0.640485823 0
vt 0.618668795 0.633134723 0
vt 0.616906106 0.625864804 0
vt 0.614771605 0.61869508 0
vt 0.612270713 0.611644983 0
vt 0.609410286 0.604732871 0
vt 0.606197774 0.597977221 0
vt 0.602641821 0.591395795 0
vt 0.598751724 0.585006177 0
vt 0.594537914 0.578825295 0
vt 0.472137213 0.522042572 0
vt 0.479510605 0.518479705 0
vt 0.481433004 0.813389003 0
vt 0.489086807 0.812423408 0
vt 0.496189088 0.807665229 0
vt 0.502806306 0.80241549 0
vt 0.517651975 0.789661288 0
vt 0.521954775 0.783314586 0
vt 0.613750279 0.722645879 0
vt 0.616601527 0.715510607 0
vt 0.619081616 0.708238125 0
vt 0.621183991 0.700847626 0
vt 0.622903109 0.693358719 0
vt 0.624234498 0.685791075 0
vt 0.625174522 0.678165078 0
vt 0.62572068 0.670500815 0
vt 0.625871599 0.662818611 0
vt 0.625626922 0.655138671 0
vt 0.624987125 0.64748168 0
vt 0.623953998 0.639867783 0
vt 0.622530282 0.632317126 0
vt 0.62071979 0.624849677 0
vt 0.618527174 0.617485523 0
vt 0.615958512 0.610243797 0
vt 0.61302042 0.60314399 0
vt 0.609720707 0.596204877 0
vt 0.606068075 0.589444876 0
vt 0.602072418 0.582881808 0
vt 0.597744226 0.57653302 0
vt 0.486377686 0.527156889 0
vt 0.48668611 0.522909224 0
vt 0.486983597 0.518819213 0
vt 0.487269491 0.514897525 0
vt 0.479593605 0.514548898 0
vt 0.489405006 0.816174984 0
vt 0.876027405 0.611721396 0
vt 0.879548728 0.603974223 0
vt 0.879291296 0.611845315 0
vt 0.519027412 0.793868899 0
vt 0.509912193 0.800885201 0
vt 0.503573418 0.806468904 0
vt 0.496724904 0.811586618 0
vt 0.497050703 0.815343976 0
vt 0.530387402 0.784776986 0
vt 0.516929984 0.798991084 0
vt 0.510886371 0.80489397 0
vt 0.504309773 0.81035769 0
vt 0.504806697 0.814097822 0
vt 0.532187283 0.78882128 0
vt 0.523840904 0.796738207 0
vt 0.518108726 0.80294472 0
vt 0.51182133 0.80874002 0
vt 0.512516618 0.812447906 0
vt 0.539613128 0.780228078 0
vt 0.530626774 0.79413259 0
vt 0.525220871 0.800626218 0
vt 0.519239724 0.806737781 0
vt 0.520140111 0.810400784 0
vt 0.548381984 0.775063872 0
vt 0.541716814 0.784123719 0
vt 0.537269413 0.791181087 0
vt 0.532204509 0.797944605 0
vt 0.526545107 0.804356396 0
vt 0.527637422 0.807966411 0
vt 0.55078131 0.778783917 0
vt 0.543751419 0.787891507 0
vt 0.539040685 0.794907093 0
vt 0.533718228 0.801602006 0
vt 0.535003126 0.805147529 0
vt 0.55679822 0.769149303 0
vt 0.550055385 0.784272671 0
vt 0.545711517 0.791521728 0
vt 0.540740073 0.79848212 0
vt 0.542218506 0.801950693 0
vt 0.564668119 0.762696803 0
vt 0.562222421 0.770551085 0
vt 0.556164801 0.780334115 0
vt 0.552199185 0.787797511 0
vt 0.547591984 0.795004725 0
vt 0.549251378 0.79839021 0
vt 0.562063217 0.776086271 0
vt 0.558486521 0.783744216 0
vt 0.554255903 0.791179419 0
vt 0.55605191 0.794495404 0
vt 0.574382007 0.753121316 0
vt 0.572755873 0.761185825 0
vt 0.567735314 0.771540403 0
vt 0.564556777 0.779372513 0
vt 0.560713887 0.787015915 0
vt 0.56273061 0.790199816 0
vt 0.573165715 0.766708612 0
vt 0.570394099 0.774694204 0
vt 0.566949129 0.782525599 0
vt 0.56910938 0.785614908 0
vt 0.581014395 0.74525851 0
vt 0.582271099 0.75078702 0
vt 0.578340173 0.761603594 0
vt 0.575982809 0.769721627 0
vt 0.57294482 0.777720273 0
vt 0.575275302 0.780681908 0
vt 0.584990025 0.731666088 0
vt 0.586981893 0.737014472 0
vt 0.583245099 0.756238997 0
vt 0.581308126 0.764467895 0
vt 0.578685284 0.772612691 0
vt 0.581165016 0.775450408 0
vt 0.590666115 0.739465415 0
vt 0.58786732 0.750629127 0
vt 0.586355925 0.758947015 0
vt 0.584155202 0.767216325 0
vt 0.586783111 0.769916177 0
vt 0.59393692 0.725280821 0
vt 0.592194617 0.744788587 0
vt 0.591112673 0.75317359 0
vt 0.589339972 0.761545479 0
vt 0.592102528 0.764107108 0
vt 0.597852886 0.727340102 0
vt 0.596215487 0.738733113 0
vt 0.595566094 0.747162998 0
vt 0.594226122 0.755615413 0
vt 0.597121418 0.758024514 0
vt 0.599648774 0.712894022 0
vt 0.599919319 0.732478678 0
vt 0.599704206 0.740931094 0
vt 0.598800302 0.749441624 0
vt 0.601833284 0.751673579 0
vt 0.60375452 0.714540482 0
vt 0.60329628 0.726041913 0
vt 0.603515923 0.734494507 0
vt 0.603050709 0.743040502 0
vt 0.60620141 0.745101273 0
vt 0.603080928 0.70319742 0
vt 0.606337428 0.719439805 0
vt 0.606991172 0.727870107 0
vt 0.606966019 0.736428976 0
vt 0.610220909 0.738319695 0
vt 0.607300401 0.704525113 0
vt 0.609034598 0.712689817 0
vt 0.610121012 0.721075714 0
vt 0.610535681 0.729624808 0
vt 0.613907099 0.731294811 0
vt 0.61718303 0.724188209 0
vt 0.60075587 0.574299991 0
vt 0.605200887 0.580814302 0
vt 0.609327316 0.587590575 0
vt 0.61307162 0.594520688 0
vt 0.616454303 0.601634324 0
vt 0.619466305 0.608912528 0
vt 0.622099578 0.616336226 0
vt 0.624347329 0.623885691 0
vt 0.626203299 0.631540775 0
vt 0.627662778 0.639281273 0
vt 0.628721774 0.64708662 0
vt 0.629377723 0.654936194 0
vt 0.629628599 0.662809074 0
vt 0.58596468 0.0671645924 0
vt 0.589735389 0.0668311715 0
vt 0.585947812 0.0748317763 0
vt 0.589717984 0.0746911094 0
vt 0.585929394 0.0825147629 0
vt 0.589699209 0.0825672075 0
vt 0.585909605 0.0901931524 0
vt 0.589678824 0.0904386565 0
vt 0.627950311 0.686359227 0
vt 0.626585603 0.69411701 0
vt 0.624823213 0.701794207 0
vt 0.622667909 0.709370494 0
vt 0.620125473 0.716825902 0
vt 0.595983028 0.568025708 0
vt 0.593094826 0.570415676 0
vt 0.590011418 0.572869718 0
vt 0.586797118 0.575429618 0
vt 0.581266105 0.57539618 0
vt 0.577890515 0.578236818 0
vt 0.590893328 0.562005877 0
vt 0.588136673 0.564545572 0
vt 0.585184276 0.567154884 0
vt 0.582106829 0.569876492 0
vt 0.572204411 0.57864368 0
vt 0.585500717 0.556256771 0
vt 0.582883 0.558938682 0
vt 0.580069602 0.561696112 0
vt 0.577136695 0.564572275 0
vt 0.574092329 0.567559779 0
vt 0.568567872 0.568279088 0
vt 0.565787375 0.571914315 0
vt 0.579818606 0.550792575 0
vt 0.577347517 0.55360961 0
vt 0.574680507 0.556507885 0
vt 0.571900189 0.559530973 0
vt 0.56643188 0.560349226 0
vt 0.147337094 0.788257778 0
vt 0.155212507 0.788282275 0
vt 0.147354603 0.792014182 0
vt 0.155030996 0.792038023 0
vt 0.571545124 0.5485726 0
vt 0.569031417 0.551603973 0
vt 0.566411078 0.55476588 0
vt 0.558271825 0.55933392 0
vt 0.555880427 0.563234329 0
vt 0.139453605 0.78823328 0
vt 0.139671102 0.79199028 0
vt 0.56549108 0.543841004 0
vt 0.563137472 0.546997428 0
vt 0.560684025 0.55028981 0
vt 0.555329621 0.55166471 0
vt 0.131584704 0.788208902 0
vt 0.132000893 0.791966498 0
vt 0.559201479 0.539427221 0
vt 0.557014227 0.54270041 0
vt 0.554734111 0.546114326 0
vt 0.547109604 0.551494122 0
vt 0.545132518 0.555618703 0
vt 0.554511726 0.53206861 0
vt 0.561192274 0.536254108 0
vt 0.552693129 0.535343111 0
vt 0.550677776 0.538724184 0
vt 0.548577011 0.542250812 0
vt 0.546396494 0.545913279 0
vt 0.547623873 0.528232813 0
vt 0.545983076 0.531599402 0
vt 0.544145107 0.535079479 0
vt 0.542229295 0.538709223 0
vt 0.537151873 0.540891111 0
vt 0.535200477 0.544843197 0
vt 0.533659577 0.549149096 0
vt 0.540548205 0.524757206 0
vt 0.539089203 0.528206229 0
vt 0.537433505 0.531776011 0
vt 0.535707712 0.535499275 0
vt 0.533302605 0.521650612 0
vt 0.532029808 0.525172293 0
vt 0.530560613 0.528822303 0
vt 0.529029429 0.532629073 0
vt 0.52420491 0.535321176 0
vt 0.522669911 0.53945142 0
vt 0.521581173 0.54389292 0
vt 0.525907874 0.518921971 0
vt 0.524823487 0.52250582 0
vt 0.523544908 0.526226401 0
vt 0.522212327 0.530106723 0
vt 0.518379927 0.516577125 0
vt 0.517489493 0.520213902 0
vt 0.516404808 0.523994923 0
vt 0.515274405 0.527938604 0
vt 0.510752916 0.531111419 0
vt 0.509652913 0.535377681 0
vt 0.5090276 0.539907098 0
vt 0.510742724 0.514623523 0
vt 0.510047317 0.5183025 0
vt 0.509159327 0.522134125 0
vt 0.508234024 0.526130319 0
vt 0.503015578 0.513066173 0
vt 0.502516508 0.5167768 0
vt 0.501827598 0.520648777 0
vt 0.501109779 0.524686992 0
vt 0.496939689 0.528307378 0
vt 0.496284902 0.532664001 0
vt 0.496129811 0.537233114 0
vt 0.495216608 0.511908829 0
vt 0.494917214 0.515640676 0
vt 0.494429111 0.519542813 0
vt 0.493920803 0.52361238 0
vt 0.487368613 0.511154771 0
vt 0.472013503 0.517971516 0
vt 0.471851796 0.51403898 0
vt 0.479673088 0.510811806 0
vt 0.471796304 0.510859907 0
vt 0.876278579 0.619469404 0
vt 0.879031479 0.619778514 0
vt 0.876026571 0.627175629 0
vt 0.87877363 0.627658129 0
vt 0.875776112 0.634838879 0
vt 0.878514826 0.635544896 0
vt 0.45828411 0.812846601 0
vt 0.457771599 0.815536022 0
vt 0.450632304 0.811702728 0
vt 0.449999511 0.814365327 0
vt 0.44304961 0.810166478 0
vt 0.442138195 0.812760174 0
vt 0.435555995 0.808241904 0
vt 0.434407413 0.81075412 0
vt 0.428171396 0.805934072 0
vt 0.426843196 0.808365822 0
vt 0.420915395 0.80324918 0
vt 0.419451714 0.805605888 0
vt 0.413807303 0.800194502 0
vt 0.412092209 0.80240941 0
vt 0.406865805 0.796777725 0
vt 0.405064404 0.798916578 0
vt 0.40010941 0.793008327 0
vt 0.398057193 0.794962704 0
vt 0.393556088 0.788896024 0
vt 0.391456902 0.790777206 0
vt 0.387223095 0.784451783 0
vt 0.384915113 0.786134779 0
vt 0.381127298 0.779687405 0
vt 0.37868771 0.781208873 0
vt 0.37528491 0.774615586 0
vt 0.372706294 0.775949001 0
vt 0.36971119 0.769249678 0
vt 0.366919905 0.770291984 0
vt 0.364421308 0.763604105 0
vt 0.361470401 0.764368713 0
vt 0.359428912 0.757693589 0
vt 0.356664509 0.758611202 0
vt 0.354747415 0.751533926 0
vt 0.3519063 0.752260804 0
vt 0.350389302 0.745141506 0
vt 0.347483814 0.745672286 0
vt 0.346365988 0.73853308 0
vt 0.343408287 0.738862216 0
vt 0.342688203 0.731726408 0
vt 0.339691609 0.731850028 0
vt 0.33936581 0.724739313 0
vt 0.336343497 0.724654078 0
vt 0.336407393 0.71759057 0
vt 0.333373308 0.717294574 0
vt 0.333820909 0.710298896 0
vt 0.330788404 0.70979023 0
vt 0.331613302 0.70288378 0
vt 0.56942898 0.188069895 0
vt 0.569398224 0.180373296 0
vt 0.572211802 0.181206197 0
vt 0.328596294 0.70216161 0
vt 0.329790205 0.695365012 0
vt 0.5693748 0.172584996 0
vt 0.572187722 0.173631296 0
vt 0.572170913 0.165985197 0
vt 0.569358885 0.164728403 0
vt 0.572161317 0.158288404 0
vt 0.569350481 0.156822294 0
vt 0.572158992 0.150561497 0
vt 0.569349527 0.148889005 0
vt 0.572163999 0.142824695 0
vt 0.569352984 0.142749995 0
vt 0.572176218 0.135098606 0
vt 0.569370329 0.136684105 0
vt 0.572195709 0.127403706 0
vt 0.569388211 0.128778607 0
vt 0.572222292 0.119760297 0
vt 0.571991026 0.357001603 0
vt 0.561689496 0.321691304 0
vt 0.571991026 0.311011791 0
vt 0.574565113 0.475880802 0
vt 0.559349775 0.4888753 0
vt 0.559349775 0.428417891 0
vt 0.572752178 0.422860205 0
vt 0.560958624 0.382651597 0
vt 0.572752178 0.370781898 0
vt 0.615369916 0.346059203 0
vt 0.603423774 0.355160505 0
vt 0.603423774 0.310105503 0
vt 0.326425791 0.634959102 0
vt 0.328121901 0.62720257 0
vt 0.331145793 0.62636143 0
vt 0.333262801 0.61891979 0
vt 0.330218107 0.619544804 0
vt 0.335759908 0.611597121 0
vt 0.332708687 0.612006307 0
vt 0.338630706 0.604412675 0
vt 0.335587412 0.604606688 0
vt 0.341867596 0.597385585 0
vt 0.338846087 0.597366273 0
vt 0.345461994 0.590534389 0
vt 0.342476308 0.590304375 0
vt 0.349404186 0.583877325 0
vt 0.346468002 0.583440602 0
vt 0.353684008 0.577431977 0
vt 0.350740194 0.576895416 0
vt 0.355413109 0.570483029 0
vt 0.358289808 0.57121563 0
vt 0.360422403 0.564309597 0
vt 0.363209605 0.565244496 0
vt 0.365745008 0.558405578 0
vt 0.368430197 0.55953449 0
vt 0.371365994 0.552787006 0
vt 0.373937905 0.554100871 0
vt 0.377272606 0.547466874 0
vt 0.379718006 0.548958123 0
vt 0.383446604 0.542461514 0
vt 0.385755092 0.544119477 0
vt 0.389871299 0.537784278 0
vt 0.392033309 0.539598227 0
vt 0.396531194 0.53344661 0
vt 0.398535907 0.535406113 0
vt 0.403407007 0.529460788 0
vt 0.405245692 0.531554401 0
vt 0.410481215 0.525837302 0
vt 0.412144989 0.528052926 0
vt 0.417732209 0.522586823 0
vt 0.419215292 0.524911523 0
vt 0.425141901 0.519717515 0
vt 0.426437914 0.522138119 0
vt 0.432690889 0.51723671 0
vt 0.433793813 0.519740283 0
vt 0.440358788 0.515151203 0
vt 0.441263288 0.517724216 0
vt 0.4481242 0.513466895 0
vt 0.4488267 0.5160954 0
vt 0.455965608 0.512188196 0
vt 0.456463903 0.514858127 0
vt 0.463866711 0.511318207 0
vt 0.464154691 0.514015496 0
vt 0.473784089 0.810057521 0
vt 0.464471906 0.517865479 0
vt 0.456979603 0.518686295 0
vt 0.449539393 0.519891679 0
vt 0.442171186 0.521478474 0
vt 0.434894294 0.523442507 0
vt 0.427728295 0.525778472 0
vt 0.420691997 0.528480411 0
vt 0.413804114 0.531540811 0
vt 0.407082886 0.534951806 0
vt 0.400546193 0.538704216 0
vt 0.394211292 0.542788088 0
vt 0.388095111 0.547192872 0
vt 0.382213712 0.551906526 0
vt 0.376582801 0.556916714 0
vt 0.37121731 0.562210083 0
vt 0.366131306 0.567772627 0
vt 0.361338496 0.573589802 0
vt 0.356851488 0.579645813 0
vt 0.352682114 0.585924804 0
vt 0.348841608 0.592410088 0
vt 0.345340014 0.599084616 0
vt 0.3421866 0.605930328 0
vt 0.33938989 0.612929404 0
vt 0.336957097 0.620063126 0
vt 0.334894806 0.62731272 0
vt 0.333208501 0.634658813 0
vt 0.329414815 0.633902013 0
vt 0.331902504 0.642081976 0
vt 0.328074306 0.641521811 0
vt 0.33098039 0.649562478 0
vt 0.327127814 0.64920038 0
vt 0.330444604 0.657080472 0
vt 0.326577812 0.656917572 0
vt 0.330296606 0.664616227 0
vt 0.326425791 0.664652824 0
vt 0.330536693 0.672149599 0
vt 0.326672286 0.672385693 0
vt 0.3311643 0.679660618 0
vt 0.327316493 0.680095613 0
vt 0.332177609 0.687129319 0
vt 0.328356713 0.687762082 0
vt 0.333574206 0.694535911 0
vt 0.335350186 0.701860905 0
vt 0.3375009 0.70908457 0
vt 0.340020597 0.716188073 0
vt 0.34290269 0.723152518 0
vt 0.346139401 0.72995919 0
vt 0.349722296 0.736590326 0
vt 0.353641808 0.743028224 0
vt 0.357887506 0.749255717 0
vt 0.362448186 0.755256414 0
vt 0.367311686 0.761014402 0
vt 0.372465104 0.766514421 0
vt 0.377894998 0.771741807 0
vt 0.383586705 0.776682794 0
vt 0.389525205 0.781324208 0
vt 0.395694792 0.78565383 0
vt 0.402079105 0.789659977 0
vt 0.408661097 0.793332219 0
vt 0.415423512 0.796660721 0
vt 0.422348291 0.799636722 0
vt 0.429417014 0.802252293 0
vt 0.436611086 0.80450052 0
vt 0.443911403 0.806375504 0
vt 0.451298505 0.807872117 0
vt 0.458752811 0.808986425 0
vt 0.466254711 0.809715509 0
vt 0.465984702 0.813594997 0
vt 0.473713487 0.813946009 0
vt 0.473858505 0.805990219 0
vt 0.466537714 0.805657804 0
vt 0.459243715 0.804948807 0
vt 0.451995999 0.803865373 0
vt 0.444813609 0.802410185 0
vt 0.43771559 0.800587296 0
vt 0.430720896 0.798401415 0
vt 0.423848003 0.795858324 0
vt 0.417115092 0.792964816 0
vt 0.410540104 0.789728522 0
vt 0.404140413 0.786157906 0
vt 0.397933096 0.782262802 0
vt 0.391934514 0.778053224 0
vt 0.386160493 0.773540378 0
vt 0.3806265 0.768736422 0
vt 0.375347108 0.763653815 0
vt 0.370336503 0.758306205 0
vt 0.365607709 0.752707779 0
vt 0.361173391 0.746873319 0
vt 0.357045412 0.740818322 0
vt 0.3532345 0.73455888 0
vt 0.349750906 0.728111506 0
vt 0.346603811 0.721493423 0
vt 0.343801588 0.714721978 0
vt 0.341351688 0.707815409 0
vt 0.339260608 0.700791717 0
vt 0.337533891 0.693669796 0
vt 0.336176008 0.686468422 0
vt 0.335190713 0.679206729 0
vt 0.334580511 0.671903789 0
vt 0.334347099 0.664579213 0
vt 0.334491014 0.657252371 0
vt 0.335011989 0.649942577 0
vt 0.335908502 0.64266938 0
vt 0.3371782 0.635451913 0
vt 0.338817894 0.628309429 0
vt 0.340822995 0.621260822 0
vt 0.343188405 0.614324629 0
vt 0.345907599 0.607519507 0
vt 0.348973602 0.600863397 0
vt 0.35237819 0.594374001 0
vt 0.356112301 0.588068426 0
vt 0.360166103 0.58196342 0
vt 0.364528805 0.576075077 0
vt 0.369188786 0.570419192 0
vt 0.374133795 0.565010905 0
vt 0.379350692 0.559864104 0
vt 0.384825498 0.554992676 0
vt 0.390543908 0.550409615 0
vt 0.396490693 0.546127081 0
vt 0.402649999 0.542156219 0
vt 0.409005612 0.538507819 0
vt 0.415540606 0.535191417 0
vt 0.422237605 0.532215714 0
vt 0.429078907 0.529588819 0
vt 0.436046392 0.527317524 0
vt 0.443121612 0.52540791 0
vt 0.450285614 0.523864985 0
vt 0.45751971 0.522693098 0
vt 0.464804411 0.521895111 0
vt 0.473936498 0.801753581 0
vt 0.46515131 0.526094675 0
vt 0.458082914 0.526869118 0
vt 0.451063693 0.528006315 0
vt 0.44411239 0.529503286 0
vt 0.437247306 0.531356215 0
vt 0.430486709 0.533559978 0
vt 0.42384851 0.536108971 0
vt 0.417350411 0.53899622 0
vt 0.41100949 0.542214215 0
vt 0.404842585 0.545754313 0
vt 0.398866206 0.549607277 0
vt 0.393096 0.553762615 0
vt 0.387547404 0.558209479 0
vt 0.382235199 0.562936306 0
vt 0.377173185 0.567930222 0
vt 0.372375011 0.573178113 0
vt 0.367853403 0.578665912 0
vt 0.363620311 0.584379315 0
vt 0.359686911 0.590303004 0
vt 0.356063604 0.596421421 0
vt 0.352760106 0.602718115 0
vt 0.349785209 0.609176576 0
vt 0.34714669 0.615779579 0
vt 0.344851613 0.622509718 0
vt 0.342905998 0.629349113 0
vt 0.341315001 0.636279523 0
vt 0.340083003 0.643282712 0
vt 0.339213103 0.650339901 0
vt 0.338707596 0.657432616 0
vt 0.338568002 0.6645419 0
vt 0.3387945 0.671648979 0
vt 0.339386493 0.678735018 0
vt 0.340342611 0.685781121 0
vt 0.341660112 0.692768574 0
vt 0.343335599 0.699679077 0
vt 0.3453646 0.706494212 0
vt 0.347741693 0.713195622 0
vt 0.350460708 0.719766021 0
vt 0.353514403 0.726187527 0
vt 0.356894493 0.732443511 0
vt 0.360592186 0.738517106 0
vt 0.364597708 0.744392216 0
vt 0.368900299 0.750053406 0
vt 0.373488605 0.755485594 0
vt 0.378350496 0.760674417 0
vt 0.383473098 0.765606105 0
vt 0.388842791 0.770267427 0
vt 0.3944453 0.774646223 0
vt 0.400265813 0.77873081 0
vt 0.406288803 0.782510281 0
vt 0.412498415 0.785974801 0
vt 0.418878108 0.789115012 0
vt 0.425411105 0.791922629 0
vt 0.432079911 0.794390202 0
vt 0.438866913 0.796511173 0
vt 0.445754111 0.798280001 0
vt 0.452723205 0.799691916 0
vt 0.459755808 0.800743222 0
vt 0.466833115 0.801431119 0
vt 0.474018008 0.797357619 0
vt 0.463654399 0.796767116 0
vt 0.450039387 0.794726074 0
vt 0.440062404 0.792281628 0
vt 0.430190712 0.789071321 0
vt 0.417544812 0.783630371 0
vt 0.405525297 0.776918292 0
vt 0.394259602 0.769005597 0
vt 0.383867115 0.759976506 0
vt 0.3767609 0.752559304 0
vt 0.370154291 0.744552612 0
vt 0.364274114 0.736129701 0
vt 0.35897851 0.7272017 0
vt 0.354464412 0.717974305 0
vt 0.350605696 0.708337605 0
vt 0.346682906 0.695141673 0
vt 0.344137609 0.681612372 0
vt 0.343168706 0.671385705 0
vt 0.342957407 0.661007583 0
vt 0.343574107 0.650753498 0
vt 0.344962507 0.640466094 0
vt 0.3471497 0.630429387 0
vt 0.3501046 0.62047857 0
vt 0.355218112 0.607696772 0
vt 0.361618906 0.595508277 0
vt 0.367205888 0.586888015 0
vt 0.373481303 0.578619123 0
vt 0.380328387 0.570961416 0
vt 0.38780129 0.563756526 0
vt 0.398547292 0.555151284 0
vt 0.410121411 0.547696471 0
vt 0.422399789 0.541471481 0
vt 0.435254008 0.536541522 0
vt 0.448547095 0.53295958 0
vt 0.462210715 0.530837178 0
vt 0.463557303 0.792196095 0
vt 0.450412095 0.790170014 0
vt 0.4375453 0.786802828 0
vt 0.425092191 0.78213048 0
vt 0.413186014 0.776202679 0
vt 0.405192286 0.771277308 0
vt 0.396625102 0.76509738 0
vt 0.38662079 0.756332576 0
vt 0.380145401 0.74953407 0
vt 0.373434514 0.741376221 0
vt 0.368082196 0.73366189 0
vt 0.362706691 0.724568486 0
vt 0.358605504 0.716122389 0
vt 0.354693413 0.706309974 0
vt 0.351940691 0.697333515 0
vt 0.349585205 0.687035799 0
vt 0.347856909 0.673848629 0
vt 0.347481102 0.664466619 0
vt 0.347825795 0.653909028 0
vt 0.348898202 0.644581079 0
vt 0.350863487 0.634202421 0
vt 0.354560912 0.621426105 0
vt 0.359552294 0.6090976 0
vt 0.365784705 0.597348213 0
vt 0.373192787 0.586301029 0
vt 0.381696701 0.576075017 0
vt 0.391207308 0.566776991 0
vt 0.39848581 0.560845375 0
vt 0.407137513 0.554784119 0
vt 0.415241808 0.550043106 0
vt 0.42472291 0.54538548 0
vt 0.43716079 0.540674388 0
vt 0.450017899 0.53726691 0
vt 0.462978899 0.535171807 0
vt 0.906886995 0.65444231 0
vt 0.909421384 0.661102712 0
vt 0.877755284 0.658702612 0
vt 0.937215626 0.701453388 0
vt 0.941247702 0.705097377 0
vt 0.876373172 0.700857282 0
vt 0.455952913 0.247763202 0
vt 0.448531985 0.246219203 0
vt 0.569935679 0.243630797 0
vt 0.440525413 0.245133102 0
vt 0.474188209 0.253659695 0
vt 0.463998288 0.250012398 0
vt 0.570023298 0.249730706 0
vt 0.875776112 0.719033301 0
vt 0.962955117 0.719897807 0
vt 0.971579313 0.723999321 0
vt 0.570119023 0.255575508 0
vt 0.875966072 0.713254929 0
vt 0.956219673 0.716026306 0
vt 0.876164019 0.707218289 0
vt 0.948838294 0.711121023 0
vt 0.876810372 0.68756932 0
vt 0.927997291 0.691726029 0
vt 0.876583815 0.694420695 0
vt 0.933399677 0.697680175 0
vt 0.877273083 0.673448503 0
vt 0.917126775 0.676438212 0
vt 0.877035022 0.680679977 0
vt 0.920799911 0.682189822 0
vt 0.923771799 0.686360478 0
vt 0.877510428 0.666168571 0
vt 0.912114978 0.667121887 0
vt 0.914572775 0.671938777 0
vt 0.878006577 0.651055872 0
vt 0.878261387 0.643263876 0
vt 0.902533829 0.637836277 0
vt 0.904313505 0.645905316 0
vt 0.901431501 0.630841672 0
vt 0.900670171 0.622009695 0
vt 0.900580883 0.613570273 0
vt 0.569841206 0.237718105 0
vt 0.32691431 0.237470806 0
vt 0.56976217 0.231214106 0
vt 0.326834887 0.230914801 0
vt 0.569689572 0.224483296 0
vt 0.32676211 0.2241299 0
vt 0.569623709 0.217542395 0
vt 0.326695889 0.2171323 0
vt 0.569564521 0.2104114 0
vt 0.326636702 0.209943101 0
vt 0.569512188 0.203108996 0
vt 0.326584488 0.202582002 0
vt 0.569467008 0.195655495 0
vt 0.326539487 0.195068106 0
vt 0.326501787 0.187421501 0
vt 0.326471508 0.179665297 0
vt 0.326448709 0.171818003 0
vt 0.32643351 0.163903505 0
vt 0.32642591 0.155941606 0
vt 0.32642591 0.147954196 0
vt 0.32643351 0.139964193 0
vt 0.326448709 0.131992802 0
vt 0.326471508 0.124060802 0
vt 0.569413424 0.1209222 0
vt 0.326501787 0.116191603 0
vt 0.569446206 0.113135204 0
vt 0.326539487 0.108406 0
vt 0.569486201 0.105438799 0
vt 0.326584488 0.100724503 0
vt 0.569533288 0.0978542492 0
vt 0.326636612 0.0931682512 0
vt 0.569587529 0.0904020593 0
vt 0.3266958 0.0857586786 0
vt 0.569648623 0.0831012726 0
vt 0.326761901 0.0785155222 0
vt 0.569716513 0.0759722516 0
vt 0.326834708 0.0714583918 0
vt 0.569790781 0.0690339208 0
vt 0.326914012 0.0646071434 0
vt 0.569871604 0.0623053312 0
vt 0.326999605 0.0579788014 0
vt 0.569952905 0.0559045598 0
vt 0.327091306 0.0515938886 0
vt 0.570046902 0.0496495888 0
vt 0.3271887 0.0454696417 0
vt 0.570145726 0.0436447188 0
vt 0.327291697 0.0396193787 0
vt 0.570249796 0.0379193984 0
vt 0.327399909 0.0340613686 0
vt 0.570359111 0.0324891806 0
vt 0.327513099 0.0288112704 0
vt 0.570473194 0.0273666307 0
vt 0.327630907 0.0238831602 0
vt 0.570591807 0.0225675702 0
vt 0.327753097 0.0192893092 0
vt 0.570714474 0.0181047898 0
vt 0.32787931 0.0150433099 0
vt 0.570841074 0.0139889698 0
vt 0.328009099 0.0111581599 0
vt 0.570971191 0.0102320304 0
vt 0.328142196 0.00764137506 0
vt 0.571104407 0.0068436861 0
vt 0.00709682703 0.787826419 0
vt 0.00684362603 0.544861078 0
vt 0.0104109598 0.544871986 0
vt 0.0107526099 0.787837327 0
vt 0.0143466499 0.544883907 0
vt 0.0147698503 0.787849426 0
vt 0.0186382495 0.54489702 0
vt 0.0191377401 0.787862599 0
vt 0.0232779905 0.544911206 0
vt 0.0238445401 0.787876904 0
vt 0.0282496791 0.544926405 0
vt 0.0288771894 0.787892222 0
vt 0.0335426889 0.544942617 0
vt 0.0342217609 0.787908375 0
vt 0.0391393304 0.544959903 0
vt 0.0398673415 0.78792572 0
vt 0.0450221784 0.544977784 0
vt 0.0457911417 0.787943602 0
vt 0.900929809 0.606832683 0
vt 0.87979883 0.59630692 0
vt 0.901667416 0.600267708 0
vt 0.880053818 0.58851397 0
vt 0.902439296 0.5953511 0
vt 0.880307376 0.580752313 0
vt 0.903909087 0.588435113 0
vt 0.90778631 0.575789571 0
vt 0.905765116 0.581779301 0
vt 0.880559027 0.573061883 0
vt 0.880806506 0.565483212 0
vt 0.909650207 0.571044207 0
vt 0.881050408 0.558021724 0
vt 0.912361026 0.565000117 0
vt 0.918865979 0.553355515 0
vt 0.915765524 0.558537304 0
vt 0.881289721 0.550696313 0
vt 0.881523728 0.543539524 0
vt 0.921885788 0.548834324 0
vt 0.929561675 0.539019108 0
vt 0.925238371 0.544277906 0
vt 0.881749928 0.536602378 0
vt 0.881973207 0.529772222 0
vt 0.937285304 0.530956924 0
vt 0.933315992 0.534915805 0
vt 0.942504406 0.526291311 0
vt 0.882187486 0.523230612 0
vt 0.882394373 0.516888797 0
vt 0.949506879 0.52079761 0
vt 0.882593095 0.510811806 0
vt 0.956655204 0.516067624 0
vt 0.589344501 0.177201197 0
vt 0.670906603 0.181691706 0
vt 0.589311481 0.183194101 0
vt 0.964191973 0.511757791 0
vt 0.589376986 0.170959502 0
vt 0.692309678 0.171655804 0
vt 0.685759485 0.174293205 0
vt 0.679131806 0.177388594 0
vt 0.715064406 0.165699393 0
vt 0.589408875 0.164471194 0
vt 0.706842422 0.167218193 0
vt 0.698730409 0.169430301 0
vt 0.589440703 0.157741904 0
vt 0.0510682985 0.544996023 0
vt 0.0519288108 0.787962377 0
vt 0.057376679 0.545015275 0
vt 0.0581679903 0.787981987 0
vt 0.0639776513 0.545035481 0
vt 0.064782083 0.788002312 0
vt 0.0707955286 0.545056403 0
vt 0.0716087222 0.788023412 0
vt 0.0778173208 0.54507798 0
vt 0.0786277577 0.788045108 0
vt 0.085019879 0.545100212 0
vt 0.0858228207 0.788067281 0
vt 0.0923857614 0.545122802 0
vt 0.0931759402 0.788089991 0
vt 0.0998945832 0.545145988 0
vt 0.100663297 0.788113117 0
vt 0.1075266 0.545169592 0
vt 0.108268999 0.788136601 0
vt 0.115258403 0.545193493 0
vt 0.1159712 0.788160503 0
vt 0.123750404 0.788184583 0
vt 0.163060293 0.788306713 0
vt 0.170487106 0.545364797 0
vt 0.170858905 0.788330972 0
vt 0.178277701 0.545389116 0
vt 0.178588495 0.788355112 0
vt 0.185981706 0.545413077 0
vt 0.186228395 0.788378775 0
vt 0.193575203 0.54543668 0
vt 0.193760797 0.788402379 0
vt 0.201063499 0.545461416 0
vt 0.201206803 0.788425505 0
vt 0.208378106 0.545484304 0
vt 0.208449304 0.788448095 0
vt 0.215522602 0.545506716 0
vt 0.215522602 0.788470209 0
vt 0.589815617 0.00700193597 0
vt 0.83277601 0.0068436861 0
vt 0.832772076 0.0138702299 0
vt 0.589811623 0.0139968898 0
vt 0.832766414 0.0210785195 0
vt 0.589805722 0.0211691801 0
vt 0.832758904 0.0284488704 0
vt 0.589798212 0.0284995399 0
vt 0.832749724 0.0359625816 0
vt 0.589788973 0.0359686017 0
vt 0.832738817 0.0435980484 0
vt 0.589778006 0.0435565114 0
vt 0.832726181 0.0513353311 0
vt 0.589765429 0.0512431785 0
vt 0.832711995 0.0591534898 0
vt 0.589751184 0.0590083003 0
vt 0.589657128 0.0982846022 0
vt 0.58963412 0.106084101 0
vt 0.832569778 0.114370503 0
vt 0.589609802 0.113816597 0
vt 0.83254391 0.122078702 0
vt 0.589584291 0.121461503 0
vt 0.589557528 0.129047796 0
vt 0.832517207 0.129647702 0
vt 0.832489073 0.137152597 0
vt 0.832400203 0.158552095 0
vt 0.832430601 0.151589796 0
vt 0.589470983 0.150821 0
vt 0.832460403 0.144445702 0
vt 0.589500725 0.143721506 0
vt 0.589529872 0.136407897 0
vt 0.187270194 0.821164906 0
vt 0.192548007 0.819068074 0
vt 0.191183999 0.993037105 0
vt 0.721562386 0.380074888 0
vt 0.711940229 0.380152613 0
vt 0.703290224 0.3803114 0
vt 0.697308719 0.380464613 0
vt 0.688225687 0.380769104 0
vt 0.679920971 0.381141186 0
vt 0.671755373 0.381585509 0
vt 0.663698912 0.38212961 0
vt 0.663489223 0.1861047 0
vt 0.658620477 0.382524312 0
vt 0.656472087 0.190617293 0
vt 0.653730273 0.382950008 0
vt 0.644567311 0.383889109 0
vt 0.644533575 0.199132293 0
vt 0.649041593 0.383405209 0
vt 0.6496225 0.195384607 0
vt 0.206379697 0.9931072 0
vt 0.207217798 0.811986506 0
vt 0.211058602 0.993131578 0
vt 0.211438805 0.809574902 0
vt 0.215522707 0.993156374 0
vt 0.215522707 0.807076275 0
vt 0.197162896 0.81704098 0
vt 0.201498598 0.993083179 0
vt 0.196428701 0.993059874 0
vt 0.201823801 0.814813018 0
vt 0.185778707 0.993014872 0
vt 0.180702597 0.823472679 0
vt 0.180227906 0.992993474 0
vt 0.174575597 0.825312793 0
vt 0.174546495 0.99297303 0
vt 0.163722798 0.827931523 0
vt 0.169773504 0.826579273 0
vt 0.168750405 0.9929533 0
vt 0.156877205 0.992916524 0
vt 0.157011494 0.829147875 0
vt 0.162855193 0.992934406 0
vt 0.150832698 0.992899477 0
vt 0.150052294 0.83007431 0
vt 0.144738302 0.992883682 0
vt 0.138610706 0.9928689 0
vt 0.1385286 0.830918491 0
vt 0.145113796 0.830534101 0
vt 0.129310906 0.992848575 0
vt 0.131783307 0.831004024 0
vt 0.120197199 0.992831528 0
vt 0.123350702 0.830710828 0
vt 0.114105098 0.992821515 0
vt 0.114547104 0.82988143 0
vt 0.105328701 0.992808878 0
vt 0.107590899 0.828864872 0
vt 0.0961995125 0.992798984 0
vt 0.0995821282 0.827314019 0
vt 0.0911307335 0.825147212 0
vt 0.0904091522 0.992794096 0
vt 0.084734492 0.99279058 0
vt 0.0845540091 0.823111176 0
vt 0.0791910812 0.992788374 0
vt 0.0786232874 0.821001887 0
vt 0.0737942383 0.99278748 0
vt 0.0738867521 0.8191064 0
vt 0.0685585737 0.992788017 0
vt 0.0694707632 0.817180216 0
vt 0.0638388917 0.814469874 0
vt 0.0634986088 0.992789924 0
vt 0.0586280786 0.992793083 0
vt 0.0597648583 0.812321007 0
vt 0.0519606397 0.992799878 0
vt 0.0545368083 0.809339702 0
vt 0.0487583801 0.805725515 0
vt 0.513647497 0.274467409 0
vt 0.517192602 0.461555004 0
vt 0.510172606 0.461543202 0
vt 0.505427182 0.461535901 0
vt 0.505434692 0.269413114 0
vt 0.50964582 0.271965504 0
vt 0.500483871 0.461528689 0
vt 0.497549504 0.264888793 0
vt 0.495356292 0.461521596 0
vt 0.490058392 0.461514801 0
vt 0.489930004 0.26085189 0
vt 0.484604686 0.461508214 0
vt 0.483007997 0.257468492 0
vt 0.479010195 0.461501807 0
vt 0.473290205 0.461495608 0
vt 0.467460394 0.461489797 0
vt 0.461536795 0.461484104 0
vt 0.455535591 0.4614788 0
vt 0.449473202 0.461473793 0
vt 0.443366408 0.461469203 0
vt 0.43723169 0.461464792 0
vt 0.854090989 0.1119899 0
vt 0.854891479 0.105896398 0
vt 0.863422871 0.164503202 0
vt 0.85660249 0.151401803 0
vt 0.859206915 0.160533994 0
vt 0.856009722 0.0998534486 0
vt 0.857442796 0.0938771293 0
vt 0.863400519 0.0840123817 0
vt 0.854901671 0.142623693 0
vt 0.854097903 0.136530802 0
vt 0.853464603 0.127416298 0
vt 0.853610516 0.1181169 0
vt 0.859186709 0.0879839584 0
vt 0.861236572 0.0821901485 0
vt 0.865647674 0.0783159733 0
vt 0.863586903 0.0765115619 0
vt 0.868188918 0.0727444217 0
vt 0.866231203 0.0709637925 0
vt 0.871017218 0.067313008 0
vt 0.869162202 0.0655619502 0
vt 0.874124885 0.062036451 0
vt 0.872371912 0.0603209697 0
vt 0.877503514 0.0569291711 0
vt 0.875851572 0.0552551113 0
vt 0.881143928 0.0520049892 0
vt 0.879591525 0.0503783189 0
vt 0.885036111 0.0472773314 0
vt 0.883581579 0.0457038805 0
vt 0.889169574 0.0427591205 0
vt 0.887810886 0.0412448011 0
vt 0.893533111 0.0384625085 0
vt 0.892267823 0.0370131098 0
vt 0.898114622 0.0343993902 0
vt 0.896939993 0.0330203697 0
vt 0.902901888 0.0305806901 0
vt 0.901814818 0.0292777997 0
vt 0.907881677 0.0270168092 0
vt 0.90687871 0.0257954001 0
vt 0.913040698 0.0237175208 0
vt 0.914915383 0.0209730808 0
vt 0.918364704 0.0206917506 0
vt 0.923839211 0.0179476701 0
vt 0.923064709 0.0170014501 0
vt 0.929449379 0.0154927904 0
vt 0.931355476 0.0136442101 0
vt 0.935180008 0.0133338496 0
vt 0.941015303 0.0114766303 0
vt 0.940427005 0.0108476197 0
vt 0.946939588 0.0099263778 0
vt 0.946402609 0.00941133406 0
vt 0.95293659 0.00868707802 0
vt 0.955046296 0.00786995795 0
vt 0.958990216 0.00776213408 0
vt 0.965083718 0.00715422584 0
vt 0.964664996 0.00700181723 0
vt 0.971565723 0.0068436861 0
vt 0.965149105 0.241304502 0
vt 0.971565723 0.241611093 0
vt 0.964730501 0.241457105 0
vt 0.959055185 0.240700006 0
vt 0.958603501 0.240976498 0
vt 0.953001201 0.239778504 0
vt 0.952509999 0.240176201 0
vt 0.947003424 0.238542393 0
vt 0.946466804 0.239057705 0
vt 0.941078305 0.236995503 0
vt 0.940490425 0.237624794 0
vt 0.935241878 0.235141605 0
vt 0.934597075 0.235880896 0
vt 0.929510176 0.232985705 0
vt 0.928803325 0.233831093 0
vt 0.923898578 0.230534002 0
vt 0.923124611 0.231480807 0
vt 0.91842252 0.227792993 0
vt 0.917576671 0.228836507 0
vt 0.913096905 0.224770293 0
vt 0.912174821 0.225905493 0
vt 0.907936096 0.221473902 0
vt 0.906933725 0.222695798 0
vt 0.902954221 0.217912599 0
vt 0.901867807 0.219216198 0
vt 0.898164928 0.214096606 0
vt 0.896991014 0.215476304 0
vt 0.893580973 0.210036203 0
vt 0.89231652 0.211486295 0
vt 0.889215112 0.205742106 0
vt 0.885415375 0.204802006 0
vt 0.885079205 0.201226205 0
vt 0.88118428 0.196500704 0
vt 0.879632771 0.198128194 0
vt 0.877541125 0.191578597 0
vt 0.875890076 0.193253502 0
vt 0.874159575 0.186473101 0
vt 0.872407675 0.188189596 0
vt 0.871048987 0.181198403 0
vt 0.869194984 0.182950303 0
vt 0.868217707 0.175768405 0
vt 0.866261005 0.177550301 0
vt 0.865673304 0.170198306 0
vt 0.863613605 0.172003806 0
vt 0.861260116 0.166326702 0
vt 0.277164012 0.639460027 0
vt 0.262934893 0.639461279 0
vt 0.644484103 0.871884704 0
vt 0.643315971 0.860772014 0
vt 0.842368424 0.801808417 0
vt 0.643315971 0.84959811 0
vt 0.644181728 0.84076637 0
vt 0.645502508 0.83299011 0
vt 0.663557112 0.792437971 0
vt 0.67058903 0.78375411 0
vt 0.678490102 0.775852919 0
vt 0.82540381 0.930669129 0
vt 0.818851113 0.936653197 0
vt 0.812666178 0.941548228 0
vt 0.803295076 0.947634101 0
vt 0.793339312 0.952706873 0
vt 0.678490222 0.934516907 0
vt 0.670589089 0.926615715 0
vt 0.652398825 0.898604929 0
vt 0.649160624 0.890342772 0
vt 0.782907724 0.956711411 0
vt 0.772114694 0.959603429 0
vt 0.763360023 0.961053073 0
vt 0.744333208 0.961790025 0
vt 0.735501587 0.960924506 0
vt 0.701456428 0.95030117 0
vt 0.693740427 0.945918322 0
vt 0.663557172 0.917931974 0
vt 0.657471597 0.908560812 0
vt 0.646807075 0.882814229 0
vt 0.687173784 0.768820882 0
vt 0.83628267 0.792437077 0
vt 0.696544826 0.762735128 0
vt 0.714762628 0.754423976 0
vt 0.722291112 0.752070427 0
vt 0.82540381 0.779699504 0
vt 0.831387699 0.78625232 0
vt 0.782907724 0.753657579 0
vt 0.755506873 0.961790025 0
vt 0.687174022 0.941548884 0
vt 0.648394525 0.822196782 0
vt 0.654804826 0.806720674 0
vt 0.659187675 0.799004614 0
vt 0.70650059 0.757662296 0
vt 0.755506814 0.748579204 0
vt 0.764338374 0.749444723 0
vt 0.772114515 0.750765622 0
vt 0.851445377 0.822196007 0
vt 0.854337394 0.832989216 0
vt 0.856523871 0.849597216 0
vt 0.847441077 0.8117643 0
vt 0.856523871 0.86077112 0
vt 0.855658293 0.869602799 0
vt 0.854337513 0.877379119 0
vt 0.851445377 0.888172388 0
vt 0.848323584 0.896479011 0
vt 0.845035076 0.903648496 0
vt 0.727725387 0.959603608 0
vt 0.716932297 0.95671159 0
vt 0.708625674 0.953589678 0
vt 0.651516318 0.813890219 0
vt 0.733220518 0.749747276 0
vt 0.791214228 0.756779373 0
vt 0.808060408 0.765654922 0
vt 0.798383474 0.76006788 0
vt 0.817100227 0.772222817 0
vt 0.832880378 0.922365427 0
vt 0.744333088 0.748579204 0
vt 0.855787098 0.841744006 0
vt 0.839448214 0.913325429 0
vt 0.46399039 0.907030404 0
vt 0.488891393 0.907030404 0
vt 0.46399039 0.914913297 0
vt 0.488891393 0.91589731 0
vt 0.46399051 0.925995111 0
vt 0.488891393 0.926965296 0
vt 0.46399051 0.934642911 0
vt 0.488891393 0.934642911 0
vt 0.46399051 0.942185819 0
vt 0.488891393 0.943115711 0
vt 0.46399051 0.95041579 0
vt 0.488891512 0.953409374 0
vt 0.463990599 0.957504809 0
vt 0.488891602 0.963192403 0
vt 0.463990599 0.967046082 0
vt 0.488891602 0.972357273 0
vt 0.463990688 0.975927114 0
vt 0.488891691 0.980803907 0
vt 0.463990808 0.984050572 0
vt 0.386577904 0.833178401 0
vt 0.411680192 0.829862177 0
vt 0.411055207 0.835530102 0
vt 0.385745794 0.841617405 0
vt 0.410407513 0.842325807 0
vt 0.385023803 0.850775719 0
vt 0.409695506 0.851542771 0
vt 0.384537488 0.858510315 0
vt 0.409101993 0.861369789 0
vt 0.384163707 0.8656407 0
vt 0.4086335 0.871698916 0
vt 0.383748293 0.876143694 0
vt 0.408384711 0.87923938 0
vt 0.383464694 0.886987925 0
vt 0.408176005 0.887885094 0
vt 0.38331601 0.898054302 0
vt 0.408039391 0.898965418 0
vt 0.383299112 0.906920791 0
vt 0.408029109 0.906847894 0
vt 0.38334921 0.914804995 0
vt 0.408090711 0.915716588 0
vt 0.383541793 0.925894618 0
vt 0.408295214 0.92679292 0
vt 0.383794099 0.934553206 0
vt 0.408524007 0.934480309 0
vt 0.384081006 0.942108691 0
vt 0.408851802 0.942967474 0
vt 0.384487689 0.950356901 0
vt 0.409383506 0.953285098 0
vt 0.384908199 0.957464814 0
vt 0.4100371 0.963097692 0
vt 0.385610104 0.967038095 0
vt 0.410805494 0.972297788 0
vt 0.38642329 0.97595638 0
vt 0.411680192 0.980784714 0
vt 0.387339085 0.984122276 0
vt 0.0101586496 0.808985829 0
vt 0.0350711308 0.805725276 0
vt 0.0350517593 0.81141901 0
vt 0.0101329004 0.817459285 0
vt 0.0350315496 0.818241477 0
vt 0.0101105496 0.82664758 0
vt 0.0350096188 0.827488303 0
vt 0.0100954697 0.834402621 0
vt 0.0349912606 0.837340176 0
vt 0.0100840302 0.84154892 0
vt 0.0349767208 0.847689271 0
vt 0.0100710299 0.852069676 0
vt 0.0349690318 0.855240583 0
vt 0.0100622103 0.862926602 0
vt 0.0349625908 0.863895595 0
vt 0.0100576198 0.874000192 0
vt 0.0349583589 0.874982715 0
vt 0.01005721 0.88286829 0
vt 0.0349580012 0.882866502 0
vt 0.488891393 0.899146378 0
vt 0.46399039 0.898162007 0
vt 0.488891393 0.888058305 0
vt 0.46399039 0.887087226 0
vt 0.488891393 0.879401624 0
vt 0.46399051 0.879401624 0
vt 0.488891393 0.871848404 0
vt 0.46399051 0.870917022 0
vt 0.488891393 0.863603473 0
vt 0.46399051 0.860603809 0
vt 0.488891512 0.856499016 0
vt 0.463990599 0.85079658 0
vt 0.488891602 0.846931577 0
vt 0.463990599 0.8416031 0
vt 0.488891602 0.838020205 0
vt 0.463990688 0.833123624 0
vt 0.488891691 0.829862177 0
vt 0.450302988 0.980831325 0
vt 0.4254058 0.984025478 0
vt 0.425399601 0.978440404 0
vt 0.450294703 0.972502828 0
vt 0.425393105 0.971730828 0
vt 0.450287491 0.963441372 0
vt 0.425386012 0.962609291 0
vt 0.450282514 0.955772698 0
vt 0.425379902 0.952862978 0
vt 0.45027861 0.948693514 0
vt 0.425375015 0.94259882 0
vt 0.450274199 0.938248813 0
vt 0.425372303 0.93509382 0
vt 0.4502711 0.927446008 0
vt 0.425369889 0.926478922 0
vt 0.450269103 0.916404009 0
vt 0.4253681 0.915421426 0
vt 0.450268596 0.907543898 0
vt 0.425367594 0.907544017 0
vt 0.450268596 0.899657071 0
vt 0.425367802 0.898671687 0
vt 0.450269908 0.888548195 0
vt 0.425369203 0.887574613 0
vt 0.450271904 0.879861414 0
vt 0.425370902 0.879861474 0
vt 0.450274199 0.872272789 0
vt 0.425373703 0.871336401 0
vt 0.450277686 0.863976479 0
vt 0.425378203 0.860955715 0
vt 0.450281292 0.85681808 0
vt 0.425383896 0.851064205 0
vt 0.450287491 0.847159624 0
vt 0.425390691 0.841770172 0
vt 0.450294703 0.838141501 0
vt 0.425398499 0.833175421 0
vt 0.450302988 0.829862416 0
vt 0.0350711308 0.956664503 0
vt 0.0101823797 0.959915578 0
vt 0.0101619903 0.95423758 0
vt 0.0350440107 0.948211908 0
vt 0.0101410104 0.947431326 0
vt 0.0350202285 0.939041674 0
vt 0.0101174703 0.9382025 0
vt 0.0350039601 0.931298912 0
vt 0.0100975595 0.928365588 0
vt 0.0349912606 0.924162209 0
vt 0.01008147 0.918028593 0
vt 0.0349767208 0.913652182 0
vt 0.0100724604 0.910483778 0
vt 0.0349662304 0.902802885 0
vt 0.0100647202 0.901834428 0
vt 0.0349599086 0.891733587 0
vt 0.0100587597 0.890751302 0
vt 0.86208868 0.594842076 0
vt 0.86005187 0.614968479 0
vt 0.858644724 0.603883624 0
vt 0.859974504 0.631719291 0
vt 0.862088621 0.650861382 0
vt 0.858464718 0.642790616 0
vt 0.860310018 0.622851789 0
vt 0.647131503 0.630735099 0
vt 0.643315971 0.642737329 0
vt 0.646873295 0.622851789 0
vt 0.643315971 0.602966309 0
vt 0.647208929 0.613984227 0
vt 0.856673717 0.595231414 0
vt 0.860481918 0.589227378 0
vt 0.854384005 0.587683499 0
vt 0.858584821 0.583703876 0
vt 0.856402516 0.578286827 0
vt 0.850155711 0.577340603 0
vt 0.853940904 0.572990716 0
vt 0.85120672 0.567830205 0
vt 0.844869316 0.5674963 0
vt 0.848207414 0.562819004 0
vt 0.844950914 0.557971001 0
vt 0.838583112 0.558258712 0
vt 0.8414464 0.553299129 0
vt 0.837703228 0.548816323 0
vt 0.832898915 0.551444292 0
vt 0.833731472 0.544534504 0
vt 0.827431977 0.545758605 0
vt 0.8295421 0.540465474 0
vt 0.825146317 0.536620319 0
vt 0.818969011 0.538462579 0
vt 0.820556283 0.533009291 0
vt 0.815784276 0.529642403 0
vt 0.809789717 0.5320912 0
vt 0.810843289 0.526528716 0
vt 0.805746913 0.523676574 0
vt 0.799994588 0.526714206 0
vt 0.800508678 0.521094024 0
vt 0.795143127 0.518787801 0
vt 0.789691091 0.522390485 0
vt 0.789664626 0.516764224 0
vt 0.784088194 0.515028775 0
vt 0.781212509 0.519771278 0
vt 0.778428912 0.513586402 0
vt 0.773530781 0.517980218 0
vt 0.772702217 0.512440801 0
vt 0.766923428 0.511595011 0
vt 0.762459278 0.516470611 0
vt 0.761108577 0.511051476 0
vt 0.755273223 0.510811806 0
vt 0.753591716 0.516134977 0
vt 0.749433279 0.510876298 0
vt 0.745708287 0.516393125 0
vt 0.743604779 0.511245072 0
vt 0.73780328 0.511916995 0
vt 0.734623194 0.517800272 0
vt 0.732044816 0.51289022 0
vt 0.726344705 0.514162302 0
vt 0.725970924 0.519771278 0
vt 0.720718682 0.515729427 0
vt 0.71842289 0.522060871 0
vt 0.715182006 0.517587721 0
vt 0.709749579 0.51973182 0
vt 0.708079815 0.526289225 0
vt 0.704436302 0.522156119 0
vt 0.69925648 0.524854004 0
vt 0.698235393 0.531575501 0
vt 0.694224417 0.527818024 0
vt 0.689353526 0.531040192 0
vt 0.688997686 0.537861586 0
vt 0.684656978 0.534511805 0
vt 0.680148005 0.538223386 0
vt 0.682183206 0.543545723 0
vt 0.675838292 0.542164803 0
vt 0.676497281 0.549012482 0
vt 0.671739876 0.546325505 0
vt 0.667863905 0.550693989 0
vt 0.669201314 0.557475507 0
vt 0.664220572 0.555258512 0
vt 0.660820305 0.560006678 0
vt 0.662829816 0.566654623 0
vt 0.657671809 0.564925611 0
vt 0.654784024 0.570001781 0
vt 0.657452703 0.576449513 0
vt 0.652164578 0.575221598 0
vt 0.649820685 0.580570817 0
vt 0.653128922 0.586752892 0
vt 0.647758722 0.586034775 0
vt 0.645984113 0.591598809 0
vt 0.650509715 0.595231414 0
vt 0.644501925 0.597247779 0
vt 0.648718596 0.602913022 0
vt 0.648538709 0.641820014 0
vt 0.644501925 0.648455799 0
vt 0.645984113 0.65410471 0
vt 0.650509715 0.650472105 0
vt 0.647758603 0.659668803 0
vt 0.652799428 0.658020079 0
vt 0.649820626 0.665132821 0
vt 0.652164578 0.67048198 0
vt 0.656099617 0.666257501 0
vt 0.654784024 0.675701797 0
vt 0.659541786 0.67335403 0
vt 0.657671809 0.680778027 0
vt 0.660820305 0.685696781 0
vt 0.665336072 0.682908177 0
vt 0.664220572 0.690445006 0
vt 0.667863786 0.69500953 0
vt 0.672097325 0.691804409 0
vt 0.671739876 0.699378073 0
vt 0.675838292 0.703538716 0
vt 0.679751277 0.699944973 0
vt 0.680147886 0.707480192 0
vt 0.684656978 0.711191773 0
vt 0.688214421 0.707240999 0
vt 0.689353406 0.714663386 0
vt 0.694224298 0.717885613 0
vt 0.697393715 0.713612318 0
vt 0.69925648 0.720849574 0
vt 0.704436302 0.723547399 0
vt 0.705142617 0.717937171 0
vt 0.70974952 0.725971699 0
vt 0.712284029 0.721286178 0
vt 0.715181887 0.728115916 0
vt 0.720718622 0.729974091 0
vt 0.72279948 0.725064576 0
vt 0.726344705 0.731541276 0
vt 0.732044697 0.732813299 0
vt 0.733652472 0.72772342 0
vt 0.73780328 0.733786583 0
vt 0.74360472 0.734458506 0
vt 0.744723976 0.729233027 0
vt 0.749433279 0.73482722 0
vt 0.755273223 0.734891772 0
vt 0.753591716 0.729568601 0
vt 0.761108518 0.734652102 0
vt 0.761475086 0.729310513 0
vt 0.766923428 0.734108508 0
vt 0.772702098 0.733262777 0
vt 0.77256012 0.727903306 0
vt 0.778428912 0.732117176 0
vt 0.784088075 0.730674803 0
vt 0.781212389 0.7259323 0
vt 0.789664626 0.728939414 0
vt 0.788760483 0.723642588 0
vt 0.795143127 0.726915777 0
vt 0.800508678 0.724609613 0
vt 0.796997905 0.720342517 0
vt 0.805746794 0.722027004 0
vt 0.804094672 0.716900289 0
vt 0.810843289 0.719174922 0
vt 0.815784216 0.716061175 0
vt 0.813648999 0.711106122 0
vt 0.820556223 0.712694287 0
vt 0.825146317 0.709083319 0
vt 0.822545171 0.704344928 0
vt 0.8295421 0.705238104 0
vt 0.833731413 0.701169074 0
vt 0.830685973 0.696690977 0
vt 0.837703228 0.696887314 0
vt 0.84144628 0.692404509 0
vt 0.837982118 0.688228071 0
vt 0.844950914 0.687732577 0
vt 0.848207295 0.682884574 0
vt 0.844353497 0.679049015 0
vt 0.85120672 0.677873373 0
vt 0.853940904 0.672712803 0
vt 0.84867841 0.671300173 0
vt 0.856402516 0.667416811 0
vt 0.852027476 0.664158821 0
vt 0.858584821 0.661999702 0
vt 0.860481918 0.6564762 0
vt 0.855805993 0.653643489 0
vt 0.131744504 0.524427474 0
vt 0.131744504 0.510198414 0
vt 0.126133204 0.524427474 0
vt 0.126133204 0.510198414 0
vt 0.120614 0.524427474 0
vt 0.120614 0.510198414 0
vt 0.115201697 0.524427593 0
vt 0.115201697 0.510198474 0
vt 0.109911203 0.524427593 0
vt 0.109911203 0.510198474 0
vt 0.104756698 0.524427712 0
vt 0.104756698 0.510198474 0
vt 0.0997521803 0.524427712 0
vt 0.0997521803 0.510198474 0
vt 0.0949113891 0.524427712 0
vt 0.0949113891 0.510198593 0
vt 0.0902474523 0.524427712 0
vt 0.0902474523 0.510198593 0
vt 0.0857729316 0.524427772 0
vt 0.0857729316 0.510198712 0
vt 0.0815000534 0.524427772 0
vt 0.0815000534 0.510198712 0
vt 0.243341506 0.695999086 0
vt 0.229210004 0.696029902 0
vt 0.229678601 0.691854179 0
vt 0.243810102 0.691823423 0
vt 0.230120704 0.687471509 0
vt 0.244252101 0.687440693 0
vt 0.230535001 0.682893574 0
vt 0.244666293 0.682862818 0
vt 0.230920404 0.678133011 0
vt 0.245051801 0.678102195 0
vt 0.231275901 0.673202574 0
vt 0.245407403 0.673171818 0
vt 0.231600493 0.668115795 0
vt 0.245731995 0.668084979 0
vt 0.231893405 0.662886381 0
vt 0.246024907 0.662855625 0
vt 0.232153699 0.657528579 0
vt 0.2462852 0.657497823 0
vt 0.232380807 0.652056992 0
vt 0.246512204 0.652026176 0
vt 0.232574001 0.646486521 0
vt 0.246705398 0.646455705 0
vt 0.232732803 0.640832126 0
vt 0.246864095 0.640801311 0
vt 0.232856706 0.635109186 0
vt 0.246988103 0.635078371 0
vt 0.232945502 0.629333377 0
vt 0.247076899 0.629302621 0
vt 0.232998893 0.623520374 0
vt 0.247130305 0.623489618 0
vt 0.2330167 0.617685914 0
vt 0.247148007 0.617655218 0
vt 0.232998893 0.611845911 0
vt 0.247130305 0.611815095 0
vt 0.232945502 0.606016099 0
vt 0.247076899 0.605985284 0
vt 0.232856706 0.600212395 0
vt 0.246988103 0.60018158 0
vt 0.232732803 0.594450593 0
vt 0.246864095 0.594419777 0
vt 0.232574001 0.588746309 0
vt 0.246705398 0.588715613 0
vt 0.232380807 0.583115101 0
vt 0.246512204 0.583084285 0
vt 0.232153699 0.577572107 0
vt 0.2462852 0.577541411 0
vt 0.231893405 0.572132587 0
vt 0.246024907 0.572101772 0
vt 0.231600493 0.566811204 0
vt 0.245731995 0.566780329 0
vt 0.231275901 0.561622322 0
vt 0.245407403 0.561591506 0
vt 0.230920404 0.556580186 0
vt 0.245051801 0.55654937 0
vt 0.230534896 0.551698506 0
vt 0.244666293 0.55166769 0
vt 0.230120704 0.546990514 0
vt 0.244252101 0.546959579 0
vt 0.229678601 0.542468905 0
vt 0.243810102 0.542437971 0
vt 0.229210004 0.538146019 0
vt 0.243341506 0.538115203 0
vt 0.277051896 0.700308621 0
vt 0.262822896 0.700309873 0
vt 0.262837291 0.696143329 0
vt 0.27706641 0.696142077 0
vt 0.26285091 0.691769302 0
vt 0.27707991 0.691767871 0
vt 0.262863696 0.687199414 0
vt 0.277092814 0.687198222 0
vt 0.262875587 0.68244642 0
vt 0.277104586 0.682445109 0
vt 0.262886494 0.677523017 0
vt 0.277115494 0.677521706 0
vt 0.262896508 0.672442615 0
vt 0.277125508 0.672441304 0
vt 0.262905508 0.667218924 0
vt 0.277134508 0.667217672 0
vt 0.262913495 0.661866426 0
vt 0.277142495 0.661865115 0
vt 0.262920409 0.65639931 0
vt 0.277149409 0.656398118 0
vt 0.26292631 0.650832713 0
vt 0.277155399 0.650831401 0
vt 0.262931198 0.645181477 0
vt 0.277160197 0.645180285 0
vt 0.941245496 0.473448396 0
vt 0.946916103 0.474845707 0
vt 0.926570177 0.474090189 0
vt 0.935655475 0.47175771 0
vt 0.930117607 0.255298495 0
vt 0.946916103 0.255922288 0
vt 0.941245496 0.257319599 0
vt 0.935655475 0.259010404 0
vt 0.930161119 0.260990202 0
vt 0.924432397 0.257573992 0
vt 0.924777329 0.263253599 0
vt 0.918873608 0.260142893 0
vt 0.919518828 0.265794396 0
vt 0.913456321 0.262998194 0
vt 0.914399922 0.268605709 0
vt 0.908195317 0.266132087 0
vt 0.909434319 0.271679908 0
vt 0.903104901 0.269536108 0
vt 0.904635608 0.275008708 0
vt 0.898198903 0.273200899 0
vt 0.900017023 0.27858299 0
vt 0.893490613 0.277116597 0
vt 0.895590723 0.282393098 0
vt 0.888993025 0.281272501 0
vt 0.891369104 0.286428601 0
vt 0.88471818 0.285657287 0
vt 0.887363374 0.290678591 0
vt 0.880677879 0.290259004 0
vt 0.883584619 0.295131505 0
vt 0.87688297 0.295065194 0
vt 0.880042911 0.299775302 0
vt 0.873344004 0.300062686 0
vt 0.876748025 0.304597288 0
vt 0.870070279 0.305238008 0
vt 0.873708725 0.309584409 0
vt 0.867070973 0.310576886 0
vt 0.870933473 0.314723104 0
vt 0.864354312 0.316065103 0
vt 0.86842972 0.319999307 0
vt 0.861927271 0.3216874 0
vt 0.866204321 0.325399101 0
vt 0.859796882 0.327428609 0
vt 0.864263177 0.330907196 0
vt 0.857968807 0.333273113 0
vt 0.862611711 0.336509109 0
vt 0.856447875 0.339204997 0
vt 0.861254275 0.342189401 0
vt 0.855238378 0.345208198 0
vt 0.860194802 0.347932696 0
vt 0.854343712 0.351266205 0
vt 0.859435916 0.353723407 0
vt 0.853766024 0.357362598 0
vt 0.858979702 0.359545797 0
vt 0.853464603 0.366320312 0
vt 0.858827472 0.365384102 0
vt 0.858979702 0.371222287 0
vt 0.853947222 0.375716507 0
vt 0.859435916 0.377044708 0
vt 0.854645073 0.381800294 0
vt 0.860194802 0.382835507 0
vt 0.855659425 0.387839407 0
vt 0.861254275 0.388578802 0
vt 0.856987119 0.393817604 0
vt 0.862611711 0.394259095 0
vt 0.858624816 0.399718314 0
vt 0.864263177 0.399861008 0
vt 0.860567987 0.405525595 0
vt 0.866204321 0.405369192 0
vt 0.862811387 0.411223501 0
vt 0.86842972 0.410768807 0
vt 0.865348816 0.416796893 0
vt 0.870933473 0.416045099 0
vt 0.86817348 0.422230303 0
vt 0.873708725 0.421183705 0
vt 0.871277571 0.42750901 0
vt 0.876748025 0.426170796 0
vt 0.874652803 0.432618588 0
vt 0.880042911 0.430992901 0
vt 0.878289819 0.4375453 0
vt 0.883584619 0.43563661 0
vt 0.882178783 0.442275494 0
vt 0.887363374 0.440089494 0
vt 0.886309206 0.446796596 0
vt 0.891369104 0.444339514 0
vt 0.890669703 0.451096088 0
vt 0.895590782 0.448374987 0
vt 0.895248473 0.455162406 0
vt 0.900017023 0.452185094 0
vt 0.900033176 0.458984286 0
vt 0.904635727 0.455759406 0
vt 0.905010581 0.462551594 0
vt 0.909434319 0.459088087 0
vt 0.910167217 0.465854406 0
vt 0.914399922 0.462162405 0
vt 0.915489078 0.468883812 0
vt 0.919518828 0.464973688 0
vt 0.920961678 0.471631497 0
vt 0.924777389 0.467514485 0
vt 0.930161119 0.469777793 0

# 3012 vertex normals
vn -0.10340360 0.99238932 -0.06686860
vn -0.15522350 0.73196250 -0.66342801
vn -0.30626980 0.64358628 -0.70142400
vn -0.30118021 0.63300699 -0.71315682
vn -0.33930540 0.62671888 -0.70149499
vn -0.33368570 0.61644942 -0.71319288
vn -0.37154371 0.60814852 -0.70150602
vn -0.36534339 0.59825808 -0.71316999
vn -0.40285489 0.58798039 -0.70141792
vn -0.39628011 0.57825440 -0.71315068
vn -0.43302250 0.56607580 -0.70146263
vn -0.42542919 0.55714571 -0.71316117
vn -0.46165979 0.54296660 -0.70146823
vn -0.45407501 0.53404999 -0.71316647
vn -0.48948512 0.51798642 -0.70149440
vn -0.48142099 0.50954783 -0.71315843
vn -0.51573509 0.49189290 -0.70146900
vn -0.50730950 0.48381689 -0.71313268
vn -0.50729281 0.48378470 -0.71316647
vn -0.51578587 0.49183971 -0.70146889
vn -0.54066521 0.46435261 -0.70146841
vn -0.53178960 0.45666680 -0.71320081
vn -0.56422019 0.43549439 -0.70142740
vn -0.55485630 0.42835599 -0.71319407
vn -0.58614027 0.40545490 -0.70145989
vn -0.57646632 0.39880261 -0.71319223
vn -0.60655671 0.37415490 -0.70149642
vn -0.59651548 0.36813459 -0.71319431
vn -0.62519348 0.34223810 -0.70143151
vn -0.61490262 0.33637211 -0.71326608
vn -0.64228511 0.30898699 -0.70142490
vn -0.63164538 0.30386400 -0.71322572
vn -0.65736347 0.27535421 -0.70146519
vn -0.64661121 0.27072409 -0.71316367
vn -0.67086858 0.24051720 -0.70148897
vn -0.65984333 0.23668520 -0.71315283
vn -0.68255103 0.20509940 -0.70146871
vn -0.67122918 0.20173930 -0.71326899
vn -0.69237947 0.16929820 -0.70139062
vn -0.68081093 0.16660520 -0.71325970
vn -0.70014077 0.13305681 -0.70149761
vn -0.68866122 0.13076000 -0.71319550
vn -0.70621002 0.09626096 -0.70142812
vn -0.69454920 0.09487521 -0.71316212
vn -0.71023572 0.05922424 -0.70146829
vn -0.69834268 0.05738294 -0.71345967
vn -0.71291190 0.01991349 -0.70097101
vn -0.99990851 0.01000088 -0.00911790
vn -0.71474850 -0.03307664 -0.69859910
vn -0.99984401 -0.01730006 -0.00357646
vn -0.69937241 -0.05192750 -0.71286881
vn -0.70844501 -0.08577281 -0.70053470
vn -0.69550490 -0.08792954 -0.71312088
vn -0.70144242 -0.12639239 -0.70142973
vn -0.68985617 -0.12393200 -0.71325958
vn -0.69406593 -0.16196780 -0.70145488
vn -0.68238568 -0.16007631 -0.71324992
vn -0.68457657 -0.19825110 -0.70146370
vn -0.67327613 -0.19533411 -0.71312272
vn -0.67333353 -0.23360211 -0.70146429
vn -0.66216618 -0.22998171 -0.71319318
vn -0.66020840 -0.26856899 -0.70142400
vn -0.64931172 -0.26403010 -0.71321970
vn -0.64533502 -0.30248150 -0.70146108
vn -0.63482678 -0.29733071 -0.71315461
vn -0.62870759 -0.33566931 -0.70146477
vn -0.61834627 -0.33030540 -0.71312427
vn -0.61031449 -0.36806220 -0.70146030
vn -0.60026509 -0.36200181 -0.71318757
vn -0.59033251 -0.39932400 -0.70146131
vn -0.58057451 -0.39280430 -0.71318871
vn -0.56885642 -0.42936209 -0.70146322
vn -0.55939841 -0.42247030 -0.71315670
vn -0.54542011 -0.45875940 -0.70146757
vn -0.53655100 -0.45112571 -0.71316111
vn -0.52064800 -0.48665941 -0.70149010
vn -0.51227128 -0.47848520 -0.71318299
vn -0.49482769 -0.51296687 -0.70143461
vn -0.48660451 -0.50463921 -0.71313077
vn -0.48664799 -0.50459391 -0.71313298
vn -0.49482450 -0.51297343 -0.70143211
vn -0.46747830 -0.53797412 -0.70146131
vn -0.45963001 -0.52924681 -0.71318871
vn -0.43839490 -0.56196231 -0.70143312
vn -0.43144119 -0.55237198 -0.71326280
vn -0.40856400 -0.58410609 -0.70135271
vn -0.40205419 -0.57434052 -0.71308172
vn -0.37773770 -0.60440642 -0.70143223
vn -0.37165129 -0.59441280 -0.71312612
vn -0.34575480 -0.62322748 -0.70145649
vn -0.34012151 -0.61285371 -0.71325159
vn -0.31266221 -0.64045840 -0.70146662
vn -0.30744931 -0.62994403 -0.71319377
vn -0.27897099 -0.65583742 -0.70146459
vn -0.27425391 -0.64509070 -0.71319199
vn -0.13891420 -0.73147100 -0.66757238
vn -0.12310480 -0.64776689 -0.75182670
vn -0.10343490 0.99239540 -0.06672847
vn -0.30117759 0.63333958 -0.71286261
vn -0.04568624 0.71936828 -0.69312477
vn -0.33383849 0.61674857 -0.71286261
vn -0.66019732 0.23667809 -0.71282762
vn -0.67159420 0.20193639 -0.71286958
vn -0.71534151 0.02869600 -0.69818568
vn -0.68125713 0.16656969 -0.71284181
vn -0.68892992 0.13087811 -0.71291423
vn -0.69485450 0.09477406 -0.71287811
vn -0.69869638 0.05737924 -0.71311361
vn -0.99990791 0.01008474 -0.00908417
vn -0.55513322 0.42849290 -0.71289623
vn -0.61266971 0.37307319 -0.69674408
vn -0.53203797 0.45680061 -0.71292979
vn -0.57322967 0.43426961 -0.69485080
vn -0.61526209 0.33664131 -0.71282899
vn -0.63198203 0.30409521 -0.71282881
vn -0.64689612 0.27083671 -0.71286261
vn -0.36552879 0.59855110 -0.71282911
vn -0.39620471 0.57861972 -0.71289629
vn -0.42601851 0.55712032 -0.71282899
vn -0.45430851 0.53421229 -0.71289623
vn -0.22366260 0.68722850 -0.69115269
vn -0.13180360 0.70758241 -0.69422972
vn -0.32259059 0.64738357 -0.69052881
vn -0.48175400 0.50969410 -0.71282899
vn -0.52355021 0.49186119 -0.69567788
vn -0.50744611 0.48407191 -0.71286261
vn -0.47047251 0.54267538 -0.69581550
vn -0.40723661 0.59475738 -0.69312489
vn -0.69696218 0.18559191 -0.69267559
vn -0.57675618 0.39891270 -0.71289623
vn -0.71290410 0.09808814 -0.69436771
vn -0.59682751 0.36833641 -0.71282899
vn -0.66786122 0.26546809 -0.69533318
vn -0.63874543 0.32101929 -0.69925028
vn -0.03165292 0.99945682 -0.00919092
vn -0.04569292 0.71903533 -0.69347000
vn -0.27106589 0.91714889 -0.29216671
vn -0.13187210 0.70723402 -0.69457167
vn -0.36160740 0.87886173 -0.31119511
vn -0.22333629 0.68705070 -0.69143498
vn -0.41162419 0.85891992 -0.30466741
vn -0.32252338 0.64710307 -0.69082290
vn -0.46219701 0.83446848 -0.30006060
vn -0.40713140 0.59433949 -0.69354498
vn -0.50785339 0.80920178 -0.29542759
vn -0.55521542 0.77947158 -0.29010329
vn -0.47042361 0.54241937 -0.69604820
vn -0.60156852 0.74419749 -0.29031950
vn -0.52343458 0.49160519 -0.69594592
vn -0.57303858 0.43403691 -0.69515371
vn -0.65012371 0.70453411 -0.28455409
vn -0.52346092 0.49156970 -0.69595122
vn -0.60164082 0.74420267 -0.29015639
vn -0.70098460 0.64656609 -0.30095330
vn -0.68678927 0.67019337 -0.28135619
vn -0.61239302 0.37281990 -0.69712281
vn -0.63859439 0.32093921 -0.69942498
vn -0.66764212 0.26518580 -0.69565117
vn -0.73634911 0.60867929 -0.29546499
vn -0.69674331 0.18520850 -0.69299841
vn -0.76790190 0.56566370 -0.30058470
vn -0.81439662 0.49836400 -0.29730701
vn -0.71263498 0.09797257 -0.69466013
vn -0.99888951 0.04669404 -0.00629538
vn -0.71509492 0.02847510 -0.69844711
vn -0.94011110 -0.01860958 -0.34035990
vn -0.85537273 0.41448420 -0.31070980
vn -0.74160761 0.47800231 -0.47067201
vn -0.86559391 0.40971461 -0.28789091
vn 0.10196950 0.72864533 -0.67725789
vn 0.06920224 0.99660558 -0.04459291
vn 0.21052450 0.66860342 -0.71319628
vn 0.21377669 0.67989337 -0.70145887
vn 0.24483100 0.65686941 -0.71314830
vn 0.24911250 0.66777122 -0.70144480
vn 0.27884790 0.64319050 -0.71312678
vn 0.28341669 0.65393639 -0.70145720
vn 0.31208169 0.62771517 -0.71314698
vn 0.31709370 0.63826340 -0.70147812
vn 0.34425041 0.61068583 -0.71313012
vn 0.34994090 0.62092102 -0.70142603
vn 0.37529859 0.59196508 -0.71325189
vn 0.38196471 0.60168701 -0.70148122
vn 0.40590259 0.57148260 -0.71319753
vn 0.41275731 0.58102077 -0.70146012
vn 0.43513659 0.54957020 -0.71318221
vn 0.44237301 0.55882132 -0.70144492
vn 0.46307200 0.52613372 -0.71326548
vn 0.47092849 0.53495789 -0.70146018
vn 0.48999339 0.50120658 -0.71323103
vn 0.49819571 0.50965297 -0.70146620
vn 0.49817729 0.50971431 -0.70143479
vn 0.48987269 0.50127292 -0.71326733
vn 0.51543099 0.47501340 -0.71322727
vn 0.52404523 0.48304871 -0.70145601
vn 0.53946728 0.44759509 -0.71318573
vn 0.54846269 0.45514739 -0.70144820
vn 0.56209201 0.41893661 -0.71312332
vn 0.57154322 0.42596531 -0.70135021
vn 0.58305281 0.38898891 -0.71325821
vn 0.59278828 0.39574519 -0.70141852
vn 0.60251981 0.35810271 -0.71325481
vn 0.61264712 0.36418679 -0.70144951
vn 0.62033093 0.32625681 -0.71326453
vn 0.63069350 0.33193511 -0.70145911
vn 0.63655961 0.29361120 -0.71315110
vn 0.64728522 0.29831740 -0.70144761
vn 0.65102518 0.25976071 -0.71322548
vn 0.66191387 0.26425779 -0.70145410
vn 0.66364092 0.22569629 -0.71319151
vn 0.67475009 0.22940390 -0.70148861
vn 0.67459041 0.19075260 -0.71312082
vn 0.68584007 0.19388031 -0.70145130
vn 0.68360192 0.15509030 -0.71318680
vn 0.69504148 0.15790640 -0.70141500
vn 0.69072020 0.11961400 -0.71316081
vn 0.70223230 0.12156420 -0.70149273
vn 0.69592398 0.08342468 -0.71325320
vn 0.70765662 0.08481687 -0.70144731
vn 0.69942892 0.04694795 -0.71315861
vn 0.71111298 0.04773694 -0.70145518
vn 0.70092750 0.01028734 -0.71315843
vn 0.71266508 0.01085805 -0.70142049
vn 0.70044333 -0.02554613 -0.71325082
vn 0.71227551 -0.02620553 -0.70141071
vn 0.69813842 -0.06213665 -0.71326143
vn 0.70991522 -0.06307625 -0.70145702
vn 0.69396031 -0.09839051 -0.71325922
vn 0.70565778 -0.10004710 -0.70145398
vn 0.68784350 -0.13467100 -0.71325678
vn 0.69943452 -0.13695709 -0.70145142
vn 0.67993373 -0.17060080 -0.71315187
vn 0.69148999 -0.17294060 -0.70137948
vn 0.67011821 -0.20588850 -0.71312797
vn 0.68146008 -0.20873030 -0.70145828
vn 0.65846771 -0.24017499 -0.71325761
vn 0.66954267 -0.24428950 -0.70145232
vn 0.64502662 -0.27424321 -0.71325409
vn 0.65594661 -0.27866691 -0.70148343
vn 0.62996608 -0.30756280 -0.71312541
vn 0.64072502 -0.31214029 -0.70145559
vn 0.61323381 -0.33964929 -0.71314990
vn 0.62350577 -0.34527311 -0.70144641
vn 0.59446472 -0.37137651 -0.71322602
vn 0.60448492 -0.37763462 -0.70142013
vn 0.57432783 -0.40187180 -0.71319479
vn 0.58390540 -0.40867111 -0.70145738
vn 0.55264550 -0.43127641 -0.71315062
vn 0.56206203 -0.43829989 -0.70141262
vn 0.52945638 -0.45933181 -0.71322519
vn 0.53835231 -0.46705389 -0.70145380
vn 0.50477630 -0.48637411 -0.71319091
vn 0.51340812 -0.49439219 -0.70141888
vn 0.47862181 -0.51207638 -0.71323139
vn 0.48676351 -0.52057940 -0.70146882
vn 0.48679951 -0.52054912 -0.70146632
vn 0.47863251 -0.51205927 -0.71323651
vn 0.45126960 -0.53638601 -0.71319419
vn 0.45910940 -0.54522830 -0.70138782
vn 0.42287841 -0.55896127 -0.71325737
vn 0.42995101 -0.56842512 -0.70145208
vn 0.39328960 -0.58028382 -0.71315789
vn 0.39968100 -0.59005791 -0.70148891
vn 0.36235601 -0.60005999 -0.71318042
vn 0.36844671 -0.61014211 -0.70140850
vn 0.33077061 -0.61796790 -0.71323657
vn 0.33625010 -0.62839651 -0.70146543
vn 0.29783699 -0.63448560 -0.71324700
vn 0.30319199 -0.64506012 -0.70140719
vn 0.26452509 -0.64917737 -0.71315861
vn 0.26912880 -0.65998381 -0.70142078
vn 0.23041929 -0.66201651 -0.71319091
vn 0.23418421 -0.67325038 -0.70134991
vn 0.19573300 -0.67308247 -0.71319610
vn 0.19881180 -0.68441910 -0.70145881
vn 0.16018420 -0.68242860 -0.71318471
vn 0.16319530 -0.69378609 -0.70144731
vn 0.05089902 -0.99817163 -0.03260082
vn 0.07439166 -0.72478581 -0.68494642
vn 0.13922250 -0.73169148 -0.66726649
vn 0.05086803 -0.99818277 -0.03230482
vn 0.16033860 -0.68276382 -0.71282899
vn 0.06912934 0.99661809 -0.04442411
vn 0.15522340 0.73224658 -0.66311431
vn 0.21043590 0.66902292 -0.71282911
vn 0.24505590 0.65709561 -0.71286261
vn 0.19561340 -0.67343479 -0.71289623
vn 0.23045839 -0.66232020 -0.71289623
vn 0.27899709 -0.65618098 -0.70113271
vn 0.26475450 -0.64944577 -0.71282899
vn 0.31284651 -0.64069659 -0.70116693
vn 0.29813170 -0.63477898 -0.71286261
vn 0.34584480 -0.62354171 -0.70113277
vn 0.33076221 -0.61844259 -0.71282899
vn 0.37782919 -0.60469657 -0.70113277
vn 0.36251029 -0.60030443 -0.71289623
vn 0.40886459 -0.58407778 -0.70120102
vn 0.39321759 -0.58065402 -0.71289623
vn 0.43875331 -0.56205738 -0.70113271
vn 0.42299509 -0.55933368 -0.71289623
vn 0.46743661 -0.53834927 -0.70120120
vn 0.45177421 -0.53644657 -0.71282899
vn 0.49499270 -0.51317370 -0.70116693
vn 0.47904211 -0.51210320 -0.71292990
vn 0.52106130 -0.48668280 -0.70116693
vn 0.50504518 -0.48662531 -0.71282899
vn 0.54566002 -0.45888159 -0.70120108
vn 0.52978313 -0.45951799 -0.71286261
vn 0.56884837 -0.42985609 -0.70116699
vn 0.55294001 -0.43143061 -0.71282899
vn 0.59045303 -0.39966261 -0.70116699
vn 0.57462168 -0.40192160 -0.71292990
vn 0.61059398 -0.36815700 -0.70116711
vn 0.59481680 -0.37151030 -0.71286261
vn 0.62896162 -0.33588731 -0.70113277
vn 0.61335957 -0.34002519 -0.71286261
vn 0.64565438 -0.30256119 -0.70113277
vn 0.63017768 -0.30766061 -0.71289623
vn 0.66049057 -0.26854640 -0.70116699
vn 0.64540958 -0.27435991 -0.71286261
vn 0.67359543 -0.23373960 -0.70116693
vn 0.65887892 -0.24031940 -0.71282899
vn 0.68492568 -0.19821601 -0.70113277
vn 0.67049080 -0.20571101 -0.71282899
vn 0.69429499 -0.16223259 -0.70116693
vn 0.68026668 -0.17048199 -0.71286261
vn 0.70180869 -0.12581541 -0.70116693
vn 0.68826878 -0.13476241 -0.71282888
vn 0.70740789 -0.08910191 -0.70116693
vn 0.69431251 -0.09877902 -0.71286249
vn 0.71112847 -0.05204474 -0.70113319
vn 0.69851780 -0.06244844 -0.71286261
vn 0.71339637 -0.01221483 -0.70065433
vn 0.70085669 -0.02597874 -0.71282888
vn 0.71418548 0.04131442 -0.69873631
vn 0.70125938 0.01048970 -0.71282899
vn 0.69975942 0.04702913 -0.71282899
vn 0.70753890 0.09334772 -0.70048201
vn 0.69630992 0.08353710 -0.71286333
vn 0.70051211 0.13306510 -0.70112520
vn 0.69105762 0.11970310 -0.71281880
vn 0.69254619 0.16940109 -0.70120120
vn 0.68386728 0.15556490 -0.71282911
vn 0.68283057 0.20531850 -0.70113248
vn 0.67487431 0.19083880 -0.71282911
vn 0.67116422 0.24063200 -0.70116681
vn 0.66397017 0.22587240 -0.71282899
vn 0.65774041 0.27530149 -0.70113248
vn 0.65126449 0.26015681 -0.71286261
vn 0.64248830 0.30922771 -0.70113271
vn 0.63682711 0.29364970 -0.71289641
vn 0.62548661 0.34231481 -0.70113277
vn 0.62062788 0.32649660 -0.71289623
vn 0.60684282 0.37443599 -0.70109892
vn 0.60286123 0.35837591 -0.71282899
vn 0.58646852 0.40554580 -0.70113289
vn 0.58334672 0.38927311 -0.71286261
vn 0.56448603 0.43562430 -0.70113271
vn 0.56235051 0.41903329 -0.71286261
vn 0.54094231 0.46453729 -0.70113248
vn 0.53974372 0.44783020 -0.71282888
vn 0.51607531 0.49201560 -0.70113271
vn 0.51569998 0.47526869 -0.71286267
vn 0.48963430 0.51833493 -0.70113277
vn 0.49004579 0.50167912 -0.71286267
vn 0.46186250 0.54309481 -0.70123541
vn 0.46331629 0.52641910 -0.71289623
vn 0.43312120 0.56640881 -0.70113277
vn 0.43524781 0.54994023 -0.71282899
vn 0.40292638 0.58831239 -0.70109838
vn 0.40603951 0.57180327 -0.71286249
vn 0.37175929 0.60848647 -0.70109862
vn 0.37559360 0.59228730 -0.71282899
vn 0.33946601 0.62699908 -0.70116693
vn 0.34432009 0.61095882 -0.71286261
vn 0.30635381 0.64390081 -0.70109862
vn 0.31202221 0.62806797 -0.71286237
vn 0.27890110 0.64349759 -0.71282899
vn 0.93548268 -0.01186180 -0.35317349
vn 0.99839342 0.05600666 -0.00860494
vn 0.85437632 0.41360551 -0.31459791
vn 0.71591783 0.03162610 -0.69746792
vn 0.99983668 -0.01760208 -0.00411892
vn 0.99988347 0.01260286 -0.00862586
vn 0.85868400 0.41261631 -0.30398980
vn 0.86566389 0.41049960 -0.28655949
vn 0.73529857 0.48067969 -0.47778979
vn 0.71305537 -0.01220440 -0.70100153
vn 0.71390802 0.04105871 -0.69903481
vn 0.69877851 0.05837672 -0.71295220
vn 0.70727950 0.09337532 -0.70074022
vn 0.69454312 0.09466832 -0.71319562
vn 0.70013618 0.13307831 -0.70149809
vn 0.68863553 0.13089730 -0.71319491
vn 0.69224912 0.16940311 -0.70149398
vn 0.68081039 0.16660669 -0.71325970
vn 0.68246692 0.20549691 -0.70143408
vn 0.67122263 0.20176140 -0.71326899
vn 0.67079550 0.24072140 -0.70148891
vn 0.65975171 0.23694029 -0.71315283
vn 0.65746683 0.27519509 -0.70143080
vn 0.64662761 0.27059591 -0.71319759
vn 0.64210802 0.30927670 -0.70145941
vn 0.63170540 0.30373931 -0.71322572
vn 0.62505788 0.34248590 -0.70143151
vn 0.61490262 0.33637211 -0.71326608
vn 0.60646981 0.37429550 -0.70149648
vn 0.59642029 0.36828899 -0.71319431
vn 0.58619863 0.40537071 -0.70145983
vn 0.57645941 0.39881259 -0.71319223
vn 0.56413490 0.43554941 -0.70146167
vn 0.55484033 0.42837641 -0.71319407
vn 0.54065400 0.46431351 -0.70150292
vn 0.53185010 0.45659640 -0.71320081
vn 0.51578599 0.49183971 -0.70146889
vn 0.50736141 0.48370871 -0.71316922
vn 0.50731009 0.48381579 -0.71313298
vn 0.51573437 0.49189401 -0.70146871
vn 0.48938709 0.51807892 -0.70149452
vn 0.48132190 0.50964153 -0.71315831
vn 0.46166039 0.54296613 -0.70146811
vn 0.45417851 0.53396201 -0.71316660
vn 0.43261561 0.56642938 -0.70142817
vn 0.42559230 0.55702108 -0.71316111
vn 0.40276051 0.58796281 -0.70148683
vn 0.39597899 0.57841867 -0.71318471
vn 0.37154260 0.60814917 -0.70150602
vn 0.36534449 0.59825748 -0.71317011
vn 0.33917531 0.62682801 -0.70146048
vn 0.33366281 0.61646169 -0.71319288
vn 0.30630329 0.64353287 -0.70145839
vn 0.30105969 0.63310242 -0.71312302
vn 0.15517600 0.73204529 -0.66334772
vn 0.10340490 0.99236691 -0.06719630
vn 0.69917190 -0.05132931 -0.71310872
vn 0.71080732 -0.05208438 -0.70145577
vn 0.69544762 -0.08727824 -0.71325672
vn 0.70710558 -0.08917963 -0.70146179
vn 0.68996000 -0.12335320 -0.71325958
vn 0.70165497 -0.12520650 -0.70142973
vn 0.68254131 -0.15941070 -0.71325010
vn 0.69403529 -0.16209871 -0.70145488
vn 0.67346680 -0.19467740 -0.71312219
vn 0.68450630 -0.19837020 -0.70149869
vn 0.66227877 -0.22965850 -0.71319270
vn 0.67334688 -0.23356150 -0.70146477
vn 0.64942712 -0.26374629 -0.71321970
vn 0.66020161 -0.26849559 -0.70145851
vn 0.63471073 -0.29757851 -0.71315438
vn 0.64533728 -0.30255669 -0.70142662
vn 0.61844891 -0.33011341 -0.71312422
vn 0.62861490 -0.33577099 -0.70149922
vn 0.60026461 -0.36200270 -0.71318757
vn 0.61031503 -0.36806130 -0.70146030
vn 0.58065099 -0.39269131 -0.71318871
vn 0.59033263 -0.39932379 -0.70146131
vn 0.55911881 -0.42266861 -0.71325833
vn 0.56857979 -0.42972830 -0.70146322
vn 0.53657752 -0.45114771 -0.71312720
vn 0.54557562 -0.45862710 -0.70143318
vn 0.51228100 -0.47847489 -0.71318311
vn 0.52085602 -0.48648629 -0.70145571
vn 0.48660651 -0.50463778 -0.71313018
vn 0.49482569 -0.51296812 -0.70143509
vn 0.49489909 -0.51290518 -0.70142943
vn 0.48664799 -0.50459391 -0.71313322
vn 0.45939469 -0.52949691 -0.71315467
vn 0.46741530 -0.53798389 -0.70149583
vn 0.43163851 -0.55221790 -0.71326268
vn 0.43872651 -0.56166041 -0.70146757
vn 0.40211049 -0.57430100 -0.71308172
vn 0.40916631 -0.58356011 -0.70145601
vn 0.37157538 -0.59441942 -0.71316010
vn 0.37766239 -0.60441351 -0.70146668
vn 0.33998129 -0.61293137 -0.71325159
vn 0.34554619 -0.62334323 -0.70145643
vn 0.30789450 -0.62976497 -0.71315992
vn 0.31285560 -0.64036411 -0.70146650
vn 0.27434519 -0.64505190 -0.71319193
vn 0.27884179 -0.65589231 -0.70146459
vn 0.12298760 -0.64776099 -0.75185090
vn 0.13938379 -0.73141599 -0.66753489
vn 0.30110690 0.63337320 -0.71286261
vn 0.10343420 0.99237609 -0.06701564
vn 0.04672783 0.71923470 -0.69319421
vn 0.69903082 0.05843061 -0.71270043
vn 0.71625578 0.03162193 -0.69712108
vn 0.99988347 0.01265823 -0.00854170
vn 0.69487393 0.09485638 -0.71284831
vn 0.68891573 0.13095529 -0.71291357
vn 0.68120527 0.16663760 -0.71287543
vn 0.67151952 0.20206690 -0.71290302
vn 0.66014761 0.23681590 -0.71282780
vn 0.64684391 0.27104899 -0.71282917
vn 0.71284783 0.11149790 -0.69239902
vn 0.59664887 0.36856070 -0.71286267
vn 0.57671118 0.39897779 -0.71289623
vn 0.69176108 0.20188360 -0.69333231
vn 0.39619720 0.57862490 -0.71289623
vn 0.36552051 0.59855628 -0.71282899
vn 0.33372560 0.61684853 -0.71282899
vn 0.63185829 0.30435121 -0.71282917
vn 0.61516160 0.33675379 -0.71286261
vn 0.55512649 0.42850161 -0.71289623
vn 0.66087812 0.29117310 -0.69170690
vn 0.53193092 0.45708251 -0.71282899
vn 0.56998801 0.43900731 -0.69454038
vn 0.61647552 0.37142309 -0.69426441
vn 0.50743931 0.48407900 -0.71286261
vn 0.51264292 0.50847542 -0.69184542
vn 0.38961139 0.60001558 -0.69870180
vn 0.44451979 0.56493682 -0.69516093
vn 0.34077990 0.63044262 -0.69743198
vn 0.48152509 0.50986338 -0.71286249
vn 0.21771240 0.68753630 -0.69274467
vn 0.45430109 0.53421861 -0.71289623
vn 0.13216020 0.70734650 -0.69440240
vn 0.42579329 0.55729252 -0.71282899
vn 0.28675351 0.65634310 -0.69784403
vn 0.71257383 0.11139720 -0.69269711
vn 0.80182707 0.51349938 -0.30560091
vn 0.69142658 0.20195749 -0.69364440
vn 0.77065581 0.56458563 -0.29552111
vn 0.66043657 0.29130539 -0.69207281
vn 0.74085921 0.60548341 -0.29071921
vn 0.71263361 0.64031953 -0.28660819
vn 0.61617422 0.37135950 -0.69456571
vn 0.68528497 0.67094523 -0.28322601
vn 0.56965572 0.43894970 -0.69484931
vn 0.65001059 0.70468980 -0.28442690
vn 0.51218581 0.50851798 -0.69215262
vn 0.60172248 0.74389923 -0.29076490
vn 0.60158360 0.74399108 -0.29081661
vn 0.51221663 0.50851947 -0.69212872
vn 0.44427791 0.56476378 -0.69545603
vn 0.55284780 0.77951181 -0.29448411
vn 0.38947919 0.59978551 -0.69897318
vn 0.50802958 0.80914980 -0.29526690
vn 0.34066081 0.63017768 -0.69772953
vn 0.45978150 0.83521658 -0.30168590
vn 0.28644231 0.65604031 -0.69825637
vn 0.21749580 0.68729973 -0.69304740
vn 0.39570391 0.86432618 -0.31041691
vn 0.33183211 0.88869000 -0.31641391
vn 0.13206600 0.70706749 -0.69470441
vn 0.25499049 0.92424983 -0.28415191
vn 0.04670113 0.71894908 -0.69349200
vn 0.03033155 0.99949580 -0.00940317
vn 0.22213811 0.92271471 -0.31504330
vn 0.23864730 0.92238063 -0.30374601
vn 0.25415260 0.92203361 -0.29199451
vn 0.74067992 0.60557461 -0.29098621
vn 0.85869169 0.41258189 -0.30401441
vn 0.77049440 0.56469858 -0.29572609
vn 0.85437429 0.41358480 -0.31463030
vn 0.71246731 0.64037228 -0.28690380
vn 0.68509698 0.67099088 -0.28357261
vn 0.64982140 0.70472062 -0.28478250
vn 0.27002481 0.92152298 -0.27907369
vn 0.99838227 0.05622446 -0.00846756
vn 0.80175573 0.51361579 -0.30559230
vn 0.28515780 0.92115378 -0.26487869
vn 0.86566311 0.41049549 -0.28656760
vn 0.30569759 0.92028970 -0.24416380
vn 0.73516971 0.48082319 -0.47784379
vn 0.74358308 0.38171610 -0.54897833
vn 0.32904831 0.92045581 -0.21092279
vn 0.77093530 0.38011250 -0.51105142
vn 0.79723787 0.38192201 -0.46749079
vn 0.34924749 0.92045951 -0.17544369
vn 0.81999111 0.38013551 -0.42791551
vn 0.84163481 0.38196302 -0.38177899
vn 0.36563459 0.92045808 -0.13808820
vn 0.86016673 0.38015220 -0.33999661
vn 0.87686312 0.38197151 -0.29190591
vn 0.37802359 0.92046380 -0.09922033
vn 0.89095712 0.38011169 -0.24841590
vn 0.90252572 0.38194570 -0.19890910
vn 0.38630488 0.92046392 -0.05928611
vn 0.91203362 0.38005841 -0.15411170
vn 0.91836083 0.38194141 -0.10360670
vn 0.39038429 0.92046219 -0.01869946
vn 0.92307627 0.38020220 -0.05810695
vn 0.92413992 0.38198471 -0.00730640
vn 0.39020309 0.92046380 0.02209198
vn 0.92412299 0.38015091 0.03849697
vn 0.91983437 0.38203159 0.08919900
vn 0.38577449 0.92046392 0.06264382
vn 0.91505480 0.38017231 0.13469930
vn 0.90552747 0.38203299 0.18458290
vn 0.37714940 0.92046148 0.10251370
vn 0.89603722 0.38015649 0.22934321
vn 0.88134700 0.38203621 0.27798531
vn 0.36440110 0.92046702 0.14125320
vn 0.86722022 0.38016760 0.32156149
vn 0.84754843 0.38205171 0.36837250
vn 0.34769729 0.92046392 0.17847350
vn 0.82896382 0.38013890 0.41026020
vn 0.80447102 0.38213569 0.45475149
vn 0.32720351 0.92046398 0.21373820
vn 0.78164780 0.38018280 0.49445701
vn 0.75265533 0.38213521 0.53617418
vn 0.30314559 0.92046291 0.24667990
vn 0.72575688 0.38016099 0.57337117
vn 0.69265533 0.38205451 0.61177039
vn 0.27577841 0.92046768 0.27692169
vn 0.66206860 0.38017219 0.64585948
vn 0.62508023 0.38205659 0.68066698
vn 0.24541250 0.92046678 0.30416051
vn 0.59110248 0.38018870 0.71137500
vn 0.55076832 0.38209051 0.74206561
vn 0.21237510 0.92046738 0.32808039
vn 0.51368523 0.38017660 0.76915109
vn 0.47039029 0.38206080 0.79546380
vn 0.17701650 0.92047280 0.34841800
vn 0.43070561 0.38006151 0.81856352
vn 0.38491109 0.38198289 0.84019792
vn 0.13973691 0.92046970 0.36497840
vn 0.34301341 0.38004631 0.85901511
vn 0.29519060 0.38205579 0.87572593
vn 0.10094360 0.92046452 0.37756550
vn 0.25161281 0.38005969 0.89008182
vn 0.20220260 0.38205400 0.90174770
vn 0.06103682 0.92046827 0.38602140
vn 0.15739030 0.38007241 0.91146761
vn 0.10711790 0.38197929 0.91794211
vn 0.02048456 0.92047352 0.39026791
vn 0.06149840 0.37994671 0.92296177
vn 0.01101386 0.38205141 0.92407560
vn -0.02021664 0.92049622 0.39022830
vn -0.03419011 0.38009331 0.92431611
vn -0.08411180 0.38193730 0.92035282
vn -0.06061828 0.92048180 0.38605550
vn -0.12909770 0.38023511 0.91583568
vn -0.17886861 0.38205430 0.90666449
vn -0.10042730 0.92047620 0.37767440
vn -0.22319829 0.38018769 0.89757442
vn -0.27188030 0.38198441 0.88327181
vn -0.13916300 0.92047221 0.36519140
vn -0.31486720 0.38036320 0.86958760
vn -0.36188430 0.38204071 0.85034388
vn -0.17639969 0.92046088 0.34876201
vn -0.40318090 0.38029161 0.83236033
vn -0.44795901 0.38195950 0.80835629
vn -0.21168980 0.92047763 0.32849431
vn -0.48705581 0.38037041 0.78619027
vn -0.48723891 0.38003460 0.78623909
vn -0.21175700 0.92040902 0.32864341
vn -0.52943611 0.38160661 0.75767672
vn -0.52938533 0.38196921 0.75752950
vn -0.24469010 0.92044878 0.30479619
vn -0.56584370 0.38055950 0.73143393
vn -0.56601203 0.37999150 0.73159891
vn -0.24486540 0.92037863 0.30486759
vn -0.60504460 0.38162580 0.69877237
vn -0.60495871 0.38196579 0.69866103
vn -0.27510139 0.92043352 0.27770790
vn -0.63846678 0.38050589 0.66901082
vn -0.63873792 0.38004321 0.66901511
vn -0.27514049 0.92037612 0.27785870
vn -0.67411071 0.38160399 0.63241851
vn -0.67406851 0.38196531 0.63224548
vn -0.30252790 0.92043048 0.24755751
vn -0.70433712 0.38051519 0.59926420
vn -0.73596662 0.38182360 0.55907422
vn -0.32665610 0.92041862 0.21476840
vn -0.76266068 0.38044101 0.52308071
vn -0.78993690 0.38184571 0.47978520
vn -0.34725210 0.92040342 0.17964920
vn -0.81266999 0.38056061 0.44129470
vn -0.83547902 0.38184109 0.39518631
vn -0.36408261 0.92038989 0.14257020
vn -0.85404772 0.38052449 0.35468820
vn -0.87191200 0.38178870 0.30660561
vn -0.37696269 0.92037880 0.10393270
vn -0.88616592 0.38061199 0.26428151
vn -0.89903510 0.38168740 0.21459460
vn -0.38576430 0.92036277 0.06417304
vn -0.90877998 0.38058731 0.17109150
vn -0.91638053 0.38179630 0.12032670
vn -0.39038301 0.92034751 0.02370297
vn -0.92152888 0.38077640 0.07611614
vn -0.92396438 0.38167891 0.02472364
vn -0.39078060 0.92032701 -0.01699531
vn -0.92449260 0.38069221 -0.01967442
vn -0.92469508 0.38019800 -0.01971119
vn -0.39095381 0.92025358 -0.01698637
vn -0.92169052 0.38133970 -0.07118141
vn -0.92155260 0.38167080 -0.07119345
vn -0.38690481 0.92031932 -0.05759531
vn -0.91745508 0.38077530 -0.11526660
vn -0.91758871 0.38043550 -0.11532560
vn -0.38704160 0.92026269 -0.05757862
vn -0.90935957 0.38133371 -0.16628210
vn -0.90922129 0.38166350 -0.16628210
vn -0.37878990 0.92044920 -0.09639269
vn -0.90055919 0.38084239 -0.20964810
vn -0.90072310 0.38041320 -0.20972320
vn -0.37906170 0.92033362 -0.09642761
vn -0.88792849 0.38013661 -0.25899661
vn -0.88774240 0.38054320 -0.25903791
vn -0.36744630 0.92125767 -0.12754400
vn -0.87305778 0.38112020 -0.30416721
vn -0.35865220 0.92053437 -0.15487111
vn -0.85715687 0.38084450 -0.34675601
vn -0.83687639 0.38054341 -0.39347741
vn -0.34325311 0.92149550 -0.18172340
vn -0.81583250 0.38064891 -0.43534350
vn -0.79217547 0.38074669 -0.47695911
vn -0.33195880 0.92154312 -0.20139980
vn -0.76699853 0.38046810 -0.51667911
vn -0.31695050 0.92064798 -0.22792471
vn -0.64989930 0.70460790 -0.28488359
vn -0.27124941 0.92123681 -0.27883101
vn -0.68655902 0.67028338 -0.28170380
vn -0.73717332 0.38157061 -0.55765528
vn -0.29410869 0.92040151 -0.25760651
vn -0.74143672 0.47817981 -0.47076070
vn -0.86560059 0.40968159 -0.28791800
vn -0.85538203 0.41447210 -0.31070000
vn -0.70076728 0.64669502 -0.30118239
vn -0.73619747 0.60877001 -0.29565591
vn -0.76786351 0.56568170 -0.30064949
vn -0.81436873 0.49837771 -0.29736069
vn -0.99888968 0.04668843 -0.00630003
vn -0.23852649 0.92238140 -0.30383849
vn -0.25491139 0.92176431 -0.29218289
vn -0.22166410 0.92206681 -0.31726628
vn 0.00345033 -0.99906051 0.04320061
vn -0.04388898 -0.99893862 -0.01398366
vn -0.05642563 -0.99799871 -0.02854871
vn -0.04196459 -0.99826652 -0.04126673
vn -0.00264800 -0.99912381 -0.04177093
vn 0.00749618 -0.99817038 -0.05999749
vn -0.03432780 -0.99804682 -0.05219513
vn 0.03353220 -0.99801558 -0.05329644
vn 0.03346920 -0.99907809 -0.02688509
vn -0.01063328 -0.99908292 0.04147976
vn -0.03609842 -0.99812877 0.04935455
vn -0.04580062 -0.99791682 0.04543721
vn -0.04907584 -0.99807501 0.03792065
vn -0.05120247 -0.99868000 -0.00406975
vn -0.01367014 -0.99810302 -0.06002938
vn 0.05408388 -0.99822497 -0.02493810
vn 0.03806680 -0.99878073 0.03143668
vn 0.03638929 -0.99785429 0.05443012
vn 0.02852064 -0.99782652 0.05940562
vn -0.06300944 -0.99798471 0.00751495
vn -0.05937933 -0.99791270 0.02538967
vn 0.05900627 -0.99824232 -0.00555152
vn 0.04406148 -0.99894482 0.01295763
vn -0.06131196 -0.96796018 -0.24350320
vn -0.04057675 -0.96703267 -0.25139889
vn -0.09649050 -0.87434453 -0.47561690
vn -0.14734019 -0.96524757 -0.21584260
vn -0.12486480 -0.96726191 -0.22093700
vn -0.26312041 -0.87399858 -0.40852681
vn -0.28871831 -0.87281728 -0.39348680
vn -0.15868139 -0.96718252 -0.19843990
vn -0.18008740 -0.96737742 -0.17818449
vn -0.37365750 -0.86626887 -0.33159950
vn -0.20675179 -0.96527362 -0.15968931
vn -0.37900090 -0.87078452 -0.31319770
vn -0.40367979 -0.86855942 -0.28748450
vn -0.21523090 -0.96797371 -0.12923820
vn -0.41425559 -0.86766172 -0.27487370
vn -0.19745620 -0.96797359 0.15504301
vn -0.21317090 -0.96703041 0.13932159
vn -0.39522201 -0.87436092 0.28158960
vn -0.15975919 -0.96522200 0.20693870
vn -0.16988120 -0.96702123 0.18976440
vn -0.30767220 -0.87547427 0.37266949
vn -0.28558469 -0.87279111 0.39582491
vn -0.13978240 -0.96716207 0.21226980
vn 0.00240552 -0.96769559 -0.25211021
vn -0.01254093 -0.89323801 -0.44940931
vn -0.01565366 -0.96783727 -0.25108981
vn -0.02242654 -0.96833008 -0.24866431
vn -0.05793517 -0.89317948 -0.44595271
vn -0.12803499 -0.89399910 -0.42938641
vn -0.07970166 -0.96783203 -0.23863999
vn -0.08909440 -0.96743238 -0.23693240
vn -0.16332130 -0.89462549 -0.41589859
vn -0.10034800 -0.96769392 -0.23129800
vn -0.19471671 -0.89154851 -0.40893379
vn -0.11644390 -0.96782869 -0.22304399
vn -0.22277760 -0.89224249 -0.39277679
vn -0.29595819 -0.89105338 -0.34414059
vn -0.17014360 -0.96813577 -0.18375079
vn -0.31672901 -0.89163548 -0.32352570
vn -0.40024471 -0.89082521 -0.21502291
vn -0.22503020 -0.96785140 -0.11236180
vn -0.22658160 -0.96832508 -0.10491530
vn -0.41551200 -0.89319450 -0.17191111
vn -0.23577850 -0.96782899 -0.08783799
vn -0.23634020 -0.96831530 -0.08067798
vn -0.42793611 -0.89484501 -0.12697670
vn -0.24367011 -0.96782851 -0.06271296
vn -0.24724940 -0.96742767 -0.05432754
vn -0.43776429 -0.89461827 -0.08955800
vn -0.24865900 -0.96768761 -0.04182600
vn -0.44897711 -0.89156592 -0.05941367
vn -0.25051191 -0.96782023 -0.02382922
vn -0.25267971 -0.96743411 -0.01497417
vn -0.44764170 -0.89381868 -0.02655565
vn -0.25213209 -0.96768987 -0.00237817
vn -0.44613469 -0.89488327 0.01216137
vn -0.25106031 -0.96784472 0.01566678
vn -0.25197840 -0.96741802 0.02468383
vn -0.44399041 -0.89462978 0.05010271
vn -0.24939470 -0.96769232 0.03706818
vn -0.44190931 -0.89324123 0.08268272
vn -0.24559170 -0.96782643 0.05474436
vn -0.24213490 -0.96831971 0.06105446
vn -0.42790651 -0.89485729 0.12699039
vn -0.23854619 -0.96781951 0.08013236
vn -0.23444560 -0.96831417 0.08604121
vn -0.41246700 -0.89485139 0.17062239
vn -0.22882549 -0.96783102 0.10460500
vn -0.22633600 -0.96742803 0.11338060
vn -0.39656410 -0.89461899 0.20589750
vn -0.21959040 -0.96767992 0.12399910
vn -0.38616440 -0.89172530 0.23601490
vn -0.33988991 -0.89401692 0.29190549
vn -0.18558830 -0.96783632 0.16985270
vn -0.17916280 -0.96832019 0.17394499
vn -0.31019521 -0.89316302 0.32563591
vn -0.23223271 -0.89456081 0.38187581
vn -0.12365400 -0.96782082 0.21916340
vn -0.11665300 -0.96831351 0.22081929
vn -0.19197001 -0.89484668 0.40298519
vn -0.10007420 -0.96782148 0.23088290
vn -0.09292936 -0.96831763 0.23178720
vn -0.14879081 -0.89485729 0.42082271
vn -0.07538366 -0.96782678 0.24005960
vn -0.06818693 -0.96831900 0.24022710
vn -0.10397880 -0.89486003 0.43406701
vn -0.04987865 -0.96782362 0.24663670
vn -0.04270386 -0.96831918 0.24603730
vn -0.05929780 -0.89305860 0.44601580
vn -0.02382528 -0.96782339 0.25049999
vn -0.01497894 -0.96742791 0.25270349
vn -0.02563923 -0.89279389 0.44973540
vn -0.00240654 -0.96768791 0.25213981
vn 0.01258456 -0.89488012 0.44612920
vn -0.09109228 -0.92372000 -0.37208021
vn -0.20705520 -0.92502481 -0.31852379
vn -0.22512770 -0.92522901 -0.30539951
vn -0.28306809 -0.92687839 -0.24651370
vn -0.31604761 -0.91434270 -0.25316289
vn -0.30675110 -0.92745179 -0.21386200
vn -0.33804241 -0.91602790 -0.21591720
vn -0.30315259 -0.92420173 0.23227111
vn -0.23010831 -0.92760778 0.29426870
vn -0.21660890 -0.92357159 0.31637970
vn 0.00601000 -0.93304491 -0.35971001
vn -0.02815520 -0.93241852 -0.36028209
vn -0.05972427 -0.93177807 -0.35808209
vn -0.12120720 -0.93196869 -0.34167731
vn -0.15322369 -0.93345362 -0.32432520
vn -0.17717069 -0.93396890 -0.31034321
vn -0.22870560 -0.93608499 -0.26728010
vn -0.25201839 -0.93503892 -0.24937729
vn -0.31489649 -0.93371731 -0.17033011
vn -0.32685441 -0.93293703 -0.15097959
vn -0.34633771 -0.93015248 -0.12192860
vn -0.35247549 -0.93200302 -0.08444911
vn -0.35513470 -0.93361771 -0.04730081
vn -0.36246380 -0.93195438 -0.00900555
vn -0.36177269 -0.93184912 0.02789086
vn -0.35892490 -0.93200928 0.05031347
vn -0.35212949 -0.93206882 0.08516317
vn -0.34138671 -0.93207908 0.12117640
vn -0.32270929 -0.93385333 0.15419780
vn -0.30204460 -0.93530488 0.18431971
vn -0.26509410 -0.93098497 0.25098249
vn -0.24015620 -0.93298590 0.26807189
vn -0.17392410 -0.93107832 0.32069251
vn -0.13838971 -0.93207461 0.33479181
vn -0.10263850 -0.93207061 0.34743330
vn -0.06611388 -0.93206787 0.35620001
vn -0.03232431 -0.93443048 0.35467571
vn -0.00904500 -0.93409532 0.35690910
vn -0.05892354 -0.95874369 -0.27809820
vn -0.23153770 -0.95889962 0.16401830
vn -0.00731945 -0.97025001 -0.24199490
vn -0.03211337 -0.96359730 -0.26542249
vn -0.06581813 -0.97007167 -0.23372839
vn -0.08767789 -0.96565151 -0.24460110
vn -0.11580920 -0.96436661 -0.23787680
vn -0.13037460 -0.96465671 -0.22899820
vn -0.15163940 -0.96367139 -0.21987081
vn -0.14951180 -0.96982640 -0.19256981
vn -0.18632150 -0.96284843 -0.19546710
vn -0.19578371 -0.96380723 -0.18095450
vn -0.21326829 -0.96300888 -0.16471390
vn -0.20376161 -0.96998292 -0.13271910
vn -0.23470540 -0.96355689 -0.12834130
vn -0.21964400 -0.97103792 -0.09403127
vn -0.24527261 -0.96565038 -0.08579409
vn -0.25734231 -0.96456760 -0.05817568
vn -0.26007301 -0.96498060 -0.03427261
vn -0.26238251 -0.96494061 -0.00672334
vn -0.26481831 -0.96408880 0.02010142
vn -0.26112941 -0.96406072 0.04897469
vn -0.25975221 -0.96282673 0.07411903
vn -0.24779861 -0.96334559 0.10276810
vn -0.23436570 -0.96365261 0.12824389
vn -0.20956311 -0.96155268 0.17748140
vn -0.18724421 -0.96424442 0.18754350
vn -0.17155370 -0.96420783 0.20217010
vn -0.14762260 -0.96450442 0.21895000
vn -0.14193270 -0.96088493 0.23781380
vn -0.11516790 -0.96335161 0.24226040
vn -0.08832752 -0.96339953 0.25309989
vn -0.06561279 -0.96271402 0.26244399
vn -0.03446608 -0.96464938 0.26127350
vn -0.01778537 -0.97071481 0.23957550
vn 0.00664246 -0.96200281 0.27295870
vn -0.03060972 -0.98453277 -0.17250580
vn -0.07112097 -0.98338240 -0.16703610
vn -0.08946532 -0.98517072 -0.14640550
vn -0.11639880 -0.98588097 -0.12037500
vn -0.13101600 -0.98492372 -0.11296060
vn -0.14822260 -0.98565280 -0.08073920
vn -0.17457500 -0.98338997 -0.04967671
vn -0.15033451 -0.98842871 -0.02021253
vn -0.14788890 -0.98900211 -0.00197238
vn -0.16757630 -0.98578101 0.01241338
vn -0.15020040 -0.98819482 0.03017979
vn -0.17229129 -0.98317510 0.06068438
vn -0.15739471 -0.98461962 0.07583630
vn -0.15279800 -0.98299217 0.10187770
vn -0.12688680 -0.98600417 0.10814660
vn -0.11651350 -0.98523343 0.12545890
vn -0.10525280 -0.98518109 0.13542570
vn -0.08724266 -0.98358589 0.15794779
vn -0.06726831 -0.98452300 0.16183201
vn -0.04237300 -0.98998249 0.13468251
vn -0.03452706 -0.98203218 0.18552829
vn 0.00287884 -0.98704630 0.16041030
vn 0.00240600 -0.99228388 -0.12396360
vn -0.01233035 -0.99127632 -0.13122270
vn -0.04138559 -0.99136370 -0.12444110
vn -0.05448621 -0.99292660 -0.10548970
vn -0.07725059 -0.99228209 -0.09699857
vn -0.10104900 -0.99244428 -0.06959372
vn -0.12186530 -0.99146962 -0.04622906
vn -0.10928890 -0.99374241 -0.02306520
vn -0.10577440 -0.99395531 0.02940738
vn -0.09901124 -0.99338788 0.05811363
vn -0.06333595 -0.99288660 0.10082080
vn -0.02428472 -0.99344981 0.11165980
vn -0.00767964 -0.99500060 0.09957504
vn -0.05639368 -0.99733049 -0.04638749
vn -0.03134757 -0.99734002 0.06580615
vn -0.02031773 -0.99855191 -0.04981476
vn 0.02183902 -0.99766672 -0.06468755
vn 0.04424327 -0.99797660 -0.04566544
vn 0.07578974 -0.99698132 -0.01685827
vn 0.05382746 -0.99854362 0.00365615
vn 0.06645661 -0.99719989 0.03429120
vn 0.02191078 -0.99735308 0.06933110
vn 0.03008699 -0.99198830 -0.12269550
vn 0.05652117 -0.99187148 -0.11400180
vn 0.09259855 -0.99013537 -0.10515450
vn 0.10016040 -0.99153358 -0.08263862
vn 0.12409810 -0.98929721 -0.07675057
vn 0.14213130 -0.98858237 -0.05003589
vn 0.15057860 -0.98859751 0.00107771
vn 0.12384890 -0.99211907 0.01900953
vn 0.12456560 -0.99186778 0.02611005
vn 0.13752450 -0.98926210 0.04947257
vn 0.12025920 -0.98921567 0.08360671
vn 0.08068704 -0.99333972 0.08225625
vn 0.09490215 -0.98820692 0.12016980
vn 0.01692575 -0.99220729 0.12344390
vn 0.02872151 -0.98481292 -0.17122750
vn 0.06382888 -0.98543447 -0.15762220
vn 0.09424316 -0.98624152 -0.13581680
vn 0.15624949 -0.98482883 -0.07548743
vn 0.17473130 -0.98365003 -0.04360848
vn 0.16922650 -0.98528272 -0.02409422
vn 0.17102300 -0.98522931 -0.00863183
vn 0.15558261 -0.98512572 0.07294803
vn 0.14388791 -0.98570961 0.08759558
vn 0.13165671 -0.98488063 0.11259080
vn 0.08719283 -0.98525262 0.14722390
vn 0.06429392 -0.98566091 0.15600960
vn 0.04784673 -0.98545140 0.16308440
vn 0.03551566 -0.98510402 0.16825201
vn 0.01386338 -0.97186619 -0.23512550
vn 0.06451213 -0.97157693 -0.22776440
vn 0.11763390 -0.97119403 -0.20723100
vn 0.15054670 -0.97074181 -0.18707301
vn 0.13977630 -0.98118198 -0.13320850
vn 0.16014110 -0.97961289 -0.12129960
vn 0.23828059 -0.97079420 0.02794581
vn 0.23284019 -0.97078252 0.05802518
vn 0.16681670 -0.97068018 0.17306709
vn 0.02368563 -0.97155082 0.23564430
vn 0.03625524 -0.96138942 -0.27279320
vn 0.06121820 -0.95836282 -0.27891430
vn 0.09071099 -0.96238267 -0.25610739
vn 0.11561670 -0.96316349 -0.24279401
vn 0.15278770 -0.96271199 -0.22325240
vn 0.18758979 -0.96234149 -0.19674580
vn 0.20156559 -0.96410543 -0.17283580
vn 0.21635130 -0.96504110 -0.14794570
vn 0.23178850 -0.96445852 -0.12686160
vn 0.24447841 -0.96435309 -0.10125910
vn 0.25076810 -0.96514541 -0.07489889
vn 0.26078960 -0.96409452 -0.05010712
vn 0.28579709 -0.95789760 -0.02743011
vn 0.26276669 -0.96483898 0.00627804
vn 0.25657400 -0.96534842 0.04767137
vn 0.24747141 -0.96480852 0.08889609
vn 0.24045670 -0.96389443 0.11440370
vn 0.23167780 -0.96229738 0.14251050
vn 0.20968440 -0.96499002 0.15756500
vn 0.21932730 -0.95579791 0.19582111
vn 0.16988181 -0.96512371 0.19918939
vn 0.16351341 -0.95968008 0.22864240
vn 0.12378340 -0.96449101 0.23331261
vn 0.10214290 -0.96389782 0.24590220
vn 0.07678729 -0.96308410 0.25801721
vn 0.05012941 -0.96257859 0.26632610
vn 0.02726227 -0.93326080 -0.35816360
vn 0.06962972 -0.92294031 -0.37859350
vn 0.10894140 -0.92767513 -0.35714221
vn 0.13662369 -0.93366837 -0.33105490
vn 0.18221989 -0.92784601 -0.32541931
vn 0.21729740 -0.92677188 -0.30639169
vn 0.22933631 -0.93503290 -0.27040389
vn 0.27316400 -0.92676568 -0.25785029
vn 0.29073319 -0.92624128 -0.23989870
vn 0.29483461 -0.93380767 -0.20267180
vn 0.30737910 -0.93350983 -0.18460161
vn 0.32689080 -0.93206590 -0.15619180
vn 0.34060970 -0.93201470 -0.12383000
vn 0.34805599 -0.93185472 -0.10248870
vn 0.35677010 -0.93178022 -0.06708800
vn 0.35652041 -0.93420792 -0.01220250
vn 0.36233041 -0.93199122 0.01044613
vn 0.35703221 -0.93322349 0.04027271
vn 0.35296321 -0.93339801 0.06469291
vn 0.34580970 -0.93399018 0.08987784
vn 0.34612820 -0.93005300 0.12327500
vn 0.32761210 -0.93200892 0.15501609
vn 0.32806429 -0.92594641 0.18707500
vn 0.30854300 -0.92677140 0.21423370
vn 0.29734531 -0.92555553 0.23437770
vn 0.24781039 -0.93460852 0.25514120
vn 0.23475871 -0.93192393 0.27641681
vn 0.18881211 -0.93421829 0.30263209
vn 0.17019451 -0.93341851 0.31585440
vn 0.13827060 -0.93360382 0.33055279
vn 0.11276060 -0.93469900 0.33708009
vn 0.08270972 -0.93561012 0.34320980
vn 0.05696886 -0.93332613 0.35448119
vn 0.02942335 -0.93147790 0.36260629
vn 0.17999791 -0.91642982 -0.35743141
vn 0.42468661 -0.90472949 -0.03325569
vn 0.30940190 -0.90417618 0.29450971
vn 0.24071120 -0.90466982 0.35161161
vn 0.01996433 -0.89462060 -0.44638029
vn 0.05768835 -0.89401090 -0.44431591
vn 0.11247970 -0.89316291 -0.43544051
vn 0.16363780 -0.88079381 -0.44432551
vn 0.19313870 -0.88380521 -0.42612910
vn 0.24248870 -0.89262569 -0.38002440
vn 0.29435861 -0.89156503 -0.34418759
vn 0.31268489 -0.89380449 -0.32146800
vn 0.37400091 -0.89133882 -0.25620011
vn 0.39533421 -0.89310050 -0.21466820
vn 0.41506979 -0.89323860 -0.17274800
vn 0.42388600 -0.89462239 -0.14132100
vn 0.43386009 -0.89488238 -0.10464750
vn 0.44266280 -0.89394152 -0.07013094
vn 0.44936350 -0.89334673 -0.00205356
vn 0.44826260 -0.89319611 0.03551864
vn 0.44554341 -0.89152402 0.08170807
vn 0.43134490 -0.89309329 0.12777340
vn 0.41266361 -0.89488828 0.16995230
vn 0.40385640 -0.89190090 0.20350170
vn 0.38285941 -0.89074540 0.24493130
vn 0.30325100 -0.89394993 0.32998860
vn 0.29338279 -0.88443392 0.36290950
vn 0.21574950 -0.89158732 0.39815131
vn 0.17467840 -0.89155960 0.41786230
vn 0.13904040 -0.89241749 0.42925379
vn 0.10566960 -0.89127523 0.44097909
vn 0.05872160 -0.89309192 0.44602540
vn 0.10601170 -0.87116653 -0.47940630
vn 0.16376691 -0.86510229 -0.47410801
vn 0.22356699 -0.86708587 -0.44517401
vn 0.24723660 -0.87323660 -0.41991901
vn 0.28944781 -0.87426871 -0.38971049
vn 0.36225879 -0.87268048 -0.32741019
vn 0.37845090 -0.87546360 -0.30056360
vn 0.49147680 -0.86940771 -0.05080407
vn 0.42450750 -0.87031782 0.24968059
vn 0.39614469 -0.86935162 0.29546070
vn 0.38656899 -0.86923307 0.30821770
vn 0.36308470 -0.87271291 0.32640749
vn 0.28815779 -0.87047118 0.39905509
vn 0.01498305 -0.96742970 -0.25269640
vn 0.02423238 -0.96785331 -0.25034541
vn 0.04329347 -0.96797597 -0.24728170
vn 0.06963157 -0.96749699 -0.24310730
vn 0.14084020 -0.96746111 -0.21019790
vn 0.15967320 -0.96702892 -0.19839250
vn 0.17051630 -0.96768397 -0.18577389
vn 0.18026480 -0.96694201 -0.18035489
vn 0.20564130 -0.96701491 -0.15031290
vn 0.21143110 -0.96831441 -0.13290690
vn 0.21667831 -0.96781820 -0.12797940
vn 0.22413650 -0.96832222 -0.11006730
vn 0.22883780 -0.96782792 -0.10460550
vn 0.23627619 -0.96768230 -0.08811718
vn 0.24130850 -0.96742231 -0.07657957
vn 0.24237540 -0.96783000 -0.06752276
vn 0.24721929 -0.96767908 -0.04979819
vn 0.25025189 -0.96751010 -0.03603053
vn 0.24968921 -0.96825731 -0.01154458
vn 0.25313062 -0.96743071 0.00173026
vn 0.25135559 -0.96783650 0.01062893
vn 0.24791621 -0.96832418 0.02976506
vn 0.24888720 -0.96782941 0.03690069
vn 0.24346361 -0.96831948 0.05552238
vn 0.24366731 -0.96782911 0.06271481
vn 0.23633610 -0.96831638 0.08067548
vn 0.23577841 -0.96782929 0.08783543
vn 0.22924560 -0.96768850 0.10500200
vn 0.22353759 -0.96750033 0.11821240
vn 0.20983461 -0.96748960 0.14118560
vn 0.17565630 -0.96826130 0.17780660
vn 0.17053171 -0.96694720 0.18955770
vn 0.13241850 -0.96885008 0.20927221
vn 0.12795070 -0.96783382 0.21662490
vn 0.11006620 -0.96831882 0.22415221
vn 0.10460900 -0.96782851 0.22883430
vn 0.08811277 -0.96768707 0.23625800
vn 0.07657557 -0.96742833 0.24128550
vn 0.06752598 -0.96782643 0.24238931
vn 0.04830425 -0.96831822 0.24500360
vn 0.04182076 -0.96783078 0.24810180
vn 0.02242863 -0.96832091 0.24869999
vn 0.01565229 -0.96782428 0.25113961
vn 0.09994792 -0.96568698 -0.23970629
vn 0.12526080 -0.96526551 -0.22928640
vn 0.19930880 -0.96521860 -0.16920181
vn 0.19856191 -0.96526390 0.16982040
vn 0.15856470 -0.96541768 0.20694460
vn -0.25063589 -0.96803671 -0.00931209
vn -0.25166631 -0.96748602 -0.02520138
vn -0.24683330 -0.96772218 -0.05086386
vn -0.23974040 -0.96795583 -0.07473975
vn -0.23181580 -0.96775287 -0.09856903
vn -0.22049791 -0.96773630 -0.12193110
vn -0.20684770 -0.96746230 -0.14570761
vn -0.18978080 -0.96770817 -0.16590349
vn -0.17218940 -0.96802658 -0.18241580
vn -0.15817819 -0.96781051 -0.19576199
vn -0.14076529 -0.96773487 -0.20898411
vn -0.12001530 -0.96803421 -0.22024091
vn -0.09992831 -0.96845043 -0.22829430
vn -0.08378028 -0.96796370 -0.23670070
vn -0.06027829 -0.96775371 -0.24458019
vn -0.03390115 -0.96752322 -0.25049850
vn -0.00992805 -0.96803868 -0.25060451
vn 0.00625712 -0.96723932 -0.25378939
vn 0.03052914 -0.96689069 -0.25335839
vn 0.05578553 -0.96704012 -0.24843800
vn 0.07517278 -0.96729910 -0.24224260
vn 0.09631210 -0.96663898 -0.23734580
vn 0.11517320 -0.96735817 -0.22572820
vn 0.12897560 -0.96704602 -0.21951631
vn 0.14622299 -0.96755999 -0.20602530
vn 0.16225029 -0.96712518 -0.19581591
vn 0.18117970 -0.96694988 -0.17939310
vn 0.19894271 -0.96690512 -0.15973830
vn 0.21140391 -0.96736181 -0.13971290
vn 0.22146660 -0.96691322 -0.12661520
vn 0.23274040 -0.96712971 -0.10243140
vn 0.24127080 -0.96721733 -0.07924026
vn 0.24574269 -0.96758658 -0.05819582
vn 0.25106719 -0.96714270 -0.04000693
vn 0.25452959 -0.96694702 -0.01511538
vn 0.25486791 -0.96690559 0.01166141
vn 0.25135291 -0.96713012 0.03848356
vn 0.24623820 -0.96712983 0.06345725
vn 0.23926930 -0.96695137 0.08806324
vn 0.22896320 -0.96694928 0.11218270
vn 0.21639310 -0.96701938 0.13434149
vn 0.20417510 -0.96727431 0.15064220
vn 0.19239630 -0.96660310 0.16929971
vn 0.17452741 -0.96658122 0.18777969
vn 0.15319040 -0.96712291 0.20299280
vn 0.13205139 -0.96711492 0.21737370
vn 0.10976320 -0.96691912 0.23025970
vn 0.08741873 -0.96736312 0.23783760
vn 0.07348847 -0.96704489 0.24376950
vn 0.05387669 -0.96729362 0.24787210
vn 0.03307974 -0.96665931 0.25392062
vn 0.01281356 -0.96794522 0.25083470
vn -0.00666744 -0.96782041 0.25155380
vn -0.03237348 -0.96683490 0.25334209
vn -0.05409336 -0.96802759 0.24494180
vn -0.06749343 -0.96782512 0.24240360
vn -0.08639454 -0.96781498 0.23636870
vn -0.10848160 -0.96686000 0.23111390
vn -0.13124479 -0.96684468 0.21905740
vn -0.15303400 -0.96686667 0.20432720
vn -0.17298710 -0.96687722 0.18768090
vn -0.18604940 -0.96801293 0.16833469
vn -0.19789630 -0.96746862 0.15761180
vn -0.21526270 -0.96686620 0.13722891
vn -0.22810400 -0.96687102 0.11458200
vn -0.23340090 -0.96803367 0.09184128
vn -0.23873250 -0.96784228 0.07929730
vn -0.24254420 -0.96844047 0.05740386
vn -0.24793521 -0.96795118 0.03998148
vn -0.25251120 -0.96748751 0.01435828
vn -0.04080295 -0.87163699 0.48845071
vn -0.48063651 -0.86963648 -0.11278760
vn -0.46844301 -0.86982232 -0.15482379
vn -0.45031050 -0.86996889 -0.20093450
vn -0.42758581 -0.86995709 -0.24565241
vn -0.38362199 -0.87127739 -0.30612099
vn -0.36272451 -0.86964768 -0.33487910
vn -0.33408740 -0.86861449 -0.36591589
vn -0.29469040 -0.86988032 -0.39555791
vn -0.26547730 -0.86965430 -0.41620091
vn -0.22889391 -0.86945790 -0.43777949
vn -0.20084660 -0.86863190 -0.45292321
vn -0.03542077 -0.87169772 -0.48876211
vn 0.01343131 -0.86569101 -0.50039870
vn -0.48426440 -0.87146717 -0.07767152
vn -0.49113691 -0.87033749 -0.03601598
vn -0.49136320 -0.87095189 -0.00224608
vn -0.49083230 -0.87033582 0.03999280
vn -0.48700801 -0.87041920 0.07206791
vn -0.48059770 -0.86965060 0.11284480
vn -0.47020319 -0.86997151 0.14852230
vn -0.45230880 -0.87034428 0.19472450
vn -0.42817539 -0.87130302 0.23978519
vn -0.40221700 -0.87047422 0.28371850
vn -0.00398445 -0.84246761 -0.53873253
vn -0.04275608 -0.84726203 -0.52945173
vn -0.51549602 -0.84639663 -0.13370420
vn -0.52643168 -0.84605491 -0.08402830
vn -0.53180480 -0.84585500 -0.04138863
vn -0.53295147 -0.84614593 0.00024229
vn -0.53183472 -0.84585822 0.04093658
vn -0.52657712 -0.84613842 0.08226007
vn -0.52017790 -0.84557641 0.12006610
vn -0.50745583 -0.84588951 0.16419430
vn -0.48762611 -0.84677112 0.21260180
vn -0.47129700 -0.84638667 0.24800929
vn -0.44787800 -0.84700668 0.28633040
vn 0.00046299 -0.86780262 0.49690911
vn -0.04362583 -0.84575319 0.53178787
vn -0.00140554 -0.81488627 -0.57961929
vn -0.04639065 -0.81976801 -0.57081371
vn -0.07591813 -0.87013149 -0.48693711
vn -0.55544812 -0.81882411 -0.14492920
vn -0.56671190 -0.81893849 -0.09042912
vn -0.57243341 -0.81879282 -0.04357320
vn -0.57445252 -0.81853771 -0.00061936
vn -0.57232678 -0.81878752 0.04504632
vn -0.56769222 -0.81842142 0.08895039
vn -0.55540979 -0.81895822 0.14431790
vn -0.54086262 -0.81910890 0.19112469
vn -0.52662080 -0.81854069 0.22948140
vn -0.50638783 -0.81879461 0.27045709
vn -0.48366740 -0.81882250 0.30918530
vn 0.00069213 -0.84267098 0.53842861
vn -0.02924203 -0.81820929 0.57417637
vn -0.00001192 -0.78463811 -0.61995411
vn -0.03137761 -0.78894180 -0.61366641
vn -0.09513771 -0.84559798 -0.52527410
vn -0.11151990 -0.86915553 -0.48180091
vn -0.58019948 -0.78930479 -0.20091400
vn -0.58800018 -0.78993040 -0.17397150
vn -0.59727842 -0.79004192 -0.13817561
vn -0.60274041 -0.78995413 -0.11259130
vn -0.60957313 -0.78894651 -0.07735663
vn -0.61222291 -0.78931493 -0.04653233
vn -0.61289972 -0.78994417 -0.01849633
vn -0.61423212 -0.78893417 0.01737624
vn -0.61209261 -0.78931338 0.04824203
vn -0.60842609 -0.78995973 0.07603609
vn -0.60262001 -0.79004860 0.11257210
vn -0.59739780 -0.78994608 0.13820760
vn -0.58955872 -0.78893131 0.17322840
vn -0.57963318 -0.78931022 0.20252129
vn -0.56901371 -0.78994459 0.22849721
vn -0.55586243 -0.78894228 0.26189169
vn -0.54155129 -0.78931999 0.28930330
vn -0.52706790 -0.78995448 0.31332320
vn -0.50712007 -0.79003930 0.34448120
vn 0.00083664 -0.81490707 0.57959098
vn -0.03276950 -0.78891182 0.61363220
vn -0.00000535 -0.75282657 -0.65821898
vn -0.03474056 -0.75735062 -0.65208358
vn -0.06554746 -0.79026240 -0.60925281
vn -0.10267350 -0.81918341 -0.56426650
vn -0.60496229 -0.75729322 -0.24602400
vn -0.61681640 -0.75729901 -0.21456000
vn -0.62703007 -0.75730932 -0.18252650
vn -0.63560891 -0.75729722 -0.15000860
vn -0.64248431 -0.75730091 -0.11708800
vn -0.64765209 -0.75730818 -0.08385270
vn -0.65112221 -0.75729811 -0.05039262
vn -0.65285861 -0.75729340 -0.01681244
vn -0.65285861 -0.75729322 0.01681452
vn -0.65112090 -0.75729912 0.05039566
vn -0.64765561 -0.75730598 0.08384615
vn -0.64248210 -0.75730288 0.11708630
vn -0.63561058 -0.75729412 0.15001640
vn -0.62704092 -0.75730252 0.18251780
vn -0.61681610 -0.75729990 0.21455800
vn -0.60495788 -0.75729322 0.24603450
vn -0.59148413 -0.75730330 0.27683601
vn -0.57645601 -0.75729442 0.30692640
vn -0.55989802 -0.75728262 0.33621010
vn -0.54183292 -0.75730032 0.36457279
vn -0.00000149 -0.78464061 0.61995101
vn -0.03473216 -0.75733632 0.65210092
vn -0.00010356 -0.71970850 -0.69427651
vn -0.03649765 -0.72393322 -0.68890411
vn -0.06715029 -0.75730670 -0.64959788
vn -0.09168630 -0.78994882 -0.60627919
vn -0.14825860 -0.84666288 -0.51105893
vn -0.15876000 -0.86897892 -0.46869069
vn -0.62490767 -0.72385693 -0.29244071
vn -0.63914508 -0.72382981 -0.25993079
vn -0.65167862 -0.72382748 -0.22669099
vn -0.66248381 -0.72382832 -0.19284160
vn -0.67154038 -0.72382212 -0.15847760
vn -0.67878437 -0.72383988 -0.12372390
vn -0.68427831 -0.72381842 -0.08860129
vn -0.68791181 -0.72384179 -0.05320304
vn -0.68977249 -0.72380787 -0.01778042
vn -0.68975151 -0.72382832 0.01776093
vn -0.68792242 -0.72382897 0.05324065
vn -0.68427432 -0.72382438 0.08858346
vn -0.67880029 -0.72382712 0.12371110
vn -0.67153758 -0.72382128 0.15849321
vn -0.66248387 -0.72383249 0.19282560
vn -0.65168202 -0.72382408 0.22669239
vn -0.63914442 -0.72382861 0.25993601
vn -0.62492001 -0.72382683 0.29248899
vn -0.60902119 -0.72383100 0.32428691
vn -0.59151810 -0.72388393 0.35510349
vn -0.57240713 -0.72390562 0.38511139
vn -0.06343245 -0.82021201 0.56853199
vn -0.06319427 -0.78887761 0.61129272
vn -0.06714761 -0.75729507 0.64961171
vn -0.07099074 -0.72399569 0.68614191
vn -0.03650999 -0.72393322 0.68890339
vn -0.04780298 -0.38086242 -0.92339528
vn -0.00009787 -0.71967191 -0.69431442
vn -0.04779917 -0.38044450 -0.92356771
vn 0.00001647 -0.37857041 -0.92557252
vn -0.16006100 -0.81922817 -0.55067742
vn -0.12805121 -0.79004091 -0.59953189
vn -0.10050800 -0.75729978 -0.64528692
vn -0.07099795 -0.72402418 -0.68611097
vn -0.09398216 -0.38125730 -0.91967940
vn -0.19948530 -0.84641677 -0.49374521
vn -0.15353380 -0.78994751 -0.59364158
vn -0.13358210 -0.75729942 -0.63926017
vn -0.10623590 -0.72402328 -0.68154538
vn -0.14108001 -0.38103870 -0.91373187
vn -0.21421839 -0.81892657 -0.53241879
vn -0.18902899 -0.79003841 -0.58318722
vn -0.16632020 -0.75729477 -0.63153952
vn -0.14117530 -0.72401321 -0.67518479
vn -0.18817890 -0.38056219 -0.90540659
vn -0.23579620 -0.84638637 -0.47752520
vn -0.21376350 -0.78994840 -0.57470602
vn -0.19860899 -0.75729489 -0.62214053
vn -0.17574730 -0.72400182 -0.66703397
vn -0.23404840 -0.38075060 -0.89456707
vn -0.27426931 -0.84676790 -0.45580760
vn -0.25732410 -0.81879419 -0.51318657
vn -0.24748500 -0.78893691 -0.56243199
vn -0.23037191 -0.75729883 -0.61108702
vn -0.20983920 -0.72399128 -0.65711802
vn -0.28015581 -0.38091630 -0.88114452
vn -0.29626861 -0.81841898 -0.49235681
vn -0.27527851 -0.78930747 -0.54883110
vn -0.26152641 -0.75729853 -0.59841722
vn -0.24340069 -0.72398710 -0.64544469
vn -0.32526091 -0.38083929 -0.86554420
vn -0.30477351 -0.84609932 -0.43729779
vn -0.29966119 -0.78994668 -0.53496468
vn -0.29198429 -0.75729108 -0.58417058
vn -0.27629659 -0.72397858 -0.63207209
vn -0.36929300 -0.38064751 -0.84777957
vn -0.34228370 -0.84564578 -0.40954250
vn -0.34400910 -0.81888157 -0.45944631
vn -0.33130929 -0.79004317 -0.51581568
vn -0.32166961 -0.75729418 -0.56836110
vn -0.30845469 -0.72397762 -0.61701882
vn -0.41267618 -0.38079551 -0.82746190
vn -0.35307559 -0.78994590 -0.50132132
vn -0.35050619 -0.75729352 -0.55104619
vn -0.33985689 -0.72396070 -0.60031509
vn -0.45447171 -0.38065401 -0.80533111
vn -0.38257730 -0.84506452 -0.37349770
vn -0.38865820 -0.81996858 -0.42023370
vn -0.38259250 -0.79004067 -0.47901860
vn -0.37840241 -0.75729519 -0.53227401
vn -0.37027359 -0.72396112 -0.58204627
vn -0.49558899 -0.38067141 -0.78069258
vn -0.40275389 -0.78994358 -0.46236181
vn -0.40530279 -0.75729829 -0.51208317
vn -0.39975929 -0.72394901 -0.56221920
vn -0.53508133 -0.38067901 -0.75416940
vn -0.41140819 -0.84500861 -0.34161949
vn -0.43132329 -0.81906211 -0.37828270
vn -0.42981371 -0.79003870 -0.43714890
vn -0.43112600 -0.75729859 -0.49053970
vn -0.42816871 -0.72394800 -0.54089838
vn -0.57354790 -0.38034570 -0.72552061
vn -0.41297859 -0.86930901 -0.27157080
vn -0.43515050 -0.84599727 -0.30811131
vn -0.44815299 -0.78994638 -0.41850159
vn -0.45580930 -0.75728953 -0.46770781
vn -0.45545599 -0.72394067 -0.51814079
vn -0.60976630 -0.38034540 -0.69535780
vn -0.46727341 -0.81922132 -0.33246371
vn -0.47248760 -0.79003870 -0.39063349
vn -0.47929001 -0.75728381 -0.44362411
vn -0.48152211 -0.72393948 -0.49401221
vn -0.64496863 -0.38045961 -0.66277158
vn -0.46406400 -0.84602231 -0.26247081
vn -0.48882720 -0.78993571 -0.37020239
vn -0.50149441 -0.75728691 -0.41835400
vn -0.50632530 -0.72392619 -0.46857831
vn -0.67813468 -0.38051081 -0.62876469
vn -0.49898690 -0.81921637 -0.28265989
vn -0.51015371 -0.79003251 -0.33998829
vn -0.52236468 -0.75728732 -0.39198381
vn -0.52978110 -0.72391480 -0.44190440
vn -0.70974731 -0.38046369 -0.59287947
vn -0.48745790 -0.84639138 -0.21449110
vn -0.52429491 -0.78993863 -0.31798089
vn -0.54182601 -0.75730169 -0.36458051
vn -0.55181932 -0.72391647 -0.41405359
vn -0.73935330 -0.38035771 -0.55559403
vn -0.52501351 -0.81892669 -0.23177551
vn -0.54239851 -0.79004162 -0.28572419
vn -0.55988562 -0.75729573 -0.33620140
vn -0.57240158 -0.72390652 -0.38511801
vn -0.76705802 -0.38045740 -0.51659882
vn -0.50215959 -0.84638572 -0.17739010
vn -0.55419880 -0.78994679 -0.26238871
vn -0.57645261 -0.75729442 -0.30693251
vn -0.59151602 -0.72388011 -0.35511491
vn -0.79276681 -0.38033959 -0.47630090
vn -0.54244751 -0.81880403 -0.18791179
vn -0.56979930 -0.78892672 -0.23005100
vn -0.59149098 -0.75729668 -0.27683949
vn -0.60900682 -0.72384101 -0.32429141
vn -0.81624663 -0.38036069 -0.43481880
vn -0.83753741 -0.38034630 -0.39225981
vn -0.76705700 -0.38048860 0.51657730
vn -0.79273701 -0.38043669 0.47627321
vn -0.81634510 -0.38031739 0.43467149
vn -0.83767372 -0.38023901 0.39207300
vn -0.85675400 -0.38027760 0.34836981
vn -0.87352002 -0.38026261 0.30391350
vn -0.88797748 -0.38036710 0.25848970
vn -0.90014201 -0.38033429 0.21234509
vn -0.90985841 -0.38036880 0.16576301
vn -0.91717350 -0.38036981 0.11879300
vn -0.92208290 -0.38035160 0.07138627
vn -0.92453551 -0.38035300 0.02378636
vn -0.92453700 -0.38034821 -0.02380728
vn -0.68979192 -0.72378892 -0.01780027
vn -0.92465472 -0.38006121 -0.02381706
vn -0.68795347 -0.72380191 -0.05320590
vn -0.92214477 -0.38020381 -0.07137292
vn -0.68428421 -0.72381318 -0.08859801
vn -0.91725361 -0.38018650 -0.11876130
vn -0.67880702 -0.72382188 -0.12370570
vn -0.90999818 -0.38002339 -0.16578750
vn -0.90984333 -0.38036761 -0.16584800
vn -0.90014458 -0.38028699 -0.21241871
vn -0.88801622 -0.38026130 -0.25851229
vn -0.87351489 -0.38027099 -0.30391720
vn -0.85666180 -0.38038981 -0.34847408
vn -0.73945820 -0.38034370 0.55546409
vn -0.55181402 -0.72391599 0.41406181
vn -0.52234870 -0.75729632 0.39198729
vn -0.49207911 -0.78993148 0.36587790
vn -0.45033881 -0.81933790 0.35479620
vn -0.41784200 -0.84605223 0.33106479
vn -0.70991391 -0.38035741 0.59274840
vn -0.52976787 -0.72391671 0.44191700
vn -0.50148177 -0.75729722 0.41835019
vn -0.47084671 -0.78892678 0.39483911
vn -0.37617710 -0.86931229 0.32060400
vn -0.67836529 -0.38045871 0.62854737
vn -0.50631982 -0.72391617 0.46859959
vn -0.47928539 -0.75729418 0.44361129
vn -0.45001131 -0.78932297 0.41768310
vn -0.42178300 -0.81994581 0.38702449
vn -0.38229641 -0.84606773 0.37150890
vn -0.35409701 -0.87035930 0.34218460
vn -0.64513111 -0.38035721 0.66267222
vn -0.48151821 -0.72394782 0.49400389
vn -0.45581251 -0.75728512 0.46771181
vn -0.42988720 -0.78995878 0.43722090
vn -0.38836741 -0.81993431 0.42056930
vn -0.61009628 -0.38027421 0.69510722
vn -0.64515579 -0.38016209 0.66276002
vn -0.45542631 -0.72389603 0.51822931
vn -0.48149931 -0.72387618 0.49412730
vn -0.45539540 -0.72393918 0.51819611
vn -0.43112621 -0.75730389 0.49053130
vn -0.40266201 -0.79005247 0.46225569
vn -0.34245619 -0.84498638 0.41075760
vn -0.31586680 -0.87130761 0.37556791
vn -0.57347423 -0.38029051 0.72560769
vn -0.42822280 -0.72389090 0.54093170
vn -0.42820781 -0.72391993 0.54090500
vn -0.40529889 -0.75729591 0.51208949
vn -0.38265440 -0.78995442 0.47911140
vn -0.34469169 -0.82005709 0.45683029
vn -0.53535581 -0.38014910 0.75424212
vn -0.39983779 -0.72390288 0.56222272
vn -0.39982960 -0.72390658 0.56222367
vn -0.37840739 -0.75729787 0.53226668
vn -0.35476929 -0.78894973 0.50169432
vn -0.29703021 -0.84614962 0.44249731
vn -0.27557612 -0.87130761 0.40605530
vn -0.49580520 -0.38045880 0.78065902
vn -0.53527832 -0.38041770 0.75416160
vn -0.37027711 -0.72395921 0.58204639
vn -0.35050580 -0.75729352 0.55104661
vn -0.32880449 -0.78932548 0.51851022
vn -0.30548811 -0.81911540 0.48551729
vn -0.45490700 -0.38039541 0.80520737
vn -0.33981761 -0.72396803 0.60032851
vn -0.32166889 -0.75729090 0.56836587
vn -0.30436260 -0.78995663 0.53228962
vn -0.26863220 -0.81882667 0.50730628
vn -0.24937481 -0.84639019 0.47056991
vn -0.23236570 -0.87130672 0.43223941
vn -0.41278681 -0.38042521 0.82757711
vn -0.30845821 -0.72397810 0.61701637
vn -0.29198110 -0.75729841 0.58416277
vn -0.27165249 -0.79004920 0.54957002
vn -0.36956760 -0.38047531 0.84773719
vn -0.27628440 -0.72396719 0.63209051
vn -0.26152560 -0.75730032 0.59841508
vn -0.24802180 -0.78995198 0.56076819
vn -0.21624599 -0.81922293 0.53114182
vn -0.20071550 -0.84601492 0.49393550
vn -0.18794280 -0.86993098 0.45595789
vn -0.32539359 -0.38042280 0.86567748
vn -0.24338760 -0.72398692 0.64544982
vn -0.23037280 -0.75728911 0.61109883
vn -0.21370910 -0.79005837 0.57457471
vn -0.28039750 -0.38047540 0.88125801
vn -0.20983730 -0.72399211 0.65711790
vn -0.19860530 -0.75728798 0.62215012
vn -0.18904410 -0.78996992 0.58327520
vn -0.16048540 -0.81922662 0.55055648
vn -0.14886670 -0.84599251 0.51199168
vn -0.14101321 -0.86960453 0.47318429
vn -0.23459950 -0.38048449 0.89453602
vn -0.17572840 -0.72400242 0.66703820
vn -0.16631760 -0.75729817 0.63153613
vn -0.15350390 -0.79005611 0.59350503
vn -0.18820010 -0.38044530 0.90545142
vn -0.14116619 -0.72400922 0.67519098
vn -0.13359480 -0.75729680 0.63926059
vn -0.12807719 -0.78994918 0.59964693
vn -0.10406620 -0.81933850 0.56378597
vn -0.09539473 -0.84603840 0.52451789
vn -0.09085595 -0.87035692 0.48396710
vn -0.14131030 -0.38036859 0.91397548
vn -0.10621480 -0.72399467 0.68157911
vn -0.10050840 -0.75730318 0.64528281
vn -0.09302735 -0.78895128 0.60737300
vn -0.09408718 -0.38049200 0.91998559
vn -0.00002526 -0.75279480 0.65825522
vn 0.00015549 -0.71936309 0.69463432
vn -0.04780066 -0.37997729 0.92375988
vn -0.00000675 -0.37800071 0.92580527
vn 0.03639954 -0.71655780 -0.69657731
vn 0.04779708 -0.37793049 -0.92459953
vn 0.07159781 -0.71699011 -0.69339669
vn 0.09586143 -0.37801251 -0.92082423
vn 0.10706950 -0.71706921 -0.68872923
vn 0.14369281 -0.37784299 -0.91465127
vn 0.10709550 -0.71709198 -0.68870139
vn 0.14370720 -0.37815809 -0.91451889
vn 0.14240859 -0.71718371 -0.68217838
vn 0.19040710 -0.37815231 -0.90595031
vn 0.17720470 -0.71723068 -0.67392772
vn 0.23779359 -0.37797001 -0.89475852
vn 0.21159241 -0.71731257 -0.66384578
vn 0.28432551 -0.37798071 -0.88107300
vn 0.24545529 -0.71738452 -0.65200561
vn 0.32959801 -0.37773100 -0.86526561
vn 0.27865201 -0.71746242 -0.63843632
vn 0.37368441 -0.37774369 -0.84715402
vn 0.31104091 -0.71746719 -0.62329322
vn 0.41771421 -0.37778899 -0.82631129
vn 0.34272030 -0.71759123 -0.60630512
vn 0.45967129 -0.37772191 -0.80375910
vn 0.37337250 -0.71756327 -0.58795917
vn 0.50098670 -0.37801051 -0.77853727
vn 0.40315410 -0.71769130 -0.56779063
vn 0.54046172 -0.37805080 -0.75165081
vn 0.43176380 -0.71765661 -0.54639638
vn 0.57890707 -0.37798259 -0.72249270
vn 0.45930120 -0.71770108 -0.52339989
vn 0.61581212 -0.37799650 -0.69129902
vn 0.48557660 -0.71774298 -0.49905959
vn 0.65105683 -0.37793571 -0.65824747
vn 0.51060528 -0.71767920 -0.47351739
vn 0.68508482 -0.37775859 -0.62286210
vn 0.53426582 -0.71769631 -0.44662300
vn 0.71584970 -0.37836769 -0.58685380
vn 0.55649853 -0.71798742 -0.41809520
vn 0.74460608 -0.37766299 -0.55039293
vn 0.57727617 -0.71788949 -0.38908479
vn 0.77206832 -0.37792400 -0.51096398
vn 0.59650141 -0.71791112 -0.35887301
vn 0.79746813 -0.37804800 -0.47023860
vn 0.61417699 -0.71791369 -0.32769901
vn 0.82075971 -0.37806290 -0.42827809
vn 0.63021737 -0.71792930 -0.29564121
vn 0.84197199 -0.37789988 -0.38506469
vn 0.64457488 -0.71795023 -0.26281300
vn 0.86074382 -0.37805670 -0.34087130
vn 0.65725100 -0.71794212 -0.22930419
vn 0.87725979 -0.37805310 -0.29578939
vn 0.66818392 -0.71794319 -0.19516110
vn 0.89142031 -0.37806109 -0.24987981
vn 0.67728019 -0.71800780 -0.16048840
vn 0.89155912 -0.37771851 -0.24990250
vn 0.90329212 -0.37779731 -0.20330469
vn 0.67740041 -0.71789068 -0.16050459
vn 0.90317881 -0.37807629 -0.20328911
vn 0.68471950 -0.71793628 -0.12540600
vn 0.91256952 -0.37794140 -0.15613259
vn 0.68472600 -0.71793061 -0.12540370
vn 0.69034111 -0.71786320 -0.09000873
vn 0.91943687 -0.37795109 -0.10857550
vn 0.69402558 -0.71789199 -0.05440175
vn 0.92384827 -0.37791601 -0.06069558
vn 0.69589043 -0.71790707 -0.01860070
vn 0.92552382 -0.37843031 -0.01400923
vn 0.69639182 -0.71741289 0.01890099
vn 0.92526001 -0.37853101 0.02466833
vn 0.69548780 -0.71637553 0.05570441
vn 0.92240751 -0.38144490 0.06053346
vn 0.69171268 -0.71640319 0.09110540
vn 0.91831547 -0.38119680 0.10670320
vn 0.68613762 -0.71639180 0.12648369
vn 0.91824847 -0.38135171 0.10672640
vn 0.91153622 -0.38117319 0.15430170
vn 0.68610412 -0.71641898 0.12651139
vn 0.68612039 -0.71640402 0.12650789
vn 0.91149682 -0.38128290 0.15426301
vn 0.67863208 -0.71648538 0.16157711
vn 0.91153532 -0.38115600 0.15434890
vn 0.90239167 -0.38093859 0.20143270
vn 0.67859220 -0.71651292 0.16162319
vn 0.67862421 -0.71648037 0.16163340
vn 0.90239781 -0.38094181 0.20139980
vn 0.66932112 -0.71660107 0.19619390
vn 0.90233779 -0.38102430 0.20151220
vn 0.89075279 -0.38081109 0.24807739
vn 0.66929942 -0.71661741 0.19620851
vn 0.65833890 -0.71660781 0.23035470
vn 0.87664819 -0.38077861 0.29410139
vn 0.64558500 -0.71665758 0.26385960
vn 0.86035401 -0.38045040 0.33918801
vn 0.63111490 -0.71671939 0.29666039
vn 0.84157538 -0.38035920 0.38350719
vn 0.61499900 -0.71674252 0.32871941
vn 0.82056779 -0.38025430 0.42670271
vn 0.59724361 -0.71681291 0.35983262
vn 0.79738963 -0.37996641 0.46882340
vn 0.57791531 -0.71683878 0.39007199
vn 0.77200502 -0.37986690 0.50961697
vn 0.55725592 -0.71745378 0.41800249
vn 0.74553990 -0.37906471 0.54816091
vn 0.71585089 -0.37782821 0.58719969
vn 0.53427011 -0.71777880 0.44648519
vn 0.68438381 -0.37784010 0.62358308
vn 0.51059341 -0.71776521 0.47340009
vn 0.65108389 -0.37786731 0.65825999
vn 0.48556969 -0.71774793 0.49905920
vn 0.61595672 -0.37783530 0.69125819
vn 0.45927951 -0.71771920 0.52339441
vn 0.57914787 -0.37786281 0.72236252
vn 0.43176600 -0.71767759 0.54636723
vn 0.54087150 -0.37784761 0.75145823
vn 0.40311810 -0.71762478 0.56790012
vn 0.50114501 -0.37778991 0.77854258
vn 0.37338960 -0.71758681 0.58791971
vn 0.45999029 -0.37774801 0.80356419
vn 0.34268591 -0.71753770 0.60638768
vn 0.41754350 -0.37767130 0.82645142
vn 0.31107590 -0.71748501 0.62325519
vn 0.37405750 -0.37764230 0.84703451
vn 0.27861729 -0.71743542 0.63848168
vn 0.32960510 -0.37767550 0.86528719
vn 0.24543680 -0.71738052 0.65201688
vn 0.28417119 -0.37744120 0.88135409
vn 0.21161491 -0.71731091 0.66384071
vn 0.23796430 -0.37761089 0.89486480
vn 0.17720211 -0.71724361 0.67391467
vn 0.19110100 -0.37749881 0.90607679
vn 0.14232939 -0.71717572 0.68220341
vn 0.14377800 -0.37738729 0.91482598
vn 0.10706770 -0.71709877 0.68869883
vn 0.09597468 -0.37743330 0.92105001
vn 0.07154846 -0.71698987 0.69340187
vn 0.04787087 -0.37753990 0.92475522
vn 0.03631812 -0.71651077 0.69663000
vn 0.03524720 -0.74828690 -0.66243827
vn 0.03526335 -0.74827272 0.66245347
vn 0.06821656 -0.74832171 0.65981913
vn 0.10208180 -0.74832201 0.65543401
vn 0.13568009 -0.74832708 0.64930540
vn 0.16891180 -0.74833781 0.64145112
vn 0.20174010 -0.74831438 0.63192290
vn 0.23399021 -0.74831671 0.62070179
vn 0.26563111 -0.74831551 0.60783571
vn 0.29658160 -0.74831748 0.59334672
vn 0.32672259 -0.74832129 0.57729328
vn 0.35600209 -0.74832261 0.55971050
vn 0.38435301 -0.74831921 0.54063970
vn 0.41167221 -0.74832302 0.52013338
vn 0.43791461 -0.74831581 0.49825129
vn 0.46296531 -0.74832261 0.47505400
vn 0.48681471 -0.74831498 0.45059520
vn 0.50936902 -0.74831587 0.42493141
vn 0.53058422 -0.74830741 0.39814150
vn 0.55034638 -0.74832928 0.37029999
vn 0.56865990 -0.74834323 0.34147999
vn 0.58549029 -0.74834049 0.31174940
vn 0.60076880 -0.74833882 0.28118661
vn 0.61445433 -0.74833208 0.24989000
vn 0.62650931 -0.74832571 0.21793289
vn 0.63689721 -0.74832571 0.18539330
vn 0.64560592 -0.74832088 0.15234449
vn 0.67857081 -0.71654129 0.16158719
vn 0.65258533 -0.74832410 0.11892640
vn 0.68611270 -0.71641243 0.12650180
vn 0.65784627 -0.74832112 0.08516985
vn 0.69170707 -0.71640938 0.09109789
vn 0.66133708 -0.74834007 0.05118989
vn 0.69547081 -0.71639281 0.05569440
vn 0.66309857 -0.74833721 0.01707971
vn 0.69637728 -0.71742708 0.01889622
vn 0.66309911 -0.74833667 -0.01708149
vn 0.69587261 -0.71792448 -0.01859712
vn 0.66133279 -0.74834472 -0.05117839
vn 0.69399190 -0.71792501 -0.05439639
vn 0.65784401 -0.74832177 -0.08518069
vn 0.69028211 -0.71792197 -0.08999311
vn 0.65258700 -0.74832332 -0.11892190
vn 0.64560211 -0.74832392 -0.15234630
vn 0.63689160 -0.74833208 -0.18538640
vn 0.62650412 -0.74832910 -0.21793620
vn 0.61445892 -0.74832583 -0.24989779
vn 0.60077220 -0.74833548 -0.28118801
vn 0.58549488 -0.74833763 -0.31174770
vn 0.56868100 -0.74832338 -0.34148809
vn 0.55035061 -0.74833000 -0.37029251
vn 0.53055322 -0.74833590 -0.39812919
vn 0.50935721 -0.74832821 -0.42492381
vn 0.48680991 -0.74832272 -0.45058760
vn 0.46296209 -0.74833661 -0.47503531
vn 0.43788940 -0.74833852 -0.49823919
vn 0.41165879 -0.74833518 -0.52012652
vn 0.38434020 -0.74833489 -0.54062700
vn 0.35600430 -0.74833483 -0.55969268
vn 0.32672220 -0.74832982 -0.57728261
vn 0.29657161 -0.74832457 -0.59334278
vn 0.26562920 -0.74832821 -0.60782081
vn 0.23399129 -0.74833101 -0.62068433
vn 0.20173000 -0.74833691 -0.63189948
vn 0.16893700 -0.74834299 -0.64143830
vn 0.13568580 -0.74833351 -0.64929682
vn 0.10207210 -0.74833292 -0.65542293
vn 0.06819623 -0.74833202 -0.65980941
vn 0.07160061 -0.71699971 -0.69338638
vn 0.03640401 -0.71663427 -0.69649851
vn 0.03332686 -0.78028607 -0.62453431
vn 0.06429576 -0.78033131 -0.62205237
vn 0.09623402 -0.78034019 -0.61790627
vn 0.12792030 -0.78034067 -0.61213148
vn 0.15926389 -0.78032929 -0.60474902
vn 0.19018680 -0.78032952 -0.59574717
vn 0.22060230 -0.78032911 -0.58516771
vn 0.25042570 -0.78033191 -0.57303512
vn 0.27959621 -0.78032798 -0.55938733
vn 0.30803260 -0.78032488 -0.54425102
vn 0.33563769 -0.78033239 -0.52766353
vn 0.36234760 -0.78032631 -0.50970107
vn 0.38810861 -0.78032911 -0.49036550
vn 0.41283491 -0.78033412 -0.46972981
vn 0.43645850 -0.78034139 -0.44785190
vn 0.45893920 -0.78033310 -0.42480001
vn 0.48020721 -0.78033412 -0.40059969
vn 0.50019532 -0.78032982 -0.37535360
vn 0.51886451 -0.78031957 -0.34911439
vn 0.53614217 -0.78032929 -0.32192859
vn 0.55199409 -0.78033429 -0.29390630
vn 0.56638789 -0.78033799 -0.26509911
vn 0.57927889 -0.78034258 -0.23558770
vn 0.59063947 -0.78033978 -0.20546260
vn 0.60043430 -0.78034008 -0.17477970
vn 0.60864550 -0.78033382 -0.14363059
vn 0.61523569 -0.78032970 -0.11211880
vn 0.62018281 -0.78033793 -0.08028817
vn 0.62349773 -0.78033447 -0.04825526
vn 0.62516850 -0.78032351 -0.01611232
vn 0.62517017 -0.78032231 0.01610755
vn 0.62350100 -0.78033203 0.04825705
vn 0.62018460 -0.78033572 0.08029496
vn 0.61523700 -0.78032941 0.11211410
vn 0.60864949 -0.78033090 0.14363030
vn 0.60042793 -0.78034329 0.17478740
vn 0.59063548 -0.78034329 0.20546091
vn 0.57927787 -0.78034377 0.23558579
vn 0.56638533 -0.78034288 0.26509029
vn 0.55199617 -0.78033239 0.29390749
vn 0.53614593 -0.78032267 0.32193780
vn 0.51887470 -0.78031552 0.34910840
vn 0.50018728 -0.78033459 0.37535399
vn 0.48020881 -0.78033322 0.40059939
vn 0.45893371 -0.78033871 0.42479569
vn 0.43645191 -0.78034520 0.44785169
vn 0.41282859 -0.78034472 0.46971780
vn 0.38810301 -0.78034002 0.49035260
vn 0.36232850 -0.78035110 0.50967670
vn 0.33562499 -0.78034019 0.52766007
vn 0.30802450 -0.78033441 0.54424173
vn 0.27958810 -0.78035152 0.55935860
vn 0.25041649 -0.78035289 0.57301050
vn 0.22059780 -0.78034651 0.58514631
vn 0.19017591 -0.78034151 0.59573507
vn 0.15924931 -0.78034341 0.60473448
vn 0.12793919 -0.78032512 0.61214751
vn 0.09623199 -0.78032982 0.61791980
vn 0.06430447 -0.78033459 0.62204742
vn 0.03331464 -0.78030097 0.62451631
vn 0.03129786 -0.81042773 -0.58500212
vn 0.02931600 -0.81078500 0.58460951
vn 0.06255429 -0.81157041 0.58089650
vn 0.08744400 -0.81141979 0.57788533
vn 0.12199720 -0.81150442 0.57146960
vn 0.14642380 -0.81138980 0.56586808
vn 0.18011390 -0.81149930 0.55590278
vn 0.20382769 -0.81141138 0.54778260
vn 0.23631150 -0.81151021 0.53442311
vn 0.25904271 -0.81141847 0.52392459
vn 0.29000360 -0.81150228 0.50730848
vn 0.31157070 -0.81140369 0.49451789
vn 0.34064141 -0.81149823 0.47479919
vn 0.36074850 -0.81141001 0.45986330
vn 0.38775068 -0.81051880 0.43898609
vn 0.40900672 -0.81088573 0.41854271
vn 0.42720220 -0.81141281 0.39888319
vn 0.45068240 -0.81051803 0.37409380
vn 0.46855649 -0.81088072 0.35060981
vn 0.48350990 -0.81141132 0.32837480
vn 0.50228047 -0.81149179 0.29865620
vn 0.51472652 -0.81140453 0.27691060
vn 0.53032410 -0.81149691 0.24541630
vn 0.54045522 -0.81141353 0.22252271
vn 0.55366808 -0.81052101 0.19106980
vn 0.56210983 -0.81088311 0.16279189
vn 0.56825882 -0.81141520 0.13670181
vn 0.57648158 -0.81051862 0.10357920
vn 0.58046102 -0.81088710 0.07434570
vn 0.58254010 -0.81140548 0.04762613
vn 0.58555591 -0.81051719 0.01364475
vn 0.58499658 -0.81088030 -0.01588076
vn 0.58293468 -0.81140119 -0.04260700
vn 0.57918131 -0.81150383 -0.07752764
vn 0.57545161 -0.81141281 -0.10229890
vn 0.56814200 -0.81150180 -0.13667330
vn 0.56188369 -0.81141108 -0.16093080
vn 0.55272472 -0.81051642 -0.19380060
vn 0.54179502 -0.81087792 -0.22121359
vn 0.53042948 -0.81141168 -0.24547049
vn 0.51632172 -0.81051552 -0.27654400
vn 0.50130069 -0.81087887 -0.30194861
vn 0.48632649 -0.81141490 -0.32417971
vn 0.46760210 -0.81052113 -0.35270920
vn 0.44885540 -0.81088328 -0.37549600
vn 0.43064040 -0.81141061 -0.39517310
vn 0.40602931 -0.81150091 -0.42024580
vn 0.38773909 -0.81141442 -0.43733859
vn 0.36067760 -0.81149882 -0.45976230
vn 0.34071490 -0.81140113 -0.47491229
vn 0.31149721 -0.81149042 -0.49442169
vn 0.29008329 -0.81140572 -0.50741738
vn 0.25899661 -0.81149840 -0.52382362
vn 0.23636340 -0.81140411 -0.53456152
vn 0.20526150 -0.81051838 -0.54856873
vn 0.17720901 -0.81088251 -0.55773342
vn 0.15128250 -0.81140637 -0.56456471
vn 0.11705610 -0.81150281 -0.57250428
vn 0.09243762 -0.81141323 -0.57711691
vn 0.05878615 -0.81052202 -0.58275068
vn 0.03307789 -0.84076142 -0.54039460
vn 0.07029253 -0.83956790 -0.53868800
vn 0.12346550 -0.83899748 -0.52994299
vn 0.16300070 -0.83942562 -0.51845491
vn 0.20598760 -0.84005392 -0.50187510
vn 0.25543490 -0.83999842 -0.47870219
vn 0.30444911 -0.83885938 -0.45124930
vn 0.34894279 -0.83897072 -0.41757300
vn 0.38860381 -0.83898658 -0.38090530
vn 0.41764480 -0.83887661 -0.34908330
vn 0.44387370 -0.83876038 -0.31536841
vn 0.46638769 -0.83887738 -0.28065491
vn 0.48711851 -0.83876151 -0.24329950
vn 0.50403219 -0.83886898 -0.20554930
vn 0.51873010 -0.83906728 -0.16396710
vn 0.53204691 -0.83934450 -0.11147630
vn 0.53974712 -0.83995330 -0.05613970
vn 0.54332638 -0.83943451 -0.01209217
vn 0.54277492 -0.83941472 0.02789866
vn 0.53873253 -0.83942300 0.07166844
vn 0.53201657 -0.83941507 0.11108990
vn 0.52128559 -0.83942223 0.15372621
vn 0.50826132 -0.83940369 0.19254079
vn 0.48637760 -0.83930379 0.24291150
vn 0.45996040 -0.83899760 0.29072279
vn 0.43612650 -0.83942300 0.32428819
vn 0.40692830 -0.84001488 0.35886529
vn 0.37795949 -0.83941477 0.39055020
vn 0.34750318 -0.83940047 0.41790950
vn 0.30370399 -0.83934218 0.45085329
vn 0.25522280 -0.83884901 0.48082611
vn 0.20460279 -0.83895898 0.50426722
vn 0.15210360 -0.83929849 0.52196032
vn 0.09765028 -0.83928591 0.53484923
vn 0.04385268 -0.83919913 0.54205352
vn 0.06725162 -0.86469942 -0.49776721
vn 0.11729830 -0.86482167 -0.48818499
vn 0.16649790 -0.86443943 -0.47436580
vn 0.21559051 -0.86386973 -0.45524719
vn 0.26045969 -0.86354882 -0.43179181
vn 0.29362381 -0.86432141 -0.40833050
vn 0.32548389 -0.86479360 -0.38235101
vn 0.36039400 -0.86514157 -0.34877840
vn 0.38447511 -0.86497557 -0.32248440
vn 0.40993339 -0.86536861 -0.28825679
vn 0.42952600 -0.86497480 -0.25947249
vn 0.44827020 -0.86579370 -0.22238500
vn 0.46553621 -0.86505377 -0.18697099
vn 0.48000810 -0.86445081 -0.14938900
vn 0.49022600 -0.86350870 -0.11845350
vn 0.49858180 -0.86368549 -0.07391667
vn 0.50173283 -0.86471993 -0.02288860
vn 0.50360072 -0.86389649 0.00832790
vn 0.49859989 -0.86516470 0.05374348
vn 0.49556020 -0.86398339 0.08917933
vn 0.48469499 -0.86458522 0.13252710
vn 0.46872261 -0.86473483 0.18036930
vn 0.44767231 -0.86474842 0.22759610
vn 0.42255029 -0.86482191 0.27117231
vn 0.39332971 -0.86444187 0.31310070
vn 0.35726789 -0.86525440 0.35170230
vn 0.32024440 -0.86518842 0.38586599
vn 0.29264191 -0.86399507 0.40972349
vn 0.25712061 -0.86373007 0.43342751
vn 0.22387589 -0.86471307 0.44961190
vn 0.18508831 -0.86497861 0.46642751
vn 0.13773480 -0.86443669 0.48350629
vn 0.08792614 -0.86436897 0.49511141
vn 0.03929030 -0.86508328 0.50008732
vn 0.42770991 -0.62717241 -0.65093708
vn 0.48892760 -0.60229480 -0.63102382
vn 0.28439829 -0.37763670 -0.88119692
vn 0.78508341 -0.38719159 -0.48345289
vn 0.81031537 -0.35489121 -0.46630609
vn 0.54055262 -0.37773481 -0.75174427
vn 0.92633653 -0.10789910 -0.36091348
vn 0.93203861 -0.07448649 -0.35462081
vn 0.71595371 -0.37805110 -0.58693081
vn 0.93611550 -0.04035687 -0.34937000
vn 0.90252608 -0.18891381 -0.38698628
vn 0.91797203 -0.14491260 -0.36922589
vn 0.68517411 -0.37740600 -0.62297767
vn 0.65108460 -0.37750938 -0.65846449
vn 0.88498187 -0.23295620 -0.40316060
vn 0.90247500 -0.18886501 -0.38712910
vn 0.65125352 -0.37753779 -0.65828121
vn 0.61601168 -0.37752450 -0.69137901
vn 0.86510420 -0.27360100 -0.42040151
vn 0.57899147 -0.37781131 -0.72251481
vn 0.84092170 -0.31168419 -0.44238430
vn 0.45972461 -0.37744391 -0.80385917
vn 0.72663760 -0.44494161 -0.52347392
vn 0.50093931 -0.37770900 -0.77871430
vn 0.76103657 -0.41383389 -0.49956471
vn 0.37375119 -0.37742019 -0.84726870
vn 0.61782438 -0.53143132 -0.57954627
vn 0.41773120 -0.37752679 -0.82642251
vn 0.65650028 -0.50535142 -0.56002450
vn 0.68951583 -0.47933391 -0.54296118
vn 0.32964119 -0.37745979 -0.86536747
vn 0.53883421 -0.57884258 -0.61204511
vn 0.57824421 -0.55605930 -0.59701902
vn 0.23774371 -0.37772360 -0.89487588
vn 0.19051300 -0.37790850 -0.90602982
vn 0.27021679 -0.67550379 -0.68605947
vn 0.35022971 -0.65443450 -0.67011547
vn 0.19340999 -0.68961632 -0.69786960
vn 0.10294560 -0.70097011 -0.70572168
vn 0.01492536 -0.70534891 -0.70870322
vn 0.74466890 -0.37744650 -0.55045670
vn 0.74369443 0.38143939 -0.54901981
vn 0.77216852 -0.37761980 -0.51103729
vn 0.77108097 0.37983120 -0.51104051
vn 0.79754549 -0.37775859 -0.47034010
vn 0.79734570 0.38162571 -0.46754861
vn 0.82090038 -0.37771830 -0.42831230
vn 0.82013679 0.37984219 -0.42789671
vn 0.84202182 -0.37772289 -0.38512960
vn 0.84176391 0.38163850 -0.38181901
vn 0.86087841 -0.37772691 -0.34089729
vn 0.86032212 0.37980759 -0.33998820
vn 0.87741518 -0.37773112 -0.29573950
vn 0.87703049 0.38164940 -0.29182440
vn 0.89107668 0.37981990 -0.24843369
vn 0.90266120 0.38165289 -0.19885650
vn 0.91212833 0.37983140 -0.15411110
vn 0.91844010 0.38175431 -0.10359280
vn 0.92322731 0.37983561 -0.05810654
vn 0.92428070 0.38164431 -0.00729263
vn 0.92426002 0.37982860 0.03838747
vn 0.91994119 0.38175261 0.08929282
vn 0.91520071 0.37982339 0.13469210
vn 0.91166288 -0.38082591 0.15440971
vn 0.90566218 0.38175041 0.18450659
vn 0.90247113 -0.38073799 0.20145629
vn 0.89613801 0.37982491 0.22949929
vn 0.89083731 -0.38055709 0.24816400
vn 0.88151658 0.38169739 0.27791280
vn 0.87677431 -0.38042489 0.29418320
vn 0.86729640 0.37982050 0.32176590
vn 0.86043447 -0.38024271 0.33921671
vn 0.84769148 0.38174281 0.36836329
vn 0.84169310 -0.38011590 0.38349000
vn 0.82904118 0.37990400 0.41032141
vn 0.82071960 -0.37992921 0.42670041
vn 0.80464882 0.38173389 0.45477420
vn 0.79751611 -0.37971240 0.46881399
vn 0.78179592 0.37985960 0.49447140
vn 0.77212810 -0.37963629 0.50960243
vn 0.75285190 0.38181379 0.53612709
vn 0.74568141 -0.37873909 0.54819351
vn 0.72599012 0.37984741 0.57328391
vn 0.71596330 -0.37755841 0.58723623
vn 0.69275278 0.38176101 0.61184341
vn 0.68444341 -0.37765500 0.62362981
vn 0.66215712 0.37984309 0.64596218
vn 0.65106922 -0.37765339 0.65839732
vn 0.62520027 0.38180491 0.68069792
vn 0.61609852 -0.37751991 0.69130409
vn 0.59112698 0.37983239 0.71154499
vn 0.57916772 -0.37752309 0.72252423
vn 0.55083340 0.38161761 0.74226052
vn 0.54092222 -0.37742701 0.75163293
vn 0.51381522 0.37982681 0.76923698
vn 0.50135893 -0.37743530 0.77857691
vn 0.47039559 0.38160890 0.79567748
vn 0.46005482 -0.37743169 0.80367577
vn 0.43071681 0.37972820 0.81871211
vn 0.41761789 -0.37734491 0.82656300
vn 0.38494211 0.38171700 0.84030461
vn 0.37415159 -0.37735111 0.84712273
vn 0.37410900 -0.37733749 0.84714770
vn 0.38488460 0.38165870 0.84035742
vn 0.34300330 0.37972170 0.85916263
vn 0.32955501 -0.37725320 0.86549038
vn 0.29528230 0.38172731 0.87583828
vn 0.28422701 -0.37712249 0.88147253
vn 0.25171351 0.37970909 0.89020288
vn 0.23810670 -0.37712151 0.89503330
vn 0.20221999 0.38176760 0.90186513
vn 0.19120510 -0.37712511 0.90621042
vn 0.15746030 0.37974671 0.91159141
vn 0.14383970 -0.37712881 0.91492307
vn 0.10709380 0.38170931 0.91805720
vn 0.09601444 -0.37711871 0.92117459
vn 0.06148386 0.37973550 0.92304963
vn 0.04790610 -0.37722400 0.92488229
vn 0.01099228 0.38181111 0.92417520
vn 0.00001145 -0.37764221 0.92595160
vn -0.06219226 -0.70385093 -0.70762002
vn -0.09390950 -0.38093379 -0.91982091
vn -0.12770499 -0.69947368 -0.70315582
vn -0.14113811 -0.38061860 -0.91389811
vn -0.18790440 -0.69122112 -0.69778609
vn -0.18803380 -0.38023779 -0.90557301
vn -0.25775519 -0.67835128 -0.68804210
vn -0.38037270 -0.64576709 -0.66204339
vn -0.32459840 -0.66274458 -0.67483753
vn -0.23413850 -0.38043600 -0.89467740
vn -0.28010189 -0.38066140 -0.88127172
vn -0.43097732 -0.62695003 -0.64899331
vn -0.32523650 -0.38041371 -0.86574072
vn -0.48688471 -0.60303253 -0.63189810
vn -0.58451933 -0.55247849 -0.59422630
vn -0.54069912 -0.57739842 -0.61176437
vn -0.36933631 -0.38043770 -0.84785497
vn -0.41262710 -0.38041669 -0.82766062
vn -0.62208438 -0.52874142 -0.57744580
vn -0.69541907 -0.47405240 -0.54006177
vn -0.65933132 -0.50253290 -0.55923432
vn -0.45447949 -0.38034740 -0.80547142
vn -0.49557128 -0.38031760 -0.78087628
vn -0.75436312 -0.41990989 -0.50459111
vn -0.72526872 -0.44809619 -0.52268070
vn -0.78507233 -0.38603410 -0.48439559
vn -0.53510088 -0.38032091 -0.75433618
vn -0.57361001 -0.38003230 -0.72563559
vn -0.81905842 -0.34428969 -0.45892039
vn -0.60984182 -0.38002449 -0.69546688
vn -0.84558189 -0.30562839 -0.43770149
vn -0.64510411 -0.38012949 -0.66282898
vn -0.87002432 -0.26191631 -0.41768131
vn -0.60993081 -0.38000199 -0.69540131
vn -0.87001622 -0.26187861 -0.41772181
vn -0.67820829 -0.38012540 -0.62891829
vn -0.91372877 -0.16004950 -0.37347561
vn -0.90315628 -0.19015300 -0.38490319
vn -0.88957637 -0.22486781 -0.39760330
vn -0.93377382 -0.05531686 -0.35356271
vn -0.70991081 -0.38011280 -0.59290892
vn -0.92908043 -0.09188866 -0.35828230
vn -0.92220843 -0.12815259 -0.36484051
vn -0.73951089 -0.38002220 -0.55561382
vn -0.03419971 0.37984601 0.92441738
vn -0.04782181 -0.37972960 0.92386073
vn -0.08392852 0.38161981 0.92050117
vn -0.09399616 -0.38019770 0.92011648
vn -0.12909611 0.37993339 0.91596121
vn -0.14131799 -0.38012680 0.91407490
vn -0.17881800 0.38185051 0.90676028
vn -0.18816720 -0.38012621 0.90559220
vn -0.22318050 0.37992600 0.89768970
vn -0.23462351 -0.38016680 0.89466482
vn -0.27186731 0.38180649 0.88335270
vn -0.28052339 -0.38020581 0.88133430
vn -0.31491229 0.37991941 0.86976522
vn -0.32528791 -0.38020870 0.86581141
vn -0.36190739 0.38171071 0.85048223
vn -0.36964122 -0.38015300 0.84784973
vn -0.40323481 0.38000751 0.83246380
vn -0.41284031 -0.38015381 0.82767510
vn -0.44792101 0.38161349 0.80854082
vn -0.45487681 -0.38006210 0.80538177
vn -0.49583840 -0.38005599 0.78083402
vn -0.67840898 -0.38012621 0.62870139
vn -0.70445317 0.38016549 0.59934962
vn -0.70994711 -0.38012230 0.59285933
vn -0.73601562 0.38150701 0.55922580
vn -0.73949063 -0.38012260 0.55557221
vn -0.76272422 0.38011241 0.52322692
vn -0.76717979 -0.38015530 0.51664031
vn -0.79008383 0.38153949 0.47978690
vn -0.79283941 -0.38013300 0.47634509
vn -0.81291729 0.38012409 0.44121569
vn -0.81645721 -0.38002840 0.43471390
vn -0.83562231 0.38153139 0.39518261
vn -0.83778763 -0.38001689 0.39204511
vn -0.85414892 0.38025129 0.35473740
vn -0.85683978 -0.37993520 0.34853241
vn -0.85684448 -0.38004449 0.34840161
vn -0.85418481 0.38023591 0.35466760
vn -0.87202781 0.38152751 0.30660140
vn -0.87362438 -0.37996110 0.30399010
vn -0.88625473 0.38036281 0.26434219
vn -0.88813168 -0.38000059 0.25849891
vn -0.89914542 0.38142720 0.21459431
vn -0.90024471 -0.38003510 0.21244530
vn -0.90887082 0.38035831 0.17111810
vn -0.90996832 -0.38003331 0.16592900
vn -0.91653740 0.38142669 0.12030350
vn -0.91730088 -0.38011289 0.11863050
vn -0.92172408 0.38030449 0.07611322
vn -0.92217559 -0.38010770 0.07148599
vn -0.92410833 0.38133141 0.02470541
vn -0.92465818 -0.38005450 0.02378809
vn -0.90024018 -0.38001809 -0.21249481
vn -0.88817209 -0.37996620 -0.25841081
vn -0.87317091 0.38081741 -0.30422151
vn -0.87364203 -0.37991381 -0.30399880
vn -0.85732812 0.38039121 -0.34683001
vn -0.85680658 -0.38003629 -0.34850380
vn -0.83767802 -0.38002431 -0.39227211
vn -0.83700728 0.38023499 -0.39349741
vn -0.81596541 0.38026401 -0.43543079
vn -0.73736519 0.38111591 -0.55771262
vn -0.76718622 0.38012591 -0.51665252
vn -0.76725483 -0.38001499 -0.51663208
vn -0.79232502 0.38034532 -0.47703090
vn -0.79286838 -0.38007241 -0.47634521
vn -0.81650788 -0.38001400 -0.43463129
vn -0.54082608 -0.57694322 -0.61208153
vn -0.58451217 -0.55224591 -0.59444940
vn -0.35626310 -0.61725771 -0.70147681
vn -0.71302903 -0.04006963 -0.69998872
vn -0.70999300 -0.09489190 -0.69778621
vn -0.69838017 -0.14587060 -0.70070458
vn -0.68840390 -0.18868551 -0.70035571
vn -0.67482662 -0.23997369 -0.69786942
vn -0.65277421 -0.29046199 -0.69965547
vn -0.62991190 -0.34133810 -0.69763851
vn -0.60034990 -0.38594931 -0.70044500
vn -0.84557921 -0.30562219 -0.43771100
vn -0.57664329 -0.41866350 -0.70157212
vn -0.81908292 -0.34429640 -0.45887190
vn -0.55378038 -0.44857699 -0.70150262
vn -0.50402027 -0.50393409 -0.70143718
vn -0.75438601 -0.41986981 -0.50458998
vn -0.52963573 -0.47695470 -0.70142728
vn -0.78510761 -0.38595340 -0.48440281
vn -0.44866580 -0.55379468 -0.70143461
vn -0.69540530 -0.47386640 -0.54024267
vn -0.47699559 -0.52966863 -0.70137471
vn -0.72523689 -0.44795060 -0.52284962
vn -0.50394672 -0.50403130 -0.70142019
vn -0.75441289 -0.41976920 -0.50463360
vn -0.62211031 -0.52845490 -0.57768017
vn -0.41890919 -0.57662487 -0.70144057
vn -0.38838521 -0.59755492 -0.70148778
vn -0.65937781 -0.50226653 -0.55941868
vn -0.32364449 -0.63501543 -0.70143408
vn -0.48690429 -0.60271758 -0.63218331
vn -0.29001480 -0.65103060 -0.70146322
vn -0.43103701 -0.62652272 -0.64936620
vn -0.25535429 -0.66541213 -0.70144212
vn -0.32458729 -0.66241401 -0.67516732
vn -0.38043541 -0.64546168 -0.66230512
vn -0.21996310 -0.67790681 -0.70146889
vn -0.14804880 -0.69715542 -0.70146698
vn -0.25783709 -0.67800927 -0.68834847
vn -0.18462209 -0.68836588 -0.70147490
vn -0.11135420 -0.70403588 -0.70137989
vn -0.18791480 -0.69093150 -0.69807011
vn -0.07447516 -0.70880800 -0.70145899
vn -0.03379946 -0.71294761 -0.70040232
vn -0.06218343 -0.70355689 -0.70791310
vn -0.12769100 -0.69903803 -0.70359153
vn 0.01897537 -0.71584910 -0.69799721
vn 0.01488119 -0.70504731 -0.70900410
vn 0.07153385 -0.70999688 -0.70056218
vn 0.10289270 -0.70062470 -0.70607251
vn 0.11450790 -0.70431870 -0.70058781
vn 0.19323011 -0.68939608 -0.69813693
vn 0.16598040 -0.69682992 -0.69776690
vn 0.27017611 -0.67525703 -0.68631840
vn 0.21704289 -0.67995608 -0.70039421
vn 0.35015309 -0.65414232 -0.67044061
vn 0.42764151 -0.62684947 -0.65129298
vn 0.25557980 -0.66528308 -0.70148230
vn 0.28996679 -0.65107119 -0.70144540
vn 0.48884809 -0.60201168 -0.63135529
vn 0.32357341 -0.63502318 -0.70145971
vn 0.53877378 -0.57854313 -0.61238128
vn 0.35653201 -0.61708027 -0.70149612
vn 0.57817483 -0.55589259 -0.59724152
vn 0.38823119 -0.59771758 -0.70143437
vn 0.61775953 -0.53115332 -0.57987011
vn 0.65644842 -0.50514150 -0.56027448
vn 0.41906369 -0.57657152 -0.70139211
vn 0.45064461 -0.55304521 -0.70075721
vn 0.68949431 -0.47905210 -0.54323739
vn 0.49220601 -0.52057707 -0.69766229
vn 0.72659779 -0.44486979 -0.52359003
vn 0.76095671 -0.41379589 -0.49971801
vn 0.76094103 -0.41379771 -0.49974030
vn 0.49217719 -0.52059603 -0.69766861
vn 0.52797520 -0.48035529 -0.70035768
vn 0.55394793 -0.44844469 -0.70145500
vn 0.81030262 -0.35489821 -0.46632311
vn 0.78498012 -0.38720101 -0.48361331
vn 0.57664508 -0.41883019 -0.70147109
vn 0.84089470 -0.31171760 -0.44241199
vn 0.59789169 -0.38805890 -0.70138139
vn 0.61730540 -0.35645181 -0.70133889
vn 0.86509508 -0.27361160 -0.42041341
vn 0.63500762 -0.32357329 -0.70147401
vn 0.88503051 -0.23300250 -0.40302739
vn 0.65105641 -0.28974539 -0.70155060
vn 0.66545773 -0.25516799 -0.70146668
vn 0.67786002 -0.22023040 -0.70143020
vn 0.68850732 -0.18425261 -0.70143342
vn 0.69709837 -0.14850770 -0.70142669
vn 0.70396978 -0.11131070 -0.70145309
vn 0.70874691 -0.07450532 -0.70151758
vn 0.71210217 -0.03607720 -0.70114821
vn -0.07449769 -0.70916212 -0.70109862
vn -0.11174770 -0.70428783 -0.70106441
vn 0.12333410 -0.64806718 -0.75153017
vn 0.16620409 -0.69704318 -0.69750053
vn 0.21707930 -0.68031108 -0.70003819
vn -0.14821950 -0.69745523 -0.70113277
vn -0.18464290 -0.68867409 -0.70116693
vn -0.12331190 -0.64807141 -0.75153017
vn 0.11441740 -0.70467561 -0.70024347
vn 0.07130295 -0.71046942 -0.70010662
vn 0.01897221 -0.71616590 -0.69767231
vn -0.03389084 -0.71326721 -0.70007241
vn -0.22037260 -0.67808652 -0.70116663
vn -0.25555930 -0.66565931 -0.70113277
vn -0.27435899 -0.64544707 -0.71282899
vn -0.28999981 -0.65142977 -0.70109868
vn -0.30770060 -0.63015819 -0.71289623
vn -0.32365441 -0.63530529 -0.70116693
vn -0.34015679 -0.61328638 -0.71286261
vn -0.35667050 -0.61741322 -0.70113277
vn -0.37163320 -0.59478033 -0.71282899
vn -0.38848779 -0.59786463 -0.70116693
vn -0.40212089 -0.57456487 -0.71286321
vn -0.41924891 -0.57675159 -0.70113337
vn -0.43150440 -0.55288237 -0.71282888
vn -0.44868049 -0.55412221 -0.70116663
vn -0.45981339 -0.52957100 -0.71282983
vn -0.47706780 -0.52987778 -0.70116752
vn -0.48684999 -0.50482941 -0.71282852
vn -0.50427342 -0.50410551 -0.70113200
vn -0.51239950 -0.47887430 -0.71282983
vn -0.52988392 -0.47706020 -0.70116812
vn -0.53673619 -0.45137700 -0.71286261
vn -0.55415171 -0.44869670 -0.70113277
vn -0.55956042 -0.42275190 -0.71286261
vn -0.57700151 -0.41890591 -0.70113277
vn -0.58085602 -0.39291891 -0.71289623
vn -0.60078472 -0.38601100 -0.70003819
vn -0.60051572 -0.36216000 -0.71289623
vn -0.63017148 -0.34142131 -0.69736308
vn -0.61864728 -0.33037910 -0.71282899
vn -0.63500643 -0.29764691 -0.71286261
vn -0.65303439 -0.29068750 -0.69931889
vn -0.64965832 -0.26414201 -0.71286261
vn -0.67515433 -0.24002430 -0.69753492
vn -0.66255927 -0.22997820 -0.71282899
vn -0.67367572 -0.19502801 -0.71282899
vn -0.68887949 -0.18850850 -0.69993538
vn -0.68289268 -0.15963849 -0.71286261
vn -0.69866890 -0.14588080 -0.70041472
vn -0.69023150 -0.12373990 -0.71292990
vn -0.71029699 -0.09496903 -0.69746619
vn -0.69580591 -0.08764177 -0.71286261
vn -0.69974750 -0.05203568 -0.71249270
vn -0.71348351 -0.04008442 -0.69952452
vn -0.99984240 -0.01738721 -0.00359529
vn 0.69955301 -0.05147284 -0.71272451
vn 0.99983621 -0.01759970 -0.00421852
vn 0.71237731 -0.03609251 -0.70086801
vn 0.69581592 -0.08756411 -0.71286231
vn 0.70907801 -0.07465535 -0.70116693
vn 0.69031250 -0.12367560 -0.71286261
vn 0.70425391 -0.11153190 -0.70113277
vn 0.68291062 -0.15956180 -0.71286261
vn 0.69749713 -0.14834610 -0.70106441
vn 0.67367858 -0.19501790 -0.71282899
vn 0.68876141 -0.18444650 -0.70113277
vn 0.66254270 -0.22981770 -0.71289623
vn 0.67807812 -0.22050630 -0.70113277
vn 0.64974511 -0.26401940 -0.71282899
vn 0.66559201 -0.25554690 -0.70120120
vn 0.63501060 -0.29763821 -0.71286261
vn 0.65133190 -0.28997299 -0.70120090
vn 0.61868417 -0.33031032 -0.71282881
vn 0.63523769 -0.32386050 -0.70113301
vn 0.60055667 -0.36209181 -0.71289641
vn 0.61754250 -0.35658091 -0.70106441
vn 0.58086193 -0.39291030 -0.71289623
vn 0.59805298 -0.38825950 -0.70113277
vn 0.55956620 -0.42274409 -0.71286261
vn 0.57675022 -0.41925189 -0.70113277
vn 0.53678751 -0.45131671 -0.71286219
vn 0.55416399 -0.44862899 -0.70116627
vn 0.51268721 -0.47856751 -0.71282888
vn 0.52820587 -0.48061740 -0.70000398
vn 0.48685819 -0.50472569 -0.71289641
vn 0.49231911 -0.52087063 -0.69736350
vn 0.45997849 -0.52942979 -0.71282810
vn 0.43175969 -0.55263942 -0.71286291
vn 0.45094889 -0.55318707 -0.70044923
vn 0.40213001 -0.57455921 -0.71286261
vn 0.41903681 -0.57694793 -0.70109862
vn 0.37164250 -0.59477448 -0.71282899
vn 0.38839999 -0.59800178 -0.70109868
vn 0.34024221 -0.61327821 -0.71282899
vn 0.35654131 -0.61748779 -0.70113277
vn 0.30777070 -0.63012397 -0.71289623
vn 0.32364580 -0.63530958 -0.70116693
vn 0.27453131 -0.64529979 -0.71289611
vn 0.28988680 -0.65136993 -0.70120108
vn 0.25548449 -0.66568768 -0.70113307
vn -0.05089533 -0.99817169 -0.03260439
vn -0.07438886 -0.72479552 -0.68493640
vn 0.68709153 0.20638630 -0.69664198
vn 0.70536917 0.13365290 -0.69612580
vn -0.56709921 -0.43920299 -0.69677782
vn 0.71486229 0.06207746 -0.69650441
vn 0.71474057 0.00139427 -0.69938821
vn 0.71498573 -0.05654585 -0.69684869
vn 0.62940597 -0.34227109 -0.69763792
vn 0.59284902 -0.40365040 -0.69684762
vn 0.54745323 -0.46335569 -0.69684762
vn -0.57263547 0.43234339 -0.69653988
vn -0.53231752 0.47646010 -0.69973141
vn -0.49280691 0.51990062 -0.69774270
vn -0.43903470 0.56709993 -0.69688332
vn -0.37748581 0.60988063 -0.69681430
vn 0.40364990 0.59284842 -0.69684827
vn 0.46335530 0.54745281 -0.69684827
vn 0.60886109 0.37982321 -0.69643557
vn 0.63545913 0.32630169 -0.69979918
vn -0.31128740 0.64625508 -0.69674557
vn -0.24446490 0.67416281 -0.69695163
vn -0.18639640 0.69007838 -0.69931978
vn -0.06207811 0.71486223 -0.69650447
vn -0.00139367 0.71474057 -0.69938833
vn 0.23725469 0.67613190 -0.69753557
vn 0.28856489 0.65349782 -0.69976503
vn 0.51859558 0.49573049 -0.69664192
vn 0.56788492 0.43922159 -0.69612593
vn 0.66195279 0.27390340 -0.69770718
vn 0.49573091 -0.51859611 -0.69664121
vn -0.51983702 -0.49302220 -0.69763792
vn 0.43924251 -0.56791180 -0.69609082
vn 0.32630211 -0.63545972 -0.69979852
vn 0.27390370 -0.66195339 -0.69770658
vn -0.43234491 -0.57263678 -0.69653791
vn -0.47646120 -0.53231818 -0.69972998
vn -0.12505139 -0.70650482 -0.69657242
vn -0.13035791 0.70523828 -0.69688290
vn 0.34227070 0.62940532 -0.69763869
vn 0.70650888 -0.12506160 -0.69656640
vn 0.67613262 -0.23725490 -0.69753492
vn 0.65349847 -0.28856501 -0.69976431
vn 0.37982351 -0.60886180 -0.69643491
vn 0.06207829 -0.71486300 -0.69650358
vn 0.00139356 -0.71474141 -0.69938737
vn -0.05654013 -0.71498728 -0.69684750
vn -0.64625692 -0.31128809 -0.69674373
vn -0.67422921 -0.24448790 -0.69687939
vn -0.70522451 -0.13036761 -0.69689512
vn -0.60988557 -0.37748930 -0.69680798
vn -0.71485352 -0.06207770 -0.69651341
vn -0.71473301 -0.00139385 -0.69939601
vn -0.71498120 0.05654007 -0.69685382
vn -0.70650089 0.12505150 -0.69657642
vn -0.69064188 0.18272109 -0.69973338
vn -0.67524248 0.23946810 -0.69764078
vn 0.05654001 0.71498650 -0.69684827
vn 0.12505120 0.70650411 -0.69657320
vn 0.18353140 0.69081140 -0.69935387
vn 0.69081211 -0.18353170 -0.69935310
vn 0.20638651 -0.68709219 -0.69664121
vn -0.18266021 -0.69066137 -0.69972998
vn -0.30636409 -0.64867890 -0.69667548
vn -0.23947100 -0.67524409 -0.69763821
vn -0.37258199 -0.61363220 -0.69615972
vn -0.61362988 0.37258130 -0.69616199
vn 0.13365400 -0.70536971 -0.69612521
vn -0.69007218 -0.18639910 -0.69932520
vn -0.64867681 0.30636281 -0.69667810
vn 0.00142682 0.69904321 -0.71507800
vn -0.00149339 0.71451843 -0.69961512
vn -0.05462044 0.69425541 -0.71765322
vn -0.06218785 0.71440631 -0.69696218
vn -0.12114900 0.68551421 -0.71790892
vn -0.13034029 0.70499951 -0.69712788
vn -0.17940310 0.67555618 -0.71514922
vn -0.18640040 0.68974602 -0.69964671
vn -0.23067690 0.65782958 -0.71697181
vn -0.24445410 0.67394120 -0.69716972
vn -0.28248981 0.63988692 -0.71466380
vn -0.31120709 0.64602667 -0.69699317
vn -0.33300221 0.61266249 -0.71676648
vn -0.37751311 0.60946482 -0.69716328
vn -0.39180750 0.57554138 -0.71780151
vn -0.43913129 0.56668121 -0.69716293
vn -0.44978940 0.53150541 -0.71776861
vn -0.49253330 0.51969647 -0.69808781
vn -0.50294977 0.48122051 -0.71796119
vn -0.50296837 0.48118430 -0.71797252
vn -0.49267209 0.51958579 -0.69807231
vn -0.53221363 0.47612879 -0.70003581
vn -0.55006492 0.42569560 -0.71847892
vn -0.57247108 0.43205300 -0.69685519
vn -0.59062833 0.36848071 -0.71789992
vn -0.61340141 0.37245500 -0.69643092
vn -0.62213862 0.31955141 -0.71472400
vn -0.64840078 0.30611011 -0.69704592
vn -0.64416480 0.26685870 -0.71682513
vn -0.67490941 0.23926801 -0.69803160
vn -0.66663587 0.20034380 -0.71795481
vn -0.69032788 0.18259230 -0.70007688
vn -0.68332398 0.12983480 -0.71847838
vn -0.70627338 0.12499540 -0.69681710
vn -0.69349653 0.06025600 -0.71793592
vn -0.71466792 0.05637139 -0.69718879
vn -0.69904351 0.00142652 -0.71507782
vn -0.71451831 -0.00149304 -0.69961518
vn -0.69422311 -0.05503267 -0.71765298
vn -0.71442372 -0.06198728 -0.69696242
vn -0.68543422 -0.12141460 -0.71794051
vn -0.70500052 -0.13034169 -0.69712651
vn -0.67550403 -0.17960240 -0.71514851
vn -0.68974471 -0.18640239 -0.69964731
vn -0.65782511 -0.23068960 -0.71697170
vn -0.67399490 -0.24440250 -0.69713581
vn -0.63991487 -0.28242731 -0.71466351
vn -0.64598072 -0.31122729 -0.69702691
vn -0.61263287 -0.33298641 -0.71679920
vn -0.60957003 -0.37734300 -0.69716328
vn -0.57558012 -0.39175090 -0.71780151
vn -0.56674850 -0.43920499 -0.69706178
vn -0.53143048 -0.44987819 -0.71776831
vn -0.51967633 -0.49270761 -0.69797993
vn -0.48122159 -0.50294948 -0.71796077
vn -0.48118550 -0.50296778 -0.71797222
vn -0.51950312 -0.49289069 -0.69797951
vn -0.47612861 -0.53221351 -0.70003611
vn -0.42569581 -0.55006498 -0.71847868
vn -0.43195960 -0.57254118 -0.69685543
vn -0.36859760 -0.59055573 -0.71789968
vn -0.37226719 -0.61347687 -0.69646478
vn -0.31955129 -0.62213910 -0.71472371
vn -0.30597061 -0.64846659 -0.69704598
vn -0.26666760 -0.64424408 -0.71682501
vn -0.23921810 -0.67496151 -0.69799840
vn -0.20041060 -0.66661662 -0.71795398
vn -0.18260831 -0.69032580 -0.70007461
vn -0.12956350 -0.68337649 -0.71847761
vn -0.12521100 -0.70626992 -0.69678187
vn -0.06018739 -0.69350249 -0.71793580
vn -0.05668979 -0.71464253 -0.69718891
vn -0.00142682 -0.69904327 -0.71507800
vn 0.00149339 -0.71451843 -0.69961512
vn 0.05675637 0.71463728 -0.69718879
vn 0.06011867 0.69350851 -0.71793592
vn 0.12521100 0.70626992 -0.69678187
vn 0.12671250 0.68474490 -0.71768272
vn 0.18356910 0.69057369 -0.69957870
vn 0.18236510 0.67483240 -0.71508342
vn 0.23719171 0.67581379 -0.69786531
vn 0.23749360 0.65452290 -0.71777201
vn 0.28835580 0.65329582 -0.70003963
vn 0.30210879 0.62722510 -0.71785730
vn 0.34187430 0.62926441 -0.69796020
vn 0.36639851 0.59204859 -0.71779573
vn 0.40329579 0.59275329 -0.69713420
vn 0.42650101 0.55032492 -0.71780181
vn 0.46307612 0.54728597 -0.69716460
vn 0.47991881 0.50582582 -0.71681112
vn 0.51815182 0.49564391 -0.69703370
vn 0.51829117 0.49542609 -0.69708479
vn 0.47975379 0.50587612 -0.71688610
vn 0.52130473 0.46643341 -0.71461970
vn 0.56742650 0.43926850 -0.69647002
vn 0.55572402 0.41920751 -0.71793872
vn 0.60849982 0.37977079 -0.69677991
vn 0.59447259 0.36109480 -0.71847957
vn 0.63522631 0.32621860 -0.70004940
vn 0.62939233 0.29739639 -0.71792811
vn 0.66167742 0.27372950 -0.69803679
vn 0.65714037 0.23296630 -0.71686351
vn 0.68663329 0.20641650 -0.69708461
vn 0.67622453 0.17884301 -0.71465772
vn 0.70509082 0.13351850 -0.69643372
vn 0.68542159 0.12128650 -0.71797413
vn 0.71451533 0.06206250 -0.69686180
vn 0.69421172 0.05517011 -0.71765339
vn 0.71451819 0.00149363 -0.69961542
vn 0.69904357 -0.00142640 -0.71507782
vn 0.71469051 -0.05609148 -0.69718820
vn 0.69348508 -0.06039315 -0.71793538
vn 0.70632541 -0.12489610 -0.69678217
vn 0.68474507 -0.12671261 -0.71768248
vn 0.69055867 -0.18349570 -0.69961280
vn 0.67486852 -0.18236069 -0.71505052
vn 0.67589360 -0.23706350 -0.69783157
vn 0.65447569 -0.23762320 -0.71777213
vn 0.65329558 -0.28835601 -0.70003980
vn 0.62725502 -0.30204651 -0.71785742
vn 0.62926418 -0.34187439 -0.69796032
vn 0.59209442 -0.36632440 -0.71779573
vn 0.59271562 -0.40335110 -0.69713432
vn 0.55037779 -0.42643240 -0.71780199
vn 0.54722911 -0.46314290 -0.69716501
vn 0.50598317 -0.47979170 -0.71678507
vn 0.49564320 -0.51815170 -0.69703418
vn 0.49542600 -0.51829141 -0.69708479
vn 0.50589907 -0.47977999 -0.71685231
vn 0.46643361 -0.52130502 -0.71461940
vn 0.43911049 -0.56754869 -0.69647002
vn 0.41921711 -0.55567491 -0.71797109
vn 0.37977070 -0.60849971 -0.69678003
vn 0.36117160 -0.59446591 -0.71844661
vn 0.32623020 -0.63521999 -0.70004958
vn 0.29727721 -0.62941152 -0.71796072
vn 0.27397579 -0.66157532 -0.69803691
vn 0.23296620 -0.65714049 -0.71686351
vn 0.20629831 -0.68670309 -0.69705093
vn 0.17882960 -0.67622793 -0.71465790
vn 0.13370940 -0.70502120 -0.69646752
vn 0.12114910 -0.68551421 -0.71790892
vn 0.06212985 -0.71451020 -0.69686103
vn 0.05475777 -0.69424450 -0.71765327
vn -0.10218120 0.72889560 -0.67695659
vn 0.05492591 -0.69457609 -0.71731943
vn 0.12144600 -0.68576407 -0.71762002
vn -0.06018370 -0.69379503 -0.71765339
vn 0.10221370 0.72889108 -0.67695659
vn -0.12961491 -0.68370670 -0.71815401
vn -0.00129819 -0.69938618 -0.71474272
vn -0.05492591 0.69457609 -0.71731943
vn 0.07440406 -0.72503489 -0.68468130
vn 0.00129819 0.69938618 -0.71474272
vn -0.07443487 -0.72503167 -0.68468130
vn 0.06018370 0.69379503 -0.71765339
vn 0.17892499 -0.67653811 -0.71434033
vn -0.21394430 0.68017697 -0.70113277
vn 0.23312651 -0.65735161 -0.71661770
vn -0.24915370 0.66808331 -0.70113277
vn -0.28353751 0.65419531 -0.70116699
vn 0.29746011 -0.62967539 -0.71765339
vn -0.31723940 0.63857031 -0.70113277
vn -0.35000059 0.62117988 -0.70116693
vn 0.36114511 -0.59479523 -0.71818727
vn -0.38193241 0.60215318 -0.70109868
vn -0.41286629 0.58129722 -0.70116693
vn 0.41944340 -0.55587143 -0.71768677
vn -0.44264689 0.55895323 -0.70116693
vn -0.47103450 0.53529382 -0.70113277
vn 0.46666920 -0.52147663 -0.71434033
vn -0.49824041 0.51006800 -0.70113277
vn 0.50627118 -0.47988790 -0.71651739
vn -0.52415752 0.48334649 -0.70116693
vn -0.54874217 0.45529649 -0.70113277
vn 0.55068272 -0.42656979 -0.71748650
vn -0.57168537 0.42607591 -0.70116693
vn -0.59309071 0.39585879 -0.70109862
vn 0.59238952 -0.36658370 -0.71741968
vn -0.61294770 0.36429110 -0.70113277
vn -0.63094741 0.33192551 -0.70123541
vn 0.62740952 -0.30221000 -0.71765339
vn -0.64753813 0.29858860 -0.70109862
vn -0.66217512 0.26436561 -0.70116693
vn 0.65496677 -0.23743510 -0.71738631
vn -0.67506248 0.22957240 -0.70113277
vn -0.68612599 0.19402049 -0.70113277
vn 0.67519051 -0.18237500 -0.71474272
vn -0.69526893 0.15815850 -0.70113277
vn 0.68509269 -0.12670019 -0.71735293
vn -0.70257813 0.12164270 -0.70113277
vn -0.70795310 0.08494305 -0.70113277
vn 0.69379503 -0.06018370 -0.71765339
vn -0.71145928 0.04781621 -0.70109862
vn -0.71291637 0.01073360 -0.70116693
vn 0.69938618 -0.00129819 -0.71474272
vn -0.71250528 -0.02647966 -0.70116693
vn 0.69457609 0.05492591 -0.71731943
vn -0.71016473 -0.06349092 -0.70116693
vn -0.70596522 -0.10036850 -0.70109862
vn 0.68576407 0.12144600 -0.71762002
vn -0.69976342 -0.13708380 -0.70109862
vn -0.69160950 -0.17332460 -0.70116693
vn 0.67653811 0.17892499 -0.71434033
vn -0.68166929 -0.20914060 -0.70113277
vn 0.65735161 0.23312651 -0.71661770
vn -0.66984010 -0.24439131 -0.70113277
vn -0.65614021 -0.27892140 -0.70120120
vn 0.62967539 0.29746011 -0.71765339
vn -0.64077711 -0.31275800 -0.70113277
vn -0.62364519 -0.34572729 -0.70109862
vn 0.59479523 0.36114511 -0.71818727
vn -0.60476321 -0.37772259 -0.70113277
vn -0.58418012 -0.40877679 -0.70116693
vn 0.55587143 0.41944340 -0.71768677
vn -0.56208938 -0.43865761 -0.70116693
vn -0.53857112 -0.46723241 -0.70116693
vn 0.52147663 0.46666920 -0.71434033
vn -0.51339310 -0.49476519 -0.70116693
vn 0.47988790 0.50627118 -0.71651739
vn -0.48697561 -0.52078760 -0.70116693
vn -0.45922160 -0.54550552 -0.70109862
vn 0.42650649 0.55060113 -0.71758658
vn -0.43006900 -0.56868762 -0.70116693
vn -0.39986989 -0.59035331 -0.70113277
vn 0.36662111 0.59220457 -0.71755332
vn -0.36869159 -0.61027157 -0.70116693
vn -0.33627680 -0.62875342 -0.70113277
vn 0.30221000 0.62740952 -0.71765339
vn -0.30303991 -0.64539272 -0.70116693
vn -0.26911691 -0.66033089 -0.70109862
vn 0.23743510 0.65496677 -0.71738631
vn -0.23425780 -0.67345101 -0.70113277
vn -0.19881800 -0.68471622 -0.70116693
vn 0.18237500 0.67519051 -0.71474272
vn -0.16294420 -0.69416290 -0.70113277
vn 0.12670019 0.68509269 -0.71735293
vn -0.12144600 0.68576407 -0.71762002
vn 0.16286670 -0.69418108 -0.70113277
vn 0.19881719 -0.68475151 -0.70113277
vn -0.17965239 0.67595547 -0.71470922
vn 0.23418251 -0.67347711 -0.70113277
vn -0.23085169 0.65808111 -0.71668458
vn 0.26903030 -0.66032988 -0.70113277
vn 0.30303061 -0.64539713 -0.70116693
vn -0.28255740 0.64021808 -0.71434033
vn 0.33620739 -0.62879050 -0.70113277
vn -0.33306339 0.61288142 -0.71655083
vn 0.36853871 -0.61044252 -0.70109862
vn 0.39980289 -0.59039861 -0.70113277
vn -0.39195761 0.57579029 -0.71751988
vn 0.43006131 -0.56869340 -0.70116693
vn 0.45921430 -0.54551172 -0.70109862
vn -0.45004401 0.53162551 -0.71751988
vn 0.48694000 -0.52086687 -0.70113277
vn 0.51338631 -0.49477211 -0.70116693
vn -0.50333768 0.48132390 -0.71762002
vn 0.53856391 -0.46724081 -0.70116693
vn 0.56208342 -0.43866530 -0.70116693
vn -0.55038780 0.42577040 -0.71818727
vn 0.58417457 -0.40878469 -0.70116693
vn 0.60461903 -0.37788990 -0.70116693
vn -0.59088731 0.36861059 -0.71762002
vn 0.62354332 -0.34584200 -0.70113277
vn 0.64068162 -0.31287709 -0.70116693
vn -0.62255359 0.31960121 -0.71434033
vn 0.65617073 -0.27902141 -0.70113277
vn -0.64456850 0.26671019 -0.71651739
vn 0.66981262 -0.24446671 -0.70113277
vn 0.68166649 -0.20914979 -0.70113277
vn -0.66697591 0.20041139 -0.71762002
vn 0.69160682 -0.17333470 -0.70116699
vn 0.69974792 -0.13716321 -0.70109862
vn -0.68370670 0.12961491 -0.71815401
vn 0.70595401 -0.10044770 -0.70109862
vn 0.71016377 -0.06350076 -0.70116693
vn -0.69379503 0.06018370 -0.71765339
vn 0.71250492 -0.02648967 -0.70116693
vn 0.71295118 0.01065415 -0.70113277
vn -0.69938618 0.00129819 -0.71474272
vn 0.71145999 0.04780679 -0.70109862
vn -0.69457609 -0.05492591 -0.71731943
vn 0.70797092 0.08479487 -0.70113277
vn 0.70259172 0.12156390 -0.70113277
vn -0.68576407 -0.12144600 -0.71762002
vn 0.69526929 0.15800490 -0.70116693
vn 0.68612891 0.19401030 -0.70113277
vn -0.67595547 -0.17965239 -0.71470922
vn 0.67508841 0.22949640 -0.70113277
vn -0.65808111 -0.23085169 -0.71668458
vn 0.66223568 0.26430431 -0.70113277
vn 0.64754099 0.29850221 -0.70113277
vn -0.64021808 -0.28255740 -0.71434033
vn 0.63098699 0.33177790 -0.70126951
vn -0.61288142 -0.33306339 -0.71655083
vn 0.61298829 0.36422279 -0.70113277
vn 0.59313440 0.39579341 -0.70109868
vn -0.57579029 -0.39195761 -0.71751988
vn 0.57169151 0.42606789 -0.70116693
vn 0.54879242 0.45523581 -0.70113277
vn -0.53162551 -0.45004401 -0.71751988
vn 0.52425849 0.48323700 -0.70116699
vn 0.49849629 0.50981790 -0.70113277
vn -0.48132390 -0.50333768 -0.71762002
vn 0.47125050 0.53510350 -0.70113277
vn 0.44265530 0.55894649 -0.70116693
vn -0.42577040 -0.55038780 -0.71818727
vn 0.41287541 0.58129078 -0.70116693
vn 0.38208121 0.60197920 -0.70116693
vn -0.36861059 -0.59088731 -0.71762002
vn 0.35006940 0.62114119 -0.70116693
vn 0.31743559 0.63847268 -0.70113277
vn -0.31960121 -0.62255359 -0.71434033
vn 0.28354630 0.65419138 -0.70116693
vn -0.26671019 -0.64456850 -0.71651739
vn 0.24928100 0.66799992 -0.70116699
vn 0.21407650 0.68010020 -0.70116693
vn -0.20041139 -0.66697591 -0.71762002
vn -0.10229800 0.72852469 -0.67733818
vn -0.06920015 0.99660671 -0.04457128
vn -0.21379010 0.67988920 -0.70145887
vn -0.21061251 0.66861200 -0.71316242
vn -0.24923921 0.66772372 -0.70144480
vn -0.24508670 0.65677422 -0.71314818
vn -0.28356659 0.65390837 -0.70142281
vn -0.27897161 0.64309943 -0.71316069
vn -0.31704921 0.63832349 -0.70144361
vn -0.31195870 0.62777633 -0.71314710
vn -0.34994149 0.62092072 -0.70142603
vn -0.34436899 0.61061889 -0.71313012
vn -0.38193810 0.60174388 -0.70144671
vn -0.37554041 0.59181178 -0.71325189
vn -0.41275811 0.58102042 -0.70146012
vn -0.40590200 0.57148308 -0.71319753
vn -0.44258469 0.55865377 -0.70144480
vn -0.43513590 0.54957068 -0.71318221
vn -0.47082820 0.53504622 -0.70146018
vn -0.46313989 0.52621210 -0.71316367
vn -0.49804789 0.50979030 -0.70147151
vn -0.48991811 0.50127631 -0.71323371
vn -0.48987261 0.50127292 -0.71326739
vn -0.49815261 0.50969148 -0.70146889
vn -0.52404553 0.48304841 -0.70145601
vn -0.51526618 0.47514111 -0.71326131
vn -0.54846263 0.45514730 -0.70144820
vn -0.53946728 0.44759509 -0.71318549
vn -0.57155138 0.42595419 -0.70135027
vn -0.56201828 0.41903561 -0.71312320
vn -0.59280539 0.39565840 -0.70145291
vn -0.58305979 0.38897809 -0.71325821
vn -0.61255682 0.36427239 -0.70148402
vn -0.60252613 0.35809210 -0.71325481
vn -0.63069290 0.33200911 -0.70142460
vn -0.62048560 0.32618511 -0.71316260
vn -0.64726257 0.29836601 -0.70144772
vn -0.63656533 0.29359901 -0.71315098
vn -0.66191441 0.26425639 -0.70145410
vn -0.65103823 0.25991461 -0.71315748
vn -0.67469442 0.22956750 -0.70148861
vn -0.66362703 0.22573700 -0.71319139
vn -0.68580753 0.19399551 -0.70145130
vn -0.67459381 0.19074079 -0.71312082
vn -0.69489258 0.15825491 -0.70148402
vn -0.68353152 0.15540060 -0.71318692
vn -0.70223087 0.12157430 -0.70149231
vn -0.69071901 0.11961780 -0.71316117
vn -0.70762152 0.08482551 -0.70148170
vn -0.69603932 0.08333140 -0.71315157
vn -0.71110833 0.04780286 -0.70145547
vn -0.69942170 0.04705774 -0.71315843
vn -0.71267033 0.01050752 -0.70142043
vn -0.70092571 0.01041126 -0.71315843
vn -0.71228123 -0.02696126 -0.70137608
vn -0.70040298 -0.02663725 -0.71325052
vn -0.70984483 -0.06386584 -0.70145673
vn -0.69808543 -0.06272649 -0.71326172
vn -0.70561922 -0.10056340 -0.70141900
vn -0.69386709 -0.09928649 -0.71322560
vn -0.69940591 -0.13710310 -0.70145148
vn -0.68792957 -0.13477060 -0.71315491
vn -0.69133621 -0.17341480 -0.70141399
vn -0.67999321 -0.17022130 -0.71318591
vn -0.68126237 -0.20937461 -0.70145839
vn -0.67027921 -0.20536441 -0.71312791
vn -0.66942728 -0.24460571 -0.70145220
vn -0.65854168 -0.24027440 -0.71315581
vn -0.65579122 -0.27903250 -0.70148331
vn -0.64500219 -0.27430060 -0.71325409
vn -0.64031070 -0.31291139 -0.70149040
vn -0.62993532 -0.30754739 -0.71315932
vn -0.62314701 -0.34592029 -0.70144641
vn -0.61299890 -0.34014419 -0.71311599
vn -0.60448468 -0.37763491 -0.70142013
vn -0.59446478 -0.37137619 -0.71322602
vn -0.58385920 -0.40873730 -0.70145738
vn -0.57432002 -0.40188301 -0.71319479
vn -0.56179088 -0.43870240 -0.70137811
vn -0.55255288 -0.43139499 -0.71315062
vn -0.53835219 -0.46705401 -0.70145392
vn -0.52945661 -0.45933190 -0.71322519
vn -0.51316231 -0.49458039 -0.70146620
vn -0.50480408 -0.48642981 -0.71313322
vn -0.50476348 -0.48642290 -0.71316671
vn -0.51316881 -0.49457020 -0.70146859
vn -0.48658171 -0.52086937 -0.70137948
vn -0.47871131 -0.51205611 -0.71318591
vn -0.45880589 -0.54543930 -0.70142227
vn -0.45140371 -0.53627312 -0.71319407
vn -0.42984280 -0.56850690 -0.70145208
vn -0.42277029 -0.55904311 -0.71325737
vn -0.39963231 -0.59013188 -0.70145440
vn -0.39297670 -0.58045387 -0.71319181
vn -0.36838821 -0.61017722 -0.70140863
vn -0.36249170 -0.60001838 -0.71314633
vn -0.33603281 -0.62851292 -0.70146531
vn -0.33058360 -0.61814612 -0.71316892
vn -0.30287460 -0.64520919 -0.70140731
vn -0.29771641 -0.63458037 -0.71321303
vn -0.26894999 -0.66002017 -0.70145512
vn -0.26461101 -0.64914233 -0.71315879
vn -0.23418350 -0.67325062 -0.70134997
vn -0.23035540 -0.66203880 -0.71319079
vn -0.19839761 -0.68453938 -0.70145857
vn -0.19557630 -0.67312777 -0.71319622
vn -0.16259740 -0.69389159 -0.70148170
vn -0.15998539 -0.68247521 -0.71318471
vn -0.16018809 -0.68276411 -0.71286261
vn -0.05082583 -0.99818498 -0.03230482
vn -0.13924800 -0.73168671 -0.66726649
vn -0.19560340 -0.67343772 -0.71289623
vn -0.15520410 0.73225069 -0.66311431
vn -0.06917428 0.99661499 -0.04442411
vn -0.21055530 0.66891372 -0.71289623
vn -0.24506460 0.65709227 -0.71286261
vn -0.27897239 0.64346659 -0.71282899
vn -0.30620480 0.64393449 -0.70113271
vn -0.31215361 0.62800241 -0.71286261
vn -0.33933470 0.62707019 -0.70116693
vn -0.34440449 0.61095053 -0.71282899
vn -0.37169141 0.60852790 -0.70109862
vn -0.37575719 0.59214312 -0.71286261
vn -0.40288001 0.58838469 -0.70106441
vn -0.40600869 0.57174122 -0.71292990
vn -0.43289220 0.56658381 -0.70113277
vn -0.43544921 0.54973710 -0.71286261
vn -0.46184561 0.54319751 -0.70116693
vn -0.46344879 0.52634799 -0.71286261
vn -0.48955381 0.51836479 -0.70116693
vn -0.49029759 0.50143307 -0.71286261
vn -0.51594800 0.49210021 -0.70116693
vn -0.51577818 0.47523430 -0.71282899
vn -0.54100609 0.46451399 -0.70109862
vn -0.53974932 0.44782311 -0.71282899
vn -0.56447911 0.43563309 -0.70113277
vn -0.56235629 0.41902551 -0.71286261
vn -0.58639532 0.40559280 -0.70116693
vn -0.58349389 0.38911390 -0.71282899
vn -0.60667038 0.37458771 -0.70116699
vn -0.60293591 0.35824999 -0.71282899
vn -0.62548161 0.34232399 -0.70113277
vn -0.62075812 0.32632229 -0.71286261
vn -0.64242321 0.30936271 -0.70113277
vn -0.63686001 0.29357851 -0.71289623
vn -0.65773988 0.27538869 -0.70109862
vn -0.65135050 0.26003340 -0.71282899
vn -0.67116898 0.24071830 -0.70113271
vn -0.66403967 0.22566830 -0.71282888
vn -0.68281961 0.20547091 -0.70109862
vn -0.67487723 0.19082880 -0.71282888
vn -0.69264180 0.16943490 -0.70109850
vn -0.68383342 0.15540589 -0.71289611
vn -0.70049691 0.13314450 -0.70112532
vn -0.69108182 0.11955820 -0.71281958
vn -0.70647311 0.09649258 -0.70113123
vn -0.69636160 0.08339464 -0.71282947
vn -0.71050930 0.05951219 -0.70116681
vn -0.69976008 0.04701900 -0.71282888
vn -0.71325421 0.02000689 -0.70061988
vn -0.70125961 0.01047945 -0.71282911
vn -0.71502101 -0.03297978 -0.69832468
vn -0.70085621 -0.02598935 -0.71282899
vn -0.69851071 -0.06252735 -0.71286261
vn -0.70874339 -0.08568459 -0.70024359
vn -0.69430131 -0.09885752 -0.71286261
vn -0.70181042 -0.12580609 -0.70116693
vn -0.68825352 -0.13484040 -0.71282899
vn -0.69429737 -0.16222230 -0.70116693
vn -0.68024761 -0.17055820 -0.71286261
vn -0.68492848 -0.19820650 -0.70113277
vn -0.67048788 -0.20572001 -0.71282899
vn -0.67359871 -0.23373000 -0.70116693
vn -0.65887541 -0.24032921 -0.71282888
vn -0.66049433 -0.26853740 -0.70116693
vn -0.64537883 -0.27443239 -0.71286267
vn -0.64568812 -0.30248931 -0.70113277
vn -0.63017338 -0.30766940 -0.71289623
vn -0.62899888 -0.33581731 -0.70113277
vn -0.61335111 -0.34011081 -0.71282899
vn -0.61060017 -0.36814719 -0.70116693
vn -0.59473199 -0.37171051 -0.71282911
vn -0.59068137 -0.39938471 -0.70113289
vn -0.57460523 -0.40200481 -0.71289623
vn -0.56896508 -0.42975759 -0.70113277
vn -0.55293411 -0.43143809 -0.71282899
vn -0.54580772 -0.45881039 -0.70113271
vn -0.52955210 -0.45978430 -0.71286261
vn -0.52111542 -0.48662499 -0.70116693
vn -0.50503850 -0.48663220 -0.71282911
vn -0.49500021 -0.51316631 -0.70116711
vn -0.47880480 -0.51246530 -0.71282911
vn -0.46757120 -0.53827697 -0.70116693
vn -0.45150560 -0.53667271 -0.71282899
vn -0.43887031 -0.56196588 -0.70113277
vn -0.42295370 -0.55940777 -0.71286261
vn -0.40904450 -0.58407480 -0.70109862
vn -0.39320841 -0.58066022 -0.71289623
vn -0.37782079 -0.60466218 -0.70116693
vn -0.36253649 -0.60036832 -0.71282911
vn -0.34597549 -0.62346917 -0.70113277
vn -0.33069399 -0.61847907 -0.71282911
vn -0.31285530 -0.64069229 -0.70116693
vn -0.29798460 -0.63481039 -0.71289623
vn -0.27900729 -0.65617669 -0.70113277
vn -0.26460570 -0.64946961 -0.71286267
vn -0.23038420 -0.66234600 -0.71289623

# Mesh 'arml1_001-mesh' with 4130 faces
g arml1_001-mesh
usemtl arml1.001
f  1/1/1 2/2/2 3/3/3
f  4/1/1 5/3/3 6/4/4
f  7/4/4 8/3/3 9/5/5
f  10/4/4 11/5/5 12/6/6
f  13/6/6 14/5/5 15/7/7
f  16/6/6 17/7/7 18/8/8
f  19/8/8 20/7/7 21/9/9
f  22/8/8 23/9/9 24/10/10
f  25/10/10 26/9/9 27/11/11
f  28/10/10 29/11/11 30/12/12
f  31/12/12 32/11/11 33/13/13
f  34/12/12 35/13/13 36/14/14
f  37/14/14 38/13/13 39/15/15
f  40/14/14 41/15/15 42/16/16
f  43/16/16 44/15/15 45/17/17
f  46/16/16 47/17/17 48/18/18
f  49/19/19 50/20/20 51/21/21
f  52/19/19 53/21/21 54/22/22
f  55/22/22 56/21/21 57/23/23
f  58/22/22 59/23/23 60/24/24
f  61/24/24 62/23/23 63/25/25
f  64/24/24 65/25/25 66/26/26
f  67/26/26 68/25/25 69/27/27
f  70/26/26 71/27/27 72/28/28
f  73/28/28 74/27/27 75/29/29
f  76/28/28 77/29/29 78/30/30
f  79/30/30 80/29/29 81/31/31
f  82/30/30 83/31/31 84/32/32
f  85/32/32 86/31/31 87/33/33
f  88/32/32 89/33/33 90/34/34
f  91/34/34 92/33/33 93/35/35
f  94/34/34 95/35/35 96/36/36
f  97/36/36 98/35/35 99/37/37
f  100/36/36 101/37/37 102/38/38
f  103/38/38 104/37/37 105/39/39
f  106/38/38 107/39/39 108/40/40
f  109/40/40 110/39/39 111/41/41
f  112/40/40 113/41/41 114/42/42
f  115/42/42 116/41/41 117/43/43
f  118/42/42 119/43/43 120/44/44
f  121/44/44 122/43/43 123/45/45
f  124/44/44 125/45/45 126/46/46
f  127/46/46 128/45/45 129/47/47
f  130/46/46 131/47/47 132/48/48
f  133/48/48 134/47/47 135/49/49
f  136/48/48 137/49/49 138/50/50
f  139/50/50 140/49/49 141/51/51
f  142/51/51 143/49/49 144/52/52
f  145/51/51 146/52/52 147/53/53
f  148/53/53 149/52/52 150/54/54
f  151/53/53 152/54/54 153/55/55
f  154/55/55 155/54/54 156/56/56
f  157/55/55 158/56/56 159/57/57
f  160/57/57 161/56/56 162/58/58
f  163/57/57 164/58/58 165/59/59
f  166/59/59 167/58/58 168/60/60
f  169/59/59 170/60/60 171/61/61
f  172/61/61 173/60/60 174/62/62
f  175/61/61 176/62/62 177/63/63
f  178/63/63 179/62/62 180/64/64
f  181/63/63 182/64/64 183/65/65
f  184/65/65 185/64/64 186/66/66
f  187/65/65 188/66/66 189/67/67
f  190/67/67 191/66/66 192/68/68
f  193/67/67 194/68/68 195/69/69
f  196/69/69 197/68/68 198/70/70
f  199/69/69 200/70/70 201/71/71
f  202/71/71 203/70/70 204/72/72
f  205/71/71 206/72/72 207/73/73
f  208/73/73 209/72/72 210/74/74
f  211/73/73 212/74/74 213/75/75
f  214/75/75 215/74/74 216/76/76
f  217/75/75 218/76/76 219/77/77
f  220/77/77 221/76/76 222/78/78
f  223/77/77 224/78/78 225/79/79
f  226/80/80 227/81/81 228/82/82
f  229/80/80 230/82/82 231/83/83
f  232/83/83 233/82/82 234/84/84
f  235/83/83 236/84/84 237/85/85
f  238/85/85 239/84/84 240/86/86
f  241/85/85 242/86/86 243/87/87
f  244/87/87 245/86/86 246/88/88
f  247/87/87 248/88/88 249/89/89
f  250/89/89 251/88/88 252/90/90
f  253/89/89 254/90/90 255/91/91
f  256/91/91 257/90/90 258/92/92
f  259/91/91 260/92/92 261/93/93
f  262/93/93 263/92/92 264/94/94
f  265/93/93 266/94/94 267/95/95
f  268/95/95 269/94/94 270/96/96
f  271/95/95 272/96/96 273/97/97
f  274/98/98 275/99/99 276/100/100
f  277/100/100 278/99/99 279/101/101
f  280/102/102 281/103/103 282/104/104
f  283/104/104 284/103/103 285/105/105
f  286/104/104 287/105/105 288/106/106
f  289/106/106 290/107/107 291/104/104
f  292/104/104 293/107/107 294/108/108
f  295/104/104 296/108/108 297/109/109
f  298/110/110 299/111/111 300/112/112
f  301/112/112 302/111/111 303/113/113
f  304/114/114 305/115/115 306/104/104
f  307/104/104 308/115/115 309/116/116
f  310/104/104 311/116/116 312/102/102
f  313/101/101 314/117/117 315/100/100
f  316/100/100 317/117/117 318/118/118
f  319/100/100 320/118/118 321/119/119
f  322/120/120 323/121/121 324/122/122
f  325/120/120 326/122/122 327/119/119
f  328/119/119 329/122/122 330/100/100
f  331/121/121 332/120/120 333/123/123
f  334/123/123 335/120/120 336/124/124
f  337/113/113 338/125/125 339/112/112
f  340/112/112 341/125/125 342/126/126
f  343/126/126 344/125/125 345/127/127
f  346/127/127 347/128/128 348/126/126
f  349/126/126 350/128/128 351/124/124
f  352/124/124 353/128/128 354/123/123
f  355/129/129 356/130/130 357/131/131
f  358/131/131 359/130/130 360/132/132
f  361/130/130 362/129/129 363/110/110
f  364/110/110 365/129/129 366/133/133
f  367/114/114 368/104/104 369/132/132
f  370/132/132 371/104/104 372/131/131
f  373/133/133 374/134/134 375/110/110
f  376/110/110 377/134/134 378/111/111
f  379/135/135 380/136/136 381/137/137
f  382/137/137 383/136/136 384/138/138
f  385/137/137 386/138/138 387/139/139
f  388/139/139 389/138/138 390/140/140
f  391/140/140 392/141/141 393/139/139
f  394/142/142 395/143/143 396/141/141
f  397/142/142 398/141/141 399/140/140
f  400/144/144 401/145/145 402/142/142
f  403/142/142 404/145/145 405/143/143
f  406/144/144 407/146/146 408/145/145
f  409/147/147 410/146/146 411/144/144
f  412/147/147 413/148/148 414/146/146
f  415/148/148 416/147/147 417/149/149
f  418/150/150 419/151/151 420/152/152
f  421/152/152 422/151/151 423/153/153
f  424/154/154 425/155/155 426/156/156
f  427/156/156 428/155/155 429/150/150
f  430/150/150 431/155/155 432/151/151
f  433/157/157 434/158/158 435/159/159
f  436/157/157 437/159/159 438/154/154
f  439/157/157 440/154/154 441/156/156
f  442/158/158 443/160/160 444/161/161
f  445/158/158 446/161/161 447/159/159
f  448/160/160 449/162/162 450/161/161
f  451/162/162 452/160/160 453/163/163
f  454/163/163 455/164/164 456/162/162
f  457/163/163 458/165/165 459/164/164
f  460/165/165 461/48/48 462/164/164
f  463/164/164 464/48/48 465/50/50
f  466/164/164 467/50/50 468/166/166
f  469/164/164 470/166/166 471/167/167
f  472/168/168 473/169/169 474/166/166
f  475/166/166 476/169/169 477/167/167
f  478/170/170 479/171/171 480/172/172
f  481/170/170 482/172/172 483/173/173
f  484/173/173 485/172/172 486/174/174
f  487/173/173 488/174/174 489/175/175
f  490/175/175 491/174/174 492/176/176
f  493/175/175 494/176/176 495/177/177
f  496/177/177 497/176/176 498/178/178
f  499/177/177 500/178/178 501/179/179
f  502/179/179 503/178/178 504/180/180
f  505/179/179 506/180/180 507/181/181
f  508/181/181 509/180/180 510/182/182
f  511/181/181 512/182/182 513/183/183
f  514/183/183 515/182/182 516/184/184
f  517/183/183 518/184/184 519/185/185
f  520/185/185 521/184/184 522/186/186
f  523/185/185 524/186/186 525/187/187
f  526/187/187 527/186/186 528/188/188
f  529/187/187 530/188/188 531/189/189
f  532/189/189 533/188/188 534/190/190
f  535/189/189 536/190/190 537/191/191
f  538/192/192 539/193/193 540/194/194
f  541/192/192 542/194/194 543/195/195
f  544/195/195 545/194/194 546/196/196
f  547/195/195 548/196/196 549/197/197
f  550/197/197 551/196/196 552/198/198
f  553/197/197 554/198/198 555/199/199
f  556/199/199 557/198/198 558/200/200
f  559/199/199 560/200/200 561/201/201
f  562/201/201 563/200/200 564/202/202
f  565/201/201 566/202/202 567/203/203
f  568/203/203 569/202/202 570/204/204
f  571/203/203 572/204/204 573/205/205
f  574/205/205 575/204/204 576/206/206
f  577/205/205 578/206/206 579/207/207
f  580/207/207 581/206/206 582/208/208
f  583/207/207 584/208/208 585/209/209
f  586/209/209 587/208/208 588/210/210
f  589/209/209 590/210/210 591/211/211
f  592/211/211 593/210/210 594/212/212
f  595/211/211 596/212/212 597/213/213
f  598/213/213 599/212/212 600/214/214
f  601/213/213 602/214/214 603/215/215
f  604/215/215 605/214/214 606/216/216
f  607/215/215 608/216/216 609/217/217
f  610/217/217 611/216/216 612/218/218
f  613/217/217 614/218/218 615/219/219
f  616/219/219 617/218/218 618/220/220
f  619/219/219 620/220/220 621/221/221
f  622/221/221 623/220/220 624/222/222
f  625/221/221 626/222/222 627/223/223
f  628/223/223 629/222/222 630/224/224
f  631/223/223 632/224/224 633/225/225
f  634/225/225 635/224/224 636/226/226
f  637/225/225 638/226/226 639/227/227
f  640/227/227 641/226/226 642/228/228
f  643/227/227 644/228/228 645/229/229
f  646/229/229 647/228/228 648/230/230
f  649/229/229 650/230/230 651/231/231
f  652/231/231 653/230/230 654/232/232
f  655/231/231 656/232/232 657/233/233
f  658/233/233 659/232/232 660/234/234
f  661/233/233 662/234/234 663/235/235
f  664/235/235 665/234/234 666/236/236
f  667/235/235 668/236/236 669/237/237
f  670/237/237 671/236/236 672/238/238
f  673/237/237 674/238/238 675/239/239
f  676/239/239 677/238/238 678/240/240
f  679/239/239 680/240/240 681/241/241
f  682/241/241 683/240/240 684/242/242
f  685/241/241 686/242/242 687/243/243
f  688/243/243 689/242/242 690/244/244
f  691/243/243 692/244/244 693/245/245
f  694/245/245 695/244/244 696/246/246
f  697/245/245 698/246/246 699/247/247
f  700/247/247 701/246/246 702/248/248
f  703/247/247 704/248/248 705/249/249
f  706/249/249 707/248/248 708/250/250
f  709/249/249 710/250/250 711/251/251
f  712/251/251 713/250/250 714/252/252
f  715/251/251 716/252/252 717/253/253
f  718/253/253 719/252/252 720/254/254
f  721/253/253 722/254/254 723/255/255
f  724/256/256 725/257/257 726/258/258
f  727/256/256 728/258/258 729/259/259
f  730/259/259 731/258/258 732/260/260
f  733/259/259 734/260/260 735/261/261
f  736/261/261 737/260/260 738/262/262
f  739/261/261 740/262/262 741/263/263
f  742/263/263 743/262/262 744/264/264
f  745/263/263 746/264/264 747/265/265
f  748/265/265 749/264/264 750/266/266
f  751/265/265 752/266/266 753/267/267
f  754/267/267 755/266/266 756/268/268
f  757/267/267 758/268/268 759/269/269
f  760/269/269 761/268/268 762/270/270
f  763/269/269 764/270/270 765/271/271
f  766/271/271 767/270/270 768/272/272
f  769/271/271 770/272/272 771/273/273
f  772/273/273 773/272/272 774/274/274
f  775/273/273 776/274/274 777/275/275
f  778/275/275 779/274/274 780/276/276
f  781/275/275 782/276/276 783/277/277
f  784/277/277 785/276/276 786/278/278
f  787/277/277 788/278/278 789/279/279
f  790/280/280 791/281/281 792/282/282
f  793/283/283 794/284/284 795/285/285
f  796/285/285 797/284/284 798/286/286
f  799/282/282 800/287/287 801/280/280
f  802/280/280 803/287/287 804/288/288
f  805/280/280 806/288/288 807/289/289
f  808/289/289 809/288/288 810/290/290
f  811/289/289 812/290/290 813/291/291
f  814/291/291 815/290/290 816/292/292
f  817/291/291 818/292/292 819/293/293
f  820/293/293 821/292/292 822/294/294
f  823/293/293 824/294/294 825/295/295
f  826/295/295 827/294/294 828/296/296
f  829/295/295 830/296/296 831/297/297
f  832/297/297 833/296/296 834/298/298
f  835/297/297 836/298/298 837/299/299
f  838/299/299 839/298/298 840/300/300
f  841/299/299 842/300/300 843/301/301
f  844/301/301 845/300/300 846/302/302
f  847/301/301 848/302/302 849/303/303
f  850/303/303 851/302/302 852/304/304
f  853/303/303 854/304/304 855/305/305
f  856/305/305 857/304/304 858/306/306
f  859/305/305 860/306/306 861/307/307
f  862/307/307 863/306/306 864/308/308
f  865/307/307 866/308/308 867/309/309
f  868/309/309 869/308/308 870/310/310
f  871/309/309 872/310/310 873/311/311
f  874/311/311 875/310/310 876/312/312
f  877/311/311 878/312/312 879/313/313
f  880/313/313 881/312/312 882/314/314
f  883/313/313 884/314/314 885/315/315
f  886/315/315 887/314/314 888/316/316
f  889/315/315 890/316/316 891/317/317
f  892/317/317 893/316/316 894/318/318
f  895/317/317 896/318/318 897/319/319
f  898/319/319 899/318/318 900/320/320
f  901/319/319 902/320/320 903/321/321
f  904/321/321 905/320/320 906/322/322
f  907/321/321 908/322/322 909/323/323
f  910/323/323 911/322/322 912/324/324
f  913/323/323 914/324/324 915/325/325
f  916/325/325 917/324/324 918/326/326
f  919/325/325 920/326/326 921/327/327
f  922/327/327 923/326/326 924/328/328
f  925/327/327 926/328/328 927/329/329
f  928/329/329 929/328/328 930/330/330
f  931/329/329 932/330/330 933/331/331
f  934/331/331 935/330/330 936/332/332
f  937/331/331 938/332/332 939/333/333
f  940/333/333 941/332/332 942/334/334
f  943/333/333 944/334/334 945/335/335
f  946/335/335 947/334/334 948/336/336
f  949/335/335 950/336/336 951/337/337
f  952/335/335 953/337/337 954/338/338
f  955/338/338 956/337/337 957/339/339
f  958/338/338 959/339/339 960/340/340
f  961/340/340 962/339/339 963/341/341
f  964/340/340 965/341/341 966/342/342
f  967/342/342 968/341/341 969/343/343
f  970/342/342 971/343/343 972/344/344
f  973/344/344 974/343/343 975/345/345
f  976/344/344 977/345/345 978/346/346
f  979/346/346 980/345/345 981/347/347
f  982/346/346 983/347/347 984/348/348
f  985/348/348 986/347/347 987/349/349
f  988/348/348 989/349/349 990/350/350
f  991/350/350 992/349/349 993/351/351
f  994/350/350 995/351/351 996/352/352
f  997/352/352 998/351/351 999/353/353
f  1000/352/352 1001/353/353 1002/354/354
f  1003/354/354 1004/353/353 1005/355/355
f  1006/354/354 1007/355/355 1008/356/356
f  1009/356/356 1010/355/355 1011/357/357
f  1012/356/356 1013/357/357 1014/358/358
f  1015/358/358 1016/357/357 1017/359/359
f  1018/358/358 1019/359/359 1020/360/360
f  1021/360/360 1022/359/359 1023/361/361
f  1024/360/360 1025/361/361 1026/362/362
f  1027/362/362 1028/361/361 1029/363/363
f  1030/362/362 1031/363/363 1032/364/364
f  1033/364/364 1034/363/363 1035/365/365
f  1036/364/364 1037/365/365 1038/366/366
f  1039/366/366 1040/365/365 1041/367/367
f  1042/366/366 1043/367/367 1044/368/368
f  1045/368/368 1046/367/367 1047/369/369
f  1048/368/368 1049/369/369 1050/370/370
f  1051/370/370 1052/369/369 1053/371/371
f  1054/370/370 1055/371/371 1056/372/372
f  1057/372/372 1058/371/371 1059/373/373
f  1060/372/372 1061/373/373 1062/374/374
f  1063/374/374 1064/373/373 1065/375/375
f  1066/374/374 1067/375/375 1068/376/376
f  1069/376/376 1070/375/375 1071/377/377
f  1072/376/376 1073/377/377 1074/284/284
f  1075/284/284 1076/377/377 1077/378/378
f  1078/284/284 1079/378/378 1080/286/286
f  1081/379/379 1082/380/380 1083/381/381
f  1084/380/380 1085/379/379 1086/382/382
f  1087/382/382 1088/379/379 1089/383/383
f  1090/382/382 1091/383/383 1092/384/384
f  1093/381/381 1094/385/385 1095/379/379
f  1096/379/379 1097/385/385 1098/386/386
f  1099/379/379 1100/386/386 1101/387/387
f  1102/388/388 1103/389/389 1104/384/384
f  1105/384/384 1106/389/389 1107/390/390
f  1108/390/390 1109/389/389 1110/391/391
f  1111/390/390 1112/391/391 1113/392/392
f  1114/392/392 1115/391/391 1116/393/393
f  1117/392/392 1118/393/393 1119/394/394
f  1120/394/394 1121/393/393 1122/395/395
f  1123/394/394 1124/395/395 1125/396/396
f  1126/396/396 1127/395/395 1128/397/397
f  1129/396/396 1130/397/397 1131/398/398
f  1132/398/398 1133/397/397 1134/399/399
f  1135/398/398 1136/399/399 1137/400/400
f  1138/400/400 1139/399/399 1140/401/401
f  1141/400/400 1142/401/401 1143/402/402
f  1144/402/402 1145/401/401 1146/403/403
f  1147/402/402 1148/403/403 1149/404/404
f  1150/404/404 1151/403/403 1152/405/405
f  1153/404/404 1154/405/405 1155/406/406
f  1156/406/406 1157/405/405 1158/407/407
f  1159/406/406 1160/407/407 1161/408/408
f  1162/408/408 1163/407/407 1164/409/409
f  1165/408/408 1166/409/409 1167/410/410
f  1168/410/410 1169/409/409 1170/411/411
f  1171/410/410 1172/411/411 1173/412/412
f  1174/412/412 1175/411/411 1176/413/413
f  1177/412/412 1178/413/413 1179/414/414
f  1180/414/414 1181/413/413 1182/415/415
f  1183/414/414 1184/415/415 1185/416/416
f  1186/417/417 1187/418/418 1188/419/419
f  1189/417/417 1190/419/419 1191/420/420
f  1192/420/420 1193/419/419 1194/421/421
f  1195/420/420 1196/421/421 1197/422/422
f  1198/422/422 1199/421/421 1200/423/423
f  1201/422/422 1202/423/423 1203/424/424
f  1204/424/424 1205/423/423 1206/425/425
f  1207/424/424 1208/425/425 1209/426/426
f  1210/426/426 1211/425/425 1212/427/427
f  1213/426/426 1214/427/427 1215/428/428
f  1216/428/428 1217/427/427 1218/429/429
f  1219/428/428 1220/429/429 1221/430/430
f  1222/430/430 1223/429/429 1224/431/431
f  1225/430/430 1226/431/431 1227/432/432
f  1228/432/432 1229/431/431 1230/433/433
f  1231/432/432 1232/433/433 1233/434/434
f  1234/384/384 1235/383/383 1236/388/388
f  1237/388/388 1238/383/383 1239/435/435
f  1240/388/388 1241/435/435 1242/436/436
f  1243/436/436 1244/435/435 1245/437/437
f  1246/436/436 1247/437/437 1248/438/438
f  1249/438/438 1250/437/437 1251/439/439
f  1252/438/438 1253/439/439 1254/440/440
f  1255/440/440 1256/439/439 1257/441/441
f  1258/440/440 1259/441/441 1260/442/442
f  1261/442/442 1262/441/441 1263/443/443
f  1264/442/442 1265/443/443 1266/444/444
f  1267/444/444 1268/443/443 1269/445/445
f  1270/444/444 1271/445/445 1272/446/446
f  1273/446/446 1274/445/445 1275/447/447
f  1276/446/446 1277/447/447 1278/448/448
f  1279/448/448 1280/447/447 1281/449/449
f  1282/448/448 1283/449/449 1284/450/450
f  1285/450/450 1286/449/449 1287/451/451
f  1288/450/450 1289/451/451 1290/452/452
f  1291/452/452 1292/451/451 1293/453/453
f  1294/452/452 1295/453/453 1296/454/454
f  1297/454/454 1298/453/453 1299/455/455
f  1300/454/454 1301/455/455 1302/456/456
f  1303/456/456 1304/455/455 1305/457/457
f  1306/456/456 1307/457/457 1308/458/458
f  1309/458/458 1310/457/457 1311/459/459
f  1312/458/458 1313/459/459 1314/460/460
f  1315/460/460 1316/459/459 1317/461/461
f  1318/460/460 1319/461/461 1320/462/462
f  1321/462/462 1322/461/461 1323/463/463
f  1324/462/462 1325/463/463 1326/464/464
f  1327/465/465 1328/466/466 1329/467/467
f  1330/465/465 1331/467/467 1332/468/468
f  1333/468/468 1334/467/467 1335/469/469
f  1336/468/468 1337/469/469 1338/470/470
f  1339/470/470 1340/469/469 1341/471/471
f  1342/470/470 1343/471/471 1344/472/472
f  1345/472/472 1346/471/471 1347/473/473
f  1348/472/472 1349/473/473 1350/474/474
f  1351/474/474 1352/473/473 1353/475/475
f  1354/474/474 1355/475/475 1356/476/476
f  1357/476/476 1358/475/475 1359/477/477
f  1360/476/476 1361/477/477 1362/478/478
f  1363/478/478 1364/477/477 1365/479/479
f  1366/478/478 1367/479/479 1368/480/480
f  1369/480/480 1370/479/479 1371/481/481
f  1372/480/480 1373/481/481 1374/482/482
f  1375/483/483 1376/484/484 1377/485/485
f  1378/486/486 1379/487/487 1380/488/488
f  1381/486/486 1382/489/489 1383/487/487
f  1384/487/487 1385/489/489 1386/490/490
f  1387/487/487 1388/490/490 1389/491/491
f  1390/491/491 1391/492/492 1392/487/487
f  1393/487/487 1394/492/492 1395/493/493
f  1396/487/487 1397/493/493 1398/494/494
f  1399/495/495 1400/496/496 1401/497/497
f  1402/495/495 1403/497/497 1404/498/498
f  1405/499/499 1406/500/500 1407/485/485
f  1408/485/485 1409/500/500 1410/501/501
f  1411/485/485 1412/501/501 1413/483/483
f  1414/494/494 1415/502/502 1416/487/487
f  1417/487/487 1418/502/502 1419/503/503
f  1420/487/487 1421/503/503 1422/496/496
f  1423/487/487 1424/496/496 1425/495/495
f  1426/504/504 1427/505/505 1428/497/497
f  1429/497/497 1430/505/505 1431/498/498
f  1432/506/506 1433/507/507 1434/508/508
f  1435/506/506 1436/508/508 1437/504/504
f  1438/504/504 1439/508/508 1440/505/505
f  1441/509/509 1442/510/510 1443/506/506
f  1444/506/506 1445/510/510 1446/507/507
f  1447/509/509 1448/511/511 1449/512/512
f  1450/511/511 1451/509/509 1452/513/513
f  1453/513/513 1454/509/509 1455/514/514
f  1456/509/509 1457/512/512 1458/510/510
f  1459/515/515 1460/516/516 1461/517/517
f  1462/517/517 1463/516/516 1464/518/518
f  1465/517/517 1466/518/518 1467/485/485
f  1468/516/516 1469/515/515 1470/514/514
f  1471/514/514 1472/515/515 1473/519/519
f  1474/514/514 1475/519/519 1476/513/513
f  1477/499/499 1478/485/485 1479/518/518
f  1480/380/380 1481/382/382 1482/520/520
f  1483/380/380 1484/520/520 1485/521/521
f  1486/521/521 1487/520/520 1488/522/522
f  1489/521/521 1490/522/522 1491/523/523
f  1492/523/523 1493/522/522 1494/524/524
f  1495/523/523 1496/524/524 1497/525/525
f  1498/525/525 1499/524/524 1500/526/526
f  1501/526/526 1502/524/524 1503/527/527
f  1504/527/527 1505/528/528 1506/526/526
f  1507/529/529 1508/530/530 1509/528/528
f  1510/529/529 1511/528/528 1512/527/527
f  1513/530/530 1514/529/529 1515/531/531
f  1516/530/530 1517/531/531 1518/532/532
f  1519/533/533 1520/534/534 1521/535/535
f  1522/533/533 1523/535/535 1524/536/536
f  1525/536/536 1526/535/535 1527/537/537
f  1528/536/536 1529/537/537 1530/538/538
f  1531/538/538 1532/537/537 1533/539/539
f  1534/538/538 1535/539/539 1536/540/540
f  1537/541/541 1538/540/540 1539/539/539
f  1540/542/542 1541/543/543 1542/541/541
f  1543/541/541 1544/543/543 1545/540/540
f  1546/543/543 1547/542/542 1548/544/544
f  1549/544/544 1550/542/542 1551/545/545
f  1552/544/544 1553/545/545 1554/546/546
f  1555/546/546 1556/545/545 1557/547/547
f  1558/546/546 1559/547/547 1560/548/548
f  1561/549/549 1562/544/544 1563/546/546
f  1564/549/549 1565/546/546 1566/548/548
f  1567/550/550 1568/543/543 1569/549/549
f  1570/549/549 1571/543/543 1572/544/544
f  1573/551/551 1574/536/536 1575/538/538
f  1576/538/538 1577/540/540 1578/551/551
f  1579/551/551 1580/540/540 1581/550/550
f  1582/550/550 1583/540/540 1584/543/543
f  1585/552/552 1586/553/553 1587/554/554
f  1588/555/555 1589/554/554 1590/553/553
f  1591/553/553 1592/552/552 1593/556/556
f  1594/556/556 1595/557/557 1596/553/553
f  1597/557/557 1598/558/558 1599/559/559
f  1600/558/558 1601/533/533 1602/559/559
f  1603/559/559 1604/533/533 1605/551/551
f  1606/551/551 1607/533/533 1608/536/536
f  1609/555/555 1610/560/560 1611/561/561
f  1612/555/555 1613/561/561 1614/554/554
f  1615/557/557 1616/559/559 1617/553/553
f  1618/553/553 1619/559/559 1620/562/562
f  1621/553/553 1622/562/562 1623/563/563
f  1624/563/563 1625/562/562 1626/564/564
f  1627/563/563 1628/564/564 1629/565/565
f  1630/565/565 1631/564/564 1632/566/566
f  1633/566/566 1634/564/564 1635/567/567
f  1636/566/566 1637/567/567 1638/568/568
f  1639/568/568 1640/567/567 1641/569/569
f  1642/569/569 1643/567/567 1644/570/570
f  1645/569/569 1646/570/570 1647/571/571
f  1648/571/571 1649/570/570 1650/572/572
f  1651/572/572 1652/570/570 1653/573/573
f  1654/572/572 1655/573/573 1656/574/574
f  1657/574/574 1658/573/573 1659/575/575
f  1660/575/575 1661/573/573 1662/576/576
f  1663/575/575 1664/576/576 1665/577/577
f  1666/577/577 1667/576/576 1668/578/578
f  1669/578/578 1670/576/576 1671/579/579
f  1672/578/578 1673/579/579 1674/580/580
f  1675/580/580 1676/579/579 1677/581/581
f  1678/581/581 1679/579/579 1680/582/582
f  1681/581/581 1682/582/582 1683/583/583
f  1684/583/583 1685/582/582 1686/584/584
f  1687/584/584 1688/582/582 1689/585/585
f  1690/584/584 1691/585/585 1692/586/586
f  1693/586/586 1694/585/585 1695/587/587
f  1696/587/587 1697/585/585 1698/588/588
f  1699/587/587 1700/588/588 1701/589/589
f  1702/589/589 1703/588/588 1704/590/590
f  1705/590/590 1706/588/588 1707/591/591
f  1708/590/590 1709/591/591 1710/592/592
f  1711/592/592 1712/591/591 1713/593/593
f  1714/593/593 1715/591/591 1716/594/594
f  1717/593/593 1718/594/594 1719/595/595
f  1720/595/595 1721/594/594 1722/596/596
f  1723/596/596 1724/594/594 1725/597/597
f  1726/596/596 1727/597/597 1728/598/598
f  1729/598/598 1730/597/597 1731/599/599
f  1732/599/599 1733/597/597 1734/600/600
f  1735/599/599 1736/600/600 1737/601/601
f  1738/601/601 1739/600/600 1740/602/602
f  1741/602/602 1742/600/600 1743/603/603
f  1744/602/602 1745/603/603 1746/604/604
f  1747/604/604 1748/603/603 1749/605/605
f  1750/605/605 1751/603/603 1752/606/606
f  1753/605/605 1754/606/606 1755/607/607
f  1756/607/607 1757/606/606 1758/608/608
f  1759/608/608 1760/606/606 1761/609/609
f  1762/608/608 1763/609/609 1764/610/610
f  1765/610/610 1766/609/609 1767/611/611
f  1768/611/611 1769/609/609 1770/612/612
f  1771/611/611 1772/612/612 1773/613/613
f  1774/613/613 1775/612/612 1776/614/614
f  1777/614/614 1778/612/612 1779/615/615
f  1780/614/614 1781/615/615 1782/616/616
f  1783/616/616 1784/615/615 1785/617/617
f  1786/617/617 1787/615/615 1788/618/618
f  1789/617/617 1790/618/618 1791/619/619
f  1792/619/619 1793/618/618 1794/620/620
f  1795/620/620 1796/618/618 1797/621/621
f  1798/620/620 1799/621/621 1800/622/622
f  1801/622/622 1802/621/621 1803/623/623
f  1804/623/623 1805/621/621 1806/624/624
f  1807/623/623 1808/624/624 1809/625/625
f  1810/625/625 1811/624/624 1812/626/626
f  1813/626/626 1814/624/624 1815/627/627
f  1816/626/626 1817/627/627 1818/628/628
f  1819/628/628 1820/627/627 1821/629/629
f  1822/629/629 1823/627/627 1824/630/630
f  1825/629/629 1826/630/630 1827/631/631
f  1828/631/631 1829/630/630 1830/632/632
f  1831/632/632 1832/630/630 1833/633/633
f  1834/632/632 1835/633/633 1836/634/634
f  1837/634/634 1838/633/633 1839/635/635
f  1840/635/635 1841/633/633 1842/636/636
f  1843/635/635 1844/636/636 1845/637/637
f  1846/637/637 1847/636/636 1848/638/638
f  1849/638/638 1850/636/636 1851/639/639
f  1852/638/638 1853/639/639 1854/640/640
f  1855/640/640 1856/639/639 1857/641/641
f  1858/641/641 1859/639/639 1860/642/642
f  1861/641/641 1862/642/642 1863/643/643
f  1864/643/643 1865/642/642 1866/644/644
f  1867/644/644 1868/642/642 1869/645/645
f  1870/644/644 1871/645/645 1872/646/646
f  1873/647/647 1874/648/648 1875/649/649
f  1876/650/650 1877/645/645 1878/651/651
f  1879/650/650 1880/651/651 1881/652/652
f  1882/653/653 1883/654/654 1884/655/655
f  1885/656/656 1886/651/651 1887/657/657
f  1888/656/656 1889/657/657 1890/658/658
f  1891/659/659 1892/660/660 1893/661/661
f  1894/662/662 1895/657/657 1896/663/663
f  1897/662/662 1898/663/663 1899/664/664
f  1900/664/664 1901/663/663 1902/665/665
f  1903/665/665 1904/663/663 1905/666/666
f  1906/665/665 1907/666/666 1908/667/667
f  1909/667/667 1910/666/666 1911/668/668
f  1912/668/668 1913/666/666 1914/669/669
f  1915/668/668 1916/669/669 1917/670/670
f  1918/670/670 1919/669/669 1920/671/671
f  1921/671/671 1922/669/669 1923/672/672
f  1924/671/671 1925/672/672 1926/673/673
f  1927/673/673 1928/672/672 1929/674/674
f  1930/674/674 1931/672/672 1932/675/675
f  1933/674/674 1934/675/675 1935/676/676
f  1936/676/676 1937/675/675 1938/677/677
f  1939/677/677 1940/675/675 1941/678/678
f  1942/677/677 1943/678/678 1944/679/679
f  1945/679/679 1946/678/678 1947/680/680
f  1948/680/680 1949/678/678 1950/681/681
f  1951/680/680 1952/681/681 1953/682/682
f  1954/682/682 1955/681/681 1956/683/683
f  1957/683/683 1958/681/681 1959/684/684
f  1960/683/683 1961/684/684 1962/685/685
f  1963/686/686 1964/687/687 1965/688/688
f  1966/689/689 1967/684/684 1968/690/690
f  1969/689/689 1970/690/690 1971/691/691
f  1972/692/692 1973/693/693 1974/694/694
f  1975/695/695 1976/690/690 1977/696/696
f  1978/695/695 1979/696/696 1980/697/697
f  1981/698/698 1982/699/699 1983/700/700
f  1984/701/701 1985/696/696 1986/702/702
f  1987/701/701 1988/702/702 1989/703/703
f  1990/703/703 1991/702/702 1992/704/704
f  1993/703/703 1994/704/704 1995/705/705
f  1996/705/705 1997/704/704 1998/706/706
f  1999/706/706 2000/704/704 2001/707/707
f  2002/706/706 2003/707/707 2004/708/708
f  2005/708/708 2006/707/707 2007/709/709
f  2008/709/709 2009/707/707 2010/710/710
f  2011/709/709 2012/710/710 2013/711/711
f  2014/711/711 2015/710/710 2016/712/712
f  2017/148/148 2018/713/713 2019/714/714
f  2020/714/714 2021/713/713 2022/715/715
f  2023/711/711 2024/712/712 2025/716/716
f  2026/716/716 2027/712/712 2028/717/717
f  2029/716/716 2030/717/717 2031/718/718
f  2032/718/718 2033/717/717 2034/719/719
f  2035/719/719 2036/717/717 2037/714/714
f  2038/719/719 2039/714/714 2040/720/720
f  2041/720/720 2042/714/714 2043/715/715
f  2044/720/720 2045/715/715 2046/721/721
f  2047/720/720 2048/721/721 2049/722/722
f  2050/722/722 2051/723/723 2052/720/720
f  2053/720/720 2054/723/723 2055/724/724
f  2056/724/724 2057/725/725 2058/720/720
f  2059/726/726 2060/143/143 2061/727/727
f  2062/143/143 2063/145/145 2064/727/727
f  2065/727/727 2066/145/145 2067/146/146
f  2068/727/727 2069/146/146 2070/714/714
f  2071/714/714 2072/146/146 2073/148/148
f  2074/726/726 2075/139/139 2076/141/141
f  2077/726/726 2078/141/141 2079/143/143
f  2080/135/135 2081/137/137 2082/728/728
f  2083/137/137 2084/139/139 2085/728/728
f  2086/728/728 2087/139/139 2088/726/726
f  2089/729/729 2090/730/730 2091/731/731
f  2092/729/729 2093/731/731 2094/732/732
f  2095/729/729 2096/733/733 2097/734/734
f  2098/729/729 2099/732/732 2100/735/735
f  2101/729/729 2102/736/736 2103/737/737
f  2104/730/730 2105/729/729 2106/738/738
f  2107/730/730 2108/738/738 2109/739/739
f  2110/730/730 2111/739/739 2112/740/740
f  2113/730/730 2114/741/741 2115/742/742
f  2116/735/735 2117/743/743 2118/729/729
f  2119/729/729 2120/743/743 2121/733/733
f  2122/734/734 2123/736/736 2124/729/729
f  2125/729/729 2126/737/737 2127/744/744
f  2128/745/745 2129/746/746 2130/744/744
f  2131/744/744 2132/747/747 2133/729/729
f  2134/730/730 2135/740/740 2136/741/741
f  2137/748/748 2138/741/741 2139/749/749
f  2140/741/741 2141/748/748 2142/742/742
f  2143/750/750 2144/751/751 2145/745/745
f  2146/750/750 2147/745/745 2148/744/744
f  2149/746/746 2150/747/747 2151/744/744
f  2152/752/752 2153/753/753 2154/754/754
f  2155/755/755 2156/756/756 2157/757/757
f  2158/755/755 2159/757/757 2160/758/758
f  2161/755/755 2162/758/758 2163/759/759
f  2164/760/760 2165/761/761 2166/762/762
f  2167/762/762 2168/761/761 2169/763/763
f  2170/762/762 2171/763/763 2172/764/764
f  2173/762/762 2174/764/764 2175/765/765
f  2176/765/765 2177/764/764 2178/766/766
f  2179/767/767 2180/768/768 2181/769/769
f  2182/770/770 2183/771/771 2184/772/772
f  2185/770/770 2186/772/772 2187/773/773
f  2188/770/770 2189/773/773 2190/774/774
f  2191/775/775 2192/776/776 2193/777/777
f  2194/777/777 2195/776/776 2196/778/778
f  2197/778/778 2198/776/776 2199/779/779
f  2200/778/778 2201/779/779 2202/753/753
f  2203/753/753 2204/779/779 2205/754/754
f  2206/752/752 2207/754/754 2208/780/780
f  2209/752/752 2210/780/780 2211/781/781
f  2212/781/781 2213/780/780 2214/782/782
f  2215/782/782 2216/780/780 2217/783/783
f  2218/782/782 2219/783/783 2220/784/784
f  2221/784/784 2222/783/783 2223/785/785
f  2224/784/784 2225/785/785 2226/786/786
f  2227/786/786 2228/785/785 2229/756/756
f  2230/756/756 2231/785/785 2232/787/787
f  2233/756/756 2234/787/787 2235/757/757
f  2236/759/759 2237/758/758 2238/788/788
f  2239/759/759 2240/788/788 2241/789/789
f  2242/789/789 2243/788/788 2244/760/760
f  2245/760/760 2246/788/788 2247/790/790
f  2248/760/760 2249/790/790 2250/761/761
f  2251/765/765 2252/766/766 2253/791/791
f  2254/765/765 2255/791/791 2256/792/792
f  2257/792/792 2258/791/791 2259/793/793
f  2260/793/793 2261/791/791 2262/794/794
f  2263/793/793 2264/794/794 2265/795/795
f  2266/795/795 2267/794/794 2268/796/796
f  2269/796/796 2270/794/794 2271/797/797
f  2272/796/796 2273/797/797 2274/798/798
f  2275/798/798 2276/797/797 2277/799/799
f  2278/799/799 2279/797/797 2280/800/800
f  2281/799/799 2282/800/800 2283/801/801
f  2284/801/801 2285/800/800 2286/802/802
f  2287/801/801 2288/802/802 2289/803/803
f  2290/803/803 2291/802/802 2292/804/804
f  2293/804/804 2294/802/802 2295/805/805
f  2296/804/804 2297/805/805 2298/806/806
f  2299/806/806 2300/805/805 2301/807/807
f  2302/806/806 2303/807/807 2304/808/808
f  2305/808/808 2306/807/807 2307/809/809
f  2308/809/809 2309/807/807 2310/810/810
f  2311/809/809 2312/810/810 2313/811/811
f  2314/811/811 2315/810/810 2316/812/812
f  2317/811/811 2318/812/812 2319/813/813
f  2320/813/813 2321/812/812 2322/814/814
f  2323/814/814 2324/812/812 2325/815/815
f  2326/814/814 2327/815/815 2328/816/816
f  2329/816/816 2330/815/815 2331/817/817
f  2332/817/817 2333/815/815 2334/818/818
f  2335/817/817 2336/818/818 2337/819/819
f  2338/819/819 2339/818/818 2340/820/820
f  2341/820/820 2342/818/818 2343/821/821
f  2344/820/820 2345/821/821 2346/822/822
f  2347/822/822 2348/821/821 2349/823/823
f  2350/822/822 2351/823/823 2352/768/768
f  2353/768/768 2354/823/823 2355/769/769
f  2356/767/767 2357/769/769 2358/824/824
f  2359/767/767 2360/824/824 2361/825/825
f  2362/825/825 2363/824/824 2364/826/826
f  2365/826/826 2366/824/824 2367/827/827
f  2368/826/826 2369/827/827 2370/771/771
f  2371/771/771 2372/827/827 2373/772/772
f  2374/774/774 2375/773/773 2376/828/828
f  2377/774/774 2378/828/828 2379/829/829
f  2380/829/829 2381/828/828 2382/830/830
f  2383/830/830 2384/828/828 2385/831/831
f  2386/830/830 2387/831/831 2388/832/832
f  2389/832/832 2390/831/831 2391/833/833
f  2392/833/833 2393/831/831 2394/834/834
f  2395/833/833 2396/834/834 2397/835/835
f  2398/835/835 2399/834/834 2400/836/836
f  2401/836/836 2402/834/834 2403/837/837
f  2404/836/836 2405/837/837 2406/838/838
f  2407/838/838 2408/837/837 2409/839/839
f  2410/839/839 2411/837/837 2412/840/840
f  2413/839/839 2414/840/840 2415/841/841
f  2416/841/841 2417/840/840 2418/842/842
f  2419/842/842 2420/840/840 2421/843/843
f  2422/842/842 2423/843/843 2424/844/844
f  2425/844/844 2426/843/843 2427/845/845
f  2428/754/754 2429/779/779 2430/846/846
f  2431/754/754 2432/846/846 2433/780/780
f  2434/757/757 2435/787/787 2436/847/847
f  2437/757/757 2438/847/847 2439/758/758
f  2440/758/758 2441/847/847 2442/848/848
f  2443/758/758 2444/848/848 2445/788/788
f  2446/761/761 2447/790/790 2448/849/849
f  2449/761/761 2450/849/849 2451/763/763
f  2452/763/763 2453/849/849 2454/850/850
f  2455/763/763 2456/850/850 2457/764/764
f  2458/764/764 2459/850/850 2460/851/851
f  2461/764/764 2462/851/851 2463/766/766
f  2464/766/766 2465/851/851 2466/852/852
f  2467/766/766 2468/852/852 2469/791/791
f  2470/769/769 2471/823/823 2472/853/853
f  2473/769/769 2474/853/853 2475/824/824
f  2476/772/772 2477/827/827 2478/854/854
f  2479/772/772 2480/854/854 2481/773/773
f  2482/773/773 2483/854/854 2484/855/855
f  2485/773/773 2486/855/855 2487/828/828
f  2488/776/776 2489/856/856 2490/857/857
f  2491/776/776 2492/857/857 2493/779/779
f  2494/779/779 2495/857/857 2496/858/858
f  2497/779/779 2498/858/858 2499/846/846
f  2500/780/780 2501/846/846 2502/859/859
f  2503/780/780 2504/859/859 2505/783/783
f  2506/783/783 2507/859/859 2508/785/785
f  2509/785/785 2510/859/859 2511/860/860
f  2512/785/785 2513/860/860 2514/787/787
f  2515/787/787 2516/860/860 2517/861/861
f  2518/787/787 2519/861/861 2520/847/847
f  2521/788/788 2522/848/848 2523/862/862
f  2524/788/788 2525/862/862 2526/790/790
f  2527/790/790 2528/862/862 2529/863/863
f  2530/790/790 2531/863/863 2532/849/849
f  2533/791/791 2534/852/852 2535/864/864
f  2536/791/791 2537/864/864 2538/794/794
f  2539/794/794 2540/864/864 2541/865/865
f  2542/794/794 2543/865/865 2544/866/866
f  2545/794/794 2546/866/866 2547/797/797
f  2548/797/797 2549/866/866 2550/867/867
f  2551/797/797 2552/867/867 2553/800/800
f  2554/800/800 2555/867/867 2556/802/802
f  2557/802/802 2558/867/867 2559/868/868
f  2560/802/802 2561/868/868 2562/805/805
f  2563/805/805 2564/868/868 2565/869/869
f  2566/805/805 2567/869/869 2568/807/807
f  2569/807/807 2570/869/869 2571/870/870
f  2572/807/807 2573/870/870 2574/810/810
f  2575/810/810 2576/870/870 2577/812/812
f  2578/812/812 2579/870/870 2580/871/871
f  2581/812/812 2582/871/871 2583/872/872
f  2584/812/812 2585/872/872 2586/815/815
f  2587/815/815 2588/872/872 2589/873/873
f  2590/815/815 2591/873/873 2592/818/818
f  2593/818/818 2594/873/873 2595/874/874
f  2596/818/818 2597/874/874 2598/821/821
f  2599/821/821 2600/874/874 2601/823/823
f  2602/823/823 2603/874/874 2604/875/875
f  2605/823/823 2606/875/875 2607/853/853
f  2608/824/824 2609/853/853 2610/876/876
f  2611/824/824 2612/876/876 2613/827/827
f  2614/827/827 2615/876/876 2616/877/877
f  2617/827/827 2618/877/877 2619/854/854
f  2620/828/828 2621/855/855 2622/878/878
f  2623/828/828 2624/878/878 2625/831/831
f  2626/831/831 2627/878/878 2628/879/879
f  2629/831/831 2630/879/879 2631/834/834
f  2632/834/834 2633/879/879 2634/880/880
f  2635/834/834 2636/880/880 2637/837/837
f  2638/837/837 2639/880/880 2640/881/881
f  2641/837/837 2642/881/881 2643/840/840
f  2644/840/840 2645/881/881 2646/882/882
f  2647/840/840 2648/882/882 2649/843/843
f  2650/843/843 2651/882/882 2652/883/883
f  2653/843/843 2654/883/883 2655/845/845
f  2656/846/846 2657/858/858 2658/884/884
f  2659/850/850 2660/849/849 2661/851/851
f  2662/852/852 2663/851/851 2664/864/864
f  2665/853/853 2666/875/875 2667/885/885
f  2668/856/856 2669/886/886 2670/857/857
f  2671/857/857 2672/886/886 2673/887/887
f  2674/857/857 2675/887/887 2676/858/858
f  2677/858/858 2678/887/887 2679/884/884
f  2680/846/846 2681/884/884 2682/888/888
f  2683/846/846 2684/888/888 2685/859/859
f  2686/859/859 2687/888/888 2688/889/889
f  2689/859/859 2690/889/889 2691/860/860
f  2692/860/860 2693/889/889 2694/890/890
f  2695/860/860 2696/890/890 2697/861/861
f  2698/861/861 2699/890/890 2700/891/891
f  2701/861/861 2702/891/891 2703/847/847
f  2704/847/847 2705/891/891 2706/892/892
f  2707/847/847 2708/892/892 2709/848/848
f  2710/848/848 2711/892/892 2712/862/862
f  2713/862/862 2714/892/892 2715/893/893
f  2716/862/862 2717/893/893 2718/894/894
f  2719/862/862 2720/894/894 2721/863/863
f  2722/863/863 2723/894/894 2724/849/849
f  2725/849/849 2726/894/894 2727/895/895
f  2728/849/849 2729/895/895 2730/896/896
f  2731/849/849 2732/896/896 2733/851/851
f  2734/851/851 2735/896/896 2736/897/897
f  2737/851/851 2738/897/897 2739/864/864
f  2740/864/864 2741/897/897 2742/898/898
f  2743/864/864 2744/898/898 2745/865/865
f  2746/865/865 2747/898/898 2748/899/899
f  2749/865/865 2750/899/899 2751/866/866
f  2752/866/866 2753/899/899 2754/900/900
f  2755/866/866 2756/900/900 2757/867/867
f  2758/867/867 2759/900/900 2760/901/901
f  2761/867/867 2762/901/901 2763/868/868
f  2764/868/868 2765/901/901 2766/902/902
f  2767/868/868 2768/902/902 2769/869/869
f  2770/869/869 2771/902/902 2772/903/903
f  2773/869/869 2774/903/903 2775/870/870
f  2776/870/870 2777/903/903 2778/904/904
f  2779/870/870 2780/904/904 2781/871/871
f  2782/871/871 2783/904/904 2784/905/905
f  2785/871/871 2786/905/905 2787/872/872
f  2788/872/872 2789/905/905 2790/906/906
f  2791/872/872 2792/906/906 2793/873/873
f  2794/873/873 2795/906/906 2796/907/907
f  2797/873/873 2798/907/907 2799/874/874
f  2800/874/874 2801/907/907 2802/908/908
f  2803/874/874 2804/908/908 2805/875/875
f  2806/875/875 2807/908/908 2808/885/885
f  2809/853/853 2810/885/885 2811/909/909
f  2812/853/853 2813/909/909 2814/876/876
f  2815/876/876 2816/909/909 2817/910/910
f  2818/876/876 2819/910/910 2820/877/877
f  2821/877/877 2822/910/910 2823/911/911
f  2824/877/877 2825/911/911 2826/854/854
f  2827/854/854 2828/911/911 2829/912/912
f  2830/854/854 2831/912/912 2832/855/855
f  2833/855/855 2834/912/912 2835/878/878
f  2836/878/878 2837/912/912 2838/913/913
f  2839/878/878 2840/913/913 2841/914/914
f  2842/878/878 2843/914/914 2844/879/879
f  2845/879/879 2846/914/914 2847/915/915
f  2848/879/879 2849/915/915 2850/880/880
f  2851/880/880 2852/915/915 2853/916/916
f  2854/880/880 2855/916/916 2856/881/881
f  2857/881/881 2858/916/916 2859/917/917
f  2860/881/881 2861/917/917 2862/882/882
f  2863/882/882 2864/917/917 2865/883/883
f  2866/883/883 2867/917/917 2868/918/918
f  2869/883/883 2870/918/918 2871/919/919
f  2872/887/887 2873/886/886 2874/920/920
f  2875/887/887 2876/920/920 2877/884/884
f  2878/884/884 2879/920/920 2880/888/888
f  2881/889/889 2882/888/888 2883/921/921
f  2884/889/889 2885/921/921 2886/890/890
f  2887/890/890 2888/921/921 2889/891/891
f  2890/891/891 2891/921/921 2892/922/922
f  2893/891/891 2894/922/922 2895/892/892
f  2896/892/892 2897/922/922 2898/893/893
f  2899/894/894 2900/893/893 2901/923/923
f  2902/894/894 2903/923/923 2904/895/895
f  2905/895/895 2906/923/923 2907/924/924
f  2908/895/895 2909/924/924 2910/896/896
f  2911/896/896 2912/924/924 2913/897/897
f  2914/898/898 2915/897/897 2916/925/925
f  2917/898/898 2918/925/925 2919/899/899
f  2920/900/900 2921/899/899 2922/926/926
f  2923/900/900 2924/926/926 2925/901/901
f  2926/901/901 2927/926/926 2928/902/902
f  2929/902/902 2930/926/926 2931/927/927
f  2932/902/902 2933/927/927 2934/903/903
f  2935/903/903 2936/927/927 2937/928/928
f  2938/903/903 2939/928/928 2940/904/904
f  2941/904/904 2942/928/928 2943/929/929
f  2944/904/904 2945/929/929 2946/905/905
f  2947/905/905 2948/929/929 2949/930/930
f  2950/905/905 2951/930/930 2952/906/906
f  2953/906/906 2954/930/930 2955/931/931
f  2956/906/906 2957/931/931 2958/907/907
f  2959/907/907 2960/931/931 2961/932/932
f  2962/907/907 2963/932/932 2964/908/908
f  2965/908/908 2966/932/932 2967/933/933
f  2968/908/908 2969/933/933 2970/885/885
f  2971/885/885 2972/933/933 2973/909/909
f  2974/909/909 2975/933/933 2976/934/934
f  2977/909/909 2978/934/934 2979/910/910
f  2980/910/910 2981/934/934 2982/935/935
f  2983/910/910 2984/935/935 2985/911/911
f  2986/911/911 2987/935/935 2988/936/936
f  2989/911/911 2990/936/936 2991/912/912
f  2992/912/912 2993/936/936 2994/937/937
f  2995/912/912 2996/937/937 2997/913/913
f  2998/913/913 2999/937/937 3000/914/914
f  3001/914/914 3002/937/937 3003/938/938
f  3004/914/914 3005/938/938 3006/915/915
f  3007/915/915 3008/938/938 3009/939/939
f  3010/915/915 3011/939/939 3012/916/916
f  3013/916/916 3014/939/939 3015/940/940
f  3016/916/916 3017/940/940 3018/917/917
f  3019/917/917 3020/940/940 3021/918/918
f  3022/919/919 3023/918/918 3024/941/941
f  3025/886/886 3026/942/942 3027/943/943
f  3028/886/886 3029/943/943 3030/920/920
f  3031/888/888 3032/920/920 3033/944/944
f  3034/888/888 3035/944/944 3036/921/921
f  3037/921/921 3038/945/945 3039/922/922
f  3040/893/893 3041/922/922 3042/946/946
f  3043/893/893 3044/946/946 3045/923/923
f  3046/897/897 3047/924/924 3048/947/947
f  3049/897/897 3050/947/947 3051/925/925
f  3052/899/899 3053/925/925 3054/948/948
f  3055/899/899 3056/948/948 3057/926/926
f  3058/926/926 3059/949/949 3060/927/927
f  3061/931/931 3062/930/930 3063/950/950
f  3064/933/933 3065/932/932 3066/951/951
f  3067/937/937 3068/936/936 3069/952/952
f  3070/940/940 3071/939/939 3072/953/953
f  3073/918/918 3074/940/940 3075/954/954
f  3076/918/918 3077/954/954 3078/941/941
f  3079/920/920 3080/943/943 3081/743/743
f  3082/920/920 3083/743/743 3084/944/944
f  3085/921/921 3086/944/944 3087/945/945
f  3088/922/922 3089/945/945 3090/735/735
f  3091/922/922 3092/735/735 3093/946/946
f  3094/923/923 3095/946/946 3096/732/732
f  3097/923/923 3098/732/732 3099/924/924
f  3100/924/924 3101/732/732 3102/955/955
f  3103/924/924 3104/955/955 3105/947/947
f  3106/925/925 3107/947/947 3108/731/731
f  3109/925/925 3110/731/731 3111/948/948
f  3112/926/926 3113/948/948 3114/949/949
f  3115/929/929 3116/928/928 3117/748/748
f  3118/929/929 3119/748/748 3120/930/930
f  3121/931/931 3122/950/950 3123/749/749
f  3124/931/931 3125/749/749 3126/932/932
f  3127/932/932 3128/749/749 3129/951/951
f  3130/933/933 3131/951/951 3132/741/741
f  3133/933/933 3134/741/741 3135/934/934
f  3136/934/934 3137/741/741 3138/740/740
f  3139/934/934 3140/740/740 3141/935/935
f  3142/935/935 3143/740/740 3144/936/936
f  3145/936/936 3146/740/740 3147/739/739
f  3148/936/936 3149/739/739 3150/952/952
f  3151/937/937 3152/952/952 3153/956/956
f  3154/937/937 3155/956/956 3156/938/938
f  3157/938/938 3158/956/956 3159/939/939
f  3160/940/940 3161/953/953 3162/954/954
f  3163/942/942 3164/733/733 3165/943/943
f  3166/943/943 3167/733/733 3168/743/743
f  3169/944/944 3170/743/743 3171/957/957
f  3172/944/944 3173/957/957 3174/945/945
f  3175/945/945 3176/957/957 3177/735/735
f  3178/946/946 3179/735/735 3180/732/732
f  3181/947/947 3182/955/955 3183/731/731
f  3184/731/731 3185/730/730 3186/948/948
f  3187/948/948 3188/730/730 3189/949/949
f  3190/949/949 3191/730/730 3192/742/742
f  3193/949/949 3194/742/742 3195/927/927
f  3196/927/927 3197/742/742 3198/928/928
f  3199/928/928 3200/742/742 3201/748/748
f  3202/930/930 3203/748/748 3204/950/950
f  3205/950/950 3206/748/748 3207/749/749
f  3208/951/951 3209/749/749 3210/741/741
f  3211/952/952 3212/739/739 3213/956/956
f  3214/939/939 3215/956/956 3216/738/738
f  3217/939/939 3218/738/738 3219/953/953
f  3220/953/953 3221/738/738 3222/954/954
f  3223/957/957 3224/743/743 3225/735/735
f  3226/955/955 3227/732/732 3228/731/731
f  3229/956/956 3230/739/739 3231/738/738
f  3232/954/954 3233/738/738 3234/729/729
f  3235/734/734 3236/958/958 3237/736/736
f  3238/737/737 3239/736/736 3240/959/959
f  3241/744/744 3242/960/960 3243/750/750
f  3244/750/750 3245/961/961 3246/751/751
f  3247/745/745 3248/751/751 3249/962/962
f  3250/747/747 3251/963/963 3252/729/729
f  3253/733/733 3254/942/942 3255/734/734
f  3256/734/734 3257/964/964 3258/958/958
f  3259/958/958 3260/965/965 3261/736/736
f  3262/959/959 3263/736/736 3264/966/966
f  3265/737/737 3266/959/959 3267/967/967
f  3268/737/737 3269/967/967 3270/968/968
f  3271/737/737 3272/968/968 3273/744/744
f  3274/744/744 3275/969/969 3276/960/960
f  3277/961/961 3278/750/750 3279/970/970
f  3280/961/961 3281/970/970 3282/971/971
f  3283/961/961 3284/971/971 3285/751/751
f  3286/751/751 3287/971/971 3288/972/972
f  3289/751/751 3290/972/972 3291/973/973
f  3292/751/751 3293/973/973 3294/962/962
f  3295/745/745 3296/962/962 3297/974/974
f  3298/745/745 3299/974/974 3300/975/975
f  3301/745/745 3302/975/975 3303/746/746
f  3304/746/746 3305/975/975 3306/976/976
f  3307/729/729 3308/963/963 3309/977/977
f  3310/729/729 3311/977/977 3312/954/954
f  3313/734/734 3314/942/942 3315/978/978
f  3316/734/734 3317/978/978 3318/964/964
f  3319/958/958 3320/964/964 3321/979/979
f  3322/958/958 3323/979/979 3324/965/965
f  3325/736/736 3326/965/965 3327/980/980
f  3328/736/736 3329/980/980 3330/966/966
f  3331/959/959 3332/966/966 3333/967/967
f  3334/744/744 3335/968/968 3336/981/981
f  3337/744/744 3338/981/981 3339/969/969
f  3340/960/960 3341/969/969 3342/982/982
f  3343/960/960 3344/982/982 3345/983/983
f  3346/960/960 3347/983/983 3348/750/750
f  3349/750/750 3350/983/983 3351/984/984
f  3352/750/750 3353/984/984 3354/970/970
f  3355/962/962 3356/973/973 3357/985/985
f  3358/962/962 3359/985/985 3360/986/986
f  3361/962/962 3362/986/986 3363/974/974
f  3364/974/974 3365/987/987 3366/975/975
f  3367/746/746 3368/976/976 3369/988/988
f  3370/746/746 3371/988/988 3372/747/747
f  3373/747/747 3374/988/988 3375/989/989
f  3376/747/747 3377/989/989 3378/963/963
f  3379/963/963 3380/989/989 3381/990/990
f  3382/963/963 3383/990/990 3384/977/977
f  3385/977/977 3386/990/990 3387/991/991
f  3388/977/977 3389/941/941 3390/954/954
f  3391/942/942 3392/886/886 3393/992/992
f  3394/942/942 3395/992/992 3396/978/978
f  3397/964/964 3398/978/978 3399/993/993
f  3400/964/964 3401/993/993 3402/979/979
f  3403/965/965 3404/979/979 3405/994/994
f  3406/965/965 3407/994/994 3408/980/980
f  3409/966/966 3410/980/980 3411/995/995
f  3412/966/966 3413/995/995 3414/996/996
f  3415/966/966 3416/996/996 3417/967/967
f  3418/967/967 3419/996/996 3420/997/997
f  3421/967/967 3422/997/997 3423/968/968
f  3424/971/971 3425/970/970 3426/998/998
f  3427/971/971 3428/998/998 3429/972/972
f  3430/972/972 3431/998/998 3432/999/999
f  3433/972/972 3434/999/999 3435/973/973
f  3436/975/975 3437/987/987 3438/1000/1000
f  3439/975/975 3440/1000/1000 3441/976/976
f  3442/977/977 3443/991/991 3444/1001/1001
f  3445/977/977 3446/1001/1001 3447/941/941
f  3448/992/992 3449/1002/1002 3450/978/978
f  3451/978/978 3452/1002/1002 3453/1003/1003
f  3454/978/978 3455/1003/1003 3456/993/993
f  3457/993/993 3458/1004/1004 3459/979/979
f  3460/979/979 3461/1004/1004 3462/1005/1005
f  3463/979/979 3464/1005/1005 3465/994/994
f  3466/980/980 3467/994/994 3468/1006/1006
f  3469/980/980 3470/1006/1006 3471/995/995
f  3472/995/995 3473/1007/1007 3474/996/996
f  3475/996/996 3476/1007/1007 3477/1008/1008
f  3478/996/996 3479/1008/1008 3480/997/997
f  3481/997/997 3482/1008/1008 3483/1009/1009
f  3484/997/997 3485/1009/1009 3486/968/968
f  3487/968/968 3488/1009/1009 3489/1010/1010
f  3490/968/968 3491/1010/1010 3492/981/981
f  3493/981/981 3494/1010/1010 3495/1011/1011
f  3496/981/981 3497/1011/1011 3498/969/969
f  3499/969/969 3500/1011/1011 3501/1012/1012
f  3502/969/969 3503/1012/1012 3504/982/982
f  3505/982/982 3506/1012/1012 3507/1013/1013
f  3508/982/982 3509/1013/1013 3510/983/983
f  3511/983/983 3512/1013/1013 3513/1014/1014
f  3514/983/983 3515/1014/1014 3516/984/984
f  3517/984/984 3518/1014/1014 3519/970/970
f  3520/970/970 3521/1014/1014 3522/1015/1015
f  3523/970/970 3524/1015/1015 3525/998/998
f  3526/998/998 3527/1016/1016 3528/999/999
f  3529/973/973 3530/999/999 3531/1017/1017
f  3532/973/973 3533/1017/1017 3534/985/985
f  3535/985/985 3536/1017/1017 3537/1018/1018
f  3538/985/985 3539/1018/1018 3540/986/986
f  3541/986/986 3542/1018/1018 3543/1019/1019
f  3544/986/986 3545/1019/1019 3546/974/974
f  3547/974/974 3548/1019/1019 3549/1020/1020
f  3550/974/974 3551/1020/1020 3552/987/987
f  3553/987/987 3554/1020/1020 3555/1021/1021
f  3556/987/987 3557/1021/1021 3558/1000/1000
f  3559/1000/1000 3560/1022/1022 3561/976/976
f  3562/976/976 3563/1022/1022 3564/1023/1023
f  3565/976/976 3566/1023/1023 3567/988/988
f  3568/988/988 3569/1023/1023 3570/1024/1024
f  3571/988/988 3572/1024/1024 3573/989/989
f  3574/989/989 3575/1024/1024 3576/1025/1025
f  3577/989/989 3578/1025/1025 3579/990/990
f  3580/990/990 3581/1025/1025 3582/1026/1026
f  3583/990/990 3584/1026/1026 3585/991/991
f  3586/991/991 3587/1026/1026 3588/1027/1027
f  3589/991/991 3590/1027/1027 3591/1001/1001
f  3592/1001/1001 3593/919/919 3594/941/941
f  3595/886/886 3596/856/856 3597/992/992
f  3598/992/992 3599/856/856 3600/1028/1028
f  3601/992/992 3602/1028/1028 3603/1002/1002
f  3604/1002/1002 3605/1028/1028 3606/1029/1029
f  3607/1002/1002 3608/1029/1029 3609/1003/1003
f  3610/993/993 3611/1003/1003 3612/1030/1030
f  3613/993/993 3614/1030/1030 3615/1004/1004
f  3616/1004/1004 3617/1030/1030 3618/1031/1031
f  3619/1004/1004 3620/1031/1031 3621/1005/1005
f  3622/1005/1005 3623/1031/1031 3624/1032/1032
f  3625/1005/1005 3626/1032/1032 3627/994/994
f  3628/994/994 3629/1032/1032 3630/1006/1006
f  3631/1006/1006 3632/1032/1032 3633/1033/1033
f  3634/1006/1006 3635/1033/1033 3636/995/995
f  3637/995/995 3638/1033/1033 3639/1034/1034
f  3640/995/995 3641/1034/1034 3642/1007/1007
f  3643/1007/1007 3644/1034/1034 3645/1035/1035
f  3646/1007/1007 3647/1035/1035 3648/1008/1008
f  3649/1008/1008 3650/1035/1035 3651/1036/1036
f  3652/1008/1008 3653/1036/1036 3654/1009/1009
f  3655/1009/1009 3656/1036/1036 3657/1037/1037
f  3658/1009/1009 3659/1037/1037 3660/1010/1010
f  3661/1010/1010 3662/1037/1037 3663/1038/1038
f  3664/1010/1010 3665/1038/1038 3666/1039/1039
f  3667/1010/1010 3668/1039/1039 3669/1011/1011
f  3670/1011/1011 3671/1039/1039 3672/1040/1040
f  3673/1011/1011 3674/1040/1040 3675/1012/1012
f  3676/1012/1012 3677/1040/1040 3678/1041/1041
f  3679/1012/1012 3680/1041/1041 3681/1013/1013
f  3682/1013/1013 3683/1041/1041 3684/1042/1042
f  3685/1013/1013 3686/1042/1042 3687/1014/1014
f  3688/1014/1014 3689/1043/1043 3690/1015/1015
f  3691/1015/1015 3692/1043/1043 3693/1044/1044
f  3694/1015/1015 3695/1044/1044 3696/998/998
f  3697/998/998 3698/1044/1044 3699/1045/1045
f  3700/998/998 3701/1045/1045 3702/1016/1016
f  3703/1016/1016 3704/1045/1045 3705/1046/1046
f  3706/1016/1016 3707/1046/1046 3708/999/999
f  3709/999/999 3710/1046/1046 3711/1047/1047
f  3712/999/999 3713/1047/1047 3714/1017/1017
f  3715/1017/1017 3716/1047/1047 3717/1048/1048
f  3718/1017/1017 3719/1048/1048 3720/1018/1018
f  3721/1018/1018 3722/1048/1048 3723/1049/1049
f  3724/1018/1018 3725/1049/1049 3726/1019/1019
f  3727/1019/1019 3728/1049/1049 3729/1050/1050
f  3730/1019/1019 3731/1050/1050 3732/1051/1051
f  3733/1019/1019 3734/1051/1051 3735/1020/1020
f  3736/1020/1020 3737/1051/1051 3738/1052/1052
f  3739/1020/1020 3740/1052/1052 3741/1021/1021
f  3742/1000/1000 3743/1021/1021 3744/1053/1053
f  3745/1000/1000 3746/1053/1053 3747/1022/1022
f  3748/1022/1022 3749/1053/1053 3750/1054/1054
f  3751/1022/1022 3752/1054/1054 3753/1023/1023
f  3754/1023/1023 3755/1055/1055 3756/1024/1024
f  3757/1024/1024 3758/1055/1055 3759/1056/1056
f  3760/1024/1024 3761/1056/1056 3762/1025/1025
f  3763/1025/1025 3764/1056/1056 3765/1057/1057
f  3766/1025/1025 3767/1057/1057 3768/1026/1026
f  3769/1026/1026 3770/1057/1057 3771/1058/1058
f  3772/1026/1026 3773/1058/1058 3774/1059/1059
f  3775/1026/1026 3776/1059/1059 3777/1027/1027
f  3778/1027/1027 3779/1059/1059 3780/1060/1060
f  3781/1027/1027 3782/1060/1060 3783/1001/1001
f  3784/1001/1001 3785/1060/1060 3786/1061/1061
f  3787/1001/1001 3788/1061/1061 3789/919/919
f  3790/919/919 3791/1061/1061 3792/883/883
f  3793/1003/1003 3794/1029/1029 3795/1030/1030
f  3796/1032/1032 3797/1031/1031 3798/1062/1062
f  3799/1014/1014 3800/1042/1042 3801/1063/1063
f  3802/1014/1014 3803/1063/1063 3804/1043/1043
f  3805/1021/1021 3806/1052/1052 3807/1064/1064
f  3808/1021/1021 3809/1064/1064 3810/1053/1053
f  3811/1023/1023 3812/1054/1054 3813/1065/1065
f  3814/1023/1023 3815/1065/1065 3816/1055/1055
f  3817/856/856 3818/776/776 3819/1028/1028
f  3820/1028/1028 3821/776/776 3822/1066/1066
f  3823/1028/1028 3824/1066/1066 3825/1067/1067
f  3826/1028/1028 3827/1067/1067 3828/1029/1029
f  3829/1030/1030 3830/1029/1029 3831/1068/1068
f  3832/1031/1031 3833/1030/1030 3834/1069/1069
f  3835/1031/1031 3836/1069/1069 3837/1070/1070
f  3838/1031/1031 3839/1070/1070 3840/1062/1062
f  3841/1033/1033 3842/1032/1032 3843/1071/1071
f  3844/1034/1034 3845/1033/1033 3846/1072/1072
f  3847/1034/1034 3848/1072/1072 3849/1035/1035
f  3850/1035/1035 3851/1072/1072 3852/1073/1073
f  3853/1037/1037 3854/1036/1036 3855/1074/1074
f  3856/1037/1037 3857/1074/1074 3858/1038/1038
f  3859/1038/1038 3860/1074/1074 3861/1075/1075
f  3862/1038/1038 3863/1075/1075 3864/1039/1039
f  3865/1039/1039 3866/1075/1075 3867/1076/1076
f  3868/1039/1039 3869/1076/1076 3870/1040/1040
f  3871/1040/1040 3872/1076/1076 3873/1041/1041
f  3874/1041/1041 3875/1076/1076 3876/1077/1077
f  3877/1041/1041 3878/1077/1077 3879/1078/1078
f  3880/1041/1041 3881/1078/1078 3882/1042/1042
f  3883/1042/1042 3884/1078/1078 3885/1079/1079
f  3886/1042/1042 3887/1079/1079 3888/1063/1063
f  3889/1043/1043 3890/1063/1063 3891/1044/1044
f  3892/1044/1044 3893/1063/1063 3894/1080/1080
f  3895/1044/1044 3896/1080/1080 3897/1081/1081
f  3898/1044/1044 3899/1081/1081 3900/1045/1045
f  3901/1045/1045 3902/1081/1081 3903/1046/1046
f  3904/1046/1046 3905/1081/1081 3906/1082/1082
f  3907/1046/1046 3908/1082/1082 3909/1047/1047
f  3910/1047/1047 3911/1082/1082 3912/1083/1083
f  3913/1047/1047 3914/1083/1083 3915/1048/1048
f  3916/1048/1048 3917/1083/1083 3918/1084/1084
f  3919/1048/1048 3920/1084/1084 3921/1049/1049
f  3922/1049/1049 3923/1084/1084 3924/1085/1085
f  3925/1049/1049 3926/1085/1085 3927/1050/1050
f  3928/1051/1051 3929/1050/1050 3930/1086/1086
f  3931/1053/1053 3932/1064/1064 3933/1054/1054
f  3934/1054/1054 3935/1064/1064 3936/1087/1087
f  3937/1054/1054 3938/1087/1087 3939/1088/1088
f  3940/1054/1054 3941/1088/1088 3942/1065/1065
f  3943/1055/1055 3944/1065/1065 3945/1056/1056
f  3946/1056/1056 3947/1065/1065 3948/1089/1089
f  3949/1056/1056 3950/1089/1089 3951/1057/1057
f  3952/1057/1057 3953/1089/1089 3954/1090/1090
f  3955/1057/1057 3956/1090/1090 3957/1058/1058
f  3958/1058/1058 3959/1090/1090 3960/1091/1091
f  3961/1058/1058 3962/1091/1091 3963/1059/1059
f  3964/1059/1059 3965/1091/1091 3966/1092/1092
f  3967/1059/1059 3968/1092/1092 3969/1060/1060
f  3970/1060/1060 3971/1092/1092 3972/1093/1093
f  3973/1060/1060 3974/1093/1093 3975/1061/1061
f  3976/1061/1061 3977/1093/1093 3978/845/845
f  3979/1061/1061 3980/845/845 3981/883/883
f  3982/1029/1029 3983/1067/1067 3984/1094/1094
f  3985/1029/1029 3986/1094/1094 3987/1068/1068
f  3988/1030/1030 3989/1068/1068 3990/1095/1095
f  3991/1030/1030 3992/1095/1095 3993/1069/1069
f  3994/1062/1062 3995/1070/1070 3996/1096/1096
f  3997/1062/1062 3998/1096/1096 3999/1032/1032
f  4000/1032/1032 4001/1096/1096 4002/1097/1097
f  4003/1032/1032 4004/1097/1097 4005/1071/1071
f  4006/1033/1033 4007/1071/1071 4008/1098/1098
f  4009/1033/1033 4010/1098/1098 4011/1072/1072
f  4012/1035/1035 4013/1073/1073 4014/1099/1099
f  4015/1035/1035 4016/1099/1099 4017/1036/1036
f  4018/1036/1036 4019/1099/1099 4020/1100/1100
f  4021/1036/1036 4022/1100/1100 4023/1074/1074
f  4024/1063/1063 4025/1079/1079 4026/1101/1101
f  4027/1050/1050 4028/1085/1085 4029/1102/1102
f  4030/1050/1050 4031/1102/1102 4032/1086/1086
f  4033/1051/1051 4034/1086/1086 4035/1103/1103
f  4036/1051/1051 4037/1103/1103 4038/1052/1052
f  4039/1052/1052 4040/1103/1103 4041/1104/1104
f  4042/1052/1052 4043/1104/1104 4044/1064/1064
f  4045/1064/1064 4046/1104/1104 4047/1105/1105
f  4048/1065/1065 4049/1088/1088 4050/1106/1106
f  4051/776/776 4052/775/775 4053/1066/1066
f  4054/1066/1066 4055/775/775 4056/1107/1107
f  4057/1066/1066 4058/1107/1107 4059/1067/1067
f  4060/1067/1067 4061/1107/1107 4062/1108/1108
f  4063/1067/1067 4064/1108/1108 4065/1109/1109
f  4066/1067/1067 4067/1109/1109 4068/1094/1094
f  4069/1068/1068 4070/1094/1094 4071/1110/1110
f  4072/1068/1068 4073/1110/1110 4074/1095/1095
f  4075/1071/1071 4076/1097/1097 4077/1111/1111
f  4078/1071/1071 4079/1111/1111 4080/1098/1098
f  4081/1072/1072 4082/1098/1098 4083/1112/1112
f  4084/1072/1072 4085/1112/1112 4086/1113/1113
f  4087/1072/1072 4088/1113/1113 4089/1073/1073
f  4090/1073/1073 4091/1113/1113 4092/1114/1114
f  4093/1073/1073 4094/1114/1114 4095/1099/1099
f  4096/1074/1074 4097/1100/1100 4098/1115/1115
f  4099/1074/1074 4100/1115/1115 4101/1116/1116
f  4102/1074/1074 4103/1116/1116 4104/1075/1075
f  4105/1075/1075 4106/1116/1116 4107/1117/1117
f  4108/1075/1075 4109/1117/1117 4110/1118/1118
f  4111/1075/1075 4112/1118/1118 4113/1076/1076
f  4114/1076/1076 4115/1118/1118 4116/1119/1119
f  4117/1076/1076 4118/1119/1119 4119/1120/1120
f  4120/1076/1076 4121/1120/1120 4122/1077/1077
f  4123/1077/1077 4124/1120/1120 4125/1121/1121
f  4126/1077/1077 4127/1121/1121 4128/1078/1078
f  4129/1078/1078 4130/1121/1121 4131/1122/1122
f  4132/1078/1078 4133/1122/1122 4134/1123/1123
f  4135/1078/1078 4136/1123/1123 4137/1079/1079
f  4138/1079/1079 4139/1123/1123 4140/1124/1124
f  4141/1079/1079 4142/1124/1124 4143/1101/1101
f  4144/1063/1063 4145/1101/1101 4146/1125/1125
f  4147/1063/1063 4148/1125/1125 4149/1080/1080
f  4150/1080/1080 4151/1125/1125 4152/1126/1126
f  4153/1080/1080 4154/1126/1126 4155/1081/1081
f  4156/1081/1081 4157/1126/1126 4158/1127/1127
f  4159/1081/1081 4160/1127/1127 4161/1128/1128
f  4162/1081/1081 4163/1128/1128 4164/1082/1082
f  4165/1082/1082 4166/1128/1128 4167/1129/1129
f  4168/1082/1082 4169/1129/1129 4170/1130/1130
f  4171/1082/1082 4172/1130/1130 4173/1083/1083
f  4174/1083/1083 4175/1130/1130 4176/1131/1131
f  4177/1083/1083 4178/1131/1131 4179/1132/1132
f  4180/1083/1083 4181/1132/1132 4182/1084/1084
f  4183/1084/1084 4184/1132/1132 4185/1133/1133
f  4186/1084/1084 4187/1133/1133 4188/1134/1134
f  4189/1084/1084 4190/1134/1134 4191/1085/1085
f  4192/1085/1085 4193/1134/1134 4194/1135/1135
f  4195/1085/1085 4196/1135/1135 4197/1102/1102
f  4198/1086/1086 4199/1102/1102 4200/1136/1136
f  4201/1086/1086 4202/1136/1136 4203/1103/1103
f  4204/1064/1064 4205/1105/1105 4206/1137/1137
f  4207/1064/1064 4208/1137/1137 4209/1087/1087
f  4210/1087/1087 4211/1137/1137 4212/1138/1138
f  4213/1087/1087 4214/1138/1138 4215/1088/1088
f  4216/1065/1065 4217/1106/1106 4218/1139/1139
f  4219/1065/1065 4220/1139/1139 4221/1089/1089
f  4222/1089/1089 4223/1139/1139 4224/1140/1140
f  4225/1089/1089 4226/1140/1140 4227/1141/1141
f  4228/1089/1089 4229/1141/1141 4230/1090/1090
f  4231/1090/1090 4232/1141/1141 4233/1142/1142
f  4234/1090/1090 4235/1142/1142 4236/1143/1143
f  4237/1090/1090 4238/1143/1143 4239/1091/1091
f  4240/1091/1091 4241/1143/1143 4242/1144/1144
f  4243/1091/1091 4244/1144/1144 4245/1092/1092
f  4246/1092/1092 4247/1144/1144 4248/1145/1145
f  4249/1092/1092 4250/1145/1145 4251/1146/1146
f  4252/1092/1092 4253/1146/1146 4254/1093/1093
f  4255/1093/1093 4256/1146/1146 4257/1147/1147
f  4258/1093/1093 4259/1147/1147 4260/1148/1148
f  4261/1093/1093 4262/1148/1148 4263/845/845
f  4264/845/845 4265/1148/1148 4266/1149/1149
f  4267/845/845 4268/1149/1149 4269/844/844
f  4270/1094/1094 4271/1109/1109 4272/1110/1110
f  4273/1095/1095 4274/1110/1110 4275/1069/1069
f  4276/1069/1069 4277/1110/1110 4278/1150/1150
f  4279/1069/1069 4280/1150/1150 4281/1070/1070
f  4282/1070/1070 4283/1150/1150 4284/1096/1096
f  4285/1096/1096 4286/1150/1150 4287/1151/1151
f  4288/1096/1096 4289/1151/1151 4290/1097/1097
f  4291/1097/1097 4292/1151/1151 4293/1111/1111
f  4294/1098/1098 4295/1111/1111 4296/1112/1112
f  4297/1099/1099 4298/1114/1114 4299/1152/1152
f  4300/1099/1099 4301/1152/1152 4302/1100/1100
f  4303/1100/1100 4304/1152/1152 4305/1115/1115
f  4306/1101/1101 4307/1124/1124 4308/1125/1125
f  4309/1102/1102 4310/1135/1135 4311/1136/1136
f  4312/1103/1103 4313/1136/1136 4314/1104/1104
f  4315/1104/1104 4316/1136/1136 4317/1153/1153
f  4318/1104/1104 4319/1153/1153 4320/1105/1105
f  4321/1105/1105 4322/1153/1153 4323/1137/1137
f  4324/1088/1088 4325/1138/1138 4326/1154/1154
f  4327/1088/1088 4328/1154/1154 4329/1106/1106
f  4330/1106/1106 4331/1154/1154 4332/1139/1139
f  4333/1126/1126 4334/1155/1155 4335/1127/1127
f  4336/1127/1127 4337/1155/1155 4338/1156/1156
f  4339/1127/1127 4340/1156/1156 4341/1128/1128
f  4342/1128/1128 4343/1156/1156 4344/1129/1129
f  4345/1129/1129 4346/1156/1156 4347/1157/1157
f  4348/1129/1129 4349/1157/1157 4350/1130/1130
f  4351/1130/1130 4352/1157/1157 4353/1131/1131
f  4354/1131/1131 4355/1157/1157 4356/1158/1158
f  4357/1131/1131 4358/1158/1158 4359/1132/1132
f  4360/1132/1132 4361/1158/1158 4362/1133/1133
f  4363/1133/1133 4364/1158/1158 4365/1159/1159
f  4366/1133/1133 4367/1159/1159 4368/1134/1134
f  4369/1134/1134 4370/1159/1159 4371/1135/1135
f  4372/1135/1135 4373/1159/1159 4374/1160/1160
f  4375/1135/1135 4376/1160/1160 4377/1136/1136
f  4378/1136/1136 4379/1160/1160 4380/1161/1161
f  4381/1136/1136 4382/1161/1161 4383/1153/1153
f  4384/1153/1153 4385/1161/1161 4386/1162/1162
f  4387/1153/1153 4388/1162/1162 4389/1137/1137
f  4390/1137/1137 4391/1162/1162 4392/1163/1163
f  4393/1137/1137 4394/1163/1163 4395/1138/1138
f  4396/1138/1138 4397/1163/1163 4398/1154/1154
f  4399/1154/1154 4400/1163/1163 4401/1164/1164
f  4402/1154/1154 4403/1164/1164 4404/1165/1165
f  4405/1154/1154 4406/1165/1165 4407/1139/1139
f  4408/1139/1139 4409/1165/1165 4410/1140/1140
f  4411/1140/1140 4412/1165/1165 4413/1166/1166
f  4414/1140/1140 4415/1166/1166 4416/1141/1141
f  4417/1141/1141 4418/1166/1166 4419/1142/1142
f  4420/1142/1142 4421/1166/1166 4422/1167/1167
f  4423/1142/1142 4424/1167/1167 4425/1143/1143
f  4426/1143/1143 4427/1167/1167 4428/1168/1168
f  4429/1143/1143 4430/1168/1168 4431/1144/1144
f  4432/1144/1144 4433/1168/1168 4434/1145/1145
f  4435/1145/1145 4436/1168/1168 4437/1169/1169
f  4438/1145/1145 4439/1169/1169 4440/1146/1146
f  4441/1146/1146 4442/1169/1169 4443/1147/1147
f  4444/1147/1147 4445/1169/1169 4446/1170/1170
f  4447/1147/1147 4448/1170/1170 4449/1148/1148
f  4450/1148/1148 4451/1170/1170 4452/1149/1149
f  4453/1149/1149 4454/1170/1170 4455/1171/1171
f  4456/1149/1149 4457/1171/1171 4458/844/844
f  4459/844/844 4460/1171/1171 4461/1172/1172
f  4462/844/844 4463/1172/1172 4464/842/842
f  4465/842/842 4466/1172/1172 4467/841/841
f  4468/841/841 4469/1172/1172 4470/1173/1173
f  4471/841/841 4472/1173/1173 4473/839/839
f  4474/839/839 4475/1173/1173 4476/838/838
f  4477/838/838 4478/1173/1173 4479/1174/1174
f  4480/838/838 4481/1174/1174 4482/836/836
f  4483/836/836 4484/1174/1174 4485/835/835
f  4486/835/835 4487/1174/1174 4488/1175/1175
f  4489/835/835 4490/1175/1175 4491/833/833
f  4492/833/833 4493/1175/1175 4494/1176/1176
f  4495/833/833 4496/1176/1176 4497/832/832
f  4498/832/832 4499/1176/1176 4500/830/830
f  4501/830/830 4502/1176/1176 4503/1177/1177
f  4504/830/830 4505/1177/1177 4506/829/829
f  4507/829/829 4508/1177/1177 4509/1178/1178
f  4510/829/829 4511/1178/1178 4512/774/774
f  4513/774/774 4514/1178/1178 4515/770/770
f  4516/770/770 4517/1178/1178 4518/1179/1179
f  4519/770/770 4520/1179/1179 4521/1180/1180
f  4522/770/770 4523/1180/1180 4524/771/771
f  4525/771/771 4526/1180/1180 4527/826/826
f  4528/826/826 4529/1180/1180 4530/1181/1181
f  4531/826/826 4532/1181/1181 4533/825/825
f  4534/825/825 4535/1181/1181 4536/767/767
f  4537/767/767 4538/1181/1181 4539/1182/1182
f  4540/767/767 4541/1182/1182 4542/768/768
f  4543/768/768 4544/1182/1182 4545/1183/1183
f  4546/768/768 4547/1183/1183 4548/822/822
f  4549/822/822 4550/1183/1183 4551/1184/1184
f  4552/822/822 4553/1184/1184 4554/820/820
f  4555/820/820 4556/1184/1184 4557/819/819
f  4558/819/819 4559/1184/1184 4560/1185/1185
f  4561/819/819 4562/1185/1185 4563/817/817
f  4564/817/817 4565/1185/1185 4566/816/816
f  4567/816/816 4568/1185/1185 4569/1186/1186
f  4570/816/816 4571/1186/1186 4572/814/814
f  4573/814/814 4574/1186/1186 4575/813/813
f  4576/813/813 4577/1186/1186 4578/1187/1187
f  4579/813/813 4580/1187/1187 4581/811/811
f  4582/811/811 4583/1187/1187 4584/1188/1188
f  4585/811/811 4586/1188/1188 4587/809/809
f  4588/809/809 4589/1188/1188 4590/808/808
f  4591/1188/1188 4592/1189/1189 4593/808/808
f  4594/808/808 4595/1189/1189 4596/806/806
f  4597/806/806 4598/1189/1189 4599/1190/1190
f  4600/806/806 4601/1190/1190 4602/804/804
f  4603/804/804 4604/1190/1190 4605/803/803
f  4606/803/803 4607/1190/1190 4608/1191/1191
f  4609/803/803 4610/1191/1191 4611/801/801
f  4612/801/801 4613/1191/1191 4614/799/799
f  4615/799/799 4616/1191/1191 4617/1192/1192
f  4618/799/799 4619/1192/1192 4620/798/798
f  4621/798/798 4622/1192/1192 4623/796/796
f  4624/796/796 4625/1192/1192 4626/1193/1193
f  4627/796/796 4628/1193/1193 4629/795/795
f  4630/795/795 4631/1193/1193 4632/793/793
f  4633/793/793 4634/1193/1193 4635/1194/1194
f  4636/793/793 4637/1194/1194 4638/792/792
f  4639/792/792 4640/1194/1194 4641/765/765
f  4642/765/765 4643/1194/1194 4644/1195/1195
f  4645/765/765 4646/1195/1195 4647/762/762
f  4648/762/762 4649/1195/1195 4650/1196/1196
f  4651/762/762 4652/1196/1196 4653/1197/1197
f  4654/762/762 4655/1197/1197 4656/760/760
f  4657/760/760 4658/1197/1197 4659/1198/1198
f  4660/760/760 4661/1198/1198 4662/789/789
f  4663/789/789 4664/1198/1198 4665/759/759
f  4666/759/759 4667/1198/1198 4668/1199/1199
f  4669/759/759 4670/1199/1199 4671/755/755
f  4672/755/755 4673/1199/1199 4674/1200/1200
f  4675/755/755 4676/1200/1200 4677/756/756
f  4678/756/756 4679/1200/1200 4680/786/786
f  4681/786/786 4682/1200/1200 4683/1201/1201
f  4684/786/786 4685/1201/1201 4686/784/784
f  4687/784/784 4688/1201/1201 4689/782/782
f  4690/782/782 4691/1201/1201 4692/1202/1202
f  4693/782/782 4694/1202/1202 4695/781/781
f  4696/781/781 4697/1202/1202 4698/1203/1203
f  4699/781/781 4700/1203/1203 4701/752/752
f  4702/752/752 4703/1203/1203 4704/1204/1204
f  4705/752/752 4706/1204/1204 4707/753/753
f  4708/753/753 4709/1204/1204 4710/1205/1205
f  4711/753/753 4712/1205/1205 4713/778/778
f  4714/778/778 4715/1205/1205 4716/777/777
f  4717/777/777 4718/1205/1205 4719/1206/1206
f  4720/777/777 4721/1206/1206 4722/775/775
f  4723/775/775 4724/1206/1206 4725/1207/1207
f  4726/775/775 4727/1207/1207 4728/1107/1107
f  4729/1107/1107 4730/1207/1207 4731/1108/1108
f  4732/1108/1108 4733/1207/1207 4734/1208/1208
f  4735/1108/1108 4736/1208/1208 4737/1109/1109
f  4738/1109/1109 4739/1208/1208 4740/1209/1209
f  4741/1109/1109 4742/1209/1209 4743/1110/1110
f  4744/1110/1110 4745/1209/1209 4746/1210/1210
f  4747/1110/1110 4748/1210/1210 4749/1150/1150
f  4750/1150/1150 4751/1210/1210 4752/1211/1211
f  4753/1150/1150 4754/1211/1211 4755/1212/1212
f  4756/1150/1150 4757/1212/1212 4758/1151/1151
f  4759/1151/1151 4760/1212/1212 4761/1213/1213
f  4762/1151/1151 4763/1213/1213 4764/1111/1111
f  4765/1111/1111 4766/1213/1213 4767/1214/1214
f  4768/1111/1111 4769/1214/1214 4770/1112/1112
f  4771/1112/1112 4772/1214/1214 4773/1113/1113
f  4774/1113/1113 4775/1214/1214 4776/1215/1215
f  4777/1113/1113 4778/1215/1215 4779/1114/1114
f  4780/1114/1114 4781/1215/1215 4782/1152/1152
f  4783/1152/1152 4784/1215/1215 4785/1216/1216
f  4786/1152/1152 4787/1216/1216 4788/1217/1217
f  4789/1152/1152 4790/1217/1217 4791/1115/1115
f  4792/1115/1115 4793/1217/1217 4794/1116/1116
f  4795/1116/1116 4796/1217/1217 4797/1218/1218
f  4798/1116/1116 4799/1218/1218 4800/1117/1117
f  4801/1117/1117 4802/1218/1218 4803/1118/1118
f  4804/1118/1118 4805/1218/1218 4806/1219/1219
f  4807/1118/1118 4808/1219/1219 4809/1119/1119
f  4810/1119/1119 4811/1219/1219 4812/1120/1120
f  4813/1120/1120 4814/1219/1219 4815/1220/1220
f  4816/1120/1120 4817/1220/1220 4818/1121/1121
f  4819/1121/1121 4820/1220/1220 4821/1221/1221
f  4822/1121/1121 4823/1221/1221 4824/1122/1122
f  4825/1122/1122 4826/1221/1221 4827/1123/1123
f  4828/1123/1123 4829/1221/1221 4830/1222/1222
f  4831/1123/1123 4832/1222/1222 4833/1124/1124
f  4834/1124/1124 4835/1222/1222 4836/1223/1223
f  4837/1124/1124 4838/1223/1223 4839/1125/1125
f  4840/1125/1125 4841/1223/1223 4842/1224/1224
f  4843/1125/1125 4844/1224/1224 4845/1126/1126
f  4846/1126/1126 4847/1224/1224 4848/1155/1155
f  4849/1208/1208 4850/1207/1207 4851/1225/1225
f  4852/1158/1158 4853/1157/1157 4854/1226/1226
f  4855/1159/1159 4856/1158/1158 4857/1227/1227
f  4858/1160/1160 4859/1159/1159 4860/1228/1228
f  4861/1161/1161 4862/1160/1160 4863/1229/1229
f  4864/1162/1162 4865/1161/1161 4866/1230/1230
f  4867/1163/1163 4868/1162/1162 4869/1231/1231
f  4870/1164/1164 4871/1163/1163 4872/1232/1232
f  4873/1165/1165 4874/1164/1164 4875/1233/1233
f  4876/1166/1166 4877/1165/1165 4878/1234/1234
f  4879/1167/1167 4880/1166/1166 4881/1235/1235
f  4882/1168/1168 4883/1167/1167 4884/1236/1236
f  4885/1237/1237 4886/1238/1238 4887/1172/1172
f  4888/1237/1237 4889/1172/1172 4890/1171/1171
f  4891/1239/1239 4892/1157/1157 4893/1156/1156
f  4894/1239/1239 4895/1156/1156 4896/1240/1240
f  4897/1240/1240 4898/1156/1156 4899/1241/1241
f  4900/1241/1241 4901/1156/1156 4902/1155/1155
f  4903/1241/1241 4904/1155/1155 4905/1224/1224
f  4906/1241/1241 4907/1224/1224 4908/1242/1242
f  4909/1242/1242 4910/1224/1224 4911/1243/1243
f  4912/1243/1243 4913/1224/1224 4914/1223/1223
f  4915/1243/1243 4916/1223/1223 4917/1244/1244
f  4918/1244/1244 4919/1223/1223 4920/1222/1222
f  4921/1244/1244 4922/1222/1222 4923/1245/1245
f  4924/1245/1245 4925/1222/1222 4926/1221/1221
f  4927/1245/1245 4928/1221/1221 4929/1246/1246
f  4930/1246/1246 4931/1221/1221 4932/1220/1220
f  4933/1246/1246 4934/1220/1220 4935/1219/1219
f  4936/1246/1246 4937/1219/1219 4938/1247/1247
f  4939/1247/1247 4940/1219/1219 4941/1218/1218
f  4942/1247/1247 4943/1218/1218 4944/1248/1248
f  4945/1249/1249 4946/1238/1238 4947/1250/1250
f  4948/1250/1250 4949/1238/1238 4950/1237/1237
f  4951/1237/1237 4952/1171/1171 4953/1170/1170
f  4954/1251/1251 4955/1239/1239 4956/1252/1252
f  4957/1252/1252 4958/1239/1239 4959/1240/1240
f  4960/1252/1252 4961/1240/1240 4962/1253/1253
f  4963/1253/1253 4964/1240/1240 4965/1241/1241
f  4966/1253/1253 4967/1241/1241 4968/1254/1254
f  4969/1254/1254 4970/1241/1241 4971/1242/1242
f  4972/1254/1254 4973/1242/1242 4974/1255/1255
f  4975/1255/1255 4976/1242/1242 4977/1243/1243
f  4978/1255/1255 4979/1243/1243 4980/1256/1256
f  4981/1256/1256 4982/1243/1243 4983/1244/1244
f  4984/1256/1256 4985/1244/1244 4986/1257/1257
f  4987/1257/1257 4988/1244/1244 4989/1245/1245
f  4990/1257/1257 4991/1245/1245 4992/1258/1258
f  4993/1258/1258 4994/1245/1245 4995/1246/1246
f  4996/1258/1258 4997/1246/1246 4998/1259/1259
f  4999/1259/1259 5000/1246/1246 5001/1247/1247
f  5002/1259/1259 5003/1247/1247 5004/1260/1260
f  5005/1260/1260 5006/1247/1247 5007/1261/1261
f  5008/1261/1261 5009/1247/1247 5010/1248/1248
f  5011/1207/1207 5012/1262/1262 5013/1225/1225
f  5014/1225/1225 5015/1262/1262 5016/1263/1263
f  5017/1264/1264 5018/1249/1249 5019/1265/1265
f  5020/1265/1265 5021/1249/1249 5022/1250/1250
f  5023/1250/1250 5024/1237/1237 5025/1266/1266
f  5026/1266/1266 5027/1237/1237 5028/1170/1170
f  5029/1267/1267 5030/1251/1251 5031/1252/1252
f  5032/1267/1267 5033/1252/1252 5034/1268/1268
f  5035/1268/1268 5036/1252/1252 5037/1253/1253
f  5038/1268/1268 5039/1253/1253 5040/1269/1269
f  5041/1269/1269 5042/1253/1253 5043/1254/1254
f  5044/1269/1269 5045/1254/1254 5046/1270/1270
f  5047/1270/1270 5048/1254/1254 5049/1255/1255
f  5050/1270/1270 5051/1255/1255 5052/1271/1271
f  5053/1271/1271 5054/1255/1255 5055/1256/1256
f  5056/1271/1271 5057/1256/1256 5058/1272/1272
f  5059/1272/1272 5060/1256/1256 5061/1257/1257
f  5062/1272/1272 5063/1257/1257 5064/1273/1273
f  5065/1273/1273 5066/1257/1257 5067/1258/1258
f  5068/1273/1273 5069/1258/1258 5070/1274/1274
f  5071/1274/1274 5072/1258/1258 5073/1259/1259
f  5074/1274/1274 5075/1259/1259 5076/1275/1275
f  5077/1275/1275 5078/1259/1259 5079/1260/1260
f  5080/1275/1275 5081/1260/1260 5082/1276/1276
f  5083/1276/1276 5084/1260/1260 5085/1261/1261
f  5086/1276/1276 5087/1261/1261 5088/1277/1277
f  5089/1262/1262 5090/1278/1278 5091/1263/1263
f  5092/1263/1263 5093/1278/1278 5094/1279/1279
f  5095/1280/1280 5096/1264/1264 5097/1281/1281
f  5098/1281/1281 5099/1264/1264 5100/1265/1265
f  5101/1265/1265 5102/1250/1250 5103/1282/1282
f  5104/1282/1282 5105/1250/1250 5106/1266/1266
f  5107/1282/1282 5108/1266/1266 5109/1283/1283
f  5110/1283/1283 5111/1266/1266 5112/1170/1170
f  5113/1283/1283 5114/1170/1170 5115/1169/1169
f  5116/1284/1284 5117/1267/1267 5118/1285/1285
f  5119/1285/1285 5120/1267/1267 5121/1286/1286
f  5122/1286/1286 5123/1267/1267 5124/1268/1268
f  5125/1286/1286 5126/1268/1268 5127/1287/1287
f  5128/1287/1287 5129/1268/1268 5130/1288/1288
f  5131/1288/1288 5132/1268/1268 5133/1269/1269
f  5134/1288/1288 5135/1269/1269 5136/1289/1289
f  5137/1289/1289 5138/1269/1269 5139/1270/1270
f  5140/1289/1289 5141/1270/1270 5142/1290/1290
f  5143/1290/1290 5144/1270/1270 5145/1291/1291
f  5146/1291/1291 5147/1270/1270 5148/1271/1271
f  5149/1291/1291 5150/1271/1271 5151/1292/1292
f  5152/1292/1292 5153/1271/1271 5154/1272/1272
f  5155/1292/1292 5156/1272/1272 5157/1293/1293
f  5158/1293/1293 5159/1272/1272 5160/1294/1294
f  5161/1294/1294 5162/1272/1272 5163/1273/1273
f  5164/1294/1294 5165/1273/1273 5166/1295/1295
f  5167/1295/1295 5168/1273/1273 5169/1296/1296
f  5170/1296/1296 5171/1273/1273 5172/1274/1274
f  5173/1296/1296 5174/1274/1274 5175/1297/1297
f  5176/1297/1297 5177/1274/1274 5178/1275/1275
f  5179/1297/1297 5180/1275/1275 5181/1298/1298
f  5182/1298/1298 5183/1275/1275 5184/1299/1299
f  5185/1299/1299 5186/1275/1275 5187/1276/1276
f  5188/1299/1299 5189/1276/1276 5190/1300/1300
f  5191/1300/1300 5192/1276/1276 5193/1277/1277
f  5194/1300/1300 5195/1277/1277 5196/1301/1301
f  5197/1301/1301 5198/1277/1277 5199/1302/1302
f  5200/1278/1278 5201/1303/1303 5202/1279/1279
f  5203/1279/1279 5204/1303/1303 5205/1304/1304
f  5206/1305/1305 5207/1280/1280 5208/1306/1306
f  5209/1306/1306 5210/1280/1280 5211/1281/1281
f  5212/1306/1306 5213/1281/1281 5214/1307/1307
f  5215/1307/1307 5216/1281/1281 5217/1265/1265
f  5218/1307/1307 5219/1265/1265 5220/1308/1308
f  5221/1308/1308 5222/1265/1265 5223/1282/1282
f  5224/1309/1309 5225/1284/1284 5226/1310/1310
f  5227/1310/1310 5228/1284/1284 5229/1285/1285
f  5230/1310/1310 5231/1285/1285 5232/1311/1311
f  5233/1311/1311 5234/1285/1285 5235/1286/1286
f  5236/1311/1311 5237/1286/1286 5238/1312/1312
f  5239/1312/1312 5240/1286/1286 5241/1287/1287
f  5242/1312/1312 5243/1287/1287 5244/1313/1313
f  5245/1313/1313 5246/1287/1287 5247/1288/1288
f  5248/1313/1313 5249/1288/1288 5250/1314/1314
f  5251/1314/1314 5252/1288/1288 5253/1289/1289
f  5254/1314/1314 5255/1289/1289 5256/1315/1315
f  5257/1315/1315 5258/1289/1289 5259/1290/1290
f  5260/1315/1315 5261/1290/1290 5262/1316/1316
f  5263/1316/1316 5264/1290/1290 5265/1291/1291
f  5266/1316/1316 5267/1291/1291 5268/1317/1317
f  5269/1317/1317 5270/1291/1291 5271/1292/1292
f  5272/1317/1317 5273/1292/1292 5274/1318/1318
f  5275/1318/1318 5276/1292/1292 5277/1293/1293
f  5278/1318/1318 5279/1293/1293 5280/1319/1319
f  5281/1319/1319 5282/1293/1293 5283/1294/1294
f  5284/1319/1319 5285/1294/1294 5286/1320/1320
f  5287/1320/1320 5288/1294/1294 5289/1295/1295
f  5290/1320/1320 5291/1295/1295 5292/1321/1321
f  5293/1321/1321 5294/1295/1295 5295/1296/1296
f  5296/1321/1321 5297/1296/1296 5298/1322/1322
f  5299/1322/1322 5300/1296/1296 5301/1297/1297
f  5302/1322/1322 5303/1297/1297 5304/1323/1323
f  5305/1323/1323 5306/1297/1297 5307/1298/1298
f  5308/1323/1323 5309/1298/1298 5310/1324/1324
f  5311/1324/1324 5312/1298/1298 5313/1299/1299
f  5314/1324/1324 5315/1299/1299 5316/1325/1325
f  5317/1325/1325 5318/1299/1299 5319/1300/1300
f  5320/1325/1325 5321/1300/1300 5322/1326/1326
f  5323/1326/1326 5324/1300/1300 5325/1301/1301
f  5326/1326/1326 5327/1301/1301 5328/1327/1327
f  5329/1327/1327 5330/1301/1301 5331/1302/1302
f  5332/1327/1327 5333/1302/1302 5334/1328/1328
f  5335/1303/1303 5336/1329/1329 5337/1304/1304
f  5338/1304/1304 5339/1329/1329 5340/1330/1330
f  5341/1331/1331 5342/1305/1305 5343/1332/1332
f  5344/1332/1332 5345/1305/1305 5346/1306/1306
f  5347/1332/1332 5348/1306/1306 5349/1333/1333
f  5350/1333/1333 5351/1306/1306 5352/1307/1307
f  5353/1333/1333 5354/1307/1307 5355/1334/1334
f  5356/1334/1334 5357/1307/1307 5358/1308/1308
f  5359/1308/1308 5360/1282/1282 5361/1335/1335
f  5362/1335/1335 5363/1282/1282 5364/1283/1283
f  5365/1335/1335 5366/1283/1283 5367/1336/1336
f  5368/1336/1336 5369/1283/1283 5370/1169/1169
f  5371/1336/1336 5372/1169/1169 5373/1168/1168
f  5374/1337/1337 5375/1309/1309 5376/1338/1338
f  5377/1338/1338 5378/1309/1309 5379/1310/1310
f  5380/1338/1338 5381/1310/1310 5382/1339/1339
f  5383/1339/1339 5384/1310/1310 5385/1311/1311
f  5386/1339/1339 5387/1311/1311 5388/1340/1340
f  5389/1340/1340 5390/1311/1311 5391/1312/1312
f  5392/1340/1340 5393/1312/1312 5394/1341/1341
f  5395/1341/1341 5396/1312/1312 5397/1313/1313
f  5398/1341/1341 5399/1313/1313 5400/1342/1342
f  5401/1342/1342 5402/1313/1313 5403/1314/1314
f  5404/1342/1342 5405/1314/1314 5406/1343/1343
f  5407/1343/1343 5408/1314/1314 5409/1315/1315
f  5410/1343/1343 5411/1315/1315 5412/1344/1344
f  5413/1344/1344 5414/1315/1315 5415/1316/1316
f  5416/1344/1344 5417/1316/1316 5418/1345/1345
f  5419/1345/1345 5420/1316/1316 5421/1317/1317
f  5422/1345/1345 5423/1317/1317 5424/1346/1346
f  5425/1346/1346 5426/1317/1317 5427/1318/1318
f  5428/1346/1346 5429/1318/1318 5430/1347/1347
f  5431/1347/1347 5432/1318/1318 5433/1319/1319
f  5434/1347/1347 5435/1319/1319 5436/1348/1348
f  5437/1348/1348 5438/1319/1319 5439/1320/1320
f  5440/1348/1348 5441/1320/1320 5442/1349/1349
f  5443/1349/1349 5444/1320/1320 5445/1321/1321
f  5446/1349/1349 5447/1321/1321 5448/1350/1350
f  5449/1350/1350 5450/1321/1321 5451/1322/1322
f  5452/1350/1350 5453/1322/1322 5454/1351/1351
f  5455/1351/1351 5456/1322/1322 5457/1323/1323
f  5458/1351/1351 5459/1323/1323 5460/1352/1352
f  5461/1352/1352 5462/1323/1323 5463/1324/1324
f  5464/1352/1352 5465/1324/1324 5466/1353/1353
f  5467/1353/1353 5468/1324/1324 5469/1325/1325
f  5470/1353/1353 5471/1325/1325 5472/1354/1354
f  5473/1354/1354 5474/1325/1325 5475/1326/1326
f  5476/1354/1354 5477/1326/1326 5478/1355/1355
f  5479/1355/1355 5480/1326/1326 5481/1327/1327
f  5482/1355/1355 5483/1327/1327 5484/1356/1356
f  5485/1356/1356 5486/1327/1327 5487/1328/1328
f  5488/1356/1356 5489/1328/1328 5490/1357/1357
f  5491/1358/1358 5492/1263/1263 5493/1279/1279
f  5494/1358/1358 5495/1279/1279 5496/1359/1359
f  5497/1359/1359 5498/1279/1279 5499/1304/1304
f  5500/1359/1359 5501/1304/1304 5502/1360/1360
f  5503/1360/1360 5504/1304/1304 5505/1330/1330
f  5506/1360/1360 5507/1330/1330 5508/1361/1361
f  5509/1361/1361 5510/1330/1330 5511/1362/1362
f  5512/1331/1331 5513/1332/1332 5514/1363/1363
f  5515/1364/1364 5516/1365/1365 5517/1366/1366
f  5518/1335/1335 5519/1367/1367 5520/1308/1308
f  5521/1308/1308 5522/1367/1367 5523/1368/1368
f  5524/1308/1308 5525/1368/1368 5526/1334/1334
f  5527/1334/1334 5528/1368/1368 5529/1369/1369
f  5530/1334/1334 5531/1369/1369 5532/1333/1333
f  5533/1333/1333 5534/1369/1369 5535/1370/1370
f  5536/1333/1333 5537/1370/1370 5538/1332/1332
f  5539/1332/1332 5540/1370/1370 5541/1371/1371
f  5542/1332/1332 5543/1371/1371 5544/1363/1363
f  5545/1168/1168 5546/1236/1236 5547/1336/1336
f  5548/1336/1336 5549/1236/1236 5550/1372/1372
f  5551/1336/1336 5552/1372/1372 5553/1335/1335
f  5554/1335/1335 5555/1372/1372 5556/1367/1367
f  5557/1367/1367 5558/1373/1373 5559/1368/1368
f  5560/1368/1368 5561/1373/1373 5562/1374/1374
f  5563/1368/1368 5564/1374/1374 5565/1369/1369
f  5566/1369/1369 5567/1374/1374 5568/1375/1375
f  5569/1369/1369 5570/1375/1375 5571/1370/1370
f  5572/1370/1370 5573/1375/1375 5574/1376/1376
f  5575/1370/1370 5576/1376/1376 5577/1371/1371
f  5578/1167/1167 5579/1235/1235 5580/1236/1236
f  5581/1236/1236 5582/1235/1235 5583/1372/1372
f  5584/1372/1372 5585/1377/1377 5586/1367/1367
f  5587/1367/1367 5588/1377/1377 5589/1378/1378
f  5590/1367/1367 5591/1378/1378 5592/1373/1373
f  5593/1373/1373 5594/1378/1378 5595/1379/1379
f  5596/1373/1373 5597/1379/1379 5598/1374/1374
f  5599/1374/1374 5600/1379/1379 5601/1380/1380
f  5602/1374/1374 5603/1380/1380 5604/1375/1375
f  5605/1375/1375 5606/1380/1380 5607/1381/1381
f  5608/1375/1375 5609/1381/1381 5610/1376/1376
f  5611/1235/1235 5612/1382/1382 5613/1372/1372
f  5614/1372/1372 5615/1382/1382 5616/1377/1377
f  5617/1377/1377 5618/1383/1383 5619/1378/1378
f  5620/1378/1378 5621/1383/1383 5622/1384/1384
f  5623/1378/1378 5624/1384/1384 5625/1379/1379
f  5626/1379/1379 5627/1384/1384 5628/1385/1385
f  5629/1379/1379 5630/1385/1385 5631/1380/1380
f  5632/1380/1380 5633/1385/1385 5634/1386/1386
f  5635/1380/1380 5636/1386/1386 5637/1381/1381
f  5638/1166/1166 5639/1234/1234 5640/1235/1235
f  5641/1235/1235 5642/1234/1234 5643/1387/1387
f  5644/1235/1235 5645/1387/1387 5646/1382/1382
f  5647/1382/1382 5648/1387/1387 5649/1388/1388
f  5650/1382/1382 5651/1388/1388 5652/1377/1377
f  5653/1377/1377 5654/1388/1388 5655/1389/1389
f  5656/1377/1377 5657/1389/1389 5658/1383/1383
f  5659/1383/1383 5660/1389/1389 5661/1390/1390
f  5662/1383/1383 5663/1390/1390 5664/1384/1384
f  5665/1384/1384 5666/1390/1390 5667/1391/1391
f  5668/1384/1384 5669/1391/1391 5670/1385/1385
f  5671/1385/1385 5672/1391/1391 5673/1392/1392
f  5674/1385/1385 5675/1392/1392 5676/1386/1386
f  5677/1165/1165 5678/1233/1233 5679/1234/1234
f  5680/1234/1234 5681/1233/1233 5682/1387/1387
f  5683/1387/1387 5684/1393/1393 5685/1388/1388
f  5686/1388/1388 5687/1393/1393 5688/1394/1394
f  5689/1388/1388 5690/1394/1394 5691/1389/1389
f  5692/1389/1389 5693/1394/1394 5694/1395/1395
f  5695/1389/1389 5696/1395/1395 5697/1390/1390
f  5698/1390/1390 5699/1395/1395 5700/1396/1396
f  5701/1390/1390 5702/1396/1396 5703/1391/1391
f  5704/1391/1391 5705/1396/1396 5706/1397/1397
f  5707/1391/1391 5708/1397/1397 5709/1392/1392
f  5710/1233/1233 5711/1398/1398 5712/1387/1387
f  5713/1387/1387 5714/1398/1398 5715/1393/1393
f  5716/1393/1393 5717/1399/1399 5718/1394/1394
f  5719/1394/1394 5720/1399/1399 5721/1400/1400
f  5722/1394/1394 5723/1400/1400 5724/1395/1395
f  5725/1395/1395 5726/1400/1400 5727/1401/1401
f  5728/1395/1395 5729/1401/1401 5730/1396/1396
f  5731/1396/1396 5732/1401/1401 5733/1402/1402
f  5734/1396/1396 5735/1402/1402 5736/1397/1397
f  5737/1164/1164 5738/1232/1232 5739/1233/1233
f  5740/1233/1233 5741/1232/1232 5742/1403/1403
f  5743/1233/1233 5744/1403/1403 5745/1398/1398
f  5746/1398/1398 5747/1403/1403 5748/1404/1404
f  5749/1398/1398 5750/1404/1404 5751/1393/1393
f  5752/1393/1393 5753/1404/1404 5754/1405/1405
f  5755/1393/1393 5756/1405/1405 5757/1399/1399
f  5758/1399/1399 5759/1405/1405 5760/1406/1406
f  5761/1399/1399 5762/1406/1406 5763/1400/1400
f  5764/1400/1400 5765/1406/1406 5766/1407/1407
f  5767/1400/1400 5768/1407/1407 5769/1401/1401
f  5770/1401/1401 5771/1407/1407 5772/1408/1408
f  5773/1401/1401 5774/1408/1408 5775/1402/1402
f  5776/1404/1404 5777/1409/1409 5778/1405/1405
f  5779/1405/1405 5780/1409/1409 5781/1410/1410
f  5782/1405/1405 5783/1410/1410 5784/1406/1406
f  5785/1406/1406 5786/1410/1410 5787/1411/1411
f  5788/1406/1406 5789/1411/1411 5790/1407/1407
f  5791/1407/1407 5792/1411/1411 5793/1412/1412
f  5794/1407/1407 5795/1412/1412 5796/1408/1408
f  5797/1163/1163 5798/1231/1231 5799/1232/1232
f  5800/1232/1232 5801/1231/1231 5802/1413/1413
f  5803/1232/1232 5804/1413/1413 5805/1403/1403
f  5806/1403/1403 5807/1413/1413 5808/1414/1414
f  5809/1403/1403 5810/1414/1414 5811/1404/1404
f  5812/1404/1404 5813/1414/1414 5814/1415/1415
f  5815/1404/1404 5816/1415/1415 5817/1409/1409
f  5818/1409/1409 5819/1415/1415 5820/1416/1416
f  5821/1409/1409 5822/1416/1416 5823/1410/1410
f  5824/1410/1410 5825/1416/1416 5826/1417/1417
f  5827/1410/1410 5828/1417/1417 5829/1411/1411
f  5830/1411/1411 5831/1417/1417 5832/1418/1418
f  5833/1411/1411 5834/1418/1418 5835/1412/1412
f  5836/1162/1162 5837/1230/1230 5838/1231/1231
f  5839/1231/1231 5840/1230/1230 5841/1413/1413
f  5842/1414/1414 5843/1419/1419 5844/1415/1415
f  5845/1415/1415 5846/1419/1419 5847/1420/1420
f  5848/1415/1415 5849/1420/1420 5850/1416/1416
f  5851/1416/1416 5852/1420/1420 5853/1421/1421
f  5854/1416/1416 5855/1421/1421 5856/1417/1417
f  5857/1417/1417 5858/1421/1421 5859/1422/1422
f  5860/1417/1417 5861/1422/1422 5862/1418/1418
f  5863/1230/1230 5864/1423/1423 5865/1413/1413
f  5866/1413/1413 5867/1423/1423 5868/1424/1424
f  5869/1413/1413 5870/1424/1424 5871/1414/1414
f  5872/1414/1414 5873/1424/1424 5874/1425/1425
f  5875/1414/1414 5876/1425/1425 5877/1419/1419
f  5878/1419/1419 5879/1425/1425 5880/1426/1426
f  5881/1419/1419 5882/1426/1426 5883/1420/1420
f  5884/1420/1420 5885/1426/1426 5886/1427/1427
f  5887/1420/1420 5888/1427/1427 5889/1421/1421
f  5890/1421/1421 5891/1427/1427 5892/1428/1428
f  5893/1421/1421 5894/1428/1428 5895/1422/1422
f  5896/1161/1161 5897/1429/1429 5898/1230/1230
f  5899/1230/1230 5900/1429/1429 5901/1430/1430
f  5902/1230/1230 5903/1430/1430 5904/1423/1423
f  5905/1423/1423 5906/1430/1430 5907/1424/1424
f  5908/1424/1424 5909/1431/1431 5910/1425/1425
f  5911/1425/1425 5912/1431/1431 5913/1432/1432
f  5914/1425/1425 5915/1432/1432 5916/1426/1426
f  5917/1426/1426 5918/1432/1432 5919/1433/1433
f  5920/1426/1426 5921/1433/1433 5922/1427/1427
f  5923/1427/1427 5924/1433/1433 5925/1434/1434
f  5926/1427/1427 5927/1434/1434 5928/1428/1428
f  5929/1161/1161 5930/1229/1229 5931/1429/1429
f  5932/1429/1429 5933/1229/1229 5934/1430/1430
f  5935/1430/1430 5936/1435/1435 5937/1424/1424
f  5938/1424/1424 5939/1435/1435 5940/1436/1436
f  5941/1424/1424 5942/1436/1436 5943/1431/1431
f  5944/1431/1431 5945/1436/1436 5946/1437/1437
f  5947/1431/1431 5948/1437/1437 5949/1432/1432
f  5950/1432/1432 5951/1437/1437 5952/1438/1438
f  5953/1432/1432 5954/1438/1438 5955/1433/1433
f  5956/1433/1433 5957/1438/1438 5958/1439/1439
f  5959/1433/1433 5960/1439/1439 5961/1434/1434
f  5962/1229/1229 5963/1440/1440 5964/1430/1430
f  5965/1430/1430 5966/1440/1440 5967/1435/1435
f  5968/1435/1435 5969/1441/1441 5970/1436/1436
f  5971/1436/1436 5972/1441/1441 5973/1442/1442
f  5974/1436/1436 5975/1442/1442 5976/1437/1437
f  5977/1437/1437 5978/1442/1442 5979/1443/1443
f  5980/1437/1437 5981/1443/1443 5982/1438/1438
f  5983/1438/1438 5984/1443/1443 5985/1444/1444
f  5986/1438/1438 5987/1444/1444 5988/1439/1439
f  5989/1160/1160 5990/1228/1228 5991/1229/1229
f  5992/1229/1229 5993/1228/1228 5994/1440/1440
f  5995/1440/1440 5996/1445/1445 5997/1435/1435
f  5998/1435/1435 5999/1445/1445 6000/1446/1446
f  6001/1435/1435 6002/1446/1446 6003/1441/1441
f  6004/1441/1441 6005/1446/1446 6006/1447/1447
f  6007/1441/1441 6008/1447/1447 6009/1442/1442
f  6010/1442/1442 6011/1447/1447 6012/1448/1448
f  6013/1442/1442 6014/1448/1448 6015/1443/1443
f  6016/1443/1443 6017/1448/1448 6018/1449/1449
f  6019/1443/1443 6020/1449/1449 6021/1444/1444
f  6022/1228/1228 6023/1450/1450 6024/1440/1440
f  6025/1440/1440 6026/1450/1450 6027/1445/1445
f  6028/1445/1445 6029/1451/1451 6030/1446/1446
f  6031/1446/1446 6032/1451/1451 6033/1452/1452
f  6034/1446/1446 6035/1452/1452 6036/1447/1447
f  6037/1447/1447 6038/1452/1452 6039/1453/1453
f  6040/1447/1447 6041/1453/1453 6042/1448/1448
f  6043/1448/1448 6044/1453/1453 6045/1454/1454
f  6046/1448/1448 6047/1454/1454 6048/1449/1449
f  6049/1159/1159 6050/1227/1227 6051/1228/1228
f  6052/1228/1228 6053/1227/1227 6054/1450/1450
f  6055/1450/1450 6056/1455/1455 6057/1445/1445
f  6058/1445/1445 6059/1455/1455 6060/1456/1456
f  6061/1445/1445 6062/1456/1456 6063/1451/1451
f  6064/1451/1451 6065/1456/1456 6066/1457/1457
f  6067/1451/1451 6068/1457/1457 6069/1452/1452
f  6070/1452/1452 6071/1457/1457 6072/1458/1458
f  6073/1452/1452 6074/1458/1458 6075/1453/1453
f  6076/1453/1453 6077/1458/1458 6078/1459/1459
f  6079/1453/1453 6080/1459/1459 6081/1454/1454
f  6082/1227/1227 6083/1460/1460 6084/1450/1450
f  6085/1450/1450 6086/1460/1460 6087/1455/1455
f  6088/1455/1455 6089/1461/1461 6090/1456/1456
f  6091/1456/1456 6092/1461/1461 6093/1462/1462
f  6094/1456/1456 6095/1462/1462 6096/1457/1457
f  6097/1457/1457 6098/1462/1462 6099/1463/1463
f  6100/1457/1457 6101/1463/1463 6102/1458/1458
f  6103/1458/1458 6104/1463/1463 6105/1464/1464
f  6106/1458/1458 6107/1464/1464 6108/1459/1459
f  6109/1158/1158 6110/1226/1226 6111/1227/1227
f  6112/1227/1227 6113/1226/1226 6114/1251/1251
f  6115/1227/1227 6116/1251/1251 6117/1460/1460
f  6118/1460/1460 6119/1251/1251 6120/1465/1465
f  6121/1460/1460 6122/1465/1465 6123/1455/1455
f  6124/1455/1455 6125/1465/1465 6126/1466/1466
f  6127/1455/1455 6128/1466/1466 6129/1461/1461
f  6130/1461/1461 6131/1466/1466 6132/1467/1467
f  6133/1461/1461 6134/1467/1467 6135/1462/1462
f  6136/1462/1462 6137/1467/1467 6138/1468/1468
f  6139/1462/1462 6140/1468/1468 6141/1463/1463
f  6142/1463/1463 6143/1468/1468 6144/1469/1469
f  6145/1463/1463 6146/1469/1469 6147/1464/1464
f  6148/1157/1157 6149/1239/1239 6150/1226/1226
f  6151/1226/1226 6152/1239/1239 6153/1251/1251
f  6154/1251/1251 6155/1267/1267 6156/1465/1465
f  6157/1465/1465 6158/1267/1267 6159/1284/1284
f  6160/1465/1465 6161/1284/1284 6162/1466/1466
f  6163/1466/1466 6164/1284/1284 6165/1309/1309
f  6166/1466/1466 6167/1309/1309 6168/1467/1467
f  6169/1467/1467 6170/1309/1309 6171/1337/1337
f  6172/1467/1467 6173/1337/1337 6174/1468/1468
f  6175/1468/1468 6176/1337/1337 6177/1470/1470
f  6178/1468/1468 6179/1470/1470 6180/1469/1469
f  6181/1357/1357 6182/1471/1471 6183/1472/1472
f  6184/1357/1357 6185/1472/1472 6186/1356/1356
f  6187/1356/1356 6188/1472/1472 6189/1355/1355
f  6190/1355/1355 6191/1472/1472 6192/1473/1473
f  6193/1355/1355 6194/1473/1473 6195/1354/1354
f  6196/1354/1354 6197/1473/1473 6198/1474/1474
f  6199/1354/1354 6200/1474/1474 6201/1353/1353
f  6202/1353/1353 6203/1474/1474 6204/1475/1475
f  6205/1353/1353 6206/1475/1475 6207/1352/1352
f  6208/1352/1352 6209/1475/1475 6210/1476/1476
f  6211/1352/1352 6212/1476/1476 6213/1351/1351
f  6214/1351/1351 6215/1476/1476 6216/1477/1477
f  6217/1351/1351 6218/1477/1477 6219/1350/1350
f  6220/1350/1350 6221/1477/1477 6222/1478/1478
f  6223/1350/1350 6224/1478/1478 6225/1349/1349
f  6226/1349/1349 6227/1478/1478 6228/1479/1479
f  6229/1349/1349 6230/1479/1479 6231/1348/1348
f  6232/1348/1348 6233/1479/1479 6234/1480/1480
f  6235/1348/1348 6236/1480/1480 6237/1347/1347
f  6238/1347/1347 6239/1480/1480 6240/1481/1481
f  6241/1347/1347 6242/1481/1481 6243/1346/1346
f  6244/1346/1346 6245/1481/1481 6246/1482/1482
f  6247/1346/1346 6248/1482/1482 6249/1345/1345
f  6250/1345/1345 6251/1482/1482 6252/1483/1483
f  6253/1484/1484 6254/1485/1485 6255/1486/1486
f  6256/1486/1486 6257/1485/1485 6258/1487/1487
f  6259/1486/1486 6260/1487/1487 6261/1488/1488
f  6262/1488/1488 6263/1487/1487 6264/1489/1489
f  6265/1488/1488 6266/1489/1489 6267/1490/1490
f  6268/1490/1490 6269/1489/1489 6270/1491/1491
f  6271/1342/1342 6272/1492/1492 6273/1341/1341
f  6274/1341/1341 6275/1492/1492 6276/1493/1493
f  6277/1341/1341 6278/1493/1493 6279/1340/1340
f  6280/1340/1340 6281/1493/1493 6282/1494/1494
f  6283/1340/1340 6284/1494/1494 6285/1339/1339
f  6286/1339/1339 6287/1494/1494 6288/1495/1495
f  6289/1339/1339 6290/1495/1495 6291/1338/1338
f  6292/1338/1338 6293/1495/1495 6294/1496/1496
f  6295/1338/1338 6296/1496/1496 6297/1337/1337
f  6298/1337/1337 6299/1496/1496 6300/1470/1470
f  6301/1497/1497 6302/1471/1471 6303/1498/1498
f  6304/1498/1498 6305/1471/1471 6306/1357/1357
f  6307/1498/1498 6308/1357/1357 6309/1499/1499
f  6310/1499/1499 6311/1357/1357 6312/1328/1328
f  6313/1499/1499 6314/1328/1328 6315/1500/1500
f  6316/1500/1500 6317/1328/1328 6318/1302/1302
f  6319/1500/1500 6320/1302/1302 6321/1501/1501
f  6322/1501/1501 6323/1302/1302 6324/1277/1277
f  6325/1501/1501 6326/1277/1277 6327/1502/1502
f  6328/1502/1502 6329/1277/1277 6330/1261/1261
f  6331/1502/1502 6332/1261/1261 6333/1248/1248
f  6334/1503/1503 6335/1497/1497 6336/1504/1504
f  6337/1504/1504 6338/1497/1497 6339/1498/1498
f  6340/1504/1504 6341/1498/1498 6342/1505/1505
f  6343/1505/1505 6344/1498/1498 6345/1499/1499
f  6346/1505/1505 6347/1499/1499 6348/1506/1506
f  6349/1506/1506 6350/1499/1499 6351/1500/1500
f  6352/1506/1506 6353/1500/1500 6354/1501/1501
f  6355/1507/1507 6356/1502/1502 6357/1248/1248
f  6358/1507/1507 6359/1248/1248 6360/1217/1217
f  6361/1217/1217 6362/1248/1248 6363/1218/1218
f  6364/1508/1508 6365/1503/1503 6366/1509/1509
f  6367/1509/1509 6368/1503/1503 6369/1504/1504
f  6370/1509/1509 6371/1504/1504 6372/1510/1510
f  6373/1510/1510 6374/1504/1504 6375/1505/1505
f  6376/1510/1510 6377/1505/1505 6378/1511/1511
f  6379/1511/1511 6380/1505/1505 6381/1506/1506
f  6382/1511/1511 6383/1506/1506 6384/1512/1512
f  6385/1512/1512 6386/1506/1506 6387/1501/1501
f  6388/1512/1512 6389/1501/1501 6390/1513/1513
f  6391/1513/1513 6392/1501/1501 6393/1502/1502
f  6394/1513/1513 6395/1502/1502 6396/1514/1514
f  6397/1514/1514 6398/1502/1502 6399/1507/1507
f  6400/1514/1514 6401/1507/1507 6402/1217/1217
f  6403/1515/1515 6404/1508/1508 6405/1516/1516
f  6406/1516/1516 6407/1508/1508 6408/1509/1509
f  6409/1516/1516 6410/1509/1509 6411/1517/1517
f  6412/1517/1517 6413/1509/1509 6414/1510/1510
f  6415/1517/1517 6416/1510/1510 6417/1518/1518
f  6418/1518/1518 6419/1510/1510 6420/1511/1511
f  6421/1518/1518 6422/1511/1511 6423/1519/1519
f  6424/1519/1519 6425/1511/1511 6426/1512/1512
f  6427/1519/1519 6428/1512/1512 6429/1513/1513
f  6430/1216/1216 6431/1514/1514 6432/1217/1217
f  6433/1520/1520 6434/1521/1521 6435/1522/1522
f  6436/1522/1522 6437/1521/1521 6438/1523/1523
f  6439/1524/1524 6440/1516/1516 6441/1525/1525
f  6442/1525/1525 6443/1516/1516 6444/1517/1517
f  6445/1525/1525 6446/1517/1517 6447/1526/1526
f  6448/1526/1526 6449/1517/1517 6450/1518/1518
f  6451/1526/1526 6452/1518/1518 6453/1519/1519
f  6454/1527/1527 6455/1519/1519 6456/1513/1513
f  6457/1527/1527 6458/1513/1513 6459/1528/1528
f  6460/1528/1528 6461/1513/1513 6462/1514/1514
f  6463/1528/1528 6464/1514/1514 6465/1215/1215
f  6466/1215/1215 6467/1514/1514 6468/1216/1216
f  6469/1529/1529 6470/1520/1520 6471/1530/1530
f  6472/1530/1530 6473/1520/1520 6474/1522/1522
f  6475/1531/1531 6476/1524/1524 6477/1532/1532
f  6478/1532/1532 6479/1524/1524 6480/1525/1525
f  6481/1532/1532 6482/1525/1525 6483/1533/1533
f  6484/1533/1533 6485/1525/1525 6486/1526/1526
f  6487/1533/1533 6488/1526/1526 6489/1534/1534
f  6490/1534/1534 6491/1526/1526 6492/1519/1519
f  6493/1534/1534 6494/1519/1519 6495/1527/1527
f  6496/1535/1535 6497/1529/1529 6498/1536/1536
f  6499/1536/1536 6500/1529/1529 6501/1530/1530
f  6502/1537/1537 6503/1531/1531 6504/1538/1538
f  6505/1538/1538 6506/1531/1531 6507/1532/1532
f  6508/1538/1538 6509/1532/1532 6510/1539/1539
f  6511/1539/1539 6512/1532/1532 6513/1533/1533
f  6514/1539/1539 6515/1533/1533 6516/1534/1534
f  6517/1540/1540 6518/1534/1534 6519/1527/1527
f  6520/1540/1540 6521/1527/1527 6522/1541/1541
f  6523/1541/1541 6524/1527/1527 6525/1528/1528
f  6526/1541/1541 6527/1528/1528 6528/1214/1214
f  6529/1214/1214 6530/1528/1528 6531/1215/1215
f  6532/1542/1542 6533/1543/1543 6534/1544/1544
f  6535/1544/1544 6536/1543/1543 6537/1537/1537
f  6538/1544/1544 6539/1537/1537 6540/1545/1545
f  6541/1545/1545 6542/1537/1537 6543/1538/1538
f  6544/1545/1545 6545/1538/1538 6546/1546/1546
f  6547/1546/1546 6548/1538/1538 6549/1539/1539
f  6550/1546/1546 6551/1539/1539 6552/1547/1547
f  6553/1547/1547 6554/1539/1539 6555/1534/1534
f  6556/1547/1547 6557/1534/1534 6558/1540/1540
f  6559/1548/1548 6560/1542/1542 6561/1549/1549
f  6562/1549/1549 6563/1542/1542 6564/1544/1544
f  6565/1549/1549 6566/1544/1544 6567/1550/1550
f  6568/1550/1550 6569/1544/1544 6570/1545/1545
f  6571/1550/1550 6572/1545/1545 6573/1551/1551
f  6574/1551/1551 6575/1545/1545 6576/1546/1546
f  6577/1551/1551 6578/1546/1546 6579/1552/1552
f  6580/1552/1552 6581/1546/1546 6582/1547/1547
f  6583/1552/1552 6584/1547/1547 6585/1553/1553
f  6586/1553/1553 6587/1547/1547 6588/1540/1540
f  6589/1553/1553 6590/1540/1540 6591/1554/1554
f  6592/1554/1554 6593/1540/1540 6594/1541/1541
f  6595/1554/1554 6596/1541/1541 6597/1213/1213
f  6598/1213/1213 6599/1541/1541 6600/1214/1214
f  6601/1555/1555 6602/1548/1548 6603/1556/1556
f  6604/1556/1556 6605/1548/1548 6606/1549/1549
f  6607/1556/1556 6608/1549/1549 6609/1557/1557
f  6610/1557/1557 6611/1549/1549 6612/1550/1550
f  6613/1557/1557 6614/1550/1550 6615/1558/1558
f  6616/1558/1558 6617/1550/1550 6618/1551/1551
f  6619/1558/1558 6620/1551/1551 6621/1552/1552
f  6622/1559/1559 6623/1555/1555 6624/1560/1560
f  6625/1560/1560 6626/1555/1555 6627/1556/1556
f  6628/1560/1560 6629/1556/1556 6630/1561/1561
f  6631/1561/1561 6632/1556/1556 6633/1557/1557
f  6634/1561/1561 6635/1557/1557 6636/1562/1562
f  6637/1562/1562 6638/1557/1557 6639/1558/1558
f  6640/1562/1562 6641/1558/1558 6642/1563/1563
f  6643/1563/1563 6644/1558/1558 6645/1552/1552
f  6646/1563/1563 6647/1552/1552 6648/1564/1564
f  6649/1564/1564 6650/1552/1552 6651/1553/1553
f  6652/1564/1564 6653/1553/1553 6654/1565/1565
f  6655/1565/1565 6656/1553/1553 6657/1554/1554
f  6658/1565/1565 6659/1554/1554 6660/1212/1212
f  6661/1212/1212 6662/1554/1554 6663/1213/1213
f  6664/1566/1566 6665/1559/1559 6666/1567/1567
f  6667/1567/1567 6668/1559/1559 6669/1560/1560
f  6670/1567/1567 6671/1560/1560 6672/1568/1568
f  6673/1568/1568 6674/1560/1560 6675/1561/1561
f  6676/1568/1568 6677/1561/1561 6678/1569/1569
f  6679/1569/1569 6680/1561/1561 6681/1562/1562
f  6682/1569/1569 6683/1562/1562 6684/1563/1563
f  6685/1570/1570 6686/1566/1566 6687/1571/1571
f  6688/1571/1571 6689/1566/1566 6690/1567/1567
f  6691/1571/1571 6692/1567/1567 6693/1572/1572
f  6694/1572/1572 6695/1567/1567 6696/1568/1568
f  6697/1572/1572 6698/1568/1568 6699/1573/1573
f  6700/1573/1573 6701/1568/1568 6702/1569/1569
f  6703/1573/1573 6704/1569/1569 6705/1574/1574
f  6706/1574/1574 6707/1569/1569 6708/1563/1563
f  6709/1574/1574 6710/1563/1563 6711/1575/1575
f  6712/1575/1575 6713/1563/1563 6714/1564/1564
f  6715/1575/1575 6716/1564/1564 6717/1576/1576
f  6718/1576/1576 6719/1564/1564 6720/1565/1565
f  6721/1576/1576 6722/1565/1565 6723/1211/1211
f  6724/1211/1211 6725/1565/1565 6726/1212/1212
f  6727/1577/1577 6728/1570/1570 6729/1578/1578
f  6730/1578/1578 6731/1570/1570 6732/1571/1571
f  6733/1578/1578 6734/1571/1571 6735/1579/1579
f  6736/1579/1579 6737/1571/1571 6738/1572/1572
f  6739/1579/1579 6740/1572/1572 6741/1580/1580
f  6742/1580/1580 6743/1572/1572 6744/1573/1573
f  6745/1580/1580 6746/1573/1573 6747/1574/1574
f  6748/1210/1210 6749/1576/1576 6750/1211/1211
f  6751/1581/1581 6752/1577/1577 6753/1582/1582
f  6754/1582/1582 6755/1577/1577 6756/1578/1578
f  6757/1582/1582 6758/1578/1578 6759/1583/1583
f  6760/1583/1583 6761/1578/1578 6762/1579/1579
f  6763/1583/1583 6764/1579/1579 6765/1584/1584
f  6766/1584/1584 6767/1579/1579 6768/1580/1580
f  6769/1584/1584 6770/1580/1580 6771/1585/1585
f  6772/1585/1585 6773/1580/1580 6774/1574/1574
f  6775/1585/1585 6776/1574/1574 6777/1586/1586
f  6778/1586/1586 6779/1574/1574 6780/1575/1575
f  6781/1586/1586 6782/1575/1575 6783/1587/1587
f  6784/1587/1587 6785/1575/1575 6786/1576/1576
f  6787/1587/1587 6788/1576/1576 6789/1210/1210
f  6790/1588/1588 6791/1581/1581 6792/1589/1589
f  6793/1589/1589 6794/1581/1581 6795/1582/1582
f  6796/1589/1589 6797/1582/1582 6798/1590/1590
f  6799/1590/1590 6800/1582/1582 6801/1583/1583
f  6802/1590/1590 6803/1583/1583 6804/1591/1591
f  6805/1591/1591 6806/1583/1583 6807/1584/1584
f  6808/1591/1591 6809/1584/1584 6810/1585/1585
f  6811/1209/1209 6812/1587/1587 6813/1210/1210
f  6814/1592/1592 6815/1588/1588 6816/1361/1361
f  6817/1361/1361 6818/1588/1588 6819/1589/1589
f  6820/1361/1361 6821/1589/1589 6822/1360/1360
f  6823/1360/1360 6824/1589/1589 6825/1590/1590
f  6826/1360/1360 6827/1590/1590 6828/1359/1359
f  6829/1359/1359 6830/1590/1590 6831/1591/1591
f  6832/1359/1359 6833/1591/1591 6834/1358/1358
f  6835/1358/1358 6836/1591/1591 6837/1585/1585
f  6838/1358/1358 6839/1585/1585 6840/1263/1263
f  6841/1263/1263 6842/1585/1585 6843/1586/1586
f  6844/1263/1263 6845/1586/1586 6846/1225/1225
f  6847/1225/1225 6848/1586/1586 6849/1587/1587
f  6850/1225/1225 6851/1587/1587 6852/1208/1208
f  6853/1208/1208 6854/1587/1587 6855/1209/1209
f  6856/1329/1329 6857/1593/1593 6858/1330/1330
f  6859/1330/1330 6860/1593/1593 6861/1362/1362
f  6862/1362/1362 6863/1593/1593 6864/1594/1594
f  6865/1592/1592 6866/1361/1361 6867/1362/1362
f  6868/1592/1592 6869/1362/1362 6870/1595/1595
f  6871/1595/1595 6872/1362/1362 6873/1594/1594
f  6874/1595/1595 6875/1594/1594 6876/1596/1596
f  6877/1262/1262 6878/1207/1207 6879/1206/1206
f  6880/1597/1597 6881/1364/1364 6882/1366/1366
f  6883/1366/1366 6884/1598/1598 6885/1597/1597
f  6886/1597/1597 6887/1598/1598 6888/1599/1599
f  6889/1598/1598 6890/1600/1600 6891/1599/1599
f  6892/1599/1599 6893/1600/1600 6894/1601/1601
f  6895/1600/1600 6896/1602/1602 6897/1601/1601
f  6898/1603/1603 6899/1604/1604 6900/1605/1605
f  6901/1604/1604 6902/1606/1606 6903/1605/1605
f  6904/1605/1605 6905/1606/1606 6906/1607/1607
f  6907/1606/1606 6908/1608/1608 6909/1607/1607
f  6910/1607/1607 6911/1608/1608 6912/1609/1609
f  6913/1608/1608 6914/1610/1610 6915/1609/1609
f  6916/1609/1609 6917/1610/1610 6918/1611/1611
f  6919/1610/1610 6920/1612/1612 6921/1611/1611
f  6922/1611/1611 6923/1612/1612 6924/1613/1613
f  6925/1612/1612 6926/1614/1614 6927/1613/1613
f  6928/1613/1613 6929/1614/1614 6930/1615/1615
f  6931/1614/1614 6932/1616/1616 6933/1615/1615
f  6934/1615/1615 6935/1616/1616 6936/1617/1617
f  6937/1616/1616 6938/1618/1618 6939/1617/1617
f  6940/1617/1617 6941/1618/1618 6942/1619/1619
f  6943/1618/1618 6944/1620/1620 6945/1619/1619
f  6946/1619/1619 6947/1620/1620 6948/1621/1621
f  6949/1620/1620 6950/1622/1622 6951/1621/1621
f  6952/1621/1621 6953/1622/1622 6954/1623/1623
f  6955/1622/1622 6956/1624/1624 6957/1623/1623
f  6958/1623/1623 6959/1624/1624 6960/1625/1625
f  6961/1624/1624 6962/1626/1626 6963/1625/1625
f  6964/1625/1625 6965/1626/1626 6966/1627/1627
f  6967/1626/1626 6968/1628/1628 6969/1627/1627
f  6970/1627/1627 6971/1628/1628 6972/1629/1629
f  6973/1628/1628 6974/1630/1630 6975/1629/1629
f  6976/1629/1629 6977/1630/1630 6978/1631/1631
f  6979/1630/1630 6980/1632/1632 6981/1631/1631
f  6982/1631/1631 6983/1632/1632 6984/1633/1633
f  6985/1632/1632 6986/1634/1634 6987/1633/1633
f  6988/1633/1633 6989/1634/1634 6990/1635/1635
f  6991/1634/1634 6992/1636/1636 6993/1635/1635
f  6994/1635/1635 6995/1636/1636 6996/1637/1637
f  6997/1636/1636 6998/1638/1638 6999/1637/1637
f  7000/1637/1637 7001/1638/1638 7002/1639/1639
f  7003/1638/1638 7004/1640/1640 7005/1639/1639
f  7006/1639/1639 7007/1640/1640 7008/1641/1641
f  7009/1640/1640 7010/1642/1642 7011/1641/1641
f  7012/1641/1641 7013/1642/1642 7014/1643/1643
f  7015/1642/1642 7016/1644/1644 7017/1643/1643
f  7018/1643/1643 7019/1644/1644 7020/1645/1645
f  7021/1644/1644 7022/1646/1646 7023/1645/1645
f  7024/1645/1645 7025/1646/1646 7026/1647/1647
f  7027/1646/1646 7028/1648/1648 7029/1647/1647
f  7030/1647/1647 7031/1648/1648 7032/1649/1649
f  7033/1650/1650 7034/1651/1651 7035/1652/1652
f  7036/1649/1649 7037/1653/1653 7038/1654/1654
f  7039/1651/1651 7040/1655/1655 7041/1656/1656
f  7042/1656/1656 7043/1655/1655 7044/1657/1657
f  7045/1655/1655 7046/1658/1658 7047/1657/1657
f  7048/1657/1657 7049/1658/1658 7050/1659/1659
f  7051/1658/1658 7052/1660/1660 7053/1659/1659
f  7054/1659/1659 7055/1660/1660 7056/1661/1661
f  7057/1660/1660 7058/1662/1662 7059/1661/1661
f  7060/1661/1661 7061/1662/1662 7062/1663/1663
f  7063/1663/1663 7064/1662/1662 7065/1664/1664
f  7066/1663/1663 7067/1664/1664 7068/1665/1665
f  7069/1664/1664 7070/1666/1666 7071/1665/1665
f  7072/1665/1665 7073/1666/1666 7074/1667/1667
f  7075/1666/1666 7076/1668/1668 7077/1667/1667
f  7078/1667/1667 7079/1668/1668 7080/1669/1669
f  7081/1670/1670 7082/1671/1671 7083/1672/1672
f  7084/1673/1673 7085/1674/1674 7086/1675/1675
f  7087/1676/1676 7088/1677/1677 7089/1678/1678
f  7090/1679/1679 7091/1680/1680 7092/1681/1681
f  7093/1682/1682 7094/1683/1683 7095/1684/1684
f  7096/1684/1684 7097/1683/1683 7098/1685/1685
f  7099/1683/1683 7100/1686/1686 7101/1685/1685
f  7102/1685/1685 7103/1686/1686 7104/1687/1687
f  7105/1686/1686 7106/1688/1688 7107/1687/1687
f  7108/1687/1687 7109/1688/1688 7110/1689/1689
f  7111/1688/1688 7112/1690/1690 7113/1689/1689
f  7114/1689/1689 7115/1690/1690 7116/1691/1691
f  7117/1690/1690 7118/1692/1692 7119/1691/1691
f  7120/1691/1691 7121/1692/1692 7122/1693/1693
f  7123/1692/1692 7124/1694/1694 7125/1693/1693
f  7126/1693/1693 7127/1694/1694 7128/1695/1695
f  7129/1694/1694 7130/1696/1696 7131/1695/1695
f  7132/1695/1695 7133/1696/1696 7134/1697/1697
f  7135/1697/1697 7136/1696/1696 7137/1698/1698
f  7138/1697/1697 7139/1698/1698 7140/1699/1699
f  7141/1697/1697 7142/1699/1699 7143/1700/1700
f  7144/1700/1700 7145/1699/1699 7146/1701/1701
f  7147/1700/1700 7148/1701/1701 7149/1702/1702
f  7150/1702/1702 7151/1701/1701 7152/1703/1703
f  7153/1702/1702 7154/1703/1703 7155/1704/1704
f  7156/1704/1704 7157/1703/1703 7158/1705/1705
f  7159/1704/1704 7160/1705/1705 7161/1706/1706
f  7162/1706/1706 7163/1705/1705 7164/1707/1707
f  7165/1706/1706 7166/1707/1707 7167/1708/1708
f  7168/1708/1708 7169/1707/1707 7170/1709/1709
f  7171/1708/1708 7172/1709/1709 7173/1710/1710
f  7174/1710/1710 7175/1709/1709 7176/1711/1711
f  7177/1710/1710 7178/1711/1711 7179/1712/1712
f  7180/1712/1712 7181/1711/1711 7182/1713/1713
f  7183/1712/1712 7184/1713/1713 7185/1714/1714
f  7186/1714/1714 7187/1713/1713 7188/1715/1715
f  7189/1714/1714 7190/1715/1715 7191/1716/1716
f  7192/1716/1716 7193/1715/1715 7194/1717/1717
f  7195/1716/1716 7196/1717/1717 7197/1718/1718
f  7198/1718/1718 7199/1717/1717 7200/1719/1719
f  7201/1718/1718 7202/1719/1719 7203/1720/1720
f  7204/1720/1720 7205/1719/1719 7206/1721/1721
f  7207/1720/1720 7208/1721/1721 7209/1722/1722
f  7210/1722/1722 7211/1721/1721 7212/1723/1723
f  7213/1722/1722 7214/1723/1723 7215/1724/1724
f  7216/1724/1724 7217/1723/1723 7218/1725/1725
f  7219/1724/1724 7220/1725/1725 7221/1726/1726
f  7222/1726/1726 7223/1725/1725 7224/1727/1727
f  7225/1726/1726 7226/1727/1727 7227/1728/1728
f  7228/1728/1728 7229/1727/1727 7230/1729/1729
f  7231/1728/1728 7232/1729/1729 7233/1730/1730
f  7234/1731/1731 7235/1732/1732 7236/1730/1730
f  7237/1731/1731 7238/1730/1730 7239/1729/1729
f  7240/1733/1733 7241/1305/1305 7242/1331/1331
f  7243/1594/1594 7244/1732/1732 7245/1731/1731
f  7246/1594/1594 7247/1731/1731 7248/1596/1596
f  7249/1594/1594 7250/1734/1734 7251/1732/1732
f  7252/1732/1732 7253/1734/1734 7254/1735/1735
f  7255/1732/1732 7256/1735/1735 7257/1730/1730
f  7258/1730/1730 7259/1735/1735 7260/1736/1736
f  7261/1730/1730 7262/1736/1736 7263/1728/1728
f  7264/1728/1728 7265/1736/1736 7266/1737/1737
f  7267/1728/1728 7268/1737/1737 7269/1726/1726
f  7270/1726/1726 7271/1737/1737 7272/1738/1738
f  7273/1726/1726 7274/1738/1738 7275/1724/1724
f  7276/1724/1724 7277/1738/1738 7278/1739/1739
f  7279/1724/1724 7280/1739/1739 7281/1722/1722
f  7282/1722/1722 7283/1739/1739 7284/1740/1740
f  7285/1722/1722 7286/1740/1740 7287/1720/1720
f  7288/1720/1720 7289/1740/1740 7290/1741/1741
f  7291/1720/1720 7292/1741/1741 7293/1718/1718
f  7294/1718/1718 7295/1741/1741 7296/1742/1742
f  7297/1718/1718 7298/1742/1742 7299/1716/1716
f  7300/1716/1716 7301/1742/1742 7302/1743/1743
f  7303/1716/1716 7304/1743/1743 7305/1714/1714
f  7306/1714/1714 7307/1743/1743 7308/1744/1744
f  7309/1714/1714 7310/1744/1744 7311/1712/1712
f  7312/1712/1712 7313/1744/1744 7314/1745/1745
f  7315/1712/1712 7316/1745/1745 7317/1710/1710
f  7318/1710/1710 7319/1745/1745 7320/1746/1746
f  7321/1710/1710 7322/1746/1746 7323/1708/1708
f  7324/1708/1708 7325/1746/1746 7326/1747/1747
f  7327/1708/1708 7328/1747/1747 7329/1706/1706
f  7330/1706/1706 7331/1747/1747 7332/1748/1748
f  7333/1706/1706 7334/1748/1748 7335/1704/1704
f  7336/1704/1704 7337/1748/1748 7338/1749/1749
f  7339/1704/1704 7340/1749/1749 7341/1702/1702
f  7342/1702/1702 7343/1749/1749 7344/1750/1750
f  7345/1702/1702 7346/1750/1750 7347/1700/1700
f  7348/1700/1700 7349/1750/1750 7350/1751/1751
f  7351/1700/1700 7352/1751/1751 7353/1697/1697
f  7354/1697/1697 7355/1751/1751 7356/1752/1752
f  7357/1697/1697 7358/1752/1752 7359/1695/1695
f  7360/1695/1695 7361/1752/1752 7362/1753/1753
f  7363/1695/1695 7364/1753/1753 7365/1693/1693
f  7366/1693/1693 7367/1753/1753 7368/1754/1754
f  7369/1693/1693 7370/1754/1754 7371/1691/1691
f  7372/1691/1691 7373/1754/1754 7374/1755/1755
f  7375/1691/1691 7376/1755/1755 7377/1689/1689
f  7378/1689/1689 7379/1755/1755 7380/1756/1756
f  7381/1689/1689 7382/1756/1756 7383/1687/1687
f  7384/1687/1687 7385/1756/1756 7386/1757/1757
f  7387/1687/1687 7388/1757/1757 7389/1685/1685
f  7390/1685/1685 7391/1757/1757 7392/1758/1758
f  7393/1685/1685 7394/1758/1758 7395/1684/1684
f  7396/1684/1684 7397/1758/1758 7398/1759/1759
f  7399/1684/1684 7400/1759/1759 7401/1760/1760
f  7402/1760/1760 7403/1759/1759 7404/1761/1761
f  7405/1760/1760 7406/1761/1761 7407/1762/1762
f  7408/1762/1762 7409/1761/1761 7410/1763/1763
f  7411/1762/1762 7412/1763/1763 7413/1764/1764
f  7414/1764/1764 7415/1763/1763 7416/1765/1765
f  7417/1764/1764 7418/1765/1765 7419/1766/1766
f  7420/1766/1766 7421/1765/1765 7422/1767/1767
f  7423/1766/1766 7424/1767/1767 7425/1768/1768
f  7426/1768/1768 7427/1767/1767 7428/1769/1769
f  7429/1768/1768 7430/1769/1769 7431/1770/1770
f  7432/1770/1770 7433/1769/1769 7434/1771/1771
f  7435/1770/1770 7436/1771/1771 7437/1772/1772
f  7438/1772/1772 7439/1771/1771 7440/1773/1773
f  7441/1772/1772 7442/1773/1773 7443/1774/1774
f  7444/1774/1774 7445/1773/1773 7446/1775/1775
f  7447/1774/1774 7448/1775/1775 7449/1654/1654
f  7450/1654/1654 7451/1775/1775 7452/1776/1776
f  7453/1654/1654 7454/1776/1776 7455/1649/1649
f  7456/1649/1649 7457/1776/1776 7458/1777/1777
f  7459/1649/1649 7460/1777/1777 7461/1647/1647
f  7462/1647/1647 7463/1777/1777 7464/1778/1778
f  7465/1647/1647 7466/1778/1778 7467/1645/1645
f  7468/1645/1645 7469/1778/1778 7470/1779/1779
f  7471/1645/1645 7472/1779/1779 7473/1643/1643
f  7474/1643/1643 7475/1779/1779 7476/1780/1780
f  7477/1643/1643 7478/1780/1780 7479/1641/1641
f  7480/1641/1641 7481/1780/1780 7482/1781/1781
f  7483/1641/1641 7484/1781/1781 7485/1639/1639
f  7486/1639/1639 7487/1781/1781 7488/1782/1782
f  7489/1639/1639 7490/1782/1782 7491/1637/1637
f  7492/1637/1637 7493/1782/1782 7494/1783/1783
f  7495/1637/1637 7496/1783/1783 7497/1635/1635
f  7498/1635/1635 7499/1783/1783 7500/1784/1784
f  7501/1635/1635 7502/1784/1784 7503/1633/1633
f  7504/1633/1633 7505/1784/1784 7506/1785/1785
f  7507/1633/1633 7508/1785/1785 7509/1631/1631
f  7510/1631/1631 7511/1785/1785 7512/1786/1786
f  7513/1631/1631 7514/1786/1786 7515/1629/1629
f  7516/1629/1629 7517/1786/1786 7518/1787/1787
f  7519/1629/1629 7520/1787/1787 7521/1627/1627
f  7522/1627/1627 7523/1787/1787 7524/1788/1788
f  7525/1627/1627 7526/1788/1788 7527/1625/1625
f  7528/1625/1625 7529/1788/1788 7530/1789/1789
f  7531/1625/1625 7532/1789/1789 7533/1623/1623
f  7534/1623/1623 7535/1789/1789 7536/1790/1790
f  7537/1623/1623 7538/1790/1790 7539/1621/1621
f  7540/1621/1621 7541/1790/1790 7542/1791/1791
f  7543/1621/1621 7544/1791/1791 7545/1619/1619
f  7546/1619/1619 7547/1791/1791 7548/1792/1792
f  7549/1619/1619 7550/1792/1792 7551/1617/1617
f  7552/1617/1617 7553/1792/1792 7554/1793/1793
f  7555/1617/1617 7556/1793/1793 7557/1615/1615
f  7558/1615/1615 7559/1793/1793 7560/1794/1794
f  7561/1615/1615 7562/1794/1794 7563/1613/1613
f  7564/1613/1613 7565/1794/1794 7566/1795/1795
f  7567/1613/1613 7568/1795/1795 7569/1611/1611
f  7570/1611/1611 7571/1795/1795 7572/1796/1796
f  7573/1611/1611 7574/1796/1796 7575/1609/1609
f  7576/1609/1609 7577/1796/1796 7578/1797/1797
f  7579/1609/1609 7580/1797/1797 7581/1607/1607
f  7582/1607/1607 7583/1797/1797 7584/1798/1798
f  7585/1607/1607 7586/1798/1798 7587/1605/1605
f  7588/1605/1605 7589/1798/1798 7590/1799/1799
f  7591/1605/1605 7592/1799/1799 7593/1603/1603
f  7594/1603/1603 7595/1799/1799 7596/1800/1800
f  7597/1603/1603 7598/1800/1800 7599/1801/1801
f  7600/1801/1801 7601/1800/1800 7602/1733/1733
f  7603/1801/1801 7604/1733/1733 7605/1802/1802
f  7606/1802/1802 7607/1733/1733 7608/1331/1331
f  7609/1803/1803 7610/1280/1280 7611/1305/1305
f  7612/1305/1305 7613/1733/1733 7614/1803/1803
f  7615/1803/1803 7616/1733/1733 7617/1800/1800
f  7618/1803/1803 7619/1800/1800 7620/1804/1804
f  7621/1804/1804 7622/1800/1800 7623/1799/1799
f  7624/1804/1804 7625/1799/1799 7626/1805/1805
f  7627/1805/1805 7628/1799/1799 7629/1798/1798
f  7630/1805/1805 7631/1798/1798 7632/1806/1806
f  7633/1806/1806 7634/1798/1798 7635/1797/1797
f  7636/1806/1806 7637/1797/1797 7638/1807/1807
f  7639/1807/1807 7640/1797/1797 7641/1796/1796
f  7642/1807/1807 7643/1796/1796 7644/1808/1808
f  7645/1808/1808 7646/1796/1796 7647/1795/1795
f  7648/1808/1808 7649/1795/1795 7650/1809/1809
f  7651/1809/1809 7652/1795/1795 7653/1794/1794
f  7654/1809/1809 7655/1794/1794 7656/1810/1810
f  7657/1810/1810 7658/1794/1794 7659/1793/1793
f  7660/1810/1810 7661/1793/1793 7662/1811/1811
f  7663/1811/1811 7664/1793/1793 7665/1792/1792
f  7666/1811/1811 7667/1792/1792 7668/1812/1812
f  7669/1812/1812 7670/1792/1792 7671/1791/1791
f  7672/1812/1812 7673/1791/1791 7674/1813/1813
f  7675/1813/1813 7676/1791/1791 7677/1790/1790
f  7678/1813/1813 7679/1790/1790 7680/1814/1814
f  7681/1814/1814 7682/1790/1790 7683/1789/1789
f  7684/1814/1814 7685/1789/1789 7686/1815/1815
f  7687/1815/1815 7688/1789/1789 7689/1788/1788
f  7690/1815/1815 7691/1788/1788 7692/1816/1816
f  7693/1816/1816 7694/1788/1788 7695/1787/1787
f  7696/1816/1816 7697/1787/1787 7698/1817/1817
f  7699/1817/1817 7700/1787/1787 7701/1786/1786
f  7702/1817/1817 7703/1786/1786 7704/1818/1818
f  7705/1818/1818 7706/1786/1786 7707/1785/1785
f  7708/1818/1818 7709/1785/1785 7710/1819/1819
f  7711/1819/1819 7712/1785/1785 7713/1784/1784
f  7714/1819/1819 7715/1784/1784 7716/1820/1820
f  7717/1820/1820 7718/1784/1784 7719/1783/1783
f  7720/1820/1820 7721/1783/1783 7722/1821/1821
f  7723/1821/1821 7724/1783/1783 7725/1782/1782
f  7726/1821/1821 7727/1782/1782 7728/1822/1822
f  7729/1822/1822 7730/1782/1782 7731/1781/1781
f  7732/1822/1822 7733/1781/1781 7734/1823/1823
f  7735/1823/1823 7736/1781/1781 7737/1780/1780
f  7738/1823/1823 7739/1780/1780 7740/1824/1824
f  7741/1824/1824 7742/1780/1780 7743/1779/1779
f  7744/1824/1824 7745/1779/1779 7746/1825/1825
f  7747/1825/1825 7748/1779/1779 7749/1778/1778
f  7750/1825/1825 7751/1778/1778 7752/1826/1826
f  7753/1826/1826 7754/1778/1778 7755/1777/1777
f  7756/1826/1826 7757/1777/1777 7758/1827/1827
f  7759/1827/1827 7760/1777/1777 7761/1776/1776
f  7762/1827/1827 7763/1776/1776 7764/1828/1828
f  7765/1828/1828 7766/1776/1776 7767/1775/1775
f  7768/1828/1828 7769/1775/1775 7770/1829/1829
f  7771/1829/1829 7772/1775/1775 7773/1773/1773
f  7774/1829/1829 7775/1773/1773 7776/1830/1830
f  7777/1830/1830 7778/1773/1773 7779/1771/1771
f  7780/1830/1830 7781/1771/1771 7782/1831/1831
f  7783/1831/1831 7784/1771/1771 7785/1769/1769
f  7786/1831/1831 7787/1769/1769 7788/1832/1832
f  7789/1832/1832 7790/1769/1769 7791/1767/1767
f  7792/1832/1832 7793/1767/1767 7794/1833/1833
f  7795/1833/1833 7796/1767/1767 7797/1765/1765
f  7798/1833/1833 7799/1765/1765 7800/1834/1834
f  7801/1834/1834 7802/1765/1765 7803/1763/1763
f  7804/1834/1834 7805/1763/1763 7806/1835/1835
f  7807/1835/1835 7808/1763/1763 7809/1761/1761
f  7810/1835/1835 7811/1761/1761 7812/1836/1836
f  7813/1836/1836 7814/1761/1761 7815/1759/1759
f  7816/1836/1836 7817/1759/1759 7818/1837/1837
f  7819/1837/1837 7820/1759/1759 7821/1758/1758
f  7822/1837/1837 7823/1758/1758 7824/1838/1838
f  7825/1838/1838 7826/1758/1758 7827/1757/1757
f  7828/1838/1838 7829/1757/1757 7830/1839/1839
f  7831/1839/1839 7832/1757/1757 7833/1756/1756
f  7834/1839/1839 7835/1756/1756 7836/1840/1840
f  7837/1840/1840 7838/1756/1756 7839/1755/1755
f  7840/1840/1840 7841/1755/1755 7842/1841/1841
f  7843/1841/1841 7844/1755/1755 7845/1754/1754
f  7846/1841/1841 7847/1754/1754 7848/1842/1842
f  7849/1842/1842 7850/1754/1754 7851/1753/1753
f  7852/1842/1842 7853/1753/1753 7854/1843/1843
f  7855/1843/1843 7856/1753/1753 7857/1752/1752
f  7858/1843/1843 7859/1752/1752 7860/1844/1844
f  7861/1844/1844 7862/1752/1752 7863/1751/1751
f  7864/1844/1844 7865/1751/1751 7866/1845/1845
f  7867/1845/1845 7868/1751/1751 7869/1750/1750
f  7870/1845/1845 7871/1750/1750 7872/1846/1846
f  7873/1846/1846 7874/1750/1750 7875/1749/1749
f  7876/1846/1846 7877/1749/1749 7878/1847/1847
f  7879/1847/1847 7880/1749/1749 7881/1748/1748
f  7882/1847/1847 7883/1748/1748 7884/1848/1848
f  7885/1848/1848 7886/1748/1748 7887/1747/1747
f  7888/1848/1848 7889/1747/1747 7890/1849/1849
f  7891/1849/1849 7892/1747/1747 7893/1746/1746
f  7894/1849/1849 7895/1746/1746 7896/1850/1850
f  7897/1850/1850 7898/1746/1746 7899/1745/1745
f  7900/1850/1850 7901/1745/1745 7902/1851/1851
f  7903/1851/1851 7904/1745/1745 7905/1744/1744
f  7906/1851/1851 7907/1744/1744 7908/1852/1852
f  7909/1852/1852 7910/1744/1744 7911/1743/1743
f  7912/1852/1852 7913/1743/1743 7914/1853/1853
f  7915/1853/1853 7916/1743/1743 7917/1742/1742
f  7918/1853/1853 7919/1742/1742 7920/1854/1854
f  7921/1854/1854 7922/1742/1742 7923/1741/1741
f  7924/1854/1854 7925/1741/1741 7926/1855/1855
f  7927/1855/1855 7928/1741/1741 7929/1740/1740
f  7930/1855/1855 7931/1740/1740 7932/1856/1856
f  7933/1856/1856 7934/1740/1740 7935/1739/1739
f  7936/1856/1856 7937/1739/1739 7938/1857/1857
f  7939/1857/1857 7940/1739/1739 7941/1738/1738
f  7942/1857/1857 7943/1738/1738 7944/1858/1858
f  7945/1858/1858 7946/1738/1738 7947/1737/1737
f  7948/1858/1858 7949/1737/1737 7950/1859/1859
f  7951/1859/1859 7952/1737/1737 7953/1736/1736
f  7954/1859/1859 7955/1736/1736 7956/1860/1860
f  7957/1860/1860 7958/1736/1736 7959/1735/1735
f  7960/1860/1860 7961/1735/1735 7962/1861/1861
f  7963/1861/1861 7964/1735/1735 7965/1734/1734
f  7966/1861/1861 7967/1734/1734 7968/1862/1862
f  7969/1863/1863 7970/1264/1264 7971/1280/1280
f  7972/1594/1594 7973/1593/1593 7974/1734/1734
f  7975/1734/1734 7976/1593/1593 7977/1862/1862
f  7978/1862/1862 7979/1593/1593 7980/1329/1329
f  7981/1329/1329 7982/1864/1864 7983/1862/1862
f  7984/1862/1862 7985/1864/1864 7986/1865/1865
f  7987/1862/1862 7988/1865/1865 7989/1861/1861
f  7990/1861/1861 7991/1865/1865 7992/1866/1866
f  7993/1861/1861 7994/1866/1866 7995/1860/1860
f  7996/1860/1860 7997/1866/1866 7998/1867/1867
f  7999/1860/1860 8000/1867/1867 8001/1859/1859
f  8002/1859/1859 8003/1867/1867 8004/1868/1868
f  8005/1859/1859 8006/1868/1868 8007/1858/1858
f  8008/1858/1858 8009/1868/1868 8010/1869/1869
f  8011/1858/1858 8012/1869/1869 8013/1857/1857
f  8014/1857/1857 8015/1869/1869 8016/1870/1870
f  8017/1857/1857 8018/1870/1870 8019/1856/1856
f  8020/1856/1856 8021/1870/1870 8022/1871/1871
f  8023/1856/1856 8024/1871/1871 8025/1855/1855
f  8026/1855/1855 8027/1871/1871 8028/1872/1872
f  8029/1855/1855 8030/1872/1872 8031/1854/1854
f  8032/1854/1854 8033/1872/1872 8034/1873/1873
f  8035/1854/1854 8036/1873/1873 8037/1853/1853
f  8038/1853/1853 8039/1873/1873 8040/1874/1874
f  8041/1853/1853 8042/1874/1874 8043/1852/1852
f  8044/1852/1852 8045/1874/1874 8046/1875/1875
f  8047/1852/1852 8048/1875/1875 8049/1851/1851
f  8050/1851/1851 8051/1875/1875 8052/1876/1876
f  8053/1851/1851 8054/1876/1876 8055/1850/1850
f  8056/1850/1850 8057/1876/1876 8058/1877/1877
f  8059/1850/1850 8060/1877/1877 8061/1849/1849
f  8062/1849/1849 8063/1877/1877 8064/1878/1878
f  8065/1849/1849 8066/1878/1878 8067/1848/1848
f  8068/1848/1848 8069/1878/1878 8070/1879/1879
f  8071/1848/1848 8072/1879/1879 8073/1847/1847
f  8074/1847/1847 8075/1879/1879 8076/1880/1880
f  8077/1847/1847 8078/1880/1880 8079/1846/1846
f  8080/1846/1846 8081/1880/1880 8082/1881/1881
f  8083/1846/1846 8084/1881/1881 8085/1845/1845
f  8086/1845/1845 8087/1881/1881 8088/1882/1882
f  8089/1845/1845 8090/1882/1882 8091/1844/1844
f  8092/1844/1844 8093/1882/1882 8094/1883/1883
f  8095/1844/1844 8096/1883/1883 8097/1843/1843
f  8098/1843/1843 8099/1883/1883 8100/1884/1884
f  8101/1843/1843 8102/1884/1884 8103/1842/1842
f  8104/1842/1842 8105/1884/1884 8106/1885/1885
f  8107/1842/1842 8108/1885/1885 8109/1841/1841
f  8110/1841/1841 8111/1885/1885 8112/1886/1886
f  8113/1841/1841 8114/1886/1886 8115/1840/1840
f  8116/1840/1840 8117/1886/1886 8118/1887/1887
f  8119/1840/1840 8120/1887/1887 8121/1839/1839
f  8122/1839/1839 8123/1887/1887 8124/1888/1888
f  8125/1839/1839 8126/1888/1888 8127/1838/1838
f  8128/1838/1838 8129/1888/1888 8130/1889/1889
f  8131/1838/1838 8132/1889/1889 8133/1837/1837
f  8134/1837/1837 8135/1889/1889 8136/1890/1890
f  8137/1837/1837 8138/1890/1890 8139/1836/1836
f  8140/1836/1836 8141/1890/1890 8142/1891/1891
f  8143/1836/1836 8144/1891/1891 8145/1835/1835
f  8146/1835/1835 8147/1891/1891 8148/1892/1892
f  8149/1835/1835 8150/1892/1892 8151/1834/1834
f  8152/1834/1834 8153/1892/1892 8154/1893/1893
f  8155/1834/1834 8156/1893/1893 8157/1833/1833
f  8158/1833/1833 8159/1893/1893 8160/1894/1894
f  8161/1833/1833 8162/1894/1894 8163/1832/1832
f  8164/1832/1832 8165/1894/1894 8166/1895/1895
f  8167/1832/1832 8168/1895/1895 8169/1831/1831
f  8170/1831/1831 8171/1895/1895 8172/1896/1896
f  8173/1831/1831 8174/1896/1896 8175/1830/1830
f  8176/1830/1830 8177/1896/1896 8178/1897/1897
f  8179/1830/1830 8180/1897/1897 8181/1829/1829
f  8182/1829/1829 8183/1897/1897 8184/1898/1898
f  8185/1829/1829 8186/1898/1898 8187/1828/1828
f  8188/1828/1828 8189/1898/1898 8190/1899/1899
f  8191/1828/1828 8192/1899/1899 8193/1827/1827
f  8194/1827/1827 8195/1899/1899 8196/1900/1900
f  8197/1827/1827 8198/1900/1900 8199/1826/1826
f  8200/1826/1826 8201/1900/1900 8202/1901/1901
f  8203/1826/1826 8204/1901/1901 8205/1825/1825
f  8206/1825/1825 8207/1901/1901 8208/1902/1902
f  8209/1825/1825 8210/1902/1902 8211/1824/1824
f  8212/1824/1824 8213/1902/1902 8214/1903/1903
f  8215/1824/1824 8216/1903/1903 8217/1823/1823
f  8218/1823/1823 8219/1903/1903 8220/1904/1904
f  8221/1823/1823 8222/1904/1904 8223/1822/1822
f  8224/1822/1822 8225/1904/1904 8226/1905/1905
f  8227/1822/1822 8228/1905/1905 8229/1821/1821
f  8230/1821/1821 8231/1905/1905 8232/1906/1906
f  8233/1821/1821 8234/1906/1906 8235/1820/1820
f  8236/1820/1820 8237/1906/1906 8238/1907/1907
f  8239/1820/1820 8240/1907/1907 8241/1819/1819
f  8242/1819/1819 8243/1907/1907 8244/1908/1908
f  8245/1819/1819 8246/1908/1908 8247/1818/1818
f  8248/1818/1818 8249/1908/1908 8250/1909/1909
f  8251/1818/1818 8252/1909/1909 8253/1817/1817
f  8254/1817/1817 8255/1909/1909 8256/1910/1910
f  8257/1817/1817 8258/1910/1910 8259/1816/1816
f  8260/1816/1816 8261/1910/1910 8262/1911/1911
f  8263/1816/1816 8264/1911/1911 8265/1815/1815
f  8266/1815/1815 8267/1911/1911 8268/1912/1912
f  8269/1815/1815 8270/1912/1912 8271/1814/1814
f  8272/1814/1814 8273/1912/1912 8274/1913/1913
f  8275/1814/1814 8276/1913/1913 8277/1813/1813
f  8278/1813/1813 8279/1913/1913 8280/1914/1914
f  8281/1813/1813 8282/1914/1914 8283/1812/1812
f  8284/1812/1812 8285/1914/1914 8286/1915/1915
f  8287/1812/1812 8288/1915/1915 8289/1811/1811
f  8290/1811/1811 8291/1915/1915 8292/1916/1916
f  8293/1811/1811 8294/1916/1916 8295/1810/1810
f  8296/1810/1810 8297/1916/1916 8298/1917/1917
f  8299/1810/1810 8300/1917/1917 8301/1809/1809
f  8302/1809/1809 8303/1917/1917 8304/1918/1918
f  8305/1809/1809 8306/1918/1918 8307/1808/1808
f  8308/1808/1808 8309/1918/1918 8310/1919/1919
f  8311/1808/1808 8312/1919/1919 8313/1807/1807
f  8314/1807/1807 8315/1919/1919 8316/1920/1920
f  8317/1807/1807 8318/1920/1920 8319/1806/1806
f  8320/1806/1806 8321/1920/1920 8322/1921/1921
f  8323/1806/1806 8324/1921/1921 8325/1805/1805
f  8326/1805/1805 8327/1921/1921 8328/1922/1922
f  8329/1805/1805 8330/1922/1922 8331/1804/1804
f  8332/1804/1804 8333/1922/1922 8334/1863/1863
f  8335/1804/1804 8336/1863/1863 8337/1803/1803
f  8338/1803/1803 8339/1863/1863 8340/1280/1280
f  8341/1923/1923 8342/1249/1249 8343/1264/1264
f  8344/1264/1264 8345/1863/1863 8346/1923/1923
f  8347/1923/1923 8348/1863/1863 8349/1922/1922
f  8350/1923/1923 8351/1922/1922 8352/1924/1924
f  8353/1924/1924 8354/1922/1922 8355/1921/1921
f  8356/1924/1924 8357/1921/1921 8358/1920/1920
f  8359/1924/1924 8360/1920/1920 8361/1925/1925
f  8362/1925/1925 8363/1920/1920 8364/1919/1919
f  8365/1925/1925 8366/1919/1919 8367/1918/1918
f  8368/1925/1925 8369/1918/1918 8370/1926/1926
f  8371/1926/1926 8372/1918/1918 8373/1917/1917
f  8374/1926/1926 8375/1917/1917 8376/1927/1927
f  8377/1927/1927 8378/1917/1917 8379/1916/1916
f  8380/1927/1927 8381/1916/1916 8382/1915/1915
f  8383/1927/1927 8384/1915/1915 8385/1928/1928
f  8386/1928/1928 8387/1915/1915 8388/1914/1914
f  8389/1928/1928 8390/1914/1914 8391/1913/1913
f  8392/1928/1928 8393/1913/1913 8394/1929/1929
f  8395/1929/1929 8396/1913/1913 8397/1912/1912
f  8398/1929/1929 8399/1912/1912 8400/1911/1911
f  8401/1929/1929 8402/1911/1911 8403/1930/1930
f  8404/1930/1930 8405/1911/1911 8406/1910/1910
f  8407/1930/1930 8408/1910/1910 8409/1909/1909
f  8410/1930/1930 8411/1909/1909 8412/1931/1931
f  8413/1931/1931 8414/1909/1909 8415/1908/1908
f  8416/1931/1931 8417/1908/1908 8418/1907/1907
f  8419/1931/1931 8420/1907/1907 8421/1932/1932
f  8422/1932/1932 8423/1907/1907 8424/1906/1906
f  8425/1932/1932 8426/1906/1906 8427/1933/1933
f  8428/1933/1933 8429/1906/1906 8430/1905/1905
f  8431/1933/1933 8432/1905/1905 8433/1904/1904
f  8434/1933/1933 8435/1904/1904 8436/1934/1934
f  8437/1934/1934 8438/1904/1904 8439/1903/1903
f  8440/1934/1934 8441/1903/1903 8442/1935/1935
f  8443/1935/1935 8444/1903/1903 8445/1902/1902
f  8446/1935/1935 8447/1902/1902 8448/1901/1901
f  8449/1935/1935 8450/1901/1901 8451/1936/1936
f  8452/1936/1936 8453/1901/1901 8454/1900/1900
f  8455/1936/1936 8456/1900/1900 8457/1937/1937
f  8458/1937/1937 8459/1900/1900 8460/1899/1899
f  8461/1937/1937 8462/1899/1899 8463/1898/1898
f  8464/1937/1937 8465/1898/1898 8466/1938/1938
f  8467/1938/1938 8468/1898/1898 8469/1897/1897
f  8470/1938/1938 8471/1897/1897 8472/1896/1896
f  8473/1938/1938 8474/1896/1896 8475/1939/1939
f  8476/1939/1939 8477/1896/1896 8478/1895/1895
f  8479/1939/1939 8480/1895/1895 8481/1894/1894
f  8482/1939/1939 8483/1894/1894 8484/1940/1940
f  8485/1940/1940 8486/1894/1894 8487/1893/1893
f  8488/1940/1940 8489/1893/1893 8490/1941/1941
f  8491/1941/1941 8492/1893/1893 8493/1892/1892
f  8494/1941/1941 8495/1892/1892 8496/1891/1891
f  8497/1941/1941 8498/1891/1891 8499/1942/1942
f  8500/1942/1942 8501/1891/1891 8502/1890/1890
f  8503/1942/1942 8504/1890/1890 8505/1943/1943
f  8506/1943/1943 8507/1890/1890 8508/1889/1889
f  8509/1943/1943 8510/1889/1889 8511/1888/1888
f  8512/1943/1943 8513/1888/1888 8514/1944/1944
f  8515/1944/1944 8516/1888/1888 8517/1887/1887
f  8518/1944/1944 8519/1887/1887 8520/1945/1945
f  8521/1945/1945 8522/1887/1887 8523/1886/1886
f  8524/1945/1945 8525/1886/1886 8526/1885/1885
f  8527/1945/1945 8528/1885/1885 8529/1946/1946
f  8530/1946/1946 8531/1885/1885 8532/1884/1884
f  8533/1946/1946 8534/1884/1884 8535/1883/1883
f  8536/1946/1946 8537/1883/1883 8538/1947/1947
f  8539/1947/1947 8540/1883/1883 8541/1882/1882
f  8542/1947/1947 8543/1882/1882 8544/1881/1881
f  8545/1947/1947 8546/1881/1881 8547/1948/1948
f  8548/1948/1948 8549/1881/1881 8550/1880/1880
f  8551/1948/1948 8552/1880/1880 8553/1949/1949
f  8554/1949/1949 8555/1880/1880 8556/1879/1879
f  8557/1949/1949 8558/1879/1879 8559/1878/1878
f  8560/1949/1949 8561/1878/1878 8562/1950/1950
f  8563/1950/1950 8564/1878/1878 8565/1877/1877
f  8566/1950/1950 8567/1877/1877 8568/1951/1951
f  8569/1951/1951 8570/1877/1877 8571/1876/1876
f  8572/1951/1951 8573/1876/1876 8574/1875/1875
f  8575/1951/1951 8576/1875/1875 8577/1952/1952
f  8578/1952/1952 8579/1875/1875 8580/1874/1874
f  8581/1952/1952 8582/1874/1874 8583/1873/1873
f  8584/1952/1952 8585/1873/1873 8586/1953/1953
f  8587/1953/1953 8588/1873/1873 8589/1872/1872
f  8590/1953/1953 8591/1872/1872 8592/1871/1871
f  8593/1953/1953 8594/1871/1871 8595/1954/1954
f  8596/1954/1954 8597/1871/1871 8598/1870/1870
f  8599/1954/1954 8600/1870/1870 8601/1869/1869
f  8602/1954/1954 8603/1869/1869 8604/1955/1955
f  8605/1955/1955 8606/1869/1869 8607/1868/1868
f  8608/1955/1955 8609/1868/1868 8610/1867/1867
f  8611/1955/1955 8612/1867/1867 8613/1956/1956
f  8614/1956/1956 8615/1867/1867 8616/1866/1866
f  8617/1956/1956 8618/1866/1866 8619/1865/1865
f  8620/1956/1956 8621/1865/1865 8622/1957/1957
f  8623/1957/1957 8624/1865/1865 8625/1864/1864
f  8626/1329/1329 8627/1303/1303 8628/1864/1864
f  8629/1864/1864 8630/1303/1303 8631/1957/1957
f  8632/1957/1957 8633/1303/1303 8634/1278/1278
f  8635/1249/1249 8636/1923/1923 8637/1238/1238
f  8638/1238/1238 8639/1923/1923 8640/1924/1924
f  8641/1238/1238 8642/1924/1924 8643/1958/1958
f  8644/1958/1958 8645/1924/1924 8646/1925/1925
f  8647/1958/1958 8648/1925/1925 8649/1959/1959
f  8650/1959/1959 8651/1925/1925 8652/1926/1926
f  8653/1959/1959 8654/1926/1926 8655/1960/1960
f  8656/1960/1960 8657/1926/1926 8658/1927/1927
f  8659/1960/1960 8660/1927/1927 8661/1961/1961
f  8662/1961/1961 8663/1927/1927 8664/1928/1928
f  8665/1961/1961 8666/1928/1928 8667/1962/1962
f  8668/1962/1962 8669/1928/1928 8670/1929/1929
f  8671/1962/1962 8672/1929/1929 8673/1963/1963
f  8674/1963/1963 8675/1929/1929 8676/1930/1930
f  8677/1963/1963 8678/1930/1930 8679/1964/1964
f  8680/1964/1964 8681/1930/1930 8682/1931/1931
f  8683/1964/1964 8684/1931/1931 8685/1965/1965
f  8686/1965/1965 8687/1931/1931 8688/1932/1932
f  8689/1965/1965 8690/1932/1932 8691/1966/1966
f  8692/1966/1966 8693/1932/1932 8694/1933/1933
f  8695/1966/1966 8696/1933/1933 8697/1967/1967
f  8698/1967/1967 8699/1933/1933 8700/1934/1934
f  8701/1967/1967 8702/1934/1934 8703/1968/1968
f  8704/1968/1968 8705/1934/1934 8706/1935/1935
f  8707/1968/1968 8708/1935/1935 8709/1969/1969
f  8710/1969/1969 8711/1935/1935 8712/1936/1936
f  8713/1969/1969 8714/1936/1936 8715/1970/1970
f  8716/1970/1970 8717/1936/1936 8718/1937/1937
f  8719/1970/1970 8720/1937/1937 8721/1971/1971
f  8722/1971/1971 8723/1937/1937 8724/1938/1938
f  8725/1971/1971 8726/1938/1938 8727/1972/1972
f  8728/1972/1972 8729/1938/1938 8730/1973/1973
f  8731/1973/1973 8732/1938/1938 8733/1939/1939
f  8734/1973/1973 8735/1939/1939 8736/1974/1974
f  8737/1974/1974 8738/1939/1939 8739/1940/1940
f  8740/1974/1974 8741/1940/1940 8742/1941/1941
f  8743/1974/1974 8744/1941/1941 8745/1975/1975
f  8746/1975/1975 8747/1941/1941 8748/1976/1976
f  8749/1976/1976 8750/1941/1941 8751/1942/1942
f  8752/1976/1976 8753/1942/1942 8754/1943/1943
f  8755/1976/1976 8756/1943/1943 8757/1977/1977
f  8758/1977/1977 8759/1943/1943 8760/1978/1978
f  8761/1978/1978 8762/1943/1943 8763/1944/1944
f  8764/1978/1978 8765/1944/1944 8766/1945/1945
f  8767/1978/1978 8768/1945/1945 8769/1979/1979
f  8770/1979/1979 8771/1945/1945 8772/1946/1946
f  8773/1979/1979 8774/1946/1946 8775/1980/1980
f  8776/1980/1980 8777/1946/1946 8778/1947/1947
f  8779/1980/1980 8780/1947/1947 8781/1981/1981
f  8782/1981/1981 8783/1947/1947 8784/1948/1948
f  8785/1981/1981 8786/1948/1948 8787/1982/1982
f  8788/1982/1982 8789/1948/1948 8790/1949/1949
f  8791/1982/1982 8792/1949/1949 8793/1983/1983
f  8794/1983/1983 8795/1949/1949 8796/1950/1950
f  8797/1983/1983 8798/1950/1950 8799/1951/1951
f  8800/1983/1983 8801/1951/1951 8802/1984/1984
f  8803/1984/1984 8804/1951/1951 8805/1952/1952
f  8806/1984/1984 8807/1952/1952 8808/1985/1985
f  8809/1985/1985 8810/1952/1952 8811/1986/1986
f  8812/1986/1986 8813/1952/1952 8814/1953/1953
f  8815/1986/1986 8816/1953/1953 8817/1987/1987
f  8818/1987/1987 8819/1953/1953 8820/1954/1954
f  8821/1987/1987 8822/1954/1954 8823/1988/1988
f  8824/1988/1988 8825/1954/1954 8826/1955/1955
f  8827/1988/1988 8828/1955/1955 8829/1989/1989
f  8830/1989/1989 8831/1955/1955 8832/1956/1956
f  8833/1989/1989 8834/1956/1956 8835/1990/1990
f  8836/1990/1990 8837/1956/1956 8838/1957/1957
f  8839/1990/1990 8840/1957/1957 8841/1991/1991
f  8842/1991/1991 8843/1957/1957 8844/1278/1278
f  8845/1991/1991 8846/1278/1278 8847/1262/1262
f  8848/1991/1991 8849/1262/1262 8850/1206/1206
f  8851/1991/1991 8852/1206/1206 8853/1205/1205
f  8854/1991/1991 8855/1205/1205 8856/1990/1990
f  8857/1990/1990 8858/1205/1205 8859/1204/1204
f  8860/1990/1990 8861/1204/1204 8862/1989/1989
f  8863/1989/1989 8864/1204/1204 8865/1203/1203
f  8866/1989/1989 8867/1203/1203 8868/1988/1988
f  8869/1988/1988 8870/1203/1203 8871/1202/1202
f  8872/1988/1988 8873/1202/1202 8874/1201/1201
f  8875/1988/1988 8876/1201/1201 8877/1987/1987
f  8878/1987/1987 8879/1201/1201 8880/1986/1986
f  8881/1986/1986 8882/1201/1201 8883/1200/1200
f  8884/1986/1986 8885/1200/1200 8886/1985/1985
f  8887/1985/1985 8888/1200/1200 8889/1199/1199
f  8890/1985/1985 8891/1199/1199 8892/1984/1984
f  8893/1984/1984 8894/1199/1199 8895/1198/1198
f  8896/1984/1984 8897/1198/1198 8898/1983/1983
f  8899/1983/1983 8900/1198/1198 8901/1197/1197
f  8902/1983/1983 8903/1197/1197 8904/1982/1982
f  8905/1982/1982 8906/1197/1197 8907/1196/1196
f  8908/1982/1982 8909/1196/1196 8910/1981/1981
f  8911/1981/1981 8912/1196/1196 8913/1195/1195
f  8914/1981/1981 8915/1195/1195 8916/1980/1980
f  8917/1980/1980 8918/1195/1195 8919/1194/1194
f  8920/1980/1980 8921/1194/1194 8922/1979/1979
f  8923/1979/1979 8924/1194/1194 8925/1193/1193
f  8926/1979/1979 8927/1193/1193 8928/1978/1978
f  8929/1978/1978 8930/1193/1193 8931/1192/1192
f  8932/1978/1978 8933/1192/1192 8934/1977/1977
f  8935/1977/1977 8936/1192/1192 8937/1191/1191
f  8938/1977/1977 8939/1191/1191 8940/1976/1976
f  8941/1976/1976 8942/1191/1191 8943/1190/1190
f  8944/1976/1976 8945/1190/1190 8946/1975/1975
f  8947/1975/1975 8948/1190/1190 8949/1974/1974
f  8950/1974/1974 8951/1190/1190 8952/1189/1189
f  8953/1974/1974 8954/1189/1189 8955/1973/1973
f  8956/1973/1973 8957/1189/1189 8958/1188/1188
f  8959/1973/1973 8960/1188/1188 8961/1972/1972
f  8962/1972/1972 8963/1188/1188 8964/1187/1187
f  8965/1972/1972 8966/1187/1187 8967/1971/1971
f  8968/1971/1971 8969/1187/1187 8970/1186/1186
f  8971/1971/1971 8972/1186/1186 8973/1970/1970
f  8974/1970/1970 8975/1186/1186 8976/1185/1185
f  8977/1970/1970 8978/1185/1185 8979/1969/1969
f  8980/1969/1969 8981/1185/1185 8982/1184/1184
f  8983/1969/1969 8984/1184/1184 8985/1968/1968
f  8986/1968/1968 8987/1184/1184 8988/1967/1967
f  8989/1967/1967 8990/1184/1184 8991/1183/1183
f  8992/1967/1967 8993/1183/1183 8994/1182/1182
f  8995/1967/1967 8996/1182/1182 8997/1966/1966
f  8998/1966/1966 8999/1182/1182 9000/1965/1965
f  9001/1965/1965 9002/1182/1182 9003/1181/1181
f  9004/1965/1965 9005/1181/1181 9006/1964/1964
f  9007/1964/1964 9008/1181/1181 9009/1180/1180
f  9010/1964/1964 9011/1180/1180 9012/1963/1963
f  9013/1963/1963 9014/1180/1180 9015/1179/1179
f  9016/1963/1963 9017/1179/1179 9018/1962/1962
f  9019/1962/1962 9020/1179/1179 9021/1178/1178
f  9022/1962/1962 9023/1178/1178 9024/1961/1961
f  9025/1961/1961 9026/1178/1178 9027/1177/1177
f  9028/1961/1961 9029/1177/1177 9030/1176/1176
f  9031/1961/1961 9032/1176/1176 9033/1960/1960
f  9034/1960/1960 9035/1176/1176 9036/1175/1175
f  9037/1960/1960 9038/1175/1175 9039/1959/1959
f  9040/1959/1959 9041/1175/1175 9042/1174/1174
f  9043/1959/1959 9044/1174/1174 9045/1958/1958
f  9046/1958/1958 9047/1174/1174 9048/1173/1173
f  9049/1958/1958 9050/1173/1173 9051/1238/1238
f  9052/1238/1238 9053/1173/1173 9054/1172/1172
f  9055/1992/1992 9056/1993/1993 9057/1994/1994
f  9058/1995/1995 9059/1996/1996 9060/1997/1997
f  9061/1998/1998 9062/1999/1999 9063/2000/2000
f  9064/2000/2000 9065/1999/1999 9066/2001/2001
f  9067/2000/2000 9068/2001/2001 9069/379/379
f  9070/2002/2002 9071/2003/2003 9072/2004/2004
f  9073/2004/2004 9074/2003/2003 9075/2000/2000
f  9076/2000/2000 9077/2003/2003 9078/1998/1998
f  9079/2005/2005 9080/2006/2006 9081/2007/2007
f  9082/2008/2008 9083/2002/2002 9084/2004/2004
f  9085/2009/2009 9086/2010/2010 9087/2005/2005
f  9088/2005/2005 9089/2010/2010 9090/2006/2006
f  9091/1997/1997 9092/1996/1996 9093/2011/2011
f  9094/2011/2011 9095/1996/1996 9096/2012/2012
f  9097/2011/2011 9098/2012/2012 9099/2009/2009
f  9100/2009/2009 9101/2012/2012 9102/2010/2010
f  9103/2013/2013 9104/2014/2014 9105/2015/2015
f  9106/2014/2014 9107/2016/2016 9108/2015/2015
f  9109/2015/2015 9110/2016/2016 9111/1997/1997
f  9112/1997/1997 9113/2016/2016 9114/1995/1995
f  9115/2017/2017 9116/2018/2018 9117/2019/2019
f  9118/2019/2019 9119/2018/2018 9120/2020/2020
f  9121/2019/2019 9122/2020/2020 9123/2013/2013
f  9124/2013/2013 9125/2020/2020 9126/2021/2021
f  9127/2013/2013 9128/2021/2021 9129/2014/2014
f  9130/1994/1994 9131/1993/1993 9132/2022/2022
f  9133/2022/2022 9134/1993/1993 9135/2023/2023
f  9136/2022/2022 9137/2023/2023 9138/2017/2017
f  9139/2017/2017 9140/2023/2023 9141/2024/2024
f  9142/2017/2017 9143/2024/2024 9144/2018/2018
f  9145/2025/2025 9146/1992/1992 9147/1994/1994
f  9148/2026/2026 9149/1602/1602 9150/2027/2027
f  9151/2026/2026 9152/2027/2027 9153/2028/2028
f  9154/2026/2026 9155/2028/2028 9156/2025/2025
f  9157/2025/2025 9158/2028/2028 9159/1992/1992
f  9160/1600/1600 9161/2029/2029 9162/1602/1602
f  9163/1602/1602 9164/2029/2029 9165/2027/2027
f  9166/1600/1600 9167/1598/1598 9168/2030/2030
f  9169/1600/1600 9170/2030/2030 9171/2029/2029
f  9172/1366/1366 9173/2031/2031 9174/1598/1598
f  9175/1598/1598 9176/2031/2031 9177/2030/2030
f  9178/2000/2000 9179/379/379 9180/387/387
f  9181/2000/2000 9182/387/387 9183/2032/2032
f  9184/2032/2032 9185/387/387 9186/2033/2033
f  9187/2032/2032 9188/2033/2033 9189/2034/2034
f  9190/2034/2034 9191/2033/2033 9192/2035/2035
f  9193/2034/2034 9194/2035/2035 9195/2036/2036
f  9196/2036/2036 9197/2035/2035 9198/2037/2037
f  9199/2036/2036 9200/2037/2037 9201/2038/2038
f  9202/2038/2038 9203/2037/2037 9204/2039/2039
f  9205/2038/2038 9206/2039/2039 9207/2040/2040
f  9208/2040/2040 9209/2039/2039 9210/2041/2041
f  9211/2040/2040 9212/2041/2041 9213/2042/2042
f  9214/2042/2042 9215/2041/2041 9216/2043/2043
f  9217/2042/2042 9218/2043/2043 9219/2044/2044
f  9220/2044/2044 9221/2043/2043 9222/2045/2045
f  9223/2044/2044 9224/2045/2045 9225/1650/1650
f  9226/1650/1650 9227/2045/2045 9228/2046/2046
f  9229/1650/1650 9230/2046/2046 9231/1651/1651
f  9232/1651/1651 9233/2046/2046 9234/2047/2047
f  9235/1651/1651 9236/2047/2047 9237/1655/1655
f  9238/1655/1655 9239/2047/2047 9240/2048/2048
f  9241/1655/1655 9242/2048/2048 9243/1658/1658
f  9244/1658/1658 9245/2048/2048 9246/2049/2049
f  9247/1658/1658 9248/2049/2049 9249/1660/1660
f  9250/1660/1660 9251/2049/2049 9252/2050/2050
f  9253/1660/1660 9254/2050/2050 9255/1662/1662
f  9256/1662/1662 9257/2050/2050 9258/2051/2051
f  9259/1662/1662 9260/2051/2051 9261/1664/1664
f  9262/1664/1664 9263/2051/2051 9264/2052/2052
f  9265/1664/1664 9266/2052/2052 9267/1666/1666
f  9268/1666/1666 9269/2052/2052 9270/2053/2053
f  9271/1666/1666 9272/2053/2053 9273/1668/1668
f  9274/1668/1668 9275/2053/2053 9276/2054/2054
f  9277/1668/1668 9278/2054/2054 9279/2055/2055
f  9280/2055/2055 9281/2054/2054 9282/2056/2056
f  9283/2055/2055 9284/2056/2056 9285/2057/2057
f  9286/2057/2057 9287/2056/2056 9288/2058/2058
f  9289/2057/2057 9290/2058/2058 9291/2059/2059
f  9292/2059/2059 9293/2058/2058 9294/2060/2060
f  9295/2059/2059 9296/2060/2060 9297/2061/2061
f  9298/2061/2061 9299/2060/2060 9300/2062/2062
f  9301/2061/2061 9302/2062/2062 9303/2063/2063
f  9304/2063/2063 9305/2062/2062 9306/2064/2064
f  9307/2063/2063 9308/2064/2064 9309/2065/2065
f  9310/2065/2065 9311/2064/2064 9312/2066/2066
f  9313/2065/2065 9314/2066/2066 9315/2067/2067
f  9316/2067/2067 9317/2066/2066 9318/2068/2068
f  9319/2067/2067 9320/2068/2068 9321/2069/2069
f  9322/2069/2069 9323/2068/2068 9324/2070/2070
f  9325/2069/2069 9326/2070/2070 9327/2071/2071
f  9328/2071/2071 9329/2070/2070 9330/2072/2072
f  9331/2071/2071 9332/2072/2072 9333/2073/2073
f  9334/2073/2073 9335/2072/2072 9336/2074/2074
f  9337/2073/2073 9338/2074/2074 9339/2075/2075
f  9340/2075/2075 9341/2074/2074 9342/2076/2076
f  9343/2075/2075 9344/2076/2076 9345/2077/2077
f  9346/2077/2077 9347/2076/2076 9348/2078/2078
f  9349/2077/2077 9350/2078/2078 9351/2079/2079
f  9352/2079/2079 9353/2078/2078 9354/2080/2080
f  9355/2079/2079 9356/2080/2080 9357/2081/2081
f  9358/2081/2081 9359/2080/2080 9360/2082/2082
f  9361/2081/2081 9362/2082/2082 9363/2083/2083
f  9364/2083/2083 9365/2082/2082 9366/2084/2084
f  9367/2083/2083 9368/2084/2084 9369/2085/2085
f  9370/2085/2085 9371/2084/2084 9372/2086/2086
f  9373/2085/2085 9374/2086/2086 9375/2087/2087
f  9376/2087/2087 9377/2086/2086 9378/2088/2088
f  9379/2087/2087 9380/2088/2088 9381/2089/2089
f  9382/2089/2089 9383/2088/2088 9384/2090/2090
f  9385/2089/2089 9386/2090/2090 9387/2091/2091
f  9388/2091/2091 9389/2090/2090 9390/2092/2092
f  9391/2091/2091 9392/2092/2092 9393/2093/2093
f  9394/2094/2094 9395/2095/2095 9396/2096/2096
f  9397/2094/2094 9398/2096/2096 9399/2097/2097
f  9400/2097/2097 9401/2096/2096 9402/2098/2098
f  9403/2097/2097 9404/2098/2098 9405/2099/2099
f  9406/2099/2099 9407/2098/2098 9408/2100/2100
f  9409/2099/2099 9410/2100/2100 9411/2101/2101
f  9412/2101/2101 9413/2100/2100 9414/2102/2102
f  9415/2101/2101 9416/2102/2102 9417/2103/2103
f  9418/2103/2103 9419/2102/2102 9420/2104/2104
f  9421/2103/2103 9422/2104/2104 9423/2105/2105
f  9424/2105/2105 9425/2104/2104 9426/2106/2106
f  9427/2105/2105 9428/2106/2106 9429/2107/2107
f  9430/2107/2107 9431/2106/2106 9432/2108/2108
f  9433/2107/2107 9434/2108/2108 9435/2109/2109
f  9436/2109/2109 9437/2108/2108 9438/2110/2110
f  9439/2109/2109 9440/2110/2110 9441/2111/2111
f  9442/1365/1365 9443/2112/2112 9444/1366/1366
f  9445/1366/1366 9446/2112/2112 9447/2031/2031
f  9448/2113/2113 9449/2114/2114 9450/1365/1365
f  9451/1365/1365 9452/2114/2114 9453/2112/2112
f  9454/2115/2115 9455/2116/2116 9456/2113/2113
f  9457/2113/2113 9458/2116/2116 9459/2114/2114
f  9460/2117/2117 9461/2118/2118 9462/2115/2115
f  9463/2115/2115 9464/2118/2118 9465/2116/2116
f  9466/2119/2119 9467/2120/2120 9468/2121/2121
f  9469/2121/2121 9470/2120/2120 9471/2117/2117
f  9472/2117/2117 9473/2120/2120 9474/2118/2118
f  9475/2122/2122 9476/2123/2123 9477/2121/2121
f  9478/2121/2121 9479/2123/2123 9480/2119/2119
f  9481/2124/2124 9482/2125/2125 9483/2122/2122
f  9484/2122/2122 9485/2125/2125 9486/2123/2123
f  9487/2126/2126 9488/2127/2127 9489/2128/2128
f  9490/2128/2128 9491/2127/2127 9492/2124/2124
f  9493/2124/2124 9494/2127/2127 9495/2125/2125
f  9496/2129/2129 9497/2130/2130 9498/2128/2128
f  9499/2128/2128 9500/2130/2130 9501/2126/2126
f  9502/2131/2131 9503/2132/2132 9504/2133/2133
f  9505/2133/2133 9506/2132/2132 9507/2129/2129
f  9508/2129/2129 9509/2132/2132 9510/2130/2130
f  9511/2134/2134 9512/2135/2135 9513/2136/2136
f  9514/2136/2136 9515/2131/2131 9516/2133/2133
f  9517/2136/2136 9518/2133/2133 9519/2134/2134
f  9520/2137/2137 9521/2135/2135 9522/2138/2138
f  9523/2135/2135 9524/2134/2134 9525/2138/2138
f  9526/2139/2139 9527/2140/2140 9528/2138/2138
f  9529/2138/2138 9530/2140/2140 9531/2137/2137
f  9532/2141/2141 9533/2142/2142 9534/2140/2140
f  9535/2140/2140 9536/2139/2139 9537/2141/2141
f  9538/2143/2143 9539/2144/2144 9540/2145/2145
f  9541/2141/2141 9542/2146/2146 9543/2142/2142
f  9544/2147/2147 9545/2148/2148 9546/2149/2149
f  9547/2147/2147 9548/2149/2149 9549/2150/2150
f  9550/2147/2147 9551/2150/2150 9552/2143/2143
f  9553/2143/2143 9554/2150/2150 9555/2144/2144
f  9556/166/166 9557/2151/2151 9558/2152/2152
f  9559/2152/2152 9560/2151/2151 9561/2153/2153
f  9562/2153/2153 9563/2154/2154 9564/2152/2152
f  9565/2152/2152 9566/2154/2154 9567/2147/2147
f  9568/2147/2147 9569/2154/2154 9570/2148/2148
f  9571/2155/2155 9572/166/166 9573/2152/2152
f  9574/2110/2110 9575/2156/2156 9576/2111/2111
f  9577/2111/2111 9578/2156/2156 9579/2157/2157
f  9580/2157/2157 9581/2156/2156 9582/2158/2158
f  9583/2157/2157 9584/2158/2158 9585/2159/2159
f  9586/2159/2159 9587/2158/2158 9588/2160/2160
f  9589/2159/2159 9590/2160/2160 9591/2161/2161
f  9592/2161/2161 9593/2160/2160 9594/2162/2162
f  9595/2161/2161 9596/2162/2162 9597/2163/2163
f  9598/2163/2163 9599/2162/2162 9600/2164/2164
f  9601/2163/2163 9602/2164/2164 9603/2165/2165
f  9604/2165/2165 9605/2164/2164 9606/2166/2166
f  9607/2165/2165 9608/2166/2166 9609/2167/2167
f  9610/2167/2167 9611/2166/2166 9612/2168/2168
f  9613/2167/2167 9614/2168/2168 9615/2169/2169
f  9616/2169/2169 9617/2168/2168 9618/2170/2170
f  9619/2169/2169 9620/2170/2170 9621/2171/2171
f  9622/2171/2171 9623/2170/2170 9624/2172/2172
f  9625/2171/2171 9626/2172/2172 9627/2173/2173
f  9628/2173/2173 9629/2172/2172 9630/2174/2174
f  9631/2173/2173 9632/2174/2174 9633/2175/2175
f  9634/2175/2175 9635/2174/2174 9636/647/647
f  9637/2175/2175 9638/647/647 9639/2176/2176
f  9640/2176/2176 9641/647/647 9642/649/649
f  9643/2176/2176 9644/649/649 9645/1535/1535
f  9646/1535/1535 9647/649/649 9648/653/653
f  9649/1535/1535 9650/653/653 9651/1529/1529
f  9652/1529/1529 9653/653/653 9654/655/655
f  9655/1529/1529 9656/655/655 9657/1520/1520
f  9658/1520/1520 9659/655/655 9660/659/659
f  9661/1520/1520 9662/659/659 9663/1521/1521
f  9664/1521/1521 9665/659/659 9666/661/661
f  9667/1521/1521 9668/661/661 9669/2177/2177
f  9670/2177/2177 9671/661/661 9672/2178/2178
f  9673/2177/2177 9674/2178/2178 9675/2179/2179
f  9676/2179/2179 9677/2178/2178 9678/2180/2180
f  9679/2179/2179 9680/2180/2180 9681/2181/2181
f  9682/2181/2181 9683/2180/2180 9684/2182/2182
f  9685/2181/2181 9686/2182/2182 9687/2183/2183
f  9688/2183/2183 9689/2182/2182 9690/2184/2184
f  9691/2183/2183 9692/2184/2184 9693/2185/2185
f  9694/2185/2185 9695/2184/2184 9696/2186/2186
f  9697/2185/2185 9698/2186/2186 9699/2187/2187
f  9700/2187/2187 9701/2186/2186 9702/2188/2188
f  9703/2187/2187 9704/2188/2188 9705/2189/2189
f  9706/2189/2189 9707/2188/2188 9708/2190/2190
f  9709/2189/2189 9710/2190/2190 9711/2191/2191
f  9712/2192/2192 9713/2193/2193 9714/2194/2194
f  9715/2192/2192 9716/2194/2194 9717/2195/2195
f  9718/2195/2195 9719/2194/2194 9720/2196/2196
f  9721/2195/2195 9722/2196/2196 9723/2197/2197
f  9724/2197/2197 9725/2196/2196 9726/2198/2198
f  9727/2197/2197 9728/2198/2198 9729/2199/2199
f  9730/2199/2199 9731/2198/2198 9732/2200/2200
f  9733/2199/2199 9734/2200/2200 9735/2201/2201
f  9736/2201/2201 9737/2200/2200 9738/2202/2202
f  9739/2201/2201 9740/2202/2202 9741/2203/2203
f  9742/2203/2203 9743/2202/2202 9744/2204/2204
f  9745/2203/2203 9746/2204/2204 9747/2205/2205
f  9748/2205/2205 9749/2204/2204 9750/2206/2206
f  9751/2205/2205 9752/2206/2206 9753/2207/2207
f  9754/2207/2207 9755/2206/2206 9756/686/686
f  9757/2207/2207 9758/686/686 9759/1485/1485
f  9760/1485/1485 9761/686/686 9762/688/688
f  9763/1485/1485 9764/688/688 9765/1487/1487
f  9766/1487/1487 9767/688/688 9768/692/692
f  9769/1487/1487 9770/692/692 9771/1489/1489
f  9772/1489/1489 9773/692/692 9774/694/694
f  9775/1489/1489 9776/694/694 9777/1491/1491
f  9778/1491/1491 9779/694/694 9780/698/698
f  9781/1491/1491 9782/698/698 9783/2208/2208
f  9784/2208/2208 9785/698/698 9786/700/700
f  9787/2208/2208 9788/700/700 9789/2209/2209
f  9790/2209/2209 9791/700/700 9792/2210/2210
f  9793/2209/2209 9794/2210/2210 9795/2211/2211
f  9796/2211/2211 9797/2210/2210 9798/2212/2212
f  9799/2211/2211 9800/2212/2212 9801/2213/2213
f  9802/2213/2213 9803/2212/2212 9804/2214/2214
f  9805/2214/2214 9806/2212/2212 9807/2215/2215
f  9808/2214/2214 9809/2215/2215 9810/2216/2216
f  9811/168/168 9812/166/166 9813/2217/2217
f  9814/2217/2217 9815/166/166 9816/2155/2155
f  9817/2217/2217 9818/2155/2155 9819/2218/2218
f  9820/2218/2218 9821/2155/2155 9822/2219/2219
f  9823/2218/2218 9824/2219/2219 9825/2220/2220
f  9826/2220/2220 9827/2219/2219 9828/2221/2221
f  9829/2220/2220 9830/2221/2221 9831/2216/2216
f  9832/2216/2216 9833/2221/2221 9834/2222/2222
f  9835/2216/2216 9836/2222/2222 9837/2214/2214
f  9838/2223/2223 9839/2224/2224 9840/2225/2225
f  9841/166/166 9842/50/50 9843/2226/2226
f  9844/2151/2151 9845/166/166 9846/2226/2226
f  9847/2151/2151 9848/2226/2226 9849/2227/2227
f  9850/2151/2151 9851/2227/2227 9852/2153/2153
f  9853/2228/2228 9854/2153/2153 9855/2227/2227
f  9856/2229/2229 9857/2154/2154 9858/2228/2228
f  9859/2228/2228 9860/2154/2154 9861/2153/2153
f  9862/2148/2148 9863/2154/2154 9864/2229/2229
f  9865/2230/2230 9866/2149/2149 9867/2148/2148
f  9868/2230/2230 9869/2148/2148 9870/2229/2229
f  9871/2231/2231 9872/2150/2150 9873/2149/2149
f  9874/2231/2231 9875/2149/2149 9876/2230/2230
f  9877/2150/2150 9878/2231/2231 9879/2232/2232
f  9880/2150/2150 9881/2232/2232 9882/2144/2144
f  9883/2144/2144 9884/2232/2232 9885/2233/2233
f  9886/2144/2144 9887/2233/2233 9888/2234/2234
f  9889/2234/2234 9890/2233/2233 9891/2235/2235
f  9892/2234/2234 9893/2235/2235 9894/2236/2236
f  9895/2237/2237 9896/2236/2236 9897/2235/2235
f  9898/2238/2238 9899/2239/2239 9900/2240/2240
f  9901/2239/2239 9902/2241/2241 9903/2240/2240
f  9904/2240/2240 9905/2241/2241 9906/2237/2237
f  9907/2237/2237 9908/2241/2241 9909/2236/2236
f  9910/2242/2242 9911/2243/2243 9912/2244/2244
f  9913/2243/2243 9914/2245/2245 9915/2244/2244
f  9916/2244/2244 9917/2245/2245 9918/2246/2246
f  9919/2246/2246 9920/2245/2245 9921/2247/2247
f  9922/2248/2248 9923/2249/2249 9924/2250/2250
f  9925/2248/2248 9926/2250/2250 9927/2224/2224
f  9928/2248/2248 9929/2251/2251 9930/2249/2249
f  9931/2249/2249 9932/2251/2251 9933/2242/2242
f  9934/2242/2242 9935/2251/2251 9936/2243/2243
f  9937/2225/2225 9938/2224/2224 9939/2250/2250
f  9940/2252/2252 9941/2223/2223 9942/2225/2225
f  9943/2253/2253 9944/2254/2254 9945/2255/2255
f  9946/2255/2255 9947/2254/2254 9948/2256/2256
f  9949/2254/2254 9950/2253/2253 9951/2252/2252
f  9952/2252/2252 9953/2253/2253 9954/2223/2223
f  9955/2257/2257 9956/2258/2258 9957/2259/2259
f  9958/2259/2259 9959/2258/2258 9960/2256/2256
f  9961/2256/2256 9962/2258/2258 9963/2255/2255
f  9964/2260/2260 9965/2261/2261 9966/2262/2262
f  9967/2262/2262 9968/2261/2261 9969/2257/2257
f  9970/2262/2262 9971/2257/2257 9972/2259/2259
f  9973/2263/2263 9974/2264/2264 9975/2260/2260
f  9976/2260/2260 9977/2264/2264 9978/2261/2261
f  9979/2265/2265 9980/2266/2266 9981/2267/2267
f  9982/2265/2265 9983/2267/2267 9984/2268/2268
f  9985/2265/2265 9986/2268/2268 9987/2263/2263
f  9988/2263/2263 9989/2268/2268 9990/2264/2264
f  9991/2269/2269 9992/2270/2270 9993/2266/2266
f  9994/2266/2266 9995/2270/2270 9996/2267/2267
f  9997/2271/2271 9998/2272/2272 9999/2269/2269
f  10000/2269/2269 10001/2272/2272 10002/2270/2270
f  10003/2273/2273 10004/2274/2274 10005/2271/2271
f  10006/2271/2271 10007/2274/2274 10008/2272/2272
f  10009/2274/2274 10010/2273/2273 10011/2275/2275
f  10012/2274/2274 10013/2275/2275 10014/2276/2276
f  10015/2277/2277 10016/2278/2278 10017/2275/2275
f  10018/2275/2275 10019/2278/2278 10020/2276/2276
f  10021/2278/2278 10022/2277/2277 10023/2279/2279
f  10024/2279/2279 10025/2277/2277 10026/2280/2280
f  10027/2281/2281 10028/2282/2282 10029/2279/2279
f  10030/2281/2281 10031/2279/2279 10032/2280/2280
f  10033/2282/2282 10034/2281/2281 10035/2283/2283
f  10036/2282/2282 10037/2283/2283 10038/2284/2284
f  10039/2285/2285 10040/2286/2286 10041/2284/2284
f  10042/2285/2285 10043/2284/2284 10044/2283/2283
f  10045/2286/2286 10046/2285/2285 10047/2287/2287
f  10048/2286/2286 10049/2287/2287 10050/2288/2288
f  10051/2289/2289 10052/2288/2288 10053/2287/2287
f  10054/2289/2289 10055/2287/2287 10056/2290/2290
f  10057/2289/2289 10058/2290/2290 10059/2291/2291
f  10060/2289/2289 10061/2291/2291 10062/2292/2292
f  10063/2293/2293 10064/2294/2294 10065/2291/2291
f  10066/2291/2291 10067/2294/2294 10068/2292/2292
f  10069/2294/2294 10070/2293/2293 10071/2295/2295
f  10072/2296/2296 10073/2297/2297 10074/2298/2298
f  10075/2299/2299 10076/2300/2300 10077/2301/2301
f  10078/2299/2299 10079/2301/2301 10080/2298/2298
f  10081/2298/2298 10082/2301/2301 10083/2296/2296
f  10084/2300/2300 10085/2299/2299 10086/2302/2302
f  10087/2300/2300 10088/2302/2302 10089/2303/2303
f  10090/2303/2303 10091/2302/2302 10092/2304/2304
f  10093/2305/2305 10094/2306/2306 10095/2303/2303
f  10096/2305/2305 10097/2303/2303 10098/2304/2304
f  10099/2306/2306 10100/2305/2305 10101/2307/2307
f  10102/2306/2306 10103/2307/2307 10104/2308/2308
f  10105/2309/2309 10106/2308/2308 10107/2307/2307
f  10108/2310/2310 10109/2002/2002 10110/2309/2309
f  10111/2309/2309 10112/2002/2002 10113/2308/2308
f  10114/2002/2002 10115/2310/2310 10116/2311/2311
f  10117/2002/2002 10118/2311/2311 10119/2003/2003
f  10120/2003/2003 10121/2311/2311 10122/2312/2312
f  10123/2313/2313 10124/1998/1998 10125/2003/2003
f  10126/2313/2313 10127/2003/2003 10128/2312/2312
f  10129/1998/1998 10130/2313/2313 10131/2314/2314
f  10132/1998/1998 10133/2314/2314 10134/1999/1999
f  10135/2315/2315 10136/1999/1999 10137/2314/2314
f  10138/2316/2316 10139/2001/2001 10140/2315/2315
f  10141/2315/2315 10142/2001/2001 10143/1999/1999
f  10144/2001/2001 10145/2316/2316 10146/379/379
f  10147/379/379 10148/2316/2316 10149/383/383
f  10150/2317/2317 10151/2318/2318 10152/2319/2319
f  10153/2320/2320 10154/2319/2319 10155/2321/2321
f  10156/2318/2318 10157/2322/2322 10158/2319/2319
f  10159/2319/2319 10160/2322/2322 10161/2323/2323
f  10162/2319/2319 10163/2323/2323 10164/2324/2324
f  10165/2320/2320 10166/2325/2325 10167/2319/2319
f  10168/2319/2319 10169/2325/2325 10170/2326/2326
f  10171/2319/2319 10172/2326/2326 10173/2327/2327
f  10174/2319/2319 10175/2327/2327 10176/2328/2328
f  10177/2319/2319 10178/2328/2328 10179/2317/2317
f  10180/2323/2323 10181/2329/2329 10182/2324/2324
f  10183/2324/2324 10184/2329/2329 10185/2330/2330
f  10186/2324/2324 10187/2330/2330 10188/2331/2331
f  10189/2331/2331 10190/2330/2330 10191/2332/2332
f  10192/2331/2331 10193/2332/2332 10194/2333/2333
f  10195/2333/2333 10196/2332/2332 10197/2334/2334
f  10198/2333/2333 10199/2334/2334 10200/2335/2335
f  10201/2335/2335 10202/2334/2334 10203/2336/2336
f  10204/2335/2335 10205/2336/2336 10206/2337/2337
f  10207/2337/2337 10208/2336/2336 10209/2338/2338
f  10210/2337/2337 10211/2338/2338 10212/2339/2339
f  10213/2339/2339 10214/2338/2338 10215/2340/2340
f  10216/2339/2339 10217/2340/2340 10218/2341/2341
f  10219/2341/2341 10220/2340/2340 10221/2342/2342
f  10222/2341/2341 10223/2342/2342 10224/2343/2343
f  10225/2343/2343 10226/2342/2342 10227/2344/2344
f  10228/2343/2343 10229/2344/2344 10230/2345/2345
f  10231/2345/2345 10232/2344/2344 10233/2346/2346
f  10234/2345/2345 10235/2346/2346 10236/2347/2347
f  10237/2347/2347 10238/2346/2346 10239/2348/2348
f  10240/2347/2347 10241/2348/2348 10242/2349/2349
f  10243/2349/2349 10244/2348/2348 10245/2350/2350
f  10246/2349/2349 10247/2350/2350 10248/2351/2351
f  10249/2351/2351 10250/2350/2350 10251/2352/2352
f  10252/2351/2351 10253/2352/2352 10254/2353/2353
f  10255/2353/2353 10256/2352/2352 10257/2354/2354
f  10258/2353/2353 10259/2354/2354 10260/2355/2355
f  10261/2355/2355 10262/2354/2354 10263/2356/2356
f  10264/2355/2355 10265/2356/2356 10266/2357/2357
f  10267/2357/2357 10268/2356/2356 10269/2358/2358
f  10270/2358/2358 10271/2356/2356 10272/2359/2359
f  10273/2358/2358 10274/2359/2359 10275/2360/2360
f  10276/2360/2360 10277/2359/2359 10278/2361/2361
f  10279/2360/2360 10280/2361/2361 10281/2362/2362
f  10282/2362/2362 10283/2361/2361 10284/2363/2363
f  10285/2363/2363 10286/2361/2361 10287/2364/2364
f  10288/2363/2363 10289/2364/2364 10290/2365/2365
f  10291/2365/2365 10292/2364/2364 10293/2366/2366
f  10294/2365/2365 10295/2366/2366 10296/2367/2367
f  10297/2367/2367 10298/2366/2366 10299/2368/2368
f  10300/2367/2367 10301/2368/2368 10302/2369/2369
f  10303/2369/2369 10304/2368/2368 10305/2370/2370
f  10306/2370/2370 10307/2368/2368 10308/2371/2371
f  10309/2370/2370 10310/2371/2371 10311/2372/2372
f  10312/2373/2373 10313/2374/2374 10314/2375/2375
f  10315/2373/2373 10316/2375/2375 10317/2376/2376
f  10318/2376/2376 10319/2375/2375 10320/2377/2377
f  10321/2376/2376 10322/2377/2377 10323/2378/2378
f  10324/2378/2378 10325/2377/2377 10326/2379/2379
f  10327/2378/2378 10328/2379/2379 10329/2380/2380
f  10330/2380/2380 10331/2379/2379 10332/2381/2381
f  10333/2380/2380 10334/2381/2381 10335/2382/2382
f  10336/2382/2382 10337/2381/2381 10338/2383/2383
f  10339/2382/2382 10340/2383/2383 10341/2384/2384
f  10342/2384/2384 10343/2383/2383 10344/2385/2385
f  10345/2384/2384 10346/2385/2385 10347/2386/2386
f  10348/2386/2386 10349/2385/2385 10350/2387/2387
f  10351/2386/2386 10352/2387/2387 10353/2388/2388
f  10354/2388/2388 10355/2387/2387 10356/2389/2389
f  10357/2388/2388 10358/2389/2389 10359/2390/2390
f  10360/2390/2390 10361/2389/2389 10362/2391/2391
f  10363/2390/2390 10364/2391/2391 10365/2392/2392
f  10366/2392/2392 10367/2391/2391 10368/2393/2393
f  10369/2392/2392 10370/2393/2393 10371/2394/2394
f  10372/2394/2394 10373/2393/2393 10374/2395/2395
f  10375/2394/2394 10376/2395/2395 10377/2396/2396
f  10378/2396/2396 10379/2395/2395 10380/2397/2397
f  10381/2396/2396 10382/2397/2397 10383/2398/2398
f  10384/2398/2398 10385/2397/2397 10386/2399/2399
f  10387/2398/2398 10388/2399/2399 10389/2400/2400
f  10390/2400/2400 10391/2399/2399 10392/2401/2401
f  10393/2400/2400 10394/2401/2401 10395/2402/2402
f  10396/2402/2402 10397/2401/2401 10398/2403/2403
f  10399/2402/2402 10400/2403/2403 10401/2404/2404
f  10402/2404/2404 10403/2403/2403 10404/2405/2405
f  10405/2405/2405 10406/2403/2403 10407/2406/2406
f  10408/2405/2405 10409/2406/2406 10410/2407/2407
f  10411/2407/2407 10412/2406/2406 10413/2408/2408
f  10414/2407/2407 10415/2408/2408 10416/2409/2409
f  10417/2409/2409 10418/2408/2408 10419/2410/2410
f  10420/2409/2409 10421/2410/2410 10422/2411/2411
f  10423/2411/2411 10424/2410/2410 10425/2412/2412
f  10426/2411/2411 10427/2412/2412 10428/2413/2413
f  10429/2413/2413 10430/2412/2412 10431/2414/2414
f  10432/2413/2413 10433/2414/2414 10434/2415/2415
f  10435/2415/2415 10436/2414/2414 10437/2416/2416
f  10438/2415/2415 10439/2416/2416 10440/2319/2319
f  10441/2319/2319 10442/2416/2416 10443/2417/2417
f  10444/2319/2319 10445/2417/2417 10446/2321/2321
f  10447/97/97 10448/96/96 10449/481/481
f  10450/481/481 10451/96/96 10452/2418/2418
f  10453/482/482 10454/481/481 10455/278/278
f  10456/278/278 10457/481/481 10458/2418/2418
f  10459/278/278 10460/2418/2418 10461/279/279
f  10462/279/279 10463/2418/2418 10464/2419/2419
f  10465/2420/2420 10466/2421/2421 10467/2422/2422
f  10468/2422/2422 10469/2421/2421 10470/2423/2423
f  10471/2422/2422 10472/2423/2423 10473/2424/2424
f  10474/2422/2422 10475/2424/2424 10476/2425/2425
f  10477/2426/2426 10478/2427/2427 10479/2422/2422
f  10480/2422/2422 10481/2427/2427 10482/2428/2428
f  10483/2429/2429 10484/2430/2430 10485/2422/2422
f  10486/2422/2422 10487/2430/2430 10488/2431/2431
f  10489/2431/2431 10490/2432/2432 10491/2422/2422
f  10492/2422/2422 10493/2432/2432 10494/2433/2433
f  10495/2422/2422 10496/2434/2434 10497/2435/2435
f  10498/2422/2422 10499/2436/2436 10500/2437/2437
f  10501/2422/2422 10502/2433/2433 10503/2438/2438
f  10504/2438/2438 10505/2439/2439 10506/2422/2422
f  10507/2422/2422 10508/2439/2439 10509/2440/2440
f  10510/2422/2422 10511/2441/2441 10512/2442/2442
f  10513/2422/2422 10514/2443/2443 10515/2444/2444
f  10516/2422/2422 10517/2435/2435 10518/2445/2445
f  10519/2445/2445 10520/2446/2446 10521/2422/2422
f  10522/2422/2422 10523/2446/2446 10524/2436/2436
f  10525/2437/2437 10526/2447/2447 10527/2422/2422
f  10528/2422/2422 10529/2447/2447 10530/2420/2420
f  10531/2448/2448 10532/2449/2449 10533/2428/2428
f  10534/2428/2428 10535/2449/2449 10536/2422/2422
f  10537/2449/2449 10538/2448/2448 10539/2450/2450
f  10540/2449/2449 10541/2451/2451 10542/2452/2452
f  10543/2453/2453 10544/2454/2454 10545/2455/2455
f  10546/2440/2440 10547/2456/2456 10548/2422/2422
f  10549/2422/2422 10550/2456/2456 10551/2441/2441
f  10552/2444/2444 10553/2457/2457 10554/2422/2422
f  10555/2422/2422 10556/2457/2457 10557/2434/2434
f  10558/2422/2422 10559/2425/2425 10560/2458/2458
f  10561/2459/2459 10562/2460/2460 10563/2422/2422
f  10564/2422/2422 10565/2460/2460 10566/2426/2426
f  10567/2450/2450 10568/2461/2461 10569/2449/2449
f  10570/2449/2449 10571/2461/2461 10572/2451/2451
f  10573/2449/2449 10574/2462/2462 10575/2463/2463
f  10576/2449/2449 10577/2463/2463 10578/2464/2464
f  10579/2449/2449 10580/2464/2464 10581/2455/2455
f  10582/2449/2449 10583/2455/2455 10584/2454/2454
f  10585/2465/2465 10586/2466/2466 10587/2467/2467
f  10588/2468/2468 10589/2469/2469 10590/2470/2470
f  10591/2468/2468 10592/2470/2470 10593/2471/2471
f  10594/2422/2422 10595/2468/2468 10596/2472/2472
f  10597/2472/2472 10598/2468/2468 10599/2471/2471
f  10600/2472/2472 10601/2473/2473 10602/2422/2422
f  10603/2422/2422 10604/2473/2473 10605/2474/2474
f  10606/2442/2442 10607/2475/2475 10608/2422/2422
f  10609/2422/2422 10610/2475/2475 10611/2476/2476
f  10612/2422/2422 10613/2476/2476 10614/2477/2477
f  10615/2422/2422 10616/2477/2477 10617/2443/2443
f  10618/2458/2458 10619/2478/2478 10620/2422/2422
f  10621/2422/2422 10622/2478/2478 10623/2459/2459
f  10624/2449/2449 10625/2452/2452 10626/2479/2479
f  10627/2455/2455 10628/2480/2480 10629/2481/2481
f  10630/2481/2481 10631/2480/2480 10632/2482/2482
f  10633/2455/2455 10634/2481/2481 10635/2483/2483
f  10636/2422/2422 10637/2484/2484 10638/2429/2429
f  10639/2479/2479 10640/2485/2485 10641/2449/2449
f  10642/2449/2449 10643/2485/2485 10644/2462/2462
f  10645/2455/2455 10646/2483/2483 10647/2453/2453
f  10648/2469/2469 10649/2468/2468 10650/2467/2467
f  10651/2467/2467 10652/2468/2468 10653/2465/2465
f  10654/2467/2467 10655/2466/2466 10656/2486/2486
f  10657/2474/2474 10658/2487/2487 10659/2422/2422
f  10660/2422/2422 10661/2487/2487 10662/2484/2484
f  10663/2488/2488 10664/2489/2489 10665/2490/2490
f  10666/2490/2490 10667/2489/2489 10668/2491/2491
f  10669/2490/2490 10670/2491/2491 10671/2492/2492
f  10672/2492/2492 10673/2491/2491 10674/2493/2493
f  10675/2492/2492 10676/2493/2493 10677/2494/2494
f  10678/2494/2494 10679/2493/2493 10680/2495/2495
f  10681/2494/2494 10682/2495/2495 10683/2496/2496
f  10684/2496/2496 10685/2495/2495 10686/2497/2497
f  10687/2496/2496 10688/2497/2497 10689/2498/2498
f  10690/2498/2498 10691/2497/2497 10692/2499/2499
f  10693/2498/2498 10694/2499/2499 10695/2500/2500
f  10696/2500/2500 10697/2499/2499 10698/2501/2501
f  10699/2500/2500 10700/2501/2501 10701/2502/2502
f  10702/2502/2502 10703/2501/2501 10704/2503/2503
f  10705/2502/2502 10706/2503/2503 10707/2504/2504
f  10708/2504/2504 10709/2503/2503 10710/2505/2505
f  10711/2504/2504 10712/2505/2505 10713/2506/2506
f  10714/2507/2507 10715/2508/2508 10716/2509/2509
f  10717/2507/2507 10718/2509/2509 10719/2510/2510
f  10720/2510/2510 10721/2509/2509 10722/2511/2511
f  10723/2510/2510 10724/2511/2511 10725/2512/2512
f  10726/2512/2512 10727/2511/2511 10728/2513/2513
f  10729/2512/2512 10730/2513/2513 10731/2514/2514
f  10732/2514/2514 10733/2513/2513 10734/2515/2515
f  10735/2514/2514 10736/2515/2515 10737/2516/2516
f  10738/2516/2516 10739/2515/2515 10740/2517/2517
f  10741/2516/2516 10742/2517/2517 10743/2518/2518
f  10744/2518/2518 10745/2517/2517 10746/2519/2519
f  10747/2518/2518 10748/2519/2519 10749/2520/2520
f  10750/2520/2520 10751/2519/2519 10752/2521/2521
f  10753/2520/2520 10754/2521/2521 10755/2522/2522
f  10756/2522/2522 10757/2521/2521 10758/2523/2523
f  10759/2522/2522 10760/2523/2523 10761/2524/2524
f  10762/2524/2524 10763/2523/2523 10764/2525/2525
f  10765/2524/2524 10766/2525/2525 10767/2526/2526
f  10768/2526/2526 10769/2525/2525 10770/2527/2527
f  10771/2526/2526 10772/2527/2527 10773/2528/2528
f  10774/2528/2528 10775/2527/2527 10776/2529/2529
f  10777/2528/2528 10778/2529/2529 10779/2530/2530
f  10780/2530/2530 10781/2529/2529 10782/2531/2531
f  10783/2530/2530 10784/2531/2531 10785/2532/2532
f  10786/2532/2532 10787/2531/2531 10788/2533/2533
f  10789/2532/2532 10790/2533/2533 10791/2534/2534
f  10792/2534/2534 10793/2533/2533 10794/2535/2535
f  10795/2534/2534 10796/2535/2535 10797/2536/2536
f  10798/2536/2536 10799/2535/2535 10800/2537/2537
f  10801/2536/2536 10802/2537/2537 10803/2538/2538
f  10804/2538/2538 10805/2537/2537 10806/2539/2539
f  10807/2538/2538 10808/2539/2539 10809/2540/2540
f  10810/2540/2540 10811/2539/2539 10812/2541/2541
f  10813/2540/2540 10814/2541/2541 10815/2542/2542
f  10816/2543/2543 10817/2544/2544 10818/2545/2545
f  10819/2543/2543 10820/2545/2545 10821/2546/2546
f  10822/2546/2546 10823/2545/2545 10824/2547/2547
f  10825/2546/2546 10826/2547/2547 10827/2548/2548
f  10828/2548/2548 10829/2547/2547 10830/2549/2549
f  10831/2548/2548 10832/2549/2549 10833/2550/2550
f  10834/2550/2550 10835/2549/2549 10836/2551/2551
f  10837/2550/2550 10838/2551/2551 10839/2552/2552
f  10840/2552/2552 10841/2551/2551 10842/2553/2553
f  10843/2552/2552 10844/2553/2553 10845/2554/2554
f  10846/2554/2554 10847/2553/2553 10848/2555/2555
f  10849/2554/2554 10850/2555/2555 10851/2556/2556
f  10852/2556/2556 10853/2555/2555 10854/2557/2557
f  10855/2556/2556 10856/2557/2557 10857/2558/2558
f  10858/2558/2558 10859/2557/2557 10860/2559/2559
f  10861/2558/2558 10862/2559/2559 10863/2560/2560
f  10864/2560/2560 10865/2559/2559 10866/2561/2561
f  10867/2489/2489 10868/2488/2488 10869/2562/2562
f  10870/2562/2562 10871/2488/2488 10872/2563/2563
f  10873/2562/2562 10874/2563/2563 10875/2564/2564
f  10876/2564/2564 10877/2563/2563 10878/2565/2565
f  10879/2564/2564 10880/2565/2565 10881/2566/2566
f  10882/2566/2566 10883/2565/2565 10884/2567/2567
f  10885/2566/2566 10886/2567/2567 10887/2568/2568
f  10888/2568/2568 10889/2567/2567 10890/2569/2569
f  10891/2568/2568 10892/2569/2569 10893/2570/2570
f  10894/2570/2570 10895/2569/2569 10896/2571/2571
f  10897/2570/2570 10898/2571/2571 10899/2572/2572
f  10900/2572/2572 10901/2571/2571 10902/2573/2573
f  10903/2572/2572 10904/2573/2573 10905/2574/2574
f  10906/2574/2574 10907/2573/2573 10908/2575/2575
f  10909/2574/2574 10910/2575/2575 10911/2576/2576
f  10912/2576/2576 10913/2575/2575 10914/2577/2577
f  10915/2576/2576 10916/2577/2577 10917/2578/2578
f  10918/2579/2579 10919/2580/2580 10920/2581/2581
f  10921/2579/2579 10922/2581/2581 10923/2582/2582
f  10924/2582/2582 10925/2581/2581 10926/2583/2583
f  10927/2582/2582 10928/2583/2583 10929/2584/2584
f  10930/2584/2584 10931/2583/2583 10932/2585/2585
f  10933/2584/2584 10934/2585/2585 10935/2586/2586
f  10936/2586/2586 10937/2585/2585 10938/2587/2587
f  10939/2586/2586 10940/2587/2587 10941/2588/2588
f  10942/2588/2588 10943/2587/2587 10944/2589/2589
f  10945/2588/2588 10946/2589/2589 10947/2590/2590
f  10948/2590/2590 10949/2589/2589 10950/2591/2591
f  10951/2590/2590 10952/2591/2591 10953/2592/2592
f  10954/2592/2592 10955/2591/2591 10956/2593/2593
f  10957/2592/2592 10958/2593/2593 10959/2594/2594
f  10960/2594/2594 10961/2593/2593 10962/2595/2595
f  10963/2594/2594 10964/2595/2595 10965/2596/2596
f  10966/2596/2596 10967/2595/2595 10968/2597/2597
f  10969/2596/2596 10970/2597/2597 10971/2598/2598
f  10972/2598/2598 10973/2597/2597 10974/2599/2599
f  10975/2598/2598 10976/2599/2599 10977/2600/2600
f  10978/2600/2600 10979/2599/2599 10980/2601/2601
f  10981/2600/2600 10982/2601/2601 10983/2602/2602
f  10984/2602/2602 10985/2601/2601 10986/2603/2603
f  10987/2602/2602 10988/2603/2603 10989/2604/2604
f  10990/2604/2604 10991/2603/2603 10992/2605/2605
f  10993/2604/2604 10994/2605/2605 10995/2606/2606
f  10996/2606/2606 10997/2605/2605 10998/2607/2607
f  10999/2606/2606 11000/2607/2607 11001/2608/2608
f  11002/2608/2608 11003/2607/2607 11004/2609/2609
f  11005/2608/2608 11006/2609/2609 11007/2610/2610
f  11008/2610/2610 11009/2609/2609 11010/2611/2611
f  11011/2610/2610 11012/2611/2611 11013/2612/2612
f  11014/2612/2612 11015/2611/2611 11016/2613/2613
f  11017/2612/2612 11018/2613/2613 11019/2614/2614
f  11020/2615/2615 11021/2616/2616 11022/2617/2617
f  11023/2615/2615 11024/2617/2617 11025/2618/2618
f  11026/2618/2618 11027/2617/2617 11028/2619/2619
f  11029/2618/2618 11030/2619/2619 11031/2620/2620
f  11032/2620/2620 11033/2619/2619 11034/2621/2621
f  11035/2620/2620 11036/2621/2621 11037/2622/2622
f  11038/2622/2622 11039/2621/2621 11040/2623/2623
f  11041/2622/2622 11042/2623/2623 11043/2624/2624
f  11044/2624/2624 11045/2623/2623 11046/2625/2625
f  11047/2624/2624 11048/2625/2625 11049/2626/2626
f  11050/2626/2626 11051/2625/2625 11052/2627/2627
f  11053/2626/2626 11054/2627/2627 11055/2628/2628
f  11056/2628/2628 11057/2627/2627 11058/2629/2629
f  11059/2628/2628 11060/2629/2629 11061/2630/2630
f  11062/2630/2630 11063/2629/2629 11064/2631/2631
f  11065/2630/2630 11066/2631/2631 11067/2561/2561
f  11068/2561/2561 11069/2631/2631 11070/2560/2560
f  11071/2632/2632 11072/2633/2633 11073/2634/2634
f  11074/2635/2635 11075/2636/2636 11076/2637/2637
f  11077/2636/2636 11078/2635/2635 11079/2638/2638
f  11080/2636/2636 11081/2638/2638 11082/2632/2632
f  11083/2632/2632 11084/2638/2638 11085/2633/2633
f  11086/2639/2639 11087/2640/2640 11088/2641/2641
f  11089/2641/2641 11090/2640/2640 11091/2642/2642
f  11092/2641/2641 11093/2642/2642 11094/2643/2643
f  11095/2632/2632 11096/2634/2634 11097/2644/2644
f  11098/2632/2632 11099/2644/2644 11100/2645/2645
f  11101/2645/2645 11102/2644/2644 11103/2646/2646
f  11104/2645/2645 11105/2646/2646 11106/2647/2647
f  11107/2647/2647 11108/2646/2646 11109/2648/2648
f  11110/2648/2648 11111/2646/2646 11112/2649/2649
f  11113/2648/2648 11114/2649/2649 11115/2650/2650
f  11116/2650/2650 11117/2649/2649 11118/2651/2651
f  11119/2651/2651 11120/2649/2649 11121/2652/2652
f  11122/2651/2651 11123/2652/2652 11124/2653/2653
f  11125/2653/2653 11126/2652/2652 11127/2654/2654
f  11128/2654/2654 11129/2652/2652 11130/2655/2655
f  11131/2654/2654 11132/2655/2655 11133/2656/2656
f  11134/2656/2656 11135/2655/2655 11136/2657/2657
f  11137/2657/2657 11138/2655/2655 11139/2658/2658
f  11140/2657/2657 11141/2658/2658 11142/2659/2659
f  11143/2659/2659 11144/2658/2658 11145/2660/2660
f  11146/2659/2659 11147/2660/2660 11148/2661/2661
f  11149/2661/2661 11150/2660/2660 11151/2662/2662
f  11152/2662/2662 11153/2660/2660 11154/2663/2663
f  11155/2662/2662 11156/2663/2663 11157/2664/2664
f  11158/2664/2664 11159/2663/2663 11160/2665/2665
f  11161/2665/2665 11162/2663/2663 11163/2666/2666
f  11164/2665/2665 11165/2666/2666 11166/2667/2667
f  11167/2667/2667 11168/2666/2666 11169/2668/2668
f  11170/2668/2668 11171/2666/2666 11172/2669/2669
f  11173/2668/2668 11174/2669/2669 11175/2670/2670
f  11176/2670/2670 11177/2669/2669 11178/2671/2671
f  11179/2671/2671 11180/2669/2669 11181/2672/2672
f  11182/2671/2671 11183/2672/2672 11184/2673/2673
f  11185/2673/2673 11186/2672/2672 11187/2674/2674
f  11188/2674/2674 11189/2672/2672 11190/2675/2675
f  11191/2674/2674 11192/2675/2675 11193/2676/2676
f  11194/2676/2676 11195/2675/2675 11196/2677/2677
f  11197/2676/2676 11198/2677/2677 11199/2678/2678
f  11200/2678/2678 11201/2677/2677 11202/2679/2679
f  11203/2679/2679 11204/2677/2677 11205/2680/2680
f  11206/2679/2679 11207/2680/2680 11208/2681/2681
f  11209/2681/2681 11210/2680/2680 11211/2682/2682
f  11212/2682/2682 11213/2680/2680 11214/2683/2683
f  11215/2682/2682 11216/2683/2683 11217/2684/2684
f  11218/2684/2684 11219/2683/2683 11220/2685/2685
f  11221/2684/2684 11222/2685/2685 11223/2686/2686
f  11224/2686/2686 11225/2685/2685 11226/2687/2687
f  11227/2687/2687 11228/2685/2685 11229/2688/2688
f  11230/2687/2687 11231/2688/2688 11232/2689/2689
f  11233/2689/2689 11234/2688/2688 11235/2690/2690
f  11236/2690/2690 11237/2688/2688 11238/2691/2691
f  11239/2690/2690 11240/2691/2691 11241/2692/2692
f  11242/2692/2692 11243/2691/2691 11244/2693/2693
f  11245/2692/2692 11246/2693/2693 11247/2694/2694
f  11248/2694/2694 11249/2693/2693 11250/2695/2695
f  11251/2695/2695 11252/2693/2693 11253/2696/2696
f  11254/2695/2695 11255/2696/2696 11256/2697/2697
f  11257/2697/2697 11258/2696/2696 11259/2698/2698
f  11260/2698/2698 11261/2696/2696 11262/2699/2699
f  11263/2698/2698 11264/2699/2699 11265/2700/2700
f  11266/2700/2700 11267/2699/2699 11268/2701/2701
f  11269/2701/2701 11270/2699/2699 11271/2702/2702
f  11272/2701/2701 11273/2702/2702 11274/2703/2703
f  11275/2703/2703 11276/2702/2702 11277/2704/2704
f  11278/2704/2704 11279/2702/2702 11280/2705/2705
f  11281/2704/2704 11282/2705/2705 11283/2706/2706
f  11284/2706/2706 11285/2705/2705 11286/2707/2707
f  11287/2706/2706 11288/2707/2707 11289/2708/2708
f  11290/2708/2708 11291/2707/2707 11292/2709/2709
f  11293/2709/2709 11294/2707/2707 11295/2710/2710
f  11296/2709/2709 11297/2710/2710 11298/2711/2711
f  11299/2711/2711 11300/2710/2710 11301/2712/2712
f  11302/2712/2712 11303/2710/2710 11304/2713/2713
f  11305/2712/2712 11306/2713/2713 11307/2714/2714
f  11308/2714/2714 11309/2713/2713 11310/2715/2715
f  11311/2715/2715 11312/2713/2713 11313/2716/2716
f  11314/2715/2715 11315/2716/2716 11316/2717/2717
f  11317/2717/2717 11318/2716/2716 11319/2718/2718
f  11320/2718/2718 11321/2716/2716 11322/2719/2719
f  11323/2718/2718 11324/2719/2719 11325/2720/2720
f  11326/2720/2720 11327/2719/2719 11328/2721/2721
f  11329/2721/2721 11330/2719/2719 11331/2722/2722
f  11332/2721/2721 11333/2722/2722 11334/2723/2723
f  11335/2723/2723 11336/2722/2722 11337/2724/2724
f  11338/2723/2723 11339/2724/2724 11340/2642/2642
f  11341/2642/2642 11342/2724/2724 11343/2643/2643
f  11344/2640/2640 11345/2639/2639 11346/2725/2725
f  11347/2640/2640 11348/2725/2725 11349/2726/2726
f  11350/2726/2726 11351/2725/2725 11352/2727/2727
f  11353/2727/2727 11354/2725/2725 11355/2728/2728
f  11356/2727/2727 11357/2728/2728 11358/2729/2729
f  11359/2729/2729 11360/2728/2728 11361/2730/2730
f  11362/2729/2729 11363/2730/2730 11364/2731/2731
f  11365/2731/2731 11366/2730/2730 11367/2732/2732
f  11368/2732/2732 11369/2730/2730 11370/2733/2733
f  11371/2732/2732 11372/2733/2733 11373/2734/2734
f  11374/2734/2734 11375/2733/2733 11376/2735/2735
f  11377/2734/2734 11378/2735/2735 11379/2736/2736
f  11380/2736/2736 11381/2735/2735 11382/2737/2737
f  11383/2737/2737 11384/2735/2735 11385/2738/2738
f  11386/2737/2737 11387/2738/2738 11388/2739/2739
f  11389/2739/2739 11390/2738/2738 11391/2740/2740
f  11392/2740/2740 11393/2738/2738 11394/2741/2741
f  11395/2740/2740 11396/2741/2741 11397/2742/2742
f  11398/2742/2742 11399/2741/2741 11400/2743/2743
f  11401/2743/2743 11402/2741/2741 11403/2744/2744
f  11404/2743/2743 11405/2744/2744 11406/2745/2745
f  11407/2745/2745 11408/2744/2744 11409/2746/2746
f  11410/2746/2746 11411/2744/2744 11412/2747/2747
f  11413/2746/2746 11414/2747/2747 11415/2748/2748
f  11416/2748/2748 11417/2747/2747 11418/2749/2749
f  11419/2749/2749 11420/2747/2747 11421/2750/2750
f  11422/2749/2749 11423/2750/2750 11424/2751/2751
f  11425/2751/2751 11426/2750/2750 11427/2752/2752
f  11428/2752/2752 11429/2750/2750 11430/2753/2753
f  11431/2752/2752 11432/2753/2753 11433/2754/2754
f  11434/2754/2754 11435/2753/2753 11436/2755/2755
f  11437/2754/2754 11438/2755/2755 11439/2756/2756
f  11440/2756/2756 11441/2755/2755 11442/2757/2757
f  11443/2757/2757 11444/2755/2755 11445/2758/2758
f  11446/2757/2757 11447/2758/2758 11448/2759/2759
f  11449/2759/2759 11450/2758/2758 11451/2760/2760
f  11452/2760/2760 11453/2758/2758 11454/2761/2761
f  11455/2760/2760 11456/2761/2761 11457/2762/2762
f  11458/2762/2762 11459/2761/2761 11460/2763/2763
f  11461/2763/2763 11462/2761/2761 11463/2764/2764
f  11464/2763/2763 11465/2764/2764 11466/2765/2765
f  11467/2765/2765 11468/2764/2764 11469/2766/2766
f  11470/2766/2766 11471/2764/2764 11472/2767/2767
f  11473/2766/2766 11474/2767/2767 11475/2768/2768
f  11476/2768/2768 11477/2767/2767 11478/2769/2769
f  11479/2768/2768 11480/2769/2769 11481/2770/2770
f  11482/2770/2770 11483/2769/2769 11484/2771/2771
f  11485/2771/2771 11486/2769/2769 11487/2772/2772
f  11488/2771/2771 11489/2772/2772 11490/2773/2773
f  11491/2773/2773 11492/2772/2772 11493/2774/2774
f  11494/2774/2774 11495/2772/2772 11496/2775/2775
f  11497/2774/2774 11498/2775/2775 11499/2776/2776
f  11500/2776/2776 11501/2775/2775 11502/2777/2777
f  11503/2776/2776 11504/2777/2777 11505/2778/2778
f  11506/2778/2778 11507/2777/2777 11508/2779/2779
f  11509/2779/2779 11510/2777/2777 11511/2780/2780
f  11512/2779/2779 11513/2780/2780 11514/2781/2781
f  11515/2781/2781 11516/2780/2780 11517/2782/2782
f  11518/2781/2781 11519/2782/2782 11520/2783/2783
f  11521/2783/2783 11522/2782/2782 11523/2784/2784
f  11524/2784/2784 11525/2782/2782 11526/2785/2785
f  11527/2784/2784 11528/2785/2785 11529/2786/2786
f  11530/2786/2786 11531/2785/2785 11532/2787/2787
f  11533/2787/2787 11534/2785/2785 11535/2788/2788
f  11536/2787/2787 11537/2788/2788 11538/2789/2789
f  11539/2789/2789 11540/2788/2788 11541/2790/2790
f  11542/2790/2790 11543/2788/2788 11544/2791/2791
f  11545/2790/2790 11546/2791/2791 11547/2792/2792
f  11548/2792/2792 11549/2791/2791 11550/2793/2793
f  11551/2793/2793 11552/2791/2791 11553/2794/2794
f  11554/2793/2793 11555/2794/2794 11556/2795/2795
f  11557/2795/2795 11558/2794/2794 11559/2796/2796
f  11560/2796/2796 11561/2794/2794 11562/2797/2797
f  11563/2796/2796 11564/2797/2797 11565/2798/2798
f  11566/2798/2798 11567/2797/2797 11568/2799/2799
f  11569/2799/2799 11570/2797/2797 11571/2800/2800
f  11572/2799/2799 11573/2800/2800 11574/2801/2801
f  11575/2801/2801 11576/2800/2800 11577/2802/2802
f  11578/2801/2801 11579/2802/2802 11580/2803/2803
f  11581/2803/2803 11582/2802/2802 11583/2804/2804
f  11584/2804/2804 11585/2802/2802 11586/2805/2805
f  11587/2804/2804 11588/2805/2805 11589/2636/2636
f  11590/2636/2636 11591/2805/2805 11592/2637/2637
f  11593/548/548 11594/547/547 11595/434/434
f  11596/170/170 11597/2806/2806 11598/171/171
f  11599/171/171 11600/2806/2806 11601/2807/2807
f  11602/433/433 11603/171/171 11604/434/434
f  11605/434/434 11606/171/171 11607/2807/2807
f  11608/434/434 11609/2807/2807 11610/548/548
f  11611/548/548 11612/2807/2807 11613/2/2
f  11614/548/548 11615/2/2 11616/1/1
f  11617/1/1 11618/136/136 11619/548/548
f  11620/548/548 11621/136/136 11622/135/135
f  11623/559/559 11624/551/551 11625/135/135
f  11626/615/615 11627/135/135 11628/618/618
f  11629/615/615 11630/612/612 11631/135/135
f  11632/135/135 11633/612/612 11634/609/609
f  11635/135/135 11636/585/585 11637/582/582
f  11638/633/633 11639/630/630 11640/135/135
f  11641/551/551 11642/550/550 11643/135/135
f  11644/135/135 11645/550/550 11646/549/549
f  11647/135/135 11648/549/549 11649/548/548
f  11650/135/135 11651/609/609 11652/606/606
f  11653/606/606 11654/603/603 11655/135/135
f  11656/135/135 11657/603/603 11658/600/600
f  11659/135/135 11660/591/591 11661/588/588
f  11662/135/135 11663/630/630 11664/627/627
f  11665/135/135 11666/600/600 11667/597/597
f  11668/135/135 11669/588/588 11670/585/585
f  11671/663/663 11672/717/717 11673/712/712
f  11674/663/663 11675/712/712 11676/666/666
f  11677/627/627 11678/624/624 11679/135/135
f  11680/135/135 11681/624/624 11682/621/621
f  11683/582/582 11684/579/579 11685/135/135
f  11686/135/135 11687/579/579 11688/576/576
f  11689/576/576 11690/573/573 11691/135/135
f  11692/135/135 11693/573/573 11694/570/570
f  11695/597/597 11696/594/594 11697/135/135
f  11698/135/135 11699/594/594 11700/591/591
f  11701/663/663 11702/135/135 11703/728/728
f  11704/663/663 11705/728/728 11706/726/726
f  11707/710/710 11708/707/707 11709/684/684
f  11710/135/135 11711/645/645 11712/642/642
f  11713/639/639 11714/636/636 11715/135/135
f  11716/135/135 11717/636/636 11718/633/633
f  11719/135/135 11720/621/621 11721/618/618
f  11722/570/570 11723/567/567 11724/135/135
f  11725/135/135 11726/567/567 11727/564/564
f  11728/135/135 11729/564/564 11730/562/562
f  11731/135/135 11732/562/562 11733/559/559
f  11734/726/726 11735/727/727 11736/663/663
f  11737/663/663 11738/727/727 11739/714/714
f  11740/663/663 11741/714/714 11742/717/717
f  11743/710/710 11744/684/684 11745/712/712
f  11746/681/681 11747/678/678 11748/712/712
f  11749/712/712 11750/669/669 11751/666/666
f  11752/135/135 11753/642/642 11754/639/639
f  11755/663/663 11756/657/657 11757/135/135
f  11758/135/135 11759/657/657 11760/651/651
f  11761/135/135 11762/651/651 11763/645/645
f  11764/690/690 11765/684/684 11766/696/696
f  11767/696/696 11768/684/684 11769/702/702
f  11770/712/712 11771/684/684 11772/681/681
f  11773/675/675 11774/672/672 11775/712/712
f  11776/712/712 11777/672/672 11778/669/669
f  11779/707/707 11780/704/704 11781/684/684
f  11782/684/684 11783/704/704 11784/702/702
f  11785/712/712 11786/678/678 11787/675/675
f  11788/2807/2807 11789/2806/2806 11790/2808/2808
f  11791/2807/2807 11792/2808/2808 11793/2809/2809
f  11794/2809/2809 11795/2808/2808 11796/2810/2810
f  11797/2809/2809 11798/2810/2810 11799/2811/2811
f  11800/2811/2811 11801/2810/2810 11802/2812/2812
f  11803/2811/2811 11804/2812/2812 11805/2813/2813
f  11806/2813/2813 11807/2812/2812 11808/2814/2814
f  11809/2813/2813 11810/2814/2814 11811/2815/2815
f  11812/2815/2815 11813/2814/2814 11814/2816/2816
f  11815/2815/2815 11816/2816/2816 11817/2817/2817
f  11818/2817/2817 11819/2816/2816 11820/2818/2818
f  11821/2817/2817 11822/2818/2818 11823/2819/2819
f  11824/2819/2819 11825/2818/2818 11826/2820/2820
f  11827/2819/2819 11828/2820/2820 11829/2821/2821
f  11830/2821/2821 11831/2820/2820 11832/2822/2822
f  11833/2821/2821 11834/2822/2822 11835/2823/2823
f  11836/2823/2823 11837/2822/2822 11838/2824/2824
f  11839/2823/2823 11840/2824/2824 11841/2825/2825
f  11842/2825/2825 11843/2824/2824 11844/2826/2826
f  11845/2825/2825 11846/2826/2826 11847/2827/2827
f  11848/2828/2828 11849/2829/2829 11850/2830/2830
f  11851/2828/2828 11852/2830/2830 11853/2831/2831
f  11854/2831/2831 11855/2830/2830 11856/2832/2832
f  11857/2831/2831 11858/2832/2832 11859/2833/2833
f  11860/2833/2833 11861/2832/2832 11862/2834/2834
f  11863/2833/2833 11864/2834/2834 11865/2835/2835
f  11866/2835/2835 11867/2834/2834 11868/2836/2836
f  11869/2835/2835 11870/2836/2836 11871/2837/2837
f  11872/2837/2837 11873/2836/2836 11874/2838/2838
f  11875/2837/2837 11876/2838/2838 11877/2839/2839
f  11878/2839/2839 11879/2838/2838 11880/2840/2840
f  11881/2839/2839 11882/2840/2840 11883/2841/2841
f  11884/2841/2841 11885/2840/2840 11886/2842/2842
f  11887/2841/2841 11888/2842/2842 11889/2843/2843
f  11890/2843/2843 11891/2842/2842 11892/2844/2844
f  11893/2843/2843 11894/2844/2844 11895/2845/2845
f  11896/2845/2845 11897/2844/2844 11898/2846/2846
f  11899/2845/2845 11900/2846/2846 11901/2847/2847
f  11902/2847/2847 11903/2846/2846 11904/2848/2848
f  11905/2847/2847 11906/2848/2848 11907/2849/2849
f  11908/2849/2849 11909/2848/2848 11910/2850/2850
f  11911/2849/2849 11912/2850/2850 11913/2851/2851
f  11914/2851/2851 11915/2850/2850 11916/2852/2852
f  11917/2851/2851 11918/2852/2852 11919/2853/2853
f  11920/2853/2853 11921/2852/2852 11922/2854/2854
f  11923/2853/2853 11924/2854/2854 11925/2855/2855
f  11926/2855/2855 11927/2854/2854 11928/2856/2856
f  11929/2855/2855 11930/2856/2856 11931/2857/2857
f  11932/2857/2857 11933/2856/2856 11934/2858/2858
f  11935/2857/2857 11936/2858/2858 11937/2859/2859
f  11938/2859/2859 11939/2858/2858 11940/2860/2860
f  11941/2859/2859 11942/2860/2860 11943/2861/2861
f  11944/2861/2861 11945/2860/2860 11946/2862/2862
f  11947/2861/2861 11948/2862/2862 11949/2863/2863
f  11950/2863/2863 11951/2862/2862 11952/2864/2864
f  11953/2863/2863 11954/2864/2864 11955/2865/2865
f  11956/2865/2865 11957/2864/2864 11958/2866/2866
f  11959/2865/2865 11960/2866/2866 11961/2867/2867
f  11962/2867/2867 11963/2866/2866 11964/2868/2868
f  11965/2867/2867 11966/2868/2868 11967/2869/2869
f  11968/2869/2869 11969/2868/2868 11970/2870/2870
f  11971/2869/2869 11972/2870/2870 11973/2871/2871
f  11974/2871/2871 11975/2870/2870 11976/2872/2872
f  11977/2871/2871 11978/2872/2872 11979/2873/2873
f  11980/2873/2873 11981/2872/2872 11982/2874/2874
f  11983/2873/2873 11984/2874/2874 11985/2875/2875
f  11986/2875/2875 11987/2874/2874 11988/2876/2876
f  11989/2875/2875 11990/2876/2876 11991/2877/2877
f  11992/2877/2877 11993/2876/2876 11994/2878/2878
f  11995/2877/2877 11996/2878/2878 11997/2879/2879
f  11998/2879/2879 11999/2878/2878 12000/2880/2880
f  12001/2879/2879 12002/2880/2880 12003/2881/2881
f  12004/2881/2881 12005/2880/2880 12006/2882/2882
f  12007/2881/2881 12008/2882/2882 12009/2883/2883
f  12010/2883/2883 12011/2882/2882 12012/2884/2884
f  12013/2883/2883 12014/2884/2884 12015/2885/2885
f  12016/2885/2885 12017/2884/2884 12018/2886/2886
f  12019/2885/2885 12020/2886/2886 12021/2887/2887
f  12022/2887/2887 12023/2886/2886 12024/2888/2888
f  12025/2887/2887 12026/2888/2888 12027/2889/2889
f  12028/2890/2890 12029/2891/2891 12030/2892/2892
f  12031/2890/2890 12032/2892/2892 12033/2893/2893
f  12034/2893/2893 12035/2892/2892 12036/2894/2894
f  12037/2893/2893 12038/2894/2894 12039/2895/2895
f  12040/2895/2895 12041/2894/2894 12042/2896/2896
f  12043/2895/2895 12044/2896/2896 12045/2897/2897
f  12046/2897/2897 12047/2896/2896 12048/2898/2898
f  12049/2897/2897 12050/2898/2898 12051/2899/2899
f  12052/2899/2899 12053/2898/2898 12054/2900/2900
f  12055/2899/2899 12056/2900/2900 12057/2901/2901
f  12058/2901/2901 12059/2900/2900 12060/2902/2902
f  12061/2901/2901 12062/2902/2902 12063/2903/2903
f  12064/2903/2903 12065/2902/2902 12066/2904/2904
f  12067/2903/2903 12068/2904/2904 12069/2905/2905
f  12070/2905/2905 12071/2904/2904 12072/2906/2906
f  12073/2905/2905 12074/2906/2906 12075/2907/2907
f  12076/2907/2907 12077/2906/2906 12078/2908/2908
f  12079/2907/2907 12080/2908/2908 12081/2909/2909
f  12082/2909/2909 12083/2908/2908 12084/2910/2910
f  12085/2909/2909 12086/2910/2910 12087/2911/2911
f  12088/2911/2911 12089/2910/2910 12090/2912/2912
f  12091/2911/2911 12092/2912/2912 12093/2913/2913
f  12094/2913/2913 12095/2912/2912 12096/2419/2419
f  12097/2913/2913 12098/2419/2419 12099/2418/2418
f  12100/2914/2914 12101/2915/2915 12102/2916/2916
f  12103/2914/2914 12104/2916/2916 12105/2917/2917
f  12106/2918/2918 12107/2919/2919 12108/2920/2920
f  12109/2920/2920 12110/2921/2921 12111/2918/2918
f  12112/2918/2918 12113/2921/2921 12114/2922/2922
f  12115/2918/2918 12116/2922/2922 12117/2923/2923
f  12118/2923/2923 12119/2922/2922 12120/2924/2924
f  12121/2923/2923 12122/2924/2924 12123/2925/2925
f  12124/2925/2925 12125/2924/2924 12126/2926/2926
f  12127/2925/2925 12128/2926/2926 12129/2927/2927
f  12130/2927/2927 12131/2926/2926 12132/2928/2928
f  12133/2927/2927 12134/2928/2928 12135/2929/2929
f  12136/2929/2929 12137/2928/2928 12138/2930/2930
f  12139/2929/2929 12140/2930/2930 12141/2931/2931
f  12142/2931/2931 12143/2930/2930 12144/2932/2932
f  12145/2931/2931 12146/2932/2932 12147/2933/2933
f  12148/2933/2933 12149/2932/2932 12150/2934/2934
f  12151/2933/2933 12152/2934/2934 12153/2935/2935
f  12154/2935/2935 12155/2934/2934 12156/2936/2936
f  12157/2935/2935 12158/2936/2936 12159/2937/2937
f  12160/2937/2937 12161/2936/2936 12162/2938/2938
f  12163/2937/2937 12164/2938/2938 12165/2939/2939
f  12166/2939/2939 12167/2938/2938 12168/2940/2940
f  12169/2939/2939 12170/2940/2940 12171/2941/2941
f  12172/2941/2941 12173/2940/2940 12174/2942/2942
f  12175/2941/2941 12176/2942/2942 12177/2943/2943
f  12178/2943/2943 12179/2942/2942 12180/2944/2944
f  12181/2943/2943 12182/2944/2944 12183/2945/2945
f  12184/2945/2945 12185/2944/2944 12186/2946/2946
f  12187/2945/2945 12188/2946/2946 12189/2947/2947
f  12190/2947/2947 12191/2946/2946 12192/2948/2948
f  12193/2947/2947 12194/2948/2948 12195/2949/2949
f  12196/2949/2949 12197/2948/2948 12198/2950/2950
f  12199/2949/2949 12200/2950/2950 12201/2951/2951
f  12202/2951/2951 12203/2950/2950 12204/2952/2952
f  12205/2951/2951 12206/2952/2952 12207/2953/2953
f  12208/2953/2953 12209/2952/2952 12210/2954/2954
f  12211/2953/2953 12212/2954/2954 12213/2955/2955
f  12214/2955/2955 12215/2954/2954 12216/2956/2956
f  12217/2955/2955 12218/2956/2956 12219/2957/2957
f  12220/2957/2957 12221/2956/2956 12222/2958/2958
f  12223/2957/2957 12224/2958/2958 12225/2959/2959
f  12226/2959/2959 12227/2958/2958 12228/2960/2960
f  12229/2959/2959 12230/2960/2960 12231/2961/2961
f  12232/2961/2961 12233/2960/2960 12234/2962/2962
f  12235/2961/2961 12236/2962/2962 12237/2963/2963
f  12238/2963/2963 12239/2962/2962 12240/2964/2964
f  12241/2963/2963 12242/2964/2964 12243/2965/2965
f  12244/2965/2965 12245/2964/2964 12246/2966/2966
f  12247/2965/2965 12248/2966/2966 12249/2967/2967
f  12250/2967/2967 12251/2966/2966 12252/2968/2968
f  12253/2967/2967 12254/2968/2968 12255/2969/2969
f  12256/2967/2967 12257/2969/2969 12258/2970/2970
f  12259/2970/2970 12260/2969/2969 12261/2971/2971
f  12262/2970/2970 12263/2971/2971 12264/2972/2972
f  12265/2972/2972 12266/2971/2971 12267/2973/2973
f  12268/2972/2972 12269/2973/2973 12270/2974/2974
f  12271/2974/2974 12272/2973/2973 12273/2975/2975
f  12274/2974/2974 12275/2975/2975 12276/2976/2976
f  12277/2976/2976 12278/2975/2975 12279/2977/2977
f  12280/2976/2976 12281/2977/2977 12282/2978/2978
f  12283/2978/2978 12284/2977/2977 12285/2979/2979
f  12286/2978/2978 12287/2979/2979 12288/2980/2980
f  12289/2980/2980 12290/2979/2979 12291/2981/2981
f  12292/2980/2980 12293/2981/2981 12294/2982/2982
f  12295/2982/2982 12296/2981/2981 12297/2983/2983
f  12298/2982/2982 12299/2983/2983 12300/2984/2984
f  12301/2984/2984 12302/2983/2983 12303/2985/2985
f  12304/2984/2984 12305/2985/2985 12306/2986/2986
f  12307/2986/2986 12308/2985/2985 12309/2987/2987
f  12310/2986/2986 12311/2987/2987 12312/2988/2988
f  12313/2988/2988 12314/2987/2987 12315/2989/2989
f  12316/2988/2988 12317/2989/2989 12318/2990/2990
f  12319/2990/2990 12320/2989/2989 12321/2991/2991
f  12322/2990/2990 12323/2991/2991 12324/2992/2992
f  12325/2992/2992 12326/2991/2991 12327/2993/2993
f  12328/2992/2992 12329/2993/2993 12330/2994/2994
f  12331/2994/2994 12332/2993/2993 12333/2995/2995
f  12334/2994/2994 12335/2995/2995 12336/2996/2996
f  12337/2996/2996 12338/2995/2995 12339/2997/2997
f  12340/2996/2996 12341/2997/2997 12342/2998/2998
f  12343/2998/2998 12344/2997/2997 12345/2999/2999
f  12346/2998/2998 12347/2999/2999 12348/3000/3000
f  12349/3000/3000 12350/2999/2999 12351/3001/3001
f  12352/3000/3000 12353/3001/3001 12354/3002/3002
f  12355/3002/3002 12356/3001/3001 12357/3003/3003
f  12358/3002/3002 12359/3003/3003 12360/3004/3004
f  12361/3004/3004 12362/3003/3003 12363/3005/3005
f  12364/3004/3004 12365/3005/3005 12366/3006/3006
f  12367/3006/3006 12368/3005/3005 12369/3007/3007
f  12370/3006/3006 12371/3007/3007 12372/3008/3008
f  12373/3008/3008 12374/3007/3007 12375/3009/3009
f  12376/3008/3008 12377/3009/3009 12378/3010/3010
f  12379/3010/3010 12380/3009/3009 12381/3011/3011
f  12382/3010/3010 12383/3011/3011 12384/2916/2916
f  12385/2916/2916 12386/3011/3011 12387/3012/3012
f  12388/2916/2916 12389/3012/3012 12390/2917/2917

