# File produced by Open Asset Import Library (http://www.assimp.sf.net)
# (assimp v6.0.959079823)

mtllib torso3.mtl

# 6210 vertex positions
v 0.06500780 -0.00202352 0.07349997
v 0.06478786 0.00549388 0.07349997
v -0.06500995 -0.00078406 0.07349997
v 0.06500780 -0.00202352 0.07349997
v -0.06500995 -0.00078406 0.07349997
v -0.06438338 -0.00933421 0.07349997
v 0.03125995 0.05709975 0.07349991
v -0.00147968 0.06500321 0.07349997
v 0.03952252 0.05163425 0.07349997
v -0.00815284 0.06450653 0.07349985
v 0.06478786 0.00549388 0.07349997
v -0.00147968 0.06500321 0.07349997
v -0.00147968 0.06500321 0.07349997
v 0.06478786 0.00549388 0.07349997
v 0.06356513 0.01384478 0.07349997
v 0.06238973 -0.01843523 0.07349997
v -0.01470661 -0.06337237 0.07349997
v -0.00291222 -0.06504267 0.07349997
v 0.06478786 0.00549388 0.07349997
v -0.00815284 0.06450653 0.07349985
v -0.01506525 0.06326150 0.07350009
v 0.06500780 -0.00202352 0.07349997
v -0.06438338 -0.00933421 0.07349997
v -0.06262338 -0.01749074 0.07349997
v -0.06262338 -0.01749074 0.07349997
v -0.05913960 -0.02723062 0.07349997
v 0.06500780 -0.00202352 0.07349997
v 0.06420069 -0.01028984 0.07349997
v -0.05222284 -0.03888154 0.07349997
v 0.06238973 -0.01843523 0.07349997
v -0.00147968 0.06500321 0.07349997
v 0.06356513 0.01384478 0.07349997
v 0.06121087 0.02193439 0.07349997
v -0.05511265 0.03450012 0.07350003
v -0.05843776 0.02850425 0.07349997
v 0.06478786 0.00549388 0.07349997
v 0.06478786 0.00549388 0.07349997
v -0.05843776 0.02850425 0.07349997
v -0.06168210 0.02066648 0.07349985
v 0.06420069 -0.01028984 0.07349997
v 0.06500780 -0.00202352 0.07349997
v -0.05222284 -0.03888154 0.07349997
v -0.05222284 -0.03888154 0.07349997
v 0.06500780 -0.00202352 0.07349997
v -0.05913960 -0.02723062 0.07349997
v -0.00147968 0.06500321 0.07349997
v 0.06121087 0.02193439 0.07349997
v 0.05783385 0.02979260 0.07349997
v -0.00147968 0.06500321 0.07349997
v 0.05783385 0.02979260 0.07349997
v 0.05259931 0.03827852 0.07349997
v 0.01371753 0.06359565 0.07349997
v 0.00515121 0.06481826 0.07350003
v 0.03125995 0.05709975 0.07349991
v 0.03125995 0.05709975 0.07349991
v 0.00515121 0.06481826 0.07350003
v -0.00147968 0.06500321 0.07349997
v -0.06384581 0.01228255 0.07349997
v -0.06476551 0.00571608 0.07349997
v 0.06478786 0.00549388 0.07349997
v 0.06478786 0.00549388 0.07349997
v -0.06476551 0.00571608 0.07349997
v -0.06500995 -0.00078406 0.07349997
v 0.06238973 -0.01843523 0.07349997
v -0.04430896 -0.04763460 0.07349997
v -0.03491210 -0.05495584 0.07349997
v 0.06238973 -0.01843523 0.07349997
v -0.02439600 -0.06030893 0.07349997
v -0.01470661 -0.06337237 0.07349997
v -0.00147968 0.06500321 0.07349997
v 0.05259931 0.03827852 0.07349997
v 0.04603475 0.04596894 0.07350003
v -0.00147968 0.06500321 0.07349997
v 0.04603475 0.04596894 0.07350003
v 0.03952252 0.05163425 0.07349997
v 0.06478786 0.00549388 0.07349997
v -0.06168210 0.02066648 0.07349985
v -0.06384581 0.01228255 0.07349997
v 0.06238973 -0.01843523 0.07349997
v -0.05222284 -0.03888154 0.07349997
v -0.04430896 -0.04763460 0.07349997
v 0.06238973 -0.01843523 0.07349997
v -0.00291222 -0.06504267 0.07349997
v 0.00887311 -0.06444853 0.07349997
v -0.01506525 0.06326150 0.07350009
v -0.02174240 0.06127887 0.07349997
v 0.06478786 0.00549388 0.07349997
v 0.06478786 0.00549388 0.07349997
v -0.02174240 0.06127887 0.07349997
v -0.02791875 0.05872482 0.07349997
v 0.06478786 0.00549388 0.07349997
v -0.02791875 0.05872482 0.07349997
v -0.03537887 0.05458790 0.07349985
v 0.06478786 0.00549388 0.07349997
v -0.04320722 0.04863941 0.07349997
v -0.05014467 0.04143446 0.07349985
v 0.06478786 0.00549388 0.07349997
v -0.05014467 0.04143446 0.07349985
v -0.05511265 0.03450012 0.07350003
v 0.06238973 -0.01843523 0.07349997
v -0.03491210 -0.05495584 0.07349997
v -0.02439600 -0.06030893 0.07349997
v 0.06238973 -0.01843523 0.07349997
v 0.00887311 -0.06444853 0.07349997
v 0.01704204 -0.06274700 0.07349997
v 0.02680641 -0.05933326 0.07349997
v 0.05073392 -0.04080533 0.07349997
v 0.05808115 -0.02942115 0.07349997
v 0.03125995 0.05709975 0.07349991
v 0.02199792 0.06119191 0.07349997
v 0.01371753 0.06359565 0.07349997
v 0.06478786 0.00549388 0.07349997
v -0.03537887 0.05458790 0.07349985
v -0.04320722 0.04863941 0.07349997
v 0.02680641 -0.05933326 0.07349997
v 0.04241341 -0.04932975 0.07349997
v 0.05073392 -0.04080533 0.07349997
v 0.04241341 -0.04932975 0.07349997
v 0.02680641 -0.05933326 0.07349997
v 0.03551954 -0.05446034 0.07349997
v 0.06238973 -0.01843523 0.07349997
v 0.01704204 -0.06274700 0.07349997
v 0.02680641 -0.05933326 0.07349997
v 0.06238973 -0.01843523 0.07349997
v 0.02680641 -0.05933326 0.07349997
v 0.05808115 -0.02942115 0.07349997
v -0.02933305 0.15000001 -0.05803215
v -0.03645831 0.14999990 -0.05386453
v 0.06509256 0.15000001 -0.00169754
v 0.06509256 0.15000001 -0.00169754
v -0.00672668 0.15000001 -0.06467533
v -0.01336282 0.15000001 -0.06363159
v -0.00672668 0.15000001 -0.06467533
v 0.06509256 0.15000001 -0.00169754
v 0.06366419 0.15000001 -0.01333999
v 0.06509256 0.15000001 -0.00169754
v -0.01336282 0.15000001 -0.06363159
v -0.02145457 0.15000001 -0.06141299
v 0.06509256 0.15000001 -0.00169754
v -0.02145457 0.15000001 -0.06141299
v -0.02933305 0.15000001 -0.05803215
v -0.06448131 0.15000001 -0.00836521
v -0.06509244 0.15000001 0.00169998
v 0.06509256 0.15000001 -0.00169754
v -0.06509244 0.15000001 0.00169998
v -0.06365317 0.15000001 0.01340675
v 0.06509256 0.15000001 -0.00169754
v 0.06509256 0.15000001 -0.00169754
v -0.00994325 0.15000001 0.06425940
v -0.00161779 0.15000001 0.06503230
v -0.00672668 0.15000001 -0.06467533
v 0.06366419 0.15000001 -0.01333999
v 0.06142598 0.15000001 -0.02131652
v 0.06509256 0.15000001 -0.00169754
v -0.04066807 0.15000001 0.05074799
v -0.03200984 0.15000001 0.05668443
v -0.03200984 0.15000001 0.05668443
v -0.02295315 0.15000001 0.06083816
v 0.06509256 0.15000001 -0.00169754
v 0.06509256 0.15000001 -0.00169754
v -0.02295315 0.15000001 0.06083816
v -0.01653778 0.15000001 0.06288129
v 0.06509256 0.15000001 -0.00169754
v -0.01653778 0.15000001 0.06288129
v -0.00994325 0.15000001 0.06425940
v 0.06509256 0.15000001 -0.00169754
v -0.00161779 0.15000001 0.06503230
v 0.00673360 0.15000001 0.06467461
v 0.00673360 0.15000001 0.06467461
v 0.06242108 0.15000001 0.01819789
v 0.06427240 0.15000001 0.01009953
v 0.06509256 0.15000001 -0.00169754
v -0.05405640 0.15000001 -0.03628027
v -0.05886805 0.15000001 -0.02761679
v 0.06509256 0.15000001 -0.00169754
v -0.05886805 0.15000001 -0.02761679
v -0.06140542 0.15000001 -0.02137595
v -0.06365317 0.15000001 0.01340675
v -0.06140285 0.15000001 0.02138245
v 0.06509256 0.15000001 -0.00169754
v 0.06509256 0.15000001 -0.00169754
v -0.06140285 0.15000001 0.02138245
v -0.05886507 0.15000001 0.02762329
v 0.06509256 0.15000001 -0.00169754
v -0.05886507 0.15000001 0.02762329
v -0.05477935 0.14999990 0.03506982
v 0.00673360 0.15000001 0.06467461
v 0.06427240 0.15000001 0.01009953
v 0.06509256 0.15000001 -0.00169754
v -0.00672668 0.15000001 -0.06467533
v 0.06142598 0.15000001 -0.02131652
v 0.05825716 0.15000001 -0.02895468
v -0.00672668 0.15000001 -0.06467533
v 0.05825716 0.15000001 -0.02895468
v 0.05334877 0.15000001 -0.03723543
v -0.00672668 0.15000001 -0.06467533
v 0.05334877 0.15000001 -0.03723543
v 0.04709982 0.15000001 -0.04489958
v -0.00672668 0.15000001 -0.06467533
v 0.04709982 0.15000001 -0.04489958
v 0.04029965 0.15000001 -0.05103015
v 0.06509256 0.15000001 -0.00169754
v -0.03645831 0.14999990 -0.05386453
v -0.04294133 0.15000001 -0.04882210
v -0.04294133 0.15000001 -0.04882210
v -0.04776674 0.15000001 -0.04411900
v 0.06509256 0.15000001 -0.00169754
v 0.06509256 0.15000001 -0.00169754
v -0.04776674 0.15000001 -0.04411900
v -0.05405640 0.15000001 -0.03628027
v -0.06140542 0.15000001 -0.02137595
v -0.06326913 0.15000001 -0.01499497
v 0.06509256 0.15000001 -0.00169754
v 0.06509256 0.15000001 -0.00169754
v -0.06326913 0.15000001 -0.01499497
v -0.06448131 0.15000001 -0.00836521
v 0.06509256 0.15000001 -0.00169754
v -0.05477935 0.14999990 0.03506982
v -0.04789662 0.15000001 0.04407835
v 0.01663875 0.15000001 0.06294083
v 0.04671007 0.15000001 0.04528570
v 0.00673360 0.15000001 0.06467461
v 0.00673360 0.15000001 0.06467461
v 0.04671007 0.15000001 0.04528570
v 0.05208915 0.15000001 0.03891307
v 0.05208915 0.15000001 0.03891307
v 0.05657345 0.15000001 0.03211331
v 0.00673360 0.15000001 0.06467461
v 0.05657345 0.15000001 0.03211331
v 0.06020396 0.15000001 0.02456831
v 0.00673360 0.15000001 0.06467461
v 0.00673360 0.15000001 0.06467461
v 0.06020396 0.15000001 0.02456831
v 0.06242108 0.15000001 0.01819789
v 0.00995231 0.15000001 -0.06425815
v 0.03342640 0.15000001 -0.05580765
v 0.01812011 0.15000001 -0.06247764
v 0.01812011 0.15000001 -0.06247764
v 0.03342640 0.15000001 -0.05580765
v 0.02598190 0.15000001 -0.05960786
v 0.03342640 0.15000001 -0.05580765
v 0.00995231 0.15000001 -0.06425815
v 0.00162202 0.15000001 -0.06503230
v 0.06509256 0.15000001 -0.00169754
v -0.04789662 0.15000001 0.04407835
v -0.04066807 0.15000001 0.05074799
v 0.04671007 0.15000001 0.04528570
v 0.01663875 0.15000001 0.06294083
v 0.02709335 0.15000001 0.05915033
v 0.04671007 0.15000001 0.04528570
v 0.03441268 0.15000001 0.05517464
v 0.04020035 0.15000001 0.05111110
v 0.04029965 0.15000001 -0.05103015
v 0.03342640 0.15000001 -0.05580765
v -0.00672668 0.15000001 -0.06467533
v -0.00672668 0.15000001 -0.06467533
v 0.03342640 0.15000001 -0.05580765
v 0.00162202 0.15000001 -0.06503230
v 0.04671007 0.15000001 0.04528570
v 0.02709335 0.15000001 0.05915033
v 0.03441268 0.15000001 0.05517464
v -0.06439703 0.05384123 0.01077324
v -0.06368112 0.05861485 0.01500976
v -0.06404936 0.07263702 0.01144814
v -0.06439703 0.05384123 0.01077324
v -0.06404936 0.07263702 0.01144814
v -0.06482452 0.06076461 0.00543660
v -0.06439703 0.05384123 0.01077324
v -0.06482452 0.06076461 0.00543660
v -0.06465983 0.04218870 0.01021564
v -0.06391847 0.04110974 0.01808995
v -0.06353712 0.04641920 0.01880025
v -0.06439703 0.05384123 0.01077324
v -0.06439703 0.05384123 0.01077324
v -0.06353712 0.04641920 0.01880025
v -0.06368112 0.05861485 0.01500976
v -0.06368112 0.05861485 0.01500976
v -0.06314796 0.07398533 0.01558434
v -0.06404936 0.07263702 0.01144814
v -0.06391847 0.04110974 0.01808995
v -0.06439703 0.05384123 0.01077324
v -0.06465983 0.04218870 0.01021564
v -0.06496864 0.01719743 0.00584620
v -0.06496691 0.00451350 0.02493304
v -0.06451046 0.02947819 0.01697295
v -0.06499624 0.00069633 -0.02342027
v -0.06496864 0.01719743 0.00584620
v -0.06501579 0.02647531 -0.00201201
v -0.06499624 0.00069633 -0.02342027
v -0.06496691 0.00451350 0.02493304
v -0.06496864 0.01719743 0.00584620
v -0.06496864 0.01719743 0.00584620
v -0.06451046 0.02947819 0.01697295
v -0.06465983 0.04218870 0.01021564
v -0.06482452 0.06076461 0.00543660
v -0.06501579 0.02647531 -0.00201201
v -0.06496864 0.01719743 0.00584620
v -0.06496864 0.01719743 0.00584620
v -0.06465983 0.04218870 0.01021564
v -0.06482452 0.06076461 0.00543660
v -0.00526279 0.06946820 0.06562262
v -0.00099031 0.06895869 0.06588804
v -0.00466454 0.07142752 0.06526499
v -0.00988328 0.07065659 0.06500357
v -0.00526279 0.06946820 0.06562262
v -0.00466454 0.07142752 0.06526499
v -0.00419235 0.07532876 0.06491518
v -0.00009531 0.07214564 0.06525367
v 0.00147152 0.07691657 0.06499922
v -0.03560107 0.07633703 0.05464881
v -0.04018104 0.07460778 0.05159497
v -0.03671485 0.07316541 0.05450707
v -0.02154117 0.07584196 0.06161284
v -0.02325469 0.07884687 0.06072837
v -0.02491939 0.07496088 0.06049031
v -0.02491939 0.07496088 0.06049031
v -0.02325469 0.07884687 0.06072837
v -0.02838218 0.07561713 0.05885702
v -0.03560107 0.07633703 0.05464881
v -0.03671485 0.07316541 0.05450707
v -0.03417348 0.07269126 0.05631506
v -0.04018104 0.07460778 0.05159497
v -0.04117614 0.06954783 0.05218172
v -0.03809142 0.06979799 0.05460000
v -0.03671485 0.07316541 0.05450707
v -0.04018104 0.07460778 0.05159497
v -0.03809142 0.06979799 0.05460000
v -0.03339833 0.07141560 0.05717986
v -0.02838218 0.07561713 0.05885702
v -0.03213739 0.07602435 0.05678641
v -0.03339833 0.07141560 0.05717986
v -0.03213739 0.07602435 0.05678641
v -0.03417348 0.07269126 0.05631506
v -0.02545464 0.07149434 0.06111162
v -0.02491939 0.07496088 0.06049031
v -0.03020370 0.07037454 0.05930548
v -0.03339833 0.07141560 0.05717986
v -0.03417348 0.07269126 0.05631506
v -0.04002702 0.06598842 0.05476033
v -0.04002702 0.06598842 0.05476033
v -0.03417348 0.07269126 0.05631506
v -0.03809142 0.06979799 0.05460000
v -0.02824950 0.07893502 0.05856603
v -0.03311145 0.07918441 0.05595088
v -0.03213739 0.07602435 0.05678641
v -0.01918667 0.07862979 0.06211853
v -0.02325469 0.07884687 0.06072837
v -0.02154117 0.07584196 0.06161284
v -0.01445353 0.07634687 0.06352525
v -0.01099956 0.07811361 0.06407916
v -0.01523643 0.07922792 0.06320720
v -0.01002675 0.07363051 0.06453955
v -0.01099956 0.07811361 0.06407916
v -0.01445353 0.07634687 0.06352525
v -0.03020370 0.07037454 0.05930548
v -0.03002035 0.07239985 0.05876255
v -0.03528434 0.06644296 0.05808120
v -0.03528434 0.06644296 0.05808120
v -0.03002035 0.07239985 0.05876255
v -0.03339833 0.07141560 0.05717986
v -0.03528434 0.06644296 0.05808120
v -0.03339833 0.07141560 0.05717986
v -0.04002702 0.06598842 0.05476033
v -0.01284343 0.07146674 0.06444978
v -0.01445353 0.07634687 0.06352525
v -0.01734131 0.07246309 0.06341326
v -0.01734131 0.07246309 0.06341326
v -0.01445353 0.07634687 0.06352525
v -0.01822960 0.07484090 0.06277048
v -0.01918667 0.07862979 0.06211853
v -0.01822960 0.07484090 0.06277048
v -0.01523643 0.07922792 0.06320720
v -0.01918667 0.07862979 0.06211853
v -0.02154117 0.07584196 0.06161284
v -0.01822960 0.07484090 0.06277048
v -0.02174502 0.07012999 0.06280887
v -0.01822960 0.07484090 0.06277048
v -0.02545464 0.07149434 0.06111162
v -0.02174502 0.07012999 0.06280887
v -0.02545464 0.07149434 0.06111162
v -0.02634334 0.06765300 0.06211221
v -0.03002035 0.07239985 0.05876255
v -0.02491939 0.07496088 0.06049031
v -0.02838218 0.07561713 0.05885702
v -0.03002035 0.07239985 0.05876255
v -0.02838218 0.07561713 0.05885702
v -0.03339833 0.07141560 0.05717986
v -0.02174502 0.07012999 0.06280887
v -0.02022391 0.06754767 0.06414383
v -0.01838243 0.06965917 0.06385344
v -0.01838243 0.06965917 0.06385344
v -0.01284343 0.07146674 0.06444978
v -0.01734131 0.07246309 0.06341326
v -0.03809142 0.06979799 0.05460000
v -0.03417348 0.07269126 0.05631506
v -0.03671485 0.07316541 0.05450707
v -0.01002675 0.07363051 0.06453955
v -0.00988328 0.07065659 0.06500357
v -0.00466454 0.07142752 0.06526499
v -0.00419235 0.07532876 0.06491518
v -0.00466454 0.07142752 0.06526499
v -0.00009531 0.07214564 0.06525367
v -0.01284343 0.07146674 0.06444978
v -0.01002675 0.07363051 0.06453955
v -0.01445353 0.07634687 0.06352525
v -0.01092976 0.06842738 0.06548142
v -0.01284343 0.07146674 0.06444978
v -0.01538854 0.06880110 0.06470692
v -0.01538854 0.06880110 0.06470692
v -0.01284343 0.07146674 0.06444978
v -0.01838243 0.06965917 0.06385344
v -0.02174502 0.07012999 0.06280887
v -0.01734131 0.07246309 0.06341326
v -0.01822960 0.07484090 0.06277048
v -0.01822960 0.07484090 0.06277048
v -0.02154117 0.07584196 0.06161284
v -0.02545464 0.07149434 0.06111162
v -0.02545464 0.07149434 0.06111162
v -0.02154117 0.07584196 0.06161284
v -0.02491939 0.07496088 0.06049031
v -0.03020370 0.07037454 0.05930548
v -0.02491939 0.07496088 0.06049031
v -0.03002035 0.07239985 0.05876255
v -0.01002675 0.07363051 0.06453955
v -0.00466454 0.07142752 0.06526499
v -0.00419235 0.07532876 0.06491518
v -0.02431190 0.06673455 0.06326770
v -0.02634334 0.06765300 0.06211221
v -0.02762413 0.06428873 0.06328439
v -0.02634334 0.06765300 0.06211221
v -0.03138512 0.06600302 0.06058663
v -0.03195482 0.06235373 0.06245124
v -0.03195482 0.06235373 0.06245124
v -0.03138512 0.06600302 0.06058663
v -0.03604120 0.06219244 0.06006366
v -0.01002675 0.07363051 0.06453955
v -0.00419235 0.07532876 0.06491518
v -0.00710159 0.07719182 0.06464648
v -0.03895676 0.06071615 0.05888015
v -0.04257535 0.05895698 0.05678480
v -0.04249370 0.05565053 0.05968374
v -0.04517996 0.05021595 0.06218522
v -0.04210186 0.05362200 0.06221443
v -0.04249370 0.05565053 0.05968374
v -0.04517996 0.05021595 0.06218522
v -0.04458361 0.04938107 0.06436699
v -0.04210186 0.05362200 0.06221443
v -0.04210186 0.05362200 0.06221443
v -0.04031115 0.05383878 0.06397372
v -0.03940242 0.05669915 0.06182175
v -0.03678411 0.05907768 0.06188923
v -0.03940242 0.05669915 0.06182175
v -0.03695678 0.05683630 0.06378287
v -0.03340071 0.05716711 0.06625312
v -0.03405588 0.05868375 0.06411147
v -0.03623950 0.05596578 0.06538516
v -0.04210186 0.05362200 0.06221443
v -0.04458361 0.04938107 0.06436699
v -0.04031115 0.05383878 0.06397372
v -0.03940242 0.05669915 0.06182175
v -0.04031115 0.05383878 0.06397372
v -0.03695678 0.05683630 0.06378287
v -0.04787451 0.04528671 0.06487506
v -0.04710501 0.04539299 0.06668156
v -0.04458361 0.04938107 0.06436699
v -0.04458361 0.04938107 0.06436699
v -0.04357862 0.04953002 0.06578385
v -0.04031115 0.05383878 0.06397372
v -0.04458361 0.04938107 0.06436699
v -0.04710501 0.04539299 0.06668156
v -0.04357862 0.04953002 0.06578385
v -0.03695678 0.05683630 0.06378287
v -0.04031115 0.05383878 0.06397372
v -0.04004698 0.05303829 0.06531476
v -0.04710501 0.04539299 0.06668156
v -0.04787451 0.04528671 0.06487506
v -0.05065351 0.04081684 0.06779253
v -0.04004698 0.05303829 0.06531476
v -0.04031115 0.05383878 0.06397372
v -0.04357862 0.04953002 0.06578385
v -0.05070436 0.04158622 0.06488150
v -0.05065351 0.04081684 0.06779253
v -0.04787451 0.04528671 0.06487506
v -0.05070436 0.04158622 0.06488150
v -0.04787451 0.04528671 0.06487506
v -0.04805350 0.04674911 0.06196945
v -0.04805350 0.04674911 0.06196945
v -0.04787451 0.04528671 0.06487506
v -0.04517996 0.05021595 0.06218522
v -0.04805350 0.04674911 0.06196945
v -0.04517996 0.05021595 0.06218522
v -0.04572415 0.05216944 0.05906289
v -0.04572415 0.05216944 0.05906289
v -0.04517996 0.05021595 0.06218522
v -0.04249370 0.05565053 0.05968374
v -0.04787451 0.04528671 0.06487506
v -0.04458361 0.04938107 0.06436699
v -0.04517996 0.05021595 0.06218522
v -0.04113847 0.05059683 0.06824064
v -0.04067790 0.05164349 0.06671917
v -0.04388338 0.04834640 0.06769227
v -0.04357862 0.04953002 0.06578385
v -0.04710501 0.04539299 0.06668156
v -0.04772627 0.04428154 0.06827545
v -0.04388338 0.04834640 0.06769227
v -0.04693007 0.04501837 0.06917023
v -0.04361993 0.04821652 0.06949341
v -0.04388338 0.04834640 0.06769227
v -0.04772627 0.04428154 0.06827545
v -0.04693007 0.04501837 0.06917023
v -0.05065351 0.04081684 0.06779253
v -0.04772627 0.04428154 0.06827545
v -0.04710501 0.04539299 0.06668156
v -0.04357862 0.04953002 0.06578385
v -0.04772627 0.04428154 0.06827545
v -0.04388338 0.04834640 0.06769227
v -0.03623950 0.05596578 0.06538516
v -0.03753834 0.05414760 0.06660550
v -0.03340071 0.05716711 0.06625312
v -0.03136616 0.05780678 0.06712311
v -0.02856028 0.05972594 0.06657487
v -0.03340071 0.05716711 0.06625312
v -0.03753834 0.05414760 0.06660550
v -0.03623950 0.05596578 0.06538516
v -0.04067790 0.05164349 0.06671917
v -0.04067790 0.05164349 0.06671917
v -0.03623950 0.05596578 0.06538516
v -0.04004698 0.05303829 0.06531476
v -0.04067790 0.05164349 0.06671917
v -0.04004698 0.05303829 0.06531476
v -0.04388338 0.04834640 0.06769227
v -0.04388338 0.04834640 0.06769227
v -0.04004698 0.05303829 0.06531476
v -0.04357862 0.04953002 0.06578385
v -0.03617995 0.05437541 0.06807619
v -0.03136616 0.05780678 0.06712311
v -0.03340071 0.05716711 0.06625312
v -0.03617995 0.05437541 0.06807619
v -0.03340071 0.05716711 0.06625312
v -0.03753834 0.05414760 0.06660550
v -0.04113847 0.05059683 0.06824064
v -0.04388338 0.04834640 0.06769227
v -0.04361993 0.04821652 0.06949341
v -0.04008311 0.05123800 0.06902498
v -0.04113847 0.05059683 0.06824064
v -0.04361993 0.04821652 0.06949341
v -0.03617995 0.05437541 0.06807619
v -0.04008311 0.05123800 0.06902498
v -0.03860718 0.05232143 0.06941527
v -0.03617995 0.05437541 0.06807619
v -0.04113847 0.05059683 0.06824064
v -0.04008311 0.05123800 0.06902498
v -0.03136616 0.05780678 0.06712311
v -0.03617995 0.05437541 0.06807619
v -0.03308731 0.05611842 0.06868535
v -0.02974390 0.05804288 0.06849294
v -0.03136616 0.05780678 0.06712311
v -0.03308731 0.05611842 0.06868535
v -0.03565508 0.05437874 0.06941574
v -0.03617995 0.05437541 0.06807619
v -0.03860718 0.05232143 0.06941527
v -0.03308731 0.05611842 0.06868535
v -0.03617995 0.05437541 0.06807619
v -0.03565508 0.05437874 0.06941574
v -0.03565508 0.05437874 0.06941574
v -0.03236585 0.05640810 0.06945866
v -0.03308731 0.05611842 0.06868535
v -0.03236585 0.05640810 0.06945866
v -0.02974390 0.05804288 0.06849294
v -0.03308731 0.05611842 0.06868535
v -0.02634334 0.06765300 0.06211221
v -0.03195482 0.06235373 0.06245124
v -0.02762413 0.06428873 0.06328439
v -0.02634334 0.06765300 0.06211221
v -0.02431190 0.06673455 0.06326770
v -0.02174502 0.07012999 0.06280887
v -0.02174502 0.07012999 0.06280887
v -0.02431190 0.06673455 0.06326770
v -0.02022391 0.06754767 0.06414383
v -0.01838243 0.06965917 0.06385344
v -0.02022391 0.06754767 0.06414383
v -0.01538854 0.06880110 0.06470692
v -0.03405588 0.05868375 0.06411147
v -0.03028070 0.06059277 0.06467354
v -0.03195482 0.06235373 0.06245124
v -0.02439594 0.06386303 0.06480842
v -0.02152431 0.06404697 0.06565338
v -0.02139467 0.06530928 0.06488227
v -0.02139467 0.06530928 0.06488227
v -0.02152431 0.06404697 0.06565338
v -0.01674485 0.06609368 0.06556826
v -0.02174502 0.07012999 0.06280887
v -0.01838243 0.06965917 0.06385344
v -0.01734131 0.07246309 0.06341326
v -0.01092976 0.06842738 0.06548142
v -0.00988328 0.07065659 0.06500357
v -0.01284343 0.07146674 0.06444978
v -0.01822960 0.07484090 0.06277048
v -0.01445353 0.07634687 0.06352525
v -0.01523643 0.07922792 0.06320720
v -0.02325469 0.07884687 0.06072837
v -0.02824950 0.07893502 0.05856603
v -0.02838218 0.07561713 0.05885702
v -0.02838218 0.07561713 0.05885702
v -0.02824950 0.07893502 0.05856603
v -0.03213739 0.07602435 0.05678641
v -0.01092976 0.06842738 0.06548142
v -0.00526279 0.06946820 0.06562262
v -0.00988328 0.07065659 0.06500357
v -0.00988328 0.07065659 0.06500357
v -0.01002675 0.07363051 0.06453955
v -0.01284343 0.07146674 0.06444978
v -0.01002675 0.07363051 0.06453955
v -0.00710159 0.07719182 0.06464648
v -0.01099956 0.07811361 0.06407916
v -0.02439594 0.06386303 0.06480842
v -0.02431190 0.06673455 0.06326770
v -0.02762413 0.06428873 0.06328439
v -0.03195482 0.06235373 0.06245124
v -0.03604120 0.06219244 0.06006366
v -0.03678411 0.05907768 0.06188923
v -0.02431190 0.06673455 0.06326770
v -0.02439594 0.06386303 0.06480842
v -0.02139467 0.06530928 0.06488227
v -0.02022391 0.06754767 0.06414383
v -0.01674485 0.06609368 0.06556826
v -0.01538854 0.06880110 0.06470692
v -0.01538854 0.06880110 0.06470692
v -0.01674485 0.06609368 0.06556826
v -0.01180917 0.06665796 0.06613206
v -0.01538854 0.06880110 0.06470692
v -0.01180917 0.06665796 0.06613206
v -0.01092976 0.06842738 0.06548142
v -0.00009531 0.07214564 0.06525367
v -0.00466454 0.07142752 0.06526499
v -0.00099031 0.06895869 0.06588804
v -0.01148021 0.06526190 0.06711286
v -0.01180917 0.06665796 0.06613206
v -0.01316177 0.06548964 0.06662982
v -0.00429261 0.06619697 0.06718116
v -0.00683671 0.06748282 0.06621241
v -0.01180917 0.06665796 0.06613206
v -0.00141639 0.06739717 0.06650042
v -0.00099031 0.06895869 0.06588804
v -0.00683671 0.06748282 0.06621241
v -0.01092976 0.06842738 0.06548142
v -0.01180917 0.06665796 0.06613206
v -0.00683671 0.06748282 0.06621241
v -0.00429261 0.06619697 0.06718116
v 0.00155419 0.06663113 0.06694281
v -0.00141639 0.06739717 0.06650042
v -0.00429261 0.06619697 0.06718116
v -0.00141639 0.06739717 0.06650042
v -0.00683671 0.06748282 0.06621241
v -0.01316177 0.06548964 0.06662982
v -0.01180917 0.06665796 0.06613206
v -0.01674485 0.06609368 0.06556826
v -0.02022391 0.06754767 0.06414383
v -0.02139467 0.06530928 0.06488227
v -0.01674485 0.06609368 0.06556826
v -0.01092976 0.06842738 0.06548142
v -0.00683671 0.06748282 0.06621241
v -0.00526279 0.06946820 0.06562262
v -0.00526279 0.06946820 0.06562262
v -0.00683671 0.06748282 0.06621241
v -0.00099031 0.06895869 0.06588804
v -0.03195482 0.06235373 0.06245124
v -0.03028070 0.06059277 0.06467354
v -0.02762413 0.06428873 0.06328439
v -0.02762413 0.06428873 0.06328439
v -0.03028070 0.06059277 0.06467354
v -0.02682131 0.06202411 0.06518858
v -0.02762413 0.06428873 0.06328439
v -0.02682131 0.06202411 0.06518858
v -0.02439594 0.06386303 0.06480842
v -0.02856028 0.05972594 0.06657487
v -0.02795684 0.05934554 0.06758892
v -0.02432096 0.06165617 0.06668704
v -0.01922500 0.06320303 0.06714504
v -0.02384710 0.06113183 0.06766575
v -0.01983392 0.06225687 0.06824821
v -0.02974390 0.05804288 0.06849294
v -0.02583539 0.05997586 0.06831699
v -0.02795684 0.05934554 0.06758892
v -0.02974390 0.05804288 0.06849294
v -0.02795684 0.05934554 0.06758892
v -0.03136616 0.05780678 0.06712311
v -0.03136616 0.05780678 0.06712311
v -0.02795684 0.05934554 0.06758892
v -0.02856028 0.05972594 0.06657487
v -0.04113847 0.05059683 0.06824064
v -0.03617995 0.05437541 0.06807619
v -0.03753834 0.05414760 0.06660550
v -0.04113847 0.05059683 0.06824064
v -0.03753834 0.05414760 0.06660550
v -0.04067790 0.05164349 0.06671917
v -0.03236585 0.05640810 0.06945866
v -0.02808851 0.05864065 0.06953084
v -0.02974390 0.05804288 0.06849294
v -0.02431941 0.06032001 0.06929224
v -0.02583539 0.05997586 0.06831699
v -0.02808851 0.05864065 0.06953084
v -0.02432096 0.06165617 0.06668704
v -0.02795684 0.05934554 0.06758892
v -0.02384710 0.06113183 0.06766575
v -0.02384710 0.06113183 0.06766575
v -0.02795684 0.05934554 0.06758892
v -0.02583539 0.05997586 0.06831699
v -0.02583539 0.05997586 0.06831699
v -0.02974390 0.05804288 0.06849294
v -0.02808851 0.05864065 0.06953084
v -0.02431941 0.06032001 0.06929224
v -0.02071428 0.06163197 0.06954038
v -0.01983392 0.06225687 0.06824821
v -0.02431941 0.06032001 0.06929224
v -0.01983392 0.06225687 0.06824821
v -0.02384710 0.06113183 0.06766575
v -0.01541966 0.06418162 0.06730729
v -0.01922500 0.06320303 0.06714504
v -0.01983392 0.06225687 0.06824821
v -0.01541966 0.06418162 0.06730729
v -0.01983392 0.06225687 0.06824821
v -0.01600724 0.06347203 0.06809711
v -0.01600724 0.06347203 0.06809711
v -0.01983392 0.06225687 0.06824821
v -0.01665478 0.06287610 0.06926077
v -0.01665478 0.06287610 0.06926077
v -0.01983392 0.06225687 0.06824821
v -0.02071428 0.06163197 0.06954038
v -0.02583539 0.05997586 0.06831699
v -0.02431941 0.06032001 0.06929224
v -0.02384710 0.06113183 0.06766575
v -0.01922500 0.06320303 0.06714504
v -0.01541966 0.06418162 0.06730729
v -0.01316177 0.06548964 0.06662982
v -0.01922500 0.06320303 0.06714504
v -0.02432096 0.06165617 0.06668704
v -0.02384710 0.06113183 0.06766575
v -0.00812185 0.06541389 0.06752115
v -0.00429261 0.06619697 0.06718116
v -0.01148021 0.06526190 0.06711286
v -0.01789242 0.06449115 0.06635063
v -0.02152431 0.06404697 0.06565338
v -0.02432096 0.06165617 0.06668704
v -0.02432096 0.06165617 0.06668704
v -0.02152431 0.06404697 0.06565338
v -0.02682131 0.06202411 0.06518858
v -0.01316177 0.06548964 0.06662982
v -0.01541966 0.06418162 0.06730729
v -0.01148021 0.06526190 0.06711286
v -0.01789242 0.06449115 0.06635063
v -0.02432096 0.06165617 0.06668704
v -0.01922500 0.06320303 0.06714504
v -0.02432096 0.06165617 0.06668704
v -0.02682131 0.06202411 0.06518858
v -0.02856028 0.05972594 0.06657487
v -0.02856028 0.05972594 0.06657487
v -0.02682131 0.06202411 0.06518858
v -0.03028070 0.06059277 0.06467354
v -0.02856028 0.05972594 0.06657487
v -0.03028070 0.06059277 0.06467354
v -0.03340071 0.05716711 0.06625312
v -0.03340071 0.05716711 0.06625312
v -0.03028070 0.06059277 0.06467354
v -0.03405588 0.05868375 0.06411147
v -0.04210186 0.05362200 0.06221443
v -0.03940242 0.05669915 0.06182175
v -0.04249370 0.05565053 0.05968374
v -0.04572415 0.05216944 0.05906289
v -0.04249370 0.05565053 0.05968374
v -0.04257535 0.05895698 0.05678480
v -0.05070436 0.04158622 0.06488150
v -0.05327892 0.03728950 0.06726878
v -0.05065351 0.04081684 0.06779253
v -0.03695678 0.05683630 0.06378287
v -0.04004698 0.05303829 0.06531476
v -0.03623950 0.05596578 0.06538516
v -0.03695678 0.05683630 0.06378287
v -0.03623950 0.05596578 0.06538516
v -0.03405588 0.05868375 0.06411147
v -0.01789242 0.06449115 0.06635063
v -0.01922500 0.06320303 0.06714504
v -0.01316177 0.06548964 0.06662982
v -0.00812185 0.06541389 0.06752115
v -0.00461221 0.06557393 0.06777364
v -0.00429261 0.06619697 0.06718116
v 0.00155419 0.06663113 0.06694281
v -0.00429261 0.06619697 0.06718116
v 0.00190955 0.06572049 0.06778389
v -0.01665478 0.06287610 0.06926077
v -0.01194590 0.06392204 0.06962871
v -0.01264262 0.06391668 0.06887251
v -0.01665478 0.06287610 0.06926077
v -0.01264262 0.06391668 0.06887251
v -0.01600724 0.06347203 0.06809711
v -0.01600724 0.06347203 0.06809711
v -0.01264262 0.06391668 0.06887251
v -0.01225984 0.06435489 0.06805014
v -0.01600724 0.06347203 0.06809711
v -0.01225984 0.06435489 0.06805014
v -0.01541966 0.06418162 0.06730729
v -0.01264262 0.06391668 0.06887251
v -0.01194590 0.06392204 0.06962871
v -0.00782639 0.06472557 0.06877946
v -0.01264262 0.06391668 0.06887251
v -0.00782639 0.06472557 0.06877946
v -0.01225984 0.06435489 0.06805014
v -0.01225984 0.06435489 0.06805014
v -0.00782639 0.06472557 0.06877946
v -0.00812185 0.06541389 0.06752115
v -0.00812185 0.06541389 0.06752115
v -0.00667345 0.06511151 0.06819289
v -0.00461221 0.06557393 0.06777364
v -0.00461221 0.06557393 0.06777364
v -0.00012388 0.06543254 0.06824672
v -0.00429261 0.06619697 0.06718116
v -0.00782639 0.06472557 0.06877946
v -0.00585860 0.06477344 0.06952780
v -0.00195718 0.06515824 0.06883174
v -0.00782639 0.06472557 0.06877946
v -0.00195718 0.06515824 0.06883174
v -0.00667345 0.06511151 0.06819289
v -0.00667345 0.06511151 0.06819289
v -0.00195718 0.06515824 0.06883174
v -0.00461221 0.06557393 0.06777364
v -0.00012388 0.06543254 0.06824672
v 0.00190955 0.06572049 0.06778389
v -0.00429261 0.06619697 0.06718116
v -0.01194590 0.06392204 0.06962871
v -0.00585860 0.06477344 0.06952780
v -0.00782639 0.06472557 0.06877946
v -0.00782639 0.06472557 0.06877946
v -0.00667345 0.06511151 0.06819289
v -0.00812185 0.06541389 0.06752115
v -0.00585860 0.06477344 0.06952780
v -0.00089267 0.06500929 0.06964671
v -0.00195718 0.06515824 0.06883174
v -0.00195718 0.06515824 0.06883174
v -0.00012388 0.06543254 0.06824672
v -0.00461221 0.06557393 0.06777364
v -0.01541966 0.06418162 0.06730729
v -0.01225984 0.06435489 0.06805014
v -0.01148021 0.06526190 0.06711286
v -0.01148021 0.06526190 0.06711286
v -0.01225984 0.06435489 0.06805014
v -0.00812185 0.06541389 0.06752115
v -0.06464123 0.01447463 0.02595686
v -0.06427842 0.02341550 0.02407759
v -0.06451046 0.02947819 0.01697295
v -0.06465983 0.04218870 0.01021564
v -0.06451046 0.02947819 0.01697295
v -0.06384193 0.02872622 0.02497637
v -0.06391847 0.04110974 0.01808995
v -0.06465983 0.04218870 0.01021564
v -0.06384193 0.02872622 0.02497637
v -0.06391847 0.04110974 0.01808995
v -0.06384193 0.02872622 0.02497637
v -0.06301039 0.03134495 0.02970582
v -0.06198060 0.03516978 0.03277045
v -0.06301039 0.03134495 0.02970582
v -0.06231755 0.02650851 0.03861922
v -0.06198060 0.03516978 0.03277045
v -0.06231755 0.02650851 0.03861922
v -0.06091666 0.03288847 0.03999650
v -0.06091666 0.03288847 0.03999650
v -0.06002527 0.03370386 0.04331320
v -0.05865931 0.04138863 0.04119366
v -0.05609101 0.04319834 0.04731869
v -0.05650812 0.04703760 0.04294502
v -0.05788397 0.04055595 0.04443854
v -0.05788397 0.04055595 0.04443854
v -0.05650812 0.04703760 0.04294502
v -0.05865931 0.04138863 0.04119366
v -0.06002527 0.03370386 0.04331320
v -0.06091666 0.03288847 0.03999650
v -0.06099236 0.02841812 0.04492753
v -0.05450075 0.04172891 0.05342274
v -0.05207324 0.04922538 0.05109661
v -0.05409193 0.04594326 0.04975378
v -0.04730451 0.05277413 0.05611836
v -0.04754233 0.05561506 0.05327433
v -0.05089998 0.04591459 0.05708158
v -0.05245661 0.04490232 0.05471307
v -0.05207324 0.04922538 0.05109661
v -0.05450075 0.04172891 0.05342274
v -0.05089998 0.04591459 0.05708158
v -0.04875737 0.04795038 0.05894678
v -0.04730451 0.05277413 0.05611836
v -0.05645781 0.03823053 0.05177152
v -0.05450075 0.04172891 0.05342274
v -0.05409193 0.04594326 0.04975378
v -0.04754233 0.05561506 0.05327433
v -0.04945266 0.05400848 0.05164146
v -0.05245661 0.04490232 0.05471307
v -0.04754233 0.05561506 0.05327433
v -0.05245661 0.04490232 0.05471307
v -0.05089998 0.04591459 0.05708158
v -0.06427842 0.02341550 0.02407759
v -0.06464123 0.01447463 0.02595686
v -0.06427961 0.01480484 0.03324151
v -0.06427842 0.02341550 0.02407759
v -0.06384193 0.02872622 0.02497637
v -0.06451046 0.02947819 0.01697295
v -0.06384193 0.02872622 0.02497637
v -0.06427842 0.02341550 0.02407759
v -0.06321543 0.02093344 0.03823375
v -0.06321543 0.02093344 0.03823375
v -0.06427842 0.02341550 0.02407759
v -0.06427961 0.01480484 0.03324151
v -0.05788397 0.04055595 0.04443854
v -0.05865931 0.04138863 0.04119366
v -0.06002527 0.03370386 0.04331320
v -0.06099236 0.02841812 0.04492753
v -0.06091666 0.03288847 0.03999650
v -0.06231755 0.02650851 0.03861922
v -0.06231755 0.02650851 0.03861922
v -0.06257688 0.02022308 0.04619961
v -0.06099236 0.02841812 0.04492753
v -0.06002527 0.03370386 0.04331320
v -0.05934435 0.03262084 0.04770565
v -0.05788397 0.04055595 0.04443854
v -0.06301039 0.03134495 0.02970582
v -0.06384193 0.02872622 0.02497637
v -0.06321543 0.02093344 0.03823375
v -0.06301039 0.03134495 0.02970582
v -0.06321543 0.02093344 0.03823375
v -0.06231755 0.02650851 0.03861922
v -0.06231755 0.02650851 0.03861922
v -0.06321543 0.02093344 0.03823375
v -0.06257688 0.02022308 0.04619961
v -0.06391847 0.01211661 0.04724872
v -0.06257688 0.02022308 0.04619961
v -0.06321543 0.02093344 0.03823375
v -0.06429356 0.01133400 0.03959959
v -0.06321543 0.02093344 0.03823375
v -0.06427961 0.01480484 0.03324151
v -0.05609101 0.04319834 0.04731869
v -0.05788397 0.04055595 0.04443854
v -0.05934435 0.03262084 0.04770565
v -0.05934435 0.03262084 0.04770565
v -0.06002527 0.03370386 0.04331320
v -0.06099236 0.02841812 0.04492753
v -0.06464123 0.01447463 0.02595686
v -0.06496691 0.00451350 0.02493304
v -0.06484395 0.00513917 0.03502023
v -0.06464123 0.01447463 0.02595686
v -0.06484395 0.00513917 0.03502023
v -0.06427961 0.01480484 0.03324151
v -0.06427961 0.01480484 0.03324151
v -0.06484395 0.00513917 0.03502023
v -0.06429356 0.01133400 0.03959959
v -0.06321543 0.02093344 0.03823375
v -0.06429356 0.01133400 0.03959959
v -0.06454640 0.00777781 0.04403764
v -0.06321543 0.02093344 0.03823375
v -0.06454640 0.00777781 0.04403764
v -0.06391847 0.01211661 0.04724872
v -0.06454640 0.00777781 0.04403764
v -0.06429356 0.01133400 0.03959959
v -0.06484395 0.00513917 0.03502023
v -0.06496691 0.00451350 0.02493304
v -0.06464123 0.01447463 0.02595686
v -0.06451046 0.02947819 0.01697295
v -0.04945266 0.05400848 0.05164146
v -0.05207324 0.04922538 0.05109661
v -0.05245661 0.04490232 0.05471307
v -0.05245661 0.04490232 0.05471307
v -0.05450075 0.04172891 0.05342274
v -0.05427396 0.03875970 0.05853140
v -0.05427396 0.03875970 0.05853140
v -0.05450075 0.04172891 0.05342274
v -0.05642014 0.03429120 0.05851542
v -0.05450075 0.04172891 0.05342274
v -0.05737859 0.03326207 0.05615884
v -0.05642014 0.03429120 0.05851542
v -0.05642014 0.03429120 0.05851542
v -0.05737859 0.03326207 0.05615884
v -0.06023871 0.02459764 0.06004554
v -0.06391847 0.01211661 0.04724872
v -0.06316792 0.01552039 0.05281198
v -0.06257688 0.02022308 0.04619961
v -0.06257688 0.02022308 0.04619961
v -0.06316792 0.01552039 0.05281198
v -0.06102770 0.02486801 0.05078679
v -0.06099236 0.02841812 0.04492753
v -0.06102770 0.02486801 0.05078679
v -0.05934435 0.03262084 0.04770565
v -0.05784142 0.03577315 0.04996645
v -0.05934435 0.03262084 0.04770565
v -0.05903548 0.02982676 0.05414611
v -0.05903548 0.02982676 0.05414611
v -0.06102770 0.02486801 0.05078679
v -0.06065380 0.02411258 0.05662941
v -0.06065380 0.02411258 0.05662941
v -0.06102770 0.02486801 0.05078679
v -0.06215441 0.01913142 0.05666846
v -0.05645781 0.03823053 0.05177152
v -0.05903548 0.02982676 0.05414611
v -0.05737859 0.03326207 0.05615884
v -0.05737859 0.03326207 0.05615884
v -0.05903548 0.02982676 0.05414611
v -0.06065380 0.02411258 0.05662941
v -0.05737859 0.03326207 0.05615884
v -0.06065380 0.02411258 0.05662941
v -0.06023871 0.02459764 0.06004554
v -0.06023871 0.02459764 0.06004554
v -0.06065380 0.02411258 0.05662941
v -0.06215441 0.01913142 0.05666846
v -0.05645781 0.03823053 0.05177152
v -0.05784142 0.03577315 0.04996645
v -0.05903548 0.02982676 0.05414611
v -0.05642014 0.03429120 0.05851542
v -0.05786937 0.02970248 0.06377190
v -0.05552881 0.03451699 0.06286573
v -0.05642014 0.03429120 0.05851542
v -0.06023871 0.02459764 0.06004554
v -0.05948781 0.02628415 0.06164300
v -0.05642014 0.03429120 0.05851542
v -0.05948781 0.02628415 0.06164300
v -0.05786937 0.02970248 0.06377190
v -0.05786937 0.02970248 0.06377190
v -0.05615109 0.03281342 0.06570267
v -0.05552881 0.03451699 0.06286573
v -0.05089998 0.04591459 0.05708158
v -0.05112361 0.04228061 0.06207960
v -0.04875737 0.04795038 0.05894678
v -0.05615109 0.03281342 0.06570267
v -0.05368131 0.03717589 0.06467020
v -0.05552881 0.03451699 0.06286573
v -0.05552881 0.03451699 0.06286573
v -0.05368131 0.03717589 0.06467020
v -0.05287396 0.04033505 0.06035321
v -0.05287396 0.04033505 0.06035321
v -0.05368131 0.03717589 0.06467020
v -0.05112361 0.04228061 0.06207960
v -0.05287396 0.04033505 0.06035321
v -0.05112361 0.04228061 0.06207960
v -0.05089998 0.04591459 0.05708158
v -0.05642014 0.03429120 0.05851542
v -0.05552881 0.03451699 0.06286573
v -0.05427396 0.03875970 0.05853140
v -0.05427396 0.03875970 0.05853140
v -0.05552881 0.03451699 0.06286573
v -0.05287396 0.04033505 0.06035321
v -0.05427396 0.03875970 0.05853140
v -0.05287396 0.04033505 0.06035321
v -0.05245661 0.04490232 0.05471307
v -0.05245661 0.04490232 0.05471307
v -0.05287396 0.04033505 0.06035321
v -0.05089998 0.04591459 0.05708158
v -0.05450075 0.04172891 0.05342274
v -0.05645781 0.03823053 0.05177152
v -0.05737859 0.03326207 0.05615884
v -0.06257688 0.02022308 0.04619961
v -0.06102770 0.02486801 0.05078679
v -0.06099236 0.02841812 0.04492753
v -0.05934435 0.03262084 0.04770565
v -0.05784142 0.03577315 0.04996645
v -0.05609101 0.04319834 0.04731869
v -0.05784142 0.03577315 0.04996645
v -0.05645781 0.03823053 0.05177152
v -0.05609101 0.04319834 0.04731869
v -0.05609101 0.04319834 0.04731869
v -0.05645781 0.03823053 0.05177152
v -0.05409193 0.04594326 0.04975378
v -0.06269401 0.06122398 0.01907014
v -0.06173735 0.07615453 0.02043759
v -0.06314796 0.07398533 0.01558434
v -0.06269401 0.06122398 0.01907014
v -0.06314796 0.07398533 0.01558434
v -0.06368112 0.05861485 0.01500976
v -0.06173735 0.07615453 0.02043759
v -0.06160861 0.06681674 0.02186352
v -0.05920732 0.07728773 0.02694368
v -0.05971735 0.06847763 0.02671021
v -0.06160861 0.06681674 0.02186352
v -0.06084328 0.05691272 0.02654677
v -0.06353712 0.04641920 0.01880025
v -0.06273353 0.04684108 0.02287632
v -0.06269401 0.06122398 0.01907014
v -0.06353712 0.04641920 0.01880025
v -0.06391847 0.04110974 0.01808995
v -0.06198060 0.03516978 0.03277045
v -0.06198060 0.03516978 0.03277045
v -0.06391847 0.04110974 0.01808995
v -0.06301039 0.03134495 0.02970582
v -0.06086272 0.03857380 0.03540474
v -0.06198060 0.03516978 0.03277045
v -0.06091666 0.03288847 0.03999650
v -0.06273353 0.04684108 0.02287632
v -0.06146180 0.05007439 0.02697086
v -0.06084328 0.05691272 0.02654677
v -0.06273353 0.04684108 0.02287632
v -0.06084328 0.05691272 0.02654677
v -0.06269401 0.06122398 0.01907014
v -0.06353712 0.04641920 0.01880025
v -0.06269401 0.06122398 0.01907014
v -0.06368112 0.05861485 0.01500976
v -0.06273353 0.04684108 0.02287632
v -0.06353712 0.04641920 0.01880025
v -0.06198060 0.03516978 0.03277045
v -0.06273353 0.04684108 0.02287632
v -0.06198060 0.03516978 0.03277045
v -0.06131672 0.04251885 0.03112047
v -0.06131672 0.04251885 0.03112047
v -0.06198060 0.03516978 0.03277045
v -0.06086272 0.03857380 0.03540474
v -0.05940878 0.04249954 0.03789204
v -0.06086272 0.03857380 0.03540474
v -0.06091666 0.03288847 0.03999650
v -0.05940878 0.04249954 0.03789204
v -0.06091666 0.03288847 0.03999650
v -0.05865931 0.04138863 0.04119366
v -0.05903548 0.02982676 0.05414611
v -0.05934435 0.03262084 0.04770565
v -0.06102770 0.02486801 0.05078679
v -0.06215441 0.01913142 0.05666846
v -0.06102770 0.02486801 0.05078679
v -0.06316792 0.01552039 0.05281198
v -0.06084328 0.05691272 0.02654677
v -0.05917286 0.06097412 0.02976381
v -0.05971735 0.06847763 0.02671021
v -0.06160861 0.06681674 0.02186352
v -0.05971735 0.06847763 0.02671021
v -0.05920732 0.07728773 0.02694368
v -0.05920732 0.07728773 0.02694368
v -0.05523324 0.06943833 0.03537714
v -0.05583781 0.07744508 0.03336077
v -0.05583781 0.07744508 0.03336077
v -0.05523324 0.06943833 0.03537714
v -0.05274963 0.07693582 0.03808206
v -0.05971735 0.06847763 0.02671021
v -0.05726957 0.06863856 0.03195303
v -0.05920732 0.07728773 0.02694368
v -0.05920732 0.07728773 0.02694368
v -0.05726957 0.06863856 0.03195303
v -0.05523324 0.06943833 0.03537714
v -0.05523324 0.06943833 0.03537714
v -0.05217206 0.06913226 0.04017764
v -0.05274963 0.07693582 0.03808206
v -0.05971735 0.06847763 0.02671021
v -0.05917286 0.06097412 0.02976381
v -0.05744642 0.06218785 0.03325057
v -0.05726957 0.06863856 0.03195303
v -0.05744642 0.06218785 0.03325057
v -0.05523324 0.06943833 0.03537714
v -0.04747056 0.07887226 0.04444104
v -0.04983282 0.07701307 0.04183918
v -0.04598701 0.07585668 0.04621994
v -0.04747056 0.07887226 0.04444104
v -0.04598701 0.07585668 0.04621994
v -0.04280632 0.07902872 0.04897195
v -0.04280632 0.07902872 0.04897195
v -0.04598701 0.07585668 0.04621994
v -0.04217529 0.07633048 0.04970443
v -0.04280632 0.07902872 0.04897195
v -0.04018104 0.07460778 0.05159497
v -0.03762531 0.07889360 0.05303460
v -0.03762531 0.07889360 0.05303460
v -0.04018104 0.07460778 0.05159497
v -0.03560107 0.07633703 0.05464881
v -0.03762531 0.07889360 0.05303460
v -0.03560107 0.07633703 0.05464881
v -0.03311145 0.07918441 0.05595088
v -0.04117614 0.06954783 0.05218172
v -0.04018104 0.07460778 0.05159497
v -0.04497349 0.06922876 0.04877179
v -0.04497349 0.06922876 0.04877179
v -0.04018104 0.07460778 0.05159497
v -0.04467844 0.07260656 0.04809433
v -0.04497349 0.06922876 0.04877179
v -0.04467844 0.07260656 0.04809433
v -0.04822224 0.06664174 0.04606884
v -0.04822224 0.06664174 0.04606884
v -0.04467844 0.07260656 0.04809433
v -0.04837757 0.07181239 0.04437345
v -0.04822224 0.06664174 0.04606884
v -0.04837757 0.07181239 0.04437345
v -0.05033802 0.06745463 0.04318743
v -0.05033802 0.06745463 0.04318743
v -0.04837757 0.07181239 0.04437345
v -0.05217206 0.06913226 0.04017764
v -0.05744642 0.06218785 0.03325057
v -0.05726957 0.06863856 0.03195303
v -0.05971735 0.06847763 0.02671021
v -0.06269401 0.06122398 0.01907014
v -0.06160861 0.06681674 0.02186352
v -0.06173735 0.07615453 0.02043759
v -0.05523324 0.06943833 0.03537714
v -0.05418080 0.06281715 0.03912228
v -0.05217206 0.06913226 0.04017764
v -0.04018104 0.07460778 0.05159497
v -0.04217529 0.07633048 0.04970443
v -0.04467844 0.07260656 0.04809433
v -0.04467844 0.07260656 0.04809433
v -0.04217529 0.07633048 0.04970443
v -0.04598701 0.07585668 0.04621994
v -0.04467844 0.07260656 0.04809433
v -0.04598701 0.07585668 0.04621994
v -0.04837757 0.07181239 0.04437345
v -0.04837757 0.07181239 0.04437345
v -0.04598701 0.07585668 0.04621994
v -0.04983282 0.07701307 0.04183918
v -0.04837757 0.07181239 0.04437345
v -0.04983282 0.07701307 0.04183918
v -0.05217206 0.06913226 0.04017764
v -0.05217206 0.06913226 0.04017764
v -0.04983282 0.07701307 0.04183918
v -0.05274963 0.07693582 0.03808206
v -0.04280632 0.07902872 0.04897195
v -0.04217529 0.07633048 0.04970443
v -0.04018104 0.07460778 0.05159497
v -0.04258388 0.06634324 0.05227172
v -0.04117614 0.06954783 0.05218172
v -0.04497349 0.06922876 0.04877179
v -0.04258388 0.06634324 0.05227172
v -0.04497349 0.06922876 0.04877179
v -0.04633772 0.06549274 0.04878044
v -0.04633772 0.06549274 0.04878044
v -0.04497349 0.06922876 0.04877179
v -0.04822224 0.06664174 0.04606884
v -0.04822224 0.06664174 0.04606884
v -0.05033802 0.06745463 0.04318743
v -0.05157017 0.06222665 0.04346126
v -0.05157017 0.06222665 0.04346126
v -0.05033802 0.06745463 0.04318743
v -0.05418080 0.06281715 0.03912228
v -0.05418080 0.06281715 0.03912228
v -0.05033802 0.06745463 0.04318743
v -0.05217206 0.06913226 0.04017764
v -0.05657792 0.05889993 0.03621053
v -0.05418080 0.06281715 0.03912228
v -0.05523324 0.06943833 0.03537714
v -0.05657792 0.05889993 0.03621053
v -0.05523324 0.06943833 0.03537714
v -0.05744642 0.06218785 0.03325057
v -0.05917286 0.06097412 0.02976381
v -0.06084328 0.05691272 0.02654677
v -0.05969697 0.05079817 0.03217256
v -0.05744642 0.06218785 0.03325057
v -0.05894035 0.05019038 0.03465116
v -0.05657792 0.05889993 0.03621053
v -0.05418080 0.06281715 0.03912228
v -0.05712306 0.05045586 0.03918159
v -0.05471330 0.05515265 0.04163599
v -0.04258388 0.06634324 0.05227172
v -0.04627758 0.06128799 0.05099701
v -0.04361212 0.06142055 0.05394929
v -0.04361212 0.06142055 0.05394929
v -0.04002702 0.06598842 0.05476033
v -0.04258388 0.06634324 0.05227172
v -0.04627758 0.06128799 0.05099701
v -0.04258388 0.06634324 0.05227172
v -0.04633772 0.06549274 0.04878044
v -0.04627758 0.06128799 0.05099701
v -0.04633772 0.06549274 0.04878044
v -0.04876071 0.06112849 0.04796433
v -0.04876071 0.06112849 0.04796433
v -0.04633772 0.06549274 0.04878044
v -0.04822224 0.06664174 0.04606884
v -0.04876071 0.06112849 0.04796433
v -0.04822224 0.06664174 0.04606884
v -0.05191361 0.05773639 0.04516971
v -0.05191361 0.05773639 0.04516971
v -0.04822224 0.06664174 0.04606884
v -0.05157017 0.06222665 0.04346126
v -0.05157017 0.06222665 0.04346126
v -0.05418080 0.06281715 0.03912228
v -0.05471330 0.05515265 0.04163599
v -0.05969697 0.05079817 0.03217256
v -0.05744642 0.06218785 0.03325057
v -0.05917286 0.06097412 0.02976381
v -0.03528434 0.06644296 0.05808120
v -0.04002702 0.06598842 0.05476033
v -0.03924822 0.06421387 0.05636423
v -0.04257535 0.05895698 0.05678480
v -0.03924822 0.06421387 0.05636423
v -0.04361212 0.06142055 0.05394929
v -0.04754233 0.05561506 0.05327433
v -0.04361212 0.06142055 0.05394929
v -0.04627758 0.06128799 0.05099701
v -0.04945266 0.05400848 0.05164146
v -0.04627758 0.06128799 0.05099701
v -0.05016481 0.05559104 0.04933530
v -0.05712306 0.05045586 0.03918159
v -0.05657792 0.05889993 0.03621053
v -0.05894035 0.05019038 0.03465116
v -0.06131672 0.04251885 0.03112047
v -0.05969697 0.05079817 0.03217256
v -0.06146180 0.05007439 0.02697086
v -0.04730451 0.05277413 0.05611836
v -0.04257535 0.05895698 0.05678480
v -0.04361212 0.06142055 0.05394929
v -0.04730451 0.05277413 0.05611836
v -0.04361212 0.06142055 0.05394929
v -0.04754233 0.05561506 0.05327433
v -0.05650812 0.04703760 0.04294502
v -0.05449098 0.05172479 0.04418987
v -0.05471330 0.05515265 0.04163599
v -0.05650812 0.04703760 0.04294502
v -0.05471330 0.05515265 0.04163599
v -0.05712306 0.05045586 0.03918159
v -0.05940878 0.04249954 0.03789204
v -0.05712306 0.05045586 0.03918159
v -0.05894035 0.05019038 0.03465116
v -0.03138512 0.06600302 0.06058663
v -0.03528434 0.06644296 0.05808120
v -0.03604120 0.06219244 0.06006366
v -0.03604120 0.06219244 0.06006366
v -0.03528434 0.06644296 0.05808120
v -0.03895676 0.06071615 0.05888015
v -0.03895676 0.06071615 0.05888015
v -0.03528434 0.06644296 0.05808120
v -0.03924822 0.06421387 0.05636423
v -0.03895676 0.06071615 0.05888015
v -0.03924822 0.06421387 0.05636423
v -0.04257535 0.05895698 0.05678480
v -0.04754233 0.05561506 0.05327433
v -0.04627758 0.06128799 0.05099701
v -0.04945266 0.05400848 0.05164146
v -0.05184257 0.05436670 0.04740971
v -0.05191361 0.05773639 0.04516971
v -0.05449098 0.05172479 0.04418987
v -0.02634334 0.06765300 0.06211221
v -0.02545464 0.07149434 0.06111162
v -0.03138512 0.06600302 0.06058663
v -0.03138512 0.06600302 0.06058663
v -0.02545464 0.07149434 0.06111162
v -0.03020370 0.07037454 0.05930548
v -0.03138512 0.06600302 0.06058663
v -0.03020370 0.07037454 0.05930548
v -0.03528434 0.06644296 0.05808120
v -0.03924822 0.06421387 0.05636423
v -0.04002702 0.06598842 0.05476033
v -0.04361212 0.06142055 0.05394929
v -0.05016481 0.05559104 0.04933530
v -0.04627758 0.06128799 0.05099701
v -0.04876071 0.06112849 0.04796433
v -0.05016481 0.05559104 0.04933530
v -0.04876071 0.06112849 0.04796433
v -0.05184257 0.05436670 0.04740971
v -0.05184257 0.05436670 0.04740971
v -0.04876071 0.06112849 0.04796433
v -0.05191361 0.05773639 0.04516971
v -0.05191361 0.05773639 0.04516971
v -0.05157017 0.06222665 0.04346126
v -0.05449098 0.05172479 0.04418987
v -0.05449098 0.05172479 0.04418987
v -0.05157017 0.06222665 0.04346126
v -0.05471330 0.05515265 0.04163599
v -0.05712306 0.05045586 0.03918159
v -0.05418080 0.06281715 0.03912228
v -0.05657792 0.05889993 0.03621053
v -0.05894035 0.05019038 0.03465116
v -0.05744642 0.06218785 0.03325057
v -0.05969697 0.05079817 0.03217256
v -0.06146180 0.05007439 0.02697086
v -0.05969697 0.05079817 0.03217256
v -0.06084328 0.05691272 0.02654677
v -0.03213739 0.07602435 0.05678641
v -0.03311145 0.07918441 0.05595088
v -0.03560107 0.07633703 0.05464881
v -0.03213739 0.07602435 0.05678641
v -0.03560107 0.07633703 0.05464881
v -0.03417348 0.07269126 0.05631506
v -0.04117614 0.06954783 0.05218172
v -0.04258388 0.06634324 0.05227172
v -0.04002702 0.06598842 0.05476033
v -0.04117614 0.06954783 0.05218172
v -0.04002702 0.06598842 0.05476033
v -0.03809142 0.06979799 0.05460000
v -0.02431190 0.06673455 0.06326770
v -0.02139467 0.06530928 0.06488227
v -0.02022391 0.06754767 0.06414383
v -0.05615109 0.03281342 0.06570267
v -0.05327892 0.03728950 0.06726878
v -0.05368131 0.03717589 0.06467020
v -0.05368131 0.03717589 0.06467020
v -0.05327892 0.03728950 0.06726878
v -0.05070436 0.04158622 0.06488150
v -0.05368131 0.03717589 0.06467020
v -0.05070436 0.04158622 0.06488150
v -0.05112361 0.04228061 0.06207960
v -0.05112361 0.04228061 0.06207960
v -0.05070436 0.04158622 0.06488150
v -0.04805350 0.04674911 0.06196945
v -0.05112361 0.04228061 0.06207960
v -0.04805350 0.04674911 0.06196945
v -0.04875737 0.04795038 0.05894678
v -0.04875737 0.04795038 0.05894678
v -0.04805350 0.04674911 0.06196945
v -0.04572415 0.05216944 0.05906289
v -0.04875737 0.04795038 0.05894678
v -0.04572415 0.05216944 0.05906289
v -0.04730451 0.05277413 0.05611836
v -0.04730451 0.05277413 0.05611836
v -0.04572415 0.05216944 0.05906289
v -0.04257535 0.05895698 0.05678480
v -0.01148021 0.06526190 0.06711286
v -0.00429261 0.06619697 0.06718116
v -0.01180917 0.06665796 0.06613206
v -0.01789242 0.06449115 0.06635063
v -0.01316177 0.06548964 0.06662982
v -0.01674485 0.06609368 0.06556826
v -0.01789242 0.06449115 0.06635063
v -0.01674485 0.06609368 0.06556826
v -0.02152431 0.06404697 0.06565338
v -0.02152431 0.06404697 0.06565338
v -0.02439594 0.06386303 0.06480842
v -0.02682131 0.06202411 0.06518858
v -0.03695678 0.05683630 0.06378287
v -0.03405588 0.05868375 0.06411147
v -0.03195482 0.06235373 0.06245124
v -0.03695678 0.05683630 0.06378287
v -0.03195482 0.06235373 0.06245124
v -0.03678411 0.05907768 0.06188923
v -0.03940242 0.05669915 0.06182175
v -0.03678411 0.05907768 0.06188923
v -0.03604120 0.06219244 0.06006366
v -0.03940242 0.05669915 0.06182175
v -0.03604120 0.06219244 0.06006366
v -0.03895676 0.06071615 0.05888015
v -0.03940242 0.05669915 0.06182175
v -0.03895676 0.06071615 0.05888015
v -0.04249370 0.05565053 0.05968374
v -0.05207324 0.04922538 0.05109661
v -0.04945266 0.05400848 0.05164146
v -0.05016481 0.05559104 0.04933530
v -0.05207324 0.04922538 0.05109661
v -0.05016481 0.05559104 0.04933530
v -0.05409193 0.04594326 0.04975378
v -0.05409193 0.04594326 0.04975378
v -0.05016481 0.05559104 0.04933530
v -0.05184257 0.05436670 0.04740971
v -0.05409193 0.04594326 0.04975378
v -0.05184257 0.05436670 0.04740971
v -0.05609101 0.04319834 0.04731869
v -0.05609101 0.04319834 0.04731869
v -0.05184257 0.05436670 0.04740971
v -0.05449098 0.05172479 0.04418987
v -0.05609101 0.04319834 0.04731869
v -0.05449098 0.05172479 0.04418987
v -0.05650812 0.04703760 0.04294502
v -0.05865931 0.04138863 0.04119366
v -0.05650812 0.04703760 0.04294502
v -0.05712306 0.05045586 0.03918159
v -0.05865931 0.04138863 0.04119366
v -0.05712306 0.05045586 0.03918159
v -0.05940878 0.04249954 0.03789204
v -0.06086272 0.03857380 0.03540474
v -0.05940878 0.04249954 0.03789204
v -0.05894035 0.05019038 0.03465116
v -0.06086272 0.03857380 0.03540474
v -0.05894035 0.05019038 0.03465116
v -0.05969697 0.05079817 0.03217256
v -0.06086272 0.03857380 0.03540474
v -0.05969697 0.05079817 0.03217256
v -0.06131672 0.04251885 0.03112047
v -0.06273353 0.04684108 0.02287632
v -0.06131672 0.04251885 0.03112047
v -0.06146180 0.05007439 0.02697086
v -0.06269401 0.06122398 0.01907014
v -0.06084328 0.05691272 0.02654677
v -0.06160861 0.06681674 0.02186352
v 0.04472357 0.05787253 0.05522805
v 0.04202467 0.06126672 0.05570209
v 0.04298561 0.05699795 0.05792599
v 0.04548162 0.04831701 0.06447148
v 0.04441469 0.04855293 0.06607383
v 0.04825699 0.04396516 0.06699156
v 0.06330657 0.04609531 0.02038556
v 0.06406766 0.03790807 0.01807874
v 0.06372356 0.05536830 0.01538032
v 0.04326820 0.07492560 0.04890233
v 0.04418992 0.07852607 0.04769295
v 0.04012537 0.07844638 0.05118525
v 0.04983448 0.07461231 0.04212445
v 0.04996699 0.07844930 0.04161536
v 0.04712200 0.07839286 0.04478770
v 0.04983448 0.07461231 0.04212445
v 0.05315679 0.07367539 0.03788483
v 0.04996699 0.07844930 0.04161536
v 0.04623281 0.07398450 0.04624211
v 0.04983448 0.07461231 0.04212445
v 0.04712200 0.07839286 0.04478770
v 0.04623281 0.07398450 0.04624211
v 0.04712200 0.07839286 0.04478770
v 0.04418992 0.07852607 0.04769295
v 0.04012537 0.07844638 0.05118525
v 0.04002481 0.07512885 0.05166012
v 0.04326820 0.07492560 0.04890233
v 0.05331248 0.06079208 0.04132997
v 0.05319219 0.06724762 0.03923159
v 0.05028218 0.06607681 0.04372447
v 0.05028218 0.06607681 0.04372447
v 0.05319219 0.06724762 0.03923159
v 0.05124956 0.06972450 0.04128754
v 0.04483848 0.06884664 0.04899328
v 0.04326820 0.07492560 0.04890233
v 0.04136383 0.07052391 0.05165797
v 0.04136383 0.07052391 0.05165797
v 0.04326820 0.07492560 0.04890233
v 0.04002481 0.07512885 0.05166012
v 0.05623519 0.06751674 0.03410208
v 0.05319219 0.06724762 0.03923159
v 0.05554097 0.06142550 0.03727900
v 0.06153345 0.05947721 0.02360779
v 0.06179559 0.06852120 0.02104640
v 0.05990421 0.06923931 0.02613747
v 0.06225454 0.07594960 0.01886349
v 0.05947721 0.07676154 0.02638876
v 0.05990421 0.06923931 0.02613747
v 0.06225454 0.07594960 0.01886349
v 0.05990421 0.06923931 0.02613747
v 0.06179559 0.06852120 0.02104640
v 0.06225454 0.07594960 0.01886349
v 0.06179559 0.06852120 0.02104640
v 0.06267881 0.06136810 0.01913166
v 0.04501271 0.06417638 0.05086958
v 0.04531121 0.06062394 0.05255562
v 0.04735565 0.05969119 0.05059218
v 0.04501271 0.06417638 0.05086958
v 0.04735565 0.05969119 0.05059218
v 0.04793268 0.06524914 0.04695808
v 0.04483848 0.06884664 0.04899328
v 0.04501271 0.06417638 0.05086958
v 0.04793268 0.06524914 0.04695808
v 0.05028218 0.06607681 0.04372447
v 0.05084723 0.06115603 0.04502022
v 0.05331248 0.06079208 0.04132997
v 0.04793268 0.06524914 0.04695808
v 0.04735565 0.05969119 0.05059218
v 0.05084723 0.06115603 0.04502022
v 0.04298561 0.05699795 0.05792599
v 0.04642653 0.05256325 0.05760031
v 0.04472357 0.05787253 0.05522805
v 0.04642653 0.05256325 0.05760031
v 0.04852527 0.05052793 0.05639767
v 0.04765516 0.05509257 0.05352228
v 0.05018734 0.05776596 0.04789716
v 0.05340296 0.05448091 0.04457676
v 0.05084723 0.06115603 0.04502022
v 0.05340296 0.05448091 0.04457676
v 0.05438292 0.04993295 0.04572671
v 0.05682790 0.05042541 0.03993248
v 0.05340296 0.05448091 0.04457676
v 0.05682790 0.05042541 0.03993248
v 0.05590820 0.05628103 0.03874695
v 0.05846494 0.05350440 0.03434520
v 0.05590820 0.05628103 0.03874695
v 0.05682790 0.05042541 0.03993248
v 0.05662000 0.04593420 0.04348474
v 0.05682790 0.05042541 0.03993248
v 0.05438292 0.04993295 0.04572671
v 0.05590820 0.05628103 0.03874695
v 0.05841660 0.05974197 0.03197550
v 0.05554097 0.06142550 0.03727900
v 0.05846494 0.05350440 0.03434520
v 0.05841660 0.05974197 0.03197550
v 0.05590820 0.05628103 0.03874695
v 0.05623519 0.06751674 0.03410208
v 0.05554097 0.06142550 0.03727900
v 0.05841660 0.05974197 0.03197550
v 0.06079334 0.05353915 0.02787053
v 0.06020545 0.05958080 0.02755206
v 0.05846494 0.05350440 0.03434520
v 0.06079334 0.05353915 0.02787053
v 0.06153345 0.05947721 0.02360779
v 0.06020545 0.05958080 0.02755206
v 0.05841660 0.05974197 0.03197550
v 0.06020545 0.05958080 0.02755206
v 0.05990421 0.06923931 0.02613747
v 0.05841660 0.05974197 0.03197550
v 0.05990421 0.06923931 0.02613747
v 0.05807536 0.06999582 0.03003805
v 0.05623519 0.06751674 0.03410208
v 0.05622327 0.07687002 0.03269910
v 0.05315679 0.07367539 0.03788483
v 0.05124956 0.06972450 0.04128754
v 0.05315679 0.07367539 0.03788483
v 0.04983448 0.07461231 0.04212445
v 0.06153345 0.05947721 0.02360779
v 0.06267881 0.06136810 0.01913166
v 0.06179559 0.06852120 0.02104640
v 0.05807536 0.06999582 0.03003805
v 0.05990421 0.06923931 0.02613747
v 0.05947721 0.07676154 0.02638876
v 0.05807536 0.06999582 0.03003805
v 0.05947721 0.07676154 0.02638876
v 0.05622327 0.07687002 0.03269910
v 0.05331730 0.07831680 0.03721588
v 0.04996699 0.07844930 0.04161536
v 0.05315679 0.07367539 0.03788483
v 0.05331730 0.07831680 0.03721588
v 0.05315679 0.07367539 0.03788483
v 0.05622327 0.07687002 0.03269910
v 0.05622327 0.07687002 0.03269910
v 0.05623519 0.06751674 0.03410208
v 0.05807536 0.06999582 0.03003805
v 0.05990421 0.06923931 0.02613747
v 0.06020545 0.05958080 0.02755206
v 0.06153345 0.05947721 0.02360779
v 0.06395167 0.07093900 0.01204711
v 0.06225454 0.07594960 0.01886349
v 0.06267881 0.06136810 0.01913166
v 0.06395167 0.07093900 0.01204711
v 0.06267881 0.06136810 0.01913166
v 0.06372356 0.05536830 0.01538032
v 0.06212747 0.05076611 0.02417039
v 0.06153345 0.05947721 0.02360779
v 0.06079334 0.05353915 0.02787053
v 0.06267881 0.06136810 0.01913166
v 0.06212747 0.05076611 0.02417039
v 0.06372356 0.05536830 0.01538032
v 0.06153345 0.05947721 0.02360779
v 0.06212747 0.05076611 0.02417039
v 0.06267881 0.06136810 0.01913166
v 0.06372356 0.05536830 0.01538032
v 0.06212747 0.05076611 0.02417039
v 0.06330657 0.04609531 0.02038556
v 0.05414301 0.04697990 0.04871010
v 0.05094105 0.05322521 0.04984140
v 0.05228364 0.04669827 0.05314391
v 0.04642653 0.05256325 0.05760031
v 0.04964751 0.04592627 0.05982542
v 0.04852527 0.05052793 0.05639767
v 0.05076301 0.04704529 0.05601364
v 0.05221456 0.04250925 0.05867779
v 0.05228364 0.04669827 0.05314391
v 0.05228364 0.04669827 0.05314391
v 0.05476969 0.04202955 0.05226361
v 0.05414301 0.04697990 0.04871010
v 0.05221456 0.04250925 0.05867779
v 0.05508488 0.03799849 0.05700469
v 0.05476969 0.04202955 0.05226361
v 0.05221456 0.04250925 0.05867779
v 0.05476969 0.04202955 0.05226361
v 0.05228364 0.04669827 0.05314391
v 0.05414301 0.04697990 0.04871010
v 0.05662000 0.04593420 0.04348474
v 0.05438292 0.04993295 0.04572671
v 0.05721253 0.04200685 0.04519331
v 0.05674088 0.03791946 0.05124682
v 0.05926436 0.03959578 0.04067802
v 0.05721253 0.04200685 0.04519331
v 0.05926436 0.03959578 0.04067802
v 0.05870932 0.04497110 0.03844887
v 0.05916965 0.02951729 0.05398577
v 0.06109762 0.02234292 0.05867177
v 0.06125342 0.02342391 0.05243748
v 0.06109762 0.02234292 0.05867177
v 0.05916965 0.02951729 0.05398577
v 0.05999690 0.02509135 0.06077045
v 0.05674088 0.03791946 0.05124682
v 0.05929422 0.03134369 0.04990369
v 0.05921489 0.03556931 0.04478472
v 0.05674088 0.03791946 0.05124682
v 0.05921489 0.03556931 0.04478472
v 0.05926436 0.03959578 0.04067802
v 0.05908209 0.04945546 0.03467643
v 0.05870932 0.04497110 0.03844887
v 0.06039267 0.04669052 0.03214210
v 0.05908209 0.04945546 0.03467643
v 0.06039267 0.04669052 0.03214210
v 0.06079334 0.05353915 0.02787053
v 0.05929422 0.03134369 0.04990369
v 0.06036508 0.02934199 0.04718673
v 0.05921489 0.03556931 0.04478472
v 0.05870932 0.04497110 0.03844887
v 0.05926436 0.03959578 0.04067802
v 0.06118112 0.04113090 0.03246033
v 0.05870932 0.04497110 0.03844887
v 0.06118112 0.04113090 0.03246033
v 0.06039267 0.04669052 0.03214210
v 0.05926436 0.03959578 0.04067802
v 0.05921489 0.03556931 0.04478472
v 0.06118506 0.03489965 0.03691583
v 0.06039267 0.04669052 0.03214210
v 0.06212747 0.05076611 0.02417039
v 0.06079334 0.05353915 0.02787053
v 0.06036508 0.02934199 0.04718673
v 0.06106442 0.02976429 0.04266411
v 0.05921489 0.03556931 0.04478472
v 0.05921489 0.03556931 0.04478472
v 0.06106442 0.02976429 0.04266411
v 0.06118506 0.03489965 0.03691583
v 0.05926436 0.03959578 0.04067802
v 0.06118506 0.03489965 0.03691583
v 0.06118112 0.04113090 0.03246033
v 0.06039267 0.04669052 0.03214210
v 0.06118112 0.04113090 0.03246033
v 0.06184977 0.04330492 0.02847445
v 0.06039267 0.04669052 0.03214210
v 0.06184977 0.04330492 0.02847445
v 0.06212747 0.05076611 0.02417039
v 0.06118506 0.03489965 0.03691583
v 0.06216740 0.02358210 0.04388922
v 0.06304979 0.02275615 0.03724598
v 0.06184977 0.04330492 0.02847445
v 0.06326353 0.03650444 0.02493906
v 0.06212747 0.05076611 0.02417039
v 0.06330657 0.04609531 0.02038556
v 0.06212747 0.05076611 0.02417039
v 0.06326353 0.03650444 0.02493906
v 0.06288254 0.03112030 0.03072834
v 0.06383627 0.02818858 0.02570801
v 0.06326353 0.03650444 0.02493906
v 0.06326353 0.03650444 0.02493906
v 0.06406766 0.03790807 0.01807874
v 0.06330657 0.04609531 0.02038556
v 0.06118506 0.03489965 0.03691583
v 0.06304979 0.02275615 0.03724598
v 0.06118112 0.04113090 0.03246033
v 0.06118112 0.04113090 0.03246033
v 0.06304979 0.02275615 0.03724598
v 0.06288254 0.03112030 0.03072834
v 0.06406766 0.03790807 0.01807874
v 0.06326353 0.03650444 0.02493906
v 0.06383627 0.02818858 0.02570801
v 0.06406766 0.03790807 0.01807874
v 0.06383627 0.02818858 0.02570801
v 0.06459259 0.02604222 0.01727283
v 0.06036508 0.02934199 0.04718673
v 0.06216740 0.02358210 0.04388922
v 0.06106442 0.02976429 0.04266411
v 0.05750691 0.03118079 0.06047219
v 0.05999690 0.02509135 0.06077045
v 0.05785346 0.03200018 0.05628991
v 0.05916965 0.02951729 0.05398577
v 0.06125342 0.02342391 0.05243748
v 0.05929422 0.03134369 0.04990369
v 0.05929422 0.03134369 0.04990369
v 0.06125342 0.02342391 0.05243748
v 0.06214869 0.02080363 0.04987084
v 0.05929422 0.03134369 0.04990369
v 0.06214869 0.02080363 0.04987084
v 0.06036508 0.02934199 0.04718673
v 0.06036508 0.02934199 0.04718673
v 0.06214869 0.02080363 0.04987084
v 0.06216740 0.02358210 0.04388922
v 0.06109762 0.02234292 0.05867177
v 0.06221646 0.01888060 0.05692780
v 0.06125342 0.02342391 0.05243748
v 0.06214869 0.02080363 0.04987084
v 0.06386440 0.01241368 0.04855680
v 0.06286293 0.01888221 0.04598069
v 0.06221646 0.01888060 0.05692780
v 0.06333827 0.01474332 0.05291140
v 0.06125342 0.02342391 0.05243748
v 0.06125342 0.02342391 0.05243748
v 0.06333827 0.01474332 0.05291140
v 0.06214869 0.02080363 0.04987084
v 0.06214869 0.02080363 0.04987084
v 0.06333827 0.01474332 0.05291140
v 0.06386440 0.01241368 0.04855680
v 0.06386440 0.01241368 0.04855680
v 0.06426966 0.01017928 0.04508543
v 0.06286293 0.01888221 0.04598069
v 0.06304979 0.02275615 0.03724598
v 0.06415313 0.01462131 0.03566879
v 0.06379294 0.02221417 0.03106606
v 0.06499612 0.00196892 0.02217775
v 0.06459259 0.02604222 0.01727283
v 0.06475454 0.01176995 0.02689749
v 0.06475454 0.01176995 0.02689749
v 0.06459259 0.02604222 0.01727283
v 0.06383627 0.02818858 0.02570801
v 0.06475454 0.01176995 0.02689749
v 0.06383627 0.02818858 0.02570801
v 0.06379294 0.02221417 0.03106606
v 0.06475454 0.01176995 0.02689749
v 0.06379294 0.02221417 0.03106606
v 0.06415313 0.01462131 0.03566879
v 0.06490707 0.00394785 0.03444570
v 0.06475454 0.01176995 0.02689749
v 0.06415313 0.01462131 0.03566879
v 0.06426966 0.01017928 0.04508543
v 0.06304979 0.02275615 0.03724598
v 0.06286293 0.01888221 0.04598069
v 0.06490707 0.00394785 0.03444570
v 0.06499612 0.00196892 0.02217775
v 0.06475454 0.01176995 0.02689749
v 0.06490707 0.00394785 0.03444570
v 0.06415313 0.01462131 0.03566879
v 0.06472784 0.00632942 0.04010891
v 0.06472784 0.00632942 0.04010891
v 0.06415313 0.01462131 0.03566879
v 0.06304979 0.02275615 0.03724598
v 0.06472784 0.00632942 0.04010891
v 0.06304979 0.02275615 0.03724598
v 0.06426966 0.01017928 0.04508543
v -0.00009531 0.07214564 0.06525367
v -0.00099031 0.06895869 0.06588804
v 0.00460529 0.07000225 0.06552845
v -0.00141639 0.06739717 0.06650042
v 0.00529957 0.06732928 0.06637126
v -0.00099031 0.06895869 0.06588804
v 0.00873870 0.06781864 0.06591910
v 0.01278907 0.06760698 0.06553375
v 0.00917459 0.06908196 0.06544548
v 0.00917459 0.06908196 0.06544548
v 0.01278907 0.06760698 0.06553375
v 0.01061260 0.07046294 0.06495159
v 0.00460529 0.07000225 0.06552845
v -0.00099031 0.06895869 0.06588804
v 0.00529957 0.06732928 0.06637126
v 0.00460529 0.07000225 0.06552845
v 0.00529957 0.06732928 0.06637126
v 0.00873870 0.06781864 0.06591910
v 0.01511639 0.06643784 0.06569266
v 0.01278907 0.06760698 0.06553375
v 0.01068842 0.06598246 0.06667321
v 0.02419447 0.06283164 0.06563508
v 0.02638953 0.06336921 0.06439423
v 0.02144104 0.06508129 0.06499034
v 0.02144104 0.06508129 0.06499034
v 0.01895040 0.06478804 0.06584340
v 0.02419447 0.06283164 0.06563508
v 0.02875715 0.06078296 0.06532794
v 0.02419447 0.06283164 0.06563508
v 0.02729207 0.06040060 0.06650495
v 0.03481864 0.06068027 0.06198287
v 0.03373605 0.06313669 0.06094396
v 0.02891308 0.06445735 0.06265395
v 0.02341341 0.06621795 0.06382775
v 0.01705569 0.06857210 0.06448411
v 0.02144104 0.06508129 0.06499034
v 0.04472357 0.05787253 0.05522805
v 0.04765516 0.05509257 0.05352228
v 0.04531121 0.06062394 0.05255562
v 0.04531121 0.06062394 0.05255562
v 0.04765516 0.05509257 0.05352228
v 0.04735565 0.05969119 0.05059218
v 0.04765516 0.05509257 0.05352228
v 0.04852527 0.05052793 0.05639767
v 0.04990226 0.05167043 0.05293112
v 0.04765516 0.05509257 0.05352228
v 0.04990226 0.05167043 0.05293112
v 0.05094105 0.05322521 0.04984140
v 0.04765516 0.05509257 0.05352228
v 0.05094105 0.05322521 0.04984140
v 0.04735565 0.05969119 0.05059218
v 0.05094105 0.05322521 0.04984140
v 0.05340296 0.05448091 0.04457676
v 0.05018734 0.05776596 0.04789716
v 0.05094105 0.05322521 0.04984140
v 0.05018734 0.05776596 0.04789716
v 0.04735565 0.05969119 0.05059218
v 0.04765516 0.05509257 0.05352228
v 0.04472357 0.05787253 0.05522805
v 0.04642653 0.05256325 0.05760031
v 0.04221946 0.05483520 0.06079661
v 0.03980392 0.05986636 0.05876117
v 0.03817856 0.05933183 0.06056416
v 0.03817856 0.05933183 0.06056416
v 0.03373605 0.06313669 0.06094396
v 0.03481864 0.06068027 0.06198287
v 0.03481864 0.06068027 0.06198287
v 0.02891308 0.06445735 0.06265395
v 0.03063422 0.06156182 0.06370145
v 0.03063422 0.06156182 0.06370145
v 0.02891308 0.06445735 0.06265395
v 0.02341341 0.06621795 0.06382775
v 0.04518473 0.05208820 0.05992650
v 0.04298561 0.05699795 0.05792599
v 0.04221946 0.05483520 0.06079661
v 0.02144104 0.06508129 0.06499034
v 0.01705569 0.06857210 0.06448411
v 0.01511639 0.06643784 0.06569266
v 0.04852527 0.05052793 0.05639767
v 0.05076301 0.04704529 0.05601364
v 0.04990226 0.05167043 0.05293112
v 0.02638953 0.06336921 0.06439423
v 0.03063422 0.06156182 0.06370145
v 0.02341341 0.06621795 0.06382775
v 0.02638953 0.06336921 0.06439423
v 0.02341341 0.06621795 0.06382775
v 0.02144104 0.06508129 0.06499034
v 0.04221946 0.05483520 0.06079661
v 0.03817856 0.05933183 0.06056416
v 0.04130667 0.05411261 0.06256562
v 0.04130667 0.05411261 0.06256562
v 0.03817856 0.05933183 0.06056416
v 0.03892767 0.05583024 0.06312114
v 0.03892767 0.05583024 0.06312114
v 0.03817856 0.05933183 0.06056416
v 0.03481864 0.06068027 0.06198287
v 0.03503435 0.05911499 0.06309080
v 0.03481864 0.06068027 0.06198287
v 0.03063422 0.06156182 0.06370145
v 0.05438292 0.04993295 0.04572671
v 0.05340296 0.05448091 0.04457676
v 0.05094105 0.05322521 0.04984140
v 0.05438292 0.04993295 0.04572671
v 0.05094105 0.05322521 0.04984140
v 0.05414301 0.04697990 0.04871010
v 0.05094105 0.05322521 0.04984140
v 0.04990226 0.05167043 0.05293112
v 0.05228364 0.04669827 0.05314391
v 0.05228364 0.04669827 0.05314391
v 0.04990226 0.05167043 0.05293112
v 0.05076301 0.04704529 0.05601364
v 0.04298561 0.05699795 0.05792599
v 0.04518473 0.05208820 0.05992650
v 0.04642653 0.05256325 0.05760031
v 0.03063422 0.06156182 0.06370145
v 0.03396767 0.05823838 0.06464016
v 0.03503435 0.05911499 0.06309080
v 0.03396767 0.05823838 0.06464016
v 0.03756541 0.05530339 0.06494289
v 0.03503435 0.05911499 0.06309080
v 0.03503435 0.05911499 0.06309080
v 0.03756541 0.05530339 0.06494289
v 0.03892767 0.05583024 0.06312114
v 0.03622066 0.05539000 0.06612783
v 0.03756541 0.05530339 0.06494289
v 0.03396767 0.05823838 0.06464016
v 0.03063422 0.06156182 0.06370145
v 0.02638953 0.06336921 0.06439423
v 0.02875715 0.06078296 0.06532794
v 0.02875715 0.06078296 0.06532794
v 0.02638953 0.06336921 0.06439423
v 0.02419447 0.06283164 0.06563508
v 0.04130667 0.05411261 0.06256562
v 0.04426676 0.05093830 0.06264358
v 0.04221946 0.05483520 0.06079661
v 0.04221946 0.05483520 0.06079661
v 0.04426676 0.05093830 0.06264358
v 0.04518473 0.05208820 0.05992650
v 0.04964751 0.04592627 0.05982542
v 0.04642653 0.05256325 0.05760031
v 0.04855167 0.04650372 0.06129777
v 0.04855167 0.04650372 0.06129777
v 0.04642653 0.05256325 0.05760031
v 0.04518473 0.05208820 0.05992650
v 0.04130667 0.05411261 0.06256562
v 0.04239732 0.05125612 0.06481987
v 0.04426676 0.05093830 0.06264358
v 0.03892767 0.05583024 0.06312114
v 0.03756541 0.05530339 0.06494289
v 0.04008185 0.05305147 0.06524443
v 0.04239732 0.05125612 0.06481987
v 0.04548162 0.04831701 0.06447148
v 0.04426676 0.05093830 0.06264358
v 0.04855167 0.04650372 0.06129777
v 0.04518473 0.05208820 0.05992650
v 0.04735416 0.04727089 0.06258243
v 0.04735416 0.04727089 0.06258243
v 0.04518473 0.05208820 0.05992650
v 0.04426676 0.05093830 0.06264358
v 0.03892767 0.05583024 0.06312114
v 0.03481864 0.06068027 0.06198287
v 0.03503435 0.05911499 0.06309080
v 0.01895040 0.06478804 0.06584340
v 0.02144104 0.06508129 0.06499034
v 0.01511639 0.06643784 0.06569266
v 0.00155419 0.06663113 0.06694281
v 0.00190955 0.06572049 0.06778389
v 0.00551170 0.06607657 0.06719464
v 0.00551170 0.06607657 0.06719464
v 0.00656551 0.06544131 0.06772470
v 0.01099383 0.06515735 0.06733685
v 0.00551170 0.06607657 0.06719464
v 0.00190955 0.06572049 0.06778389
v 0.00656551 0.06544131 0.06772470
v 0.01099383 0.06515735 0.06733685
v 0.00656551 0.06544131 0.06772470
v 0.01032912 0.06455761 0.06826919
v 0.01650655 0.06396746 0.06722617
v 0.01806664 0.06284320 0.06818419
v 0.02093428 0.06254124 0.06718653
v 0.01806664 0.06284320 0.06818419
v 0.01650655 0.06396746 0.06722617
v 0.01444745 0.06364166 0.06849700
v 0.01444745 0.06364166 0.06849700
v 0.01650655 0.06396746 0.06722617
v 0.01099383 0.06515735 0.06733685
v 0.01444745 0.06364166 0.06849700
v 0.01099383 0.06515735 0.06733685
v 0.01032912 0.06455761 0.06826919
v 0.01032912 0.06455761 0.06826919
v 0.00656551 0.06544131 0.06772470
v 0.00677252 0.06493449 0.06852823
v 0.01068842 0.06598246 0.06667321
v 0.01099383 0.06515735 0.06733685
v 0.01650655 0.06396746 0.06722617
v 0.00406361 0.06490582 0.06957972
v -0.00195718 0.06515824 0.06883174
v -0.00089267 0.06500929 0.06964671
v 0.02447569 0.06116807 0.06717091
v 0.02093428 0.06254124 0.06718653
v 0.02379542 0.06074929 0.06849974
v 0.00677252 0.06493449 0.06852823
v 0.00656551 0.06544131 0.06772470
v 0.00190955 0.06572049 0.06778389
v 0.02862942 0.05884069 0.06791436
v 0.02447569 0.06116807 0.06717091
v 0.02767211 0.05897629 0.06876933
v 0.02379542 0.06074929 0.06849974
v 0.02093428 0.06254124 0.06718653
v 0.02015912 0.06193292 0.06886148
v 0.02015912 0.06193292 0.06886148
v 0.02093428 0.06254124 0.06718653
v 0.01806664 0.06284320 0.06818419
v 0.00529957 0.06732928 0.06637126
v 0.00551170 0.06607657 0.06719464
v 0.01068842 0.06598246 0.06667321
v 0.01598483 0.06488919 0.06651455
v 0.01068842 0.06598246 0.06667321
v 0.01650655 0.06396746 0.06722617
v 0.01598483 0.06488919 0.06651455
v 0.01650655 0.06396746 0.06722617
v 0.02093428 0.06254124 0.06718653
v 0.03105485 0.05853223 0.06634336
v 0.02729207 0.06040060 0.06650495
v 0.03149825 0.05757564 0.06738567
v 0.03622066 0.05539000 0.06612783
v 0.03848654 0.05285125 0.06778353
v 0.04166096 0.05018156 0.06820088
v 0.04008185 0.05305147 0.06524443
v 0.04239732 0.05125612 0.06481987
v 0.04130667 0.05411261 0.06256562
v 0.04008185 0.05305147 0.06524443
v 0.04130667 0.05411261 0.06256562
v 0.03892767 0.05583024 0.06312114
v 0.02875715 0.06078296 0.06532794
v 0.03105485 0.05853223 0.06634336
v 0.03396767 0.05823838 0.06464016
v 0.03396767 0.05823838 0.06464016
v 0.03105485 0.05853223 0.06634336
v 0.03622066 0.05539000 0.06612783
v 0.04441469 0.04855293 0.06607383
v 0.04548162 0.04831701 0.06447148
v 0.04239732 0.05125612 0.06481987
v 0.03396767 0.05823838 0.06464016
v 0.03063422 0.06156182 0.06370145
v 0.02875715 0.06078296 0.06532794
v 0.05221456 0.04250925 0.05867779
v 0.05076301 0.04704529 0.05601364
v 0.04852527 0.05052793 0.05639767
v 0.05221456 0.04250925 0.05867779
v 0.04852527 0.05052793 0.05639767
v 0.04964751 0.04592627 0.05982542
v 0.04221946 0.05483520 0.06079661
v 0.04298561 0.05699795 0.05792599
v 0.03980392 0.05986636 0.05876117
v 0.05224984 0.04013890 0.06284207
v 0.04964751 0.04592627 0.05982542
v 0.04855167 0.04650372 0.06129777
v 0.05908209 0.04945546 0.03467643
v 0.05846494 0.05350440 0.03434520
v 0.05682790 0.05042541 0.03993248
v 0.05870932 0.04497110 0.03844887
v 0.05682790 0.05042541 0.03993248
v 0.05662000 0.04593420 0.04348474
v 0.05721253 0.04200685 0.04519331
v 0.05476969 0.04202955 0.05226361
v 0.05674088 0.03791946 0.05124682
v 0.05489248 0.03659296 0.06047964
v 0.05221456 0.04250925 0.05867779
v 0.05425435 0.03698676 0.06233757
v 0.05425435 0.03698676 0.06233757
v 0.05221456 0.04250925 0.05867779
v 0.05224984 0.04013890 0.06284207
v 0.05224984 0.04013890 0.06284207
v 0.04855167 0.04650372 0.06129777
v 0.05073857 0.04172682 0.06442105
v 0.05073857 0.04172682 0.06442105
v 0.04855167 0.04650372 0.06129777
v 0.04735416 0.04727089 0.06258243
v 0.04844766 0.04443013 0.06520044
v 0.04735416 0.04727089 0.06258243
v 0.04548162 0.04831701 0.06447148
v 0.03622066 0.05539000 0.06612783
v 0.03484255 0.05553323 0.06736665
v 0.03848654 0.05285125 0.06778353
v 0.04050785 0.05177903 0.06672406
v 0.03622066 0.05539000 0.06612783
v 0.04166096 0.05018156 0.06820088
v 0.04570579 0.04666972 0.06739807
v 0.04825699 0.04396516 0.06699156
v 0.04441469 0.04855293 0.06607383
v 0.02093428 0.06254124 0.06718653
v 0.02419447 0.06283164 0.06563508
v 0.01895040 0.06478804 0.06584340
v 0.01895040 0.06478804 0.06584340
v 0.01598483 0.06488919 0.06651455
v 0.02093428 0.06254124 0.06718653
v 0.03105485 0.05853223 0.06634336
v 0.03149825 0.05757564 0.06738567
v 0.03484255 0.05553323 0.06736665
v 0.02419447 0.06283164 0.06563508
v 0.02093428 0.06254124 0.06718653
v 0.02447569 0.06116807 0.06717091
v 0.04441469 0.04855293 0.06607383
v 0.04369318 0.04851943 0.06767475
v 0.04570579 0.04666972 0.06739807
v 0.02447569 0.06116807 0.06717091
v 0.02729207 0.06040060 0.06650495
v 0.02419447 0.06283164 0.06563508
v 0.01598483 0.06488919 0.06651455
v 0.01511639 0.06643784 0.06569266
v 0.01068842 0.06598246 0.06667321
v 0.04050785 0.05177903 0.06672406
v 0.04239732 0.05125612 0.06481987
v 0.04008185 0.05305147 0.06524443
v 0.03622066 0.05539000 0.06612783
v 0.04050785 0.05177903 0.06672406
v 0.03756541 0.05530339 0.06494289
v 0.04548162 0.04831701 0.06447148
v 0.04825699 0.04396516 0.06699156
v 0.04844766 0.04443013 0.06520044
v 0.05916965 0.02951729 0.05398577
v 0.05674088 0.03791946 0.05124682
v 0.05785346 0.03200018 0.05628991
v 0.05785346 0.03200018 0.05628991
v 0.05508488 0.03799849 0.05700469
v 0.05750691 0.03118079 0.06047219
v 0.05908209 0.04945546 0.03467643
v 0.05682790 0.05042541 0.03993248
v 0.05870932 0.04497110 0.03844887
v 0.05870932 0.04497110 0.03844887
v 0.05662000 0.04593420 0.04348474
v 0.05721253 0.04200685 0.04519331
v 0.05785346 0.03200018 0.05628991
v 0.05674088 0.03791946 0.05124682
v 0.05508488 0.03799849 0.05700469
v 0.05750691 0.03118079 0.06047219
v 0.05508488 0.03799849 0.05700469
v 0.05489248 0.03659296 0.06047964
v 0.05073857 0.04172682 0.06442105
v 0.04735416 0.04727089 0.06258243
v 0.04844766 0.04443013 0.06520044
v 0.04369318 0.04851943 0.06767475
v 0.04441469 0.04855293 0.06607383
v 0.04239732 0.05125612 0.06481987
v 0.04369318 0.04851943 0.06767475
v 0.04239732 0.05125612 0.06481987
v 0.04050785 0.05177903 0.06672406
v 0.03484255 0.05553323 0.06736665
v 0.03622066 0.05539000 0.06612783
v 0.03105485 0.05853223 0.06634336
v 0.03105485 0.05853223 0.06634336
v 0.02875715 0.06078296 0.06532794
v 0.02729207 0.06040060 0.06650495
v 0.01598483 0.06488919 0.06651455
v 0.01895040 0.06478804 0.06584340
v 0.01511639 0.06643784 0.06569266
v 0.02767211 0.05897629 0.06876933
v 0.02447569 0.06116807 0.06717091
v 0.02379542 0.06074929 0.06849974
v 0.00677252 0.06493449 0.06852823
v 0.00190955 0.06572049 0.06778389
v 0.00288105 0.06514471 0.06874197
v 0.00288105 0.06514471 0.06874197
v 0.00190955 0.06572049 0.06778389
v -0.00012388 0.06543254 0.06824672
v 0.03188598 0.05689585 0.06844592
v 0.03149825 0.05757564 0.06738567
v 0.02862942 0.05884069 0.06791436
v 0.04015809 0.05114001 0.06940168
v 0.03848654 0.05285125 0.06778353
v 0.03484255 0.05553323 0.06736665
v 0.03702199 0.05345451 0.06938660
v 0.03484255 0.05553323 0.06736665
v 0.03188598 0.05689585 0.06844592
v 0.00888437 0.06442046 0.06939488
v 0.01032912 0.06455761 0.06826919
v 0.00677252 0.06493449 0.06852823
v 0.03188598 0.05689585 0.06844592
v 0.02862942 0.05884069 0.06791436
v 0.02767211 0.05897629 0.06876933
v 0.00288105 0.06514471 0.06874197
v -0.00012388 0.06543254 0.06824672
v -0.00195718 0.06515824 0.06883174
v 0.04166096 0.05018156 0.06820088
v 0.03848654 0.05285125 0.06778353
v 0.04015809 0.05114001 0.06940168
v 0.04015809 0.05114001 0.06940168
v 0.03484255 0.05553323 0.06736665
v 0.03702199 0.05345451 0.06938660
v 0.03702199 0.05345451 0.06938660
v 0.03188598 0.05689585 0.06844592
v 0.03368109 0.05561876 0.06944733
v 0.02211064 0.06115031 0.06952011
v 0.02379542 0.06074929 0.06849974
v 0.02015912 0.06193292 0.06886148
v 0.02015912 0.06193292 0.06886148
v 0.01806664 0.06284320 0.06818419
v 0.01699227 0.06276077 0.06953370
v 0.01699227 0.06276077 0.06953370
v 0.01806664 0.06284320 0.06818419
v 0.01444745 0.06364166 0.06849700
v 0.00888437 0.06442046 0.06939488
v 0.00677252 0.06493449 0.06852823
v 0.00406361 0.06490582 0.06957972
v 0.00406361 0.06490582 0.06957972
v 0.00677252 0.06493449 0.06852823
v 0.00288105 0.06514471 0.06874197
v 0.00529957 0.06732928 0.06637126
v -0.00141639 0.06739717 0.06650042
v 0.00155419 0.06663113 0.06694281
v 0.02729207 0.06040060 0.06650495
v 0.02862942 0.05884069 0.06791436
v 0.03149825 0.05757564 0.06738567
v 0.03149825 0.05757564 0.06738567
v 0.03188598 0.05689585 0.06844592
v 0.03484255 0.05553323 0.06736665
v 0.04369318 0.04851943 0.06767475
v 0.04166096 0.05018156 0.06820088
v 0.04337751 0.04842865 0.06949514
v 0.02605646 0.05957013 0.06959825
v 0.02767211 0.05897629 0.06876933
v 0.02379542 0.06074929 0.06849974
v 0.00406361 0.06490582 0.06957972
v 0.00288105 0.06514471 0.06874197
v -0.00195718 0.06515824 0.06883174
v 0.04844766 0.04443013 0.06520044
v 0.05034506 0.04118692 0.06800347
v 0.05290502 0.03782498 0.06719195
v 0.05073857 0.04172682 0.06442105
v 0.05465292 0.03527081 0.06598997
v 0.05224984 0.04013890 0.06284207
v 0.04825699 0.04396516 0.06699156
v 0.05034506 0.04118692 0.06800347
v 0.04844766 0.04443013 0.06520044
v 0.04709655 0.04488074 0.06870299
v 0.04825699 0.04396516 0.06699156
v 0.04570579 0.04666972 0.06739807
v 0.05465292 0.03527081 0.06598997
v 0.05648756 0.03219568 0.06543183
v 0.05425435 0.03698676 0.06233757
v 0.05425435 0.03698676 0.06233757
v 0.05648756 0.03219568 0.06543183
v 0.05686867 0.03198260 0.06261199
v 0.00888437 0.06442046 0.06939488
v 0.01315391 0.06366986 0.06966686
v 0.01032912 0.06455761 0.06826919
v 0.01032912 0.06455761 0.06826919
v 0.01315391 0.06366986 0.06966686
v 0.01444745 0.06364166 0.06849700
v 0.02211064 0.06115031 0.06952011
v 0.02605646 0.05957013 0.06959825
v 0.02379542 0.06074929 0.06849974
v 0.02767211 0.05897629 0.06876933
v 0.03030472 0.05752295 0.06954604
v 0.03188598 0.05689585 0.06844592
v 0.01444745 0.06364166 0.06849700
v 0.01315391 0.06366986 0.06966686
v 0.01699227 0.06276077 0.06953370
v 0.03030472 0.05752295 0.06954604
v 0.03368109 0.05561876 0.06944733
v 0.03188598 0.05689585 0.06844592
v 0.04166096 0.05018156 0.06820088
v 0.04015809 0.05114001 0.06940168
v 0.04337751 0.04842865 0.06949514
v 0.04337751 0.04842865 0.06949514
v 0.04725080 0.04467266 0.06974852
v 0.04369318 0.04851943 0.06767475
v 0.04369318 0.04851943 0.06767475
v 0.04725080 0.04467266 0.06974852
v 0.04709655 0.04488074 0.06870299
v 0.04709655 0.04488074 0.06870299
v 0.05034506 0.04118692 0.06800347
v 0.04825699 0.04396516 0.06699156
v 0.03030472 0.05752295 0.06954604
v 0.02767211 0.05897629 0.06876933
v 0.02605646 0.05957013 0.06959825
v 0.02211064 0.06115031 0.06952011
v 0.02015912 0.06193292 0.06886148
v 0.01699227 0.06276077 0.06953370
v 0.05034506 0.04118692 0.06800347
v 0.04709655 0.04488074 0.06870299
v 0.04725080 0.04467266 0.06974852
v 0.05648756 0.03219568 0.06543183
v 0.05850327 0.02836757 0.06421166
v 0.05686867 0.03198260 0.06261199
v 0.05750691 0.03118079 0.06047219
v 0.05850327 0.02836757 0.06421166
v 0.05999690 0.02509135 0.06077045
v 0.05785346 0.03200018 0.05628991
v 0.05999690 0.02509135 0.06077045
v 0.05916965 0.02951729 0.05398577
v 0.06214869 0.02080363 0.04987084
v 0.06286293 0.01888221 0.04598069
v 0.06216740 0.02358210 0.04388922
v 0.06216740 0.02358210 0.04388922
v 0.06286293 0.01888221 0.04598069
v 0.06304979 0.02275615 0.03724598
v 0.06106442 0.02976429 0.04266411
v 0.06216740 0.02358210 0.04388922
v 0.06118506 0.03489965 0.03691583
v 0.06304979 0.02275615 0.03724598
v 0.06379294 0.02221417 0.03106606
v 0.06288254 0.03112030 0.03072834
v 0.06288254 0.03112030 0.03072834
v 0.06379294 0.02221417 0.03106606
v 0.06383627 0.02818858 0.02570801
v 0.05850327 0.02836757 0.06421166
v 0.05750691 0.03118079 0.06047219
v 0.05686867 0.03198260 0.06261199
v 0.05073857 0.04172682 0.06442105
v 0.05290502 0.03782498 0.06719195
v 0.05465292 0.03527081 0.06598997
v 0.04050785 0.05177903 0.06672406
v 0.04166096 0.05018156 0.06820088
v 0.04369318 0.04851943 0.06767475
v 0.04844766 0.04443013 0.06520044
v 0.05290502 0.03782498 0.06719195
v 0.05073857 0.04172682 0.06442105
v 0.05224984 0.04013890 0.06284207
v 0.05465292 0.03527081 0.06598997
v 0.05425435 0.03698676 0.06233757
v 0.05425435 0.03698676 0.06233757
v 0.05686867 0.03198260 0.06261199
v 0.05489248 0.03659296 0.06047964
v 0.05489248 0.03659296 0.06047964
v 0.05686867 0.03198260 0.06261199
v 0.05750691 0.03118079 0.06047219
v 0.05674088 0.03791946 0.05124682
v 0.05916965 0.02951729 0.05398577
v 0.05929422 0.03134369 0.04990369
v 0.06118112 0.04113090 0.03246033
v 0.06288254 0.03112030 0.03072834
v 0.06184977 0.04330492 0.02847445
v 0.06184977 0.04330492 0.02847445
v 0.06288254 0.03112030 0.03072834
v 0.06326353 0.03650444 0.02493906
v 0.05721253 0.04200685 0.04519331
v 0.05662000 0.04593420 0.04348474
v 0.05414301 0.04697990 0.04871010
v 0.05721253 0.04200685 0.04519331
v 0.05414301 0.04697990 0.04871010
v 0.05476969 0.04202955 0.05226361
v 0.05674088 0.03791946 0.05124682
v 0.05476969 0.04202955 0.05226361
v 0.05508488 0.03799849 0.05700469
v 0.05508488 0.03799849 0.05700469
v 0.05221456 0.04250925 0.05867779
v 0.05489248 0.03659296 0.06047964
v 0.05221456 0.04250925 0.05867779
v 0.04964751 0.04592627 0.05982542
v 0.05224984 0.04013890 0.06284207
v 0.04735416 0.04727089 0.06258243
v 0.04426676 0.05093830 0.06264358
v 0.04548162 0.04831701 0.06447148
v 0.04050785 0.05177903 0.06672406
v 0.04008185 0.05305147 0.06524443
v 0.03756541 0.05530339 0.06494289
v 0.01591616 0.07568782 0.06324923
v 0.01903134 0.07861483 0.06220448
v 0.01263165 0.07875800 0.06378203
v 0.01984792 0.07540410 0.06222826
v 0.01903134 0.07861483 0.06220448
v 0.01591616 0.07568782 0.06324923
v 0.01591616 0.07568782 0.06324923
v 0.01263165 0.07875800 0.06378203
v 0.01089859 0.07558131 0.06425487
v 0.00467044 0.07276284 0.06508404
v 0.00147152 0.07691657 0.06499922
v -0.00009531 0.07214564 0.06525367
v 0.00460529 0.07000225 0.06552845
v 0.00917459 0.06908196 0.06544548
v 0.01061260 0.07046294 0.06495159
v 0.01620638 0.07238256 0.06366431
v 0.01089859 0.07558131 0.06425487
v 0.01238930 0.07273834 0.06431585
v 0.01238930 0.07273834 0.06431585
v 0.01089859 0.07558131 0.06425487
v 0.01061260 0.07046294 0.06495159
v 0.01061260 0.07046294 0.06495159
v 0.01089859 0.07558131 0.06425487
v 0.00467044 0.07276284 0.06508404
v 0.01061260 0.07046294 0.06495159
v 0.00467044 0.07276284 0.06508404
v 0.00460529 0.07000225 0.06552845
v 0.00460529 0.07000225 0.06552845
v 0.00467044 0.07276284 0.06508404
v -0.00009531 0.07214564 0.06525367
v 0.01061260 0.07046294 0.06495159
v 0.01705569 0.06857210 0.06448411
v 0.01620638 0.07238256 0.06366431
v 0.01994580 0.07121092 0.06302976
v 0.01620638 0.07238256 0.06366431
v 0.01705569 0.06857210 0.06448411
v 0.01994580 0.07121092 0.06302976
v 0.01705569 0.06857210 0.06448411
v 0.02190369 0.06862390 0.06327664
v 0.02423357 0.07105267 0.06170845
v 0.01994580 0.07121092 0.06302976
v 0.02190369 0.06862390 0.06327664
v 0.01994580 0.07121092 0.06302976
v 0.01591616 0.07568782 0.06324923
v 0.01620638 0.07238256 0.06366431
v 0.01620638 0.07238256 0.06366431
v 0.01238930 0.07273834 0.06431585
v 0.01061260 0.07046294 0.06495159
v 0.02826786 0.07826578 0.05860167
v 0.02350056 0.07835900 0.06064301
v 0.02952224 0.07559007 0.05833023
v 0.04012537 0.07844638 0.05118525
v 0.03666031 0.07790952 0.05373156
v 0.04002481 0.07512885 0.05166012
v 0.05319219 0.06724762 0.03923159
v 0.05331248 0.06079208 0.04132997
v 0.05554097 0.06142550 0.03727900
v 0.05554097 0.06142550 0.03727900
v 0.05331248 0.06079208 0.04132997
v 0.05590820 0.05628103 0.03874695
v 0.04418992 0.07852607 0.04769295
v 0.04326820 0.07492560 0.04890233
v 0.04623281 0.07398450 0.04624211
v 0.04983448 0.07461231 0.04212445
v 0.04623281 0.07398450 0.04624211
v 0.04818588 0.07084763 0.04481518
v 0.04983448 0.07461231 0.04212445
v 0.04818588 0.07084763 0.04481518
v 0.05124956 0.06972450 0.04128754
v 0.05315679 0.07367539 0.03788483
v 0.05124956 0.06972450 0.04128754
v 0.05319219 0.06724762 0.03923159
v 0.05315679 0.07367539 0.03788483
v 0.05319219 0.06724762 0.03923159
v 0.05623519 0.06751674 0.03410208
v 0.05807536 0.06999582 0.03003805
v 0.05623519 0.06751674 0.03410208
v 0.05841660 0.05974197 0.03197550
v 0.06020545 0.05958080 0.02755206
v 0.05841660 0.05974197 0.03197550
v 0.05846494 0.05350440 0.03434520
v 0.04793268 0.06524914 0.04695808
v 0.05028218 0.06607681 0.04372447
v 0.04818588 0.07084763 0.04481518
v 0.04793268 0.06524914 0.04695808
v 0.04818588 0.07084763 0.04481518
v 0.04483848 0.06884664 0.04899328
v 0.04136383 0.07052391 0.05165797
v 0.04002481 0.07512885 0.05166012
v 0.03792834 0.07195848 0.05399793
v 0.03792834 0.07195848 0.05399793
v 0.04002481 0.07512885 0.05166012
v 0.03547322 0.07441604 0.05508339
v 0.02404803 0.07429730 0.06095916
v 0.02350056 0.07835900 0.06064301
v 0.01984792 0.07540410 0.06222826
v 0.03836178 0.06922817 0.05462276
v 0.04136383 0.07052391 0.05165797
v 0.03792834 0.07195848 0.05399793
v 0.02902776 0.07204771 0.05935806
v 0.02952224 0.07559007 0.05833023
v 0.02404803 0.07429730 0.06095916
v 0.02952224 0.07559007 0.05833023
v 0.02902776 0.07204771 0.05935806
v 0.03375643 0.07129740 0.05700260
v 0.02952224 0.07559007 0.05833023
v 0.03375643 0.07129740 0.05700260
v 0.03547322 0.07441604 0.05508339
v 0.03547322 0.07441604 0.05508339
v 0.03375643 0.07129740 0.05700260
v 0.03792834 0.07195848 0.05399793
v 0.05028218 0.06607681 0.04372447
v 0.04793268 0.06524914 0.04695808
v 0.05084723 0.06115603 0.04502022
v 0.01903134 0.07861483 0.06220448
v 0.01984792 0.07540410 0.06222826
v 0.02350056 0.07835900 0.06064301
v 0.02350056 0.07835900 0.06064301
v 0.02404803 0.07429730 0.06095916
v 0.02952224 0.07559007 0.05833023
v 0.02826786 0.07826578 0.05860167
v 0.02952224 0.07559007 0.05833023
v 0.03312981 0.07814294 0.05598706
v 0.03312981 0.07814294 0.05598706
v 0.02952224 0.07559007 0.05833023
v 0.03547322 0.07441604 0.05508339
v 0.03312981 0.07814294 0.05598706
v 0.03547322 0.07441604 0.05508339
v 0.03666031 0.07790952 0.05373156
v 0.03666031 0.07790952 0.05373156
v 0.03547322 0.07441604 0.05508339
v 0.04002481 0.07512885 0.05166012
v 0.04623281 0.07398450 0.04624211
v 0.04326820 0.07492560 0.04890233
v 0.04483848 0.06884664 0.04899328
v 0.04623281 0.07398450 0.04624211
v 0.04483848 0.06884664 0.04899328
v 0.04818588 0.07084763 0.04481518
v 0.04818588 0.07084763 0.04481518
v 0.05028218 0.06607681 0.04372447
v 0.05124956 0.06972450 0.04128754
v 0.01591616 0.07568782 0.06324923
v 0.01089859 0.07558131 0.06425487
v 0.01620638 0.07238256 0.06366431
v 0.02423357 0.07105267 0.06170845
v 0.02190369 0.06862390 0.06327664
v 0.02670305 0.06717753 0.06219935
v 0.03373605 0.06313669 0.06094396
v 0.03218716 0.06708765 0.05964022
v 0.02670305 0.06717753 0.06219935
v 0.04112035 0.06573039 0.05392265
v 0.04136383 0.07052391 0.05165797
v 0.03836178 0.06922817 0.05462276
v 0.02917820 0.06884175 0.06042426
v 0.03375643 0.07129740 0.05700260
v 0.02902776 0.07204771 0.05935806
v 0.02423357 0.07105267 0.06170845
v 0.02404803 0.07429730 0.06095916
v 0.01984792 0.07540410 0.06222826
v 0.03953230 0.06384891 0.05634772
v 0.04112035 0.06573039 0.05392265
v 0.03689754 0.06677079 0.05681705
v 0.02917820 0.06884175 0.06042426
v 0.02902776 0.07204771 0.05935806
v 0.02423357 0.07105267 0.06170845
v 0.02423357 0.07105267 0.06170845
v 0.01984792 0.07540410 0.06222826
v 0.01591616 0.07568782 0.06324923
v 0.03689754 0.06677079 0.05681705
v 0.04112035 0.06573039 0.05392265
v 0.03836178 0.06922817 0.05462276
v 0.03689754 0.06677079 0.05681705
v 0.03836178 0.06922817 0.05462276
v 0.03375643 0.07129740 0.05700260
v 0.03689754 0.06677079 0.05681705
v 0.03375643 0.07129740 0.05700260
v 0.03218716 0.06708765 0.05964022
v 0.03218716 0.06708765 0.05964022
v 0.03375643 0.07129740 0.05700260
v 0.02917820 0.06884175 0.06042426
v 0.02423357 0.07105267 0.06170845
v 0.02902776 0.07204771 0.05935806
v 0.02404803 0.07429730 0.06095916
v 0.03218716 0.06708765 0.05964022
v 0.02917820 0.06884175 0.06042426
v 0.02670305 0.06717753 0.06219935
v 0.02670305 0.06717753 0.06219935
v 0.02917820 0.06884175 0.06042426
v 0.02423357 0.07105267 0.06170845
v 0.03980392 0.05986636 0.05876117
v 0.04298561 0.05699795 0.05792599
v 0.04202467 0.06126672 0.05570209
v 0.03980392 0.05986636 0.05876117
v 0.03658813 0.06375110 0.05866265
v 0.03817856 0.05933183 0.06056416
v 0.03817856 0.05933183 0.06056416
v 0.03658813 0.06375110 0.05866265
v 0.03373605 0.06313669 0.06094396
v 0.00917459 0.06908196 0.06544548
v 0.00460529 0.07000225 0.06552845
v 0.00873870 0.06781864 0.06591910
v 0.03980392 0.05986636 0.05876117
v 0.04202467 0.06126672 0.05570209
v 0.03953230 0.06384891 0.05634772
v 0.03980392 0.05986636 0.05876117
v 0.03953230 0.06384891 0.05634772
v 0.03658813 0.06375110 0.05866265
v 0.03373605 0.06313669 0.06094396
v 0.03658813 0.06375110 0.05866265
v 0.03218716 0.06708765 0.05964022
v 0.04202467 0.06126672 0.05570209
v 0.04112035 0.06573039 0.05392265
v 0.03953230 0.06384891 0.05634772
v 0.03953230 0.06384891 0.05634772
v 0.03689754 0.06677079 0.05681705
v 0.03658813 0.06375110 0.05866265
v 0.03658813 0.06375110 0.05866265
v 0.03689754 0.06677079 0.05681705
v 0.03218716 0.06708765 0.05964022
v 0.01994580 0.07121092 0.06302976
v 0.02423357 0.07105267 0.06170845
v 0.01591616 0.07568782 0.06324923
v 0.01089859 0.07558131 0.06425487
v 0.00731116 0.07754266 0.06462061
v 0.00467044 0.07276284 0.06508404
v 0.00467044 0.07276284 0.06508404
v 0.00731116 0.07754266 0.06462061
v 0.00147152 0.07691657 0.06499922
v 0.04472357 0.05787253 0.05522805
v 0.04531121 0.06062394 0.05255562
v 0.04202467 0.06126672 0.05570209
v 0.04202467 0.06126672 0.05570209
v 0.04531121 0.06062394 0.05255562
v 0.04112035 0.06573039 0.05392265
v 0.04112035 0.06573039 0.05392265
v 0.04531121 0.06062394 0.05255562
v 0.04501271 0.06417638 0.05086958
v 0.04112035 0.06573039 0.05392265
v 0.04501271 0.06417638 0.05086958
v 0.04483848 0.06884664 0.04899328
v 0.04112035 0.06573039 0.05392265
v 0.04483848 0.06884664 0.04899328
v 0.04136383 0.07052391 0.05165797
v 0.03836178 0.06922817 0.05462276
v 0.03792834 0.07195848 0.05399793
v 0.03375643 0.07129740 0.05700260
v 0.01263165 0.07875800 0.06378203
v 0.00731116 0.07754266 0.06462061
v 0.01089859 0.07558131 0.06425487
v 0.05908209 0.04945546 0.03467643
v 0.06079334 0.05353915 0.02787053
v 0.05846494 0.05350440 0.03434520
v 0.05340296 0.05448091 0.04457676
v 0.05590820 0.05628103 0.03874695
v 0.05331248 0.06079208 0.04132997
v 0.05340296 0.05448091 0.04457676
v 0.05331248 0.06079208 0.04132997
v 0.05084723 0.06115603 0.04502022
v 0.05084723 0.06115603 0.04502022
v 0.04735565 0.05969119 0.05059218
v 0.05018734 0.05776596 0.04789716
v 0.02891308 0.06445735 0.06265395
v 0.03373605 0.06313669 0.06094396
v 0.02670305 0.06717753 0.06219935
v 0.02891308 0.06445735 0.06265395
v 0.02670305 0.06717753 0.06219935
v 0.02341341 0.06621795 0.06382775
v 0.02341341 0.06621795 0.06382775
v 0.02670305 0.06717753 0.06219935
v 0.02190369 0.06862390 0.06327664
v 0.02341341 0.06621795 0.06382775
v 0.02190369 0.06862390 0.06327664
v 0.01705569 0.06857210 0.06448411
v 0.01705569 0.06857210 0.06448411
v 0.01061260 0.07046294 0.06495159
v 0.01278907 0.06760698 0.06553375
v 0.01705569 0.06857210 0.06448411
v 0.01278907 0.06760698 0.06553375
v 0.01511639 0.06643784 0.06569266
v 0.01278907 0.06760698 0.06553375
v 0.00873870 0.06781864 0.06591910
v 0.01068842 0.06598246 0.06667321
v 0.01068842 0.06598246 0.06667321
v 0.00873870 0.06781864 0.06591910
v 0.00529957 0.06732928 0.06637126
v 0.00529957 0.06732928 0.06637126
v 0.00155419 0.06663113 0.06694281
v 0.00551170 0.06607657 0.06719464
v 0.01068842 0.06598246 0.06667321
v 0.00551170 0.06607657 0.06719464
v 0.01099383 0.06515735 0.06733685
v 0.02729207 0.06040060 0.06650495
v 0.02447569 0.06116807 0.06717091
v 0.02862942 0.05884069 0.06791436
v 0.04570579 0.04666972 0.06739807
v 0.04369318 0.04851943 0.06767475
v 0.04709655 0.04488074 0.06870299
v 0.06493222 0.01915258 0.00886464
v 0.06499612 0.00196892 0.02217775
v 0.06501257 0.00147921 0.00039858
v 0.06501257 0.00147921 0.00039858
v 0.06481432 0.06311380 0.00559294
v 0.06493222 0.01915258 0.00886464
v 0.06493222 0.01915258 0.00886464
v 0.06459259 0.02604222 0.01727283
v 0.06499612 0.00196892 0.02217775
v 0.06451177 0.04334789 0.01169914
v 0.06459259 0.02604222 0.01727283
v 0.06493222 0.01915258 0.00886464
v 0.06451177 0.04334789 0.01169914
v 0.06481432 0.06311380 0.00559294
v 0.06395167 0.07093900 0.01204711
v 0.06451177 0.04334789 0.01169914
v 0.06395167 0.07093900 0.01204711
v 0.06372356 0.05536830 0.01538032
v 0.06372356 0.05536830 0.01538032
v 0.06406766 0.03790807 0.01807874
v 0.06451177 0.04334789 0.01169914
v 0.06451177 0.04334789 0.01169914
v 0.06406766 0.03790807 0.01807874
v 0.06459259 0.02604222 0.01727283
v 0.06493222 0.01915258 0.00886464
v 0.06481432 0.06311380 0.00559294
v 0.06451177 0.04334789 0.01169914
v 0.06427240 0.15000001 0.01009953
v 0.06242108 0.15000001 0.01819789
v 0.06225454 0.07594960 0.01886349
v 0.06020396 0.15000001 0.02456831
v 0.06225454 0.07594960 0.01886349
v 0.06242108 0.15000001 0.01819789
v 0.06020396 0.15000001 0.02456831
v 0.05947721 0.07676154 0.02638876
v 0.06225454 0.07594960 0.01886349
v 0.05657345 0.15000001 0.03211331
v 0.05947721 0.07676154 0.02638876
v 0.06020396 0.15000001 0.02456831
v 0.05657345 0.15000001 0.03211331
v 0.05622327 0.07687002 0.03269910
v 0.05947721 0.07676154 0.02638876
v 0.05208915 0.15000001 0.03891307
v 0.05331730 0.07831680 0.03721588
v 0.05657345 0.15000001 0.03211331
v 0.05657345 0.15000001 0.03211331
v 0.05331730 0.07831680 0.03721588
v 0.05622327 0.07687002 0.03269910
v 0.04671007 0.15000001 0.04528570
v 0.04996699 0.07844930 0.04161536
v 0.05208915 0.15000001 0.03891307
v 0.05208915 0.15000001 0.03891307
v 0.04996699 0.07844930 0.04161536
v 0.05331730 0.07831680 0.03721588
v 0.04671007 0.15000001 0.04528570
v 0.04712200 0.07839286 0.04478770
v 0.04996699 0.07844930 0.04161536
v 0.04671007 0.15000001 0.04528570
v 0.04418992 0.07852607 0.04769295
v 0.04712200 0.07839286 0.04478770
v 0.04020035 0.15000001 0.05111110
v 0.04418992 0.07852607 0.04769295
v 0.04671007 0.15000001 0.04528570
v 0.04020035 0.15000001 0.05111110
v 0.04012537 0.07844638 0.05118525
v 0.04418992 0.07852607 0.04769295
v 0.03441268 0.15000001 0.05517464
v 0.03666031 0.07790952 0.05373156
v 0.04020035 0.15000001 0.05111110
v 0.03666031 0.07790952 0.05373156
v 0.04012537 0.07844638 0.05118525
v 0.04020035 0.15000001 0.05111110
v 0.03441268 0.15000001 0.05517464
v 0.03312981 0.07814294 0.05598706
v 0.03666031 0.07790952 0.05373156
v 0.02709335 0.15000001 0.05915033
v 0.02826786 0.07826578 0.05860167
v 0.03441268 0.15000001 0.05517464
v 0.03441268 0.15000001 0.05517464
v 0.02826786 0.07826578 0.05860167
v 0.03312981 0.07814294 0.05598706
v 0.01663875 0.15000001 0.06294083
v 0.01903134 0.07861483 0.06220448
v 0.02709335 0.15000001 0.05915033
v 0.02709335 0.15000001 0.05915033
v 0.01903134 0.07861483 0.06220448
v 0.02350056 0.07835900 0.06064301
v 0.02709335 0.15000001 0.05915033
v 0.02350056 0.07835900 0.06064301
v 0.02826786 0.07826578 0.05860167
v 0.01663875 0.15000001 0.06294083
v 0.01263165 0.07875800 0.06378203
v 0.01903134 0.07861483 0.06220448
v 0.00673360 0.15000001 0.06467461
v 0.01263165 0.07875800 0.06378203
v 0.01663875 0.15000001 0.06294083
v 0.00673360 0.15000001 0.06467461
v 0.00731116 0.07754266 0.06462061
v 0.01263165 0.07875800 0.06378203
v -0.00161779 0.15000001 0.06503230
v 0.00147152 0.07691657 0.06499922
v 0.00673360 0.15000001 0.06467461
v 0.00673360 0.15000001 0.06467461
v 0.00147152 0.07691657 0.06499922
v 0.00731116 0.07754266 0.06462061
v -0.00161779 0.15000001 0.06503230
v -0.00419235 0.07532876 0.06491518
v 0.00147152 0.07691657 0.06499922
v -0.00994325 0.15000001 0.06425940
v -0.00710159 0.07719182 0.06464648
v -0.00161779 0.15000001 0.06503230
v -0.00161779 0.15000001 0.06503230
v -0.00710159 0.07719182 0.06464648
v -0.00419235 0.07532876 0.06491518
v -0.00994325 0.15000001 0.06425940
v -0.01099956 0.07811361 0.06407916
v -0.00710159 0.07719182 0.06464648
v -0.01653778 0.15000001 0.06288129
v -0.01523643 0.07922792 0.06320720
v -0.00994325 0.15000001 0.06425940
v -0.00994325 0.15000001 0.06425940
v -0.01523643 0.07922792 0.06320720
v -0.01099956 0.07811361 0.06407916
v -0.02295315 0.15000001 0.06083816
v -0.01918667 0.07862979 0.06211853
v -0.01653778 0.15000001 0.06288129
v -0.01653778 0.15000001 0.06288129
v -0.01918667 0.07862979 0.06211853
v -0.01523643 0.07922792 0.06320720
v -0.02295315 0.15000001 0.06083816
v -0.02325469 0.07884687 0.06072837
v -0.01918667 0.07862979 0.06211853
v -0.03200984 0.15000001 0.05668443
v -0.02824950 0.07893502 0.05856603
v -0.02295315 0.15000001 0.06083816
v -0.02295315 0.15000001 0.06083816
v -0.02824950 0.07893502 0.05856603
v -0.02325469 0.07884687 0.06072837
v -0.03200984 0.15000001 0.05668443
v -0.03311145 0.07918441 0.05595088
v -0.02824950 0.07893502 0.05856603
v -0.04066807 0.15000001 0.05074799
v -0.03762531 0.07889360 0.05303460
v -0.03200984 0.15000001 0.05668443
v -0.03200984 0.15000001 0.05668443
v -0.03762531 0.07889360 0.05303460
v -0.03311145 0.07918441 0.05595088
v -0.04066807 0.15000001 0.05074799
v -0.04280632 0.07902872 0.04897195
v -0.03762531 0.07889360 0.05303460
v -0.04789662 0.15000001 0.04407835
v -0.04280632 0.07902872 0.04897195
v -0.04066807 0.15000001 0.05074799
v -0.04789662 0.15000001 0.04407835
v -0.04747056 0.07887226 0.04444104
v -0.04280632 0.07902872 0.04897195
v -0.04789662 0.15000001 0.04407835
v -0.04983282 0.07701307 0.04183918
v -0.04747056 0.07887226 0.04444104
v -0.05477935 0.14999990 0.03506982
v -0.04983282 0.07701307 0.04183918
v -0.04789662 0.15000001 0.04407835
v -0.05477935 0.14999990 0.03506982
v -0.05274963 0.07693582 0.03808206
v -0.04983282 0.07701307 0.04183918
v -0.05477935 0.14999990 0.03506982
v -0.05583781 0.07744508 0.03336077
v -0.05274963 0.07693582 0.03808206
v -0.05886507 0.15000001 0.02762329
v -0.05583781 0.07744508 0.03336077
v -0.05477935 0.14999990 0.03506982
v -0.05886507 0.15000001 0.02762329
v -0.05920732 0.07728773 0.02694368
v -0.05583781 0.07744508 0.03336077
v -0.06140285 0.15000001 0.02138245
v -0.05920732 0.07728773 0.02694368
v -0.05886507 0.15000001 0.02762329
v -0.06140285 0.15000001 0.02138245
v -0.06173735 0.07615453 0.02043759
v -0.05920732 0.07728773 0.02694368
v -0.06365317 0.15000001 0.01340675
v -0.06173735 0.07615453 0.02043759
v -0.06140285 0.15000001 0.02138245
v -0.06404936 0.07263702 0.01144814
v -0.06314796 0.07398533 0.01558434
v -0.06365317 0.15000001 0.01340675
v -0.06365317 0.15000001 0.01340675
v -0.06314796 0.07398533 0.01558434
v -0.06173735 0.07615453 0.02043759
v 0.06501257 0.00147921 0.00039858
v 0.06509256 0.15000001 -0.00169754
v 0.06481432 0.06311380 0.00559294
v 0.06481432 0.06311380 0.00559294
v 0.06509256 0.15000001 -0.00169754
v 0.06427240 0.15000001 0.01009953
v 0.06427240 0.15000001 0.01009953
v 0.06395167 0.07093900 0.01204711
v 0.06481432 0.06311380 0.00559294
v 0.06225454 0.07594960 0.01886349
v 0.06395167 0.07093900 0.01204711
v 0.06427240 0.15000001 0.01009953
v -0.06404936 0.07263702 0.01144814
v -0.06365317 0.15000001 0.01340675
v -0.06509244 0.15000001 0.00169998
v -0.06404936 0.07263702 0.01144814
v -0.06509244 0.15000001 0.00169998
v -0.06482452 0.06076461 0.00543660
v -0.06482452 0.06076461 0.00543660
v -0.06509244 0.15000001 0.00169998
v -0.06501579 0.02647531 -0.00201201
v -0.06501579 0.02647531 -0.00201201
v -0.06509244 0.15000001 0.00169998
v -0.06483459 0.06586235 -0.00512361
v -0.06483459 0.06586235 -0.00512361
v -0.06509244 0.15000001 0.00169998
v -0.06448131 0.15000001 -0.00836521
v -0.06483459 0.06586235 -0.00512361
v -0.06448131 0.15000001 -0.00836521
v -0.06433302 0.06431406 -0.00984353
v -0.06433302 0.06431406 -0.00984353
v -0.06448131 0.15000001 -0.00836521
v -0.06359189 0.07134330 -0.01373142
v -0.06359189 0.07134330 -0.01373142
v -0.06448131 0.15000001 -0.00836521
v -0.06326913 0.15000001 -0.01499497
v -0.06326913 0.15000001 -0.01499497
v -0.06255120 0.07649886 -0.01778924
v -0.06359189 0.07134330 -0.01373142
v -0.06140542 0.15000001 -0.02137595
v -0.06255120 0.07649886 -0.01778924
v -0.06326913 0.15000001 -0.01499497
v -0.06140542 0.15000001 -0.02137595
v -0.06082004 0.07723534 -0.02300310
v -0.06255120 0.07649886 -0.01778924
v -0.05886805 0.15000001 -0.02761679
v -0.06082004 0.07723534 -0.02300310
v -0.06140542 0.15000001 -0.02137595
v -0.05886805 0.15000001 -0.02761679
v -0.05866611 0.07725882 -0.02806895
v -0.06082004 0.07723534 -0.02300310
v -0.05405640 0.15000001 -0.03628027
v -0.05643641 0.07576656 -0.03235054
v -0.05886805 0.15000001 -0.02761679
v -0.05886805 0.15000001 -0.02761679
v -0.05643641 0.07576656 -0.03235054
v -0.05866611 0.07725882 -0.02806895
v -0.05405640 0.15000001 -0.03628027
v -0.05439770 0.07766479 -0.03561604
v -0.05643641 0.07576656 -0.03235054
v -0.05405640 0.15000001 -0.03628027
v -0.05149078 0.07862633 -0.03970581
v -0.05439770 0.07766479 -0.03561604
v -0.04776674 0.15000001 -0.04411900
v -0.05149078 0.07862633 -0.03970581
v -0.05405640 0.15000001 -0.03628027
v -0.04776674 0.15000001 -0.04411900
v -0.04791706 0.07780647 -0.04397755
v -0.05149078 0.07862633 -0.03970581
v -0.04294133 0.15000001 -0.04882210
v -0.04407227 0.07899212 -0.04779928
v -0.04776674 0.15000001 -0.04411900
v -0.04776674 0.15000001 -0.04411900
v -0.04407227 0.07899212 -0.04779928
v -0.04791706 0.07780647 -0.04397755
v -0.03645831 0.14999990 -0.05386453
v -0.03965979 0.07852202 -0.05154985
v -0.04294133 0.15000001 -0.04882210
v -0.04294133 0.15000001 -0.04882210
v -0.03965979 0.07852202 -0.05154985
v -0.04407227 0.07899212 -0.04779928
v -0.03645831 0.14999990 -0.05386453
v -0.03480082 0.07901358 -0.05493819
v -0.03965979 0.07852202 -0.05154985
v -0.03480082 0.07901358 -0.05493819
v -0.03645831 0.14999990 -0.05386453
v -0.02933305 0.15000001 -0.05803215
v -0.03480082 0.07901358 -0.05493819
v -0.02933305 0.15000001 -0.05803215
v -0.02943336 0.07870072 -0.05801057
v -0.02145457 0.15000001 -0.06141299
v -0.02943336 0.07870072 -0.05801057
v -0.02933305 0.15000001 -0.05803215
v -0.02145457 0.15000001 -0.06141299
v -0.02235651 0.07918149 -0.06107407
v -0.02943336 0.07870072 -0.05801057
v -0.01336282 0.15000001 -0.06363159
v -0.01822537 0.07820177 -0.06243914
v -0.02145457 0.15000001 -0.06141299
v -0.02145457 0.15000001 -0.06141299
v -0.01822537 0.07820177 -0.06243914
v -0.02235651 0.07918149 -0.06107407
v -0.01336282 0.15000001 -0.06363159
v -0.01423376 0.07856369 -0.06343251
v -0.01822537 0.07820177 -0.06243914
v -0.00672668 0.15000001 -0.06467533
v -0.00989211 0.07840442 -0.06426489
v -0.01336282 0.15000001 -0.06363159
v -0.01336282 0.15000001 -0.06363159
v -0.00989211 0.07840442 -0.06426489
v -0.01423376 0.07856369 -0.06343251
v -0.00672668 0.15000001 -0.06467533
v -0.00442648 0.07584476 -0.06489342
v -0.00989211 0.07840442 -0.06426489
v 0.00162202 0.15000001 -0.06503230
v -0.00442648 0.07584476 -0.06489342
v -0.00672668 0.15000001 -0.06467533
v 0.00162202 0.15000001 -0.06503230
v 0.00151288 0.07603609 -0.06500345
v -0.00442648 0.07584476 -0.06489342
v 0.06366419 0.15000001 -0.01333999
v 0.06405913 0.07204616 -0.01141023
v 0.06279003 0.07600188 -0.01695477
v 0.06405913 0.07204616 -0.01141023
v 0.06366419 0.15000001 -0.01333999
v 0.06509256 0.15000001 -0.00169754
v 0.06405913 0.07204616 -0.01141023
v 0.06509256 0.15000001 -0.00169754
v 0.06486451 0.05970561 -0.00500613
v 0.06486451 0.05970561 -0.00500613
v 0.06509256 0.15000001 -0.00169754
v 0.06501257 0.00147921 0.00039858
v 0.00995231 0.15000001 -0.06425815
v 0.00714141 0.07719504 -0.06464236
v 0.00162202 0.15000001 -0.06503230
v 0.00162202 0.15000001 -0.06503230
v 0.00714141 0.07719504 -0.06464236
v 0.00151288 0.07603609 -0.06500345
v 0.00995231 0.15000001 -0.06425815
v 0.01104801 0.07811975 -0.06407082
v 0.00714141 0.07719504 -0.06464236
v 0.01812011 0.15000001 -0.06247764
v 0.01551604 0.07920205 -0.06314015
v 0.00995231 0.15000001 -0.06425815
v 0.00995231 0.15000001 -0.06425815
v 0.01551604 0.07920205 -0.06314015
v 0.01104801 0.07811975 -0.06407082
v 0.01812011 0.15000001 -0.06247764
v 0.01871490 0.07795161 -0.06228864
v 0.01551604 0.07920205 -0.06314015
v 0.02598190 0.15000001 -0.05960786
v 0.02326107 0.07915079 -0.06071943
v 0.01812011 0.15000001 -0.06247764
v 0.01812011 0.15000001 -0.06247764
v 0.02326107 0.07915079 -0.06071943
v 0.01871490 0.07795161 -0.06228864
v 0.02598190 0.15000001 -0.05960786
v 0.02710396 0.07917779 -0.05908495
v 0.02326107 0.07915079 -0.06071943
v 0.03342640 0.15000001 -0.05580765
v 0.03077459 0.07918363 -0.05727070
v 0.02598190 0.15000001 -0.05960786
v 0.02598190 0.15000001 -0.05960786
v 0.03077459 0.07918363 -0.05727070
v 0.02710396 0.07917779 -0.05908495
v 0.03342640 0.15000001 -0.05580765
v 0.03451240 0.07873523 -0.05508977
v 0.03077459 0.07918363 -0.05727070
v 0.04029965 0.15000001 -0.05103015
v 0.03792989 0.07840538 -0.05282974
v 0.03342640 0.15000001 -0.05580765
v 0.03342640 0.15000001 -0.05580765
v 0.03792989 0.07840538 -0.05282974
v 0.03451240 0.07873523 -0.05508977
v 0.04029965 0.15000001 -0.05103015
v 0.04179978 0.07799082 -0.04983466
v 0.03792989 0.07840538 -0.05282974
v 0.04709982 0.15000001 -0.04489958
v 0.04179978 0.07799082 -0.04983466
v 0.04029965 0.15000001 -0.05103015
v 0.04709982 0.15000001 -0.04489958
v 0.04556757 0.07901477 -0.04640007
v 0.04179978 0.07799082 -0.04983466
v 0.04709982 0.15000001 -0.04489958
v 0.05012786 0.07898747 -0.04143023
v 0.04556757 0.07901477 -0.04640007
v 0.05334877 0.15000001 -0.03723543
v 0.05012786 0.07898747 -0.04143023
v 0.04709982 0.15000001 -0.04489958
v 0.05334877 0.15000001 -0.03723543
v 0.05306929 0.07789683 -0.03757756
v 0.05012786 0.07898747 -0.04143023
v 0.05825716 0.15000001 -0.02895468
v 0.05581444 0.07785761 -0.03339475
v 0.05334877 0.15000001 -0.03723543
v 0.05334877 0.15000001 -0.03723543
v 0.05581444 0.07785761 -0.03339475
v 0.05306929 0.07789683 -0.03757756
v 0.05825716 0.15000001 -0.02895468
v 0.05879443 0.07666987 -0.02780735
v 0.05581444 0.07785761 -0.03339475
v 0.06142598 0.15000001 -0.02131652
v 0.06093388 0.07736182 -0.02269399
v 0.05825716 0.15000001 -0.02895468
v 0.05825716 0.15000001 -0.02895468
v 0.06093388 0.07736182 -0.02269399
v 0.05879443 0.07666987 -0.02780735
v 0.06366419 0.15000001 -0.01333999
v 0.06279003 0.07600188 -0.01695477
v 0.06142598 0.15000001 -0.02131652
v 0.06142598 0.15000001 -0.02131652
v 0.06279003 0.07600188 -0.01695477
v 0.06093388 0.07736182 -0.02269399
v -0.06483459 0.06586235 -0.00512361
v -0.06470251 0.04338032 -0.00923228
v -0.06501579 0.02647531 -0.00201201
v -0.06454437 0.02511185 -0.01863259
v -0.06470251 0.04338032 -0.00923228
v -0.06407427 0.04225862 -0.01641225
v -0.06488811 0.00934970 -0.02348059
v -0.06490832 0.01935106 -0.01147198
v -0.06454437 0.02511185 -0.01863259
v -0.06375712 0.05847203 -0.01460325
v -0.06433302 0.06431406 -0.00984353
v -0.06359189 0.07134330 -0.01373142
v -0.06490832 0.01935106 -0.01147198
v -0.06470251 0.04338032 -0.00923228
v -0.06454437 0.02511185 -0.01863259
v -0.06433302 0.06431406 -0.00984353
v -0.06375712 0.05847203 -0.01460325
v -0.06470251 0.04338032 -0.00923228
v -0.06470251 0.04338032 -0.00923228
v -0.06375712 0.05847203 -0.01460325
v -0.06407427 0.04225862 -0.01641225
v -0.06483459 0.06586235 -0.00512361
v -0.06433302 0.06431406 -0.00984353
v -0.06470251 0.04338032 -0.00923228
v -0.06501579 0.02647531 -0.00201201
v -0.06470251 0.04338032 -0.00923228
v -0.06490832 0.01935106 -0.01147198
v -0.06501579 0.02647531 -0.00201201
v -0.06490832 0.01935106 -0.01147198
v -0.06499624 0.00069633 -0.02342027
v -0.06499624 0.00069633 -0.02342027
v -0.06490832 0.01935106 -0.01147198
v -0.06488811 0.00934970 -0.02348059
v -0.06500995 -0.00078406 0.07349997
v -0.06496691 0.00451350 0.02493304
v -0.06499624 0.00069633 -0.02342027
v 0.06500995 -0.00078502 -0.07349997
v 0.06496381 0.00492489 -0.02435392
v 0.06501257 0.00147921 0.00039858
v 0.06501257 0.00147921 0.00039858
v 0.06499612 0.00196892 0.02217775
v 0.06500780 -0.00202352 0.07349997
v -0.06499624 0.00069633 -0.02342027
v -0.06500971 -0.00203663 -0.07349997
v -0.06500995 -0.00078406 0.07349997
v -0.06500995 -0.00078406 0.07349997
v -0.06500971 -0.00203663 -0.07349997
v -0.06438338 -0.00933421 0.07349997
v -0.06438338 -0.00933421 0.07349997
v -0.06500971 -0.00203663 -0.07349997
v -0.06370103 -0.01346129 -0.07349997
v -0.06438338 -0.00933421 0.07349997
v -0.06370103 -0.01346129 -0.07349997
v -0.06262338 -0.01749074 0.07349997
v -0.06262338 -0.01749074 0.07349997
v -0.06370103 -0.01346129 -0.07349997
v -0.05953544 -0.02635443 -0.07349997
v -0.06262338 -0.01749074 0.07349997
v -0.05953544 -0.02635443 -0.07349997
v -0.05913960 -0.02723062 0.07349997
v -0.05913960 -0.02723062 0.07349997
v -0.05953544 -0.02635443 -0.07349997
v -0.05279123 -0.03810626 -0.07349997
v -0.05913960 -0.02723062 0.07349997
v -0.05279123 -0.03810626 -0.07349997
v -0.05222284 -0.03888154 0.07349997
v -0.05222284 -0.03888154 0.07349997
v -0.05279123 -0.03810626 -0.07349997
v -0.04492646 -0.04705268 -0.07349997
v -0.05222284 -0.03888154 0.07349997
v -0.04492646 -0.04705268 -0.07349997
v -0.04430896 -0.04763460 0.07349997
v -0.04430896 -0.04763460 0.07349997
v -0.04492646 -0.04705268 -0.07349997
v -0.03571999 -0.05443423 -0.07349997
v -0.04430896 -0.04763460 0.07349997
v -0.03571999 -0.05443423 -0.07349997
v -0.03491210 -0.05495584 0.07349997
v -0.03491210 -0.05495584 0.07349997
v -0.03571999 -0.05443423 -0.07349997
v -0.02518028 -0.05998551 -0.07349997
v -0.03491210 -0.05495584 0.07349997
v -0.02518028 -0.05998551 -0.07349997
v -0.02439600 -0.06030893 0.07349997
v -0.02439600 -0.06030893 0.07349997
v -0.02518028 -0.05998551 -0.07349997
v -0.01394599 -0.06359660 -0.07349997
v -0.02439600 -0.06030893 0.07349997
v -0.01394599 -0.06359660 -0.07349997
v -0.01470661 -0.06337237 0.07349997
v -0.01470661 -0.06337237 0.07349997
v -0.01394599 -0.06359660 -0.07349997
v -0.00291222 -0.06504267 0.07349997
v -0.00291222 -0.06504267 0.07349997
v -0.01394599 -0.06359660 -0.07349997
v -0.00048120 -0.06510603 -0.07349997
v -0.00291222 -0.06504267 0.07349997
v -0.00048120 -0.06510603 -0.07349997
v 0.00887311 -0.06444853 0.07349997
v 0.00887311 -0.06444853 0.07349997
v -0.00048120 -0.06510603 -0.07349997
v 0.01138401 -0.06405270 -0.07349997
v 0.00887311 -0.06444853 0.07349997
v 0.01138401 -0.06405270 -0.07349997
v 0.01704204 -0.06274700 0.07349997
v 0.01704204 -0.06274700 0.07349997
v 0.01138401 -0.06405270 -0.07349997
v 0.02121978 -0.06149840 -0.07349997
v 0.01704204 -0.06274700 0.07349997
v 0.02121978 -0.06149840 -0.07349997
v 0.02680641 -0.05933326 0.07349997
v 0.02680641 -0.05933326 0.07349997
v 0.02121978 -0.06149840 -0.07349997
v 0.03200083 -0.05670040 -0.07349997
v 0.02680641 -0.05933326 0.07349997
v 0.03200083 -0.05670040 -0.07349997
v 0.03551954 -0.05446034 0.07349997
v 0.03551954 -0.05446034 0.07349997
v 0.03200083 -0.05670040 -0.07349997
v 0.04176640 -0.04987895 -0.07349997
v 0.03551954 -0.05446034 0.07349997
v 0.04176640 -0.04987895 -0.07349997
v 0.04241341 -0.04932975 0.07349997
v 0.04241341 -0.04932975 0.07349997
v 0.04176640 -0.04987895 -0.07349997
v 0.04902440 -0.04276621 -0.07349997
v 0.04241341 -0.04932975 0.07349997
v 0.04902440 -0.04276621 -0.07349997
v 0.05073392 -0.04080533 0.07349997
v 0.05073392 -0.04080533 0.07349997
v 0.04902440 -0.04276621 -0.07349997
v 0.05420428 -0.03590971 -0.07349997
v 0.05073392 -0.04080533 0.07349997
v 0.05420428 -0.03590971 -0.07349997
v 0.05808115 -0.02942115 0.07349997
v 0.05808115 -0.02942115 0.07349997
v 0.05420428 -0.03590971 -0.07349997
v 0.05838847 -0.02869009 -0.07349997
v 0.05808115 -0.02942115 0.07349997
v 0.05838847 -0.02869009 -0.07349997
v 0.06214398 -0.01924759 -0.07349997
v 0.05808115 -0.02942115 0.07349997
v 0.06214398 -0.01924759 -0.07349997
v 0.06238973 -0.01843523 0.07349997
v 0.06238973 -0.01843523 0.07349997
v 0.06214398 -0.01924759 -0.07349997
v 0.06438320 -0.00933528 -0.07349997
v 0.06238973 -0.01843523 0.07349997
v 0.06438320 -0.00933528 -0.07349997
v 0.06420069 -0.01028984 0.07349997
v 0.06420069 -0.01028984 0.07349997
v 0.06438320 -0.00933528 -0.07349997
v 0.06500780 -0.00202352 0.07349997
v 0.06500780 -0.00202352 0.07349997
v 0.06438320 -0.00933528 -0.07349997
v 0.06500995 -0.00078502 -0.07349997
v 0.06500780 -0.00202352 0.07349997
v 0.06500995 -0.00078502 -0.07349997
v 0.06501257 0.00147921 0.00039858
v 0.06439989 0.05351769 -0.01080024
v 0.06380712 0.05437117 -0.01497268
v 0.06405913 0.07204616 -0.01141023
v 0.06279003 0.07600188 -0.01695477
v 0.06405913 0.07204616 -0.01141023
v 0.06380712 0.05437117 -0.01497268
v 0.06487280 0.02550262 -0.00983930
v 0.06428396 0.03507733 -0.01697188
v 0.06439989 0.05351769 -0.01080024
v 0.06487280 0.02550262 -0.00983930
v 0.06446522 0.02864170 -0.01802587
v 0.06428396 0.03507733 -0.01697188
v 0.06487280 0.02550262 -0.00983930
v 0.06496381 0.00492489 -0.02435392
v 0.06446522 0.02864170 -0.01802587
v 0.06501257 0.00147921 0.00039858
v 0.06496381 0.00492489 -0.02435392
v 0.06487280 0.02550262 -0.00983930
v 0.06439989 0.05351769 -0.01080024
v 0.06428396 0.03507733 -0.01697188
v 0.06380712 0.05437117 -0.01497268
v 0.06439989 0.05351769 -0.01080024
v 0.06405913 0.07204616 -0.01141023
v 0.06486451 0.05970561 -0.00500613
v 0.06380712 0.05437117 -0.01497268
v 0.06428396 0.03507733 -0.01697188
v 0.06394195 0.04050773 -0.01821076
v 0.06439989 0.05351769 -0.01080024
v 0.06486451 0.05970561 -0.00500613
v 0.06487280 0.02550262 -0.00983930
v 0.06487280 0.02550262 -0.00983930
v 0.06486451 0.05970561 -0.00500613
v 0.06501257 0.00147921 0.00039858
v 0.05522030 0.04041039 -0.05296361
v 0.05672895 0.04012566 -0.04861897
v 0.05732160 0.03601586 -0.05170387
v 0.06328254 0.02352464 -0.03458148
v 0.06205850 0.02860426 -0.03821367
v 0.06310862 0.03122282 -0.02913928
v 0.03804564 0.05523473 -0.06460386
v 0.03384709 0.05781692 -0.06515073
v 0.03677219 0.05797863 -0.06283694
v 0.02551811 0.07198876 -0.06095051
v 0.03118735 0.06955415 -0.05909323
v 0.02738440 0.06883758 -0.06121110
v 0.04158592 0.07488244 -0.05040431
v 0.03916651 0.07344800 -0.05261272
v 0.03792989 0.07840538 -0.05282974
v 0.03792989 0.07840538 -0.05282974
v 0.03916651 0.07344800 -0.05261272
v 0.03584814 0.07596158 -0.05453401
v 0.03451240 0.07873523 -0.05508977
v 0.03584814 0.07596158 -0.05453401
v 0.03222370 0.07584470 -0.05678087
v 0.03916651 0.07344800 -0.05261272
v 0.03590673 0.07310020 -0.05510234
v 0.03584814 0.07596158 -0.05453401
v 0.02443212 0.07431811 -0.06084311
v 0.02347218 0.07672297 -0.06082028
v 0.02843528 0.07612186 -0.05875080
v 0.03308200 0.07213938 -0.05714142
v 0.02843528 0.07612186 -0.05875080
v 0.03222370 0.07584470 -0.05678087
v 0.03308200 0.07213938 -0.05714142
v 0.03222370 0.07584470 -0.05678087
v 0.03590673 0.07310020 -0.05510234
v 0.02966398 0.07319253 -0.05873483
v 0.02443212 0.07431811 -0.06084311
v 0.02843528 0.07612186 -0.05875080
v 0.02966398 0.07319253 -0.05873483
v 0.02843528 0.07612186 -0.05875080
v 0.03308200 0.07213938 -0.05714142
v 0.02443212 0.07431811 -0.06084311
v 0.01871490 0.07795161 -0.06228864
v 0.02347218 0.07672297 -0.06082028
v 0.03590673 0.07310020 -0.05510234
v 0.03222370 0.07584470 -0.05678087
v 0.03584814 0.07596158 -0.05453401
v 0.01448607 0.07616019 -0.06353551
v 0.01551604 0.07920205 -0.06314015
v 0.01871490 0.07795161 -0.06228864
v 0.01448607 0.07616019 -0.06353551
v 0.01871490 0.07795161 -0.06228864
v 0.01711326 0.07352107 -0.06326889
v 0.01104801 0.07811975 -0.06407082
v 0.01177752 0.07337373 -0.06431263
v 0.00714141 0.07719504 -0.06464236
v 0.00714141 0.07719504 -0.06464236
v 0.00604689 0.07361590 -0.06493717
v 0.00151288 0.07603609 -0.06500345
v 0.03709894 0.06986039 -0.05531919
v 0.03408277 0.06879550 -0.05774182
v 0.03308200 0.07213938 -0.05714142
v 0.03804069 0.06673669 -0.05597132
v 0.03709894 0.06986039 -0.05531919
v 0.04101520 0.06783080 -0.05301368
v 0.03408277 0.06879550 -0.05774182
v 0.03709894 0.06986039 -0.05531919
v 0.03804069 0.06673669 -0.05597132
v 0.03491163 0.06379210 -0.05981045
v 0.03420054 0.06240385 -0.06113362
v 0.02738440 0.06883758 -0.06121110
v 0.02738440 0.06883758 -0.06121110
v 0.03420054 0.06240385 -0.06113362
v 0.02657514 0.06747132 -0.06212770
v 0.02069735 0.07338297 -0.06230688
v 0.02551811 0.07198876 -0.06095051
v 0.02171403 0.06999975 -0.06287777
v 0.02171403 0.06999975 -0.06287777
v 0.02551811 0.07198876 -0.06095051
v 0.02738440 0.06883758 -0.06121110
v 0.01177752 0.07337373 -0.06431263
v 0.01448607 0.07616019 -0.06353551
v 0.01711326 0.07352107 -0.06326889
v 0.01871490 0.07795161 -0.06228864
v 0.02069735 0.07338297 -0.06230688
v 0.01711326 0.07352107 -0.06326889
v 0.03709894 0.06986039 -0.05531919
v 0.03308200 0.07213938 -0.05714142
v 0.03590673 0.07310020 -0.05510234
v 0.04101520 0.06783080 -0.05301368
v 0.03709894 0.06986039 -0.05531919
v 0.03916651 0.07344800 -0.05261272
v 0.04101520 0.06783080 -0.05301368
v 0.03916651 0.07344800 -0.05261272
v 0.04194808 0.07042199 -0.05118727
v 0.02657514 0.06747132 -0.06212770
v 0.02135843 0.06811583 -0.06362289
v 0.02171403 0.06999975 -0.06287777
v 0.02135843 0.06811583 -0.06362289
v 0.01635146 0.06829392 -0.06471496
v 0.01436996 0.06989395 -0.06458860
v 0.02135843 0.06811583 -0.06362289
v 0.01436996 0.06989395 -0.06458860
v 0.02171403 0.06999975 -0.06287777
v 0.02171403 0.06999975 -0.06287777
v 0.02738440 0.06883758 -0.06121110
v 0.02657514 0.06747132 -0.06212770
v 0.03420054 0.06240385 -0.06113362
v 0.03491163 0.06379210 -0.05981045
v 0.03918385 0.05846124 -0.06044173
v 0.03918385 0.05846124 -0.06044173
v 0.03491163 0.06379210 -0.05981045
v 0.03913813 0.06060725 -0.05880641
v 0.00604689 0.07361590 -0.06493717
v 0.00423777 0.06980186 -0.06558465
v -0.00132996 0.07173752 -0.06531870
v 0.02443212 0.07431811 -0.06084311
v 0.02551811 0.07198876 -0.06095051
v 0.02069735 0.07338297 -0.06230688
v 0.01711326 0.07352107 -0.06326889
v 0.02069735 0.07338297 -0.06230688
v 0.02171403 0.06999975 -0.06287777
v 0.01711326 0.07352107 -0.06326889
v 0.02171403 0.06999975 -0.06287777
v 0.01436996 0.06989395 -0.06458860
v 0.00604689 0.07361590 -0.06493717
v -0.00132996 0.07173752 -0.06531870
v 0.00151288 0.07603609 -0.06500345
v 0.02697801 0.06479781 -0.06326961
v 0.02657514 0.06747132 -0.06212770
v 0.03059029 0.06301754 -0.06270164
v 0.03059029 0.06301754 -0.06270164
v 0.02657514 0.06747132 -0.06212770
v 0.03420054 0.06240385 -0.06113362
v 0.04538321 0.05003345 -0.06210827
v 0.04293555 0.05230897 -0.06271815
v 0.04210031 0.05591809 -0.05984956
v 0.04293555 0.05230897 -0.06271815
v 0.04048097 0.05498600 -0.06252002
v 0.04210031 0.05591809 -0.05984956
v 0.03804564 0.05523473 -0.06460386
v 0.03677219 0.05797863 -0.06283694
v 0.04149997 0.05205690 -0.06489497
v 0.04149997 0.05205690 -0.06489497
v 0.03677219 0.05797863 -0.06283694
v 0.04321146 0.05047845 -0.06478565
v 0.03677219 0.05797863 -0.06283694
v 0.03918385 0.05846124 -0.06044173
v 0.04048097 0.05498600 -0.06252002
v 0.03002142 0.06130599 -0.06422775
v 0.03349024 0.06013172 -0.06321007
v 0.03384709 0.05781692 -0.06515073
v 0.03002142 0.06130599 -0.06422775
v 0.03384709 0.05781692 -0.06515073
v 0.02837157 0.06065768 -0.06568312
v 0.04969543 0.04358619 -0.06353932
v 0.04720908 0.04653286 -0.06410050
v 0.04538321 0.05003345 -0.06210827
v 0.04969543 0.04358619 -0.06353932
v 0.04538321 0.05003345 -0.06210827
v 0.04717439 0.04891240 -0.06059402
v 0.04717439 0.04891240 -0.06059402
v 0.04538321 0.05003345 -0.06210827
v 0.04505711 0.05408465 -0.05802935
v 0.04321146 0.05047845 -0.06478565
v 0.04048097 0.05498600 -0.06252002
v 0.04293555 0.05230897 -0.06271815
v 0.04649800 0.04670763 -0.06529688
v 0.04293555 0.05230897 -0.06271815
v 0.04538321 0.05003345 -0.06210827
v 0.04649800 0.04670763 -0.06529688
v 0.04538321 0.05003345 -0.06210827
v 0.04720908 0.04653286 -0.06410050
v 0.04505711 0.05408465 -0.05802935
v 0.04538321 0.05003345 -0.06210827
v 0.04210031 0.05591809 -0.05984956
v 0.04505711 0.05408465 -0.05802935
v 0.04210031 0.05591809 -0.05984956
v 0.04238677 0.05755233 -0.05809432
v 0.04649800 0.04670763 -0.06529688
v 0.04720908 0.04653286 -0.06410050
v 0.04884696 0.04347270 -0.06632256
v 0.04884696 0.04347270 -0.06632256
v 0.04720908 0.04653286 -0.06410050
v 0.04969543 0.04358619 -0.06353932
v 0.04884696 0.04347270 -0.06632256
v 0.04969543 0.04358619 -0.06353932
v 0.05172681 0.03988498 -0.06564724
v 0.05172681 0.03988498 -0.06564724
v 0.05033260 0.04119461 -0.06791836
v 0.04884696 0.04347270 -0.06632256
v 0.04321146 0.05047845 -0.06478565
v 0.04649800 0.04670763 -0.06529688
v 0.04690313 0.04538321 -0.06743311
v 0.04690313 0.04538321 -0.06743311
v 0.04649800 0.04670763 -0.06529688
v 0.04884696 0.04347270 -0.06632256
v 0.04321146 0.05047845 -0.06478565
v 0.04351747 0.04910117 -0.06676435
v 0.04149997 0.05205690 -0.06489497
v 0.05033260 0.04119461 -0.06791836
v 0.05172681 0.03988498 -0.06564724
v 0.05228006 0.03866982 -0.06766915
v 0.04321146 0.05047845 -0.06478565
v 0.04690313 0.04538321 -0.06743311
v 0.04351747 0.04910117 -0.06676435
v 0.04149997 0.05205690 -0.06489497
v 0.04351747 0.04910117 -0.06676435
v 0.03804564 0.05523473 -0.06460386
v 0.03804564 0.05523473 -0.06460386
v 0.04351747 0.04910117 -0.06676435
v 0.04023867 0.05216372 -0.06640040
v 0.04884696 0.04347270 -0.06632256
v 0.05033260 0.04119461 -0.06791836
v 0.04768157 0.04421448 -0.06893074
v 0.04884696 0.04347270 -0.06632256
v 0.04768157 0.04421448 -0.06893074
v 0.04690313 0.04538321 -0.06743311
v 0.04690313 0.04538321 -0.06743311
v 0.04768157 0.04421448 -0.06893074
v 0.04351747 0.04910117 -0.06676435
v 0.03804564 0.05523473 -0.06460386
v 0.03786617 0.05410170 -0.06629180
v 0.03384709 0.05781692 -0.06515073
v 0.04023867 0.05216372 -0.06640040
v 0.03786617 0.05410170 -0.06629180
v 0.03804564 0.05523473 -0.06460386
v 0.03677219 0.05797863 -0.06283694
v 0.04048097 0.05498600 -0.06252002
v 0.04321146 0.05047845 -0.06478565
v 0.04321146 0.05047845 -0.06478565
v 0.04293555 0.05230897 -0.06271815
v 0.04649800 0.04670763 -0.06529688
v 0.04351747 0.04910117 -0.06676435
v 0.04511207 0.04686927 -0.06883752
v 0.04290658 0.04893136 -0.06874400
v 0.04351747 0.04910117 -0.06676435
v 0.04290658 0.04893136 -0.06874400
v 0.04023867 0.05216372 -0.06640040
v 0.03492105 0.05567920 -0.06701642
v 0.03384709 0.05781692 -0.06515073
v 0.03786617 0.05410170 -0.06629180
v 0.04290658 0.04893136 -0.06874400
v 0.03916800 0.05217128 -0.06819999
v 0.04023867 0.05216372 -0.06640040
v 0.04023867 0.05216372 -0.06640040
v 0.03916800 0.05217128 -0.06819999
v 0.03786617 0.05410170 -0.06629180
v 0.04290658 0.04893136 -0.06874400
v 0.04137623 0.05016475 -0.06938040
v 0.03916800 0.05217128 -0.06819999
v 0.03835773 0.05249321 -0.06965821
v 0.03513962 0.05493128 -0.06846755
v 0.03916800 0.05217128 -0.06819999
v 0.03835773 0.05249321 -0.06965821
v 0.03916800 0.05217128 -0.06819999
v 0.04137623 0.05016475 -0.06938040
v 0.03513962 0.05493128 -0.06846755
v 0.03492105 0.05567920 -0.06701642
v 0.03916800 0.05217128 -0.06819999
v 0.03080165 0.05768412 -0.06801891
v 0.03513962 0.05493128 -0.06846755
v 0.03204941 0.05672222 -0.06873214
v 0.03142488 0.05789875 -0.06692415
v 0.03492105 0.05567920 -0.06701642
v 0.03080165 0.05768412 -0.06801891
v 0.03080165 0.05768412 -0.06801891
v 0.03492105 0.05567920 -0.06701642
v 0.03513962 0.05493128 -0.06846755
v 0.03542953 0.05452913 -0.06941550
v 0.03177773 0.05672121 -0.06960469
v 0.03204941 0.05672222 -0.06873214
v 0.03204941 0.05672222 -0.06873214
v 0.02807492 0.05865770 -0.06938815
v 0.03080165 0.05768412 -0.06801891
v 0.02657514 0.06747132 -0.06212770
v 0.02697801 0.06479781 -0.06326961
v 0.02135843 0.06811583 -0.06362289
v 0.02697801 0.06479781 -0.06326961
v 0.02224570 0.06590586 -0.06434929
v 0.02135843 0.06811583 -0.06362289
v 0.01436996 0.06989395 -0.06458860
v 0.00924313 0.06857049 -0.06559419
v 0.00823039 0.07090377 -0.06511914
v 0.00423777 0.06980186 -0.06558465
v 0.00823039 0.07090377 -0.06511914
v 0.00924313 0.06857049 -0.06559419
v 0.03059029 0.06301754 -0.06270164
v 0.03420054 0.06240385 -0.06113362
v 0.03349024 0.06013172 -0.06321007
v 0.03420054 0.06240385 -0.06113362
v 0.03677219 0.05797863 -0.06283694
v 0.03349024 0.06013172 -0.06321007
v 0.02697801 0.06479781 -0.06326961
v 0.02583682 0.06320208 -0.06471651
v 0.02224570 0.06590586 -0.06434929
v 0.02224570 0.06590586 -0.06434929
v 0.01736199 0.06603062 -0.06546795
v 0.01635146 0.06829392 -0.06471496
v 0.01635146 0.06829392 -0.06471496
v 0.01736199 0.06603062 -0.06546795
v 0.01288896 0.06724548 -0.06566703
v 0.01436996 0.06989395 -0.06458860
v 0.01288896 0.06724548 -0.06566703
v 0.00924313 0.06857049 -0.06559419
v -0.00132996 0.07173752 -0.06531870
v 0.00423777 0.06980186 -0.06558465
v 0.00036349 0.06899535 -0.06587690
v 0.01288896 0.06724548 -0.06566703
v 0.01146930 0.06617313 -0.06641888
v 0.00924313 0.06857049 -0.06559419
v 0.00924313 0.06857049 -0.06559419
v 0.01146930 0.06617313 -0.06641888
v 0.00738609 0.06668305 -0.06658506
v 0.00924313 0.06857049 -0.06559419
v 0.00738609 0.06668305 -0.06658506
v 0.00497842 0.06799632 -0.06611913
v 0.00497842 0.06799632 -0.06611913
v 0.00162506 0.06693744 -0.06673419
v 0.00036349 0.06899535 -0.06587690
v 0.00386143 0.06630557 -0.06711208
v 0.00162506 0.06693744 -0.06673419
v 0.00738609 0.06668305 -0.06658506
v 0.00162506 0.06693744 -0.06673419
v 0.00497842 0.06799632 -0.06611913
v 0.00738609 0.06668305 -0.06658506
v 0.01580816 0.06539338 -0.06620204
v 0.01146930 0.06617313 -0.06641888
v 0.01288896 0.06724548 -0.06566703
v 0.02583682 0.06320208 -0.06471651
v 0.02837157 0.06065768 -0.06568312
v 0.02391761 0.06258124 -0.06595587
v 0.03059029 0.06301754 -0.06270164
v 0.03002142 0.06130599 -0.06422775
v 0.02697801 0.06479781 -0.06326961
v 0.02697801 0.06479781 -0.06326961
v 0.03002142 0.06130599 -0.06422775
v 0.02583682 0.06320208 -0.06471651
v 0.02583682 0.06320208 -0.06471651
v 0.02190268 0.06448811 -0.06523025
v 0.02224570 0.06590586 -0.06434929
v 0.02224570 0.06590586 -0.06434929
v 0.02190268 0.06448811 -0.06523025
v 0.01736199 0.06603062 -0.06546795
v 0.00924313 0.06857049 -0.06559419
v 0.00497842 0.06799632 -0.06611913
v 0.00423777 0.06980186 -0.06558465
v 0.00423777 0.06980186 -0.06558465
v 0.00497842 0.06799632 -0.06611913
v 0.00036349 0.06899535 -0.06587690
v 0.03059029 0.06301754 -0.06270164
v 0.03349024 0.06013172 -0.06321007
v 0.03002142 0.06130599 -0.06422775
v 0.02422595 0.06100839 -0.06760787
v 0.02207309 0.06205415 -0.06729680
v 0.02702230 0.06042474 -0.06668782
v 0.02762103 0.05947262 -0.06764632
v 0.02702230 0.06042474 -0.06668782
v 0.03142488 0.05789875 -0.06692415
v 0.03916800 0.05217128 -0.06819999
v 0.03492105 0.05567920 -0.06701642
v 0.03786617 0.05410170 -0.06629180
v 0.03384709 0.05781692 -0.06515073
v 0.03492105 0.05567920 -0.06701642
v 0.03142488 0.05789875 -0.06692415
v 0.03835773 0.05249321 -0.06965821
v 0.03542953 0.05452913 -0.06941550
v 0.03513962 0.05493128 -0.06846755
v 0.03513962 0.05493128 -0.06846755
v 0.03542953 0.05452913 -0.06941550
v 0.03204941 0.05672222 -0.06873214
v 0.03080165 0.05768412 -0.06801891
v 0.02762103 0.05947262 -0.06764632
v 0.03142488 0.05789875 -0.06692415
v 0.02449160 0.06024569 -0.06931316
v 0.02598047 0.05991297 -0.06831479
v 0.02807492 0.05865770 -0.06938815
v 0.02449160 0.06024569 -0.06931316
v 0.02049231 0.06175255 -0.06910210
v 0.02422595 0.06100839 -0.06760787
v 0.02422595 0.06100839 -0.06760787
v 0.02049231 0.06175255 -0.06910210
v 0.02207309 0.06205415 -0.06729680
v 0.01635229 0.06318563 -0.06851518
v 0.01679193 0.06347411 -0.06776714
v 0.02049231 0.06175255 -0.06910210
v 0.01635229 0.06318563 -0.06851518
v 0.02049231 0.06175255 -0.06910210
v 0.01691192 0.06278699 -0.06949645
v 0.02207309 0.06205415 -0.06729680
v 0.02049231 0.06175255 -0.06910210
v 0.01679193 0.06347411 -0.06776714
v 0.02207309 0.06205415 -0.06729680
v 0.01679193 0.06347411 -0.06776714
v 0.01796030 0.06353473 -0.06722807
v 0.02598047 0.05991297 -0.06831479
v 0.02449160 0.06024569 -0.06931316
v 0.02422595 0.06100839 -0.06760787
v 0.02207309 0.06205415 -0.06729680
v 0.01796030 0.06353473 -0.06722807
v 0.02012157 0.06362003 -0.06641203
v 0.01535743 0.06453877 -0.06694811
v 0.01146930 0.06617313 -0.06641888
v 0.01580816 0.06539338 -0.06620204
v 0.01213341 0.06459707 -0.06768316
v 0.00740403 0.06563186 -0.06741374
v 0.01146930 0.06617313 -0.06641888
v 0.00740403 0.06563186 -0.06741374
v 0.00738609 0.06668305 -0.06658506
v 0.01146930 0.06617313 -0.06641888
v 0.01535743 0.06453877 -0.06694811
v 0.01580816 0.06539338 -0.06620204
v 0.02012157 0.06362003 -0.06641203
v 0.03384709 0.05781692 -0.06515073
v 0.03349024 0.06013172 -0.06321007
v 0.03677219 0.05797863 -0.06283694
v 0.01213341 0.06459707 -0.06768316
v 0.01146930 0.06617313 -0.06641888
v 0.01535743 0.06453877 -0.06694811
v 0.02207309 0.06205415 -0.06729680
v 0.02012157 0.06362003 -0.06641203
v 0.02391761 0.06258124 -0.06595587
v 0.02207309 0.06205415 -0.06729680
v 0.02391761 0.06258124 -0.06595587
v 0.02702230 0.06042474 -0.06668782
v 0.02702230 0.06042474 -0.06668782
v 0.02391761 0.06258124 -0.06595587
v 0.02837157 0.06065768 -0.06568312
v 0.04351747 0.04910117 -0.06676435
v 0.04768157 0.04421448 -0.06893074
v 0.04511207 0.04686927 -0.06883752
v 0.04048097 0.05498600 -0.06252002
v 0.03918385 0.05846124 -0.06044173
v 0.04210031 0.05591809 -0.05984956
v 0.02837157 0.06065768 -0.06568312
v 0.03384709 0.05781692 -0.06515073
v 0.03142488 0.05789875 -0.06692415
v 0.02837157 0.06065768 -0.06568312
v 0.03142488 0.05789875 -0.06692415
v 0.02702230 0.06042474 -0.06668782
v 0.02012157 0.06362003 -0.06641203
v 0.01796030 0.06353473 -0.06722807
v 0.01535743 0.06453877 -0.06694811
v 0.01796030 0.06353473 -0.06722807
v 0.01679193 0.06347411 -0.06776714
v 0.01535743 0.06453877 -0.06694811
v 0.01535743 0.06453877 -0.06694811
v 0.01679193 0.06347411 -0.06776714
v 0.01213341 0.06459707 -0.06768316
v 0.00740403 0.06563186 -0.06741374
v 0.00386143 0.06630557 -0.06711208
v 0.00738609 0.06668305 -0.06658506
v 0.00162506 0.06693744 -0.06673419
v 0.00386143 0.06630557 -0.06711208
v -0.00081116 0.06571197 -0.06780534
v 0.00386143 0.06630557 -0.06711208
v 0.00278181 0.06569492 -0.06776881
v -0.00081116 0.06571197 -0.06780534
v 0.00853783 0.06500530 -0.06799817
v 0.00561392 0.06504619 -0.06852787
v 0.00740403 0.06563186 -0.06741374
v 0.00561392 0.06504619 -0.06852787
v 0.00278181 0.06569492 -0.06776881
v 0.00740403 0.06563186 -0.06741374
v 0.00093028 0.06520807 -0.06868827
v -0.00081116 0.06571197 -0.06780534
v 0.00278181 0.06569492 -0.06776881
v 0.00561392 0.06504619 -0.06852787
v 0.00093028 0.06520807 -0.06868827
v 0.00278181 0.06569492 -0.06776881
v 0.01691192 0.06278699 -0.06949645
v 0.01315850 0.06370234 -0.06922757
v 0.01635229 0.06318563 -0.06851518
v 0.01635229 0.06318563 -0.06851518
v 0.01315850 0.06370234 -0.06922757
v 0.01213341 0.06459707 -0.06768316
v 0.01635229 0.06318563 -0.06851518
v 0.01213341 0.06459707 -0.06768316
v 0.01679193 0.06347411 -0.06776714
v 0.01315850 0.06370234 -0.06922757
v 0.00916511 0.06436800 -0.06960701
v 0.01074045 0.06429696 -0.06877243
v 0.01213341 0.06459707 -0.06768316
v 0.01074045 0.06429696 -0.06877243
v 0.00853783 0.06500530 -0.06799817
v 0.01315850 0.06370234 -0.06922757
v 0.01074045 0.06429696 -0.06877243
v 0.01213341 0.06459707 -0.06768316
v 0.00501972 0.06483632 -0.06946414
v 0.00561392 0.06504619 -0.06852787
v 0.00916511 0.06436800 -0.06960701
v 0.00501972 0.06483632 -0.06946414
v 0.00083377 0.06501126 -0.06964588
v 0.00093028 0.06520807 -0.06868827
v 0.00501972 0.06483632 -0.06946414
v 0.00093028 0.06520807 -0.06868827
v 0.00561392 0.06504619 -0.06852787
v 0.00916511 0.06436800 -0.06960701
v 0.00561392 0.06504619 -0.06852787
v 0.01074045 0.06429696 -0.06877243
v 0.01074045 0.06429696 -0.06877243
v 0.00561392 0.06504619 -0.06852787
v 0.00853783 0.06500530 -0.06799817
v 0.00740403 0.06563186 -0.06741374
v 0.00278181 0.06569492 -0.06776881
v 0.00386143 0.06630557 -0.06711208
v 0.03177773 0.05672121 -0.06960469
v 0.02807492 0.05865770 -0.06938815
v 0.03204941 0.05672222 -0.06873214
v 0.02762103 0.05947262 -0.06764632
v 0.03080165 0.05768412 -0.06801891
v 0.02598047 0.05991297 -0.06831479
v 0.06310862 0.03122282 -0.02913928
v 0.06205850 0.02860426 -0.03821367
v 0.06221824 0.03112119 -0.03468436
v 0.06310862 0.03122282 -0.02913928
v 0.06221824 0.03112119 -0.03468436
v 0.06246358 0.03842121 -0.02830886
v 0.05552661 0.04660511 -0.04571610
v 0.05668801 0.04646390 -0.04295492
v 0.05893325 0.03626883 -0.04507339
v 0.05905807 0.03994989 -0.04108393
v 0.05762279 0.04905652 -0.03874772
v 0.06023830 0.03773742 -0.03855085
v 0.06023830 0.03773742 -0.03855085
v 0.05762279 0.04905652 -0.03874772
v 0.05894374 0.04696398 -0.03641593
v 0.06023830 0.03773742 -0.03855085
v 0.05894374 0.04696398 -0.03641593
v 0.06095641 0.03875041 -0.03489923
v 0.05348289 0.04318767 -0.05437052
v 0.05215591 0.04968607 -0.05045104
v 0.05428320 0.04574239 -0.04949027
v 0.06095641 0.03875041 -0.03489923
v 0.06205850 0.02860426 -0.03821367
v 0.06023830 0.03773742 -0.03855085
v 0.05552661 0.04660511 -0.04571610
v 0.05672895 0.04012566 -0.04861897
v 0.05428320 0.04574239 -0.04949027
v 0.05668801 0.04646390 -0.04295492
v 0.05905807 0.03994989 -0.04108393
v 0.05893325 0.03626883 -0.04507339
v 0.05060046 0.05037748 -0.05284219
v 0.05018705 0.04760354 -0.05659902
v 0.04877841 0.05186671 -0.05461120
v 0.05018705 0.04760354 -0.05659902
v 0.04997390 0.04551756 -0.05974137
v 0.04725474 0.05235064 -0.05658638
v 0.05018705 0.04760354 -0.05659902
v 0.04725474 0.05235064 -0.05658638
v 0.04877841 0.05186671 -0.05461120
v 0.05428320 0.04574239 -0.04949027
v 0.05672895 0.04012566 -0.04861897
v 0.05522030 0.04041039 -0.05296361
v 0.05428320 0.04574239 -0.04949027
v 0.05522030 0.04041039 -0.05296361
v 0.05348289 0.04318767 -0.05437052
v 0.06023830 0.03773742 -0.03855085
v 0.06205850 0.02860426 -0.03821367
v 0.06081593 0.03086405 -0.04274725
v 0.06023830 0.03773742 -0.03855085
v 0.06081593 0.03086405 -0.04274725
v 0.05905807 0.03994989 -0.04108393
v 0.05905807 0.03994989 -0.04108393
v 0.06081593 0.03086405 -0.04274725
v 0.05893325 0.03626883 -0.04507339
v 0.05893325 0.03626883 -0.04507339
v 0.05988228 0.02891349 -0.05077219
v 0.05672895 0.04012566 -0.04861897
v 0.05018705 0.04760354 -0.05659902
v 0.05060046 0.05037748 -0.05284219
v 0.05348289 0.04318767 -0.05437052
v 0.06205850 0.02860426 -0.03821367
v 0.06383091 0.01590085 -0.03882420
v 0.06254035 0.02252024 -0.04241621
v 0.06328254 0.02352464 -0.03458148
v 0.06383091 0.01590085 -0.03882420
v 0.06205850 0.02860426 -0.03821367
v 0.06205850 0.02860426 -0.03821367
v 0.06254035 0.02252024 -0.04241621
v 0.06081593 0.03086405 -0.04274725
v 0.06372618 0.01339215 -0.04737722
v 0.06254035 0.02252024 -0.04241621
v 0.06383091 0.01590085 -0.03882420
v 0.06329613 0.04171633 -0.02206707
v 0.06394195 0.04050773 -0.01821076
v 0.06428396 0.03507733 -0.01697188
v 0.06446522 0.02864170 -0.01802587
v 0.06467765 0.01223427 -0.02739053
v 0.06417250 0.01644510 -0.03258287
v 0.06417250 0.01644510 -0.03258287
v 0.06328254 0.02352464 -0.03458148
v 0.06446522 0.02864170 -0.01802587
v 0.06446522 0.02864170 -0.01802587
v 0.06328254 0.02352464 -0.03458148
v 0.06428396 0.03507733 -0.01697188
v 0.06428396 0.03507733 -0.01697188
v 0.06328254 0.02352464 -0.03458148
v 0.06310862 0.03122282 -0.02913928
v 0.06428396 0.03507733 -0.01697188
v 0.06310862 0.03122282 -0.02913928
v 0.06329613 0.04171633 -0.02206707
v 0.06329613 0.04171633 -0.02206707
v 0.06310862 0.03122282 -0.02913928
v 0.06246358 0.03842121 -0.02830886
v 0.06254035 0.02252024 -0.04241621
v 0.06372618 0.01339215 -0.04737722
v 0.06255775 0.01892066 -0.04976606
v 0.05893325 0.03626883 -0.04507339
v 0.06081593 0.03086405 -0.04274725
v 0.05988228 0.02891349 -0.05077219
v 0.05672895 0.04012566 -0.04861897
v 0.05988228 0.02891349 -0.05077219
v 0.05732160 0.03601586 -0.05170387
v 0.06417250 0.01644510 -0.03258287
v 0.06487357 0.00438684 -0.03624743
v 0.06383091 0.01590085 -0.03882420
v 0.06383091 0.01590085 -0.03882420
v 0.06487357 0.00438684 -0.03624743
v 0.06452471 0.00807977 -0.04241788
v 0.06383091 0.01590085 -0.03882420
v 0.06452471 0.00807977 -0.04241788
v 0.06372618 0.01339215 -0.04737722
v 0.06467765 0.01223427 -0.02739053
v 0.06446522 0.02864170 -0.01802587
v 0.06496381 0.00492489 -0.02435392
v 0.06496381 0.00492489 -0.02435392
v 0.06487357 0.00438684 -0.03624743
v 0.06467765 0.01223427 -0.02739053
v 0.06467765 0.01223427 -0.02739053
v 0.06487357 0.00438684 -0.03624743
v 0.06417250 0.01644510 -0.03258287
v 0.06417250 0.01644510 -0.03258287
v 0.06383091 0.01590085 -0.03882420
v 0.06328254 0.02352464 -0.03458148
v 0.06221824 0.03112119 -0.03468436
v 0.06205850 0.02860426 -0.03821367
v 0.06095641 0.03875041 -0.03489923
v 0.06372618 0.01339215 -0.04737722
v 0.06343239 0.01427423 -0.05339998
v 0.06255775 0.01892066 -0.04976606
v 0.06254035 0.02252024 -0.04241621
v 0.06255775 0.01892066 -0.04976606
v 0.06137675 0.02459871 -0.04836905
v 0.06255775 0.01892066 -0.04976606
v 0.06207746 0.01954466 -0.05521935
v 0.06137675 0.02459871 -0.04836905
v 0.06207746 0.01954466 -0.05521935
v 0.06151998 0.02112001 -0.05780535
v 0.05964231 0.02785581 -0.05458974
v 0.06207746 0.01954466 -0.05521935
v 0.05964231 0.02785581 -0.05458974
v 0.05988228 0.02891349 -0.05077219
v 0.05988228 0.02891349 -0.05077219
v 0.05964231 0.02785581 -0.05458974
v 0.05732160 0.03601586 -0.05170387
v 0.05522030 0.04041039 -0.05296361
v 0.05732160 0.03601586 -0.05170387
v 0.05853623 0.03022146 -0.05621618
v 0.05853623 0.03022146 -0.05621618
v 0.05732160 0.03601586 -0.05170387
v 0.05964231 0.02785581 -0.05458974
v 0.05853623 0.03022146 -0.05621618
v 0.05964231 0.02785581 -0.05458974
v 0.06151998 0.02112001 -0.05780535
v 0.05853623 0.03022146 -0.05621618
v 0.06151998 0.02112001 -0.05780535
v 0.06043076 0.02404540 -0.06018340
v 0.06343239 0.01427423 -0.05339998
v 0.06207746 0.01954466 -0.05521935
v 0.06255775 0.01892066 -0.04976606
v 0.06137675 0.02459871 -0.04836905
v 0.06207746 0.01954466 -0.05521935
v 0.05988228 0.02891349 -0.05077219
v 0.05702078 0.03235542 -0.06033807
v 0.05873692 0.02797532 -0.06274765
v 0.05658268 0.03210461 -0.06459283
v 0.05646646 0.03519183 -0.05657190
v 0.05853623 0.03022146 -0.05621618
v 0.05702078 0.03235542 -0.06033807
v 0.05702078 0.03235542 -0.06033807
v 0.05853623 0.03022146 -0.05621618
v 0.06043076 0.02404540 -0.06018340
v 0.05702078 0.03235542 -0.06033807
v 0.06043076 0.02404540 -0.06018340
v 0.05873692 0.02797532 -0.06274765
v 0.05060046 0.05037748 -0.05284219
v 0.05215591 0.04968607 -0.05045104
v 0.05348289 0.04318767 -0.05437052
v 0.05348289 0.04318767 -0.05437052
v 0.05522030 0.04041039 -0.05296361
v 0.05446285 0.03849864 -0.05833393
v 0.05446285 0.03849864 -0.05833393
v 0.05522030 0.04041039 -0.05296361
v 0.05646646 0.03519183 -0.05657190
v 0.05446285 0.03849864 -0.05833393
v 0.05646646 0.03519183 -0.05657190
v 0.05702078 0.03235542 -0.06033807
v 0.04997390 0.04551756 -0.05974137
v 0.05018705 0.04760354 -0.05659902
v 0.05172759 0.04213196 -0.06066977
v 0.05658268 0.03210461 -0.06459283
v 0.05441004 0.03562790 -0.06671017
v 0.05440694 0.03630810 -0.06361478
v 0.05702078 0.03235542 -0.06033807
v 0.05658268 0.03210461 -0.06459283
v 0.05440694 0.03630810 -0.06361478
v 0.05702078 0.03235542 -0.06033807
v 0.05440694 0.03630810 -0.06361478
v 0.05446285 0.03849864 -0.05833393
v 0.05446285 0.03849864 -0.05833393
v 0.05440694 0.03630810 -0.06361478
v 0.05303633 0.03919541 -0.06216359
v 0.05446285 0.03849864 -0.05833393
v 0.05303633 0.03919541 -0.06216359
v 0.05172759 0.04213196 -0.06066977
v 0.05446285 0.03849864 -0.05833393
v 0.05172759 0.04213196 -0.06066977
v 0.05348289 0.04318767 -0.05437052
v 0.05348289 0.04318767 -0.05437052
v 0.05172759 0.04213196 -0.06066977
v 0.05018705 0.04760354 -0.05659902
v 0.05522030 0.04041039 -0.05296361
v 0.05853623 0.03022146 -0.05621618
v 0.05646646 0.03519183 -0.05657190
v 0.06279003 0.07600188 -0.01695477
v 0.06264233 0.06329041 -0.01885145
v 0.06156253 0.06832879 -0.02176582
v 0.06279003 0.07600188 -0.01695477
v 0.06156253 0.06832879 -0.02176582
v 0.06093388 0.07736182 -0.02269399
v 0.06380712 0.05437117 -0.01497268
v 0.06264233 0.06329041 -0.01885145
v 0.06279003 0.07600188 -0.01695477
v 0.06394195 0.04050773 -0.01821076
v 0.06264233 0.06329041 -0.01885145
v 0.06380712 0.05437117 -0.01497268
v 0.06394195 0.04050773 -0.01821076
v 0.06329613 0.04171633 -0.02206707
v 0.06264233 0.06329041 -0.01885145
v 0.06264233 0.06329041 -0.01885145
v 0.06329613 0.04171633 -0.02206707
v 0.06208211 0.04995805 -0.02458894
v 0.06264233 0.06329041 -0.01885145
v 0.06208211 0.04995805 -0.02458894
v 0.06125622 0.05778563 -0.02499032
v 0.06095641 0.03875041 -0.03489923
v 0.06037914 0.04705870 -0.03197693
v 0.06144952 0.04556131 -0.02893859
v 0.06095641 0.03875041 -0.03489923
v 0.06144952 0.04556131 -0.02893859
v 0.06246358 0.03842121 -0.02830886
v 0.06246358 0.03842121 -0.02830886
v 0.06144952 0.04556131 -0.02893859
v 0.06208211 0.04995805 -0.02458894
v 0.06246358 0.03842121 -0.02830886
v 0.06208211 0.04995805 -0.02458894
v 0.06329613 0.04171633 -0.02206707
v 0.06254035 0.02252024 -0.04241621
v 0.06137675 0.02459871 -0.04836905
v 0.06081593 0.03086405 -0.04274725
v 0.06081593 0.03086405 -0.04274725
v 0.06137675 0.02459871 -0.04836905
v 0.05988228 0.02891349 -0.05077219
v 0.05672895 0.04012566 -0.04861897
v 0.05552661 0.04660511 -0.04571610
v 0.05893325 0.03626883 -0.04507339
v 0.06221824 0.03112119 -0.03468436
v 0.06095641 0.03875041 -0.03489923
v 0.06246358 0.03842121 -0.02830886
v 0.06125622 0.05778563 -0.02499032
v 0.05990695 0.05553346 -0.02970117
v 0.05848515 0.06278729 -0.03090924
v 0.06125622 0.05778563 -0.02499032
v 0.05848515 0.06278729 -0.03090924
v 0.05989891 0.06844246 -0.02627736
v 0.06208211 0.04995805 -0.02458894
v 0.06144952 0.04556131 -0.02893859
v 0.06125622 0.05778563 -0.02499032
v 0.06125622 0.05778563 -0.02499032
v 0.06144952 0.04556131 -0.02893859
v 0.05990695 0.05553346 -0.02970117
v 0.05306929 0.07789683 -0.03757756
v 0.05536258 0.07224804 -0.03476274
v 0.05031257 0.07534426 -0.04148215
v 0.06156253 0.06832879 -0.02176582
v 0.05989891 0.06844246 -0.02627736
v 0.06093388 0.07736182 -0.02269399
v 0.06093388 0.07736182 -0.02269399
v 0.05989891 0.06844246 -0.02627736
v 0.05879443 0.07666987 -0.02780735
v 0.05879443 0.07666987 -0.02780735
v 0.05536258 0.07224804 -0.03476274
v 0.05581444 0.07785761 -0.03339475
v 0.05581444 0.07785761 -0.03339475
v 0.05536258 0.07224804 -0.03476274
v 0.05306929 0.07789683 -0.03757756
v 0.05989891 0.06844246 -0.02627736
v 0.05653613 0.06691020 -0.03375411
v 0.05879443 0.07666987 -0.02780735
v 0.05879443 0.07666987 -0.02780735
v 0.05653613 0.06691020 -0.03375411
v 0.05536258 0.07224804 -0.03476274
v 0.05536258 0.07224804 -0.03476274
v 0.05326902 0.06942689 -0.03853327
v 0.05031257 0.07534426 -0.04148215
v 0.05989891 0.06844246 -0.02627736
v 0.05848515 0.06278729 -0.03090924
v 0.05653613 0.06691020 -0.03375411
v 0.05536258 0.07224804 -0.03476274
v 0.05653613 0.06691020 -0.03375411
v 0.05326902 0.06942689 -0.03853327
v 0.05012786 0.07898747 -0.04143023
v 0.05031257 0.07534426 -0.04148215
v 0.04556757 0.07901477 -0.04640007
v 0.04556757 0.07901477 -0.04640007
v 0.05031257 0.07534426 -0.04148215
v 0.04619812 0.07583260 -0.04600948
v 0.04556757 0.07901477 -0.04640007
v 0.04619812 0.07583260 -0.04600948
v 0.04179978 0.07799082 -0.04983466
v 0.03451240 0.07873523 -0.05508977
v 0.03792989 0.07840538 -0.05282974
v 0.03584814 0.07596158 -0.05453401
v 0.04194808 0.07042199 -0.05118727
v 0.04158592 0.07488244 -0.05040431
v 0.04488343 0.07256269 -0.04790496
v 0.05326902 0.06942689 -0.03853327
v 0.05249691 0.06435555 -0.04120522
v 0.04914844 0.07160991 -0.04353904
v 0.04914844 0.07160991 -0.04353904
v 0.05249691 0.06435555 -0.04120522
v 0.04882913 0.06799155 -0.04491049
v 0.04914844 0.07160991 -0.04353904
v 0.04882913 0.06799155 -0.04491049
v 0.04488343 0.07256269 -0.04790496
v 0.04488343 0.07256269 -0.04790496
v 0.04882913 0.06799155 -0.04491049
v 0.04517561 0.06916469 -0.04858797
v 0.04488343 0.07256269 -0.04790496
v 0.04517561 0.06916469 -0.04858797
v 0.04194808 0.07042199 -0.05118727
v 0.06264233 0.06329041 -0.01885145
v 0.06125622 0.05778563 -0.02499032
v 0.06156253 0.06832879 -0.02176582
v 0.06156253 0.06832879 -0.02176582
v 0.06125622 0.05778563 -0.02499032
v 0.05989891 0.06844246 -0.02627736
v 0.05326902 0.06942689 -0.03853327
v 0.05653613 0.06691020 -0.03375411
v 0.05525726 0.06035768 -0.03815138
v 0.05326902 0.06942689 -0.03853327
v 0.05525726 0.06035768 -0.03815138
v 0.05249691 0.06435555 -0.04120522
v 0.04194808 0.07042199 -0.05118727
v 0.03916651 0.07344800 -0.05261272
v 0.04158592 0.07488244 -0.05040431
v 0.04488343 0.07256269 -0.04790496
v 0.04158592 0.07488244 -0.05040431
v 0.04179978 0.07799082 -0.04983466
v 0.04488343 0.07256269 -0.04790496
v 0.04179978 0.07799082 -0.04983466
v 0.04619812 0.07583260 -0.04600948
v 0.04488343 0.07256269 -0.04790496
v 0.04619812 0.07583260 -0.04600948
v 0.04914844 0.07160991 -0.04353904
v 0.04914844 0.07160991 -0.04353904
v 0.04619812 0.07583260 -0.04600948
v 0.05031257 0.07534426 -0.04148215
v 0.04914844 0.07160991 -0.04353904
v 0.05031257 0.07534426 -0.04148215
v 0.05326902 0.06942689 -0.03853327
v 0.05306929 0.07789683 -0.03757756
v 0.05031257 0.07534426 -0.04148215
v 0.05012786 0.07898747 -0.04143023
v 0.00604689 0.07361590 -0.06493717
v 0.00714141 0.07719504 -0.06464236
v 0.01177752 0.07337373 -0.06431263
v 0.01448607 0.07616019 -0.06353551
v 0.01177752 0.07337373 -0.06431263
v 0.01104801 0.07811975 -0.06407082
v 0.01448607 0.07616019 -0.06353551
v 0.01104801 0.07811975 -0.06407082
v 0.01551604 0.07920205 -0.06314015
v 0.01871490 0.07795161 -0.06228864
v 0.02326107 0.07915079 -0.06071943
v 0.02347218 0.07672297 -0.06082028
v 0.02347218 0.07672297 -0.06082028
v 0.02326107 0.07915079 -0.06071943
v 0.02710396 0.07917779 -0.05908495
v 0.02347218 0.07672297 -0.06082028
v 0.02710396 0.07917779 -0.05908495
v 0.02843528 0.07612186 -0.05875080
v 0.02843528 0.07612186 -0.05875080
v 0.02710396 0.07917779 -0.05908495
v 0.03077459 0.07918363 -0.05727070
v 0.02843528 0.07612186 -0.05875080
v 0.03077459 0.07918363 -0.05727070
v 0.03222370 0.07584470 -0.05678087
v 0.03222370 0.07584470 -0.05678087
v 0.03077459 0.07918363 -0.05727070
v 0.03451240 0.07873523 -0.05508977
v 0.03792989 0.07840538 -0.05282974
v 0.04179978 0.07799082 -0.04983466
v 0.04158592 0.07488244 -0.05040431
v 0.05695885 0.05720824 -0.03611499
v 0.05525726 0.06035768 -0.03815138
v 0.05848515 0.06278729 -0.03090924
v 0.05695885 0.05720824 -0.03611499
v 0.05848515 0.06278729 -0.03090924
v 0.05861860 0.05489093 -0.03329020
v 0.05525726 0.06035768 -0.03815138
v 0.05519360 0.05374449 -0.04153496
v 0.05249691 0.06435555 -0.04120522
v 0.04741317 0.06391364 -0.04820466
v 0.04693239 0.05868655 -0.05179584
v 0.04580849 0.06213915 -0.05105257
v 0.04475021 0.06543260 -0.05052179
v 0.04580849 0.06213915 -0.05105257
v 0.04172807 0.06431961 -0.05411899
v 0.04580849 0.06213915 -0.05105257
v 0.04475021 0.06543260 -0.05052179
v 0.04741317 0.06391364 -0.04820466
v 0.05046290 0.05861818 -0.04692614
v 0.04741317 0.06391364 -0.04820466
v 0.05007874 0.06387716 -0.04487109
v 0.05046290 0.05861818 -0.04692614
v 0.05007874 0.06387716 -0.04487109
v 0.05182546 0.05940711 -0.04442775
v 0.05182546 0.05940711 -0.04442775
v 0.05007874 0.06387716 -0.04487109
v 0.05249691 0.06435555 -0.04120522
v 0.05182546 0.05940711 -0.04442775
v 0.05249691 0.06435555 -0.04120522
v 0.05519360 0.05374449 -0.04153496
v 0.04101520 0.06783080 -0.05301368
v 0.04194808 0.07042199 -0.05118727
v 0.04475021 0.06543260 -0.05052179
v 0.04101520 0.06783080 -0.05301368
v 0.04475021 0.06543260 -0.05052179
v 0.04172807 0.06431961 -0.05411899
v 0.04101520 0.06783080 -0.05301368
v 0.04172807 0.06431961 -0.05411899
v 0.03804069 0.06673669 -0.05597132
v 0.03491163 0.06379210 -0.05981045
v 0.03118735 0.06955415 -0.05909323
v 0.03527545 0.06540864 -0.05864733
v 0.03996539 0.06260907 -0.05674439
v 0.04172807 0.06431961 -0.05411899
v 0.04431307 0.05952966 -0.05444419
v 0.04693239 0.05868655 -0.05179584
v 0.04431307 0.05952966 -0.05444419
v 0.04580849 0.06213915 -0.05105257
v 0.05762279 0.04905652 -0.03874772
v 0.05695885 0.05720824 -0.03611499
v 0.05894374 0.04696398 -0.03641593
v 0.05894374 0.04696398 -0.03641593
v 0.05695885 0.05720824 -0.03611499
v 0.05861860 0.05489093 -0.03329020
v 0.06037914 0.04705870 -0.03197693
v 0.05990695 0.05553346 -0.02970117
v 0.06144952 0.04556131 -0.02893859
v 0.05519360 0.05374449 -0.04153496
v 0.05668801 0.04646390 -0.04295492
v 0.05552661 0.04660511 -0.04571610
v 0.04917407 0.05659341 -0.05013692
v 0.05060046 0.05037748 -0.05284219
v 0.04693239 0.05868655 -0.05179584
v 0.04693239 0.05868655 -0.05179584
v 0.04877841 0.05186671 -0.05461120
v 0.04431307 0.05952966 -0.05444419
v 0.03996539 0.06260907 -0.05674439
v 0.04431307 0.05952966 -0.05444419
v 0.04238677 0.05755233 -0.05809432
v 0.03996539 0.06260907 -0.05674439
v 0.04238677 0.05755233 -0.05809432
v 0.03913813 0.06060725 -0.05880641
v 0.03491163 0.06379210 -0.05981045
v 0.03527545 0.06540864 -0.05864733
v 0.03913813 0.06060725 -0.05880641
v 0.03913813 0.06060725 -0.05880641
v 0.03527545 0.06540864 -0.05864733
v 0.03996539 0.06260907 -0.05674439
v 0.05215591 0.04968607 -0.05045104
v 0.04917407 0.05659341 -0.05013692
v 0.05046290 0.05861818 -0.04692614
v 0.05215591 0.04968607 -0.05045104
v 0.05046290 0.05861818 -0.04692614
v 0.05276221 0.05365377 -0.04620569
v 0.05552661 0.04660511 -0.04571610
v 0.05276221 0.05365377 -0.04620569
v 0.05519360 0.05374449 -0.04153496
v 0.06095641 0.03875041 -0.03489923
v 0.05894374 0.04696398 -0.03641593
v 0.05861860 0.05489093 -0.03329020
v 0.06095641 0.03875041 -0.03489923
v 0.05861860 0.05489093 -0.03329020
v 0.06037914 0.04705870 -0.03197693
v 0.03527545 0.06540864 -0.05864733
v 0.03118735 0.06955415 -0.05909323
v 0.03408277 0.06879550 -0.05774182
v 0.03527545 0.06540864 -0.05864733
v 0.03408277 0.06879550 -0.05774182
v 0.03996539 0.06260907 -0.05674439
v 0.03996539 0.06260907 -0.05674439
v 0.03408277 0.06879550 -0.05774182
v 0.03804069 0.06673669 -0.05597132
v 0.03996539 0.06260907 -0.05674439
v 0.03804069 0.06673669 -0.05597132
v 0.04172807 0.06431961 -0.05411899
v 0.04431307 0.05952966 -0.05444419
v 0.04172807 0.06431961 -0.05411899
v 0.04580849 0.06213915 -0.05105257
v 0.04917407 0.05659341 -0.05013692
v 0.04693239 0.05868655 -0.05179584
v 0.04741317 0.06391364 -0.04820466
v 0.04917407 0.05659341 -0.05013692
v 0.04741317 0.06391364 -0.04820466
v 0.05046290 0.05861818 -0.04692614
v 0.05046290 0.05861818 -0.04692614
v 0.05182546 0.05940711 -0.04442775
v 0.05276221 0.05365377 -0.04620569
v 0.05276221 0.05365377 -0.04620569
v 0.05182546 0.05940711 -0.04442775
v 0.05519360 0.05374449 -0.04153496
v 0.05519360 0.05374449 -0.04153496
v 0.05525726 0.06035768 -0.03815138
v 0.05762279 0.04905652 -0.03874772
v 0.05762279 0.04905652 -0.03874772
v 0.05525726 0.06035768 -0.03815138
v 0.05695885 0.05720824 -0.03611499
v 0.06037914 0.04705870 -0.03197693
v 0.05861860 0.05489093 -0.03329020
v 0.05990695 0.05553346 -0.02970117
v 0.02551811 0.07198876 -0.06095051
v 0.02443212 0.07431811 -0.06084311
v 0.03118735 0.06955415 -0.05909323
v 0.03408277 0.06879550 -0.05774182
v 0.03118735 0.06955415 -0.05909323
v 0.02966398 0.07319253 -0.05873483
v 0.03408277 0.06879550 -0.05774182
v 0.02966398 0.07319253 -0.05873483
v 0.03308200 0.07213938 -0.05714142
v 0.04194808 0.07042199 -0.05118727
v 0.04517561 0.06916469 -0.04858797
v 0.04475021 0.06543260 -0.05052179
v 0.04475021 0.06543260 -0.05052179
v 0.04517561 0.06916469 -0.04858797
v 0.04741317 0.06391364 -0.04820466
v 0.04741317 0.06391364 -0.04820466
v 0.04517561 0.06916469 -0.04858797
v 0.04882913 0.06799155 -0.04491049
v 0.04741317 0.06391364 -0.04820466
v 0.04882913 0.06799155 -0.04491049
v 0.05007874 0.06387716 -0.04487109
v 0.05007874 0.06387716 -0.04487109
v 0.04882913 0.06799155 -0.04491049
v 0.05249691 0.06435555 -0.04120522
v 0.05525726 0.06035768 -0.03815138
v 0.05653613 0.06691020 -0.03375411
v 0.05848515 0.06278729 -0.03090924
v 0.05861860 0.05489093 -0.03329020
v 0.05848515 0.06278729 -0.03090924
v 0.05990695 0.05553346 -0.02970117
v 0.00423777 0.06980186 -0.06558465
v 0.00604689 0.07361590 -0.06493717
v 0.00823039 0.07090377 -0.06511914
v 0.00823039 0.07090377 -0.06511914
v 0.00604689 0.07361590 -0.06493717
v 0.01436996 0.06989395 -0.06458860
v 0.01436996 0.06989395 -0.06458860
v 0.00604689 0.07361590 -0.06493717
v 0.01177752 0.07337373 -0.06431263
v 0.01436996 0.06989395 -0.06458860
v 0.01177752 0.07337373 -0.06431263
v 0.01711326 0.07352107 -0.06326889
v 0.02443212 0.07431811 -0.06084311
v 0.02069735 0.07338297 -0.06230688
v 0.01871490 0.07795161 -0.06228864
v 0.03709894 0.06986039 -0.05531919
v 0.03590673 0.07310020 -0.05510234
v 0.03916651 0.07344800 -0.05261272
v 0.02966398 0.07319253 -0.05873483
v 0.03118735 0.06955415 -0.05909323
v 0.02443212 0.07431811 -0.06084311
v 0.02738440 0.06883758 -0.06121110
v 0.03118735 0.06955415 -0.05909323
v 0.03491163 0.06379210 -0.05981045
v 0.03913813 0.06060725 -0.05880641
v 0.04238677 0.05755233 -0.05809432
v 0.04210031 0.05591809 -0.05984956
v 0.03918385 0.05846124 -0.06044173
v 0.03677219 0.05797863 -0.06283694
v 0.03420054 0.06240385 -0.06113362
v 0.02135843 0.06811583 -0.06362289
v 0.02224570 0.06590586 -0.06434929
v 0.01635146 0.06829392 -0.06471496
v 0.01635146 0.06829392 -0.06471496
v 0.01288896 0.06724548 -0.06566703
v 0.01436996 0.06989395 -0.06458860
v 0.05441004 0.03562790 -0.06671017
v 0.05228006 0.03866982 -0.06766915
v 0.05440694 0.03630810 -0.06361478
v 0.05440694 0.03630810 -0.06361478
v 0.05228006 0.03866982 -0.06766915
v 0.05172681 0.03988498 -0.06564724
v 0.05440694 0.03630810 -0.06361478
v 0.05172681 0.03988498 -0.06564724
v 0.05303633 0.03919541 -0.06216359
v 0.05303633 0.03919541 -0.06216359
v 0.05172681 0.03988498 -0.06564724
v 0.04969543 0.04358619 -0.06353932
v 0.05303633 0.03919541 -0.06216359
v 0.04969543 0.04358619 -0.06353932
v 0.05172759 0.04213196 -0.06066977
v 0.05172759 0.04213196 -0.06066977
v 0.04969543 0.04358619 -0.06353932
v 0.04997390 0.04551756 -0.05974137
v 0.04997390 0.04551756 -0.05974137
v 0.04969543 0.04358619 -0.06353932
v 0.04717439 0.04891240 -0.06059402
v 0.04997390 0.04551756 -0.05974137
v 0.04717439 0.04891240 -0.06059402
v 0.04725474 0.05235064 -0.05658638
v 0.04725474 0.05235064 -0.05658638
v 0.04717439 0.04891240 -0.06059402
v 0.04505711 0.05408465 -0.05802935
v 0.03080165 0.05768412 -0.06801891
v 0.02807492 0.05865770 -0.06938815
v 0.02598047 0.05991297 -0.06831479
v 0.02762103 0.05947262 -0.06764632
v 0.02598047 0.05991297 -0.06831479
v 0.02422595 0.06100839 -0.06760787
v 0.02762103 0.05947262 -0.06764632
v 0.02422595 0.06100839 -0.06760787
v 0.02702230 0.06042474 -0.06668782
v 0.01213341 0.06459707 -0.06768316
v 0.00853783 0.06500530 -0.06799817
v 0.00740403 0.06563186 -0.06741374
v 0.01580816 0.06539338 -0.06620204
v 0.01288896 0.06724548 -0.06566703
v 0.01736199 0.06603062 -0.06546795
v 0.01580816 0.06539338 -0.06620204
v 0.01736199 0.06603062 -0.06546795
v 0.02012157 0.06362003 -0.06641203
v 0.02012157 0.06362003 -0.06641203
v 0.01736199 0.06603062 -0.06546795
v 0.02190268 0.06448811 -0.06523025
v 0.02012157 0.06362003 -0.06641203
v 0.02190268 0.06448811 -0.06523025
v 0.02391761 0.06258124 -0.06595587
v 0.02391761 0.06258124 -0.06595587
v 0.02190268 0.06448811 -0.06523025
v 0.02583682 0.06320208 -0.06471651
v 0.02837157 0.06065768 -0.06568312
v 0.02583682 0.06320208 -0.06471651
v 0.03002142 0.06130599 -0.06422775
v 0.03918385 0.05846124 -0.06044173
v 0.03913813 0.06060725 -0.05880641
v 0.04210031 0.05591809 -0.05984956
v 0.04505711 0.05408465 -0.05802935
v 0.04238677 0.05755233 -0.05809432
v 0.04431307 0.05952966 -0.05444419
v 0.04505711 0.05408465 -0.05802935
v 0.04431307 0.05952966 -0.05444419
v 0.04725474 0.05235064 -0.05658638
v 0.04725474 0.05235064 -0.05658638
v 0.04431307 0.05952966 -0.05444419
v 0.04877841 0.05186671 -0.05461120
v 0.04877841 0.05186671 -0.05461120
v 0.04693239 0.05868655 -0.05179584
v 0.05060046 0.05037748 -0.05284219
v 0.05060046 0.05037748 -0.05284219
v 0.04917407 0.05659341 -0.05013692
v 0.05215591 0.04968607 -0.05045104
v 0.05428320 0.04574239 -0.04949027
v 0.05215591 0.04968607 -0.05045104
v 0.05276221 0.05365377 -0.04620569
v 0.05428320 0.04574239 -0.04949027
v 0.05276221 0.05365377 -0.04620569
v 0.05552661 0.04660511 -0.04571610
v 0.05668801 0.04646390 -0.04295492
v 0.05519360 0.05374449 -0.04153496
v 0.05905807 0.03994989 -0.04108393
v 0.05905807 0.03994989 -0.04108393
v 0.05519360 0.05374449 -0.04153496
v 0.05762279 0.04905652 -0.03874772
v -0.06499624 0.00069633 -0.02342027
v -0.06488811 0.00934970 -0.02348059
v -0.06485563 0.00675666 -0.02954649
v -0.06456881 0.00758994 -0.04290771
v -0.06357139 0.01564729 -0.04323709
v -0.06388151 0.01222378 -0.04925662
v -0.04789346 0.07326203 -0.04460597
v -0.04791706 0.07780647 -0.04397755
v -0.04408973 0.07479906 -0.04818677
v -0.04408973 0.07479906 -0.04818677
v -0.04407227 0.07899212 -0.04779928
v -0.03965979 0.07852202 -0.05154985
v -0.05197668 0.07447069 -0.03945368
v -0.05149078 0.07862633 -0.03970581
v -0.04791706 0.07780647 -0.04397755
v -0.04789346 0.07326203 -0.04460597
v -0.05197668 0.07447069 -0.03945368
v -0.04791706 0.07780647 -0.04397755
v -0.04408973 0.07479906 -0.04818677
v -0.04791706 0.07780647 -0.04397755
v -0.04407227 0.07899212 -0.04779928
v -0.04011178 0.07220029 -0.05225491
v -0.04048675 0.06925135 -0.05292063
v -0.04463613 0.06891506 -0.04917347
v -0.03965979 0.07852202 -0.05154985
v -0.03982961 0.07515811 -0.05180841
v -0.04408973 0.07479906 -0.04818677
v -0.05200195 0.06374233 -0.04221332
v -0.05304360 0.06772249 -0.03932470
v -0.05103749 0.06978154 -0.04155457
v -0.05200195 0.06374233 -0.04221332
v -0.05103749 0.06978154 -0.04155457
v -0.04808336 0.06951433 -0.04530751
v -0.04463613 0.06891506 -0.04917347
v -0.04408973 0.07479906 -0.04818677
v -0.04011178 0.07220029 -0.05225491
v -0.04011178 0.07220029 -0.05225491
v -0.04408973 0.07479906 -0.04818677
v -0.03982961 0.07515811 -0.05180841
v -0.04808336 0.06951433 -0.04530751
v -0.04463613 0.06891506 -0.04917347
v -0.04843014 0.06580030 -0.04618752
v -0.04808336 0.06951433 -0.04530751
v -0.04789346 0.07326203 -0.04460597
v -0.04408973 0.07479906 -0.04818677
v -0.05643641 0.07576656 -0.03235054
v -0.05787867 0.07003003 -0.03043138
v -0.05866611 0.07725882 -0.02806895
v -0.05866611 0.07725882 -0.02806895
v -0.05787867 0.07003003 -0.03043138
v -0.05972445 0.06927400 -0.02656584
v -0.05866611 0.07725882 -0.02806895
v -0.05972445 0.06927400 -0.02656584
v -0.06082004 0.07723534 -0.02300310
v -0.05197668 0.07447069 -0.03945368
v -0.05439770 0.07766479 -0.03561604
v -0.05149078 0.07862633 -0.03970581
v -0.05976039 0.05985265 -0.02867370
v -0.05972445 0.06927400 -0.02656584
v -0.05787867 0.07003003 -0.03043138
v -0.05594515 0.06946641 -0.03423148
v -0.05787867 0.07003003 -0.03043138
v -0.05643641 0.07576656 -0.03235054
v -0.05594515 0.06946641 -0.03423148
v -0.05643641 0.07576656 -0.03235054
v -0.05439770 0.07766479 -0.03561604
v -0.05594515 0.06946641 -0.03423148
v -0.05439770 0.07766479 -0.03561604
v -0.05197668 0.07447069 -0.03945368
v -0.06274521 0.06553804 -0.01809155
v -0.06359189 0.07134330 -0.01373142
v -0.06255120 0.07649886 -0.01778924
v -0.04481434 0.06427311 -0.05103403
v -0.04511356 0.06073927 -0.05271106
v -0.04727631 0.05949330 -0.05082505
v -0.04481434 0.06427311 -0.05103403
v -0.04727631 0.05949330 -0.05082505
v -0.04889518 0.06196033 -0.04734081
v -0.04463613 0.06891506 -0.04917347
v -0.04481434 0.06427311 -0.05103403
v -0.04889518 0.06196033 -0.04734081
v -0.04463613 0.06891506 -0.04917347
v -0.04889518 0.06196033 -0.04734081
v -0.04843014 0.06580030 -0.04618752
v -0.04843014 0.06580030 -0.04618752
v -0.04889518 0.06196033 -0.04734081
v -0.05162715 0.05965346 -0.04456830
v -0.04843014 0.06580030 -0.04618752
v -0.05162715 0.05965346 -0.04456830
v -0.05200195 0.06374233 -0.04221332
v -0.05387634 0.05620348 -0.04262435
v -0.05200195 0.06374233 -0.04221332
v -0.05162715 0.05965346 -0.04456830
v -0.05304360 0.06772249 -0.03932470
v -0.05439382 0.06343150 -0.03853917
v -0.05594515 0.06946641 -0.03423148
v -0.04998666 0.05789434 -0.04811847
v -0.05162715 0.05965346 -0.04456830
v -0.04889518 0.06196033 -0.04734081
v -0.05439382 0.06343150 -0.03853917
v -0.05387634 0.05620348 -0.04262435
v -0.05719918 0.06161481 -0.03398960
v -0.05439382 0.06343150 -0.03853917
v -0.05719918 0.06161481 -0.03398960
v -0.05594515 0.06946641 -0.03423148
v -0.04998666 0.05789434 -0.04811847
v -0.04727631 0.05949330 -0.05082505
v -0.05074208 0.05338203 -0.05006021
v -0.04658436 0.05593168 -0.05437356
v -0.04727631 0.05949330 -0.05082505
v -0.04511356 0.06073927 -0.05271106
v -0.04727631 0.05949330 -0.05082505
v -0.04658436 0.05593168 -0.05437356
v -0.05074208 0.05338203 -0.05006021
v -0.05074208 0.05338203 -0.05006021
v -0.05236732 0.05449008 -0.04642498
v -0.04998666 0.05789434 -0.04811847
v -0.05418974 0.05009227 -0.04601836
v -0.05387634 0.05620348 -0.04262435
v -0.05236732 0.05449008 -0.04642498
v -0.05074208 0.05338203 -0.05006021
v -0.05315691 0.04826724 -0.04967612
v -0.05418974 0.05009227 -0.04601836
v -0.04157590 0.06121957 -0.05619156
v -0.04514771 0.05473148 -0.05733025
v -0.04658436 0.05593168 -0.05437356
v -0.04658436 0.05593168 -0.05437356
v -0.04970598 0.05183607 -0.05312001
v -0.05074208 0.05338203 -0.05006021
v -0.05669587 0.05444926 -0.03794980
v -0.05908238 0.05645602 -0.03154057
v -0.05719918 0.06161481 -0.03398960
v -0.05387634 0.05620348 -0.04262435
v -0.05669587 0.05444926 -0.03794980
v -0.05719918 0.06161481 -0.03398960
v -0.05976039 0.05985265 -0.02867370
v -0.05719918 0.06161481 -0.03398960
v -0.05908238 0.05645602 -0.03154057
v -0.06170278 0.06423115 -0.02197605
v -0.06122612 0.05516266 -0.02593690
v -0.06242710 0.05437409 -0.02183169
v -0.05387634 0.05620348 -0.04262435
v -0.05418974 0.05009227 -0.04601836
v -0.05669587 0.05444926 -0.03794980
v -0.05669587 0.05444926 -0.03794980
v -0.05418974 0.05009227 -0.04601836
v -0.05679041 0.04660058 -0.04251450
v -0.05669587 0.05444926 -0.03794980
v -0.05679041 0.04660058 -0.04251450
v -0.05910176 0.05093139 -0.03390038
v -0.05910176 0.05093139 -0.03390038
v -0.05679041 0.04660058 -0.04251450
v -0.05909281 0.04456204 -0.03748571
v -0.05910176 0.05093139 -0.03390038
v -0.05909281 0.04456204 -0.03748571
v -0.06122630 0.04709511 -0.02913349
v -0.05236732 0.05449008 -0.04642498
v -0.05074208 0.05338203 -0.05006021
v -0.05418974 0.05009227 -0.04601836
v -0.06122630 0.04709511 -0.02913349
v -0.05909281 0.04456204 -0.03748571
v -0.06103599 0.04125303 -0.03295594
v -0.06191778 0.04896146 -0.02573531
v -0.06298780 0.03905266 -0.02509498
v -0.06242710 0.05437409 -0.02183169
v -0.06242710 0.05437409 -0.02183169
v -0.06298780 0.03905266 -0.02509498
v -0.06343322 0.04713958 -0.01921534
v -0.06274521 0.06553804 -0.01809155
v -0.06170278 0.06423115 -0.02197605
v -0.06242710 0.05437409 -0.02183169
v -0.06274521 0.06553804 -0.01809155
v -0.06242710 0.05437409 -0.02183169
v -0.06343322 0.04713958 -0.01921534
v -0.06274521 0.06553804 -0.01809155
v -0.06343322 0.04713958 -0.01921534
v -0.06375712 0.05847203 -0.01460325
v -0.06375712 0.05847203 -0.01460325
v -0.06343322 0.04713958 -0.01921534
v -0.06407427 0.04225862 -0.01641225
v -0.05387634 0.05620348 -0.04262435
v -0.05162715 0.05965346 -0.04456830
v -0.05236732 0.05449008 -0.04642498
v -0.05236732 0.05449008 -0.04642498
v -0.05162715 0.05965346 -0.04456830
v -0.04998666 0.05789434 -0.04811847
v -0.06375712 0.05847203 -0.01460325
v -0.06359189 0.07134330 -0.01373142
v -0.06274521 0.06553804 -0.01809155
v -0.06170278 0.06423115 -0.02197605
v -0.06274521 0.06553804 -0.01809155
v -0.06255120 0.07649886 -0.01778924
v -0.06170278 0.06423115 -0.02197605
v -0.06255120 0.07649886 -0.01778924
v -0.06082004 0.07723534 -0.02300310
v -0.06170278 0.06423115 -0.02197605
v -0.06082004 0.07723534 -0.02300310
v -0.05972445 0.06927400 -0.02656584
v -0.06170278 0.06423115 -0.02197605
v -0.05972445 0.06927400 -0.02656584
v -0.05976039 0.05985265 -0.02867370
v -0.06170278 0.06423115 -0.02197605
v -0.05976039 0.05985265 -0.02867370
v -0.06122612 0.05516266 -0.02593690
v -0.06122612 0.05516266 -0.02593690
v -0.05976039 0.05985265 -0.02867370
v -0.05908238 0.05645602 -0.03154057
v -0.05668163 0.03319633 -0.05989581
v -0.05866938 0.02888023 -0.05916440
v -0.05867499 0.03082805 -0.05423146
v -0.05866938 0.02888023 -0.05916440
v -0.06076759 0.02319175 -0.06008750
v -0.06110846 0.02253299 -0.05737102
v -0.05866938 0.02888023 -0.05916440
v -0.06110846 0.02253299 -0.05737102
v -0.05867499 0.03082805 -0.05423146
v -0.05936664 0.03066593 -0.05056262
v -0.06151133 0.02241098 -0.05261766
v -0.06204134 0.02111274 -0.05028080
v -0.05936664 0.03066593 -0.05056262
v -0.06204134 0.02111274 -0.05028080
v -0.06022524 0.02960985 -0.04757559
v -0.05867499 0.03082805 -0.05423146
v -0.06110846 0.02253299 -0.05737102
v -0.06151133 0.02241098 -0.05261766
v -0.05867499 0.03082805 -0.05423146
v -0.06151133 0.02241098 -0.05261766
v -0.05936664 0.03066593 -0.05056262
v -0.06122630 0.04709511 -0.02913349
v -0.06103599 0.04125303 -0.03295594
v -0.06265300 0.03254199 -0.03108596
v -0.06107318 0.02886593 -0.04376178
v -0.06132662 0.03208971 -0.03883647
v -0.06022524 0.02960985 -0.04757559
v -0.06107318 0.02886593 -0.04376178
v -0.06206005 0.02384018 -0.04434752
v -0.06132662 0.03208971 -0.03883647
v -0.06298780 0.03905266 -0.02509498
v -0.06122630 0.04709511 -0.02913349
v -0.06265300 0.03254199 -0.03108596
v -0.06407427 0.04225862 -0.01641225
v -0.06343322 0.04713958 -0.01921534
v -0.06381553 0.03291296 -0.02279031
v -0.06343322 0.04713958 -0.01921534
v -0.06298780 0.03905266 -0.02509498
v -0.06381553 0.03291296 -0.02279031
v -0.04970598 0.05183607 -0.05312001
v -0.04832011 0.05071282 -0.05655193
v -0.05056434 0.04724729 -0.05618935
v -0.04970598 0.05183607 -0.05312001
v -0.05056434 0.04724729 -0.05618935
v -0.05208730 0.04689949 -0.05335813
v -0.05679041 0.04660058 -0.04251450
v -0.05574470 0.04370945 -0.04785829
v -0.05849993 0.03970944 -0.04327219
v -0.05679041 0.04660058 -0.04251450
v -0.05849993 0.03970944 -0.04327219
v -0.05909281 0.04456204 -0.03748571
v -0.05909281 0.04456204 -0.03748571
v -0.05849993 0.03970944 -0.04327219
v -0.06054157 0.03719729 -0.03784549
v -0.05909281 0.04456204 -0.03748571
v -0.06054157 0.03719729 -0.03784549
v -0.06103599 0.04125303 -0.03295594
v -0.06298780 0.03905266 -0.02509498
v -0.06265300 0.03254199 -0.03108596
v -0.06364828 0.02625972 -0.02875554
v -0.06298780 0.03905266 -0.02509498
v -0.06364828 0.02625972 -0.02875554
v -0.06381553 0.03291296 -0.02279031
v -0.06103599 0.04125303 -0.03295594
v -0.06132662 0.03208971 -0.03883647
v -0.06278693 0.02591753 -0.03599613
v -0.06103599 0.04125303 -0.03295594
v -0.06278693 0.02591753 -0.03599613
v -0.06265300 0.03254199 -0.03108596
v -0.06265300 0.03254199 -0.03108596
v -0.06278693 0.02591753 -0.03599613
v -0.06363415 0.02068769 -0.03417706
v -0.06265300 0.03254199 -0.03108596
v -0.06363415 0.02068769 -0.03417706
v -0.06364828 0.02625972 -0.02875554
v -0.06381553 0.03291296 -0.02279031
v -0.06454437 0.02511185 -0.01863259
v -0.06407427 0.04225862 -0.01641225
v -0.05458730 0.04225111 -0.05250996
v -0.05366921 0.04084628 -0.05710268
v -0.05640393 0.03595530 -0.05541753
v -0.05458730 0.04225111 -0.05250996
v -0.05640393 0.03595530 -0.05541753
v -0.05675441 0.03809720 -0.05099052
v -0.05905967 0.03579241 -0.04516530
v -0.05675441 0.03809720 -0.05099052
v -0.05936664 0.03066593 -0.05056262
v -0.05905967 0.03579241 -0.04516530
v -0.05936664 0.03066593 -0.05056262
v -0.06022524 0.02960985 -0.04757559
v -0.05905967 0.03579241 -0.04516530
v -0.06022524 0.02960985 -0.04757559
v -0.06132662 0.03208971 -0.03883647
v -0.06364828 0.02625972 -0.02875554
v -0.06363415 0.02068769 -0.03417706
v -0.06429195 0.02030229 -0.02654790
v -0.06278693 0.02591753 -0.03599613
v -0.06206005 0.02384018 -0.04434752
v -0.06357139 0.01564729 -0.04323709
v -0.06278693 0.02591753 -0.03599613
v -0.06357139 0.01564729 -0.04323709
v -0.06363415 0.02068769 -0.03417706
v -0.06110846 0.02253299 -0.05737102
v -0.06270825 0.01717728 -0.05604606
v -0.06151133 0.02241098 -0.05261766
v -0.06204134 0.02111274 -0.05028080
v -0.06388151 0.01222378 -0.04925662
v -0.06277227 0.01916921 -0.04644250
v -0.06151133 0.02241098 -0.05261766
v -0.06342542 0.01435047 -0.05227750
v -0.06204134 0.02111274 -0.05028080
v -0.06204134 0.02111274 -0.05028080
v -0.06342542 0.01435047 -0.05227750
v -0.06388151 0.01222378 -0.04925662
v -0.06151133 0.02241098 -0.05261766
v -0.06270825 0.01717728 -0.05604606
v -0.06342542 0.01435047 -0.05227750
v -0.06388151 0.01222378 -0.04925662
v -0.06357139 0.01564729 -0.04323709
v -0.06277227 0.01916921 -0.04644250
v -0.06470888 0.00707012 -0.03660368
v -0.06363415 0.02068769 -0.03417706
v -0.06456881 0.00758994 -0.04290771
v -0.06277227 0.01916921 -0.04644250
v -0.06206005 0.02384018 -0.04434752
v -0.06204134 0.02111274 -0.05028080
v -0.06204134 0.02111274 -0.05028080
v -0.06206005 0.02384018 -0.04434752
v -0.06022524 0.02960985 -0.04757559
v -0.06456881 0.00758994 -0.04290771
v -0.06363415 0.02068769 -0.03417706
v -0.06357139 0.01564729 -0.04323709
v -0.06277227 0.01916921 -0.04644250
v -0.06357139 0.01564729 -0.04323709
v -0.06206005 0.02384018 -0.04434752
v -0.05056434 0.04724729 -0.05618935
v -0.05366921 0.04084628 -0.05710268
v -0.05208730 0.04689949 -0.05335813
v -0.05208730 0.04689949 -0.05335813
v -0.05366921 0.04084628 -0.05710268
v -0.05458730 0.04225111 -0.05250996
v -0.06429195 0.02030229 -0.02654790
v -0.06470888 0.00707012 -0.03660368
v -0.06485563 0.00675666 -0.02954649
v -0.06485563 0.00675666 -0.02954649
v -0.06488811 0.00934970 -0.02348059
v -0.06429195 0.02030229 -0.02654790
v -0.06429195 0.02030229 -0.02654790
v -0.06488811 0.00934970 -0.02348059
v -0.06454437 0.02511185 -0.01863259
v -0.01314640 0.06857967 -0.06514137
v -0.01314312 0.06648743 -0.06599700
v -0.01737970 0.06687998 -0.06505388
v -0.01737970 0.06687998 -0.06505388
v -0.01314312 0.06648743 -0.06599700
v -0.01626372 0.06580215 -0.06583571
v 0.00162506 0.06693744 -0.06673419
v -0.00522858 0.06733560 -0.06637191
v 0.00036349 0.06899535 -0.06587690
v -0.00853217 0.06785726 -0.06592136
v -0.01314312 0.06648743 -0.06599700
v -0.01314640 0.06857967 -0.06514137
v -0.00853217 0.06785726 -0.06592136
v -0.01314640 0.06857967 -0.06514137
v -0.00911969 0.06908839 -0.06544834
v -0.00522858 0.06733560 -0.06637191
v -0.01057142 0.06597763 -0.06669157
v -0.00853217 0.06785726 -0.06592136
v -0.00457215 0.07000416 -0.06552904
v 0.00036349 0.06899535 -0.06587690
v -0.00522858 0.06733560 -0.06637191
v -0.00457215 0.07000416 -0.06552904
v -0.00522858 0.06733560 -0.06637191
v -0.00853217 0.06785726 -0.06592136
v -0.00853217 0.06785726 -0.06592136
v -0.01057142 0.06597763 -0.06669157
v -0.01314312 0.06648743 -0.06599700
v -0.01626372 0.06580215 -0.06583571
v -0.01924008 0.06430333 -0.06611579
v -0.01737970 0.06687998 -0.06505388
v -0.01924008 0.06430333 -0.06611579
v -0.02354401 0.06394183 -0.06506395
v -0.01737970 0.06687998 -0.06505388
v -0.01737970 0.06687998 -0.06505388
v -0.02354401 0.06394183 -0.06506395
v -0.02163827 0.06624150 -0.06434452
v -0.02713567 0.06167328 -0.06535166
v -0.02847009 0.06318992 -0.06363946
v -0.02354401 0.06394183 -0.06506395
v -0.03116250 0.06450623 -0.06153517
v -0.02669048 0.06551420 -0.06300091
v -0.03227818 0.06186950 -0.06261926
v -0.03654211 0.05999398 -0.06130892
v -0.03116250 0.06450623 -0.06153517
v -0.03227818 0.06186950 -0.06261926
v -0.03654211 0.05999398 -0.06130892
v -0.03227818 0.06186950 -0.06261926
v -0.03772342 0.05740553 -0.06260520
v -0.06103599 0.04125303 -0.03295594
v -0.06054157 0.03719729 -0.03784549
v -0.06132662 0.03208971 -0.03883647
v -0.06132662 0.03208971 -0.03883647
v -0.06054157 0.03719729 -0.03784549
v -0.05905967 0.03579241 -0.04516530
v -0.05905967 0.03579241 -0.04516530
v -0.06054157 0.03719729 -0.03784549
v -0.05849993 0.03970944 -0.04327219
v -0.05905967 0.03579241 -0.04516530
v -0.05849993 0.03970944 -0.04327219
v -0.05675441 0.03809720 -0.05099052
v -0.05675441 0.03809720 -0.05099052
v -0.05849993 0.03970944 -0.04327219
v -0.05574470 0.04370945 -0.04785829
v -0.05675441 0.03809720 -0.05099052
v -0.05574470 0.04370945 -0.04785829
v -0.05458730 0.04225111 -0.05250996
v -0.04514771 0.05473148 -0.05733025
v -0.04149729 0.05844110 -0.05830800
v -0.04498386 0.05225741 -0.06002193
v -0.05315691 0.04826724 -0.04967612
v -0.05208730 0.04689949 -0.05335813
v -0.05458730 0.04225111 -0.05250996
v -0.05315691 0.04826724 -0.04967612
v -0.05458730 0.04225111 -0.05250996
v -0.05574470 0.04370945 -0.04785829
v -0.06381553 0.03291296 -0.02279031
v -0.06364828 0.02625972 -0.02875554
v -0.06429195 0.02030229 -0.02654790
v -0.06381553 0.03291296 -0.02279031
v -0.06429195 0.02030229 -0.02654790
v -0.06454437 0.02511185 -0.01863259
v -0.04832011 0.05071282 -0.05655193
v -0.04944437 0.04614156 -0.05995661
v -0.05223608 0.04196316 -0.05948287
v -0.04832011 0.05071282 -0.05655193
v -0.05223608 0.04196316 -0.05948287
v -0.05056434 0.04724729 -0.05618935
v -0.04149729 0.05844110 -0.05830800
v -0.04247194 0.05469012 -0.06063163
v -0.04498386 0.05225741 -0.06002193
v -0.04514771 0.05473148 -0.05733025
v -0.04498386 0.05225741 -0.06002193
v -0.04716426 0.04906117 -0.06035131
v -0.04832011 0.05071282 -0.05655193
v -0.04716426 0.04906117 -0.06035131
v -0.04944437 0.04614156 -0.05995661
v -0.04514771 0.05473148 -0.05733025
v -0.04716426 0.04906117 -0.06035131
v -0.04832011 0.05071282 -0.05655193
v -0.03520119 0.05847465 -0.06352853
v -0.03772342 0.05740553 -0.06260520
v -0.03227818 0.06186950 -0.06261926
v -0.02382040 0.06689083 -0.06337535
v -0.01904153 0.06870251 -0.06400406
v -0.02163827 0.06624150 -0.06434452
v -0.02669048 0.06551420 -0.06300091
v -0.02163827 0.06624150 -0.06434452
v -0.02847009 0.06318992 -0.06363946
v -0.02847009 0.06318992 -0.06363946
v -0.03193742 0.05973678 -0.06449472
v -0.03520119 0.05847465 -0.06352853
v -0.02669048 0.06551420 -0.06300091
v -0.02847009 0.06318992 -0.06363946
v -0.03227818 0.06186950 -0.06261926
v -0.02354401 0.06394183 -0.06506395
v -0.02414977 0.06248682 -0.06595212
v -0.02713567 0.06167328 -0.06535166
v -0.02713567 0.06167328 -0.06535166
v -0.02944451 0.05950725 -0.06626069
v -0.03193742 0.05973678 -0.06449472
v -0.02944451 0.05950725 -0.06626069
v -0.02713567 0.06167328 -0.06535166
v -0.02414977 0.06248682 -0.06595212
v -0.03400123 0.05719572 -0.06574124
v -0.03193742 0.05973678 -0.06449472
v -0.02944451 0.05950725 -0.06626069
v -0.01904153 0.06870251 -0.06400406
v -0.01385337 0.06981521 -0.06468486
v -0.01737970 0.06687998 -0.06505388
v -0.01904153 0.06870251 -0.06400406
v -0.01737970 0.06687998 -0.06505388
v -0.02163827 0.06624150 -0.06434452
v -0.02163827 0.06624150 -0.06434452
v -0.02354401 0.06394183 -0.06506395
v -0.02847009 0.06318992 -0.06363946
v -0.02847009 0.06318992 -0.06363946
v -0.02713567 0.06167328 -0.06535166
v -0.03193742 0.05973678 -0.06449472
v -0.03835970 0.06073158 -0.05934470
v -0.03654211 0.05999398 -0.06130892
v -0.04081290 0.05513161 -0.06195908
v -0.04081290 0.05513161 -0.06195908
v -0.03654211 0.05999398 -0.06130892
v -0.03772342 0.05740553 -0.06260520
v -0.05366921 0.04084628 -0.05710268
v -0.05223608 0.04196316 -0.05948287
v -0.05488312 0.03669077 -0.06022948
v -0.04498386 0.05225741 -0.06002193
v -0.04733765 0.04711461 -0.06284540
v -0.04716426 0.04906117 -0.06035131
v -0.05640393 0.03595530 -0.05541753
v -0.05668163 0.03319633 -0.05989581
v -0.05867499 0.03082805 -0.05423146
v -0.05366921 0.04084628 -0.05710268
v -0.05488312 0.03669077 -0.06022948
v -0.05640393 0.03595530 -0.05541753
v -0.05675441 0.03809720 -0.05099052
v -0.05640393 0.03595530 -0.05541753
v -0.05867499 0.03082805 -0.05423146
v -0.05675441 0.03809720 -0.05099052
v -0.05867499 0.03082805 -0.05423146
v -0.05936664 0.03066593 -0.05056262
v -0.03868228 0.05497622 -0.06430923
v -0.04081290 0.05513161 -0.06195908
v -0.03772342 0.05740553 -0.06260520
v -0.03520119 0.05847465 -0.06352853
v -0.03227818 0.06186950 -0.06261926
v -0.02847009 0.06318992 -0.06363946
v -0.05223608 0.04196316 -0.05948287
v -0.05204761 0.04040062 -0.06296914
v -0.05405747 0.03727340 -0.06249094
v -0.04747527 0.04575806 -0.06495481
v -0.04733765 0.04711461 -0.06284540
v -0.04437416 0.05006229 -0.06364083
v -0.04247194 0.05469012 -0.06063163
v -0.04437416 0.05006229 -0.06364083
v -0.04498386 0.05225741 -0.06002193
v -0.04498386 0.05225741 -0.06002193
v -0.04437416 0.05006229 -0.06364083
v -0.04733765 0.04711461 -0.06284540
v -0.04944437 0.04614156 -0.05995661
v -0.05204761 0.04040062 -0.06296914
v -0.05223608 0.04196316 -0.05948287
v -0.05488312 0.03669077 -0.06022948
v -0.05668163 0.03319633 -0.05989581
v -0.05640393 0.03595530 -0.05541753
v -0.02382040 0.06689083 -0.06337535
v -0.02163827 0.06624150 -0.06434452
v -0.02669048 0.06551420 -0.06300091
v -0.03520119 0.05847465 -0.06352853
v -0.03868228 0.05497622 -0.06430923
v -0.03772342 0.05740553 -0.06260520
v -0.03868228 0.05497622 -0.06430923
v -0.03769165 0.05485510 -0.06540608
v -0.04068499 0.05237025 -0.06549519
v -0.05056434 0.04724729 -0.05618935
v -0.05223608 0.04196316 -0.05948287
v -0.05366921 0.04084628 -0.05710268
v 0.00162506 0.06693744 -0.06673419
v -0.00081116 0.06571197 -0.06780534
v -0.00254738 0.06651467 -0.06698274
v -0.01057142 0.06597763 -0.06669157
v -0.00635523 0.06582075 -0.06732481
v -0.01004093 0.06510168 -0.06756150
v -0.00635523 0.06582075 -0.06732481
v -0.00471085 0.06541621 -0.06798726
v -0.00950485 0.06477481 -0.06817561
v -0.00635523 0.06582075 -0.06732481
v -0.00950485 0.06477481 -0.06817561
v -0.01004093 0.06510168 -0.06756150
v -0.01004093 0.06510168 -0.06756150
v -0.00950485 0.06477481 -0.06817561
v -0.01398098 0.06410014 -0.06784427
v -0.01573169 0.06443893 -0.06693363
v -0.01398098 0.06410014 -0.06784427
v -0.01785343 0.06297248 -0.06807851
v -0.01573169 0.06443893 -0.06693363
v -0.01785343 0.06297248 -0.06807851
v -0.02085298 0.06249564 -0.06728130
v -0.00254738 0.06651467 -0.06698274
v -0.00081116 0.06571197 -0.06780534
v -0.00471085 0.06541621 -0.06798726
v -0.00254738 0.06651467 -0.06698274
v -0.00471085 0.06541621 -0.06798726
v -0.00635523 0.06582075 -0.06732481
v -0.01057142 0.06597763 -0.06669157
v -0.01004093 0.06510168 -0.06756150
v -0.01398098 0.06410014 -0.06784427
v -0.01057142 0.06597763 -0.06669157
v -0.01398098 0.06410014 -0.06784427
v -0.01573169 0.06443893 -0.06693363
v -0.00295037 0.06494945 -0.06960397
v 0.00093028 0.06520807 -0.06868827
v 0.00083377 0.06501126 -0.06964588
v -0.01573169 0.06443893 -0.06693363
v -0.01924008 0.06430333 -0.06611579
v -0.01626372 0.06580215 -0.06583571
v -0.01573169 0.06443893 -0.06693363
v -0.01626372 0.06580215 -0.06583571
v -0.01314312 0.06648743 -0.06599700
v -0.02085298 0.06249564 -0.06728130
v -0.02481955 0.06141573 -0.06672465
v -0.01924008 0.06430333 -0.06611579
v -0.02944451 0.05950725 -0.06626069
v -0.02481955 0.06141573 -0.06672465
v -0.02973693 0.05852437 -0.06742697
v -0.02481955 0.06141573 -0.06672465
v -0.02944451 0.05950725 -0.06626069
v -0.02414977 0.06248682 -0.06595212
v -0.02481955 0.06141573 -0.06672465
v -0.02414977 0.06248682 -0.06595212
v -0.01924008 0.06430333 -0.06611579
v -0.01314312 0.06648743 -0.06599700
v -0.01057142 0.06597763 -0.06669157
v -0.01573169 0.06443893 -0.06693363
v -0.03193742 0.05973678 -0.06449472
v -0.03400123 0.05719572 -0.06574124
v -0.03769165 0.05485510 -0.06540608
v -0.04068499 0.05237025 -0.06549519
v -0.03769165 0.05485510 -0.06540608
v -0.04094535 0.05107367 -0.06737494
v -0.03400123 0.05719572 -0.06574124
v -0.02944451 0.05950725 -0.06626069
v -0.03349632 0.05672878 -0.06683307
v -0.02944451 0.05950725 -0.06626069
v -0.02973693 0.05852437 -0.06742697
v -0.03349632 0.05672878 -0.06683307
v -0.03069001 0.05755281 -0.06845366
v -0.02973693 0.05852437 -0.06742697
v -0.02559119 0.06044358 -0.06759941
v -0.00522858 0.06733560 -0.06637191
v -0.00635523 0.06582075 -0.06732481
v -0.01057142 0.06597763 -0.06669157
v -0.01924008 0.06430333 -0.06611579
v -0.01573169 0.06443893 -0.06693363
v -0.02085298 0.06249564 -0.06728130
v -0.02189445 0.06143796 -0.06858301
v -0.02085298 0.06249564 -0.06728130
v -0.01785343 0.06297248 -0.06807851
v -0.00286144 0.06516814 -0.06868022
v -0.00471085 0.06541621 -0.06798726
v -0.00081116 0.06571197 -0.06780534
v -0.02414977 0.06248682 -0.06595212
v -0.02354401 0.06394183 -0.06506395
v -0.01924008 0.06430333 -0.06611579
v -0.01385337 0.06981521 -0.06468486
v -0.01314640 0.06857967 -0.06514137
v -0.01737970 0.06687998 -0.06505388
v -0.03520119 0.05847465 -0.06352853
v -0.03193742 0.05973678 -0.06449472
v -0.03769165 0.05485510 -0.06540608
v -0.03520119 0.05847465 -0.06352853
v -0.03769165 0.05485510 -0.06540608
v -0.03868228 0.05497622 -0.06430923
v -0.03868228 0.05497622 -0.06430923
v -0.04068499 0.05237025 -0.06549519
v -0.04208326 0.05152899 -0.06484758
v -0.03868228 0.05497622 -0.06430923
v -0.04208326 0.05152899 -0.06484758
v -0.04081290 0.05513161 -0.06195908
v -0.04081290 0.05513161 -0.06195908
v -0.04437416 0.05006229 -0.06364083
v -0.04247194 0.05469012 -0.06063163
v -0.04081290 0.05513161 -0.06195908
v -0.04247194 0.05469012 -0.06063163
v -0.03835970 0.06073158 -0.05934470
v -0.03835970 0.06073158 -0.05934470
v -0.04247194 0.05469012 -0.06063163
v -0.04149729 0.05844110 -0.05830800
v -0.05204761 0.04040062 -0.06296914
v -0.04716426 0.04906117 -0.06035131
v -0.05052745 0.04198145 -0.06452101
v -0.05052745 0.04198145 -0.06452101
v -0.04716426 0.04906117 -0.06035131
v -0.04733765 0.04711461 -0.06284540
v -0.04208326 0.05152899 -0.06484758
v -0.04515552 0.04756921 -0.06646126
v -0.04437416 0.05006229 -0.06364083
v -0.03769165 0.05485510 -0.06540608
v -0.03771919 0.05365139 -0.06720691
v -0.04094535 0.05107367 -0.06737494
v -0.04208326 0.05152899 -0.06484758
v -0.04068499 0.05237025 -0.06549519
v -0.04349815 0.04902321 -0.06695854
v -0.04208326 0.05152899 -0.06484758
v -0.04349815 0.04902321 -0.06695854
v -0.04515552 0.04756921 -0.06646126
v -0.04747527 0.04575806 -0.06495481
v -0.04437416 0.05006229 -0.06364083
v -0.04515552 0.04756921 -0.06646126
v -0.04747527 0.04575806 -0.06495481
v -0.04515552 0.04756921 -0.06646126
v -0.04718387 0.04549080 -0.06625729
v -0.05052745 0.04198145 -0.06452101
v -0.04733765 0.04711461 -0.06284540
v -0.04747527 0.04575806 -0.06495481
v -0.04349815 0.04902321 -0.06695854
v -0.04068499 0.05237025 -0.06549519
v -0.04094535 0.05107367 -0.06737494
v -0.02548420 0.06003534 -0.06854790
v -0.02559119 0.06044358 -0.06759941
v -0.02085298 0.06249564 -0.06728130
v -0.02548420 0.06003534 -0.06854790
v -0.02085298 0.06249564 -0.06728130
v -0.02189445 0.06143796 -0.06858301
v -0.00286144 0.06516814 -0.06868022
v -0.00081116 0.06571197 -0.06780534
v 0.00093028 0.06520807 -0.06868827
v -0.03418493 0.05549782 -0.06852936
v -0.02973693 0.05852437 -0.06742697
v -0.03069001 0.05755281 -0.06845366
v -0.01461333 0.06346780 -0.06895005
v -0.01398098 0.06410014 -0.06784427
v -0.00950485 0.06477481 -0.06817561
v -0.00950485 0.06477481 -0.06817561
v -0.00471085 0.06541621 -0.06798726
v -0.00696671 0.06467372 -0.06924384
v -0.00696671 0.06467372 -0.06924384
v -0.00471085 0.06541621 -0.06798726
v -0.00286144 0.06516814 -0.06868022
v -0.03069001 0.05755281 -0.06845366
v -0.02559119 0.06044358 -0.06759941
v -0.02980256 0.05781126 -0.06926643
v -0.02980256 0.05781126 -0.06926643
v -0.02559119 0.06044358 -0.06759941
v -0.02548420 0.06003534 -0.06854790
v -0.01842844 0.06245785 -0.06896716
v -0.01785343 0.06297248 -0.06807851
v -0.01398098 0.06410014 -0.06784427
v -0.01100862 0.06409889 -0.06931531
v -0.00950485 0.06477481 -0.06817561
v -0.00696671 0.06467372 -0.06924384
v -0.04013210 0.05114990 -0.06945544
v -0.03771919 0.05365139 -0.06720691
v -0.03525161 0.05503410 -0.06793433
v -0.02189445 0.06143796 -0.06858301
v -0.01785343 0.06297248 -0.06807851
v -0.01842844 0.06245785 -0.06896716
v -0.01842844 0.06245785 -0.06896716
v -0.01398098 0.06410014 -0.06784427
v -0.01461333 0.06346780 -0.06895005
v -0.01461333 0.06346780 -0.06895005
v -0.00950485 0.06477481 -0.06817561
v -0.01100862 0.06409889 -0.06931531
v -0.04309999 0.04867660 -0.06947034
v -0.04094535 0.05107367 -0.06737494
v -0.03771919 0.05365139 -0.06720691
v -0.04309999 0.04867660 -0.06947034
v -0.03771919 0.05365139 -0.06720691
v -0.04013210 0.05114990 -0.06945544
v -0.04013210 0.05114990 -0.06945544
v -0.03525161 0.05503410 -0.06793433
v -0.03637784 0.05389994 -0.06944239
v -0.03637784 0.05389994 -0.06944239
v -0.03525161 0.05503410 -0.06793433
v -0.03418493 0.05549782 -0.06852936
v -0.03345251 0.05576103 -0.06940716
v -0.03418493 0.05549782 -0.06852936
v -0.03069001 0.05755281 -0.06845366
v -0.00522858 0.06733560 -0.06637191
v 0.00162506 0.06693744 -0.06673419
v -0.00254738 0.06651467 -0.06698274
v -0.03349632 0.05672878 -0.06683307
v -0.02973693 0.05852437 -0.06742697
v -0.03418493 0.05549782 -0.06852936
v -0.03349632 0.05672878 -0.06683307
v -0.03418493 0.05549782 -0.06852936
v -0.03525161 0.05503410 -0.06793433
v -0.04483610 0.04728615 -0.06825256
v -0.04094535 0.05107367 -0.06737494
v -0.04309999 0.04867660 -0.06947034
v -0.02980256 0.05781126 -0.06926643
v -0.02548420 0.06003534 -0.06854790
v -0.02824586 0.05855751 -0.06962931
v -0.02075392 0.06161999 -0.06952750
v -0.02189445 0.06143796 -0.06858301
v -0.01842844 0.06245785 -0.06896716
v -0.00696671 0.06467372 -0.06924384
v -0.00286144 0.06516814 -0.06868022
v -0.00295037 0.06494945 -0.06960397
v -0.00295037 0.06494945 -0.06960397
v -0.00286144 0.06516814 -0.06868022
v 0.00093028 0.06520807 -0.06868827
v -0.04094535 0.05107367 -0.06737494
v -0.04483610 0.04728615 -0.06825256
v -0.04349815 0.04902321 -0.06695854
v -0.04349815 0.04902321 -0.06695854
v -0.04483610 0.04728615 -0.06825256
v -0.04515552 0.04756921 -0.06646126
v -0.04515552 0.04756921 -0.06646126
v -0.04932355 0.04259592 -0.06745284
v -0.04718387 0.04549080 -0.06625729
v -0.05668163 0.03319633 -0.05989581
v -0.05488312 0.03669077 -0.06022948
v -0.05876702 0.02784854 -0.06341993
v -0.05876702 0.02784854 -0.06341993
v -0.05488312 0.03669077 -0.06022948
v -0.05699974 0.03135848 -0.06440812
v -0.05411797 0.03637385 -0.06508219
v -0.05204761 0.04040062 -0.06296914
v -0.05052745 0.04198145 -0.06452101
v -0.05271548 0.03808867 -0.06727468
v -0.04747527 0.04575806 -0.06495481
v -0.04932355 0.04259592 -0.06745284
v -0.04924893 0.04245477 -0.06907248
v -0.04932355 0.04259592 -0.06745284
v -0.04515552 0.04756921 -0.06646126
v -0.04924893 0.04245477 -0.06907248
v -0.04515552 0.04756921 -0.06646126
v -0.04483610 0.04728615 -0.06825256
v -0.02075392 0.06161999 -0.06952750
v -0.02456939 0.06019616 -0.06960076
v -0.02189445 0.06143796 -0.06858301
v -0.02189445 0.06143796 -0.06858301
v -0.02456939 0.06019616 -0.06960076
v -0.02548420 0.06003534 -0.06854790
v -0.02548420 0.06003534 -0.06854790
v -0.02456939 0.06019616 -0.06960076
v -0.02824586 0.05855751 -0.06962931
v -0.02980256 0.05781126 -0.06926643
v -0.03345251 0.05576103 -0.06940716
v -0.03069001 0.05755281 -0.06845366
v -0.04309999 0.04867660 -0.06947034
v -0.04611963 0.04582059 -0.06944429
v -0.04483610 0.04728615 -0.06825256
v -0.04483610 0.04728615 -0.06825256
v -0.04611963 0.04582059 -0.06944429
v -0.04924893 0.04245477 -0.06907248
v -0.04924893 0.04245477 -0.06907248
v -0.05271548 0.03808867 -0.06727468
v -0.04932355 0.04259592 -0.06745284
v -0.05411797 0.03637385 -0.06508219
v -0.05529505 0.03422635 -0.06650078
v -0.05699974 0.03135848 -0.06440812
v -0.05866938 0.02888023 -0.05916440
v -0.05876702 0.02784854 -0.06341993
v -0.06076759 0.02319175 -0.06008750
v -0.06022524 0.02960985 -0.04757559
v -0.06206005 0.02384018 -0.04434752
v -0.06107318 0.02886593 -0.04376178
v -0.06132662 0.03208971 -0.03883647
v -0.06206005 0.02384018 -0.04434752
v -0.06278693 0.02591753 -0.03599613
v -0.06429195 0.02030229 -0.02654790
v -0.06363415 0.02068769 -0.03417706
v -0.06470888 0.00707012 -0.03660368
v -0.05271548 0.03808867 -0.06727468
v -0.05529505 0.03422635 -0.06650078
v -0.05411797 0.03637385 -0.06508219
v -0.05411797 0.03637385 -0.06508219
v -0.05052745 0.04198145 -0.06452101
v -0.05271548 0.03808867 -0.06727468
v -0.03637784 0.05389994 -0.06944239
v -0.03418493 0.05549782 -0.06852936
v -0.03345251 0.05576103 -0.06940716
v -0.02075392 0.06161999 -0.06952750
v -0.01842844 0.06245785 -0.06896716
v -0.01580750 0.06306993 -0.06984776
v -0.05699974 0.03135848 -0.06440812
v -0.05488312 0.03669077 -0.06022948
v -0.05405747 0.03727340 -0.06249094
v -0.05405747 0.03727340 -0.06249094
v -0.05204761 0.04040062 -0.06296914
v -0.05411797 0.03637385 -0.06508219
v -0.05271548 0.03808867 -0.06727468
v -0.05052745 0.04198145 -0.06452101
v -0.04747527 0.04575806 -0.06495481
v -0.04747527 0.04575806 -0.06495481
v -0.04718387 0.04549080 -0.06625729
v -0.04932355 0.04259592 -0.06745284
v -0.05411797 0.03637385 -0.06508219
v -0.05699974 0.03135848 -0.06440812
v -0.05405747 0.03727340 -0.06249094
v -0.05876702 0.02784854 -0.06341993
v -0.05866938 0.02888023 -0.05916440
v -0.05668163 0.03319633 -0.05989581
v -0.05488312 0.03669077 -0.06022948
v -0.05223608 0.04196316 -0.05948287
v -0.05405747 0.03727340 -0.06249094
v -0.05204761 0.04040062 -0.06296914
v -0.04944437 0.04614156 -0.05995661
v -0.04716426 0.04906117 -0.06035131
v -0.04208326 0.05152899 -0.06484758
v -0.04437416 0.05006229 -0.06364083
v -0.04081290 0.05513161 -0.06195908
v -0.03769165 0.05485510 -0.06540608
v -0.03400123 0.05719572 -0.06574124
v -0.03771919 0.05365139 -0.06720691
v -0.03771919 0.05365139 -0.06720691
v -0.03400123 0.05719572 -0.06574124
v -0.03349632 0.05672878 -0.06683307
v -0.03771919 0.05365139 -0.06720691
v -0.03349632 0.05672878 -0.06683307
v -0.03525161 0.05503410 -0.06793433
v -0.00713766 0.07259321 -0.06492966
v -0.01075172 0.07558643 -0.06427365
v -0.00442648 0.07584476 -0.06489342
v -0.01075172 0.07558643 -0.06427365
v -0.01423376 0.07856369 -0.06343251
v -0.00989211 0.07840442 -0.06426489
v -0.00442648 0.07584476 -0.06489342
v 0.00151288 0.07603609 -0.06500345
v -0.00132996 0.07173752 -0.06531870
v -0.00132996 0.07173752 -0.06531870
v -0.00713766 0.07259321 -0.06492966
v -0.00442648 0.07584476 -0.06489342
v -0.00132996 0.07173752 -0.06531870
v -0.00457215 0.07000416 -0.06552904
v -0.00713766 0.07259321 -0.06492966
v -0.00457215 0.07000416 -0.06552904
v -0.00132996 0.07173752 -0.06531870
v 0.00036349 0.06899535 -0.06587690
v -0.00713766 0.07259321 -0.06492966
v -0.00457215 0.07000416 -0.06552904
v -0.00911969 0.06908839 -0.06544834
v -0.00911969 0.06908839 -0.06544834
v -0.01385337 0.06981521 -0.06468486
v -0.00713766 0.07259321 -0.06492966
v -0.00713766 0.07259321 -0.06492966
v -0.01385337 0.06981521 -0.06468486
v -0.01286298 0.07227921 -0.06430977
v -0.00713766 0.07259321 -0.06492966
v -0.01286298 0.07227921 -0.06430977
v -0.01075172 0.07558643 -0.06427365
v -0.01075172 0.07558643 -0.06427365
v -0.00989211 0.07840442 -0.06426489
v -0.00442648 0.07584476 -0.06489342
v -0.01286298 0.07227921 -0.06430977
v -0.01645410 0.07400625 -0.06332910
v -0.01075172 0.07558643 -0.06427365
v -0.01385337 0.06981521 -0.06468486
v -0.01904153 0.06870251 -0.06400406
v -0.01286298 0.07227921 -0.06430977
v -0.01904153 0.06870251 -0.06400406
v -0.02382040 0.06689083 -0.06337535
v -0.02102452 0.06963765 -0.06318932
v -0.02102452 0.06963765 -0.06318932
v -0.01645410 0.07400625 -0.06332910
v -0.01286298 0.07227921 -0.06430977
v -0.02102452 0.06963765 -0.06318932
v -0.01286298 0.07227921 -0.06430977
v -0.01904153 0.06870251 -0.06400406
v -0.02449011 0.06893688 -0.06230539
v -0.02102452 0.06963765 -0.06318932
v -0.02382040 0.06689083 -0.06337535
v -0.02449011 0.06893688 -0.06230539
v -0.02382040 0.06689083 -0.06337535
v -0.02669048 0.06551420 -0.06300091
v -0.00911969 0.06908839 -0.06544834
v -0.01314640 0.06857967 -0.06514137
v -0.01385337 0.06981521 -0.06468486
v -0.02943336 0.07870072 -0.05801057
v -0.02463161 0.07669049 -0.06036627
v -0.02785110 0.07587784 -0.05907326
v -0.02943336 0.07870072 -0.05801057
v -0.02785110 0.07587784 -0.05907326
v -0.03273838 0.07669591 -0.05637836
v -0.03567337 0.07553941 -0.05471020
v -0.03982961 0.07515811 -0.05180841
v -0.03965979 0.07852202 -0.05154985
v -0.04789346 0.07326203 -0.04460597
v -0.04808336 0.06951433 -0.04530751
v -0.05103749 0.06978154 -0.04155457
v -0.05439382 0.06343150 -0.03853917
v -0.05200195 0.06374233 -0.04221332
v -0.05387634 0.05620348 -0.04262435
v -0.02235651 0.07918149 -0.06107407
v -0.02463161 0.07669049 -0.06036627
v -0.02943336 0.07870072 -0.05801057
v -0.03480082 0.07901358 -0.05493819
v -0.02943336 0.07870072 -0.05801057
v -0.03273838 0.07669591 -0.05637836
v -0.03480082 0.07901358 -0.05493819
v -0.03273838 0.07669591 -0.05637836
v -0.03567337 0.07553941 -0.05471020
v -0.03480082 0.07901358 -0.05493819
v -0.03567337 0.07553941 -0.05471020
v -0.03965979 0.07852202 -0.05154985
v -0.05197668 0.07447069 -0.03945368
v -0.04789346 0.07326203 -0.04460597
v -0.05103749 0.06978154 -0.04155457
v -0.05197668 0.07447069 -0.03945368
v -0.05103749 0.06978154 -0.04155457
v -0.05304360 0.06772249 -0.03932470
v -0.05197668 0.07447069 -0.03945368
v -0.05304360 0.06772249 -0.03932470
v -0.05594515 0.06946641 -0.03423148
v -0.05787867 0.07003003 -0.03043138
v -0.05594515 0.06946641 -0.03423148
v -0.05719918 0.06161481 -0.03398960
v -0.05787867 0.07003003 -0.03043138
v -0.05719918 0.06161481 -0.03398960
v -0.05976039 0.05985265 -0.02867370
v -0.04843014 0.06580030 -0.04618752
v -0.05200195 0.06374233 -0.04221332
v -0.04808336 0.06951433 -0.04530751
v -0.04011178 0.07220029 -0.05225491
v -0.03982961 0.07515811 -0.05180841
v -0.03567337 0.07553941 -0.05471020
v -0.03029716 0.07435178 -0.05815744
v -0.03567337 0.07553941 -0.05471020
v -0.03273838 0.07669591 -0.05637836
v -0.03029716 0.07435178 -0.05815744
v -0.03273838 0.07669591 -0.05637836
v -0.02785110 0.07587784 -0.05907326
v -0.04048675 0.06925135 -0.05292063
v -0.04011178 0.07220029 -0.05225491
v -0.03584796 0.07069677 -0.05585926
v -0.03171968 0.07093387 -0.05831265
v -0.03584796 0.07069677 -0.05585926
v -0.03029716 0.07435178 -0.05815744
v -0.02574777 0.07242655 -0.06074297
v -0.03029716 0.07435178 -0.05815744
v -0.02785110 0.07587784 -0.05907326
v -0.02574777 0.07242655 -0.06074297
v -0.02785110 0.07587784 -0.05907326
v -0.02463161 0.07669049 -0.06036627
v -0.02574777 0.07242655 -0.06074297
v -0.02463161 0.07669049 -0.06036627
v -0.02040553 0.07371318 -0.06233239
v -0.01822537 0.07820177 -0.06243914
v -0.02040553 0.07371318 -0.06233239
v -0.02463161 0.07669049 -0.06036627
v -0.03567337 0.07553941 -0.05471020
v -0.03029716 0.07435178 -0.05815744
v -0.03584796 0.07069677 -0.05585926
v -0.03567337 0.07553941 -0.05471020
v -0.03584796 0.07069677 -0.05585926
v -0.04011178 0.07220029 -0.05225491
v -0.02235651 0.07918149 -0.06107407
v -0.01822537 0.07820177 -0.06243914
v -0.02463161 0.07669049 -0.06036627
v -0.04408973 0.07479906 -0.04818677
v -0.04463613 0.06891506 -0.04917347
v -0.04808336 0.06951433 -0.04530751
v -0.05439382 0.06343150 -0.03853917
v -0.05304360 0.06772249 -0.03932470
v -0.05200195 0.06374233 -0.04221332
v -0.00911969 0.06908839 -0.06544834
v -0.00457215 0.07000416 -0.06552904
v -0.00853217 0.06785726 -0.06592136
v -0.02040553 0.07371318 -0.06233239
v -0.01645410 0.07400625 -0.06332910
v -0.02449011 0.06893688 -0.06230539
v -0.02857190 0.06852114 -0.06080722
v -0.02449011 0.06893688 -0.06230539
v -0.02669048 0.06551420 -0.06300091
v -0.02857190 0.06852114 -0.06080722
v -0.02669048 0.06551420 -0.06300091
v -0.03116250 0.06450623 -0.06153517
v -0.04093194 0.06580621 -0.05405169
v -0.04048675 0.06925135 -0.05292063
v -0.03584796 0.07069677 -0.05585926
v -0.02857190 0.06852114 -0.06080722
v -0.03171968 0.07093387 -0.05831265
v -0.02574777 0.07242655 -0.06074297
v -0.03191024 0.06719791 -0.05970686
v -0.03526520 0.06640297 -0.05809158
v -0.03171968 0.07093387 -0.05831265
v -0.02857190 0.06852114 -0.06080722
v -0.02574777 0.07242655 -0.06074297
v -0.02449011 0.06893688 -0.06230539
v -0.02449011 0.06893688 -0.06230539
v -0.02574777 0.07242655 -0.06074297
v -0.02040553 0.07371318 -0.06233239
v -0.01645410 0.07400625 -0.06332910
v -0.01822537 0.07820177 -0.06243914
v -0.01423376 0.07856369 -0.06343251
v -0.03925663 0.06466805 -0.05609142
v -0.04093194 0.06580621 -0.05405169
v -0.03584796 0.07069677 -0.05585926
v -0.03925663 0.06466805 -0.05609142
v -0.03584796 0.07069677 -0.05585926
v -0.03526520 0.06640297 -0.05809158
v -0.03526520 0.06640297 -0.05809158
v -0.03584796 0.07069677 -0.05585926
v -0.03171968 0.07093387 -0.05831265
v -0.03191024 0.06719791 -0.05970686
v -0.03171968 0.07093387 -0.05831265
v -0.02857190 0.06852114 -0.06080722
v -0.01645410 0.07400625 -0.06332910
v -0.02040553 0.07371318 -0.06233239
v -0.01822537 0.07820177 -0.06243914
v -0.03116250 0.06450623 -0.06153517
v -0.03541064 0.06290549 -0.06003201
v -0.03191024 0.06719791 -0.05970686
v -0.03835970 0.06073158 -0.05934470
v -0.04149729 0.05844110 -0.05830800
v -0.04157590 0.06121957 -0.05619156
v -0.04157590 0.06121957 -0.05619156
v -0.03925663 0.06466805 -0.05609142
v -0.03835970 0.06073158 -0.05934470
v -0.03835970 0.06073158 -0.05934470
v -0.03925663 0.06466805 -0.05609142
v -0.03526520 0.06640297 -0.05809158
v -0.03835970 0.06073158 -0.05934470
v -0.03526520 0.06640297 -0.05809158
v -0.03541064 0.06290549 -0.06003201
v -0.03541064 0.06290549 -0.06003201
v -0.03526520 0.06640297 -0.05809158
v -0.03191024 0.06719791 -0.05970686
v -0.03116250 0.06450623 -0.06153517
v -0.03191024 0.06719791 -0.05970686
v -0.02857190 0.06852114 -0.06080722
v -0.04157590 0.06121957 -0.05619156
v -0.04093194 0.06580621 -0.05405169
v -0.03925663 0.06466805 -0.05609142
v -0.04157590 0.06121957 -0.05619156
v -0.04511356 0.06073927 -0.05271106
v -0.04093194 0.06580621 -0.05405169
v -0.04093194 0.06580621 -0.05405169
v -0.04511356 0.06073927 -0.05271106
v -0.04481434 0.06427311 -0.05103403
v -0.04093194 0.06580621 -0.05405169
v -0.04481434 0.06427311 -0.05103403
v -0.04463613 0.06891506 -0.04917347
v -0.04093194 0.06580621 -0.05405169
v -0.04463613 0.06891506 -0.04917347
v -0.04048675 0.06925135 -0.05292063
v -0.02574777 0.07242655 -0.06074297
v -0.03171968 0.07093387 -0.05831265
v -0.03029716 0.07435178 -0.05815744
v -0.01645410 0.07400625 -0.06332910
v -0.01423376 0.07856369 -0.06343251
v -0.01075172 0.07558643 -0.06427365
v -0.02449011 0.06893688 -0.06230539
v -0.01645410 0.07400625 -0.06332910
v -0.02102452 0.06963765 -0.06318932
v -0.04658436 0.05593168 -0.05437356
v -0.04514771 0.05473148 -0.05733025
v -0.04832011 0.05071282 -0.05655193
v -0.04658436 0.05593168 -0.05437356
v -0.04832011 0.05071282 -0.05655193
v -0.04970598 0.05183607 -0.05312001
v -0.04970598 0.05183607 -0.05312001
v -0.05208730 0.04689949 -0.05335813
v -0.05074208 0.05338203 -0.05006021
v -0.05074208 0.05338203 -0.05006021
v -0.05208730 0.04689949 -0.05335813
v -0.05315691 0.04826724 -0.04967612
v -0.05315691 0.04826724 -0.04967612
v -0.05574470 0.04370945 -0.04785829
v -0.05418974 0.05009227 -0.04601836
v -0.05418974 0.05009227 -0.04601836
v -0.05574470 0.04370945 -0.04785829
v -0.05679041 0.04660058 -0.04251450
v -0.06122630 0.04709511 -0.02913349
v -0.06298780 0.03905266 -0.02509498
v -0.06191778 0.04896146 -0.02573531
v -0.06191778 0.04896146 -0.02573531
v -0.06242710 0.05437409 -0.02183169
v -0.06122612 0.05516266 -0.02593690
v -0.06191778 0.04896146 -0.02573531
v -0.06122612 0.05516266 -0.02593690
v -0.06122630 0.04709511 -0.02913349
v -0.06122630 0.04709511 -0.02913349
v -0.06122612 0.05516266 -0.02593690
v -0.05910176 0.05093139 -0.03390038
v -0.05910176 0.05093139 -0.03390038
v -0.06122612 0.05516266 -0.02593690
v -0.05908238 0.05645602 -0.03154057
v -0.05910176 0.05093139 -0.03390038
v -0.05908238 0.05645602 -0.03154057
v -0.05669587 0.05444926 -0.03794980
v -0.04998666 0.05789434 -0.04811847
v -0.04889518 0.06196033 -0.04734081
v -0.04727631 0.05949330 -0.05082505
v -0.04658436 0.05593168 -0.05437356
v -0.04511356 0.06073927 -0.05271106
v -0.04157590 0.06121957 -0.05619156
v -0.04514771 0.05473148 -0.05733025
v -0.04157590 0.06121957 -0.05619156
v -0.04149729 0.05844110 -0.05830800
v -0.03835970 0.06073158 -0.05934470
v -0.03541064 0.06290549 -0.06003201
v -0.03654211 0.05999398 -0.06130892
v -0.03654211 0.05999398 -0.06130892
v -0.03541064 0.06290549 -0.06003201
v -0.03116250 0.06450623 -0.06153517
v -0.00522858 0.06733560 -0.06637191
v -0.00254738 0.06651467 -0.06698274
v -0.00635523 0.06582075 -0.06732481
v -0.02481955 0.06141573 -0.06672465
v -0.02085298 0.06249564 -0.06728130
v -0.02559119 0.06044358 -0.06759941
v -0.02481955 0.06141573 -0.06672465
v -0.02559119 0.06044358 -0.06759941
v -0.02973693 0.05852437 -0.06742697
v -0.01580750 0.06306993 -0.06984776
v -0.01842844 0.06245785 -0.06896716
v -0.01461333 0.06346780 -0.06895005
v -0.01580750 0.06306993 -0.06984776
v -0.01461333 0.06346780 -0.06895005
v -0.01100862 0.06409889 -0.06931531
v -0.05065351 0.04081684 0.06779253
v -0.05327892 0.03728950 0.06726878
v -0.05014467 0.04143446 0.07349985
v -0.06500995 -0.00078406 0.07349997
v -0.06484395 0.00513917 0.03502023
v -0.06496691 0.00451350 0.02493304
v -0.06454640 0.00777781 0.04403764
v -0.06484395 0.00513917 0.03502023
v -0.06476551 0.00571608 0.07349997
v -0.06476551 0.00571608 0.07349997
v -0.06484395 0.00513917 0.03502023
v -0.06500995 -0.00078406 0.07349997
v -0.06316792 0.01552039 0.05281198
v -0.06391847 0.01211661 0.04724872
v -0.06384581 0.01228255 0.07349997
v -0.06384581 0.01228255 0.07349997
v -0.06391847 0.01211661 0.04724872
v -0.06476551 0.00571608 0.07349997
v -0.06476551 0.00571608 0.07349997
v -0.06391847 0.01211661 0.04724872
v -0.06454640 0.00777781 0.04403764
v -0.06168210 0.02066648 0.07349985
v -0.06215441 0.01913142 0.05666846
v -0.06384581 0.01228255 0.07349997
v -0.06384581 0.01228255 0.07349997
v -0.06215441 0.01913142 0.05666846
v -0.06316792 0.01552039 0.05281198
v -0.06168210 0.02066648 0.07349985
v -0.06023871 0.02459764 0.06004554
v -0.06215441 0.01913142 0.05666846
v -0.05786937 0.02970248 0.06377190
v -0.05843776 0.02850425 0.07349997
v -0.05615109 0.03281342 0.06570267
v -0.05786937 0.02970248 0.06377190
v -0.05948781 0.02628415 0.06164300
v -0.05843776 0.02850425 0.07349997
v -0.05843776 0.02850425 0.07349997
v -0.05948781 0.02628415 0.06164300
v -0.06168210 0.02066648 0.07349985
v -0.06168210 0.02066648 0.07349985
v -0.05948781 0.02628415 0.06164300
v -0.06023871 0.02459764 0.06004554
v -0.05511265 0.03450012 0.07350003
v -0.05615109 0.03281342 0.06570267
v -0.05843776 0.02850425 0.07349997
v -0.05014467 0.04143446 0.07349985
v -0.05327892 0.03728950 0.06726878
v -0.05511265 0.03450012 0.07350003
v -0.05511265 0.03450012 0.07350003
v -0.05327892 0.03728950 0.06726878
v -0.05615109 0.03281342 0.06570267
v -0.05014467 0.04143446 0.07349985
v -0.04693007 0.04501837 0.06917023
v -0.04772627 0.04428154 0.06827545
v -0.05014467 0.04143446 0.07349985
v -0.04772627 0.04428154 0.06827545
v -0.05065351 0.04081684 0.06779253
v -0.04320722 0.04863941 0.07349997
v -0.04693007 0.04501837 0.06917023
v -0.05014467 0.04143446 0.07349985
v -0.04361993 0.04821652 0.06949341
v -0.04693007 0.04501837 0.06917023
v -0.04320722 0.04863941 0.07349997
v -0.04361993 0.04821652 0.06949341
v -0.04320722 0.04863941 0.07349997
v -0.04008311 0.05123800 0.06902498
v -0.03537887 0.05458790 0.07349985
v -0.03860718 0.05232143 0.06941527
v -0.04320722 0.04863941 0.07349997
v -0.04320722 0.04863941 0.07349997
v -0.03860718 0.05232143 0.06941527
v -0.04008311 0.05123800 0.06902498
v -0.03537887 0.05458790 0.07349985
v -0.03565508 0.05437874 0.06941574
v -0.03860718 0.05232143 0.06941527
v -0.03537887 0.05458790 0.07349985
v -0.03236585 0.05640810 0.06945866
v -0.03565508 0.05437874 0.06941574
v -0.02791875 0.05872482 0.07349997
v -0.03236585 0.05640810 0.06945866
v -0.03537887 0.05458790 0.07349985
v -0.02431941 0.06032001 0.06929224
v -0.02808851 0.05864065 0.06953084
v -0.02791875 0.05872482 0.07349997
v -0.02791875 0.05872482 0.07349997
v -0.02808851 0.05864065 0.06953084
v -0.03236585 0.05640810 0.06945866
v -0.02431941 0.06032001 0.06929224
v -0.02791875 0.05872482 0.07349997
v -0.02174240 0.06127887 0.07349997
v -0.02431941 0.06032001 0.06929224
v -0.02174240 0.06127887 0.07349997
v -0.02071428 0.06163197 0.06954038
v -0.01506525 0.06326150 0.07350009
v -0.01665478 0.06287610 0.06926077
v -0.02174240 0.06127887 0.07349997
v -0.02174240 0.06127887 0.07349997
v -0.01665478 0.06287610 0.06926077
v -0.02071428 0.06163197 0.06954038
v -0.01194590 0.06392204 0.06962871
v -0.01506525 0.06326150 0.07350009
v -0.00815284 0.06450653 0.07349985
v -0.01506525 0.06326150 0.07350009
v -0.01194590 0.06392204 0.06962871
v -0.01665478 0.06287610 0.06926077
v -0.01194590 0.06392204 0.06962871
v -0.00815284 0.06450653 0.07349985
v -0.00585860 0.06477344 0.06952780
v -0.00147968 0.06500321 0.07349997
v -0.00585860 0.06477344 0.06952780
v -0.00815284 0.06450653 0.07349985
v -0.00585860 0.06477344 0.06952780
v -0.00147968 0.06500321 0.07349997
v -0.00089267 0.06500929 0.06964671
v 0.00515121 0.06481826 0.07350003
v 0.00406361 0.06490582 0.06957972
v -0.00147968 0.06500321 0.07349997
v -0.00147968 0.06500321 0.07349997
v 0.00406361 0.06490582 0.06957972
v -0.00089267 0.06500929 0.06964671
v 0.00406361 0.06490582 0.06957972
v 0.00515121 0.06481826 0.07350003
v 0.00888437 0.06442046 0.06939488
v 0.00888437 0.06442046 0.06939488
v 0.00515121 0.06481826 0.07350003
v 0.01371753 0.06359565 0.07349997
v 0.01371753 0.06359565 0.07349997
v 0.01699227 0.06276077 0.06953370
v 0.01315391 0.06366986 0.06966686
v 0.01371753 0.06359565 0.07349997
v 0.01315391 0.06366986 0.06966686
v 0.00888437 0.06442046 0.06939488
v 0.01699227 0.06276077 0.06953370
v 0.01371753 0.06359565 0.07349997
v 0.02199792 0.06119191 0.07349997
v 0.01699227 0.06276077 0.06953370
v 0.02199792 0.06119191 0.07349997
v 0.02211064 0.06115031 0.06952011
v 0.02211064 0.06115031 0.06952011
v 0.02199792 0.06119191 0.07349997
v 0.02605646 0.05957013 0.06959825
v 0.03030472 0.05752295 0.06954604
v 0.02605646 0.05957013 0.06959825
v 0.03125995 0.05709975 0.07349991
v 0.03125995 0.05709975 0.07349991
v 0.02605646 0.05957013 0.06959825
v 0.02199792 0.06119191 0.07349997
v 0.03125995 0.05709975 0.07349991
v 0.03368109 0.05561876 0.06944733
v 0.03030472 0.05752295 0.06954604
v 0.03952252 0.05163425 0.07349997
v 0.03702199 0.05345451 0.06938660
v 0.03125995 0.05709975 0.07349991
v 0.03125995 0.05709975 0.07349991
v 0.03702199 0.05345451 0.06938660
v 0.03368109 0.05561876 0.06944733
v 0.03702199 0.05345451 0.06938660
v 0.03952252 0.05163425 0.07349997
v 0.04015809 0.05114001 0.06940168
v 0.04015809 0.05114001 0.06940168
v 0.03952252 0.05163425 0.07349997
v 0.04337751 0.04842865 0.06949514
v 0.04337751 0.04842865 0.06949514
v 0.03952252 0.05163425 0.07349997
v 0.04603475 0.04596894 0.07350003
v 0.04603475 0.04596894 0.07350003
v 0.04725080 0.04467266 0.06974852
v 0.04337751 0.04842865 0.06949514
v 0.05259931 0.03827852 0.07349997
v 0.05034506 0.04118692 0.06800347
v 0.04725080 0.04467266 0.06974852
v 0.05259931 0.03827852 0.07349997
v 0.04725080 0.04467266 0.06974852
v 0.04603475 0.04596894 0.07350003
v 0.05034506 0.04118692 0.06800347
v 0.05259931 0.03827852 0.07349997
v 0.05290502 0.03782498 0.06719195
v 0.05290502 0.03782498 0.06719195
v 0.05259931 0.03827852 0.07349997
v 0.05465292 0.03527081 0.06598997
v 0.05465292 0.03527081 0.06598997
v 0.05259931 0.03827852 0.07349997
v 0.05783385 0.02979260 0.07349997
v 0.05465292 0.03527081 0.06598997
v 0.05783385 0.02979260 0.07349997
v 0.05648756 0.03219568 0.06543183
v 0.05783385 0.02979260 0.07349997
v 0.05850327 0.02836757 0.06421166
v 0.05648756 0.03219568 0.06543183
v 0.05850327 0.02836757 0.06421166
v 0.05783385 0.02979260 0.07349997
v 0.05999690 0.02509135 0.06077045
v 0.05999690 0.02509135 0.06077045
v 0.05783385 0.02979260 0.07349997
v 0.06121087 0.02193439 0.07349997
v 0.06121087 0.02193439 0.07349997
v 0.06109762 0.02234292 0.05867177
v 0.05999690 0.02509135 0.06077045
v 0.06109762 0.02234292 0.05867177
v 0.06121087 0.02193439 0.07349997
v 0.06356513 0.01384478 0.07349997
v 0.06109762 0.02234292 0.05867177
v 0.06356513 0.01384478 0.07349997
v 0.06221646 0.01888060 0.05692780
v 0.06356513 0.01384478 0.07349997
v 0.06333827 0.01474332 0.05291140
v 0.06221646 0.01888060 0.05692780
v 0.06426966 0.01017928 0.04508543
v 0.06386440 0.01241368 0.04855680
v 0.06478786 0.00549388 0.07349997
v 0.06478786 0.00549388 0.07349997
v 0.06386440 0.01241368 0.04855680
v 0.06356513 0.01384478 0.07349997
v 0.06356513 0.01384478 0.07349997
v 0.06386440 0.01241368 0.04855680
v 0.06333827 0.01474332 0.05291140
v 0.06478786 0.00549388 0.07349997
v 0.06472784 0.00632942 0.04010891
v 0.06426966 0.01017928 0.04508543
v 0.06499612 0.00196892 0.02217775
v 0.06490707 0.00394785 0.03444570
v 0.06500780 -0.00202352 0.07349997
v 0.06500780 -0.00202352 0.07349997
v 0.06490707 0.00394785 0.03444570
v 0.06472784 0.00632942 0.04010891
v 0.06500780 -0.00202352 0.07349997
v 0.06472784 0.00632942 0.04010891
v 0.06478786 0.00549388 0.07349997
v 0.05441004 0.03562790 -0.06671017
v 0.05658268 0.03210461 -0.06459283
v 0.05512332 0.03448128 -0.07350003
v -0.00723851 0.06466048 -0.07349997
v -0.00295037 0.06494945 -0.06960397
v 0.00168520 0.06500285 -0.07349991
v -0.00295037 0.06494945 -0.06960397
v -0.00723851 0.06466048 -0.07349997
v -0.00696671 0.06467372 -0.06924384
v -0.00696671 0.06467372 -0.06924384
v -0.00723851 0.06466048 -0.07349997
v -0.01100862 0.06409889 -0.06931531
v -0.01540672 0.06316643 -0.07349997
v -0.01580750 0.06306993 -0.06984776
v -0.00723851 0.06466048 -0.07349997
v -0.00723851 0.06466048 -0.07349997
v -0.01580750 0.06306993 -0.06984776
v -0.01100862 0.06409889 -0.06931531
v -0.01580750 0.06306993 -0.06984776
v -0.01540672 0.06316643 -0.07349997
v -0.02075392 0.06161999 -0.06952750
v -0.02075392 0.06161999 -0.06952750
v -0.01540672 0.06316643 -0.07349997
v -0.02372992 0.06058228 -0.07349997
v -0.02075392 0.06161999 -0.06952750
v -0.02372992 0.06058228 -0.07349997
v -0.02456939 0.06019616 -0.06960076
v -0.03123641 0.05702358 -0.07349985
v -0.02824586 0.05855751 -0.06962931
v -0.02372992 0.06058228 -0.07349997
v -0.02372992 0.06058228 -0.07349997
v -0.02824586 0.05855751 -0.06962931
v -0.02456939 0.06019616 -0.06960076
v -0.03123641 0.05702358 -0.07349985
v -0.03345251 0.05576103 -0.06940716
v -0.02980256 0.05781126 -0.06926643
v -0.03123641 0.05702358 -0.07349985
v -0.02980256 0.05781126 -0.06926643
v -0.02824586 0.05855751 -0.06962931
v -0.03345251 0.05576103 -0.06940716
v -0.03123641 0.05702358 -0.07349985
v -0.03637784 0.05389994 -0.06944239
v -0.03637784 0.05389994 -0.06944239
v -0.03123641 0.05702358 -0.07349985
v -0.03714662 0.05337059 -0.07350003
v -0.04245185 0.04924517 -0.07349991
v -0.04013210 0.05114990 -0.06945544
v -0.03714662 0.05337059 -0.07350003
v -0.03714662 0.05337059 -0.07350003
v -0.04013210 0.05114990 -0.06945544
v -0.03637784 0.05389994 -0.06944239
v -0.04245185 0.04924517 -0.07349991
v -0.04852980 0.04332774 -0.07349985
v -0.04611963 0.04582059 -0.06944429
v -0.04611963 0.04582059 -0.06944429
v -0.04309999 0.04867660 -0.06947034
v -0.04245185 0.04924517 -0.07349991
v -0.04245185 0.04924517 -0.07349991
v -0.04309999 0.04867660 -0.06947034
v -0.04013210 0.05114990 -0.06945544
v -0.04852980 0.04332774 -0.07349985
v -0.04924893 0.04245477 -0.06907248
v -0.04611963 0.04582059 -0.06944429
v -0.05455952 0.03542542 -0.07349997
v -0.05271548 0.03808867 -0.06727468
v -0.04852980 0.04332774 -0.07349985
v -0.04852980 0.04332774 -0.07349985
v -0.05271548 0.03808867 -0.06727468
v -0.04924893 0.04245477 -0.06907248
v -0.05455952 0.03542542 -0.07349997
v -0.05529505 0.03422635 -0.06650078
v -0.05271548 0.03808867 -0.06727468
v -0.05529505 0.03422635 -0.06650078
v -0.05455952 0.03542542 -0.07349997
v -0.05863434 0.02810782 -0.07349997
v -0.05529505 0.03422635 -0.06650078
v -0.05863434 0.02810782 -0.07349997
v -0.05699974 0.03135848 -0.06440812
v -0.05863434 0.02810782 -0.07349997
v -0.05876702 0.02784854 -0.06341993
v -0.05699974 0.03135848 -0.06440812
v -0.05876702 0.02784854 -0.06341993
v -0.05863434 0.02810782 -0.07349997
v -0.06182396 0.02025002 -0.07349997
v -0.05876702 0.02784854 -0.06341993
v -0.06182396 0.02025002 -0.07349997
v -0.06076759 0.02319175 -0.06008750
v -0.06076759 0.02319175 -0.06008750
v -0.06182396 0.02025002 -0.07349997
v -0.06110846 0.02253299 -0.05737102
v -0.06110846 0.02253299 -0.05737102
v -0.06182396 0.02025002 -0.07349997
v -0.06270825 0.01717728 -0.05604606
v -0.06342542 0.01435047 -0.05227750
v -0.06270825 0.01717728 -0.05604606
v -0.06388533 0.01210767 -0.07349997
v -0.06388533 0.01210767 -0.07349997
v -0.06270825 0.01717728 -0.05604606
v -0.06182396 0.02025002 -0.07349997
v -0.06342542 0.01435047 -0.05227750
v -0.06388533 0.01210767 -0.07349997
v -0.06388151 0.01222378 -0.04925662
v -0.06456881 0.00758994 -0.04290771
v -0.06388151 0.01222378 -0.04925662
v -0.06478679 0.00552875 -0.07349997
v -0.06478679 0.00552875 -0.07349997
v -0.06388151 0.01222378 -0.04925662
v -0.06388533 0.01210767 -0.07349997
v -0.06470888 0.00707012 -0.03660368
v -0.06456881 0.00758994 -0.04290771
v -0.06478679 0.00552875 -0.07349997
v -0.06500971 -0.00203663 -0.07349997
v -0.06499624 0.00069633 -0.02342027
v -0.06485563 0.00675666 -0.02954649
v -0.06500971 -0.00203663 -0.07349997
v -0.06485563 0.00675666 -0.02954649
v -0.06470888 0.00707012 -0.03660368
v -0.06500971 -0.00203663 -0.07349997
v -0.06470888 0.00707012 -0.03660368
v -0.06478679 0.00552875 -0.07349997
v 0.06500995 -0.00078502 -0.07349997
v 0.06487357 0.00438684 -0.03624743
v 0.06496381 0.00492489 -0.02435392
v 0.06452471 0.00807977 -0.04241788
v 0.06487357 0.00438684 -0.03624743
v 0.06476628 0.00570422 -0.07349997
v 0.06476628 0.00570422 -0.07349997
v 0.06487357 0.00438684 -0.03624743
v 0.06500995 -0.00078502 -0.07349997
v 0.06343239 0.01427423 -0.05339998
v 0.06372618 0.01339215 -0.04737722
v 0.06344485 0.01440203 -0.07350003
v 0.06344485 0.01440203 -0.07350003
v 0.06372618 0.01339215 -0.04737722
v 0.06476628 0.00570422 -0.07349997
v 0.06476628 0.00570422 -0.07349997
v 0.06372618 0.01339215 -0.04737722
v 0.06452471 0.00807977 -0.04241788
v 0.06110996 0.02220571 -0.07349997
v 0.06151998 0.02112001 -0.05780535
v 0.06344485 0.01440203 -0.07350003
v 0.06151998 0.02112001 -0.05780535
v 0.06207746 0.01954466 -0.05521935
v 0.06344485 0.01440203 -0.07350003
v 0.06344485 0.01440203 -0.07350003
v 0.06207746 0.01954466 -0.05521935
v 0.06343239 0.01427423 -0.05339998
v 0.05873692 0.02797532 -0.06274765
v 0.06043076 0.02404540 -0.06018340
v 0.06110996 0.02220571 -0.07349997
v 0.06110996 0.02220571 -0.07349997
v 0.06043076 0.02404540 -0.06018340
v 0.06151998 0.02112001 -0.05780535
v 0.05873692 0.02797532 -0.06274765
v 0.05843698 0.02850520 -0.07349997
v 0.05658268 0.03210461 -0.06459283
v 0.05843698 0.02850520 -0.07349997
v 0.05873692 0.02797532 -0.06274765
v 0.06110996 0.02220571 -0.07349997
v 0.05512332 0.03448128 -0.07350003
v 0.05658268 0.03210461 -0.06459283
v 0.05843698 0.02850520 -0.07349997
v 0.05019205 0.04137772 -0.07349985
v 0.05228006 0.03866982 -0.06766915
v 0.05512332 0.03448128 -0.07350003
v 0.05512332 0.03448128 -0.07350003
v 0.05228006 0.03866982 -0.06766915
v 0.05441004 0.03562790 -0.06671017
v 0.05019205 0.04137772 -0.07349985
v 0.04768157 0.04421448 -0.06893074
v 0.05033260 0.04119461 -0.06791836
v 0.05019205 0.04137772 -0.07349985
v 0.05033260 0.04119461 -0.06791836
v 0.05228006 0.03866982 -0.06766915
v 0.04290658 0.04893136 -0.06874400
v 0.04511207 0.04686927 -0.06883752
v 0.04340869 0.04846119 -0.07349997
v 0.04340869 0.04846119 -0.07349997
v 0.04511207 0.04686927 -0.06883752
v 0.05019205 0.04137772 -0.07349985
v 0.05019205 0.04137772 -0.07349985
v 0.04511207 0.04686927 -0.06883752
v 0.04768157 0.04421448 -0.06893074
v 0.04340869 0.04846119 -0.07349997
v 0.04137623 0.05016475 -0.06938040
v 0.04290658 0.04893136 -0.06874400
v 0.03674781 0.05363947 -0.07349997
v 0.03835773 0.05249321 -0.06965821
v 0.04340869 0.04846119 -0.07349997
v 0.04340869 0.04846119 -0.07349997
v 0.03835773 0.05249321 -0.06965821
v 0.04137623 0.05016475 -0.06938040
v 0.03674781 0.05363947 -0.07349997
v 0.03542953 0.05452913 -0.06941550
v 0.03835773 0.05249321 -0.06965821
v 0.03109705 0.05710572 -0.07349997
v 0.03177773 0.05672121 -0.06960469
v 0.03542953 0.05452913 -0.06941550
v 0.03109705 0.05710572 -0.07349997
v 0.03542953 0.05452913 -0.06941550
v 0.03674781 0.05363947 -0.07349997
v 0.02449160 0.06024569 -0.06931316
v 0.02807492 0.05865770 -0.06938815
v 0.02333861 0.06072115 -0.07349991
v 0.02333861 0.06072115 -0.07349991
v 0.02807492 0.05865770 -0.06938815
v 0.03109705 0.05710572 -0.07349997
v 0.03109705 0.05710572 -0.07349997
v 0.02807492 0.05865770 -0.06938815
v 0.03177773 0.05672121 -0.06960469
v 0.02333861 0.06072115 -0.07349991
v 0.02049231 0.06175255 -0.06910210
v 0.02449160 0.06024569 -0.06931316
v 0.01516348 0.06323581 -0.07350003
v 0.01691192 0.06278699 -0.06949645
v 0.02333861 0.06072115 -0.07349991
v 0.02333861 0.06072115 -0.07349991
v 0.01691192 0.06278699 -0.06949645
v 0.02049231 0.06175255 -0.06910210
v 0.00842404 0.06446707 -0.07349985
v 0.00916511 0.06436800 -0.06960701
v 0.01516348 0.06323581 -0.07350003
v 0.00916511 0.06436800 -0.06960701
v 0.01315850 0.06370234 -0.06922757
v 0.01516348 0.06323581 -0.07350003
v 0.01516348 0.06323581 -0.07350003
v 0.01315850 0.06370234 -0.06922757
v 0.01691192 0.06278699 -0.06949645
v 0.00916511 0.06436800 -0.06960701
v 0.00842404 0.06446707 -0.07349985
v 0.00501972 0.06483632 -0.06946414
v 0.00501972 0.06483632 -0.06946414
v 0.00842404 0.06446707 -0.07349985
v 0.00168520 0.06500285 -0.07349991
v -0.00295037 0.06494945 -0.06960397
v 0.00083377 0.06501126 -0.06964588
v 0.00168520 0.06500285 -0.07349991
v 0.00168520 0.06500285 -0.07349991
v 0.00083377 0.06501126 -0.06964588
v 0.00501972 0.06483632 -0.06946414
v 0.06500995 -0.00078502 -0.07349997
v -0.06500971 -0.00203663 -0.07349997
v 0.06476628 0.00570422 -0.07349997
v 0.06476628 0.00570422 -0.07349997
v -0.06500971 -0.00203663 -0.07349997
v -0.06478679 0.00552875 -0.07349997
v 0.03109705 0.05710572 -0.07349997
v 0.03674781 0.05363947 -0.07349997
v 0.06476628 0.00570422 -0.07349997
v 0.06476628 0.00570422 -0.07349997
v -0.01540672 0.06316643 -0.07349997
v -0.00723851 0.06466048 -0.07349997
v -0.05279123 -0.03810626 -0.07349997
v 0.06438320 -0.00933528 -0.07349997
v 0.06214398 -0.01924759 -0.07349997
v 0.06438320 -0.00933528 -0.07349997
v -0.05279123 -0.03810626 -0.07349997
v 0.06500995 -0.00078502 -0.07349997
v 0.06500995 -0.00078502 -0.07349997
v -0.05279123 -0.03810626 -0.07349997
v -0.05953544 -0.02635443 -0.07349997
v 0.06500995 -0.00078502 -0.07349997
v -0.05953544 -0.02635443 -0.07349997
v -0.06370103 -0.01346129 -0.07349997
v 0.06476628 0.00570422 -0.07349997
v -0.00723851 0.06466048 -0.07349997
v 0.00168520 0.06500285 -0.07349991
v 0.06476628 0.00570422 -0.07349997
v 0.03674781 0.05363947 -0.07349997
v 0.04340869 0.04846119 -0.07349997
v 0.06476628 0.00570422 -0.07349997
v 0.04340869 0.04846119 -0.07349997
v 0.06344485 0.01440203 -0.07350003
v 0.06500995 -0.00078502 -0.07349997
v -0.06370103 -0.01346129 -0.07349997
v -0.06500971 -0.00203663 -0.07349997
v 0.00168520 0.06500285 -0.07349991
v 0.00842404 0.06446707 -0.07349985
v 0.06476628 0.00570422 -0.07349997
v 0.06476628 0.00570422 -0.07349997
v 0.00842404 0.06446707 -0.07349985
v 0.01516348 0.06323581 -0.07350003
v 0.04340869 0.04846119 -0.07349997
v 0.05843698 0.02850520 -0.07349997
v 0.06110996 0.02220571 -0.07349997
v 0.06476628 0.00570422 -0.07349997
v -0.06478679 0.00552875 -0.07349997
v -0.06388533 0.01210767 -0.07349997
v -0.06182396 0.02025002 -0.07349997
v -0.05863434 0.02810782 -0.07349997
v 0.06476628 0.00570422 -0.07349997
v 0.06476628 0.00570422 -0.07349997
v -0.05863434 0.02810782 -0.07349997
v -0.05455952 0.03542542 -0.07349997
v 0.04340869 0.04846119 -0.07349997
v 0.05019205 0.04137772 -0.07349985
v 0.05512332 0.03448128 -0.07350003
v 0.04340869 0.04846119 -0.07349997
v 0.05512332 0.03448128 -0.07350003
v 0.05843698 0.02850520 -0.07349997
v 0.04340869 0.04846119 -0.07349997
v 0.06110996 0.02220571 -0.07349997
v 0.06344485 0.01440203 -0.07350003
v 0.06214398 -0.01924759 -0.07349997
v -0.01394599 -0.06359660 -0.07349997
v -0.02518028 -0.05998551 -0.07349997
v 0.06214398 -0.01924759 -0.07349997
v -0.02518028 -0.05998551 -0.07349997
v -0.03571999 -0.05443423 -0.07349997
v -0.06388533 0.01210767 -0.07349997
v -0.06182396 0.02025002 -0.07349997
v 0.06476628 0.00570422 -0.07349997
v 0.06476628 0.00570422 -0.07349997
v -0.05455952 0.03542542 -0.07349997
v -0.04852980 0.04332774 -0.07349985
v 0.06476628 0.00570422 -0.07349997
v -0.04852980 0.04332774 -0.07349985
v -0.04245185 0.04924517 -0.07349991
v -0.01394599 -0.06359660 -0.07349997
v 0.05838847 -0.02869009 -0.07349997
v 0.05420428 -0.03590971 -0.07349997
v -0.03571999 -0.05443423 -0.07349997
v -0.04492646 -0.04705268 -0.07349997
v 0.06214398 -0.01924759 -0.07349997
v -0.04492646 -0.04705268 -0.07349997
v -0.05279123 -0.03810626 -0.07349997
v 0.06214398 -0.01924759 -0.07349997
v 0.06476628 0.00570422 -0.07349997
v 0.02333861 0.06072115 -0.07349991
v 0.03109705 0.05710572 -0.07349997
v -0.01394599 -0.06359660 -0.07349997
v 0.06214398 -0.01924759 -0.07349997
v 0.05838847 -0.02869009 -0.07349997
v 0.02121978 -0.06149840 -0.07349997
v 0.01138401 -0.06405270 -0.07349997
v 0.04902440 -0.04276621 -0.07349997
v 0.06476628 0.00570422 -0.07349997
v -0.04245185 0.04924517 -0.07349991
v -0.03714662 0.05337059 -0.07350003
v -0.03714662 0.05337059 -0.07350003
v -0.03123641 0.05702358 -0.07349985
v 0.06476628 0.00570422 -0.07349997
v 0.06476628 0.00570422 -0.07349997
v -0.03123641 0.05702358 -0.07349985
v -0.02372992 0.06058228 -0.07349997
v 0.06476628 0.00570422 -0.07349997
v 0.01516348 0.06323581 -0.07350003
v 0.02333861 0.06072115 -0.07349991
v 0.04902440 -0.04276621 -0.07349997
v 0.04176640 -0.04987895 -0.07349997
v 0.02121978 -0.06149840 -0.07349997
v 0.02121978 -0.06149840 -0.07349997
v 0.04176640 -0.04987895 -0.07349997
v 0.03200083 -0.05670040 -0.07349997
v 0.01138401 -0.06405270 -0.07349997
v -0.00048120 -0.06510603 -0.07349997
v 0.04902440 -0.04276621 -0.07349997
v -0.01394599 -0.06359660 -0.07349997
v 0.05420428 -0.03590971 -0.07349997
v 0.04902440 -0.04276621 -0.07349997
v -0.01394599 -0.06359660 -0.07349997
v 0.04902440 -0.04276621 -0.07349997
v -0.00048120 -0.06510603 -0.07349997
v 0.06476628 0.00570422 -0.07349997
v -0.02372992 0.06058228 -0.07349997
v -0.01540672 0.06316643 -0.07349997

# 1363 UV coordinates
vt 0.427140415 0.439960003 0
vt 0.442090809 0.431549788 0
vt 0.572963715 0.696214974 0
vt 0.555544496 0.705034316 0
vt 0.580033779 0.437280506 0
vt 0.631605208 0.492875308 0
vt 0.560227215 0.4273341 0
vt 0.637993276 0.506686926 0
vt 0.459777802 0.424146414 0
vt 0.39791891 0.464461595 0
vt 0.395032495 0.670156181 0
vt 0.378756493 0.64874351 0
vt 0.643181086 0.521853328 0
vt 0.537645519 0.711143792 0
vt 0.514747977 0.715699971 0
vt 0.411857694 0.451287091 0
vt 0.484324902 0.715699971 0
vt 0.478200912 0.41929391 0
vt 0.631079912 0.635077715 0
vt 0.623016417 0.648723602 0
vt 0.611260474 0.664377272 0
vt 0.497299701 0.416740298 0
vt 0.519675076 0.417130589 0
vt 0.612089992 0.464408398 0
vt 0.623929918 0.479949415 0
vt 0.597244203 0.678531528 0
vt 0.585411429 0.688081622 0
vt 0.458471388 0.710313201 0
vt 0.433784008 0.700302899 0
vt 0.411712408 0.685757101 0
vt 0.54196161 0.421092808 0
vt 0.36692071 0.624683976 0
vt 0.646667004 0.537421227 0
vt 0.648481727 0.552669287 0
vt 0.648615777 0.572324276 0
vt 0.645612478 0.594841182 0
vt 0.639167607 0.617070019 0
vt 0.361240089 0.606489718 0
vt 0.357149512 0.583118379 0
vt 0.367008299 0.513888478 0
vt 0.381177992 0.485928893 0
vt 0.598254681 0.450823396 0
vt 0.359507501 0.540412009 0
vt 0.357072711 0.56011337 0
vt 0.670146406 0.621675313 0
vt 0.664577723 0.603517175 0
vt 0.889295995 0.670039475 0
vt 0.696385205 0.667946696 0
vt 0.687501907 0.65592581 0
vt 0.871922195 0.687904298 0
vt 0.677902222 0.639637828 0
vt 0.680603683 0.481936008 0
vt 0.692774475 0.463647693 0
vt 0.710248709 0.445689201 0
vt 0.859408677 0.440782994 0
vt 0.873266399 0.452275515 0
vt 0.858074725 0.698203623 0
vt 0.794378877 0.416740209 0
vt 0.815477908 0.419846296 0
vt 0.834869623 0.426638901 0
vt 0.847434103 0.433000088 0
vt 0.885691524 0.465756387 0
vt 0.911094189 0.631635904 0
vt 0.903400481 0.648444474 0
vt 0.660324574 0.546103776 0
vt 0.664185107 0.523761511 0
vt 0.66839987 0.50909698 0
vt 0.724113286 0.435409814 0
vt 0.736162126 0.428563714 0
vt 0.752170622 0.422023803 0
vt 0.843231916 0.706485689 0
vt 0.824866772 0.713196814 0
vt 0.805235922 0.716779172 0
vt 0.78675127 0.716869771 0
vt 0.661140919 0.584840178 0
vt 0.659820199 0.569301784 0
vt 0.673836708 0.495229393 0
vt 0.774531901 0.417100102 0
vt 0.898721814 0.484002203 0
vt 0.92213589 0.560751021 0
vt 0.92213589 0.580019712 0
vt 0.920198321 0.598646224 0
vt 0.915972471 0.6172418 0
vt 0.722673774 0.692920029 0
vt 0.769917607 0.714515805 0
vt 0.737601221 0.702433825 0
vt 0.753475428 0.709597528 0
vt 0.708806992 0.681422293 0
vt 0.909920692 0.506638825 0
vt 0.916038573 0.524765074 0
vt 0.919677615 0.540683985 0
vt 0.502339423 0.231846899 0
vt 0.49256441 0.220788002 0
vt 0.500816524 0.190273806 0
vt 0.514686525 0.216998503 0
vt 0.503603578 0.257656187 0
vt 0.485402286 0.259402812 0
vt 0.483777702 0.247447893 0
vt 0.49127391 0.186610803 0
vt 0.51366812 0.312860012 0
vt 0.469477385 0.340525895 0
vt 0.487950712 0.285410702 0
vt 0.581372619 0.349476606 0
vt 0.531867087 0.2925888 0
vt 0.777896523 0.766518414 0
vt 0.787685215 0.765384197 0
vt 0.779180288 0.771145403 0
vt 0.767188013 0.769326508 0
vt 0.780271709 0.780198097 0
vt 0.78957212 0.772927999 0
vt 0.793230414 0.783962786 0
vt 0.704372883 0.78545928 0
vt 0.6925053 0.78253758 0
vt 0.701635301 0.778240025 0
vt 0.739431918 0.782100976 0
vt 0.735279799 0.789245188 0
vt 0.731214821 0.780415118 0
vt 0.722642422 0.782430708 0
vt 0.708205521 0.776545405 0
vt 0.690282404 0.770733774 0
vt 0.698399425 0.770476222 0
vt 0.710301578 0.773327291 0
vt 0.713195026 0.784035683 0
vt 0.73012501 0.772249103 0
vt 0.718473613 0.770237505 0
vt 0.693906188 0.761660278 0
vt 0.72296381 0.790119171 0
vt 0.710748971 0.791538 0
vt 0.745133817 0.788343191 0
vt 0.756408274 0.782739818 0
vt 0.764577806 0.786666393 0
vt 0.754619718 0.789413571 0
vt 0.766787708 0.776287317 0
vt 0.718734503 0.775073111 0
vt 0.706206203 0.761575401 0
vt 0.760257185 0.77129668 0
vt 0.749626994 0.77382952 0
vt 0.747427821 0.779475212 0
vt 0.739253581 0.768600523 0
vt 0.728389919 0.763072193 0
vt 0.743196011 0.762243211 0
vt 0.747337103 0.767229676 0
vt 0.764930189 0.7640239 0
vt 0.754478812 0.765036583 0
vt 0.733484209 0.760596871 0
vt 0.725866318 0.754906774 0
vt 0.716178596 0.759734392 0
vt 0.715572178 0.750675917 0
vt 0.705201387 0.751093984 0
vt 0.77363652 0.784464717 0
vt 0.697977901 0.748086989 0
vt 0.688727915 0.744760513 0
vt 0.690089405 0.736109912 0
vt 0.38394931 0.225314602 0
vt 0.383982897 0.215597004 0
vt 0.389830112 0.211450607 0
vt 0.378918111 0.226693198 0
vt 0.379967391 0.213803098 0
vt 0.384979695 0.206881106 0
vt 0.704209208 0.743265629 0
vt 0.698129475 0.737782419 0
vt 0.70458132 0.737421989 0
vt 0.713795304 0.737342596 0
vt 0.711397171 0.741601527 0
vt 0.706902921 0.734845221 0
vt 0.696921706 0.730404794 0
vt 0.377633989 0.238072604 0
vt 0.373477399 0.237260804 0
vt 0.375670612 0.225621507 0
vt 0.380517811 0.204785705 0
vt 0.37687099 0.215356201 0
vt 0.370789409 0.249879003 0
vt 0.377525687 0.248256594 0
vt 0.384354502 0.235020205 0
vt 0.391161412 0.221450299 0
vt 0.370062202 0.221481502 0
vt 0.373599112 0.218863904 0
vt 0.371242791 0.228423104 0
vt 0.369767904 0.240136504 0
vt 0.367722899 0.237929806 0
vt 0.367082387 0.228497803 0
vt 0.704431474 0.7301898 0
vt 0.763556123 0.388506711 0
vt 0.763621688 0.394186288 0
vt 0.760529697 0.385983109 0
vt 0.373963386 0.211086005 0
vt 0.376830608 0.206161603 0
vt 0.763621688 0.378769189 0
vt 0.37060231 0.209584102 0
vt 0.374911696 0.201454103 0
vt 0.368280709 0.219298095 0
vt 0.367424995 0.215842903 0
vt 0.372962505 0.198563501 0
vt 0.369291097 0.203504503 0
vt 0.984602928 0.733740628 0
vt 0.982260108 0.730466902 0
vt 0.987420917 0.728074312 0
vt 0.367518604 0.209180996 0
vt 0.367524296 0.202336401 0
vt 0.369843006 0.1968541 0
vt 0.72030592 0.745859623 0
vt 0.733867228 0.753452003 0
vt 0.740775883 0.753637016 0
vt 0.740774989 0.756816506 0
vt 0.751672626 0.758486927 0
vt 0.763151526 0.759710073 0
vt 0.764282882 0.756159425 0
vt 0.760257423 0.756812215 0
vt 0.780659676 0.758486629 0
vt 0.774504781 0.761713684 0
vt 0.786926925 0.761573374 0
vt 0.793832123 0.759746492 0
vt 0.728455305 0.749036074 0
vt 0.978820205 0.734986603 0
vt 0.98115021 0.736571491 0
vt 0.976417482 0.742577672 0
vt 0.974836171 0.75232619 0
vt 0.978818715 0.744001389 0
vt 0.978125811 0.751747489 0
vt 0.981663525 0.740623474 0
vt 0.343331903 0.748454273 0
vt 0.343331903 0.739730179 0
vt 0.345184505 0.740911722 0
vt 0.367493302 0.194328398 0
vt 0.9830966 0.743591011 0
vt 0.985934794 0.736800373 0
vt 0.981642723 0.750311911 0
vt 0.973406017 0.759756029 0
vt 0.975826681 0.759039819 0
vt 0.978981495 0.758088112 0
vt 0.746636093 0.751211524 0
vt 0.755386829 0.753499329 0
vt 0.970960021 0.774535596 0
vt 0.968592525 0.782193303 0
vt 0.971089602 0.767404199 0
vt 0.749353707 0.754495502 0
vt 0.734796226 0.747700691 0
vt 0.725040019 0.74320823 0
vt 0.692043602 0.730526686 0
vt 0.682316303 0.728302419 0
vt 0.371914595 0.25954029 0
vt 0.6980986 0.728074193 0
vt 0.9704476 0.781992912 0
vt 0.966183186 0.794500828 0
vt 0.968622506 0.795988679 0
vt 0.977702677 0.767412305 0
vt 0.976258218 0.765933096 0
vt 0.974035203 0.766429305 0
vt 0.974141717 0.775698125 0
vt 0.972264707 0.777896523 0
vt 0.970389009 0.791808188 0
vt 0.975197971 0.779893875 0
vt 0.972355485 0.788045585 0
vt 0.973950505 0.790445507 0
vt 0.467132986 0.318383187 0
vt 0.4715074 0.298489302 0
vt 0.469449103 0.286489904 0
vt 0.458533704 0.280078501 0
vt 0.451479107 0.270890415 0
vt 0.437919587 0.29010731 0
vt 0.434785903 0.275053591 0
vt 0.427139103 0.272578388 0
vt 0.43209821 0.254720688 0
vt 0.418005109 0.248812705 0
vt 0.428119808 0.240725502 0
vt 0.424611509 0.255953103 0
vt 0.42336449 0.284879595 0
vt 0.403926104 0.250822812 0
vt 0.409395903 0.232611403 0
vt 0.412436306 0.241303906 0
vt 0.397927612 0.221299499 0
vt 0.404506713 0.215258703 0
vt 0.395576805 0.238971695 0
vt 0.401008606 0.242351502 0
vt 0.391329587 0.232923195 0
vt 0.407681912 0.259948611 0
vt 0.408223897 0.220192999 0
vt 0.450286508 0.31731391 0
vt 0.438775301 0.303016305 0
vt 0.420359105 0.304026604 0
vt 0.41699329 0.274416089 0
vt 0.417877793 0.322805405 0
vt 0.435566515 0.324882805 0
vt 0.446138412 0.338949114 0
vt 0.425282896 0.332832992 0
vt 0.392106503 0.257127196 0
vt 0.392069608 0.268505007 0
vt 0.397492498 0.27148819 0
vt 0.388395309 0.292562395 0
vt 0.405031502 0.314717889 0
vt 0.40979889 0.292643011 0
vt 0.411812603 0.26637271 0
vt 0.402094007 0.280261606 0
vt 0.396287501 0.293967396 0
vt 0.396143585 0.306003094 0
vt 0.379853398 0.279583007 0
vt 0.382030398 0.267314196 0
vt 0.384724885 0.288293004 0
vt 0.37544319 0.271477789 0
vt 0.383997411 0.247066006 0
vt 0.37791571 0.260111004 0
vt 0.387935609 0.252629787 0
vt 0.483201712 0.214292705 0
vt 0.480089307 0.180766493 0
vt 0.476779312 0.201181695 0
vt 0.465113193 0.176369399 0
vt 0.465624511 0.196106598 0
vt 0.46595031 0.222344205 0
vt 0.474370807 0.245893002 0
vt 0.4454225 0.262569308 0
vt 0.464939386 0.237818107 0
vt 0.455328703 0.254274905 0
vt 0.439717412 0.252858907 0
vt 0.458562702 0.212170795 0
vt 0.4457075 0.1906486 0
vt 0.450366914 0.17351 0
vt 0.439536214 0.172338694 0
vt 0.453566998 0.193920299 0
vt 0.434692502 0.189049095 0
vt 0.450549096 0.208212897 0
vt 0.672889173 0.794778824 0
vt 0.666252971 0.791455626 0
vt 0.67693013 0.787262022 0
vt 0.685552716 0.793549478 0
vt 0.687195301 0.787130296 0
vt 0.699160576 0.791849077 0
vt 0.680091918 0.771190524 0
vt 0.680606425 0.779168189 0
vt 0.671364307 0.76621753 0
vt 0.670474291 0.778662026 0
vt 0.421177208 0.191595107 0
vt 0.425104111 0.180361494 0
vt 0.427780986 0.191374093 0
vt 0.437063009 0.204397395 0
vt 0.65982008 0.774029493 0
vt 0.430931687 0.170012996 0
vt 0.686982512 0.763341904 0
vt 0.676828325 0.762618005 0
vt 0.615585625 0.726904511 0
vt 0.621953726 0.729095221 0
vt 0.615585625 0.739759922 0
vt 0.427101701 0.203755304 0
vt 0.443720788 0.214776799 0
vt 0.452957213 0.234890193 0
vt 0.447243214 0.235650107 0
vt 0.436815798 0.233699203 0
vt 0.431217492 0.221602306 0
vt 0.677786112 0.752176821 0
vt 0.685191214 0.751434326 0
vt 0.409824401 0.201898202 0
vt 0.414959192 0.192724705 0
vt 0.416765898 0.204082102 0
vt 0.67075628 0.752893984 0
vt 0.423130602 0.213854402 0
vt 0.696325123 0.757021725 0
vt 0.6756984 0.738320589 0
vt 0.413541287 0.217256099 0
vt 0.677410126 0.730757773 0
vt 0.40307501 0.199642107 0
vt 0.425308585 0.228947207 0
vt 0.417943507 0.221184596 0
vt 0.396541387 0.204274699 0
vt 0.936306477 0.895491302 0
vt 0.935376108 0.886854172 0
vt 0.943284929 0.892359018 0
vt 0.963594079 0.904659092 0
vt 0.967153072 0.902105272 0
vt 0.971726477 0.914148986 0
vt 0.222888499 0.226716295 0
vt 0.217556193 0.243285507 0
vt 0.211297899 0.206739694 0
vt 0.88055861 0.786831379 0
vt 0.88226217 0.795539379 0
vt 0.874640524 0.793901384 0
vt 0.273166388 0.179248199 0
vt 0.271985799 0.171020001 0
vt 0.279324412 0.1738327 0
vt 0.263358086 0.178081498 0
vt 0.282693297 0.183984101 0
vt 0.286045104 0.176327407 0
vt 0.874476373 0.786144674 0
vt 0.27134189 0.205139801 0
vt 0.266480505 0.191621602 0
vt 0.276876599 0.196849406 0
vt 0.271234304 0.1882305 0
vt 0.914170086 0.886954129 0
vt 0.909605682 0.878579021 0
vt 0.919528723 0.87797302 0
vt 0.916264296 0.871303678 0
vt 0.254611313 0.188172504 0
vt 0.261968195 0.201692194 0
vt 0.230334401 0.200134903 0
vt 0.224400297 0.180787906 0
vt 0.236180305 0.181061506 0
vt 0.219343394 0.164666101 0
vt 0.236756101 0.165580302 0
vt 0.219974503 0.195057496 0
vt 0.921852708 0.891094983 0
vt 0.928211629 0.894595981 0
vt 0.924161494 0.89984858 0
vt 0.911783516 0.89666301 0
vt 0.903522789 0.901175201 0
vt 0.910044491 0.906386375 0
vt 0.901704729 0.912139475 0
vt 0.945158124 0.903448701 0
vt 0.943604827 0.909697294 0
vt 0.934031606 0.904168427 0
vt 0.919102728 0.907642126 0
vt 0.91366148 0.917399704 0
vt 0.919465482 0.923208475 0
vt 0.905911624 0.928284109 0
vt 0.278860599 0.218381494 0
vt 0.268118888 0.223703295 0
vt 0.265369385 0.212209105 0
vt 0.255187213 0.215651795 0
vt 0.276343614 0.233384296 0
vt 0.281527102 0.227057502 0
vt 0.249697894 0.202525899 0
vt 0.240203902 0.213374302 0
vt 0.239462301 0.201172799 0
vt 0.245205894 0.181195006 0
vt 0.251357704 0.168431804 0
vt 0.261807293 0.168127403 0
vt 0.203572094 0.173641905 0
vt 0.231644005 0.217968494 0
vt 0.928298593 0.925010979 0
vt 0.926676571 0.912929118 0
vt 0.938592076 0.921073914 0
vt 0.954333127 0.915784299 0
vt 0.944921672 0.917405486 0
vt 0.953861415 0.924176216 0
vt 0.939704776 0.930306911 0
vt 0.953035414 0.934137285 0
vt 0.288433909 0.233521104 0
vt 0.280300885 0.241116807 0
vt 0.294313997 0.250194103 0
vt 0.269854605 0.244266197 0
vt 0.264691412 0.233440205 0
vt 0.300662011 0.265637189 0
vt 0.311514914 0.278961211 0
vt 0.297085196 0.276531607 0
vt 0.316368908 0.27419889 0
vt 0.291213006 0.2616629 0
vt 0.279362202 0.252815008 0
vt 0.255957007 0.223618194 0
vt 0.250094801 0.228216499 0
vt 0.284927398 0.264876693 0
vt 0.250836104 0.239210293 0
vt 0.261153311 0.2523655 0
vt 0.274460405 0.263323396 0
vt 0.241610602 0.233987302 0
vt 0.27730161 0.275334209 0
vt 0.26192829 0.276243895 0
vt 0.233434707 0.247009799 0
vt 0.246836796 0.258740187 0
vt 0.235221207 0.264029503 0
vt 0.215700507 0.267847508 0
vt 0.965249002 0.944851696 0
vt 0.970024884 0.955218375 0
vt 0.955477297 0.945065796 0
vt 0.291148394 0.281217813 0
vt 0.307482392 0.285213798 0
vt 0.288114697 0.297311813 0
vt 0.282146513 0.284600407 0
vt 0.298190802 0.292888999 0
vt 0.280082494 0.301647395 0
vt 0.258285105 0.292378396 0
vt 0.247626007 0.276686311 0
vt 0.227070406 0.318302602 0
vt 0.237986699 0.297832489 0
vt 0.255462408 0.314205408 0
vt 0.268568307 0.309344709 0
vt 0.800260305 0.768073916 0
vt 0.80209738 0.76167208 0
vt 0.809713125 0.763066411 0
vt 0.818713427 0.762853622 0
vt 0.810543299 0.766143978 0
vt 0.813642979 0.769528508 0
vt 0.824010789 0.760195076 0
vt 0.814396024 0.758646727 0
vt 0.960336328 0.846659422 0
vt 0.95664978 0.851010323 0
vt 0.95790422 0.83887738 0
vt 0.732664704 0.365052193 0
vt 0.729867816 0.369647205 0
vt 0.729867816 0.357199103 0
vt 0.96007359 0.858222127 0
vt 0.963306427 0.855326176 0
vt 0.9513188 0.871534884 0
vt 0.947428524 0.867213309 0
vt 0.951363802 0.855636895 0
vt 0.8419649 0.76065743 0
vt 0.82795471 0.765586913 0
vt 0.837970972 0.757559121 0
vt 0.934851408 0.911854208 0
vt 0.951391876 0.892379105 0
vt 0.943676174 0.883095503 0
vt 0.948423326 0.87995708 0
vt 0.955448627 0.861699879 0
vt 0.953974128 0.842253804 0
vt 0.950887024 0.901074827 0
vt 0.84884268 0.754029274 0
vt 0.95602411 0.890937626 0
vt 0.956503928 0.884363592 0
vt 0.954886794 0.873247981 0
vt 0.959206998 0.87160641 0
vt 0.961215675 0.881788313 0
vt 0.964064479 0.878768325 0
vt 0.957904577 0.899942279 0
vt 0.957350075 0.912892401 0
vt 0.96285218 0.895565212 0
vt 0.96297133 0.889069498 0
vt 0.959839404 0.909630001 0
vt 0.345184505 0.723011374 0
vt 0.343213409 0.728525817 0
vt 0.343213409 0.713550627 0
vt 0.966112673 0.803512812 0
vt 0.967477977 0.806296825 0
vt 0.965687573 0.816127419 0
vt 0.968350172 0.815149724 0
vt 0.964921117 0.829037011 0
vt 0.967461407 0.833303511 0
vt 0.964782298 0.839789927 0
vt 0.968469679 0.824805796 0
vt 0.969557703 0.807133973 0
vt 0.963685811 0.814811409 0
vt 0.972571075 0.801260114 0
vt 0.964888871 0.84858042 0
vt 0.968269825 0.847407877 0
vt 0.967223823 0.859453022 0
vt 0.969218314 0.857242227 0
vt 0.969085276 0.838556111 0
vt 0.802898109 0.758505106 0
vt 0.962796986 0.827175915 0
vt 0.963428617 0.86500603 0
vt 0.966315508 0.86671561 0
vt 0.969037473 0.885697722 0
vt 0.971197486 0.894741714 0
vt 0.964713573 0.926059723 0
vt 0.923799872 0.93584162 0
vt 0.940219522 0.937972784 0
vt 0.961699486 0.934759617 0
vt 0.965573013 0.932995796 0
vt 0.967275977 0.921436489 0
vt 0.967440426 0.914239228 0
vt 0.966993928 0.875627518 0
vt 0.967056215 0.89098531 0
vt 0.971153319 0.906398773 0
vt 0.960639179 0.833699226 0
vt 0.970829606 0.900518715 0
vt 0.826285601 0.756373227 0
vt 0.305991501 0.261639804 0
vt 0.832699418 0.756488621 0
vt 0.970887423 0.798532009 0
vt 0.969038129 0.868077219 0
vt 0.973436177 0.890664995 0
vt 0.972414672 0.881981909 0
vt 0.97127372 0.812098026 0
vt 0.971729815 0.872976303 0
vt 0.970605791 0.843399882 0
vt 0.970726788 0.831001878 0
vt 0.974917293 0.899851501 0
vt 0.970970392 0.853232622 0
vt 0.975544393 0.920911014 0
vt 0.975757718 0.929231703 0
vt 0.974707305 0.935146272 0
vt 0.975010872 0.910831928 0
vt 0.975434721 0.941653609 0
vt 0.969409823 0.942744076 0
vt 0.971318126 0.821945071 0
vt 0.971340775 0.864106119 0
vt 0.977392197 0.911302924 0
vt 0.975276709 0.949191093 0
vt 0.733237624 0.391376495 0
vt 0.72492981 0.385816902 0
vt 0.733237624 0.380851507 0
vt 0.825133979 0.782265604 0
vt 0.831855774 0.789439976 0
vt 0.818070412 0.788970292 0
vt 0.833570421 0.782127082 0
vt 0.814208984 0.781485975 0
vt 0.800332308 0.774546623 0
vt 0.825828671 0.774571478 0
vt 0.817486286 0.775018811 0
vt 0.833965421 0.772252977 0
vt 0.838398993 0.766313374 0
vt 0.8430776 0.772526503 0
vt 0.851137519 0.790298879 0
vt 0.841264784 0.789587915 0
vt 0.853734612 0.78433311 0
vt 0.867923319 0.791599214 0
vt 0.288845688 0.184804007 0
vt 0.893466711 0.893267572 0
vt 0.903812706 0.885853112 0
vt 0.902680278 0.892695129 0
vt 0.279394805 0.188759506 0
vt 0.877298474 0.775675118 0
vt 0.870645702 0.777952373 0
vt 0.865689278 0.783073187 0
vt 0.842463374 0.78021282 0
vt 0.927750826 0.872440994 0
vt 0.924366772 0.869286478 0
vt 0.852919579 0.775840223 0
vt 0.862530112 0.775170207 0
vt 0.860960603 0.7911641 0
vt 0.895129919 0.900360227 0
vt 0.848724127 0.763568878 0
vt 0.94191432 0.860666692 0
vt 0.948827803 0.84864068 0
vt 0.928258598 0.88129878 0
vt 0.853600919 0.768120229 0
vt 0.935400426 0.8793239 0
vt 0.934813678 0.871213078 0
vt 0.932485819 0.860700786 0
vt 0.859984875 0.764506996 0
vt 0.941259503 0.872956574 0
vt 0.806330979 0.785714209 0
vt 0.871789217 0.771494925 0
vt 0.853818417 0.757253826 0
vt 0.196245402 0.282077312 0
vt 0.176663905 0.319325686 0
vt 0.188641295 0.189351603 0
vt 0.2027881 0.231378704 0
vt 0.199007496 0.00637656404 0
vt 0.217748702 0.00812822487 0
vt 0.232490495 0.0102263 0
vt 0.249948606 0.0136634698 0
vt 0.265681386 0.0179089904 0
vt 0.280424505 0.0230018403 0
vt 0.293899685 0.0291659795 0
vt 0.878093123 0.957260013 0
vt 0.866828918 0.955533504 0
vt 0.852050424 0.953794003 0
vt 0.8300758 0.952029824 0
vt 0.808404505 0.951066792 0
vt 0.7896263 0.950676024 0
vt 0.770388901 0.95071727 0
vt 0.754799902 0.951042175 0
vt 0.73931241 0.951626301 0
vt 0.716866016 0.952934921 0
vt 0.694506705 0.954935908 0
vt 0.675054312 0.957260013 0
vt 0.332009107 0.719275296 0
vt 0.311541706 0.875483513 0
vt 0.311541706 0.713550508 0
vt 0.604381204 0.89628911 0
vt 0.596132278 0.728608608 0
vt 0.604381204 0.726904273 0
vt 0.446554691 0.0132461097 0
vt 0.463660985 0.0162900593 0
vt 0.478025198 0.0181991998 0
vt 0.496413112 0.0199186802 0
vt 0.171704397 0.00560212089 0
vt 0.523460627 0.0210924093 0
vt 0.53913343 0.205918401 0
vt 0.546773314 0.0207615402 0
vt 0.550069511 0.209010795 0
vt 0.559100688 0.193066403 0
vt 0.562154114 0.0199571792 0
vt 0.568531513 0.181025594 0
vt 0.576978683 0.01867765 0
vt 0.580652416 0.178210303 0
vt 0.59150058 0.0169081595 0
vt 0.592443407 0.176654294 0
vt 0.611698925 0.0135176703 0
vt 0.602418602 0.178366095 0
vt 0.610041618 0.172752604 0
vt 0.619597971 0.168577895 0
vt 0.630034685 0.00904685166 0
vt 0.629594028 0.167837903 0
vt 0.641068518 0.00560212089 0
vt 0.638559401 0.162487894 0
vt 0.370739907 0.730875492 0
vt 0.367460907 0.8889063 0
vt 0.357072711 0.727663279 0
vt 0.3582142 0.885475814 0
vt 0.37777701 0.889976978 0
vt 0.386101604 0.73356241 0
vt 0.389380813 0.892658293 0
vt 0.403390497 0.735780716 0
vt 0.40488109 0.893594325 0
vt 0.421458006 0.737289727 0
vt 0.414095908 0.896693528 0
vt 0.423015088 0.896568418 0
vt 0.436467111 0.738051474 0
vt 0.432806104 0.897513807 0
vt 0.445350885 0.903711498 0
vt 0.455586493 0.738423228 0
vt 0.4589791 0.903460681 0
vt 0.1447566 0.00695735216 0
vt 0.149280101 0.171206802 0
vt 0.136443093 0.164056107 0
vt 0.1641123 0.196503595 0
vt 0.474943191 0.738100827 0
vt 0.471960604 0.900755823 0
vt 0.481044888 0.898413122 0
vt 0.494175613 0.737158 0
vt 0.491500795 0.895508707 0
vt 0.499132514 0.897835314 0
vt 0.512972713 0.735541224 0
vt 0.50992161 0.894279778 0
vt 0.519165516 0.893287122 0
vt 0.531040311 0.733346105 0
vt 0.528059006 0.892228305 0
vt 0.53722018 0.89195931 0
vt 0.548035502 0.73054111 0
vt 0.545657992 0.891371608 0
vt 0.555322826 0.890530109 0
vt 0.565198123 0.726904273 0
vt 0.564790905 0.886206806 0
vt 0.576513827 0.883302271 0
vt 0.0894400999 0.0167313199 0
vt 0.079779923 0.169747993 0
vt 0.0716952011 0.0226508304 0
vt 0.0887003466 0.1692646 0
vt 0.108611397 0.0120811397 0
vt 0.0983849093 0.166746706 0
vt 0.111320801 0.166431397 0
vt 0.126292706 0.00907868054 0
vt 0.1231573 0.162943095 0
vt 0.54861182 0.255284399 0
vt 0.570343673 0.295429587 0
vt 0.565246224 0.257374704 0
vt 0.581528604 0.330378294 0
vt 0.55375272 0.308275908 0
vt 0.561094105 0.221486896 0
vt 0.357072711 0.351659894 0
vt 0.00563079119 0.324124902 0
vt 0.1193728 0.312100202 0
vt 0.34585619 0.326712906 0
vt 0.697264671 0.356052101 0
vt 0.357079208 0.369999409 0
vt 0.697287977 0.380215198 0
vt 0.357121497 0.386652201 0
vt 0.697397709 0.405535787 0
vt 0.357214808 0.405535907 0
vt 0.931528628 0.00560742617 0
vt 0.933009207 0.34583199 0
vt 0.909983993 0.345829695 0
vt 0.908191681 0.00560516119 0
vt 0.886423707 0.345828205 0
vt 0.884656727 0.00560367107 0
vt 0.860983074 0.345827103 0
vt 0.858838022 0.00560259819 0
vt 0.833864689 0.345826596 0
vt 0.831907809 0.00560212089 0
vt 0.806554198 0.345826596 0
vt 0.808388174 0.00560212089 0
vt 0.781183124 0.00560271693 0
vt 0.775770605 0.345827401 0
vt 0.75556457 0.00560378982 0
vt 0.750293195 0.345828503 0
vt 0.738699377 0.00560486317 0
vt 0.730336308 0.345829993 0
vt 0.719495177 0.0056065321 0
vt 0.709844112 0.34583199 0
vt 0.345854789 0.483919501 0
vt 0.00563442707 0.473469913 0
vt 0.345861107 0.465377003 0
vt 0.00564044714 0.449815392 0
vt 0.345865101 0.448013395 0
vt 0.00564342691 0.427920789 0
vt 0.345868289 0.4221313 0
vt 0.00564420223 0.40853551 0
vt 0.345868289 0.391131312 0
vt 0.00564372493 0.389326811 0
vt 0.00564104319 0.365828902 0
vt 0.345865101 0.3638511 0
vt 0.00563639402 0.342775106 0
vt 0.345861286 0.344934404 0
vt 0.150706202 0.210012004 0
vt 0.141047493 0.208772004 0
vt 0.152951196 0.268727303 0
vt 0.136435404 0.249066204 0
vt 0.134000793 0.262485892 0
vt 0.133563295 0.2379224 0
vt 0.0531200096 0.2463945 0
vt 0.0631775782 0.245565996 0
vt 0.0560413003 0.253684402 0
vt 0.0956861302 0.274415493 0
vt 0.0872740075 0.264847606 0
vt 0.108275697 0.258322001 0
vt 0.544149995 0.950303912 0
vt 0.534228325 0.944800198 0
vt 0.541522503 0.943073273 0
vt 0.515409172 0.910445571 0
vt 0.529030919 0.914843082 0
vt 0.519793391 0.9176718 0
vt 0.55484271 0.897812128 0
vt 0.548800826 0.902323782 0
vt 0.5405671 0.897832572 0
vt 0.531678319 0.899405301 0
vt 0.540701807 0.904567778 0
vt 0.51282227 0.905161798 0
vt 0.510501802 0.899763405 0
vt 0.522461772 0.899926126 0
vt 0.533746421 0.907911122 0
vt 0.525435984 0.906475782 0
vt 0.489183009 0.902520597 0
vt 0.495423585 0.908294618 0
vt 0.482896507 0.909165978 0
vt 0.469545513 0.908903897 0
vt 0.543550372 0.911952376 0
vt 0.536064208 0.915759921 0
vt 0.545709908 0.919340372 0
vt 0.553231299 0.9151389 0
vt 0.537705004 0.928209722 0
vt 0.535810471 0.93210578 0
vt 0.51777178 0.921268225 0
vt 0.503913701 0.908078194 0
vt 0.50627768 0.915996909 0
vt 0.555701375 0.908253074 0
vt 0.505368412 0.920651674 0
vt 0.493569404 0.920832574 0
vt 0.488963306 0.917148173 0
vt 0.547639906 0.940570772 0
vt 0.547834396 0.934778214 0
vt 0.465410709 0.917779326 0
vt 0.452571601 0.913194716 0
vt 0.518547177 0.927942276 0
vt 0.527085781 0.931632578 0
vt 0.561904371 0.960514426 0
vt 0.556010902 0.955765307 0
vt 0.554621398 0.945936084 0
vt 0.55028069 0.949625075 0
vt 0.552181423 0.957637012 0
vt 0.556224108 0.961123705 0
vt 0.525484085 0.936377525 0
vt 0.53377372 0.938437104 0
vt 0.521359503 0.938687205 0
vt 0.323900491 0.52851522 0
vt 0.325917095 0.536556304 0
vt 0.323154211 0.543180406 0
vt 0.571788192 0.975858927 0
vt 0.566455126 0.962119818 0
vt 0.561964989 0.948965013 0
vt 0.563843727 0.969912708 0
vt 0.328258514 0.538463116 0
vt 0.555634379 0.941217721 0
vt 0.329387188 0.530773222 0
vt 0.326875597 0.521296918 0
vt 0.331977189 0.525890827 0
vt 0.328142405 0.548728526 0
vt 0.332135707 0.536840677 0
vt 0.331594706 0.547237813 0
vt 0.328622192 0.553803921 0
vt 0.330656707 0.519435406 0
vt 0.55650568 0.965417087 0
vt 0.548902392 0.958299577 0
vt 0.334933192 0.534437478 0
vt 0.543375075 0.953864694 0
vt 0.335298002 0.5422616 0
vt 0.335431606 0.548779607 0
vt 0.331307501 0.556879222 0
vt 0.536342502 0.950734973 0
vt 0.334651709 0.5595209 0
vt 0.331239492 0.563637793 0
vt 0.336896002 0.553265512 0
vt 0.337609112 0.561823428 0
vt 0.335140198 0.570608795 0
vt 0.332428992 0.571454585 0
vt 0.333929002 0.582204819 0
vt 0.335415989 0.578833401 0
vt 0.332033187 0.580854475 0
vt 0.337044209 0.569821894 0
vt 0.3371571 0.579584181 0
vt 0.336194396 0.589144409 0
vt 0.507338107 0.926045179 0
vt 0.476984411 0.920624673 0
vt 0.474657387 0.915107787 0
vt 0.515642107 0.932370007 0
vt 0.495819807 0.926363826 0
vt 0.485419989 0.923693001 0
vt 0.456464499 0.91968751 0
vt 0.482019901 0.92652142 0
vt 0.472559988 0.925410628 0
vt 0.467071295 0.922150016 0
vt 0.459256113 0.924828887 0
vt 0.464338899 0.926511824 0
vt 0.4920941 0.928207815 0
vt 0.510950506 0.934480727 0
vt 0.506400526 0.929743409 0
vt 0.511328816 0.939009607 0
vt 0.506400824 0.936445177 0
vt 0.518018126 0.939798713 0
vt 0.519205213 0.942522705 0
vt 0.528213203 0.94566083 0
vt 0.332787514 0.590491176 0
vt 0.335353702 0.598164678 0
vt 0.333715588 0.594504714 0
vt 0.333957195 0.607969224 0
vt 0.332082808 0.599072278 0
vt 0.331069201 0.604521811 0
vt 0.492882192 0.934563577 0
vt 0.494064987 0.933468878 0
vt 0.502332091 0.938196898 0
vt 0.331630796 0.617929816 0
vt 0.333743006 0.616580129 0
vt 0.330440491 0.617105186 0
vt 0.496883512 0.933024406 0
vt 0.502053022 0.932372928 0
vt 0.490914494 0.930564404 0
vt 0.483312994 0.930826306 0
vt 0.472447515 0.928265095 0
vt 0.453446299 0.928176224 0
vt 0.461722702 0.928257704 0
vt 0.474942207 0.930042624 0
vt 0.468082309 0.930222929 0
vt 0.457258999 0.929874301 0
vt 0.331933796 0.625318527 0
vt 0.328723013 0.627988875 0
vt 0.331226408 0.634472013 0
vt 0.330165207 0.630895317 0
vt 0.327895999 0.636053979 0
vt 0.329182893 0.643665671 0
vt 0.327609986 0.642405093 0
vt 0.327613592 0.652747512 0
vt 0.325738311 0.652527511 0
vt 0.479853511 0.932138801 0
vt 0.7448892 0.361236215 0
vt 0.743869007 0.369647205 0
vt 0.743869007 0.357361197 0
vt 0.0954407975 0.259380698 0
vt 0.110191703 0.243731007 0
vt 0.0698896572 0.233021304 0
vt 0.0762822032 0.232218593 0
vt 0.0713885427 0.251622885 0
vt 0.080619812 0.243730396 0
vt 0.0860182568 0.225857303 0
vt 0.0864854977 0.247284099 0
vt 0.0914184377 0.2290245 0
vt 0.0949370787 0.244463995 0
vt 0.0498600602 0.242174894 0
vt 0.0589249693 0.229708001 0
vt 0.0611540005 0.236021593 0
vt 0.576184094 0.954157412 0
vt 0.574439228 0.962644577 0
vt 0.571480811 0.951885819 0
vt 0.573273778 0.969224095 0
vt 0.567462802 0.951990008 0
vt 0.0767782331 0.261252999 0
vt 0.0582057796 0.266258299 0
vt 0.633158028 0.737611175 0
vt 0.633158028 0.726904273 0
vt 0.641209722 0.737039506 0
vt 0.0858727619 0.289996594 0
vt 0.0775529668 0.277241111 0
vt 0.0660782978 0.295395911 0
vt 0.124636799 0.235982105 0
vt 0.112338603 0.296935886 0
vt 0.100317404 0.288522601 0
vt 0.06054461 0.284827411 0
vt 0.091846101 0.313324302 0
vt 0.0775617883 0.305857211 0
vt 0.0521383211 0.293811888 0
vt 0.0637721419 0.273954511 0
vt 0.0479223691 0.283966005 0
vt 0.0419345982 0.281167597 0
vt 0.04937011 0.268720508 0
vt 0.0456027314 0.264772505 0
vt 0.0364281498 0.276021302 0
vt 0.0360594913 0.261701614 0
vt 0.0304885507 0.269327104 0
vt 0.0262126308 0.262647212 0
vt 0.0447743498 0.256235987 0
vt 0.709844112 0.380851507 0
vt 0.713725507 0.382469296 0
vt 0.709844112 0.399122685 0
vt 0.0406914912 0.251150399 0
vt 0.577245116 0.977380812 0
vt 0.321620703 0.503780127 0
vt 0.327540904 0.511986017 0
vt 0.321353108 0.511983514 0
vt 0.312860608 0.502222478 0
vt 0.0284707509 0.255830407 0
vt 0.311541706 0.512774229 0
vt 0.319554299 0.517198205 0
vt 0.317729205 0.52231741 0
vt 0.0352787301 0.246068403 0
vt 0.718663514 0.357036412 0
vt 0.718663514 0.369647205 0
vt 0.709844112 0.366587907 0
vt 0.132062405 0.191040605 0
vt 0.125312507 0.181423604 0
vt 0.118792802 0.219727606 0
vt 0.117856897 0.203979 0
vt 0.101693399 0.227464899 0
vt 0.1087282 0.229612693 0
vt 0.106954299 0.210013896 0
vt 0.104151197 0.196042493 0
vt 0.114869103 0.182760194 0
vt 0.0952219293 0.179021403 0
vt 0.079662621 0.177266702 0
vt 0.097561948 0.189182207 0
vt 0.0864952803 0.186962396 0
vt 0.577105522 0.89146781 0
vt 0.56649518 0.893080115 0
vt 0.563161671 0.90151602 0
vt 0.584927917 0.902917922 0
vt 0.582739115 0.915860176 0
vt 0.574101925 0.901041985 0
vt 0.573205709 0.909951985 0
vt 0.563831985 0.909523308 0
vt 0.087387912 0.204231605 0
vt 0.0803134963 0.198404297 0
vt 0.0921053812 0.209270805 0
vt 0.0986462831 0.212592393 0
vt 0.0795614123 0.218258902 0
vt 0.569333017 0.921047211 0
vt 0.56759572 0.934906125 0
vt 0.565023482 0.926724911 0
vt 0.562558174 0.919030309 0
vt 0.554770529 0.923665524 0
vt 0.576925874 0.932135522 0
vt 0.576292813 0.919132292 0
vt 0.580640316 0.928867579 0
vt 0.0728583932 0.209490702 0
vt 0.538751006 0.92389518 0
vt 0.550148904 0.929061174 0
vt 0.560872078 0.934601426 0
vt 0.57326591 0.938600004 0
vt 0.580387771 0.954262197 0
vt 0.0670750737 0.212447494 0
vt 0.0687483475 0.220753402 0
vt 0.5826388 0.942814171 0
vt 0.317210197 0.52889818 0
vt 0.320008814 0.538065612 0
vt 0.744441926 0.394186288 0
vt 0.744441926 0.380851507 0
vt 0.749325514 0.391577601 0
vt 0.595564187 0.336121708 0
vt 0.626494884 0.334231406 0
vt 0.62730062 0.315802187 0
vt 0.641216218 0.32361871 0
vt 0.631042123 0.177816197 0
vt 0.639449179 0.171721101 0
vt 0.358284891 0.895070314 0
vt 0.618993223 0.178061396 0
vt 0.648982882 0.174595699 0
vt 0.650507927 0.181356698 0
vt 0.641706526 0.185061499 0
vt 0.367172211 0.896568775 0
vt 0.625362694 0.201691598 0
vt 0.618651509 0.193665907 0
vt 0.623877227 0.187711105 0
vt 0.632654071 0.186199397 0
vt 0.357072711 0.90879631 0
vt 0.366557986 0.903438091 0
vt 0.634673774 0.194624007 0
vt 0.597924113 0.191998795 0
vt 0.588919818 0.1949552 0
vt 0.593782604 0.215712607 0
vt 0.606777072 0.191879004 0
vt 0.56920898 0.205261707 0
vt 0.64599973 0.195414394 0
vt 0.649866521 0.203416795 0
vt 0.64543277 0.207702503 0
vt 0.637323022 0.203413695 0
vt 0.630818486 0.210434005 0
vt 0.626244426 0.219625205 0
vt 0.616785228 0.204067498 0
vt 0.639082313 0.213150606 0
vt 0.606166899 0.210043103 0
vt 0.643545687 0.223638102 0
vt 0.653660715 0.215068802 0
vt 0.635084212 0.222339794 0
vt 0.634079874 0.233322501 0
vt 0.642574191 0.236626595 0
vt 0.658031225 0.199836701 0
vt 0.660545886 0.216698498 0
vt 0.650657117 0.226319596 0
vt 0.61533618 0.225472495 0
vt 0.600432694 0.222719297 0
vt 0.578228474 0.207422301 0
vt 0.587395906 0.227053106 0
vt 0.577857018 0.229610905 0
vt 0.625885129 0.242843196 0
vt 0.605885386 0.234903306 0
vt 0.614173412 0.248936996 0
vt 0.594781816 0.244821593 0
vt 0.603624701 0.257567793 0
vt 0.586899102 0.241183102 0
vt 0.585368574 0.263731301 0
vt 0.571759999 0.246213093 0
vt 0.666092873 0.272421092 0
vt 0.664332092 0.283340514 0
vt 0.652918875 0.279008001 0
vt 0.666394711 0.297374904 0
vt 0.660096526 0.299039513 0
vt 0.644406974 0.279825211 0
vt 0.649083912 0.299546689 0
vt 0.643657506 0.302758187 0
vt 0.637465477 0.282735109 0
vt 0.599234104 0.277865887 0
vt 0.628612578 0.284942597 0
vt 0.617211282 0.277985305 0
vt 0.629929483 0.2967107 0
vt 0.579999983 0.277800292 0
vt 0.658640206 0.227822393 0
vt 0.657726705 0.237062499 0
vt 0.651126802 0.238898501 0
vt 0.638280511 0.248499602 0
vt 0.627575815 0.259237289 0
vt 0.614949405 0.266178697 0
vt 0.593800187 0.292369902 0
vt 0.610583425 0.29257831 0
vt 0.606338918 0.304667085 0
vt 0.649079025 0.250918597 0
vt 0.659734428 0.253391802 0
vt 0.655742407 0.266105413 0
vt 0.645488977 0.261602491 0
vt 0.63193363 0.268274307 0
vt 0.588662803 0.305906385 0
vt 0.656973124 0.311956704 0
vt 0.634749174 0.307517499 0
vt 0.648224711 0.318647504 0
vt 0.611901402 0.335405409 0
vt 0.4255853 0.919916809 0
vt 0.425483912 0.925110817 0
vt 0.415951103 0.92357868 0
vt 0.418377995 0.926484108 0
vt 0.443558007 0.923592925 0
vt 0.436043501 0.922091901 0
vt 0.434748292 0.919043601 0
vt 0.431253701 0.926721513 0
vt 0.445145488 0.917132676 0
vt 0.411534905 0.929946005 0
vt 0.40191099 0.930028677 0
vt 0.406360507 0.924490392 0
vt 0.393688112 0.935201824 0
vt 0.390966803 0.9307428 0
vt 0.385228992 0.926465213 0
vt 0.395105302 0.925196707 0
vt 0.38252309 0.93299371 0
vt 0.373129606 0.936297178 0
vt 0.370218813 0.942847311 0
vt 0.662927508 0.205910504 0
vt 0.666776896 0.222047806 0
vt 0.66647768 0.238722995 0
vt 0.665288389 0.249925107 0
vt 0.668268979 0.214887306 0
vt 0.667466283 0.230657101 0
vt 0.375740498 0.941073477 0
vt 0.401547998 0.922406793 0
vt 0.412297398 0.918837011 0
vt 0.382947892 0.938909411 0
vt 0.400369108 0.933808982 0
vt 0.388257802 0.940551221 0
vt 0.378016591 0.945307374 0
vt 0.424010992 0.916866601 0
vt 0.369398206 0.933412611 0
vt 0.363382101 0.947468817 0
vt 0.671393573 0.212729499 0
vt 0.670028329 0.198939502 0
vt 0.67298758 0.2054995 0
vt 0.666926384 0.263440907 0
vt 0.673229814 0.2350896 0
vt 0.676897883 0.211552903 0
vt 0.673359871 0.253262192 0
vt 0.672186315 0.261586696 0
vt 0.678105175 0.238194197 0
vt 0.675167024 0.226471305 0
vt 0.367710501 0.949296176 0
vt 0.679466784 0.211113006 0
vt 0.679576516 0.218745798 0
vt 0.449615806 0.925848603 0
vt 0.44080469 0.927537322 0
vt 0.432301402 0.929219723 0
vt 0.444443703 0.928876519 0
vt 0.433399409 0.930335701 0
vt 0.423216611 0.931556225 0
vt 0.419397414 0.930209279 0
vt 0.414304286 0.93414551 0
vt 0.407624602 0.934665084 0
vt 0.325598806 0.660718203 0
vt 0.398689687 0.936661422 0
vt 0.387344807 0.943454087 0
vt 0.369724214 0.950257123 0
vt 0.683916628 0.2218052 0
vt 0.680360377 0.203297898 0
vt 0.681707382 0.194920704 0
vt 0.682902217 0.203970596 0
vt 0.684395909 0.197305501 0
vt 0.686740816 0.200143501 0
vt 0.68492651 0.190084293 0
vt 0.404958397 0.937805176 0
vt 0.448539406 0.929889083 0
vt 0.675204396 0.201331303 0
vt 0.678033113 0.221600503 0
vt 0.665427923 0.198612899 0
vt 0.67700088 0.248702407 0
vt 0.681666076 0.232548997 0
vt 0.683631718 0.213799402 0
vt 0.682870626 0.228157803 0
vt 0.681128204 0.238585398 0
vt 0.687124074 0.190914795 0
vt 0.684340417 0.182136402 0
vt 0.396777213 0.940847814 0
vt 0.686804593 0.207194194 0
vt 0.421518892 0.933634102 0
vt 0.319145709 0.674191177 0
vt 0.321569592 0.664551497 0
vt 0.322635502 0.668925822 0
vt 0.438979298 0.931263208 0
vt 0.688649714 0.198941395 0
vt 0.639842927 0.748815715 0
vt 0.641209781 0.74960202 0
vt 0.639842927 0.757061124 0
vt 0.32038039 0.677005172 0
vt 0.688756704 0.221071407 0
vt 0.68539381 0.208980307 0
vt 0.620196104 0.757356226 0
vt 0.620196104 0.750964224 0
vt 0.621953726 0.752832115 0
vt 0.412787288 0.935827971 0
vt 0.317364007 0.684018373 0
vt 0.688695371 0.228658602 0
vt 0.688847125 0.212305993 0
vt 0.688859105 0.206094205 0
vt 0.685821176 0.232959807 0
vt 0.689539015 0.196177006 0
vt 0.3142699 0.695511281 0
vt 0.311544597 0.697579086 0
vt 0.314802796 0.691214204 0
vt 0.323807806 0.660540819 0
vt 0.683824182 0.246512502 0
vt 0.674175918 0.285726786 0
vt 0.676522911 0.276741892 0
vt 0.678179801 0.263637215 0
vt 0.68329978 0.2588754 0
vt 0.687574506 0.246786207 0
vt 0.689540327 0.184014395 0
vt 0.689589381 0.189910501 0
vt 0.687318921 0.185230896 0
vt 0.68853718 0.237124607 0
vt 0.681423008 0.269225687 0
vt 0.318425089 0.686376512 0
vt 0.439264387 0.91094017 0
vt 0.430964798 0.903792024 0
vt 0.426260799 0.911155879 0
vt 0.418157101 0.906634629 0
vt 0.407891303 0.916214108 0
vt 0.400170892 0.917172313 0
vt 0.399944007 0.898677111 0
vt 0.392897487 0.899638712 0
vt 0.382279605 0.896070302 0
vt 0.375996798 0.897574127 0
vt 0.387571692 0.902437508 0
vt 0.365675509 0.910420597 0
vt 0.375549406 0.909082592 0
vt 0.384428501 0.910134017 0
vt 0.397493094 0.908403218 0
vt 0.409327209 0.906604826 0
vt 0.391171813 0.917106271 0
vt 0.3645401 0.918794513 0
vt 0.38382861 0.919323206 0
vt 0.376548409 0.92004472 0
vt 0.367946208 0.922616303 0
vt 0.37590611 0.929037511 0
vt 0.657877088 0.190574706 0
vt 0.362754613 0.930330694 0
vt 0.653106511 0.1892647 0
vt 0.396745801 0.93935293 0
vt 0.357598007 0.248088405 0
vt 0.357090086 0.337195098 0
vt 0.35712859 0.322095007 0
vt 0.35720861 0.302098989 0
vt 0.357320905 0.282520205 0
vt 0.357432991 0.266931415 0
vt 0.357823789 0.227224201 0
vt 0.358075708 0.208476007 0
vt 0.358313203 0.193976402 0
vt 0.368164986 0.187908098 0
vt 0.994397819 0.73697108 0
vt 0.990747273 0.748247683 0
vt 0.987414122 0.76107651 0
vt 0.984597981 0.775018275 0
vt 0.982435226 0.789055228 0
vt 0.98082 0.803559124 0
vt 0.979507387 0.823101878 0
vt 0.979200304 0.842993498 0
vt 0.979961514 0.866391718 0
vt 0.982069373 0.888752699 0
vt 0.984799206 0.907487392 0
vt 0.98910898 0.927994788 0
vt 0.994397879 0.946274877 0
vt 0.345824808 0.266316712 0
vt 0.345834404 0.279713809 0
vt 0.345842898 0.294567496 0
vt 0.345850408 0.311045408 0
vt 0.341705889 0.510802925 0
vt 0.3316468 0.670345128 0
vt 0.336321801 0.651705503 0
vt 0.326547712 0.68634522 0
vt 0.320614994 0.701694071 0
vt 0.311541706 0.702346206 0
vt 0.698401272 0.201758906 0
vt 0.698639691 0.188496694 0
vt 0.698212802 0.2140719 0
vt 0.698041677 0.226984203 0
vt 0.697844207 0.244395599 0
vt 0.697645426 0.266135693 0
vt 0.697507977 0.285172999 0
vt 0.697397172 0.304756194 0
vt 0.697320879 0.324147195 0
vt 0.69728303 0.339261204 0
vt 0.005625844 0.310651302 0
vt 0.00561779691 0.293534994 0
vt 0.00560969114 0.279266208 0
vt 0.315855891 0.495123804 0
vt 0.339204609 0.498394191 0
vt 0.00560212089 0.26849401 0
vt 0.344041109 0.527473271 0
vt 0.345585793 0.548245072 0
vt 0.345868289 0.567043126 0
vt 0.345464885 0.582157373 0
vt 0.344116896 0.601881027 0
vt 0.34179759 0.621499419 0
vt 0.339300811 0.636915624 0
vt 0.238741294 0.765166402 0
vt 0.0560352802 0.528393626 0
vt 0.249685794 0.755635321 0
vt 0.0694987103 0.51821208 0
vt 0.292305708 0.621915102 0
vt 0.294124991 0.637133718 0
vt 0.238273203 0.528118074 0
vt 0.252212405 0.54101193 0
vt 0.0102877598 0.601299524 0
vt 0.223005101 0.775985479 0
vt 0.202661902 0.785753071 0
vt 0.0213561598 0.572476923 0
vt 0.0379890203 0.546786904 0
vt 0.26519841 0.55690372 0
vt 0.2943708 0.656601727 0
vt 0.2629731 0.741035879 0
vt 0.273623496 0.570016325 0
vt 0.280840188 0.584103525 0
vt 0.280540794 0.712107122 0
vt 0.273299187 0.725828588 0
vt 0.082188718 0.510656476 0
vt 0.0992076322 0.503040373 0
vt 0.117298298 0.49789229 0
vt 0.1356785 0.495123804 0
vt 0.291473806 0.67896229 0
vt 0.286330491 0.697662413 0
vt 0.0199047308 0.708244205 0
vt 0.0105842901 0.682579994 0
vt 0.00560212089 0.655474186 0
vt 0.157790706 0.495123804 0
vt 0.176517799 0.497990102 0
vt 0.181029901 0.792081594 0
vt 0.162668198 0.794511616 0
vt 0.00565338088 0.628251493 0
vt 0.287819594 0.602620721 0
vt 0.0723804832 0.76982069 0
vt 0.0542822406 0.755351901 0
vt 0.143555 0.794606924 0
vt 0.191056296 0.501948118 0
vt 0.205614194 0.507677376 0
vt 0.222223893 0.516466081 0
vt 0.121110901 0.7912485 0
vt 0.0956914425 0.78288269 0
vt 0.0359763503 0.735059202 0

# 2041 vertex normals
vn 0.00000000 -0.00000000 1.00000000
vn 0.00000820 0.00002151 1.00000000
vn -0.00001733 -0.00001837 1.00000000
vn 0.00000097 -0.00000000 1.00000000
vn -0.00000031 -0.00000000 1.00000000
vn 0.00002877 0.00003652 1.00000000
vn 0.00000018 -0.00000000 1.00000000
vn 0.00000029 -0.00000000 1.00000000
vn -0.00000143 -0.00000901 1.00000000
vn -0.00000280 -0.00001412 1.00000000
vn -0.00000101 -0.00000000 1.00000000
vn 0.00000073 -0.00000000 1.00000000
vn 0.00001021 0.00001564 1.00000000
vn -0.00001201 -0.00005063 1.00000000
vn 0.00000055 -0.00000000 1.00000000
vn 0.00000108 -0.00000000 1.00000000
vn -0.00000629 -0.00001341 1.00000000
vn 0.00000561 0.00001683 1.00000000
vn 0.00000085 0.00001403 1.00000000
vn -0.00000020 -0.00000000 1.00000000
vn 0.00000017 -0.00000000 1.00000000
vn -0.00001198 -0.00001896 1.00000000
vn 0.00000046 -0.00000000 1.00000000
vn -0.00000790 -0.00001416 1.00000000
vn -0.00000454 -0.00001195 1.00000000
vn 0.00000549 0.00002167 1.00000000
vn -0.00000096 -0.00000000 1.00000000
vn 0.00000031 -0.00000000 1.00000000
vn -0.00000085 -0.00000000 1.00000000
vn -0.00001502 -0.00004247 1.00000000
vn 0.00000487 0.00001313 1.00000000
vn 0.00000524 -0.00000000 1.00000000
vn -0.00000251 -0.00000000 1.00000000
vn 0.00000217 -0.00000000 1.00000000
vn -0.00000634 1.00000000 0.00001172
vn 0.00000000 1.00000000 -0.00000047
vn 0.00000000 1.00000000 0.00000098
vn 0.00000000 1.00000000 0.00000069
vn 0.00000000 1.00000000 0.00000000
vn 0.00000000 1.00000000 -0.00000285
vn 0.00000000 1.00000000 -0.00000192
vn 0.00000000 1.00000000 -0.00000430
vn 0.00000000 1.00000000 -0.00000086
vn 0.00000000 1.00000000 0.00000200
vn 0.00000000 1.00000000 -0.00000140
vn 0.00000000 1.00000000 0.00000131
vn 0.00000000 1.00000000 0.00000207
vn 0.00000000 1.00000000 0.00000019
vn 0.00000000 1.00000000 -0.00000451
vn 0.00000000 1.00000000 0.00000096
vn 0.00000251 1.00000000 0.00000904
vn 0.00000000 1.00000000 0.00000060
vn 0.00000000 1.00000000 0.00000182
vn 0.00000000 1.00000000 0.00000481
vn 0.00000000 1.00000000 -0.00000443
vn 0.00000000 1.00000000 0.00000238
vn 0.00000496 1.00000000 -0.00001355
vn 0.00000000 1.00000000 0.00000507
vn 0.00000000 1.00000000 -0.00000202
vn 0.00000000 1.00000000 0.00000441
vn 0.00000000 1.00000000 0.00000255
vn -0.00000307 1.00000000 -0.00000419
vn 0.00000000 1.00000000 -0.00000077
vn 0.00000000 1.00000000 -0.00000578
vn 0.00000000 1.00000000 -0.00000446
vn 0.00000000 1.00000000 -0.00000258
vn 0.00000000 1.00000000 0.00000330
vn 0.00000000 1.00000000 0.00000991
vn -0.98820990 0.01279991 0.15256991
vn -0.99497968 0.01485079 0.09896880
vn -0.99458742 0.01753014 0.10241370
vn -0.98702347 0.05049955 0.15242860
vn -0.99056703 0.02987074 0.13373441
vn -0.97847861 0.02628934 0.20466700
vn -0.99520773 0.01784414 0.09614241
vn -0.99960971 0.02322733 0.01552587
vn -0.99999261 -0.00289816 0.00257778
vn -0.99999958 0.00069425 0.00055184
vn -0.99939787 0.00638616 0.03410434
vn -0.99994409 0.00340188 0.01001679
vn -0.99878901 0.00376499 0.04905498
vn -0.03819233 0.19070210 0.98090482
vn -0.07877415 0.20222890 0.97616512
vn -0.03272491 0.06394219 0.99741691
vn -0.59067351 0.17218390 0.78832579
vn -0.33422911 0.08567994 0.93858928
vn -0.40522361 0.11805460 0.90656340
vn -0.55276692 0.15753430 0.81831032
vn -0.61378050 0.20898940 0.76131272
vn -0.55952179 0.25051659 0.79004860
vn -0.45656419 0.19894511 0.86716211
vn -0.54456782 0.21812961 0.80985522
vn -0.39173040 0.22059751 0.89324361
vn -0.50670201 0.25121009 0.82471001
vn -0.56849348 0.32074270 0.75758779
vn -0.46835020 0.08809787 0.87913990
vn -0.31722149 0.09679538 0.94339877
vn -0.18670420 0.05752795 0.98073041
vn -0.18786620 0.05991327 0.98036557
vn -0.41817591 0.27035591 0.86720038
vn -0.47753251 0.32880691 0.81476921
vn -0.55979598 0.34858319 0.75174361
vn -0.19784731 0.11905380 0.97297633
vn -0.25525171 0.16230661 0.95315432
vn -0.27775851 0.09433716 0.95600778
vn -0.30549851 0.08600419 0.94830060
vn -0.32523370 0.25013009 0.91195291
vn -0.30117670 0.30499849 0.90347582
vn -0.39301211 0.17359941 0.90299767
vn -0.46448711 0.21125010 0.86001462
vn -0.23706180 0.33229291 0.91289830
vn -0.17374300 0.21536890 0.96095252
vn -0.53258997 0.24010170 0.81160277
vn -0.07160931 0.15039350 0.98602933
vn -0.01179134 0.09071755 0.99580687
vn -0.13875680 0.13995330 0.98038751
vn -0.14738131 0.23343550 0.96113819
vn -0.19059379 0.27293861 0.94296271
vn -0.22443341 0.17529100 0.95859420
vn -0.28606710 0.14837369 0.94665247
vn -0.35849670 0.21805949 0.90770602
vn -0.42774251 0.26999891 0.86263382
vn -0.09290796 0.10007200 0.99063301
vn -0.30138361 0.41400769 0.85893291
vn -0.39249411 0.46633691 0.79276639
vn -0.46146640 0.45972559 0.75874978
vn -0.07289731 0.02994334 0.99688989
vn -0.60307062 0.51739180 0.60713392
vn -0.62430823 0.55952340 0.54513568
vn -0.67604852 0.60737318 0.41720060
vn -0.59917992 0.59411371 0.53666782
vn -0.53343111 0.56949621 0.62540013
vn -0.46016809 0.65205562 0.60255188
vn -0.59053451 0.61236513 0.52562147
vn -0.51450831 0.61387718 0.59869528
vn -0.73234278 0.62278950 0.27533159
vn -0.64724988 0.65478402 0.39028910
vn -0.65440172 0.64384228 0.39651659
vn -0.55970651 0.65837932 0.50325477
vn -0.72711581 0.63003981 0.27267659
vn -0.57619947 0.64682800 0.49960759
vn -0.78239322 0.59860182 0.17186271
vn -0.74834192 0.57284898 0.33440781
vn -0.73413742 0.58728159 0.34079689
vn -0.69594872 0.54795408 0.46411401
vn -0.68805951 0.55519080 0.46726599
vn -0.68274123 0.60041952 0.41636640
vn -0.64042270 0.70944798 0.29418069
vn -0.72998762 0.66041291 0.17599189
vn -0.69438201 0.70330918 0.15228230
vn -0.71965063 0.69063002 0.07164764
vn -0.76590830 0.62770438 0.13918290
vn -0.66745508 0.67585689 0.31260380
vn -0.46251920 0.69765341 0.54713422
vn -0.43898889 0.77279180 0.45834649
vn -0.54119289 0.69968432 0.46642491
vn -0.54899818 0.70319051 0.45180109
vn -0.58274812 0.69221222 0.42573109
vn -0.64401472 0.69192678 0.32631621
vn -0.44356841 0.75597131 0.48140901
vn -0.52732652 0.76560831 0.36847100
vn -0.64455122 0.75002778 0.14836510
vn -0.61813009 0.75660938 0.21320730
vn -0.60658062 0.78754199 0.10880100
vn -0.60658062 0.78754210 0.10880100
vn -0.59531742 0.78803551 0.15683541
vn -0.51250541 0.80326247 0.30349269
vn -0.44346279 0.80901951 0.38578251
vn -0.55819923 0.80090457 0.21671531
vn -0.51058251 0.83673048 0.19795820
vn -0.51900393 0.83761281 0.17041110
vn -0.48867679 0.86228991 0.13285761
vn -0.35022771 0.42428711 0.83505750
vn -0.32927099 0.36651239 0.87020069
vn -0.25883260 0.31888160 0.91176772
vn -0.18455151 0.29009560 0.93903428
vn -0.39024720 0.55556500 0.73420352
vn -0.27138001 0.52188081 0.80869871
vn -0.21025459 0.52528310 0.82454282
vn -0.25673601 0.24221130 0.93563902
vn -0.10925990 0.25711501 0.96018452
vn -0.21465580 0.04934781 0.97544229
vn -0.39402839 0.09592449 0.91407889
vn -0.47264901 0.09573203 0.87603557
vn -0.06813633 0.23958731 0.96848100
vn -0.14322139 0.14582460 0.97888857
vn -0.12643580 0.07415032 0.98919958
vn -0.33083320 0.45367101 0.82748538
vn -0.44341391 0.52958888 0.72313201
vn -0.24453460 0.46398729 0.85142147
vn -0.20534369 0.38862690 0.89822233
vn -0.14680840 0.36591139 0.91899741
vn -0.12475750 0.39645940 0.90953600
vn -0.02949684 0.20309880 0.97871393
vn -0.16369970 0.54099172 0.82494271
vn -0.09297138 0.47522929 0.87493640
vn -0.04327970 0.37497070 0.92602593
vn -0.07758414 0.37782380 0.92262131
vn -0.00142932 0.49594641 0.86835211
vn -0.03534907 0.55580050 0.83056390
vn -0.15599190 0.53450322 0.83064622
vn -0.19939940 0.39948389 0.89479190
vn -0.08688932 0.34636149 0.93406850
vn -0.02324688 0.30157909 0.95315772
vn -0.38967902 0.55603278 0.73415113
vn -0.33626029 0.53342050 0.77613902
vn -0.29564449 0.55123973 0.78021097
vn -0.36751240 0.77747637 0.51035792
vn -0.29969200 0.79961622 0.52038342
vn -0.38755339 0.82168841 0.41788840
vn -0.42423809 0.83127308 0.35917580
vn -0.40885431 0.74739921 0.52367240
vn -0.54908961 0.73764980 0.39290380
vn -0.58004981 0.74243802 0.33515379
vn -0.45361811 0.86176032 0.22715589
vn -0.37695289 0.88489193 0.27362910
vn -0.33742949 0.75197762 0.56627828
vn -0.37735900 0.85264558 0.36138010
vn -0.43002120 0.88553268 0.17582279
vn -0.34713101 0.91493177 0.20591269
vn -0.29975840 0.88553619 0.35492340
vn -0.22893821 0.79774332 0.55784672
vn -0.23343200 0.80326009 0.54798061
vn -0.27636731 0.90908152 0.31175631
vn -0.26550871 0.92638183 0.26706189
vn -0.39800751 0.86177850 0.31452811
vn -0.21166210 0.71207959 0.66943401
vn -0.28670251 0.77974111 0.55660182
vn -0.10880730 0.79257691 0.59998572
vn -0.22115199 0.59334040 0.77397609
vn -0.31212279 0.66040403 0.68296850
vn -0.13472490 0.62906462 0.76558930
vn -0.27026251 0.69225192 0.66913789
vn -0.31587550 0.65377402 0.68760621
vn -0.37269241 0.66955233 0.64249528
vn -0.38862520 0.65346670 0.64957821
vn -0.42902690 0.67005628 0.60577267
vn -0.58602339 0.58556229 0.56008339
vn -0.64500958 0.49470159 0.58243722
vn -0.80274320 0.57291991 0.16542719
vn -0.50510567 0.64311969 0.57555652
vn -0.48479900 0.65897357 0.57508588
vn -0.17988110 0.64443242 0.74320239
vn -0.08272242 0.70870000 0.70064372
vn -0.01995819 0.67414731 0.73832732
vn -0.22739850 0.95245278 0.20278961
vn -0.20239660 0.91277093 0.35480279
vn -0.20726129 0.90012330 0.38317200
vn -0.17991310 0.79452521 0.57996649
vn -0.16129240 0.97667980 0.14170951
vn -0.14310710 0.89955038 0.41271001
vn -0.15371311 0.85124809 0.50174612
vn -0.07719308 0.83626652 0.54286259
vn -0.05271619 0.70222122 0.71000463
vn -0.07404506 0.98855108 0.13146870
vn -0.06966543 0.89073521 0.44915211
vn -0.08054238 0.84227371 0.53299922
vn 0.00951397 0.82975978 0.55803961
vn -0.12858060 0.95217490 0.27718240
vn -0.04396963 0.87208343 0.48737809
vn -0.05184239 0.96822047 0.24466610
vn -0.01238799 0.91970432 0.39241630
vn -0.18381220 0.77835113 0.60031879
vn -0.11230510 0.75912148 0.64118803
vn -0.99500471 0.05752652 0.08158713
vn -0.99567390 0.03422343 0.08638489
vn -0.99371052 0.04966789 0.10036220
vn -0.98836338 0.06921499 0.13545170
vn -0.97816563 0.14109699 0.15259020
vn -0.96582770 0.16980520 0.19581410
vn -0.95343560 0.22489610 0.20095360
vn -0.90874320 0.26684669 0.32090291
vn -0.92136759 0.26178640 0.28731480
vn -0.95168817 0.23462540 0.19809221
vn -0.85565931 0.38455650 0.34635770
vn -0.72790188 0.45372361 0.51409501
vn -0.84109813 0.38898599 0.37582430
vn -0.78977060 0.46940720 0.39486659
vn -0.88522762 0.35131380 0.30487829
vn -0.76725167 0.41736281 0.48696330
vn -0.82821959 0.42844611 0.36122909
vn -0.99761081 0.05041050 0.04723781
vn -0.99378061 0.06657284 0.08926594
vn -0.99400020 0.06707382 0.08639949
vn -0.99101567 0.09753394 0.09151577
vn -0.92747110 0.24318920 0.28400090
vn -0.97204012 0.18120050 0.14934680
vn -0.96785551 0.20888101 0.14008801
vn -0.94245458 0.25999060 0.21020070
vn -0.98746067 0.11121640 0.11203680
vn -0.97690451 0.14658371 0.15546980
vn -0.98403400 0.15208940 0.09244418
vn -0.98016697 0.17439440 0.09412342
vn -0.99070448 0.12030180 0.06349909
vn -0.90886867 0.29048949 0.29928851
vn -0.94963998 0.23652139 0.20552769
vn -0.99944753 0.03162616 0.01022100
vn -0.99668843 0.06674283 0.04645168
vn -0.99738872 0.06428927 0.03290754
vn -0.99247467 0.11672900 0.03699207
vn -0.99250960 0.11655720 0.03659403
vn -0.99659538 0.08196723 0.00890094
vn -0.99899173 0.02915221 0.03414440
vn -0.82301259 0.40562919 0.39763710
vn -0.85398299 0.43247130 0.28927800
vn -0.86585700 0.41488171 0.27957979
vn -0.90469181 0.37365261 0.20473550
vn -0.90098828 0.38614121 0.19777560
vn -0.98546618 0.16706841 0.03073340
vn -0.96722001 0.23964980 0.08398419
vn -0.95030081 0.26877770 0.15712100
vn -0.93185598 0.31440601 0.18108970
vn -0.94492871 0.31138870 0.10073140
vn -0.95265692 0.28776249 0.09817117
vn -0.92321020 0.33591399 0.18666790
vn -0.92312270 0.33971229 0.18011171
vn -0.93837482 0.33929271 0.06582778
vn -0.95463133 0.28817549 0.07506120
vn -0.91047549 0.34408921 0.22942761
vn -0.87649947 0.45544300 0.15594950
vn -0.92721420 0.37204960 0.04304528
vn -0.91954923 0.38432550 0.08199548
vn -0.89149553 0.44711629 0.07295882
vn -0.78624260 0.51598603 0.33997211
vn -0.85153592 0.51043761 0.11975020
vn -0.86141711 0.47298691 0.18505120
vn -0.81674182 0.52767712 0.23343030
vn -0.82668817 0.47204050 0.30620959
vn -0.88999641 0.42689961 0.16019730
vn -0.84412968 0.48440731 0.22977130
vn -0.85615581 0.43072659 0.28543279
vn -0.81295759 0.48051479 0.32894599
vn -0.89074421 0.38222361 0.24592690
vn -0.97121543 0.20627589 0.11912590
vn -0.93246138 0.29445571 0.20931220
vn -0.91006690 0.31187609 0.27296850
vn -0.87811452 0.35366920 0.32223150
vn -0.96396738 0.03764241 0.26334369
vn -0.97502917 0.02557426 0.22059929
vn -0.93362307 0.04146218 0.35584930
vn -0.93778002 0.08654767 0.33627090
vn -0.98078108 0.05242788 0.18793570
vn -0.98725498 0.05072844 0.15084580
vn -0.97666961 0.12056800 0.17770720
vn -0.96657151 0.16658559 0.19490769
vn -0.96994889 0.10143920 0.22115441
vn -0.95655179 0.07704162 0.28119981
vn -0.97753668 0.05194491 0.20426340
vn -0.97869378 0.09233218 0.18339390
vn -0.96088469 0.14038961 0.23872900
vn -0.96333963 0.13858961 0.22971700
vn -0.95022023 0.20117800 0.23792700
vn -0.93618780 0.20879340 0.28276831
vn -0.94875097 0.27076420 0.16296670
vn -0.97215187 0.23106080 0.03913408
vn -0.92401439 0.08469080 0.37286061
vn -0.93576491 0.04490983 0.34975299
vn -0.88477021 0.04987782 0.46335080
vn -0.83065552 0.07617431 0.55155152
vn -0.90581900 0.04127085 0.42165011
vn -0.86513418 0.09175521 0.49307591
vn -0.83785331 0.08288329 0.53956670
vn -0.90515131 0.10223600 0.41261229
vn -0.86533397 0.12152470 0.48623940
vn -0.74829340 0.02294498 0.66297102
vn -0.69598001 0.07863032 0.71374297
vn -0.67692679 0.04117453 0.73489779
vn -0.61220968 0.10168170 0.78413022
vn -0.57052559 0.06521725 0.81868631
vn -0.54452580 0.09505844 0.83334011
vn -0.66258752 0.21355300 0.71789491
vn -0.65610361 0.20308720 0.72683132
vn -0.71498370 0.19699290 0.67081457
vn -0.71594530 0.19801660 0.66948628
vn -0.76840419 0.17843860 0.61458510
vn -0.78602523 0.19387120 0.58700800
vn -0.90200633 0.10876410 0.41779810
vn -0.95224851 0.03321248 0.30351260
vn -0.82545048 0.17275751 0.53738862
vn -0.63825572 0.09894990 0.76343870
vn -0.67739302 0.14338391 0.72151208
vn -0.71649110 0.10891810 0.68904102
vn -0.72927851 0.12384220 0.67291611
vn -0.76757371 0.09416663 0.63400572
vn -0.78656578 0.10518580 0.60848188
vn -0.66583842 0.04641574 0.74465078
vn -0.65031689 0.30521351 0.69565272
vn -0.68898278 0.25314799 0.67913097
vn -0.73358601 0.26930860 0.62395883
vn -0.75851852 0.21105491 0.61652690
vn -0.82204491 0.22121960 0.52469420
vn -0.80142433 0.15854290 0.57670051
vn -0.85212213 0.14841931 0.50185633
vn -0.89267588 0.14758299 0.42585111
vn -0.93645042 0.12574410 0.32748911
vn -0.88411009 0.16129030 0.43856010
vn -0.86716378 0.20857529 0.45224279
vn -0.70129770 0.35681021 0.61714512
vn -0.62257981 0.36580679 0.69179457
vn -0.68143320 0.33365730 0.65139967
vn -0.74519497 0.30260861 0.59423268
vn -0.72581828 0.28597841 0.62562293
vn -0.78449529 0.26875979 0.55886972
vn -0.78785741 0.27072969 0.55316031
vn -0.82001430 0.22900739 0.52453041
vn -0.90584159 0.14118931 0.39939550
vn -0.54810071 0.41555059 0.72588122
vn -0.63570762 0.45238489 0.62547892
vn -0.69009542 0.39681011 0.60523558
vn -0.77550638 0.38269681 0.50212872
vn -0.91585553 0.18458250 0.35656419
vn -0.94279718 0.14639521 0.29950279
vn -0.65550047 0.43482199 0.61745357
vn -0.74107277 0.44303009 0.50451511
vn -0.86703068 0.26029301 0.42485920
vn -0.88865912 0.25772661 0.37929171
vn -0.91253442 0.20476911 0.35404900
vn -0.44902831 0.44209501 0.77648288
vn -0.51905441 0.43545121 0.73550320
vn -0.55665809 0.45401400 0.69570333
vn -0.60004371 0.43355820 0.67229092
vn -0.76453531 0.37957880 0.52096617
vn -0.84184778 0.28635248 0.45748740
vn -0.36746001 0.31311271 0.87574750
vn -0.40435800 0.35614970 0.84240848
vn -0.47429699 0.36319619 0.80195451
vn -0.61762607 0.36065671 0.69890261
vn -0.73820633 0.33250391 0.58693510
vn -0.80563122 0.32664931 0.49422541
vn -0.79795462 0.32189381 0.50956142
vn -0.80992353 0.26167500 0.52492863
vn -0.85879588 0.26909500 0.43595600
vn -0.87449467 0.21024761 0.43709841
vn -0.93385267 0.15397170 0.32281890
vn -0.94612479 0.10457430 0.30645081
vn -0.51980799 0.06500774 0.85180610
vn -0.50342357 0.18826979 0.84327900
vn -0.64300263 0.30222571 0.70370978
vn -0.59807020 0.33453530 0.72828442
vn -0.26980910 0.42600349 0.86355323
vn -0.85356820 0.50925749 0.10990080
vn -0.82667100 0.55302417 0.10382350
vn -0.80747950 0.53292459 0.25291970
vn -0.79388899 0.55175507 0.25555211
vn -0.75580162 0.52880818 0.38616821
vn -0.75379151 0.53129232 0.38668719
vn -0.71549368 0.50099820 0.48689801
vn -0.71810973 0.49672511 0.48742449
vn -0.08071082 0.56018090 0.82442898
vn -0.15982591 0.52314228 0.83712471
vn -0.22182730 0.55145258 0.80417198
vn -0.27109149 0.52442288 0.80714941
vn -0.43993211 0.56693012 0.69645548
vn -0.47551021 0.58883482 0.65357763
vn -0.49413991 0.52431297 0.69348520
vn -0.53620428 0.53662759 0.65154880
vn -0.59882730 0.51536572 0.61302870
vn -0.78335822 0.37252250 0.49757111
vn -0.84709251 0.36169210 0.38937560
vn -0.80513471 0.34853640 0.47987559
vn -0.87742257 0.33094349 0.34728381
vn -0.84347761 0.31732911 0.43341419
vn -0.89261103 0.29317859 0.34247950
vn -0.90377700 0.23281939 0.35914129
vn -0.93225128 0.22144321 0.28613049
vn -0.94487500 0.17433970 0.27715921
vn -0.92889839 0.17489330 0.32643568
vn -0.95685208 0.15605560 0.24511351
vn -0.97001791 0.10242750 0.22039489
vn -0.96186382 0.05260443 0.26842311
vn 0.67425901 0.45487979 0.58177251
vn 0.67934370 0.64056331 0.35800979
vn 0.98519892 0.04497957 0.16540900
vn 0.64816082 0.08812910 0.75638682
vn 0.74243921 0.06285214 0.66695851
vn 0.79169130 0.05340641 0.60858250
vn 0.74576431 0.06823408 0.66270637
vn 0.70302302 0.09091931 0.70533150
vn 0.64844811 0.08858114 0.75608772
vn 0.79783601 0.19975570 0.56881952
vn 0.80793983 0.16388050 0.56601811
vn 0.65172303 0.17938881 0.73693740
vn 0.64315802 0.18666190 0.74263400
vn 0.84367943 0.16952901 0.50937700
vn 0.93831247 0.06878024 0.33887920
vn 0.93877947 0.04187369 0.34196481
vn 0.93850040 0.04269003 0.34262890
vn 0.94912010 0.03336942 0.31314149
vn 0.72733837 0.34318420 0.59430921
vn 0.70980883 0.33237401 0.62104678
vn 0.73188311 0.27735350 0.62243247
vn 0.81921858 0.23214850 0.52439320
vn 0.77608949 0.28668389 0.56169182
vn 0.66346359 0.47215352 0.58041990
vn 0.73248291 0.45730841 0.50431931
vn 0.81256717 0.27704251 0.51281762
vn 0.87341732 0.28758121 0.39298770
vn 0.86776120 0.22592190 0.44266209
vn 0.89736247 0.21856371 0.38336739
vn 0.87847680 0.27071479 0.39369050
vn 0.88738239 0.18395570 0.42274451
vn 0.89448941 0.16482230 0.41559881
vn 0.88833082 0.12867700 0.44080669
vn 0.93523598 0.10875300 0.33690721
vn 0.94300890 0.10833490 0.31463951
vn 0.92489523 0.08318775 0.37101039
vn 0.90804487 0.10674610 0.40504301
vn 0.83465022 0.08273881 0.54453051
vn 0.79418129 0.12820829 0.59400243
vn 0.96268332 0.04755109 0.26642039
vn 0.90756231 0.03755342 0.41823509
vn 0.88750070 0.06238400 0.45656440
vn 0.79502583 0.05949062 0.60365140
vn 0.84684491 0.04704982 0.52975458
vn 0.89261597 0.06798279 0.44566259
vn 0.94560200 0.07582849 0.31636521
vn 0.97519213 0.03239679 0.21897671
vn 0.97510540 0.03266465 0.21932340
vn 0.95575053 0.08339512 0.28211051
vn 0.97855681 0.04467648 0.20107400
vn 0.95640433 0.08329802 0.27991489
vn 0.97404998 0.07201588 0.21457060
vn 0.84940052 0.36674139 0.37949929
vn 0.74252743 0.50707543 0.43763870
vn 0.80123258 0.47222349 0.36746609
vn 0.84476233 0.37850240 0.37830231
vn 0.85043192 0.42735091 0.30681741
vn 0.86146748 0.39965790 0.31328490
vn 0.88535857 0.29284620 0.36108360
vn 0.92058122 0.28664049 0.26526889
vn 0.92692280 0.22136180 0.30300680
vn 0.94921821 0.30514079 0.07664126
vn 0.94609362 0.31171331 0.08798795
vn 0.92043912 0.30833101 0.24025769
vn 0.93011242 0.25659081 0.26277789
vn 0.93900621 0.17231479 0.29761559
vn 0.93485928 0.14689860 0.32320121
vn 0.94952762 0.24897620 0.19080980
vn 0.94409752 0.20465860 0.25844720
vn 0.94413972 0.15067110 0.29308459
vn 0.95192993 0.21291479 0.22021960
vn 0.95835221 0.10866580 0.26410770
vn 0.95518380 0.24211399 0.17030840
vn 0.94999152 0.22270790 0.21890050
vn 0.94920862 0.18340240 0.25566930
vn 0.95851582 0.14981329 0.24249449
vn 0.95563078 0.11969360 0.26915291
vn 0.98181570 0.15379320 0.11129150
vn 0.97203833 0.08913964 0.21724580
vn 0.97676152 0.08833235 0.19528070
vn 0.98680908 0.08092886 0.14020839
vn 0.99024308 0.05611640 0.12755190
vn 0.96452659 0.15394190 0.21445340
vn 0.97815460 0.13959290 0.15403730
vn 0.98796397 0.08027052 0.13222690
vn 0.99608690 0.03866696 0.07947230
vn 0.96411592 0.20535331 0.16825740
vn 0.91252333 0.38047391 0.15013640
vn 0.94608492 0.28392839 0.15591070
vn 0.96292651 0.26056340 0.06985360
vn 0.94870460 0.25635210 0.18504950
vn 0.96486437 0.23713070 0.11316230
vn 0.95909047 0.27392870 0.07147532
vn 0.97856241 0.18639140 0.08760130
vn 0.97156590 0.23494290 0.02935612
vn 0.96677512 0.23737000 0.09487557
vn 0.98002571 0.19849540 0.01221251
vn 0.98731458 0.15820719 0.01343035
vn 0.98763079 0.11284480 0.10886500
vn 0.99975139 0.01910340 0.01150488
vn 0.99541050 0.06101316 0.07372599
vn 0.99520779 0.06118619 0.07627397
vn 0.99627149 0.07407414 0.04422980
vn 0.99676788 0.06499791 0.04721426
vn 0.98476762 0.15015830 0.08766549
vn 0.99973082 0.02292865 0.00355875
vn 0.99752891 0.07022875 0.00203538
vn 0.98908520 0.11671320 0.08993631
vn 0.99455452 0.10358900 0.01143026
vn 0.02812010 0.18754411 0.98185360
vn 0.02157413 0.35990161 0.93274093
vn 0.10622470 0.31671241 0.94255477
vn 0.08208364 0.25873601 0.96245420
vn 0.00496560 0.30188209 0.95333242
vn 0.07890266 0.31835961 0.94468081
vn 0.15348600 0.42668301 0.89128202
vn 0.29114380 0.57539350 0.76430208
vn 0.22385350 0.51171303 0.82948160
vn 0.34691361 0.67502397 0.65114790
vn 0.40787020 0.50224978 0.76248741
vn 0.25254691 0.44207719 0.86069041
vn 0.71467513 0.40278819 0.57184023
vn 0.72276127 0.40424141 0.56054002
vn 0.77930438 0.43356100 0.45244861
vn 0.77165192 0.42493609 0.47326800
vn 0.77813220 0.37278429 0.50551182
vn 0.82047981 0.33464080 0.46349600
vn 0.75985283 0.35836339 0.54240167
vn 0.73016101 0.45996600 0.50526857
vn 0.54811722 0.52618861 0.65014857
vn 0.50052381 0.51493561 0.69592923
vn 0.41608900 0.51775593 0.74752849
vn 0.32878310 0.48794991 0.80858308
vn 0.64474189 0.51786679 0.56224728
vn 0.17840530 0.35708511 0.91687608
vn 0.77172691 0.44585219 0.45349050
vn 0.34846020 0.51921111 0.78038150
vn 0.25543061 0.43822429 0.86180908
vn 0.60773319 0.57449412 0.54828560
vn 0.55155468 0.56565881 0.61303961
vn 0.50321442 0.57725543 0.64307982
vn 0.41264871 0.56345802 0.71570683
vn 0.83588868 0.29686710 0.46169269
vn 0.83713353 0.35359970 0.41734260
vn 0.79002440 0.39832070 0.46604970
vn 0.82492101 0.41166869 0.38734281
vn 0.70852631 0.51425260 0.48325440
vn 0.43577710 0.62108988 0.65141833
vn 0.44496411 0.61280030 0.65305662
vn 0.52526468 0.62787253 0.57434589
vn 0.50947100 0.67902702 0.52854669
vn 0.37010971 0.59607703 0.71253848
vn 0.30172771 0.55587113 0.77457601
vn 0.60494059 0.57759738 0.54811329
vn 0.67020500 0.57469177 0.46963239
vn 0.77582377 0.50384140 0.37979141
vn 0.69412708 0.53638089 0.48008660
vn 0.64259422 0.61061352 0.46284339
vn 0.50994062 0.64591747 0.56811190
vn 0.63944250 0.61659288 0.45926741
vn 0.75053120 0.54446882 0.37450880
vn 0.67970860 0.56437939 0.46847859
vn 0.46195409 0.55392808 0.69264847
vn 0.20899870 0.55901378 0.80238599
vn 0.05037307 0.68816871 0.72380000
vn 0.10579880 0.73467040 0.67012388
vn 0.05045127 0.68786561 0.72408259
vn 0.10298320 0.80152851 0.58902168
vn 0.26620790 0.81201148 0.51939481
vn 0.22394291 0.79325360 0.56621409
vn 0.19004691 0.83198953 0.52122510
vn 0.14089669 0.78389567 0.60469472
vn 0.12724370 0.85339832 0.50549018
vn 0.15592089 0.65347570 0.74071461
vn 0.02267301 0.98827142 0.15101580
vn 0.32762459 0.84002638 0.43245551
vn 0.05766761 0.85104352 0.52191901
vn 0.41551879 0.84727138 0.33087060
vn 0.31658459 0.83512652 0.44982001
vn 0.24057069 0.87128419 0.42777291
vn 0.09320837 0.55783731 0.82469988
vn 0.15786080 0.65788388 0.73638910
vn 0.22265699 0.67160392 0.70666259
vn 0.39689279 0.75409621 0.52327353
vn 0.57709938 0.74016142 0.34513411
vn 0.58215803 0.62893552 0.51529831
vn 0.57757348 0.63341111 0.51497507
vn 0.41554141 0.69103628 0.59143412
vn 0.42752931 0.66051543 0.61720198
vn 0.66720462 0.65900218 0.34720931
vn 0.37976360 0.58364409 0.71773201
vn 0.79969621 0.47306311 0.36972600
vn 0.79738897 0.47331521 0.37435749
vn 0.62828821 0.53149718 0.56812382
vn 0.76563251 0.53244281 0.36098701
vn 0.91670930 0.16932930 0.36190051
vn 0.91462088 0.22392070 0.33664250
vn 0.88593751 0.34943950 0.30497041
vn 0.86774951 0.45421290 0.20174620
vn 0.83157629 0.48569420 0.26941061
vn 0.81185448 0.53075051 0.24330290
vn 0.74253559 0.56996608 0.35182330
vn 0.70631039 0.60723311 0.36385938
vn 0.49119601 0.73905748 0.46099961
vn 0.57394183 0.73950350 0.35174641
vn 0.72596991 0.65184861 0.21922859
vn 0.27403811 0.66008318 0.69942349
vn 0.19277860 0.62327141 0.75787151
vn 0.45691249 0.74361378 0.48812860
vn 0.26583660 0.67779678 0.68550891
vn 0.66548049 0.67710048 0.31411880
vn 0.33872959 0.66850168 0.66209352
vn 0.13294630 0.52176487 0.84266639
vn 0.60425597 0.68178332 0.41236681
vn 0.50525182 0.68625742 0.52323192
vn 0.74950260 0.61696738 0.23999390
vn 0.92821378 0.32647440 0.17841950
vn 0.90406728 0.39903799 0.15307190
vn 0.91074097 0.21889630 0.35019329
vn 0.90513712 0.27689359 0.32257831
vn 0.88997412 0.38089451 0.25072989
vn 0.87846172 0.42406431 0.22016960
vn 0.76932150 0.56716508 0.29405490
vn 0.68159562 0.65757668 0.32096800
vn 0.59502292 0.69778228 0.39880779
vn 0.47883001 0.75664878 0.44520181
vn 0.35690379 0.66178948 0.65928322
vn 0.20267481 0.54531783 0.81335819
vn 0.34820309 0.82814032 0.43924761
vn 0.07302099 0.88579649 0.45829311
vn -0.00335044 0.85561401 0.51760381
vn 0.43108869 0.82296222 0.36999461
vn 0.55135202 0.79055673 0.26651639
vn 0.48908439 0.81493843 0.31092119
vn 0.12095140 0.95478851 0.27156910
vn 0.43546680 0.82660753 0.35649520
vn 0.01088500 0.89182049 0.45225871
vn 0.62161583 0.76526988 0.16720030
vn 0.58298272 0.79111898 0.18510041
vn 0.54254508 0.83494627 0.09224832
vn 0.31994241 0.93359709 0.16134900
vn 0.29966769 0.90761077 0.29400989
vn 0.22887120 0.94344890 0.23983800
vn 0.10695010 0.94749230 0.30136380
vn 0.06335961 0.97974569 0.18995801
vn 0.02158546 0.56143302 0.82724071
vn 0.42804661 0.77977002 0.45687541
vn 0.49248609 0.80328911 0.33493891
vn 0.64891893 0.74598432 0.14970560
vn 0.40383109 0.90416223 0.13932420
vn 0.00759941 0.96441841 0.26427188
vn 0.80371213 0.58103251 0.12825049
vn 0.80781448 0.54459298 0.22550871
vn 0.73068959 0.63784242 0.24341290
vn 0.73074597 0.66860127 0.13777751
vn 0.86147082 0.48929471 0.13586350
vn 0.88131023 0.46501911 0.08396250
vn 0.14630850 0.94184411 0.30252889
vn 0.20212960 0.95863891 0.20038730
vn 0.35736051 0.90397531 0.23478130
vn 0.44695431 0.88374680 0.13864930
vn 0.23176050 0.94433188 0.23350450
vn 0.48467830 0.84834838 0.21305379
vn 0.62972850 0.75416362 0.18622421
vn 0.68263543 0.71435368 0.15397310
vn 0.72580481 0.68726111 0.02965962
vn 0.75555330 0.63142341 0.17448109
vn 0.42724231 0.88146251 0.20121629
vn 0.29227281 0.92691082 0.23539990
vn 0.75264001 0.65813160 0.01989996
vn 0.89265132 0.44222951 0.08721774
vn 0.92420971 0.37983561 0.03951603
vn 0.92057490 0.36886391 0.12838019
vn 0.97885758 0.18432111 0.08867716
vn 0.97577637 0.19148380 0.10580310
vn 0.95465368 0.21178630 0.20924330
vn 0.98839092 0.10519220 0.10962790
vn 0.98642838 0.10560040 0.12572821
vn 0.88970041 0.44582501 0.09835374
vn 0.84140611 0.53251457 0.09200036
vn 0.65072107 0.71247619 0.26256379
vn 0.77431190 0.59084427 0.22659271
vn 0.84503633 0.51351792 0.14904050
vn 0.86413360 0.46234131 0.19878051
vn 0.89550900 0.43245670 0.10509490
vn 0.92944878 0.32537350 0.17394620
vn 0.96528512 0.12431250 0.22971930
vn 0.97859520 0.11456970 0.17095409
vn 0.88574988 0.29096109 0.36164740
vn 0.89149731 0.33319449 0.30694321
vn 0.89533353 0.36693400 0.25246280
vn 0.85728091 0.45903659 0.23314180
vn 0.80987841 0.51272178 0.28497949
vn 0.71161598 0.59276688 0.37713411
vn 0.57115722 0.69642007 0.43448660
vn 0.24026871 0.08930182 0.96659011
vn 0.25555399 0.07213968 0.96409959
vn 0.19556110 0.03916662 0.97990912
vn 0.02992033 0.04343247 0.99860817
vn 0.07160657 0.26894090 0.96049118
vn 0.17747609 0.11402480 0.97749710
vn 0.19244429 0.12179320 0.97372049
vn 0.07256555 0.13054051 0.98878378
vn 0.08250701 0.15649800 0.98422611
vn 0.01460218 0.15858559 0.98723728
vn 0.13955830 0.23790529 0.96121001
vn 0.23884989 0.25483280 0.93702251
vn 0.23046599 0.26380011 0.93664032
vn 0.29063460 0.30645141 0.90643197
vn 0.20808130 0.13983829 0.96806377
vn 0.17878370 0.13279010 0.97488630
vn 0.39348349 0.09167563 0.91474950
vn 0.57936478 0.09826463 0.80912328
vn 0.85040730 0.17690040 0.49549341
vn 0.84446788 0.20182879 0.49612400
vn 0.67865127 0.07177388 0.73094529
vn 0.73200059 0.15381411 0.66371417
vn 0.76779431 0.11433520 0.63041210
vn 0.79363543 0.12895930 0.59456903
vn 0.85207498 0.11184070 0.51133162
vn 0.87571251 0.11762040 0.46828750
vn 0.91892731 0.14628141 0.36629841
vn 0.76809740 0.19831359 0.60884988
vn 0.70473778 0.22559890 0.67264390
vn 0.60312653 0.17500641 0.77821028
vn 0.56568891 0.21328840 0.79655778
vn 0.31513509 0.11578190 0.94195777
vn 0.61621988 0.26738560 0.74079561
vn 0.38318270 0.20763940 0.90003163
vn 0.46162391 0.18713710 0.86711210
vn 0.50091040 0.23658399 0.83253640
vn 0.55281359 0.19434400 0.81032562
vn 0.75274229 0.24710320 0.61017948
vn 0.33310619 0.09167397 0.93842232
vn 0.40533081 0.12510760 0.90556890
vn 0.47203579 0.13289090 0.87150568
vn 0.49161992 0.09936106 0.86512268
vn 0.53968561 0.13798320 0.83048189
vn 0.58613718 0.11138360 0.80251908
vn 0.68834138 0.18830350 0.70051980
vn 0.73328829 0.15543181 0.66191328
vn 0.77038908 0.20012189 0.60535288
vn 0.19177550 0.13884661 0.97156769
vn 0.29465160 0.30259699 0.90643012
vn 0.38892919 0.42258999 0.81862801
vn 0.59257042 0.31929240 0.73953551
vn 0.46305889 0.29920399 0.83429831
vn 0.33655390 0.23012000 0.91311347
vn 0.58200878 0.41224200 0.70094383
vn 0.36615899 0.30909941 0.87771601
vn 0.25851461 0.14648710 0.95483607
vn 0.58817029 0.31472960 0.74498391
vn 0.54935437 0.35010901 0.75870532
vn 0.50326610 0.31626499 0.80417627
vn 0.42643639 0.36075100 0.82946432
vn 0.38996249 0.22831491 0.89207709
vn 0.40590280 0.31238559 0.85887033
vn 0.37898991 0.35003379 0.85664648
vn 0.59625977 0.47239071 0.64909267
vn 0.57070720 0.48917571 0.65954572
vn 0.47930559 0.48673239 0.73031342
vn 0.08251345 0.32475650 0.94219148
vn 0.62107188 0.43674490 0.65078688
vn 0.53816181 0.46336409 0.70404232
vn 0.50038248 0.44184831 0.74457198
vn 0.59415650 0.39883760 0.69850320
vn 0.56140470 0.38892159 0.73045522
vn 0.48746741 0.41843429 0.76634753
vn 0.29469389 0.21965960 0.93000281
vn 0.11812060 0.03097265 0.99251610
vn 0.05764806 0.06474095 0.99623561
vn 0.66356432 0.44348341 0.60249889
vn 0.67604411 0.38695490 0.62708092
vn 0.66040122 0.36654219 0.65537560
vn 0.66005099 0.30110809 0.68823451
vn 0.66663188 0.29045731 0.68646669
vn 0.53463841 0.26829511 0.80136108
vn 0.13947110 0.07092571 0.98768282
vn 0.92723161 0.16867560 0.33435041
vn 0.86234909 0.24133650 0.44509640
vn 0.81147391 0.27648890 0.51484388
vn 0.75875270 0.32927501 0.56202519
vn 0.40604180 0.46168539 0.78865510
vn 0.31142709 0.39727959 0.86323941
vn 0.31277510 0.39421690 0.86415547
vn 0.22302601 0.34849051 0.91039223
vn 0.15966190 0.31254640 0.93638820
vn 0.13503650 0.39247751 0.90979493
vn 0.10791130 0.47357941 0.87411553
vn 0.05715012 0.43060991 0.90072691
vn 0.02430760 0.55197048 0.83350939
vn 0.08825677 0.64392501 0.75998128
vn 0.33759680 0.77375001 0.53604043
vn 0.67473358 0.69848448 0.23844071
vn 0.99999088 0.00423074 0.00065989
vn 0.99999011 0.00293243 0.00336856
vn 0.99951011 0.02140676 0.02283227
vn 0.99948418 0.01398086 0.02891570
vn 0.99374902 0.01878523 0.11004650
vn 0.98815912 0.01813834 0.15235759
vn 0.99447679 0.03489714 0.09898608
vn 0.99420631 0.03713077 0.10087200
vn 0.99703598 0.00836563 0.07648146
vn 0.97485143 -0.00018820 0.22285581
vn 0.94443941 0.00083136 0.32868490
vn 0.93811828 -0.00070187 0.34631461
vn 0.90110201 0.00183511 0.43360341
vn 0.88879079 -0.00058433 0.45831281
vn 0.83480871 0.00126916 0.55053872
vn 0.84103149 0.00030659 0.54098618
vn 0.76416200 0.00169670 0.64502221
vn 0.79556191 -0.00071326 0.60587198
vn 0.74447131 -0.00036069 0.66765428
vn 0.70383549 -0.00089139 0.71036249
vn 0.66685188 0.00158560 0.74518847
vn 0.65168768 0.00010300 0.75848752
vn 0.57462138 0.00153202 0.81841791
vn 0.59213817 0.00021460 0.80583650
vn 0.53836960 -0.00008449 0.84270889
vn 0.47730789 0.00109398 0.87873560
vn 0.47366551 0.00150019 0.88070363
vn 0.34085000 0.00172669 0.94011611
vn 0.32998011 0.00312006 0.94398272
vn 0.39361730 -0.00058634 0.91927427
vn 0.23929690 -0.00199497 0.97094452
vn 0.17241600 0.00193298 0.98502243
vn 0.15557989 0.00050393 0.98782319
vn 0.04279083 0.00135660 0.99908322
vn 0.06472486 -0.00022780 0.99790323
vn -0.01453959 -0.00106710 0.99989372
vn -0.09243637 0.00168586 0.99571723
vn -0.09096771 0.00157446 0.99585271
vn -0.14411300 -0.00036359 0.98956120
vn -0.20455881 0.00074647 0.97885400
vn -0.20144670 0.00050416 0.97949928
vn -0.30345559 0.00107926 0.95284498
vn -0.26563421 -0.00044456 0.96407390
vn -0.32337290 -0.00008965 0.94627172
vn -0.41687971 0.00200754 0.90895951
vn -0.39728370 0.00026767 0.91769588
vn -0.47377241 -0.00175249 0.88064569
vn -0.56548572 0.00232363 0.82475478
vn -0.54265511 -0.00025952 0.83995563
vn -0.61706972 -0.00110078 0.78690779
vn -0.67812359 0.00203902 0.73494512
vn -0.69677162 -0.00051551 0.71729290
vn -0.74002582 -0.00100267 0.67257768
vn -0.79461712 0.00245410 0.60710621
vn -0.78993022 0.00333589 0.61318767
vn -0.83690423 -0.00068344 0.54734898
vn -0.87670523 0.00145948 0.48102578
vn -0.88536751 -0.00017786 0.46489200
vn -0.92633700 0.00083935 0.37669501
vn -0.93198162 -0.00041645 0.36250541
vn -0.96242708 0.00088531 0.27153879
vn -0.97704119 -0.00039013 0.21305050
vn -0.96045393 0.00159299 0.27843460
vn 0.99927259 -0.00000000 0.03813695
vn 0.99758857 0.00262463 0.06935405
vn 0.99106801 -0.00073538 0.13335571
vn 0.97071612 0.00197959 0.24022150
vn -0.99252522 0.00199354 0.12202410
vn -0.99232757 0.00219697 0.12361680
vn -0.99945092 -0.00161475 0.03309810
vn -0.99885547 0.00081738 -0.04782277
vn -0.99816018 0.00185621 -0.06060510
vn -0.99439758 0.00010288 -0.10570420
vn -0.98280102 0.00148523 -0.18466181
vn -0.98369229 0.00114703 -0.17985590
vn -0.96864599 -0.00001641 -0.24844520
vn -0.95989382 0.00128233 -0.28036130
vn -0.94902861 -0.00058654 -0.31518951
vn -0.92636251 0.00096974 -0.37663221
vn -0.92027402 -0.00012196 -0.39127481
vn -0.87421340 0.00232565 -0.48553649
vn -0.88687873 0.00041047 -0.46200231
vn -0.84802580 -0.00086517 -0.52995437
vn -0.81491792 -0.00147700 -0.57957470
vn -0.77996027 0.00199944 -0.62582600
vn -0.76696640 0.00034085 -0.64168727
vn -0.69797212 0.00080243 -0.71612447
vn -0.70498830 0.00007955 -0.70921898
vn -0.61395001 0.00193709 -0.78934252
vn -0.64768052 -0.00065813 -0.76191193
vn -0.57193822 -0.00094705 -0.82029629
vn -0.50487888 0.00126731 -0.86318928
vn -0.49676001 0.00043738 -0.86788791
vn -0.39434779 0.00027774 -0.91896129
vn -0.39730111 0.00066898 -0.91768819
vn -0.26441979 0.00189078 -0.96440578
vn -0.31385380 -0.00054590 -0.94947118
vn -0.24152380 0.00024050 -0.97039491
vn -0.15537170 0.00120616 -0.98785537
vn -0.18830250 -0.00044104 -0.98211098
vn -0.11453750 -0.00063117 -0.99341881
vn -0.04271805 0.00161314 -0.99908602
vn -0.01851189 -0.00036276 -0.99982858
vn 0.97469801 -0.00059530 -0.22352549
vn 0.99255598 0.00201410 -0.12177210
vn 0.99263698 0.00193089 -0.12111200
vn 0.99923402 -0.00109017 -0.03911888
vn 0.09253442 0.00168198 -0.99570823
vn 0.06412047 -0.00048395 -0.99794221
vn 0.14484470 -0.00037061 -0.98945439
vn 0.21298020 0.00130820 -0.97705573
vn 0.20379511 0.00055524 -0.97901350
vn 0.25708520 -0.00041376 -0.96638882
vn 0.34290519 0.00156951 -0.93936873
vn 0.32622641 0.00021240 -0.94529182
vn 0.39140451 -0.00059324 -0.92021859
vn 0.45465919 0.00137562 -0.89066452
vn 0.44309199 0.00040097 -0.89647621
vn 0.50387359 -0.00102270 -0.86377692
vn 0.57074600 0.00174743 -0.82112491
vn 0.55160379 0.00000359 -0.83410621
vn 0.61201638 -0.00037971 -0.79084498
vn 0.66959268 0.00161862 -0.74272680
vn 0.67351812 0.00108576 -0.73917002
vn 0.73680890 -0.00161350 -0.67609912
vn 0.77502883 0.00217432 -0.63192242
vn 0.79479581 -0.00020175 -0.60687703
vn 0.86023539 0.00225443 -0.50989222
vn 0.83603221 -0.00063780 -0.54868019
vn 0.88226628 -0.00090042 -0.47074971
vn 0.92366439 0.00100970 -0.38320130
vn 0.92247218 0.00071906 -0.38606289
vn 0.96281248 0.00182342 -0.27016461
vn 0.95143622 -0.00060730 -0.30784571
vn -0.99919921 0.00143754 -0.03998792
vn -0.99487019 0.03934335 -0.09319585
vn -0.99919468 0.02999001 -0.02665829
vn -0.98880488 0.02268296 -0.14747970
vn -0.99908948 0.01236313 -0.04083383
vn -0.99055910 0.01350021 -0.13642050
vn -0.99534071 0.02970463 -0.09173125
vn -0.99379468 0.01431995 -0.11030390
vn -0.99976301 0.01034849 -0.01915109
vn -0.99931771 0.02314186 -0.02878433
vn -0.99985093 0.01241070 -0.01201814
vn -0.99996853 0.00793684 -0.00002017
vn 0.99993509 0.01139134 -0.00038432
vn 0.99995190 0.00979173 0.00053467
vn -0.99998277 0.00587869 -0.00005169
vn -0.99732548 -0.07308596 0.00062114
vn -0.99350208 -0.11380540 -0.00141656
vn -0.97750211 -0.21092160 0.00138432
vn -0.95156717 -0.30743751 -0.00145137
vn -0.94158250 -0.33678231 0.00052772
vn -0.86732542 -0.49774119 -0.00063163
vn -0.85988599 -0.51048583 0.00063254
vn -0.75104719 -0.66024828 -0.00057814
vn -0.74176770 -0.67065680 0.00046107
vn -0.62554342 -0.78018922 -0.00046076
vn -0.61460042 -0.78883851 0.00057868
vn -0.46601531 -0.88477647 -0.00057819
vn -0.45364320 -0.89118338 0.00046008
vn -0.30600980 -0.95202827 -0.00046139
vn -0.30145609 -0.95348012 -0.00010525
vn -0.14021911 -0.99012017 0.00078495
vn -0.11140340 -0.99377430 -0.00141406
vn 0.05034947 -0.99873090 0.00126314
vn 0.08842647 -0.99608201 -0.00117177
vn 0.20391560 -0.97898811 0.00084696
vn 0.25135580 -0.96789432 -0.00107759
vn 0.33002392 -0.94397169 0.00136143
vn 0.40658781 -0.91360962 -0.00199550
vn 0.48810560 -0.87278312 0.00161624
vn 0.57265341 -0.81979692 -0.00121498
vn 0.59703332 -0.80221641 0.00036899
vn 0.69992381 -0.71421748 -0.00041256
vn 0.71561348 -0.69849580 0.00099497
vn 0.79789972 -0.60278910 -0.00123852
vn 0.84020901 -0.54225987 0.00177616
vn 0.86519521 -0.50143492 -0.00068478
vn 0.92920530 -0.36956391 0.00010482
vn 0.93096131 -0.36511770 0.00046123
vn 0.97542077 -0.22035010 -0.00041305
vn 0.97616488 -0.21703020 -0.00019743
vn 0.99526721 -0.09717535 0.00060463
vn 0.99732411 -0.07310551 -0.00060132
vn 0.99999923 -0.00128162 0.00000386
vn 0.99035198 0.01367330 -0.13789789
vn 0.97848409 0.02726894 -0.20451240
vn 0.99792689 0.01469665 -0.06265717
vn 0.99874568 0.03412979 -0.03663760
vn 0.99880153 0.03108566 -0.03780776
vn 0.99998522 0.00529182 -0.00123298
vn 0.99039418 0.03824532 -0.13287780
vn 0.99526793 0.01514422 -0.09598171
vn 0.99275541 0.03639996 -0.11450690
vn 0.99545008 0.01356893 -0.09431397
vn 0.99995041 0.00163072 -0.00982457
vn 0.89351040 0.34478769 -0.28768161
vn 0.98021227 0.12855621 -0.15052280
vn 0.46449921 0.62168962 -0.63066852
vn 0.41531831 0.31649941 -0.85284162
vn 0.62824422 0.12308570 -0.76821822
vn 0.55540103 0.10241800 -0.82525182
vn 0.52319312 0.08201301 -0.84825891
vn 0.58674210 0.16929869 -0.79187870
vn 0.39660081 0.16688889 -0.90269381
vn 0.46381161 0.19161080 -0.86496490
vn 0.52699143 0.20239820 -0.82541811
vn 0.39865321 0.16226600 -0.90263247
vn 0.46215460 0.18909889 -0.86640340
vn 0.32455429 0.13844520 -0.93568021
vn 0.51440930 0.17718451 -0.83904052
vn 0.26942649 0.03386372 -0.96242541
vn 0.22908860 0.13060640 -0.96460378
vn 0.12813620 0.07009804 -0.98927629
vn 0.05018794 0.06673216 -0.99650800
vn 0.53031892 0.30101421 -0.79256058
vn 0.60050488 0.33284211 -0.72705573
vn 0.52110863 0.32211950 -0.79037023
vn 0.45966241 0.47797209 -0.74850070
vn 0.35553280 0.36630210 -0.85989487
vn 0.32901660 0.25241831 -0.90996331
vn 0.32156649 0.26560739 -0.90887171
vn 0.18883500 0.08918642 -0.97795051
vn 0.26166371 0.11736790 -0.95799631
vn 0.51187283 0.24348830 -0.82383239
vn 0.58352131 0.24726480 -0.77353931
vn 0.65247321 0.26541030 -0.70981419
vn 0.29694769 0.30222210 -0.90580571
vn 0.21213320 0.33520579 -0.91795242
vn 0.21011540 0.32503840 -0.92206383
vn 0.33180910 0.38209590 -0.86249948
vn 0.47391951 0.46812281 -0.74582928
vn 0.54536599 0.51534373 -0.66105741
vn 0.00953192 0.16296560 -0.98658568
vn 0.31651780 0.19042701 -0.92927611
vn 0.26038030 0.23621580 -0.93616468
vn 0.22061370 0.18179980 -0.95826852
vn 0.03966367 0.04697018 -0.99810851
vn 0.33632720 0.41229591 -0.84669727
vn 0.41716620 0.47584900 -0.77429980
vn 0.64884579 0.55979937 -0.51538712
vn 0.58933622 0.58185691 -0.56046891
vn 0.52066070 0.61976492 -0.58720010
vn 0.62676901 0.64983380 -0.42997310
vn 0.51683497 0.57317507 -0.63588673
vn 0.40689149 0.62288570 -0.66817123
vn 0.38105729 0.60316432 -0.70070571
vn 0.75333798 0.57478672 -0.31953430
vn 0.70910442 0.56723863 -0.41882130
vn 0.71707010 0.52234769 -0.46147969
vn 0.63639539 0.61772209 -0.46197450
vn 0.67428118 0.61620331 -0.40698680
vn 0.73340499 0.58223468 -0.35088429
vn 0.65751612 0.56019819 -0.50383592
vn 0.65699571 0.49529171 -0.56836861
vn 0.71032542 0.62091261 -0.33151969
vn 0.76223081 0.59427941 -0.25658560
vn 0.77631563 0.57419711 -0.26006109
vn 0.78498530 0.60507339 -0.13298270
vn 0.70721990 0.65308482 -0.27077711
vn 0.74694848 0.61918801 -0.24222790
vn 0.64293951 0.67165482 -0.36811501
vn 0.79053640 0.59578472 -0.14174970
vn 0.65674073 0.66275722 -0.35978389
vn 0.58777332 0.67919320 -0.43956721
vn 0.58383369 0.67810458 -0.44644421
vn 0.76805019 0.61812812 -0.16738160
vn 0.73329151 0.66569573 -0.13832180
vn 0.71559542 0.68021238 -0.15885340
vn 0.49564621 0.69582450 -0.51977217
vn 0.52970362 0.67710608 -0.51082438
vn 0.54565841 0.61607993 -0.56806922
vn 0.63672388 0.61753768 -0.46176821
vn 0.65305728 0.71038163 -0.26243910
vn 0.64348191 0.71984297 -0.26030201
vn 0.50004441 0.69826502 -0.51223213
vn 0.58545607 0.73352492 -0.34522831
vn 0.58435959 0.73470437 -0.34457719
vn 0.64586520 0.75903362 -0.08201414
vn 0.56610841 0.81319010 -0.13506789
vn 0.61168218 0.77277178 -0.16931790
vn 0.55051959 0.77293497 -0.31543550
vn 0.50196701 0.83041841 -0.24173260
vn 0.47769231 0.77000922 -0.42296109
vn 0.47729310 0.80831188 -0.34470731
vn 0.51406783 0.84249520 -0.16104691
vn 0.45696789 0.82997811 -0.31987020
vn 0.29771271 0.41254970 -0.86091238
vn 0.29216701 0.40245181 -0.86756611
vn 0.12400970 0.24936640 -0.96043640
vn 0.05253154 0.22107120 -0.97384191
vn 0.41060600 0.54183137 -0.73336321
vn 0.43148321 0.53135020 -0.72903311
vn 0.30323550 0.51191729 -0.80373448
vn 0.21481919 0.39333150 -0.89394802
vn 0.14102000 0.36864999 -0.91880941
vn 0.09997844 0.32677379 -0.93979961
vn 0.02858442 0.21630961 -0.97590637
vn 0.14088009 0.43650070 -0.88860560
vn 0.08654761 0.39499178 -0.91459900
vn 0.05468714 0.42141479 -0.90521771
vn 0.03970175 0.40488759 -0.91350430
vn 0.04793405 0.63216430 -0.77335030
vn 0.04138356 0.40060559 -0.91531563
vn 0.12548360 0.45277551 -0.88275027
vn 0.29848021 0.58409888 -0.75480992
vn 0.38395381 0.54015320 -0.74887520
vn 0.32056540 0.50014073 -0.80442351
vn 0.26189360 0.46285871 -0.84686112
vn 0.20754990 0.47957280 -0.85260367
vn 0.07473134 0.31111440 -0.94742978
vn 0.01218456 0.28841540 -0.95742792
vn 0.39925951 0.53269351 -0.74621022
vn 0.32724959 0.81559950 -0.47718489
vn 0.41038871 0.76214200 -0.50072032
vn 0.50673121 0.75432908 -0.41738612
vn 0.43361279 0.70625579 -0.55962729
vn 0.55193847 0.81490481 -0.17690159
vn 0.50398272 0.83973712 -0.20209710
vn 0.41423601 0.81926793 -0.39649561
vn 0.38410711 0.87993431 -0.27960241
vn 0.31472740 0.88377768 -0.34624219
vn 0.34095669 0.83203882 -0.43756151
vn 0.23002020 0.85494608 -0.46492791
vn 0.29271719 0.93243390 -0.21185790
vn 0.27145091 0.88207000 -0.38505441
vn 0.25328949 0.73293352 -0.63138962
vn 0.40573469 0.85623521 -0.31975099
vn 0.23428831 0.68294072 -0.69188219
vn 0.14783260 0.60503137 -0.78235698
vn 0.09866279 0.64764690 -0.75552601
vn 0.10873440 0.61656737 -0.77975732
vn 0.20089979 0.58196843 -0.78800517
vn 0.47155151 0.60809499 -0.63863897
vn 0.17827070 0.66032630 -0.72951269
vn 0.27199569 0.70754182 -0.65222931
vn 0.30346069 0.66763628 -0.67983317
vn 0.34208831 0.70381719 -0.62258899
vn 0.70074218 0.68519682 -0.19866030
vn 0.60503727 0.56268913 -0.56330347
vn 0.42633200 0.71884048 -0.54909867
vn 0.35720751 0.68227643 -0.63788861
vn 0.21410701 0.73458987 -0.64384472
vn 0.23353940 0.77072728 -0.59282267
vn 0.16424510 0.73091030 -0.66241521
vn 0.05093520 0.61882430 -0.78387642
vn 0.03944557 0.61199331 -0.78987873
vn 0.01044690 0.72367841 -0.69005841
vn 0.12097950 0.78528613 -0.60719842
vn 0.05220085 0.84696090 -0.52908617
vn 0.00905841 0.87605721 -0.48212209
vn 0.04754126 0.83999050 -0.54051441
vn 0.21085671 0.94166458 -0.26231119
vn 0.22825500 0.90047890 -0.37018561
vn 0.20117161 0.86843169 -0.45316291
vn 0.18298300 0.94677770 -0.26481950
vn 0.13875800 0.89496011 -0.42401981
vn 0.13986160 0.89421833 -0.42522040
vn 0.09845316 0.95588762 -0.27674150
vn 0.04978275 0.97731042 -0.20587890
vn 0.04183596 0.96893573 -0.24374890
vn 0.13450280 0.97608328 -0.17079330
vn 0.10216620 0.86144978 -0.49745971
vn 0.06568604 0.67460418 -0.73525143
vn 0.45221880 0.88055968 -0.14181980
vn 0.39760879 0.80052167 -0.44841111
vn 0.97390717 0.16161139 -0.15933180
vn 0.98144787 0.10635110 -0.15952960
vn 0.89203161 0.27153331 -0.36131641
vn 0.94357169 0.21362980 -0.25305119
vn 0.91916817 0.20655850 -0.33535561
vn 0.95225138 0.18907200 -0.23972720
vn 0.85972822 0.38083959 -0.34033600
vn 0.95418382 0.18138650 -0.23797540
vn 0.87389553 0.32437509 -0.36206019
vn 0.92733997 0.26013041 -0.26902160
vn 0.78315008 0.45593360 -0.42284819
vn 0.78753900 0.48747829 -0.37702411
vn 0.75215387 0.46585619 -0.46609300
vn 0.89360762 0.34449059 -0.28773540
vn 0.86556768 0.37114590 -0.33621910
vn 0.96726298 0.18642349 -0.17218810
vn 0.94352001 0.22677121 -0.24154741
vn 0.94441509 0.22637030 -0.23840460
vn 0.92133492 0.30532879 -0.24065840
vn 0.82052261 0.41296011 -0.39523011
vn 0.98554182 0.14194660 -0.09251332
vn 0.98107213 0.14314450 -0.13041210
vn 0.96657711 0.19306110 -0.16869000
vn 0.98533768 0.16008221 -0.05901998
vn 0.98723477 0.02633684 -0.15707910
vn 0.99715692 0.04667633 -0.05915820
vn 0.99028701 0.09612834 -0.10045450
vn 0.99558490 0.04180592 -0.08404207
vn 0.98457062 0.11529820 -0.13163310
vn 0.99161899 0.05955302 -0.11465290
vn 0.97612292 0.10913690 -0.18781181
vn 0.98167127 0.17206530 -0.08194512
vn 0.95086157 0.25674799 -0.17303990
vn 0.92529261 0.30381921 -0.22699690
vn 0.99519843 0.07643878 -0.06113249
vn 0.99597532 0.08958899 -0.00269222
vn 0.99314958 0.10828060 -0.04392194
vn 0.99925268 0.02809059 -0.02654927
vn 0.99933428 0.03530931 -0.00917977
vn 0.99673158 0.07013404 -0.04009264
vn 0.99224597 0.10677510 -0.06361591
vn 0.97521120 0.15690070 -0.15603059
vn 0.97981721 0.19902420 -0.01864522
vn 0.96745467 0.22815150 -0.10944630
vn 0.97413832 0.21759149 -0.06089723
vn 0.95840478 0.28338331 -0.03397500
vn 0.94738930 0.28814089 -0.13938630
vn 0.93649793 0.31834340 -0.14706931
vn 0.90229011 0.36624989 -0.22745059
vn 0.93206388 0.32306299 -0.16397360
vn 0.93125099 0.33164999 -0.15093040
vn 0.94714439 0.31795669 -0.04267555
vn 0.97154862 0.22928859 -0.05933105
vn 0.95628458 0.27336869 -0.10387180
vn 0.90101951 0.41759369 -0.11738620
vn 0.91706288 0.37151310 -0.14482260
vn 0.91648370 0.37339991 -0.14363240
vn 0.92491537 0.37897450 -0.03016346
vn 0.81335872 0.41314051 -0.40958819
vn 0.87192422 0.40932789 -0.26869839
vn 0.88080782 0.39295811 -0.26412451
vn 0.88141841 0.43045151 -0.19445661
vn 0.77068013 0.50556552 -0.38788649
vn 0.87322873 0.47613540 -0.10376290
vn 0.87044728 0.47795919 -0.11779850
vn 0.88364250 0.42905191 -0.18732440
vn 0.83434641 0.50599271 -0.21871820
vn 0.84241849 0.48974350 -0.22468311
vn 0.84462661 0.43741030 -0.30867180
vn 0.83030838 0.46373329 -0.30909431
vn 0.90759450 0.36281550 -0.21127529
vn 0.95450223 0.03312838 -0.29635811
vn 0.95331240 0.03553283 -0.29988840
vn 0.97133488 0.02400183 -0.23650020
vn 0.98275852 0.05106294 -0.17770290
vn 0.98745722 0.05213785 -0.14903030
vn 0.96636683 0.06631970 -0.24846950
vn 0.95264631 0.08554273 -0.29180071
vn 0.95318621 0.15710400 -0.25836870
vn 0.96922332 0.11861860 -0.21572180
vn 0.96026742 0.11390360 -0.25477961
vn 0.97989798 0.08983623 -0.17812771
vn 0.97297663 0.19625170 -0.12166340
vn 0.95664448 0.23723561 -0.16896960
vn 0.92173028 0.28761110 -0.26017940
vn 0.96490681 0.15359400 -0.21298780
vn 0.93542182 0.12849930 -0.32935411
vn 0.92551398 0.07300388 -0.37161049
vn 0.96849531 0.09027600 -0.23209320
vn 0.93770587 0.12012190 -0.32600370
vn 0.80620182 0.03293943 -0.59072298
vn 0.93806440 0.02981811 -0.34517550
vn 0.91887122 0.05057817 -0.39130259
vn 0.88523120 0.04167437 -0.46328071
vn 0.83448613 0.06618875 -0.54703939
vn 0.90768838 0.04424083 -0.41730651
vn 0.86635357 0.09793901 -0.48973391
vn 0.82079488 0.13328040 -0.55545682
vn 0.89457083 0.12727180 -0.42842171
vn 0.84281570 0.08487868 -0.53146720
vn 0.73612958 0.04695481 -0.67520988
vn 0.74196082 0.06513255 -0.66727209
vn 0.66702730 0.04087507 -0.74391121
vn 0.55556142 0.10222590 -0.82516760
vn 0.67166293 0.18066320 -0.71849132
vn 0.79666352 0.18232560 -0.57626778
vn 0.77628821 0.16235641 -0.60911173
vn 0.72275257 0.18825270 -0.66497338
vn 0.72619098 0.19495730 -0.65927112
vn 0.66084153 0.20210891 -0.72280049
vn 0.96279621 0.05306357 -0.26496729
vn 0.93603069 0.07777374 -0.34321681
vn 0.85262972 0.16605531 -0.49542740
vn 0.82675171 0.15851450 -0.53977299
vn 0.60028952 0.18531810 -0.77801663
vn 0.64290541 0.09503704 -0.76002681
vn 0.68746722 0.13700780 -0.71317440
vn 0.72273552 0.10536220 -0.68304640
vn 0.74061388 0.13201810 -0.65883410
vn 0.78783947 0.08999800 -0.60926950
vn 0.80052292 0.04911196 -0.59728652
vn 0.11022300 0.04806298 -0.99274421
vn 0.19781710 0.08017915 -0.97695440
vn 0.18875530 0.06345951 -0.97997171
vn 0.30987579 0.06634348 -0.94845963
vn 0.38995251 0.07204186 -0.91801268
vn 0.39111990 0.07007509 -0.91766810
vn 0.44098800 0.09455090 -0.89251882
vn 0.46430421 0.07200956 -0.88274372
vn 0.51020491 0.09604853 -0.85467291
vn 0.61565721 0.10085270 -0.78153390
vn 0.87425351 0.18110250 -0.45042509
vn 0.89956802 0.13995729 -0.41375041
vn 0.85286558 0.23129170 -0.46810749
vn 0.69850397 0.36047229 -0.61818433
vn 0.67284232 0.32343030 -0.66533917
vn 0.71971053 0.32973081 -0.61097831
vn 0.74951631 0.28771919 -0.59619057
vn 0.80923557 0.26416179 -0.52474397
vn 0.79172683 0.25427759 -0.55543822
vn 0.82477152 0.22571510 -0.51846367
vn 0.64805949 0.26891649 -0.71253270
vn 0.66386771 0.34384471 -0.66411650
vn 0.59315580 0.34884140 -0.72558659
vn 0.51090139 0.42334381 -0.74817097
vn 0.62986571 0.38568440 -0.67417872
vn 0.71785170 0.36174309 -0.59483689
vn 0.91732842 0.18805370 -0.35091931
vn 0.90623790 0.18673710 -0.37929180
vn 0.95350093 0.12657709 -0.27352199
vn 0.89593130 0.25485620 -0.36380690
vn 0.75630432 0.39915430 -0.51834333
vn 0.70764321 0.42466861 -0.56471038
vn 0.64934522 0.47044480 -0.59752202
vn 0.57812071 0.45723560 -0.67580491
vn 0.50127691 0.42819750 -0.75190991
vn 0.55849647 0.47191590 -0.68218559
vn 0.76796943 0.35574380 -0.53260630
vn 0.84251142 0.32824340 -0.42711940
vn 0.84376770 0.29999500 -0.44503829
vn 0.92985648 0.16734810 -0.32766080
vn 0.94494832 0.16503720 -0.28255179
vn 0.47108161 0.37887371 -0.79657841
vn 0.53619170 0.38909841 -0.74906671
vn 0.53749013 0.39060521 -0.74734998
vn 0.60988331 0.41126400 -0.67742479
vn 0.67772859 0.40730581 -0.61219758
vn 0.74155891 0.33223590 -0.58284622
vn 0.78734583 0.32730839 -0.52245182
vn 0.79753232 0.29285771 -0.52742457
vn 0.85013783 0.27684769 -0.44790751
vn 0.88296890 0.20705309 -0.42130160
vn 0.88428283 0.20718080 -0.41847360
vn 0.92223263 0.14737280 -0.35744721
vn 0.38844949 0.22234860 -0.89424169
vn 0.46508941 0.27755261 -0.84062862
vn 0.47648561 0.29152319 -0.82944298
vn 0.66601300 0.28192172 -0.69061351
vn 0.71357453 0.25646830 -0.65194738
vn 0.72510570 0.26250011 -0.63664401
vn 0.76207000 0.22564200 -0.60690618
vn 0.79656851 0.23660331 -0.55632532
vn 0.89129961 0.11954710 -0.43737149
vn 0.92690867 0.12261140 -0.35469249
vn 0.07930713 0.13016190 -0.98831588
vn 0.11027920 0.15465680 -0.98179418
vn 0.11368310 0.16242710 -0.98014981
vn 0.18198609 0.21173219 -0.96023470
vn 0.32895479 0.14646670 -0.93291819
vn 0.56812799 0.26128170 -0.78036052
vn 0.40829310 0.25723979 -0.87585652
vn 0.40010440 0.36333409 -0.84137070
vn 0.61924452 0.52171630 -0.58681208
vn 0.52796721 0.55442792 -0.64331991
vn 0.20997360 0.38034600 -0.90069312
vn 0.17203809 0.28746361 -0.94221419
vn 0.83056509 0.54411542 -0.11874440
vn 0.82416308 0.55585247 -0.10855130
vn 0.83622217 0.50473172 -0.21442600
vn 0.80903500 0.55471140 -0.19431341
vn 0.80125427 0.51340348 -0.30725950
vn 0.80475050 0.50320262 -0.31490320
vn 0.76651961 0.54799861 -0.33488140
vn 0.74268568 0.50080180 -0.44453970
vn 0.71614450 0.52256072 -0.46267429
vn 0.42084530 0.88232177 -0.21070731
vn 0.37906060 0.84727281 -0.37207800
vn 0.33974561 0.76476550 -0.54745471
vn 0.14189790 0.80024761 -0.58263957
vn 0.17914830 0.52305478 -0.83325851
vn 0.17636250 0.52739030 -0.83111721
vn 0.23703299 0.57734847 -0.78133482
vn 0.24873380 0.56279832 -0.78828281
vn 0.29202661 0.59385377 -0.74970549
vn 0.36380100 0.62485242 -0.69080281
vn 0.57164770 0.50496721 -0.64670479
vn 0.64001453 0.48164609 -0.59866399
vn 0.71067047 0.45205951 -0.53906357
vn 0.75665343 0.45123050 -0.47314569
vn 0.78541797 0.40560901 -0.46754661
vn 0.82298428 0.37468910 -0.42697191
vn 0.83141172 0.34173611 -0.43814501
vn 0.87626582 0.31854340 -0.36150870
vn 0.92030352 0.24792249 -0.30261481
vn 0.89428222 0.23813879 -0.37887910
vn -0.99986613 0.01242101 -0.01066356
vn -0.99234950 0.12209560 -0.01831310
vn -0.70228148 0.09391701 -0.70567721
vn -0.64135921 0.07324135 -0.76373690
vn -0.76132381 0.04979717 -0.64645678
vn -0.77141291 0.08321571 -0.63087040
vn -0.71374899 0.06738740 -0.69715232
vn -0.66075492 0.24425700 -0.70974737
vn -0.64945823 0.09081703 -0.75495452
vn -0.81061482 0.18987630 -0.55394101
vn -0.76496780 0.18931560 -0.61561668
vn -0.64123088 0.18444370 -0.74485141
vn -0.64630687 0.17380550 -0.74302018
vn -0.70977682 0.22446790 -0.66770577
vn -0.71050632 0.16410540 -0.68428809
vn -0.87650090 0.06058955 -0.47757220
vn -0.90470201 0.04006236 -0.42415729
vn -0.91928053 0.04830509 -0.39062759
vn -0.82030600 0.06141680 -0.56861782
vn -0.90540582 0.09598016 -0.41355571
vn -0.88503701 0.06846135 -0.46045899
vn -0.86575919 0.07998663 -0.49402749
vn -0.82130671 0.05920362 -0.56740671
vn -0.97512341 0.02333956 -0.22043070
vn -0.72189921 0.34562901 -0.59950173
vn -0.72982991 0.35025680 -0.58708477
vn -0.72652018 0.27950591 -0.62772989
vn -0.72438902 0.27729359 -0.63116479
vn -0.78755629 0.26278859 -0.55740219
vn -0.78113931 0.25630960 -0.56932127
vn -0.81469232 0.23154449 -0.53166127
vn -0.83172190 0.16466110 -0.53021282
vn -0.79365802 0.31284350 -0.52176237
vn -0.86771399 0.19603300 -0.45677531
vn -0.86593878 0.12337600 -0.48469409
vn -0.75694227 0.36110470 -0.54464829
vn -0.72200638 0.41287690 -0.55519313
vn -0.76845950 0.37050530 -0.52172410
vn -0.81644338 0.33811840 -0.46807700
vn -0.83172381 0.30154911 -0.46615851
vn -0.83387679 0.36242011 -0.41629448
vn -0.69808948 0.47789171 -0.53318918
vn -0.76290423 0.43510631 -0.47818369
vn -0.91045731 0.14923529 -0.38574150
vn -0.87060350 0.18972340 -0.45393270
vn -0.90927893 0.14710720 -0.38932172
vn -0.96101832 0.06668210 -0.26832339
vn -0.86526382 0.27658281 -0.41811541
vn -0.87955552 0.24707240 -0.40661690
vn -0.91030163 0.21624450 -0.35297230
vn -0.91945410 0.19189809 -0.34319001
vn -0.94320720 0.16195729 -0.29005191
vn -0.83257371 0.30207169 -0.46429911
vn -0.94405931 0.15846090 -0.28920981
vn -0.96471947 0.08814483 -0.24808630
vn -0.98182571 0.07322394 -0.17509089
vn -0.95789838 0.06629121 -0.27934980
vn -0.97102660 0.05057686 -0.23355789
vn -0.98115271 0.04812061 -0.18714660
vn -0.98629463 0.03722697 -0.16074011
vn -0.83913118 0.28654090 -0.46233469
vn -0.79995418 0.30128220 -0.51894373
vn -0.97370362 0.02781599 -0.22611450
vn -0.96345627 0.02441203 -0.26675081
vn -0.94997013 0.04002404 -0.30976570
vn -0.93099922 0.03450179 -0.36338720
vn -0.94328493 0.07590597 -0.32319030
vn -0.93708008 0.09720009 -0.33531061
vn -0.93685502 0.09667712 -0.33608991
vn -0.90699208 0.39136681 -0.15555529
vn -0.93599898 0.35050121 -0.03248000
vn -0.93731582 0.32376671 -0.12889710
vn -0.96116412 0.26705521 -0.06960827
vn -0.94849580 0.26023111 -0.18065280
vn -0.94926971 0.30596751 -0.07260245
vn -0.94376558 0.28634691 -0.16526289
vn -0.96206588 0.12672390 -0.24159950
vn -0.96494871 0.19406420 -0.17667220
vn -0.95960373 0.21023349 -0.18698309
vn -0.97524351 0.12048110 -0.18543090
vn -0.99041301 0.05810701 -0.12532340
vn -0.98313999 0.06897377 -0.16934679
vn -0.76761877 0.44930419 -0.45704189
vn -0.82149208 0.41514519 -0.39090279
vn -0.91090262 0.26110551 -0.31950051
vn -0.91339791 0.26094821 -0.31242660
vn -0.94407082 0.19856370 -0.26325449
vn -0.94489610 0.19858199 -0.26026291
vn -0.98245001 0.09641075 -0.15967800
vn -0.98845822 0.08659833 -0.12430280
vn -0.97248852 0.14687949 -0.18081111
vn -0.97497612 0.14476590 -0.16871420
vn -0.98505628 0.11497040 -0.12824170
vn -0.98660439 0.11246980 -0.11816230
vn -0.99427187 0.04008829 -0.09907704
vn -0.87393320 0.38760909 -0.29325750
vn -0.89277291 0.37376490 -0.25150859
vn -0.91973758 0.30939621 -0.24157140
vn -0.95024872 0.25104061 -0.18440750
vn -0.94824171 0.25338370 -0.19140130
vn -0.99366701 0.07705616 -0.08178269
vn -0.97849780 0.16344170 -0.12581310
vn -0.98797452 0.13210520 -0.08033990
vn -0.96041179 0.26843530 -0.07451045
vn -0.97734702 0.19209050 -0.08884853
vn -0.96950817 0.22624080 -0.09417468
vn -0.97934920 0.20209891 -0.00558716
vn -0.97298920 0.23052619 -0.01224511
vn -0.98287260 0.17731550 -0.05020731
vn -0.99656200 0.08140158 -0.01543092
vn -0.97772151 0.18953030 -0.09021639
vn -0.96341652 0.24234310 -0.11444890
vn -0.99011087 0.11956650 -0.07337868
vn -0.98325843 0.17407189 -0.05386924
vn -0.80955458 0.44697490 -0.38057169
vn -0.86239690 0.40948760 -0.29764339
vn -0.99877912 0.04570996 -0.01873815
vn -0.99855912 0.04720377 -0.02552604
vn -0.99771100 0.03879410 -0.05538994
vn -0.16857040 0.37288159 -0.91243821
vn -0.14909470 0.47479591 -0.86737508
vn -0.02759671 0.36993939 -0.92864591
vn -0.09677290 0.37661880 -0.92129987
vn -0.11112310 0.30978200 -0.94429171
vn -0.05516642 0.42925549 -0.90149671
vn -0.00537538 0.30238339 -0.95317131
vn -0.07868307 0.31779939 -0.94488752
vn -0.13334000 0.49620462 -0.85790539
vn -0.15488590 0.46996790 -0.86898822
vn -0.24408010 0.51490080 -0.82176781
vn -0.21180820 0.44735462 -0.86891383
vn -0.30667791 0.58114821 -0.75380081
vn -0.36909631 0.48270261 -0.79420787
vn -0.44682121 0.49534890 -0.74497008
vn -0.45780200 0.55624372 -0.69354910
vn -0.94621891 0.19546109 -0.25780761
vn -0.95423549 0.19127580 -0.22988720
vn -0.93880582 0.24912500 -0.23786630
vn -0.92856348 0.26049089 -0.26441321
vn -0.90939343 0.31511521 -0.27148891
vn -0.88176370 0.34069210 -0.32622361
vn -0.67249972 0.52403992 -0.52261502
vn -0.84008902 0.38142249 -0.38570410
vn -0.87124801 0.36285111 -0.33055440
vn -0.99218202 0.06855714 -0.10428330
vn -0.99611348 0.05751049 -0.06671112
vn -0.78641522 0.48155341 -0.38685590
vn -0.79882509 0.47929400 -0.36353231
vn -0.63954371 0.51803589 -0.56799901
vn -0.68108863 0.51794952 -0.51753908
vn -0.73364502 0.51265240 -0.44604111
vn -0.74319851 0.50072962 -0.44376329
vn -0.48616299 0.59100842 -0.64370382
vn -0.26821271 0.40399110 -0.87455881
vn -0.28946000 0.45325431 -0.84307391
vn -0.43146920 0.60007870 -0.67360222
vn -0.38246131 0.50535488 -0.77352440
vn -0.31022230 0.58608741 -0.74850768
vn -0.38446200 0.67437768 -0.63039970
vn -0.31467649 0.63246203 -0.70779282
vn -0.40131581 0.64496362 -0.65035957
vn -0.19524810 0.34975910 -0.91626787
vn -0.20409040 0.34222498 -0.91718561
vn -0.30992711 0.50821298 -0.80353272
vn -0.35527950 0.54486430 -0.75953913
vn -0.50900078 0.53703022 -0.67269373
vn -0.54338628 0.56081349 -0.62467557
vn -0.83875912 0.46192810 -0.28828061
vn -0.74697220 0.54830742 -0.37602091
vn -0.91506231 0.36624339 -0.16889889
vn -0.88211590 0.41924450 -0.21472220
vn -0.90703517 0.34638181 -0.23938830
vn -0.93383682 0.31893721 -0.16195060
vn -0.56570762 0.61140633 -0.55331480
vn -0.38663530 0.53424221 -0.75173038
vn -0.82900381 0.49223629 -0.26543599
vn -0.70620352 0.61558098 -0.34976670
vn -0.67190510 0.57762432 -0.46356651
vn -0.68556410 0.56548768 -0.45850381
vn -0.81377822 0.51265711 -0.27376610
vn -0.87713182 0.43126389 -0.21130881
vn -0.28778380 0.35843110 -0.88809222
vn -0.48787239 0.62209928 -0.61235028
vn -0.52526092 0.65234047 -0.54640001
vn -0.84227657 0.45073322 -0.29565129
vn -0.02636444 0.68707532 -0.72610778
vn -0.08482182 0.67579627 -0.73219162
vn -0.07567274 0.75638783 -0.64973158
vn -0.12585001 0.82595330 -0.54951149
vn -0.16352610 0.80450583 -0.57099020
vn -0.18170419 0.75489342 -0.63017428
vn -0.26886439 0.80358118 -0.53100783
vn -0.01918256 0.69503331 -0.71872163
vn -0.07836741 0.75241691 -0.65400869
vn -0.11569860 0.66378510 -0.73892027
vn -0.19097529 0.74162138 -0.64305991
vn -0.01821309 0.97972512 -0.19951680
vn -0.20821260 0.56293172 -0.79984713
vn -0.16814570 0.57768762 -0.79875147
vn -0.28076860 0.68438381 -0.67289507
vn -0.36607140 0.75480550 -0.54429817
vn -0.34590021 0.68145281 -0.64496130
vn -0.27047089 0.66866010 -0.69263208
vn -0.12006880 0.53429979 -0.83672422
vn -0.47530079 0.66729808 -0.57341290
vn -0.57569641 0.70816702 -0.40874580
vn -0.43351200 0.73856401 -0.51632410
vn -0.43443719 0.73947752 -0.51423490
vn -0.39736620 0.82163471 -0.40867689
vn -0.09958469 0.58182168 -0.80719668
vn -0.19640639 0.64909738 -0.73491299
vn -0.25990680 0.84064782 -0.47514191
vn -0.04701977 0.89403850 -0.44551581
vn -0.23935050 0.57654947 -0.78121829
vn -0.13083389 0.27686730 -0.95195961
vn -0.43437800 0.63185948 -0.64192629
vn -0.52824980 0.64805031 -0.54861921
vn -0.60377008 0.66444743 -0.44042170
vn -0.55352592 0.63098657 -0.54356700
vn -0.59239018 0.59599668 -0.54209018
vn -0.60913920 0.53860891 -0.58210832
vn -0.58884281 0.53066093 -0.60964203
vn -0.80891258 0.53185421 -0.25058240
vn -0.71495640 0.57440710 -0.39861500
vn -0.63472062 0.65774327 -0.40559050
vn -0.53861427 0.70425111 -0.46252039
vn -0.60209781 0.68522477 -0.40981129
vn -0.67666483 0.65890688 -0.32858241
vn -0.70685178 0.61562413 -0.34837851
vn -0.69890189 0.65355361 -0.29052350
vn -0.75463521 0.57318920 -0.31934300
vn -0.61473417 0.68648201 -0.38838700
vn -0.34060201 0.84905332 -0.40385470
vn -0.33400729 0.84437603 -0.41888940
vn -0.01013600 0.85972601 -0.51065493
vn -0.47247601 0.81582743 -0.33345500
vn -0.16556840 0.89392781 -0.41650990
vn -0.11062650 0.92987412 -0.35085061
vn -0.04666274 0.89443809 -0.44475070
vn -0.45299390 0.86397302 -0.21988019
vn -0.36534879 0.83936667 -0.40247211
vn -0.23977301 0.89934617 -0.36563009
vn -0.12361720 0.91650891 -0.38043430
vn -0.53247911 0.78903991 -0.30640200
vn -0.29994881 0.89680427 -0.32522759
vn -0.23537169 0.89557791 -0.37754530
vn -0.19385390 0.93452948 -0.29845479
vn -0.59461302 0.76108611 -0.25919780
vn -0.63076609 0.75793761 -0.16632719
vn -0.58260328 0.79611361 -0.16363540
vn -0.49996939 0.82912189 -0.25017530
vn -0.49778980 0.85247242 -0.15967560
vn -0.00971532 0.57631511 -0.81716990
vn -0.44569209 0.80075997 -0.40017739
vn -0.52982938 0.77403599 -0.34662560
vn -0.67536438 0.72503722 -0.13492189
vn -0.44592801 0.89152402 -0.07958203
vn -0.29580399 0.93886042 -0.17618529
vn -0.08655214 0.97128677 -0.22160940
vn -0.01073545 0.97327661 -0.22938509
vn -0.62524742 0.71484500 -0.31314909
vn -0.67990172 0.69590038 -0.23120590
vn -0.69331771 0.64510453 -0.32117111
vn -0.88519132 0.44161451 -0.14633261
vn -0.89949381 0.42756680 -0.08998703
vn -0.80657011 0.54041988 -0.23956460
vn -0.79171091 0.58946180 -0.16040130
vn -0.75416571 0.65028900 -0.09142339
vn -0.69840771 0.67720801 -0.23155120
vn -0.33637369 0.91317779 -0.23012839
vn -0.35991669 0.91685682 -0.17272390
vn -0.39682370 0.89394683 -0.20830290
vn -0.46822241 0.85013533 -0.24091010
vn -0.68006217 0.71763033 -0.15007409
vn -0.73405057 0.67773980 -0.04287713
vn -0.79755020 0.59668779 -0.08875435
vn -0.86837441 0.49506551 -0.02891683
vn -0.93281138 0.35453340 -0.06456673
vn -0.96242362 0.20917910 -0.17316140
vn -0.97672057 0.17225391 -0.12785010
vn -0.99240029 0.09273582 -0.08088135
vn -0.83654708 0.53539288 -0.11637690
vn -0.83239371 0.54371440 -0.10721790
vn -0.52541858 0.82944238 -0.18963310
vn -0.28751150 0.93546063 -0.20554981
vn -0.85412341 0.48538461 -0.18674859
vn -0.84136468 0.51635921 -0.15962100
vn -0.76961541 0.59551358 -0.23033869
vn -0.70820421 0.64345682 -0.29053429
vn -0.86614198 0.47807390 -0.14575180
vn -0.91048860 0.40618771 -0.07760220
vn -0.86478943 0.46202069 -0.19666260
vn -0.75464821 0.53872740 -0.37453830
vn -0.63812238 0.60589761 -0.47506630
vn -0.50157028 0.72275281 -0.47545311
vn -0.47167000 0.71065050 -0.52201861
vn -0.53401220 0.77407992 -0.34004590
vn -0.10092430 0.09518903 -0.99032992
vn -0.18583740 0.05973827 -0.98076290
vn -0.02125722 0.08710265 -0.99597257
vn -0.05799585 0.05946415 -0.99654442
vn -0.03777295 0.18970589 -0.98111421
vn -0.03248345 0.18006121 -0.98311889
vn -0.05275356 0.17532051 -0.98309708
vn -0.12355810 0.21329761 -0.96914267
vn -0.11613850 0.19493970 -0.97391498
vn -0.11173010 0.08214217 -0.99033791
vn -0.09880691 0.03323286 -0.99455148
vn -0.19883721 0.13753170 -0.97033441
vn -0.17236111 0.21559469 -0.96115071
vn -0.23636700 0.30310860 -0.92317712
vn -0.18593440 0.16352481 -0.96885920
vn -0.22886840 0.31668061 -0.92050677
vn -0.29858631 0.36368299 -0.88237232
vn -0.29118002 0.36674011 -0.88358128
vn -0.10901830 0.28903261 -0.95109153
vn -0.39603379 0.12068330 -0.91027069
vn -0.47343510 0.06530410 -0.87840468
vn -0.57569242 0.09151941 -0.81252849
vn -0.77092743 0.15472950 -0.61784291
vn -0.82388133 0.23301080 -0.51664841
vn -0.40110901 0.10785590 -0.90965861
vn -0.48967561 0.10227410 -0.86588562
vn -0.51442188 0.07312953 -0.85441339
vn -0.57581228 0.09129995 -0.81246817
vn -0.76162201 0.13172700 -0.63449198
vn -0.78831333 0.11307620 -0.60479420
vn -0.84349352 0.12336820 -0.52278018
vn -0.87654108 0.12568750 -0.46462721
vn -0.90887117 0.09803068 -0.40539271
vn -0.77892518 0.21251760 -0.59000999
vn -0.57435530 0.17547791 -0.79957712
vn -0.52122700 0.10037690 -0.84749448
vn -0.44834411 0.19510990 -0.87230712
vn -0.57248390 0.24915101 -0.78114402
vn -0.50540972 0.24788091 -0.82650852
vn -0.43402731 0.16403811 -0.88583970
vn -0.40615240 0.18536439 -0.89480740
vn -0.31766090 0.16563140 -0.93362618
vn -0.33462739 0.14036980 -0.93183738
vn -0.49227831 0.21771430 -0.84277088
vn -0.58809811 0.20672990 -0.78192300
vn -0.31076300 0.01376569 -0.95038778
vn -0.72031122 0.17925189 -0.67009002
vn -0.83285290 0.16538461 -0.52820831
vn -0.08181571 0.32319209 -0.94279009
vn -0.25376931 0.21168721 -0.94381660
vn -0.35153440 0.39816210 -0.84728420
vn -0.36490080 0.38883320 -0.84596461
vn -0.57618672 0.32120481 -0.75155598
vn -0.42473161 0.32107690 -0.84647071
vn -0.47181481 0.32930431 -0.81789333
vn -0.35585719 0.27205369 -0.89406520
vn -0.33531219 0.28167361 -0.89901382
vn -0.24878070 0.09933912 -0.96345222
vn -0.60610378 0.36981291 -0.70418513
vn -0.53394180 0.33184189 -0.77768070
vn -0.49371090 0.34744811 -0.79720098
vn -0.41251409 0.33690500 -0.84636122
vn -0.25026160 0.09864765 -0.96313971
vn -0.43897951 0.41820961 -0.79523450
vn -0.57299173 0.48628831 -0.65969998
vn -0.60057491 0.42360690 -0.67813498
vn -0.54904461 0.45455539 -0.70137691
vn -0.49672630 0.43675649 -0.75000471
vn -0.47197220 0.44262779 -0.76244551
vn -0.43035421 0.42232812 -0.79776830
vn -0.57922608 0.41001689 -0.70454472
vn -0.67253310 0.38833630 -0.62999541
vn -0.65685803 0.36795190 -0.65814048
vn -0.65652710 0.30222109 -0.69111121
vn -0.65066987 0.31145811 -0.69254792
vn -0.41340199 0.21226680 -0.88546127
vn -0.18078171 0.06580728 -0.98131931
vn -0.28924730 0.27325439 -0.91742468
vn -0.71168321 0.45875499 -0.53202552
vn -0.76934630 0.44655001 -0.45683631
vn -0.78624970 0.40192750 -0.46932501
vn -0.84597093 0.37059981 -0.38339171
vn -0.85538781 0.32473001 -0.40356189
vn -0.88495761 0.31457910 -0.34335130
vn -0.96548039 0.08842563 -0.24500699
vn -0.96004522 0.09855663 -0.26191580
vn -0.96302509 0.09926140 -0.25045940
vn -0.93983620 0.12586370 -0.31759450
vn -0.93501502 0.14205280 -0.32491240
vn -0.90496278 0.16981040 -0.39013681
vn -0.75719011 0.31292289 -0.57336068
vn -0.66543382 0.41754839 -0.61874968
vn -0.63259900 0.45788580 -0.62462717
vn -0.53077543 0.50483859 -0.68074638
vn -0.45014080 0.49955279 -0.74014890
vn -0.02404224 0.54505402 -0.83805621
vn -0.28837961 0.75678652 -0.58661008
vn -0.37657309 0.76675200 -0.51988852
vn -0.25452811 0.96303362 -0.08821403
vn -0.18723820 0.96586877 -0.17899570
vn -0.80267000 0.59638220 0.00702661
vn -0.99706531 0.07619583 0.00742751
vn -0.99384028 0.11082220 0.00036430
vn -0.99929261 0.03758013 0.00147361
vn -0.97700453 0.21321429 0.00135630
vn -0.99033183 0.13870651 0.00186419
vn -0.98994988 0.14139590 0.00253224
vn -0.96826458 0.24988911 0.00438023
vn -0.96527571 0.26107061 0.00922966
vn -0.94296437 0.33287081 -0.00389790
vn -0.87737590 0.47973990 0.00782764
vn -0.90378642 0.42798379 -0.00009055
vn -0.92392200 0.38244471 0.01021957
vn -0.91911107 0.39365619 0.01642215
vn -0.87446952 0.48494300 0.01155614
vn -0.81271923 0.58225971 0.02147591
vn -0.84080511 0.54131371 -0.00512051
vn -0.71014023 0.70200002 0.05382347
vn -0.76374012 0.64552170 -0.00176215
vn -0.71980017 0.69307011 0.03926187
vn -0.69460791 0.71937507 -0.00439972
vn -0.65049368 0.75939763 -0.01316654
vn -0.60460740 0.79569417 0.03634274
vn -0.59900218 0.79942358 0.04602491
vn -0.57176173 0.82041311 -0.00333697
vn -0.52498931 0.85107070 -0.00806665
vn -0.48471052 0.87407708 0.03232675
vn -0.40709040 0.91338593 -0.00194389
vn -0.46271980 0.88650411 0.00100064
vn -0.38203940 0.92384851 0.02345222
vn -0.34167150 0.93980658 -0.00490659
vn -0.28458300 0.95845163 0.01957499
vn -0.29241031 0.95624733 0.00934720
vn -0.17720620 0.98385411 0.02508157
vn -0.21625690 0.97630638 -0.00767177
vn -0.13872470 0.99023789 -0.01358449
vn -0.07420277 0.99695122 0.02413249
vn -0.04730457 0.99886471 -0.00563025
vn 0.02787750 0.99950492 0.01458996
vn 0.02093541 0.99976963 0.00476640
vn 0.09996402 0.99497581 -0.00551104
vn 0.14121640 0.98944378 0.03254228
vn 0.22994910 0.97308761 -0.01497429
vn 0.17354330 0.98480523 -0.00644922
vn 0.27866659 0.95997941 0.02800834
vn 0.30013341 0.95389622 -0.00148857
vn 0.37174699 0.92833382 0.00080816
vn 0.43401280 0.90086722 -0.00843507
vn 0.40381089 0.91396201 0.04012930
vn 0.49052721 0.87105918 -0.02527987
vn 0.55138779 0.83356869 0.03368854
vn 0.54382390 0.83900029 0.01827859
vn 0.59383178 0.80457407 -0.00494641
vn 0.64401841 0.76497209 0.00761449
vn 0.65608787 0.75416952 0.02787882
vn 0.69671982 0.71700901 -0.02190017
vn 0.75617272 0.65340197 0.03562098
vn 0.76039910 0.64907610 0.02221816
vn 0.79500371 0.60658348 -0.00507814
vn 0.82511908 0.56495851 -0.00062708
vn 0.85088593 0.52486962 0.02247524
vn 0.85945028 0.51114321 0.00883400
vn 0.88373601 0.46791589 -0.00809330
vn 0.91081619 0.41280580 0.00231308
vn 0.91870570 0.39480859 0.01029980
vn 0.92912710 0.36974770 0.00309050
vn 0.96016592 0.27943060 0.00036517
vn 0.95348531 0.30111891 0.01390308
vn 0.96533459 0.26101461 0.00075499
vn 0.98630828 0.16465740 0.00916320
vn 0.98944402 0.14487210 0.00355929
vn 0.97501099 0.22215420 -0.00104785
vn 0.99316323 0.11672950 0.00113589
vn 0.99950761 0.03130036 0.00220722
vn 0.99820232 0.05957877 0.00653499
vn 0.99957180 0.02924460 -0.00106472
vn 0.85097909 0.52519918 0.00071597
vn -0.03831821 0.99875599 -0.03190988
vn -0.06837832 0.99765873 0.00126898
vn -0.14090180 0.99000591 0.00591564
vn -0.17992030 0.98366141 0.00624532
vn -0.20379689 0.97760898 -0.05241578
vn -0.28160879 0.95951331 -0.00555175
vn -0.29640290 0.95467138 -0.02734792
vn -0.34987941 0.93663269 0.01742792
vn -0.42822501 0.90326548 -0.02710610
vn -0.40712351 0.91336882 0.00280088
vn -0.48983559 0.87180722 0.00369525
vn -0.43593559 0.89976090 -0.01976186
vn -0.53627938 0.84350067 -0.03018224
vn -0.52572018 0.85058183 -0.01135891
vn -0.61373627 0.78926599 -0.01966685
vn -0.59093982 0.80668777 0.00672412
vn -0.69735360 0.71626180 -0.02582889
vn -0.68717653 0.72644621 -0.00802791
vn -0.64018333 0.76820332 0.00542253
vn -0.73141408 0.68175459 0.01562398
vn -0.79477000 0.60643560 -0.02401417
vn -0.78416181 0.62053633 -0.00501388
vn -0.83081353 0.55649310 0.00802958
vn -0.87364739 0.48648599 -0.00846434
vn -0.86651528 0.49864361 -0.02249300
vn -0.89319241 0.44967461 -0.00019020
vn -0.92657131 0.37611100 -0.00252175
vn -0.92189908 0.38723439 -0.01232200
vn -0.91440922 0.40444699 -0.01668834
vn -0.95803779 0.28663549 0.00192344
vn -0.97065729 0.24042760 -0.00437349
vn -0.96939898 0.24541950 -0.00590813
vn -0.97801220 0.20854600 -0.00084503
vn -0.98968571 0.14323290 -0.00259840
vn -0.99074251 0.13575390 -0.00049425
vn -0.98133922 0.19219260 -0.00595689
vn -0.99975222 0.02224022 -0.00094486
vn -0.99496448 0.09889370 -0.01629656
vn -0.99956578 0.02945321 0.00088026
vn 0.99277240 0.11931490 -0.01293033
vn 0.99549162 0.09484893 0.00048737
vn 0.99929452 0.03752446 -0.00155097
vn 0.94309157 0.33252201 0.00269800
vn 0.98864383 0.15019980 -0.00484043
vn 0.98935038 0.14551270 -0.00343180
vn 0.95802331 0.28664339 -0.00519913
vn 0.95060688 0.30997980 -0.01609522
vn 0.96832198 0.24969511 0.00218731
vn 0.92000681 0.39183611 -0.00720978
vn 0.93724829 0.34866262 -0.00036613
vn 0.88696670 0.46182931 -0.00197846
vn 0.92054111 0.39059290 -0.00642526
vn 0.87447113 0.48487860 -0.01389276
vn 0.81325573 0.58152169 -0.02116185
vn 0.82063442 0.57136142 -0.01026755
vn 0.75104952 0.66024017 0.00274765
vn 0.79181153 0.61076558 0.00010089
vn 0.68295628 0.73045921 -0.00010790
vn 0.72196418 0.69137561 -0.02770334
vn 0.71738082 0.69565833 -0.03774130
vn 0.63006669 0.77647352 -0.01024204
vn 0.61361492 0.78930908 -0.02163475
vn 0.61202431 0.79044640 -0.02491885
vn 0.57116729 0.82081503 0.00555146
vn 0.51486617 0.85725379 -0.00535589
vn 0.52280313 0.85228568 -0.01691168
vn 0.40501741 0.91427648 -0.00770295
vn 0.42218229 0.90595841 -0.03164899
vn 0.46370730 0.88596523 0.00641650
vn 0.35299620 0.93558103 0.00904339
vn 0.29393080 0.95559079 -0.02123987
vn 0.28162181 0.95858192 -0.04254311
vn 0.17971210 0.98367661 -0.00917488
vn 0.16705330 0.98551488 -0.02921915
vn 0.23728029 0.97142690 0.00527781
vn 0.11239150 0.99365652 0.00389010
vn 0.07923263 0.99655890 -0.02434301
vn -0.01639574 0.99984890 -0.00580197
vn 0.04145199 0.99911618 0.00698048
vn 0.00000000 -0.00000000 -1.00000000
vn 0.00000268 -0.00000000 -1.00000000
vn -0.00000027 0.00000000 -1.00000000
vn 0.00000047 -0.00000000 -1.00000000
vn -0.00000014 0.00000000 -1.00000000
vn 0.00000593 0.00000779 -1.00000000
vn -0.00000134 0.00000000 -1.00000000
vn -0.00001801 -0.00000985 -1.00000000
vn 0.00001018 0.00001138 -1.00000000
vn -0.00003158 -0.00002838 -1.00000000
vn -0.00000423 0.00000000 -1.00000000
vn 0.00000023 -0.00000000 -1.00000000
vn 0.00017683 0.00015196 -1.00000000
vn -0.00004915 -0.00003782 -1.00000000
vn 0.00002121 0.00001373 -1.00000000
vn 0.00000015 -0.00000000 -1.00000000
vn 0.00000032 -0.00000000 -1.00000000
vn 0.00000290 0.00001268 -1.00000000
vn -0.00000317 -0.00000671 -1.00000000
vn -0.00000124 0.00000000 -1.00000000
vn -0.00001113 -0.00000724 -1.00000000
vn -0.00000021 0.00000000 -1.00000000
vn 0.00000206 -0.00000000 -1.00000000
vn -0.00000787 -0.00001851 -1.00000000
vn 0.00001282 0.00002733 -1.00000000
vn -0.00000825 -0.00001451 -1.00000000
vn 0.00002013 0.00001570 -1.00000000
vn -0.00000188 0.00000000 -1.00000000
vn 0.00000072 -0.00000000 -1.00000000
vn -0.00000062 0.00000000 -1.00000000
vn -0.00000068 0.00000000 -1.00000000

# Mesh 'body3_002-mesh' with 2070 faces
g body3_002-mesh
usemtl body3.002
f  1/1/1 2/2/1 3/3/1
f  4/1/1 5/3/1 6/4/1
f  7/5/2 8/6/2 9/7/2
f  10/8/3 11/2/3 12/6/3
f  13/6/4 14/2/4 15/9/4
f  16/10/5 17/11/5 18/12/5
f  19/2/6 20/8/6 21/13/6
f  22/1/1 23/4/1 24/14/1
f  25/14/7 26/15/7 27/1/7
f  28/16/1 29/17/1 30/10/1
f  31/6/8 32/9/8 33/18/8
f  34/19/9 35/20/9 36/2/9
f  37/2/10 38/20/10 39/21/10
f  40/16/1 41/1/1 42/17/1
f  43/17/1 44/1/1 45/15/1
f  46/6/11 47/18/11 48/22/11
f  49/6/12 50/22/12 51/23/12
f  52/24/13 53/25/13 54/5/13
f  55/5/14 56/25/14 57/6/14
f  58/26/1 59/27/1 60/2/1
f  61/2/1 62/27/1 63/3/1
f  64/10/15 65/28/15 66/29/15
f  67/10/16 68/30/16 69/11/16
f  70/6/17 71/23/17 72/31/17
f  73/6/18 74/31/18 75/7/18
f  76/2/19 77/21/19 78/26/19
f  79/10/20 80/17/20 81/28/20
f  82/10/21 83/12/21 84/32/21
f  85/13/22 86/33/22 87/2/22
f  88/2/23 89/33/23 90/34/23
f  91/2/24 92/34/24 93/35/24
f  94/2/25 95/36/25 96/37/25
f  97/2/26 98/37/26 99/19/26
f  100/10/27 101/29/27 102/30/27
f  103/10/28 104/32/28 105/38/28
f  106/39/29 107/40/29 108/41/29
f  109/5/30 110/42/30 111/24/30
f  112/2/31 113/35/31 114/36/31
f  115/39/1 116/43/1 117/40/1
f  118/43/32 119/39/32 120/44/32
f  121/10/33 122/38/33 123/39/33
f  124/10/34 125/39/34 126/41/34
f  127/45/35 128/46/35 129/47/35
f  130/47/36 131/48/36 132/49/36
f  133/48/37 134/47/37 135/50/37
f  136/47/38 137/49/38 138/51/38
f  139/47/39 140/51/39 141/45/39
f  142/52/40 143/53/40 144/47/40
f  145/53/39 146/54/39 147/47/39
f  148/47/41 149/55/41 150/56/41
f  151/48/42 152/50/42 153/57/42
f  154/47/43 155/58/43 156/59/43
f  157/59/44 158/60/44 159/47/44
f  160/47/45 161/60/45 162/61/45
f  163/47/39 164/61/39 165/55/39
f  166/47/46 167/56/46 168/62/46
f  169/62/47 170/63/47 171/64/47
f  172/47/48 173/65/48 174/66/48
f  175/47/49 176/66/49 177/67/49
f  178/54/39 179/68/39 180/47/39
f  181/47/50 182/68/50 183/69/50
f  184/47/51 185/69/51 186/70/51
f  187/62/52 188/64/52 189/47/52
f  190/48/53 191/57/53 192/71/53
f  193/48/54 194/71/54 195/72/54
f  196/48/55 197/72/55 198/73/55
f  199/48/56 200/73/56 201/74/56
f  202/47/57 203/46/57 204/75/57
f  205/75/58 206/76/58 207/47/58
f  208/47/59 209/76/59 210/65/59
f  211/67/60 212/77/60 213/47/60
f  214/47/61 215/77/61 216/52/61
f  217/47/62 218/70/62 219/78/62
f  220/79/39 221/80/39 222/62/39
f  223/62/63 224/80/63 225/81/63
f  226/81/39 227/82/39 228/62/39
f  229/82/39 230/83/39 231/62/39
f  232/62/64 233/83/64 234/63/64
f  235/84/39 236/85/39 237/86/39
f  238/86/39 239/85/39 240/87/39
f  241/85/65 242/84/65 243/88/65
f  244/47/66 245/78/66 246/58/66
f  247/80/67 248/79/67 249/89/67
f  250/80/39 251/90/39 252/91/39
f  253/74/39 254/85/39 255/48/39
f  256/48/39 257/85/39 258/88/39
f  259/80/68 260/89/68 261/90/68
f  262/92/69 263/93/69 264/94/69
f  265/92/70 266/94/70 267/95/70
f  268/92/71 269/95/71 270/96/71
f  271/97/72 272/98/72 273/92/72
f  274/92/73 275/98/73 276/93/73
f  277/93/74 278/99/74 279/94/74
f  280/97/75 281/92/75 282/96/75
f  283/100/76 284/101/76 285/102/76
f  286/103/77 287/100/77 288/104/77
f  289/103/78 290/101/78 291/100/78
f  292/100/79 293/102/79 294/96/79
f  295/95/80 296/104/80 297/100/80
f  298/100/81 299/96/81 300/95/81
f  301/105/82 302/106/82 303/107/82
f  304/108/83 305/105/83 306/107/83
f  307/109/84 308/110/84 309/111/84
f  310/112/85 311/113/85 312/114/85
f  313/115/86 314/116/86 315/117/86
f  316/117/87 317/116/87 318/118/87
f  319/112/88 320/114/88 321/119/88
f  322/113/89 323/120/89 324/121/89
f  325/114/90 326/113/90 327/121/90
f  328/122/91 329/118/91 330/123/91
f  331/122/92 332/123/92 333/119/92
f  334/124/93 335/117/93 336/125/93
f  337/122/94 338/119/94 339/126/94
f  340/126/95 341/119/95 342/121/95
f  343/127/96 344/128/96 345/123/96
f  346/129/97 347/116/97 348/115/97
f  349/130/98 350/131/98 351/132/98
f  352/133/99 353/131/99 354/130/99
f  355/125/100 356/134/100 357/135/100
f  358/135/101 359/134/101 360/122/101
f  361/135/102 362/122/102 363/126/102
f  364/136/103 365/130/103 366/137/103
f  367/137/104 368/130/104 369/138/104
f  370/129/105 371/138/105 372/132/105
f  373/129/106 374/115/106 375/138/106
f  376/139/107 377/138/107 378/124/107
f  379/139/108 380/124/108 381/140/108
f  382/134/109 383/117/109 384/118/109
f  385/134/110 386/118/110 387/122/110
f  388/139/111 389/141/111 390/142/111
f  391/142/112 392/136/112 393/137/112
f  394/121/113 395/119/113 396/114/113
f  397/133/114 398/108/114 399/107/114
f  400/109/115 401/107/115 402/110/115
f  403/136/116 404/133/116 405/130/116
f  406/143/117 407/136/117 408/144/117
f  409/144/118 410/136/118 411/142/118
f  412/139/119 413/137/119 414/138/119
f  415/138/120 416/115/120 417/124/120
f  418/124/121 419/115/121 420/117/121
f  421/125/122 422/117/122 423/134/122
f  424/133/123 425/107/123 426/109/123
f  427/145/124 428/140/124 429/146/124
f  430/140/125 431/147/125 432/148/125
f  433/148/126 434/147/126 435/149/126
f  436/133/127 437/109/127 438/150/127
f  439/151/128 440/152/128 441/153/128
f  442/154/129 443/155/129 444/156/129
f  445/154/130 446/157/130 447/155/130
f  448/155/131 449/158/131 450/159/131
f  451/160/132 452/161/132 453/162/132
f  454/163/133 455/164/133 456/165/133
f  457/155/134 458/157/134 459/158/134
f  460/161/135 461/166/135 462/162/135
f  463/167/136 464/168/136 465/157/136
f  466/157/137 467/169/137 468/158/137
f  469/157/138 470/168/138 471/169/138
f  472/170/139 473/158/139 474/171/139
f  475/168/140 476/167/140 477/172/140
f  478/171/141 479/158/141 480/169/141
f  481/173/142 482/172/142 483/167/142
f  484/173/143 485/167/143 486/174/143
f  487/174/144 488/167/144 489/154/144
f  490/174/145 491/154/145 492/175/145
f  493/175/146 494/154/146 495/156/146
f  496/167/147 497/157/147 498/154/147
f  499/176/148 500/177/148 501/178/148
f  502/169/149 503/168/149 504/179/149
f  505/178/150 506/180/150 507/181/150
f  508/178/151 509/179/151 510/180/151
f  511/172/152 512/179/152 513/168/152
f  514/169/153 515/179/153 516/178/153
f  517/165/154 518/182/154 519/163/154
f  520/183/155 521/184/155 522/185/155
f  523/186/156 524/187/156 525/177/156
f  526/177/157 527/187/157 528/171/157
f  529/177/158 530/171/158 531/178/158
f  532/178/159 533/171/159 534/169/159
f  535/188/160 536/183/160 537/185/160
f  538/189/161 539/190/161 540/186/161
f  541/176/162 542/178/162 543/181/162
f  544/191/163 545/176/163 546/181/163
f  547/189/164 548/191/165 549/192/165
f  550/189/166 551/176/166 552/191/166
f  553/193/167 554/189/167 555/194/167
f  556/195/168 557/196/168 558/197/168
f  559/198/169 560/189/169 561/192/169
f  562/194/170 563/189/170 564/198/170
f  565/198/171 566/199/171 567/194/171
f  568/199/172 569/200/172 570/194/172
f  571/140/173 572/148/173 573/146/173
f  574/140/174 575/145/174 576/139/174
f  577/139/175 578/145/175 579/141/175
f  580/142/176 581/141/176 582/144/176
f  583/164/177 584/201/177 585/148/177
f  586/202/178 587/203/178 588/204/178
f  589/204/179 590/203/179 591/205/179
f  592/139/180 593/142/180 594/137/180
f  595/143/181 596/108/181 597/136/181
f  598/138/182 599/130/182 600/132/182
f  601/116/183 602/127/183 603/118/183
f  604/118/184 605/127/184 606/123/184
f  607/143/185 608/105/185 609/108/185
f  610/108/186 611/133/186 612/136/186
f  613/133/187 614/150/187 615/131/187
f  616/202/188 617/145/188 618/146/188
f  619/148/189 620/149/189 621/160/189
f  622/145/190 623/202/190 624/204/190
f  625/141/191 626/205/191 627/144/191
f  628/144/192 629/205/192 630/206/192
f  631/144/193 632/206/193 633/143/193
f  634/110/194 635/107/194 636/106/194
f  637/207/195 638/206/195 639/208/195
f  640/209/196 641/210/196 642/206/196
f  643/211/197 644/106/197 645/210/197
f  646/143/198 647/206/198 648/210/198
f  649/209/199 650/212/199 651/211/199
f  652/209/200 653/211/200 654/210/200
f  655/208/201 656/206/201 657/205/201
f  658/141/202 659/204/202 660/205/202
f  661/143/203 662/210/203 663/105/203
f  664/105/204 665/210/204 666/106/204
f  667/148/205 668/201/205 669/146/205
f  670/146/206 671/201/206 672/213/206
f  673/146/207 674/213/207 675/202/207
f  676/214/208 677/215/208 678/216/208
f  679/217/209 680/218/209 681/219/209
f  682/195/210 683/220/210 684/215/210
f  685/195/211 686/215/211 687/196/211
f  688/221/212 689/222/212 690/223/212
f  691/176/213 692/189/213 693/186/213
f  694/176/214 695/186/214 696/177/214
f  697/199/215 698/224/215 699/200/215
f  700/225/216 701/220/216 702/226/216
f  703/216/217 704/215/217 705/218/217
f  706/218/218 707/215/218 708/220/218
f  709/220/219 710/195/219 711/226/219
f  712/225/220 713/227/220 714/219/220
f  715/225/221 716/219/221 717/218/221
f  718/228/222 719/217/222 720/219/222
f  721/228/223 722/219/223 723/229/223
f  724/229/224 725/219/224 726/230/224
f  727/230/225 728/219/225 729/227/225
f  730/220/226 731/225/226 732/218/226
f  733/231/227 734/232/227 735/208/227
f  736/217/228 737/216/228 738/218/228
f  739/233/229 740/234/229 741/235/229
f  742/236/230 743/203/230 744/237/230
f  745/237/231 746/203/231 747/213/231
f  748/208/232 749/232/232 750/207/232
f  751/236/233 752/237/233 753/231/233
f  754/237/234 755/213/234 756/238/234
f  757/238/235 758/213/235 759/201/235
f  760/238/236 761/201/236 762/163/236
f  763/163/237 764/201/237 765/164/237
f  766/239/238 767/161/238 768/153/238
f  769/240/239 770/153/239 771/152/239
f  772/173/240 773/241/240 774/172/240
f  775/162/241 776/242/241 777/165/241
f  778/162/242 779/165/242 780/164/242
f  781/236/243 782/231/243 783/208/243
f  784/233/244 785/243/244 786/234/244
f  787/244/245 788/234/245 789/245/245
f  790/230/246 791/246/246 792/247/246
f  793/230/247 794/247/247 795/229/247
f  796/229/248 797/247/248 798/248/248
f  799/229/249 800/248/249 801/228/249
f  802/247/250 803/246/250 804/249/250
f  805/247/251 806/249/251 807/248/251
f  808/248/252 809/249/252 810/233/252
f  811/233/253 812/250/253 813/243/253
f  814/243/254 815/251/254 816/234/254
f  817/249/255 818/252/255 819/253/255
f  820/249/256 821/253/256 822/250/256
f  823/250/257 824/253/257 825/243/257
f  826/251/258 827/245/258 828/234/258
f  829/246/259 830/252/259 831/249/259
f  832/249/260 833/250/260 834/233/260
f  835/252/261 836/254/261 837/253/261
f  838/253/262 839/251/262 840/243/262
f  841/228/263 842/248/263 843/235/263
f  844/235/264 845/248/264 846/233/264
f  847/255/265 848/256/265 849/102/265
f  850/96/266 851/102/266 852/257/266
f  853/97/267 854/96/267 855/257/267
f  856/97/268 857/257/268 858/258/268
f  859/259/269 860/258/269 861/260/269
f  862/259/270 863/260/270 864/261/270
f  865/261/271 866/262/271 867/263/271
f  868/264/272 869/265/272 870/266/272
f  871/266/273 872/265/273 873/263/273
f  874/262/274 875/261/274 876/267/274
f  877/268/275 878/269/275 879/270/275
f  880/271/276 881/272/276 882/273/276
f  883/274/277 884/269/277 885/268/277
f  886/273/278 887/275/278 888/271/278
f  889/276/279 890/268/279 891/270/279
f  892/272/280 893/277/280 894/274/280
f  895/272/281 896/274/281 897/273/281
f  898/256/282 899/255/282 900/278/282
f  901/256/283 902/257/283 903/102/283
f  904/257/284 905/256/284 906/279/284
f  907/279/285 908/256/285 909/278/285
f  910/266/286 911/263/286 912/262/286
f  913/267/287 914/261/287 915/260/287
f  916/260/288 917/280/288 918/267/288
f  919/262/289 920/281/289 921/266/289
f  922/258/290 923/257/290 924/279/290
f  925/258/291 926/279/291 927/260/291
f  928/260/292 929/279/292 930/280/292
f  931/282/293 932/280/293 933/279/293
f  934/283/294 935/279/294 936/278/294
f  937/264/295 938/266/295 939/281/295
f  940/281/296 941/262/296 942/267/296
f  943/255/297 944/101/297 945/284/297
f  946/255/298 947/284/298 948/278/298
f  949/278/299 950/284/299 951/283/299
f  952/279/300 953/283/300 954/285/300
f  955/279/301 956/285/301 957/282/301
f  958/285/302 959/283/302 960/284/302
f  961/101/303 962/255/303 963/102/303
f  964/277/304 965/269/304 966/274/304
f  967/274/305 968/268/305 969/286/305
f  970/286/306 971/268/306 972/287/306
f  973/268/307 974/288/307 975/287/307
f  976/287/308 977/288/308 978/289/308
f  979/282/309 980/290/309 981/280/309
f  982/280/310 983/290/310 984/291/310
f  985/267/311 986/291/311 987/281/311
f  988/292/312 989/281/312 990/293/312
f  991/293/313 992/291/313 993/294/313
f  994/294/314 995/291/314 996/295/314
f  997/276/315 998/293/315 999/288/315
f  1000/288/316 1001/293/316 1002/294/316
f  1003/288/317 1004/294/317 1005/289/317
f  1006/289/318 1007/294/318 1008/295/318
f  1009/276/319 1010/292/319 1011/293/319
f  1012/287/320 1013/296/320 1014/297/320
f  1015/287/321 1016/289/321 1017/298/321
f  1018/287/322 1019/298/322 1020/296/322
f  1021/296/323 1022/299/323 1023/297/323
f  1024/273/324 1025/300/324 1026/275/324
f  1027/299/325 1028/301/325 1029/297/325
f  1030/297/326 1031/301/326 1032/302/326
f  1033/302/327 1034/301/327 1035/300/327
f  1036/302/328 1037/300/328 1038/273/328
f  1039/287/329 1040/297/329 1041/286/329
f  1042/286/330 1043/297/330 1044/302/330
f  1045/286/331 1046/302/331 1047/274/331
f  1048/274/332 1049/302/332 1050/273/332
f  1051/268/333 1052/276/333 1053/288/333
f  1054/280/334 1055/291/334 1056/267/334
f  1057/281/335 1058/292/335 1059/264/335
f  1060/292/336 1061/276/336 1062/264/336
f  1063/264/337 1064/276/337 1065/270/337
f  1066/303/338 1067/304/338 1068/99/338
f  1069/303/339 1070/99/339 1071/93/339
f  1072/304/340 1073/305/340 1074/306/340
f  1075/307/341 1076/305/341 1077/308/341
f  1078/98/342 1079/309/342 1080/303/342
f  1081/98/343 1082/97/343 1083/259/343
f  1084/259/344 1085/97/344 1086/258/344
f  1087/310/345 1088/259/345 1089/261/345
f  1090/309/346 1091/311/346 1092/308/346
f  1093/309/347 1094/308/347 1095/303/347
f  1096/98/348 1097/303/348 1098/93/348
f  1099/309/349 1100/98/349 1101/259/349
f  1102/309/350 1103/259/350 1104/312/350
f  1105/312/351 1106/259/351 1107/310/351
f  1108/313/352 1109/310/352 1110/261/352
f  1111/313/353 1112/261/353 1113/263/353
f  1114/293/354 1115/281/354 1116/291/354
f  1117/295/355 1118/291/355 1119/290/355
f  1120/308/356 1121/314/356 1122/307/356
f  1123/305/357 1124/307/357 1125/306/357
f  1126/306/358 1127/315/358 1128/316/358
f  1129/316/359 1130/315/359 1131/317/359
f  1132/307/360 1133/318/360 1134/306/360
f  1135/306/361 1136/318/361 1137/315/361
f  1138/315/362 1139/319/362 1140/317/362
f  1141/307/363 1142/314/363 1143/320/363
f  1144/318/364 1145/320/364 1146/315/364
f  1147/321/365 1148/322/365 1149/323/365
f  1150/321/366 1151/323/366 1152/324/366
f  1153/324/367 1154/323/367 1155/325/367
f  1156/324/368 1157/113/368 1158/326/368
f  1159/326/369 1160/113/369 1161/112/369
f  1162/326/370 1163/112/370 1164/128/370
f  1165/120/371 1166/113/371 1167/327/371
f  1168/327/372 1169/113/372 1170/328/372
f  1171/327/373 1172/328/373 1173/329/373
f  1174/329/374 1175/328/374 1176/330/374
f  1177/331/375 1178/332/375 1179/333/375
f  1180/333/376 1181/332/376 1182/319/376
f  1183/320/377 1184/318/377 1185/307/377
f  1186/303/378 1187/305/378 1188/304/378
f  1189/315/379 1190/334/379 1191/319/379
f  1192/113/380 1193/325/380 1194/328/380
f  1195/328/381 1196/325/381 1197/323/381
f  1198/328/382 1199/323/382 1200/330/382
f  1201/330/383 1202/323/383 1203/322/383
f  1204/330/384 1205/322/384 1206/335/384
f  1207/319/385 1208/336/385 1209/317/385
f  1210/324/386 1211/325/386 1212/113/386
f  1213/337/387 1214/120/387 1215/327/387
f  1216/337/388 1217/327/388 1218/338/388
f  1219/338/389 1220/327/389 1221/329/389
f  1222/339/390 1223/340/390 1224/341/390
f  1225/342/391 1226/333/391 1227/334/391
f  1228/334/392 1229/333/392 1230/319/392
f  1231/343/393 1232/334/393 1233/315/393
f  1234/343/394 1235/315/394 1236/320/394
f  1237/314/395 1238/308/395 1239/344/395
f  1240/320/396 1241/345/396 1242/343/396
f  1243/334/397 1244/346/397 1245/347/397
f  1246/337/398 1247/348/398 1248/349/398
f  1249/349/399 1250/126/399 1251/337/399
f  1252/348/400 1253/337/400 1254/338/400
f  1255/350/401 1256/351/401 1257/352/401
f  1258/353/402 1259/338/402 1260/329/402
f  1261/352/403 1262/331/403 1263/354/403
f  1264/354/404 1265/331/404 1266/342/404
f  1267/342/405 1268/334/405 1269/347/405
f  1270/344/406 1271/320/406 1272/314/406
f  1273/135/407 1274/126/407 1275/355/407
f  1276/152/408 1277/355/408 1278/349/408
f  1279/356/409 1280/349/409 1281/348/409
f  1282/277/410 1283/350/410 1284/357/410
f  1285/346/411 1286/343/411 1287/345/411
f  1288/312/412 1289/344/412 1290/311/412
f  1291/358/413 1292/152/413 1293/349/413
f  1294/271/414 1295/359/414 1296/272/414
f  1297/265/415 1298/360/415 1299/347/415
f  1300/265/416 1301/347/416 1302/346/416
f  1303/313/417 1304/346/417 1305/345/417
f  1306/147/418 1307/135/418 1308/149/418
f  1309/149/419 1310/135/419 1311/151/419
f  1312/151/420 1313/135/420 1314/355/420
f  1315/151/421 1316/355/421 1317/152/421
f  1318/272/422 1319/350/422 1320/277/422
f  1321/361/423 1322/354/423 1323/360/423
f  1324/140/424 1325/124/424 1326/147/424
f  1327/147/425 1328/124/425 1329/125/425
f  1330/147/426 1331/125/426 1332/135/426
f  1333/355/427 1334/126/427 1335/349/427
f  1336/357/428 1337/350/428 1338/352/428
f  1339/357/429 1340/352/429 1341/361/429
f  1342/361/430 1343/352/430 1344/354/430
f  1345/354/431 1346/342/431 1347/360/431
f  1348/360/432 1349/342/432 1350/347/432
f  1351/346/433 1352/334/433 1353/343/433
f  1354/345/434 1355/320/434 1356/344/434
f  1357/311/435 1358/344/435 1359/308/435
f  1360/123/436 1361/128/436 1362/112/436
f  1363/123/437 1364/112/437 1365/119/437
f  1366/120/438 1367/337/438 1368/126/438
f  1369/120/439 1370/126/439 1371/121/439
f  1372/145/440 1373/204/440 1374/141/440
f  1375/299/441 1376/241/441 1377/301/441
f  1378/301/442 1379/241/442 1380/173/442
f  1381/301/443 1382/173/443 1383/300/443
f  1384/300/444 1385/173/444 1386/174/444
f  1387/300/445 1388/174/445 1389/275/445
f  1390/275/446 1391/174/446 1392/175/446
f  1393/275/447 1394/175/447 1395/271/447
f  1396/271/448 1397/175/448 1398/362/448
f  1399/207/449 1400/209/449 1401/206/449
f  1402/236/450 1403/208/450 1404/205/450
f  1405/236/451 1406/205/451 1407/203/451
f  1408/203/452 1409/202/452 1410/213/452
f  1411/162/453 1412/164/453 1413/148/453
f  1414/162/454 1415/148/454 1416/160/454
f  1417/161/455 1418/160/455 1419/149/455
f  1420/161/456 1421/149/456 1422/151/456
f  1423/161/457 1424/151/457 1425/153/457
f  1426/269/458 1427/277/458 1428/357/458
f  1429/269/459 1430/357/459 1431/270/459
f  1432/270/460 1433/357/460 1434/361/460
f  1435/270/461 1436/361/461 1437/264/461
f  1438/264/462 1439/361/462 1440/360/462
f  1441/264/463 1442/360/463 1443/265/463
f  1444/263/464 1445/265/464 1446/346/464
f  1447/263/465 1448/346/465 1449/313/465
f  1450/310/466 1451/313/466 1452/345/466
f  1453/310/467 1454/345/467 1455/344/467
f  1456/310/468 1457/344/468 1458/312/468
f  1459/309/469 1460/312/469 1461/311/469
f  1462/303/470 1463/308/470 1464/305/470
f  1465/363/471 1466/364/471 1467/365/471
f  1468/366/472 1469/367/472 1470/368/472
f  1471/369/473 1472/370/473 1473/371/473
f  1474/372/474 1475/373/474 1476/374/474
f  1477/375/475 1478/376/475 1479/377/475
f  1480/375/476 1481/378/476 1482/376/476
f  1483/379/477 1484/375/477 1485/377/477
f  1486/379/478 1487/377/478 1488/380/478
f  1489/374/479 1490/381/479 1491/372/479
f  1492/382/480 1493/383/480 1494/384/480
f  1495/384/481 1496/383/481 1497/385/481
f  1498/386/482 1499/387/482 1500/388/482
f  1501/388/483 1502/387/483 1503/389/483
f  1504/390/484 1505/383/484 1506/391/484
f  1507/392/485 1508/393/485 1509/394/485
f  1510/395/486 1511/396/486 1512/394/486
f  1513/395/487 1514/394/487 1515/393/487
f  1516/395/488 1517/393/488 1518/397/488
f  1519/398/489 1520/399/489 1521/400/489
f  1522/398/490 1523/400/490 1524/401/490
f  1525/386/491 1526/398/491 1527/401/491
f  1528/402/492 1529/403/492 1530/404/492
f  1531/401/493 1532/400/493 1533/403/493
f  1534/365/494 1535/405/494 1536/363/494
f  1537/405/495 1538/406/495 1539/407/495
f  1540/408/496 1541/409/496 1542/403/496
f  1543/409/497 1544/410/497 1545/411/497
f  1546/412/498 1547/413/498 1548/414/498
f  1549/415/499 1550/414/499 1551/413/499
f  1552/416/500 1553/413/500 1554/417/500
f  1555/414/501 1556/418/501 1557/391/501
f  1558/415/502 1559/418/502 1560/414/502
f  1561/390/503 1562/391/503 1563/418/503
f  1564/419/504 1565/420/504 1566/415/504
f  1567/419/505 1568/392/505 1569/420/505
f  1570/418/506 1571/420/506 1572/394/506
f  1573/418/507 1574/394/507 1575/421/507
f  1576/390/508 1577/422/508 1578/378/508
f  1579/385/509 1580/378/509 1581/375/509
f  1582/392/510 1583/397/510 1584/393/510
f  1585/421/511 1586/394/511 1587/396/511
f  1588/421/512 1589/396/512 1590/422/512
f  1591/423/513 1592/376/513 1593/378/513
f  1594/423/514 1595/378/514 1596/422/514
f  1597/422/515 1598/390/515 1599/421/515
f  1600/394/516 1601/420/516 1602/392/516
f  1603/424/517 1604/395/517 1605/397/517
f  1606/424/518 1607/397/518 1608/371/518
f  1609/425/519 1610/392/519 1611/419/519
f  1612/397/520 1613/425/520 1614/371/520
f  1615/392/521 1616/425/521 1617/397/521
f  1618/371/522 1619/425/522 1620/369/522
f  1621/426/523 1622/427/523 1623/428/523
f  1624/405/524 1625/429/524 1626/406/524
f  1627/430/525 1628/431/525 1629/428/525
f  1630/428/526 1631/432/526 1632/426/526
f  1633/431/527 1634/433/527 1635/432/527
f  1636/431/528 1637/432/528 1638/428/528
f  1639/434/529 1640/416/529 1641/417/529
f  1642/435/530 1643/436/530 1644/437/530
f  1645/435/531 1646/437/531 1647/438/531
f  1648/439/532 1649/440/532 1650/441/532
f  1651/440/533 1652/439/533 1653/442/533
f  1654/436/534 1655/443/534 1656/444/534
f  1657/436/535 1658/444/535 1659/437/535
f  1660/445/536 1661/438/536 1662/446/536
f  1663/445/537 1664/446/537 1665/419/537
f  1666/443/538 1667/447/538 1668/444/538
f  1669/438/539 1670/437/539 1671/448/539
f  1672/438/540 1673/448/540 1674/446/540
f  1675/437/541 1676/444/541 1677/449/541
f  1678/446/542 1679/425/542 1680/419/542
f  1681/447/543 1682/450/543 1683/444/543
f  1684/444/544 1685/450/544 1686/449/544
f  1687/437/545 1688/449/545 1689/448/545
f  1690/446/546 1691/448/546 1692/451/546
f  1693/446/547 1694/451/547 1695/425/547
f  1696/449/548 1697/452/548 1698/453/548
f  1699/451/549 1700/454/549 1701/425/549
f  1702/369/550 1703/425/550 1704/454/550
f  1705/455/551 1706/456/551 1707/454/551
f  1708/454/552 1709/370/552 1710/369/552
f  1711/449/553 1712/453/553 1713/448/553
f  1714/448/554 1715/453/554 1716/455/554
f  1717/370/555 1718/454/555 1719/456/555
f  1720/370/556 1721/456/556 1722/457/556
f  1723/447/557 1724/452/557 1725/450/557
f  1726/458/558 1727/459/558 1728/460/558
f  1729/439/559 1730/441/559 1731/443/559
f  1732/443/560 1733/441/560 1734/461/560
f  1735/443/561 1736/461/561 1737/447/561
f  1738/447/562 1739/461/562 1740/452/562
f  1741/440/563 1742/462/563 1743/441/563
f  1744/461/564 1745/463/564 1746/464/564
f  1747/462/565 1748/465/565 1749/441/565
f  1750/441/566 1751/465/566 1752/461/566
f  1753/461/567 1754/465/567 1755/463/567
f  1756/463/568 1757/466/568 1758/464/568
f  1759/453/569 1760/467/569 1761/468/569
f  1762/469/570 1763/457/570 1764/470/570
f  1765/470/571 1766/457/571 1767/456/571
f  1768/470/572 1769/456/572 1770/468/572
f  1771/470/573 1772/468/573 1773/467/573
f  1774/471/574 1775/470/574 1776/467/574
f  1777/466/575 1778/453/575 1779/464/575
f  1780/471/576 1781/469/576 1782/470/576
f  1783/471/577 1784/467/577 1785/472/577
f  1786/472/578 1787/467/578 1788/453/578
f  1789/472/579 1790/453/579 1791/466/579
f  1792/110/580 1793/106/580 1794/473/580
f  1795/211/581 1796/474/581 1797/106/581
f  1798/475/582 1799/476/582 1800/477/582
f  1801/477/583 1802/476/583 1803/478/583
f  1804/473/584 1805/106/584 1806/474/584
f  1807/473/585 1808/474/585 1809/475/585
f  1810/479/586 1811/476/586 1812/480/586
f  1813/481/587 1814/482/587 1815/483/587
f  1816/484/588 1817/485/588 1818/486/588
f  1819/487/589 1820/481/589 1821/488/589
f  1822/489/590 1823/490/590 1824/491/590
f  1825/492/591 1826/493/591 1827/494/591
f  1828/363/592 1829/407/592 1830/399/592
f  1831/399/593 1832/407/593 1833/400/593
f  1834/407/594 1835/406/594 1836/495/594
f  1837/407/595 1838/495/595 1839/427/595
f  1840/407/596 1841/427/596 1842/400/596
f  1843/427/597 1844/409/597 1845/408/597
f  1846/427/598 1847/408/598 1848/400/598
f  1849/407/599 1850/363/599 1851/405/599
f  1852/496/600 1853/497/600 1854/498/600
f  1855/498/601 1856/490/601 1857/489/601
f  1858/489/602 1859/491/602 1860/499/602
f  1861/499/603 1862/491/603 1863/500/603
f  1864/501/604 1865/365/604 1866/496/604
f  1867/494/605 1868/493/605 1869/479/605
f  1870/406/606 1871/430/606 1872/495/606
f  1873/482/607 1874/499/607 1875/500/607
f  1876/502/608 1877/492/608 1878/494/608
f  1879/496/609 1880/498/609 1881/503/609
f  1882/503/610 1883/498/610 1884/504/610
f  1885/504/611 1886/498/611 1887/489/611
f  1888/505/612 1889/489/612 1890/499/612
f  1891/410/613 1892/409/613 1893/427/613
f  1894/410/614 1895/427/614 1896/426/614
f  1897/427/615 1898/495/615 1899/428/615
f  1900/428/616 1901/495/616 1902/430/616
f  1903/365/617 1904/501/617 1905/405/617
f  1906/499/618 1907/506/618 1908/505/618
f  1909/506/619 1910/507/619 1911/505/619
f  1912/505/620 1913/507/620 1914/504/620
f  1915/508/621 1916/507/621 1917/506/621
f  1918/499/622 1919/482/622 1920/487/622
f  1921/487/623 1922/482/623 1923/481/623
f  1924/503/624 1925/509/624 1926/496/624
f  1927/496/625 1928/509/625 1929/501/625
f  1930/429/626 1931/405/626 1932/510/626
f  1933/510/627 1934/405/627 1935/501/627
f  1936/503/628 1937/511/628 1938/509/628
f  1939/504/629 1940/507/629 1941/512/629
f  1942/511/630 1943/366/630 1944/509/630
f  1945/510/631 1946/501/631 1947/513/631
f  1948/513/632 1949/501/632 1950/509/632
f  1951/504/633 1952/489/633 1953/505/633
f  1954/514/634 1955/515/634 1956/516/634
f  1957/244/635 1958/245/635 1959/517/635
f  1960/517/636 1961/518/636 1962/519/636
f  1963/517/637 1964/245/637 1965/518/637
f  1966/519/638 1967/518/638 1968/520/638
f  1969/521/639 1970/522/639 1971/523/639
f  1972/522/640 1973/521/640 1974/524/640
f  1975/524/641 1976/521/641 1977/519/641
f  1978/524/642 1979/519/642 1980/520/642
f  1981/520/643 1982/518/643 1983/525/643
f  1984/526/644 1985/519/644 1986/521/644
f  1987/527/645 1988/253/645 1989/254/645
f  1990/528/646 1991/523/646 1992/529/646
f  1993/525/647 1994/518/647 1995/245/647
f  1996/530/648 1997/528/648 1998/531/648
f  1999/529/649 2000/523/649 2001/532/649
f  2002/532/650 2003/523/650 2004/522/650
f  2005/474/651 2006/533/651 2007/480/651
f  2008/534/652 2009/526/652 2010/521/652
f  2011/534/653 2012/521/653 2013/523/653
f  2014/535/654 2015/488/654 2016/536/654
f  2017/508/655 2018/537/655 2019/538/655
f  2020/512/656 2021/511/656 2022/503/656
f  2023/512/657 2024/503/657 2025/504/657
f  2026/487/658 2027/535/658 2028/506/658
f  2029/506/659 2030/535/659 2031/508/659
f  2032/367/660 2033/366/660 2034/511/660
f  2035/506/661 2036/499/661 2037/487/661
f  2038/431/662 2039/430/662 2040/406/662
f  2041/431/663 2042/406/663 2043/429/663
f  2044/496/664 2045/365/664 2046/497/664
f  2047/539/665 2048/429/665 2049/510/665
f  2050/445/666 2051/415/666 2052/413/666
f  2053/438/667 2054/413/667 2055/416/667
f  2056/540/668 2057/432/668 2058/541/668
f  2059/542/669 2060/431/669 2061/543/669
f  2062/543/670 2063/431/670 2064/539/670
f  2065/539/671 2066/510/671 2067/544/671
f  2068/544/672 2069/510/672 2070/513/672
f  2071/545/673 2072/513/673 2073/366/673
f  2074/508/674 2075/546/674 2076/537/674
f  2077/547/675 2078/508/675 2079/538/675
f  2080/548/676 2081/368/676 2082/367/676
f  2083/523/677 2084/481/677 2085/549/677
f  2086/549/678 2087/534/678 2088/523/678
f  2089/535/679 2090/536/679 2091/546/679
f  2092/481/680 2093/523/680 2094/528/680
f  2095/367/681 2096/550/681 2097/548/681
f  2098/528/682 2099/488/682 2100/481/682
f  2101/551/683 2102/479/683 2103/480/683
f  2104/547/684 2105/511/684 2106/512/684
f  2107/508/685 2108/547/685 2109/507/685
f  2110/366/686 2111/368/686 2112/545/686
f  2113/439/687 2114/436/687 2115/552/687
f  2116/460/688 2117/433/688 2118/458/688
f  2119/445/689 2120/413/689 2121/438/689
f  2122/438/690 2123/416/690 2124/435/690
f  2125/460/691 2126/541/691 2127/433/691
f  2128/458/692 2129/433/692 2130/542/692
f  2131/544/693 2132/513/693 2133/545/693
f  2134/550/694 2135/367/694 2136/511/694
f  2137/550/695 2138/511/695 2139/547/695
f  2140/546/696 2141/508/696 2142/535/696
f  2143/535/697 2144/487/697 2145/488/697
f  2146/551/698 2147/553/698 2148/479/698
f  2149/531/699 2150/528/699 2151/529/699
f  2152/525/700 2153/245/700 2154/554/700
f  2155/554/701 2156/245/701 2157/251/701
f  2158/555/702 2159/536/702 2160/530/702
f  2161/556/703 2162/537/703 2163/546/703
f  2164/557/704 2165/546/704 2166/555/704
f  2167/558/705 2168/520/705 2169/525/705
f  2170/555/706 2171/530/706 2172/531/706
f  2173/554/707 2174/251/707 2175/253/707
f  2176/538/708 2177/537/708 2178/556/708
f  2179/556/709 2180/546/709 2181/557/709
f  2182/557/710 2183/555/710 2184/559/710
f  2185/560/711 2186/529/711 2187/532/711
f  2188/532/712 2189/522/712 2190/561/712
f  2191/561/713 2192/522/713 2193/524/713
f  2194/558/714 2195/525/714 2196/527/714
f  2197/527/715 2198/525/715 2199/554/715
f  2200/474/716 2201/211/716 2202/212/716
f  2203/488/717 2204/530/717 2205/536/717
f  2206/536/718 2207/555/718 2208/546/718
f  2209/550/719 2210/538/719 2211/562/719
f  2212/563/720 2213/531/720 2214/529/720
f  2215/527/721 2216/554/721 2217/253/721
f  2218/545/722 2219/564/722 2220/565/722
f  2221/544/723 2222/566/723 2223/539/723
f  2224/368/724 2225/564/724 2226/545/724
f  2227/567/725 2228/368/725 2229/548/725
f  2230/566/726 2231/568/726 2232/543/726
f  2233/543/727 2234/568/727 2235/569/727
f  2236/558/728 2237/570/728 2238/520/728
f  2239/520/729 2240/570/729 2241/524/729
f  2242/560/730 2243/563/730 2244/529/730
f  2245/531/731 2246/571/731 2247/555/731
f  2248/524/732 2249/570/732 2250/561/732
f  2251/571/733 2252/559/733 2253/555/733
f  2254/538/734 2255/556/734 2256/562/734
f  2257/562/735 2258/572/735 2259/550/735
f  2260/550/736 2261/572/736 2262/567/736
f  2263/567/737 2264/564/737 2265/368/737
f  2266/571/738 2267/531/738 2268/563/738
f  2269/560/739 2270/532/739 2271/561/739
f  2272/564/740 2273/567/740 2274/572/740
f  2275/568/741 2276/573/741 2277/569/741
f  2278/574/742 2279/575/742 2280/576/742
f  2281/552/743 2282/442/743 2283/439/743
f  2284/461/744 2285/464/744 2286/452/744
f  2287/452/745 2288/464/745 2289/453/745
f  2290/450/746 2291/452/746 2292/449/746
f  2293/453/747 2294/468/747 2295/455/747
f  2296/455/748 2297/468/748 2298/456/748
f  2299/573/749 2300/458/749 2301/569/749
f  2302/544/750 2303/565/750 2304/566/750
f  2305/547/751 2306/538/751 2307/550/751
f  2308/545/752 2309/565/752 2310/544/752
f  2311/539/753 2312/566/753 2313/543/753
f  2314/543/754 2315/569/754 2316/542/754
f  2317/542/755 2318/569/755 2319/458/755
f  2320/436/756 2321/439/756 2322/443/756
f  2323/448/757 2324/455/757 2325/451/757
f  2326/451/758 2327/455/758 2328/454/758
f  2329/435/759 2330/416/759 2331/434/759
f  2332/540/760 2333/426/760 2334/432/760
f  2335/541/761 2336/432/761 2337/433/761
f  2338/433/762 2339/431/762 2340/542/762
f  2341/431/763 2342/429/763 2343/539/763
f  2344/513/764 2345/509/764 2346/366/764
f  2347/547/765 2348/512/765 2349/507/765
f  2350/577/766 2351/578/766 2352/579/766
f  2353/580/767 2354/578/767 2355/577/767
f  2356/577/768 2357/579/768 2358/581/768
f  2359/582/769 2360/111/769 2361/110/769
f  2362/473/770 2363/477/770 2364/478/770
f  2365/583/771 2366/581/771 2367/584/771
f  2368/584/772 2369/581/772 2370/478/772
f  2371/478/773 2372/581/773 2373/582/773
f  2374/478/774 2375/582/774 2376/473/774
f  2377/473/775 2378/582/775 2379/110/775
f  2380/478/776 2381/493/776 2382/583/776
f  2383/585/777 2384/583/777 2385/493/777
f  2386/585/778 2387/493/778 2388/586/778
f  2389/587/779 2390/585/779 2391/586/779
f  2392/585/780 2393/577/780 2394/583/780
f  2395/583/781 2396/584/781 2397/478/781
f  2398/588/782 2399/589/782 2400/590/782
f  2401/374/783 2402/591/783 2403/381/783
f  2404/383/784 2405/382/784 2406/391/784
f  2407/391/785 2408/382/785 2409/414/785
f  2410/380/786 2411/592/786 2412/379/786
f  2413/593/787 2414/594/787 2415/595/787
f  2416/375/788 2417/596/788 2418/385/788
f  2419/378/789 2420/385/789 2421/383/789
f  2422/378/790 2423/383/790 2424/390/790
f  2425/421/791 2426/390/791 2427/418/791
f  2428/420/792 2429/418/792 2430/415/792
f  2431/401/793 2432/402/793 2433/595/793
f  2434/401/794 2435/595/794 2436/386/794
f  2437/597/795 2438/381/795 2439/598/795
f  2440/598/796 2441/381/796 2442/599/796
f  2443/600/797 2444/589/797 2445/580/797
f  2446/601/798 2447/388/798 2448/602/798
f  2449/603/799 2450/590/799 2451/600/799
f  2452/590/800 2453/603/800 2454/604/800
f  2455/590/801 2456/604/801 2457/599/801
f  2458/599/802 2459/604/802 2460/598/802
f  2461/402/803 2462/401/803 2463/403/803
f  2464/578/804 2465/580/804 2466/589/804
f  2467/589/805 2468/600/805 2469/590/805
f  2470/588/806 2471/590/806 2472/605/806
f  2473/605/807 2474/590/807 2475/599/807
f  2476/605/808 2477/599/808 2478/591/808
f  2479/591/809 2480/599/809 2481/381/809
f  2482/594/810 2483/387/810 2484/386/810
f  2485/594/811 2486/386/811 2487/595/811
f  2488/595/812 2489/402/812 2490/606/812
f  2491/577/813 2492/581/813 2493/583/813
f  2494/587/814 2495/586/814 2496/607/814
f  2497/490/815 2498/608/815 2499/609/815
f  2500/610/816 2501/388/816 2502/601/816
f  2503/611/817 2504/604/817 2505/603/817
f  2506/587/818 2507/600/818 2508/580/818
f  2509/612/819 2510/610/819 2511/613/819
f  2512/611/820 2513/603/820 2514/587/820
f  2515/587/821 2516/580/821 2517/577/821
f  2518/613/822 2519/610/822 2520/601/822
f  2521/613/823 2522/601/823 2523/614/823
f  2524/613/824 2525/614/824 2526/608/824
f  2527/615/825 2528/604/825 2529/611/825
f  2530/587/826 2531/603/826 2532/600/826
f  2533/615/827 2534/611/827 2535/607/827
f  2536/607/828 2537/611/828 2538/587/828
f  2539/497/829 2540/365/829 2541/364/829
f  2542/497/830 2543/616/830 2544/498/830
f  2545/498/831 2546/616/831 2547/490/831
f  2548/477/832 2549/473/832 2550/475/832
f  2551/497/833 2552/364/833 2553/612/833
f  2554/497/834 2555/612/834 2556/616/834
f  2557/490/835 2558/616/835 2559/608/835
f  2560/364/836 2561/610/836 2562/612/836
f  2563/612/837 2564/613/837 2565/616/837
f  2566/616/838 2567/613/838 2568/608/838
f  2569/585/839 2570/587/839 2571/577/839
f  2572/581/840 2573/617/840 2574/582/840
f  2575/582/841 2576/617/841 2577/111/841
f  2578/363/842 2579/399/842 2580/364/842
f  2581/364/843 2582/399/843 2583/610/843
f  2584/610/844 2585/399/844 2586/398/844
f  2587/610/845 2588/398/845 2589/386/845
f  2590/610/846 2591/386/846 2592/388/846
f  2593/618/847 2594/598/847 2595/604/847
f  2596/579/848 2597/617/848 2598/581/848
f  2599/445/849 2600/419/849 2601/415/849
f  2602/412/850 2603/414/850 2604/382/850
f  2605/409/851 2606/404/851 2607/403/851
f  2608/403/852 2609/400/852 2610/408/852
f  2611/491/853 2612/490/853 2613/609/853
f  2614/619/854 2615/607/854 2616/492/854
f  2617/492/855 2618/607/855 2619/586/855
f  2620/492/856 2621/586/856 2622/493/856
f  2623/493/857 2624/478/857 2625/476/857
f  2626/493/858 2627/476/858 2628/479/858
f  2629/476/859 2630/475/859 2631/480/859
f  2632/480/860 2633/475/860 2634/474/860
f  2635/474/861 2636/212/861 2637/533/861
f  2638/526/862 2639/517/862 2640/519/862
f  2641/488/863 2642/528/863 2643/530/863
f  2644/548/864 2645/550/864 2646/567/864
f  2647/620/865 2648/469/865 2649/621/865
f  2650/621/866 2651/622/866 2652/620/866
f  2653/620/867 2654/457/867 2655/469/867
f  2656/623/868 2657/457/868 2658/620/868
f  2659/623/869 2660/622/869 2661/424/869
f  2662/623/870 2663/424/870 2664/371/870
f  2665/371/871 2666/370/871 2667/623/871
f  2668/623/872 2669/370/872 2670/457/872
f  2671/620/873 2672/622/873 2673/623/873
f  2674/624/874 2675/625/874 2676/395/874
f  2677/626/875 2678/395/875 2679/625/875
f  2680/626/876 2681/396/876 2682/395/876
f  2683/627/877 2684/396/877 2685/626/877
f  2686/627/878 2687/422/878 2688/396/878
f  2689/628/879 2690/423/879 2691/627/879
f  2692/627/880 2693/423/880 2694/422/880
f  2695/629/881 2696/376/881 2697/628/881
f  2698/628/882 2699/376/882 2700/423/882
f  2701/629/883 2702/377/883 2703/376/883
f  2704/629/884 2705/380/884 2706/377/884
f  2707/630/885 2708/380/885 2709/629/885
f  2710/631/886 2711/374/886 2712/373/886
f  2713/632/887 2714/591/887 2715/631/887
f  2716/591/888 2717/374/888 2718/631/888
f  2719/632/889 2720/605/889 2721/591/889
f  2722/633/890 2723/588/890 2724/632/890
f  2725/632/891 2726/588/891 2727/605/891
f  2728/634/892 2729/578/892 2730/633/892
f  2731/633/893 2732/578/893 2733/589/893
f  2734/633/894 2735/589/894 2736/588/894
f  2737/634/895 2738/579/895 2739/578/895
f  2740/635/896 2741/579/896 2742/634/896
f  2743/635/897 2744/617/897 2745/579/897
f  2746/636/898 2747/111/898 2748/635/898
f  2749/635/899 2750/111/899 2751/617/899
f  2752/636/900 2753/109/900 2754/111/900
f  2755/637/901 2756/150/901 2757/636/901
f  2758/636/902 2759/150/902 2760/109/902
f  2761/637/903 2762/131/903 2763/150/903
f  2764/638/904 2765/132/904 2766/637/904
f  2767/637/905 2768/132/905 2769/131/905
f  2770/639/906 2771/129/906 2772/638/906
f  2773/638/907 2774/129/907 2775/132/907
f  2776/639/908 2777/116/908 2778/129/908
f  2779/640/909 2780/127/909 2781/639/909
f  2782/639/910 2783/127/910 2784/116/910
f  2785/640/911 2786/128/911 2787/127/911
f  2788/641/912 2789/326/912 2790/640/912
f  2791/640/913 2792/326/913 2793/128/913
f  2794/641/914 2795/324/914 2796/326/914
f  2797/642/915 2798/324/915 2799/641/915
f  2800/642/916 2801/321/916 2802/324/916
f  2803/642/917 2804/322/917 2805/321/917
f  2806/643/918 2807/644/918 2808/645/918
f  2809/646/919 2810/647/919 2811/648/919
f  2812/649/920 2813/316/920 2814/317/920
f  2815/650/921 2816/316/921 2817/649/921
f  2818/650/922 2819/306/922 2820/316/922
f  2821/651/923 2822/306/923 2823/650/923
f  2824/651/924 2825/304/924 2826/306/924
f  2827/652/925 2828/304/925 2829/651/925
f  2830/94/926 2831/99/926 2832/652/926
f  2833/652/927 2834/99/927 2835/304/927
f  2836/621/928 2837/653/928 2838/622/928
f  2839/622/929 2840/653/929 2841/624/929
f  2842/624/930 2843/424/930 2844/622/930
f  2845/395/931 2846/424/931 2847/624/931
f  2848/94/932 2849/652/932 2850/654/932
f  2851/94/933 2852/654/933 2853/95/933
f  2854/95/934 2855/654/934 2856/104/934
f  2857/104/935 2858/654/935 2859/655/935
f  2860/655/936 2861/654/936 2862/656/936
f  2863/655/937 2864/656/937 2865/657/937
f  2866/657/938 2867/656/938 2868/658/938
f  2869/658/939 2870/656/939 2871/659/939
f  2872/659/940 2873/660/940 2874/658/940
f  2875/661/941 2876/660/941 2877/659/941
f  2878/661/942 2879/662/942 2880/660/942
f  2881/663/943 2882/662/943 2883/661/943
f  2884/663/944 2885/664/944 2886/662/944
f  2887/665/945 2888/666/945 2889/663/945
f  2890/663/946 2891/666/946 2892/664/946
f  2893/665/947 2894/667/947 2895/666/947
f  2896/665/948 2897/668/948 2898/667/948
f  2899/669/949 2900/668/949 2901/665/949
f  2902/669/950 2903/670/950 2904/668/950
f  2905/671/951 2906/672/951 2907/669/951
f  2908/669/952 2909/672/952 2910/670/952
f  2911/673/953 2912/674/953 2913/675/953
f  2914/675/954 2915/674/954 2916/676/954
f  2917/673/955 2918/677/955 2919/674/955
f  2920/677/956 2921/673/956 2922/678/956
f  2923/677/957 2924/678/957 2925/679/957
f  2926/680/958 2927/679/958 2928/678/958
f  2929/680/959 2930/681/959 2931/679/959
f  2932/682/960 2933/683/960 2934/680/960
f  2935/680/961 2936/683/961 2937/681/961
f  2938/682/962 2939/684/962 2940/683/962
f  2941/685/963 2942/686/963 2943/682/963
f  2944/682/964 2945/686/964 2946/684/964
f  2947/685/965 2948/687/965 2949/686/965
f  2950/688/966 2951/687/966 2952/685/966
f  2953/688/967 2954/689/967 2955/687/967
f  2956/690/968 2957/691/968 2958/692/968
f  2959/691/969 2960/690/969 2961/653/969
f  2962/691/970 2963/653/970 2964/693/970
f  2965/693/971 2966/653/971 2967/621/971
f  2968/694/972 2969/695/972 2970/688/972
f  2971/688/973 2972/695/973 2973/689/973
f  2974/694/974 2975/696/974 2976/695/974
f  2977/697/975 2978/698/975 2979/694/975
f  2980/694/976 2981/698/976 2982/696/976
f  2983/697/977 2984/699/977 2985/698/977
f  2986/700/978 2987/701/978 2988/697/978
f  2989/697/979 2990/701/979 2991/699/979
f  2992/700/980 2993/702/980 2994/701/980
f  2995/703/981 2996/704/981 2997/700/981
f  2998/700/982 2999/704/982 3000/702/982
f  3001/703/983 3002/705/983 3003/704/983
f  3004/706/984 3005/707/984 3006/703/984
f  3007/703/985 3008/707/985 3009/705/985
f  3010/706/986 3011/708/986 3012/707/986
f  3013/709/987 3014/708/987 3015/706/987
f  3016/709/988 3017/710/988 3018/708/988
f  3019/709/989 3020/711/989 3021/710/989
f  3022/712/990 3023/713/990 3024/714/990
f  3025/712/991 3026/715/991 3027/713/991
f  3028/716/992 3029/717/992 3030/712/992
f  3031/712/993 3032/717/993 3033/715/993
f  3034/716/994 3035/718/994 3036/717/994
f  3037/719/995 3038/720/995 3039/716/995
f  3040/716/996 3041/720/996 3042/718/996
f  3043/690/997 3044/692/997 3045/719/997
f  3046/719/998 3047/692/998 3048/720/998
f  3049/655/999 3050/721/999 3051/104/999
f  3052/722/1000 3053/721/1000 3054/723/1000
f  3055/724/1001 3056/725/1001 3057/722/1001
f  3058/726/1002 3059/657/1002 3060/658/1002
f  3061/725/1003 3062/721/1003 3063/722/1003
f  3064/657/1004 3065/726/1004 3066/721/1004
f  3067/721/1005 3068/726/1005 3069/723/1005
f  3070/655/1006 3071/657/1006 3072/721/1006
f  3073/104/1007 3074/721/1007 3075/725/1007
f  3076/104/1008 3077/725/1008 3078/103/1008
f  3079/103/1009 3080/725/1009 3081/724/1009
f  3082/727/1010 3083/101/1010 3084/103/1010
f  3085/728/1011 3086/729/1011 3087/621/1011
f  3088/621/1012 3089/469/1012 3090/730/1012
f  3091/103/1013 3092/731/1013 3093/727/1013
f  3094/727/1014 3095/731/1014 3096/732/1014
f  3097/732/1015 3098/731/1015 3099/733/1015
f  3100/732/1016 3101/733/1016 3102/734/1016
f  3103/734/1017 3104/733/1017 3105/735/1017
f  3106/734/1018 3107/735/1018 3108/736/1018
f  3109/737/1019 3110/738/1019 3111/739/1019
f  3112/737/1020 3113/739/1020 3114/740/1020
f  3115/740/1021 3116/739/1021 3117/741/1021
f  3118/740/1022 3119/741/1022 3120/742/1022
f  3121/742/1023 3122/741/1023 3123/743/1023
f  3124/742/1024 3125/743/1024 3126/744/1024
f  3127/744/1025 3128/743/1025 3129/745/1025
f  3130/744/1026 3131/745/1026 3132/746/1026
f  3133/746/1027 3134/745/1027 3135/747/1027
f  3136/746/1028 3137/747/1028 3138/748/1028
f  3139/748/1029 3140/747/1029 3141/749/1029
f  3142/749/1030 3143/747/1030 3144/750/1030
f  3145/749/1031 3146/750/1031 3147/751/1031
f  3148/751/1032 3149/750/1032 3150/752/1032
f  3151/751/1033 3152/752/1033 3153/753/1033
f  3154/753/1034 3155/752/1034 3156/754/1034
f  3157/753/1035 3158/754/1035 3159/755/1035
f  3160/755/1036 3161/754/1036 3162/756/1036
f  3163/757/1037 3164/758/1037 3165/759/1037
f  3166/759/1038 3167/758/1038 3168/760/1038
f  3169/759/1039 3170/760/1039 3171/761/1039
f  3172/761/1040 3173/760/1040 3174/762/1040
f  3175/761/1041 3176/762/1041 3177/763/1041
f  3178/763/1042 3179/762/1042 3180/764/1042
f  3181/763/1043 3182/764/1043 3183/765/1043
f  3184/765/1044 3185/764/1044 3186/766/1044
f  3187/765/1045 3188/766/1045 3189/767/1045
f  3190/765/1046 3191/767/1046 3192/768/1046
f  3193/768/1047 3194/767/1047 3195/769/1047
f  3196/768/1048 3197/769/1048 3198/770/1048
f  3199/770/1049 3200/769/1049 3201/730/1049
f  3202/730/1050 3203/769/1050 3204/728/1050
f  3205/730/1051 3206/728/1051 3207/621/1051
f  3208/771/1052 3209/772/1052 3210/691/1052
f  3211/692/1053 3212/691/1053 3213/772/1053
f  3214/773/1054 3215/774/1054 3216/771/1054
f  3217/773/1055 3218/775/1055 3219/774/1055
f  3220/773/1056 3221/729/1056 3222/775/1056
f  3223/621/1057 3224/729/1057 3225/773/1057
f  3226/771/1058 3227/774/1058 3228/772/1058
f  3229/771/1059 3230/691/1059 3231/693/1059
f  3232/772/1060 3233/774/1060 3234/776/1060
f  3235/771/1061 3236/693/1061 3237/773/1061
f  3238/773/1062 3239/693/1062 3240/621/1062
f  3241/777/1063 3242/778/1063 3243/779/1063
f  3244/780/1064 3245/781/1064 3246/782/1064
f  3247/783/1065 3248/784/1065 3249/785/1065
f  3250/786/1066 3251/787/1066 3252/788/1066
f  3253/789/1067 3254/790/1067 3255/707/1067
f  3256/707/1068 3257/790/1068 3258/791/1068
f  3259/705/1069 3260/791/1069 3261/792/1069
f  3262/790/1070 3263/793/1070 3264/791/1070
f  3265/794/1071 3266/795/1071 3267/796/1071
f  3268/797/1072 3269/796/1072 3270/792/1072
f  3271/797/1073 3272/792/1073 3273/793/1073
f  3274/798/1074 3275/794/1074 3276/796/1074
f  3277/798/1075 3278/796/1075 3279/797/1075
f  3280/794/1076 3281/699/1076 3282/795/1076
f  3283/793/1077 3284/792/1077 3285/791/1077
f  3286/799/1078 3287/698/1078 3288/699/1078
f  3289/799/1079 3290/699/1079 3291/800/1079
f  3292/696/1080 3293/801/1080 3294/695/1080
f  3295/695/1081 3296/802/1081 3297/689/1081
f  3298/803/1082 3299/804/1082 3300/797/1082
f  3301/805/1083 3302/803/1083 3303/806/1083
f  3304/804/1084 3305/803/1084 3306/805/1084
f  3307/807/1085 3308/808/1085 3309/788/1085
f  3310/788/1086 3311/808/1086 3312/809/1086
f  3313/810/1087 3314/786/1087 3315/811/1087
f  3316/811/1088 3317/786/1088 3318/788/1088
f  3319/801/1089 3320/799/1089 3321/800/1089
f  3322/699/1090 3323/810/1090 3324/800/1090
f  3325/803/1091 3326/797/1091 3327/793/1091
f  3328/806/1092 3329/803/1092 3330/790/1092
f  3331/806/1093 3332/790/1093 3333/812/1093
f  3334/809/1094 3335/813/1094 3336/811/1094
f  3337/813/1095 3338/814/1095 3339/815/1095
f  3340/813/1096 3341/815/1096 3342/811/1096
f  3343/811/1097 3344/788/1097 3345/809/1097
f  3346/808/1098 3347/807/1098 3348/816/1098
f  3349/816/1099 3350/807/1099 3351/817/1099
f  3352/802/1100 3353/818/1100 3354/819/1100
f  3355/794/1101 3356/786/1101 3357/810/1101
f  3358/800/1102 3359/810/1102 3360/811/1102
f  3361/800/1103 3362/811/1103 3363/815/1103
f  3364/802/1104 3365/819/1104 3366/689/1104
f  3367/820/1105 3368/809/1105 3369/821/1105
f  3370/821/1106 3371/809/1106 3372/808/1106
f  3373/822/1107 3374/823/1107 3375/824/1107
f  3376/823/1108 3377/825/1108 3378/824/1108
f  3379/783/1109 3380/785/1109 3381/826/1109
f  3382/826/1110 3383/785/1110 3384/827/1110
f  3385/785/1111 3386/816/1111 3387/825/1111
f  3388/828/1112 3389/829/1112 3390/784/1112
f  3391/828/1113 3392/784/1113 3393/830/1113
f  3394/831/1114 3395/832/1114 3396/833/1114
f  3397/834/1115 3398/822/1115 3399/835/1115
f  3400/835/1116 3401/822/1116 3402/836/1116
f  3403/827/1117 3404/825/1117 3405/823/1117
f  3406/837/1118 3407/823/1118 3408/822/1118
f  3409/838/1119 3410/833/1119 3411/832/1119
f  3412/836/1120 3413/822/1120 3414/824/1120
f  3415/836/1121 3416/824/1121 3417/839/1121
f  3418/838/1122 3419/832/1122 3420/840/1122
f  3421/840/1123 3422/832/1123 3423/831/1123
f  3424/840/1124 3425/831/1124 3426/841/1124
f  3427/841/1125 3428/842/1125 3429/840/1125
f  3430/843/1126 3431/838/1126 3432/844/1126
f  3433/844/1127 3434/838/1127 3435/840/1127
f  3436/843/1128 3437/845/1128 3438/846/1128
f  3439/842/1129 3440/841/1129 3441/847/1129
f  3442/843/1130 3443/844/1130 3444/845/1130
f  3445/826/1131 3446/848/1131 3447/783/1131
f  3448/783/1132 3449/848/1132 3450/849/1132
f  3451/840/1133 3452/842/1133 3453/850/1133
f  3454/840/1134 3455/850/1134 3456/844/1134
f  3457/844/1135 3458/850/1135 3459/845/1135
f  3460/783/1136 3461/851/1136 3462/784/1136
f  3463/849/1137 3464/851/1137 3465/783/1137
f  3466/785/1138 3467/825/1138 3468/827/1138
f  3469/827/1139 3470/823/1139 3471/837/1139
f  3472/845/1140 3473/852/1140 3474/853/1140
f  3475/845/1141 3476/853/1141 3477/854/1141
f  3478/855/1142 3479/784/1142 3480/851/1142
f  3481/853/1143 3482/856/1143 3483/854/1143
f  3484/854/1144 3485/856/1144 3486/857/1144
f  3487/853/1145 3488/858/1145 3489/856/1145
f  3490/859/1146 3491/860/1146 3492/856/1146
f  3493/859/1147 3494/856/1147 3495/858/1147
f  3496/860/1148 3497/861/1148 3498/856/1148
f  3499/862/1149 3500/860/1149 3501/863/1149
f  3502/864/1150 3503/861/1150 3504/862/1150
f  3505/862/1151 3506/861/1151 3507/860/1151
f  3508/865/1152 3509/866/1152 3510/863/1152
f  3511/863/1153 3512/867/1153 3513/862/1153
f  3514/809/1154 3515/820/1154 3516/813/1154
f  3517/820/1155 3518/868/1155 3519/813/1155
f  3520/815/1156 3521/869/1156 3522/870/1156
f  3523/818/1157 3524/870/1157 3525/869/1157
f  3526/821/1158 3527/808/1158 3528/829/1158
f  3529/808/1159 3530/785/1159 3531/829/1159
f  3532/820/1160 3533/871/1160 3534/868/1160
f  3535/868/1161 3536/872/1161 3537/814/1161
f  3538/814/1162 3539/872/1162 3540/873/1162
f  3541/815/1163 3542/873/1163 3543/869/1163
f  3544/819/1164 3545/818/1164 3546/874/1164
f  3547/873/1165 3548/875/1165 3549/869/1165
f  3550/869/1166 3551/875/1166 3552/876/1166
f  3553/869/1167 3554/876/1167 3555/877/1167
f  3556/877/1168 3557/878/1168 3558/874/1168
f  3559/879/1169 3560/878/1169 3561/876/1169
f  3562/878/1170 3563/877/1170 3564/876/1170
f  3565/880/1171 3566/875/1171 3567/873/1171
f  3568/871/1172 3569/830/1172 3570/881/1172
f  3571/821/1173 3572/828/1173 3573/820/1173
f  3574/820/1174 3575/828/1174 3576/871/1174
f  3577/871/1175 3578/882/1175 3579/868/1175
f  3580/868/1176 3581/882/1176 3582/872/1176
f  3583/869/1177 3584/877/1177 3585/818/1177
f  3586/818/1178 3587/877/1178 3588/874/1178
f  3589/821/1179 3590/829/1179 3591/828/1179
f  3592/883/1180 3593/884/1180 3594/885/1180
f  3595/886/1181 3596/885/1181 3597/887/1181
f  3598/856/1182 3599/861/1182 3600/857/1182
f  3601/784/1183 3602/855/1183 3603/887/1183
f  3604/859/1184 3605/865/1184 3606/860/1184
f  3607/860/1185 3608/865/1185 3609/863/1185
f  3610/862/1186 3611/888/1186 3612/864/1186
f  3613/889/1187 3614/890/1187 3615/867/1187
f  3616/889/1188 3617/891/1188 3618/892/1188
f  3619/892/1189 3620/891/1189 3621/893/1189
f  3622/894/1190 3623/895/1190 3624/896/1190
f  3625/897/1191 3626/891/1191 3627/898/1191
f  3628/893/1192 3629/891/1192 3630/899/1192
f  3631/884/1193 3632/895/1193 3633/900/1193
f  3634/890/1194 3635/889/1194 3636/892/1194
f  3637/884/1195 3638/900/1195 3639/901/1195
f  3640/902/1196 3641/875/1196 3642/880/1196
f  3643/903/1197 3644/904/1197 3645/875/1197
f  3646/904/1198 3647/876/1198 3648/875/1198
f  3649/902/1199 3650/880/1199 3651/901/1199
f  3652/784/1200 3653/829/1200 3654/785/1200
f  3655/903/1201 3656/875/1201 3657/902/1201
f  3658/884/1202 3659/901/1202 3660/881/1202
f  3661/884/1203 3662/881/1203 3663/885/1203
f  3664/885/1204 3665/881/1204 3666/830/1204
f  3667/845/1205 3668/850/1205 3669/852/1205
f  3670/825/1206 3671/816/1206 3672/824/1206
f  3673/830/1207 3674/784/1207 3675/887/1207
f  3676/830/1208 3677/887/1208 3678/885/1208
f  3679/901/1209 3680/900/1209 3681/902/1209
f  3682/900/1210 3683/895/1210 3684/902/1210
f  3685/902/1211 3686/895/1211 3687/903/1211
f  3688/904/1212 3689/879/1212 3690/876/1212
f  3691/878/1213 3692/879/1213 3693/905/1213
f  3694/879/1214 3695/906/1214 3696/905/1214
f  3697/907/1215 3698/908/1215 3699/904/1215
f  3700/908/1216 3701/906/1216 3702/904/1216
f  3703/909/1217 3704/905/1217 3705/906/1217
f  3706/908/1218 3707/909/1218 3708/906/1218
f  3709/898/1219 3710/910/1219 3711/897/1219
f  3712/897/1220 3713/910/1220 3714/911/1220
f  3715/894/1221 3716/903/1221 3717/895/1221
f  3718/910/1222 3719/912/1222 3720/913/1222
f  3721/911/1223 3722/913/1223 3723/914/1223
f  3724/910/1224 3725/913/1224 3726/911/1224
f  3727/915/1225 3728/916/1225 3729/912/1225
f  3730/915/1226 3731/917/1226 3732/918/1226
f  3733/915/1227 3734/918/1227 3735/916/1227
f  3736/912/1228 3737/916/1228 3738/913/1228
f  3739/919/1229 3740/908/1229 3741/907/1229
f  3742/904/1230 3743/906/1230 3744/879/1230
f  3745/866/1231 3746/867/1231 3747/863/1231
f  3748/920/1232 3749/921/1232 3750/922/1232
f  3751/782/1233 3752/781/1233 3753/923/1233
f  3754/782/1234 3755/923/1234 3756/924/1234
f  3757/925/1235 3758/926/1235 3759/927/1235
f  3760/928/1236 3761/929/1236 3762/930/1236
f  3763/930/1237 3764/929/1237 3765/931/1237
f  3766/930/1238 3767/931/1238 3768/932/1238
f  3769/933/1239 3770/934/1239 3771/935/1239
f  3772/932/1240 3773/781/1240 3774/930/1240
f  3775/925/1241 3776/778/1241 3777/935/1241
f  3778/926/1242 3779/928/1242 3780/927/1242
f  3781/936/1243 3782/937/1243 3783/938/1243
f  3784/937/1244 3785/939/1244 3786/940/1244
f  3787/937/1245 3788/940/1245 3789/938/1245
f  3790/935/1246 3791/778/1246 3792/777/1246
f  3793/935/1247 3794/777/1247 3795/933/1247
f  3796/930/1248 3797/781/1248 3798/941/1248
f  3799/930/1249 3800/941/1249 3801/928/1249
f  3802/928/1250 3803/941/1250 3804/927/1250
f  3805/927/1251 3806/942/1251 3807/778/1251
f  3808/943/1252 3809/944/1252 3810/945/1252
f  3811/781/1253 3812/946/1253 3813/947/1253
f  3814/780/1254 3815/946/1254 3816/781/1254
f  3817/781/1255 3818/947/1255 3819/941/1255
f  3820/948/1256 3821/947/1256 3822/946/1256
f  3823/949/1257 3824/776/1257 3825/774/1257
f  3826/775/1258 3827/950/1258 3828/951/1258
f  3829/951/1259 3830/780/1259 3831/775/1259
f  3832/775/1260 3833/780/1260 3834/774/1260
f  3835/774/1261 3836/780/1261 3837/782/1261
f  3838/774/1262 3839/782/1262 3840/949/1262
f  3841/949/1263 3842/782/1263 3843/924/1263
f  3844/947/1264 3845/948/1264 3846/952/1264
f  3847/927/1265 3848/941/1265 3849/942/1265
f  3850/778/1266 3851/942/1266 3852/779/1266
f  3853/951/1267 3854/953/1267 3855/946/1267
f  3856/946/1268 3857/953/1268 3858/954/1268
f  3859/946/1269 3860/954/1269 3861/948/1269
f  3862/950/1270 3863/775/1270 3864/729/1270
f  3865/729/1271 3866/953/1271 3867/950/1271
f  3868/950/1272 3869/953/1272 3870/951/1272
f  3871/951/1273 3872/946/1273 3873/780/1273
f  3874/923/1274 3875/781/1274 3876/932/1274
f  3877/948/1275 3878/955/1275 3879/952/1275
f  3880/947/1276 3881/952/1276 3882/956/1276
f  3883/952/1277 3884/957/1277 3885/956/1277
f  3886/957/1278 3887/958/1278 3888/959/1278
f  3889/957/1279 3890/959/1279 3891/942/1279
f  3892/942/1280 3893/959/1280 3894/779/1280
f  3895/777/1281 3896/779/1281 3897/960/1281
f  3898/960/1282 3899/779/1282 3900/959/1282
f  3901/960/1283 3902/959/1283 3903/958/1283
f  3904/960/1284 3905/958/1284 3906/961/1284
f  3907/955/1285 3908/957/1285 3909/952/1285
f  3910/956/1286 3911/957/1286 3912/942/1286
f  3913/962/1287 3914/963/1287 3915/964/1287
f  3916/965/1288 3917/960/1288 3918/962/1288
f  3919/962/1289 3920/960/1289 3921/961/1289
f  3922/962/1290 3923/961/1290 3924/963/1290
f  3925/966/1291 3926/967/1291 3927/968/1291
f  3928/933/1292 3929/777/1292 3930/969/1292
f  3931/969/1293 3932/777/1293 3933/965/1293
f  3934/969/1294 3935/965/1294 3936/962/1294
f  3937/939/1295 3938/937/1295 3939/970/1295
f  3940/971/1296 3941/972/1296 3942/973/1296
f  3943/974/1297 3944/971/1297 3945/973/1297
f  3946/962/1298 3947/975/1298 3948/969/1298
f  3949/976/1299 3950/973/1299 3951/977/1299
f  3952/976/1300 3953/977/1300 3954/978/1300
f  3955/969/1301 3956/979/1301 3957/933/1301
f  3958/980/1302 3959/981/1302 3960/982/1302
f  3961/777/1303 3962/960/1303 3963/965/1303
f  3964/692/1304 3965/983/1304 3966/984/1304
f  3967/692/1305 3968/984/1305 3969/720/1305
f  3970/772/1306 3971/983/1306 3972/692/1306
f  3973/776/1307 3974/983/1307 3975/772/1307
f  3976/776/1308 3977/949/1308 3978/983/1308
f  3979/983/1309 3980/949/1309 3981/985/1309
f  3982/983/1310 3983/985/1310 3984/986/1310
f  3985/932/1311 3986/987/1311 3987/988/1311
f  3988/932/1312 3989/988/1312 3990/924/1312
f  3991/924/1313 3992/988/1313 3993/985/1313
f  3994/924/1314 3995/985/1314 3996/949/1314
f  3997/947/1315 3998/956/1315 3999/941/1315
f  4000/941/1316 4001/956/1316 4002/942/1316
f  4003/778/1317 4004/925/1317 4005/927/1317
f  4006/923/1318 4007/932/1318 4008/924/1318
f  4009/986/1319 4010/989/1319 4011/990/1319
f  4012/986/1320 4013/990/1320 4014/991/1320
f  4015/985/1321 4016/988/1321 4017/986/1321
f  4018/986/1322 4019/988/1322 4020/989/1322
f  4021/715/1323 4022/992/1323 4023/993/1323
f  4024/984/1324 4025/991/1324 4026/720/1324
f  4027/720/1325 4028/991/1325 4029/718/1325
f  4030/718/1326 4031/992/1326 4032/717/1326
f  4033/717/1327 4034/992/1327 4035/715/1327
f  4036/991/1328 4037/994/1328 4038/718/1328
f  4039/718/1329 4040/994/1329 4041/992/1329
f  4042/992/1330 4043/995/1330 4044/993/1330
f  4045/991/1331 4046/990/1331 4047/994/1331
f  4048/992/1332 4049/994/1332 4050/995/1332
f  4051/711/1333 4052/996/1333 4053/710/1333
f  4054/710/1334 4055/996/1334 4056/997/1334
f  4057/710/1335 4058/997/1335 4059/708/1335
f  4060/705/1336 4061/707/1336 4062/791/1336
f  4063/812/1337 4064/789/1337 4065/998/1337
f  4066/999/1338 4067/1000/1338 4068/1001/1338
f  4069/1001/1339 4070/1000/1339 4071/1002/1339
f  4072/1001/1340 4073/1002/1340 4074/998/1340
f  4075/998/1341 4076/1002/1341 4077/1003/1341
f  4078/998/1342 4079/1003/1342 4080/812/1342
f  4081/983/1343 4082/986/1343 4083/984/1343
f  4084/984/1344 4085/986/1344 4086/991/1344
f  4087/995/1345 4088/994/1345 4089/1004/1345
f  4090/995/1346 4091/1004/1346 4092/1005/1346
f  4093/812/1347 4094/790/1347 4095/789/1347
f  4096/998/1348 4097/789/1348 4098/708/1348
f  4099/998/1349 4100/708/1349 4101/997/1349
f  4102/998/1350 4103/997/1350 4104/1001/1350
f  4105/1001/1351 4106/997/1351 4107/996/1351
f  4108/1001/1352 4109/996/1352 4110/999/1352
f  4111/715/1353 4112/993/1353 4113/713/1353
f  4114/802/1354 4115/695/1354 4116/801/1354
f  4117/799/1355 4118/801/1355 4119/696/1355
f  4120/799/1356 4121/696/1356 4122/698/1356
f  4123/699/1357 4124/701/1357 4125/795/1357
f  4126/795/1358 4127/701/1358 4128/702/1358
f  4129/795/1359 4130/702/1359 4131/796/1359
f  4132/796/1360 4133/702/1360 4134/704/1360
f  4135/796/1361 4136/704/1361 4137/792/1361
f  4138/792/1362 4139/704/1362 4140/705/1362
f  4141/707/1363 4142/708/1363 4143/789/1363
f  4144/1006/1364 4145/1004/1364 4146/990/1364
f  4147/1006/1365 4148/990/1365 4149/1007/1365
f  4150/1004/1366 4151/1008/1366 4152/1005/1366
f  4153/1009/1367 4154/1010/1367 4155/1011/1367
f  4156/1012/1368 4157/1011/1368 4158/1013/1368
f  4159/1011/1369 4160/1012/1369 4161/1009/1369
f  4162/1014/1370 4163/1009/1370 4164/1015/1370
f  4165/1014/1371 4166/1015/1371 4167/1016/1371
f  4168/1016/1372 4169/1015/1372 4170/1000/1372
f  4171/1017/1373 4172/1005/1373 4173/1008/1373
f  4174/806/1374 4175/812/1374 4176/1012/1374
f  4177/806/1375 4178/1012/1375 4179/1013/1375
f  4180/806/1376 4181/1013/1376 4182/805/1376
f  4183/807/1377 4184/787/1377 4185/1018/1377
f  4186/1019/1378 4187/1013/1378 4188/1020/1378
f  4189/1010/1379 4190/1020/1379 4191/1011/1379
f  4192/929/1380 4193/1006/1380 4194/931/1380
f  4195/931/1381 4196/1006/1381 4197/1007/1381
f  4198/987/1382 4199/989/1382 4200/988/1382
f  4201/1008/1383 4202/926/1383 4203/925/1383
f  4204/1021/1384 4205/936/1384 4206/1010/1384
f  4207/1010/1385 4208/938/1385 4209/1020/1385
f  4210/1019/1386 4211/1020/1386 4212/839/1386
f  4213/1019/1387 4214/839/1387 4215/817/1387
f  4216/807/1388 4217/1018/1388 4218/817/1388
f  4219/817/1389 4220/1018/1389 4221/1019/1389
f  4222/1022/1390 4223/1021/1390 4224/1014/1390
f  4225/934/1391 4226/1023/1391 4227/1024/1391
f  4228/925/1392 4229/1024/1392 4230/1008/1392
f  4231/932/1393 4232/931/1393 4233/1007/1393
f  4234/932/1394 4235/1007/1394 4236/987/1394
f  4237/1018/1395 4238/787/1395 4239/804/1395
f  4240/1018/1396 4241/804/1396 4242/1019/1396
f  4243/1019/1397 4244/804/1397 4245/805/1397
f  4246/1019/1398 4247/805/1398 4248/1013/1398
f  4249/1020/1399 4250/1013/1399 4251/1011/1399
f  4252/1021/1400 4253/1010/1400 4254/1009/1400
f  4255/1021/1401 4256/1009/1401 4257/1014/1401
f  4258/1014/1402 4259/1016/1402 4260/1025/1402
f  4261/1024/1403 4262/1017/1403 4263/1008/1403
f  4264/1008/1404 4265/1004/1404 4266/929/1404
f  4267/929/1405 4268/1004/1405 4269/1006/1405
f  4270/987/1406 4271/1007/1406 4272/989/1406
f  4273/786/1407 4274/794/1407 4275/787/1407
f  4276/804/1408 4277/787/1408 4278/798/1408
f  4279/804/1409 4280/798/1409 4281/797/1409
f  4282/812/1410 4283/1003/1410 4284/1012/1410
f  4285/1012/1411 4286/1003/1411 4287/1009/1411
f  4288/1009/1412 4289/1003/1412 4290/1002/1412
f  4291/1009/1413 4292/1002/1413 4293/1015/1413
f  4294/1015/1414 4295/1002/1414 4296/1000/1414
f  4297/1004/1415 4298/994/1415 4299/990/1415
f  4300/1007/1416 4301/990/1416 4302/989/1416
f  4303/818/1417 4304/802/1417 4305/870/1417
f  4306/870/1418 4307/802/1418 4308/815/1418
f  4309/815/1419 4310/802/1419 4311/801/1419
f  4312/815/1420 4313/801/1420 4314/800/1420
f  4315/794/1421 4316/810/1421 4317/699/1421
f  4318/803/1422 4319/793/1422 4320/790/1422
f  4321/798/1423 4322/787/1423 4323/794/1423
f  4324/788/1424 4325/787/1424 4326/807/1424
f  4327/817/1425 4328/839/1425 4329/824/1425
f  4330/816/1426 4331/785/1426 4332/808/1426
f  4333/813/1427 4334/868/1427 4335/814/1427
f  4336/814/1428 4337/873/1428 4338/815/1428
f  4339/972/1429 4340/847/1429 4341/973/1429
f  4342/973/1430 4343/847/1430 4344/841/1430
f  4345/973/1431 4346/841/1431 4347/977/1431
f  4348/977/1432 4349/841/1432 4350/831/1432
f  4351/977/1433 4352/831/1433 4353/978/1433
f  4354/978/1434 4355/831/1434 4356/1026/1434
f  4357/1026/1435 4358/831/1435 4359/1027/1435
f  4360/939/1436 4361/835/1436 4362/940/1436
f  4363/940/1437 4364/835/1437 4365/836/1437
f  4366/862/1438 4367/867/1438 4368/890/1438
f  4369/888/1439 4370/890/1439 4371/892/1439
f  4372/886/1440 4373/883/1440 4374/885/1440
f  4375/903/1441 4376/907/1441 4377/904/1441
f  4378/880/1442 4379/873/1442 4380/872/1442
f  4381/880/1443 4382/872/1443 4383/901/1443
f  4384/901/1444 4385/872/1444 4386/882/1444
f  4387/901/1445 4388/882/1445 4389/881/1445
f  4390/881/1446 4391/882/1446 4392/871/1446
f  4393/830/1447 4394/871/1447 4395/828/1447
f  4396/816/1448 4397/817/1448 4398/824/1448
f  4399/836/1449 4400/839/1449 4401/1020/1449
f  4402/836/1450 4403/1020/1450 4404/940/1450
f  4405/940/1451 4406/1020/1451 4407/938/1451
f  4408/938/1452 4409/1010/1452 4410/936/1452
f  4411/1028/1453 4412/1029/1453 4413/1030/1453
f  4414/935/1454 4415/934/1454 4416/1024/1454
f  4417/935/1455 4418/1024/1455 4419/925/1455
f  4420/926/1456 4421/1008/1456 4422/928/1456
f  4423/928/1457 4424/1008/1457 4425/929/1457
f  4426/103/1458 4427/724/1458 4428/1031/1458
f  4429/1032/1459 4430/1033/1459 4431/1034/1459
f  4432/1035/1460 4433/670/1460 4434/1036/1460
f  4435/1037/1461 4436/676/1461 4437/674/1461
f  4438/1038/1462 4439/668/1462 4440/670/1462
f  4441/1035/1463 4442/1038/1463 4443/670/1463
f  4444/1036/1464 4445/670/1464 4446/672/1464
f  4447/1039/1465 4448/1040/1465 4449/1041/1465
f  4450/674/1466 4451/1042/1466 4452/1037/1466
f  4453/1043/1467 4454/1044/1467 4455/1045/1467
f  4456/1043/1468 4457/1045/1468 4458/1046/1468
f  4459/1047/1469 4460/1037/1469 4461/1048/1469
f  4462/1048/1470 4463/1037/1470 4464/1042/1470
f  4465/1046/1471 4466/1041/1471 4467/1049/1471
f  4468/1046/1472 4469/1035/1472 4470/1036/1472
f  4471/666/1473 4472/1050/1473 4473/664/1473
f  4474/664/1474 4475/1050/1474 4476/1051/1474
f  4477/664/1475 4478/1051/1475 4479/662/1475
f  4480/1038/1476 4481/667/1476 4482/668/1476
f  4483/1052/1477 4484/1051/1477 4485/1050/1477
f  4486/1053/1478 4487/1050/1478 4488/666/1478
f  4489/1053/1479 4490/666/1479 4491/667/1479
f  4492/1053/1480 4493/667/1480 4494/1038/1480
f  4495/1054/1481 4496/658/1481 4497/660/1481
f  4498/1055/1482 4499/1056/1482 4500/1057/1482
f  4501/1055/1483 4502/1057/1483 4503/1058/1483
f  4504/1041/1484 4505/1055/1484 4506/1058/1484
f  4507/1041/1485 4508/1058/1485 4509/1049/1485
f  4510/1049/1486 4511/1058/1486 4512/1059/1486
f  4513/1049/1487 4514/1059/1487 4515/1043/1487
f  4516/1060/1488 4517/1043/1488 4518/1059/1488
f  4519/1044/1489 4520/1061/1489 4521/1053/1489
f  4522/1062/1490 4523/1059/1490 4524/1058/1490
f  4525/1061/1491 4526/1060/1491 4527/1063/1491
f  4528/1061/1492 4529/1063/1492 4530/1053/1492
f  4531/1062/1493 4532/1057/1493 4533/1064/1493
f  4534/1065/1494 4535/1057/1494 4536/1056/1494
f  4537/1057/1495 4538/1065/1495 4539/1064/1495
f  4540/1064/1496 4541/1066/1496 4542/1062/1496
f  4543/1067/1497 4544/1060/1497 4545/1066/1497
f  4546/1064/1498 4547/1068/1498 4548/1067/1498
f  4549/1069/1499 4550/1070/1499 4551/1065/1499
f  4552/1065/1500 4553/1071/1500 4554/1064/1500
f  4555/1072/1501 4556/1073/1501 4557/1063/1501
f  4558/1060/1502 4559/1072/1502 4560/1063/1502
f  4561/1052/1503 4562/1063/1503 4563/1073/1503
f  4564/1074/1504 4565/1075/1504 4566/1076/1504
f  4567/1060/1505 4568/1067/1505 4569/1072/1505
f  4570/1072/1506 4571/1067/1506 4572/1077/1506
f  4573/1072/1507 4574/1077/1507 4575/1078/1507
f  4576/1078/1508 4577/1077/1508 4578/1079/1508
f  4579/1078/1509 4580/1079/1509 4581/1080/1509
f  4582/1066/1510 4583/1064/1510 4584/1067/1510
f  4585/1080/1511 4586/1079/1511 4587/1081/1511
f  4588/1082/1512 4589/1083/1512 4590/1076/1512
f  4591/1076/1513 4592/1083/1513 4593/1084/1513
f  4594/1054/1514 4595/1074/1514 4596/1076/1514
f  4597/1054/1515 4598/1076/1515 4599/1084/1515
f  4600/1054/1516 4601/1084/1516 4602/726/1516
f  4603/726/1517 4604/1084/1517 4605/723/1517
f  4606/1060/1518 4607/1059/1518 4608/1066/1518
f  4609/1066/1519 4610/1059/1519 4611/1062/1519
f  4612/726/1520 4613/658/1520 4614/1054/1520
f  4615/1074/1521 4616/1054/1521 4617/660/1521
f  4618/1074/1522 4619/660/1522 4620/662/1522
f  4621/1074/1523 4622/662/1523 4623/1051/1523
f  4624/1074/1524 4625/1051/1524 4626/1052/1524
f  4627/1074/1525 4628/1052/1525 4629/1075/1525
f  4630/1075/1526 4631/1052/1526 4632/1073/1526
f  4633/1085/1527 4634/1086/1527 4635/1087/1527
f  4636/1086/1528 4637/1088/1528 4638/1089/1528
f  4639/1086/1529 4640/1089/1529 4641/1087/1529
f  4642/1090/1530 4643/1091/1530 4644/1092/1530
f  4645/1090/1531 4646/1092/1531 4647/1093/1531
f  4648/1087/1532 4649/1089/1532 4650/1091/1532
f  4651/1087/1533 4652/1091/1533 4653/1090/1533
f  4654/1080/1534 4655/1081/1534 4656/1094/1534
f  4657/1095/1535 4658/1096/1535 4659/1093/1535
f  4660/1095/1536 4661/1097/1536 4662/1096/1536
f  4663/1083/1537 4664/1080/1537 4665/1094/1537
f  4666/723/1538 4667/1084/1538 4668/1098/1538
f  4669/1084/1539 4670/1083/1539 4671/1098/1539
f  4672/1071/1540 4673/1099/1540 4674/1100/1540
f  4675/1071/1541 4676/1100/1541 4677/1101/1541
f  4678/1077/1542 4679/1102/1542 4680/1103/1542
f  4681/1077/1543 4682/1103/1543 4683/1079/1543
f  4684/1079/1544 4685/1103/1544 4686/1104/1544
f  4687/1079/1545 4688/1104/1545 4689/1081/1545
f  4690/1083/1546 4691/1094/1546 4692/1105/1546
f  4693/1083/1547 4694/1105/1547 4695/1098/1547
f  4696/1081/1548 4697/1096/1548 4698/1106/1548
f  4699/1081/1549 4700/1106/1549 4701/1094/1549
f  4702/1094/1550 4703/1106/1550 4704/1107/1550
f  4705/1094/1551 4706/1107/1551 4707/1105/1551
f  4708/1098/1552 4709/722/1552 4710/723/1552
f  4711/1108/1553 4712/1109/1553 4713/1110/1553
f  4714/1108/1554 4715/1110/1554 4716/1111/1554
f  4717/1112/1555 4718/1111/1555 4719/1090/1555
f  4720/1112/1556 4721/1090/1556 4722/1093/1556
f  4723/1112/1557 4724/1093/1557 4725/1096/1557
f  4726/1105/1558 4727/1107/1558 4728/1113/1558
f  4729/1106/1559 4730/1097/1559 4731/1033/1559
f  4732/1106/1560 4733/1033/1560 4734/1107/1560
f  4735/1089/1561 4736/1114/1561 4737/1091/1561
f  4738/1092/1562 4739/1034/1562 4740/1115/1562
f  4741/1091/1563 4742/1116/1563 4743/1092/1563
f  4744/1092/1564 4745/1116/1564 4746/1034/1564
f  4747/1091/1565 4748/1114/1565 4749/1116/1565
f  4750/1034/1566 4751/1033/1566 4752/1115/1566
f  4753/1117/1567 4754/1107/1567 4755/1032/1567
f  4756/1115/1568 4757/1097/1568 4758/1092/1568
f  4759/1092/1569 4760/1097/1569 4761/1093/1569
f  4762/1032/1570 4763/1107/1570 4764/1033/1570
f  4765/1115/1571 4766/1033/1571 4767/1097/1571
f  4768/1100/1572 4769/1109/1572 4770/1101/1572
f  4771/1101/1573 4772/1109/1573 4773/1108/1573
f  4774/1113/1574 4775/1117/1574 4776/1031/1574
f  4777/1031/1575 4778/724/1575 4779/1113/1575
f  4780/1113/1576 4781/724/1576 4782/722/1576
f  4783/1118/1577 4784/1119/1577 4785/1120/1577
f  4786/1120/1578 4787/1119/1578 4788/1121/1578
f  4789/878/1579 4790/1122/1579 4791/874/1579
f  4792/1123/1580 4793/1119/1580 4794/1118/1580
f  4795/1123/1581 4796/1118/1581 4797/1124/1581
f  4798/1122/1582 4799/1125/1582 4800/1123/1582
f  4801/1126/1583 4802/874/1583 4803/1122/1583
f  4804/1126/1584 4805/1122/1584 4806/1123/1584
f  4807/1123/1585 4808/1125/1585 4809/1119/1585
f  4810/1121/1586 4811/1127/1586 4812/1120/1586
f  4813/1127/1587 4814/1128/1587 4815/1120/1587
f  4816/1120/1588 4817/1128/1588 4818/1129/1588
f  4819/1130/1589 4820/1131/1589 4821/1128/1589
f  4822/1132/1590 4823/1133/1590 4824/1134/1590
f  4825/1135/1591 4826/1132/1591 4827/1134/1591
f  4828/1135/1592 4829/1134/1592 4830/1136/1592
f  4831/1081/1593 4832/1104/1593 4833/1096/1593
f  4834/1096/1594 4835/1104/1594 4836/1112/1594
f  4837/1112/1595 4838/1104/1595 4839/1103/1595
f  4840/1112/1596 4841/1103/1596 4842/1111/1596
f  4843/1111/1597 4844/1103/1597 4845/1102/1597
f  4846/1111/1598 4847/1102/1598 4848/1108/1598
f  4849/1070/1599 4850/1137/1599 4851/1138/1599
f  4852/1068/1600 4853/1101/1600 4854/1108/1600
f  4855/1068/1601 4856/1108/1601 4857/1102/1601
f  4858/1098/1602 4859/1105/1602 4860/1113/1602
f  4861/1098/1603 4862/1113/1603 4863/722/1603
f  4864/1099/1604 4865/1139/1604 4866/1140/1604
f  4867/1099/1605 4868/1140/1605 4869/1100/1605
f  4870/1137/1606 4871/1141/1606 4872/1138/1606
f  4873/1070/1607 4874/1138/1607 4875/1142/1607
f  4876/1099/1608 4877/1142/1608 4878/1139/1608
f  4879/1070/1609 4880/1142/1609 4881/1099/1609
f  4882/1143/1610 4883/1136/1610 4884/1134/1610
f  4885/1144/1611 4886/1145/1611 4887/1129/1611
f  4888/1133/1612 4889/1129/1612 4890/1131/1612
f  4891/1131/1613 4892/1146/1613 4893/1143/1613
f  4894/1133/1614 4895/1131/1614 4896/1134/1614
f  4897/1128/1615 4898/1147/1615 4899/1130/1615
f  4900/1130/1616 4901/1148/1616 4902/1146/1616
f  4903/1148/1617 4904/1130/1617 4905/1147/1617
f  4906/1149/1618 4907/1146/1618 4908/1148/1618
f  4909/1145/1619 4910/1150/1619 4911/1120/1619
f  4912/1145/1620 4913/1120/1620 4914/1129/1620
f  4915/1129/1621 4916/1128/1621 4917/1131/1621
f  4918/1131/1622 4919/1130/1622 4920/1146/1622
f  4921/1151/1623 4922/1135/1623 4923/1152/1623
f  4924/1153/1624 4925/1154/1624 4926/1155/1624
f  4927/1109/1625 4928/1140/1625 4929/1156/1625
f  4930/1138/1626 4931/1157/1626 4932/1142/1626
f  4933/1110/1627 4934/1085/1627 4935/1087/1627
f  4936/1109/1628 4937/1156/1628 4938/1110/1628
f  4939/1111/1629 4940/1110/1629 4941/1087/1629
f  4942/1111/1630 4943/1087/1630 4944/1090/1630
f  4945/1158/1631 4946/1153/1631 4947/1155/1631
f  4948/1143/1632 4949/1134/1632 4950/1131/1632
f  4951/1140/1633 4952/1159/1633 4953/1160/1633
f  4954/1161/1634 4955/1157/1634 4956/1162/1634
f  4957/1141/1635 4958/1162/1635 4959/1138/1635
f  4960/1138/1636 4961/1162/1636 4962/1157/1636
f  4963/1139/1637 4964/1159/1637 4965/1140/1637
f  4966/1156/1638 4967/1085/1638 4968/1110/1638
f  4969/1144/1639 4970/1129/1639 4971/1133/1639
f  4972/1143/1640 4973/1163/1640 4974/1136/1640
f  4975/1158/1641 4976/1164/1641 4977/1165/1641
f  4978/1100/1642 4979/1140/1642 4980/1109/1642
f  4981/878/1643 4982/905/1643 4983/1166/1643
f  4984/1125/1644 4985/1167/1644 4986/1168/1644
f  4987/1167/1645 4988/1169/1645 4989/1170/1645
f  4990/1167/1646 4991/1170/1646 4992/1168/1646
f  4993/1168/1647 4994/1170/1647 4995/1171/1647
f  4996/1172/1648 4997/1171/1648 4998/1173/1648
f  4999/1172/1649 5000/1173/1649 5001/1174/1649
f  5002/1166/1650 5003/905/1650 5004/1169/1650
f  5005/1166/1651 5006/1169/1651 5007/1167/1651
f  5008/1125/1652 5009/1168/1652 5010/1171/1652
f  5011/1125/1653 5012/1171/1653 5013/1172/1653
f  5014/1175/1654 5015/918/1654 5016/917/1654
f  5017/1172/1655 5018/1127/1655 5019/1121/1655
f  5020/1172/1656 5021/1121/1656 5022/1119/1656
f  5023/1174/1657 5024/1176/1657 5025/1127/1657
f  5026/1148/1658 5027/1176/1658 5028/1177/1658
f  5029/1176/1659 5030/1148/1659 5031/1147/1659
f  5032/1176/1660 5033/1147/1660 5034/1127/1660
f  5035/1119/1661 5036/1125/1661 5037/1172/1661
f  5038/1146/1662 5039/1149/1662 5040/1178/1662
f  5041/1165/1663 5042/1164/1663 5043/1179/1663
f  5044/1180/1664 5045/1181/1664 5046/1182/1664
f  5047/1181/1665 5048/1183/1665 5049/1182/1665
f  5050/1184/1666 5051/1183/1666 5052/1185/1666
f  5053/1122/1667 5054/1167/1667 5055/1125/1667
f  5056/1127/1668 5057/1172/1668 5058/1174/1668
f  5059/1186/1669 5060/1174/1669 5061/1173/1669
f  5062/1187/1670 5063/1169/1670 5064/905/1670
f  5065/1147/1671 5066/1128/1671 5067/1127/1671
f  5068/1150/1672 5069/1118/1672 5070/1120/1672
f  5071/1143/1673 5072/1146/1673 5073/1178/1673
f  5074/1188/1674 5075/1164/1674 5076/1158/1674
f  5077/1158/1675 5078/1165/1675 5079/1189/1675
f  5080/1158/1676 5081/1189/1676 5082/1153/1676
f  5083/1153/1677 5084/1162/1677 5085/1141/1677
f  5086/1153/1678 5087/1141/1678 5088/1190/1678
f  5089/1190/1679 5090/1141/1679 5091/1137/1679
f  5092/1159/1680 5093/1142/1680 5094/1191/1680
f  5095/1191/1681 5096/1142/1681 5097/1157/1681
f  5098/1189/1682 5099/1192/1682 5100/1162/1682
f  5101/1164/1683 5102/1193/1683 5103/1179/1683
f  5104/1189/1684 5105/1165/1684 5106/1194/1684
f  5107/1189/1685 5108/1194/1685 5109/1192/1685
f  5110/1161/1686 5111/1162/1686 5112/1192/1686
f  5113/1161/1687 5114/1192/1687 5115/1195/1687
f  5116/1191/1688 5117/1157/1688 5118/1161/1688
f  5119/1194/1689 5120/1165/1689 5121/1179/1689
f  5122/1196/1690 5123/1185/1690 5124/1197/1690
f  5125/1198/1691 5126/1174/1691 5127/1186/1691
f  5128/1187/1692 5129/905/1692 5130/909/1692
f  5131/1199/1693 5132/1183/1693 5133/1184/1693
f  5134/1200/1694 5135/1171/1694 5136/1170/1694
f  5137/1201/1695 5138/1202/1695 5139/1203/1695
f  5140/1204/1696 5141/1169/1696 5142/1187/1696
f  5143/1184/1697 5144/1185/1697 5145/1205/1697
f  5146/1205/1698 5147/1185/1698 5148/1196/1698
f  5149/1206/1699 5150/1207/1699 5151/1208/1699
f  5152/1209/1700 5153/1201/1700 5154/1203/1700
f  5155/1210/1701 5156/1193/1701 5157/1211/1701
f  5158/1212/1702 5159/1213/1702 5160/1214/1702
f  5161/1215/1703 5162/1171/1703 5163/1200/1703
f  5164/1216/1704 5165/1201/1704 5166/1209/1704
f  5167/1217/1705 5168/1179/1705 5169/1193/1705
f  5170/1217/1706 5171/1193/1706 5172/1210/1706
f  5173/1210/1707 5174/1211/1707 5175/1218/1707
f  5176/1218/1708 5177/1211/1708 5178/1199/1708
f  5179/1219/1709 5180/1199/1709 5181/1184/1709
f  5182/1122/1710 5183/878/1710 5184/1166/1710
f  5185/1182/1711 5186/1183/1711 5187/1199/1711
f  5188/1182/1712 5189/1199/1712 5190/1211/1712
f  5191/1220/1713 5192/1179/1713 5193/1217/1713
f  5194/1205/1714 5195/1196/1714 5196/1221/1714
f  5197/1222/1715 5198/1223/1715 5199/1224/1715
f  5200/1203/1716 5201/1225/1716 5202/1175/1716
f  5203/1175/1717 5204/1225/1717 5205/918/1717
f  5206/1179/1718 5207/1220/1718 5208/1194/1718
f  5209/1194/1719 5210/1220/1719 5211/1192/1719
f  5212/1192/1720 5213/1226/1720 5214/1195/1720
f  5215/1085/1721 5216/1156/1721 5217/1227/1721
f  5218/1227/1722 5219/1156/1722 5220/1228/1722
f  5221/1229/1723 5222/1159/1723 5223/1191/1723
f  5224/1230/1724 5225/1161/1724 5226/1226/1724
f  5227/1231/1725 5228/1226/1725 5229/1192/1725
f  5230/1231/1726 5231/1192/1726 5232/1220/1726
f  5233/1232/1727 5234/1233/1727 5235/1234/1727
f  5236/1234/1728 5237/1233/1728 5238/1196/1728
f  5239/1196/1729 5240/1233/1729 5241/1221/1729
f  5242/1205/1730 5243/1219/1730 5244/1184/1730
f  5245/1217/1731 5246/1235/1731 5247/1220/1731
f  5248/1220/1732 5249/1235/1732 5250/1231/1732
f  5251/1231/1733 5252/1230/1733 5253/1226/1733
f  5254/1229/1734 5255/1236/1734 5256/1228/1734
f  5257/1086/1735 5258/1227/1735 5259/1088/1735
f  5260/1093/1736 5261/1097/1736 5262/1095/1736
f  5263/1096/1737 5264/1097/1737 5265/1106/1737
f  5266/1113/1738 5267/1107/1738 5268/1117/1738
f  5269/1230/1739 5270/1236/1739 5271/1229/1739
f  5272/1229/1740 5273/1191/1740 5274/1230/1740
f  5275/1218/1741 5276/1199/1741 5277/1219/1741
f  5278/1222/1742 5279/1224/1742 5280/1237/1742
f  5281/1228/1743 5282/1156/1743 5283/1160/1743
f  5284/1160/1744 5285/1159/1744 5286/1229/1744
f  5287/1230/1745 5288/1191/1745 5289/1161/1745
f  5290/1161/1746 5291/1195/1746 5292/1226/1746
f  5293/1229/1747 5294/1228/1747 5295/1160/1747
f  5296/1227/1748 5297/1086/1748 5298/1085/1748
f  5299/1156/1749 5300/1140/1749 5301/1160/1749
f  5302/1159/1750 5303/1139/1750 5304/1142/1750
f  5305/1189/1751 5306/1162/1751 5307/1153/1751
f  5308/1164/1752 5309/1180/1752 5310/1193/1752
f  5311/1193/1753 5312/1180/1753 5313/1182/1753
f  5314/1193/1754 5315/1182/1754 5316/1211/1754
f  5317/1238/1755 5318/1239/1755 5319/687/1755
f  5320/1239/1756 5321/684/1756 5322/686/1756
f  5323/687/1757 5324/689/1757 5325/819/1757
f  5326/819/1758 5327/1238/1758 5328/687/1758
f  5329/819/1759 5330/1126/1759 5331/1238/1759
f  5332/1126/1760 5333/819/1760 5334/874/1760
f  5335/1238/1761 5336/1126/1761 5337/1124/1761
f  5338/1124/1762 5339/1150/1762 5340/1238/1762
f  5341/1238/1763 5342/1150/1763 5343/1240/1763
f  5344/1238/1764 5345/1240/1764 5346/1239/1764
f  5347/1239/1765 5348/686/1765 5349/687/1765
f  5350/1240/1766 5351/1241/1766 5352/1239/1766
f  5353/1150/1767 5354/1145/1767 5355/1240/1767
f  5356/1145/1768 5357/1144/1768 5358/1242/1768
f  5359/1242/1769 5360/1241/1769 5361/1240/1769
f  5362/1242/1770 5363/1240/1770 5364/1145/1770
f  5365/1243/1771 5366/1242/1771 5367/1144/1771
f  5368/1243/1772 5369/1144/1772 5370/1133/1772
f  5371/1124/1773 5372/1118/1773 5373/1150/1773
f  5374/679/1774 5375/1244/1774 5376/1245/1774
f  5377/679/1775 5378/1245/1775 5379/1246/1775
f  5380/1247/1776 5381/1042/1776 5382/674/1776
f  5383/1035/1777 5384/1046/1777 5385/1045/1777
f  5386/1061/1778 5387/1043/1778 5388/1060/1778
f  5389/681/1779 5390/1244/1779 5391/679/1779
f  5392/677/1780 5393/679/1780 5394/1246/1780
f  5395/677/1781 5396/1246/1781 5397/1247/1781
f  5398/677/1782 5399/1247/1782 5400/674/1782
f  5401/1038/1783 5402/1035/1783 5403/1045/1783
f  5404/1038/1784 5405/1045/1784 5406/1044/1784
f  5407/1038/1785 5408/1044/1785 5409/1053/1785
f  5410/1050/1786 5411/1053/1786 5412/1063/1786
f  5413/1050/1787 5414/1063/1787 5415/1052/1787
f  5416/1049/1788 5417/1043/1788 5418/1046/1788
f  5419/1048/1789 5420/1042/1789 5421/1247/1789
f  5422/1248/1790 5423/1247/1790 5424/1246/1790
f  5425/1248/1791 5426/1246/1791 5427/1245/1791
f  5428/1249/1792 5429/1048/1792 5430/1250/1792
f  5431/1251/1793 5432/1250/1793 5433/1248/1793
f  5434/1252/1794 5435/1248/1794 5436/1245/1794
f  5437/1252/1795 5438/1245/1795 5439/1244/1795
f  5440/1252/1796 5441/1244/1796 5442/1253/1796
f  5443/683/1797 5444/1253/1797 5445/1244/1797
f  5446/1247/1798 5447/1248/1798 5448/1250/1798
f  5449/1247/1799 5450/1250/1799 5451/1048/1799
f  5452/681/1800 5453/683/1800 5454/1244/1800
f  5455/1036/1801 5456/1041/1801 5457/1046/1801
f  5458/1061/1802 5459/1044/1802 5460/1043/1802
f  5461/1124/1803 5462/1126/1803 5463/1123/1803
f  5464/1253/1804 5465/1241/1804 5466/1243/1804
f  5467/1254/1805 5468/1243/1805 5469/1133/1805
f  5470/1254/1806 5471/1133/1806 5472/1132/1806
f  5473/1255/1807 5474/1249/1807 5475/1250/1807
f  5476/1254/1808 5477/1251/1808 5478/1252/1808
f  5479/1256/1809 5480/1257/1809 5481/1251/1809
f  5482/1254/1810 5483/1252/1810 5484/1243/1810
f  5485/1243/1811 5486/1252/1811 5487/1253/1811
f  5488/1241/1812 5489/683/1812 5490/684/1812
f  5491/1258/1813 5492/1255/1813 5493/1250/1813
f  5494/1258/1814 5495/1250/1814 5496/1257/1814
f  5497/1257/1815 5498/1250/1815 5499/1251/1815
f  5500/1256/1816 5501/1251/1816 5502/1254/1816
f  5503/1241/1817 5504/1253/1817 5505/683/1817
f  5506/1132/1818 5507/1259/1818 5508/1256/1818
f  5509/1190/1819 5510/1137/1819 5511/1069/1819
f  5512/1069/1820 5513/1260/1820 5514/1190/1820
f  5515/1151/1821 5516/1258/1821 5517/1257/1821
f  5518/1151/1822 5519/1257/1822 5520/1259/1822
f  5521/1259/1823 5522/1257/1823 5523/1256/1823
f  5524/1132/1824 5525/1256/1824 5526/1254/1824
f  5527/1261/1825 5528/1255/1825 5529/1258/1825
f  5530/1069/1826 5531/1056/1826 5532/1262/1826
f  5533/1262/1827 5534/1056/1827 5535/1055/1827
f  5536/1262/1828 5537/1055/1828 5538/1041/1828
f  5539/1262/1829 5540/1041/1829 5541/1040/1829
f  5542/1252/1830 5543/1251/1830 5544/1248/1830
f  5545/1241/1831 5546/684/1831 5547/1239/1831
f  5548/1243/1832 5549/1241/1832 5550/1242/1832
f  5551/1065/1833 5552/1070/1833 5553/1099/1833
f  5554/1065/1834 5555/1099/1834 5556/1071/1834
f  5557/1071/1835 5558/1101/1835 5559/1064/1835
f  5560/1064/1836 5561/1101/1836 5562/1068/1836
f  5563/1068/1837 5564/1102/1837 5565/1067/1837
f  5566/1067/1838 5567/1102/1838 5568/1077/1838
f  5569/1080/1839 5570/1083/1839 5571/1082/1839
f  5572/1082/1840 5573/1076/1840 5574/1075/1840
f  5575/1082/1841 5576/1075/1841 5577/1080/1841
f  5578/1080/1842 5579/1075/1842 5580/1078/1842
f  5581/1078/1843 5582/1075/1843 5583/1073/1843
f  5584/1078/1844 5585/1073/1844 5586/1072/1844
f  5587/1062/1845 5588/1058/1845 5589/1057/1845
f  5590/1065/1846 5591/1056/1846 5592/1069/1846
f  5593/1070/1847 5594/1069/1847 5595/1137/1847
f  5596/1151/1848 5597/1259/1848 5598/1135/1848
f  5599/1135/1849 5600/1259/1849 5601/1132/1849
f  5602/1122/1850 5603/1166/1850 5604/1167/1850
f  5605/1176/1851 5606/1174/1851 5607/1263/1851
f  5608/1176/1852 5609/1263/1852 5610/1177/1852
f  5611/1237/1853 5612/1224/1853 5613/1216/1853
f  5614/1237/1854 5615/1216/1854 5616/1209/1854
f  5617/172/1855 5618/241/1855 5619/1264/1855
f  5620/727/1856 5621/284/1856 5622/101/1856
f  5623/285/1857 5624/284/1857 5625/1265/1857
f  5626/1265/1858 5627/284/1858 5628/727/1858
f  5629/290/1859 5630/282/1859 5631/1266/1859
f  5632/1266/1860 5633/282/1860 5634/1265/1860
f  5635/1265/1861 5636/282/1861 5637/285/1861
f  5638/1267/1862 5639/295/1862 5640/1266/1862
f  5641/1266/1863 5642/295/1863 5643/290/1863
f  5644/1267/1864 5645/289/1864 5646/295/1864
f  5647/296/1865 5648/1268/1865 5649/299/1865
f  5650/296/1866 5651/298/1866 5652/1268/1866
f  5653/1268/1867 5654/298/1867 5655/1267/1867
f  5656/1267/1868 5657/298/1868 5658/289/1868
f  5659/1269/1869 5660/299/1869 5661/1268/1869
f  5662/1264/1870 5663/241/1870 5664/1269/1870
f  5665/1269/1871 5666/241/1871 5667/299/1871
f  5668/1264/1872 5669/180/1872 5670/179/1872
f  5671/1264/1873 5672/179/1873 5673/172/1873
f  5674/1270/1874 5675/180/1874 5676/1264/1874
f  5677/181/1875 5678/180/1875 5679/1270/1875
f  5680/181/1876 5681/1270/1876 5682/191/1876
f  5683/1271/1877 5684/192/1877 5685/1270/1877
f  5686/1270/1878 5687/192/1878 5688/191/1878
f  5689/1271/1879 5690/198/1879 5691/192/1879
f  5692/1271/1880 5693/199/1880 5694/198/1880
f  5695/1272/1881 5696/199/1881 5697/1271/1881
f  5698/1273/1882 5699/224/1882 5700/1272/1882
f  5701/1272/1883 5702/224/1883 5703/199/1883
f  5704/225/1884 5705/1274/1884 5706/1275/1884
f  5707/225/1885 5708/1275/1885 5709/227/1885
f  5710/1276/1886 5711/230/1886 5712/1275/1886
f  5713/1275/1887 5714/230/1887 5715/227/1887
f  5716/246/1888 5717/1276/1888 5718/1277/1888
f  5719/1276/1889 5720/246/1889 5721/230/1889
f  5722/246/1890 5723/1277/1890 5724/252/1890
f  5725/1278/1891 5726/252/1891 5727/1277/1891
f  5728/252/1892 5729/1278/1892 5730/254/1892
f  5731/1279/1893 5732/527/1893 5733/1278/1893
f  5734/1278/1894 5735/527/1894 5736/254/1894
f  5737/527/1895 5738/1279/1895 5739/558/1895
f  5740/558/1896 5741/1279/1896 5742/1280/1896
f  5743/1280/1897 5744/561/1897 5745/570/1897
f  5746/1280/1898 5747/570/1898 5748/558/1898
f  5749/561/1899 5750/1280/1899 5751/1281/1899
f  5752/561/1900 5753/1281/1900 5754/560/1900
f  5755/560/1901 5756/1281/1901 5757/563/1901
f  5758/571/1902 5759/563/1902 5760/1282/1902
f  5761/1282/1903 5762/563/1903 5763/1281/1903
f  5764/1282/1904 5765/559/1904 5766/571/1904
f  5767/1283/1905 5768/557/1905 5769/1282/1905
f  5770/1282/1906 5771/557/1906 5772/559/1906
f  5773/557/1907 5774/1283/1907 5775/556/1907
f  5776/556/1908 5777/1283/1908 5778/562/1908
f  5779/562/1909 5780/1283/1909 5781/1284/1909
f  5782/1284/1910 5783/572/1910 5784/562/1910
f  5785/1285/1911 5786/564/1911 5787/572/1911
f  5788/1285/1912 5789/572/1912 5790/1284/1912
f  5791/564/1913 5792/1285/1913 5793/565/1913
f  5794/565/1914 5795/1285/1914 5796/566/1914
f  5797/566/1915 5798/1285/1915 5799/1286/1915
f  5800/566/1916 5801/1286/1916 5802/568/1916
f  5803/1286/1917 5804/573/1917 5805/568/1917
f  5806/573/1918 5807/1286/1918 5808/459/1918
f  5809/442/1919 5810/1287/1919 5811/1288/1919
f  5812/1288/1920 5813/440/1920 5814/442/1920
f  5815/440/1921 5816/1288/1921 5817/1289/1921
f  5818/440/1922 5819/1289/1922 5820/462/1922
f  5821/1289/1923 5822/465/1923 5823/462/1923
f  5824/466/1924 5825/463/1924 5826/1290/1924
f  5827/1290/1925 5828/463/1925 5829/1289/1925
f  5830/1289/1926 5831/463/1926 5832/465/1926
f  5833/1290/1927 5834/472/1927 5835/466/1927
f  5836/469/1928 5837/471/1928 5838/730/1928
f  5839/730/1929 5840/471/1929 5841/472/1929
f  5842/730/1930 5843/472/1930 5844/1290/1930
f  5845/972/1931 5846/971/1931 5847/1291/1931
f  5848/1292/1932 5849/1175/1932 5850/1293/1932
f  5851/1175/1933 5852/1292/1933 5853/1203/1933
f  5854/1203/1934 5855/1292/1934 5856/1209/1934
f  5857/1294/1935 5858/1237/1935 5859/1292/1935
f  5860/1292/1936 5861/1237/1936 5862/1209/1936
f  5863/1237/1937 5864/1294/1937 5865/1222/1937
f  5866/1222/1938 5867/1294/1938 5868/1295/1938
f  5869/1222/1939 5870/1295/1939 5871/1296/1939
f  5872/1297/1940 5873/1221/1940 5874/1298/1940
f  5875/1298/1941 5876/1221/1941 5877/1233/1941
f  5878/1297/1942 5879/1219/1942 5880/1205/1942
f  5881/1297/1943 5882/1205/1943 5883/1221/1943
f  5884/1219/1944 5885/1297/1944 5886/1218/1944
f  5887/1218/1945 5888/1297/1945 5889/1299/1945
f  5890/1300/1946 5891/1210/1946 5892/1299/1946
f  5893/1299/1947 5894/1210/1947 5895/1218/1947
f  5896/1300/1948 5897/1301/1948 5898/1235/1948
f  5899/1235/1949 5900/1217/1949 5901/1300/1949
f  5902/1300/1950 5903/1217/1950 5904/1210/1950
f  5905/1301/1951 5906/1231/1951 5907/1235/1951
f  5908/1302/1952 5909/1230/1952 5910/1301/1952
f  5911/1301/1953 5912/1230/1953 5913/1231/1953
f  5914/1302/1954 5915/1236/1954 5916/1230/1954
f  5917/1236/1955 5918/1302/1955 5919/1303/1955
f  5920/1236/1956 5921/1303/1956 5922/1228/1956
f  5923/1303/1957 5924/1227/1957 5925/1228/1957
f  5926/1227/1958 5927/1303/1958 5928/1304/1958
f  5929/1227/1959 5930/1304/1959 5931/1088/1959
f  5932/1088/1960 5933/1304/1960 5934/1089/1960
f  5935/1089/1961 5936/1304/1961 5937/1114/1961
f  5938/1116/1962 5939/1114/1962 5940/1305/1962
f  5941/1305/1963 5942/1114/1963 5943/1304/1963
f  5944/1116/1964 5945/1305/1964 5946/1034/1964
f  5947/1032/1965 5948/1034/1965 5949/1306/1965
f  5950/1306/1966 5951/1034/1966 5952/1305/1966
f  5953/1117/1967 5954/1032/1967 5955/1306/1967
f  5956/731/1968 5957/103/1968 5958/1031/1968
f  5959/731/1969 5960/1031/1969 5961/1117/1969
f  5962/731/1970 5963/1117/1970 5964/1306/1970
f  5965/728/1971 5966/953/1971 5967/729/1971
f  5968/954/1972 5969/953/1972 5970/1307/1972
f  5971/1307/1973 5972/953/1973 5973/728/1973
f  5974/955/1974 5975/948/1974 5976/1308/1974
f  5977/1308/1975 5978/948/1975 5979/1307/1975
f  5980/1307/1976 5981/948/1976 5982/954/1976
f  5983/1309/1977 5984/958/1977 5985/1308/1977
f  5986/958/1978 5987/957/1978 5988/1308/1978
f  5989/1308/1979 5990/957/1979 5991/955/1979
f  5992/963/1980 5993/961/1980 5994/1309/1980
f  5995/1309/1981 5996/961/1981 5997/958/1981
f  5998/1310/1982 5999/1311/1982 6000/971/1982
f  6001/1312/1983 6002/963/1983 6003/1309/1983
f  6004/1291/1984 6005/971/1984 6006/1311/1984
f  6007/1313/1985 6008/847/1985 6009/1291/1985
f  6010/1291/1986 6011/847/1986 6012/972/1986
f  6013/1313/1987 6014/850/1987 6015/842/1987
f  6016/1313/1988 6017/842/1988 6018/847/1988
f  6019/853/1989 6020/852/1989 6021/1314/1989
f  6022/1314/1990 6023/852/1990 6024/1313/1990
f  6025/1313/1991 6026/852/1991 6027/850/1991
f  6028/1314/1992 6029/858/1992 6030/853/1992
f  6031/1315/1993 6032/859/1993 6033/1314/1993
f  6034/1314/1994 6035/859/1994 6036/858/1994
f  6037/1315/1995 6038/865/1995 6039/859/1995
f  6040/1316/1996 6041/866/1996 6042/865/1996
f  6043/1316/1997 6044/865/1997 6045/1315/1997
f  6046/889/1998 6047/867/1998 6048/1317/1998
f  6049/1317/1999 6050/867/1999 6051/1316/1999
f  6052/1316/2000 6053/867/2000 6054/866/2000
f  6055/1317/2001 6056/891/2001 6057/889/2001
f  6058/1318/2002 6059/898/2002 6060/1317/2002
f  6061/1317/2003 6062/898/2003 6063/891/2003
f  6064/1319/2004 6065/912/2004 6066/1318/2004
f  6067/912/2005 6068/910/2005 6069/1318/2005
f  6070/1318/2006 6071/910/2006 6072/898/2006
f  6073/912/2007 6074/1319/2007 6075/915/2007
f  6076/915/2008 6077/1319/2008 6078/1293/2008
f  6079/1175/2009 6080/917/2009 6081/1293/2009
f  6082/1293/2010 6083/917/2010 6084/915/2010
f  6085/1320/2011 6086/1321/2011 6087/1322/2011
f  6088/1322/2011 6089/1321/2011 6090/1323/2011
f  6091/1324/2012 6092/1325/2012 6093/1322/2012
f  6094/1322/2013 6095/1326/2013 6096/1327/2013
f  6097/1328/2011 6098/1329/2011 6099/1330/2011
f  6100/1329/2014 6101/1328/2014 6102/1320/2014
f  6103/1320/2015 6104/1328/2015 6105/1331/2015
f  6106/1320/2011 6107/1331/2011 6108/1332/2011
f  6109/1322/2016 6110/1327/2016 6111/1333/2016
f  6112/1322/2017 6113/1325/2017 6114/1334/2017
f  6115/1322/2018 6116/1334/2018 6117/1335/2018
f  6118/1320/2011 6119/1332/2011 6120/1321/2011
f  6121/1333/2019 6122/1336/2019 6123/1322/2019
f  6124/1322/2020 6125/1336/2020 6126/1337/2020
f  6127/1334/2021 6128/1338/2021 6129/1339/2021
f  6130/1322/2011 6131/1323/2011 6132/1340/2011
f  6133/1341/2011 6134/1342/2011 6135/1322/2011
f  6136/1322/2022 6137/1342/2022 6138/1343/2022
f  6139/1334/2023 6140/1344/2023 6141/1345/2023
f  6142/1334/2024 6143/1345/2024 6144/1338/2024
f  6145/1334/2025 6146/1339/2025 6147/1335/2025
f  6148/1330/2026 6149/1346/2026 6150/1347/2026
f  6151/1330/2027 6152/1347/2027 6153/1348/2027
f  6154/1340/2011 6155/1341/2011 6156/1322/2011
f  6157/1322/2028 6158/1343/2028 6159/1349/2028
f  6160/1322/2029 6161/1349/2029 6162/1350/2029
f  6163/1346/2030 6164/1351/2030 6165/1352/2030
f  6166/1348/2011 6167/1353/2011 6168/1330/2011
f  6169/1353/2011 6170/1328/2011 6171/1330/2011
f  6172/1322/2031 6173/1354/2031 6174/1324/2031
f  6175/1346/2032 6176/1330/2032 6177/1351/2032
f  6178/1355/2033 6179/1356/2033 6180/1357/2033
f  6181/1322/2034 6182/1350/2034 6183/1358/2034
f  6184/1358/2035 6185/1359/2035 6186/1322/2035
f  6187/1322/2036 6188/1359/2036 6189/1360/2036
f  6190/1322/2037 6191/1337/2037 6192/1354/2037
f  6193/1357/2038 6194/1361/2038 6195/1355/2038
f  6196/1355/2011 6197/1361/2011 6198/1362/2011
f  6199/1356/2011 6200/1363/2011 6201/1357/2011
f  6202/1346/2039 6203/1352/2039 6204/1357/2039
f  6205/1346/2040 6206/1357/2040 6207/1363/2040
f  6208/1322/2041 6209/1360/2041 6210/1326/2041

