# File produced by Open Asset Import Library (http://www.assimp.sf.net)
# (assimp v6.0.959079823)

mtllib arml2.mtl

# 6678 vertex positions
v 0.00000000 0.12300000 0.05299991
v 0.00272834 0.12300000 0.05292958
v -0.00409108 0.12300000 -0.05285239
v -0.00409108 0.12300000 -0.05285239
v 0.00272834 0.12300000 0.05292958
v 0.00000000 0.12300000 -0.05299997
v 0.00272834 0.12300000 0.05292958
v 0.02019572 0.12300000 -0.04901868
v 0.01611799 0.12300000 -0.05048966
v -0.04848229 0.12300000 -0.02145117
v -0.05043107 0.12300000 -0.01635241
v -0.00272834 0.12300000 0.05292958
v 0.01611799 0.12300000 -0.05048966
v 0.01241165 0.12300000 -0.05154258
v 0.00272834 0.12300000 0.05292958
v 0.00272834 0.12300000 0.05292958
v 0.01241165 0.12300000 -0.05154258
v 0.00704616 0.12300000 -0.05254560
v 0.00272834 0.12300000 0.05292958
v 0.00704616 0.12300000 -0.05254560
v 0.00272834 0.12300000 -0.05292958
v 0.00272834 0.12300000 0.05292958
v 0.00272834 0.12300000 -0.05292958
v 0.00000000 0.12300000 -0.05299997
v 0.04969251 0.12300000 -0.01847577
v 0.04752933 0.12300000 -0.02348721
v 0.03377616 0.12300000 0.04086399
v -0.00272834 0.12300000 0.05292958
v -0.03583490 0.12300000 -0.03907108
v -0.03966236 0.12300000 -0.03517937
v -0.03966236 0.12300000 -0.03517937
v -0.04239135 0.12300000 -0.03181129
v -0.00272834 0.12300000 0.05292958
v -0.00272834 0.12300000 0.05292958
v -0.04239135 0.12300000 -0.03181129
v -0.04460376 0.12300000 -0.02865660
v -0.04460376 0.12300000 -0.02865660
v -0.04678183 0.12300000 -0.02490872
v -0.00272834 0.12300000 0.05292958
v -0.00272834 0.12300000 0.05292958
v -0.04678183 0.12300000 -0.02490872
v -0.04848229 0.12300000 -0.02145117
v -0.00272834 0.12300000 0.05292958
v -0.05043107 0.12300000 -0.01635241
v -0.05158299 0.12300000 -0.01217341
v -0.00272834 0.12300000 0.05292958
v -0.05158299 0.12300000 -0.01217341
v -0.05234670 0.12300000 -0.00839686
v 0.04486244 0.12300000 -0.02824974
v 0.00272834 0.12300000 0.05292958
v 0.00656796 0.12300000 0.05260747
v 0.02225548 0.12300000 0.04811841
v 0.04486244 0.12300000 -0.02824974
v 0.01719003 0.12300000 0.05015158
v 0.04486244 0.12300000 -0.02824974
v 0.02225548 0.12300000 0.04811841
v 0.02708518 0.12300000 0.04557502
v 0.02708518 0.12300000 0.04557502
v 0.03070914 0.12300000 0.04319638
v 0.04486244 0.12300000 -0.02824974
v 0.04486244 0.12300000 -0.02824974
v 0.03070914 0.12300000 0.04319638
v 0.03377616 0.12300000 0.04086399
v 0.04486244 0.12300000 -0.02824974
v 0.03377616 0.12300000 0.04086399
v 0.04752933 0.12300000 -0.02348721
v 0.00272834 0.12300000 0.05292958
v 0.02512890 0.12300000 -0.04668223
v 0.02019572 0.12300000 -0.04901868
v -0.02939546 0.12300000 -0.04412031
v -0.00272834 0.12300000 0.05292958
v -0.02470326 0.12300000 -0.04690891
v -0.00272834 0.12300000 0.05292958
v -0.02939546 0.12300000 -0.04412031
v -0.03289216 0.12300000 -0.04155832
v -0.00272834 0.12300000 0.05292958
v -0.03289216 0.12300000 -0.04155832
v -0.03583490 0.12300000 -0.03907108
v -0.04239135 0.12300000 0.03181123
v -0.00272834 0.12300000 0.05292958
v -0.04486244 0.12300000 0.02824962
v 0.00656796 0.12300000 0.05260747
v 0.01194214 0.12300000 0.05165338
v 0.04486244 0.12300000 -0.02824974
v 0.04486244 0.12300000 -0.02824974
v 0.01194214 0.12300000 0.05165338
v 0.01719003 0.12300000 0.05015158
v 0.04486244 0.12300000 -0.02824974
v 0.04172015 0.12300000 -0.03271269
v 0.00272834 0.12300000 0.05292958
v 0.00272834 0.12300000 0.05292958
v 0.04172015 0.12300000 -0.03271269
v 0.03813534 0.12300000 -0.03682911
v 0.00272834 0.12300000 0.05292958
v 0.03813534 0.12300000 -0.03682911
v 0.03414636 0.12300000 -0.04055500
v 0.03414636 0.12300000 -0.04055500
v 0.02979546 0.12300000 -0.04385101
v 0.00272834 0.12300000 0.05292958
v 0.00272834 0.12300000 0.05292958
v 0.02979546 0.12300000 -0.04385101
v 0.02512890 0.12300000 -0.04668223
v 0.00000000 0.12300000 0.05299991
v -0.00409108 0.12300000 -0.05285239
v -0.00272834 0.12300000 0.05292958
v -0.00272834 0.12300000 0.05292958
v -0.00409108 0.12300000 -0.05285239
v -0.00926745 0.12300000 -0.05219972
v -0.00272834 0.12300000 0.05292958
v -0.00926745 0.12300000 -0.05219972
v -0.01458555 0.12300000 -0.05097013
v -0.04969251 0.12300000 0.01847565
v -0.04752933 0.12300000 0.02348721
v -0.00272834 0.12300000 0.05292958
v -0.00272834 0.12300000 0.05292958
v -0.04752933 0.12300000 0.02348721
v -0.04486244 0.12300000 0.02824962
v -0.04239135 0.12300000 0.03181123
v -0.03998059 0.12300000 0.03481709
v -0.00272834 0.12300000 0.05292958
v -0.00272834 0.12300000 0.05292958
v -0.03998059 0.12300000 0.03481709
v -0.03618890 0.12300000 0.03874337
v -0.01458555 0.12300000 -0.05097013
v -0.01974904 0.12300000 -0.04920023
v -0.00272834 0.12300000 0.05292958
v -0.00272834 0.12300000 0.05292958
v -0.01974904 0.12300000 -0.04920023
v -0.02470326 0.12300000 -0.04690891
v -0.00272834 0.12300000 0.05292958
v -0.05234670 0.12300000 -0.00839686
v -0.05293262 0.12300000 -0.00296998
v -0.05242103 0.12300000 0.00792027
v -0.05132871 0.12300000 0.01326829
v -0.00272834 0.12300000 0.05292958
v -0.00272834 0.12300000 0.05292958
v -0.05132871 0.12300000 0.01326829
v -0.04969251 0.12300000 0.01847565
v -0.00272834 0.12300000 0.05292958
v -0.03618890 0.12300000 0.03874337
v -0.03201335 0.12300000 0.04225903
v 0.03377616 0.12300000 0.04086399
v 0.05132871 0.12300000 -0.01326835
v 0.04969251 0.12300000 -0.01847577
v -0.05293262 0.12300000 -0.00296998
v -0.05295759 0.12300000 0.00248832
v -0.00272834 0.12300000 0.05292958
v -0.00272834 0.12300000 0.05292958
v -0.05295759 0.12300000 0.00248832
v -0.05242103 0.12300000 0.00792027
v -0.03201335 0.12300000 0.04225903
v -0.02749866 0.12300000 0.04532670
v -0.00272834 0.12300000 0.05292958
v -0.00272834 0.12300000 0.05292958
v -0.02749866 0.12300000 0.04532670
v -0.02269238 0.12300000 0.04791390
v -0.00272834 0.12300000 0.05292958
v -0.02269238 0.12300000 0.04791390
v -0.01869583 0.12300000 0.04959291
v -0.00272834 0.12300000 0.05292958
v -0.01869583 0.12300000 0.04959291
v -0.01504856 0.12300000 0.05083537
v 0.03377616 0.12300000 0.04086399
v 0.03779888 0.12300000 0.03717440
v 0.05234670 0.12300000 0.00839680
v 0.03377616 0.12300000 0.04086399
v 0.05234670 0.12300000 0.00839680
v 0.05293262 0.12300000 0.00296986
v -0.00272834 0.12300000 0.05292958
v -0.01504856 0.12300000 0.05083537
v -0.01084125 0.12300000 0.05187922
v -0.00272834 0.12300000 0.05292958
v -0.01084125 0.12300000 0.05187922
v -0.00704616 0.12300000 0.05254554
v 0.03779888 0.12300000 0.03717440
v 0.04142075 0.12300000 0.03309077
v 0.05234670 0.12300000 0.00839680
v 0.05234670 0.12300000 0.00839680
v 0.04142075 0.12300000 0.03309077
v 0.04397279 0.12300000 0.02958685
v 0.04397279 0.12300000 0.02958685
v 0.04601979 0.12300000 0.02632242
v 0.05234670 0.12300000 0.00839680
v 0.05234670 0.12300000 0.00839680
v 0.04601979 0.12300000 0.02632242
v 0.05120599 0.12300000 0.01373451
v 0.05120599 0.12300000 0.01373451
v 0.04601979 0.12300000 0.02632242
v 0.04952234 0.12300000 0.01892685
v 0.04952234 0.12300000 0.01892685
v 0.04601979 0.12300000 0.02632242
v 0.04800218 0.12300000 0.02246737
v 0.05295759 0.12300000 -0.00248832
v 0.05242103 0.12300000 -0.00792038
v 0.03377616 0.12300000 0.04086399
v 0.03377616 0.12300000 0.04086399
v 0.05242103 0.12300000 -0.00792038
v 0.05132871 0.12300000 -0.01326835
v 0.03377616 0.12300000 0.04086399
v 0.05293262 0.12300000 0.00296986
v 0.05295759 0.12300000 -0.00248832
v -0.00000018 -0.02893775 0.05009174
v 0.00000000 -0.02666592 0.05107343
v -0.00209302 -0.02685892 0.05095160
v 0.00000000 -0.02475827 0.05180317
v 0.00000000 -0.02211320 0.05267930
v -0.00184804 -0.02417665 0.05198448
v 0.00000000 -0.02666592 0.05107343
v 0.00000000 -0.02475827 0.05180317
v -0.00184804 -0.02417665 0.05198448
v -0.03412652 -0.00258040 0.04380995
v -0.03618180 -0.00000013 0.04215335
v -0.03526043 -0.00269562 0.04287976
v -0.01110404 -0.03173023 0.04723691
v -0.01107800 -0.02944457 0.04851037
v -0.01385194 -0.02937096 0.04777461
v -0.01110404 -0.03173023 0.04723691
v -0.01385194 -0.02937096 0.04777461
v -0.01355451 -0.03118109 0.04686325
v -0.01355451 -0.03118109 0.04686325
v -0.01385194 -0.02937096 0.04777461
v -0.01617795 -0.02991390 0.04669654
v -0.01617795 -0.02991390 0.04669654
v -0.01385194 -0.02937096 0.04777461
v -0.01665729 -0.02797603 0.04751837
v -0.01617795 -0.02991390 0.04669654
v -0.01665729 -0.02797603 0.04751837
v -0.01812088 -0.02904790 0.04639643
v -0.01812088 -0.02904790 0.04639643
v -0.01665729 -0.02797603 0.04751837
v -0.01914227 -0.02642923 0.04724436
v -0.01812088 -0.02904790 0.04639643
v -0.01914227 -0.02642923 0.04724436
v -0.01967656 -0.02837157 0.04607892
v -0.02195435 -0.02630120 0.04600733
v -0.01914227 -0.02642923 0.04724436
v -0.02172571 -0.02436923 0.04694533
v -0.02441024 -0.02511042 0.04524302
v -0.02312052 -0.02205455 0.04714137
v -0.02633363 -0.02310281 0.04496055
v -0.02633363 -0.02310281 0.04496055
v -0.02312052 -0.02205455 0.04714137
v -0.02537953 -0.02132666 0.04617595
v -0.02633363 -0.02310281 0.04496055
v -0.02537953 -0.02132666 0.04617595
v -0.02768784 -0.01943892 0.04543668
v -0.03018367 -0.01862514 0.04403805
v -0.02768784 -0.01943892 0.04543668
v -0.02894878 -0.01648902 0.04546672
v -0.03018367 -0.01862514 0.04403805
v -0.02894878 -0.01648902 0.04546672
v -0.03096002 -0.01616048 0.04419291
v -0.03096002 -0.01616048 0.04419291
v -0.03071999 -0.01354050 0.04497474
v -0.03259181 -0.01405853 0.04350990
v -0.03259181 -0.01405853 0.04350990
v -0.03071999 -0.01354050 0.04497474
v -0.03334856 -0.01067751 0.04359698
v -0.02420139 0.00026093 0.05000406
v -0.02565550 -0.00201476 0.04925203
v -0.02277231 -0.00236863 0.05065089
v -0.01192289 -0.00043472 0.05425620
v -0.01420110 -0.00217110 0.05368971
v -0.01113957 -0.00430179 0.05433279
v -0.01192289 -0.00043472 0.05425620
v -0.01113957 -0.00430179 0.05433279
v -0.00948912 -0.00049283 0.05473357
v -0.01716905 -0.00828653 0.05244672
v -0.01338577 -0.00978529 0.05338478
v -0.01504236 -0.00686765 0.05321580
v -0.01504236 -0.00686765 0.05321580
v -0.01338577 -0.00978529 0.05338478
v -0.01209235 -0.00757837 0.05392187
v -0.01209235 -0.00757837 0.05392187
v -0.00855470 -0.00847054 0.05451983
v -0.01113957 -0.00430179 0.05433279
v -0.01113957 -0.00430179 0.05433279
v -0.00855470 -0.00847054 0.05451983
v -0.00894141 -0.00348592 0.05476778
v -0.00692290 -0.00187540 0.05510437
v -0.00394535 -0.00294816 0.05537176
v -0.00501448 -0.00017667 0.05532461
v -0.00501448 -0.00017667 0.05532461
v -0.00394535 -0.00294816 0.05537176
v -0.00201714 -0.00134730 0.05551064
v -0.00225389 -0.01595824 0.05412650
v -0.00338215 -0.01894694 0.05341887
v 0.00000000 -0.01920294 0.05346375
v -0.01006031 -0.01617968 0.05314970
v -0.00688094 -0.01789742 0.05331182
v -0.00705248 -0.01423740 0.05401057
v -0.00506824 -0.01137608 0.05465090
v -0.00479901 -0.01502865 0.05412393
v -0.00181228 -0.01124984 0.05487626
v -0.00688094 -0.01789742 0.05331182
v -0.00338215 -0.01894694 0.05341887
v -0.00479901 -0.01502865 0.05412393
v -0.00479901 -0.01502865 0.05412393
v -0.00338215 -0.01894694 0.05341887
v -0.00225389 -0.01595824 0.05412650
v -0.00181228 -0.01124984 0.05487626
v -0.00225389 -0.01595824 0.05412650
v 0.00000000 -0.01318293 0.05463856
v -0.00181228 -0.01124984 0.05487626
v 0.00000000 -0.01318293 0.05463856
v 0.00000000 -0.00916457 0.05512207
v -0.00948834 -0.01245838 0.05390250
v -0.01006031 -0.01617968 0.05314970
v -0.00705248 -0.01423740 0.05401057
v -0.00705248 -0.01423740 0.05401057
v -0.00479901 -0.01502865 0.05412393
v -0.00506824 -0.01137608 0.05465090
v 0.00000000 -0.01318293 0.05463856
v -0.00225389 -0.01595824 0.05412650
v 0.00000000 -0.01616919 0.05411857
v 0.00000000 -0.01616919 0.05411857
v -0.00225389 -0.01595824 0.05412650
v 0.00000000 -0.01821482 0.05370295
v 0.00000000 -0.01821482 0.05370295
v -0.00225389 -0.01595824 0.05412650
v 0.00000000 -0.01920294 0.05346375
v -0.00692290 -0.00187540 0.05510437
v -0.00654757 -0.00724423 0.05490392
v -0.00493819 -0.00553852 0.05518162
v -0.00394535 -0.00294816 0.05537176
v -0.00493819 -0.00553852 0.05518162
v -0.00209659 -0.00475043 0.05540132
v -0.00394535 -0.00294816 0.05537176
v -0.00209659 -0.00475043 0.05540132
v -0.00201714 -0.00134730 0.05551064
v -0.00493819 -0.00553852 0.05518162
v -0.00654757 -0.00724423 0.05490392
v -0.00191468 -0.00747102 0.05524659
v -0.00493819 -0.00553852 0.05518162
v -0.00191468 -0.00747102 0.05524659
v -0.00209659 -0.00475043 0.05540132
v -0.01186382 -0.01331228 0.05328440
v -0.01006031 -0.01617968 0.05314970
v -0.00948834 -0.01245838 0.05390250
v -0.00407517 -0.00924557 0.05496221
v -0.00506824 -0.01137608 0.05465090
v -0.00181228 -0.01124984 0.05487626
v -0.00407517 -0.00924557 0.05496221
v -0.00181228 -0.01124984 0.05487626
v -0.00191468 -0.00747102 0.05524659
v -0.00948834 -0.01245838 0.05390250
v -0.00705248 -0.01423740 0.05401057
v -0.00506824 -0.01137608 0.05465090
v -0.00209659 -0.00475043 0.05540132
v -0.00191468 -0.00747102 0.05524659
v 0.00000000 -0.00527048 0.05541682
v -0.00209659 -0.00475043 0.05540132
v 0.00000000 -0.00527048 0.05541682
v 0.00000000 -0.00194150 0.05553853
v -0.00855470 -0.00847054 0.05451983
v -0.00948834 -0.01245838 0.05390250
v -0.00506824 -0.01137608 0.05465090
v -0.00855470 -0.00847054 0.05451983
v -0.00506824 -0.01137608 0.05465090
v -0.00654757 -0.00724423 0.05490392
v -0.00654757 -0.00724423 0.05490392
v -0.00506824 -0.01137608 0.05465090
v -0.00407517 -0.00924557 0.05496221
v -0.00654757 -0.00724423 0.05490392
v -0.00407517 -0.00924557 0.05496221
v -0.00191468 -0.00747102 0.05524659
v -0.00201714 -0.00134730 0.05551064
v -0.00209659 -0.00475043 0.05540132
v 0.00000000 -0.00194150 0.05553853
v -0.00394535 -0.00294816 0.05537176
v -0.00692290 -0.00187540 0.05510437
v -0.00493819 -0.00553852 0.05518162
v -0.02195435 -0.02630120 0.04600733
v -0.01967656 -0.02837157 0.04607892
v -0.01914227 -0.02642923 0.04724436
v -0.00946647 -0.02953726 0.04882007
v -0.00862461 -0.03101688 0.04820156
v -0.00701886 -0.02951020 0.04926913
v -0.00701886 -0.02951020 0.04926913
v -0.00862461 -0.03101688 0.04820156
v -0.00581545 -0.03086555 0.04873228
v -0.01107800 -0.02944457 0.04851037
v -0.01110404 -0.03173023 0.04723691
v -0.00946647 -0.02953726 0.04882007
v -0.00946647 -0.02953726 0.04882007
v -0.01110404 -0.03173023 0.04723691
v -0.00862461 -0.03101688 0.04820156
v -0.00862461 -0.03101688 0.04820156
v -0.00690186 -0.03280693 0.04743319
v -0.00581545 -0.03086555 0.04873228
v -0.00581545 -0.03086555 0.04873228
v -0.00690186 -0.03280693 0.04743319
v -0.00529969 -0.03271859 0.04770547
v -0.00581545 -0.03086555 0.04873228
v -0.00529969 -0.03271859 0.04770547
v -0.00344837 -0.03302943 0.04769217
v -0.00581545 -0.03086555 0.04873228
v -0.00344837 -0.03302943 0.04769217
v -0.00249189 -0.03084182 0.04904997
v -0.00249189 -0.03084182 0.04904997
v -0.00344837 -0.03302943 0.04769217
v -0.00165987 -0.03287130 0.04790437
v -0.00000018 -0.02893775 0.05009174
v -0.00379008 -0.02903640 0.04988682
v -0.00249189 -0.03084182 0.04904997
v 0.00000000 -0.02940160 0.04985678
v -0.00000018 -0.02893775 0.05009174
v -0.00249189 -0.03084182 0.04904997
v 0.00000000 -0.02940160 0.04985678
v -0.00249189 -0.03084182 0.04904997
v 0.00000000 -0.03181022 0.04856097
v 0.00000000 -0.03181022 0.04856097
v -0.00249189 -0.03084182 0.04904997
v -0.00165987 -0.03287130 0.04790437
v -0.02855688 -0.01319527 0.04645889
v -0.02688962 -0.01194316 0.04765975
v -0.03039729 -0.01050186 0.04574000
v -0.03039729 -0.01050186 0.04574000
v -0.02688962 -0.01194316 0.04765975
v -0.02804934 -0.00928694 0.04737663
v -0.03039729 -0.01050186 0.04574000
v -0.02804934 -0.00928694 0.04737663
v -0.03164154 -0.00690258 0.04534626
v -0.03164154 -0.00690258 0.04534626
v -0.02804934 -0.00928694 0.04737663
v -0.02898186 -0.00648528 0.04711353
v -0.03164154 -0.00690258 0.04534626
v -0.02898186 -0.00648528 0.04711353
v -0.03186327 -0.00268131 0.04546999
v -0.03186327 -0.00268131 0.04546999
v -0.02898186 -0.00648528 0.04711353
v -0.02988380 -0.00224018 0.04680860
v -0.03164154 -0.00690258 0.04534626
v -0.03190577 -0.00877470 0.04493778
v -0.03039729 -0.01050186 0.04574000
v -0.03186327 -0.00268131 0.04546999
v -0.03412652 -0.00258040 0.04380995
v -0.03164154 -0.00690258 0.04534626
v -0.03039729 -0.01050186 0.04574000
v -0.03071999 -0.01354050 0.04497474
v -0.02855688 -0.01319527 0.04645889
v -0.03412652 -0.00258040 0.04380995
v -0.03526043 -0.00269562 0.04287976
v -0.03539752 -0.00576830 0.04257977
v -0.03412652 -0.00258040 0.04380995
v -0.03539752 -0.00576830 0.04257977
v -0.03418499 -0.00750309 0.04338121
v -0.03412652 -0.00258040 0.04380995
v -0.03418499 -0.00750309 0.04338121
v -0.03164154 -0.00690258 0.04534626
v -0.03164154 -0.00690258 0.04534626
v -0.03418499 -0.00750309 0.04338121
v -0.03190577 -0.00877470 0.04493778
v -0.03190577 -0.00877470 0.04493778
v -0.03418499 -0.00750309 0.04338121
v -0.03334856 -0.01067751 0.04359698
v -0.03190577 -0.00877470 0.04493778
v -0.03334856 -0.01067751 0.04359698
v -0.03039729 -0.01050186 0.04574000
v -0.03039729 -0.01050186 0.04574000
v -0.03334856 -0.01067751 0.04359698
v -0.03071999 -0.01354050 0.04497474
v -0.03071999 -0.01354050 0.04497474
v -0.03096002 -0.01616048 0.04419291
v -0.02894878 -0.01648902 0.04546672
v -0.02312052 -0.02205455 0.04714137
v -0.02441024 -0.02511042 0.04524302
v -0.02172571 -0.02436923 0.04694533
v -0.02172571 -0.02436923 0.04694533
v -0.02441024 -0.02511042 0.04524302
v -0.02195435 -0.02630120 0.04600733
v 0.00000000 -0.03331136 0.04763966
v 0.00000000 -0.03181022 0.04856097
v -0.00165987 -0.03287130 0.04790437
v -0.00581545 -0.03086555 0.04873228
v -0.00249189 -0.03084182 0.04904997
v -0.00379008 -0.02903640 0.04988682
v -0.00581545 -0.03086555 0.04873228
v -0.00379008 -0.02903640 0.04988682
v -0.00701886 -0.02951020 0.04926913
v -0.00701886 -0.02951020 0.04926913
v -0.00379008 -0.02903640 0.04988682
v -0.00726414 -0.02776885 0.05006515
v -0.00701886 -0.02951020 0.04926913
v -0.00726414 -0.02776885 0.05006515
v -0.00946647 -0.02953726 0.04882007
v -0.00946647 -0.02953726 0.04882007
v -0.00726414 -0.02776885 0.05006515
v -0.01107800 -0.02944457 0.04851037
v -0.01107800 -0.02944457 0.04851037
v -0.00726414 -0.02776885 0.05006515
v -0.01074039 -0.02666252 0.04986739
v -0.01107800 -0.02944457 0.04851037
v -0.01074039 -0.02666252 0.04986739
v -0.01276892 -0.02794420 0.04879152
v -0.01276892 -0.02794420 0.04879152
v -0.01074039 -0.02666252 0.04986739
v -0.01286149 -0.02481675 0.05008322
v -0.01276892 -0.02794420 0.04879152
v -0.01286149 -0.02481675 0.05008322
v -0.01557779 -0.02635693 0.04863107
v -0.01557779 -0.02635693 0.04863107
v -0.01286149 -0.02481675 0.05008322
v -0.01522105 -0.02351236 0.04986220
v -0.01557779 -0.02635693 0.04863107
v -0.01522105 -0.02351236 0.04986220
v -0.01806920 -0.02381128 0.04875499
v -0.02312052 -0.02205455 0.04714137
v -0.02032238 -0.02205353 0.04845052
v -0.02215397 -0.01893228 0.04856491
v -0.02312052 -0.02205455 0.04714137
v -0.02215397 -0.01893228 0.04856491
v -0.02465784 -0.01894867 0.04731303
v -0.02465784 -0.01894867 0.04731303
v -0.02215397 -0.01893228 0.04856491
v -0.02393054 -0.01677680 0.04826045
v -0.02465784 -0.01894867 0.04731303
v -0.02393054 -0.01677680 0.04826045
v -0.02644979 -0.01657891 0.04695773
v -0.02644979 -0.01657891 0.04695773
v -0.02393054 -0.01677680 0.04826045
v -0.02551293 -0.01444345 0.04795640
v -0.02644979 -0.01657891 0.04695773
v -0.02551293 -0.01444345 0.04795640
v -0.02855688 -0.01319527 0.04645889
v -0.02855688 -0.01319527 0.04645889
v -0.02551293 -0.01444345 0.04795640
v -0.02688962 -0.01194316 0.04765975
v -0.01385194 -0.02937096 0.04777461
v -0.01107800 -0.02944457 0.04851037
v -0.01276892 -0.02794420 0.04879152
v -0.01385194 -0.02937096 0.04777461
v -0.01276892 -0.02794420 0.04879152
v -0.01665729 -0.02797603 0.04751837
v -0.01665729 -0.02797603 0.04751837
v -0.01276892 -0.02794420 0.04879152
v -0.01557779 -0.02635693 0.04863107
v -0.01665729 -0.02797603 0.04751837
v -0.01557779 -0.02635693 0.04863107
v -0.01914227 -0.02642923 0.04724436
v -0.01914227 -0.02642923 0.04724436
v -0.01557779 -0.02635693 0.04863107
v -0.01806920 -0.02381128 0.04875499
v -0.01914227 -0.02642923 0.04724436
v -0.01806920 -0.02381128 0.04875499
v -0.02172571 -0.02436923 0.04694533
v -0.02172571 -0.02436923 0.04694533
v -0.01806920 -0.02381128 0.04875499
v -0.02032238 -0.02205353 0.04845052
v -0.02172571 -0.02436923 0.04694533
v -0.02032238 -0.02205353 0.04845052
v -0.02312052 -0.02205455 0.04714137
v -0.02537953 -0.02132666 0.04617595
v -0.02312052 -0.02205455 0.04714137
v -0.02465784 -0.01894867 0.04731303
v -0.02537953 -0.02132666 0.04617595
v -0.02465784 -0.01894867 0.04731303
v -0.02768784 -0.01943892 0.04543668
v -0.02768784 -0.01943892 0.04543668
v -0.02465784 -0.01894867 0.04731303
v -0.02644979 -0.01657891 0.04695773
v -0.02768784 -0.01943892 0.04543668
v -0.02644979 -0.01657891 0.04695773
v -0.02894878 -0.01648902 0.04546672
v -0.02894878 -0.01648902 0.04546672
v -0.02644979 -0.01657891 0.04695773
v -0.02855688 -0.01319527 0.04645889
v -0.02894878 -0.01648902 0.04546672
v -0.02855688 -0.01319527 0.04645889
v -0.03071999 -0.01354050 0.04497474
v -0.02565550 -0.00201476 0.04925203
v -0.02778249 -0.00205457 0.04808712
v -0.02460736 -0.00674415 0.04952955
v -0.02565550 -0.00201476 0.04925203
v -0.02460736 -0.00674415 0.04952955
v -0.02277231 -0.00236863 0.05065089
v -0.02277231 -0.00236863 0.05065089
v -0.02460736 -0.00674415 0.04952955
v -0.02163845 -0.00562578 0.05098968
v -0.02460736 -0.00674415 0.04952955
v -0.02101731 -0.00855988 0.05099606
v -0.02163845 -0.00562578 0.05098968
v -0.01860129 -0.00463605 0.05223011
v -0.01957643 -0.00109875 0.05198621
v -0.02163845 -0.00562578 0.05098968
v -0.02163845 -0.00562578 0.05098968
v -0.01957643 -0.00109875 0.05198621
v -0.02277231 -0.00236863 0.05065089
v -0.02438753 -0.01237934 0.04893779
v -0.02211689 -0.01088279 0.05024415
v -0.02655375 -0.00739563 0.04845613
v -0.02438753 -0.01237934 0.04893779
v -0.02051192 -0.01360929 0.05049073
v -0.02211689 -0.01088279 0.05024415
v -0.02460736 -0.00674415 0.04952955
v -0.02655375 -0.00739563 0.04845613
v -0.02211689 -0.01088279 0.05024415
v -0.02460736 -0.00674415 0.04952955
v -0.02211689 -0.01088279 0.05024415
v -0.02101731 -0.00855988 0.05099606
v -0.01928734 -0.01598089 0.05051457
v -0.02051192 -0.01360929 0.05049073
v -0.02143788 -0.01677030 0.04945343
v -0.00209302 -0.02685892 0.05095160
v 0.00000000 -0.02666592 0.05107343
v -0.00184804 -0.02417665 0.05198448
v -0.00209302 -0.02685892 0.05095160
v -0.00184804 -0.02417665 0.05198448
v -0.00465280 -0.02561950 0.05127573
v -0.01286149 -0.02481675 0.05008322
v -0.00959796 -0.02425855 0.05105006
v -0.01246660 -0.02184301 0.05120164
v -0.01286149 -0.02481675 0.05008322
v -0.01246660 -0.02184301 0.05120164
v -0.01522105 -0.02351236 0.04986220
v -0.01522105 -0.02351236 0.04986220
v -0.01246660 -0.02184301 0.05120164
v -0.01778662 -0.02047866 0.04995948
v -0.01778662 -0.02047866 0.04995948
v -0.01246660 -0.02184301 0.05120164
v -0.01640349 -0.01908475 0.05082625
v -0.01778662 -0.02047866 0.04995948
v -0.01640349 -0.01908475 0.05082625
v -0.02143788 -0.01677030 0.04945343
v -0.02143788 -0.01677030 0.04945343
v -0.01640349 -0.01908475 0.05082625
v -0.01928734 -0.01598089 0.05051457
v -0.02778249 -0.00205457 0.04808712
v -0.02655375 -0.00739563 0.04845613
v -0.02460736 -0.00674415 0.04952955
v -0.02051192 -0.01360929 0.05049073
v -0.02438753 -0.01237934 0.04893779
v -0.02143788 -0.01677030 0.04945343
v -0.01928734 -0.01598089 0.05051457
v -0.01732587 -0.01449126 0.05153238
v -0.02051192 -0.01360929 0.05049073
v -0.02211689 -0.01088279 0.05024415
v -0.02051192 -0.01360929 0.05049073
v -0.01826202 -0.01132249 0.05171382
v -0.02211689 -0.01088279 0.05024415
v -0.01826202 -0.01132249 0.05171382
v -0.02101731 -0.00855988 0.05099606
v -0.02163845 -0.00562578 0.05098968
v -0.02101731 -0.00855988 0.05099606
v -0.01860129 -0.00463605 0.05223011
v -0.01598638 -0.01642251 0.05158334
v -0.01400744 -0.01540392 0.05237442
v -0.01732587 -0.01449126 0.05153238
v -0.01732587 -0.01449126 0.05153238
v -0.01400744 -0.01540392 0.05237442
v -0.01495361 -0.01169288 0.05273020
v -0.01495361 -0.01169288 0.05273020
v -0.01716905 -0.00828653 0.05244672
v -0.01826202 -0.01132249 0.05171382
v -0.01495361 -0.01169288 0.05273020
v -0.01826202 -0.01132249 0.05171382
v -0.01732587 -0.01449126 0.05153238
v -0.00465280 -0.02561950 0.05127573
v -0.00184804 -0.02417665 0.05198448
v -0.00518739 -0.02264195 0.05225515
v -0.00465280 -0.02561950 0.05127573
v -0.00518739 -0.02264195 0.05225515
v -0.00717658 -0.02505576 0.05118024
v -0.00717658 -0.02505576 0.05118024
v -0.00518739 -0.02264195 0.05225515
v -0.00959796 -0.02425855 0.05105006
v -0.00959796 -0.02425855 0.05105006
v -0.00518739 -0.02264195 0.05225515
v -0.00942600 -0.02121222 0.05206090
v -0.00959796 -0.02425855 0.05105006
v -0.00942600 -0.02121222 0.05206090
v -0.01246660 -0.02184301 0.05120164
v -0.01246660 -0.02184301 0.05120164
v -0.00942600 -0.02121222 0.05206090
v -0.01325595 -0.01900464 0.05178493
v -0.01246660 -0.02184301 0.05120164
v -0.01325595 -0.01900464 0.05178493
v -0.01640349 -0.01908475 0.05082625
v -0.01640349 -0.01908475 0.05082625
v -0.01325595 -0.01900464 0.05178493
v -0.01598638 -0.01642251 0.05158334
v -0.01640349 -0.01908475 0.05082625
v -0.01598638 -0.01642251 0.05158334
v -0.01928734 -0.01598089 0.05051457
v -0.01928734 -0.01598089 0.05051457
v -0.01598638 -0.01642251 0.05158334
v -0.01732587 -0.01449126 0.05153238
v -0.02051192 -0.01360929 0.05049073
v -0.01732587 -0.01449126 0.05153238
v -0.01826202 -0.01132249 0.05171382
v -0.02101731 -0.00855988 0.05099606
v -0.01826202 -0.01132249 0.05171382
v -0.01716905 -0.00828653 0.05244672
v -0.02101731 -0.00855988 0.05099606
v -0.01716905 -0.00828653 0.05244672
v -0.01860129 -0.00463605 0.05223011
v -0.01860129 -0.00463605 0.05223011
v -0.01716905 -0.00828653 0.05244672
v -0.01504236 -0.00686765 0.05321580
v -0.01860129 -0.00463605 0.05223011
v -0.01504236 -0.00686765 0.05321580
v -0.01645720 -0.00270182 0.05302643
v -0.01645720 -0.00270182 0.05302643
v -0.01504236 -0.00686765 0.05321580
v -0.01420110 -0.00217110 0.05368971
v -0.01860129 -0.00463605 0.05223011
v -0.01645720 -0.00270182 0.05302643
v -0.01957643 -0.00109875 0.05198621
v -0.00000018 -0.02893775 0.05009174
v -0.00209302 -0.02685892 0.05095160
v -0.00379008 -0.02903640 0.04988682
v -0.00379008 -0.02903640 0.04988682
v -0.00209302 -0.02685892 0.05095160
v -0.00465280 -0.02561950 0.05127573
v -0.00379008 -0.02903640 0.04988682
v -0.00465280 -0.02561950 0.05127573
v -0.00726414 -0.02776885 0.05006515
v -0.00726414 -0.02776885 0.05006515
v -0.00465280 -0.02561950 0.05127573
v -0.00717658 -0.02505576 0.05118024
v -0.00726414 -0.02776885 0.05006515
v -0.00717658 -0.02505576 0.05118024
v -0.01074039 -0.02666252 0.04986739
v -0.01074039 -0.02666252 0.04986739
v -0.00717658 -0.02505576 0.05118024
v -0.00959796 -0.02425855 0.05105006
v -0.01074039 -0.02666252 0.04986739
v -0.00959796 -0.02425855 0.05105006
v -0.01286149 -0.02481675 0.05008322
v -0.01806920 -0.02381128 0.04875499
v -0.01522105 -0.02351236 0.04986220
v -0.01778662 -0.02047866 0.04995948
v -0.01806920 -0.02381128 0.04875499
v -0.01778662 -0.02047866 0.04995948
v -0.02032238 -0.02205353 0.04845052
v -0.02032238 -0.02205353 0.04845052
v -0.01778662 -0.02047866 0.04995948
v -0.02215397 -0.01893228 0.04856491
v -0.02215397 -0.01893228 0.04856491
v -0.01778662 -0.02047866 0.04995948
v -0.02143788 -0.01677030 0.04945343
v -0.02215397 -0.01893228 0.04856491
v -0.02143788 -0.01677030 0.04945343
v -0.02393054 -0.01677680 0.04826045
v -0.02393054 -0.01677680 0.04826045
v -0.02143788 -0.01677030 0.04945343
v -0.02551293 -0.01444345 0.04795640
v -0.02551293 -0.01444345 0.04795640
v -0.02143788 -0.01677030 0.04945343
v -0.02438753 -0.01237934 0.04893779
v -0.02551293 -0.01444345 0.04795640
v -0.02438753 -0.01237934 0.04893779
v -0.02688962 -0.01194316 0.04765975
v -0.02688962 -0.01194316 0.04765975
v -0.02438753 -0.01237934 0.04893779
v -0.02804934 -0.00928694 0.04737663
v -0.02804934 -0.00928694 0.04737663
v -0.02438753 -0.01237934 0.04893779
v -0.02655375 -0.00739563 0.04845613
v -0.02804934 -0.00928694 0.04737663
v -0.02655375 -0.00739563 0.04845613
v -0.02898186 -0.00648528 0.04711353
v -0.02898186 -0.00648528 0.04711353
v -0.02655375 -0.00739563 0.04845613
v -0.02988380 -0.00224018 0.04680860
v -0.02988380 -0.00224018 0.04680860
v -0.02655375 -0.00739563 0.04845613
v -0.02778249 -0.00205457 0.04808712
v -0.00705248 -0.01423740 0.05401057
v -0.00688094 -0.01789742 0.05331182
v -0.00479901 -0.01502865 0.05412393
v -0.00479901 -0.01502865 0.05412393
v -0.00225389 -0.01595824 0.05412650
v -0.00181228 -0.01124984 0.05487626
v -0.00181228 -0.01124984 0.05487626
v 0.00000000 -0.00916457 0.05512207
v -0.00191468 -0.00747102 0.05524659
v -0.00191468 -0.00747102 0.05524659
v 0.00000000 -0.00916457 0.05512207
v 0.00000000 -0.00527048 0.05541682
v 0.00000000 -0.02211320 0.05267930
v 0.00000000 -0.01920294 0.05346375
v -0.00368565 -0.02095454 0.05288225
v -0.00368565 -0.02095454 0.05288225
v 0.00000000 -0.01920294 0.05346375
v -0.00338215 -0.01894694 0.05341887
v -0.00368565 -0.02095454 0.05288225
v -0.00338215 -0.01894694 0.05341887
v -0.00760138 -0.01982319 0.05274766
v -0.00760138 -0.01982319 0.05274766
v -0.00338215 -0.01894694 0.05341887
v -0.00688094 -0.01789742 0.05331182
v -0.00760138 -0.01982319 0.05274766
v -0.00688094 -0.01789742 0.05331182
v -0.01116335 -0.01795899 0.05254215
v -0.01116335 -0.01795899 0.05254215
v -0.00688094 -0.01789742 0.05331182
v -0.01006031 -0.01617968 0.05314970
v -0.01116335 -0.01795899 0.05254215
v -0.01006031 -0.01617968 0.05314970
v -0.01400744 -0.01540392 0.05237442
v -0.01400744 -0.01540392 0.05237442
v -0.01006031 -0.01617968 0.05314970
v -0.01186382 -0.01331228 0.05328440
v -0.00692290 -0.00187540 0.05510437
v -0.00894141 -0.00348592 0.05476778
v -0.00654757 -0.00724423 0.05490392
v -0.00654757 -0.00724423 0.05490392
v -0.00894141 -0.00348592 0.05476778
v -0.00855470 -0.00847054 0.05451983
v -0.00855470 -0.00847054 0.05451983
v -0.01209235 -0.00757837 0.05392187
v -0.00948834 -0.01245838 0.05390250
v -0.00948834 -0.01245838 0.05390250
v -0.01209235 -0.00757837 0.05392187
v -0.01186382 -0.01331228 0.05328440
v -0.01186382 -0.01331228 0.05328440
v -0.01495361 -0.01169288 0.05273020
v -0.01400744 -0.01540392 0.05237442
v -0.00184804 -0.02417665 0.05198448
v 0.00000000 -0.02211320 0.05267930
v -0.00368565 -0.02095454 0.05288225
v -0.00184804 -0.02417665 0.05198448
v -0.00368565 -0.02095454 0.05288225
v -0.00518739 -0.02264195 0.05225515
v -0.00518739 -0.02264195 0.05225515
v -0.00368565 -0.02095454 0.05288225
v -0.00760138 -0.01982319 0.05274766
v -0.00518739 -0.02264195 0.05225515
v -0.00760138 -0.01982319 0.05274766
v -0.00942600 -0.02121222 0.05206090
v -0.00942600 -0.02121222 0.05206090
v -0.00760138 -0.01982319 0.05274766
v -0.01116335 -0.01795899 0.05254215
v -0.00942600 -0.02121222 0.05206090
v -0.01116335 -0.01795899 0.05254215
v -0.01325595 -0.01900464 0.05178493
v -0.01325595 -0.01900464 0.05178493
v -0.01116335 -0.01795899 0.05254215
v -0.01400744 -0.01540392 0.05237442
v -0.01325595 -0.01900464 0.05178493
v -0.01400744 -0.01540392 0.05237442
v -0.01598638 -0.01642251 0.05158334
v -0.01495361 -0.01169288 0.05273020
v -0.01186382 -0.01331228 0.05328440
v -0.01338577 -0.00978529 0.05338478
v -0.01338577 -0.00978529 0.05338478
v -0.01186382 -0.01331228 0.05328440
v -0.01209235 -0.00757837 0.05392187
v -0.01495361 -0.01169288 0.05273020
v -0.01338577 -0.00978529 0.05338478
v -0.01716905 -0.00828653 0.05244672
v -0.01504236 -0.00686765 0.05321580
v -0.01209235 -0.00757837 0.05392187
v -0.01420110 -0.00217110 0.05368971
v -0.01420110 -0.00217110 0.05368971
v -0.01209235 -0.00757837 0.05392187
v -0.01113957 -0.00430179 0.05433279
v -0.01113957 -0.00430179 0.05433279
v -0.00894141 -0.00348592 0.05476778
v -0.00948912 -0.00049283 0.05473357
v -0.00948912 -0.00049283 0.05473357
v -0.00894141 -0.00348592 0.05476778
v -0.00692290 -0.00187540 0.05510437
v 0.00000000 -0.02631855 0.05121058
v 0.00000000 -0.02666592 0.05107343
v 0.00225186 -0.02749812 0.05068361
v 0.01282334 -0.02483797 0.05008566
v 0.01032960 -0.02591216 0.05027645
v 0.01291179 -0.02820050 0.04863584
v 0.01922738 -0.02642548 0.04721057
v 0.02182060 -0.02428162 0.04693478
v 0.01929533 -0.02401036 0.04817396
v 0.02441310 -0.02410399 0.04566794
v 0.02705252 -0.02235245 0.04481029
v 0.02450037 -0.02243167 0.04627150
v 0.02450037 -0.02243167 0.04627150
v 0.02705252 -0.02235245 0.04481029
v 0.02840095 -0.02012592 0.04475921
v 0.02182060 -0.02428162 0.04693478
v 0.02441310 -0.02410399 0.04566794
v 0.02450037 -0.02243167 0.04627150
v 0.02191561 -0.02624052 0.04605460
v 0.02182060 -0.02428162 0.04693478
v 0.01922738 -0.02642548 0.04721057
v 0.02191561 -0.02624052 0.04605460
v 0.01922738 -0.02642548 0.04721057
v 0.02058565 -0.02790093 0.04589945
v 0.01668649 -0.02817809 0.04740989
v 0.01405727 -0.02982383 0.04747962
v 0.01616233 -0.03009802 0.04659914
v 0.00252235 -0.03316539 0.04768002
v 0.00000000 -0.03209203 0.04839402
v 0.00000000 -0.03331136 0.04763966
v 0.01272279 -0.00639850 0.05385261
v 0.01512885 -0.00666153 0.05322057
v 0.01415914 -0.00222993 0.05370092
v 0.01272279 -0.00639850 0.05385261
v 0.01415914 -0.00222993 0.05370092
v 0.01063799 -0.00538051 0.05436873
v 0.01063799 -0.00538051 0.05436873
v 0.01415914 -0.00222993 0.05370092
v 0.01177400 -0.00178516 0.05427849
v 0.01063799 -0.00538051 0.05436873
v 0.01177400 -0.00178516 0.05427849
v 0.00790942 -0.00568908 0.05482697
v 0.00790942 -0.00568908 0.05482697
v 0.01177400 -0.00178516 0.05427849
v 0.00946361 -0.00152189 0.05472898
v 0.00790942 -0.00568908 0.05482697
v 0.00946361 -0.00152189 0.05472898
v 0.00720835 -0.00097185 0.05508100
v 0.01512885 -0.00666153 0.05322057
v 0.01612848 -0.00969076 0.05262702
v 0.01803565 -0.00631720 0.05232214
v 0.01612848 -0.00969076 0.05262702
v 0.01512885 -0.00666153 0.05322057
v 0.01250988 -0.01099920 0.05345940
v 0.00720835 -0.00097185 0.05508100
v 0.00397557 -0.00290579 0.05537128
v 0.00574565 -0.00458795 0.05514842
v 0.00720835 -0.00097185 0.05508100
v 0.00574565 -0.00458795 0.05514842
v 0.00790942 -0.00568908 0.05482697
v 0.01063799 -0.00538051 0.05436873
v 0.00790942 -0.00568908 0.05482697
v 0.00913525 -0.00797391 0.05446183
v 0.01063799 -0.00538051 0.05436873
v 0.00913525 -0.00797391 0.05446183
v 0.01272279 -0.00639850 0.05385261
v 0.01272279 -0.00639850 0.05385261
v 0.00913525 -0.00797391 0.05446183
v 0.01091599 -0.00949228 0.05398541
v 0.00720835 -0.00097185 0.05508100
v 0.00490004 -0.00036478 0.05533349
v 0.00397557 -0.00290579 0.05537128
v 0.00397557 -0.00290579 0.05537128
v 0.00490004 -0.00036478 0.05533349
v 0.00208288 -0.00138366 0.05550771
v 0.00837672 -0.01720649 0.05324035
v 0.01141166 -0.01519531 0.05305761
v 0.00917858 -0.01282173 0.05390155
v 0.00837672 -0.01720649 0.05324035
v 0.00917858 -0.01282173 0.05390155
v 0.00666922 -0.01448518 0.05401605
v 0.00666922 -0.01448518 0.05401605
v 0.00917858 -0.01282173 0.05390155
v 0.00599259 -0.01087164 0.05461639
v 0.00208288 -0.00138366 0.05550771
v 0.00140130 -0.00621283 0.05535537
v 0.00397557 -0.00290579 0.05537128
v 0.00397557 -0.00290579 0.05537128
v 0.00140130 -0.00621283 0.05535537
v 0.00362051 -0.00674856 0.05520743
v 0.00000000 -0.00194150 0.05553853
v 0.00000000 -0.00512177 0.05542320
v 0.00140130 -0.00621283 0.05535537
v 0.00000000 -0.01821482 0.05370295
v 0.00158584 -0.01601922 0.05413377
v 0.00000000 -0.01318293 0.05463856
v 0.02088111 -0.02156078 0.04836595
v 0.01929533 -0.02401036 0.04817396
v 0.02182060 -0.02428162 0.04693478
v 0.02182060 -0.02428162 0.04693478
v 0.02191561 -0.02624052 0.04605460
v 0.02441310 -0.02410399 0.04566794
v 0.01740068 -0.02202224 0.04962092
v 0.02088111 -0.02156078 0.04836595
v 0.01967537 -0.01875972 0.04970645
v 0.02088111 -0.02156078 0.04836595
v 0.01740068 -0.02202224 0.04962092
v 0.01929533 -0.02401036 0.04817396
v 0.01668649 -0.02817809 0.04740989
v 0.01619291 -0.02603071 0.04856729
v 0.01405727 -0.02982383 0.04747962
v 0.01825422 -0.02881950 0.04646646
v 0.02058565 -0.02790093 0.04589945
v 0.01922738 -0.02642548 0.04721057
v 0.01825422 -0.02881950 0.04646646
v 0.01922738 -0.02642548 0.04721057
v 0.01668649 -0.02817809 0.04740989
v 0.01668649 -0.02817809 0.04740989
v 0.01922738 -0.02642548 0.04721057
v 0.01619291 -0.02603071 0.04856729
v 0.01619291 -0.02603071 0.04856729
v 0.01922738 -0.02642548 0.04721057
v 0.01929533 -0.02401036 0.04817396
v 0.01619291 -0.02603071 0.04856729
v 0.01929533 -0.02401036 0.04817396
v 0.01740068 -0.02202224 0.04962092
v 0.01740068 -0.02202224 0.04962092
v 0.01967537 -0.01875972 0.04970645
v 0.01544290 -0.01988685 0.05092251
v 0.00848955 -0.01945495 0.05270040
v 0.00836104 -0.02167618 0.05211603
v 0.01230955 -0.01966392 0.05185747
v 0.00848955 -0.01945495 0.05270040
v 0.01230955 -0.01966392 0.05185747
v 0.01196265 -0.01742613 0.05248034
v 0.01196265 -0.01742613 0.05248034
v 0.01230955 -0.01966392 0.05185747
v 0.01581788 -0.01692241 0.05153399
v 0.01196265 -0.01742613 0.05248034
v 0.01581788 -0.01692241 0.05153399
v 0.01507920 -0.01439827 0.05226647
v 0.01291179 -0.02820050 0.04863584
v 0.01032960 -0.02591216 0.05027645
v 0.01042312 -0.02928078 0.04874742
v 0.01042312 -0.02928078 0.04874742
v 0.01032960 -0.02591216 0.05027645
v 0.00771356 -0.02675020 0.05043184
v 0.01042312 -0.02928078 0.04874742
v 0.00771356 -0.02675020 0.05043184
v 0.00715876 -0.02997559 0.04902029
v 0.01518368 -0.02353763 0.04986512
v 0.01282334 -0.02483797 0.05008566
v 0.01619291 -0.02603071 0.04856729
v 0.01619291 -0.02603071 0.04856729
v 0.01282334 -0.02483797 0.05008566
v 0.01291179 -0.02820050 0.04863584
v 0.01619291 -0.02603071 0.04856729
v 0.01291179 -0.02820050 0.04863584
v 0.01405727 -0.02982383 0.04747962
v 0.01042312 -0.02928078 0.04874742
v 0.00715876 -0.02997559 0.04902029
v 0.00861406 -0.03163337 0.04784631
v 0.00221509 -0.03037011 0.04932129
v 0.00000000 -0.03038108 0.04934918
v 0.00000000 -0.03181022 0.04856097
v 0.01405727 -0.02982383 0.04747962
v 0.01291179 -0.02820050 0.04863584
v 0.01042312 -0.02928078 0.04874742
v 0.01405727 -0.02982383 0.04747962
v 0.01042312 -0.02928078 0.04874742
v 0.01116853 -0.03133744 0.04745239
v 0.01116853 -0.03133744 0.04745239
v 0.01042312 -0.02928078 0.04874742
v 0.00861406 -0.03163337 0.04784631
v 0.00861406 -0.03163337 0.04784631
v 0.00715876 -0.02997559 0.04902029
v 0.00687110 -0.03256410 0.04758566
v 0.00687110 -0.03256410 0.04758566
v 0.00715876 -0.02997559 0.04902029
v 0.00420141 -0.03108233 0.04879009
v 0.00687110 -0.03256410 0.04758566
v 0.00420141 -0.03108233 0.04879009
v 0.00520652 -0.03330385 0.04735362
v 0.00520652 -0.03330385 0.04735362
v 0.00420141 -0.03108233 0.04879009
v 0.00252235 -0.03316539 0.04768002
v 0.00252235 -0.03316539 0.04768002
v 0.00420141 -0.03108233 0.04879009
v 0.00221509 -0.03037011 0.04932129
v 0.00252235 -0.03316539 0.04768002
v 0.00221509 -0.03037011 0.04932129
v 0.00000000 -0.03181022 0.04856097
v 0.00252235 -0.03316539 0.04768002
v 0.00000000 -0.03181022 0.04856097
v 0.00000000 -0.03209203 0.04839402
v 0.00771356 -0.02675020 0.05043184
v 0.00507337 -0.02868688 0.04992955
v 0.00715876 -0.02997559 0.04902029
v 0.00507337 -0.02868688 0.04992955
v 0.00225186 -0.02749812 0.05068361
v 0.00221509 -0.03037011 0.04932129
v 0.00221509 -0.03037011 0.04932129
v 0.00225186 -0.02749812 0.05068361
v 0.00000000 -0.02940160 0.04985678
v 0.00715876 -0.02997559 0.04902029
v 0.00507337 -0.02868688 0.04992955
v 0.00420141 -0.03108233 0.04879009
v 0.00420141 -0.03108233 0.04879009
v 0.00507337 -0.02868688 0.04992955
v 0.00221509 -0.03037011 0.04932129
v 0.00221509 -0.03037011 0.04932129
v 0.00000000 -0.02940160 0.04985678
v 0.00000000 -0.03038108 0.04934918
v 0.00836104 -0.02167618 0.05211603
v 0.00848955 -0.01945495 0.05270040
v 0.00464749 -0.02076452 0.05285537
v 0.00836104 -0.02167618 0.05211603
v 0.00464749 -0.02076452 0.05285537
v 0.00539756 -0.02359795 0.05192112
v 0.00539756 -0.02359795 0.05192112
v 0.00464749 -0.02076452 0.05285537
v 0.00240236 -0.02306187 0.05232536
v 0.01740068 -0.02202224 0.04962092
v 0.01544290 -0.01988685 0.05092251
v 0.01518368 -0.02353763 0.04986512
v 0.01518368 -0.02353763 0.04986512
v 0.01544290 -0.01988685 0.05092251
v 0.01136696 -0.02244704 0.05128115
v 0.01518368 -0.02353763 0.04986512
v 0.01136696 -0.02244704 0.05128115
v 0.01282334 -0.02483797 0.05008566
v 0.01282334 -0.02483797 0.05008566
v 0.01136696 -0.02244704 0.05128115
v 0.01032960 -0.02591216 0.05027645
v 0.01032960 -0.02591216 0.05027645
v 0.01136696 -0.02244704 0.05128115
v 0.00802225 -0.02381467 0.05147927
v 0.01032960 -0.02591216 0.05027645
v 0.00802225 -0.02381467 0.05147927
v 0.00771356 -0.02675020 0.05043184
v 0.00771356 -0.02675020 0.05043184
v 0.00802225 -0.02381467 0.05147927
v 0.00539756 -0.02359795 0.05192112
v 0.00771356 -0.02675020 0.05043184
v 0.00539756 -0.02359795 0.05192112
v 0.00480354 -0.02646595 0.05091840
v 0.00480354 -0.02646595 0.05091840
v 0.00539756 -0.02359795 0.05192112
v 0.00250506 -0.02491194 0.05169302
v 0.00480354 -0.02646595 0.05091840
v 0.00250506 -0.02491194 0.05169302
v 0.00225186 -0.02749812 0.05068361
v 0.00225186 -0.02749812 0.05068361
v 0.00250506 -0.02491194 0.05169302
v 0.00000000 -0.02631855 0.05121058
v 0.00158584 -0.01601922 0.05413377
v 0.00000000 -0.01821482 0.05370295
v 0.00181758 -0.02022379 0.05318075
v 0.00464749 -0.02076452 0.05285537
v 0.00181758 -0.02022379 0.05318075
v 0.00240236 -0.02306187 0.05232536
v 0.00000000 -0.02211320 0.05267930
v 0.00000000 -0.02416974 0.05200701
v 0.00250506 -0.02491194 0.05169302
v 0.00250506 -0.02491194 0.05169302
v 0.00000000 -0.02416974 0.05200701
v 0.00000000 -0.02475827 0.05180317
v 0.00250506 -0.02491194 0.05169302
v 0.00000000 -0.02475827 0.05180317
v 0.00000000 -0.02631855 0.05121058
v 0.00501025 -0.01856482 0.05337625
v 0.00464749 -0.02076452 0.05285537
v 0.00848955 -0.01945495 0.05270040
v 0.00000000 -0.02666592 0.05107343
v 0.00000000 -0.02940160 0.04985678
v 0.00225186 -0.02749812 0.05068361
v 0.00480354 -0.02646595 0.05091840
v 0.00225186 -0.02749812 0.05068361
v 0.00507337 -0.02868688 0.04992955
v 0.00480354 -0.02646595 0.05091840
v 0.00507337 -0.02868688 0.04992955
v 0.00771356 -0.02675020 0.05043184
v 0.00837672 -0.01720649 0.05324035
v 0.00848955 -0.01945495 0.05270040
v 0.01196265 -0.01742613 0.05248034
v 0.00837672 -0.01720649 0.05324035
v 0.01196265 -0.01742613 0.05248034
v 0.01141166 -0.01519531 0.05305761
v 0.01141166 -0.01519531 0.05305761
v 0.01196265 -0.01742613 0.05248034
v 0.01507920 -0.01439827 0.05226647
v 0.01141166 -0.01519531 0.05305761
v 0.01507920 -0.01439827 0.05226647
v 0.01390975 -0.01290082 0.05283743
v 0.03547507 -0.00503498 0.04257619
v 0.03523188 -0.00268233 0.04290580
v 0.03400999 -0.00240731 0.04390621
v 0.03292745 -0.01080298 0.04390192
v 0.03409558 -0.00771689 0.04342550
v 0.03191179 -0.00876468 0.04493474
v 0.03292745 -0.01080298 0.04390192
v 0.03191179 -0.00876468 0.04493474
v 0.03039157 -0.00931782 0.04591459
v 0.03409558 -0.00771689 0.04342550
v 0.03193855 -0.00573599 0.04523700
v 0.03191179 -0.00876468 0.04493474
v 0.03039157 -0.00931782 0.04591459
v 0.02854567 -0.00794095 0.04725420
v 0.02963304 -0.01266747 0.04587841
v 0.03039157 -0.00931782 0.04591459
v 0.02963304 -0.01266747 0.04587841
v 0.03292745 -0.01080298 0.04390192
v 0.03180855 -0.01586133 0.04365974
v 0.03206080 -0.01382130 0.04396277
v 0.02963864 -0.01670575 0.04496765
v 0.02963864 -0.01670575 0.04496765
v 0.03206080 -0.01382130 0.04396277
v 0.02963304 -0.01266747 0.04587841
v 0.01581788 -0.01692241 0.05153399
v 0.01544290 -0.01988685 0.05092251
v 0.01859450 -0.01690286 0.05057519
v 0.01859450 -0.01690286 0.05057519
v 0.01544290 -0.01988685 0.05092251
v 0.01967537 -0.01875972 0.04970645
v 0.02088111 -0.02156078 0.04836595
v 0.02182060 -0.02428162 0.04693478
v 0.02450037 -0.02243167 0.04627150
v 0.02854567 -0.00794095 0.04725420
v 0.02556884 -0.00999075 0.04868805
v 0.02622365 -0.01325982 0.04781734
v 0.02854567 -0.00794095 0.04725420
v 0.02622365 -0.01325982 0.04781734
v 0.02963304 -0.01266747 0.04587841
v 0.02963304 -0.01266747 0.04587841
v 0.03206080 -0.01382130 0.04396277
v 0.03292745 -0.01080298 0.04390192
v 0.03400999 -0.00240731 0.04390621
v 0.03206562 -0.00171703 0.04534685
v 0.03193855 -0.00573599 0.04523700
v 0.03193855 -0.00573599 0.04523700
v 0.03206562 -0.00171703 0.04534685
v 0.02999067 -0.00217098 0.04674309
v 0.03523188 -0.00268233 0.04290580
v 0.03610503 -0.00000000 0.04221975
v 0.03400999 -0.00240731 0.04390621
v 0.02999067 -0.00217098 0.04674309
v 0.02787309 -0.00044801 0.04805213
v 0.02731603 -0.00473404 0.04824090
v 0.02731603 -0.00473404 0.04824090
v 0.02787309 -0.00044801 0.04805213
v 0.02565437 -0.00044977 0.04927331
v 0.02731603 -0.00473404 0.04824090
v 0.02565437 -0.00044977 0.04927331
v 0.02522021 -0.00439161 0.04938703
v 0.02522021 -0.00439161 0.04938703
v 0.02565437 -0.00044977 0.04927331
v 0.02342540 -0.00179660 0.05035769
v 0.02854567 -0.00794095 0.04725420
v 0.03039157 -0.00931782 0.04591459
v 0.03193855 -0.00573599 0.04523700
v 0.02757704 -0.01627194 0.04638510
v 0.02963864 -0.01670575 0.04496765
v 0.02963304 -0.01266747 0.04587841
v 0.02757704 -0.01627194 0.04638510
v 0.02963304 -0.01266747 0.04587841
v 0.02622365 -0.01325982 0.04781734
v 0.01415914 -0.00222993 0.05370092
v 0.01512885 -0.00666153 0.05322057
v 0.01668292 -0.00178140 0.05297303
v 0.01668292 -0.00178140 0.05297303
v 0.01512885 -0.00666153 0.05322057
v 0.01803565 -0.00631720 0.05232214
v 0.01668292 -0.00178140 0.05297303
v 0.01803565 -0.00631720 0.05232214
v 0.01941502 -0.00195611 0.05204164
v 0.01941502 -0.00195611 0.05204164
v 0.01803565 -0.00631720 0.05232214
v 0.02208358 -0.00486177 0.05084139
v 0.01941502 -0.00195611 0.05204164
v 0.02208358 -0.00486177 0.05084139
v 0.02146255 -0.00162530 0.05123102
v 0.02556884 -0.00999075 0.04868805
v 0.02357220 -0.00926811 0.04977720
v 0.02299445 -0.01469630 0.04919099
v 0.02556884 -0.00999075 0.04868805
v 0.02299445 -0.01469630 0.04919099
v 0.02622365 -0.01325982 0.04781734
v 0.02757704 -0.01627194 0.04638510
v 0.02622365 -0.01325982 0.04781734
v 0.02556872 -0.01780909 0.04713571
v 0.02757704 -0.01627194 0.04638510
v 0.02556872 -0.01780909 0.04713571
v 0.02654510 -0.02023071 0.04586935
v 0.02757704 -0.01627194 0.04638510
v 0.02654510 -0.02023071 0.04586935
v 0.02840095 -0.02012592 0.04475921
v 0.02357220 -0.00926811 0.04977720
v 0.02178400 -0.00843924 0.05067843
v 0.02120649 -0.01354175 0.05021327
v 0.02357220 -0.00926811 0.04977720
v 0.02120649 -0.01354175 0.05021327
v 0.02299445 -0.01469630 0.04919099
v 0.02622365 -0.01325982 0.04781734
v 0.02299445 -0.01469630 0.04919099
v 0.02305132 -0.01793020 0.04842418
v 0.02622365 -0.01325982 0.04781734
v 0.02305132 -0.01793020 0.04842418
v 0.02556872 -0.01780909 0.04713571
v 0.02178400 -0.00843924 0.05067843
v 0.02019143 -0.01110774 0.05101013
v 0.02120649 -0.01354175 0.05021327
v 0.02556872 -0.01780909 0.04713571
v 0.02305132 -0.01793020 0.04842418
v 0.02367097 -0.02008211 0.04749065
v 0.02556872 -0.01780909 0.04713571
v 0.02367097 -0.02008211 0.04749065
v 0.02654510 -0.02023071 0.04586935
v 0.02654510 -0.02023071 0.04586935
v 0.02367097 -0.02008211 0.04749065
v 0.02450037 -0.02243167 0.04627150
v 0.01859450 -0.01690286 0.05057519
v 0.01967537 -0.01875972 0.04970645
v 0.02120649 -0.01354175 0.05021327
v 0.01859450 -0.01690286 0.05057519
v 0.02120649 -0.01354175 0.05021327
v 0.01898348 -0.01302605 0.05118525
v 0.01859450 -0.01690286 0.05057519
v 0.01752460 -0.01494699 0.05137121
v 0.01581788 -0.01692241 0.05153399
v 0.03191179 -0.00876468 0.04493474
v 0.03193855 -0.00573599 0.04523700
v 0.03039157 -0.00931782 0.04591459
v 0.02854567 -0.00794095 0.04725420
v 0.02731603 -0.00473404 0.04824090
v 0.02556884 -0.00999075 0.04868805
v 0.02556884 -0.00999075 0.04868805
v 0.02731603 -0.00473404 0.04824090
v 0.02522021 -0.00439161 0.04938703
v 0.02556884 -0.00999075 0.04868805
v 0.02522021 -0.00439161 0.04938703
v 0.02357220 -0.00926811 0.04977720
v 0.02357220 -0.00926811 0.04977720
v 0.02522021 -0.00439161 0.04938703
v 0.02208358 -0.00486177 0.05084139
v 0.02357220 -0.00926811 0.04977720
v 0.02208358 -0.00486177 0.05084139
v 0.02178400 -0.00843924 0.05067843
v 0.02178400 -0.00843924 0.05067843
v 0.02208358 -0.00486177 0.05084139
v 0.02010709 -0.00747627 0.05146157
v 0.02010709 -0.00747627 0.05146157
v 0.01803565 -0.00631720 0.05232214
v 0.01744353 -0.01070696 0.05207931
v 0.01967537 -0.01875972 0.04970645
v 0.02305132 -0.01793020 0.04842418
v 0.02299445 -0.01469630 0.04919099
v 0.01967537 -0.01875972 0.04970645
v 0.02299445 -0.01469630 0.04919099
v 0.02120649 -0.01354175 0.05021327
v 0.01898348 -0.01302605 0.05118525
v 0.02120649 -0.01354175 0.05021327
v 0.02019143 -0.01110774 0.05101013
v 0.01898348 -0.01302605 0.05118525
v 0.02019143 -0.01110774 0.05101013
v 0.01744353 -0.01070696 0.05207931
v 0.01744353 -0.01070696 0.05207931
v 0.01507920 -0.01439827 0.05226647
v 0.01898348 -0.01302605 0.05118525
v 0.01898348 -0.01302605 0.05118525
v 0.01507920 -0.01439827 0.05226647
v 0.01752460 -0.01494699 0.05137121
v 0.01898348 -0.01302605 0.05118525
v 0.01752460 -0.01494699 0.05137121
v 0.01859450 -0.01690286 0.05057519
v 0.01250988 -0.01099920 0.05345940
v 0.01390975 -0.01290082 0.05283743
v 0.01612848 -0.00969076 0.05262702
v 0.01612848 -0.00969076 0.05262702
v 0.01390975 -0.01290082 0.05283743
v 0.01507920 -0.01439827 0.05226647
v 0.01612848 -0.00969076 0.05262702
v 0.01507920 -0.01439827 0.05226647
v 0.01744353 -0.01070696 0.05207931
v 0.01744353 -0.01070696 0.05207931
v 0.02019143 -0.01110774 0.05101013
v 0.02010709 -0.00747627 0.05146157
v 0.02010709 -0.00747627 0.05146157
v 0.02019143 -0.01110774 0.05101013
v 0.02178400 -0.00843924 0.05067843
v 0.03409558 -0.00771689 0.04342550
v 0.03547507 -0.00503498 0.04257619
v 0.03193855 -0.00573599 0.04523700
v 0.03193855 -0.00573599 0.04523700
v 0.03547507 -0.00503498 0.04257619
v 0.03400999 -0.00240731 0.04390621
v 0.03193855 -0.00573599 0.04523700
v 0.02999067 -0.00217098 0.04674309
v 0.02854567 -0.00794095 0.04725420
v 0.02854567 -0.00794095 0.04725420
v 0.02999067 -0.00217098 0.04674309
v 0.02731603 -0.00473404 0.04824090
v 0.02522021 -0.00439161 0.04938703
v 0.02342540 -0.00179660 0.05035769
v 0.02208358 -0.00486177 0.05084139
v 0.02208358 -0.00486177 0.05084139
v 0.02342540 -0.00179660 0.05035769
v 0.02146255 -0.00162530 0.05123102
v 0.02010709 -0.00747627 0.05146157
v 0.02208358 -0.00486177 0.05084139
v 0.01803565 -0.00631720 0.05232214
v 0.01967537 -0.01875972 0.04970645
v 0.02088111 -0.02156078 0.04836595
v 0.02305132 -0.01793020 0.04842418
v 0.02305132 -0.01793020 0.04842418
v 0.02088111 -0.02156078 0.04836595
v 0.02367097 -0.02008211 0.04749065
v 0.02367097 -0.02008211 0.04749065
v 0.02088111 -0.02156078 0.04836595
v 0.02450037 -0.02243167 0.04627150
v 0.02654510 -0.02023071 0.04586935
v 0.02450037 -0.02243167 0.04627150
v 0.02840095 -0.02012592 0.04475921
v 0.02840095 -0.02012592 0.04475921
v 0.02963864 -0.01670575 0.04496765
v 0.02757704 -0.01627194 0.04638510
v 0.00000000 -0.00955224 0.05509001
v 0.00140130 -0.00621283 0.05535537
v 0.00000000 -0.00512177 0.05542320
v 0.00464749 -0.02076452 0.05285537
v 0.00501025 -0.01856482 0.05337625
v 0.00181758 -0.02022379 0.05318075
v 0.00181758 -0.02022379 0.05318075
v 0.00501025 -0.01856482 0.05337625
v 0.00387710 -0.01560115 0.05409914
v 0.00181758 -0.02022379 0.05318075
v 0.00387710 -0.01560115 0.05409914
v 0.00158584 -0.01601922 0.05413377
v 0.00158584 -0.01601922 0.05413377
v 0.00387710 -0.01560115 0.05409914
v 0.00257665 -0.01116901 0.05485260
v 0.00158584 -0.01601922 0.05413377
v 0.00257665 -0.01116901 0.05485260
v 0.00000000 -0.01318293 0.05463856
v 0.00000000 -0.01318293 0.05463856
v 0.00257665 -0.01116901 0.05485260
v 0.00000000 -0.00955224 0.05509001
v 0.00000000 -0.00955224 0.05509001
v 0.00257665 -0.01116901 0.05485260
v 0.00140130 -0.00621283 0.05535537
v 0.00848955 -0.01945495 0.05270040
v 0.00837672 -0.01720649 0.05324035
v 0.00501025 -0.01856482 0.05337625
v 0.00501025 -0.01856482 0.05337625
v 0.00837672 -0.01720649 0.05324035
v 0.00666922 -0.01448518 0.05401605
v 0.00501025 -0.01856482 0.05337625
v 0.00666922 -0.01448518 0.05401605
v 0.00387710 -0.01560115 0.05409914
v 0.00387710 -0.01560115 0.05409914
v 0.00666922 -0.01448518 0.05401605
v 0.00599259 -0.01087164 0.05461639
v 0.00387710 -0.01560115 0.05409914
v 0.00599259 -0.01087164 0.05461639
v 0.00257665 -0.01116901 0.05485260
v 0.00257665 -0.01116901 0.05485260
v 0.00599259 -0.01087164 0.05461639
v 0.00481200 -0.00884944 0.05494666
v 0.00257665 -0.01116901 0.05485260
v 0.00481200 -0.00884944 0.05494666
v 0.00362051 -0.00674856 0.05520743
v 0.00257665 -0.01116901 0.05485260
v 0.00362051 -0.00674856 0.05520743
v 0.00140130 -0.00621283 0.05535537
v 0.00140130 -0.00621283 0.05535537
v 0.00208288 -0.00138366 0.05550771
v 0.00000000 -0.00194150 0.05553853
v 0.00000000 -0.01821482 0.05370295
v 0.00000000 -0.02211320 0.05267930
v 0.00181758 -0.02022379 0.05318075
v 0.00181758 -0.02022379 0.05318075
v 0.00000000 -0.02211320 0.05267930
v 0.00240236 -0.02306187 0.05232536
v 0.00240236 -0.02306187 0.05232536
v 0.00000000 -0.02211320 0.05267930
v 0.00250506 -0.02491194 0.05169302
v 0.00240236 -0.02306187 0.05232536
v 0.00250506 -0.02491194 0.05169302
v 0.00539756 -0.02359795 0.05192112
v 0.00836104 -0.02167618 0.05211603
v 0.00539756 -0.02359795 0.05192112
v 0.00802225 -0.02381467 0.05147927
v 0.00836104 -0.02167618 0.05211603
v 0.00802225 -0.02381467 0.05147927
v 0.01136696 -0.02244704 0.05128115
v 0.00836104 -0.02167618 0.05211603
v 0.01136696 -0.02244704 0.05128115
v 0.01230955 -0.01966392 0.05185747
v 0.01230955 -0.01966392 0.05185747
v 0.01136696 -0.02244704 0.05128115
v 0.01544290 -0.01988685 0.05092251
v 0.01230955 -0.01966392 0.05185747
v 0.01544290 -0.01988685 0.05092251
v 0.01581788 -0.01692241 0.05153399
v 0.01518368 -0.02353763 0.04986512
v 0.01619291 -0.02603071 0.04856729
v 0.01740068 -0.02202224 0.04962092
v 0.01507920 -0.01439827 0.05226647
v 0.01581788 -0.01692241 0.05153399
v 0.01752460 -0.01494699 0.05137121
v 0.01091599 -0.00949228 0.05398541
v 0.01250988 -0.01099920 0.05345940
v 0.01512885 -0.00666153 0.05322057
v 0.01091599 -0.00949228 0.05398541
v 0.01512885 -0.00666153 0.05322057
v 0.01272279 -0.00639850 0.05385261
v 0.01612848 -0.00969076 0.05262702
v 0.01744353 -0.01070696 0.05207931
v 0.01803565 -0.00631720 0.05232214
v 0.01141166 -0.01519531 0.05305761
v 0.01390975 -0.01290082 0.05283743
v 0.01250988 -0.01099920 0.05345940
v 0.01141166 -0.01519531 0.05305761
v 0.01250988 -0.01099920 0.05345940
v 0.00917858 -0.01282173 0.05390155
v 0.00917858 -0.01282173 0.05390155
v 0.01250988 -0.01099920 0.05345940
v 0.01091599 -0.00949228 0.05398541
v 0.00917858 -0.01282173 0.05390155
v 0.01091599 -0.00949228 0.05398541
v 0.00913525 -0.00797391 0.05446183
v 0.00917858 -0.01282173 0.05390155
v 0.00913525 -0.00797391 0.05446183
v 0.00599259 -0.01087164 0.05461639
v 0.00599259 -0.01087164 0.05461639
v 0.00913525 -0.00797391 0.05446183
v 0.00790942 -0.00568908 0.05482697
v 0.00599259 -0.01087164 0.05461639
v 0.00790942 -0.00568908 0.05482697
v 0.00481200 -0.00884944 0.05494666
v 0.00481200 -0.00884944 0.05494666
v 0.00790942 -0.00568908 0.05482697
v 0.00574565 -0.00458795 0.05514842
v 0.00481200 -0.00884944 0.05494666
v 0.00574565 -0.00458795 0.05514842
v 0.00362051 -0.00674856 0.05520743
v 0.00362051 -0.00674856 0.05520743
v 0.00574565 -0.00458795 0.05514842
v 0.00397557 -0.00290579 0.05537128
v 0.03358227 -0.01818174 0.04143321
v 0.03528529 -0.01912719 0.03931421
v 0.03484451 -0.01674014 0.04079288
v 0.03612554 -0.01520746 0.04007160
v 0.03786671 -0.01582956 0.03795260
v 0.03874152 -0.01400101 0.03766614
v 0.04262894 -0.00332415 0.03549957
v 0.04272127 -0.00000255 0.03550297
v 0.04265457 -0.00000021 0.03558397
v 0.04141026 -0.00598234 0.03660583
v 0.04202437 -0.00803924 0.03550040
v 0.04262894 -0.00332415 0.03549957
v 0.03424209 -0.02619755 0.03550076
v 0.03264725 -0.02726608 0.03653669
v 0.03196626 -0.02904146 0.03549975
v 0.03021585 -0.03090572 0.03550195
v 0.02846938 -0.03165912 0.03676611
v 0.02762055 -0.03332495 0.03550255
v 0.01932537 -0.03887730 0.03550112
v 0.01680511 -0.03966999 0.03632795
v 0.01579898 -0.04046881 0.03550130
v 0.01579898 -0.04046881 0.03550130
v 0.01413226 -0.04055500 0.03671365
v 0.01335108 -0.04136091 0.03549987
v 0.01335108 -0.04136091 0.03549987
v 0.01122206 -0.04154402 0.03659147
v 0.01059252 -0.04216855 0.03550148
v 0.00825357 -0.04270720 0.03550297
v 0.00551999 -0.04262793 0.03679037
v 0.00509757 -0.04320085 0.03549981
v 0.00509757 -0.04320085 0.03549981
v 0.00335562 -0.04307162 0.03628534
v 0.00200945 -0.04345542 0.03550010
v 0.00168264 -0.04224050 0.03826469
v 0.00000000 -0.04225420 0.03829437
v 0.00000000 -0.04263997 0.03755056
v 0.00159878 -0.03857475 0.04328554
v 0.00000000 -0.03891927 0.04294955
v 0.00000000 -0.03940296 0.04240739
v 0.00157797 -0.03704762 0.04477483
v 0.00000000 -0.03634613 0.04540973
v 0.00000000 -0.03767436 0.04421544
v 0.00000000 -0.03438121 0.04691070
v 0.00000000 -0.03487390 0.04656970
v 0.00258493 -0.03519690 0.04624974
v 0.00258493 -0.03519690 0.04624974
v 0.00000000 -0.03487390 0.04656970
v 0.00000000 -0.03634613 0.04540973
v 0.02191561 -0.02624052 0.04605460
v 0.02336627 -0.02676510 0.04503244
v 0.02441310 -0.02410399 0.04566794
v 0.02441310 -0.02410399 0.04566794
v 0.02336627 -0.02676510 0.04503244
v 0.02582138 -0.02427566 0.04477119
v 0.02441310 -0.02410399 0.04566794
v 0.02582138 -0.02427566 0.04477119
v 0.02705252 -0.02235245 0.04481029
v 0.02963864 -0.01670575 0.04496765
v 0.02840095 -0.02012592 0.04475921
v 0.03142136 -0.01771128 0.04341602
v 0.02963864 -0.01670575 0.04496765
v 0.03142136 -0.01771128 0.04341602
v 0.03180855 -0.01586133 0.04365974
v 0.03206080 -0.01382130 0.04396277
v 0.03486359 -0.01190406 0.04215019
v 0.03292745 -0.01080298 0.04390192
v 0.03486359 -0.01190406 0.04215019
v 0.03644055 -0.00792670 0.04144632
v 0.03409558 -0.00771689 0.04342550
v 0.03409558 -0.00771689 0.04342550
v 0.03292745 -0.01080298 0.04390192
v 0.03486359 -0.01190406 0.04215019
v 0.03409558 -0.00771689 0.04342550
v 0.03644055 -0.00792670 0.04144632
v 0.03547507 -0.00503498 0.04257619
v 0.03523188 -0.00268233 0.04290580
v 0.03547507 -0.00503498 0.04257619
v 0.03715407 -0.00000025 0.04131990
v 0.03523188 -0.00268233 0.04290580
v 0.03715407 -0.00000025 0.04131990
v 0.03667032 -0.00000021 0.04172420
v 0.03523188 -0.00268233 0.04290580
v 0.03667032 -0.00000021 0.04172420
v 0.03610503 -0.00000000 0.04221975
v 0.00374991 -0.04233145 0.03782469
v 0.00551999 -0.04262793 0.03679037
v 0.00573254 -0.04137063 0.03914588
v 0.00573254 -0.04137063 0.03914588
v 0.00551999 -0.04262793 0.03679037
v 0.00789666 -0.04200637 0.03728938
v 0.00000000 -0.04263997 0.03755056
v 0.00192684 -0.04287612 0.03695493
v 0.00168264 -0.04224050 0.03826469
v 0.00168264 -0.04224050 0.03826469
v 0.00192684 -0.04287612 0.03695493
v 0.00374991 -0.04233145 0.03782469
v 0.00573254 -0.04137063 0.03914588
v 0.00789666 -0.04200637 0.03728938
v 0.00781894 -0.04102724 0.03909814
v 0.00781894 -0.04102724 0.03909814
v 0.00789666 -0.04200637 0.03728938
v 0.01016515 -0.04130375 0.03765988
v 0.00781894 -0.04102724 0.03909814
v 0.01016515 -0.04130375 0.03765988
v 0.00977492 -0.04057484 0.03910726
v 0.00977492 -0.04057484 0.03910726
v 0.01016515 -0.04130375 0.03765988
v 0.01223975 -0.04065644 0.03776043
v 0.00168264 -0.04224050 0.03826469
v 0.00374991 -0.04233145 0.03782469
v 0.00370932 -0.04110133 0.03996086
v 0.00370932 -0.04110133 0.03996086
v 0.00374991 -0.04233145 0.03782469
v 0.00573254 -0.04137063 0.03914588
v 0.00977492 -0.04057484 0.03910726
v 0.01223975 -0.04065644 0.03776043
v 0.01173567 -0.03979408 0.03945904
v 0.01173567 -0.03979408 0.03945904
v 0.01223975 -0.04065644 0.03776043
v 0.01362830 -0.03965908 0.03867632
v 0.01362830 -0.03965908 0.03867632
v 0.01544213 -0.03946459 0.03780978
v 0.01591825 -0.03887230 0.03848159
v 0.02155619 -0.03612899 0.03807067
v 0.02086305 -0.03546255 0.03956574
v 0.01911443 -0.03645831 0.03964233
v 0.02155619 -0.03612899 0.03807067
v 0.01911443 -0.03645831 0.03964233
v 0.01972121 -0.03722482 0.03807812
v 0.01972121 -0.03722482 0.03807812
v 0.01911443 -0.03645831 0.03964233
v 0.01731717 -0.03736537 0.03971195
v 0.01972121 -0.03722482 0.03807812
v 0.01731717 -0.03736537 0.03971195
v 0.01794451 -0.03816622 0.03808087
v 0.01794451 -0.03816622 0.03808087
v 0.01731717 -0.03736537 0.03971195
v 0.01591825 -0.03887230 0.03848159
v 0.00370932 -0.04110133 0.03996086
v 0.00166529 -0.04114687 0.04009592
v 0.00168264 -0.04224050 0.03826469
v 0.00168264 -0.04224050 0.03826469
v 0.00166529 -0.04114687 0.04009592
v 0.00000000 -0.04185944 0.03899914
v 0.00168264 -0.04224050 0.03826469
v 0.00000000 -0.04185944 0.03899914
v 0.00000000 -0.04225420 0.03829437
v 0.02155619 -0.03612899 0.03807067
v 0.02306717 -0.03519815 0.03794980
v 0.02086305 -0.03546255 0.03956574
v 0.02086305 -0.03546255 0.03956574
v 0.02306717 -0.03519815 0.03794980
v 0.02255946 -0.03438133 0.03948205
v 0.02155619 -0.03612899 0.03807067
v 0.01972121 -0.03722482 0.03807812
v 0.02075093 -0.03721112 0.03716272
v 0.02255946 -0.03438133 0.03948205
v 0.02306717 -0.03519815 0.03794980
v 0.02434432 -0.03342723 0.03901159
v 0.02434432 -0.03342723 0.03901159
v 0.02306717 -0.03519815 0.03794980
v 0.02510380 -0.03396087 0.03757232
v 0.02434432 -0.03342723 0.03901159
v 0.02510380 -0.03396087 0.03757232
v 0.02654945 -0.03274357 0.03760755
v 0.01362830 -0.03965908 0.03867632
v 0.01223975 -0.04065644 0.03776043
v 0.01413226 -0.04055500 0.03671365
v 0.01362830 -0.03965908 0.03867632
v 0.01413226 -0.04055500 0.03671365
v 0.01544213 -0.03946459 0.03780978
v 0.02306717 -0.03519815 0.03794980
v 0.02155619 -0.03612899 0.03807067
v 0.02317392 -0.03593307 0.03673368
v 0.02306717 -0.03519815 0.03794980
v 0.02317392 -0.03593307 0.03673368
v 0.02510815 -0.03466069 0.03656256
v 0.02306717 -0.03519815 0.03794980
v 0.02510815 -0.03466069 0.03656256
v 0.02510380 -0.03396087 0.03757232
v 0.02846938 -0.03165912 0.03676611
v 0.02972769 -0.03006517 0.03715956
v 0.02727699 -0.03066128 0.03923082
v 0.02846938 -0.03165912 0.03676611
v 0.02727699 -0.03066128 0.03923082
v 0.02654945 -0.03274357 0.03760755
v 0.02762055 -0.03332495 0.03550255
v 0.02510815 -0.03466069 0.03656256
v 0.02524524 -0.03520131 0.03550028
v 0.02524524 -0.03520131 0.03550028
v 0.02510815 -0.03466069 0.03656256
v 0.02341508 -0.03648293 0.03550070
v 0.02341508 -0.03648293 0.03550070
v 0.02510815 -0.03466069 0.03656256
v 0.02317392 -0.03593307 0.03673368
v 0.01335108 -0.04136091 0.03549987
v 0.01413226 -0.04055500 0.03671365
v 0.01122206 -0.04154402 0.03659147
v 0.00509757 -0.04320085 0.03549981
v 0.00551999 -0.04262793 0.03679037
v 0.00335562 -0.04307162 0.03628534
v 0.00200945 -0.04345542 0.03550010
v 0.00335562 -0.04307162 0.03628534
v 0.00192684 -0.04287612 0.03695493
v 0.00200945 -0.04345542 0.03550010
v 0.00192684 -0.04287612 0.03695493
v 0.00000000 -0.04351145 0.03550034
v 0.00000000 -0.04351145 0.03550034
v 0.00192684 -0.04287612 0.03695493
v 0.00000000 -0.04309511 0.03655278
v 0.02341508 -0.03648293 0.03550070
v 0.02317392 -0.03593307 0.03673368
v 0.02174633 -0.03753215 0.03550159
v 0.02174633 -0.03753215 0.03550159
v 0.02317392 -0.03593307 0.03673368
v 0.02075093 -0.03721112 0.03716272
v 0.02174633 -0.03753215 0.03550159
v 0.02075093 -0.03721112 0.03716272
v 0.01932537 -0.03887730 0.03550112
v 0.01932537 -0.03887730 0.03550112
v 0.02075093 -0.03721112 0.03716272
v 0.01847147 -0.03863245 0.03681671
v 0.01932537 -0.03887730 0.03550112
v 0.01847147 -0.03863245 0.03681671
v 0.01680511 -0.03966999 0.03632795
v 0.01579898 -0.04046881 0.03550130
v 0.01680511 -0.03966999 0.03632795
v 0.01413226 -0.04055500 0.03671365
v 0.01059252 -0.04216855 0.03550148
v 0.01122206 -0.04154402 0.03659147
v 0.00825357 -0.04270720 0.03550297
v 0.00825357 -0.04270720 0.03550297
v 0.01122206 -0.04154402 0.03659147
v 0.00789666 -0.04200637 0.03728938
v 0.00825357 -0.04270720 0.03550297
v 0.00789666 -0.04200637 0.03728938
v 0.00551999 -0.04262793 0.03679037
v 0.02972769 -0.03006517 0.03715956
v 0.02837795 -0.02888470 0.03983086
v 0.02727699 -0.03066128 0.03923082
v 0.00361735 -0.03959465 0.04198449
v 0.00564784 -0.03998637 0.04117763
v 0.00552928 -0.03868871 0.04275161
v 0.00552928 -0.03868871 0.04275161
v 0.00564784 -0.03998637 0.04117763
v 0.00753838 -0.03903007 0.04194843
v 0.02202141 -0.03342205 0.04098010
v 0.02376425 -0.03253829 0.04050517
v 0.02316737 -0.03152459 0.04192245
v 0.02316737 -0.03152459 0.04192245
v 0.02376425 -0.03253829 0.04050517
v 0.02499639 -0.03085720 0.04109412
v 0.02837795 -0.02888470 0.03983086
v 0.02629131 -0.02935856 0.04130029
v 0.02727699 -0.03066128 0.03923082
v 0.02727699 -0.03066128 0.03923082
v 0.02629131 -0.02935856 0.04130029
v 0.02499639 -0.03085720 0.04109412
v 0.01682001 -0.03602266 0.04165410
v 0.01494616 -0.03649324 0.04210817
v 0.01530104 -0.03765666 0.04057157
v 0.01530104 -0.03765666 0.04057157
v 0.01494616 -0.03649324 0.04210817
v 0.01313591 -0.03717964 0.04218333
v 0.01530104 -0.03765666 0.04057157
v 0.01313591 -0.03717964 0.04218333
v 0.01344233 -0.03836876 0.04063212
v 0.01344233 -0.03836876 0.04063212
v 0.01313591 -0.03717964 0.04218333
v 0.01128882 -0.03777742 0.04224717
v 0.01344233 -0.03836876 0.04063212
v 0.01128882 -0.03777742 0.04224717
v 0.01151448 -0.03884357 0.04088079
v 0.01151448 -0.03884357 0.04088079
v 0.01128882 -0.03777742 0.04224717
v 0.00940800 -0.03828567 0.04229885
v 0.01151448 -0.03884357 0.04088079
v 0.00940800 -0.03828567 0.04229885
v 0.00961798 -0.03951513 0.04072374
v 0.00961798 -0.03951513 0.04072374
v 0.00940800 -0.03828567 0.04229885
v 0.00753838 -0.03903007 0.04194843
v 0.03245687 -0.02451211 0.03912663
v 0.03047204 -0.02537739 0.04052793
v 0.03161412 -0.02641910 0.03856498
v 0.03161412 -0.02641910 0.03856498
v 0.03047204 -0.02537739 0.04052793
v 0.02955657 -0.02725476 0.04004496
v 0.02727699 -0.03066128 0.03923082
v 0.02499639 -0.03085720 0.04109412
v 0.02562654 -0.03176343 0.03966498
v 0.02562654 -0.03176343 0.03966498
v 0.02499639 -0.03085720 0.04109412
v 0.02376425 -0.03253829 0.04050517
v 0.00961798 -0.03951513 0.04072374
v 0.00753838 -0.03903007 0.04194843
v 0.00767964 -0.04008883 0.04054898
v 0.00767964 -0.04008883 0.04054898
v 0.00753838 -0.03903007 0.04194843
v 0.00564784 -0.03998637 0.04117763
v 0.00564784 -0.03998637 0.04117763
v 0.00361735 -0.03959465 0.04198449
v 0.00370932 -0.04110133 0.03996086
v 0.00370932 -0.04110133 0.03996086
v 0.00361735 -0.03959465 0.04198449
v 0.00163800 -0.03977745 0.04193115
v 0.00370932 -0.04110133 0.03996086
v 0.00163800 -0.03977745 0.04193115
v 0.00166529 -0.04114687 0.04009592
v 0.00166529 -0.04114687 0.04009592
v 0.00163800 -0.03977745 0.04193115
v 0.00000000 -0.03999954 0.04170364
v 0.00166529 -0.04114687 0.04009592
v 0.00000000 -0.03999954 0.04170364
v 0.00000000 -0.04113960 0.04014790
v 0.02376425 -0.03253829 0.04050517
v 0.02202141 -0.03342205 0.04098010
v 0.02255946 -0.03438133 0.03948205
v 0.02255946 -0.03438133 0.03948205
v 0.02202141 -0.03342205 0.04098010
v 0.02037084 -0.03446626 0.04108613
v 0.02255946 -0.03438133 0.03948205
v 0.02037084 -0.03446626 0.04108613
v 0.02086305 -0.03546255 0.03956574
v 0.02086305 -0.03546255 0.03956574
v 0.02037084 -0.03446626 0.04108613
v 0.01866888 -0.03542840 0.04118311
v 0.02086305 -0.03546255 0.03956574
v 0.01866888 -0.03542840 0.04118311
v 0.01911443 -0.03645831 0.03964233
v 0.01911443 -0.03645831 0.03964233
v 0.01866888 -0.03542840 0.04118311
v 0.01682001 -0.03602266 0.04165410
v 0.01911443 -0.03645831 0.03964233
v 0.01682001 -0.03602266 0.04165410
v 0.01731717 -0.03736537 0.03971195
v 0.01731717 -0.03736537 0.03971195
v 0.01682001 -0.03602266 0.04165410
v 0.01530104 -0.03765666 0.04057157
v 0.03528529 -0.01912719 0.03931421
v 0.03663504 -0.01774299 0.03850847
v 0.03484451 -0.01674014 0.04079288
v 0.03484451 -0.01674014 0.04079288
v 0.03663504 -0.01774299 0.03850847
v 0.03612554 -0.01520746 0.04007160
v 0.00370932 -0.04110133 0.03996086
v 0.00573254 -0.04137063 0.03914588
v 0.00564784 -0.03998637 0.04117763
v 0.00564784 -0.03998637 0.04117763
v 0.00573254 -0.04137063 0.03914588
v 0.00767964 -0.04008883 0.04054898
v 0.00961798 -0.03951513 0.04072374
v 0.01173567 -0.03979408 0.03945904
v 0.01151448 -0.03884357 0.04088079
v 0.01151448 -0.03884357 0.04088079
v 0.01173567 -0.03979408 0.03945904
v 0.01344233 -0.03836876 0.04063212
v 0.02255946 -0.03438133 0.03948205
v 0.02434432 -0.03342723 0.03901159
v 0.02376425 -0.03253829 0.04050517
v 0.02376425 -0.03253829 0.04050517
v 0.02434432 -0.03342723 0.03901159
v 0.02562654 -0.03176343 0.03966498
v 0.00573254 -0.04137063 0.03914588
v 0.00781894 -0.04102724 0.03909814
v 0.00767964 -0.04008883 0.04054898
v 0.00767964 -0.04008883 0.04054898
v 0.00781894 -0.04102724 0.03909814
v 0.00977492 -0.04057484 0.03910726
v 0.00767964 -0.04008883 0.04054898
v 0.00977492 -0.04057484 0.03910726
v 0.00961798 -0.03951513 0.04072374
v 0.00961798 -0.03951513 0.04072374
v 0.00977492 -0.04057484 0.03910726
v 0.01173567 -0.03979408 0.03945904
v 0.01173567 -0.03979408 0.03945904
v 0.01362830 -0.03965908 0.03867632
v 0.01344233 -0.03836876 0.04063212
v 0.01344233 -0.03836876 0.04063212
v 0.01362830 -0.03965908 0.03867632
v 0.01591825 -0.03887230 0.03848159
v 0.01344233 -0.03836876 0.04063212
v 0.01591825 -0.03887230 0.03848159
v 0.01530104 -0.03765666 0.04057157
v 0.01530104 -0.03765666 0.04057157
v 0.01591825 -0.03887230 0.03848159
v 0.01731717 -0.03736537 0.03971195
v 0.03245687 -0.02451211 0.03912663
v 0.03482663 -0.02324581 0.03732132
v 0.03370136 -0.02256476 0.03908652
v 0.03528529 -0.01912719 0.03931421
v 0.03398299 -0.02070420 0.03988611
v 0.03590774 -0.02124094 0.03741019
v 0.03612554 -0.01520746 0.04007160
v 0.03663504 -0.01774299 0.03850847
v 0.03786671 -0.01582956 0.03795260
v 0.01016515 -0.04130375 0.03765988
v 0.00789666 -0.04200637 0.03728938
v 0.01122206 -0.04154402 0.03659147
v 0.01591825 -0.03887230 0.03848159
v 0.01544213 -0.03946459 0.03780978
v 0.01680511 -0.03966999 0.03632795
v 0.01591825 -0.03887230 0.03848159
v 0.01680511 -0.03966999 0.03632795
v 0.01794451 -0.03816622 0.03808087
v 0.01794451 -0.03816622 0.03808087
v 0.01680511 -0.03966999 0.03632795
v 0.01847147 -0.03863245 0.03681671
v 0.01794451 -0.03816622 0.03808087
v 0.01847147 -0.03863245 0.03681671
v 0.01972121 -0.03722482 0.03807812
v 0.01972121 -0.03722482 0.03807812
v 0.01847147 -0.03863245 0.03681671
v 0.02075093 -0.03721112 0.03716272
v 0.02155619 -0.03612899 0.03807067
v 0.02075093 -0.03721112 0.03716272
v 0.02317392 -0.03593307 0.03673368
v 0.03161412 -0.02641910 0.03856498
v 0.03103095 -0.02843385 0.03735697
v 0.03264725 -0.02726608 0.03653669
v 0.03161412 -0.02641910 0.03856498
v 0.03264725 -0.02726608 0.03653669
v 0.03396254 -0.02533596 0.03668206
v 0.03396254 -0.02533596 0.03668206
v 0.03482663 -0.02324581 0.03732132
v 0.03245687 -0.02451211 0.03912663
v 0.03396254 -0.02533596 0.03668206
v 0.03245687 -0.02451211 0.03912663
v 0.03161412 -0.02641910 0.03856498
v 0.03815424 -0.01776927 0.03669136
v 0.03786671 -0.01582956 0.03795260
v 0.03663504 -0.01774299 0.03850847
v 0.02837795 -0.02888470 0.03983086
v 0.02972769 -0.03006517 0.03715956
v 0.03103095 -0.02843385 0.03735697
v 0.00000000 -0.04263997 0.03755056
v 0.00000000 -0.04309511 0.03655278
v 0.00192684 -0.04287612 0.03695493
v 0.00192684 -0.04287612 0.03695493
v 0.00335562 -0.04307162 0.03628534
v 0.00374991 -0.04233145 0.03782469
v 0.00374991 -0.04233145 0.03782469
v 0.00335562 -0.04307162 0.03628534
v 0.00551999 -0.04262793 0.03679037
v 0.01016515 -0.04130375 0.03765988
v 0.01122206 -0.04154402 0.03659147
v 0.01223975 -0.04065644 0.03776043
v 0.01223975 -0.04065644 0.03776043
v 0.01122206 -0.04154402 0.03659147
v 0.01413226 -0.04055500 0.03671365
v 0.01544213 -0.03946459 0.03780978
v 0.01413226 -0.04055500 0.03671365
v 0.01680511 -0.03966999 0.03632795
v 0.02510380 -0.03396087 0.03757232
v 0.02510815 -0.03466069 0.03656256
v 0.02654945 -0.03274357 0.03760755
v 0.02654945 -0.03274357 0.03760755
v 0.02510815 -0.03466069 0.03656256
v 0.02762055 -0.03332495 0.03550255
v 0.02654945 -0.03274357 0.03760755
v 0.02762055 -0.03332495 0.03550255
v 0.02846938 -0.03165912 0.03676611
v 0.02972769 -0.03006517 0.03715956
v 0.02846938 -0.03165912 0.03676611
v 0.03021585 -0.03090572 0.03550195
v 0.02972769 -0.03006517 0.03715956
v 0.03021585 -0.03090572 0.03550195
v 0.03196626 -0.02904146 0.03549975
v 0.02972769 -0.03006517 0.03715956
v 0.03196626 -0.02904146 0.03549975
v 0.03103095 -0.02843385 0.03735697
v 0.03103095 -0.02843385 0.03735697
v 0.03196626 -0.02904146 0.03549975
v 0.03264725 -0.02726608 0.03653669
v 0.03264725 -0.02726608 0.03653669
v 0.03424209 -0.02619755 0.03550076
v 0.03396254 -0.02533596 0.03668206
v 0.03396254 -0.02533596 0.03668206
v 0.03424209 -0.02619755 0.03550076
v 0.03584033 -0.02388387 0.03550034
v 0.03396254 -0.02533596 0.03668206
v 0.03584033 -0.02388387 0.03550034
v 0.03482663 -0.02324581 0.03732132
v 0.03528529 -0.01912719 0.03931421
v 0.03590774 -0.02124094 0.03741019
v 0.03690695 -0.01941233 0.03732115
v 0.03690695 -0.01941233 0.03732115
v 0.03590774 -0.02124094 0.03741019
v 0.03728324 -0.02144235 0.03550052
v 0.03690695 -0.01941233 0.03732115
v 0.03728324 -0.02144235 0.03550052
v 0.03871697 -0.01862728 0.03550016
v 0.03663504 -0.01774299 0.03850847
v 0.03528529 -0.01912719 0.03931421
v 0.03690695 -0.01941233 0.03732115
v 0.03663504 -0.01774299 0.03850847
v 0.03690695 -0.01941233 0.03732115
v 0.03815424 -0.01776927 0.03669136
v 0.03815424 -0.01776927 0.03669136
v 0.03690695 -0.01941233 0.03732115
v 0.03871697 -0.01862728 0.03550016
v 0.04015064 -0.01510411 0.03550243
v 0.03815424 -0.01776927 0.03669136
v 0.03871697 -0.01862728 0.03550016
v 0.04202437 -0.00803924 0.03550040
v 0.03997313 -0.01002061 0.03746360
v 0.04135340 -0.01117563 0.03550022
v 0.04135340 -0.01117563 0.03550022
v 0.03997313 -0.01002061 0.03746360
v 0.03940320 -0.01202833 0.03756326
v 0.03940320 -0.01202833 0.03756326
v 0.03874152 -0.01400101 0.03766614
v 0.04135340 -0.01117563 0.03550022
v 0.04135340 -0.01117563 0.03550022
v 0.03874152 -0.01400101 0.03766614
v 0.04015064 -0.01510411 0.03550243
v 0.03685051 -0.01338464 0.03991430
v 0.03612554 -0.01520746 0.04007160
v 0.03874152 -0.01400101 0.03766614
v 0.03685051 -0.01338464 0.03991430
v 0.03874152 -0.01400101 0.03766614
v 0.03940320 -0.01202833 0.03756326
v 0.04141026 -0.00598234 0.03660583
v 0.03964495 -0.00780648 0.03829622
v 0.04202437 -0.00803924 0.03550040
v 0.04202437 -0.00803924 0.03550040
v 0.03964495 -0.00780648 0.03829622
v 0.03997313 -0.01002061 0.03746360
v 0.03874152 -0.01400101 0.03766614
v 0.03786671 -0.01582956 0.03795260
v 0.04015064 -0.01510411 0.03550243
v 0.04015064 -0.01510411 0.03550243
v 0.03786671 -0.01582956 0.03795260
v 0.03815424 -0.01776927 0.03669136
v 0.03398299 -0.02070420 0.03988611
v 0.03528529 -0.01912719 0.03931421
v 0.03358227 -0.01818174 0.04143321
v 0.03398299 -0.02070420 0.03988611
v 0.03358227 -0.01818174 0.04143321
v 0.03182888 -0.02064347 0.04196691
v 0.02915424 -0.02151197 0.04371303
v 0.02927577 -0.02284497 0.04303991
v 0.03092128 -0.01957982 0.04315394
v 0.03092128 -0.01957982 0.04315394
v 0.02927577 -0.02284497 0.04303991
v 0.03182888 -0.02064347 0.04196691
v 0.03142136 -0.01771128 0.04341602
v 0.03092128 -0.01957982 0.04315394
v 0.03358227 -0.01818174 0.04143321
v 0.03142136 -0.01771128 0.04341602
v 0.03358227 -0.01818174 0.04143321
v 0.03392076 -0.01484113 0.04224336
v 0.03392076 -0.01484113 0.04224336
v 0.03358227 -0.01818174 0.04143321
v 0.03484451 -0.01674014 0.04079288
v 0.03392076 -0.01484113 0.04224336
v 0.03484451 -0.01674014 0.04079288
v 0.03612554 -0.01520746 0.04007160
v 0.03392076 -0.01484113 0.04224336
v 0.03612554 -0.01520746 0.04007160
v 0.03685051 -0.01338464 0.03991430
v 0.03927683 -0.00264221 0.03922927
v 0.03930681 -0.00000019 0.03925663
v 0.03715407 -0.00000025 0.04131990
v 0.03927683 -0.00264221 0.03922927
v 0.03715407 -0.00000025 0.04131990
v 0.03787124 -0.00461513 0.04047375
v 0.03796279 -0.00952780 0.03972530
v 0.03644055 -0.00792670 0.04144632
v 0.03604495 -0.01026743 0.04141461
v 0.03927683 -0.00264221 0.03922927
v 0.03787124 -0.00461513 0.04047375
v 0.03962743 -0.00580233 0.03859758
v 0.03962743 -0.00580233 0.03859758
v 0.03787124 -0.00461513 0.04047375
v 0.03964495 -0.00780648 0.03829622
v 0.03964495 -0.00780648 0.03829622
v 0.03787124 -0.00461513 0.04047375
v 0.03644055 -0.00792670 0.04144632
v 0.03964495 -0.00780648 0.03829622
v 0.03644055 -0.00792670 0.04144632
v 0.03796279 -0.00952780 0.03972530
v 0.03749394 -0.01151943 0.03976106
v 0.03796279 -0.00952780 0.03972530
v 0.03604495 -0.01026743 0.04141461
v 0.03749394 -0.01151943 0.03976106
v 0.03604495 -0.01026743 0.04141461
v 0.03486359 -0.01190406 0.04215019
v 0.03392076 -0.01484113 0.04224336
v 0.03180855 -0.01586133 0.04365974
v 0.03142136 -0.01771128 0.04341602
v 0.00000000 -0.03331136 0.04763966
v 0.00000000 -0.03438121 0.04691070
v 0.00252235 -0.03316539 0.04768002
v 0.00252235 -0.03316539 0.04768002
v 0.00000000 -0.03438121 0.04691070
v 0.00258493 -0.03519690 0.04624974
v 0.00252235 -0.03316539 0.04768002
v 0.00258493 -0.03519690 0.04624974
v 0.00520652 -0.03330385 0.04735362
v 0.00258493 -0.03519690 0.04624974
v 0.00528085 -0.03559345 0.04567617
v 0.00520652 -0.03330385 0.04735362
v 0.00520652 -0.03330385 0.04735362
v 0.00528085 -0.03559345 0.04567617
v 0.00701964 -0.03443658 0.04629856
v 0.01074427 -0.03487789 0.04513955
v 0.00873214 -0.03363448 0.04654723
v 0.00896543 -0.03533959 0.04521834
v 0.00896543 -0.03533959 0.04521834
v 0.00873214 -0.03363448 0.04654723
v 0.00701964 -0.03443658 0.04629856
v 0.00896543 -0.03533959 0.04521834
v 0.00701964 -0.03443658 0.04629856
v 0.00719809 -0.03612715 0.04493170
v 0.00719809 -0.03612715 0.04493170
v 0.00701964 -0.03443658 0.04629856
v 0.00528085 -0.03559345 0.04567617
v 0.00528085 -0.03559345 0.04567617
v 0.00258493 -0.03519690 0.04624974
v 0.00346386 -0.03664445 0.04500216
v 0.00346386 -0.03664445 0.04500216
v 0.00258493 -0.03519690 0.04624974
v 0.00157797 -0.03704762 0.04477483
v 0.00157797 -0.03704762 0.04477483
v 0.00258493 -0.03519690 0.04624974
v 0.00000000 -0.03634613 0.04540973
v 0.04265457 -0.00000021 0.03558397
v 0.04120200 -0.00000018 0.03726226
v 0.04262894 -0.00332415 0.03549957
v 0.04262894 -0.00332415 0.03549957
v 0.04120200 -0.00000018 0.03726226
v 0.04096925 -0.00282693 0.03744268
v 0.04262894 -0.00332415 0.03549957
v 0.04096925 -0.00282693 0.03744268
v 0.04141026 -0.00598234 0.03660583
v 0.03940320 -0.01202833 0.03756326
v 0.03997313 -0.01002061 0.03746360
v 0.03749394 -0.01151943 0.03976106
v 0.03940320 -0.01202833 0.03756326
v 0.03749394 -0.01151943 0.03976106
v 0.03685051 -0.01338464 0.03991430
v 0.03110712 -0.02332508 0.04123079
v 0.03182888 -0.02064347 0.04196691
v 0.02927577 -0.02284497 0.04303991
v 0.03110712 -0.02332508 0.04123079
v 0.02927577 -0.02284497 0.04303991
v 0.02952802 -0.02439486 0.04200851
v 0.02365911 -0.02868902 0.04372227
v 0.02484071 -0.02715951 0.04390197
v 0.02336627 -0.02676510 0.04503244
v 0.02365911 -0.02868902 0.04372227
v 0.02336627 -0.02676510 0.04503244
v 0.02189534 -0.02913135 0.04450553
v 0.01800560 -0.03109574 0.04523748
v 0.02020299 -0.02959328 0.04513108
v 0.01825422 -0.02881950 0.04646646
v 0.01800560 -0.03109574 0.04523748
v 0.01825422 -0.02881950 0.04646646
v 0.01616233 -0.03009802 0.04659914
v 0.01459932 -0.03179550 0.04614770
v 0.01616233 -0.03009802 0.04659914
v 0.01405727 -0.02982383 0.04747962
v 0.04120200 -0.00000018 0.03726226
v 0.03930681 -0.00000019 0.03925663
v 0.04096925 -0.00282693 0.03744268
v 0.04096925 -0.00282693 0.03744268
v 0.03930681 -0.00000019 0.03925663
v 0.03927683 -0.00264221 0.03922927
v 0.04096925 -0.00282693 0.03744268
v 0.03927683 -0.00264221 0.03922927
v 0.03962743 -0.00580233 0.03859758
v 0.03685051 -0.01338464 0.03991430
v 0.03749394 -0.01151943 0.03976106
v 0.03486359 -0.01190406 0.04215019
v 0.03685051 -0.01338464 0.03991430
v 0.03486359 -0.01190406 0.04215019
v 0.03392076 -0.01484113 0.04224336
v 0.02927577 -0.02284497 0.04303991
v 0.02915424 -0.02151197 0.04371303
v 0.02705252 -0.02235245 0.04481029
v 0.02927577 -0.02284497 0.04303991
v 0.02705252 -0.02235245 0.04481029
v 0.02752286 -0.02482587 0.04335129
v 0.02752286 -0.02482587 0.04335129
v 0.02705252 -0.02235245 0.04481029
v 0.02582138 -0.02427566 0.04477119
v 0.02752286 -0.02482587 0.04335129
v 0.02582138 -0.02427566 0.04477119
v 0.02637726 -0.02622961 0.04340291
v 0.02637726 -0.02622961 0.04340291
v 0.02582138 -0.02427566 0.04477119
v 0.02484071 -0.02715951 0.04390197
v 0.02484071 -0.02715951 0.04390197
v 0.02582138 -0.02427566 0.04477119
v 0.02336627 -0.02676510 0.04503244
v 0.02020299 -0.02959328 0.04513108
v 0.02058565 -0.02790093 0.04589945
v 0.01825422 -0.02881950 0.04646646
v 0.03787124 -0.00461513 0.04047375
v 0.03715407 -0.00000025 0.04131990
v 0.03547507 -0.00503498 0.04257619
v 0.03787124 -0.00461513 0.04047375
v 0.03547507 -0.00503498 0.04257619
v 0.03644055 -0.00792670 0.04144632
v 0.03604495 -0.01026743 0.04141461
v 0.03644055 -0.00792670 0.04144632
v 0.03486359 -0.01190406 0.04215019
v 0.03392076 -0.01484113 0.04224336
v 0.03486359 -0.01190406 0.04215019
v 0.03206080 -0.01382130 0.04396277
v 0.03392076 -0.01484113 0.04224336
v 0.03206080 -0.01382130 0.04396277
v 0.03180855 -0.01586133 0.04365974
v 0.03092128 -0.01957982 0.04315394
v 0.03142136 -0.01771128 0.04341602
v 0.02840095 -0.02012592 0.04475921
v 0.03092128 -0.01957982 0.04315394
v 0.02840095 -0.02012592 0.04475921
v 0.02915424 -0.02151197 0.04371303
v 0.02915424 -0.02151197 0.04371303
v 0.02840095 -0.02012592 0.04475921
v 0.02705252 -0.02235245 0.04481029
v 0.02336627 -0.02676510 0.04503244
v 0.02191561 -0.02624052 0.04605460
v 0.02058565 -0.02790093 0.04589945
v 0.01825422 -0.02881950 0.04646646
v 0.01668649 -0.02817809 0.04740989
v 0.01616233 -0.03009802 0.04659914
v 0.00719809 -0.03612715 0.04493170
v 0.00528085 -0.03559345 0.04567617
v 0.00540686 -0.03722274 0.04425376
v 0.00540686 -0.03722274 0.04425376
v 0.00528085 -0.03559345 0.04567617
v 0.00346386 -0.03664445 0.04500216
v 0.01772809 -0.03294122 0.04402518
v 0.01585859 -0.03301310 0.04481357
v 0.01629555 -0.03443598 0.04346352
v 0.01629555 -0.03443598 0.04346352
v 0.01585859 -0.03301310 0.04481357
v 0.01419323 -0.03371405 0.04493606
v 0.01629555 -0.03443598 0.04346352
v 0.01419323 -0.03371405 0.04493606
v 0.01457691 -0.03517550 0.04356777
v 0.01457691 -0.03517550 0.04356777
v 0.01419323 -0.03371405 0.04493606
v 0.01248759 -0.03433620 0.04504472
v 0.01457691 -0.03517550 0.04356777
v 0.01248759 -0.03433620 0.04504472
v 0.01281774 -0.03583204 0.04365891
v 0.01281774 -0.03583204 0.04365891
v 0.01248759 -0.03433620 0.04504472
v 0.01074427 -0.03487789 0.04513955
v 0.01281774 -0.03583204 0.04365891
v 0.01074427 -0.03487789 0.04513955
v 0.01102125 -0.03640407 0.04373687
v 0.01102125 -0.03640407 0.04373687
v 0.01074427 -0.03487789 0.04513955
v 0.00896543 -0.03533959 0.04521834
v 0.01102125 -0.03640407 0.04373687
v 0.00896543 -0.03533959 0.04521834
v 0.00919044 -0.03689098 0.04380077
v 0.00919044 -0.03689098 0.04380077
v 0.00896543 -0.03533959 0.04521834
v 0.00719809 -0.03612715 0.04493170
v 0.00157797 -0.03704762 0.04477483
v 0.00000000 -0.03767436 0.04421544
v 0.00000000 -0.03812956 0.04377865
v 0.00919044 -0.03689098 0.04380077
v 0.00719809 -0.03612715 0.04493170
v 0.00737089 -0.03765934 0.04347991
v 0.00737089 -0.03765934 0.04347991
v 0.00719809 -0.03612715 0.04493170
v 0.00540686 -0.03722274 0.04425376
v 0.00540686 -0.03722274 0.04425376
v 0.00346386 -0.03664445 0.04500216
v 0.00354153 -0.03820341 0.04353064
v 0.00354153 -0.03820341 0.04353064
v 0.00346386 -0.03664445 0.04500216
v 0.00157797 -0.03704762 0.04477483
v 0.02146440 -0.03233045 0.04240190
v 0.01933068 -0.03206318 0.04388791
v 0.01986140 -0.03333222 0.04252946
v 0.01986140 -0.03333222 0.04252946
v 0.01933068 -0.03206318 0.04388791
v 0.01772809 -0.03294122 0.04402518
v 0.01986140 -0.03333222 0.04252946
v 0.01772809 -0.03294122 0.04402518
v 0.01820784 -0.03425461 0.04264712
v 0.01820784 -0.03425461 0.04264712
v 0.01772809 -0.03294122 0.04402518
v 0.01629555 -0.03443598 0.04346352
v 0.00354153 -0.03820341 0.04353064
v 0.00157797 -0.03704762 0.04477483
v 0.00159878 -0.03857475 0.04328554
v 0.00159878 -0.03857475 0.04328554
v 0.00157797 -0.03704762 0.04477483
v 0.00000000 -0.03812956 0.04377865
v 0.02558541 -0.02835655 0.04261422
v 0.02637726 -0.02622961 0.04340291
v 0.02484071 -0.02715951 0.04390197
v 0.02558541 -0.02835655 0.04261422
v 0.02484071 -0.02715951 0.04390197
v 0.02365911 -0.02868902 0.04372227
v 0.01130235 -0.03295958 0.04640483
v 0.01459932 -0.03179550 0.04614770
v 0.01116853 -0.03133744 0.04745239
v 0.03047204 -0.02537739 0.04052793
v 0.03110712 -0.02332508 0.04123079
v 0.02952802 -0.02439486 0.04200851
v 0.03047204 -0.02537739 0.04052793
v 0.02952802 -0.02439486 0.04200851
v 0.02842485 -0.02598798 0.04195940
v 0.02434116 -0.02982956 0.04245162
v 0.02558541 -0.02835655 0.04261422
v 0.02365911 -0.02868902 0.04372227
v 0.02434116 -0.02982956 0.04245162
v 0.02365911 -0.02868902 0.04372227
v 0.02254480 -0.03038567 0.04326099
v 0.01933068 -0.03206318 0.04388791
v 0.02088367 -0.03111004 0.04373931
v 0.01800560 -0.03109574 0.04523748
v 0.01585859 -0.03301310 0.04481357
v 0.01800560 -0.03109574 0.04523748
v 0.01459932 -0.03179550 0.04614770
v 0.00873214 -0.03363448 0.04654723
v 0.01130235 -0.03295958 0.04640483
v 0.00861406 -0.03163337 0.04784631
v 0.00873214 -0.03363448 0.04654723
v 0.00861406 -0.03163337 0.04784631
v 0.00687110 -0.03256410 0.04758566
v 0.03259891 -0.02212852 0.04048651
v 0.03398299 -0.02070420 0.03988611
v 0.03182888 -0.02064347 0.04196691
v 0.03259891 -0.02212852 0.04048651
v 0.03182888 -0.02064347 0.04196691
v 0.03110712 -0.02332508 0.04123079
v 0.02842485 -0.02598798 0.04195940
v 0.02952802 -0.02439486 0.04200851
v 0.02752286 -0.02482587 0.04335129
v 0.02842485 -0.02598798 0.04195940
v 0.02752286 -0.02482587 0.04335129
v 0.02637726 -0.02622961 0.04340291
v 0.01800560 -0.03109574 0.04523748
v 0.01616233 -0.03009802 0.04659914
v 0.01459932 -0.03179550 0.04614770
v 0.01459932 -0.03179550 0.04614770
v 0.01405727 -0.02982383 0.04747962
v 0.01116853 -0.03133744 0.04745239
v 0.00737089 -0.03765934 0.04347991
v 0.00540686 -0.03722274 0.04425376
v 0.00552928 -0.03868871 0.04275161
v 0.00552928 -0.03868871 0.04275161
v 0.00540686 -0.03722274 0.04425376
v 0.00354153 -0.03820341 0.04353064
v 0.00159878 -0.03857475 0.04328554
v 0.00000000 -0.03812956 0.04377865
v 0.00000000 -0.03857988 0.04331225
v 0.01820784 -0.03425461 0.04264712
v 0.01629555 -0.03443598 0.04346352
v 0.01682001 -0.03602266 0.04165410
v 0.01682001 -0.03602266 0.04165410
v 0.01629555 -0.03443598 0.04346352
v 0.01457691 -0.03517550 0.04356777
v 0.01682001 -0.03602266 0.04165410
v 0.01457691 -0.03517550 0.04356777
v 0.01494616 -0.03649324 0.04210817
v 0.01494616 -0.03649324 0.04210817
v 0.01457691 -0.03517550 0.04356777
v 0.01281774 -0.03583204 0.04365891
v 0.01494616 -0.03649324 0.04210817
v 0.01281774 -0.03583204 0.04365891
v 0.01313591 -0.03717964 0.04218333
v 0.01313591 -0.03717964 0.04218333
v 0.01281774 -0.03583204 0.04365891
v 0.01102125 -0.03640407 0.04373687
v 0.01313591 -0.03717964 0.04218333
v 0.01102125 -0.03640407 0.04373687
v 0.01128882 -0.03777742 0.04224717
v 0.01128882 -0.03777742 0.04224717
v 0.01102125 -0.03640407 0.04373687
v 0.00919044 -0.03689098 0.04380077
v 0.01128882 -0.03777742 0.04224717
v 0.00919044 -0.03689098 0.04380077
v 0.00940800 -0.03828567 0.04229885
v 0.00940800 -0.03828567 0.04229885
v 0.00919044 -0.03689098 0.04380077
v 0.00737089 -0.03765934 0.04347991
v 0.00159878 -0.03857475 0.04328554
v 0.00000000 -0.03857988 0.04331225
v 0.00000000 -0.03891927 0.04294955
v 0.02629131 -0.02935856 0.04130029
v 0.02731430 -0.02757531 0.04180896
v 0.02558541 -0.02835655 0.04261422
v 0.02629131 -0.02935856 0.04130029
v 0.02558541 -0.02835655 0.04261422
v 0.02434116 -0.02982956 0.04245162
v 0.01248759 -0.03433620 0.04504472
v 0.01419323 -0.03371405 0.04493606
v 0.01130235 -0.03295958 0.04640483
v 0.00701964 -0.03443658 0.04629856
v 0.00873214 -0.03363448 0.04654723
v 0.00687110 -0.03256410 0.04758566
v 0.00701964 -0.03443658 0.04629856
v 0.00687110 -0.03256410 0.04758566
v 0.00520652 -0.03330385 0.04735362
v 0.02629131 -0.02935856 0.04130029
v 0.02434116 -0.02982956 0.04245162
v 0.02499639 -0.03085720 0.04109412
v 0.02499639 -0.03085720 0.04109412
v 0.02434116 -0.02982956 0.04245162
v 0.02316737 -0.03152459 0.04192245
v 0.00940800 -0.03828567 0.04229885
v 0.00737089 -0.03765934 0.04347991
v 0.00753838 -0.03903007 0.04194843
v 0.00753838 -0.03903007 0.04194843
v 0.00737089 -0.03765934 0.04347991
v 0.00552928 -0.03868871 0.04275161
v 0.00552928 -0.03868871 0.04275161
v 0.00354153 -0.03820341 0.04353064
v 0.00361735 -0.03959465 0.04198449
v 0.00361735 -0.03959465 0.04198449
v 0.00354153 -0.03820341 0.04353064
v 0.00159878 -0.03857475 0.04328554
v 0.00361735 -0.03959465 0.04198449
v 0.00159878 -0.03857475 0.04328554
v 0.00163800 -0.03977745 0.04193115
v 0.00163800 -0.03977745 0.04193115
v 0.00159878 -0.03857475 0.04328554
v 0.00000000 -0.03940296 0.04240739
v 0.00163800 -0.03977745 0.04193115
v 0.00000000 -0.03940296 0.04240739
v 0.00000000 -0.03999954 0.04170364
v 0.01459932 -0.03179550 0.04614770
v 0.01130235 -0.03295958 0.04640483
v 0.01419323 -0.03371405 0.04493606
v 0.01459932 -0.03179550 0.04614770
v 0.01419323 -0.03371405 0.04493606
v 0.01585859 -0.03301310 0.04481357
v 0.01800560 -0.03109574 0.04523748
v 0.01585859 -0.03301310 0.04481357
v 0.01772809 -0.03294122 0.04402518
v 0.01800560 -0.03109574 0.04523748
v 0.01772809 -0.03294122 0.04402518
v 0.01933068 -0.03206318 0.04388791
v 0.02842485 -0.02598798 0.04195940
v 0.02731430 -0.02757531 0.04180896
v 0.02955657 -0.02725476 0.04004496
v 0.02842485 -0.02598798 0.04195940
v 0.02955657 -0.02725476 0.04004496
v 0.03047204 -0.02537739 0.04052793
v 0.03110712 -0.02332508 0.04123079
v 0.03047204 -0.02537739 0.04052793
v 0.03245687 -0.02451211 0.03912663
v 0.03110712 -0.02332508 0.04123079
v 0.03245687 -0.02451211 0.03912663
v 0.03259891 -0.02212852 0.04048651
v 0.03259891 -0.02212852 0.04048651
v 0.03245687 -0.02451211 0.03912663
v 0.03370136 -0.02256476 0.03908652
v 0.03259891 -0.02212852 0.04048651
v 0.03370136 -0.02256476 0.03908652
v 0.03398299 -0.02070420 0.03988611
v 0.01116853 -0.03133744 0.04745239
v 0.00861406 -0.03163337 0.04784631
v 0.01130235 -0.03295958 0.04640483
v 0.02020299 -0.02959328 0.04513108
v 0.01800560 -0.03109574 0.04523748
v 0.02088367 -0.03111004 0.04373931
v 0.02020299 -0.02959328 0.04513108
v 0.02088367 -0.03111004 0.04373931
v 0.02189534 -0.02913135 0.04450553
v 0.02189534 -0.02913135 0.04450553
v 0.02088367 -0.03111004 0.04373931
v 0.02254480 -0.03038567 0.04326099
v 0.02189534 -0.02913135 0.04450553
v 0.02254480 -0.03038567 0.04326099
v 0.02365911 -0.02868902 0.04372227
v 0.02637726 -0.02622961 0.04340291
v 0.02558541 -0.02835655 0.04261422
v 0.02731430 -0.02757531 0.04180896
v 0.02637726 -0.02622961 0.04340291
v 0.02731430 -0.02757531 0.04180896
v 0.02842485 -0.02598798 0.04195940
v 0.03398299 -0.02070420 0.03988611
v 0.03370136 -0.02256476 0.03908652
v 0.03590774 -0.02124094 0.03741019
v 0.03590774 -0.02124094 0.03741019
v 0.03370136 -0.02256476 0.03908652
v 0.03482663 -0.02324581 0.03732132
v 0.03590774 -0.02124094 0.03741019
v 0.03482663 -0.02324581 0.03732132
v 0.03584033 -0.02388387 0.03550034
v 0.03590774 -0.02124094 0.03741019
v 0.03584033 -0.02388387 0.03550034
v 0.03728324 -0.02144235 0.03550052
v 0.02316737 -0.03152459 0.04192245
v 0.02146440 -0.03233045 0.04240190
v 0.02202141 -0.03342205 0.04098010
v 0.02202141 -0.03342205 0.04098010
v 0.02146440 -0.03233045 0.04240190
v 0.01986140 -0.03333222 0.04252946
v 0.02202141 -0.03342205 0.04098010
v 0.01986140 -0.03333222 0.04252946
v 0.02037084 -0.03446626 0.04108613
v 0.02037084 -0.03446626 0.04108613
v 0.01986140 -0.03333222 0.04252946
v 0.01820784 -0.03425461 0.04264712
v 0.02037084 -0.03446626 0.04108613
v 0.01820784 -0.03425461 0.04264712
v 0.01866888 -0.03542840 0.04118311
v 0.01866888 -0.03542840 0.04118311
v 0.01820784 -0.03425461 0.04264712
v 0.01682001 -0.03602266 0.04165410
v 0.04141026 -0.00598234 0.03660583
v 0.04096925 -0.00282693 0.03744268
v 0.03962743 -0.00580233 0.03859758
v 0.04141026 -0.00598234 0.03660583
v 0.03962743 -0.00580233 0.03859758
v 0.03964495 -0.00780648 0.03829622
v 0.03997313 -0.01002061 0.03746360
v 0.03964495 -0.00780648 0.03829622
v 0.03796279 -0.00952780 0.03972530
v 0.03997313 -0.01002061 0.03746360
v 0.03796279 -0.00952780 0.03972530
v 0.03749394 -0.01151943 0.03976106
v 0.03182888 -0.02064347 0.04196691
v 0.03358227 -0.01818174 0.04143321
v 0.03092128 -0.01957982 0.04315394
v 0.02952802 -0.02439486 0.04200851
v 0.02927577 -0.02284497 0.04303991
v 0.02752286 -0.02482587 0.04335129
v 0.02189534 -0.02913135 0.04450553
v 0.02336627 -0.02676510 0.04503244
v 0.02058565 -0.02790093 0.04589945
v 0.02189534 -0.02913135 0.04450553
v 0.02058565 -0.02790093 0.04589945
v 0.02020299 -0.02959328 0.04513108
v 0.01130235 -0.03295958 0.04640483
v 0.00873214 -0.03363448 0.04654723
v 0.01074427 -0.03487789 0.04513955
v 0.01130235 -0.03295958 0.04640483
v 0.01074427 -0.03487789 0.04513955
v 0.01248759 -0.03433620 0.04504472
v 0.02088367 -0.03111004 0.04373931
v 0.01933068 -0.03206318 0.04388791
v 0.02146440 -0.03233045 0.04240190
v 0.02088367 -0.03111004 0.04373931
v 0.02146440 -0.03233045 0.04240190
v 0.02254480 -0.03038567 0.04326099
v 0.02254480 -0.03038567 0.04326099
v 0.02146440 -0.03233045 0.04240190
v 0.02316737 -0.03152459 0.04192245
v 0.02254480 -0.03038567 0.04326099
v 0.02316737 -0.03152459 0.04192245
v 0.02434116 -0.02982956 0.04245162
v 0.02731430 -0.02757531 0.04180896
v 0.02629131 -0.02935856 0.04130029
v 0.02837795 -0.02888470 0.03983086
v 0.02731430 -0.02757531 0.04180896
v 0.02837795 -0.02888470 0.03983086
v 0.02955657 -0.02725476 0.04004496
v 0.03161412 -0.02641910 0.03856498
v 0.02955657 -0.02725476 0.04004496
v 0.03103095 -0.02843385 0.03735697
v 0.03103095 -0.02843385 0.03735697
v 0.02955657 -0.02725476 0.04004496
v 0.02837795 -0.02888470 0.03983086
v 0.02727699 -0.03066128 0.03923082
v 0.02562654 -0.03176343 0.03966498
v 0.02654945 -0.03274357 0.03760755
v 0.02654945 -0.03274357 0.03760755
v 0.02562654 -0.03176343 0.03966498
v 0.02434432 -0.03342723 0.03901159
v 0.00166529 -0.04114687 0.04009592
v 0.00000000 -0.04113960 0.04014790
v 0.00000000 -0.04185944 0.03899914
v 0.03661715 0.02135217 0.04166364
v 0.03646373 0.04270416 0.04148906
v 0.03427970 0.04270416 0.04331111
v 0.03646373 0.04270416 0.04148906
v 0.03621006 0.06405359 0.04120028
v 0.03404098 0.06405359 0.04300969
v 0.00000021 0.07485610 -0.05460959
v 0.00000000 0.08539927 -0.05431473
v 0.00279599 0.08539927 -0.05424273
v 0.00276059 0.10674010 0.05355525
v 0.00000000 0.10166260 0.05380398
v 0.00000024 0.09100949 0.05415683
v 0.00000000 0.12300000 -0.05299997
v 0.00272834 0.12300000 -0.05292958
v 0.00276059 0.10674010 -0.05355525
v 0.03610503 -0.00000000 0.04221975
v 0.03661715 0.02135217 0.04166364
v 0.03400999 -0.00240731 0.04390621
v 0.03400999 -0.00240731 0.04390621
v 0.03661715 0.02135217 0.04166364
v 0.03442382 0.02135217 0.04349344
v 0.03400999 -0.00240731 0.04390621
v 0.03442382 0.02135217 0.04349344
v 0.03213930 0.02135217 0.04520785
v 0.03400999 -0.00240731 0.04390621
v 0.03213930 0.02135217 0.04520785
v 0.03206562 -0.00171703 0.04534685
v 0.03206562 -0.00171703 0.04534685
v 0.03213930 0.02135217 0.04520785
v 0.02999067 -0.00217098 0.04674309
v 0.02999067 -0.00217098 0.04674309
v 0.03213930 0.02135217 0.04520785
v 0.02976942 0.02135217 0.04680252
v 0.02999067 -0.00217098 0.04674309
v 0.02976942 0.02135217 0.04680252
v 0.02787309 -0.00044801 0.04805213
v 0.02787309 -0.00044801 0.04805213
v 0.02976942 0.02135217 0.04680252
v 0.02595603 0.02139312 0.04903936
v 0.02787309 -0.00044801 0.04805213
v 0.02595603 0.02139312 0.04903936
v 0.02565437 -0.00044977 0.04927331
v 0.02565437 -0.00044977 0.04927331
v 0.02595603 0.02139312 0.04903936
v 0.02342540 -0.00179660 0.05035769
v 0.02342540 -0.00179660 0.05035769
v 0.02595603 0.02139312 0.04903936
v 0.02221238 0.02135217 0.05082625
v 0.02342540 -0.00179660 0.05035769
v 0.02221238 0.02135217 0.05082625
v 0.02146255 -0.00162530 0.05123102
v 0.02146255 -0.00162530 0.05123102
v 0.02221238 0.02135217 0.05082625
v 0.01941502 -0.00195611 0.05204164
v 0.01941502 -0.00195611 0.05204164
v 0.02221238 0.02135217 0.05082625
v 0.01956629 0.02135217 0.05190235
v 0.01941502 -0.00195611 0.05204164
v 0.01956629 0.02135217 0.05190235
v 0.01686865 0.02135217 0.05284065
v 0.01941502 -0.00195611 0.05204164
v 0.01686865 0.02135217 0.05284065
v 0.01668292 -0.00178140 0.05297303
v 0.01668292 -0.00178140 0.05297303
v 0.01686865 0.02135217 0.05284065
v 0.01415914 -0.00222993 0.05370092
v 0.01415914 -0.00222993 0.05370092
v 0.01686865 0.02135217 0.05284065
v 0.01412606 0.02135217 0.05363905
v 0.01415914 -0.00222993 0.05370092
v 0.01412606 0.02135217 0.05363905
v 0.01177400 -0.00178516 0.05427849
v 0.01177400 -0.00178516 0.05427849
v 0.01412606 0.02135217 0.05363905
v 0.00981271 0.02139270 0.05461031
v 0.01177400 -0.00178516 0.05427849
v 0.00981271 0.02139270 0.05461031
v 0.00946361 -0.00152189 0.05472898
v 0.00946361 -0.00152189 0.05472898
v 0.00981271 0.02139270 0.05461031
v 0.00720835 -0.00097185 0.05508100
v 0.00720835 -0.00097185 0.05508100
v 0.00981271 0.02139270 0.05461031
v 0.00570327 0.02135217 0.05517399
v 0.00720835 -0.00097185 0.05508100
v 0.00570327 0.02135217 0.05517399
v 0.00490004 -0.00036478 0.05533349
v 0.00490004 -0.00036478 0.05533349
v 0.00570327 0.02135217 0.05517399
v 0.00285542 0.02135217 0.05539447
v 0.00490004 -0.00036478 0.05533349
v 0.00285542 0.02135217 0.05539447
v 0.00208288 -0.00138366 0.05550771
v 0.00285542 0.02135217 0.05539447
v 0.00000000 0.01932507 0.05548536
v 0.00000000 0.01627171 0.05550092
v 0.00000000 0.01627171 0.05550092
v 0.00000000 -0.00194150 0.05553853
v 0.00285542 0.02135217 0.05539447
v 0.00285542 0.02135217 0.05539447
v 0.00000000 -0.00194150 0.05553853
v 0.00208288 -0.00138366 0.05550771
v 0.00341535 0.04510211 -0.05510109
v 0.00000000 0.04443138 -0.05521589
v 0.00000000 0.06405359 -0.05485111
v 0.00341535 0.04510211 -0.05510109
v 0.00000000 0.06405359 -0.05485111
v 0.00282359 0.06405359 -0.05477827
v 0.00341535 0.04510211 -0.05510109
v 0.00282359 0.06405359 -0.05477827
v 0.00563979 0.06405359 -0.05456036
v 0.00341535 0.04510211 -0.05510109
v 0.00563979 0.06405359 -0.05456036
v 0.00597948 0.04581320 -0.05486541
v 0.00861508 0.04672700 -0.05450493
v 0.00597948 0.04581320 -0.05486541
v 0.00563979 0.06405359 -0.05456036
v 0.00844103 0.06405359 -0.05419754
v 0.00861508 0.04672700 -0.05450493
v 0.00563979 0.06405359 -0.05456036
v 0.01121973 0.06405359 -0.05369126
v 0.01185619 0.04816180 -0.05386912
v 0.00844103 0.06405359 -0.05419754
v 0.00844103 0.06405359 -0.05419754
v 0.01185619 0.04816180 -0.05386912
v 0.00861508 0.04672700 -0.05450493
v 0.01185619 0.04816180 -0.05386912
v 0.01121973 0.06405359 -0.05369126
v 0.01396894 0.06405359 -0.05304253
v 0.01185619 0.04816180 -0.05386912
v 0.01396894 0.06405359 -0.05304253
v 0.01561701 0.05024832 -0.05287313
v 0.01668101 0.06405359 -0.05225300
v 0.01561701 0.05024832 -0.05287313
v 0.01396894 0.06405359 -0.05304253
v 0.01668101 0.06405359 -0.05225300
v 0.01986533 0.05270713 -0.05138689
v 0.01561701 0.05024832 -0.05287313
v 0.03986078 0.08539927 -0.03689450
v 0.03888571 0.06368869 -0.03871566
v 0.03790861 0.08539927 -0.03889757
v 0.04344302 0.08539927 -0.03260046
v 0.04276275 0.06592655 -0.03432625
v 0.04170709 0.08539927 -0.03479361
v 0.04170709 0.08539927 -0.03479361
v 0.04276275 0.06592655 -0.03432625
v 0.03986078 0.08539927 -0.03689450
v 0.03986078 0.08539927 -0.03689450
v 0.04276275 0.06592655 -0.03432625
v 0.03888571 0.06368869 -0.03871566
v 0.04480177 0.09571301 -0.03017568
v 0.04601848 0.06780576 -0.02972304
v 0.04344302 0.08539927 -0.03260046
v 0.04344302 0.08539927 -0.03260046
v 0.04601848 0.06780576 -0.02972304
v 0.04276275 0.06592655 -0.03432625
v 0.04629606 0.09579145 -0.02782404
v 0.04766905 0.09574109 -0.02540445
v 0.04828959 0.06911832 -0.02578985
v 0.04629606 0.09579145 -0.02782404
v 0.04828959 0.06911832 -0.02578985
v 0.04601848 0.06780576 -0.02972304
v 0.04629606 0.09579145 -0.02782404
v 0.04601848 0.06780576 -0.02972304
v 0.04480177 0.09571301 -0.03017568
v 0.04999899 0.09637045 -0.02038121
v 0.05005133 0.07013487 -0.02213817
v 0.04888612 0.09560793 -0.02298462
v 0.04888612 0.09560793 -0.02298462
v 0.05005133 0.07013487 -0.02213817
v 0.04766905 0.09574109 -0.02540445
v 0.04766905 0.09574109 -0.02540445
v 0.05005133 0.07013487 -0.02213817
v 0.04828959 0.06911832 -0.02578985
v 0.05098682 0.09638994 -0.01776540
v 0.05183964 0.09629404 -0.01510971
v 0.05208140 0.07130664 -0.01676231
v 0.05098682 0.09638994 -0.01776540
v 0.05208140 0.07130664 -0.01676231
v 0.04999899 0.09637045 -0.02038121
v 0.04999899 0.09637045 -0.02038121
v 0.05208140 0.07130664 -0.01676231
v 0.05005133 0.07013487 -0.02213817
v 0.05309385 0.09677034 -0.00973791
v 0.05347180 0.07211029 -0.01143765
v 0.05253309 0.09598916 -0.01252818
v 0.05253309 0.09598916 -0.01252818
v 0.05347180 0.07211029 -0.01143765
v 0.05183964 0.09629404 -0.01510971
v 0.05183964 0.09629404 -0.01510971
v 0.05347180 0.07211029 -0.01143765
v 0.05208140 0.07130664 -0.01676231
v 0.05425930 0.07256531 -0.00674540
v 0.05382639 0.09653323 -0.00418359
v 0.05458676 0.07275593 -0.00295383
v 0.05309385 0.09677034 -0.00973791
v 0.05425930 0.07256531 -0.00674540
v 0.05347180 0.07211029 -0.01143765
v 0.05464613 0.07278895 0.00166017
v 0.05458676 0.07275593 -0.00295383
v 0.05397284 0.09642803 -0.00145107
v 0.05397284 0.09642803 -0.00145107
v 0.05458676 0.07275593 -0.00295383
v 0.05382639 0.09653323 -0.00418359
v 0.05464613 0.07278895 0.00166017
v 0.05382174 0.09694063 0.00405639
v 0.05434453 0.07261365 0.00594437
v 0.05434453 0.07261365 0.00594437
v 0.05382174 0.09694063 0.00405639
v 0.05356180 0.09615898 0.00688058
v 0.05356180 0.09615898 0.00688058
v 0.05374217 0.07226598 0.01011329
v 0.05434453 0.07261365 0.00594437
v 0.05255895 0.09670579 0.01231479
v 0.05319643 0.07195109 0.01265805
v 0.05374217 0.07226598 0.01011329
v 0.05186772 0.09658074 0.01497697
v 0.05319643 0.07195109 0.01265805
v 0.05255895 0.09670579 0.01231479
v 0.05104982 0.09618681 0.01760494
v 0.05198115 0.07124942 0.01704394
v 0.05186772 0.09658074 0.01497697
v 0.05186772 0.09658074 0.01497697
v 0.05198115 0.07124942 0.01704394
v 0.05319643 0.07195109 0.01265805
v 0.05009400 0.09561342 0.02021896
v 0.05028682 0.07027083 0.02158892
v 0.05198115 0.07124942 0.01704394
v 0.05009400 0.09561342 0.02021896
v 0.05198115 0.07124942 0.01704394
v 0.05104982 0.09618681 0.01760494
v 0.05028682 0.07027083 0.02158892
v 0.05009400 0.09561342 0.02021896
v 0.04895067 0.09610718 0.02280730
v 0.05028682 0.07027083 0.02158892
v 0.04895067 0.09610718 0.02280730
v 0.04843819 0.06920409 0.02551192
v 0.04843819 0.06920409 0.02551192
v 0.04895067 0.09610718 0.02280730
v 0.04773569 0.09585851 0.02526980
v 0.04843819 0.06920409 0.02551192
v 0.04773569 0.09585851 0.02526980
v 0.04636442 0.09554708 0.02772641
v 0.04843819 0.06920409 0.02551192
v 0.04636442 0.09554708 0.02772641
v 0.04625362 0.06794238 0.02934354
v 0.04625362 0.06794238 0.02934354
v 0.04636442 0.09554708 0.02772641
v 0.04419386 0.08553785 0.03159666
v 0.04625362 0.06794238 0.02934354
v 0.04419386 0.08553785 0.03159666
v 0.04386836 0.06656527 0.03285443
v 0.04386836 0.06656527 0.03285443
v 0.04419386 0.08553785 0.03159666
v 0.04076564 0.08563500 0.03590744
v 0.04386836 0.06656527 0.03285443
v 0.04076564 0.08563500 0.03590744
v 0.04179489 0.06536817 0.03550004
v 0.04179489 0.06536817 0.03550004
v 0.04076564 0.08563500 0.03590744
v 0.04025441 0.06405359 0.03725880
v 0.04179489 0.06536817 0.03550004
v 0.04025441 0.06405359 0.03725880
v 0.04053652 0.04270416 0.03751999
v 0.04179489 0.06536817 0.03550004
v 0.04053652 0.04270416 0.03751999
v 0.04262900 0.02223652 0.03550004
v 0.04262900 0.02223652 0.03550004
v 0.04053652 0.04270416 0.03751999
v 0.04104632 0.02075302 0.03732454
v 0.04262900 0.02223652 0.03550004
v 0.04104632 0.02075302 0.03732454
v 0.04272127 -0.00000255 0.03550297
v 0.00276059 0.10674010 -0.05355525
v 0.00272834 0.12300000 -0.05292958
v 0.00664526 0.10682010 -0.05322659
v 0.00664526 0.10682010 -0.05322659
v 0.00272834 0.12300000 -0.05292958
v 0.00704616 0.12300000 -0.05254560
v 0.00664526 0.10682010 -0.05322659
v 0.00704616 0.12300000 -0.05254560
v 0.01208287 0.10682000 -0.05226123
v 0.01208287 0.10682000 -0.05226123
v 0.00704616 0.12300000 -0.05254560
v 0.01241165 0.12300000 -0.05154258
v 0.01208287 0.10682000 -0.05226123
v 0.01241165 0.12300000 -0.05154258
v 0.01739227 0.10681980 -0.05074191
v 0.01739227 0.10681980 -0.05074191
v 0.01241165 0.12300000 -0.05154258
v 0.01611799 0.12300000 -0.05048966
v 0.01739227 0.10681980 -0.05074191
v 0.01611799 0.12300000 -0.05048966
v 0.02019572 0.12300000 -0.04901868
v 0.01739227 0.10681980 -0.05074191
v 0.02019572 0.12300000 -0.04901868
v 0.02251750 0.10681990 -0.04868459
v 0.02251750 0.10681990 -0.04868459
v 0.02019572 0.12300000 -0.04901868
v 0.02512890 0.12300000 -0.04668223
v 0.02251750 0.10681990 -0.04868459
v 0.02512890 0.12300000 -0.04668223
v 0.02641350 0.10674010 -0.04667025
v 0.02641350 0.10674010 -0.04667025
v 0.02512890 0.12300000 -0.04668223
v 0.02974140 0.10681960 -0.04463940
v 0.02974140 0.10681960 -0.04463940
v 0.02512890 0.12300000 -0.04668223
v 0.02979546 0.12300000 -0.04385101
v 0.02974140 0.10681960 -0.04463940
v 0.02979546 0.12300000 -0.04385101
v 0.03417348 0.10682010 -0.04134488
v 0.03417348 0.10682010 -0.04134488
v 0.02979546 0.12300000 -0.04385101
v 0.03414636 0.12300000 -0.04055500
v 0.03417348 0.10682010 -0.04134488
v 0.03414636 0.12300000 -0.04055500
v 0.03824365 0.10681990 -0.03761196
v 0.03824365 0.10681990 -0.03761196
v 0.03414636 0.12300000 -0.04055500
v 0.03813534 0.12300000 -0.03682911
v 0.03824365 0.10681990 -0.03761196
v 0.03813534 0.12300000 -0.03682911
v 0.04190826 0.10681990 -0.03348028
v 0.04190826 0.10681990 -0.03348028
v 0.03813534 0.12300000 -0.03682911
v 0.04172015 0.12300000 -0.03271269
v 0.04190826 0.10681990 -0.03348028
v 0.04172015 0.12300000 -0.03271269
v 0.04480177 0.09571301 -0.03017568
v 0.04480177 0.09571301 -0.03017568
v 0.04172015 0.12300000 -0.03271269
v 0.04486244 0.12300000 -0.02824974
v 0.04480177 0.09571301 -0.03017568
v 0.04486244 0.12300000 -0.02824974
v 0.04629606 0.09579145 -0.02782404
v 0.04629606 0.09579145 -0.02782404
v 0.04486244 0.12300000 -0.02824974
v 0.04766905 0.09574109 -0.02540445
v 0.04766905 0.09574109 -0.02540445
v 0.04486244 0.12300000 -0.02824974
v 0.04752933 0.12300000 -0.02348721
v 0.04766905 0.09574109 -0.02540445
v 0.04752933 0.12300000 -0.02348721
v 0.04888612 0.09560793 -0.02298462
v 0.04888612 0.09560793 -0.02298462
v 0.04752933 0.12300000 -0.02348721
v 0.04999899 0.09637045 -0.02038121
v 0.04999899 0.09637045 -0.02038121
v 0.04752933 0.12300000 -0.02348721
v 0.04969251 0.12300000 -0.01847577
v 0.04999899 0.09637045 -0.02038121
v 0.04969251 0.12300000 -0.01847577
v 0.05098682 0.09638994 -0.01776540
v 0.05098682 0.09638994 -0.01776540
v 0.04969251 0.12300000 -0.01847577
v 0.05183964 0.09629404 -0.01510971
v 0.05183964 0.09629404 -0.01510971
v 0.04969251 0.12300000 -0.01847577
v 0.05132871 0.12300000 -0.01326835
v 0.05183964 0.09629404 -0.01510971
v 0.05132871 0.12300000 -0.01326835
v 0.05253309 0.09598916 -0.01252818
v 0.05253309 0.09598916 -0.01252818
v 0.05132871 0.12300000 -0.01326835
v 0.05309385 0.09677034 -0.00973791
v 0.05309385 0.09677034 -0.00973791
v 0.05132871 0.12300000 -0.01326835
v 0.05242103 0.12300000 -0.00792038
v 0.05309385 0.09677034 -0.00973791
v 0.05242103 0.12300000 -0.00792038
v 0.05318260 0.10674010 -0.00688547
v 0.05318260 0.10674010 -0.00688547
v 0.05242103 0.12300000 -0.00792038
v 0.05382639 0.09653323 -0.00418359
v 0.05382639 0.09653323 -0.00418359
v 0.05242103 0.12300000 -0.00792038
v 0.05295759 0.12300000 -0.00248832
v 0.05382639 0.09653323 -0.00418359
v 0.05295759 0.12300000 -0.00248832
v 0.05397284 0.09642803 -0.00145107
v 0.05397284 0.09642803 -0.00145107
v 0.05295759 0.12300000 -0.00248832
v 0.05360853 0.10674010 0.00138062
v 0.05360853 0.10674010 0.00138062
v 0.05295759 0.12300000 -0.00248832
v 0.05293262 0.12300000 0.00296986
v 0.05360853 0.10674010 0.00138062
v 0.05293262 0.12300000 0.00296986
v 0.05382174 0.09694063 0.00405639
v 0.05382174 0.09694063 0.00405639
v 0.05293262 0.12300000 0.00296986
v 0.05356180 0.09615898 0.00688058
v 0.05356180 0.09615898 0.00688058
v 0.05293262 0.12300000 0.00296986
v 0.05234670 0.12300000 0.00839680
v 0.05356180 0.09615898 0.00688058
v 0.05234670 0.12300000 0.00839680
v 0.05275762 0.10674010 0.00961411
v 0.05275762 0.10674010 0.00961411
v 0.05234670 0.12300000 0.00839680
v 0.05255895 0.09670579 0.01231479
v 0.05255895 0.09670579 0.01231479
v 0.05234670 0.12300000 0.00839680
v 0.05120599 0.12300000 0.01373451
v 0.05255895 0.09670579 0.01231479
v 0.05120599 0.12300000 0.01373451
v 0.05186772 0.09658074 0.01497697
v 0.05186772 0.09658074 0.01497697
v 0.05120599 0.12300000 0.01373451
v 0.05104982 0.09618681 0.01760494
v 0.05104982 0.09618681 0.01760494
v 0.05120599 0.12300000 0.01373451
v 0.04952234 0.12300000 0.01892685
v 0.05104982 0.09618681 0.01760494
v 0.04952234 0.12300000 0.01892685
v 0.05009400 0.09561342 0.02021896
v 0.05009400 0.09561342 0.02021896
v 0.04952234 0.12300000 0.01892685
v 0.04895067 0.09610718 0.02280730
v 0.04895067 0.09610718 0.02280730
v 0.04952234 0.12300000 0.01892685
v 0.04800218 0.12300000 0.02246737
v 0.04895067 0.09610718 0.02280730
v 0.04800218 0.12300000 0.02246737
v 0.04773569 0.09585851 0.02526980
v 0.04773569 0.09585851 0.02526980
v 0.04800218 0.12300000 0.02246737
v 0.04601979 0.12300000 0.02632242
v 0.04773569 0.09585851 0.02526980
v 0.04601979 0.12300000 0.02632242
v 0.04636442 0.09554708 0.02772641
v 0.04636442 0.09554708 0.02772641
v 0.04601979 0.12300000 0.02632242
v 0.04385876 0.10682040 0.03088080
v 0.04385876 0.10682040 0.03088080
v 0.04601979 0.12300000 0.02632242
v 0.04397279 0.12300000 0.02958685
v 0.04385876 0.10682040 0.03088080
v 0.04397279 0.12300000 0.02958685
v 0.04142075 0.12300000 0.03309077
v 0.04385876 0.10682040 0.03088080
v 0.04142075 0.12300000 0.03309077
v 0.04045110 0.10681970 0.03522676
v 0.00000000 0.12300000 0.05299991
v 0.00000000 0.10166260 0.05380398
v 0.00272834 0.12300000 0.05292958
v 0.00272834 0.12300000 0.05292958
v 0.00000000 0.10166260 0.05380398
v 0.00276059 0.10674010 0.05355525
v 0.00272834 0.12300000 0.05292958
v 0.00276059 0.10674010 0.05355525
v 0.00656796 0.12300000 0.05260747
v 0.00656796 0.12300000 0.05260747
v 0.00276059 0.10674010 0.05355525
v 0.00712907 0.10681970 0.05316388
v 0.00656796 0.12300000 0.05260747
v 0.00712907 0.10681970 0.05316388
v 0.01194214 0.12300000 0.05165338
v 0.01194214 0.12300000 0.05165338
v 0.00712907 0.10681970 0.05316388
v 0.01096940 0.10674010 0.05249243
v 0.01194214 0.12300000 0.05165338
v 0.01096940 0.10674010 0.05249243
v 0.01522547 0.10681980 0.05143356
v 0.01194214 0.12300000 0.05165338
v 0.01522547 0.10681980 0.05143356
v 0.01719003 0.12300000 0.05015158
v 0.01719003 0.12300000 0.05015158
v 0.01522547 0.10681980 0.05143356
v 0.02043336 0.10681990 0.04959535
v 0.01719003 0.12300000 0.05015158
v 0.02043336 0.10681990 0.04959535
v 0.02225548 0.12300000 0.04811841
v 0.02225548 0.12300000 0.04811841
v 0.02043336 0.10681990 0.04959535
v 0.02542454 0.10682000 0.04723155
v 0.02225548 0.12300000 0.04811841
v 0.02542454 0.10682000 0.04723155
v 0.02708518 0.12300000 0.04557502
v 0.02708518 0.12300000 0.04557502
v 0.02542454 0.10682000 0.04723155
v 0.03014624 0.10681990 0.04436695
v 0.02708518 0.12300000 0.04557502
v 0.03014624 0.10681990 0.04436695
v 0.03070914 0.12300000 0.04319638
v 0.03070914 0.12300000 0.04319638
v 0.03014624 0.10681990 0.04436695
v 0.03377616 0.12300000 0.04086399
v 0.03377616 0.12300000 0.04086399
v 0.03014624 0.10681990 0.04436695
v 0.03454828 0.10681980 0.04103225
v 0.03377616 0.12300000 0.04086399
v 0.03454828 0.10681980 0.04103225
v 0.03779888 0.12300000 0.03717440
v 0.00000000 0.08539927 -0.05431473
v 0.00000000 0.10342260 -0.05374699
v 0.00276059 0.10674010 -0.05355525
v 0.00276059 0.10674010 -0.05355525
v 0.00000000 0.10342260 -0.05374699
v 0.00000000 0.12300000 -0.05299997
v 0.00000000 0.08539927 -0.05431473
v 0.00276059 0.10674010 -0.05355525
v 0.00279599 0.08539927 -0.05424273
v 0.00279599 0.08539927 -0.05424273
v 0.00276059 0.10674010 -0.05355525
v 0.00664526 0.10682010 -0.05322659
v 0.00279599 0.08539927 -0.05424273
v 0.00664526 0.10682010 -0.05322659
v 0.00558466 0.08539927 -0.05402684
v 0.00558466 0.08539927 -0.05402684
v 0.00664526 0.10682010 -0.05322659
v 0.00835848 0.08539927 -0.05366772
v 0.00835848 0.08539927 -0.05366772
v 0.00664526 0.10682010 -0.05322659
v 0.01208287 0.10682000 -0.05226123
v 0.00835848 0.08539927 -0.05366772
v 0.01208287 0.10682000 -0.05226123
v 0.01111006 0.08539927 -0.05316627
v 0.01111006 0.08539927 -0.05316627
v 0.01208287 0.10682000 -0.05226123
v 0.01383239 0.08539927 -0.05252385
v 0.01383239 0.08539927 -0.05252385
v 0.01208287 0.10682000 -0.05226123
v 0.01739227 0.10681980 -0.05074191
v 0.01383239 0.08539927 -0.05252385
v 0.01739227 0.10681980 -0.05074191
v 0.01651775 0.08539927 -0.05174207
v 0.01651775 0.08539927 -0.05174207
v 0.01739227 0.10681980 -0.05074191
v 0.01915961 0.08539927 -0.05082321
v 0.01915961 0.08539927 -0.05082321
v 0.01739227 0.10681980 -0.05074191
v 0.02251750 0.10681990 -0.04868459
v 0.01915961 0.08539927 -0.05082321
v 0.02251750 0.10681990 -0.04868459
v 0.02175045 0.08539927 -0.04976952
v 0.02175045 0.08539927 -0.04976952
v 0.02251750 0.10681990 -0.04868459
v 0.02428364 0.08539927 -0.04858380
v 0.02428364 0.08539927 -0.04858380
v 0.02251750 0.10681990 -0.04868459
v 0.02641350 0.10674010 -0.04667025
v 0.02428364 0.08539927 -0.04858380
v 0.02641350 0.10674010 -0.04667025
v 0.02675259 0.08539927 -0.04726928
v 0.02675259 0.08539927 -0.04726928
v 0.02641350 0.10674010 -0.04667025
v 0.02974140 0.10681960 -0.04463940
v 0.02675259 0.08539927 -0.04726928
v 0.02974140 0.10681960 -0.04463940
v 0.02915048 0.08539927 -0.04582935
v 0.02915048 0.08539927 -0.04582935
v 0.02974140 0.10681960 -0.04463940
v 0.03147107 0.08539927 -0.04426801
v 0.03147107 0.08539927 -0.04426801
v 0.02974140 0.10681960 -0.04463940
v 0.03417348 0.10682010 -0.04134488
v 0.03147107 0.08539927 -0.04426801
v 0.03417348 0.10682010 -0.04134488
v 0.03370821 0.08539927 -0.04258918
v 0.03370821 0.08539927 -0.04258918
v 0.03417348 0.10682010 -0.04134488
v 0.03585582 0.08539927 -0.04079753
v 0.03585582 0.08539927 -0.04079753
v 0.03417348 0.10682010 -0.04134488
v 0.03824365 0.10681990 -0.03761196
v 0.03585582 0.08539927 -0.04079753
v 0.03824365 0.10681990 -0.03761196
v 0.03790861 0.08539927 -0.03889757
v 0.03790861 0.08539927 -0.03889757
v 0.03824365 0.10681990 -0.03761196
v 0.03986078 0.08539927 -0.03689450
v 0.03986078 0.08539927 -0.03689450
v 0.03824365 0.10681990 -0.03761196
v 0.04190826 0.10681990 -0.03348028
v 0.03986078 0.08539927 -0.03689450
v 0.04190826 0.10681990 -0.03348028
v 0.04170709 0.08539927 -0.03479361
v 0.04170709 0.08539927 -0.03479361
v 0.04190826 0.10681990 -0.03348028
v 0.04344302 0.08539927 -0.03260046
v 0.04344302 0.08539927 -0.03260046
v 0.04190826 0.10681990 -0.03348028
v 0.04480177 0.09571301 -0.03017568
v 0.05309385 0.09677034 -0.00973791
v 0.05318260 0.10674010 -0.00688547
v 0.05425930 0.07256531 -0.00674540
v 0.05425930 0.07256531 -0.00674540
v 0.05318260 0.10674010 -0.00688547
v 0.05382639 0.09653323 -0.00418359
v 0.05397284 0.09642803 -0.00145107
v 0.05360853 0.10674010 0.00138062
v 0.05464613 0.07278895 0.00166017
v 0.05464613 0.07278895 0.00166017
v 0.05360853 0.10674010 0.00138062
v 0.05382174 0.09694063 0.00405639
v 0.05356180 0.09615898 0.00688058
v 0.05275762 0.10674010 0.00961411
v 0.05374217 0.07226598 0.01011329
v 0.05374217 0.07226598 0.01011329
v 0.05275762 0.10674010 0.00961411
v 0.05255895 0.09670579 0.01231479
v 0.04636442 0.09554708 0.02772641
v 0.04385876 0.10682040 0.03088080
v 0.04419386 0.08553785 0.03159666
v 0.04419386 0.08553785 0.03159666
v 0.04385876 0.10682040 0.03088080
v 0.04045110 0.10681970 0.03522676
v 0.04419386 0.08553785 0.03159666
v 0.04045110 0.10681970 0.03522676
v 0.04076564 0.08563500 0.03590744
v 0.03790861 0.08539927 -0.03889757
v 0.03888571 0.06368869 -0.03871566
v 0.03633022 0.06221133 -0.04115140
v 0.03790861 0.08539927 -0.03889757
v 0.03633022 0.06221133 -0.04115140
v 0.03585582 0.08539927 -0.04079753
v 0.03585582 0.08539927 -0.04079753
v 0.03633022 0.06221133 -0.04115140
v 0.03424739 0.06100857 -0.04293507
v 0.03585582 0.08539927 -0.04079753
v 0.03424739 0.06100857 -0.04293507
v 0.03370821 0.08539927 -0.04258918
v 0.03370821 0.08539927 -0.04258918
v 0.03424739 0.06100857 -0.04293507
v 0.03197968 0.05970031 -0.04468828
v 0.03370821 0.08539927 -0.04258918
v 0.03197968 0.05970031 -0.04468828
v 0.03147107 0.08539927 -0.04426801
v 0.03147107 0.08539927 -0.04426801
v 0.03197968 0.05970031 -0.04468828
v 0.02972239 0.05839836 -0.04625231
v 0.03147107 0.08539927 -0.04426801
v 0.02972239 0.05839836 -0.04625231
v 0.02915048 0.08539927 -0.04582935
v 0.02915048 0.08539927 -0.04582935
v 0.02972239 0.05839836 -0.04625231
v 0.02745211 0.05708760 -0.04766464
v 0.02915048 0.08539927 -0.04582935
v 0.02745211 0.05708760 -0.04766464
v 0.02675259 0.08539927 -0.04726928
v 0.02675259 0.08539927 -0.04726928
v 0.02745211 0.05708760 -0.04766464
v 0.02482998 0.05557328 -0.04911464
v 0.02675259 0.08539927 -0.04726928
v 0.02482998 0.05557328 -0.04911464
v 0.02428364 0.08539927 -0.04858380
v 0.02428364 0.08539927 -0.04858380
v 0.02482998 0.05557328 -0.04911464
v 0.02237296 0.05415529 -0.05031466
v 0.02428364 0.08539927 -0.04858380
v 0.02237296 0.05415529 -0.05031466
v 0.02175045 0.08539927 -0.04976952
v 0.02175045 0.08539927 -0.04976952
v 0.02237296 0.05415529 -0.05031466
v 0.01986533 0.05270713 -0.05138689
v 0.02175045 0.08539927 -0.04976952
v 0.01986533 0.05270713 -0.05138689
v 0.01915961 0.08539927 -0.05082321
v 0.01915961 0.08539927 -0.05082321
v 0.01986533 0.05270713 -0.05138689
v 0.01668101 0.06405359 -0.05225300
v 0.01915961 0.08539927 -0.05082321
v 0.01668101 0.06405359 -0.05225300
v 0.01651775 0.08539927 -0.05174207
v 0.01651775 0.08539927 -0.05174207
v 0.01668101 0.06405359 -0.05225300
v 0.01396894 0.06405359 -0.05304253
v 0.01651775 0.08539927 -0.05174207
v 0.01396894 0.06405359 -0.05304253
v 0.01383239 0.08539927 -0.05252385
v 0.01383239 0.08539927 -0.05252385
v 0.01396894 0.06405359 -0.05304253
v 0.01121973 0.06405359 -0.05369126
v 0.01383239 0.08539927 -0.05252385
v 0.01121973 0.06405359 -0.05369126
v 0.01111006 0.08539927 -0.05316627
v 0.01111006 0.08539927 -0.05316627
v 0.01121973 0.06405359 -0.05369126
v 0.00844103 0.06405359 -0.05419754
v 0.01111006 0.08539927 -0.05316627
v 0.00844103 0.06405359 -0.05419754
v 0.00835848 0.08539927 -0.05366772
v 0.00835848 0.08539927 -0.05366772
v 0.00844103 0.06405359 -0.05419754
v 0.00563979 0.06405359 -0.05456036
v 0.00835848 0.08539927 -0.05366772
v 0.00563979 0.06405359 -0.05456036
v 0.00558466 0.08539927 -0.05402684
v 0.00558466 0.08539927 -0.05402684
v 0.00563979 0.06405359 -0.05456036
v 0.00282359 0.06405359 -0.05477827
v 0.00558466 0.08539927 -0.05402684
v 0.00282359 0.06405359 -0.05477827
v 0.00279599 0.08539927 -0.05424273
v 0.00279599 0.08539927 -0.05424273
v 0.00282359 0.06405359 -0.05477827
v 0.00000000 0.06405359 -0.05485111
v 0.00279599 0.08539927 -0.05424273
v 0.00000000 0.06405359 -0.05485111
v 0.00000021 0.07485610 -0.05460959
v 0.03585582 0.08539927 0.04079753
v 0.03454828 0.10681980 0.04103225
v 0.03370821 0.08539927 0.04258912
v 0.03370821 0.08539927 0.04258912
v 0.03454828 0.10681980 0.04103225
v 0.03014624 0.10681990 0.04436695
v 0.03370821 0.08539927 0.04258912
v 0.03014624 0.10681990 0.04436695
v 0.03147107 0.08539927 0.04426795
v 0.03147107 0.08539927 0.04426795
v 0.03014624 0.10681990 0.04436695
v 0.02915048 0.08539927 0.04582929
v 0.02915048 0.08539927 0.04582929
v 0.03014624 0.10681990 0.04436695
v 0.02542454 0.10682000 0.04723155
v 0.02915048 0.08539927 0.04582929
v 0.02542454 0.10682000 0.04723155
v 0.02675259 0.08539927 0.04726922
v 0.02675259 0.08539927 0.04726922
v 0.02542454 0.10682000 0.04723155
v 0.02428364 0.08539927 0.04858368
v 0.02428364 0.08539927 0.04858368
v 0.02542454 0.10682000 0.04723155
v 0.02043336 0.10681990 0.04959535
v 0.02428364 0.08539927 0.04858368
v 0.02043336 0.10681990 0.04959535
v 0.02175045 0.08539927 0.04976946
v 0.02175045 0.08539927 0.04976946
v 0.02043336 0.10681990 0.04959535
v 0.01915961 0.08539927 0.05082315
v 0.01915961 0.08539927 0.05082315
v 0.02043336 0.10681990 0.04959535
v 0.01522547 0.10681980 0.05143356
v 0.01915961 0.08539927 0.05082315
v 0.01522547 0.10681980 0.05143356
v 0.01651775 0.08539927 0.05174201
v 0.01651775 0.08539927 0.05174201
v 0.01522547 0.10681980 0.05143356
v 0.01383239 0.08539927 0.05252385
v 0.01383239 0.08539927 0.05252385
v 0.01522547 0.10681980 0.05143356
v 0.01096940 0.10674010 0.05249243
v 0.01383239 0.08539927 0.05252385
v 0.01096940 0.10674010 0.05249243
v 0.01111006 0.08539927 0.05316627
v 0.01111006 0.08539927 0.05316627
v 0.01096940 0.10674010 0.05249243
v 0.00712907 0.10681970 0.05316388
v 0.01111006 0.08539927 0.05316627
v 0.00712907 0.10681970 0.05316388
v 0.00835848 0.08539927 0.05366766
v 0.00835848 0.08539927 0.05366766
v 0.00712907 0.10681970 0.05316388
v 0.00558466 0.08539927 0.05402678
v 0.00558466 0.08539927 0.05402678
v 0.00712907 0.10681970 0.05316388
v 0.00276059 0.10674010 0.05355525
v 0.00558466 0.08539927 0.05402678
v 0.00276059 0.10674010 0.05355525
v 0.00279599 0.08539927 0.05424267
v 0.00279599 0.08539927 0.05424267
v 0.00276059 0.10674010 0.05355525
v 0.00000024 0.09100949 0.05415683
v 0.00279599 0.08539927 0.05424267
v 0.00000024 0.09100949 0.05415683
v 0.00000000 0.08031928 0.05445611
v 0.00000000 0.08031928 0.05445611
v 0.00282359 0.06405359 0.05477821
v 0.00279599 0.08539927 0.05424267
v 0.00279599 0.08539927 0.05424267
v 0.00282359 0.06405359 0.05477821
v 0.00563979 0.06405359 0.05456030
v 0.00279599 0.08539927 0.05424267
v 0.00563979 0.06405359 0.05456030
v 0.00558466 0.08539927 0.05402678
v 0.00558466 0.08539927 0.05402678
v 0.00563979 0.06405359 0.05456030
v 0.00844103 0.06405359 0.05419754
v 0.00558466 0.08539927 0.05402678
v 0.00844103 0.06405359 0.05419754
v 0.00835848 0.08539927 0.05366766
v 0.00835848 0.08539927 0.05366766
v 0.00844103 0.06405359 0.05419754
v 0.01121973 0.06405359 0.05369114
v 0.00835848 0.08539927 0.05366766
v 0.01121973 0.06405359 0.05369114
v 0.01111006 0.08539927 0.05316627
v 0.01111006 0.08539927 0.05316627
v 0.01121973 0.06405359 0.05369114
v 0.01396894 0.06405359 0.05304253
v 0.01111006 0.08539927 0.05316627
v 0.01396894 0.06405359 0.05304253
v 0.01383239 0.08539927 0.05252385
v 0.01383239 0.08539927 0.05252385
v 0.01396894 0.06405359 0.05304253
v 0.01668101 0.06405359 0.05225294
v 0.01383239 0.08539927 0.05252385
v 0.01668101 0.06405359 0.05225294
v 0.01651775 0.08539927 0.05174201
v 0.01651775 0.08539927 0.05174201
v 0.01668101 0.06405359 0.05225294
v 0.01934880 0.06405359 0.05132502
v 0.01651775 0.08539927 0.05174201
v 0.01934880 0.06405359 0.05132502
v 0.01915961 0.08539927 0.05082315
v 0.01915961 0.08539927 0.05082315
v 0.01934880 0.06405359 0.05132502
v 0.02196532 0.06405359 0.05026096
v 0.01915961 0.08539927 0.05082315
v 0.02196532 0.06405359 0.05026096
v 0.02175045 0.08539927 0.04976946
v 0.02175045 0.08539927 0.04976946
v 0.02196532 0.06405359 0.05026096
v 0.02452355 0.06405359 0.04906350
v 0.02175045 0.08539927 0.04976946
v 0.02452355 0.06405359 0.04906350
v 0.02428364 0.08539927 0.04858368
v 0.02428364 0.08539927 0.04858368
v 0.02452355 0.06405359 0.04906350
v 0.02701663 0.06405359 0.04773598
v 0.02428364 0.08539927 0.04858368
v 0.02701663 0.06405359 0.04773598
v 0.02675259 0.08539927 0.04726922
v 0.02675259 0.08539927 0.04726922
v 0.02701663 0.06405359 0.04773598
v 0.02943825 0.06405359 0.04628193
v 0.02675259 0.08539927 0.04726922
v 0.02943825 0.06405359 0.04628193
v 0.02915048 0.08539927 0.04582929
v 0.02915048 0.08539927 0.04582929
v 0.02943825 0.06405359 0.04628193
v 0.03178185 0.06405359 0.04470509
v 0.02915048 0.08539927 0.04582929
v 0.03178185 0.06405359 0.04470509
v 0.03147107 0.08539927 0.04426795
v 0.03147107 0.08539927 0.04426795
v 0.03178185 0.06405359 0.04470509
v 0.03404098 0.06405359 0.04300969
v 0.03147107 0.08539927 0.04426795
v 0.03404098 0.06405359 0.04300969
v 0.03370821 0.08539927 0.04258912
v 0.03370821 0.08539927 0.04258912
v 0.03404098 0.06405359 0.04300969
v 0.03621006 0.06405359 0.04120028
v 0.03370821 0.08539927 0.04258912
v 0.03621006 0.06405359 0.04120028
v 0.03585582 0.08539927 0.04079753
v 0.03646373 0.04270416 0.04148906
v 0.03404098 0.06405359 0.04300969
v 0.03427970 0.04270416 0.04331111
v 0.03427970 0.04270416 0.04331111
v 0.03404098 0.06405359 0.04300969
v 0.03178185 0.06405359 0.04470509
v 0.03427970 0.04270416 0.04331111
v 0.03178185 0.06405359 0.04470509
v 0.03200459 0.04270416 0.04501843
v 0.03200459 0.04270416 0.04501843
v 0.03178185 0.06405359 0.04470509
v 0.02943825 0.06405359 0.04628193
v 0.03200459 0.04270416 0.04501843
v 0.02943825 0.06405359 0.04628193
v 0.02964454 0.04270416 0.04660630
v 0.02964454 0.04270416 0.04660630
v 0.02943825 0.06405359 0.04628193
v 0.02701663 0.06405359 0.04773598
v 0.02964454 0.04270416 0.04660630
v 0.02701663 0.06405359 0.04773598
v 0.02720612 0.04270416 0.04807054
v 0.02720612 0.04270416 0.04807054
v 0.02701663 0.06405359 0.04773598
v 0.02452355 0.06405359 0.04906350
v 0.02720612 0.04270416 0.04807054
v 0.02452355 0.06405359 0.04906350
v 0.02469545 0.04270416 0.04940736
v 0.02469545 0.04270416 0.04940736
v 0.02452355 0.06405359 0.04906350
v 0.02196532 0.06405359 0.05026096
v 0.02469545 0.04270416 0.04940736
v 0.02196532 0.06405359 0.05026096
v 0.02211928 0.04270416 0.05061316
v 0.02211928 0.04270416 0.05061316
v 0.02196532 0.06405359 0.05026096
v 0.01934880 0.06405359 0.05132502
v 0.02211928 0.04270416 0.05061316
v 0.01934880 0.06405359 0.05132502
v 0.01948440 0.04270416 0.05168467
v 0.01948440 0.04270416 0.05168467
v 0.01934880 0.06405359 0.05132502
v 0.01668101 0.06405359 0.05225294
v 0.01948440 0.04270416 0.05168467
v 0.01668101 0.06405359 0.05225294
v 0.01679790 0.04270416 0.05261915
v 0.01679790 0.04270416 0.05261915
v 0.01668101 0.06405359 0.05225294
v 0.01396894 0.06405359 0.05304253
v 0.01679790 0.04270416 0.05261915
v 0.01396894 0.06405359 0.05304253
v 0.01406687 0.04270416 0.05341416
v 0.01406687 0.04270416 0.05341416
v 0.01396894 0.06405359 0.05304253
v 0.01121973 0.06405359 0.05369114
v 0.01406687 0.04270416 0.05341416
v 0.01121973 0.06405359 0.05369114
v 0.01129841 0.04270416 0.05406755
v 0.01129841 0.04270416 0.05406755
v 0.01121973 0.06405359 0.05369114
v 0.00844103 0.06405359 0.05419754
v 0.01129841 0.04270416 0.05406755
v 0.00844103 0.06405359 0.05419754
v 0.00850022 0.04270416 0.05457741
v 0.00850022 0.04270416 0.05457741
v 0.00844103 0.06405359 0.05419754
v 0.00563979 0.06405359 0.05456030
v 0.00850022 0.04270416 0.05457741
v 0.00563979 0.06405359 0.05456030
v 0.00567931 0.04270416 0.05494266
v 0.00567931 0.04270416 0.05494266
v 0.00563979 0.06405359 0.05456030
v 0.00282359 0.06405359 0.05477821
v 0.00567931 0.04270416 0.05494266
v 0.00282359 0.06405359 0.05477821
v 0.00284332 0.04270416 0.05516225
v 0.00000000 0.08031928 0.05445611
v 0.00000000 0.06202703 0.05489736
v 0.00282359 0.06405359 0.05477821
v 0.00282359 0.06405359 0.05477821
v 0.00000000 0.06202703 0.05489736
v 0.00000000 0.05897217 0.05495625
v 0.00282359 0.06405359 0.05477821
v 0.00000000 0.05897217 0.05495625
v 0.00284332 0.04270416 0.05516225
v 0.00284332 0.04270416 0.05516225
v 0.00000000 0.05897217 0.05495625
v 0.00000000 0.04067629 0.05526751
v 0.00284332 0.04270416 0.05516225
v 0.00000000 0.04067629 0.05526751
v 0.00000000 0.03762269 0.05530452
v 0.03661715 0.02135217 0.04166364
v 0.03427970 0.04270416 0.04331111
v 0.03442382 0.02135217 0.04349344
v 0.03442382 0.02135217 0.04349344
v 0.03427970 0.04270416 0.04331111
v 0.03200459 0.04270416 0.04501843
v 0.03442382 0.02135217 0.04349344
v 0.03200459 0.04270416 0.04501843
v 0.03213930 0.02135217 0.04520785
v 0.03213930 0.02135217 0.04520785
v 0.03200459 0.04270416 0.04501843
v 0.02964454 0.04270416 0.04660630
v 0.03213930 0.02135217 0.04520785
v 0.02964454 0.04270416 0.04660630
v 0.02976942 0.02135217 0.04680252
v 0.02976942 0.02135217 0.04680252
v 0.02964454 0.04270416 0.04660630
v 0.02720612 0.04270416 0.04807054
v 0.02976942 0.02135217 0.04680252
v 0.02720612 0.04270416 0.04807054
v 0.02595603 0.02139312 0.04903936
v 0.02595603 0.02139312 0.04903936
v 0.02720612 0.04270416 0.04807054
v 0.02469545 0.04270416 0.04940736
v 0.02595603 0.02139312 0.04903936
v 0.02469545 0.04270416 0.04940736
v 0.02211928 0.04270416 0.05061316
v 0.02595603 0.02139312 0.04903936
v 0.02211928 0.04270416 0.05061316
v 0.02221238 0.02135217 0.05082625
v 0.02221238 0.02135217 0.05082625
v 0.02211928 0.04270416 0.05061316
v 0.01948440 0.04270416 0.05168467
v 0.02221238 0.02135217 0.05082625
v 0.01948440 0.04270416 0.05168467
v 0.01956629 0.02135217 0.05190235
v 0.01956629 0.02135217 0.05190235
v 0.01948440 0.04270416 0.05168467
v 0.01679790 0.04270416 0.05261915
v 0.01956629 0.02135217 0.05190235
v 0.01679790 0.04270416 0.05261915
v 0.01686865 0.02135217 0.05284065
v 0.01686865 0.02135217 0.05284065
v 0.01679790 0.04270416 0.05261915
v 0.01406687 0.04270416 0.05341416
v 0.01686865 0.02135217 0.05284065
v 0.01406687 0.04270416 0.05341416
v 0.01412606 0.02135217 0.05363905
v 0.01412606 0.02135217 0.05363905
v 0.01406687 0.04270416 0.05341416
v 0.01129841 0.04270416 0.05406755
v 0.01412606 0.02135217 0.05363905
v 0.01129841 0.04270416 0.05406755
v 0.00981271 0.02139270 0.05461031
v 0.00981271 0.02139270 0.05461031
v 0.01129841 0.04270416 0.05406755
v 0.00850022 0.04270416 0.05457741
v 0.00981271 0.02139270 0.05461031
v 0.00850022 0.04270416 0.05457741
v 0.00567931 0.04270416 0.05494266
v 0.00981271 0.02139270 0.05461031
v 0.00567931 0.04270416 0.05494266
v 0.00570327 0.02135217 0.05517399
v 0.00570327 0.02135217 0.05517399
v 0.00567931 0.04270416 0.05494266
v 0.00284332 0.04270416 0.05516225
v 0.00570327 0.02135217 0.05517399
v 0.00284332 0.04270416 0.05516225
v 0.00285542 0.02135217 0.05539447
v 0.00285542 0.02135217 0.05539447
v 0.00284332 0.04270416 0.05516225
v 0.00000000 0.03762269 0.05530452
v 0.00285542 0.02135217 0.05539447
v 0.00000000 0.03762269 0.05530452
v 0.00000000 0.01932507 0.05548536
v 0.03715407 -0.00000025 0.04131990
v 0.03876972 -0.00000021 0.03978115
v 0.03871357 0.02135217 0.03972339
v 0.03871357 0.02135217 0.03972339
v 0.03876972 -0.00000021 0.03978115
v 0.03930681 -0.00000019 0.03925663
v 0.03930681 -0.00000019 0.03925663
v 0.04120200 -0.00000018 0.03726226
v 0.04104632 0.02075302 0.03732454
v 0.04104632 0.02075302 0.03732454
v 0.04120200 -0.00000018 0.03726226
v 0.04272127 -0.00000255 0.03550297
v 0.03871357 0.02135217 0.03972339
v 0.03930681 -0.00000019 0.03925663
v 0.04104632 0.02075302 0.03732454
v 0.03871357 0.02135217 0.03972339
v 0.04104632 0.02075302 0.03732454
v 0.03855127 0.04270416 0.03955698
v 0.03855127 0.04270416 0.03955698
v 0.04104632 0.02075302 0.03732454
v 0.04053652 0.04270416 0.03751999
v 0.03855127 0.04270416 0.03955698
v 0.04053652 0.04270416 0.03751999
v 0.03828299 0.06405359 0.03928160
v 0.03828299 0.06405359 0.03928160
v 0.04053652 0.04270416 0.03751999
v 0.04025441 0.06405359 0.03725880
v 0.03828299 0.06405359 0.03928160
v 0.04025441 0.06405359 0.03725880
v 0.03790861 0.08539927 0.03889751
v 0.03790861 0.08539927 0.03889751
v 0.04025441 0.06405359 0.03725880
v 0.04076564 0.08563500 0.03590744
v 0.03790861 0.08539927 0.03889751
v 0.04076564 0.08563500 0.03590744
v 0.03742820 0.10674010 0.03840464
v 0.03742820 0.10674010 0.03840464
v 0.04076564 0.08563500 0.03590744
v 0.04045110 0.10681970 0.03522676
v 0.03742820 0.10674010 0.03840464
v 0.04045110 0.10681970 0.03522676
v 0.03779888 0.12300000 0.03717440
v 0.03779888 0.12300000 0.03717440
v 0.04045110 0.10681970 0.03522676
v 0.04142075 0.12300000 0.03309077
v 0.03610503 -0.00000000 0.04221975
v 0.03715407 -0.00000025 0.04131990
v 0.03661715 0.02135217 0.04166364
v 0.03661715 0.02135217 0.04166364
v 0.03715407 -0.00000025 0.04131990
v 0.03871357 0.02135217 0.03972339
v 0.03661715 0.02135217 0.04166364
v 0.03871357 0.02135217 0.03972339
v 0.03646373 0.04270416 0.04148906
v 0.03646373 0.04270416 0.04148906
v 0.03871357 0.02135217 0.03972339
v 0.03855127 0.04270416 0.03955698
v 0.03646373 0.04270416 0.04148906
v 0.03855127 0.04270416 0.03955698
v 0.03621006 0.06405359 0.04120028
v 0.03621006 0.06405359 0.04120028
v 0.03855127 0.04270416 0.03955698
v 0.03828299 0.06405359 0.03928160
v 0.03621006 0.06405359 0.04120028
v 0.03828299 0.06405359 0.03928160
v 0.03585582 0.08539927 0.04079753
v 0.03585582 0.08539927 0.04079753
v 0.03828299 0.06405359 0.03928160
v 0.03790861 0.08539927 0.03889751
v 0.03585582 0.08539927 0.04079753
v 0.03790861 0.08539927 0.03889751
v 0.03454828 0.10681980 0.04103225
v 0.03454828 0.10681980 0.04103225
v 0.03790861 0.08539927 0.03889751
v 0.03742820 0.10674010 0.03840464
v 0.03454828 0.10681980 0.04103225
v 0.03742820 0.10674010 0.03840464
v 0.03779888 0.12300000 0.03717440
v -0.00434315 0.04401952 0.03549993
v -0.04229539 0.04399991 0.03549993
v -0.00489825 0.04401373 -0.05499893
v -0.00489825 0.04401373 -0.05499893
v -0.04229539 0.04399991 0.03549993
v -0.00995320 0.04399991 -0.05432254
v -0.04229539 0.04399991 0.03549993
v -0.04929256 0.04399991 -0.02491891
v -0.04646915 0.04399991 -0.02985507
v -0.04929256 0.04399991 -0.02491891
v -0.04229539 0.04399991 0.03549993
v -0.05114835 0.04399991 -0.02080160
v -0.05114835 0.04399991 -0.02080160
v -0.04229539 0.04399991 0.03549993
v -0.04416424 0.04399991 0.03314167
v -0.05114835 0.04399991 -0.02080160
v -0.04416424 0.04399991 0.03314167
v -0.04673880 0.04399991 0.02943116
v -0.04673880 0.04399991 0.02943116
v -0.04873842 0.04399991 0.02595049
v -0.05114835 0.04399991 -0.02080160
v -0.05114835 0.04399991 -0.02080160
v -0.04873842 0.04399991 0.02595049
v -0.05071121 0.04399991 0.02188777
v -0.04646915 0.04399991 -0.02985507
v -0.04315298 0.04399991 -0.03447484
v -0.04229539 0.04399991 0.03549993
v -0.04229539 0.04399991 0.03549993
v -0.04315298 0.04399991 -0.03447484
v -0.03937953 0.04399991 -0.03872919
v -0.04229539 0.04399991 0.03549993
v -0.03937953 0.04399991 -0.03872919
v -0.03518879 0.04399991 -0.04257297
v -0.03518879 0.04399991 -0.04257297
v -0.03199350 0.04399991 -0.04500293
v -0.04229539 0.04399991 0.03549993
v -0.04229539 0.04399991 0.03549993
v -0.03199350 0.04399991 -0.04500293
v -0.02821803 0.04399991 -0.04748106
v -0.02821803 0.04399991 -0.04748106
v -0.02468693 0.04399991 -0.04939043
v -0.04229539 0.04399991 0.03549993
v -0.04229539 0.04399991 0.03549993
v -0.02468693 0.04399991 -0.04939043
v -0.02057486 0.04399991 -0.05125790
v -0.05491393 0.04399991 -0.00592887
v -0.05071121 0.04399991 0.02188777
v -0.05269289 0.04399991 0.01655775
v -0.02057486 0.04399991 -0.05125790
v -0.01519542 0.04399991 -0.05310177
v -0.04229539 0.04399991 0.03549993
v -0.04229539 0.04399991 0.03549993
v -0.01519542 0.04399991 -0.05310177
v -0.00995320 0.04399991 -0.05432254
v -0.05491393 0.04399991 -0.00592887
v -0.05269289 0.04399991 0.01655775
v -0.05411607 0.04399991 0.01105201
v -0.05071121 0.04399991 0.02188777
v -0.05491393 0.04399991 -0.00592887
v -0.05401343 0.04399991 -0.01154375
v -0.05411607 0.04399991 0.01105201
v -0.05496573 0.04399991 0.00542909
v -0.05491393 0.04399991 -0.00592887
v -0.05491393 0.04399991 -0.00592887
v -0.05496573 0.04399991 0.00542909
v -0.05523264 0.04399991 -0.00025117
v -0.05401343 0.04399991 -0.01154375
v -0.05254018 0.04399991 -0.01703625
v -0.05071121 0.04399991 0.02188777
v -0.05071121 0.04399991 0.02188777
v -0.05254018 0.04399991 -0.01703625
v -0.05114835 0.04399991 -0.02080160
v 0.01185619 0.04816180 -0.05386912
v 0.01561701 0.05024832 -0.05287313
v 0.01363885 0.04911273 0.03549993
v 0.01185619 0.04816180 -0.05386912
v 0.01363885 0.04911273 0.03549993
v 0.01073324 0.04762881 0.03549993
v 0.00727665 0.04623234 0.03549993
v 0.00861508 0.04672700 -0.05450493
v 0.01073324 0.04762881 0.03549993
v 0.01073324 0.04762881 0.03549993
v 0.00861508 0.04672700 -0.05450493
v 0.01185619 0.04816180 -0.05386912
v 0.00861508 0.04672700 -0.05450493
v 0.00727665 0.04623234 0.03549993
v 0.00597948 0.04581320 -0.05486541
v 0.00597948 0.04581320 -0.05486541
v 0.00727665 0.04623234 0.03549993
v 0.00441819 0.04536283 0.03549993
v 0.00159580 0.04470431 0.03549993
v 0.00341535 0.04510211 -0.05510109
v 0.00441819 0.04536283 0.03549993
v 0.00441819 0.04536283 0.03549993
v 0.00341535 0.04510211 -0.05510109
v 0.00597948 0.04581320 -0.05486541
v 0.00159580 0.04470431 0.03549993
v 0.00000000 0.04443138 -0.05521589
v 0.00341535 0.04510211 -0.05510109
v -0.00123292 0.04427725 0.03549993
v 0.00000000 0.04443138 -0.05521589
v 0.00159580 0.04470431 0.03549993
v -0.00303477 0.04410177 -0.05513399
v -0.00157887 0.04423779 -0.05519044
v -0.00123292 0.04427725 0.03549993
v -0.00123292 0.04427725 0.03549993
v -0.00157887 0.04423779 -0.05519044
v 0.00000000 0.04443138 -0.05521589
v -0.00434315 0.04401952 0.03549993
v -0.00489825 0.04401373 -0.05499893
v -0.00303477 0.04410177 -0.05513399
v -0.00434315 0.04401952 0.03549993
v -0.00303477 0.04410177 -0.05513399
v -0.00123292 0.04427725 0.03549993
v 0.01561701 0.05024832 -0.05287313
v 0.01986533 0.05270713 -0.05138689
v 0.01363885 0.04911273 0.03549993
v 0.01986533 0.05270713 -0.05138689
v 0.02237296 0.05415529 -0.05031466
v 0.01363885 0.04911273 0.03549993
v 0.01363885 0.04911273 0.03549993
v 0.02237296 0.05415529 -0.05031466
v 0.02482998 0.05557328 -0.04911464
v 0.01363885 0.04911273 0.03549993
v 0.02482998 0.05557328 -0.04911464
v 0.02745211 0.05708760 -0.04766464
v 0.02745211 0.05708760 -0.04766464
v 0.02972239 0.05839836 -0.04625231
v 0.01363885 0.04911273 0.03549993
v 0.01363885 0.04911273 0.03549993
v 0.02972239 0.05839836 -0.04625231
v 0.03197968 0.05970031 -0.04468828
v 0.01363885 0.04911273 0.03549993
v 0.03197968 0.05970031 -0.04468828
v 0.03424739 0.06100857 -0.04293507
v 0.01363885 0.04911273 0.03549993
v 0.03424739 0.06100857 -0.04293507
v 0.03633022 0.06221133 -0.04115140
v 0.04276275 0.06592655 -0.03432625
v 0.01363885 0.04911273 0.03549993
v 0.03888571 0.06368869 -0.03871566
v 0.04179489 0.06536817 0.03550004
v 0.01363885 0.04911273 0.03549993
v 0.04386836 0.06656527 0.03285443
v 0.03633022 0.06221133 -0.04115140
v 0.03888571 0.06368869 -0.03871566
v 0.01363885 0.04911273 0.03549993
v 0.04276275 0.06592655 -0.03432625
v 0.04601848 0.06780576 -0.02972304
v 0.01363885 0.04911273 0.03549993
v 0.01363885 0.04911273 0.03549993
v 0.04601848 0.06780576 -0.02972304
v 0.04828959 0.06911832 -0.02578985
v 0.01363885 0.04911273 0.03549993
v 0.04828959 0.06911832 -0.02578985
v 0.05005133 0.07013487 -0.02213817
v 0.04625362 0.06794238 0.02934354
v 0.04386836 0.06656527 0.03285443
v 0.01363885 0.04911273 0.03549993
v 0.01363885 0.04911273 0.03549993
v 0.05005133 0.07013487 -0.02213817
v 0.05208140 0.07130664 -0.01676231
v 0.05198115 0.07124942 0.01704394
v 0.05028682 0.07027083 0.02158892
v 0.01363885 0.04911273 0.03549993
v 0.05028682 0.07027083 0.02158892
v 0.04843819 0.06920409 0.02551192
v 0.01363885 0.04911273 0.03549993
v 0.04843819 0.06920409 0.02551192
v 0.04625362 0.06794238 0.02934354
v 0.01363885 0.04911273 0.03549993
v 0.05464613 0.07278895 0.00166017
v 0.05434453 0.07261365 0.00594437
v 0.01363885 0.04911273 0.03549993
v 0.01363885 0.04911273 0.03549993
v 0.05434453 0.07261365 0.00594437
v 0.05374217 0.07226598 0.01011329
v 0.01363885 0.04911273 0.03549993
v 0.05374217 0.07226598 0.01011329
v 0.05319643 0.07195109 0.01265805
v 0.01363885 0.04911273 0.03549993
v 0.05319643 0.07195109 0.01265805
v 0.05198115 0.07124942 0.01704394
v 0.01363885 0.04911273 0.03549993
v 0.05208140 0.07130664 -0.01676231
v 0.05347180 0.07211029 -0.01143765
v 0.01363885 0.04911273 0.03549993
v 0.05347180 0.07211029 -0.01143765
v 0.05425930 0.07256531 -0.00674540
v 0.01363885 0.04911273 0.03549993
v 0.05425930 0.07256531 -0.00674540
v 0.05458676 0.07275593 -0.00295383
v 0.05458676 0.07275593 -0.00295383
v 0.05464613 0.07278895 0.00166017
v 0.01363885 0.04911273 0.03549993
v -0.00123292 0.04427725 0.03549993
v 0.00825357 -0.04270720 0.03550297
v -0.00434315 0.04401952 0.03549993
v -0.00434315 0.04401952 0.03549993
v 0.00825357 -0.04270720 0.03550297
v 0.00509757 -0.04320085 0.03549981
v -0.00434315 0.04401952 0.03549993
v 0.00509757 -0.04320085 0.03549981
v 0.00200945 -0.04345542 0.03550010
v -0.00434315 0.04401952 0.03549993
v 0.00200945 -0.04345542 0.03550010
v 0.00000000 -0.04351145 0.03550034
v -0.00434315 0.04401952 0.03549993
v -0.04259389 0.02435648 0.03549993
v -0.04229539 0.04399991 0.03549993
v 0.00159580 0.04470431 0.03549993
v 0.01335108 -0.04136091 0.03549987
v -0.00123292 0.04427725 0.03549993
v -0.00123292 0.04427725 0.03549993
v 0.01335108 -0.04136091 0.03549987
v 0.01059252 -0.04216855 0.03550148
v -0.00123292 0.04427725 0.03549993
v 0.01059252 -0.04216855 0.03550148
v 0.00825357 -0.04270720 0.03550297
v 0.01932537 -0.03887730 0.03550112
v 0.01579898 -0.04046881 0.03550130
v 0.00159580 0.04470431 0.03549993
v 0.00159580 0.04470431 0.03549993
v 0.01579898 -0.04046881 0.03550130
v 0.01335108 -0.04136091 0.03549987
v 0.01073324 0.04762881 0.03549993
v 0.04135340 -0.01117563 0.03550022
v 0.04015064 -0.01510411 0.03550243
v 0.00441819 0.04536283 0.03549993
v 0.02341508 -0.03648293 0.03550070
v 0.00159580 0.04470431 0.03549993
v 0.00159580 0.04470431 0.03549993
v 0.02341508 -0.03648293 0.03550070
v 0.02174633 -0.03753215 0.03550159
v 0.00159580 0.04470431 0.03549993
v 0.02174633 -0.03753215 0.03550159
v 0.01932537 -0.03887730 0.03550112
v 0.00441819 0.04536283 0.03549993
v 0.02762055 -0.03332495 0.03550255
v 0.02524524 -0.03520131 0.03550028
v 0.00441819 0.04536283 0.03549993
v 0.02524524 -0.03520131 0.03550028
v 0.02341508 -0.03648293 0.03550070
v 0.03728324 -0.02144235 0.03550052
v 0.00727665 0.04623234 0.03549993
v 0.03871697 -0.01862728 0.03550016
v 0.03871697 -0.01862728 0.03550016
v 0.00727665 0.04623234 0.03549993
v 0.01073324 0.04762881 0.03549993
v 0.03871697 -0.01862728 0.03550016
v 0.01073324 0.04762881 0.03549993
v 0.04015064 -0.01510411 0.03550243
v 0.04262894 -0.00332415 0.03549957
v 0.01363885 0.04911273 0.03549993
v 0.04272127 -0.00000255 0.03550297
v 0.04272127 -0.00000255 0.03550297
v 0.01363885 0.04911273 0.03549993
v 0.04262900 0.02223652 0.03550004
v 0.00727665 0.04623234 0.03549993
v 0.03196626 -0.02904146 0.03549975
v 0.00441819 0.04536283 0.03549993
v 0.00441819 0.04536283 0.03549993
v 0.03196626 -0.02904146 0.03549975
v 0.03021585 -0.03090572 0.03550195
v 0.00441819 0.04536283 0.03549993
v 0.03021585 -0.03090572 0.03550195
v 0.02762055 -0.03332495 0.03550255
v 0.03728324 -0.02144235 0.03550052
v 0.03584033 -0.02388387 0.03550034
v 0.00727665 0.04623234 0.03549993
v 0.00727665 0.04623234 0.03549993
v 0.03584033 -0.02388387 0.03550034
v 0.03424209 -0.02619755 0.03550076
v 0.00727665 0.04623234 0.03549993
v 0.03424209 -0.02619755 0.03550076
v 0.03196626 -0.02904146 0.03549975
v 0.04202437 -0.00803924 0.03550040
v 0.04135340 -0.01117563 0.03550022
v 0.01073324 0.04762881 0.03549993
v 0.01363885 0.04911273 0.03549993
v 0.04179489 0.06536817 0.03550004
v 0.04262900 0.02223652 0.03550004
v 0.01363885 0.04911273 0.03549993
v 0.04262894 -0.00332415 0.03549957
v 0.01073324 0.04762881 0.03549993
v 0.01073324 0.04762881 0.03549993
v 0.04262894 -0.00332415 0.03549957
v 0.04202437 -0.00803924 0.03550040
v -0.00434315 0.04401952 0.03549993
v -0.04264062 -0.00299716 0.03549987
v -0.04272484 -0.00000022 0.03549993
v -0.00434315 0.04401952 0.03549993
v -0.04272484 -0.00000022 0.03549993
v -0.04259389 0.02435648 0.03549993
v -0.00434315 0.04401952 0.03549993
v -0.04039293 -0.01439231 0.03549993
v -0.04106944 -0.01218622 0.03550112
v -0.00434315 0.04401952 0.03549993
v -0.04106944 -0.01218622 0.03550112
v -0.04187858 -0.00884926 0.03550022
v -0.00434315 0.04401952 0.03549993
v 0.00000000 -0.04351145 0.03550034
v -0.00377911 -0.04333961 0.03549993
v -0.00434315 0.04401952 0.03549993
v -0.00377911 -0.04333961 0.03549993
v -0.00799692 -0.04275208 0.03550010
v -0.00434315 0.04401952 0.03549993
v -0.02798736 -0.03300929 0.03550100
v -0.03018110 -0.03094226 0.03550392
v -0.00434315 0.04401952 0.03549993
v -0.03018110 -0.03094226 0.03550392
v -0.03154897 -0.02949661 0.03549993
v -0.00434315 0.04401952 0.03549993
v -0.04187858 -0.00884926 0.03550022
v -0.04236543 -0.00587606 0.03550308
v -0.00434315 0.04401952 0.03549993
v -0.04236543 -0.00587606 0.03550308
v -0.04264062 -0.00299716 0.03549987
v -0.03714960 -0.02170825 0.03550040
v -0.03902477 -0.01793962 0.03550028
v -0.00434315 0.04401952 0.03549993
v -0.00434315 0.04401952 0.03549993
v -0.03902477 -0.01793962 0.03550028
v -0.04039293 -0.01439231 0.03549993
v -0.00799692 -0.04275208 0.03550010
v -0.01176679 -0.04185873 0.03550028
v -0.00434315 0.04401952 0.03549993
v -0.00434315 0.04401952 0.03549993
v -0.01176679 -0.04185873 0.03550028
v -0.01398551 -0.04115957 0.03550642
v -0.02149480 -0.03769236 0.03550124
v -0.02452582 -0.03572946 0.03550273
v -0.00434315 0.04401952 0.03549993
v -0.00434315 0.04401952 0.03549993
v -0.02452582 -0.03572946 0.03550273
v -0.02621793 -0.03446888 0.03550255
v -0.00434315 0.04401952 0.03549993
v -0.02621793 -0.03446888 0.03550255
v -0.02798736 -0.03300929 0.03550100
v -0.01398551 -0.04115957 0.03550642
v -0.01601839 -0.04039341 0.03550612
v -0.00434315 0.04401952 0.03549993
v -0.00434315 0.04401952 0.03549993
v -0.01601839 -0.04039341 0.03550612
v -0.01799929 -0.03952807 0.03550583
v -0.00434315 0.04401952 0.03549993
v -0.01799929 -0.03952807 0.03550583
v -0.02149480 -0.03769236 0.03550124
v -0.00434315 0.04401952 0.03549993
v -0.03154897 -0.02949661 0.03549993
v -0.03388977 -0.02667915 0.03550034
v -0.03388977 -0.02667915 0.03550034
v -0.03550332 -0.02438819 0.03550046
v -0.00434315 0.04401952 0.03549993
v -0.00434315 0.04401952 0.03549993
v -0.03550332 -0.02438819 0.03550046
v -0.03714960 -0.02170825 0.03550040
v -0.02618932 -0.02620136 0.04354619
v -0.02441024 -0.02511042 0.04524302
v -0.02744442 -0.02494102 0.04334676
v 0.00000000 -0.04351145 0.03550034
v -0.00131971 -0.04322010 0.03619974
v -0.00377911 -0.04333961 0.03549993
v -0.00131971 -0.04322010 0.03619974
v -0.00353426 -0.04280966 0.03688043
v -0.00377911 -0.04333961 0.03549993
v -0.00377911 -0.04333961 0.03549993
v -0.00543827 -0.04271435 0.03661853
v -0.00799692 -0.04275208 0.03550010
v -0.04265457 -0.00000021 0.03558397
v -0.04272484 -0.00000022 0.03549993
v -0.04264062 -0.00299716 0.03549987
v -0.04265457 -0.00000021 0.03558397
v -0.04264062 -0.00299716 0.03549987
v -0.04072636 -0.00271189 0.03772419
v -0.04265457 -0.00000021 0.03558397
v -0.04072636 -0.00271189 0.03772419
v -0.04017966 -0.00000000 0.03838378
v -0.04017966 -0.00000000 0.03838378
v -0.04072636 -0.00271189 0.03772419
v -0.03893435 -0.00290728 0.03955870
v -0.04017966 -0.00000000 0.03838378
v -0.03893435 -0.00290728 0.03955870
v -0.03715133 -0.00253802 0.04125869
v -0.04017966 -0.00000000 0.03838378
v -0.03715133 -0.00253802 0.04125869
v -0.03783929 -0.00000021 0.04066705
v -0.03783929 -0.00000021 0.04066705
v -0.03715133 -0.00253802 0.04125869
v -0.03667032 -0.00000021 0.04172420
v -0.03418499 -0.00750309 0.04338121
v -0.03539752 -0.00576830 0.04257977
v -0.03501904 -0.00972742 0.04240345
v -0.03418499 -0.00750309 0.04338121
v -0.03501904 -0.00972742 0.04240345
v -0.03334856 -0.01067751 0.04359698
v -0.03334856 -0.01067751 0.04359698
v -0.03501904 -0.00972742 0.04240345
v -0.03453236 -0.01248031 0.04229611
v -0.02768784 -0.01943892 0.04543668
v -0.03018367 -0.01862514 0.04403805
v -0.02847057 -0.02169877 0.04413503
v -0.02768784 -0.01943892 0.04543668
v -0.02847057 -0.02169877 0.04413503
v -0.02633363 -0.02310281 0.04496055
v -0.01967656 -0.02837157 0.04607892
v -0.02195435 -0.02630120 0.04600733
v -0.02126282 -0.02790153 0.04555398
v -0.00859624 -0.03287661 0.04707944
v -0.00690186 -0.03280693 0.04743319
v -0.00862461 -0.03101688 0.04820156
v -0.00859624 -0.03287661 0.04707944
v -0.00862461 -0.03101688 0.04820156
v -0.01110404 -0.03173023 0.04723691
v 0.00000000 -0.03558462 0.04601562
v 0.00000000 -0.03487390 0.04656970
v -0.00155675 -0.03626191 0.04544854
v 0.00000000 -0.03558462 0.04601562
v -0.00155675 -0.03626191 0.04544854
v 0.00000000 -0.03634613 0.04540973
v 0.00000000 -0.03634613 0.04540973
v -0.00155675 -0.03626191 0.04544854
v -0.00160426 -0.03811120 0.04376918
v 0.00000000 -0.03634613 0.04540973
v -0.00160426 -0.03811120 0.04376918
v 0.00000000 -0.03812956 0.04377865
v 0.00000000 -0.03812956 0.04377865
v -0.00160426 -0.03811120 0.04376918
v 0.00000000 -0.03891927 0.04294955
v 0.00000000 -0.03891927 0.04294955
v -0.00160426 -0.03811120 0.04376918
v -0.00162172 -0.03969311 0.04203414
v 0.00000000 -0.03891927 0.04294955
v -0.00162172 -0.03969311 0.04203414
v 0.00000000 -0.03999954 0.04170364
v 0.00000000 -0.03999954 0.04170364
v -0.00162172 -0.03969311 0.04203414
v -0.00165456 -0.04076784 0.04063242
v 0.00000000 -0.03999954 0.04170364
v -0.00165456 -0.04076784 0.04063242
v 0.00000000 -0.04082816 0.04059201
v 0.00000000 -0.04082816 0.04059201
v -0.00165456 -0.04076784 0.04063242
v 0.00000000 -0.04113960 0.04014790
v 0.00000000 -0.04113960 0.04014790
v -0.00165456 -0.04076784 0.04063242
v -0.00165987 -0.04172939 0.03917086
v 0.00000000 -0.04113960 0.04014790
v -0.00165987 -0.04172939 0.03917086
v 0.00000000 -0.04144120 0.03968042
v 0.00000000 -0.04144120 0.03968042
v -0.00165987 -0.04172939 0.03917086
v 0.00000000 -0.04185944 0.03899914
v 0.00000000 -0.04185944 0.03899914
v -0.00165987 -0.04172939 0.03917086
v 0.00000000 -0.04263997 0.03755056
v 0.00000000 -0.04263997 0.03755056
v -0.00165987 -0.04172939 0.03917086
v -0.00154948 -0.04273223 0.03730797
v -0.00131971 -0.04322010 0.03619974
v -0.00154948 -0.04273223 0.03730797
v -0.00353426 -0.04280966 0.03688043
v -0.00154948 -0.04273223 0.03730797
v -0.00131971 -0.04322010 0.03619974
v 0.00000000 -0.04351145 0.03550034
v -0.00154948 -0.04273223 0.03730797
v 0.00000000 -0.04351145 0.03550034
v 0.00000000 -0.04263997 0.03755056
v -0.00992543 -0.04133039 0.03772526
v -0.00960964 -0.04199135 0.03650212
v -0.00782353 -0.04172146 0.03788214
v -0.01180708 -0.04070770 0.03792160
v -0.01210480 -0.04113477 0.03691470
v -0.00992543 -0.04133039 0.03772526
v -0.00960964 -0.04199135 0.03650212
v -0.00753158 -0.04242181 0.03651475
v -0.00782353 -0.04172146 0.03788214
v -0.01210480 -0.04113477 0.03691470
v -0.01427930 -0.03984475 0.03795874
v -0.01398551 -0.04115957 0.03550642
v -0.01398551 -0.04115957 0.03550642
v -0.01427930 -0.03984475 0.03795874
v -0.01601839 -0.04039341 0.03550612
v -0.01799929 -0.03952807 0.03550583
v -0.01601839 -0.04039341 0.03550612
v -0.01627421 -0.03904283 0.03793793
v -0.01627421 -0.03904283 0.03793793
v -0.01601839 -0.04039341 0.03550612
v -0.01427930 -0.03984475 0.03795874
v -0.01951378 -0.03832757 0.03638434
v -0.01799929 -0.03952807 0.03550583
v -0.01793712 -0.03830415 0.03787070
v -0.01793712 -0.03830415 0.03787070
v -0.01799929 -0.03952807 0.03550583
v -0.01627421 -0.03904283 0.03793793
v -0.02259314 -0.03632354 0.03674077
v -0.02149480 -0.03769236 0.03550124
v -0.01996487 -0.03725171 0.03782665
v -0.02212679 -0.03567582 0.03819465
v -0.02259314 -0.03632354 0.03674077
v -0.01996487 -0.03725171 0.03782665
v -0.02473634 -0.03466415 0.03697592
v -0.02259314 -0.03632354 0.03674077
v -0.02212679 -0.03567582 0.03819465
v -0.02821254 -0.03144800 0.03734236
v -0.02798736 -0.03300929 0.03550100
v -0.02656155 -0.03301614 0.03723651
v -0.02821254 -0.03144800 0.03734236
v -0.02962344 -0.02985435 0.03752398
v -0.03018110 -0.03094226 0.03550392
v -0.03666877 -0.01637727 0.03907257
v -0.03670656 -0.01421838 0.03980970
v -0.03875440 -0.01399785 0.03765243
v -0.03875440 -0.01399785 0.03765243
v -0.03670656 -0.01421838 0.03980970
v -0.03800195 -0.01165753 0.03920340
v -0.03417813 -0.01856184 0.04070687
v -0.03666877 -0.01637727 0.03907257
v -0.03634119 -0.01834601 0.03855103
v -0.03875440 -0.01399785 0.03765243
v -0.03800195 -0.01165753 0.03920340
v -0.03965193 -0.01207351 0.03725677
v -0.03965193 -0.01207351 0.03725677
v -0.03800195 -0.01165753 0.03920340
v -0.03825217 -0.00974727 0.03939211
v -0.03965193 -0.01207351 0.03725677
v -0.03825217 -0.00974727 0.03939211
v -0.04037725 -0.01008266 0.03698140
v -0.04236543 -0.00587606 0.03550308
v -0.04051220 -0.00800472 0.03729218
v -0.03943085 -0.00678957 0.03868287
v -0.03902477 -0.01793962 0.03550028
v -0.03714960 -0.02170825 0.03550040
v -0.03616714 -0.02075147 0.03741008
v -0.03497576 -0.02292639 0.03738194
v -0.03616714 -0.02075147 0.03741008
v -0.03714960 -0.02170825 0.03550040
v -0.03714507 -0.01890850 0.03731894
v -0.03902477 -0.01793962 0.03550028
v -0.03616714 -0.02075147 0.03741008
v -0.03616714 -0.02075147 0.03741008
v -0.03497576 -0.02292639 0.03738194
v -0.03353875 -0.02249670 0.03930538
v -0.03861975 -0.01642692 0.03679704
v -0.03902477 -0.01793962 0.03550028
v -0.03714507 -0.01890850 0.03731894
v -0.03714507 -0.01890850 0.03731894
v -0.03616714 -0.02075147 0.03741008
v -0.03461831 -0.02047872 0.03932607
v -0.03461831 -0.02047872 0.03932607
v -0.03353875 -0.02249670 0.03930538
v -0.03258723 -0.02195596 0.04059910
v -0.03258723 -0.02195596 0.04059910
v -0.03302770 -0.02002614 0.04116058
v -0.03461831 -0.02047872 0.03932607
v -0.03461831 -0.02047872 0.03932607
v -0.03634119 -0.01834601 0.03855103
v -0.03714507 -0.01890850 0.03731894
v -0.03714507 -0.01890850 0.03731894
v -0.03634119 -0.01834601 0.03855103
v -0.03861975 -0.01642692 0.03679704
v -0.03902477 -0.01793962 0.03550028
v -0.03861975 -0.01642692 0.03679704
v -0.04039293 -0.01439231 0.03549993
v -0.04037725 -0.01008266 0.03698140
v -0.04187858 -0.00884926 0.03550022
v -0.04106944 -0.01218622 0.03550112
v -0.04037725 -0.01008266 0.03698140
v -0.04106944 -0.01218622 0.03550112
v -0.03965193 -0.01207351 0.03725677
v -0.04106944 -0.01218622 0.03550112
v -0.04039293 -0.01439231 0.03549993
v -0.03965193 -0.01207351 0.03725677
v -0.03965193 -0.01207351 0.03725677
v -0.04039293 -0.01439231 0.03549993
v -0.03875440 -0.01399785 0.03765243
v -0.04264062 -0.00299716 0.03549987
v -0.04236543 -0.00587606 0.03550308
v -0.04072636 -0.00271189 0.03772419
v -0.03461831 -0.02047872 0.03932607
v -0.03616714 -0.02075147 0.03741008
v -0.03353875 -0.02249670 0.03930538
v -0.03861975 -0.01642692 0.03679704
v -0.03875440 -0.01399785 0.03765243
v -0.04039293 -0.01439231 0.03549993
v -0.02441024 -0.02511042 0.04524302
v -0.02633363 -0.02310281 0.04496055
v -0.02744442 -0.02494102 0.04334676
v -0.02744442 -0.02494102 0.04334676
v -0.02633363 -0.02310281 0.04496055
v -0.02883183 -0.02388191 0.04286944
v -0.03388977 -0.02667915 0.03550034
v -0.03154897 -0.02949661 0.03549993
v -0.03145456 -0.02852177 0.03674727
v -0.03145456 -0.02852177 0.03674727
v -0.03154897 -0.02949661 0.03549993
v -0.02962344 -0.02985435 0.03752398
v -0.03145456 -0.02852177 0.03674727
v -0.02962344 -0.02985435 0.03752398
v -0.03032892 -0.02795535 0.03861963
v -0.03032892 -0.02795535 0.03861963
v -0.02962344 -0.02985435 0.03752398
v -0.02858430 -0.02906942 0.03943574
v -0.03032892 -0.02795535 0.03861963
v -0.02858430 -0.02906942 0.03943574
v -0.02939069 -0.02705705 0.04034978
v -0.02939069 -0.02705705 0.04034978
v -0.02858430 -0.02906942 0.03943574
v -0.02787095 -0.02825874 0.04081308
v -0.02939069 -0.02705705 0.04034978
v -0.02787095 -0.02825874 0.04081308
v -0.02842938 -0.02599281 0.04195255
v -0.02842938 -0.02599281 0.04195255
v -0.02787095 -0.02825874 0.04081308
v -0.02712982 -0.02734065 0.04212296
v -0.03550332 -0.02438819 0.03550046
v -0.03388977 -0.02667915 0.03550034
v -0.03365010 -0.02509987 0.03728032
v -0.03365010 -0.02509987 0.03728032
v -0.03388977 -0.02667915 0.03550034
v -0.03238809 -0.02675122 0.03735882
v -0.03365010 -0.02509987 0.03728032
v -0.03238809 -0.02675122 0.03735882
v -0.03249472 -0.02449876 0.03907769
v -0.03249472 -0.02449876 0.03907769
v -0.03238809 -0.02675122 0.03735882
v -0.03105890 -0.02592390 0.03955107
v -0.03249472 -0.02449876 0.03907769
v -0.03105890 -0.02592390 0.03955107
v -0.03130406 -0.02362990 0.04087471
v -0.03130406 -0.02362990 0.04087471
v -0.03105890 -0.02592390 0.03955107
v -0.03007441 -0.02499210 0.04115736
v -0.03238809 -0.02675122 0.03735882
v -0.03388977 -0.02667915 0.03550034
v -0.03145456 -0.02852177 0.03674727
v -0.03238809 -0.02675122 0.03735882
v -0.03145456 -0.02852177 0.03674727
v -0.03032892 -0.02795535 0.03861963
v -0.03238809 -0.02675122 0.03735882
v -0.03032892 -0.02795535 0.03861963
v -0.03105890 -0.02592390 0.03955107
v -0.03105890 -0.02592390 0.03955107
v -0.03032892 -0.02795535 0.03861963
v -0.02939069 -0.02705705 0.04034978
v -0.03105890 -0.02592390 0.03955107
v -0.02939069 -0.02705705 0.04034978
v -0.03007441 -0.02499210 0.04115736
v -0.03007441 -0.02499210 0.04115736
v -0.02939069 -0.02705705 0.04034978
v -0.02842938 -0.02599281 0.04195255
v -0.03071439 -0.02185899 0.04235172
v -0.03130406 -0.02362990 0.04087471
v -0.02883183 -0.02388191 0.04286944
v -0.02883183 -0.02388191 0.04286944
v -0.02842938 -0.02599281 0.04195255
v -0.02744442 -0.02494102 0.04334676
v -0.02744442 -0.02494102 0.04334676
v -0.02842938 -0.02599281 0.04195255
v -0.02712982 -0.02734065 0.04212296
v -0.02744442 -0.02494102 0.04334676
v -0.02712982 -0.02734065 0.04212296
v -0.02618932 -0.02620136 0.04354619
v -0.03302770 -0.02002614 0.04116058
v -0.03417813 -0.01856184 0.04070687
v -0.03461831 -0.02047872 0.03932607
v -0.03461831 -0.02047872 0.03932607
v -0.03417813 -0.01856184 0.04070687
v -0.03634119 -0.01834601 0.03855103
v -0.03634119 -0.01834601 0.03855103
v -0.03666877 -0.01637727 0.03907257
v -0.03861975 -0.01642692 0.03679704
v -0.03861975 -0.01642692 0.03679704
v -0.03666877 -0.01637727 0.03907257
v -0.03875440 -0.01399785 0.03765243
v -0.03714960 -0.02170825 0.03550040
v -0.03550332 -0.02438819 0.03550046
v -0.03497576 -0.02292639 0.03738194
v -0.03497576 -0.02292639 0.03738194
v -0.03550332 -0.02438819 0.03550046
v -0.03365010 -0.02509987 0.03728032
v -0.03497576 -0.02292639 0.03738194
v -0.03365010 -0.02509987 0.03728032
v -0.03249472 -0.02449876 0.03907769
v -0.03497576 -0.02292639 0.03738194
v -0.03249472 -0.02449876 0.03907769
v -0.03353875 -0.02249670 0.03930538
v -0.03353875 -0.02249670 0.03930538
v -0.03249472 -0.02449876 0.03907769
v -0.03130406 -0.02362990 0.04087471
v -0.03353875 -0.02249670 0.03930538
v -0.03130406 -0.02362990 0.04087471
v -0.03258723 -0.02195596 0.04059910
v -0.03453236 -0.01248031 0.04229611
v -0.03505390 -0.01396870 0.04148370
v -0.03259181 -0.01405853 0.04350990
v -0.03259181 -0.01405853 0.04350990
v -0.03505390 -0.01396870 0.04148370
v -0.03272193 -0.01693350 0.04263234
v -0.03115379 -0.01979351 0.04288452
v -0.03018367 -0.01862514 0.04403805
v -0.03272193 -0.01693350 0.04263234
v -0.03438639 -0.01648896 0.04131519
v -0.03272193 -0.01693350 0.04263234
v -0.03505390 -0.01396870 0.04148370
v -0.03539752 -0.00576830 0.04257977
v -0.03752064 -0.00656098 0.04061532
v -0.03501904 -0.00972742 0.04240345
v -0.03501904 -0.00972742 0.04240345
v -0.03752064 -0.00656098 0.04061532
v -0.03633701 -0.01055270 0.04109758
v -0.03501904 -0.00972742 0.04240345
v -0.03633701 -0.01055270 0.04109758
v -0.03453236 -0.01248031 0.04229611
v -0.03302770 -0.02002614 0.04116058
v -0.03115379 -0.01979351 0.04288452
v -0.03272193 -0.01693350 0.04263234
v -0.03302770 -0.02002614 0.04116058
v -0.03272193 -0.01693350 0.04263234
v -0.03417813 -0.01856184 0.04070687
v -0.03417813 -0.01856184 0.04070687
v -0.03272193 -0.01693350 0.04263234
v -0.03438639 -0.01648896 0.04131519
v -0.02847057 -0.02169877 0.04413503
v -0.03018367 -0.01862514 0.04403805
v -0.03115379 -0.01979351 0.04288452
v -0.03505390 -0.01396870 0.04148370
v -0.03453236 -0.01248031 0.04229611
v -0.03633701 -0.01055270 0.04109758
v -0.03825217 -0.00974727 0.03939211
v -0.03633701 -0.01055270 0.04109758
v -0.03752064 -0.00656098 0.04061532
v -0.03618180 -0.00000013 0.04215335
v -0.03667032 -0.00000021 0.04172420
v -0.03526043 -0.00269562 0.04287976
v -0.03526043 -0.00269562 0.04287976
v -0.03667032 -0.00000021 0.04172420
v -0.03715133 -0.00253802 0.04125869
v -0.04187858 -0.00884926 0.03550022
v -0.04051220 -0.00800472 0.03729218
v -0.04236543 -0.00587606 0.03550308
v -0.04072636 -0.00271189 0.03772419
v -0.04236543 -0.00587606 0.03550308
v -0.03943085 -0.00678957 0.03868287
v -0.04072636 -0.00271189 0.03772419
v -0.03943085 -0.00678957 0.03868287
v -0.03893435 -0.00290728 0.03955870
v -0.03893435 -0.00290728 0.03955870
v -0.03943085 -0.00678957 0.03868287
v -0.03752064 -0.00656098 0.04061532
v -0.03893435 -0.00290728 0.03955870
v -0.03752064 -0.00656098 0.04061532
v -0.03715133 -0.00253802 0.04125869
v -0.03715133 -0.00253802 0.04125869
v -0.03752064 -0.00656098 0.04061532
v -0.03539752 -0.00576830 0.04257977
v -0.03715133 -0.00253802 0.04125869
v -0.03539752 -0.00576830 0.04257977
v -0.03526043 -0.00269562 0.04287976
v -0.03752064 -0.00656098 0.04061532
v -0.03943085 -0.00678957 0.03868287
v -0.03825217 -0.00974727 0.03939211
v -0.03825217 -0.00974727 0.03939211
v -0.03800195 -0.01165753 0.03920340
v -0.03633701 -0.01055270 0.04109758
v -0.03633701 -0.01055270 0.04109758
v -0.03800195 -0.01165753 0.03920340
v -0.03670656 -0.01421838 0.03980970
v -0.03633701 -0.01055270 0.04109758
v -0.03670656 -0.01421838 0.03980970
v -0.03505390 -0.01396870 0.04148370
v -0.03505390 -0.01396870 0.04148370
v -0.03670656 -0.01421838 0.03980970
v -0.03438639 -0.01648896 0.04131519
v -0.03302770 -0.02002614 0.04116058
v -0.03071439 -0.02185899 0.04235172
v -0.03115379 -0.01979351 0.04288452
v -0.03115379 -0.01979351 0.04288452
v -0.03071439 -0.02185899 0.04235172
v -0.02847057 -0.02169877 0.04413503
v -0.02847057 -0.02169877 0.04413503
v -0.03071439 -0.02185899 0.04235172
v -0.02883183 -0.02388191 0.04286944
v -0.02847057 -0.02169877 0.04413503
v -0.02883183 -0.02388191 0.04286944
v -0.02633363 -0.02310281 0.04496055
v -0.04187858 -0.00884926 0.03550022
v -0.04037725 -0.01008266 0.03698140
v -0.04051220 -0.00800472 0.03729218
v -0.04051220 -0.00800472 0.03729218
v -0.04037725 -0.01008266 0.03698140
v -0.03825217 -0.00974727 0.03939211
v -0.04051220 -0.00800472 0.03729218
v -0.03825217 -0.00974727 0.03939211
v -0.03943085 -0.00678957 0.03868287
v -0.03670656 -0.01421838 0.03980970
v -0.03666877 -0.01637727 0.03907257
v -0.03438639 -0.01648896 0.04131519
v -0.03438639 -0.01648896 0.04131519
v -0.03666877 -0.01637727 0.03907257
v -0.03417813 -0.01856184 0.04070687
v -0.03302770 -0.02002614 0.04116058
v -0.03258723 -0.02195596 0.04059910
v -0.03071439 -0.02185899 0.04235172
v -0.03071439 -0.02185899 0.04235172
v -0.03258723 -0.02195596 0.04059910
v -0.03130406 -0.02362990 0.04087471
v -0.03130406 -0.02362990 0.04087471
v -0.03007441 -0.02499210 0.04115736
v -0.02883183 -0.02388191 0.04286944
v -0.02883183 -0.02388191 0.04286944
v -0.03007441 -0.02499210 0.04115736
v -0.02842938 -0.02599281 0.04195255
v -0.01617795 -0.02991390 0.04669654
v -0.01539599 -0.03145200 0.04606992
v -0.01355451 -0.03118109 0.04686325
v -0.01355451 -0.03118109 0.04686325
v -0.01222610 -0.03311610 0.04602617
v -0.01110404 -0.03173023 0.04723691
v -0.01110404 -0.03173023 0.04723691
v -0.01222610 -0.03311610 0.04602617
v -0.01052439 -0.03363275 0.04613447
v -0.01110404 -0.03173023 0.04723691
v -0.01052439 -0.03363275 0.04613447
v -0.00859624 -0.03287661 0.04707944
v -0.00690186 -0.03280693 0.04743319
v -0.00522762 -0.03516083 0.04603266
v -0.00529969 -0.03271859 0.04770547
v -0.00529969 -0.03271859 0.04770547
v -0.00522762 -0.03516083 0.04603266
v -0.00344837 -0.03302943 0.04769217
v -0.00165987 -0.03287130 0.04790437
v -0.00344837 -0.03302943 0.04769217
v -0.00332928 -0.03505975 0.04629170
v -0.00332928 -0.03505975 0.04629170
v -0.00344837 -0.03302943 0.04769217
v -0.00522762 -0.03516083 0.04603266
v -0.00522762 -0.03516083 0.04603266
v -0.00690186 -0.03280693 0.04743319
v -0.00706088 -0.03487223 0.04596704
v -0.00706088 -0.03487223 0.04596704
v -0.00690186 -0.03280693 0.04743319
v -0.00859624 -0.03287661 0.04707944
v -0.00706088 -0.03487223 0.04596704
v -0.00859624 -0.03287661 0.04707944
v -0.00884575 -0.03450441 0.04589635
v -0.00884575 -0.03450441 0.04589635
v -0.00859624 -0.03287661 0.04707944
v -0.01052439 -0.03363275 0.04613447
v -0.01222610 -0.03311610 0.04602617
v -0.01355451 -0.03118109 0.04686325
v -0.01399070 -0.03292906 0.04558712
v -0.01399070 -0.03292906 0.04558712
v -0.01355451 -0.03118109 0.04686325
v -0.01539599 -0.03145200 0.04606992
v -0.01539599 -0.03145200 0.04606992
v -0.01617795 -0.02991390 0.04669654
v -0.01722288 -0.03149586 0.04530864
v -0.01722288 -0.03149586 0.04530864
v -0.01617795 -0.02991390 0.04669654
v -0.01812088 -0.02904790 0.04639643
v -0.01722288 -0.03149586 0.04530864
v -0.01812088 -0.02904790 0.04639643
v -0.01877212 -0.03066915 0.04515057
v -0.01877212 -0.03066915 0.04515057
v -0.01812088 -0.02904790 0.04639643
v -0.01967656 -0.02837157 0.04607892
v -0.03334856 -0.01067751 0.04359698
v -0.03453236 -0.01248031 0.04229611
v -0.03259181 -0.01405853 0.04350990
v -0.03259181 -0.01405853 0.04350990
v -0.03272193 -0.01693350 0.04263234
v -0.03096002 -0.01616048 0.04419291
v -0.03096002 -0.01616048 0.04419291
v -0.03272193 -0.01693350 0.04263234
v -0.03018367 -0.01862514 0.04403805
v -0.02195435 -0.02630120 0.04600733
v -0.02441024 -0.02511042 0.04524302
v -0.02316325 -0.02793198 0.04449939
v -0.02195435 -0.02630120 0.04600733
v -0.02316325 -0.02793198 0.04449939
v -0.02126282 -0.02790153 0.04555398
v -0.00782353 -0.04172146 0.03788214
v -0.00753158 -0.04242181 0.03651475
v -0.00543827 -0.04271435 0.03661853
v -0.00782353 -0.04172146 0.03788214
v -0.00543827 -0.04271435 0.03661853
v -0.00588465 -0.04196548 0.03803098
v -0.00588465 -0.04196548 0.03803098
v -0.00543827 -0.04271435 0.03661853
v -0.00353426 -0.04280966 0.03688043
v -0.00588465 -0.04196548 0.03803098
v -0.00353426 -0.04280966 0.03688043
v -0.00375968 -0.04186350 0.03869396
v -0.00588465 -0.04196548 0.03803098
v -0.00375968 -0.04186350 0.03869396
v -0.00576085 -0.04111748 0.03953218
v -0.00576085 -0.04111748 0.03953218
v -0.00375968 -0.04186350 0.03869396
v -0.00368792 -0.04081434 0.04037135
v -0.00576085 -0.04111748 0.03953218
v -0.00368792 -0.04081434 0.04037135
v -0.00564528 -0.03998690 0.04117733
v -0.00564528 -0.03998690 0.04117733
v -0.00368792 -0.04081434 0.04037135
v -0.00361449 -0.03959441 0.04198521
v -0.00564528 -0.03998690 0.04117733
v -0.00361449 -0.03959441 0.04198521
v -0.00552642 -0.03868860 0.04275244
v -0.00552642 -0.03868860 0.04275244
v -0.00361449 -0.03959441 0.04198521
v -0.00353849 -0.03820317 0.04353106
v -0.00552642 -0.03868860 0.04275244
v -0.00353849 -0.03820317 0.04353106
v -0.00540376 -0.03722214 0.04425472
v -0.00540376 -0.03722214 0.04425472
v -0.00353849 -0.03820317 0.04353106
v -0.00346071 -0.03664392 0.04500281
v -0.00540376 -0.03722214 0.04425472
v -0.00346071 -0.03664392 0.04500281
v -0.00522762 -0.03516083 0.04603266
v -0.00522762 -0.03516083 0.04603266
v -0.00346071 -0.03664392 0.04500281
v -0.00332928 -0.03505975 0.04629170
v -0.00353426 -0.04280966 0.03688043
v -0.00154948 -0.04273223 0.03730797
v -0.00375968 -0.04186350 0.03869396
v -0.00375968 -0.04186350 0.03869396
v -0.00154948 -0.04273223 0.03730797
v -0.00165987 -0.04172939 0.03917086
v -0.00375968 -0.04186350 0.03869396
v -0.00165987 -0.04172939 0.03917086
v -0.00368792 -0.04081434 0.04037135
v -0.00368792 -0.04081434 0.04037135
v -0.00165987 -0.04172939 0.03917086
v -0.00165456 -0.04076784 0.04063242
v -0.00368792 -0.04081434 0.04037135
v -0.00165456 -0.04076784 0.04063242
v -0.00361449 -0.03959441 0.04198521
v -0.00361449 -0.03959441 0.04198521
v -0.00165456 -0.04076784 0.04063242
v -0.00162172 -0.03969311 0.04203414
v -0.00361449 -0.03959441 0.04198521
v -0.00162172 -0.03969311 0.04203414
v -0.00353849 -0.03820317 0.04353106
v -0.00353849 -0.03820317 0.04353106
v -0.00162172 -0.03969311 0.04203414
v -0.00160426 -0.03811120 0.04376918
v -0.00353849 -0.03820317 0.04353106
v -0.00160426 -0.03811120 0.04376918
v -0.00346071 -0.03664392 0.04500281
v -0.00346071 -0.03664392 0.04500281
v -0.00160426 -0.03811120 0.04376918
v -0.00155675 -0.03626191 0.04544854
v -0.00346071 -0.03664392 0.04500281
v -0.00155675 -0.03626191 0.04544854
v -0.00332928 -0.03505975 0.04629170
v -0.00332928 -0.03505975 0.04629170
v -0.00155675 -0.03626191 0.04544854
v 0.00000000 -0.03487390 0.04656970
v -0.00992543 -0.04133039 0.03772526
v -0.00782353 -0.04172146 0.03788214
v -0.00977045 -0.04033476 0.03948938
v -0.00977045 -0.04033476 0.03948938
v -0.00782353 -0.04172146 0.03788214
v -0.00773781 -0.04051017 0.03993183
v -0.00977045 -0.04033476 0.03948938
v -0.00773781 -0.04051017 0.03993183
v -0.00953776 -0.03907889 0.04132336
v -0.00953776 -0.03907889 0.04132336
v -0.00773781 -0.04051017 0.03993183
v -0.00757682 -0.03934729 0.04155421
v -0.00953776 -0.03907889 0.04132336
v -0.00757682 -0.03934729 0.04155421
v -0.00929707 -0.03760838 0.04306060
v -0.00929707 -0.03760838 0.04306060
v -0.00757682 -0.03934729 0.04155421
v -0.00741035 -0.03801786 0.04310441
v -0.00929707 -0.03760838 0.04306060
v -0.00741035 -0.03801786 0.04310441
v -0.00907552 -0.03613376 0.04452192
v -0.00907552 -0.03613376 0.04452192
v -0.00741035 -0.03801786 0.04310441
v -0.00723851 -0.03652429 0.04457789
v -0.00907552 -0.03613376 0.04452192
v -0.00723851 -0.03652429 0.04457789
v -0.00884575 -0.03450441 0.04589635
v -0.00884575 -0.03450441 0.04589635
v -0.00723851 -0.03652429 0.04457789
v -0.00706088 -0.03487223 0.04596704
v -0.01427930 -0.03984475 0.03795874
v -0.01180708 -0.04070770 0.03792160
v -0.01359170 -0.03890907 0.03982257
v -0.01359170 -0.03890907 0.03982257
v -0.01180708 -0.04070770 0.03792160
v -0.01167184 -0.03953838 0.03986799
v -0.01359170 -0.03890907 0.03982257
v -0.01167184 -0.03953838 0.03986799
v -0.01325047 -0.03764981 0.04161077
v -0.01325047 -0.03764981 0.04161077
v -0.01167184 -0.03953838 0.03986799
v -0.01138484 -0.03825616 0.04166942
v -0.01325047 -0.03764981 0.04161077
v -0.01138484 -0.03825616 0.04166942
v -0.01289552 -0.03618389 0.04329860
v -0.01289552 -0.03618389 0.04329860
v -0.01138484 -0.03825616 0.04166942
v -0.01108598 -0.03676259 0.04337269
v -0.01289552 -0.03618389 0.04329860
v -0.01108598 -0.03676259 0.04337269
v -0.01256769 -0.03472346 0.04470849
v -0.01256769 -0.03472346 0.04470849
v -0.01108598 -0.03676259 0.04337269
v -0.01081085 -0.03527313 0.04479873
v -0.01256769 -0.03472346 0.04470849
v -0.01081085 -0.03527313 0.04479873
v -0.01222610 -0.03311610 0.04602617
v -0.01222610 -0.03311610 0.04602617
v -0.01081085 -0.03527313 0.04479873
v -0.01052439 -0.03363275 0.04613447
v -0.01427930 -0.03984475 0.03795874
v -0.01210480 -0.04113477 0.03691470
v -0.01180708 -0.04070770 0.03792160
v -0.01180708 -0.04070770 0.03792160
v -0.00992543 -0.04133039 0.03772526
v -0.00977045 -0.04033476 0.03948938
v -0.01180708 -0.04070770 0.03792160
v -0.00977045 -0.04033476 0.03948938
v -0.01167184 -0.03953838 0.03986799
v -0.01167184 -0.03953838 0.03986799
v -0.00977045 -0.04033476 0.03948938
v -0.00953776 -0.03907889 0.04132336
v -0.01167184 -0.03953838 0.03986799
v -0.00953776 -0.03907889 0.04132336
v -0.01138484 -0.03825616 0.04166942
v -0.01138484 -0.03825616 0.04166942
v -0.00953776 -0.03907889 0.04132336
v -0.00929707 -0.03760838 0.04306060
v -0.01138484 -0.03825616 0.04166942
v -0.00929707 -0.03760838 0.04306060
v -0.01108598 -0.03676259 0.04337269
v -0.01108598 -0.03676259 0.04337269
v -0.00929707 -0.03760838 0.04306060
v -0.00907552 -0.03613376 0.04452192
v -0.01108598 -0.03676259 0.04337269
v -0.00907552 -0.03613376 0.04452192
v -0.01081085 -0.03527313 0.04479873
v -0.01081085 -0.03527313 0.04479873
v -0.00907552 -0.03613376 0.04452192
v -0.00884575 -0.03450441 0.04589635
v -0.01081085 -0.03527313 0.04479873
v -0.00884575 -0.03450441 0.04589635
v -0.01052439 -0.03363275 0.04613447
v -0.01210480 -0.04113477 0.03691470
v -0.00960964 -0.04199135 0.03650212
v -0.00992543 -0.04133039 0.03772526
v -0.00782353 -0.04172146 0.03788214
v -0.00588465 -0.04196548 0.03803098
v -0.00576085 -0.04111748 0.03953218
v -0.00782353 -0.04172146 0.03788214
v -0.00576085 -0.04111748 0.03953218
v -0.00773781 -0.04051017 0.03993183
v -0.00773781 -0.04051017 0.03993183
v -0.00576085 -0.04111748 0.03953218
v -0.00564528 -0.03998690 0.04117733
v -0.00773781 -0.04051017 0.03993183
v -0.00564528 -0.03998690 0.04117733
v -0.00757682 -0.03934729 0.04155421
v -0.00757682 -0.03934729 0.04155421
v -0.00564528 -0.03998690 0.04117733
v -0.00552642 -0.03868860 0.04275244
v -0.00757682 -0.03934729 0.04155421
v -0.00552642 -0.03868860 0.04275244
v -0.00741035 -0.03801786 0.04310441
v -0.00741035 -0.03801786 0.04310441
v -0.00552642 -0.03868860 0.04275244
v -0.00540376 -0.03722214 0.04425472
v -0.00741035 -0.03801786 0.04310441
v -0.00540376 -0.03722214 0.04425472
v -0.00723851 -0.03652429 0.04457789
v -0.00723851 -0.03652429 0.04457789
v -0.00540376 -0.03722214 0.04425472
v -0.00522762 -0.03516083 0.04603266
v -0.00723851 -0.03652429 0.04457789
v -0.00522762 -0.03516083 0.04603266
v -0.00706088 -0.03487223 0.04596704
v -0.01727163 -0.03721922 0.03995823
v -0.01793712 -0.03830415 0.03787070
v -0.01627421 -0.03904283 0.03793793
v -0.01727163 -0.03721922 0.03995823
v -0.01627421 -0.03904283 0.03793793
v -0.01547509 -0.03818589 0.03976839
v -0.01727163 -0.03721922 0.03995823
v -0.01547509 -0.03818589 0.03976839
v -0.01512378 -0.03709667 0.04134696
v -0.01727163 -0.03721922 0.03995823
v -0.01512378 -0.03709667 0.04134696
v -0.01671391 -0.03572177 0.04201990
v -0.01671391 -0.03572177 0.04201990
v -0.01512378 -0.03709667 0.04134696
v -0.01476091 -0.03585451 0.04284811
v -0.01671391 -0.03572177 0.04201990
v -0.01476091 -0.03585451 0.04284811
v -0.01629287 -0.03443759 0.04346340
v -0.01629287 -0.03443759 0.04346340
v -0.01476091 -0.03585451 0.04284811
v -0.01438379 -0.03446274 0.04426485
v -0.01629287 -0.03443759 0.04346340
v -0.01438379 -0.03446274 0.04426485
v -0.01585483 -0.03301370 0.04481482
v -0.01585483 -0.03301370 0.04481482
v -0.01438379 -0.03446274 0.04426485
v -0.01399070 -0.03292906 0.04558712
v -0.01585483 -0.03301370 0.04481482
v -0.01399070 -0.03292906 0.04558712
v -0.01539599 -0.03145200 0.04606992
v -0.02473634 -0.03466415 0.03697592
v -0.02452582 -0.03572946 0.03550273
v -0.02259314 -0.03632354 0.03674077
v -0.02212679 -0.03567582 0.03819465
v -0.01996487 -0.03725171 0.03782665
v -0.02086472 -0.03546679 0.03955924
v -0.02086472 -0.03546679 0.03955924
v -0.01996487 -0.03725171 0.03782665
v -0.01911514 -0.03646224 0.03963643
v -0.02086472 -0.03546679 0.03955924
v -0.01911514 -0.03646224 0.03963643
v -0.02037101 -0.03447026 0.04108172
v -0.02037101 -0.03447026 0.04108172
v -0.01911514 -0.03646224 0.03963643
v -0.01866865 -0.03543192 0.04117935
v -0.02037101 -0.03447026 0.04108172
v -0.01866865 -0.03543192 0.04117935
v -0.01986068 -0.03333538 0.04252701
v -0.01986068 -0.03333538 0.04252701
v -0.01866865 -0.03543192 0.04117935
v -0.01820635 -0.03425735 0.04264533
v -0.01986068 -0.03333538 0.04252701
v -0.01820635 -0.03425735 0.04264533
v -0.01932829 -0.03206562 0.04388719
v -0.01932829 -0.03206562 0.04388719
v -0.01820635 -0.03425735 0.04264533
v -0.01772511 -0.03294259 0.04402554
v -0.01932829 -0.03206562 0.04388719
v -0.01772511 -0.03294259 0.04402554
v -0.01877212 -0.03066915 0.04515057
v -0.01877212 -0.03066915 0.04515057
v -0.01772511 -0.03294259 0.04402554
v -0.01722288 -0.03149586 0.04530864
v -0.01996487 -0.03725171 0.03782665
v -0.01793712 -0.03830415 0.03787070
v -0.01727163 -0.03721922 0.03995823
v -0.01996487 -0.03725171 0.03782665
v -0.01727163 -0.03721922 0.03995823
v -0.01911514 -0.03646224 0.03963643
v -0.01911514 -0.03646224 0.03963643
v -0.01727163 -0.03721922 0.03995823
v -0.01866865 -0.03543192 0.04117935
v -0.01866865 -0.03543192 0.04117935
v -0.01727163 -0.03721922 0.03995823
v -0.01671391 -0.03572177 0.04201990
v -0.01866865 -0.03543192 0.04117935
v -0.01671391 -0.03572177 0.04201990
v -0.01820635 -0.03425735 0.04264533
v -0.01820635 -0.03425735 0.04264533
v -0.01671391 -0.03572177 0.04201990
v -0.01629287 -0.03443759 0.04346340
v -0.01820635 -0.03425735 0.04264533
v -0.01629287 -0.03443759 0.04346340
v -0.01772511 -0.03294259 0.04402554
v -0.01772511 -0.03294259 0.04402554
v -0.01629287 -0.03443759 0.04346340
v -0.01585483 -0.03301370 0.04481482
v -0.01772511 -0.03294259 0.04402554
v -0.01585483 -0.03301370 0.04481482
v -0.01722288 -0.03149586 0.04530864
v -0.01722288 -0.03149586 0.04530864
v -0.01585483 -0.03301370 0.04481482
v -0.01539599 -0.03145200 0.04606992
v -0.02656155 -0.03301614 0.03723651
v -0.02473634 -0.03466415 0.03697592
v -0.02467399 -0.03378605 0.03824383
v -0.02467399 -0.03378605 0.03824383
v -0.02473634 -0.03466415 0.03697592
v -0.02212679 -0.03567582 0.03819465
v -0.02467399 -0.03378605 0.03824383
v -0.02212679 -0.03567582 0.03819465
v -0.02271074 -0.03455597 0.03913426
v -0.02467399 -0.03378605 0.03824383
v -0.02271074 -0.03455597 0.03913426
v -0.02398282 -0.03289192 0.03995293
v -0.02398282 -0.03289192 0.03995293
v -0.02271074 -0.03455597 0.03913426
v -0.02215832 -0.03367757 0.04060798
v -0.02398282 -0.03289192 0.03995293
v -0.02215832 -0.03367757 0.04060798
v -0.02332049 -0.03179466 0.04156959
v -0.02332049 -0.03179466 0.04156959
v -0.02215832 -0.03367757 0.04060798
v -0.02160608 -0.03261977 0.04205006
v -0.02332049 -0.03179466 0.04156959
v -0.02160608 -0.03261977 0.04205006
v -0.02262306 -0.03054058 0.04309928
v -0.02262306 -0.03054058 0.04309928
v -0.02160608 -0.03261977 0.04205006
v -0.02102994 -0.03142970 0.04341208
v -0.02262306 -0.03054058 0.04309928
v -0.02102994 -0.03142970 0.04341208
v -0.02189368 -0.02913475 0.04450440
v -0.02189368 -0.02913475 0.04450440
v -0.02102994 -0.03142970 0.04341208
v -0.02042937 -0.03011840 0.04467868
v -0.02821254 -0.03144800 0.03734236
v -0.02656155 -0.03301614 0.03723651
v -0.02610117 -0.03231823 0.03858864
v -0.02821254 -0.03144800 0.03734236
v -0.02610117 -0.03231823 0.03858864
v -0.02713990 -0.03045535 0.03954893
v -0.02713990 -0.03045535 0.03954893
v -0.02610117 -0.03231823 0.03858864
v -0.02539163 -0.03144276 0.04020977
v -0.02713990 -0.03045535 0.03954893
v -0.02539163 -0.03144276 0.04020977
v -0.02646660 -0.02959597 0.04095333
v -0.02646660 -0.02959597 0.04095333
v -0.02539163 -0.03144276 0.04020977
v -0.02467375 -0.03036230 0.04177778
v -0.02646660 -0.02959597 0.04095333
v -0.02467375 -0.03036230 0.04177778
v -0.02576673 -0.02862179 0.04228848
v -0.02576673 -0.02862179 0.04228848
v -0.02467375 -0.03036230 0.04177778
v -0.02400410 -0.02927690 0.04309535
v -0.02576673 -0.02862179 0.04228848
v -0.02400410 -0.02927690 0.04309535
v -0.02488750 -0.02741605 0.04372125
v -0.02488750 -0.02741605 0.04372125
v -0.02400410 -0.02927690 0.04309535
v -0.02316325 -0.02793198 0.04449939
v -0.02610117 -0.03231823 0.03858864
v -0.02656155 -0.03301614 0.03723651
v -0.02467399 -0.03378605 0.03824383
v -0.02610117 -0.03231823 0.03858864
v -0.02467399 -0.03378605 0.03824383
v -0.02398282 -0.03289192 0.03995293
v -0.02610117 -0.03231823 0.03858864
v -0.02398282 -0.03289192 0.03995293
v -0.02539163 -0.03144276 0.04020977
v -0.02539163 -0.03144276 0.04020977
v -0.02398282 -0.03289192 0.03995293
v -0.02332049 -0.03179466 0.04156959
v -0.02539163 -0.03144276 0.04020977
v -0.02332049 -0.03179466 0.04156959
v -0.02467375 -0.03036230 0.04177778
v -0.02467375 -0.03036230 0.04177778
v -0.02332049 -0.03179466 0.04156959
v -0.02262306 -0.03054058 0.04309928
v -0.02467375 -0.03036230 0.04177778
v -0.02262306 -0.03054058 0.04309928
v -0.02400410 -0.02927690 0.04309535
v -0.02400410 -0.02927690 0.04309535
v -0.02262306 -0.03054058 0.04309928
v -0.02316325 -0.02793198 0.04449939
v -0.02316325 -0.02793198 0.04449939
v -0.02262306 -0.03054058 0.04309928
v -0.02189368 -0.02913475 0.04450440
v -0.02798736 -0.03300929 0.03550100
v -0.02621793 -0.03446888 0.03550255
v -0.02656155 -0.03301614 0.03723651
v -0.02656155 -0.03301614 0.03723651
v -0.02621793 -0.03446888 0.03550255
v -0.02473634 -0.03466415 0.03697592
v -0.02271074 -0.03455597 0.03913426
v -0.02212679 -0.03567582 0.03819465
v -0.02086472 -0.03546679 0.03955924
v -0.02271074 -0.03455597 0.03913426
v -0.02086472 -0.03546679 0.03955924
v -0.02215832 -0.03367757 0.04060798
v -0.02215832 -0.03367757 0.04060798
v -0.02086472 -0.03546679 0.03955924
v -0.02037101 -0.03447026 0.04108172
v -0.02215832 -0.03367757 0.04060798
v -0.02037101 -0.03447026 0.04108172
v -0.02160608 -0.03261977 0.04205006
v -0.02160608 -0.03261977 0.04205006
v -0.02037101 -0.03447026 0.04108172
v -0.01986068 -0.03333538 0.04252701
v -0.02160608 -0.03261977 0.04205006
v -0.01986068 -0.03333538 0.04252701
v -0.02102994 -0.03142970 0.04341208
v -0.02102994 -0.03142970 0.04341208
v -0.01986068 -0.03333538 0.04252701
v -0.01932829 -0.03206562 0.04388719
v -0.02102994 -0.03142970 0.04341208
v -0.01932829 -0.03206562 0.04388719
v -0.02042937 -0.03011840 0.04467868
v -0.02042937 -0.03011840 0.04467868
v -0.01932829 -0.03206562 0.04388719
v -0.01877212 -0.03066915 0.04515057
v -0.02149480 -0.03769236 0.03550124
v -0.01951378 -0.03832757 0.03638434
v -0.01996487 -0.03725171 0.03782665
v -0.01996487 -0.03725171 0.03782665
v -0.01951378 -0.03832757 0.03638434
v -0.01793712 -0.03830415 0.03787070
v -0.01627421 -0.03904283 0.03793793
v -0.01427930 -0.03984475 0.03795874
v -0.01547509 -0.03818589 0.03976839
v -0.01547509 -0.03818589 0.03976839
v -0.01427930 -0.03984475 0.03795874
v -0.01359170 -0.03890907 0.03982257
v -0.01547509 -0.03818589 0.03976839
v -0.01359170 -0.03890907 0.03982257
v -0.01512378 -0.03709667 0.04134696
v -0.01512378 -0.03709667 0.04134696
v -0.01359170 -0.03890907 0.03982257
v -0.01325047 -0.03764981 0.04161077
v -0.01512378 -0.03709667 0.04134696
v -0.01325047 -0.03764981 0.04161077
v -0.01476091 -0.03585451 0.04284811
v -0.01476091 -0.03585451 0.04284811
v -0.01325047 -0.03764981 0.04161077
v -0.01289552 -0.03618389 0.04329860
v -0.01476091 -0.03585451 0.04284811
v -0.01289552 -0.03618389 0.04329860
v -0.01438379 -0.03446274 0.04426485
v -0.01438379 -0.03446274 0.04426485
v -0.01289552 -0.03618389 0.04329860
v -0.01256769 -0.03472346 0.04470849
v -0.01438379 -0.03446274 0.04426485
v -0.01256769 -0.03472346 0.04470849
v -0.01399070 -0.03292906 0.04558712
v -0.01399070 -0.03292906 0.04558712
v -0.01256769 -0.03472346 0.04470849
v -0.01222610 -0.03311610 0.04602617
v -0.00377911 -0.04333961 0.03549993
v -0.00353426 -0.04280966 0.03688043
v -0.00543827 -0.04271435 0.03661853
v -0.00799692 -0.04275208 0.03550010
v -0.00543827 -0.04271435 0.03661853
v -0.00753158 -0.04242181 0.03651475
v -0.00799692 -0.04275208 0.03550010
v -0.00753158 -0.04242181 0.03651475
v -0.00960964 -0.04199135 0.03650212
v -0.00799692 -0.04275208 0.03550010
v -0.00960964 -0.04199135 0.03650212
v -0.01176679 -0.04185873 0.03550028
v -0.01176679 -0.04185873 0.03550028
v -0.00960964 -0.04199135 0.03650212
v -0.01210480 -0.04113477 0.03691470
v -0.01176679 -0.04185873 0.03550028
v -0.01210480 -0.04113477 0.03691470
v -0.01398551 -0.04115957 0.03550642
v -0.01799929 -0.03952807 0.03550583
v -0.01951378 -0.03832757 0.03638434
v -0.02149480 -0.03769236 0.03550124
v -0.02149480 -0.03769236 0.03550124
v -0.02259314 -0.03632354 0.03674077
v -0.02452582 -0.03572946 0.03550273
v -0.02621793 -0.03446888 0.03550255
v -0.02452582 -0.03572946 0.03550273
v -0.02473634 -0.03466415 0.03697592
v -0.02798736 -0.03300929 0.03550100
v -0.02821254 -0.03144800 0.03734236
v -0.03018110 -0.03094226 0.03550392
v -0.03154897 -0.02949661 0.03549993
v -0.03018110 -0.03094226 0.03550392
v -0.02962344 -0.02985435 0.03752398
v -0.02962344 -0.02985435 0.03752398
v -0.02821254 -0.03144800 0.03734236
v -0.02858430 -0.02906942 0.03943574
v -0.02858430 -0.02906942 0.03943574
v -0.02821254 -0.03144800 0.03734236
v -0.02713990 -0.03045535 0.03954893
v -0.02858430 -0.02906942 0.03943574
v -0.02713990 -0.03045535 0.03954893
v -0.02787095 -0.02825874 0.04081308
v -0.02787095 -0.02825874 0.04081308
v -0.02713990 -0.03045535 0.03954893
v -0.02646660 -0.02959597 0.04095333
v -0.02787095 -0.02825874 0.04081308
v -0.02646660 -0.02959597 0.04095333
v -0.02712982 -0.02734065 0.04212296
v -0.02712982 -0.02734065 0.04212296
v -0.02646660 -0.02959597 0.04095333
v -0.02576673 -0.02862179 0.04228848
v -0.02712982 -0.02734065 0.04212296
v -0.02576673 -0.02862179 0.04228848
v -0.02618932 -0.02620136 0.04354619
v -0.02618932 -0.02620136 0.04354619
v -0.02576673 -0.02862179 0.04228848
v -0.02488750 -0.02741605 0.04372125
v -0.02618932 -0.02620136 0.04354619
v -0.02488750 -0.02741605 0.04372125
v -0.02441024 -0.02511042 0.04524302
v -0.02441024 -0.02511042 0.04524302
v -0.02488750 -0.02741605 0.04372125
v -0.02316325 -0.02793198 0.04449939
v -0.02316325 -0.02793198 0.04449939
v -0.02189368 -0.02913475 0.04450440
v -0.02126282 -0.02790153 0.04555398
v -0.02126282 -0.02790153 0.04555398
v -0.02189368 -0.02913475 0.04450440
v -0.02042937 -0.03011840 0.04467868
v -0.02126282 -0.02790153 0.04555398
v -0.02042937 -0.03011840 0.04467868
v -0.01967656 -0.02837157 0.04607892
v -0.01967656 -0.02837157 0.04607892
v -0.02042937 -0.03011840 0.04467868
v -0.01877212 -0.03066915 0.04515057
v -0.00332928 -0.03505975 0.04629170
v 0.00000000 -0.03487390 0.04656970
v -0.00165987 -0.03287130 0.04790437
v -0.00165987 -0.03287130 0.04790437
v 0.00000000 -0.03487390 0.04656970
v 0.00000000 -0.03331136 0.04763966
v -0.00276965 0.10166260 -0.05373263
v -0.00280327 0.08031928 -0.05438393
v -0.00559920 0.08031928 -0.05416744
v -0.04118072 0.01587700 0.03722316
v -0.04259389 0.02435648 0.03549993
v -0.04272484 -0.00000022 0.03549993
v -0.04058712 0.03762269 0.03756690
v -0.04229539 0.04399991 0.03549993
v -0.04259389 0.02435648 0.03549993
v -0.04033166 0.05897217 0.03733026
v -0.04205244 0.07205146 0.03494989
v -0.04229539 0.04399991 0.03549993
v -0.04229539 0.04399991 0.03549993
v -0.04205244 0.07205146 0.03494989
v -0.04395622 0.05897217 0.03298544
v -0.04229539 0.04399991 0.03549993
v -0.04395622 0.05897217 0.03298544
v -0.04416424 0.04399991 0.03314167
v -0.04416424 0.04399991 0.03314167
v -0.04395622 0.05897217 0.03298544
v -0.04559600 0.05897217 0.03067892
v -0.04416424 0.04399991 0.03314167
v -0.04559600 0.05897217 0.03067892
v -0.04673880 0.04399991 0.02943116
v -0.04673880 0.04399991 0.02943116
v -0.04559600 0.05897217 0.03067892
v -0.04711478 0.05897217 0.02829098
v -0.04673880 0.04399991 0.02943116
v -0.04711478 0.05897217 0.02829098
v -0.04850882 0.05897217 0.02582818
v -0.04673880 0.04399991 0.02943116
v -0.04850882 0.05897217 0.02582818
v -0.04873842 0.04399991 0.02595049
v -0.04873842 0.04399991 0.02595049
v -0.04850882 0.05897217 0.02582818
v -0.04977411 0.05897217 0.02329677
v -0.04873842 0.04399991 0.02595049
v -0.04977411 0.05897217 0.02329677
v -0.05071121 0.04399991 0.02188777
v -0.05071121 0.04399991 0.02188777
v -0.04977411 0.05897217 0.02329677
v -0.05090737 0.05897217 0.02070355
v -0.05071121 0.04399991 0.02188777
v -0.05090737 0.05897217 0.02070355
v -0.05190569 0.05897217 0.01805537
v -0.05071121 0.04399991 0.02188777
v -0.05190569 0.05897217 0.01805537
v -0.05269289 0.04399991 0.01655775
v -0.05269289 0.04399991 0.01655775
v -0.05190569 0.05897217 0.01805537
v -0.05276632 0.05897217 0.01535952
v -0.05269289 0.04399991 0.01655775
v -0.05276632 0.05897217 0.01535952
v -0.05348706 0.05897217 0.01262271
v -0.05269289 0.04399991 0.01655775
v -0.05348706 0.05897217 0.01262271
v -0.05411607 0.04399991 0.01105201
v -0.05411607 0.04399991 0.01105201
v -0.05348706 0.05897217 0.01262271
v -0.05406594 0.05897217 0.00985253
v -0.05411607 0.04399991 0.01105201
v -0.05406594 0.05897217 0.00985253
v -0.05450147 0.05897217 0.00705624
v -0.05411607 0.04399991 0.01105201
v -0.05450147 0.05897217 0.00705624
v -0.05496573 0.04399991 0.00542909
v -0.05496573 0.04399991 0.00542909
v -0.05450147 0.05897217 0.00705624
v -0.05479246 0.05897217 0.00424117
v -0.05496573 0.04399991 0.00542909
v -0.05479246 0.05897217 0.00424117
v -0.05493801 0.05897217 0.00141490
v -0.05496573 0.04399991 0.00542909
v -0.05493801 0.05897217 0.00141490
v -0.05523264 0.04399991 -0.00025117
v -0.05523264 0.04399991 -0.00025117
v -0.05493801 0.05897217 0.00141490
v -0.05493801 0.05897217 -0.00141501
v -0.05523264 0.04399991 -0.00025117
v -0.05493801 0.05897217 -0.00141501
v -0.05479246 0.05897217 -0.00424123
v -0.05523264 0.04399991 -0.00025117
v -0.05479246 0.05897217 -0.00424123
v -0.05491393 0.04399991 -0.00592887
v -0.05491393 0.04399991 -0.00592887
v -0.05479246 0.05897217 -0.00424123
v -0.05450147 0.05897217 -0.00705624
v -0.05491393 0.04399991 -0.00592887
v -0.05450147 0.05897217 -0.00705624
v -0.05406594 0.05897217 -0.00985259
v -0.05491393 0.04399991 -0.00592887
v -0.05406594 0.05897217 -0.00985259
v -0.05401343 0.04399991 -0.01154375
v -0.05401343 0.04399991 -0.01154375
v -0.05406594 0.05897217 -0.00985259
v -0.05348706 0.05897217 -0.01262277
v -0.05401343 0.04399991 -0.01154375
v -0.05348706 0.05897217 -0.01262277
v -0.05276632 0.05897217 -0.01535952
v -0.05401343 0.04399991 -0.01154375
v -0.05276632 0.05897217 -0.01535952
v -0.05254018 0.04399991 -0.01703625
v -0.05254018 0.04399991 -0.01703625
v -0.05276632 0.05897217 -0.01535952
v -0.05190569 0.05897217 -0.01805537
v -0.05254018 0.04399991 -0.01703625
v -0.05190569 0.05897217 -0.01805537
v -0.05090737 0.05897217 -0.02070361
v -0.05254018 0.04399991 -0.01703625
v -0.05090737 0.05897217 -0.02070361
v -0.05114835 0.04399991 -0.02080160
v -0.05114835 0.04399991 -0.02080160
v -0.05090737 0.05897217 -0.02070361
v -0.04977411 0.05897217 -0.02329677
v -0.05114835 0.04399991 -0.02080160
v -0.04977411 0.05897217 -0.02329677
v -0.04929256 0.04399991 -0.02491891
v -0.04929256 0.04399991 -0.02491891
v -0.04977411 0.05897217 -0.02329677
v -0.04850882 0.05897217 -0.02582818
v -0.04929256 0.04399991 -0.02491891
v -0.04850882 0.05897217 -0.02582818
v -0.04711478 0.05897217 -0.02829110
v -0.04929256 0.04399991 -0.02491891
v -0.04711478 0.05897217 -0.02829110
v -0.04646915 0.04399991 -0.02985507
v -0.04646915 0.04399991 -0.02985507
v -0.04711478 0.05897217 -0.02829110
v -0.04559600 0.05897217 -0.03067898
v -0.04646915 0.04399991 -0.02985507
v -0.04559600 0.05897217 -0.03067898
v -0.04395622 0.05897217 -0.03298550
v -0.04646915 0.04399991 -0.02985507
v -0.04395622 0.05897217 -0.03298550
v -0.04315298 0.04399991 -0.03447484
v -0.04315298 0.04399991 -0.03447484
v -0.04395622 0.05897217 -0.03298550
v -0.04219985 0.05897217 -0.03520458
v -0.04315298 0.04399991 -0.03447484
v -0.04219985 0.05897217 -0.03520458
v -0.04033166 0.05897217 -0.03733032
v -0.04315298 0.04399991 -0.03447484
v -0.04033166 0.05897217 -0.03733032
v -0.03937953 0.04399991 -0.03872919
v -0.03937953 0.04399991 -0.03872919
v -0.04033166 0.05897217 -0.03733032
v -0.03835648 0.05897217 -0.03935706
v -0.03937953 0.04399991 -0.03872919
v -0.03835648 0.05897217 -0.03935706
v -0.03627943 0.05897217 -0.04127949
v -0.03937953 0.04399991 -0.03872919
v -0.03627943 0.05897217 -0.04127949
v -0.03518879 0.04399991 -0.04257297
v -0.03518879 0.04399991 -0.04257297
v -0.03627943 0.05897217 -0.04127949
v -0.03410643 0.05897217 -0.04309237
v -0.03518879 0.04399991 -0.04257297
v -0.03410643 0.05897217 -0.04309237
v -0.03184276 0.05897217 -0.04479098
v -0.03518879 0.04399991 -0.04257297
v -0.03184276 0.05897217 -0.04479098
v -0.03199350 0.04399991 -0.04500293
v -0.03199350 0.04399991 -0.04500293
v -0.03184276 0.05897217 -0.04479098
v -0.02949488 0.05897217 -0.04637086
v -0.03199350 0.04399991 -0.04500293
v -0.02949488 0.05897217 -0.04637086
v -0.02821803 0.04399991 -0.04748106
v -0.02821803 0.04399991 -0.04748106
v -0.02949488 0.05897217 -0.04637086
v -0.02706861 0.05897217 -0.04782772
v -0.02821803 0.04399991 -0.04748106
v -0.02706861 0.05897217 -0.04782772
v -0.02457064 0.05897217 -0.04915767
v -0.02821803 0.04399991 -0.04748106
v -0.02457064 0.05897217 -0.04915767
v -0.02468693 0.04399991 -0.04939043
v -0.02468693 0.04399991 -0.04939043
v -0.02457064 0.05897217 -0.04915767
v -0.02200746 0.05897217 -0.05035746
v -0.02468693 0.04399991 -0.04939043
v -0.02200746 0.05897217 -0.05035746
v -0.02057486 0.04399991 -0.05125790
v -0.02057486 0.04399991 -0.05125790
v -0.02200746 0.05897217 -0.05035746
v -0.01938593 0.05897217 -0.05142354
v -0.02057486 0.04399991 -0.05125790
v -0.01938593 0.05897217 -0.05142354
v -0.01671302 0.05897217 -0.05235338
v -0.02057486 0.04399991 -0.05125790
v -0.01671302 0.05897217 -0.05235338
v -0.01519542 0.04399991 -0.05310177
v -0.01519542 0.04399991 -0.05310177
v -0.01671302 0.05897217 -0.05235338
v -0.01399564 0.05897217 -0.05314427
v -0.01519542 0.04399991 -0.05310177
v -0.01399564 0.05897217 -0.05314427
v -0.01124131 0.05897217 -0.05379438
v -0.01519542 0.04399991 -0.05310177
v -0.01124131 0.05897217 -0.05379438
v -0.00995320 0.04399991 -0.05432254
v -0.00995320 0.04399991 -0.05432254
v -0.01124131 0.05897217 -0.05379438
v -0.00845724 0.05897217 -0.05430167
v -0.00995320 0.04399991 -0.05432254
v -0.00845724 0.05897217 -0.05430167
v -0.00489825 0.04401373 -0.05499893
v -0.00489825 0.04401373 -0.05499893
v -0.00845724 0.05897217 -0.05430167
v -0.00565064 0.05897217 -0.05466502
v -0.00489825 0.04401373 -0.05499893
v -0.00565064 0.05897217 -0.05466502
v -0.00478679 0.04401642 -0.05500841
v -0.00478679 0.04401642 -0.05500841
v -0.00565064 0.05897217 -0.05466502
v -0.00282902 0.05897217 -0.05488348
v -0.00478679 0.04401642 -0.05500841
v -0.00282902 0.05897217 -0.05488348
v -0.00303477 0.04410177 -0.05513399
v 0.00000021 0.07485610 -0.05460959
v 0.00000000 0.04443138 -0.05521589
v -0.00282902 0.05897217 -0.05488348
v -0.00282902 0.05897217 -0.05488348
v 0.00000000 0.04443138 -0.05521589
v -0.00157887 0.04423779 -0.05519044
v -0.00157887 0.04423779 -0.05519044
v -0.00159413 0.04423612 -0.05518990
v -0.00282902 0.05897217 -0.05488348
v -0.00282902 0.05897217 -0.05488348
v -0.00159413 0.04423612 -0.05518990
v -0.00303477 0.04410177 -0.05513399
v -0.00726443 0.01631247 0.05504047
v -0.00501448 -0.00017667 0.05532461
v -0.00285709 0.01627171 0.05542731
v -0.00285709 0.01627171 0.05542731
v -0.00501448 -0.00017667 0.05532461
v -0.00201714 -0.00134730 0.05551064
v -0.00285709 0.01627171 0.05542731
v -0.00201714 -0.00134730 0.05551064
v 0.00000000 -0.00194150 0.05553853
v -0.00726443 0.01631247 0.05504047
v -0.00692290 -0.00187540 0.05510437
v -0.00501448 -0.00017667 0.05532461
v -0.01135265 0.01627171 0.05432724
v -0.00948912 -0.00049283 0.05473357
v -0.00726443 0.01631247 0.05504047
v -0.00726443 0.01631247 0.05504047
v -0.00948912 -0.00049283 0.05473357
v -0.00692290 -0.00187540 0.05510437
v -0.01413434 0.01627171 0.05367094
v -0.01192289 -0.00043472 0.05425620
v -0.01135265 0.01627171 0.05432724
v -0.01135265 0.01627171 0.05432724
v -0.01192289 -0.00043472 0.05425620
v -0.00948912 -0.00049283 0.05473357
v -0.01687866 0.01627171 0.05287212
v -0.01420110 -0.00217110 0.05368971
v -0.01413434 0.01627171 0.05367094
v -0.01413434 0.01627171 0.05367094
v -0.01420110 -0.00217110 0.05368971
v -0.01192289 -0.00043472 0.05425620
v -0.01957798 0.01627171 0.05193305
v -0.01957643 -0.00109875 0.05198621
v -0.01687866 0.01627171 0.05287212
v -0.01687866 0.01627171 0.05287212
v -0.01957643 -0.00109875 0.05198621
v -0.01645720 -0.00270182 0.05302643
v -0.01687866 0.01627171 0.05287212
v -0.01645720 -0.00270182 0.05302643
v -0.01420110 -0.00217110 0.05368971
v -0.02222543 0.01627171 0.05085641
v -0.01957643 -0.00109875 0.05198621
v -0.01957798 0.01627171 0.05193305
v -0.02481400 0.01627171 0.04964470
v -0.02420139 0.00026093 0.05000406
v -0.02222543 0.01627171 0.05085641
v -0.02222543 0.01627171 0.05085641
v -0.02420139 0.00026093 0.05000406
v -0.02277231 -0.00236863 0.05065089
v -0.02222543 0.01627171 0.05085641
v -0.02277231 -0.00236863 0.05065089
v -0.01957643 -0.00109875 0.05198621
v -0.02733683 0.01627171 0.04830151
v -0.02565550 -0.00201476 0.04925203
v -0.02481400 0.01627171 0.04964470
v -0.02481400 0.01627171 0.04964470
v -0.02565550 -0.00201476 0.04925203
v -0.02420139 0.00026093 0.05000406
v -0.02978712 0.01627171 0.04683017
v -0.02778249 -0.00205457 0.04808712
v -0.02733683 0.01627171 0.04830151
v -0.02733683 0.01627171 0.04830151
v -0.02778249 -0.00205457 0.04808712
v -0.02565550 -0.00201476 0.04925203
v -0.03215837 0.01627171 0.04523468
v -0.02988380 -0.00224018 0.04680860
v -0.02978712 0.01627171 0.04683017
v -0.02978712 0.01627171 0.04683017
v -0.02988380 -0.00224018 0.04680860
v -0.02778249 -0.00205457 0.04808712
v -0.03618180 -0.00000013 0.04215335
v -0.03412652 -0.00258040 0.04380995
v -0.03569233 0.01622575 0.04252433
v -0.03569233 0.01622575 0.04252433
v -0.03412652 -0.00258040 0.04380995
v -0.03215837 0.01627171 0.04523468
v -0.03215837 0.01627171 0.04523468
v -0.03412652 -0.00258040 0.04380995
v -0.03186327 -0.00268131 0.04546999
v -0.03215837 0.01627171 0.04523468
v -0.03186327 -0.00268131 0.04546999
v -0.02988380 -0.00224018 0.04680860
v -0.04017966 -0.00000000 0.03838378
v -0.04118072 0.01587700 0.03722316
v -0.04272484 -0.00000022 0.03549993
v -0.04017966 -0.00000000 0.03838378
v -0.03873652 0.01627171 0.03974699
v -0.04118072 0.01587700 0.03722316
v -0.04017966 -0.00000000 0.03838378
v -0.03876972 -0.00000021 0.03978115
v -0.03873652 0.01627171 0.03974699
v -0.03873652 0.01627171 0.03974699
v -0.03876972 -0.00000021 0.03978115
v -0.03783929 -0.00000021 0.04066705
v -0.03873652 0.01627171 0.03974699
v -0.03783929 -0.00000021 0.04066705
v -0.03569233 0.01622575 0.04252433
v -0.03569233 0.01622575 0.04252433
v -0.03783929 -0.00000021 0.04066705
v -0.03618180 -0.00000013 0.04215335
v -0.04259389 0.02435648 0.03549993
v -0.04118072 0.01587700 0.03722316
v -0.04058712 0.03762269 0.03756690
v -0.04058712 0.03762269 0.03756690
v -0.04118072 0.01587700 0.03722316
v -0.03873652 0.01627171 0.03974699
v -0.04058712 0.03762269 0.03756690
v -0.03873652 0.01627171 0.03974699
v -0.03859955 0.03762269 0.03960651
v -0.03859955 0.03762269 0.03960651
v -0.03873652 0.01627171 0.03974699
v -0.03569233 0.01622575 0.04252433
v -0.03859955 0.03762269 0.03960651
v -0.03569233 0.01622575 0.04252433
v -0.03650945 0.03762269 0.04154098
v -0.03650945 0.03762269 0.04154098
v -0.03569233 0.01622575 0.04252433
v -0.03432250 0.03762269 0.04336529
v -0.03432250 0.03762269 0.04336529
v -0.03569233 0.01622575 0.04252433
v -0.03215837 0.01627171 0.04523468
v -0.03432250 0.03762269 0.04336529
v -0.03215837 0.01627171 0.04523468
v -0.03204452 0.03762269 0.04507482
v -0.03204452 0.03762269 0.04507482
v -0.03215837 0.01627171 0.04523468
v -0.02978712 0.01627171 0.04683017
v -0.03204452 0.03762269 0.04507482
v -0.02978712 0.01627171 0.04683017
v -0.02968174 0.03762269 0.04666471
v -0.02968174 0.03762269 0.04666471
v -0.02978712 0.01627171 0.04683017
v -0.02733683 0.01627171 0.04830151
v -0.02968174 0.03762269 0.04666471
v -0.02733683 0.01627171 0.04830151
v -0.02724003 0.03762269 0.04813081
v -0.02724003 0.03762269 0.04813081
v -0.02733683 0.01627171 0.04830151
v -0.02481400 0.01627171 0.04964470
v -0.02724003 0.03762269 0.04813081
v -0.02481400 0.01627171 0.04964470
v -0.02472633 0.03762269 0.04946929
v -0.02472633 0.03762269 0.04946929
v -0.02481400 0.01627171 0.04964470
v -0.02222543 0.01627171 0.05085641
v -0.02472633 0.03762269 0.04946929
v -0.02222543 0.01627171 0.05085641
v -0.02214694 0.03762269 0.05067658
v -0.02214694 0.03762269 0.05067658
v -0.02222543 0.01627171 0.05085641
v -0.01957798 0.01627171 0.05193305
v -0.02214694 0.03762269 0.05067658
v -0.01957798 0.01627171 0.05193305
v -0.01950865 0.03762269 0.05174934
v -0.01950865 0.03762269 0.05174934
v -0.01957798 0.01627171 0.05193305
v -0.01687866 0.01627171 0.05287212
v -0.01950865 0.03762269 0.05174934
v -0.01687866 0.01627171 0.05287212
v -0.01681894 0.03762269 0.05268514
v -0.01681894 0.03762269 0.05268514
v -0.01687866 0.01627171 0.05287212
v -0.01413434 0.01627171 0.05367094
v -0.01681894 0.03762269 0.05268514
v -0.01413434 0.01627171 0.05367094
v -0.01408433 0.03762269 0.05348110
v -0.01408433 0.03762269 0.05348110
v -0.01413434 0.01627171 0.05367094
v -0.01135265 0.01627171 0.05432724
v -0.01408433 0.03762269 0.05348110
v -0.01135265 0.01627171 0.05432724
v -0.01131266 0.03762269 0.05413526
v -0.01131266 0.03762269 0.05413526
v -0.01135265 0.01627171 0.05432724
v -0.00726443 0.01631247 0.05504047
v -0.01131266 0.03762269 0.05413526
v -0.00726443 0.01631247 0.05504047
v -0.00851083 0.03762269 0.05464571
v -0.00851083 0.03762269 0.05464571
v -0.00726443 0.01631247 0.05504047
v -0.00568640 0.03762269 0.05501151
v -0.00568640 0.03762269 0.05501151
v -0.00726443 0.01631247 0.05504047
v -0.00285709 0.01627171 0.05542731
v -0.00568640 0.03762269 0.05501151
v -0.00285709 0.01627171 0.05542731
v -0.00284696 0.03762269 0.05523127
v 0.00000000 -0.00194150 0.05553853
v 0.00000000 0.01932507 0.05548536
v -0.00285709 0.01627171 0.05542731
v -0.00285709 0.01627171 0.05542731
v 0.00000000 0.01932507 0.05548536
v -0.00284696 0.03762269 0.05523127
v -0.00284696 0.03762269 0.05523127
v 0.00000000 0.01932507 0.05548536
v 0.00000000 0.04067629 0.05526751
v 0.00000000 0.04067629 0.05526751
v -0.00282902 0.05897217 0.05488348
v -0.00284696 0.03762269 0.05523127
v -0.00284696 0.03762269 0.05523127
v -0.00282902 0.05897217 0.05488348
v -0.00565064 0.05897217 0.05466496
v -0.00284696 0.03762269 0.05523127
v -0.00565064 0.05897217 0.05466496
v -0.00568640 0.03762269 0.05501151
v -0.00568640 0.03762269 0.05501151
v -0.00565064 0.05897217 0.05466496
v -0.00845724 0.05897217 0.05430161
v -0.00568640 0.03762269 0.05501151
v -0.00845724 0.05897217 0.05430161
v -0.00851083 0.03762269 0.05464571
v -0.00851083 0.03762269 0.05464571
v -0.00845724 0.05897217 0.05430161
v -0.01124131 0.05897217 0.05379426
v -0.00851083 0.03762269 0.05464571
v -0.01124131 0.05897217 0.05379426
v -0.01131266 0.03762269 0.05413526
v -0.01131266 0.03762269 0.05413526
v -0.01124131 0.05897217 0.05379426
v -0.01399564 0.05897217 0.05314421
v -0.01131266 0.03762269 0.05413526
v -0.01399564 0.05897217 0.05314421
v -0.01408433 0.03762269 0.05348110
v -0.01408433 0.03762269 0.05348110
v -0.01399564 0.05897217 0.05314421
v -0.01671302 0.05897217 0.05235332
v -0.01408433 0.03762269 0.05348110
v -0.01671302 0.05897217 0.05235332
v -0.01681894 0.03762269 0.05268514
v -0.01681894 0.03762269 0.05268514
v -0.01671302 0.05897217 0.05235332
v -0.01938593 0.05897217 0.05142349
v -0.01681894 0.03762269 0.05268514
v -0.01938593 0.05897217 0.05142349
v -0.01950865 0.03762269 0.05174934
v -0.01950865 0.03762269 0.05174934
v -0.01938593 0.05897217 0.05142349
v -0.02200746 0.05897217 0.05035746
v -0.01950865 0.03762269 0.05174934
v -0.02200746 0.05897217 0.05035746
v -0.02214694 0.03762269 0.05067658
v -0.02214694 0.03762269 0.05067658
v -0.02200746 0.05897217 0.05035746
v -0.02457064 0.05897217 0.04915761
v -0.02214694 0.03762269 0.05067658
v -0.02457064 0.05897217 0.04915761
v -0.02472633 0.03762269 0.04946929
v -0.02472633 0.03762269 0.04946929
v -0.02457064 0.05897217 0.04915761
v -0.02706861 0.05897217 0.04782772
v -0.02472633 0.03762269 0.04946929
v -0.02706861 0.05897217 0.04782772
v -0.02724003 0.03762269 0.04813081
v -0.02724003 0.03762269 0.04813081
v -0.02706861 0.05897217 0.04782772
v -0.02949488 0.05897217 0.04637074
v -0.02724003 0.03762269 0.04813081
v -0.02949488 0.05897217 0.04637074
v -0.02968174 0.03762269 0.04666471
v -0.02968174 0.03762269 0.04666471
v -0.02949488 0.05897217 0.04637074
v -0.03184276 0.05897217 0.04479092
v -0.02968174 0.03762269 0.04666471
v -0.03184276 0.05897217 0.04479092
v -0.03204452 0.03762269 0.04507482
v -0.03204452 0.03762269 0.04507482
v -0.03184276 0.05897217 0.04479092
v -0.03410643 0.05897217 0.04309237
v -0.03204452 0.03762269 0.04507482
v -0.03410643 0.05897217 0.04309237
v -0.03432250 0.03762269 0.04336529
v -0.03432250 0.03762269 0.04336529
v -0.03410643 0.05897217 0.04309237
v -0.03627943 0.05897217 0.04127943
v -0.03432250 0.03762269 0.04336529
v -0.03627943 0.05897217 0.04127943
v -0.03650945 0.03762269 0.04154098
v -0.03650945 0.03762269 0.04154098
v -0.03627943 0.05897217 0.04127943
v -0.03835648 0.05897217 0.03935700
v -0.03650945 0.03762269 0.04154098
v -0.03835648 0.05897217 0.03935700
v -0.03859955 0.03762269 0.03960651
v -0.03859955 0.03762269 0.03960651
v -0.03835648 0.05897217 0.03935700
v -0.04033166 0.05897217 0.03733026
v -0.03859955 0.03762269 0.03960651
v -0.04033166 0.05897217 0.03733026
v -0.04058712 0.03762269 0.03756690
v -0.04058712 0.03762269 0.03756690
v -0.04033166 0.05897217 0.03733026
v -0.04229539 0.04399991 0.03549993
v 0.00000021 0.07485610 -0.05460959
v -0.00282902 0.05897217 -0.05488348
v -0.00280327 0.08031928 -0.05438393
v -0.00280327 0.08031928 -0.05438393
v -0.00282902 0.05897217 -0.05488348
v -0.00565064 0.05897217 -0.05466502
v -0.00280327 0.08031928 -0.05438393
v -0.00565064 0.05897217 -0.05466502
v -0.00559920 0.08031928 -0.05416744
v -0.00559920 0.08031928 -0.05416744
v -0.00565064 0.05897217 -0.05466502
v -0.00845724 0.05897217 -0.05430167
v -0.00559920 0.08031928 -0.05416744
v -0.00845724 0.05897217 -0.05430167
v -0.00838029 0.08031928 -0.05380743
v -0.00838029 0.08031928 -0.05380743
v -0.00845724 0.05897217 -0.05430167
v -0.01124131 0.05897217 -0.05379438
v -0.00838029 0.08031928 -0.05380743
v -0.01124131 0.05897217 -0.05379438
v -0.01113909 0.08031928 -0.05330473
v -0.01113909 0.08031928 -0.05330473
v -0.01124131 0.05897217 -0.05379438
v -0.01399564 0.05897217 -0.05314427
v -0.01113909 0.08031928 -0.05330473
v -0.01399564 0.05897217 -0.05314427
v -0.01386839 0.08031928 -0.05266058
v -0.01386839 0.08031928 -0.05266058
v -0.01399564 0.05897217 -0.05314427
v -0.01671302 0.05897217 -0.05235338
v -0.01386839 0.08031928 -0.05266058
v -0.01671302 0.05897217 -0.05235338
v -0.01656091 0.08031928 -0.05187684
v -0.01656091 0.08031928 -0.05187684
v -0.01671302 0.05897217 -0.05235338
v -0.01938593 0.05897217 -0.05142354
v -0.01656091 0.08031928 -0.05187684
v -0.01938593 0.05897217 -0.05142354
v -0.01920950 0.08031928 -0.05095553
v -0.01920950 0.08031928 -0.05095553
v -0.01938593 0.05897217 -0.05142354
v -0.02200746 0.05897217 -0.05035746
v -0.01920950 0.08031928 -0.05095553
v -0.02200746 0.05897217 -0.05035746
v -0.02180719 0.08031928 -0.04989910
v -0.02180719 0.08031928 -0.04989910
v -0.02200746 0.05897217 -0.05035746
v -0.02457064 0.05897217 -0.04915767
v -0.02180719 0.08031928 -0.04989910
v -0.02457064 0.05897217 -0.04915767
v -0.02434688 0.08031928 -0.04871028
v -0.02434688 0.08031928 -0.04871028
v -0.02457064 0.05897217 -0.04915767
v -0.02706861 0.05897217 -0.04782772
v -0.02434688 0.08031928 -0.04871028
v -0.02706861 0.05897217 -0.04782772
v -0.02682214 0.08031928 -0.04739230
v -0.02682214 0.08031928 -0.04739230
v -0.02706861 0.05897217 -0.04782772
v -0.02949488 0.05897217 -0.04637086
v -0.02682214 0.08031928 -0.04739230
v -0.02949488 0.05897217 -0.04637086
v -0.02922642 0.08031928 -0.04594874
v -0.02922642 0.08031928 -0.04594874
v -0.02949488 0.05897217 -0.04637086
v -0.03184276 0.05897217 -0.04479098
v -0.02922642 0.08031928 -0.04594874
v -0.03184276 0.05897217 -0.04479098
v -0.03155303 0.08031928 -0.04438322
v -0.03155303 0.08031928 -0.04438322
v -0.03184276 0.05897217 -0.04479098
v -0.03410643 0.05897217 -0.04309237
v -0.03155303 0.08031928 -0.04438322
v -0.03410643 0.05897217 -0.04309237
v -0.03379601 0.08031928 -0.04270017
v -0.03379601 0.08031928 -0.04270017
v -0.03410643 0.05897217 -0.04309237
v -0.03627943 0.05897217 -0.04127949
v -0.03379601 0.08031928 -0.04270017
v -0.03627943 0.05897217 -0.04127949
v -0.03594923 0.08031928 -0.04090368
v -0.03594923 0.08031928 -0.04090368
v -0.03627943 0.05897217 -0.04127949
v -0.03835648 0.05897217 -0.03935706
v -0.03594923 0.08031928 -0.04090368
v -0.03835648 0.05897217 -0.03935706
v -0.03800719 0.08031928 -0.03899890
v -0.03800719 0.08031928 -0.03899890
v -0.03835648 0.05897217 -0.03935706
v -0.04033166 0.05897217 -0.03733032
v -0.03800719 0.08031928 -0.03899890
v -0.04033166 0.05897217 -0.03733032
v -0.03996443 0.08031928 -0.03699058
v -0.03996443 0.08031928 -0.03699058
v -0.04033166 0.05897217 -0.03733032
v -0.04219985 0.05897217 -0.03520458
v -0.03996443 0.08031928 -0.03699058
v -0.04219985 0.05897217 -0.03520458
v -0.04181569 0.08031928 -0.03488421
v -0.04181569 0.08031928 -0.03488421
v -0.04219985 0.05897217 -0.03520458
v -0.04395622 0.05897217 -0.03298550
v -0.04181569 0.08031928 -0.03488421
v -0.04395622 0.05897217 -0.03298550
v -0.04355615 0.08031928 -0.03268522
v -0.04355615 0.08031928 -0.03268522
v -0.04395622 0.05897217 -0.03298550
v -0.04559600 0.05897217 -0.03067898
v -0.04355615 0.08031928 -0.03268522
v -0.04559600 0.05897217 -0.03067898
v -0.04518091 0.08031928 -0.03039973
v -0.04518091 0.08031928 -0.03039973
v -0.04559600 0.05897217 -0.03067898
v -0.04711478 0.05897217 -0.02829110
v -0.04518091 0.08031928 -0.03039973
v -0.04711478 0.05897217 -0.02829110
v -0.04668605 0.08031928 -0.02803361
v -0.04668605 0.08031928 -0.02803361
v -0.04711478 0.05897217 -0.02829110
v -0.04850882 0.05897217 -0.02582818
v -0.04668605 0.08031928 -0.02803361
v -0.04850882 0.05897217 -0.02582818
v -0.04806727 0.08031928 -0.02559310
v -0.04806727 0.08031928 -0.02559310
v -0.04850882 0.05897217 -0.02582818
v -0.04977411 0.05897217 -0.02329677
v -0.04806727 0.08031928 -0.02559310
v -0.04977411 0.05897217 -0.02329677
v -0.04932093 0.08031928 -0.02308470
v -0.04932093 0.08031928 -0.02308470
v -0.04977411 0.05897217 -0.02329677
v -0.05090737 0.05897217 -0.02070361
v -0.04932093 0.08031928 -0.02308470
v -0.05090737 0.05897217 -0.02070361
v -0.05044394 0.08031928 -0.02051514
v -0.05044394 0.08031928 -0.02051514
v -0.05090737 0.05897217 -0.02070361
v -0.05190569 0.05897217 -0.01805537
v -0.05044394 0.08031928 -0.02051514
v -0.05190569 0.05897217 -0.01805537
v -0.05143326 0.08031928 -0.01789110
v -0.05143326 0.08031928 -0.01789110
v -0.05190569 0.05897217 -0.01805537
v -0.05276632 0.05897217 -0.01535952
v -0.05143326 0.08031928 -0.01789110
v -0.05276632 0.05897217 -0.01535952
v -0.05228596 0.08031928 -0.01521962
v -0.05228596 0.08031928 -0.01521962
v -0.05276632 0.05897217 -0.01535952
v -0.05348706 0.05897217 -0.01262277
v -0.05228596 0.08031928 -0.01521962
v -0.05348706 0.05897217 -0.01262277
v -0.05300021 0.08031928 -0.01250785
v -0.05300021 0.08031928 -0.01250785
v -0.05348706 0.05897217 -0.01262277
v -0.05406594 0.05897217 -0.00985259
v -0.05300021 0.08031928 -0.01250785
v -0.05406594 0.05897217 -0.00985259
v -0.05357372 0.08031928 -0.00976294
v -0.05357372 0.08031928 -0.00976294
v -0.05406594 0.05897217 -0.00985259
v -0.05450147 0.05897217 -0.00705624
v -0.05357372 0.08031928 -0.00976294
v -0.05450147 0.05897217 -0.00705624
v -0.05400538 0.08031928 -0.00699204
v -0.05400538 0.08031928 -0.00699204
v -0.05450147 0.05897217 -0.00705624
v -0.05479246 0.05897217 -0.00424123
v -0.05400538 0.08031928 -0.00699204
v -0.05479246 0.05897217 -0.00424123
v -0.05429375 0.08031928 -0.00420260
v -0.05429375 0.08031928 -0.00420260
v -0.05479246 0.05897217 -0.00424123
v -0.05493801 0.05897217 -0.00141501
v -0.05429375 0.08031928 -0.00420260
v -0.05493801 0.05897217 -0.00141501
v -0.05443811 0.08031928 -0.00140208
v -0.05443811 0.08031928 -0.00140208
v -0.05493801 0.05897217 -0.00141501
v -0.05493801 0.05897217 0.00141490
v -0.05443811 0.08031928 -0.00140208
v -0.05493801 0.05897217 0.00141490
v -0.05443811 0.08031928 0.00140202
v -0.05443811 0.08031928 0.00140202
v -0.05493801 0.05897217 0.00141490
v -0.05479246 0.05897217 0.00424117
v -0.05443811 0.08031928 0.00140202
v -0.05479246 0.05897217 0.00424117
v -0.05429375 0.08031928 0.00420260
v -0.05429375 0.08031928 0.00420260
v -0.05479246 0.05897217 0.00424117
v -0.05450147 0.05897217 0.00705624
v -0.05429375 0.08031928 0.00420260
v -0.05450147 0.05897217 0.00705624
v -0.05400538 0.08031928 0.00699198
v -0.05400538 0.08031928 0.00699198
v -0.05450147 0.05897217 0.00705624
v -0.05406594 0.05897217 0.00985253
v -0.05400538 0.08031928 0.00699198
v -0.05406594 0.05897217 0.00985253
v -0.05357372 0.08031928 0.00976282
v -0.05357372 0.08031928 0.00976282
v -0.05406594 0.05897217 0.00985253
v -0.05348706 0.05897217 0.01262271
v -0.05357372 0.08031928 0.00976282
v -0.05348706 0.05897217 0.01262271
v -0.05300021 0.08031928 0.01250779
v -0.05300021 0.08031928 0.01250779
v -0.05348706 0.05897217 0.01262271
v -0.05276632 0.05897217 0.01535952
v -0.05300021 0.08031928 0.01250779
v -0.05276632 0.05897217 0.01535952
v -0.05228596 0.08031928 0.01521956
v -0.05228596 0.08031928 0.01521956
v -0.05276632 0.05897217 0.01535952
v -0.05190569 0.05897217 0.01805537
v -0.05228596 0.08031928 0.01521956
v -0.05190569 0.05897217 0.01805537
v -0.05143326 0.08031928 0.01789098
v -0.05143326 0.08031928 0.01789098
v -0.05190569 0.05897217 0.01805537
v -0.05090737 0.05897217 0.02070355
v -0.05143326 0.08031928 0.01789098
v -0.05090737 0.05897217 0.02070355
v -0.05044394 0.08031928 0.02051508
v -0.05044394 0.08031928 0.02051508
v -0.05090737 0.05897217 0.02070355
v -0.04977411 0.05897217 0.02329677
v -0.05044394 0.08031928 0.02051508
v -0.04977411 0.05897217 0.02329677
v -0.04932093 0.08031928 0.02308470
v -0.04932093 0.08031928 0.02308470
v -0.04977411 0.05897217 0.02329677
v -0.04850882 0.05897217 0.02582818
v -0.04932093 0.08031928 0.02308470
v -0.04850882 0.05897217 0.02582818
v -0.04806727 0.08031928 0.02559310
v -0.04806727 0.08031928 0.02559310
v -0.04850882 0.05897217 0.02582818
v -0.04711478 0.05897217 0.02829098
v -0.04806727 0.08031928 0.02559310
v -0.04711478 0.05897217 0.02829098
v -0.04668605 0.08031928 0.02803355
v -0.04668605 0.08031928 0.02803355
v -0.04711478 0.05897217 0.02829098
v -0.04559600 0.05897217 0.03067892
v -0.04668605 0.08031928 0.02803355
v -0.04559600 0.05897217 0.03067892
v -0.04518091 0.08031928 0.03039968
v -0.04518091 0.08031928 0.03039968
v -0.04559600 0.05897217 0.03067892
v -0.04395622 0.05897217 0.03298544
v -0.04518091 0.08031928 0.03039968
v -0.04395622 0.05897217 0.03298544
v -0.04355615 0.08031928 0.03268522
v -0.04355615 0.08031928 0.03268522
v -0.04395622 0.05897217 0.03298544
v -0.04205244 0.07205146 0.03494989
v -0.04205244 0.07205146 0.03494989
v -0.04033166 0.05897217 0.03733026
v -0.03996443 0.08031928 0.03699052
v -0.03996443 0.08031928 0.03699052
v -0.04033166 0.05897217 0.03733026
v -0.03835648 0.05897217 0.03935700
v -0.03996443 0.08031928 0.03699052
v -0.03835648 0.05897217 0.03935700
v -0.03800719 0.08031928 0.03899890
v -0.03800719 0.08031928 0.03899890
v -0.03835648 0.05897217 0.03935700
v -0.03627943 0.05897217 0.04127943
v -0.03800719 0.08031928 0.03899890
v -0.03627943 0.05897217 0.04127943
v -0.03594923 0.08031928 0.04090362
v -0.03594923 0.08031928 0.04090362
v -0.03627943 0.05897217 0.04127943
v -0.03410643 0.05897217 0.04309237
v -0.03594923 0.08031928 0.04090362
v -0.03410643 0.05897217 0.04309237
v -0.03379601 0.08031928 0.04270005
v -0.03379601 0.08031928 0.04270005
v -0.03410643 0.05897217 0.04309237
v -0.03184276 0.05897217 0.04479092
v -0.03379601 0.08031928 0.04270005
v -0.03184276 0.05897217 0.04479092
v -0.03155303 0.08031928 0.04438316
v -0.03155303 0.08031928 0.04438316
v -0.03184276 0.05897217 0.04479092
v -0.02949488 0.05897217 0.04637074
v -0.03155303 0.08031928 0.04438316
v -0.02949488 0.05897217 0.04637074
v -0.02922642 0.08031928 0.04594868
v -0.02922642 0.08031928 0.04594868
v -0.02949488 0.05897217 0.04637074
v -0.02706861 0.05897217 0.04782772
v -0.02922642 0.08031928 0.04594868
v -0.02706861 0.05897217 0.04782772
v -0.02682214 0.08031928 0.04739224
v -0.02682214 0.08031928 0.04739224
v -0.02706861 0.05897217 0.04782772
v -0.02457064 0.05897217 0.04915761
v -0.02682214 0.08031928 0.04739224
v -0.02457064 0.05897217 0.04915761
v -0.02434688 0.08031928 0.04871022
v -0.02434688 0.08031928 0.04871022
v -0.02457064 0.05897217 0.04915761
v -0.02200746 0.05897217 0.05035746
v -0.02434688 0.08031928 0.04871022
v -0.02200746 0.05897217 0.05035746
v -0.02180719 0.08031928 0.04989910
v -0.02180719 0.08031928 0.04989910
v -0.02200746 0.05897217 0.05035746
v -0.01938593 0.05897217 0.05142349
v -0.02180719 0.08031928 0.04989910
v -0.01938593 0.05897217 0.05142349
v -0.01920950 0.08031928 0.05095547
v -0.01920950 0.08031928 0.05095547
v -0.01938593 0.05897217 0.05142349
v -0.01671302 0.05897217 0.05235332
v -0.01920950 0.08031928 0.05095547
v -0.01671302 0.05897217 0.05235332
v -0.01656091 0.08031928 0.05187678
v -0.01656091 0.08031928 0.05187678
v -0.01671302 0.05897217 0.05235332
v -0.01399564 0.05897217 0.05314421
v -0.01656091 0.08031928 0.05187678
v -0.01399564 0.05897217 0.05314421
v -0.01386839 0.08031928 0.05266052
v -0.01386839 0.08031928 0.05266052
v -0.01399564 0.05897217 0.05314421
v -0.01124131 0.05897217 0.05379426
v -0.01386839 0.08031928 0.05266052
v -0.01124131 0.05897217 0.05379426
v -0.01113909 0.08031928 0.05330467
v -0.01113909 0.08031928 0.05330467
v -0.01124131 0.05897217 0.05379426
v -0.00845724 0.05897217 0.05430161
v -0.01113909 0.08031928 0.05330467
v -0.00845724 0.05897217 0.05430161
v -0.00838029 0.08031928 0.05380731
v -0.00838029 0.08031928 0.05380731
v -0.00845724 0.05897217 0.05430161
v -0.00565064 0.05897217 0.05466496
v -0.00838029 0.08031928 0.05380731
v -0.00565064 0.05897217 0.05466496
v -0.00559920 0.08031928 0.05416738
v -0.00559920 0.08031928 0.05416738
v -0.00565064 0.05897217 0.05466496
v -0.00282902 0.05897217 0.05488348
v -0.00559920 0.08031928 0.05416738
v -0.00282902 0.05897217 0.05488348
v -0.00280327 0.08031928 0.05438387
v 0.00000000 0.04067629 0.05526751
v 0.00000000 0.06202703 0.05489736
v -0.00282902 0.05897217 0.05488348
v -0.00282902 0.05897217 0.05488348
v 0.00000000 0.06202703 0.05489736
v -0.00280327 0.08031928 0.05438387
v -0.00280327 0.08031928 0.05438387
v 0.00000000 0.06202703 0.05489736
v 0.00000024 0.09100949 0.05415683
v -0.00276965 0.10166260 -0.05373263
v -0.00559920 0.08031928 -0.05416744
v -0.00715274 0.10172270 -0.05334079
v -0.00715274 0.10172270 -0.05334079
v -0.00559920 0.08031928 -0.05416744
v -0.00838029 0.08031928 -0.05380743
v -0.00715274 0.10172270 -0.05334079
v -0.00838029 0.08031928 -0.05380743
v -0.01113909 0.08031928 -0.05330473
v -0.00715274 0.10172270 -0.05334079
v -0.01113909 0.08031928 -0.05330473
v -0.01259934 0.10172240 -0.05232256
v -0.01259934 0.10172240 -0.05232256
v -0.01113909 0.08031928 -0.05330473
v -0.01386839 0.08031928 -0.05266058
v -0.01259934 0.10172240 -0.05232256
v -0.01386839 0.08031928 -0.05266058
v -0.01656091 0.08031928 -0.05187684
v -0.01259934 0.10172240 -0.05232256
v -0.01656091 0.08031928 -0.05187684
v -0.01791238 0.10172240 -0.05074977
v -0.01791238 0.10172240 -0.05074977
v -0.01656091 0.08031928 -0.05187684
v -0.01920950 0.08031928 -0.05095553
v -0.01791238 0.10172240 -0.05074977
v -0.01920950 0.08031928 -0.05095553
v -0.02180719 0.08031928 -0.04989910
v -0.01791238 0.10172240 -0.05074977
v -0.02180719 0.08031928 -0.04989910
v -0.02154600 0.10166260 -0.04930150
v -0.02154600 0.10166260 -0.04930150
v -0.02180719 0.08031928 -0.04989910
v -0.02434688 0.08031928 -0.04871028
v -0.02154600 0.10166260 -0.04930150
v -0.02434688 0.08031928 -0.04871028
v -0.02550894 0.10172300 -0.04738867
v -0.02550894 0.10172300 -0.04738867
v -0.02434688 0.08031928 -0.04871028
v -0.02682214 0.08031928 -0.04739230
v -0.02550894 0.10172300 -0.04738867
v -0.02682214 0.08031928 -0.04739230
v -0.02922642 0.08031928 -0.04594874
v -0.02550894 0.10172300 -0.04738867
v -0.02922642 0.08031928 -0.04594874
v -0.03024631 0.10172250 -0.04451459
v -0.03024631 0.10172250 -0.04451459
v -0.02922642 0.08031928 -0.04594874
v -0.03155303 0.08031928 -0.04438322
v -0.03024631 0.10172250 -0.04451459
v -0.03155303 0.08031928 -0.04438322
v -0.03379601 0.08031928 -0.04270017
v -0.03024631 0.10172250 -0.04451459
v -0.03379601 0.08031928 -0.04270017
v -0.03339111 0.10166260 -0.04218876
v -0.03339111 0.10166260 -0.04218876
v -0.03379601 0.08031928 -0.04270017
v -0.03594923 0.08031928 -0.04090368
v -0.03339111 0.10166260 -0.04218876
v -0.03594923 0.08031928 -0.04090368
v -0.03551882 0.10166260 -0.04041385
v -0.03551882 0.10166260 -0.04041385
v -0.03594923 0.08031928 -0.04090368
v -0.03800719 0.08031928 -0.03899890
v -0.03551882 0.10166260 -0.04041385
v -0.03800719 0.08031928 -0.03899890
v -0.03871244 0.10172270 -0.03738641
v -0.03871244 0.10172270 -0.03738641
v -0.03800719 0.08031928 -0.03899890
v -0.03996443 0.08031928 -0.03699058
v -0.03871244 0.10172270 -0.03738641
v -0.03996443 0.08031928 -0.03699058
v -0.04181569 0.08031928 -0.03488421
v -0.03871244 0.10172270 -0.03738641
v -0.04181569 0.08031928 -0.03488421
v -0.04235136 0.10172280 -0.03320783
v -0.04235136 0.10172280 -0.03320783
v -0.04181569 0.08031928 -0.03488421
v -0.04355615 0.08031928 -0.03268522
v -0.04235136 0.10172280 -0.03320783
v -0.04355615 0.08031928 -0.03268522
v -0.04518091 0.08031928 -0.03039973
v -0.04235136 0.10172280 -0.03320783
v -0.04518091 0.08031928 -0.03039973
v -0.04554140 0.10172270 -0.02867722
v -0.04554140 0.10172270 -0.02867722
v -0.04518091 0.08031928 -0.03039973
v -0.04668605 0.08031928 -0.02803361
v -0.04554140 0.10172270 -0.02867722
v -0.04668605 0.08031928 -0.02803361
v -0.04806727 0.08031928 -0.02559310
v -0.04554140 0.10172270 -0.02867722
v -0.04806727 0.08031928 -0.02559310
v -0.04824852 0.10172240 -0.02384257
v -0.04824852 0.10172240 -0.02384257
v -0.04806727 0.08031928 -0.02559310
v -0.04932093 0.08031928 -0.02308470
v -0.04824852 0.10172240 -0.02384257
v -0.04932093 0.08031928 -0.02308470
v -0.05044394 0.08031928 -0.02051514
v -0.04824852 0.10172240 -0.02384257
v -0.05044394 0.08031928 -0.02051514
v -0.04983991 0.10166260 -0.02026945
v -0.04983991 0.10166260 -0.02026945
v -0.05044394 0.08031928 -0.02051514
v -0.05143326 0.08031928 -0.01789110
v -0.04983991 0.10166260 -0.02026945
v -0.05143326 0.08031928 -0.01789110
v -0.05134308 0.10172270 -0.01613348
v -0.05134308 0.10172270 -0.01613348
v -0.05143326 0.08031928 -0.01789110
v -0.05228596 0.08031928 -0.01521962
v -0.05134308 0.10172270 -0.01613348
v -0.05228596 0.08031928 -0.01521962
v -0.05300021 0.08031928 -0.01250785
v -0.05134308 0.10172270 -0.01613348
v -0.05300021 0.08031928 -0.01250785
v -0.05236554 0.10166260 -0.01235806
v -0.05236554 0.10166260 -0.01235806
v -0.05300021 0.08031928 -0.01250785
v -0.05357372 0.08031928 -0.00976294
v -0.05236554 0.10166260 -0.01235806
v -0.05357372 0.08031928 -0.00976294
v -0.05321425 0.10172270 -0.00804019
v -0.05321425 0.10172270 -0.00804019
v -0.05357372 0.08031928 -0.00976294
v -0.05400538 0.08031928 -0.00699204
v -0.05321425 0.10172270 -0.00804019
v -0.05400538 0.08031928 -0.00699204
v -0.05429375 0.08031928 -0.00420260
v -0.05321425 0.10172270 -0.00804019
v -0.05429375 0.08031928 -0.00420260
v -0.05375880 0.10172250 -0.00252599
v -0.05375880 0.10172250 -0.00252599
v -0.05429375 0.08031928 -0.00420260
v -0.05443811 0.08031928 -0.00140208
v -0.05375880 0.10172250 -0.00252599
v -0.05443811 0.08031928 -0.00140208
v -0.05443811 0.08031928 0.00140202
v -0.05375880 0.10172250 -0.00252599
v -0.05443811 0.08031928 0.00140202
v -0.05378603 0.10166260 0.00138521
v -0.05378603 0.10166260 0.00138521
v -0.05443811 0.08031928 0.00140202
v -0.05429375 0.08031928 0.00420260
v -0.05378603 0.10166260 0.00138521
v -0.05429375 0.08031928 0.00420260
v -0.05350714 0.10172250 0.00577688
v -0.05350714 0.10172250 0.00577688
v -0.05429375 0.08031928 0.00420260
v -0.05400538 0.08031928 0.00699198
v -0.05350714 0.10172250 0.00577688
v -0.05400538 0.08031928 0.00699198
v -0.05357372 0.08031928 0.00976282
v -0.05350714 0.10172250 0.00577688
v -0.05357372 0.08031928 0.00976282
v -0.05262959 0.10172240 0.01124799
v -0.05262959 0.10172240 0.01124799
v -0.05357372 0.08031928 0.00976282
v -0.05300021 0.08031928 0.01250779
v -0.05262959 0.10172240 0.01124799
v -0.05300021 0.08031928 0.01250779
v -0.05228596 0.08031928 0.01521956
v -0.05262959 0.10172240 0.01124799
v -0.05228596 0.08031928 0.01521956
v -0.05165988 0.10166260 0.01503729
v -0.05165988 0.10166260 0.01503729
v -0.05228596 0.08031928 0.01521956
v -0.05143326 0.08031928 0.01789098
v -0.05165988 0.10166260 0.01503729
v -0.05143326 0.08031928 0.01789098
v -0.05027163 0.10172250 0.01921325
v -0.05027163 0.10172250 0.01921325
v -0.05143326 0.08031928 0.01789098
v -0.05044394 0.08031928 0.02051508
v -0.05027163 0.10172250 0.01921325
v -0.05044394 0.08031928 0.02051508
v -0.04932093 0.08031928 0.02308470
v -0.05027163 0.10172250 0.01921325
v -0.04932093 0.08031928 0.02308470
v -0.04873037 0.10166260 0.02280819
v -0.04873037 0.10166260 0.02280819
v -0.04932093 0.08031928 0.02308470
v -0.04806727 0.08031928 0.02559310
v -0.04873037 0.10166260 0.02280819
v -0.04806727 0.08031928 0.02559310
v -0.04671615 0.10172280 0.02672082
v -0.04671615 0.10172280 0.02672082
v -0.04806727 0.08031928 0.02559310
v -0.04668605 0.08031928 0.02803355
v -0.04671615 0.10172280 0.02672082
v -0.04668605 0.08031928 0.02803355
v -0.04518091 0.08031928 0.03039968
v -0.04671615 0.10172280 0.02672082
v -0.04518091 0.08031928 0.03039968
v -0.04372102 0.10172270 0.03138256
v -0.04372102 0.10172270 0.03138256
v -0.04518091 0.08031928 0.03039968
v -0.04355615 0.08031928 0.03268522
v -0.04372102 0.10172270 0.03138256
v -0.04355615 0.08031928 0.03268522
v -0.04205244 0.07205146 0.03494989
v -0.04372102 0.10172270 0.03138256
v -0.04205244 0.07205146 0.03494989
v -0.04026252 0.10172270 0.03571152
v -0.04026252 0.10172270 0.03571152
v -0.04205244 0.07205146 0.03494989
v -0.03996443 0.08031928 0.03699052
v -0.04026252 0.10172270 0.03571152
v -0.03996443 0.08031928 0.03699052
v -0.03800719 0.08031928 0.03899890
v -0.04026252 0.10172270 0.03571152
v -0.03800719 0.08031928 0.03899890
v -0.03637731 0.10172250 0.03966218
v -0.03637731 0.10172250 0.03966218
v -0.03800719 0.08031928 0.03899890
v -0.03594923 0.08031928 0.04090362
v -0.03637731 0.10172250 0.03966218
v -0.03594923 0.08031928 0.04090362
v -0.03379601 0.08031928 0.04270005
v -0.03637731 0.10172250 0.03966218
v -0.03379601 0.08031928 0.04270005
v -0.03210628 0.10172270 0.04319226
v -0.03210628 0.10172270 0.04319226
v -0.03379601 0.08031928 0.04270005
v -0.03155303 0.08031928 0.04438316
v -0.03210628 0.10172270 0.04319226
v -0.03155303 0.08031928 0.04438316
v -0.02922642 0.08031928 0.04594868
v -0.03210628 0.10172270 0.04319226
v -0.02922642 0.08031928 0.04594868
v -0.02749508 0.10172280 0.04626452
v -0.02749508 0.10172280 0.04626452
v -0.02922642 0.08031928 0.04594868
v -0.02682214 0.08031928 0.04739224
v -0.02749508 0.10172280 0.04626452
v -0.02682214 0.08031928 0.04739224
v -0.02434688 0.08031928 0.04871022
v -0.02749508 0.10172280 0.04626452
v -0.02434688 0.08031928 0.04871022
v -0.02405542 0.10166260 0.04812687
v -0.02405542 0.10166260 0.04812687
v -0.02434688 0.08031928 0.04871022
v -0.02180719 0.08031928 0.04989910
v -0.02405542 0.10166260 0.04812687
v -0.02180719 0.08031928 0.04989910
v -0.02004790 0.10172220 0.04994469
v -0.02004790 0.10172220 0.04994469
v -0.02180719 0.08031928 0.04989910
v -0.01920950 0.08031928 0.05095547
v -0.02004790 0.10172220 0.04994469
v -0.01920950 0.08031928 0.05095547
v -0.01656091 0.08031928 0.05187678
v -0.02004790 0.10172220 0.04994469
v -0.01656091 0.08031928 0.05187678
v -0.01636248 0.10166260 0.05125552
v -0.01636248 0.10166260 0.05125552
v -0.01656091 0.08031928 0.05187678
v -0.01386839 0.08031928 0.05266052
v -0.01636248 0.10166260 0.05125552
v -0.01386839 0.08031928 0.05266052
v -0.01212286 0.10172290 0.05243504
v -0.01212286 0.10172290 0.05243504
v -0.01386839 0.08031928 0.05266052
v -0.01113909 0.08031928 0.05330467
v -0.01212286 0.10172290 0.05243504
v -0.01113909 0.08031928 0.05330467
v -0.00838029 0.08031928 0.05380731
v -0.01212286 0.10172290 0.05243504
v -0.00838029 0.08031928 0.05380731
v -0.00827992 0.10166260 0.05316299
v -0.00827992 0.10166260 0.05316299
v -0.00838029 0.08031928 0.05380731
v -0.00559920 0.08031928 0.05416738
v -0.00827992 0.10166260 0.05316299
v -0.00559920 0.08031928 0.05416738
v -0.00393307 0.10201720 0.05366379
v -0.00393307 0.10201720 0.05366379
v -0.00559920 0.08031928 0.05416738
v -0.00280327 0.08031928 0.05438387
v -0.00393307 0.10201720 0.05366379
v -0.00280327 0.08031928 0.05438387
v 0.00000024 0.09100949 0.05415683
v 0.00000000 0.12300000 -0.05299997
v 0.00000000 0.10674010 -0.05362641
v -0.00276965 0.10166260 -0.05373263
v -0.00276965 0.10166260 -0.05373263
v 0.00000000 0.10674010 -0.05362641
v 0.00000000 0.10342260 -0.05374699
v -0.00276965 0.10166260 -0.05373263
v 0.00000000 0.10342260 -0.05374699
v -0.00280327 0.08031928 -0.05438393
v -0.00280327 0.08031928 -0.05438393
v 0.00000000 0.10342260 -0.05374699
v 0.00000021 0.07485610 -0.05460959
v 0.00000024 0.09100949 0.05415683
v 0.00000000 0.12300000 0.05299991
v -0.00393307 0.10201720 0.05366379
v -0.00393307 0.10201720 0.05366379
v 0.00000000 0.12300000 0.05299991
v -0.00272834 0.12300000 0.05292958
v -0.00393307 0.10201720 0.05366379
v -0.00272834 0.12300000 0.05292958
v -0.00704616 0.12300000 0.05254554
v -0.00393307 0.10201720 0.05366379
v -0.00704616 0.12300000 0.05254554
v -0.00827992 0.10166260 0.05316299
v -0.00827992 0.10166260 0.05316299
v -0.00704616 0.12300000 0.05254554
v -0.01212286 0.10172290 0.05243504
v -0.01212286 0.10172290 0.05243504
v -0.00704616 0.12300000 0.05254554
v -0.01084125 0.12300000 0.05187922
v -0.01212286 0.10172290 0.05243504
v -0.01084125 0.12300000 0.05187922
v -0.01504856 0.12300000 0.05083537
v -0.01212286 0.10172290 0.05243504
v -0.01504856 0.12300000 0.05083537
v -0.01636248 0.10166260 0.05125552
v -0.01636248 0.10166260 0.05125552
v -0.01504856 0.12300000 0.05083537
v -0.02004790 0.10172220 0.04994469
v -0.02004790 0.10172220 0.04994469
v -0.01504856 0.12300000 0.05083537
v -0.01869583 0.12300000 0.04959291
v -0.02004790 0.10172220 0.04994469
v -0.01869583 0.12300000 0.04959291
v -0.02269238 0.12300000 0.04791390
v -0.02004790 0.10172220 0.04994469
v -0.02269238 0.12300000 0.04791390
v -0.02405542 0.10166260 0.04812687
v -0.02405542 0.10166260 0.04812687
v -0.02269238 0.12300000 0.04791390
v -0.02749508 0.10172280 0.04626452
v -0.02749508 0.10172280 0.04626452
v -0.02269238 0.12300000 0.04791390
v -0.02749866 0.12300000 0.04532670
v -0.02749508 0.10172280 0.04626452
v -0.02749866 0.12300000 0.04532670
v -0.03210628 0.10172270 0.04319226
v -0.03210628 0.10172270 0.04319226
v -0.02749866 0.12300000 0.04532670
v -0.03201335 0.12300000 0.04225903
v -0.03210628 0.10172270 0.04319226
v -0.03201335 0.12300000 0.04225903
v -0.03637731 0.10172250 0.03966218
v -0.03637731 0.10172250 0.03966218
v -0.03201335 0.12300000 0.04225903
v -0.03618890 0.12300000 0.03874337
v -0.03637731 0.10172250 0.03966218
v -0.03618890 0.12300000 0.03874337
v -0.04026252 0.10172270 0.03571152
v -0.04026252 0.10172270 0.03571152
v -0.03618890 0.12300000 0.03874337
v -0.03998059 0.12300000 0.03481709
v -0.04026252 0.10172270 0.03571152
v -0.03998059 0.12300000 0.03481709
v -0.04372102 0.10172270 0.03138256
v -0.04372102 0.10172270 0.03138256
v -0.03998059 0.12300000 0.03481709
v -0.04239135 0.12300000 0.03181123
v -0.04372102 0.10172270 0.03138256
v -0.04239135 0.12300000 0.03181123
v -0.04486244 0.12300000 0.02824962
v -0.04372102 0.10172270 0.03138256
v -0.04486244 0.12300000 0.02824962
v -0.04671615 0.10172280 0.02672082
v -0.04671615 0.10172280 0.02672082
v -0.04486244 0.12300000 0.02824962
v -0.04752933 0.12300000 0.02348721
v -0.04671615 0.10172280 0.02672082
v -0.04752933 0.12300000 0.02348721
v -0.04873037 0.10166260 0.02280819
v -0.04873037 0.10166260 0.02280819
v -0.04752933 0.12300000 0.02348721
v -0.05027163 0.10172250 0.01921325
v -0.05027163 0.10172250 0.01921325
v -0.04752933 0.12300000 0.02348721
v -0.04969251 0.12300000 0.01847565
v -0.05027163 0.10172250 0.01921325
v -0.04969251 0.12300000 0.01847565
v -0.05165988 0.10166260 0.01503729
v -0.05165988 0.10166260 0.01503729
v -0.04969251 0.12300000 0.01847565
v -0.05132871 0.12300000 0.01326829
v -0.05165988 0.10166260 0.01503729
v -0.05132871 0.12300000 0.01326829
v -0.05262959 0.10172240 0.01124799
v -0.05262959 0.10172240 0.01124799
v -0.05132871 0.12300000 0.01326829
v -0.05242103 0.12300000 0.00792027
v -0.05262959 0.10172240 0.01124799
v -0.05242103 0.12300000 0.00792027
v -0.05350714 0.10172250 0.00577688
v -0.05350714 0.10172250 0.00577688
v -0.05242103 0.12300000 0.00792027
v -0.05295759 0.12300000 0.00248832
v -0.05350714 0.10172250 0.00577688
v -0.05295759 0.12300000 0.00248832
v -0.05378603 0.10166260 0.00138521
v -0.05378603 0.10166260 0.00138521
v -0.05295759 0.12300000 0.00248832
v -0.05375880 0.10172250 -0.00252599
v -0.05375880 0.10172250 -0.00252599
v -0.05295759 0.12300000 0.00248832
v -0.05293262 0.12300000 -0.00296998
v -0.05375880 0.10172250 -0.00252599
v -0.05293262 0.12300000 -0.00296998
v -0.05321425 0.10172270 -0.00804019
v -0.05321425 0.10172270 -0.00804019
v -0.05293262 0.12300000 -0.00296998
v -0.05234670 0.12300000 -0.00839686
v -0.05321425 0.10172270 -0.00804019
v -0.05234670 0.12300000 -0.00839686
v -0.05236554 0.10166260 -0.01235806
v -0.05236554 0.10166260 -0.01235806
v -0.05234670 0.12300000 -0.00839686
v -0.05158299 0.12300000 -0.01217341
v -0.05236554 0.10166260 -0.01235806
v -0.05158299 0.12300000 -0.01217341
v -0.05134308 0.10172270 -0.01613348
v -0.05134308 0.10172270 -0.01613348
v -0.05158299 0.12300000 -0.01217341
v -0.05043107 0.12300000 -0.01635241
v -0.05134308 0.10172270 -0.01613348
v -0.05043107 0.12300000 -0.01635241
v -0.04983991 0.10166260 -0.02026945
v -0.04983991 0.10166260 -0.02026945
v -0.05043107 0.12300000 -0.01635241
v -0.04848229 0.12300000 -0.02145117
v -0.04983991 0.10166260 -0.02026945
v -0.04848229 0.12300000 -0.02145117
v -0.04824852 0.10172240 -0.02384257
v -0.04824852 0.10172240 -0.02384257
v -0.04848229 0.12300000 -0.02145117
v -0.04678183 0.12300000 -0.02490872
v -0.04824852 0.10172240 -0.02384257
v -0.04678183 0.12300000 -0.02490872
v -0.04554140 0.10172270 -0.02867722
v -0.04554140 0.10172270 -0.02867722
v -0.04678183 0.12300000 -0.02490872
v -0.04460376 0.12300000 -0.02865660
v -0.04554140 0.10172270 -0.02867722
v -0.04460376 0.12300000 -0.02865660
v -0.04235136 0.10172280 -0.03320783
v -0.04235136 0.10172280 -0.03320783
v -0.04460376 0.12300000 -0.02865660
v -0.04239135 0.12300000 -0.03181129
v -0.04235136 0.10172280 -0.03320783
v -0.04239135 0.12300000 -0.03181129
v -0.03966236 0.12300000 -0.03517937
v -0.04235136 0.10172280 -0.03320783
v -0.03966236 0.12300000 -0.03517937
v -0.03871244 0.10172270 -0.03738641
v -0.03871244 0.10172270 -0.03738641
v -0.03966236 0.12300000 -0.03517937
v -0.03583490 0.12300000 -0.03907108
v -0.03871244 0.10172270 -0.03738641
v -0.03583490 0.12300000 -0.03907108
v -0.03551882 0.10166260 -0.04041385
v -0.03551882 0.10166260 -0.04041385
v -0.03583490 0.12300000 -0.03907108
v -0.03339111 0.10166260 -0.04218876
v -0.03339111 0.10166260 -0.04218876
v -0.03583490 0.12300000 -0.03907108
v -0.03289216 0.12300000 -0.04155832
v -0.03339111 0.10166260 -0.04218876
v -0.03289216 0.12300000 -0.04155832
v -0.03024631 0.10172250 -0.04451459
v -0.03024631 0.10172250 -0.04451459
v -0.03289216 0.12300000 -0.04155832
v -0.02939546 0.12300000 -0.04412031
v -0.03024631 0.10172250 -0.04451459
v -0.02939546 0.12300000 -0.04412031
v -0.02550894 0.10172300 -0.04738867
v -0.02550894 0.10172300 -0.04738867
v -0.02939546 0.12300000 -0.04412031
v -0.02470326 0.12300000 -0.04690891
v -0.02550894 0.10172300 -0.04738867
v -0.02470326 0.12300000 -0.04690891
v -0.02154600 0.10166260 -0.04930150
v -0.02154600 0.10166260 -0.04930150
v -0.02470326 0.12300000 -0.04690891
v -0.01974904 0.12300000 -0.04920023
v -0.02154600 0.10166260 -0.04930150
v -0.01974904 0.12300000 -0.04920023
v -0.01791238 0.10172240 -0.05074977
v -0.01791238 0.10172240 -0.05074977
v -0.01974904 0.12300000 -0.04920023
v -0.01458555 0.12300000 -0.05097013
v -0.01791238 0.10172240 -0.05074977
v -0.01458555 0.12300000 -0.05097013
v -0.01259934 0.10172240 -0.05232256
v -0.01259934 0.10172240 -0.05232256
v -0.01458555 0.12300000 -0.05097013
v -0.00926745 0.12300000 -0.05219972
v -0.01259934 0.10172240 -0.05232256
v -0.00926745 0.12300000 -0.05219972
v -0.00715274 0.10172270 -0.05334079
v -0.00715274 0.10172270 -0.05334079
v -0.00926745 0.12300000 -0.05219972
v -0.00409108 0.12300000 -0.05285239
v -0.00715274 0.10172270 -0.05334079
v -0.00409108 0.12300000 -0.05285239
v -0.00276965 0.10166260 -0.05373263
v -0.00276965 0.10166260 -0.05373263
v -0.00409108 0.12300000 -0.05285239
v 0.00000000 0.12300000 -0.05299997
v 0.01002669 0.00007883 0.03549993
v 0.01002669 -0.00007883 -0.01315498
v 0.00980347 0.00201660 -0.01315498
v 0.01002669 0.00007883 0.03549993
v 0.00980347 0.00201660 -0.01315498
v 0.00977618 0.00214499 0.03549993
v 0.00977618 0.00214499 0.03549993
v 0.00980347 0.00201660 -0.01315498
v 0.00928241 0.00376433 -0.01315498
v 0.00977618 0.00214499 0.03549993
v 0.00928241 0.00376433 -0.01315498
v 0.00932026 0.00364798 0.03549993
v 0.00932026 0.00364798 0.03549993
v 0.00928241 0.00376433 -0.01315498
v 0.00850153 0.00529701 0.03549993
v 0.00850153 0.00529701 0.03549993
v 0.00928241 0.00376433 -0.01315498
v 0.00829691 0.00561196 -0.01315498
v 0.00850153 0.00529701 0.03549993
v 0.00829691 0.00561196 -0.01315498
v 0.00721437 0.00694877 0.03549993
v 0.00721437 0.00694877 0.03549993
v 0.00829691 0.00561196 -0.01315498
v 0.00694877 0.00721437 -0.01315498
v 0.00721437 0.00694877 0.03549993
v 0.00694877 0.00721437 -0.01315498
v 0.00582963 0.00813568 0.03549993
v 0.00582963 0.00813568 0.03549993
v 0.00694877 0.00721437 -0.01315498
v 0.00550610 0.00835800 -0.01315498
v 0.00582963 0.00813568 0.03549993
v 0.00550610 0.00835800 -0.01315498
v 0.00448513 0.00894749 0.03549993
v 0.00448513 0.00894749 0.03549993
v 0.00550610 0.00835800 -0.01315498
v 0.00413072 0.00911659 -0.01315498
v 0.00448513 0.00894749 0.03549993
v 0.00413072 0.00911659 -0.01315498
v 0.00277352 0.00962502 0.03549993
v 0.00277352 0.00962502 0.03549993
v 0.00413072 0.00911659 -0.01315498
v 0.00265384 0.00965041 -0.01315498
v 0.00277352 0.00962502 0.03549993
v 0.00265384 0.00965041 -0.01315498
v 0.00111139 0.00994682 -0.01315498
v 0.00277352 0.00962502 0.03549993
v 0.00111139 0.00994682 -0.01315498
v 0.00071187 0.00999141 0.03549993
v 0.00071187 0.00999141 0.03549993
v 0.00111139 0.00994682 -0.01315498
v -0.00071187 0.00999135 -0.01315498
v 0.00071187 0.00999141 0.03549993
v -0.00071187 0.00999135 -0.01315498
v -0.00111139 0.00994682 0.03549993
v -0.00111139 0.00994682 0.03549993
v -0.00071187 0.00999135 -0.01315498
v -0.00277352 0.00962496 -0.01315498
v -0.00111139 0.00994682 0.03549993
v -0.00277352 0.00962496 -0.01315498
v -0.00265384 0.00965047 0.03549993
v -0.00265384 0.00965047 0.03549993
v -0.00277352 0.00962496 -0.01315498
v -0.00413072 0.00911659 0.03549993
v -0.00413072 0.00911659 0.03549993
v -0.00277352 0.00962496 -0.01315498
v -0.00448513 0.00894743 -0.01315498
v -0.00413072 0.00911659 0.03549993
v -0.00448513 0.00894743 -0.01315498
v -0.00550610 0.00835806 0.03549993
v -0.00550610 0.00835806 0.03549993
v -0.00448513 0.00894743 -0.01315498
v -0.00582963 0.00813562 -0.01315498
v -0.00550610 0.00835806 0.03549993
v -0.00582963 0.00813562 -0.01315498
v -0.00694877 0.00721437 0.03549993
v -0.00694877 0.00721437 0.03549993
v -0.00582963 0.00813562 -0.01315498
v -0.00721437 0.00694877 -0.01315498
v -0.00694877 0.00721437 0.03549993
v -0.00721437 0.00694877 -0.01315498
v -0.00845200 0.00539482 0.03549993
v -0.00845200 0.00539482 0.03549993
v -0.00721437 0.00694877 -0.01315498
v -0.00850153 0.00529689 -0.01315498
v -0.00845200 0.00539482 0.03549993
v -0.00850153 0.00529689 -0.01315498
v -0.00932026 0.00364792 -0.01315498
v -0.00845200 0.00539482 0.03549993
v -0.00932026 0.00364792 -0.01315498
v -0.00936723 0.00352555 0.03549993
v -0.00936723 0.00352555 0.03549993
v -0.00932026 0.00364792 -0.01315498
v -0.00989091 0.00164628 -0.01315498
v -0.00936723 0.00352555 0.03549993
v -0.00989091 0.00164628 -0.01315498
v -0.00980347 0.00201672 0.03549993
v -0.00980347 0.00201672 0.03549993
v -0.00989091 0.00164628 -0.01315498
v -0.01002669 -0.00007883 0.03549993
v -0.01002669 -0.00007883 0.03549993
v -0.00989091 0.00164628 -0.01315498
v -0.00999826 -0.00045833 -0.01315498
v -0.01002669 -0.00007883 0.03549993
v -0.00999826 -0.00045833 -0.01315498
v -0.00980347 -0.00201672 -0.01315498
v -0.01002669 -0.00007883 0.03549993
v -0.00980347 -0.00201672 -0.01315498
v -0.00977618 -0.00214487 0.03549993
v -0.00977618 -0.00214487 0.03549993
v -0.00980347 -0.00201672 -0.01315498
v -0.00928241 -0.00376445 -0.01315498
v -0.00977618 -0.00214487 0.03549993
v -0.00928241 -0.00376445 -0.01315498
v -0.00932026 -0.00364792 0.03549993
v -0.00932026 -0.00364792 0.03549993
v -0.00928241 -0.00376445 -0.01315498
v -0.00836617 -0.00552690 0.03549993
v -0.00836617 -0.00552690 0.03549993
v -0.00928241 -0.00376445 -0.01315498
v -0.00842959 -0.00539601 -0.01315498
v -0.00836617 -0.00552690 0.03549993
v -0.00842959 -0.00539601 -0.01315498
v -0.00714564 -0.00703406 -0.01315498
v -0.00836617 -0.00552690 0.03549993
v -0.00714564 -0.00703406 -0.01315498
v -0.00684106 -0.00731659 0.03549993
v -0.00684106 -0.00731659 0.03549993
v -0.00714564 -0.00703406 -0.01315498
v -0.00508153 -0.00864386 -0.01315498
v -0.00684106 -0.00731659 0.03549993
v -0.00508153 -0.00864386 -0.01315498
v -0.00539619 -0.00842941 0.03549993
v -0.00539619 -0.00842941 0.03549993
v -0.00508153 -0.00864386 -0.01315498
v -0.00376433 -0.00928241 0.03549993
v -0.00376433 -0.00928241 0.03549993
v -0.00508153 -0.00864386 -0.01315498
v -0.00291616 -0.00958282 -0.01315498
v -0.00376433 -0.00928241 0.03549993
v -0.00291616 -0.00958282 -0.01315498
v -0.00175214 -0.00986224 0.03549993
v -0.00175214 -0.00986224 0.03549993
v -0.00291616 -0.00958282 -0.01315498
v -0.00060357 -0.01000881 -0.01315498
v -0.00175214 -0.00986224 0.03549993
v -0.00060357 -0.01000881 -0.01315498
v 0.00060357 -0.01000881 0.03549993
v 0.00060357 -0.01000881 0.03549993
v -0.00060357 -0.01000881 -0.01315498
v 0.00175214 -0.00986230 -0.01315498
v 0.00060357 -0.01000881 0.03549993
v 0.00175214 -0.00986230 -0.01315498
v 0.00291616 -0.00958276 0.03549993
v 0.00291616 -0.00958276 0.03549993
v 0.00175214 -0.00986230 -0.01315498
v 0.00376433 -0.00928247 -0.01315498
v 0.00291616 -0.00958276 0.03549993
v 0.00376433 -0.00928247 -0.01315498
v 0.00508153 -0.00864381 0.03549993
v 0.00508153 -0.00864381 0.03549993
v 0.00376433 -0.00928247 -0.01315498
v 0.00539619 -0.00842947 -0.01315498
v 0.00508153 -0.00864381 0.03549993
v 0.00539619 -0.00842947 -0.01315498
v 0.00684106 -0.00731665 -0.01315498
v 0.00508153 -0.00864381 0.03549993
v 0.00684106 -0.00731665 -0.01315498
v 0.00714564 -0.00703406 0.03549993
v 0.00714564 -0.00703406 0.03549993
v 0.00684106 -0.00731665 -0.01315498
v 0.00836617 -0.00552702 -0.01315498
v 0.00714564 -0.00703406 0.03549993
v 0.00836617 -0.00552702 -0.01315498
v 0.00857919 -0.00517023 0.03549993
v 0.00857919 -0.00517023 0.03549993
v 0.00836617 -0.00552702 -0.01315498
v 0.00932026 -0.00364798 -0.01315498
v 0.00857919 -0.00517023 0.03549993
v 0.00932026 -0.00364798 -0.01315498
v 0.00936723 -0.00352543 0.03549993
v 0.00936723 -0.00352543 0.03549993
v 0.00932026 -0.00364798 -0.01315498
v 0.00977618 -0.00214499 -0.01315498
v 0.00936723 -0.00352543 0.03549993
v 0.00977618 -0.00214499 -0.01315498
v 0.00980347 -0.00201660 0.03549993
v 0.00980347 -0.00201660 0.03549993
v 0.00977618 -0.00214499 -0.01315498
v 0.01002669 -0.00007883 -0.01315498
v 0.00980347 -0.00201660 0.03549993
v 0.01002669 -0.00007883 -0.01315498
v 0.01002669 0.00007883 0.03549993

# 1491 UV coordinates
vt 0.1880548 0.00685560703 0
vt 0.196457803 0.00798225403 0
vt 0.140122205 0.332544297 0
vt 0.152708203 0.334363997 0
vt 0.216409504 0.328794599 0
vt 0.203325301 0.331980407 0
vt 0.0134926401 0.220727205 0
vt 0.0091744056 0.204324096 0
vt 0.179604799 0.00616329908 0
vt 0.191526994 0.333998501 0
vt 0.174621806 0.335308999 0
vt 0.161158204 0.335056305 0
vt 0.31769371 0.244258106 0
vt 0.309342086 0.259021103 0
vt 0.288324207 0.0556105301 0
vt 0.0466779396 0.279383212 0
vt 0.0361551605 0.266083509 0
vt 0.0288495999 0.254767388 0
vt 0.0230689608 0.244282693 0
vt 0.0175913498 0.231976807 0
vt 0.00701028109 0.191028193 0
vt 0.00591057492 0.179105207 0
vt 0.299517393 0.272846907 0
vt 0.208208695 0.0102573 0
vt 0.255162388 0.02935642 0
vt 0.240196005 0.02138572 0
vt 0.269230396 0.0388244316 0
vt 0.279630095 0.0473816283 0
vt 0.232424393 0.323220313 0
vt 0.064882569 0.297130406 0
vt 0.0784444213 0.307310402 0
vt 0.0549371801 0.288049012 0
vt 0.0500650406 0.0581921898 0
vt 0.0412454605 0.0683728978 0
vt 0.224489003 0.0149966404 0
vt 0.288324088 0.28558889 0
vt 0.275880188 0.297112405 0
vt 0.262317985 0.307294905 0
vt 0.247781307 0.316028208 0
vt 0.124352902 0.328802407 0
vt 0.1083382 0.323230803 0
vt 0.0230692606 0.09696161 0
vt 0.0314207599 0.082198672 0
vt 0.0585126802 0.0497084185 0
vt 0.0715328977 0.0388412997 0
vt 0.0929811001 0.31604141 0
vt 0.00591057492 0.162142605 0
vt 0.0111225201 0.128664896 0
vt 0.0162790995 0.112505302 0
vt 0.0856009126 0.0293708406 0
vt 0.324483901 0.228714198 0
vt 0.00765412999 0.1452692 0
vt 0.100567602 0.0213974696 0
vt 0.116274297 0.0150058204 0
vt 0.129177302 0.01115047 0
vt 0.140855998 0.00852751732 0
vt 0.2995179 0.0683510825 0
vt 0.334852308 0.162114307 0
vt 0.334852308 0.179076999 0
vt 0.154198304 0.00670450879 0
vt 0.166141197 0.00591057492 0
vt 0.309342504 0.0821753666 0
vt 0.316055685 0.0938522816 0
vt 0.321289092 0.104620501 0
vt 0.333108991 0.145241901 0
vt 0.329640597 0.128637999 0
vt 0.326126099 0.117192201 0
vt 0.333108902 0.195950195 0
vt 0.329640508 0.2125545 0
vt 0.349061489 0.837908626 0
vt 0.3485879 0.830532074 0
vt 0.355060607 0.831074476 0
vt 0.348239988 0.824373901 0
vt 0.347828001 0.815885782 0
vt 0.353817612 0.822424591 0
vt 0.457317889 0.757360101 0
vt 0.464518994 0.749926388 0
vt 0.461273998 0.758011401 0
vt 0.384520113 0.847070575 0
vt 0.383815587 0.839543223 0
vt 0.392698199 0.839461625 0
vt 0.392230898 0.845401585 0
vt 0.400376111 0.841431618 0
vt 0.401449293 0.835123003 0
vt 0.406499207 0.838781714 0
vt 0.409230709 0.830337584 0
vt 0.411441714 0.836741209 0
vt 0.418492198 0.83027482 0
vt 0.417335302 0.823974311 0
vt 0.426433504 0.826773107 0
vt 0.421544909 0.816694677 0
vt 0.432505995 0.820596278 0
vt 0.428980201 0.814705729 0
vt 0.436468005 0.809051871 0
vt 0.444854796 0.806949615 0
vt 0.440363914 0.79988271 0
vt 0.447193593 0.799253106 0
vt 0.4460949 0.790889382 0
vt 0.452583313 0.792949319 0
vt 0.454911888 0.782452226 0
vt 0.423735589 0.746736288 0
vt 0.428544492 0.753970027 0
vt 0.41897741 0.754671991 0
vt 0.383894891 0.747863472 0
vt 0.391140401 0.753325105 0
vt 0.381390989 0.759799778 0
vt 0.376188815 0.74797821 0
vt 0.400779486 0.772514999 0
vt 0.388675511 0.77696389 0
vt 0.393886894 0.767949879 0
vt 0.384469897 0.770015895 0
vt 0.373305589 0.772710025 0
vt 0.374443501 0.757223606 0
vt 0.368110687 0.752224803 0
vt 0.358831614 0.755573988 0
vt 0.362177193 0.746992111 0
vt 0.352878004 0.750674784 0
vt 0.354082495 0.796250999 0
vt 0.357858092 0.805682003 0
vt 0.347468108 0.806614578 0
vt 0.378504008 0.79693222 0
vt 0.368650585 0.802320182 0
vt 0.368873 0.790759981 0
vt 0.36250779 0.781787276 0
vt 0.361897111 0.793264508 0
vt 0.352417201 0.781466603 0
vt 0.346956313 0.787604511 0
vt 0.346771091 0.77502811 0
vt 0.376421392 0.785198271 0
vt 0.347177505 0.79701072 0
vt 0.347360104 0.803476572 0
vt 0.366976708 0.768878102 0
vt 0.361929715 0.763588488 0
vt 0.353122711 0.761209011 0
vt 0.352600694 0.769667506 0
vt 0.384007007 0.787952423 0
vt 0.359338492 0.77514571 0
vt 0.346681714 0.762906075 0
vt 0.346673608 0.752592325 0
vt 0.378715694 0.839788496 0
vt 0.3764337 0.844624698 0
vt 0.370983601 0.839652181 0
vt 0.36755389 0.844091177 0
vt 0.371525496 0.8505162 0
vt 0.366476804 0.850217223 0
vt 0.360806286 0.851268411 0
vt 0.357206106 0.844055593 0
vt 0.355219096 0.850785077 0
vt 0.360778004 0.838110685 0
vt 0.349175513 0.839427173 0
vt 0.349809498 0.847343802 0
vt 0.43870151 0.789368689 0
vt 0.432989597 0.785133779 0
vt 0.444758296 0.78124392 0
vt 0.43673411 0.776992381 0
vt 0.448834389 0.770231485 0
vt 0.439773589 0.768405616 0
vt 0.4495188 0.757154286 0
vt 0.442765415 0.755384028 0
vt 0.449825495 0.776147008 0
vt 0.461799502 0.767595291 0
vt 0.45763889 0.772702515 0
vt 0.350263804 0.852320373 0
vt 0.371349901 0.833970129 0
vt 0.382121801 0.830468178 0
vt 0.388874799 0.834730029 0
vt 0.388538599 0.824593306 0
vt 0.397590101 0.829761684 0
vt 0.395904303 0.82054162 0
vt 0.405201107 0.821745276 0
vt 0.412291199 0.816332102 0
vt 0.41789481 0.806574821 0
vt 0.4262169 0.80697763 0
vt 0.423532188 0.799957216 0
vt 0.431931198 0.799717307 0
vt 0.42857641 0.792799473 0
vt 0.435666203 0.754429877 0
vt 0.425110698 0.768502772 0
vt 0.415273786 0.764644623 0
vt 0.4133192 0.773721576 0
vt 0.405340314 0.761269093 0
vt 0.408512712 0.750404119 0
vt 0.424652308 0.786117077 0
vt 0.417041212 0.78111732 0
vt 0.431621313 0.770823717 0
vt 0.41195029 0.789510071 0
vt 0.408147305 0.796874225 0
vt 0.415274501 0.799606085 0
vt 0.362755209 0.827009022 0
vt 0.378045887 0.822662175 0
vt 0.386796296 0.81501931 0
vt 0.403763801 0.811026812 0
vt 0.399098307 0.806466579 0
vt 0.401633203 0.791989207 0
vt 0.404459208 0.7821033 0
vt 0.397470504 0.797990084 0
vt 0.391013503 0.794645011 0
vt 0.39378801 0.783019602 0
vt 0.363933206 0.817431629 0
vt 0.370546699 0.825186729 0
vt 0.377043813 0.812894523 0
vt 0.388957709 0.806007922 0
vt 0.398388892 0.755104899 0
vt 0.359034002 0.812062025 0
vt 0.371119589 0.808437705 0
vt 0.382169992 0.802597106 0
vt 0.557668209 0.829241276 0
vt 0.557730675 0.830364585 0
vt 0.551012814 0.833166301 0
vt 0.518998921 0.825599015 0
vt 0.526513875 0.828743219 0
vt 0.519396722 0.836521089 0
vt 0.817955613 0.470191598 0
vt 0.811815977 0.463032693 0
vt 0.820004225 0.462510705 0
vt 0.803424716 0.462157309 0
vt 0.795868814 0.456320107 0
vt 0.804613471 0.456842393 0
vt 0.79289192 0.44914031 0
vt 0.809610903 0.469249398 0
vt 0.812085629 0.47471571 0
vt 0.823813319 0.476144195 0
vt 0.829567611 0.481812686 0
vt 0.823086321 0.482365102 0
vt 0.551602602 0.851790071 0
vt 0.558987021 0.848111808 0
vt 0.559348285 0.852157295 0
vt 0.517807901 0.767299294 0
vt 0.510757506 0.768442988 0
vt 0.513588786 0.754555106 0
vt 0.523952603 0.763883591 0
vt 0.520608008 0.752872229 0
vt 0.532067716 0.764555871 0
vt 0.527459621 0.751800418 0
vt 0.534200311 0.749882519 0
vt 0.507927716 0.778049111 0
vt 0.502326071 0.767833173 0
vt 0.518550575 0.781629801 0
vt 0.543906689 0.755612373 0
vt 0.538557529 0.760954201 0
vt 0.528444707 0.771788716 0
vt 0.523198426 0.776721299 0
vt 0.541156888 0.747824907 0
vt 0.549672604 0.750792325 0
vt 0.531174481 0.800696909 0
vt 0.522019923 0.794681013 0
vt 0.528482914 0.786954522 0
vt 0.536070585 0.791944027 0
vt 0.537921727 0.78054601 0
vt 0.551720619 0.765718222 0
vt 0.544984698 0.767513096 0
vt 0.556024909 0.752420008 0
vt 0.556006074 0.762272596 0
vt 0.556575418 0.803305924 0
vt 0.551546872 0.79643321 0
vt 0.556213975 0.78743279 0
vt 0.81707257 0.454538703 0
vt 0.82732898 0.456494808 0
vt 0.822692871 0.445874512 0
vt 0.508468211 0.837061524 0
vt 0.509433329 0.829982281 0
vt 0.516446829 0.842009008 0
vt 0.818333507 0.477966607 0
vt 0.827496529 0.469378591 0
vt 0.83446002 0.450066298 0
vt 0.531053424 0.807840407 0
vt 0.531695306 0.814906776 0
vt 0.51978147 0.808952212 0
vt 0.520576477 0.801800907 0
vt 0.509267807 0.800754607 0
vt 0.511213124 0.792664409 0
vt 0.526937485 0.839713573 0
vt 0.534427702 0.831167579 0
vt 0.536780179 0.841626525 0
vt 0.511913121 0.821763515 0
vt 0.532889605 0.847239792 0
vt 0.551761508 0.842537224 0
vt 0.558533609 0.842473924 0
vt 0.55890727 0.847179472 0
vt 0.525274277 0.846575201 0
vt 0.538342118 0.850140572 0
vt 0.545933425 0.845011473 0
vt 0.543544412 0.852445126 0
vt 0.542729914 0.837227225 0
vt 0.558294475 0.839261293 0
vt 0.542712212 0.811671495 0
vt 0.540828824 0.820792496 0
vt 0.549809277 0.818869472 0
vt 0.505284905 0.817268372 0
vt 0.510660529 0.810114205 0
vt 0.522899806 0.817717016 0
vt 0.533011019 0.821730196 0
vt 0.543098211 0.829993486 0
vt 0.549777329 0.82481879 0
vt 0.551227272 0.809770405 0
vt 0.557009876 0.815716326 0
vt 0.557308018 0.82231307 0
vt 0.557399213 0.824205518 0
vt 0.541384816 0.80470413 0
vt 0.514536977 0.787784576 0
vt 0.772971094 0.401317805 0
vt 0.774250329 0.3940292 0
vt 0.779119313 0.393250197 0
vt 0.781362891 0.419460893 0
vt 0.777815104 0.409750104 0
vt 0.785876989 0.413175613 0
vt 0.791330218 0.415029496 0
vt 0.786522925 0.403741002 0
vt 0.798303485 0.410914391 0
vt 0.792843878 0.425567597 0
vt 0.783168197 0.435406506 0
vt 0.783328712 0.428978801 0
vt 0.790746093 0.438241005 0
vt 0.835062504 0.440689087 0
vt 0.826973796 0.440198094 0
vt 0.807879925 0.417633086 0
vt 0.804493606 0.427773207 0
vt 0.786526918 0.391260505 0
vt 0.794104993 0.392847806 0
vt 0.770855188 0.385676205 0
vt 0.801591098 0.387729406 0
vt 0.803177774 0.401072592 0
vt 0.809083581 0.387986302 0
vt 0.810240686 0.400252402 0
vt 0.816279709 0.392433703 0
vt 0.798350215 0.437075585 0
vt 0.506245017 0.753544509 0
vt 0.836570501 0.393373698 0
vt 0.832184613 0.407229692 0
vt 0.828637719 0.393487811 0
vt 0.820214093 0.402117401 0
vt 0.822440624 0.392168403 0
vt 0.814604878 0.415626198 0
vt 0.814475715 0.432664007 0
vt 0.804319382 0.442129195 0
vt 0.799358428 0.449656397 0
vt 0.820460618 0.413282305 0
vt 0.820607305 0.429288298 0
vt 0.812599778 0.442809105 0
vt 0.824589372 0.421826601 0
vt 0.809154272 0.449514806 0
vt 0.827548981 0.427996397 0
vt 0.831067622 0.434228301 0
vt 0.825814009 0.41052261 0
vt 0.832869112 0.42098859 0
vt 0.504157186 0.781441212 0
vt 0.499846011 0.788991928 0
vt 0.50417161 0.794789791 0
vt 0.556069613 0.776063919 0
vt 0.544554591 0.795246303 0
vt 0.548258007 0.78124088 0
vt 0.541417718 0.774137795 0
vt 0.832598925 0.461631089 0
vt 0.836918771 0.418030888 0
vt 0.774336994 0.44263649 0
vt 0.765909076 0.445608288 0
vt 0.770207226 0.438023895 0
vt 0.765855372 0.433142096 0
vt 0.757348001 0.435104698 0
vt 0.754846692 0.429310709 0
vt 0.741729975 0.39585501 0
vt 0.741562903 0.385560006 0
vt 0.741888106 0.385551304 0
vt 0.746811628 0.404125214 0
vt 0.742990077 0.410573393 0
vt 0.759467423 0.468486696 0
vt 0.765203297 0.4719401 0
vt 0.76429981 0.47779569 0
vt 0.768025815 0.483954906 0
vt 0.77460289 0.486421704 0
vt 0.7735461 0.492022187 0
vt 0.263090312 0.756783724 0
vt 0.260994703 0.748684704 0
vt 0.263997614 0.745301902 0
vt 0.260291189 0.740092874 0
vt 0.264484107 0.737412572 0
vt 0.261184603 0.7307446 0
vt 0.264884412 0.728597403 0
vt 0.265121788 0.721178591 0
vt 0.261012197 0.712740421 0
vt 0.265295088 0.711257279 0
vt 0.262727201 0.705910981 0
vt 0.265295088 0.701636612 0
vt 0.256058693 0.701009572 0
vt 0.255882293 0.695814013 0
vt 0.258403301 0.695689201 0
vt 0.238295406 0.701999426 0
vt 0.239461705 0.696947098 0
vt 0.241440594 0.696778893 0
vt 0.232720405 0.702473283 0
vt 0.2302185 0.697854519 0
vt 0.234760895 0.697384 0
vt 0.559700072 0.855731905 0
vt 0.559864998 0.85738039 0
vt 0.552102804 0.858597875 0
vt 0.560430586 0.862359107 0
vt 0.804203093 0.470752895 0
vt 0.798393011 0.462553203 0
vt 0.783430576 0.441264898 0
vt 0.773266912 0.422786415 0
vt 0.768339217 0.410273403 0
vt 0.766583979 0.385623395 0
vt 0.768529296 0.385650009 0
vt 0.257572204 0.707363486 0
vt 0.25301519 0.713805199 0
vt 0.259203911 0.720292091 0
vt 0.260481507 0.701559305 0
vt 0.253040105 0.720372021 0
vt 0.257721901 0.727545023 0
vt 0.252808899 0.726576328 0
vt 0.25708431 0.734186828 0
vt 0.250244588 0.707644224 0
vt 0.251311094 0.732910812 0
vt 0.253695309 0.738822103 0
vt 0.2562868 0.744515598 0
vt 0.253867507 0.746189892 0
vt 0.253520995 0.764635026 0
vt 0.248490199 0.762706816 0
vt 0.248852596 0.756932318 0
vt 0.254157513 0.758557975 0
vt 0.249171406 0.751042008 0
vt 0.254704386 0.75271982 0
vt 0.249750406 0.70131892 0
vt 0.253472894 0.695943713 0
vt 0.253324598 0.769652724 0
vt 0.248086303 0.768352985 0
vt 0.256978899 0.761766195 0
vt 0.248947904 0.774234772 0
vt 0.253721595 0.776416481 0
vt 0.252848804 0.781337917 0
vt 0.257525206 0.769738317 0
vt 0.257267207 0.776193202 0
vt 0.772818923 0.481128305 0
vt 0.782723606 0.483102292 0
vt 0.780591905 0.490036696 0
vt 0.259689093 0.784481406 0
vt 0.260867894 0.776441514 0
vt 0.261655897 0.770308971 0
vt 0.265218586 0.695417702 0
vt 0.261741608 0.695545077 0
vt 0.262288898 0.764762819 0
vt 0.258886904 0.754204988 0
vt 0.781743526 0.47723791 0
vt 0.2430612 0.707874596 0
vt 0.245893806 0.71401149 0
vt 0.2402163 0.714093506 0
vt 0.243000805 0.720183611 0
vt 0.797867715 0.492469013 0
vt 0.793083072 0.489439696 0
vt 0.797566175 0.486150801 0
vt 0.791797519 0.483842999 0
vt 0.789512217 0.478874207 0
vt 0.242325902 0.749962807 0
vt 0.241172001 0.743991077 0
vt 0.246656403 0.744688213 0
vt 0.241319507 0.738144577 0
vt 0.246862993 0.738682687 0
vt 0.241437405 0.732218325 0
vt 0.246330693 0.732548594 0
vt 0.241528198 0.726222694 0
vt 0.247166499 0.726448417 0
vt 0.771481574 0.4629381 0
vt 0.778876483 0.465776205 0
vt 0.771996796 0.469140291 0
vt 0.779724717 0.47188741 0
vt 0.787217379 0.486794591 0
vt 0.247984499 0.720256984 0
vt 0.243237406 0.701702118 0
vt 0.243987501 0.696572602 0
vt 0.249492794 0.69618392 0
vt 0.793327987 0.495619386 0
vt 0.242851302 0.767014802 0
vt 0.243163601 0.761523426 0
vt 0.243443698 0.755905509 0
vt 0.761218607 0.441186905 0
vt 0.788464308 0.492362589 0
vt 0.762355626 0.458855093 0
vt 0.768749714 0.456643492 0
vt 0.769969106 0.450662911 0
vt 0.760264277 0.452393204 0
vt 0.770496726 0.475749105 0
vt 0.762739599 0.465644807 0
vt 0.7538715 0.44129619 0
vt 0.254750401 0.787696421 0
vt 0.756073713 0.460971087 0
vt 0.757943928 0.44653061 0
vt 0.753012896 0.453094393 0
vt 0.749973178 0.444065213 0
vt 0.746943772 0.432845414 0
vt 0.751788676 0.41676411 0
vt 0.744399905 0.4204247 0
vt 0.753216326 0.423081785 0
vt 0.763965786 0.427372903 0
vt 0.754385293 0.409820914 0
vt 0.779266417 0.450536609 0
vt 0.788911819 0.453469992 0
vt 0.787122488 0.457702398 0
vt 0.783892274 0.447210312 0
vt 0.775468528 0.432063907 0
vt 0.75731349 0.393741906 0
vt 0.757328928 0.385558099 0
vt 0.763111472 0.399906993 0
vt 0.761191726 0.415232509 0
vt 0.769095719 0.417608589 0
vt 0.755117178 0.4035649 0
vt 0.762259483 0.421490401 0
vt 0.544130802 0.860142827 0
vt 0.538508773 0.856407523 0
vt 0.527687371 0.858351171 0
vt 0.533152699 0.853906512 0
vt 0.533085227 0.859676003 0
vt 0.538629413 0.862144411 0
vt 0.55002141 0.863568008 0
vt 0.555907309 0.86482352 0
vt 0.748779178 0.385536909 0
vt 0.749665022 0.394295514 0
vt 0.7791242 0.459142804 0
vt 0.784242928 0.462649196 0
vt 0.800604403 0.476904005 0
vt 0.798501015 0.471870095 0
vt 0.806133509 0.478509396 0
vt 0.816070318 0.485312492 0
vt 0.811154008 0.480192602 0
vt 0.515428901 0.84861362 0
vt 0.510447502 0.843268514 0
vt 0.791551411 0.464160502 0
vt 0.794102013 0.468749911 0
vt 0.231924698 0.720151901 0
vt 0.229189202 0.71442008 0
vt 0.234638795 0.714230001 0
vt 0.231858894 0.708436012 0
vt 0.813910007 0.4913297 0
vt 0.819678724 0.491813004 0
vt 0.815686107 0.496390194 0
vt 0.235710993 0.748896182 0
vt 0.230606601 0.748050809 0
vt 0.230629295 0.742644489 0
vt 0.235812798 0.743311226 0
vt 0.230636194 0.737144113 0
vt 0.235894293 0.737632871 0
vt 0.230627507 0.731558025 0
vt 0.235954404 0.731872618 0
vt 0.230608597 0.725893795 0
vt 0.235995695 0.726038516 0
vt 0.236400604 0.697223604 0
vt 0.237398505 0.720143676 0
vt 0.237405807 0.708125114 0
vt 0.802276611 0.488929003 0
vt 0.810187817 0.48828131 0
vt 0.805976629 0.492362887 0
vt 0.809763014 0.495563895 0
vt 0.79399389 0.475666702 0
vt 0.525368214 0.8519786 0
vt 0.786473572 0.467834592 0
vt 0.796270311 0.480535895 0
vt 0.801927209 0.482495815 0
vt 0.806545973 0.485013515 0
vt 0.825387776 0.488059103 0
vt 0.774268329 0.455257386 0
vt 0.238126904 0.697065771 0
vt 0.238166198 0.754887581 0
vt 0.788491786 0.473024905 0
vt 0.522408187 0.856784225 0
vt 0.517254114 0.85497278 0
vt 0.823502302 0.49433139 0
vt 0.801620781 0.496049196 0
vt 0.237973899 0.760342002 0
vt 0.768647492 0.319636196 0
vt 0.768721581 0.25366959 0
vt 0.777498305 0.253791004 0
vt 0.768751681 0.187756702 0
vt 0.77746731 0.187877193 0
vt 0.277297288 0.496906489 0
vt 0.27729851 0.464129895 0
vt 0.285702109 0.464138806 0
vt 0.551282227 0.418055803 0
vt 0.559485912 0.43351531 0
vt 0.559038579 0.466240913 0
vt 0.277116388 0.347219497 0
vt 0.285316586 0.34722811 0
vt 0.285533696 0.397788495 0
vt 0.777461112 0.319758087 0
vt 0.786208689 0.319923908 0
vt 0.794867098 0.320133507 0
vt 0.808056116 0.320410699 0
vt 0.820078909 0.321017504 0
vt 0.828154087 0.321394712 0
vt 0.836028874 0.321811706 0
vt 0.506316602 0.682247579 0
vt 0.514305174 0.681839526 0
vt 0.527018011 0.68118 0
vt 0.539315522 0.680932105 0
vt 0.547926724 0.680737793 0
vt 0.556577981 0.686844409 0
vt 0.556494594 0.696256518 0
vt 0.287376106 0.589398921 0
vt 0.277116388 0.591473818 0
vt 0.277251393 0.530485213 0
vt 0.285738111 0.530494213 0
vt 0.294098109 0.530493379 0
vt 0.294975609 0.587186575 0
vt 0.302705705 0.584336519 0
vt 0.302309304 0.530482829 0
vt 0.310350001 0.530462503 0
vt 0.312081009 0.579851806 0
vt 0.318198711 0.530432522 0
vt 0.322782308 0.573320687 0
vt 0.325834692 0.530393004 0
vt 0.334614903 0.565602601 0
vt 0.0885818005 0.813434303 0
vt 0.0820985436 0.880889118 0
vt 0.0799243376 0.813385189 0
vt 0.105958797 0.813487887 0
vt 0.100302704 0.874011874 0
vt 0.0972675607 0.813468575 0
vt 0.114554197 0.781427801 0
vt 0.117799297 0.86818248 0
vt 0.123154201 0.781173527 0
vt 0.131678507 0.781304717 0
vt 0.131745204 0.864068329 0
vt 0.148361206 0.779253125 0
vt 0.144010305 0.860846519 0
vt 0.139897197 0.781679809 0
vt 0.1566035 0.779122829 0
vt 0.164675698 0.779337227 0
vt 0.160958797 0.85706377 0
vt 0.180086002 0.777648211 0
vt 0.176525503 0.85437268 0
vt 0.172254801 0.780191123 0
vt 0.189382404 0.852749825 0
vt 0.194906697 0.778119683 0
vt 0.199163899 0.851962209 0
vt 0.210400194 0.851592183 0
vt 0.201778293 0.778297484 0
vt 0.640117884 0.164634705 0
vt 0.647452474 0.0896372125 0
vt 0.650443614 0.164372593 0
vt 0.654384911 0.0915384218 0
vt 0.661149085 0.164735004 0
vt 0.668810427 0.0889669582 0
vt 0.668062627 0.165313706 0
vt 0.67630142 0.0889675617 0
vt 0.683982909 0.0898352191 0
vt 0.680563509 0.166865095 0
vt 0.691926003 0.091291897 0
vt 0.694443107 0.169348106 0
vt 0.700218499 0.0894954801 0
vt 0.707246125 0.172265396 0
vt 0.708373904 0.0900372192 0
vt 0.716848493 0.0908092186 0
vt 0.720557511 0.175879806 0
vt 0.730159581 0.121466801 0
vt 0.733571172 0.179961607 0
vt 0.747215629 0.121061303 0
vt 0.743965089 0.183592603 0
vt 0.751217306 0.187647805 0
vt 0.751064301 0.253559798 0
vt 0.741900504 0.316801101 0
vt 0.749390006 0.321374506 0
vt 0.297047108 0.397536904 0
vt 0.298098892 0.34722349 0
vt 0.312799305 0.397499293 0
vt 0.313605696 0.347182602 0
vt 0.327767491 0.397424102 0
vt 0.324059993 0.347130299 0
vt 0.0113053303 0.745795906 0
vt 0.00954788923 0.695417523 0
vt 0.0210934207 0.695680201 0
vt 0.02631866 0.74611342 0
vt 0.0364030004 0.695965111 0
vt 0.0388167985 0.746576428 0
vt 0.050241109 0.746494472 0
vt 0.0523823388 0.696197987 0
vt 0.0668771192 0.74667871 0
vt 0.0688621923 0.696376383 0
vt 0.0838587806 0.746807575 0
vt 0.0856681392 0.696498275 0
vt 0.101005897 0.74687767 0
vt 0.1026216 0.696562707 0
vt 0.119542703 0.696568608 0
vt 0.136252597 0.696515977 0
vt 0.152573794 0.69640559 0
vt 0.168333799 0.696238518 0
vt 0.183364898 0.696016371 0
vt 0.187217206 0.746522605 0
vt 0.197508201 0.695741773 0
vt 0.207974404 0.7460711 0
vt 0.210613906 0.695417523 0
vt 0.641923726 0.0599226914 0
vt 0.647065222 0.00946319103 0
vt 0.660581172 0.00849044323 0
vt 0.662348926 0.0584383607 0
vt 0.675079286 0.00766080618 0
vt 0.690406322 0.00698328018 0
vt 0.701650977 0.00660514785 0
vt 0.714592397 0.00626712991 0
vt 0.729397297 0.0558661819 0
vt 0.726336479 0.00606393814 0
vt 0.739699304 0.0059256549 0
vt 0.746487916 0.0557513796 0
vt 0.560430586 0.368005008 0
vt 0.552107513 0.368137807 0
vt 0.540510476 0.368409187 0
vt 0.538102508 0.418128103 0
vt 0.524539173 0.36897859 0
vt 0.526682615 0.41877681 0
vt 0.514193475 0.41909641 0
vt 0.509239376 0.369749814 0
vt 0.829938829 0.00791347027 0
vt 0.836918771 0.0581369884 0
vt 0.821657479 0.0573371015 0
vt 0.814539909 0.00718575716 0
vt 0.805669606 0.0566930696 0
vt 0.798491001 0.00661510183 0
vt 0.789125204 0.0562124215 0
vt 0.785385609 0.00628250791 0
vt 0.773572803 0.00606614305 0
vt 0.772199273 0.0558996201 0
vt 0.756653905 0.00591063406 0
vt 0.277255893 0.408095002 0
vt 0.29398039 0.464138001 0
vt 0.302111298 0.4641276 0
vt 0.310073286 0.464107513 0
vt 0.317845196 0.464077801 0
vt 0.325406611 0.46403861 0
vt 0.00700014783 0.812309921 0
vt 0.0143977897 0.812482119 0
vt 0.0220206305 0.812641978 0
vt 0.0298485104 0.812789202 0
vt 0.0378603898 0.812923074 0
vt 0.0460351706 0.813043714 0
vt 0.054351151 0.813150406 0
vt 0.0627863407 0.813243091 0
vt 0.0713182613 0.813321412 0
vt 0.214758903 0.776367426 0
vt 0.0712023303 0.885402501 0
vt 0.0628075004 0.889064729 0
vt 0.0541217886 0.893037081 0
vt 0.0459125601 0.896979511 0
vt 0.0380435511 0.900939524 0
vt 0.0293920003 0.90550369 0
vt 0.0216674209 0.909768224 0
vt 0.0141511504 0.914113879 0
vt 0.00591057492 0.878651679 0
vt 0.768737674 0.121901199 0
vt 0.777368009 0.122020699 0
vt 0.785933673 0.122183003 0
vt 0.794412076 0.122388102 0
vt 0.802780628 0.122635402 0
vt 0.811017096 0.122924298 0
vt 0.819099724 0.1232538 0
vt 0.827007115 0.123623297 0
vt 0.834718108 0.124031603 0
vt 0.509544373 0.48510021 0
vt 0.517367005 0.48470059 0
vt 0.525374174 0.484352112 0
vt 0.533544779 0.484055609 0
vt 0.541857302 0.483812004 0
vt 0.550289392 0.483621806 0
vt 0.558619916 0.499101102 0
vt 0.549399197 0.54926002 0
vt 0.54088378 0.549452007 0
vt 0.5324893 0.549698114 0
vt 0.524237871 0.549997509 0
vt 0.516151726 0.550349414 0
vt 0.508251905 0.550752878 0
vt 0.835383713 0.189907998 0
vt 0.827596486 0.189495802 0
vt 0.819611073 0.189122602 0
vt 0.811448574 0.188789904 0
vt 0.803130805 0.188498095 0
vt 0.794679701 0.1882485 0
vt 0.786117613 0.1880413 0
vt 0.786209226 0.253956109 0
vt 0.794831276 0.254164696 0
vt 0.803341687 0.254416198 0
vt 0.811717808 0.254709899 0
vt 0.819937527 0.255045086 0
vt 0.827978909 0.255420715 0
vt 0.835820615 0.255835891 0
vt 0.507175922 0.61646992 0
vt 0.515131116 0.616063476 0
vt 0.523274004 0.615709126 0
vt 0.53158319 0.615407586 0
vt 0.5400365 0.61515981 0
vt 0.548611581 0.614966393 0
vt 0.557938814 0.55535543 0
vt 0.557832718 0.56475538 0
vt 0.557219028 0.621070504 0
vt 0.557124197 0.630475223 0
vt 0.759660304 0.385572404 0
vt 0.759791315 0.319558799 0
vt 0.759902477 0.253592491 0
vt 0.759993911 0.187680304 0
vt 0.760065615 0.121825501 0
vt 0.760117412 0.0560320616 0
vt 0.621729493 0.196422294 0
vt 0.628296494 0.313313097 0
vt 0.347894698 0.205798805 0
vt 0.350809187 0.221314594 0
vt 0.446630508 0.339978904 0
vt 0.431199908 0.331701696 0
vt 0.45941481 0.345345706 0
vt 0.621482611 0.319268197 0
vt 0.610697627 0.327511102 0
vt 0.600508809 0.333964199 0
vt 0.588554025 0.340383887 0
vt 0.416641414 0.3218804 0
vt 0.403110087 0.310619593 0
vt 0.390748799 0.298038393 0
vt 0.382839501 0.288403898 0
vt 0.374684215 0.276986092 0
vt 0.368292391 0.266272992 0
vt 0.361926794 0.25376749 0
vt 0.50508517 0.355683506 0
vt 0.572764099 0.34693861 0
vt 0.35541299 0.237356395 0
vt 0.55634582 0.351788014 0
vt 0.487933695 0.35338521 0
vt 0.539473474 0.354880601 0
vt 0.522326171 0.356183708 0
vt 0.471053004 0.34931311 0
vt 0.351239413 0.152415499 0
vt 0.355026007 0.139900193 0
vt 0.622086704 0.138970003 0
vt 0.621578217 0.1485219 0
vt 0.621224582 0.159735605 0
vt 0.348898113 0.163035199 0
vt 0.347640008 0.171554297 0
vt 0.62112689 0.168892801 0
vt 0.621167004 0.177852795 0
vt 0.346886396 0.179760307 0
vt 0.346673608 0.190561697 0
vt 0.621366024 0.186738893 0
vt 0.347222686 0.200035304 0
vt 0.346892387 0.195500895 0
vt 0.360465705 0.125690103 0
vt 0.364264309 0.117287204 0
vt 0.368438095 0.109041601 0
vt 0.373405606 0.100227199 0
vt 0.37818101 0.0925823972 0
vt 0.383412302 0.0849683806 0
vt 0.389218509 0.0773032308 0
vt 0.395076811 0.0702485964 0
vt 0.417154998 0.0483478904 0
vt 0.403014302 0.0615710616 0
vt 0.628296614 0.0456420705 0
vt 0.620745778 0.0389937684 0
vt 0.431805909 0.0371671282 0
vt 0.444212914 0.02930516 0
vt 0.455654114 0.0231568795 0
vt 0.610644698 0.0313849412 0
vt 0.472373813 0.0159727298 0
vt 0.574679077 0.0134416204 0
vt 0.58806181 0.0186726395 0
vt 0.599528909 0.0244680606 0
vt 0.528703094 0.00591057492 0
vt 0.541603327 0.00654804707 0
vt 0.554089427 0.00819146633 0
vt 0.561671793 0.00978451874 0
vt 0.488797992 0.0109126503 0
vt 0.503174603 0.00790452864 0
vt 0.514724314 0.00649732305 0
vt 0.133958295 0.410834402 0
vt 0.157555297 0.681445599 0
vt 0.124538802 0.411503792 0
vt 0.147985905 0.682846189 0
vt 0.1386334 0.683506906 0
vt 0.132553607 0.683596313 0
vt 0.00773030519 0.4709737 0
vt 0.0097814789 0.409965008 0
vt 0.142536893 0.409626603 0
vt 0.173049599 0.677478492 0
vt 0.1646602 0.67987138 0
vt 0.191258296 0.670015275 0
vt 0.1805024 0.67481029 0
vt 0.170337006 0.400926799 0
vt 0.2594845 0.584890187 0
vt 0.255616486 0.597042978 0
vt 0.151109502 0.407700002 0
vt 0.203765005 0.662749827 0
vt 0.198657006 0.665938318 0
vt 0.216663793 0.653116882 0
vt 0.209373906 0.658845484 0
vt 0.246577099 0.616611421 0
vt 0.159803495 0.405119807 0
vt 0.251077086 0.607927203 0
vt 0.263800889 0.560554326 0
vt 0.179208905 0.396439791 0
vt 0.264271796 0.550239086 0
vt 0.265295088 0.481151193 0
vt 0.230056807 0.639994025 0
vt 0.224653497 0.645710707 0
vt 0.242071494 0.624135375 0
vt 0.237103507 0.631254971 0
vt 0.261696488 0.575175524 0
vt 0.265294999 0.347130299 0
vt 0.00599002792 0.555944502 0
vt 0.00591057492 0.546630681 0
vt 0.0121203596 0.591437578 0
vt 0.01020246 0.584555924 0
vt 0.00795215275 0.574155629 0
vt 0.121136896 0.68290329 0
vt 0.108417898 0.680900693 0
vt 0.0485418998 0.649792314 0
vt 0.0420270488 0.643278599 0
vt 0.0379783511 0.638730526 0
vt 0.00665157987 0.564898908 0
vt 0.0214987304 0.614300311 0
vt 0.0160494391 0.602514625 0
vt 0.0970710516 0.677966177 0
vt 0.090398781 0.675700605 0
vt 0.0678995177 0.664614022 0
vt 0.058848381 0.658388615 0
vt 0.0538054109 0.654401302 0
vt 0.0842970014 0.673234582 0
vt 0.0783581734 0.670463204 0
vt 0.0310652796 0.629879773 0
vt 0.0263199806 0.622694612 0
vt 0.432748288 0.830691993 0
vt 0.436717808 0.826820314 0
vt 0.324566394 0.855075777 0
vt 0.322375804 0.850979209 0
vt 0.324822307 0.843483925 0
vt 0.320246011 0.844168425 0
vt 0.321159601 0.838379025 0
vt 0.324822307 0.830683172 0
vt 0.277116388 0.603295207 0
vt 0.277375996 0.603305519 0
vt 0.277116388 0.612611294 0
vt 0.487765491 0.752089977 0
vt 0.48771739 0.761366725 0
vt 0.480700403 0.759741127 0
vt 0.47872749 0.751154006 0
vt 0.474252999 0.759738803 0
vt 0.467912793 0.758045495 0
vt 0.470369488 0.750406981 0
vt 0.466238797 0.750064909 0
vt 0.460666001 0.779891193 0
vt 0.45918569 0.78844589 0
vt 0.439505309 0.816474617 0
vt 0.416582406 0.835413814 0
vt 0.3768996 0.850783825 0
vt 0.351070702 0.859942615 0
vt 0.350794405 0.857541978 0
vt 0.356124401 0.862171412 0
vt 0.351373404 0.862519205 0
vt 0.28948769 0.855728507 0
vt 0.289465904 0.850950778 0
vt 0.295869797 0.850475013 0
vt 0.295693815 0.85541302 0
vt 0.298765004 0.855292618 0
vt 0.302247494 0.85019362 0
vt 0.303303987 0.855148911 0
vt 0.30725649 0.849978805 0
vt 0.307257086 0.855066776 0
vt 0.308822006 0.855040908 0
vt 0.312362999 0.849899173 0
vt 0.310450792 0.855022728 0
vt 0.31280911 0.855003476 0
vt 0.317746103 0.855000198 0
vt 0.318699986 0.850235581 0
vt 0.317271799 0.824819624 0
vt 0.321410507 0.825789809 0
vt 0.316867501 0.831136227 0
vt 0.316420615 0.819197416 0
vt 0.319799304 0.818316698 0
vt 0.321472496 0.832045615 0
vt 0.315937996 0.811866105 0
vt 0.324261397 0.812768579 0
vt 0.323916912 0.806765676 0
vt 0.323496789 0.800957084 0
vt 0.315625697 0.805996597 0
vt 0.320133507 0.796540797 0
vt 0.315466791 0.801136911 0
vt 0.317929208 0.787673116 0
vt 0.322546005 0.790814579 0
vt 0.315048903 0.795256495 0
vt 0.3130247 0.789067328 0
vt 0.316245109 0.781594872 0
vt 0.313183099 0.771919429 0
vt 0.319843501 0.772413492 0
vt 0.314460605 0.776488006 0
vt 0.442086309 0.849111199 0
vt 0.446340799 0.844060779 0
vt 0.449081808 0.848148882 0
vt 0.467343003 0.801576495 0
vt 0.467111111 0.794638813 0
vt 0.474510312 0.79467231 0
vt 0.471436888 0.786906481 0
vt 0.458826602 0.807818174 0
vt 0.466578007 0.807860196 0
vt 0.477497607 0.788843274 0
vt 0.472136915 0.780931413 0
vt 0.479896009 0.782771409 0
vt 0.4868249 0.770258427 0
vt 0.480181694 0.776239216 0
vt 0.47616601 0.772019506 0
vt 0.663181603 0.76661998 0
vt 0.663181603 0.778250515 0
vt 0.657270908 0.775220275 0
vt 0.462927192 0.822492123 0
vt 0.466598213 0.815716922 0
vt 0.470585704 0.819339275 0
vt 0.657552779 0.769535601 0
vt 0.457531512 0.82051158 0
vt 0.474502802 0.802492321 0
vt 0.476392806 0.807626903 0
vt 0.469672501 0.810020208 0
vt 0.460861504 0.814228714 0
vt 0.453952104 0.818402827 0
vt 0.455042005 0.812218606 0
vt 0.695420921 0.777584612 0
vt 0.691406429 0.77285862 0
vt 0.695420921 0.76661998 0
vt 0.675002813 0.770383477 0
vt 0.679585099 0.76661998 0
vt 0.679585099 0.776955009 0
vt 0.482751787 0.789783895 0
vt 0.480643004 0.796621025 0
vt 0.441234499 0.823667109 0
vt 0.72874862 0.76661998 0
vt 0.72874862 0.77527529 0
vt 0.724887371 0.772224486 0
vt 0.452376395 0.840155721 0
vt 0.453298509 0.843626797 0
vt 0.447963893 0.837758005 0
vt 0.442175806 0.84096992 0
vt 0.444204211 0.834381223 0
vt 0.439287394 0.837985516 0
vt 0.440443486 0.830541611 0
vt 0.436351091 0.834696174 0
vt 0.465497613 0.827682972 0
vt 0.460516006 0.834825993 0
vt 0.458882689 0.829296827 0
vt 0.454947799 0.834420621 0
vt 0.454417795 0.826821804 0
vt 0.4497495 0.831107914 0
vt 0.449849904 0.823522806 0
vt 0.445913494 0.827676475 0
vt 0.447304606 0.817533314 0
vt 0.71306622 0.76661998 0
vt 0.71306622 0.774877489 0
vt 0.70724231 0.77029407 0
vt 0.461181492 0.793317378 0
vt 0.453390807 0.802140176 0
vt 0.448408097 0.810941219 0
vt 0.459182501 0.801185906 0
vt 0.469312489 0.77067852 0
vt 0.465369701 0.782865226 0
vt 0.485285699 0.77945298 0
vt 0.398281306 0.846448183 0
vt 0.388564289 0.851747096 0
vt 0.383285791 0.853380501 0
vt 0.367085189 0.858382285 0
vt 0.361136198 0.858062506 0
vt 0.372741103 0.8574301 0
vt 0.378252208 0.856238008 0
vt 0.394202203 0.851252019 0
vt 0.404273003 0.846783817 0
vt 0.409115404 0.844219625 0
vt 0.42295301 0.835814714 0
vt 0.316399187 0.837001801 0
vt 0.314110011 0.843466878 0
vt 0.311242491 0.837400913 0
vt 0.308281809 0.843742192 0
vt 0.305449605 0.837845027 0
vt 0.302524 0.844093084 0
vt 0.299747705 0.838370383 0
vt 0.296848506 0.844523311 0
vt 0.294145286 0.838978529 0
vt 0.291276097 0.845031321 0
vt 0.368515611 0.865400314 0
vt 0.362182796 0.863426983 0
vt 0.357112288 0.868504286 0
vt 0.311211586 0.825317204 0
vt 0.309797406 0.8314417 0
vt 0.304746896 0.826131225 0
vt 0.304045498 0.8320418 0
vt 0.298419803 0.827061594 0
vt 0.2983917 0.832729101 0
vt 0.381058306 0.866856515 0
vt 0.375248104 0.868192077 0
vt 0.379644006 0.861769378 0
vt 0.373980105 0.863039613 0
vt 0.30956611 0.813966513 0
vt 0.309687406 0.819660425 0
vt 0.303225905 0.815125227 0
vt 0.303296298 0.820656776 0
vt 0.297040492 0.81641531 0
vt 0.29704991 0.821780503 0
vt 0.391983002 0.862203181 0
vt 0.386391193 0.864045918 0
vt 0.390269905 0.857184112 0
vt 0.384830892 0.85892868 0
vt 0.292852193 0.833503604 0
vt 0.308314204 0.803179383 0
vt 0.309400201 0.808420002 0
vt 0.303814709 0.809588909 0
vt 0.300956011 0.805036902 0
vt 0.298352301 0.810860574 0
vt 0.404354602 0.861078501 0
vt 0.397937685 0.861268818 0
vt 0.402335107 0.856594682 0
vt 0.396068603 0.856461287 0
vt 0.400313497 0.851715207 0
vt 0.321439505 0.782146811 0
vt 0.308625013 0.792780101 0
vt 0.308929592 0.797815979 0
vt 0.303260714 0.794366121 0
vt 0.303483814 0.799265206 0
vt 0.416067392 0.857397914 0
vt 0.4107849 0.860407591 0
vt 0.413770705 0.853378475 0
vt 0.40862599 0.856255829 0
vt 0.411453307 0.848975778 0
vt 0.406455398 0.851704419 0
vt 0.311778307 0.781856775 0
vt 0.309442192 0.787480891 0
vt 0.430737704 0.856150985 0
vt 0.424246907 0.85828352 0
vt 0.427745908 0.852783501 0
vt 0.421802491 0.855046809 0
vt 0.424894214 0.848822713 0
vt 0.419378489 0.851267695 0
vt 0.421982795 0.844412327 0
vt 0.416924804 0.847112596 0
vt 0.419040799 0.839582622 0
vt 0.414447397 0.842620075 0
vt 0.437057287 0.854065418 0
vt 0.434954792 0.851426423 0
vt 0.437668592 0.845270395 0
vt 0.431952894 0.848150074 0
vt 0.434890211 0.842123628 0
vt 0.428955913 0.844262481 0
vt 0.432067305 0.838650107 0
vt 0.426236808 0.840451121 0
vt 0.428648502 0.834433913 0
vt 0.309828401 0.777900398 0
vt 0.320706815 0.777364612 0
vt 0.304303795 0.789216518 0
vt 0.418354899 0.861020327 0
vt 0.324558705 0.819368899 0
vt 0.318574607 0.766362429 0
vt 0.984365225 0.0727684423 0
vt 0.984836876 0.139122099 0
vt 0.976227283 0.139163703 0
vt 0.640117824 0.79290837 0
vt 0.645449698 0.7666201 0
vt 0.645449698 0.842310607 0
vt 0.481020004 0.635395408 0
vt 0.487433612 0.616420925 0
vt 0.488024712 0.676996827 0
vt 0.48071149 0.569643974 0
vt 0.48743701 0.530115008 0
vt 0.640117824 0.753781676 0
vt 0.642134428 0.666612089 0
vt 0.6480667 0.707355917 0
vt 0.647415876 0.753887117 0
vt 0.655207992 0.707450986 0
vt 0.658905327 0.754037321 0
vt 0.662603974 0.707541823 0
vt 0.670235276 0.707628191 0
vt 0.669689476 0.754160702 0
vt 0.678081393 0.707709908 0
vt 0.682282329 0.75428921 0
vt 0.686121702 0.70778662 0
vt 0.694334805 0.707858205 0
vt 0.698814213 0.754432201 0
vt 0.702698827 0.707924604 0
vt 0.711191714 0.707985401 0
vt 0.715900719 0.754553378 0
vt 0.719790876 0.708040476 0
vt 0.728473723 0.708090007 0
vt 0.73336041 0.754651606 0
vt 0.73721689 0.708133399 0
vt 0.745997429 0.708170772 0
vt 0.751008272 0.754725814 0
vt 0.754791915 0.708202124 0
vt 0.763577223 0.708227098 0
vt 0.768657625 0.754774928 0
vt 0.772329807 0.708245873 0
vt 0.781026602 0.708258271 0
vt 0.786120772 0.75479883 0
vt 0.78964448 0.70826441 0
vt 0.798160672 0.708263993 0
vt 0.803213179 0.754796922 0
vt 0.806552708 0.708257318 0
vt 0.814797997 0.708244205 0
vt 0.814936519 0.754779518 0
vt 0.822874904 0.708224714 0
vt 0.827761412 0.754746318 0
vt 0.830762029 0.708199024 0
vt 0.838438213 0.708167076 0
vt 0.843146682 0.754680991 0
vt 0.845883429 0.708128989 0
vt 0.85307771 0.708084881 0
vt 0.85755682 0.754591286 0
vt 0.8600021 0.708034873 0
vt 0.848739982 0.251540005 0
vt 0.852070272 0.205047101 0
vt 0.859242678 0.205140397 0
vt 0.863198519 0.251726002 0
vt 0.866667628 0.205225497 0
vt 0.874325275 0.205302402 0
vt 0.878625274 0.251878887 0
vt 0.882195473 0.205370605 0
vt 0.890257418 0.205430001 0
vt 0.890028179 0.251964808 0
vt 0.898489416 0.205480501 0
vt 0.903220594 0.252042204 0
vt 0.906869888 0.205522001 0
vt 0.915376604 0.205554307 0
vt 0.915266395 0.25208959 0
vt 0.923986912 0.205577299 0
vt 0.929038584 0.252123088 0
vt 0.932677984 0.205591202 0
vt 0.941426873 0.205595598 0
vt 0.946626604 0.2521303 0
vt 0.950210273 0.205590606 0
vt 0.959004998 0.205576301 0
vt 0.963353813 0.252102107 0
vt 0.967787623 0.205552593 0
vt 0.97912389 0.252001286 0
vt 0.976534903 0.2055199 0
vt 0.979467809 0.25199151 0
vt 0.985223711 0.205477804 0
vt 0.984855413 0.251699597 0
vt 0.99350369 0.156054899 0
vt 0.994089305 0.250620693 0
vt 0.989297807 0.251251906 0
vt 0.989251196 0.2512573 0
vt 0.369490087 0.696132004 0
vt 0.355784893 0.696320593 0
vt 0.38238591 0.696332991 0
vt 0.391249686 0.696448386 0
vt 0.400072485 0.696619093 0
vt 0.408831209 0.696844518 0
vt 0.417502403 0.697124302 0
vt 0.426063091 0.697457373 0
vt 0.43449071 0.697843075 0
vt 0.442762911 0.698280394 0
vt 0.45085749 0.698768079 0
vt 0.463093102 0.699761629 0
vt 0.4826594 0.702570379 0
vt 0.488024712 0.752118289 0
vt 0.473864794 0.700519919 0
vt 0.473680794 0.750696003 0
vt 0.473869711 0.63472271 0
vt 0.466460288 0.634094298 0
vt 0.458811492 0.633511901 0
vt 0.450943708 0.632977009 0
vt 0.44287771 0.632491112 0
vt 0.434634894 0.632055283 0
vt 0.426237106 0.631671011 0
vt 0.417706698 0.631339014 0
vt 0.409066111 0.631060302 0
vt 0.400338411 0.630835593 0
vt 0.391546696 0.6306656 0
vt 0.382714301 0.630550504 0
vt 0.37386471 0.630490899 0
vt 0.365021199 0.630486786 0
vt 0.356207401 0.630538225 0
vt 0.347051293 0.687015474 0
vt 0.347516209 0.621240079 0
vt 0.356684804 0.564817429 0
vt 0.36544311 0.564766288 0
vt 0.374230891 0.564770401 0
vt 0.383024901 0.564829707 0
vt 0.391801596 0.564944029 0
vt 0.400537997 0.565113008 0
vt 0.409210712 0.565336227 0
vt 0.417796791 0.56561321 0
vt 0.426273614 0.565943003 0
vt 0.434618503 0.566325009 0
vt 0.442809403 0.566757977 0
vt 0.450824589 0.567240775 0
vt 0.458642811 0.567772388 0
vt 0.466243505 0.568351209 0
vt 0.473606199 0.568975508 0
vt 0.967559576 0.139196202 0
vt 0.958856881 0.139219701 0
vt 0.950142324 0.139233798 0
vt 0.941438794 0.139238805 0
vt 0.932769597 0.139234394 0
vt 0.924157619 0.139220804 0
vt 0.915625572 0.139198005 0
vt 0.907196403 0.139165804 0
vt 0.898892224 0.139124796 0
vt 0.890734971 0.139074802 0
vt 0.882746577 0.139015898 0
vt 0.874948025 0.138948306 0
vt 0.867359996 0.138872206 0
vt 0.860002697 0.138787806 0
vt 0.852895617 0.138695195 0
vt 0.859243691 0.641682923 0
vt 0.852382421 0.641732395 0
vt 0.845253527 0.641776085 0
vt 0.837876201 0.641813815 0
vt 0.830269694 0.641845524 0
vt 0.822454512 0.641870975 0
vt 0.814450979 0.641890228 0
vt 0.806280792 0.641903222 0
vt 0.797965288 0.641909778 0
vt 0.789526582 0.641910195 0
vt 0.780987084 0.641904175 0
vt 0.772369385 0.641891897 0
vt 0.763696373 0.6418733 0
vt 0.754991174 0.641848505 0
vt 0.746276677 0.64181751 0
vt 0.737576127 0.641780376 0
vt 0.728912473 0.641737401 0
vt 0.720308781 0.641688526 0
vt 0.71178782 0.641633809 0
vt 0.70337218 0.641573489 0
vt 0.695084274 0.641507804 0
vt 0.686945975 0.641436815 0
vt 0.67897892 0.641360819 0
vt 0.671204209 0.641279876 0
vt 0.663642406 0.641194284 0
vt 0.656313717 0.641104281 0
vt 0.649237275 0.641010106 0
vt 0.480114996 0.503944814 0
vt 0.473074287 0.503282428 0
vt 0.465778589 0.502663672 0
vt 0.458247215 0.502090216 0
vt 0.450500101 0.501563489 0
vt 0.442557812 0.501084983 0
vt 0.434441507 0.500656009 0
vt 0.426172495 0.500277519 0
vt 0.417772889 0.499950707 0
vt 0.409264892 0.499676198 0
vt 0.400671095 0.499455005 0
vt 0.392014295 0.499287486 0
vt 0.3833175 0.499174207 0
vt 0.374603599 0.499115497 0
vt 0.365895808 0.499111503 0
vt 0.357217193 0.499162108 0
vt 0.348060101 0.555523276 0
vt 0.348921597 0.466406196 0
vt 0.970830023 0.0726438686 0
vt 0.953630328 0.0726894066 0
vt 0.936437309 0.0726975724 0
vt 0.924412489 0.072865963 0
vt 0.911057711 0.0726392791 0
vt 0.894673109 0.0725577995 0
vt 0.883497417 0.0726634786 0
vt 0.875792325 0.0725967214 0
vt 0.863965571 0.0722874925 0
vt 0.849968016 0.0721031427 0
vt 0.854257286 0.575179219 0
vt 0.840126395 0.57526499 0
vt 0.825058579 0.575327396 0
vt 0.813928485 0.575541079 0
vt 0.801052094 0.575372577 0
vt 0.789302528 0.575560808 0
vt 0.775871217 0.575362504 0
vt 0.758726716 0.575325072 0
vt 0.746570587 0.575469315 0
vt 0.732928216 0.57522279 0
vt 0.715940714 0.575125396 0
vt 0.704179883 0.575228214 0
vt 0.691226006 0.574936628 0
vt 0.680078685 0.575017989 0
vt 0.667953312 0.574702322 0
vt 0.653514922 0.574523807 0
vt 0.640117824 0.574329376 0
vt 0.482045412 0.438393086 0
vt 0.468087703 0.437092304 0
vt 0.453166902 0.435966611 0
vt 0.437441498 0.435029507 0
vt 0.425933897 0.434677601 0
vt 0.412711501 0.433999807 0
vt 0.400738001 0.433864892 0
vt 0.387136489 0.433435708 0
vt 0.374982506 0.433529496 0
vt 0.36141029 0.432452708 0
vt 0.992109179 0.00637435913 0
vt 0.992639303 0.0569320917 0
vt 0.9927423 0.0672467873 0
vt 0.350050598 0.368166894 0
vt 0.358446389 0.368064493 0
vt 0.371875197 0.368005008 0
vt 0.383848697 0.368076295 0
vt 0.397281885 0.36827001 0
vt 0.409102291 0.368564904 0
vt 0.422219902 0.3690072 0
vt 0.438290507 0.369752705 0
vt 0.453718007 0.370692402 0
vt 0.468338609 0.371816486 0
vt 0.481997311 0.373113096 0
vt 0.643132508 0.508211493 0
vt 0.652434528 0.508346975 0
vt 0.663462579 0.508491218 0
vt 0.678219378 0.508656979 0
vt 0.693758011 0.508804202 0
vt 0.709913909 0.50893122 0
vt 0.726515591 0.509036601 0
vt 0.743386984 0.509119391 0
vt 0.760350227 0.509178579 0
vt 0.777224004 0.509213805 0
vt 0.788972318 0.509223104 0
vt 0.801977515 0.509220421 0
vt 0.817853808 0.509194016 0
vt 0.828625977 0.509160101 0
vt 0.840308011 0.50910902 0
vt 0.850147307 0.509050012 0
vt 0.848739982 0.00591057492 0
vt 0.859405577 0.006062984 0
vt 0.873767376 0.00622582389 0
vt 0.884447992 0.00632023811 0
vt 0.896857619 0.00640815403 0
vt 0.913044512 0.00648665382 0
vt 0.929667175 0.00652951002 0
vt 0.946549416 0.00653642416 0
vt 0.963511825 0.00650727702 0
vt 0.979632318 0.00644564582 0
vt 0.594126225 0.692958474 0
vt 0.590248227 0.810198188 0
vt 0.583706796 0.810215175 0
vt 0.587670326 0.693034708 0
vt 0.578182101 0.810883403 0
vt 0.582917809 0.693624616 0
vt 0.577637613 0.694893897 0
vt 0.572251916 0.812438726 0
vt 0.572251916 0.697077274 0
vt 0.617074013 0.368005008 0
vt 0.620318472 0.519207418 0
vt 0.616272211 0.519207418 0
vt 0.612877071 0.368005008 0
vt 0.611891687 0.519207418 0
vt 0.608772278 0.368005008 0
vt 0.607686102 0.519207418 0
vt 0.603515327 0.368005008 0
vt 0.603145301 0.519207418 0
vt 0.598380327 0.519207418 0
vt 0.597142875 0.368005008 0
vt 0.592720211 0.519207418 0
vt 0.591474891 0.368005008 0
vt 0.586283028 0.519207418 0
vt 0.586657584 0.368005008 0
vt 0.582022607 0.368005008 0
vt 0.58090651 0.519207418 0
vt 0.577682972 0.368005008 0
vt 0.576658309 0.519207418 0
vt 0.573100626 0.368005008 0
vt 0.572251916 0.519207418 0
vt 0.334614903 0.603344977 0
vt 0.333763689 0.754541099 0
vt 0.328896701 0.603320777 0
vt 0.328576207 0.754520416 0
vt 0.323417306 0.754507124 0
vt 0.323049396 0.603305995 0
vt 0.317173392 0.754497826 0
vt 0.318342388 0.603298903 0
vt 0.311821193 0.603295207 0
vt 0.310628712 0.754495919 0
vt 0.305794388 0.754499018 0
vt 0.305411398 0.603299022 0
vt 0.300385714 0.754507124 0
vt 0.300760508 0.603306174 0
vt 0.294962287 0.603321314 0
vt 0.295352191 0.754520714 0
vt 0.290316492 0.754541099 0
vt 0.289465815 0.603345573 0
vt 0.620629013 0.531433403 0
vt 0.620666027 0.678542376 0
vt 0.614919007 0.679807723 0
vt 0.616600573 0.532309294 0
vt 0.611895919 0.533017695 0
vt 0.60860163 0.680613518 0
vt 0.605913222 0.533563018 0
vt 0.60163343 0.68107301 0
vt 0.598704815 0.53383112 0
vt 0.594312608 0.681137323 0
vt 0.591409504 0.533698022 0
vt 0.587884724 0.680876017 0
vt 0.584371209 0.53319782 0
vt 0.582525015 0.680397928 0
vt 0.577642083 0.679726005 0
vt 0.577388108 0.532223821 0
vt 0.572251916 0.678588808 0
vt 0.572251916 0.531028688 0
vt 0.622380197 0.692958474 0
vt 0.623171806 0.803036094 0
vt 0.616983116 0.804487526 0
vt 0.616983116 0.694130003 0
vt 0.605161726 0.694966972 0
vt 0.601164818 0.812291384 0
vt 0.596600473 0.811100483 0
vt 0.600575328 0.693813503 0

# 1497 vertex normals
vn 0.00000000 1.00000000 0.00000000
vn 0.00000000 1.00000000 -0.00000053
vn 0.00000000 1.00000000 -0.00000246
vn 0.00000000 1.00000000 0.00000020
vn 0.00000000 1.00000000 -0.00000109
vn 0.00000000 1.00000000 0.00000019
vn 0.00000000 1.00000000 0.00000194
vn 0.00000000 1.00000000 0.00000188
vn 0.00000000 1.00000000 -0.00000143
vn 0.00000000 1.00000000 0.00000037
vn 0.00000000 1.00000000 -0.00000103
vn 0.00000000 1.00000000 0.00000125
vn 0.00000000 1.00000000 -0.00000098
vn 0.00000000 1.00000000 0.00000043
vn 0.00000000 1.00000000 -0.00000088
vn 0.00000000 1.00000000 0.00000014
vn 0.00000000 1.00000000 0.00000148
vn 0.00000000 1.00000000 -0.00001045
vn 0.00000000 1.00000000 -0.00000234
vn 0.00000000 1.00000000 0.00000126
vn 0.00000000 1.00000000 0.00000210
vn 0.00000000 1.00000000 -0.00000062
vn 0.00000000 1.00000000 0.00000021
vn 0.00000000 1.00000000 0.00000130
vn 0.00000000 1.00000000 0.00000450
vn 0.00000000 1.00000000 -0.00000084
vn 0.00000000 1.00000000 0.00000064
vn 0.00000000 1.00000000 0.00000167
vn 0.00000000 1.00000000 -0.00000170
vn 0.00000000 1.00000000 -0.00000598
vn 0.00000000 1.00000000 0.00000178
vn 0.00000000 1.00000000 -0.00000184
vn 0.00000000 1.00000000 -0.00000845
vn 0.00000000 1.00000000 0.00001518
vn 0.00000000 1.00000000 -0.00000053
vn 0.00000000 1.00000000 0.00008200
vn 0.00000000 1.00000000 -0.00000471
vn 0.00000000 1.00000000 0.00000726
vn 0.00000000 1.00000000 0.00001015
vn 0.00000000 1.00000000 -0.00000133
vn 0.00000000 1.00000000 0.00000036
vn -0.03000950 -0.42641571 0.90402943
vn -0.01915419 -0.37578091 0.92651057
vn -0.04223752 -0.38299960 0.92278248
vn -0.01480728 -0.34024721 0.94021952
vn -0.02699095 -0.28289130 0.95877212
vn -0.03814184 -0.32481179 0.94500929
vn -0.61063641 -0.02715653 0.79144537
vn -0.64828569 -0.00660944 0.76136851
vn -0.64093471 -0.02957230 0.76702571
vn -0.21365410 -0.50351912 0.83715022
vn -0.21133390 -0.44319269 0.87115920
vn -0.26592249 -0.44226930 0.85655302
vn -0.25773531 -0.49352381 0.83066648
vn -0.31088689 -0.46427080 0.82933837
vn -0.31567901 -0.40868601 0.85634261
vn -0.34706089 -0.44733080 0.82428402
vn -0.36069500 -0.37708089 0.85305882
vn -0.37716350 -0.43380112 0.81826907
vn -0.41711670 -0.38567340 0.82296401
vn -0.40515301 -0.34069550 0.84839708
vn -0.46593001 -0.36983210 0.80382431
vn -0.43121359 -0.29823220 0.85153532
vn -0.49780911 -0.33391109 0.80043078
vn -0.47139549 -0.28818309 0.83350891
vn -0.50916171 -0.25791290 0.82111847
vn -0.56162930 -0.25491330 0.78714162
vn -0.52714270 -0.20974541 0.82348508
vn -0.56946307 -0.21037160 0.79464179
vn -0.55947709 -0.16689250 0.81186962
vn -0.60090590 -0.18119571 0.77851158
vn -0.60265690 -0.13265321 0.78689760
vn -0.43601811 -0.00139218 0.89993691
vn -0.46327311 -0.02660924 0.88581598
vn -0.40851769 -0.02620369 0.91237420
vn -0.21560760 -0.00755900 0.97645092
vn -0.25528440 -0.02305984 0.96659112
vn -0.20374070 -0.04645502 0.97792208
vn -0.17000680 -0.00722730 0.98541641
vn -0.31286740 -0.09128594 0.94539988
vn -0.24148800 -0.10939630 0.96421790
vn -0.27224249 -0.07150673 0.95956820
vn -0.21764880 -0.08139324 0.97262752
vn -0.15919840 -0.09265482 0.98288912
vn -0.15912330 -0.03897243 0.98648918
vn -0.12450040 -0.02034914 0.99201101
vn -0.07370573 -0.02907609 0.99685621
vn -0.08848923 -0.00382346 0.99606979
vn -0.03717416 -0.01058584 0.99925268
vn -0.04338687 -0.18585110 0.98161948
vn -0.06467568 -0.23145230 0.97069412
vn -0.03409594 -0.24265900 0.96951240
vn -0.18684571 -0.19275510 0.96329337
vn -0.12863180 -0.21644349 0.96778423
vn -0.13405091 -0.16279841 0.97751057
vn -0.09679150 -0.12556989 0.98735178
vn -0.08597409 -0.17482629 0.98083848
vn -0.03457075 -0.12510499 0.99154103
vn -0.02101755 -0.14956720 0.98852831
vn -0.01101773 -0.09686529 0.99523658
vn -0.17468511 -0.13513459 0.97530699
vn -0.01395934 -0.18613739 0.98242462
vn -0.04349160 -0.22609250 0.97313452
vn -0.11818610 -0.07471698 0.99017662
vn -0.09012311 -0.05848854 0.99421179
vn -0.03940534 -0.04697310 0.99811858
vn -0.03769034 -0.07740205 0.99628741
vn -0.22109740 -0.15181300 0.96336341
vn -0.07540577 -0.09233993 0.99286830
vn -0.01502203 -0.05298089 0.99848258
vn -0.01797622 -0.01806527 0.99967521
vn -0.18423329 -0.43386361 0.88194138
vn -0.16540340 -0.48442429 0.85905462
vn -0.13293541 -0.44350341 0.88635951
vn -0.10781370 -0.47898230 0.87117863
vn -0.13132641 -0.53546667 0.83428347
vn -0.09654510 -0.53103012 0.84183502
vn -0.06867074 -0.53880972 0.83962399
vn -0.04827022 -0.47725791 0.87743658
vn -0.03281795 -0.53585768 0.84367031
vn -0.07387852 -0.42833409 0.90059531
vn -0.02248215 -0.45870051 0.88830638
vn -0.01301378 -0.49685711 0.86773491
vn -0.51731962 -0.16176330 0.84036481
vn -0.48704919 -0.13670610 0.86260921
vn -0.54846913 -0.12487190 0.82679421
vn -0.50748759 -0.11225670 0.85431552
vn -0.56907183 -0.07576847 0.81878972
vn -0.52243727 -0.06875759 0.84990108
vn -0.57338870 -0.02895289 0.81877172
vn -0.53702933 -0.02620381 0.84315652
vn -0.57842571 -0.10672730 0.80872321
vn -0.64063537 -0.06892400 0.76474571
vn -0.61576438 -0.08678197 0.78313672
vn -0.01201039 -0.54817480 0.83627760
vn -0.14104301 -0.40005320 0.90557402
vn -0.20111030 -0.38176739 0.90211332
vn -0.24762130 -0.40367600 0.88075513
vn -0.24463999 -0.34390000 0.90657830
vn -0.29566801 -0.37551659 0.87838942
vn -0.28897920 -0.31261551 0.90485501
vn -0.34060961 -0.32899991 0.88076347
vn -0.38015500 -0.29228100 0.87752730
vn -0.40561211 -0.24695060 0.88005358
vn -0.45581120 -0.24594641 0.85542190
vn -0.43846789 -0.20392451 0.87530613
vn -0.48598620 -0.21004890 0.84834957
vn -0.46362010 -0.17929441 0.86770397
vn -0.49974349 -0.02684170 0.86575753
vn -0.44420961 -0.07791757 0.89252830
vn -0.39022031 -0.06155407 0.91866171
vn -0.37872219 -0.09595680 0.92052257
vn -0.33597371 -0.05255186 0.94040418
vn -0.35231039 -0.01114743 0.93581700
vn -0.44272450 -0.14612150 0.88467139
vn -0.40529290 -0.12604770 0.90545553
vn -0.47795701 -0.08416724 0.87434149
vn -0.37883410 -0.16122749 0.91131258
vn -0.35322550 -0.20463930 0.91288251
vn -0.39399150 -0.20925210 0.89497721
vn -0.08766418 -0.35867381 0.92933750
vn -0.18147659 -0.32877699 0.92680740
vn -0.23906670 -0.28382829 0.92859501
vn -0.33374089 -0.26219001 0.90546870
vn -0.30638900 -0.24354670 0.92022330
vn -0.31759301 -0.17058819 0.93275630
vn -0.33419090 -0.12914410 0.93361569
vn -0.29666191 -0.20136260 0.93351221
vn -0.25742841 -0.18276229 0.94885647
vn -0.27536169 -0.13346510 0.95203108
vn -0.10320590 -0.29753840 0.94911522
vn -0.14107470 -0.34125611 0.92932361
vn -0.17791160 -0.27470520 0.94492573
vn -0.25031149 -0.23900559 0.93820059
vn -0.29762349 -0.02668249 0.95431042
vn -0.06803011 -0.26622581 0.96150702
vn -0.14215650 -0.24874119 0.95808113
vn -0.20768780 -0.22041041 0.95304000
vn 0.02360278 -0.36264741 0.93162757
vn 0.01875507 -0.38199320 0.92397487
vn 0.04293328 -0.39746791 0.91661131
vn 0.24598850 -0.34478819 0.90587580
vn 0.19781070 -0.36495751 0.90976763
vn 0.24934161 -0.41020480 0.87724620
vn 0.36213660 -0.37799451 0.85204297
vn 0.40883601 -0.33548650 0.84870601
vn 0.36015689 -0.33158681 0.87197322
vn 0.45553121 -0.34472129 0.82076722
vn 0.50849903 -0.31517780 0.80130631
vn 0.45430991 -0.30300781 0.83772838
vn 0.52820122 -0.27089769 0.80474711
vn 0.41390011 -0.38011441 0.82716370
vn 0.39493030 -0.42432371 0.81484932
vn 0.31209531 -0.41351080 0.85533941
vn 0.26695779 -0.45409471 0.85001868
vn 0.31212410 -0.47148681 0.82479018
vn 0.04725456 -0.54044968 0.84004837
vn 0.02317541 -0.51539278 0.85664058
vn 0.01817703 -0.54531920 0.83803129
vn 0.22898790 -0.07061624 0.97086447
vn 0.27258891 -0.07227468 0.95941222
vn 0.25525740 -0.02332484 0.96659178
vn 0.19277470 -0.05180549 0.97987461
vn 0.21111441 -0.02018809 0.97725290
vn 0.14329059 -0.05824667 0.98796523
vn 0.17182051 -0.01948726 0.98493552
vn 0.12976950 -0.01254463 0.99146491
vn 0.28881511 -0.10849790 0.95121718
vn 0.32716021 -0.06639599 0.94263351
vn 0.23115841 -0.12087620 0.96537799
vn 0.07213777 -0.02990043 0.99694639
vn 0.10513010 -0.04671001 0.99336088
vn 0.16417930 -0.08761781 0.98253161
vn 0.20069800 -0.10112860 0.97441948
vn 0.08671438 -0.00534791 0.99621892
vn 0.03748804 -0.01219171 0.99922270
vn 0.15750000 -0.20456240 0.96609938
vn 0.21135551 -0.17671201 0.96130222
vn 0.17136151 -0.14365780 0.97467828
vn 0.12295000 -0.16722619 0.97822219
vn 0.11323460 -0.11969340 0.98633230
vn 0.02534788 -0.06483185 0.99757421
vn 0.06716704 -0.07002604 0.99528128
vn 0.02009612 -0.01871192 0.99962300
vn 0.01140737 -0.04744434 0.99880880
vn 0.01855427 -0.21995710 0.97533321
vn 0.02678442 -0.18775570 0.98185051
vn 0.02304363 -0.14995331 0.98842448
vn 0.39095581 -0.28666919 0.87462813
vn 0.32908800 -0.29179251 0.89808601
vn 0.36533350 -0.23750000 0.90006959
vn 0.31210500 -0.41351440 0.85533410
vn 0.30581149 -0.36898831 0.87768292
vn 0.26691911 -0.45410711 0.85002422
vn 0.35084921 -0.44056961 0.82631910
vn 0.30581459 -0.36898369 0.87768358
vn 0.28892329 -0.25449330 0.92290652
vn 0.16148330 -0.24252850 0.95661032
vn 0.15887640 -0.27951250 0.94690621
vn 0.23238440 -0.24947110 0.94008601
vn 0.22487959 -0.21153510 0.95114791
vn 0.29088670 -0.21039569 0.93333739
vn 0.27821860 -0.16882061 0.94556552
vn 0.19784319 -0.43637970 0.87774187
vn 0.14804760 -0.38170090 0.91235208
vn 0.13857560 -0.45432031 0.87999439
vn 0.28660271 -0.31660739 0.90422273
vn 0.16670071 -0.49929610 0.85024369
vn 0.04300922 -0.46481860 0.88436079
vn 0.01345962 -0.47149539 0.88176590
vn 0.02436321 -0.49938771 0.86603612
vn 0.21625259 -0.49218261 0.84320301
vn 0.13137510 -0.52190530 0.84282601
vn 0.08362203 -0.48481980 0.87060738
vn 0.09724330 -0.54792088 0.83085889
vn 0.09716397 -0.42372081 0.90056640
vn 0.01870399 -0.43401459 0.90071172
vn 0.09084457 -0.26508489 0.95993608
vn 0.10434890 -0.31676710 0.94274610
vn 0.04414421 -0.30439809 0.95152152
vn 0.32907391 -0.29179561 0.89809012
vn 0.28891951 -0.25449741 0.92290658
vn 0.21754540 -0.29493630 0.93042278
vn 0.15468679 -0.32450440 0.93315011
vn 0.09424895 -0.37078711 0.92392319
vn 0.04804754 -0.34194371 0.93849129
vn 0.03534269 -0.25091621 0.96736342
vn 0.01863467 -0.28826791 0.95736849
vn 0.02483415 -0.31728721 0.94800430
vn 0.02044570 -0.34052590 0.94001287
vn 0.09432590 -0.22421980 0.96996301
vn 0.25525731 -0.14583559 0.95581162
vn 0.63995212 -0.05881494 0.76616079
vn 0.64368170 -0.02921766 0.76473552
vn 0.60962701 -0.02558422 0.79227543
vn 0.59794140 -0.13295130 0.79043668
vn 0.61728638 -0.09184187 0.78135937
vn 0.57860333 -0.10241130 0.80915391
vn 0.54708481 -0.11242520 0.82949323
vn 0.57382119 -0.06429278 0.81645322
vn 0.51396602 -0.09182828 0.85288131
vn 0.53592497 -0.15400919 0.83009982
vn 0.58860111 -0.20827560 0.78113401
vn 0.58507830 -0.17219640 0.79248458
vn 0.54196149 -0.21627019 0.81209922
vn 0.29092401 -0.21041150 0.93332207
vn 0.34734201 -0.20846979 0.91427243
vn 0.46576360 -0.11720650 0.87711281
vn 0.47726870 -0.16075189 0.86392921
vn 0.57632410 -0.01555228 0.81707341
vn 0.53907538 -0.02602034 0.84185553
vn 0.64207482 -0.00447947 0.76662892
vn 0.50271761 -0.00870716 0.86440688
vn 0.49481481 -0.05478036 0.86727017
vn 0.46129760 -0.00845301 0.88720518
vn 0.45303810 -0.05257993 0.88993919
vn 0.42412680 -0.01792424 0.90542561
vn 0.50299269 -0.20574610 0.83944440
vn 0.30050880 -0.01800090 0.95360923
vn 0.30052111 -0.01800018 0.95360541
vn 0.32723799 -0.06640690 0.94260567
vn 0.34679291 -0.02219027 0.93767917
vn 0.39764181 -0.05602097 0.91582900
vn 0.38662010 -0.01507782 0.92211580
vn 0.42762771 -0.10791960 0.89748979
vn 0.42334321 -0.18017571 0.88787252
vn 0.46930191 -0.22500899 0.85388911
vn 0.49053460 -0.27608159 0.82653183
vn 0.39664510 -0.09725707 0.91280538
vn 0.38948321 -0.16321610 0.90645659
vn 0.42358050 -0.22444729 0.87761217
vn 0.37112409 -0.12531170 0.92008913
vn 0.43826431 -0.26749209 0.85812151
vn 0.34340599 -0.15570100 0.92619091
vn 0.32481509 -0.17391470 0.92964977
vn 0.36043999 -0.08172684 0.92919522
vn 0.31922519 -0.12389570 0.93954521
vn 0.31919959 -0.12391690 0.93955111
vn 0.34340411 -0.15569679 0.92619228
vn 0.32479081 -0.17389821 0.92966139
vn 0.02164489 -0.10051570 0.99470002
vn 0.07222145 -0.18091389 0.98084360
vn 0.04902637 -0.12415290 0.99105132
vn 0.09062963 -0.09110575 0.99170858
vn 0.28665471 -0.31662708 0.90419942
vn 0.28881291 -0.10849760 0.95121777
vn 0.64759201 -0.27863911 0.70921433
vn 0.69111431 -0.31964529 0.64821899
vn 0.67129302 -0.25734261 0.69508302
vn 0.69021749 -0.23413490 0.68467557
vn 0.72615129 -0.26530990 0.63428301
vn 0.73485613 -0.23157591 0.63746321
vn 0.75802892 -0.05244666 0.65010887
vn 0.77144933 -0.02209490 0.63590711
vn 0.76362610 -0.02227193 0.64527452
vn 0.75663310 -0.09601306 0.64675188
vn 0.75873578 -0.13158910 0.63796908
vn 0.69020653 -0.50507933 0.51817942
vn 0.67089182 -0.52696312 0.52174151
vn 0.65354431 -0.56637061 0.50209999
vn 0.62503618 -0.61353540 0.48260149
vn 0.59840697 -0.63076758 0.49400550
vn 0.57820272 -0.67048937 0.46489331
vn 0.41885591 -0.80869043 0.41301301
vn 0.37043720 -0.83537447 0.40611062
vn 0.34372210 -0.85453188 0.38939750
vn 0.30904099 -0.85445321 0.41761640
vn 0.28807819 -0.87636942 0.38598910
vn 0.24618430 -0.88259018 0.40053460
vn 0.22415049 -0.89578187 0.38383761
vn 0.18155170 -0.90411049 0.38681161
vn 0.12542780 -0.90361679 0.40956649
vn 0.11449420 -0.92453211 0.36349919
vn 0.07609486 -0.92430478 0.37399229
vn 0.04217565 -0.93052203 0.36379960
vn 0.04077041 -0.87772161 0.47743329
vn 0.01556819 -0.88004899 0.47462779
vn 0.01858979 -0.89903742 0.43747699
vn 0.03553265 -0.72397822 0.68890721
vn 0.01800894 -0.73961318 0.67279112
vn 0.01850926 -0.75296098 0.65780491
vn 0.03259539 -0.66730923 0.74406731
vn 0.01737618 -0.64013141 0.76806891
vn 0.01327425 -0.68418318 0.72918928
vn 0.02601760 -0.56863928 0.82217550
vn 0.02585756 -0.59133118 0.80601418
vn 0.05036532 -0.60298288 0.79616278
vn 0.01740765 -0.64007682 0.76811379
vn 0.45298120 -0.41129911 0.79097491
vn 0.49492019 -0.36155891 0.79014510
vn 0.59079701 -0.24704680 0.76806700
vn 0.64457577 -0.15797460 0.74804151
vn 0.66626102 -0.09995818 0.73898900
vn 0.66846287 -0.02127826 0.74344111
vn 0.64675337 -0.01087415 0.76262170
vn 0.08421260 -0.88536572 0.45720419
vn 0.12502740 -0.85055703 0.51080441
vn 0.17284350 -0.88549262 0.43130979
vn 0.04172325 -0.91182440 0.40845519
vn 0.17024080 -0.84231472 0.51139432
vn 0.21840750 -0.86522597 0.45131171
vn 0.21132670 -0.82991898 0.51630950
vn 0.26687440 -0.84705007 0.45965689
vn 0.07776290 -0.83139533 0.55021358
vn 0.25239340 -0.80772960 0.53279501
vn 0.29706460 -0.81005752 0.50552893
vn 0.33734891 -0.82232750 0.45822850
vn 0.34678671 -0.79172093 0.50290871
vn 0.46528131 -0.72769761 0.50395399
vn 0.44667619 -0.69916141 0.55825949
vn 0.40928090 -0.72311491 0.55641192
vn 0.42316809 -0.75736260 0.49732351
vn 0.37295750 -0.74286628 0.55592489
vn 0.38910261 -0.78158528 0.48756921
vn 0.03816044 -0.82950580 0.55719310
vn 0.01984280 -0.86021680 0.50954229
vn 0.49665061 -0.70495981 0.50633001
vn 0.48168820 -0.67367083 0.56048572
vn 0.44976661 -0.76925248 0.45382911
vn 0.51877731 -0.65425581 0.55029029
vn 0.53596318 -0.67919493 0.50143558
vn 0.56379211 -0.64878643 0.51109183
vn 0.49872640 -0.73839998 0.45391360
vn 0.53739679 -0.70715010 0.45950350
vn 0.61904103 -0.58530909 0.52364260
vn 0.57418001 -0.58543217 0.57235187
vn 0.56379080 -0.64876968 0.51111430
vn 0.57816541 -0.67050970 0.46491030
vn 0.53452247 -0.72334790 0.43709680
vn 0.49910250 -0.75011993 0.43383971
vn 0.02760434 -0.92894840 0.36917880
vn 0.02374148 -0.92136657 0.38796890
vn 0.46484119 -0.77500123 0.42813090
vn 0.40144011 -0.80440301 0.43792888
vn 0.59212673 -0.53618878 0.60157102
vn 0.07288944 -0.76978833 0.63412410
vn 0.11800340 -0.79073417 0.60067838
vn 0.11271600 -0.73529631 0.66830713
vn 0.15689960 -0.75506687 0.63659757
vn 0.46420789 -0.63360470 0.61891538
vn 0.50144178 -0.61781621 0.60568911
vn 0.48108551 -0.57552612 0.66130662
vn 0.52372593 -0.56878132 0.63419157
vn 0.54622662 -0.53185117 0.64712512
vn 0.35407120 -0.68851888 0.63291031
vn 0.31137440 -0.69216353 0.65111870
vn 0.32553411 -0.74478888 0.58250922
vn 0.27355999 -0.70918483 0.64978600
vn 0.28838649 -0.75962538 0.58292597
vn 0.23457059 -0.72140038 0.65158129
vn 0.24445280 -0.76569372 0.59494191
vn 0.19563399 -0.73270500 0.65182108
vn 0.20426080 -0.78481471 0.58510143
vn 0.65932232 -0.43884170 0.61050171
vn 0.62095052 -0.44447151 0.64565140
vn 0.64837581 -0.49157020 0.58134991
vn 0.60988247 -0.49482581 0.61902392
vn 0.54145157 -0.60907579 0.57953161
vn 0.16282991 -0.80185002 0.57491130
vn 0.03836762 -0.77462119 0.63126057
vn 0.01791983 -0.78585672 0.61814898
vn 0.01392740 -0.82707739 0.56191552
vn 0.48169011 -0.67365748 0.56050009
vn 0.46420279 -0.63363880 0.61888421
vn 0.43070009 -0.65779561 0.61790168
vn 0.39585590 -0.68171817 0.61527097
vn 0.71056372 -0.29520351 0.63871300
vn 0.51877677 -0.65425098 0.55029643
vn 0.69980967 -0.42859361 0.57146639
vn 0.67667460 -0.39707711 0.62003350
vn 0.67394698 -0.34440821 0.65358889
vn 0.71152061 -0.38388219 0.58853459
vn 0.63862592 -0.54677510 0.54147393
vn 0.68665212 -0.47882491 0.54702443
vn 0.73989022 -0.30874321 0.59769571
vn 0.59839398 -0.63079578 0.49398509
vn 0.71038878 -0.44307700 0.54683691
vn 0.72223812 -0.34792080 0.59776521
vn 0.72531122 -0.39457059 0.56412572
vn 0.74318570 -0.33630511 0.57842368
vn 0.75102818 -0.25962639 0.60708398
vn 0.74093670 -0.15873420 0.65254599
vn 0.75637722 -0.18996450 0.62594497
vn 0.73737282 -0.19702330 0.64611399
vn 0.69478607 -0.20065171 0.69065988
vn 0.72544080 -0.11612290 0.67841810
vn 0.62292391 -0.32453591 0.71178812
vn 0.55841368 -0.31483671 0.76749742
vn 0.57205790 -0.35500100 0.73940802
vn 0.58748889 -0.28468761 0.75750238
vn 0.63749403 -0.20591199 0.74242967
vn 0.70770812 -0.03416234 0.70567858
vn 0.71024442 -0.00590598 0.70393050
vn 0.68502712 -0.05980038 0.72605920
vn 0.70354301 -0.13164760 0.69835258
vn 0.66323793 -0.13647591 0.73585987
vn 0.71741283 -0.08390271 0.69157738
vn 0.70101190 -0.17062420 0.69243753
vn 0.10040420 -0.61812478 0.77964163
vn 0.13415959 -0.58546770 0.79951793
vn 0.21080519 -0.61090708 0.76312113
vn 0.17100890 -0.56028092 0.81045753
vn 0.17699300 -0.62028807 0.76414418
vn 0.14159641 -0.64376581 0.75200808
vn 0.06808733 -0.65506327 0.75250000
vn 0.03259986 -0.66726857 0.74410337
vn 0.74161559 -0.00769287 0.67078108
vn 0.73964649 -0.04145503 0.67171770
vn 0.62407827 -0.38904601 0.67762059
vn 0.59152287 -0.40554851 0.69687229
vn 0.47348151 -0.47909451 0.73911017
vn 0.49221289 -0.43790501 0.75230700
vn 0.43396661 -0.47599080 0.76492220
vn 0.35389081 -0.51348507 0.78172523
vn 0.39387429 -0.48247650 0.78235513
vn 0.28068051 -0.52008009 0.80668157
vn 0.31209710 -0.47150111 0.82479221
vn 0.54274350 -0.39027429 0.74371737
vn 0.52276128 -0.42685920 0.73791051
vn 0.14159760 -0.64390212 0.75189108
vn 0.10040420 -0.61821181 0.77957249
vn 0.10698360 -0.67886639 0.72642613
vn 0.06811559 -0.65511167 0.75245529
vn 0.35872611 -0.57956678 0.73172247
vn 0.31659779 -0.56747121 0.76009363
vn 0.33163509 -0.62706453 0.70484632
vn 0.33160400 -0.62712347 0.70480841
vn 0.31659409 -0.56749249 0.76007938
vn 0.27980781 -0.58431357 0.76176453
vn 0.29802409 -0.64122158 0.70711857
vn 0.24860540 -0.59781992 0.76210678
vn 0.26012281 -0.65539509 0.70907933
vn 0.21080290 -0.61091489 0.76311553
vn 0.22272120 -0.66784108 0.71019971
vn 0.17699590 -0.62029338 0.76413917
vn 0.18626291 -0.67775750 0.71130228
vn 0.01987493 -0.70451838 0.70940733
vn 0.14901310 -0.70098293 0.69743681
vn 0.06981635 -0.71223360 0.69846201
vn 0.44387999 -0.58846670 0.67577928
vn 0.39248609 -0.55869901 0.73062313
vn 0.41160810 -0.61098450 0.67622250
vn 0.37780821 -0.63191622 0.67671472
vn 0.52054179 -0.48770401 0.70084310
vn 0.21986111 -0.54581022 0.80854970
vn 0.57539010 -0.44404191 0.68684292
vn 0.49962279 -0.52676028 0.68767768
vn 0.45804369 -0.52895701 0.71442330
vn 0.42026991 -0.53830040 0.73048341
vn 0.28072330 -0.52009499 0.80665702
vn 0.64835328 -0.37441871 0.66290921
vn 0.01380777 -0.72470301 0.68892312
vn 0.37780839 -0.63193059 0.67670119
vn 0.55961227 -0.48128501 0.67468423
vn 0.24860109 -0.59777123 0.76214641
vn 0.27978530 -0.58427280 0.76180422
vn 0.27980581 -0.58426613 0.76180178
vn 0.43070230 -0.65776718 0.61793029
vn 0.41160569 -0.61100638 0.67620421
vn 0.65976238 0.00736618 0.75143820
vn 0.66008413 0.01444423 0.75105292
vn 0.62054932 0.01444470 0.78403461
vn 0.65999192 0.02155947 0.75096327
vn 0.62045950 0.02155977 0.78394222
vn 0.04514473 0.02278625 -0.99872059
vn 0.02596825 0.03005790 -0.99921077
vn 0.05207854 0.02947318 -0.99820799
vn 0.05440843 0.03656423 0.99784923
vn 0.02781260 0.03391504 0.99903768
vn 0.03249543 0.03165102 0.99897063
vn 0.02551949 0.03845006 -0.99893463
vn 0.05678194 0.03901928 -0.99762392
vn 0.05440443 0.03601968 -0.99786907
vn 0.62075943 0.00684249 0.78397131
vn 0.57937771 0.00708592 0.81502843
vn 0.53286171 0.00723034 0.84617150
vn 0.46842191 0.00752056 0.88347292
vn 0.40369621 0.00728881 0.91486418
vn 0.35279509 0.00709587 0.93567371
vn 0.30401111 0.00700086 0.95264280
vn 0.30396211 0.00699800 0.95265847
vn 0.25019929 0.00698149 0.96816927
vn 0.17778890 0.00748229 0.98404032
vn 0.10645650 0.00778508 0.99428690
vn 0.05175560 0.00784928 0.99862897
vn 0.02719819 0.00653291 0.99960870
vn 0.03271234 0.00255466 0.99946159
vn 0.05385875 0.01847088 -0.99837780
vn 0.02992928 0.01857864 -0.99937940
vn 0.02687358 0.02139544 -0.99940991
vn 0.05122447 0.02185839 -0.99844801
vn 0.10288620 0.02210736 -0.99444753
vn 0.10386900 0.01856803 -0.99441773
vn 0.15010440 0.01910054 -0.98848569
vn 0.15395760 0.02186340 -0.98783553
vn 0.20418820 0.02211946 -0.97868180
vn 0.20586149 0.01875227 -0.97840160
vn 0.25438079 0.02284747 -0.96683431
vn 0.27241871 0.01791894 -0.96201187
vn 0.30920139 0.02320069 -0.95071352
vn 0.34360990 0.02040195 -0.93889082
vn 0.73404348 0.02878111 -0.67849231
vn 0.70574242 0.02400273 -0.70806187
vn 0.69719148 0.02889519 -0.71630228
vn 0.80189681 0.02796262 -0.59680802
vn 0.77147561 0.02327322 -0.63583332
vn 0.76699829 0.02914494 -0.64098692
vn 0.82509142 0.03265202 -0.56405503
vn 0.83331621 0.02465355 -0.55224657
vn 0.85683608 0.03243541 -0.51456761
vn 0.88182658 0.03201782 -0.47048569
vn 0.87752491 0.02649843 -0.47879860
vn 0.92546809 0.03270423 -0.37741131
vn 0.91353011 0.02672636 -0.40589240
vn 0.90483707 0.03167599 -0.42457810
vn 0.94373572 0.03262096 -0.32908791
vn 0.95942318 0.03262442 -0.28007680
vn 0.94938981 0.02622193 -0.31300420
vn 0.98430210 0.03265196 -0.17344549
vn 0.97612852 0.02659469 -0.21555960
vn 0.97242570 0.03178703 -0.23103669
vn 0.99121332 0.02728182 -0.12942991
vn 0.99584567 0.03211611 -0.08520513
vn 0.99832499 0.02714341 -0.05109268
vn 0.99918962 0.02719634 0.02967768
vn 0.99931627 0.03185009 -0.01878166
vn 0.99918890 0.02719902 0.02969557
vn 0.99710339 0.03280115 0.06862139
vn 0.99358583 0.02713054 0.10977890
vn 0.99038392 0.03193682 0.13461021
vn 0.98297542 0.02787578 0.18161050
vn 0.97479153 0.03194916 0.22081880
vn 0.96939749 0.02726167 0.24397820
vn 0.96017808 0.03296220 0.27743751
vn 0.94496739 0.03265297 0.32553101
vn 0.94793558 0.02646470 0.31736079
vn 0.92682677 0.03185302 0.37413561
vn 0.91666341 0.02635604 0.39879021
vn 0.90606260 0.03316563 0.42184201
vn 0.88082570 0.02616697 0.47271699
vn 0.88337600 0.03212904 0.46756271
vn 0.85403699 0.03163862 0.51924932
vn 0.84076518 0.02483326 0.54083008
vn 0.81121290 0.02921026 0.58402091
vn 0.79716730 0.02584522 0.60320520
vn 0.75267971 0.02950721 0.65772539
vn 0.75535810 0.02349424 0.65489101
vn 0.73034543 0.02088290 0.68275869
vn 0.74054718 0.01449108 0.67184812
vn 0.75241601 0.00896341 0.65862721
vn 0.73588872 0.00666159 0.67706972
vn 0.75665307 0.00367916 0.65380621
vn 0.12871310 0.03558516 -0.99104333
vn 0.13618051 0.03954160 -0.98989463
vn 0.22510020 0.03575885 -0.97367918
vn 0.22964109 0.03826391 -0.97252297
vn 0.32359260 0.03519451 -0.94554192
vn 0.30479771 0.03879880 -0.95162648
vn 0.32363361 0.03519433 -0.94552767
vn 0.30480951 0.03880321 -0.95162260
vn 0.38338330 0.04126179 -0.92266720
vn 0.41667801 0.03483313 -0.90838659
vn 0.47436351 0.04085898 -0.87938052
vn 0.49091139 0.03551453 -0.87048543
vn 0.55795389 0.03601056 -0.82909030
vn 0.56159592 0.03964591 -0.82646131
vn 0.63667309 0.03575855 -0.77030438
vn 0.64358890 0.03964686 -0.76434398
vn 0.71250320 0.03575855 -0.70075721
vn 0.71876842 0.03964734 -0.69411820
vn 0.77974307 0.03628796 -0.62504703
vn 0.78654659 0.03928947 -0.61627990
vn 0.84557062 0.03873163 -0.53245688
vn 0.89582109 0.03877949 -0.44271979
vn 0.93660498 0.03882473 -0.34822950
vn 0.96743947 0.03885358 -0.25010249
vn 0.98802727 0.03894793 -0.14928190
vn 0.99216592 0.03825592 -0.11892600
vn 0.99807757 0.03973722 -0.04756164
vn 0.99908191 0.03669673 0.02210867
vn 0.99759918 0.03979814 0.05667418
vn 0.99908072 0.03669965 0.02215629
vn 0.99759787 0.03980046 0.05669683
vn 0.98663431 0.03895586 0.15822540
vn 0.98137492 0.03826224 0.18825360
vn 0.96512431 0.03890639 0.25888491
vn 0.93519270 0.03814363 0.35207921
vn 0.90413570 0.03789669 0.42556161
vn 0.86813158 0.03757637 0.49490991
vn 0.81622112 0.03572326 0.57663441
vn 0.82851332 0.03884083 0.55862093
vn 0.77874893 0.04126137 0.62597740
vn 0.75578058 0.03437471 0.65392220
vn 0.02573758 0.03764438 0.99895978
vn 0.05439287 0.03811395 0.99779201
vn 0.12878831 0.03911292 0.99090052
vn 0.13153391 0.03594511 0.99065977
vn 0.22422390 0.04086005 0.97368067
vn 0.20591301 0.03551775 0.97792548
vn 0.28666851 0.03479802 0.95739770
vn 0.32398441 0.04190444 0.94513410
vn 0.32402390 0.04190087 0.94512057
vn 0.28668490 0.03479218 0.95739287
vn 0.38069990 0.03465652 0.92404908
vn 0.41943550 0.04186838 0.90681922
vn 0.47369459 0.03465574 0.88000709
vn 0.50787240 0.04126316 0.86044347
vn 0.56201828 0.03515523 0.82637739
vn 0.57819551 0.03884321 0.81497312
vn 0.64002168 0.03826332 0.76740372
vn 0.64011460 0.03600931 0.76743519
vn 0.71177077 0.04085659 0.70122260
vn 0.02981156 0.03293526 -0.99901289
vn 0.10235220 0.02860707 -0.99433678
vn 0.15425649 0.02864986 -0.98761553
vn 0.20403880 0.02860653 -0.97854477
vn 0.25498709 0.02865040 -0.96652001
vn 0.30358520 0.02860027 -0.95237488
vn 0.30359310 0.02859920 -0.95237249
vn 0.35316292 0.02836257 -0.93513191
vn 0.39988390 0.02813041 -0.91613412
vn 0.44713229 0.02793264 -0.89403170
vn 0.49245510 0.02862358 -0.86986721
vn 0.53609842 0.02842026 -0.84367698
vn 0.57951909 0.02853286 -0.81445908
vn 0.62000698 0.02854436 -0.78407693
vn 0.66020441 0.02862280 -0.75054038
vn 0.99710530 0.03279829 0.06859576
vn 0.65709728 0.02476316 -0.75339907
vn 0.61720312 0.02471852 -0.78641558
vn 0.57540351 0.02464514 -0.81749833
vn 0.53305757 0.02447062 -0.84572500
vn 0.48920101 0.02414000 -0.87183702
vn 0.44365192 0.02395695 -0.89587897
vn 0.39758471 0.02380609 -0.91725671
vn 0.34359780 0.02039873 -0.93889540
vn 0.30920950 0.02320230 -0.95071089
vn 0.66021049 0.02860748 0.75053561
vn 0.62001008 0.02864980 0.78407061
vn 0.57953447 0.02860611 0.81444562
vn 0.53611141 0.02865004 0.84366101
vn 0.49272171 0.02860659 0.86971682
vn 0.44652340 0.02865046 0.89431322
vn 0.40069509 0.02860814 0.91576481
vn 0.35219681 0.02865076 0.93548727
vn 0.30439439 0.02860045 0.95211661
vn 0.30436361 0.02860116 0.95212650
vn 0.25434229 0.02835625 0.96669853
vn 0.20427141 0.02893626 0.97848660
vn 0.15424560 0.02860546 0.98761839
vn 0.10253930 0.02835524 0.99432480
vn 0.05237185 0.02840989 0.99822348
vn 0.02950608 0.02551454 0.99923891
vn 0.05189174 0.02203220 0.99840981
vn 0.10279720 0.02156031 0.99446869
vn 0.15386000 0.02156072 0.98785740
vn 0.20448640 0.02155888 0.97863197
vn 0.25460550 0.02155834 0.96680468
vn 0.30401930 0.02160090 0.95242101
vn 0.30399990 0.02160608 0.95242703
vn 0.35265869 0.02155959 0.93550360
vn 0.40036380 0.02156037 0.91610271
vn 0.44700119 0.02156162 0.89427358
vn 0.49243239 0.02156066 0.87008357
vn 0.53657043 0.02156007 0.84358013
vn 0.57928658 0.02156072 0.81483883
vn 0.57935452 0.01444447 0.81494778
vn 0.53664482 0.01444590 0.84368461
vn 0.49273020 0.01480007 0.87005627
vn 0.44660330 0.01447027 0.89461511
vn 0.40062451 0.01412695 0.91613352
vn 0.35271040 0.01444584 0.93562108
vn 0.30413240 0.01440024 0.95252103
vn 0.30408841 0.01440095 0.95253497
vn 0.25465021 0.01444512 0.96692550
vn 0.20478670 0.01479971 0.97869468
vn 0.15338750 0.01447147 0.98806018
vn 0.10304650 0.01412838 0.99457628
vn 0.05190461 0.01491528 0.99854058
vn 0.02729660 0.02072799 0.99941248
vn 0.02993166 0.01815140 0.99938721
vn 0.02729552 0.01360762 0.99953479
vn 0.02989500 0.01103401 0.99949223
vn 0.67051572 0.00402260 0.74188453
vn 0.69417751 0.00377047 0.71979397
vn 0.69888687 0.00808161 0.71518648
vn 0.69791538 0.01433902 0.71603662
vn 0.69778162 0.02156126 0.71598607
vn 0.70032531 0.02913683 0.71322900
vn 0.69870228 0.03531646 0.71454030
vn 0.04151231 -0.99913800 0.00017110
vn 0.00060607 -0.99999982 0.00009706
vn 0.02610182 -0.99965942 0.00024047
vn 0.00198931 -0.99999791 0.00069635
vn 0.00000000 -1.00000000 0.00000000
vn 0.00000000 -1.00000000 -0.00000041
vn 0.00000000 -1.00000000 0.00000017
vn 0.00000000 -1.00000000 0.00000028
vn 0.00000000 -1.00000000 0.00000044
vn 0.00000000 -1.00000000 -0.00000055
vn 0.00033100 -1.00000000 0.00005527
vn 0.00188923 -0.99999797 0.00069609
vn 0.00000000 -1.00000000 -0.00000015
vn 0.00000000 -1.00000000 0.00000037
vn 0.44020450 -0.89789748 -0.00036050
vn 0.49188590 -0.87065971 -0.00017691
vn 0.47768140 -0.87853313 0.00019454
vn 0.41513920 -0.90975791 0.00042970
vn 0.33306441 -0.94290412 0.00036101
vn 0.36271250 -0.93190098 -0.00033023
vn 0.29542190 -0.95536691 -0.00024284
vn 0.25925961 -0.96580768 0.00026965
vn 0.18842471 -0.98208761 0.00030897
vn 0.22875901 -0.97348303 -0.00031008
vn 0.15700720 -0.98759752 -0.00022801
vn 0.11598820 -0.99325061 0.00031514
vn 0.07101750 -0.99747521 -0.00006450
vn 0.10760800 -0.99419349 0.00002219
vn 0.50055838 -0.86570281 0.00005804
vn 0.49998650 -0.86603320 -0.00000041
vn 0.49995521 -0.86605132 -0.00000079
vn 0.50006467 -0.86598808 0.00001729
vn 0.49987081 -0.86610001 -0.00003142
vn 0.49968830 -0.86620527 -0.00007800
vn 0.49986419 -0.86610383 -0.00001912
vn 0.50017881 -0.86592221 0.00009656
vn 0.49992999 -0.86606592 -0.00002692
vn 0.50020099 -0.86590928 0.00009618
vn 0.49998781 -0.86603260 -0.00001895
vn 0.49998811 -0.86603230 -0.00000925
vn 0.50002682 -0.86601001 0.00003618
vn 0.50008661 -0.86597550 0.00006705
vn 0.49992210 -0.86607051 -0.00005487
vn 0.49997500 -0.86603987 -0.00009590
vn 0.50000387 -0.86602318 0.00001955
vn 0.49998501 -0.86603397 -0.00002533
vn 0.49997789 -0.86603832 -0.00003410
vn 0.50001568 -0.86601633 0.00008587
vn 0.49986419 -0.86610383 -0.00023593
vn 0.49989611 -0.86608541 -0.00017550
vn 0.50000822 -0.86602068 0.00003350
vn 0.50001472 -0.86601692 0.00004634
vn 0.50008100 -0.86597872 0.00009292
vn 0.50011009 -0.86596191 0.00013515
vn 0.50014317 -0.86594272 0.00016279
vn 0.00000341 -0.00003463 -1.00000000
vn -0.00011066 -0.00001234 -1.00000000
vn 0.00008301 -0.00001617 -1.00000000
vn 0.00098535 0.00010788 -0.99999958
vn -0.00011435 -0.00001081 -1.00000000
vn -0.00011539 -0.00001123 -1.00000000
vn -0.00000016 0.00000000 -1.00000000
vn -0.00000187 0.00000068 -1.00000000
vn 0.00001200 0.00000167 -1.00000000
vn 0.00020590 0.00000069 -1.00000000
vn -0.00055525 -0.00009397 -0.99999988
vn -0.00028504 -0.00003690 -1.00000000
vn -0.00061426 -0.00010187 -0.99999988
vn 0.00005015 -0.00000710 -1.00000000
vn -0.00004037 -0.00002300 -1.00000000
vn 0.00055657 0.00007669 -1.00000000
vn 0.00022856 0.00000587 -1.00000000
vn -0.00014852 -0.00007743 -1.00000000
vn -0.00065683 -0.00034677 -0.99999982
vn 0.00022579 0.00002768 -1.00000000
vn 0.00000191 -0.00000894 -1.00000000
vn -0.00048114 -0.00013900 -0.99999988
vn -0.00027439 -0.00000690 -1.00000000
vn -0.00027439 -0.00000690 -1.00000000
vn -0.00025318 -0.00011632 -1.00000000
vn -0.00015591 -0.00001343 -1.00000000
vn 0.00077983 0.00019544 -0.99999982
vn 0.00045461 0.00011272 -0.99999988
vn -0.00016571 -0.00004752 -1.00000000
vn -0.00012315 -0.00006425 -1.00000000
vn 0.00000299 -0.00000375 -1.00000000
vn -0.00013925 -0.00001498 -1.00000000
vn -0.00008021 -0.00003411 -1.00000000
vn 0.00021294 0.00013973 -1.00000000
vn 0.00016612 -0.00001868 -1.00000000
vn -0.00004862 -0.00012722 -1.00000000
vn 0.00137132 0.00068074 -0.99999893
vn 0.00139755 0.00079790 -0.99999881
vn -0.00011438 -0.00012946 -1.00000000
vn -0.00000197 0.00000216 -1.00000000
vn -0.00051458 -0.00025890 -0.99999982
vn 0.00007259 -0.00000684 -1.00000000
vn -0.00092780 -0.00034075 -0.99999952
vn -0.00014141 -0.00007424 -1.00000000
vn 0.00007901 0.00002592 -1.00000000
vn -0.00013747 -0.00006215 -1.00000000
vn 0.00031451 0.00010489 -1.00000000
vn -0.00021445 -0.00012122 -1.00000000
vn 0.00008592 0.00003868 -1.00000000
vn -0.00034465 -0.00017208 -1.00000000
vn 0.00000607 -0.00000000 -1.00000000
vn -0.00000358 0.00000537 -1.00000000
vn -0.00025796 -0.00015552 -1.00000000
vn -0.00002280 0.00001927 -1.00000000
vn 0.00098792 -0.00078928 -0.99999929
vn 0.00000000 -0.00000000 -1.00000000
vn -0.00030326 0.00018419 -1.00000000
vn -0.00030326 0.00018419 -1.00000000
vn -0.00058917 0.00035986 -0.99999982
vn 0.00025955 -0.00018892 -1.00000000
vn -0.00014606 0.00006660 -1.00000000
vn 0.00012440 0.00000080 -1.00000000
vn -0.00005512 -0.00000035 -1.00000000
vn -0.00001031 0.00010174 -1.00000000
vn 0.00011273 -0.00000379 -1.00000000
vn 0.00012962 -0.00011082 -1.00000000
vn -0.00010435 0.00010555 -1.00000000
vn -0.00002191 -0.00008937 -1.00000000
vn 0.00145358 -0.00051731 -0.99999893
vn 0.00007148 -0.00012002 -1.00000000
vn -0.00015646 0.00013772 -1.00000000
vn -0.00050046 0.00031583 -0.99999988
vn 0.00006801 -0.00011737 -1.00000000
vn -0.00054223 0.00034730 -0.99999988
vn 0.00125110 -0.00101662 -0.99999869
vn 0.00002263 -0.00001986 -1.00000000
vn 0.00011653 -0.00007109 -1.00000000
vn -0.00004792 -0.00000066 -1.00000000
vn -0.00124180 0.00010366 -0.99999929
vn 0.00002983 -0.00000215 -1.00000000
vn -0.00121224 0.00010094 -0.99999940
vn -0.00154894 0.00010539 -0.99999881
vn 0.00050033 -0.00010040 -1.00000000
vn -0.00011455 0.00000307 -1.00000000
vn 0.00021091 -0.00007889 -1.00000000
vn 0.00006854 -0.00005202 -1.00000000
vn 0.00016917 0.00001929 -1.00000000
vn 0.00068971 -0.00022560 -0.99999982
vn 0.00022070 -0.00012638 -1.00000000
vn -0.00146276 0.00009550 -0.99999899
vn 0.00010833 -0.00008966 -1.00000000
vn 0.00013681 -0.00009289 -1.00000000
vn 0.00070925 -0.00015082 -0.99999982
vn 0.00117534 -0.00026285 -0.99999929
vn -0.00012549 0.00004559 -1.00000000
vn 0.00126183 -0.00048704 -0.99999911
vn -0.00005380 0.00001521 -1.00000000
vn 0.00001491 -0.00001441 -1.00000000
vn -0.51811582 -0.42157841 0.74419600
vn -0.53685617 -0.39495721 0.74551612
vn -0.01363402 -0.92900288 0.36982131
vn -0.02543181 -0.93031919 0.36586821
vn -0.08480530 -0.93040693 0.35658261
vn -0.07767182 -0.90822089 0.41122010
vn -0.12357500 -0.91336560 0.38793370
vn -0.17551400 -0.91462129 0.36422920
vn -0.75968081 -0.01889973 0.65002137
vn -0.76637358 -0.02155458 0.64203340
vn -0.75428498 -0.04739141 0.65483451
vn -0.75959313 -0.01889574 0.65012407
vn -0.75406170 -0.04768991 0.65507001
vn -0.73733068 -0.04418253 0.67408562
vn -0.72273087 -0.01509654 0.69096470
vn -0.70077539 -0.03766536 0.71238702
vn -0.67118508 -0.03126722 0.74063009
vn -0.68755788 -0.01715111 0.72592711
vn -0.66218370 -0.01517057 0.74918801
vn -0.64175808 -0.11850320 0.75769621
vn -0.63681918 -0.16423170 0.75331903
vn -0.54064822 -0.31484070 0.78011209
vn -0.41036260 -0.43081400 0.80374241
vn -0.16628000 -0.53823322 0.82623011
vn -0.01792466 -0.61732137 0.78650701
vn -0.02812170 -0.58966953 0.80715501
vn -0.03150385 -0.64087713 0.76699680
vn -0.01509374 -0.64894682 0.76068419
vn -0.01509755 -0.64901018 0.76063001
vn -0.03149151 -0.64088911 0.76698732
vn -0.03319615 -0.70516717 0.70826358
vn -0.01225364 -0.69992143 0.71411490
vn -0.01763617 -0.73936433 0.67307460
vn -0.03697168 -0.76662141 0.64103413
vn -0.01573133 -0.78043002 0.62504518
vn -0.03854489 -0.81364298 0.58008569
vn -0.01522719 -0.81048602 0.58556020
vn -0.02057385 -0.83041740 0.55676168
vn -0.03861671 -0.85878462 0.51087928
vn -0.01745116 -0.84487700 0.53467608
vn -0.01661503 -0.86763322 0.49692720
vn -0.01442569 -0.89928538 0.43712449
vn -0.03289365 -0.90117568 0.43220419
vn -0.21527199 -0.86315322 0.45675451
vn -0.21218070 -0.89649081 0.38895211
vn -0.17087750 -0.87013441 0.46224129
vn -0.25909910 -0.84103447 0.47489861
vn -0.26818880 -0.86826980 0.41735190
vn -0.16324110 -0.90331328 0.39670819
vn -0.31060299 -0.82602251 0.47033241
vn -0.30487061 -0.85886103 0.41159669
vn -0.34293130 -0.83895028 0.42256421
vn -0.38592541 -0.82105291 0.42063510
vn -0.35352731 -0.80671477 0.47352901
vn -0.42456841 -0.80251038 0.41918841
vn -0.38995549 -0.78656411 0.47880250
vn -0.48717791 -0.74837130 0.45010909
vn -0.45955321 -0.77878702 0.42696810
vn -0.43328989 -0.75918192 0.48569819
vn -0.47602171 -0.71839112 0.50726497
vn -0.52737528 -0.70358938 0.47627449
vn -0.59430653 -0.61822909 0.51438570
vn -0.58578157 -0.65970832 0.47079179
vn -0.56331593 -0.66220802 0.49412140
vn -0.59430700 -0.61820811 0.51441038
vn -0.61675561 -0.58005852 0.53211337
vn -0.62131357 -0.61200112 0.48930991
vn -0.70602381 -0.26542631 0.65656620
vn -0.69759703 -0.21427290 0.68370003
vn -0.73449433 -0.23221991 0.63764572
vn -0.71188372 -0.17869469 0.67918330
vn -0.66597319 -0.29260609 0.68619353
vn -0.70626622 -0.31148651 0.63573921
vn -0.74210411 -0.19855560 0.64020091
vn -0.70954210 -0.14043520 0.69052732
vn -0.74599612 -0.16759311 0.64451730
vn -0.75009662 -0.09117937 0.65501249
vn -0.74335730 -0.12369550 0.65735787
vn -0.72174883 -0.09442895 0.68568361
vn -0.74538583 -0.32330859 0.58298510
vn -0.72720569 -0.39611039 0.56059653
vn -0.71522617 -0.37138960 0.59204841
vn -0.69994098 -0.42173401 0.57638800
vn -0.71517670 -0.37139639 0.59210390
vn -0.72719842 -0.39610431 0.56061041
vn -0.72771162 -0.33730039 0.59721380
vn -0.67392308 -0.39455190 0.62462521
vn -0.74183857 -0.28501341 0.60699499
vn -0.74538940 -0.32329801 0.58298641
vn -0.72766632 -0.33728620 0.59727699
vn -0.68591458 -0.34760329 0.63929123
vn -0.64848453 -0.36589810 0.66752261
vn -0.64647877 -0.31622911 0.69430858
vn -0.74541259 -0.32324660 0.58298528
vn -0.74182689 -0.28501231 0.60700983
vn -0.75200051 -0.24880581 0.61040240
vn -0.74602097 -0.16761731 0.64448208
vn -0.75880742 -0.14790329 0.63429970
vn -0.75567663 -0.20728490 0.62127757
vn -0.75567597 -0.20728341 0.62127882
vn -0.75199890 -0.24879239 0.61040980
vn -0.56871802 -0.37865731 0.73019081
vn -0.68277937 -0.51131880 0.52188653
vn -0.64828062 -0.57828820 0.49529299
vn -0.65151888 -0.55381048 0.51847571
vn -0.65149891 -0.55380231 0.51850969
vn -0.64828563 -0.57828587 0.49528900
vn -0.62911987 -0.52478450 0.57341898
vn -0.59537381 -0.54784560 0.58770353
vn -0.60390472 -0.48648179 0.63137519
vn -0.57427251 -0.51012462 0.64029992
vn -0.57416463 -0.44359559 0.68815547
vn -0.55121422 -0.47081000 0.68884033
vn -0.70512521 -0.45894620 0.54052472
vn -0.68282777 -0.51121271 0.52192712
vn -0.68238473 -0.47057271 0.55938578
vn -0.66295290 -0.50595391 0.55181891
vn -0.66033858 -0.44191662 0.60717601
vn -0.63839352 -0.46843240 0.61075771
vn -0.62857550 -0.40201840 0.66578841
vn -0.60789830 -0.42887741 0.66822428
vn -0.60126472 -0.34449831 0.72097278
vn -0.72720933 -0.39608291 0.56061131
vn -0.70514029 -0.45891920 0.54052788
vn -0.69991851 -0.42170790 0.57643431
vn -0.65922928 -0.19778770 0.72546321
vn -0.61825359 -0.24165440 0.74790752
vn -0.59944153 -0.29267099 0.74499232
vn -0.65977949 -0.24750870 0.70952833
vn -0.68232232 -0.08542889 0.72604293
vn -0.67400199 -0.14347680 0.72466248
vn -0.75880313 -0.14790180 0.63430518
vn -0.29868859 -0.51160318 0.80563468
vn -0.23817161 -0.55508441 0.79696661
vn -0.20501269 -0.56691808 0.79785567
vn -0.10084200 -0.60454988 0.79015839
vn -0.05960285 -0.59617221 0.80064112
vn -0.13810360 -0.59839678 0.78920758
vn -0.16999350 -0.59248918 0.78743809
vn -0.27367720 -0.55544048 0.78523028
vn -0.34088391 -0.52140981 0.78225958
vn -0.36764410 -0.50424761 0.78139120
vn -0.45623669 -0.44687221 0.76951498
vn -0.12820160 -0.87682092 0.46341079
vn -0.08132630 -0.86727691 0.49113840
vn -0.12560980 -0.83805197 0.53093427
vn -0.07765966 -0.81937891 0.56796771
vn -0.11903920 -0.78916919 0.60252941
vn -0.07300645 -0.76738071 0.63702202
vn -0.11303970 -0.73549712 0.66803151
vn -0.06975924 -0.71293789 0.69774872
vn -0.10730700 -0.67733669 0.72780508
vn -0.06759649 -0.65550220 0.75216198
vn -0.10729640 -0.67724878 0.72788853
vn -0.06760090 -0.65546250 0.75219631
vn -0.03320485 -0.70515501 0.70827532
vn -0.20960650 -0.82073557 0.53146797
vn -0.16692530 -0.81993938 0.54757208
vn -0.19989841 -0.76649368 0.61035091
vn -0.15910660 -0.76785952 0.62054568
vn -0.18850800 -0.70742512 0.68118608
vn -0.15238580 -0.71429437 0.68305361
vn -0.18848520 -0.70735180 0.68126851
vn -0.15239880 -0.71426117 0.68308532
vn -0.17826480 -0.65020508 0.73854929
vn -0.14359650 -0.65722311 0.73989052
vn -0.29071239 -0.78255957 0.55053317
vn -0.25335771 -0.79610759 0.54956591
vn -0.27751970 -0.72909731 0.62561971
vn -0.24059440 -0.74116093 0.62673348
vn -0.26170629 -0.67040861 0.69430703
vn -0.22791410 -0.68201947 0.69491339
vn -0.26170331 -0.67038298 0.69433278
vn -0.22789981 -0.68199730 0.69493991
vn -0.24823239 -0.61299592 0.75007790
vn -0.21619789 -0.62432933 0.75064731
vn -0.14359650 -0.65721071 0.73990148
vn -0.37131771 -0.73854941 0.56273258
vn -0.33067611 -0.76688921 0.55003119
vn -0.31983849 -0.71946311 0.61650318
vn -0.35069790 -0.67832732 0.64566487
vn -0.30378681 -0.66857761 0.67876190
vn -0.35069820 -0.67827928 0.64571512
vn -0.30378869 -0.66856641 0.67877197
vn -0.33293280 -0.62450337 0.70650631
vn -0.28879169 -0.61348140 0.73501021
vn -0.31557229 -0.56909430 0.75930607
vn -0.51854062 -0.73269761 0.44076061
vn -0.44441301 -0.70071149 0.55812228
vn -0.41286731 -0.72424161 0.55228150
vn -0.42919359 -0.65877777 0.61790347
vn -0.39618450 -0.68018371 0.61675620
vn -0.42919770 -0.65877777 0.61790061
vn -0.39621261 -0.68009758 0.61683297
vn -0.40998971 -0.61180937 0.67645973
vn -0.37952849 -0.63102371 0.67658508
vn -0.38914531 -0.56060833 0.73094737
vn -0.36042210 -0.57860702 0.73164880
vn -0.52459198 -0.67041337 0.52473712
vn -0.48861739 -0.67932087 0.54751831
vn -0.52458268 -0.67036700 0.52480590
vn -0.48863080 -0.67928749 0.54754770
vn -0.50872457 -0.63215452 0.58444840
vn -0.46910700 -0.64392430 0.60440069
vn -0.48683470 -0.58640718 0.64739382
vn -0.45031551 -0.59974742 0.66145229
vn -0.46093860 -0.53327388 0.70933402
vn -0.42854211 -0.55088443 0.71615511
vn -0.43527830 -0.48132849 0.76082557
vn -0.40541241 -0.49811381 0.76650089
vn -0.56330991 -0.66222411 0.49410671
vn -0.55342227 -0.62844241 0.54661131
vn -0.57378989 -0.57665950 0.58157468
vn -0.53449410 -0.59323323 0.60198879
vn -0.55185902 -0.53897822 0.63636023
vn -0.51099777 -0.54932481 0.66115332
vn -0.52826202 -0.49735030 0.68817312
vn -0.48420849 -0.50296718 0.71593732
vn -0.49591899 -0.44721049 0.74435687
vn -0.55342531 -0.62843412 0.54661792
vn -0.55273187 -0.69598722 0.45835501
vn -0.46910501 -0.64393407 0.60439181
vn -0.44442001 -0.70071268 0.55811530
vn -0.25040159 -0.88855720 0.38440230
vn -0.62129271 -0.61203659 0.48929208
vn -0.05680310 0.03328311 -0.99783051
vn -0.05047124 0.02808070 -0.99833071
vn -0.10252970 0.02666079 -0.99437261
vn -0.74119067 0.00559676 0.67127121
vn -0.75013441 0.00959444 0.66121590
vn -0.75101137 0.00140125 0.66028768
vn -0.73416358 0.01233810 0.67886061
vn -0.75921512 0.01640027 0.65063298
vn -0.75008678 0.00959569 0.66126978
vn -0.73594218 0.01967811 0.67675841
vn -0.76849151 0.02389818 0.63941371
vn -0.75924581 0.01640230 0.65059722
vn -0.76850629 0.02389734 0.63939577
vn -0.79755020 0.01981645 0.60292733
vn -0.80256218 0.01642018 0.59634239
vn -0.82929307 0.02083057 0.55842561
vn -0.84535932 0.01641058 0.53394598
vn -0.85745972 0.02049493 0.51414281
vn -0.88236862 0.02004146 0.47013199
vn -0.88341773 0.01641815 0.46829870
vn -0.90535217 0.02083027 0.42415041
vn -0.91929322 0.01518255 0.39328060
vn -0.92637181 0.02049171 0.37605250
vn -0.94408101 0.02039754 0.32908201
vn -0.95390570 0.01482427 0.29974040
vn -0.96012717 0.02049058 0.27881140
vn -0.97291511 0.02039712 0.23026151
vn -0.97966802 0.01482480 0.20007740
vn -0.98370540 0.02049154 0.17861660
vn -0.99143320 0.02039754 0.12901209
vn -0.99504793 0.01482844 0.09828424
vn -0.99685842 0.02048957 0.07650828
vn -0.99944413 0.02039641 0.02637201
vn -0.99987972 0.01482826 -0.00455421
vn -0.99944222 0.02049309 -0.02636879
vn -0.99686032 0.02039748 -0.07650917
vn -0.99411237 0.01482433 -0.10733490
vn -0.99143159 0.02048921 -0.12901039
vn -0.98370802 0.02039790 -0.17861280
vn -0.97780871 0.01482784 -0.20897470
vn -0.97291303 0.02049303 -0.23026191
vn -0.96012920 0.02039843 -0.27881160
vn -0.95252132 0.01605129 -0.30404851
vn -0.94408083 0.02049171 -0.32907689
vn -0.92624039 0.02003967 -0.37640020
vn -0.92551148 0.01641803 -0.37836340
vn -0.90566212 0.02083045 -0.42348841
vn -0.89088857 0.01518577 -0.45396811
vn -0.88218772 0.02049142 -0.47045201
vn -0.85746539 0.02039813 -0.51413739
vn -0.84122997 0.01482921 -0.54047400
vn -0.82914728 0.02049279 -0.55865443
vn -0.80005372 0.02039867 -0.59958172
vn -0.78121871 0.01480042 -0.62408191
vn -0.76734787 0.02050077 -0.64090329
vn -0.78119421 0.01480883 -0.62411243
vn -0.76734489 0.02049899 -0.64090699
vn -0.73417658 0.02039933 -0.67865199
vn -0.71289158 0.01482623 -0.70111752
vn -0.69733721 0.02049070 -0.71645027
vn -0.66049618 0.02039730 -0.75055230
vn -0.64053208 0.01605159 -0.76776362
vn -0.61997533 0.02049130 -0.78435367
vn -0.57952672 0.02003842 -0.81470692
vn -0.57785582 0.01641702 -0.81597382
vn -0.53689408 0.02082991 -0.84339261
vn -0.51199818 0.01640683 -0.85882998
vn -0.49188021 0.02049207 -0.87042183
vn -0.44724670 0.02003812 -0.89418632
vn -0.44539890 0.01641762 -0.89518171
vn -0.40070549 0.02082866 -0.91597021
vn -0.36948791 0.01518309 -0.92911148
vn -0.35207620 0.02049130 -0.93574703
vn -0.30465960 0.02039802 -0.95224291
vn -0.27571380 0.01500135 -0.96112269
vn -0.25400171 0.02049231 -0.96698672
vn -0.20508160 0.02034676 -0.97853351
vn -0.18002060 0.01502597 -0.98354811
vn -0.15328529 0.02034038 -0.98797262
vn -0.10809450 0.01639890 -0.99400550
vn -0.10323000 0.02021694 -0.99445212
vn -0.07897257 0.01791453 -0.99671590
vn -0.04692441 0.02046865 -0.99868870
vn -0.05725651 0.01761215 -0.99820417
vn -0.03170895 0.02424538 -0.99920303
vn -0.01809090 0.01933294 -0.99964940
vn -0.02441322 0.01871716 -0.99952668
vn -0.03536641 0.01781159 -0.99921572
vn -0.13004690 0.00661922 0.99148578
vn -0.05541861 0.00529474 0.99844921
vn -0.20103800 0.00665402 0.97956091
vn -0.25490859 0.00597924 0.96694672
vn -0.30399701 0.00574040 0.95265567
vn -0.35275930 0.00601321 0.93569481
vn -0.40025610 0.00622862 0.91638231
vn -0.44729501 0.00627112 0.89436448
vn -0.49256009 0.00585997 0.87025881
vn -0.53676462 0.00568849 0.84371293
vn -0.58331418 0.00559223 0.81222743
vn -0.64188510 0.00620341 0.76677579
vn -0.72684389 0.00224602 0.68679899
vn -0.74109411 0.00560063 0.67137790
vn -0.75085151 0.00138485 0.66046971
vn -0.69657898 0.00699288 0.71744603
vn -0.69678777 0.00292498 0.71727139
vn -0.67863357 0.00314718 0.73447031
vn -0.69773489 0.01244276 0.71624798
vn -0.66044492 0.01278287 0.75076568
vn -0.62035382 0.01309311 0.78421283
vn -0.57938927 0.01274901 0.81495130
vn -0.53665513 0.01275098 0.84370542
vn -0.49250841 0.01274991 0.87021440
vn -0.44706300 0.01274991 0.89441162
vn -0.40040359 0.01275122 0.91625023
vn -0.35271880 0.01275044 0.93564260
vn -0.30410150 0.01275151 0.95255429
vn -0.25465199 0.01275122 0.96694869
vn -0.20430639 0.01243311 0.97882807
vn -0.15436690 0.01277679 0.98793101
vn -0.10255130 0.01310497 0.99464142
vn -0.05137175 0.01218336 0.99860537
vn -0.02812194 0.00763774 0.99957538
vn -0.02832669 0.01489752 0.99948770
vn -0.05136603 0.01929926 0.99849337
vn -0.10280460 0.01986849 0.99450320
vn -0.15386289 0.01986759 0.98789251
vn -0.20451580 0.01986771 0.97866172
vn -0.25461420 0.01986914 0.96683860
vn -0.30405149 0.01986849 0.95244849
vn -0.35267240 0.01986706 0.93553591
vn -0.40037751 0.01986646 0.91613489
vn -0.44700879 0.01986902 0.89430893
vn -0.49244979 0.01986879 0.87011421
vn -0.53660148 0.01986742 0.84360188
vn -0.57929808 0.01986861 0.81487358
vn -0.62048620 0.01986688 0.78396571
vn -0.66002530 0.01986628 0.75098067
vn -0.69780409 0.01986861 0.71601307
vn -0.15425770 0.02691316 -0.98766410
vn -0.20405930 0.02695721 -0.97858739
vn -0.25500399 0.02691274 -0.96656537
vn -0.30358571 0.02695661 -0.95242280
vn -0.35302621 0.02691268 -0.93522632
vn -0.40013611 0.02724450 -0.91605067
vn -0.44672391 0.02666145 -0.89427447
vn -0.49274760 0.02691376 -0.86975610
vn -0.53612912 0.02695721 -0.84370542
vn -0.57956010 0.02691262 -0.81448501
vn -0.62023717 0.02724558 -0.78394097
vn -0.65992230 0.02698332 -0.75084919
vn -0.69752192 0.02666056 -0.71606737
vn -0.73391551 0.02691167 -0.67870748
vn -0.76730591 0.02699875 -0.64071268
vn -0.76731032 0.02699786 -0.64070737
vn -0.79980892 0.02691239 -0.59965128
vn -0.82912749 0.02695536 -0.55840951
vn -0.85722661 0.02691173 -0.51423568
vn -0.88215691 0.02695775 -0.47018340
vn -0.90555912 0.02691429 -0.42336550
vn -0.92590481 0.02724403 -0.37677330
vn -0.94407272 0.02665978 -0.32865810
vn -0.95992559 0.02691173 -0.27895981
vn -0.97286099 0.02724343 -0.22978090
vn -0.98340398 0.02666026 -0.17946020
vn -0.99141771 0.02691197 -0.12793340
vn -0.99662107 0.02695631 -0.07758653
vn -0.99931753 0.02691274 -0.02530342
vn -0.99930221 0.02724516 0.02555155
vn -0.99668181 0.02666252 0.07690650
vn -0.99130547 0.02691531 0.12879840
vn -0.98351872 0.02695804 0.17878570
vn -0.97281301 0.02691364 0.23002329
vn -0.95984662 0.02724498 0.27919939
vn -0.94423580 0.02666103 0.32818910
vn -0.92582113 0.02691459 0.37700269
vn -0.90544760 0.02724570 0.42358321
vn -0.88248432 0.02665972 0.46958569
vn -0.85677612 0.02691155 0.51498592
vn -0.82961720 0.02695637 0.55768162
vn -0.79525358 0.02895385 0.60558528
vn -0.73458952 0.02787590 0.67793888
vn -0.69800568 0.02695661 0.71558469
vn -0.65958512 0.02691251 0.75114793
vn -0.62072867 0.02695703 0.78356189
vn -0.57885802 0.02691316 0.81498408
vn -0.53686613 0.02695780 0.84323680
vn -0.49198979 0.02691358 0.87018478
vn -0.44711271 0.02724367 0.89406270
vn -0.40053791 0.02666074 0.91589230
vn -0.35220161 0.02691322 0.93553722
vn -0.30417499 0.02724474 0.95222652
vn -0.25482449 0.02665960 0.96661991
vn -0.20405249 0.02691185 0.97859001
vn -0.15401050 0.02724486 0.98769361
vn -0.10302060 0.02667969 0.99432141
vn -0.04770296 0.02609473 0.99852067
vn -0.02798223 0.02207559 0.99936461
vn -0.03471499 0.03125178 0.99890852
vn -0.13598239 0.03382527 -0.99013370
vn -0.23397569 0.03370076 -0.97165817
vn -0.32792971 0.03353166 -0.94410688
vn -0.40246069 0.03381741 -0.91481250
vn -0.47664851 0.03451454 -0.87841618
vn -0.55753732 0.03437060 -0.82944012
vn -0.61785108 0.03433656 -0.78554511
vn -0.66347301 0.03421467 -0.74741763
vn -0.72112888 0.03381520 -0.69197518
vn -0.78669602 0.03409528 -0.61639851
vn -0.78669453 0.03410780 -0.61639970
vn -0.84563458 0.03436666 -0.53265500
vn -0.89369351 0.03371030 -0.44740981
vn -0.92670572 0.03381758 -0.37426341
vn -0.95294642 0.03429228 -0.30119321
vn -0.97318029 0.03421437 -0.22748520
vn -0.98868382 0.03451544 -0.14599089
vn -0.99806148 0.03470766 -0.05165797
vn -0.99903578 0.03428030 0.02742677
vn -0.99330491 0.03381514 0.11046230
vn -0.97839862 0.03353065 0.20398980
vn -0.95891631 0.03381675 0.28166678
vn -0.93404818 0.03462767 0.35546431
vn -0.90445459 0.03427988 0.42519060
vn -0.86594629 0.03381675 0.49899250
vn -0.81158692 0.03380060 0.58325320
vn -0.74782139 0.03420084 0.66301853
vn -0.74780512 0.03420168 0.66303682
vn -0.67552221 0.03459352 0.73652768
vn -0.59620577 0.03459334 0.80208612
vn -0.51467252 0.03470629 0.85668421
vn -0.44531980 0.03428077 0.89471507
vn -0.37343031 0.03434562 0.92702228
vn -0.30232579 0.03427881 0.95258808
vn -0.22632240 0.03434461 0.97344691
vn -0.15218110 0.03424489 0.98775917
vn -0.07122302 0.03484278 0.99685168
vn -0.03571504 0.03892481 -0.99860370
vn -0.03163176 0.03813624 -0.99877191
vn -0.02698898 0.03444623 -0.99904221
vn -0.02554899 0.03639608 0.99901080
vn -0.05605494 0.03812652 0.99769938
vn -0.13195171 0.03799360 0.99052781
vn -0.20569330 0.03793275 0.97788107
vn -0.28279749 0.03795731 0.95842832
vn -0.35373911 0.03793162 0.93457478
vn -0.43112731 0.03906607 0.90144521
vn -0.51831150 0.03857767 0.85432142
vn -0.60340548 0.03857886 0.79650092
vn -0.68210638 0.03857958 0.73023462
vn -0.75051099 0.03750360 0.65979302
vn -0.75050688 0.03750216 0.65979773
vn -0.80005688 0.03793120 0.59872371
vn -0.84718669 0.03991210 0.52979410
vn -0.89610583 0.03954547 0.44207531
vn -0.93649811 0.03903245 0.34849361
vn -0.96730238 0.04002100 0.25044841
vn -0.98796910 0.04038578 0.14928600
vn -0.99814838 0.03954285 0.04622024
vn -0.99768531 0.03858053 -0.05599665
vn -0.98746258 0.03814512 -0.15317459
vn -0.97204959 0.03806757 -0.23166890
vn -0.94955242 0.03895705 -0.31117979
vn -0.91598952 0.03947186 -0.39925620
vn -0.88065761 0.03888916 -0.47215459
vn -0.84142381 0.03739166 -0.53908080
vn -0.79848492 0.03790372 -0.60082048
vn -0.79850072 0.03790450 -0.60079950
vn -0.74545658 0.03991067 -0.66535831
vn -0.67870152 0.03904181 -0.73337573
vn -0.61842322 0.03806442 -0.78492278
vn -0.55121148 0.03849917 -0.83347690
vn -0.46585369 0.03903275 -0.88400048
vn -0.37257731 0.04002153 -0.92713791
vn -0.27490091 0.04038751 -0.96062398
vn -0.17522720 0.04032683 -0.98370183
vn -0.08003443 0.03958916 -0.99600559
vn 0.99997342 0.00730157 0.00028506
vn 0.99997342 -0.00730151 -0.00028506
vn 0.98046690 0.19668400 -0.00027289
vn 0.97851193 0.20619009 0.00009292
vn 0.92501080 0.37994081 -0.00042818
vn 0.92957240 0.36864001 0.00015885
vn 0.84656918 0.53227860 0.00050228
vn 0.82832283 0.56025088 -0.00060992
vn 0.72350562 0.69031829 0.00060440
vn 0.72337967 0.69045019 0.00059828
vn 0.82817918 0.56046331 -0.00060405
vn 0.69669408 0.71736819 -0.00059628
vn 0.58579272 0.81046081 0.00052099
vn 0.55397820 0.83253109 -0.00050410
vn 0.44403279 0.89601040 0.00050432
vn 0.41267961 0.91087627 -0.00040033
vn 0.27289110 0.96204477 0.00053097
vn 0.26501760 0.96424359 -0.00014902
vn 0.10717320 0.99424028 -0.00032621
vn 0.07569795 0.99713069 0.00061075
vn -0.07571411 0.99712938 -0.00061210
vn -0.10717120 0.99424052 0.00032422
vn -0.27289090 0.96204501 -0.00053215
vn -0.26501671 0.96424389 0.00014666
vn -0.41268051 0.91087580 0.00039857
vn -0.44403279 0.89601052 -0.00050590
vn -0.55396462 0.83253998 0.00050246
vn -0.58579290 0.81046063 -0.00052297
vn -0.69980758 0.71433121 0.00061111
vn -0.72337103 0.69045937 -0.00050348
vn -0.69999373 0.71414882 0.00059315
vn -0.72353059 0.69029212 -0.00049795
vn -0.84042257 0.54193151 0.00047040
vn -0.84659511 0.53223753 -0.00020878
vn -0.93255723 0.36102259 -0.00010797
vn -0.93298328 0.35991961 -0.00007343
vn -0.98648733 0.16383681 -0.00058992
vn -0.98119807 0.19300290 0.00029390
vn -0.99997169 -0.00750577 0.00059028
vn -0.99931079 -0.03711962 -0.00029436
vn -0.97868162 -0.20538349 0.00008501
vn -0.97851157 -0.20619150 0.00009342
vn -0.92652148 -0.37624189 -0.00014562
vn -0.92790783 -0.37280980 0.00017105
vn -0.83227497 -0.55436259 0.00067171
vn -0.84025592 -0.54219001 -0.00036403
vn -0.70640367 -0.70780879 -0.00069839
vn -0.68917781 -0.72459221 0.00030750
vn -0.68894398 -0.72481447 0.00029944
vn -0.70623952 -0.70797270 -0.00065975
vn -0.51063442 -0.85979742 -0.00097926
vn -0.53912371 -0.84222662 0.00022643
vn -0.37200710 -0.92822939 0.00097851
vn -0.29137680 -0.95660758 -0.00126731
vn -0.17064729 -0.98533142 0.00129032
vn -0.06006187 -0.99819368 -0.00139135
vn 0.06006151 -0.99819368 0.00139254
vn 0.17063570 -0.98533338 -0.00128883
vn 0.29138851 -0.95660400 0.00126934
vn 0.37200710 -0.92822939 -0.00097623
vn 0.51063460 -0.85979742 0.00098135
vn 0.53912342 -0.84222680 -0.00022437
vn 0.68906331 -0.72470123 -0.00026368
vn 0.70941973 -0.70478582 0.00084231
vn 0.83215040 -0.55454958 -0.00079279
vn 0.85193127 -0.52365321 0.00061105
vn 0.85206538 -0.52343518 0.00059723
vn 0.83234280 -0.55426067 -0.00080454
vn 0.92786252 -0.37292230 -0.00040152
vn 0.93440491 -0.35621259 0.00021922
vn 0.93446481 -0.35605550 0.00019847
vn 0.92791933 -0.37278119 -0.00039621
vn 0.97852802 -0.20611440 -0.00021304
vn 0.98127288 -0.19262309 0.00026162

# Mesh 'arml2_004-mesh' with 2226 faces
g arml2_004-mesh
usemtl arml2.001
f  1/1/1 2/2/1 3/3/1
f  4/3/1 5/2/1 6/4/1
f  7/2/2 8/5/2 9/6/2
f  10/7/3 11/8/3 12/9/3
f  13/6/1 14/10/1 15/2/1
f  16/2/4 17/10/4 18/11/4
f  19/2/1 20/11/1 21/12/1
f  22/2/1 23/12/1 24/4/1
f  25/13/1 26/14/1 27/15/1
f  28/9/5 29/16/5 30/17/5
f  31/17/1 32/18/1 33/9/1
f  34/9/6 35/18/6 36/19/6
f  37/19/1 38/20/1 39/9/1
f  40/9/7 41/20/7 42/7/7
f  43/9/8 44/8/8 45/21/8
f  46/9/9 47/21/9 48/22/9
f  49/23/1 50/2/1 51/24/1
f  52/25/1 53/23/1 54/26/1
f  55/23/10 56/25/10 57/27/10
f  58/27/11 59/28/11 60/23/11
f  61/23/12 62/28/12 63/15/12
f  64/23/13 65/15/13 66/14/13
f  67/2/14 68/29/14 69/5/14
f  70/30/15 71/9/15 72/31/15
f  73/9/16 74/30/16 75/32/16
f  76/9/17 77/32/17 78/16/17
f  79/33/18 80/9/18 81/34/18
f  82/24/19 83/35/19 84/23/19
f  85/23/20 86/35/20 87/26/20
f  88/23/21 89/36/21 90/2/21
f  91/2/22 92/36/22 93/37/22
f  94/2/1 95/37/1 96/38/1
f  97/38/1 98/39/1 99/2/1
f  100/2/1 101/39/1 102/29/1
f  103/1/1 104/3/1 105/9/1
f  106/9/23 107/3/23 108/40/23
f  109/9/1 110/40/1 111/41/1
f  112/42/1 113/43/1 114/9/1
f  115/9/24 116/43/24 117/34/24
f  118/33/1 119/44/1 120/9/1
f  121/9/25 122/44/25 123/45/25
f  124/41/26 125/46/26 126/9/26
f  127/9/27 128/46/27 129/31/27
f  130/9/28 131/22/28 132/47/28
f  133/48/1 134/49/1 135/9/1
f  136/9/29 137/49/29 138/42/29
f  139/9/30 140/45/30 141/50/30
f  142/15/31 143/51/31 144/13/31
f  145/47/1 146/52/1 147/9/1
f  148/9/32 149/52/32 150/48/32
f  151/50/1 152/53/1 153/9/1
f  154/9/33 155/53/33 156/54/33
f  157/9/1 158/54/1 159/55/1
f  160/9/34 161/55/34 162/56/34
f  163/15/1 164/57/1 165/58/1
f  166/15/35 167/58/35 168/59/35
f  169/9/1 170/56/1 171/60/1
f  172/9/36 173/60/36 174/61/36
f  175/57/1 176/62/1 177/58/1
f  178/58/37 179/62/37 180/63/37
f  181/63/38 182/64/38 183/58/38
f  184/58/1 185/64/1 186/65/1
f  187/65/39 188/64/39 189/66/39
f  190/66/1 191/64/1 192/67/1
f  193/68/1 194/69/1 195/15/1
f  196/15/40 197/69/40 198/51/40
f  199/15/41 200/59/41 201/68/41
f  202/70/42 203/71/43 204/72/44
f  205/73/45 206/74/46 207/75/47
f  208/71/43 209/73/45 210/75/47
f  211/76/48 212/77/49 213/78/50
f  214/79/51 215/80/52 216/81/53
f  217/79/51 218/81/53 219/82/54
f  220/82/54 221/81/53 222/83/55
f  223/83/55 224/81/53 225/84/56
f  226/83/55 227/84/56 228/85/57
f  229/85/57 230/84/56 231/86/58
f  232/85/57 233/86/58 234/87/59
f  235/88/60 236/86/58 237/89/61
f  238/90/62 239/91/63 240/92/64
f  241/92/64 242/91/63 243/93/65
f  244/92/64 245/93/65 246/94/66
f  247/95/67 248/94/66 249/96/68
f  250/95/67 251/96/68 252/97/69
f  253/97/69 254/98/70 255/99/71
f  256/99/71 257/98/70 258/100/72
f  259/101/73 260/102/74 261/103/75
f  262/104/76 263/105/77 264/106/78
f  265/104/76 266/106/78 267/107/79
f  268/108/80 269/109/81 270/110/82
f  271/110/82 272/109/81 273/111/83
f  274/111/83 275/112/84 276/106/78
f  277/106/78 278/112/84 279/113/85
f  280/114/86 281/115/87 282/116/88
f  283/116/88 284/115/87 285/117/89
f  286/118/90 287/119/91 288/120/92
f  289/121/93 290/122/94 291/123/95
f  292/124/96 293/125/97 294/126/98
f  295/122/94 296/119/91 297/125/97
f  298/125/97 299/119/91 300/118/90
f  301/126/98 302/118/90 303/127/99
f  304/126/98 305/127/99 306/128/100
f  307/129/101 308/121/93 309/123/95
f  310/123/95 311/125/97 312/124/96
f  313/127/99 314/118/90 315/130/102
f  316/130/102 317/118/90 318/131/103
f  319/131/103 320/118/90 321/120/92
f  322/114/86 323/132/104 324/133/105
f  325/115/87 326/133/105 327/134/106
f  328/115/87 329/134/106 330/117/89
f  331/133/105 332/132/104 333/135/107
f  334/133/105 335/135/107 336/134/106
f  337/136/108 338/121/93 339/129/101
f  340/137/109 341/124/96 342/126/98
f  343/137/109 344/126/98 345/135/107
f  346/129/101 347/123/95 348/124/96
f  349/134/106 350/135/107 351/138/110
f  352/134/106 353/138/110 354/139/111
f  355/112/84 356/129/101 357/124/96
f  358/112/84 359/124/96 360/132/104
f  361/132/104 362/124/96 363/137/109
f  364/132/104 365/137/109 366/135/107
f  367/117/89 368/134/106 369/139/111
f  370/115/87 371/114/86 372/133/105
f  373/88/60 374/87/59 375/86/58
f  376/140/112 377/141/113 378/142/114
f  379/142/114 380/141/113 381/143/115
f  382/80/52 383/79/51 384/140/112
f  385/140/112 386/79/51 387/141/113
f  388/141/113 389/144/116 390/143/115
f  391/143/115 392/144/116 393/145/117
f  394/143/115 395/145/117 396/146/118
f  397/143/115 398/146/118 399/147/119
f  400/147/119 401/146/118 402/148/120
f  403/70/42 404/149/121 405/147/119
f  406/150/122 407/70/42 408/147/119
f  409/150/122 410/147/119 411/151/123
f  412/151/123 413/147/119 414/148/120
f  415/152/124 416/153/125 417/154/126
f  418/154/126 419/153/125 420/155/127
f  421/154/126 422/155/127 423/156/128
f  424/156/128 425/155/127 426/157/129
f  427/156/128 428/157/129 429/158/130
f  430/158/130 431/157/129 432/159/131
f  433/156/128 434/160/132 435/154/126
f  436/158/130 437/76/48 438/156/128
f  439/154/126 440/98/70 441/152/124
f  442/76/48 443/78/50 444/161/133
f  445/76/48 446/161/133 447/162/134
f  448/76/48 449/162/134 450/156/128
f  451/156/128 452/162/134 453/160/132
f  454/160/132 455/162/134 456/100/72
f  457/160/132 458/100/72 459/154/126
f  460/154/126 461/100/72 462/98/70
f  463/98/70 464/97/69 465/96/68
f  466/91/63 467/90/62 468/89/61
f  469/89/61 470/90/62 471/88/60
f  472/163/135 473/151/123 474/148/120
f  475/143/115 476/147/119 477/149/121
f  478/143/115 479/149/121 480/142/114
f  481/142/114 482/149/121 483/164/136
f  484/142/114 485/164/136 486/140/112
f  487/140/112 488/164/136 489/80/52
f  490/80/52 491/164/136 492/165/137
f  493/80/52 494/165/137 495/166/138
f  496/166/138 497/165/137 498/167/139
f  499/166/138 500/167/139 501/168/140
f  502/168/140 503/167/139 504/169/141
f  505/168/140 506/169/141 507/170/142
f  508/91/63 509/171/143 510/172/144
f  511/91/63 512/172/144 513/173/145
f  514/173/145 515/172/144 516/174/146
f  517/173/145 518/174/146 519/175/147
f  520/175/147 521/174/146 522/176/148
f  523/175/147 524/176/148 525/152/124
f  526/152/124 527/176/148 528/153/125
f  529/81/53 530/80/52 531/166/138
f  532/81/53 533/166/138 534/84/56
f  535/84/56 536/166/138 537/168/140
f  538/84/56 539/168/140 540/86/58
f  541/86/58 542/168/140 543/170/142
f  544/86/58 545/170/142 546/89/61
f  547/89/61 548/170/142 549/171/143
f  550/89/61 551/171/143 552/91/63
f  553/93/65 554/91/63 555/173/145
f  556/93/65 557/173/145 558/94/66
f  559/94/66 560/173/145 561/175/147
f  562/94/66 563/175/147 564/96/68
f  565/96/68 566/175/147 567/152/124
f  568/96/68 569/152/124 570/98/70
f  571/102/74 572/177/149 573/178/150
f  574/102/74 575/178/150 576/103/75
f  577/103/75 578/178/150 579/179/151
f  580/178/150 581/180/152 582/179/151
f  583/181/153 584/182/154 585/179/151
f  586/179/151 587/182/154 588/103/75
f  589/183/155 590/184/156 591/185/157
f  592/183/155 593/186/158 594/184/156
f  595/178/150 596/185/157 597/184/156
f  598/178/150 599/184/156 600/180/152
f  601/187/159 602/186/158 603/188/160
f  604/72/44 605/71/43 606/75/47
f  607/72/44 608/75/47 609/189/161
f  610/167/139 611/190/162 612/191/163
f  613/167/139 614/191/163 615/169/141
f  616/169/141 617/191/163 618/192/164
f  619/192/164 620/191/163 621/193/165
f  622/192/164 623/193/165 624/188/160
f  625/188/160 626/193/165 627/187/159
f  628/177/149 629/185/157 630/178/150
f  631/186/158 632/183/155 633/188/160
f  634/187/159 635/194/166 636/186/158
f  637/184/156 638/186/158 639/195/167
f  640/184/156 641/195/167 642/180/152
f  643/179/151 644/180/152 645/181/153
f  646/196/168 647/197/169 648/194/166
f  649/194/166 650/197/169 651/198/170
f  652/198/170 653/108/80 654/195/167
f  655/198/170 656/195/167 657/194/166
f  658/189/161 659/75/47 660/199/171
f  661/189/161 662/199/171 663/200/172
f  664/200/172 665/199/171 666/190/162
f  667/190/162 668/199/171 669/201/173
f  670/190/162 671/201/173 672/191/163
f  673/191/163 674/201/173 675/202/174
f  676/191/163 677/202/174 678/193/165
f  679/193/165 680/202/174 681/196/168
f  682/193/165 683/196/168 684/187/159
f  685/187/159 686/196/168 687/194/166
f  688/186/158 689/194/166 690/195/167
f  691/180/152 692/195/167 693/108/80
f  694/180/152 695/108/80 696/181/153
f  697/181/153 698/108/80 699/110/82
f  700/181/153 701/110/82 702/203/175
f  703/203/175 704/110/82 705/105/77
f  706/181/153 707/203/175 708/182/154
f  709/70/42 710/72/44 711/149/121
f  712/149/121 713/72/44 714/189/161
f  715/149/121 716/189/161 717/164/136
f  718/164/136 719/189/161 720/200/172
f  721/164/136 722/200/172 723/165/137
f  724/165/137 725/200/172 726/190/162
f  727/165/137 728/190/162 729/167/139
f  730/170/142 731/169/141 732/192/164
f  733/170/142 734/192/164 735/171/143
f  736/171/143 737/192/164 738/172/144
f  739/172/144 740/192/164 741/188/160
f  742/172/144 743/188/160 744/174/146
f  745/174/146 746/188/160 747/176/148
f  748/176/148 749/188/160 750/183/155
f  751/176/148 752/183/155 753/153/125
f  754/153/125 755/183/155 756/155/127
f  757/155/127 758/183/155 759/185/157
f  760/155/127 761/185/157 762/157/129
f  763/157/129 764/185/157 765/159/131
f  766/159/131 767/185/157 768/177/149
f  769/123/95 770/122/94 771/125/97
f  772/125/97 773/118/90 774/126/98
f  775/126/98 776/128/100 777/135/107
f  778/135/107 779/128/100 780/138/110
f  781/74/46 782/120/92 783/204/176
f  784/204/176 785/120/92 786/119/91
f  787/204/176 788/119/91 789/205/177
f  790/205/177 791/119/91 792/122/94
f  793/205/177 794/122/94 795/206/178
f  796/206/178 797/122/94 798/121/93
f  799/206/178 800/121/93 801/197/169
f  802/197/169 803/121/93 804/136/108
f  805/114/86 806/113/85 807/132/104
f  808/132/104 809/113/85 810/112/84
f  811/112/84 812/111/83 813/129/101
f  814/129/101 815/111/83 816/136/108
f  817/136/108 818/198/170 819/197/169
f  820/75/47 821/74/46 822/204/176
f  823/75/47 824/204/176 825/199/171
f  826/199/171 827/204/176 828/205/177
f  829/199/171 830/205/177 831/201/173
f  832/201/173 833/205/177 834/206/178
f  835/201/173 836/206/178 837/202/174
f  838/202/174 839/206/178 840/197/169
f  841/202/174 842/197/169 843/196/168
f  844/198/170 845/136/108 846/109/81
f  847/109/81 848/136/108 849/111/83
f  850/198/170 851/109/81 852/108/80
f  853/110/82 854/111/83 855/105/77
f  856/105/77 857/111/83 858/106/78
f  859/106/78 860/113/85 861/107/79
f  862/107/79 863/113/85 864/114/86
f  865/207/179 866/208/180 867/209/181
f  868/210/182 869/211/183 870/212/184
f  871/213/185 872/214/186 873/215/187
f  874/216/188 875/217/189 876/218/190
f  877/218/190 878/217/189 879/219/191
f  880/214/186 881/216/188 882/218/190
f  883/220/192 884/214/186 885/213/185
f  886/220/192 887/213/185 888/221/193
f  889/222/194 890/223/195 891/224/196
f  892/225/197 893/226/198 894/227/199
f  895/228/200 896/229/201 897/230/202
f  898/228/200 899/230/202 900/231/203
f  901/231/203 902/230/202 903/232/204
f  904/231/203 905/232/204 906/233/205
f  907/233/205 908/232/204 909/234/206
f  910/233/205 911/234/206 912/235/207
f  913/229/201 914/236/208 915/237/209
f  916/236/208 917/229/201 918/238/210
f  919/235/207 920/239/211 921/240/212
f  922/235/207 923/240/212 924/233/205
f  925/231/203 926/233/205 927/241/213
f  928/231/203 929/241/213 930/228/200
f  931/228/200 932/241/213 933/242/214
f  934/235/207 935/243/215 936/239/211
f  937/239/211 938/243/215 939/244/216
f  940/245/217 941/246/218 942/247/219
f  943/245/217 944/247/219 945/248/220
f  946/248/220 947/247/219 948/249/221
f  949/244/216 950/250/222 951/239/211
f  952/239/211 953/250/222 954/251/223
f  955/252/224 956/253/225 957/250/222
f  958/254/226 959/255/227 960/256/228
f  961/257/229 962/215/187 963/214/186
f  964/214/186 965/220/192 966/216/188
f  967/258/230 968/257/229 969/259/231
f  970/257/229 971/258/230 972/215/187
f  973/260/232 974/261/233 975/262/234
f  976/263/235 977/221/193 978/213/185
f  979/263/235 980/213/185 981/222/194
f  982/222/194 983/213/185 984/264/236
f  985/264/236 986/213/185 987/215/187
f  988/264/236 989/215/187 990/258/230
f  991/258/230 992/259/231 993/265/237
f  994/266/238 995/267/239 996/268/240
f  997/266/238 998/268/240 999/269/241
f  1000/269/241 1001/268/240 1002/270/242
f  1003/269/241 1004/270/242 1005/271/243
f  1006/212/184 1007/211/183 1008/272/244
f  1009/272/244 1010/211/183 1011/273/245
f  1012/272/244 1013/273/245 1014/274/246
f  1015/275/247 1016/210/182 1017/261/233
f  1018/261/233 1019/210/182 1020/212/184
f  1021/261/233 1022/212/184 1023/262/234
f  1024/272/244 1025/274/246 1026/276/248
f  1027/277/249 1028/278/250 1029/279/251
f  1030/262/234 1031/212/184 1032/272/244
f  1033/262/234 1034/272/244 1035/280/252
f  1036/280/252 1037/272/244 1038/276/248
f  1039/276/248 1040/274/246 1041/281/253
f  1042/281/253 1043/274/246 1044/282/254
f  1045/281/253 1046/282/254 1047/283/255
f  1048/283/255 1049/282/254 1050/225/197
f  1051/225/197 1052/282/254 1053/277/249
f  1054/225/197 1055/277/249 1056/279/251
f  1057/225/197 1058/279/251 1059/226/198
f  1060/273/245 1061/284/256 1062/274/246
f  1063/284/256 1064/209/181 1065/277/249
f  1066/277/249 1067/209/181 1068/285/257
f  1069/274/246 1070/284/256 1071/282/254
f  1072/282/254 1073/284/256 1074/277/249
f  1075/277/249 1076/285/257 1077/278/250
f  1078/267/239 1079/266/238 1080/286/258
f  1081/267/239 1082/286/258 1083/287/259
f  1084/287/259 1085/286/258 1086/288/260
f  1087/289/261 1088/290/262 1089/275/247
f  1090/275/247 1091/290/262 1092/291/263
f  1093/275/247 1094/291/263 1095/210/182
f  1096/210/182 1097/291/263 1098/211/183
f  1099/211/183 1100/291/263 1101/292/264
f  1102/211/183 1103/292/264 1104/273/245
f  1105/273/245 1106/292/264 1107/287/259
f  1108/273/245 1109/287/259 1110/293/265
f  1111/293/265 1112/287/259 1113/294/266
f  1114/293/265 1115/294/266 1116/209/181
f  1117/209/181 1118/294/266 1119/207/179
f  1120/255/227 1121/254/226 1122/295/267
f  1123/286/258 1124/295/267 1125/288/260
f  1126/296/268 1127/297/269 1128/294/266
f  1129/294/266 1130/297/269 1131/298/270
f  1132/294/266 1133/298/270 1134/207/179
f  1135/299/271 1136/286/258 1137/266/238
f  1138/208/180 1139/285/257 1140/209/181
f  1141/293/265 1142/209/181 1143/284/256
f  1144/293/265 1145/284/256 1146/273/245
f  1147/245/217 1148/266/238 1149/269/241
f  1150/245/217 1151/269/241 1152/246/218
f  1153/246/218 1154/269/241 1155/271/243
f  1156/246/218 1157/271/243 1158/300/272
f  1159/301/273 1160/302/274 1161/303/275
f  1162/304/276 1163/305/277 1164/306/278
f  1165/304/276 1166/306/278 1167/307/279
f  1168/305/277 1169/308/280 1170/306/278
f  1171/307/279 1172/309/281 1173/310/282
f  1174/307/279 1175/310/282 1176/304/276
f  1177/311/283 1178/312/284 1179/313/285
f  1180/313/285 1181/312/284 1182/310/282
f  1183/314/286 1184/265/237 1185/315/287
f  1186/315/287 1187/265/237 1188/259/231
f  1189/257/229 1190/214/186 1191/218/190
f  1192/309/281 1193/316/288 1194/317/289
f  1195/309/281 1196/317/289 1197/310/282
f  1198/310/282 1199/312/284 1200/304/276
f  1201/303/275 1202/318/290 1203/308/280
f  1204/308/280 1205/318/290 1206/319/291
f  1207/302/274 1208/320/292 1209/303/275
f  1210/319/291 1211/321/293 1212/322/294
f  1213/322/294 1214/321/293 1215/323/295
f  1216/322/294 1217/323/295 1218/324/296
f  1219/324/296 1220/323/295 1221/325/297
f  1222/309/281 1223/307/279 1224/308/280
f  1225/326/298 1226/313/285 1227/310/282
f  1228/326/298 1229/310/282 1230/317/289
f  1231/230/202 1232/229/201 1233/327/299
f  1234/327/299 1235/229/201 1236/237/209
f  1237/328/300 1238/329/301 1239/330/302
f  1240/330/302 1241/329/301 1242/331/303
f  1243/330/302 1244/331/303 1245/332/304
f  1246/316/288 1247/333/305 1248/334/306
f  1249/316/288 1250/334/306 1251/317/289
f  1252/326/298 1253/317/289 1254/335/307
f  1255/326/298 1256/335/307 1257/336/308
f  1258/326/298 1259/336/308 1260/219/191
f  1261/333/305 1262/337/309 1263/338/310
f  1264/333/305 1265/338/310 1266/334/306
f  1267/317/289 1268/334/306 1269/339/311
f  1270/317/289 1271/339/311 1272/335/307
f  1273/337/309 1274/340/312 1275/338/310
f  1276/335/307 1277/339/311 1278/341/313
f  1279/335/307 1280/341/313 1281/336/308
f  1282/336/308 1283/341/313 1284/218/190
f  1285/315/287 1286/259/231 1287/338/310
f  1288/315/287 1289/338/310 1290/342/314
f  1291/315/287 1292/343/315 1293/314/286
f  1294/306/278 1295/308/280 1296/307/279
f  1297/309/281 1298/322/294 1299/316/288
f  1300/316/288 1301/322/294 1302/324/296
f  1303/316/288 1304/324/296 1305/333/305
f  1306/333/305 1307/324/296 1308/331/303
f  1309/333/305 1310/331/303 1311/337/309
f  1312/337/309 1313/331/303 1314/344/316
f  1315/344/316 1316/329/301 1317/345/317
f  1318/259/231 1319/339/311 1320/334/306
f  1321/259/231 1322/334/306 1323/338/310
f  1324/342/314 1325/338/310 1326/340/312
f  1327/342/314 1328/340/312 1329/345/317
f  1330/346/318 1331/271/243 1332/347/319
f  1333/347/319 1334/271/243 1335/348/320
f  1336/342/314 1337/343/315 1338/315/287
f  1339/238/210 1340/300/272 1341/236/208
f  1342/236/208 1343/300/272 1344/271/243
f  1345/236/208 1346/271/243 1347/346/318
f  1348/345/317 1349/340/312 1350/344/316
f  1351/344/316 1352/340/312 1353/337/309
f  1354/305/277 1355/301/273 1356/308/280
f  1357/308/280 1358/301/273 1359/303/275
f  1360/308/280 1361/319/291 1362/309/281
f  1363/309/281 1364/319/291 1365/322/294
f  1366/324/296 1367/325/297 1368/331/303
f  1369/331/303 1370/325/297 1371/332/304
f  1372/344/316 1373/331/303 1374/329/301
f  1375/259/231 1376/257/229 1377/339/311
f  1378/339/311 1379/257/229 1380/341/313
f  1381/341/313 1382/257/229 1383/218/190
f  1384/336/308 1385/218/190 1386/219/191
f  1387/219/191 1388/313/285 1389/326/298
f  1390/349/321 1391/250/222 1392/253/225
f  1393/286/258 1394/299/271 1395/295/267
f  1396/295/267 1397/299/271 1398/350/322
f  1399/295/267 1400/350/322 1401/255/227
f  1402/255/227 1403/350/322 1404/351/323
f  1405/255/227 1406/351/323 1407/256/228
f  1408/256/228 1409/351/323 1410/349/321
f  1411/349/321 1412/351/323 1413/250/222
f  1414/266/238 1415/245/217 1416/299/271
f  1417/299/271 1418/245/217 1419/248/220
f  1420/299/271 1421/248/220 1422/350/322
f  1423/350/322 1424/248/220 1425/249/221
f  1426/350/322 1427/249/221 1428/351/323
f  1429/351/323 1430/249/221 1431/352/324
f  1432/351/323 1433/352/324 1434/251/223
f  1435/351/323 1436/251/223 1437/250/222
f  1438/250/222 1439/244/216 1440/252/224
f  1441/254/226 1442/296/268 1443/295/267
f  1444/295/267 1445/296/268 1446/288/260
f  1447/288/260 1448/296/268 1449/294/266
f  1450/288/260 1451/294/266 1452/287/259
f  1453/267/239 1454/287/259 1455/292/264
f  1456/267/239 1457/292/264 1458/291/263
f  1459/267/239 1460/291/263 1461/268/240
f  1462/268/240 1463/291/263 1464/290/262
f  1465/268/240 1466/290/262 1467/270/242
f  1468/353/325 1469/264/236 1470/258/230
f  1471/271/243 1472/270/242 1473/348/320
f  1474/242/214 1475/238/210 1476/229/201
f  1477/242/214 1478/229/201 1479/228/200
f  1480/354/326 1481/345/317 1482/329/301
f  1483/246/218 1484/300/272 1485/238/210
f  1486/246/218 1487/238/210 1488/247/219
f  1489/247/219 1490/238/210 1491/242/214
f  1492/247/219 1493/242/214 1494/241/213
f  1495/247/219 1496/241/213 1497/249/221
f  1498/249/221 1499/241/213 1500/233/205
f  1501/249/221 1502/233/205 1503/352/324
f  1504/352/324 1505/233/205 1506/240/212
f  1507/352/324 1508/240/212 1509/251/223
f  1510/251/223 1511/240/212 1512/239/211
f  1513/355/327 1514/356/328 1515/357/329
f  1516/358/330 1517/359/331 1518/360/332
f  1519/361/333 1520/362/334 1521/363/335
f  1522/364/336 1523/365/337 1524/361/333
f  1525/366/338 1526/367/339 1527/368/340
f  1528/369/341 1529/370/342 1530/371/343
f  1531/372/344 1532/373/345 1533/374/346
f  1534/374/346 1535/375/347 1536/376/348
f  1537/376/348 1538/377/349 1539/378/350
f  1540/379/351 1541/380/352 1542/381/353
f  1543/381/353 1544/382/354 1545/383/355
f  1546/384/356 1547/385/357 1548/386/358
f  1549/387/359 1550/388/360 1551/389/361
f  1552/390/362 1553/391/363 1554/392/364
f  1555/393/365 1556/394/366 1557/395/367
f  1558/395/367 1559/394/366 1560/396/368
f  1561/220/192 1562/397/369 1563/216/188
f  1564/216/188 1565/397/369 1566/398/370
f  1567/216/188 1568/398/370 1569/217/189
f  1570/313/285 1571/219/191 1572/399/371
f  1573/313/285 1574/399/371 1575/311/283
f  1576/312/284 1577/400/372 1578/304/276
f  1579/400/372 1580/401/373 1581/305/277
f  1582/305/277 1583/304/276 1584/400/372
f  1585/305/277 1586/401/373 1587/301/273
f  1588/302/274 1589/301/273 1590/402/374
f  1591/302/274 1592/402/374 1593/403/375
f  1594/302/274 1595/403/375 1596/320/292
f  1597/404/376 1598/380/352 1599/405/377
f  1600/405/377 1601/380/352 1602/406/378
f  1603/386/358 1604/407/379 1605/384/356
f  1606/384/356 1607/407/379 1608/404/376
f  1609/405/377 1610/406/378 1611/408/380
f  1612/408/380 1613/406/378 1614/409/381
f  1615/408/380 1616/409/381 1617/410/382
f  1618/410/382 1619/409/381 1620/411/383
f  1621/384/356 1622/404/376 1623/412/384
f  1624/412/384 1625/404/376 1626/405/377
f  1627/410/382 1628/411/383 1629/413/385
f  1630/413/385 1631/411/383 1632/414/386
f  1633/414/386 1634/415/387 1635/416/388
f  1636/417/389 1637/418/390 1638/419/391
f  1639/417/389 1640/419/391 1641/420/392
f  1642/420/392 1643/419/391 1644/421/393
f  1645/420/392 1646/421/393 1647/422/394
f  1648/422/394 1649/421/393 1650/416/388
f  1651/412/384 1652/423/395 1653/384/356
f  1654/384/356 1655/423/395 1656/424/396
f  1657/384/356 1658/424/396 1659/385/357
f  1660/417/389 1661/425/397 1662/418/390
f  1663/418/390 1664/425/397 1665/426/398
f  1666/417/389 1667/420/392 1668/427/399
f  1669/426/398 1670/425/397 1671/428/400
f  1672/428/400 1673/425/397 1674/429/401
f  1675/428/400 1676/429/401 1677/430/402
f  1678/414/386 1679/411/383 1680/375/347
f  1681/414/386 1682/375/347 1683/415/387
f  1684/425/397 1685/417/389 1686/431/403
f  1687/425/397 1688/431/403 1689/432/404
f  1690/425/397 1691/432/404 1692/429/401
f  1693/370/342 1694/433/405 1695/434/406
f  1696/370/342 1697/434/406 1698/435/407
f  1699/436/408 1700/432/404 1701/437/409
f  1702/437/409 1703/432/404 1704/438/410
f  1705/438/410 1706/432/404 1707/431/403
f  1708/376/348 1709/375/347 1710/377/349
f  1711/381/353 1712/380/352 1713/382/354
f  1714/383/355 1715/382/354 1716/407/379
f  1717/383/355 1718/407/379 1719/439/411
f  1720/439/411 1721/407/379 1722/440/412
f  1723/438/410 1724/431/403 1725/441/413
f  1726/441/413 1727/431/403 1728/427/399
f  1729/441/413 1730/427/399 1731/372/344
f  1732/372/344 1733/427/399 1734/442/414
f  1735/372/344 1736/442/414 1737/373/345
f  1738/374/346 1739/373/345 1740/375/347
f  1741/378/350 1742/377/349 1743/379/351
f  1744/379/351 1745/377/349 1746/406/378
f  1747/379/351 1748/406/378 1749/380/352
f  1750/433/405 1751/443/415 1752/434/406
f  1753/444/416 1754/445/417 1755/446/418
f  1756/446/418 1757/445/417 1758/447/419
f  1759/448/420 1760/449/421 1761/450/422
f  1762/450/422 1763/449/421 1764/451/423
f  1765/443/415 1766/452/424 1767/434/406
f  1768/434/406 1769/452/424 1770/451/423
f  1771/453/425 1772/454/426 1773/455/427
f  1774/455/427 1775/454/426 1776/456/428
f  1777/455/427 1778/456/428 1779/457/429
f  1780/457/429 1781/456/428 1782/458/430
f  1783/457/429 1784/458/430 1785/459/431
f  1786/459/431 1787/458/430 1788/460/432
f  1789/459/431 1790/460/432 1791/461/433
f  1792/461/433 1793/460/432 1794/447/419
f  1795/462/434 1796/463/435 1797/464/436
f  1798/464/436 1799/463/435 1800/465/437
f  1801/434/406 1802/451/423 1803/466/438
f  1804/466/438 1805/451/423 1806/449/421
f  1807/461/433 1808/447/419 1809/467/439
f  1810/467/439 1811/447/419 1812/445/417
f  1813/445/417 1814/444/416 1815/412/384
f  1816/412/384 1817/444/416 1818/468/440
f  1819/412/384 1820/468/440 1821/423/395
f  1822/423/395 1823/468/440 1824/469/441
f  1825/423/395 1826/469/441 1827/470/442
f  1828/449/421 1829/448/420 1830/471/443
f  1831/426/398 1832/472/444 1833/473/445
f  1834/426/398 1835/473/445 1836/418/390
f  1837/418/390 1838/473/445 1839/474/446
f  1840/418/390 1841/474/446 1842/419/391
f  1843/419/391 1844/474/446 1845/453/425
f  1846/419/391 1847/453/425 1848/421/393
f  1849/421/393 1850/453/425 1851/455/427
f  1852/356/328 1853/475/447 1854/357/329
f  1855/357/329 1856/475/447 1857/358/330
f  1858/412/384 1859/405/377 1860/445/417
f  1861/445/417 1862/405/377 1863/467/439
f  1864/461/433 1865/413/385 1866/459/431
f  1867/459/431 1868/413/385 1869/457/429
f  1870/471/443 1871/476/448 1872/449/421
f  1873/449/421 1874/476/448 1875/466/438
f  1876/405/377 1877/408/380 1878/467/439
f  1879/467/439 1880/408/380 1881/410/382
f  1882/467/439 1883/410/382 1884/461/433
f  1885/461/433 1886/410/382 1887/413/385
f  1888/413/385 1889/414/386 1890/457/429
f  1891/457/429 1892/414/386 1893/416/388
f  1894/457/429 1895/416/388 1896/455/427
f  1897/455/427 1898/416/388 1899/421/393
f  1900/462/434 1901/477/449 1902/478/450
f  1903/356/328 1904/479/451 1905/480/452
f  1906/358/330 1907/475/447 1908/359/331
f  1909/409/381 1910/406/378 1911/377/349
f  1912/416/388 1913/415/387 1914/373/345
f  1915/416/388 1916/373/345 1917/422/394
f  1918/422/394 1919/373/345 1920/442/414
f  1921/422/394 1922/442/414 1923/420/392
f  1924/420/392 1925/442/414 1926/427/399
f  1927/417/389 1928/427/399 1929/431/403
f  1930/464/436 1931/481/453 1932/367/339
f  1933/464/436 1934/367/339 1935/482/454
f  1936/482/454 1937/477/449 1938/462/434
f  1939/482/454 1940/462/434 1941/464/436
f  1942/483/455 1943/359/331 1944/475/447
f  1945/443/415 1946/433/405 1947/481/453
f  1948/386/358 1949/440/412 1950/407/379
f  1951/407/379 1952/382/354 1953/404/376
f  1954/404/376 1955/382/354 1956/380/352
f  1957/409/381 1958/377/349 1959/411/383
f  1960/411/383 1961/377/349 1962/375/347
f  1963/415/387 1964/375/347 1965/373/345
f  1966/429/401 1967/432/404 1968/430/402
f  1969/430/402 1970/432/404 1971/436/408
f  1972/430/402 1973/436/408 1974/484/456
f  1975/433/405 1976/370/342 1977/369/341
f  1978/433/405 1979/369/341 1980/368/340
f  1981/433/405 1982/368/340 1983/481/453
f  1984/481/453 1985/368/340 1986/367/339
f  1987/367/339 1988/366/338 1989/482/454
f  1990/482/454 1991/366/338 1992/485/457
f  1993/482/454 1994/485/457 1995/477/449
f  1996/356/328 1997/480/452 1998/486/458
f  1999/486/458 2000/480/452 2001/487/459
f  2002/486/458 2003/487/459 2004/488/460
f  2005/475/447 2006/356/328 2007/486/458
f  2008/475/447 2009/486/458 2010/483/455
f  2011/483/455 2012/486/458 2013/488/460
f  2014/489/461 2015/483/455 2016/488/460
f  2017/365/337 2018/490/462 2019/491/463
f  2020/491/463 2021/490/462 2022/492/464
f  2023/492/464 2024/360/332 2025/491/463
f  2026/491/463 2027/360/332 2028/489/461
f  2029/493/465 2030/358/330 2031/360/332
f  2032/493/465 2033/360/332 2034/492/464
f  2035/364/336 2036/494/466 2037/365/337
f  2038/365/337 2039/494/466 2040/490/462
f  2041/360/332 2042/359/331 2043/489/461
f  2044/489/461 2045/359/331 2046/483/455
f  2047/479/451 2048/356/328 2049/355/327
f  2050/479/451 2051/355/327 2052/495/467
f  2053/496/468 2054/497/469 2055/498/470
f  2056/498/470 2057/497/469 2058/495/467
f  2059/399/371 2060/498/470 2061/355/327
f  2062/399/371 2063/355/327 2064/499/471
f  2065/499/471 2066/355/327 2067/357/329
f  2068/499/471 2069/357/329 2070/358/330
f  2071/499/471 2072/358/330 2073/493/465
f  2074/500/472 2075/501/473 2076/402/374
f  2077/500/472 2078/402/374 2079/502/474
f  2080/503/475 2081/401/373 2082/504/476
f  2083/500/472 2084/502/474 2085/505/477
f  2086/505/477 2087/502/474 2088/494/466
f  2089/494/466 2090/502/474 2091/401/373
f  2092/494/466 2093/401/373 2094/503/475
f  2095/506/478 2096/503/475 2097/504/476
f  2098/506/478 2099/504/476 2100/400/372
f  2101/499/471 2102/311/283 2103/399/371
f  2104/227/199 2105/393/365 2106/225/197
f  2107/225/197 2108/393/365 2109/395/367
f  2110/225/197 2111/395/367 2112/283/255
f  2113/395/367 2114/507/479 2115/283/255
f  2116/283/255 2117/507/479 2118/508/480
f  2119/509/481 2120/510/482 2121/511/483
f  2122/511/483 2123/510/482 2124/508/480
f  2125/511/483 2126/508/480 2127/512/484
f  2128/512/484 2129/508/480 2130/507/479
f  2131/507/479 2132/395/367 2133/513/485
f  2134/513/485 2135/395/367 2136/514/486
f  2137/514/486 2138/395/367 2139/396/368
f  2140/363/335 2141/515/487 2142/361/333
f  2143/361/333 2144/515/487 2145/516/488
f  2146/361/333 2147/516/488 2148/364/336
f  2149/492/464 2150/490/462 2151/506/478
f  2152/492/464 2153/506/478 2154/493/465
f  2155/517/489 2156/495/467 2157/497/469
f  2158/517/489 2159/497/469 2160/518/490
f  2161/519/491 2162/520/492 2163/397/369
f  2164/519/491 2165/397/369 2166/521/493
f  2167/522/494 2168/523/495 2169/263/235
f  2170/522/494 2171/263/235 2172/224/196
f  2173/524/496 2174/525/497 2175/262/234
f  2176/515/487 2177/501/473 2178/516/488
f  2179/516/488 2180/501/473 2181/500/472
f  2182/516/488 2183/500/472 2184/505/477
f  2185/493/465 2186/506/478 2187/400/372
f  2188/493/465 2189/400/372 2190/499/471
f  2191/497/469 2192/496/468 2193/217/189
f  2194/497/469 2195/217/189 2196/526/498
f  2197/526/498 2198/217/189 2199/398/370
f  2200/526/498 2201/398/370 2202/527/499
f  2203/527/499 2204/398/370 2205/520/492
f  2206/520/492 2207/398/370 2208/397/369
f  2209/523/495 2210/221/193 2211/263/235
f  2212/502/474 2213/402/374 2214/301/273
f  2215/502/474 2216/301/273 2217/401/373
f  2218/504/476 2219/401/373 2220/400/372
f  2221/499/471 2222/400/372 2223/312/284
f  2224/499/471 2225/312/284 2226/311/283
f  2227/498/470 2228/399/371 2229/219/191
f  2230/498/470 2231/219/191 2232/496/468
f  2233/496/468 2234/219/191 2235/217/189
f  2236/397/369 2237/220/192 2238/221/193
f  2239/263/235 2240/222/194 2241/224/196
f  2242/528/500 2243/529/501 2244/530/502
f  2245/530/502 2246/529/501 2247/531/503
f  2248/532/504 2249/533/505 2250/534/506
f  2251/535/507 2252/536/508 2253/537/509
f  2254/535/507 2255/537/509 2256/538/510
f  2257/538/510 2258/537/509 2259/539/511
f  2260/538/510 2261/539/511 2262/540/512
f  2263/540/512 2264/539/511 2265/541/513
f  2266/540/512 2267/541/513 2268/542/514
f  2269/542/514 2270/541/513 2271/543/515
f  2272/542/514 2273/543/515 2274/544/516
f  2275/544/516 2276/543/515 2277/528/500
f  2278/390/362 2279/392/364 2280/545/517
f  2281/544/516 2282/528/500 2283/546/518
f  2284/546/518 2285/528/500 2286/530/502
f  2287/530/502 2288/531/503 2289/547/519
f  2290/547/519 2291/531/503 2292/390/362
f  2293/548/520 2294/549/521 2295/550/522
f  2296/550/522 2297/549/521 2298/532/504
f  2299/550/522 2300/532/504 2301/551/523
f  2302/551/523 2303/532/504 2304/534/506
f  2305/547/519 2306/390/362 2307/387/359
f  2308/387/359 2309/390/362 2310/545/517
f  2311/552/524 2312/527/499 2313/520/492
f  2314/552/524 2315/520/492 2316/519/491
f  2317/553/525 2318/524/496 2319/280/252
f  2320/463/435 2321/517/489 2322/518/490
f  2323/463/435 2324/518/490 2325/554/526
f  2326/555/527 2327/552/524 2328/519/491
f  2329/555/527 2330/519/491 2331/556/528
f  2332/549/521 2333/557/529 2334/522/494
f  2335/533/505 2336/522/494 2337/558/530
f  2338/510/482 2339/553/525 2340/276/248
f  2341/510/482 2342/276/248 2343/281/253
f  2344/559/531 2345/479/451 2346/495/467
f  2347/559/531 2348/495/467 2349/517/489
f  2350/554/526 2351/518/490 2352/526/498
f  2353/554/526 2354/526/498 2355/527/499
f  2356/522/494 2357/224/196 2358/558/530
f  2359/524/496 2360/262/234 2361/280/252
f  2362/546/518 2363/530/502 2364/446/418
f  2365/446/418 2366/530/502 2367/547/519
f  2368/387/359 2369/545/517 2370/560/532
f  2371/561/533 2372/535/507 2373/453/425
f  2374/453/425 2375/535/507 2376/538/510
f  2377/453/425 2378/538/510 2379/454/426
f  2380/454/426 2381/538/510 2382/540/512
f  2383/454/426 2384/540/512 2385/456/428
f  2386/456/428 2387/540/512 2388/542/514
f  2389/456/428 2390/542/514 2391/458/430
f  2392/458/430 2393/542/514 2394/544/516
f  2395/458/430 2396/544/516 2397/460/432
f  2398/460/432 2399/544/516 2400/546/518
f  2401/387/359 2402/560/532 2403/388/360
f  2404/452/424 2405/562/534 2406/552/524
f  2407/452/424 2408/552/524 2409/555/527
f  2410/563/535 2411/564/536 2412/553/525
f  2413/508/480 2414/510/482 2415/281/253
f  2416/508/480 2417/281/253 2418/283/255
f  2419/452/424 2420/555/527 2421/451/423
f  2422/451/423 2423/555/527 2424/450/422
f  2425/460/432 2426/546/518 2427/447/419
f  2428/447/419 2429/546/518 2430/446/418
f  2431/446/418 2432/547/519 2433/444/416
f  2434/444/416 2435/547/519 2436/387/359
f  2437/444/416 2438/387/359 2439/468/440
f  2440/468/440 2441/387/359 2442/389/361
f  2443/468/440 2444/389/361 2445/469/441
f  2446/524/496 2447/553/525 2448/564/536
f  2449/558/530 2450/565/537 2451/533/505
f  2452/522/494 2453/533/505 2454/532/504
f  2455/522/494 2456/532/504 2457/549/521
f  2458/554/526 2459/562/534 2460/465/437
f  2461/554/526 2462/465/437 2463/463/435
f  2464/517/489 2465/463/435 2466/462/434
f  2467/517/489 2468/462/434 2469/559/531
f  2470/559/531 2471/462/434 2472/478/450
f  2473/559/531 2474/478/450 2475/479/451
f  2476/280/252 2477/276/248 2478/553/525
f  2479/523/495 2480/522/494 2481/557/529
f  2482/523/495 2483/557/529 2484/521/493
f  2485/521/493 2486/557/529 2487/556/528
f  2488/521/493 2489/556/528 2490/519/491
f  2491/527/499 2492/552/524 2493/562/534
f  2494/527/499 2495/562/534 2496/554/526
f  2497/479/451 2498/478/450 2499/480/452
f  2500/480/452 2501/478/450 2502/477/449
f  2503/480/452 2504/477/449 2505/485/457
f  2506/480/452 2507/485/457 2508/487/459
f  2509/450/422 2510/548/520 2511/448/420
f  2512/448/420 2513/548/520 2514/550/522
f  2515/448/420 2516/550/522 2517/566/538
f  2518/473/445 2519/567/539 2520/561/533
f  2521/473/445 2522/561/533 2523/474/446
f  2524/474/446 2525/561/533 2526/453/425
f  2527/364/336 2528/516/488 2529/505/477
f  2530/364/336 2531/505/477 2532/494/466
f  2533/490/462 2534/494/466 2535/503/475
f  2536/490/462 2537/503/475 2538/506/478
f  2539/495/467 2540/355/327 2541/498/470
f  2542/518/490 2543/497/469 2544/526/498
f  2545/521/493 2546/397/369 2547/221/193
f  2548/521/493 2549/221/193 2550/523/495
f  2551/553/525 2552/510/482 2553/509/481
f  2554/553/525 2555/509/481 2556/563/535
f  2557/557/529 2558/549/521 2559/548/520
f  2560/557/529 2561/548/520 2562/556/528
f  2563/556/528 2564/548/520 2565/450/422
f  2566/556/528 2567/450/422 2568/555/527
f  2569/562/534 2570/452/424 2571/443/415
f  2572/562/534 2573/443/415 2574/465/437
f  2575/464/436 2576/465/437 2577/481/453
f  2578/481/453 2579/465/437 2580/443/415
f  2581/434/406 2582/466/438 2583/435/407
f  2584/435/407 2585/466/438 2586/476/448
f  2587/423/395 2588/470/442 2589/424/396
f  2590/568/540 2591/569/541 2592/570/542
f  2593/569/541 2594/571/543 2595/572/544
f  2596/573/545 2597/574/546 2598/575/547
f  2599/576/548 2600/577/549 2601/578/550
f  2602/579/551 2603/580/552 2604/581/553
f  2605/320/292 2606/568/540 2607/303/275
f  2608/303/275 2609/568/540 2610/582/554
f  2611/303/275 2612/582/554 2613/583/555
f  2614/303/275 2615/583/555 2616/318/290
f  2617/318/290 2618/583/555 2619/319/291
f  2620/319/291 2621/583/555 2622/584/556
f  2623/319/291 2624/584/556 2625/321/293
f  2626/321/293 2627/584/556 2628/585/557
f  2629/321/293 2630/585/557 2631/323/295
f  2632/323/295 2633/585/557 2634/325/297
f  2635/325/297 2636/585/557 2637/586/558
f  2638/325/297 2639/586/558 2640/332/304
f  2641/332/304 2642/586/558 2643/330/302
f  2644/330/302 2645/586/558 2646/587/559
f  2647/330/302 2648/587/559 2649/588/560
f  2650/330/302 2651/588/560 2652/328/300
f  2653/327/299 2654/589/561 2655/230/202
f  2656/230/202 2657/589/561 2658/590/562
f  2659/230/202 2660/590/562 2661/232/204
f  2662/232/204 2663/590/562 2664/591/563
f  2665/232/204 2666/591/563 2667/234/206
f  2668/234/206 2669/591/563 2670/235/207
f  2671/235/207 2672/591/563 2673/592/564
f  2674/235/207 2675/592/564 2676/243/215
f  2677/243/215 2678/592/564 2679/593/565
f  2680/243/215 2681/593/565 2682/244/216
f  2683/593/565 2684/594/566 2685/595/567
f  2686/595/567 2687/252/224 2688/593/565
f  2689/593/565 2690/252/224 2691/244/216
f  2692/596/568 2693/597/569 2694/598/570
f  2695/596/568 2696/598/570 2697/599/571
f  2698/596/568 2699/599/571 2700/600/572
f  2701/596/568 2702/600/572 2703/601/573
f  2704/602/574 2705/601/573 2706/600/572
f  2707/603/575 2708/602/574 2709/600/572
f  2710/604/576 2711/605/577 2712/603/575
f  2713/603/575 2714/605/577 2715/602/574
f  2716/605/577 2717/604/576 2718/606/578
f  2719/605/577 2720/606/578 2721/607/579
f  2722/608/580 2723/607/579 2724/606/578
f  2725/608/580 2726/609/581 2727/607/579
f  2728/610/582 2729/611/583 2730/612/584
f  2731/613/585 2732/614/586 2733/615/587
f  2734/615/587 2735/614/586 2736/610/582
f  2737/610/582 2738/614/586 2739/611/583
f  2740/616/588 2741/617/589 2742/613/585
f  2743/613/585 2744/617/589 2745/614/586
f  2746/618/590 2747/619/591 2748/620/592
f  2749/618/590 2750/620/592 2751/617/589
f  2752/618/590 2753/617/589 2754/616/588
f  2755/621/593 2756/622/594 2757/623/595
f  2758/623/595 2759/622/594 2760/619/591
f  2761/619/591 2762/622/594 2763/620/592
f  2764/624/596 2765/625/597 2766/626/598
f  2767/624/596 2768/626/598 2769/621/593
f  2770/621/593 2771/626/598 2772/622/594
f  2773/627/599 2774/628/600 2775/629/601
f  2776/629/601 2777/628/600 2778/625/597
f  2779/625/597 2780/628/600 2781/626/598
f  2782/630/602 2783/631/603 2784/632/604
f  2785/627/599 2786/630/602 2787/628/600
f  2788/633/605 2789/632/604 2790/634/606
f  2791/634/606 2792/632/604 2793/631/603
f  2794/635/607 2795/636/608 2796/637/609
f  2797/637/609 2798/636/608 2799/638/610
f  2800/638/610 2801/639/611 2802/637/609
f  2803/640/612 2804/641/613 2805/639/611
f  2806/642/614 2807/641/613 2808/640/612
f  2809/643/615 2810/644/616 2811/642/614
f  2812/642/614 2813/644/616 2814/641/613
f  2815/645/617 2816/646/618 2817/644/616
f  2818/645/617 2819/644/616 2820/643/615
f  2821/646/618 2822/645/617 2823/647/619
f  2824/646/618 2825/647/619 2826/648/620
f  2827/648/620 2828/647/619 2829/649/621
f  2830/648/620 2831/649/621 2832/650/622
f  2833/648/620 2834/650/622 2835/651/623
f  2836/651/623 2837/650/622 2838/652/624
f  2839/651/623 2840/652/624 2841/653/625
f  2842/653/625 2843/652/624 2844/654/626
f  2845/653/625 2846/654/626 2847/655/627
f  2848/655/627 2849/654/626 2850/656/628
f  2851/655/627 2852/656/628 2853/657/629
f  2854/655/627 2855/657/629 2856/658/630
f  2857/658/630 2858/657/629 2859/659/631
f  2860/658/630 2861/659/631 2862/362/632
f  2863/581/553 2864/580/552 2865/660/633
f  2866/660/633 2867/580/552 2868/661/634
f  2869/660/633 2870/661/634 2871/662/635
f  2872/662/635 2873/661/634 2874/663/636
f  2875/662/635 2876/663/636 2877/664/637
f  2878/664/637 2879/663/636 2880/665/638
f  2881/666/639 2882/667/640 2883/668/641
f  2884/666/639 2885/668/641 2886/669/642
f  2887/669/642 2888/668/641 2889/670/643
f  2890/669/642 2891/670/643 2892/671/644
f  2893/671/644 2894/670/643 2895/672/645
f  2896/672/645 2897/670/643 2898/673/646
f  2899/672/645 2900/673/646 2901/674/647
f  2902/674/647 2903/673/646 2904/675/648
f  2905/674/647 2906/675/648 2907/676/649
f  2908/676/649 2909/675/648 2910/677/650
f  2911/676/649 2912/677/650 2913/678/651
f  2914/678/651 2915/677/650 2916/679/652
f  2917/678/651 2918/679/652 2919/616/588
f  2920/616/588 2921/679/652 2922/680/653
f  2923/616/588 2924/680/653 2925/618/590
f  2926/618/590 2927/680/653 2928/619/591
f  2929/619/591 2930/680/653 2931/681/654
f  2932/619/591 2933/681/654 2934/623/595
f  2935/623/595 2936/681/654 2937/621/593
f  2938/621/593 2939/681/654 2940/682/655
f  2941/621/593 2942/682/655 2943/624/596
f  2944/624/596 2945/682/655 2946/625/597
f  2947/625/597 2948/682/655 2949/683/656
f  2950/625/597 2951/683/656 2952/629/601
f  2953/629/601 2954/683/656 2955/627/599
f  2956/627/599 2957/683/656 2958/684/657
f  2959/627/599 2960/684/657 2961/685/658
f  2962/685/658 2963/684/657 2964/631/603
f  2965/631/603 2966/684/657 2967/686/659
f  2968/631/603 2969/686/659 2970/634/606
f  2971/634/606 2972/686/659 2973/687/660
f  2974/687/660 2975/686/659 2976/688/661
f  2977/689/662 2978/690/663 2979/636/608
f  2980/636/608 2981/690/663 2982/638/610
f  2983/638/610 2984/690/663 2985/691/664
f  2986/638/610 2987/691/664 2988/692/665
f  2989/692/665 2990/691/664 2991/640/612
f  2992/640/612 2993/691/664 2994/693/666
f  2995/640/612 2996/693/666 2997/642/614
f  2998/642/614 2999/693/666 3000/643/615
f  3001/643/615 3002/693/666 3003/694/667
f  3004/643/615 3005/694/667 3006/645/617
f  3007/645/617 3008/694/667 3009/647/619
f  3010/647/619 3011/694/667 3012/695/668
f  3013/647/619 3014/695/668 3015/649/621
f  3016/649/621 3017/695/668 3018/696/669
f  3019/649/621 3020/696/669 3021/650/622
f  3022/650/622 3023/696/669 3024/697/670
f  3025/697/670 3026/696/669 3027/698/671
f  3028/697/670 3029/698/671 3030/699/672
f  3031/697/670 3032/699/672 3033/700/673
f  3034/701/674 3035/577/549 3036/702/675
f  3037/702/675 3038/577/549 3039/576/548
f  3040/702/675 3041/576/548 3042/703/676
f  3043/703/676 3044/576/548 3045/704/677
f  3046/703/676 3047/704/677 3048/705/678
f  3049/705/678 3050/704/677 3051/706/679
f  3052/705/678 3053/706/679 3054/707/680
f  3055/705/678 3056/707/680 3057/708/681
f  3058/709/682 3059/710/683 3060/711/684
f  3061/709/682 3062/711/684 3063/712/685
f  3064/712/685 3065/711/684 3066/713/686
f  3067/712/685 3068/713/686 3069/714/687
f  3070/714/687 3071/713/686 3072/715/688
f  3073/714/687 3074/715/688 3075/716/689
f  3076/716/689 3077/715/688 3078/717/690
f  3079/717/690 3080/715/688 3081/718/691
f  3082/717/690 3083/718/691 3084/719/692
f  3085/574/546 3086/720/693 3087/581/553
f  3088/581/553 3089/720/693 3090/579/551
f  3091/574/546 3092/581/553 3093/575/547
f  3094/575/547 3095/581/553 3096/660/633
f  3097/575/547 3098/660/633 3099/721/694
f  3100/721/694 3101/660/633 3102/722/695
f  3103/722/695 3104/660/633 3105/662/635
f  3106/722/695 3107/662/635 3108/723/696
f  3109/723/696 3110/662/635 3111/724/697
f  3112/724/697 3113/662/635 3114/664/637
f  3115/724/697 3116/664/637 3117/725/698
f  3118/726/699 3119/666/639 3120/727/700
f  3121/727/700 3122/666/639 3123/669/642
f  3124/727/700 3125/669/642 3126/728/701
f  3127/728/701 3128/669/642 3129/729/702
f  3130/729/702 3131/669/642 3132/671/644
f  3133/729/702 3134/671/644 3135/730/703
f  3136/730/703 3137/671/644 3138/672/645
f  3139/730/703 3140/672/645 3141/731/704
f  3142/731/704 3143/672/645 3144/732/705
f  3145/732/705 3146/672/645 3147/674/647
f  3148/732/705 3149/674/647 3150/733/706
f  3151/733/706 3152/674/647 3153/734/707
f  3154/734/707 3155/674/647 3156/676/649
f  3157/734/707 3158/676/649 3159/612/584
f  3160/612/584 3161/676/649 3162/610/582
f  3163/610/582 3164/676/649 3165/678/651
f  3166/610/582 3167/678/651 3168/615/587
f  3169/615/587 3170/678/651 3171/613/585
f  3172/613/585 3173/678/651 3174/616/588
f  3175/627/599 3176/685/658 3177/630/602
f  3178/630/602 3179/685/658 3180/631/603
f  3181/634/606 3182/687/660 3183/633/605
f  3184/633/605 3185/687/660 3186/735/708
f  3187/638/610 3188/692/665 3189/639/611
f  3190/639/611 3191/692/665 3192/640/612
f  3193/650/622 3194/697/670 3195/652/624
f  3196/652/624 3197/697/670 3198/700/673
f  3199/652/624 3200/700/673 3201/654/626
f  3202/612/584 3203/611/583 3204/736/709
f  3205/612/584 3206/736/709 3207/734/707
f  3208/734/707 3209/736/709 3210/737/710
f  3211/734/707 3212/737/710 3213/733/706
f  3214/733/706 3215/737/710 3216/738/711
f  3217/733/706 3218/738/711 3219/732/705
f  3220/732/705 3221/738/711 3222/739/712
f  3223/732/705 3224/739/712 3225/731/704
f  3226/731/704 3227/739/712 3228/740/713
f  3229/731/704 3230/740/713 3231/730/703
f  3232/730/703 3233/740/713 3234/741/714
f  3235/730/703 3236/741/714 3237/729/702
f  3238/729/702 3239/741/714 3240/742/715
f  3241/729/702 3242/742/715 3243/728/701
f  3244/728/701 3245/742/715 3246/743/716
f  3247/728/701 3248/743/716 3249/727/700
f  3250/727/700 3251/743/716 3252/744/717
f  3253/727/700 3254/744/717 3255/726/699
f  3256/725/698 3257/608/580 3258/606/578
f  3259/725/698 3260/606/578 3261/724/697
f  3262/724/697 3263/606/578 3264/604/576
f  3265/724/697 3266/604/576 3267/723/696
f  3268/723/696 3269/604/576 3270/603/575
f  3271/723/696 3272/603/575 3273/722/695
f  3274/722/695 3275/603/575 3276/600/572
f  3277/722/695 3278/600/572 3279/721/694
f  3280/721/694 3281/600/572 3282/599/571
f  3283/721/694 3284/599/571 3285/575/547
f  3286/575/547 3287/599/571 3288/598/570
f  3289/575/547 3290/598/570 3291/573/545
f  3292/745/718 3293/718/691 3294/746/719
f  3295/746/719 3296/718/691 3297/715/688
f  3298/746/719 3299/715/688 3300/747/720
f  3301/747/720 3302/715/688 3303/748/721
f  3304/748/721 3305/715/688 3306/713/686
f  3307/748/721 3308/713/686 3309/749/722
f  3310/749/722 3311/713/686 3312/750/723
f  3313/750/723 3314/713/686 3315/711/684
f  3316/750/723 3317/711/684 3318/751/724
f  3319/751/724 3320/711/684 3321/752/725
f  3322/752/725 3323/711/684 3324/710/683
f  3325/752/725 3326/710/683 3327/753/726
f  3328/754/727 3329/707/680 3330/755/728
f  3331/755/728 3332/707/680 3333/706/679
f  3334/755/728 3335/706/679 3336/756/729
f  3337/756/729 3338/706/679 3339/704/677
f  3340/756/729 3341/704/677 3342/757/730
f  3343/757/730 3344/704/677 3345/758/731
f  3346/758/731 3347/704/677 3348/576/548
f  3349/758/731 3350/576/548 3351/759/732
f  3352/759/732 3353/576/548 3354/578/550
f  3355/759/732 3356/578/550 3357/760/733
f  3358/760/733 3359/761/734 3360/759/732
f  3361/759/732 3362/761/734 3363/762/735
f  3364/759/732 3365/762/735 3366/758/731
f  3367/758/731 3368/762/735 3369/763/736
f  3370/758/731 3371/763/736 3372/757/730
f  3373/757/730 3374/763/736 3375/764/737
f  3376/757/730 3377/764/737 3378/756/729
f  3379/756/729 3380/764/737 3381/765/738
f  3382/756/729 3383/765/738 3384/755/728
f  3385/755/728 3386/765/738 3387/766/739
f  3388/755/728 3389/766/739 3390/754/727
f  3391/753/726 3392/767/740 3393/768/741
f  3394/753/726 3395/768/741 3396/752/725
f  3397/752/725 3398/768/741 3399/769/742
f  3400/752/725 3401/769/742 3402/751/724
f  3403/751/724 3404/769/742 3405/770/743
f  3406/751/724 3407/770/743 3408/750/723
f  3409/750/723 3410/770/743 3411/771/744
f  3412/750/723 3413/771/744 3414/749/722
f  3415/749/722 3416/771/744 3417/772/745
f  3418/749/722 3419/772/745 3420/748/721
f  3421/748/721 3422/772/745 3423/773/746
f  3424/748/721 3425/773/746 3426/747/720
f  3427/747/720 3428/773/746 3429/572/544
f  3430/747/720 3431/572/544 3432/746/719
f  3433/746/719 3434/572/544 3435/571/543
f  3436/746/719 3437/571/543 3438/745/718
f  3439/569/541 3440/572/544 3441/570/542
f  3442/570/542 3443/572/544 3444/773/746
f  3445/570/542 3446/773/746 3447/774/747
f  3448/774/747 3449/773/746 3450/772/745
f  3451/774/747 3452/772/745 3453/775/748
f  3454/775/748 3455/772/745 3456/771/744
f  3457/775/748 3458/771/744 3459/776/749
f  3460/776/749 3461/771/744 3462/770/743
f  3463/776/749 3464/770/743 3465/777/750
f  3466/777/750 3467/770/743 3468/769/742
f  3469/777/750 3470/769/742 3471/778/751
f  3472/778/751 3473/769/742 3474/768/741
f  3475/778/751 3476/768/741 3477/779/752
f  3478/779/752 3479/768/741 3480/767/740
f  3481/779/752 3482/767/740 3483/780/753
f  3484/781/754 3485/766/739 3486/765/738
f  3487/781/754 3488/765/738 3489/782/755
f  3490/782/755 3491/765/738 3492/764/737
f  3493/782/755 3494/764/737 3495/783/756
f  3496/783/756 3497/764/737 3498/763/736
f  3499/783/756 3500/763/736 3501/784/757
f  3502/784/757 3503/763/736 3504/762/735
f  3505/784/757 3506/762/735 3507/785/758
f  3508/785/758 3509/762/735 3510/761/734
f  3511/785/758 3512/761/734 3513/786/759
f  3514/760/733 3515/787/760 3516/761/734
f  3517/761/734 3518/787/760 3519/788/761
f  3520/761/734 3521/788/761 3522/786/759
f  3523/786/759 3524/788/761 3525/789/762
f  3526/786/759 3527/789/762 3528/790/763
f  3529/568/540 3530/570/542 3531/582/554
f  3532/582/554 3533/570/542 3534/774/747
f  3535/582/554 3536/774/747 3537/583/555
f  3538/583/555 3539/774/747 3540/775/748
f  3541/583/555 3542/775/748 3543/584/556
f  3544/584/556 3545/775/748 3546/776/749
f  3547/584/556 3548/776/749 3549/585/557
f  3550/585/557 3551/776/749 3552/777/750
f  3553/585/557 3554/777/750 3555/778/751
f  3556/585/557 3557/778/751 3558/586/558
f  3559/586/558 3560/778/751 3561/779/752
f  3562/586/558 3563/779/752 3564/587/559
f  3565/587/559 3566/779/752 3567/780/753
f  3568/587/559 3569/780/753 3570/588/560
f  3571/589/561 3572/781/754 3573/782/755
f  3574/589/561 3575/782/755 3576/590/562
f  3577/590/562 3578/782/755 3579/783/756
f  3580/590/562 3581/783/756 3582/591/563
f  3583/591/563 3584/783/756 3585/784/757
f  3586/591/563 3587/784/757 3588/785/758
f  3589/591/563 3590/785/758 3591/592/564
f  3592/592/564 3593/785/758 3594/786/759
f  3595/592/564 3596/786/759 3597/593/565
f  3598/593/565 3599/786/759 3600/790/763
f  3601/593/565 3602/790/763 3603/594/566
f  3604/402/764 3605/791/765 3606/792/766
f  3607/792/766 3608/791/765 3609/501/473
f  3610/501/473 3611/515/487 3612/659/631
f  3613/659/631 3614/515/487 3615/362/632
f  3616/792/766 3617/501/473 3618/659/631
f  3619/792/766 3620/659/631 3621/793/767
f  3622/793/767 3623/659/631 3624/657/629
f  3625/793/767 3626/657/629 3627/794/768
f  3628/794/768 3629/657/629 3630/656/628
f  3631/794/768 3632/656/628 3633/795/769
f  3634/795/769 3635/656/628 3636/654/626
f  3637/795/769 3638/654/626 3639/796/770
f  3640/796/770 3641/654/626 3642/700/673
f  3643/796/770 3644/700/673 3645/719/692
f  3646/719/692 3647/700/673 3648/699/672
f  3649/320/292 3650/402/764 3651/568/540
f  3652/568/540 3653/402/764 3654/792/766
f  3655/568/540 3656/792/766 3657/569/541
f  3658/569/541 3659/792/766 3660/793/767
f  3661/569/541 3662/793/767 3663/571/543
f  3664/571/543 3665/793/767 3666/794/768
f  3667/571/543 3668/794/768 3669/745/718
f  3670/745/718 3671/794/768 3672/795/769
f  3673/745/718 3674/795/769 3675/718/691
f  3676/718/691 3677/795/769 3678/796/770
f  3679/718/691 3680/796/770 3681/719/692
f  3682/797/771 3683/798/772 3684/799/773
f  3685/799/773 3686/798/772 3687/800/774
f  3688/798/775 3689/801/775 3690/802/775
f  3691/801/776 3692/798/776 3693/803/776
f  3694/803/777 3695/798/777 3696/804/777
f  3697/803/775 3698/804/775 3699/805/775
f  3700/805/775 3701/806/775 3702/803/775
f  3703/803/775 3704/806/775 3705/807/775
f  3706/802/775 3707/808/775 3708/798/775
f  3709/798/775 3710/808/775 3711/809/775
f  3712/798/775 3713/809/775 3714/810/775
f  3715/810/775 3716/811/775 3717/798/775
f  3718/798/775 3719/811/775 3720/812/775
f  3721/812/775 3722/813/775 3723/798/775
f  3724/798/778 3725/813/778 3726/814/778
f  3727/815/779 3728/807/779 3729/816/779
f  3730/814/780 3731/817/780 3732/798/780
f  3733/798/781 3734/817/775 3735/800/782
f  3736/815/775 3737/816/775 3738/818/775
f  3739/807/783 3740/815/783 3741/819/783
f  3742/818/784 3743/820/784 3744/815/784
f  3745/815/775 3746/820/775 3747/821/775
f  3748/819/775 3749/822/775 3750/807/775
f  3751/807/775 3752/822/775 3753/803/775
f  3754/823/785 3755/824/786 3756/825/787
f  3757/823/785 3758/825/787 3759/826/788
f  3760/827/789 3761/828/790 3762/826/788
f  3763/826/788 3764/828/790 3765/823/785
f  3766/828/790 3767/827/789 3768/829/791
f  3769/829/791 3770/827/789 3771/830/792
f  3772/831/793 3773/832/794 3774/830/792
f  3775/830/792 3776/832/794 3777/829/791
f  3778/831/793 3779/833/795 3780/832/794
f  3781/834/796 3782/833/795 3783/831/793
f  3784/835/797 3785/836/798 3786/834/796
f  3787/834/796 3788/836/798 3789/833/795
f  3790/797/771 3791/799/773 3792/835/797
f  3793/797/771 3794/835/797 3795/834/796
f  3796/824/786 3797/837/799 3798/825/787
f  3799/837/799 3800/838/800 3801/825/787
f  3802/825/787 3803/838/800 3804/839/801
f  3805/825/787 3806/839/801 3807/840/802
f  3808/840/802 3809/841/803 3810/825/787
f  3811/825/787 3812/841/803 3813/842/804
f  3814/825/787 3815/842/804 3816/843/805
f  3817/825/787 3818/843/805 3819/844/806
f  3820/845/807 3821/825/787 3822/846/808
f  3823/847/809 3824/825/787 3825/848/810
f  3826/844/806 3827/846/808 3828/825/787
f  3829/845/807 3830/849/811 3831/825/787
f  3832/825/787 3833/849/811 3834/850/812
f  3835/825/787 3836/850/812 3837/851/813
f  3838/852/814 3839/848/810 3840/825/787
f  3841/825/787 3842/851/813 3843/853/815
f  3844/854/816 3845/855/817 3846/825/787
f  3847/855/817 3848/856/818 3849/825/787
f  3850/856/818 3851/852/814 3852/825/787
f  3853/857/819 3854/858/820 3855/825/787
f  3856/825/787 3857/858/820 3858/859/821
f  3859/825/787 3860/859/821 3861/860/822
f  3862/825/787 3863/860/822 3864/854/816
f  3865/825/787 3866/853/815 3867/861/823
f  3868/825/787 3869/861/823 3870/862/824
f  3871/825/787 3872/862/824 3873/863/825
f  3874/863/825 3875/857/819 3876/825/787
f  3877/864/826 3878/865/826 3879/866/826
f  3880/866/827 3881/865/828 3882/867/829
f  3883/866/830 3884/867/830 3885/868/830
f  3886/866/831 3887/868/831 3888/869/831
f  3889/866/832 3890/870/832 3891/871/832
f  3892/872/833 3893/873/833 3894/864/833
f  3895/864/834 3896/873/835 3897/874/836
f  3898/864/837 3899/874/838 3900/865/839
f  3901/875/840 3902/876/840 3903/872/840
f  3904/872/841 3905/876/841 3906/873/842
f  3907/877/843 3908/878/844 3909/879/845
f  3910/880/846 3911/881/846 3912/872/846
f  3913/872/847 3914/881/847 3915/882/847
f  3916/872/848 3917/882/849 3918/875/850
f  3919/880/851 3920/883/852 3921/884/853
f  3922/880/854 3923/884/854 3924/881/854
f  3925/885/855 3926/886/855 3927/887/855
f  3928/887/856 3929/886/856 3930/877/856
f  3931/887/857 3932/877/858 3933/879/859
f  3934/888/860 3935/889/861 3936/890/862
f  3937/890/863 3938/889/864 3939/891/864
f  3940/886/865 3941/892/866 3942/880/865
f  3943/880/867 3944/892/868 3945/893/868
f  3946/880/869 3947/893/869 3948/883/869
f  3949/885/870 3950/894/870 3951/886/870
f  3952/886/871 3953/894/871 3954/895/871
f  3955/886/872 3956/895/872 3957/892/873
f  3958/896/874 3959/878/875 3960/877/874
f  3961/889/876 3962/897/876 3963/891/876
f  3964/889/877 3965/888/877 3966/877/877
f  3967/877/878 3968/888/878 3969/896/878
f  3970/866/879 3971/898/880 3972/899/879
f  3973/866/881 3974/899/881 3975/870/881
f  3976/866/882 3977/900/883 3978/901/884
f  3979/866/885 3980/901/886 3981/902/885
f  3982/866/887 3983/869/887 3984/903/887
f  3985/866/888 3986/903/888 3987/904/888
f  3988/866/889 3989/905/890 3990/906/891
f  3991/866/892 3992/906/893 3993/907/894
f  3994/866/895 3995/902/896 3996/908/897
f  3997/866/898 3998/908/899 3999/898/900
f  4000/909/901 4001/910/901 4002/866/901
f  4003/866/902 4004/910/902 4005/900/902
f  4006/904/903 4007/911/904 4008/866/903
f  4009/866/905 4010/911/906 4011/912/907
f  4012/913/908 4013/914/909 4014/866/910
f  4015/866/911 4016/914/911 4017/915/911
f  4018/866/912 4019/915/913 4020/905/914
f  4021/912/915 4022/916/916 4023/866/916
f  4024/866/917 4025/916/917 4026/917/917
f  4027/866/918 4028/917/919 4029/913/919
f  4030/866/920 4031/907/921 4032/918/920
f  4033/918/922 4034/919/922 4035/866/922
f  4036/866/923 4037/919/923 4038/909/923
f  4039/920/924 4040/90/62 4041/921/925
f  4042/922/926 4043/923/927 4044/924/928
f  4045/923/927 4046/925/929 4047/924/928
f  4048/924/928 4049/926/930 4050/927/931
f  4051/928/932 4052/929/933 4053/930/934
f  4054/931/935 4055/932/936 4056/933/937
f  4057/931/935 4058/933/937 4059/934/938
f  4060/934/938 4061/933/937 4062/935/939
f  4063/934/938 4064/935/939 4065/936/940
f  4066/934/938 4067/936/940 4068/937/941
f  4069/937/941 4070/936/940 4071/938/942
f  4072/162/134 4073/161/133 4074/939/943
f  4075/162/134 4076/939/943 4077/100/72
f  4078/100/72 4079/939/943 4080/940/944
f  4081/94/66 4082/95/67 4083/941/945
f  4084/94/66 4085/941/945 4086/92/64
f  4087/87/59 4088/88/60 4089/942/946
f  4090/943/947 4091/144/116 4092/141/113
f  4093/943/947 4094/141/113 4095/79/51
f  4096/944/948 4097/945/949 4098/946/950
f  4099/944/948 4100/946/950 4101/947/951
f  4102/948/952 4103/949/953 4104/950/954
f  4105/948/952 4106/950/954 4107/951/955
f  4108/951/955 4109/950/954 4110/952/956
f  4111/952/956 4112/950/954 4113/953/957
f  4114/952/956 4115/953/957 4116/954/958
f  4117/954/958 4118/953/957 4119/955/959
f  4120/954/958 4121/955/959 4122/956/960
f  4123/956/960 4124/955/959 4125/957/961
f  4126/957/961 4127/955/959 4128/958/962
f  4129/957/961 4130/958/962 4131/959/963
f  4132/959/963 4133/958/962 4134/960/964
f  4135/960/964 4136/958/962 4137/961/965
f  4138/961/965 4139/958/962 4140/962/966
f  4141/923/927 4142/962/966 4143/925/929
f  4144/962/966 4145/923/927 4146/922/926
f  4147/962/966 4148/922/926 4149/961/965
f  4150/963/967 4151/964/968 4152/965/969
f  4153/966/970 4154/967/971 4155/963/967
f  4156/964/968 4157/968/972 4158/965/969
f  4159/967/971 4160/969/973 4161/970/974
f  4162/970/974 4163/969/973 4164/971/975
f  4165/972/976 4166/971/975 4167/973/977
f  4168/973/977 4169/971/975 4170/969/973
f  4171/974/978 4172/972/976 4173/975/979
f  4174/975/979 4175/972/976 4176/973/977
f  4177/976/980 4178/977/981 4179/978/982
f  4180/979/983 4181/976/980 4182/978/982
f  4183/980/984 4184/976/980 4185/979/983
f  4186/981/985 4187/982/986 4188/983/987
f  4189/984/988 4190/985/989 4191/986/990
f  4192/987/991 4193/988/992 4194/989/993
f  4195/989/993 4196/988/992 4197/990/994
f  4198/991/995 4199/987/991 4200/992/996
f  4201/989/993 4202/990/994 4203/993/997
f  4204/993/997 4205/990/994 4206/994/998
f  4207/993/997 4208/994/998 4209/995/999
f  4210/996/1000 4211/997/1001 4212/998/1002
f  4213/999/1003 4214/1000/1004 4215/1001/1005
f  4216/1002/1006 4217/1003/1007 4218/1004/1008
f  4219/1005/1009 4220/999/1003 4221/1001/1005
f  4222/1003/1007 4223/1002/1006 4224/1006/1010
f  4225/1007/1011 4226/1008/1012 4227/1009/1013
f  4228/1009/1013 4229/1003/1007 4230/1010/1014
f  4231/1010/1014 4232/1006/1010 4233/1011/1015
f  4234/1011/1015 4235/1012/1016 4236/1010/1014
f  4237/1010/1014 4238/992/996 4239/1009/1013
f  4240/1009/1013 4241/992/996 4242/1007/1011
f  4243/1013/1017 4244/1014/1018 4245/1015/1019
f  4246/1016/1020 4247/1017/1021 4248/1018/1022
f  4249/995/999 4250/1019/1023 4251/993/997
f  4252/1019/1023 4253/1020/1024 4254/993/997
f  4255/993/997 4256/1020/1024 4257/989/993
f  4258/932/936 4259/996/1000 4260/933/937
f  4261/1010/1014 4262/1003/1007 4263/1006/1010
f  4264/1007/1011 4265/989/993 4266/1020/1024
f  4267/90/62 4268/92/64 4269/921/925
f  4270/921/925 4271/92/64 4272/1021/1025
f  4273/1022/1026 4274/1023/1027 4275/1024/1028
f  4276/1025/1029 4277/1026/1030 4278/985/989
f  4279/1025/1029 4280/985/989 4281/1027/1031
f  4282/1027/1031 4283/985/989 4284/1028/1032
f  4285/1027/1031 4286/1028/1032 4287/1029/1033
f  4288/1029/1033 4289/1028/1032 4290/1030/1034
f  4291/1029/1033 4292/1030/1034 4293/1031/1035
f  4294/1031/1035 4295/1030/1034 4296/1032/1036
f  4297/1033/1037 4298/1034/1038 4299/1035/1039
f  4300/1035/1039 4301/1034/1038 4302/1036/1040
f  4303/1035/1039 4304/1036/1040 4305/1037/1041
f  4306/1037/1041 4307/1036/1040 4308/1038/1042
f  4309/1037/1041 4310/1038/1042 4311/1039/1043
f  4312/1039/1043 4313/1038/1042 4314/1040/1044
f  4315/1036/1040 4316/1034/1038 4317/1025/1029
f  4318/1036/1040 4319/1025/1029 4320/1027/1031
f  4321/1036/1040 4322/1027/1031 4323/1038/1042
f  4324/1038/1042 4325/1027/1031 4326/1029/1033
f  4327/1038/1042 4328/1029/1033 4329/1040/1044
f  4330/1040/1044 4331/1029/1033 4332/1031/1035
f  4333/1041/1045 4334/1039/1043 4335/1021/1025
f  4336/1021/1025 4337/1031/1035 4338/921/925
f  4339/921/925 4340/1031/1035 4341/1032/1036
f  4342/921/925 4343/1032/1036 4344/920/924
f  4345/1012/1016 4346/991/995 4347/1010/1014
f  4348/1010/1014 4349/991/995 4350/992/996
f  4351/992/996 4352/987/991 4353/1007/1011
f  4354/1007/1011 4355/987/991 4356/989/993
f  4357/1042/1046 4358/1043/1047 4359/1044/1048
f  4360/1002/1006 4361/1033/1037 4362/1035/1039
f  4363/1002/1006 4364/1035/1039 4365/1037/1041
f  4366/1002/1006 4367/1037/1041 4368/1006/1010
f  4369/1006/1010 4370/1037/1041 4371/1039/1043
f  4372/1006/1010 4373/1039/1043 4374/1011/1015
f  4375/940/944 4376/1045/1049 4377/99/71
f  4378/99/71 4379/1045/1049 4380/1046/1050
f  4381/1047/1051 4382/95/67 4383/1046/1050
f  4384/1048/1052 4385/1046/1050 4386/1045/1049
f  4387/161/133 4388/1049/1053 4389/939/943
f  4390/939/943 4391/1049/1053 4392/1050/1054
f  4393/939/943 4394/1050/1054 4395/940/944
f  4396/1012/1016 4397/1047/1051 4398/1046/1050
f  4399/1012/1016 4400/1046/1050 4401/991/995
f  4402/991/995 4403/1046/1050 4404/1048/1052
f  4405/941/945 4406/95/67 4407/1047/1051
f  4408/1045/1049 4409/940/944 4410/1050/1054
f  4411/994/998 4412/1050/1054 4413/1049/1053
f  4414/77/49 4415/938/942 4416/78/50
f  4417/78/50 4418/938/942 4419/936/940
f  4420/1051/1055 4421/997/1001 4422/996/1000
f  4423/933/937 4424/996/1000 4425/998/1002
f  4426/933/937 4427/998/1002 4428/935/939
f  4429/935/939 4430/998/1002 4431/1049/1053
f  4432/935/939 4433/1049/1053 4434/936/940
f  4435/936/940 4436/1049/1053 4437/161/133
f  4438/936/940 4439/161/133 4440/78/50
f  4441/1049/1053 4442/998/1002 4443/994/998
f  4444/994/998 4445/990/994 4446/1050/1054
f  4447/1050/1054 4448/990/994 4449/988/992
f  4450/1050/1054 4451/988/992 4452/1045/1049
f  4453/1045/1049 4454/988/992 4455/1048/1052
f  4456/1012/1016 4457/1041/1045 4458/1047/1051
f  4459/1047/1051 4460/1041/1045 4461/941/945
f  4462/941/945 4463/1041/1045 4464/1021/1025
f  4465/941/945 4466/1021/1025 4467/92/64
f  4468/1051/1055 4469/995/999 4470/997/1001
f  4471/997/1001 4472/995/999 4473/994/998
f  4474/997/1001 4475/994/998 4476/998/1002
f  4477/988/992 4478/987/991 4479/1048/1052
f  4480/1048/1052 4481/987/991 4482/991/995
f  4483/1012/1016 4484/1011/1015 4485/1041/1045
f  4486/1041/1045 4487/1011/1015 4488/1039/1043
f  4489/1039/1043 4490/1040/1044 4491/1021/1025
f  4492/1021/1025 4493/1040/1044 4494/1031/1035
f  4495/83/55 4496/1052/1056 4497/82/54
f  4498/82/54 4499/1053/1057 4500/79/51
f  4501/79/51 4502/1053/1057 4503/1054/1058
f  4504/79/51 4505/1054/1058 4506/943/947
f  4507/144/116 4508/1055/1059 4509/145/117
f  4510/145/117 4511/1055/1059 4512/146/118
f  4513/148/120 4514/146/118 4515/1056/1060
f  4516/1056/1060 4517/146/118 4518/1055/1059
f  4519/1055/1059 4520/144/116 4521/1057/1061
f  4522/1057/1061 4523/144/116 4524/943/947
f  4525/1057/1061 4526/943/947 4527/1058/1062
f  4528/1058/1062 4529/943/947 4530/1054/1058
f  4531/1053/1057 4532/82/54 4533/1059/1063
f  4534/1059/1063 4535/82/54 4536/1052/1056
f  4537/1052/1056 4538/83/55 4539/1060/1064
f  4540/1060/1064 4541/83/55 4542/85/57
f  4543/1060/1064 4544/85/57 4545/1061/1065
f  4546/1061/1065 4547/85/57 4548/87/59
f  4549/100/72 4550/940/944 4551/99/71
f  4552/99/71 4553/1046/1050 4554/97/69
f  4555/97/69 4556/1046/1050 4557/95/67
f  4558/88/60 4559/90/62 4560/1062/1066
f  4561/88/60 4562/1062/1066 4563/942/946
f  4564/965/969 4565/968/972 4566/926/930
f  4567/965/969 4568/926/930 4569/1063/1067
f  4570/1063/1067 4571/926/930 4572/925/929
f  4573/1063/1067 4574/925/929 4575/1064/1068
f  4576/1063/1067 4577/1064/1068 4578/1065/1069
f  4579/1065/1069 4580/1064/1068 4581/1066/1070
f  4582/1065/1069 4583/1066/1070 4584/1067/1071
f  4585/1067/1071 4586/1066/1070 4587/1068/1072
f  4588/1067/1071 4589/1068/1072 4590/1069/1073
f  4591/1069/1073 4592/1068/1072 4593/1070/1074
f  4594/1069/1073 4595/1070/1074 4596/1071/1075
f  4597/1071/1075 4598/1070/1074 4599/1072/1076
f  4600/1073/1077 4601/1074/1078 4602/1055/1059
f  4603/1055/1059 4604/1074/1078 4605/1056/1060
f  4606/925/929 4607/962/966 4608/1064/1068
f  4609/1064/1068 4610/962/966 4611/958/962
f  4612/1064/1068 4613/958/962 4614/1066/1070
f  4615/1066/1070 4616/958/962 4617/955/959
f  4618/1066/1070 4619/955/959 4620/1068/1072
f  4621/1068/1072 4622/955/959 4623/953/957
f  4624/1068/1072 4625/953/957 4626/1070/1074
f  4627/1070/1074 4628/953/957 4629/950/954
f  4630/1070/1074 4631/950/954 4632/1072/1076
f  4633/1074/1078 4634/1075/1079 4635/946/950
f  4636/1074/1078 4637/946/950 4638/1056/1060
f  4639/1056/1060 4640/946/950 4641/945/949
f  4642/963/967 4643/965/969 4644/1076/1080
f  4645/1076/1080 4646/965/969 4647/1077/1081
f  4648/1076/1080 4649/1077/1081 4650/1078/1082
f  4651/1078/1082 4652/1077/1081 4653/1079/1083
f  4654/1078/1082 4655/1079/1083 4656/1080/1084
f  4657/1080/1084 4658/1079/1083 4659/1081/1085
f  4660/1082/1086 4661/1083/1087 4662/1084/1088
f  4663/1084/1088 4664/1083/1087 4665/1085/1089
f  4666/1084/1088 4667/1085/1089 4668/1058/1062
f  4669/1058/1062 4670/1085/1089 4671/1057/1061
f  4672/969/973 4673/966/970 4674/1086/1090
f  4675/1086/1090 4676/966/970 4677/1087/1091
f  4678/1086/1090 4679/1087/1091 4680/1088/1092
f  4681/1088/1092 4682/1087/1091 4683/1089/1093
f  4684/1088/1092 4685/1089/1093 4686/1090/1094
f  4687/1090/1094 4688/1089/1093 4689/1091/1095
f  4690/1092/1096 4691/1093/1097 4692/1094/1098
f  4693/1094/1098 4694/1093/1097 4695/1095/1099
f  4696/1094/1098 4697/1095/1099 4698/1053/1057
f  4699/1053/1057 4700/1095/1099 4701/1054/1058
f  4702/969/973 4703/967/971 4704/966/970
f  4705/966/970 4706/963/967 4707/1076/1080
f  4708/966/970 4709/1076/1080 4710/1087/1091
f  4711/1087/1091 4712/1076/1080 4713/1078/1082
f  4714/1087/1091 4715/1078/1082 4716/1089/1093
f  4717/1089/1093 4718/1078/1082 4719/1080/1084
f  4720/1089/1093 4721/1080/1084 4722/1091/1095
f  4723/1093/1097 4724/1082/1086 4725/1084/1088
f  4726/1093/1097 4727/1084/1088 4728/1095/1099
f  4729/1095/1099 4730/1084/1088 4731/1058/1062
f  4732/1095/1099 4733/1058/1062 4734/1054/1058
f  4735/967/971 4736/964/968 4737/963/967
f  4738/965/969 4739/1063/1067 4740/1065/1069
f  4741/965/969 4742/1065/1069 4743/1077/1081
f  4744/1077/1081 4745/1065/1069 4746/1067/1071
f  4747/1077/1081 4748/1067/1071 4749/1079/1083
f  4750/1079/1083 4751/1067/1071 4752/1069/1073
f  4753/1079/1083 4754/1069/1073 4755/1081/1085
f  4756/1081/1085 4757/1069/1073 4758/1071/1075
f  4759/1081/1085 4760/1071/1075 4761/1096/1100
f  4762/1085/1089 4763/1073/1077 4764/1055/1059
f  4765/1085/1089 4766/1055/1059 4767/1057/1061
f  4768/1097/1101 4769/975/979 4770/973/977
f  4771/1097/1101 4772/973/977 4773/1098/1102
f  4774/1097/1101 4775/1098/1102 4776/1099/1103
f  4777/1097/1101 4778/1099/1103 4779/1100/1104
f  4780/1100/1104 4781/1099/1103 4782/1101/1105
f  4783/1102/1106 4784/1103/1107 4785/1104/1108
f  4786/1104/1108 4787/1103/1107 4788/1105/1109
f  4789/1104/1108 4790/1105/1109 4791/1106/1110
f  4792/1106/1110 4793/1105/1109 4794/1059/1063
f  4795/1106/1110 4796/1059/1063 4797/1052/1056
f  4798/980/984 4799/1107/1111 4800/976/980
f  4801/979/983 4802/978/982 4803/1108/1112
f  4804/1108/1112 4805/978/982 4806/1109/1113
f  4807/1108/1112 4808/1109/1113 4809/1110/1114
f  4810/1110/1114 4811/1109/1113 4812/1111/1115
f  4813/1112/1116 4814/1113/1117 4815/1114/1118
f  4816/1114/1118 4817/1113/1117 4818/1115/1119
f  4819/1114/1118 4820/1115/1119 4821/1116/1120
f  4822/1116/1120 4823/1115/1119 4824/1117/1121
f  4825/1116/1120 4826/1117/1121 4827/1061/1065
f  4828/1061/1065 4829/1117/1121 4830/1060/1064
f  4831/978/982 4832/975/979 4833/1097/1101
f  4834/978/982 4835/1097/1101 4836/1109/1113
f  4837/1109/1113 4838/1097/1101 4839/1111/1115
f  4840/1111/1115 4841/1097/1101 4842/1100/1104
f  4843/1113/1117 4844/1102/1106 4845/1115/1119
f  4846/1115/1119 4847/1102/1106 4848/1104/1108
f  4849/1115/1119 4850/1104/1108 4851/1117/1121
f  4852/1117/1121 4853/1104/1108 4854/1106/1110
f  4855/1117/1121 4856/1106/1110 4857/1060/1064
f  4858/1060/1064 4859/1106/1110 4860/1052/1056
f  4861/983/987 4862/980/984 4863/1118/1122
f  4864/1118/1122 4865/980/984 4866/979/983
f  4867/1118/1122 4868/979/983 4869/1119/1123
f  4870/1120/1124 4871/1121/1125 4872/1122/1126
f  4873/1122/1126 4874/1121/1125 4875/1123/1127
f  4876/1122/1126 4877/1123/1127 4878/1124/1128
f  4879/1124/1128 4880/1123/1127 4881/1125/1129
f  4882/1124/1128 4883/1125/1129 4884/1126/1130
f  4885/1126/1130 4886/1125/1129 4887/1127/1131
f  4888/1126/1130 4889/1127/1131 4890/1128/1132
f  4891/1128/1132 4892/1127/1131 4893/1129/1133
f  4894/984/988 4895/1130/1134 4896/1131/1135
f  4897/984/988 4898/1131/1135 4899/1132/1136
f  4900/1132/1136 4901/1131/1135 4902/1133/1137
f  4903/1132/1136 4904/1133/1137 4905/1134/1138
f  4906/1134/1138 4907/1133/1137 4908/1135/1139
f  4909/1134/1138 4910/1135/1139 4911/1136/1140
f  4912/1136/1140 4913/1135/1139 4914/1137/1141
f  4915/1136/1140 4916/1137/1141 4917/1138/1142
f  4918/1138/1142 4919/1137/1141 4920/1062/1066
f  4921/1139/1143 4922/983/987 4923/1118/1122
f  4924/1131/1135 4925/1120/1124 4926/1122/1126
f  4927/1131/1135 4928/1122/1126 4929/1133/1137
f  4930/1133/1137 4931/1122/1126 4932/1124/1128
f  4933/1133/1137 4934/1124/1128 4935/1135/1139
f  4936/1135/1139 4937/1124/1128 4938/1126/1130
f  4939/1135/1139 4940/1126/1130 4941/1137/1141
f  4942/1137/1141 4943/1126/1130 4944/1062/1066
f  4945/1062/1066 4946/1126/1130 4947/1128/1132
f  4948/982/986 4949/1140/1144 4950/983/987
f  4951/983/987 4952/1140/1144 4953/980/984
f  4954/1119/1123 4955/979/983 4956/1108/1112
f  4957/1119/1123 4958/1108/1112 4959/1141/1145
f  4960/1123/1127 4961/1142/1146 4962/1112/1116
f  4963/1123/1127 4964/1112/1116 4965/1125/1129
f  4966/1125/1129 4967/1112/1116 4968/1114/1118
f  4969/1125/1129 4970/1114/1118 4971/1127/1131
f  4972/1127/1131 4973/1114/1118 4974/1116/1120
f  4975/1127/1131 4976/1116/1120 4977/1129/1133
f  4978/1129/1133 4979/1116/1120 4980/1061/1065
f  4981/977/981 4982/974/978 4983/978/982
f  4984/978/982 4985/974/978 4986/975/979
f  4987/973/977 4988/969/973 4989/1098/1102
f  4990/1098/1102 4991/969/973 4992/1086/1090
f  4993/1098/1102 4994/1086/1090 4995/1099/1103
f  4996/1099/1103 4997/1086/1090 4998/1088/1092
f  4999/1099/1103 5000/1088/1092 5001/1101/1105
f  5002/1101/1105 5003/1088/1092 5004/1090/1094
f  5005/1103/1107 5006/1092/1096 5007/1105/1109
f  5008/1105/1109 5009/1092/1096 5010/1094/1098
f  5011/1105/1109 5012/1094/1098 5013/1059/1063
f  5014/1059/1063 5015/1094/1098 5016/1053/1057
f  5017/924/928 5018/925/929 5019/926/930
f  5020/927/931 5021/926/930 5022/968/972
f  5023/927/931 5024/968/972 5025/964/968
f  5026/927/931 5027/964/968 5028/1143/1147
f  5029/1143/1147 5030/964/968 5031/967/971
f  5032/1143/1147 5033/967/971 5034/970/974
f  5035/972/976 5036/974/978 5037/977/981
f  5038/977/981 5039/976/980 5040/1107/1111
f  5041/1140/1144 5042/1107/1111 5043/980/984
f  5044/982/986 5045/981/985 5046/1144/1148
f  5047/1026/1030 5048/986/990 5049/985/989
f  5050/985/989 5051/984/988 5052/1028/1032
f  5053/1028/1032 5054/984/988 5055/1132/1136
f  5056/1028/1032 5057/1132/1136 5058/1030/1034
f  5059/1030/1034 5060/1132/1136 5061/1134/1138
f  5062/1030/1034 5063/1134/1138 5064/1032/1036
f  5065/1032/1036 5066/1134/1138 5067/1136/1140
f  5068/1032/1036 5069/1136/1140 5070/920/924
f  5071/920/924 5072/1136/1140 5073/1138/1142
f  5074/920/924 5075/1138/1142 5076/90/62
f  5077/90/62 5078/1138/1142 5079/1062/1066
f  5080/1062/1066 5081/1128/1132 5082/942/946
f  5083/942/946 5084/1128/1132 5085/1129/1133
f  5086/942/946 5087/1129/1133 5088/87/59
f  5089/87/59 5090/1129/1133 5091/1061/1065
f  5092/1056/1060 5093/945/949 5094/148/120
f  5095/148/120 5096/945/949 5097/163/135
f  5098/1145/1149 5099/1146/1150 5100/1147/1151
f  5101/1148/1152 5102/1149/1153 5103/1150/1154
f  5104/1151/1155 5105/1152/1156 5106/1153/1157
f  5107/1154/1158 5108/1155/1159 5109/1152/1156
f  5110/1156/1160 5111/1157/1161 5112/1158/1162
f  5113/1156/1160 5114/1158/1162 5115/1159/1163
f  5116/1159/1163 5117/1158/1162 5118/1160/1164
f  5119/1159/1163 5120/1160/1164 5121/1161/1165
f  5122/1161/1165 5123/1160/1164 5124/1162/1166
f  5125/1161/1165 5126/1162/1166 5127/1163/1167
f  5128/1161/1165 5129/1163/1167 5130/1164/1168
f  5131/1164/1168 5132/1163/1167 5133/1165/1169
f  5134/1164/1168 5135/1165/1169 5136/1166/1170
f  5137/1166/1170 5138/1165/1169 5139/1167/1171
f  5140/1166/1170 5141/1167/1171 5142/1168/1172
f  5143/1166/1170 5144/1168/1172 5145/1169/1173
f  5146/1169/1173 5147/1168/1172 5148/1170/1174
f  5149/1169/1173 5150/1170/1174 5151/1171/1175
f  5152/1169/1173 5153/1171/1175 5154/1172/1176
f  5155/1172/1176 5156/1171/1175 5157/1173/1177
f  5158/1172/1176 5159/1173/1177 5160/1174/1178
f  5161/1172/1176 5162/1174/1178 5163/1175/1179
f  5164/1175/1179 5165/1174/1178 5166/1176/1180
f  5167/1175/1179 5168/1176/1180 5169/1177/1181
f  5170/1175/1179 5171/1177/1181 5172/1178/1182
f  5173/1178/1182 5174/1177/1181 5175/1179/1183
f  5176/1178/1182 5177/1179/1183 5178/1180/1184
f  5179/1178/1182 5180/1180/1184 5181/1181/1185
f  5182/1181/1185 5183/1180/1184 5184/1182/1186
f  5185/1181/1185 5186/1182/1186 5187/1183/1187
f  5188/1181/1185 5189/1183/1187 5190/1184/1188
f  5191/1184/1188 5192/1183/1187 5193/1185/1189
f  5194/1184/1188 5195/1185/1189 5196/1186/1190
f  5197/1184/1188 5198/1186/1190 5199/1187/1191
f  5200/1187/1191 5201/1186/1190 5202/1188/1192
f  5203/1187/1191 5204/1188/1192 5205/1189/1193
f  5206/1187/1191 5207/1189/1193 5208/1190/1194
f  5209/1190/1194 5210/1189/1193 5211/1191/1195
f  5212/1190/1194 5213/1191/1195 5214/1192/1196
f  5215/1192/1196 5216/1191/1195 5217/1193/1197
f  5218/1192/1196 5219/1193/1197 5220/1194/1198
f  5221/1192/1196 5222/1194/1198 5223/1195/1199
f  5224/1195/1199 5225/1194/1198 5226/1196/1200
f  5227/1195/1199 5228/1196/1200 5229/1197/1201
f  5230/1195/1199 5231/1197/1201 5232/1198/1202
f  5233/1198/1202 5234/1197/1201 5235/1199/1203
f  5236/1200/1204 5237/1201/1205 5238/1202/1206
f  5239/1200/1204 5240/1202/1206 5241/1203/1207
f  5242/1203/1207 5243/1202/1206 5244/1204/1208
f  5245/1203/1207 5246/1204/1208 5247/1205/1209
f  5248/1203/1207 5249/1205/1209 5250/1206/1210
f  5251/1206/1210 5252/1205/1209 5253/1207/1211
f  5254/1206/1210 5255/1207/1211 5256/1208/1212
f  5257/1206/1210 5258/1208/1212 5259/1209/1213
f  5260/1209/1213 5261/1208/1212 5262/1210/1214
f  5263/1209/1213 5264/1210/1214 5265/1211/1215
f  5266/1211/1215 5267/1210/1214 5268/1212/1216
f  5269/1211/1215 5270/1212/1216 5271/1213/1217
f  5272/1211/1215 5273/1213/1217 5274/1214/1218
f  5275/1214/1218 5276/1213/1217 5277/1215/1219
f  5278/1214/1218 5279/1215/1219 5280/1216/1220
f  5281/1216/1220 5282/1215/1219 5283/1217/1221
f  5284/1216/1220 5285/1217/1221 5286/1218/1222
f  5287/1216/1220 5288/1218/1222 5289/1219/1223
f  5290/1219/1223 5291/1218/1222 5292/1220/1224
f  5293/1219/1223 5294/1220/1224 5295/1221/1225
f  5296/1219/1223 5297/1221/1225 5298/1222/1226
f  5299/1222/1226 5300/1221/1225 5301/1223/1227
f  5302/1222/1226 5303/1223/1227 5304/1224/1228
f  5305/1224/1228 5306/1223/1227 5307/1225/1229
f  5308/1224/1228 5309/1225/1229 5310/1226/1230
f  5311/1226/1230 5312/1225/1229 5313/1227/1231
f  5314/1226/1230 5315/1227/1231 5316/1228/1232
f  5317/1229/1233 5318/1230/1234 5319/1227/1231
f  5320/1227/1231 5321/1230/1234 5322/1231/1235
f  5323/1231/1235 5324/1232/1236 5325/1227/1231
f  5326/1227/1231 5327/1232/1236 5328/1228/1232
f  5329/1233/1237 5330/116/88 5331/1234/1238
f  5332/1234/1238 5333/116/88 5334/117/89
f  5335/1234/1238 5336/117/89 5337/139/111
f  5338/1233/1237 5339/114/86 5340/116/88
f  5341/1235/1239 5342/107/79 5343/1233/1237
f  5344/1233/1237 5345/107/79 5346/114/86
f  5347/1236/1240 5348/104/76 5349/1235/1239
f  5350/1235/1239 5351/104/76 5352/107/79
f  5353/1237/1241 5354/105/77 5355/1236/1240
f  5356/1236/1240 5357/105/77 5358/104/76
f  5359/1238/1242 5360/182/154 5361/1237/1241
f  5362/1237/1241 5363/182/154 5364/203/175
f  5365/1237/1241 5366/203/175 5367/105/77
f  5368/1239/1243 5369/182/154 5370/1238/1242
f  5371/1240/1244 5372/101/73 5373/1239/1243
f  5374/1239/1243 5375/101/73 5376/103/75
f  5377/1239/1243 5378/103/75 5379/182/154
f  5380/1241/1245 5381/102/74 5382/1240/1244
f  5383/1240/1244 5384/102/74 5385/101/73
f  5386/1242/1246 5387/177/149 5388/1241/1245
f  5389/1241/1245 5390/177/149 5391/102/74
f  5392/1243/1247 5393/159/131 5394/1242/1246
f  5395/1242/1246 5396/159/131 5397/177/149
f  5398/77/49 5399/76/48 5400/1244/1248
f  5401/1244/1248 5402/76/48 5403/1243/1247
f  5404/1243/1247 5405/76/48 5406/158/130
f  5407/1243/1247 5408/158/130 5409/159/131
f  5410/934/1249 5411/1245/1250 5412/1246/1251
f  5413/934/1249 5414/1247/1252 5415/1245/1250
f  5416/934/1249 5417/1248/1253 5418/1247/1252
f  5419/1247/1252 5420/1248/1253 5421/937/1254
f  5422/1247/1252 5423/937/1254 5424/1244/1248
f  5425/1244/1248 5426/937/1254 5427/77/49
f  5428/1153/1157 5429/1245/1250 5430/1151/1155
f  5431/1151/1155 5432/1245/1250 5433/1247/1252
f  5434/1151/1155 5435/1247/1252 5436/1249/1255
f  5437/1249/1255 5438/1247/1252 5439/1244/1248
f  5440/1249/1255 5441/1244/1248 5442/1250/1256
f  5443/1250/1256 5444/1244/1248 5445/1251/1257
f  5446/1251/1257 5447/1244/1248 5448/1243/1247
f  5449/1251/1257 5450/1243/1247 5451/1252/1258
f  5452/1252/1258 5453/1243/1247 5454/1242/1246
f  5455/1252/1258 5456/1242/1246 5457/1253/1259
f  5458/1253/1259 5459/1242/1246 5460/1241/1245
f  5461/1253/1259 5462/1241/1245 5463/1254/1260
f  5464/1254/1260 5465/1241/1245 5466/1240/1244
f  5467/1254/1260 5468/1240/1244 5469/1255/1261
f  5470/1255/1261 5471/1240/1244 5472/1239/1243
f  5473/1255/1261 5474/1239/1243 5475/1256/1262
f  5476/1256/1262 5477/1239/1243 5478/1238/1242
f  5479/1256/1262 5480/1238/1242 5481/1257/1263
f  5482/1257/1263 5483/1238/1242 5484/1237/1241
f  5485/1257/1263 5486/1237/1241 5487/1258/1264
f  5488/1258/1264 5489/1237/1241 5490/1236/1240
f  5491/1258/1264 5492/1236/1240 5493/1259/1265
f  5494/1259/1265 5495/1236/1240 5496/1235/1239
f  5497/1259/1265 5498/1235/1239 5499/1260/1266
f  5500/1260/1266 5501/1235/1239 5502/1233/1237
f  5503/1260/1266 5504/1233/1237 5505/1261/1267
f  5506/1261/1267 5507/1233/1237 5508/1262/1268
f  5509/1262/1268 5510/1233/1237 5511/1234/1238
f  5512/1262/1268 5513/1234/1238 5514/1263/1269
f  5515/139/111 5516/1264/1270 5517/1234/1238
f  5518/1234/1238 5519/1264/1270 5520/1263/1269
f  5521/1263/1269 5522/1264/1270 5523/1265/1271
f  5524/1265/1271 5525/1266/1272 5526/1263/1269
f  5527/1263/1269 5528/1266/1272 5529/1267/1273
f  5530/1263/1269 5531/1267/1273 5532/1262/1268
f  5533/1262/1268 5534/1267/1273 5535/1268/1274
f  5536/1262/1268 5537/1268/1274 5538/1261/1267
f  5539/1261/1267 5540/1268/1274 5541/1269/1275
f  5542/1261/1267 5543/1269/1275 5544/1260/1266
f  5545/1260/1266 5546/1269/1275 5547/1270/1276
f  5548/1260/1266 5549/1270/1276 5550/1259/1265
f  5551/1259/1265 5552/1270/1276 5553/1271/1277
f  5554/1259/1265 5555/1271/1277 5556/1258/1264
f  5557/1258/1264 5558/1271/1277 5559/1272/1278
f  5560/1258/1264 5561/1272/1278 5562/1257/1263
f  5563/1257/1263 5564/1272/1278 5565/1273/1279
f  5566/1257/1263 5567/1273/1279 5568/1256/1262
f  5569/1256/1262 5570/1273/1279 5571/1274/1280
f  5572/1256/1262 5573/1274/1280 5574/1255/1261
f  5575/1255/1261 5576/1274/1280 5577/1275/1281
f  5578/1255/1261 5579/1275/1281 5580/1254/1260
f  5581/1254/1260 5582/1275/1281 5583/1276/1282
f  5584/1254/1260 5585/1276/1282 5586/1253/1259
f  5587/1253/1259 5588/1276/1282 5589/1277/1283
f  5590/1253/1259 5591/1277/1283 5592/1252/1258
f  5593/1252/1258 5594/1277/1283 5595/1278/1284
f  5596/1252/1258 5597/1278/1284 5598/1251/1257
f  5599/1251/1257 5600/1278/1284 5601/1279/1285
f  5602/1251/1257 5603/1279/1285 5604/1250/1256
f  5605/1250/1256 5606/1279/1285 5607/1280/1286
f  5608/1250/1256 5609/1280/1286 5610/1249/1255
f  5611/1249/1255 5612/1280/1286 5613/1154/1158
f  5614/1249/1255 5615/1154/1158 5616/1151/1155
f  5617/1151/1155 5618/1154/1158 5619/1152/1156
f  5620/1229/1233 5621/1227/1231 5622/1146/1150
f  5623/1146/1150 5624/1227/1231 5625/1225/1229
f  5626/1146/1150 5627/1225/1229 5628/1147/1151
f  5629/1147/1151 5630/1225/1229 5631/1223/1227
f  5632/1147/1151 5633/1223/1227 5634/1281/1287
f  5635/1281/1287 5636/1223/1227 5637/1221/1225
f  5638/1281/1287 5639/1221/1225 5640/1282/1288
f  5641/1282/1288 5642/1221/1225 5643/1220/1224
f  5644/1282/1288 5645/1220/1224 5646/1283/1289
f  5647/1283/1289 5648/1220/1224 5649/1218/1222
f  5650/1283/1289 5651/1218/1222 5652/1284/1290
f  5653/1284/1290 5654/1218/1222 5655/1217/1221
f  5656/1284/1290 5657/1217/1221 5658/1285/1291
f  5659/1285/1291 5660/1217/1221 5661/1215/1219
f  5662/1285/1291 5663/1215/1219 5664/1286/1292
f  5665/1286/1292 5666/1215/1219 5667/1213/1217
f  5668/1286/1292 5669/1213/1217 5670/1287/1293
f  5671/1287/1293 5672/1213/1217 5673/1212/1216
f  5674/1287/1293 5675/1212/1216 5676/1288/1294
f  5677/1288/1294 5678/1212/1216 5679/1210/1214
f  5680/1288/1294 5681/1210/1214 5682/1289/1295
f  5683/1289/1295 5684/1210/1214 5685/1208/1212
f  5686/1289/1295 5687/1208/1212 5688/1290/1296
f  5689/1290/1296 5690/1208/1212 5691/1207/1211
f  5692/1290/1296 5693/1207/1211 5694/1291/1297
f  5695/1291/1297 5696/1207/1211 5697/1205/1209
f  5698/1291/1297 5699/1205/1209 5700/1292/1298
f  5701/1292/1298 5702/1205/1209 5703/1204/1208
f  5704/1292/1298 5705/1204/1208 5706/1293/1299
f  5707/1293/1299 5708/1204/1208 5709/1202/1206
f  5710/1293/1299 5711/1202/1206 5712/1294/1300
f  5713/1294/1300 5714/1202/1206 5715/1201/1205
f  5716/1294/1300 5717/1201/1205 5718/1295/1301
f  5719/1296/1302 5720/1199/1203 5721/1197/1201
f  5722/1296/1302 5723/1197/1201 5724/1297/1303
f  5725/1297/1303 5726/1197/1201 5727/1196/1200
f  5728/1297/1303 5729/1196/1200 5730/1298/1304
f  5731/1298/1304 5732/1196/1200 5733/1194/1198
f  5734/1298/1304 5735/1194/1198 5736/1299/1305
f  5737/1299/1305 5738/1194/1198 5739/1193/1197
f  5740/1299/1305 5741/1193/1197 5742/1300/1306
f  5743/1300/1306 5744/1193/1197 5745/1191/1195
f  5746/1300/1306 5747/1191/1195 5748/1301/1307
f  5749/1301/1307 5750/1191/1195 5751/1189/1193
f  5752/1301/1307 5753/1189/1193 5754/1302/1308
f  5755/1302/1308 5756/1189/1193 5757/1188/1192
f  5758/1302/1308 5759/1188/1192 5760/1303/1309
f  5761/1303/1309 5762/1188/1192 5763/1186/1190
f  5764/1303/1309 5765/1186/1190 5766/1304/1310
f  5767/1304/1310 5768/1186/1190 5769/1185/1189
f  5770/1304/1310 5771/1185/1189 5772/1305/1311
f  5773/1305/1311 5774/1185/1189 5775/1183/1187
f  5776/1305/1311 5777/1183/1187 5778/1306/1312
f  5779/1306/1312 5780/1183/1187 5781/1182/1186
f  5782/1306/1312 5783/1182/1186 5784/1307/1313
f  5785/1307/1313 5786/1182/1186 5787/1180/1184
f  5788/1307/1313 5789/1180/1184 5790/1308/1314
f  5791/1308/1314 5792/1180/1184 5793/1179/1183
f  5794/1308/1314 5795/1179/1183 5796/1309/1315
f  5797/1309/1315 5798/1179/1183 5799/1177/1181
f  5800/1309/1315 5801/1177/1181 5802/1310/1316
f  5803/1310/1316 5804/1177/1181 5805/1176/1180
f  5806/1310/1316 5807/1176/1180 5808/1311/1317
f  5809/1311/1317 5810/1176/1180 5811/1174/1178
f  5812/1311/1317 5813/1174/1178 5814/1312/1318
f  5815/1312/1318 5816/1174/1178 5817/1173/1177
f  5818/1312/1318 5819/1173/1177 5820/1313/1319
f  5821/1313/1319 5822/1173/1177 5823/1171/1175
f  5824/1313/1319 5825/1171/1175 5826/1314/1320
f  5827/1314/1320 5828/1171/1175 5829/1170/1174
f  5830/1314/1320 5831/1170/1174 5832/1315/1321
f  5833/1315/1321 5834/1170/1174 5835/1168/1172
f  5836/1315/1321 5837/1168/1172 5838/1316/1322
f  5839/1316/1322 5840/1168/1172 5841/1167/1171
f  5842/1316/1322 5843/1167/1171 5844/1317/1323
f  5845/1317/1323 5846/1167/1171 5847/1165/1169
f  5848/1317/1323 5849/1165/1169 5850/1318/1324
f  5851/1318/1324 5852/1165/1169 5853/1163/1167
f  5854/1318/1324 5855/1163/1167 5856/1319/1325
f  5857/1319/1325 5858/1163/1167 5859/1162/1166
f  5860/1319/1325 5861/1162/1166 5862/1320/1326
f  5863/1320/1326 5864/1162/1166 5865/1160/1164
f  5866/1320/1326 5867/1160/1164 5868/1321/1327
f  5869/1321/1327 5870/1160/1164 5871/1158/1162
f  5872/1321/1327 5873/1158/1162 5874/1322/1328
f  5875/1322/1328 5876/1158/1162 5877/1157/1161
f  5878/1155/1159 5879/1154/1158 5880/1323/1329
f  5881/1323/1329 5882/1154/1158 5883/1280/1286
f  5884/1323/1329 5885/1280/1286 5886/1324/1330
f  5887/1324/1330 5888/1280/1286 5889/1279/1285
f  5890/1324/1330 5891/1279/1285 5892/1325/1331
f  5893/1325/1331 5894/1279/1285 5895/1278/1284
f  5896/1325/1331 5897/1278/1284 5898/1326/1332
f  5899/1326/1332 5900/1278/1284 5901/1277/1283
f  5902/1326/1332 5903/1277/1283 5904/1327/1333
f  5905/1327/1333 5906/1277/1283 5907/1276/1282
f  5908/1327/1333 5909/1276/1282 5910/1328/1334
f  5911/1328/1334 5912/1276/1282 5913/1275/1281
f  5914/1328/1334 5915/1275/1281 5916/1329/1335
f  5917/1329/1335 5918/1275/1281 5919/1274/1280
f  5920/1329/1335 5921/1274/1280 5922/1330/1336
f  5923/1330/1336 5924/1274/1280 5925/1273/1279
f  5926/1330/1336 5927/1273/1279 5928/1331/1337
f  5929/1331/1337 5930/1273/1279 5931/1272/1278
f  5932/1331/1337 5933/1272/1278 5934/1332/1338
f  5935/1332/1338 5936/1272/1278 5937/1271/1277
f  5938/1332/1338 5939/1271/1277 5940/1333/1339
f  5941/1333/1339 5942/1271/1277 5943/1270/1276
f  5944/1333/1339 5945/1270/1276 5946/1334/1340
f  5947/1334/1340 5948/1270/1276 5949/1269/1275
f  5950/1334/1340 5951/1269/1275 5952/1335/1341
f  5953/1335/1341 5954/1269/1275 5955/1268/1274
f  5956/1335/1341 5957/1268/1274 5958/1336/1342
f  5959/1336/1342 5960/1268/1274 5961/1267/1273
f  5962/1336/1342 5963/1267/1273 5964/1337/1343
f  5965/1337/1343 5966/1267/1273 5967/1266/1272
f  5968/1337/1343 5969/1266/1272 5970/1338/1344
f  5971/1265/1271 5972/1339/1345 5973/1266/1272
f  5974/1266/1272 5975/1339/1345 5976/1338/1344
f  5977/1338/1344 5978/1339/1345 5979/1340/1346
f  5980/1145/1149 5981/1147/1151 5982/1341/1347
f  5983/1341/1347 5984/1147/1151 5985/1281/1287
f  5986/1341/1347 5987/1281/1287 5988/1282/1288
f  5989/1341/1347 5990/1282/1288 5991/1342/1348
f  5992/1342/1348 5993/1282/1288 5994/1283/1289
f  5995/1342/1348 5996/1283/1289 5997/1284/1290
f  5998/1342/1348 5999/1284/1290 6000/1343/1349
f  6001/1343/1349 6002/1284/1290 6003/1285/1291
f  6004/1343/1349 6005/1285/1291 6006/1286/1292
f  6007/1343/1349 6008/1286/1292 6009/1344/1350
f  6010/1344/1350 6011/1286/1292 6012/1287/1293
f  6013/1344/1350 6014/1287/1293 6015/1345/1351
f  6016/1345/1351 6017/1287/1293 6018/1288/1294
f  6019/1345/1351 6020/1288/1294 6021/1289/1295
f  6022/1345/1351 6023/1289/1295 6024/1346/1352
f  6025/1346/1352 6026/1289/1295 6027/1290/1296
f  6028/1346/1352 6029/1290/1296 6030/1291/1297
f  6031/1346/1352 6032/1291/1297 6033/1347/1353
f  6034/1347/1353 6035/1291/1297 6036/1292/1298
f  6037/1347/1353 6038/1292/1298 6039/1348/1354
f  6040/1348/1354 6041/1292/1298 6042/1293/1299
f  6043/1348/1354 6044/1293/1299 6045/1349/1355
f  6046/1349/1355 6047/1293/1299 6048/1294/1300
f  6049/1349/1355 6050/1294/1300 6051/1295/1301
f  6052/1349/1355 6053/1295/1301 6054/1350/1356
f  6055/1351/1357 6056/1296/1302 6057/1297/1303
f  6058/1351/1357 6059/1297/1303 6060/1298/1304
f  6061/1351/1357 6062/1298/1304 6063/1352/1358
f  6064/1352/1358 6065/1298/1304 6066/1299/1305
f  6067/1352/1358 6068/1299/1305 6069/1300/1306
f  6070/1352/1358 6071/1300/1306 6072/1353/1359
f  6073/1353/1359 6074/1300/1306 6075/1301/1307
f  6076/1353/1359 6077/1301/1307 6078/1302/1308
f  6079/1353/1359 6080/1302/1308 6081/1354/1360
f  6082/1354/1360 6083/1302/1308 6084/1303/1309
f  6085/1354/1360 6086/1303/1309 6087/1355/1361
f  6088/1355/1361 6089/1303/1309 6090/1304/1310
f  6091/1355/1361 6092/1304/1310 6093/1305/1311
f  6094/1355/1361 6095/1305/1311 6096/1356/1362
f  6097/1356/1362 6098/1305/1311 6099/1306/1312
f  6100/1356/1362 6101/1306/1312 6102/1357/1363
f  6103/1357/1363 6104/1306/1312 6105/1307/1313
f  6106/1357/1363 6107/1307/1313 6108/1308/1314
f  6109/1357/1363 6110/1308/1314 6111/1358/1364
f  6112/1358/1364 6113/1308/1314 6114/1309/1315
f  6115/1358/1364 6116/1309/1315 6117/1310/1316
f  6118/1358/1364 6119/1310/1316 6120/1359/1365
f  6121/1359/1365 6122/1310/1316 6123/1311/1317
f  6124/1359/1365 6125/1311/1317 6126/1360/1366
f  6127/1360/1366 6128/1311/1317 6129/1312/1318
f  6130/1360/1366 6131/1312/1318 6132/1313/1319
f  6133/1360/1366 6134/1313/1319 6135/1361/1367
f  6136/1361/1367 6137/1313/1319 6138/1314/1320
f  6139/1361/1367 6140/1314/1320 6141/1315/1321
f  6142/1361/1367 6143/1315/1321 6144/1362/1368
f  6145/1362/1368 6146/1315/1321 6147/1316/1322
f  6148/1362/1368 6149/1316/1322 6150/1363/1369
f  6151/1363/1369 6152/1316/1322 6153/1317/1323
f  6154/1363/1369 6155/1317/1323 6156/1318/1324
f  6157/1363/1369 6158/1318/1324 6159/1364/1370
f  6160/1364/1370 6161/1318/1324 6162/1319/1325
f  6163/1364/1370 6164/1319/1325 6165/1365/1371
f  6166/1365/1371 6167/1319/1325 6168/1320/1326
f  6169/1365/1371 6170/1320/1326 6171/1321/1327
f  6172/1365/1371 6173/1321/1327 6174/1366/1372
f  6175/1366/1372 6176/1321/1327 6177/1322/1328
f  6178/1366/1372 6179/1322/1328 6180/1157/1161
f  6181/1366/1372 6182/1157/1161 6183/1367/1373
f  6184/1368/1374 6185/1155/1159 6186/1323/1329
f  6187/1368/1374 6188/1323/1329 6189/1324/1330
f  6190/1368/1374 6191/1324/1330 6192/1369/1375
f  6193/1369/1375 6194/1324/1330 6195/1325/1331
f  6196/1369/1375 6197/1325/1331 6198/1326/1332
f  6199/1369/1375 6200/1326/1332 6201/1370/1376
f  6202/1370/1376 6203/1326/1332 6204/1327/1333
f  6205/1370/1376 6206/1327/1333 6207/1328/1334
f  6208/1370/1376 6209/1328/1334 6210/1371/1377
f  6211/1371/1377 6212/1328/1334 6213/1329/1335
f  6214/1371/1377 6215/1329/1335 6216/1330/1336
f  6217/1371/1377 6218/1330/1336 6219/1372/1378
f  6220/1372/1378 6221/1330/1336 6222/1331/1337
f  6223/1372/1378 6224/1331/1337 6225/1373/1379
f  6226/1373/1379 6227/1331/1337 6228/1332/1338
f  6229/1373/1379 6230/1332/1338 6231/1333/1339
f  6232/1373/1379 6233/1333/1339 6234/1374/1380
f  6235/1374/1380 6236/1333/1339 6237/1334/1340
f  6238/1374/1380 6239/1334/1340 6240/1375/1381
f  6241/1375/1381 6242/1334/1340 6243/1335/1341
f  6244/1375/1381 6245/1335/1341 6246/1336/1342
f  6247/1375/1381 6248/1336/1342 6249/1376/1382
f  6250/1376/1382 6251/1336/1342 6252/1337/1343
f  6253/1376/1382 6254/1337/1343 6255/1377/1383
f  6256/1377/1383 6257/1337/1343 6258/1338/1344
f  6259/1377/1383 6260/1338/1344 6261/1340/1346
f  6262/1378/1384 6263/1379/1385 6264/1145/1149
f  6265/1145/1149 6266/1379/1385 6267/1380/1386
f  6268/1145/1149 6269/1380/1386 6270/1146/1150
f  6271/1146/1150 6272/1380/1386 6273/1229/1233
f  6274/1340/1346 6275/1381/1387 6276/1377/1383
f  6277/1377/1383 6278/1381/1387 6279/1382/1388
f  6280/1377/1383 6281/1382/1388 6282/1383/1389
f  6283/1377/1383 6284/1383/1389 6285/1376/1382
f  6286/1376/1382 6287/1383/1389 6288/1375/1381
f  6289/1375/1381 6290/1383/1389 6291/1384/1390
f  6292/1375/1381 6293/1384/1390 6294/1385/1391
f  6295/1375/1381 6296/1385/1391 6297/1374/1380
f  6298/1374/1380 6299/1385/1391 6300/1373/1379
f  6301/1373/1379 6302/1385/1391 6303/1386/1392
f  6304/1373/1379 6305/1386/1392 6306/1387/1393
f  6307/1373/1379 6308/1387/1393 6309/1372/1378
f  6310/1372/1378 6311/1387/1393 6312/1371/1377
f  6313/1371/1377 6314/1387/1393 6315/1388/1394
f  6316/1371/1377 6317/1388/1394 6318/1370/1376
f  6319/1370/1376 6320/1388/1394 6321/1389/1395
f  6322/1370/1376 6323/1389/1395 6324/1369/1375
f  6325/1369/1375 6326/1389/1395 6327/1390/1396
f  6328/1369/1375 6329/1390/1396 6330/1368/1374
f  6331/1368/1374 6332/1390/1396 6333/1391/1397
f  6334/1367/1373 6335/1392/1398 6336/1366/1372
f  6337/1366/1372 6338/1392/1398 6339/1393/1399
f  6340/1366/1372 6341/1393/1399 6342/1394/1400
f  6343/1366/1372 6344/1394/1400 6345/1365/1371
f  6346/1365/1371 6347/1394/1400 6348/1395/1401
f  6349/1365/1371 6350/1395/1401 6351/1364/1370
f  6352/1364/1370 6353/1395/1401 6354/1363/1369
f  6355/1363/1369 6356/1395/1401 6357/1396/1402
f  6358/1363/1369 6359/1396/1402 6360/1362/1368
f  6361/1362/1368 6362/1396/1402 6363/1397/1403
f  6364/1362/1368 6365/1397/1403 6366/1361/1367
f  6367/1361/1367 6368/1397/1403 6369/1398/1404
f  6370/1361/1367 6371/1398/1404 6372/1360/1366
f  6373/1360/1366 6374/1398/1404 6375/1399/1405
f  6376/1360/1366 6377/1399/1405 6378/1359/1365
f  6379/1359/1365 6380/1399/1405 6381/1358/1364
f  6382/1358/1364 6383/1399/1405 6384/1400/1406
f  6385/1358/1364 6386/1400/1406 6387/1357/1363
f  6388/1357/1363 6389/1400/1406 6390/1401/1407
f  6391/1357/1363 6392/1401/1407 6393/1356/1362
f  6394/1356/1362 6395/1401/1407 6396/1402/1408
f  6397/1356/1362 6398/1402/1408 6399/1355/1361
f  6400/1355/1361 6401/1402/1408 6402/1403/1409
f  6403/1355/1361 6404/1403/1409 6405/1354/1360
f  6406/1354/1360 6407/1403/1409 6408/1404/1410
f  6409/1354/1360 6410/1404/1410 6411/1353/1359
f  6412/1353/1359 6413/1404/1410 6414/1405/1411
f  6415/1353/1359 6416/1405/1411 6417/1352/1358
f  6418/1352/1358 6419/1405/1411 6420/1406/1412
f  6421/1352/1358 6422/1406/1412 6423/1351/1357
f  6424/1351/1357 6425/1406/1412 6426/1407/1413
f  6427/1350/1356 6428/1408/1414 6429/1409/1415
f  6430/1350/1356 6431/1409/1415 6432/1349/1355
f  6433/1349/1355 6434/1409/1415 6435/1410/1416
f  6436/1349/1355 6437/1410/1416 6438/1348/1354
f  6439/1348/1354 6440/1410/1416 6441/1347/1353
f  6442/1347/1353 6443/1410/1416 6444/1411/1417
f  6445/1347/1353 6446/1411/1417 6447/1346/1352
f  6448/1346/1352 6449/1411/1417 6450/1412/1418
f  6451/1346/1352 6452/1412/1418 6453/1345/1351
f  6454/1345/1351 6455/1412/1418 6456/1413/1419
f  6457/1345/1351 6458/1413/1419 6459/1344/1350
f  6460/1344/1350 6461/1413/1419 6462/1414/1420
f  6463/1344/1350 6464/1414/1420 6465/1343/1349
f  6466/1343/1349 6467/1414/1420 6468/1415/1421
f  6469/1343/1349 6470/1415/1421 6471/1342/1348
f  6472/1342/1348 6473/1415/1421 6474/1416/1422
f  6475/1342/1348 6476/1416/1422 6477/1341/1347
f  6478/1341/1347 6479/1416/1422 6480/1417/1423
f  6481/1341/1347 6482/1417/1423 6483/1145/1149
f  6484/1145/1149 6485/1417/1423 6486/1378/1384
f  6487/1418/1424 6488/1419/1425 6489/1420/1426
f  6490/1418/1424 6491/1420/1426 6492/1421/1427
f  6493/1421/1427 6494/1420/1426 6495/1422/1428
f  6496/1421/1427 6497/1422/1428 6498/1423/1429
f  6499/1423/1429 6500/1422/1428 6501/1424/1430
f  6502/1424/1430 6503/1422/1428 6504/1425/1431
f  6505/1424/1430 6506/1425/1431 6507/1426/1432
f  6508/1427/1433 6509/1428/1434 6510/1429/1435
f  6511/1427/1433 6512/1429/1435 6513/1430/1436
f  6514/1430/1436 6515/1429/1435 6516/1431/1437
f  6517/1430/1436 6518/1431/1437 6519/1432/1438
f  6520/1432/1438 6521/1431/1437 6522/1433/1439
f  6523/1432/1438 6524/1433/1439 6525/1434/1440
f  6526/1434/1440 6527/1433/1439 6528/1435/1441
f  6529/1434/1440 6530/1435/1441 6531/1436/1442
f  6532/1434/1440 6533/1436/1442 6534/1437/1443
f  6535/1437/1443 6536/1436/1442 6537/1438/1444
f  6538/1437/1443 6539/1438/1444 6540/1439/1445
f  6541/1439/1445 6542/1438/1444 6543/1440/1446
f  6544/1439/1445 6545/1440/1446 6546/1441/1447
f  6547/1441/1447 6548/1440/1446 6549/1442/1448
f  6550/1442/1448 6551/1440/1446 6552/1443/1449
f  6553/1442/1448 6554/1443/1449 6555/1444/1450
f  6556/1444/1450 6557/1443/1449 6558/1445/1451
f  6559/1444/1450 6560/1445/1451 6561/1446/1452
f  6562/1446/1452 6563/1445/1451 6564/1447/1453
f  6565/1448/1454 6566/1449/1455 6567/1450/1456
f  6568/1450/1456 6569/1449/1455 6570/1451/1457
f  6571/1450/1456 6572/1451/1457 6573/1452/1458
f  6574/1450/1456 6575/1452/1458 6576/1453/1459
f  6577/1453/1459 6578/1452/1458 6579/1454/1460
f  6580/1453/1459 6581/1454/1460 6582/1455/1461
f  6583/1455/1461 6584/1454/1460 6585/1456/1462
f  6586/1456/1462 6587/1454/1460 6588/1457/1463
f  6589/1456/1462 6590/1457/1463 6591/1458/1464
f  6592/1456/1462 6593/1458/1464 6594/1459/1465
f  6595/1459/1465 6596/1458/1464 6597/1460/1466
f  6598/1459/1465 6599/1460/1466 6600/1461/1467
f  6601/1461/1467 6602/1460/1466 6603/1462/1468
f  6604/1462/1468 6605/1460/1466 6606/1463/1469
f  6607/1462/1468 6608/1463/1469 6609/1464/1470
f  6610/1462/1468 6611/1464/1470 6612/1465/1471
f  6613/1466/1472 6614/1467/1473 6615/1468/1474
f  6616/1466/1472 6617/1468/1474 6618/1469/1475
f  6619/1469/1475 6620/1468/1474 6621/1470/1476
f  6622/1470/1476 6623/1468/1474 6624/1471/1477
f  6625/1470/1476 6626/1471/1477 6627/1472/1478
f  6628/1472/1478 6629/1471/1477 6630/1473/1479
f  6631/1472/1478 6632/1473/1479 6633/1474/1480
f  6634/1474/1480 6635/1473/1479 6636/1475/1481
f  6637/1474/1480 6638/1475/1481 6639/1476/1482
f  6640/1476/1482 6641/1475/1481 6642/1477/1483
f  6643/1476/1482 6644/1477/1483 6645/1478/1484
f  6646/1478/1484 6647/1477/1483 6648/1479/1485
f  6649/1478/1484 6650/1479/1485 6651/1480/1486
f  6652/1478/1484 6653/1480/1486 6654/1481/1487
f  6655/1481/1487 6656/1480/1486 6657/1482/1488
f  6658/1481/1487 6659/1482/1488 6660/1483/1489
f  6661/1484/1490 6662/1485/1491 6663/1486/1492
f  6664/1484/1490 6665/1486/1492 6666/1487/1493
f  6667/1488/1494 6668/1489/1495 6669/1490/1496
f  6670/1488/1494 6671/1490/1496 6672/1491/1497
f  6673/1491/1497 6674/1490/1496 6675/1419/1425
f  6676/1491/1497 6677/1419/1425 6678/1418/1424

