# https://github.com/mikedh/trimesh
v 0.01045600 0.03412000 0.12358900
v 0.01134300 0.03412000 0.12357000
v 0.01222000 0.03412000 0.12354800
v 0.01397100 0.03412000 0.12349600
v 0.01486000 0.03412000 0.12346400
v 0.01044200 0.03453400 0.12362400
v 0.01132800 0.03453300 0.12360500
v 0.01483900 0.03453400 0.12350000
v 0.01573400 0.03453500 0.12346500
v 0.01042800 0.03494200 0.12365300
v 0.01571200 0.03494300 0.12349700
v 0.01037200 0.03660100 0.12372800
v 0.01561700 0.03660300 0.12358000
v 0.01035700 0.03701900 0.12373700
v 0.01123400 0.03701900 0.12371900
v 0.01559200 0.03702100 0.12359100
v 0.01121800 0.03743200 0.12372500
v 0.01208300 0.03743200 0.12370500
v 0.01381000 0.03743300 0.12365800
v 0.01468500 0.03743300 0.12363000
v 0.01556800 0.03743400 0.12359900
v 0.01052500 0.03755200 0.12373900
v 0.01063100 0.03761200 0.12373800
v 0.01074500 0.03766700 0.12373600
v 0.01086700 0.03771800 0.12373400
v 0.01099700 0.03776100 0.12373100
v 0.01113500 0.03779800 0.12372800
v 0.01120600 0.03781200 0.12372700
v 0.01128000 0.03782500 0.12372500
v 0.01135500 0.03783500 0.12372400
v 0.01143300 0.03784200 0.12372200
v 0.01151100 0.03784700 0.12372000
v 0.01121000 0.03763900 0.12372600
v 0.01078000 0.03743200 0.12373400
v 0.01120600 0.03774400 0.12372700
v 0.01099100 0.03763900 0.12373100
v 0.01207500 0.03764000 0.12370700
v 0.01165000 0.03743200 0.12371500
v 0.01164200 0.03763900 0.12371700
v 0.01163700 0.03774400 0.12371700
v 0.01142600 0.03763900 0.12372200
v 0.01142100 0.03774400 0.12372200
v 0.01159200 0.03784800 0.12371900
v 0.01195000 0.03784800 0.12371100
v 0.01230900 0.03784800 0.12370200
v 0.01266900 0.03784800 0.12369300
v 0.01303100 0.03784800 0.12368300
v 0.01339400 0.03784800 0.12367300
v 0.01375800 0.03784800 0.12366200
v 0.01412300 0.03784800 0.12365100
v 0.01449000 0.03784800 0.12364000
v 0.01457300 0.03784600 0.12363700
v 0.01465300 0.03784200 0.12363400
v 0.01473300 0.03783400 0.12363100
v 0.01481000 0.03782400 0.12362900
v 0.01488500 0.03781000 0.12362600
v 0.01495900 0.03779500 0.12362300
v 0.01503100 0.03777700 0.12362100
v 0.01510100 0.03775600 0.12361800
v 0.01523500 0.03771000 0.12361300
v 0.01536000 0.03765700 0.12360800
v 0.01547700 0.03759800 0.12360400
v 0.01558500 0.03753600 0.12359900
v 0.01467300 0.03764100 0.12363200
v 0.01424600 0.03743300 0.12364500
v 0.01379900 0.03764000 0.12366000
v 0.01423500 0.03764100 0.12364700
v 0.01466700 0.03774500 0.12363300
v 0.01445400 0.03764100 0.12364000
v 0.01423000 0.03774500 0.12364800
v 0.01444800 0.03774500 0.12364000
v 0.01512500 0.03743400 0.12361500
v 0.01511300 0.03764100 0.12361700
v 0.01489300 0.03764100 0.12362500
v 0.01488700 0.03774500 0.12362600
v 0.01568300 0.03747000 0.12359500
v 0.01577400 0.03740300 0.12359000
v 0.01585700 0.03733300 0.12358600
v 0.01593300 0.03726200 0.12358200
v 0.01600500 0.03718900 0.12357800
v 0.01607100 0.03711500 0.12357400
v 0.01613200 0.03703900 0.12357000
v 0.01618800 0.03696300 0.12356700
v 0.01625000 0.03686900 0.12356200
v 0.01630700 0.03677200 0.12355700
v 0.01636600 0.03665400 0.12355200
v 0.01640000 0.03657700 0.12354800
v 0.01643100 0.03650000 0.12354400
v 0.01645800 0.03642300 0.12354100
v 0.01648100 0.03634600 0.12353700
v 0.01650200 0.03626800 0.12353300
v 0.01651900 0.03619000 0.12353000
v 0.01653300 0.03611200 0.12352600
v 0.01654500 0.03603400 0.12352200
v 0.01655300 0.03595700 0.12351800
v 0.01655800 0.03587900 0.12351500
v 0.01656000 0.03580200 0.12351100
v 0.01656000 0.03572600 0.12350700
v 0.01655600 0.03564900 0.12350400
v 0.01655000 0.03557200 0.12350000
v 0.01654100 0.03549600 0.12349600
v 0.01652900 0.03542000 0.12349200
v 0.01651400 0.03534300 0.12348800
v 0.01649700 0.03526800 0.12348500
v 0.01647600 0.03519200 0.12348100
v 0.01645200 0.03511700 0.12347700
v 0.01642600 0.03504300 0.12347300
v 0.01639600 0.03496900 0.12347000
v 0.01636300 0.03489500 0.12346600
v 0.01632700 0.03482200 0.12346200
v 0.01628700 0.03474900 0.12345900
v 0.01624400 0.03467700 0.12345500
v 0.01619600 0.03460500 0.12345200
v 0.01614400 0.03453300 0.12344800
v 0.01608900 0.03446200 0.12344500
v 0.01602800 0.03439300 0.12344200
v 0.01596400 0.03432400 0.12343800
v 0.01589500 0.03425700 0.12343600
v 0.01582000 0.03419200 0.12343300
v 0.01574000 0.03412800 0.12343000
v 0.01565400 0.03406500 0.12342800
v 0.01555900 0.03400500 0.12342600
v 0.01545800 0.03394700 0.12342500
v 0.01534800 0.03389300 0.12342400
v 0.01522900 0.03384400 0.12342400
v 0.01510000 0.03379900 0.12342500
v 0.01496200 0.03376200 0.12342600
v 0.01488900 0.03374600 0.12342700
v 0.01481400 0.03373300 0.12342900
v 0.01473600 0.03372200 0.12343100
v 0.01465600 0.03371500 0.12343300
v 0.01457400 0.03371000 0.12343500
v 0.01449000 0.03370800 0.12343800
v 0.01603800 0.03702100 0.12357400
v 0.01558000 0.03722700 0.12359500
v 0.01580200 0.03722700 0.12358700
v 0.01557400 0.03733100 0.12359700
v 0.01579600 0.03733100 0.12358900
v 0.01514900 0.03702100 0.12360800
v 0.01469600 0.03722600 0.12362700
v 0.01513700 0.03722700 0.12361200
v 0.01581500 0.03702100 0.12358300
v 0.01558600 0.03712400 0.12359300
v 0.01580900 0.03712400 0.12358500
v 0.01606400 0.03660300 0.12356300
v 0.01560500 0.03681100 0.12358600
v 0.01605100 0.03681200 0.12356900
v 0.01604400 0.03691600 0.12357100
v 0.01628800 0.03660300 0.12355300
v 0.01605700 0.03670700 0.12356600
v 0.01628100 0.03670800 0.12355700
v 0.01608900 0.03618200 0.12354700
v 0.01562900 0.03639200 0.12357300
v 0.01607600 0.03639200 0.12355500
v 0.01630100 0.03639200 0.12354600
v 0.01607000 0.03649700 0.12355900
v 0.01629400 0.03649800 0.12355000
v 0.01631400 0.03618200 0.12353800
v 0.01608300 0.03628700 0.12355100
v 0.01630700 0.03628700 0.12354200
v 0.01611400 0.03576500 0.12352800
v 0.01610200 0.03597300 0.12353800
v 0.01632700 0.03597400 0.12352900
v 0.01609500 0.03607800 0.12354300
v 0.01632000 0.03607800 0.12353400
v 0.01633900 0.03576600 0.12351900
v 0.01610800 0.03586900 0.12353300
v 0.01633300 0.03586900 0.12352400
v 0.01613800 0.03535300 0.12350500
v 0.01612600 0.03555900 0.12351700
v 0.01635200 0.03555900 0.12350800
v 0.01612000 0.03566200 0.12352300
v 0.01634500 0.03566200 0.12351300
v 0.01636400 0.03535300 0.12349600
v 0.01613200 0.03545600 0.12351100
v 0.01635800 0.03545600 0.12350200
v 0.01616200 0.03494400 0.12347800
v 0.01570000 0.03514700 0.12351100
v 0.01615000 0.03514800 0.12349200
v 0.01637600 0.03514800 0.12348200
v 0.01614400 0.03525000 0.12349900
v 0.01637000 0.03525000 0.12348900
v 0.01615600 0.03504600 0.12348500
v 0.01572300 0.03473900 0.12348200
v 0.01617400 0.03473900 0.12346300
v 0.01616800 0.03484100 0.12347100
v 0.01574600 0.03432700 0.12344800
v 0.01596000 0.03453500 0.12345600
v 0.01574000 0.03443100 0.12345700
v 0.01596500 0.03443100 0.12344700
v 0.01528500 0.03453400 0.12348300
v 0.01530700 0.03412100 0.12344700
v 0.01484900 0.03432700 0.12348300
v 0.01529600 0.03432700 0.12346600
v 0.01575100 0.03422400 0.12343900
v 0.01552100 0.03432700 0.12345700
v 0.01553200 0.03412100 0.12343800
v 0.01530200 0.03422400 0.12345700
v 0.01552600 0.03422400 0.12344800
v 0.01487000 0.03391400 0.12344500
v 0.01531200 0.03401700 0.12343700
v 0.01509400 0.03391400 0.12343600
v 0.01487500 0.03381100 0.12343400
v 0.01441400 0.03412000 0.12348100
v 0.01398100 0.03391400 0.12347600
v 0.01442400 0.03391400 0.12346100
v 0.01464700 0.03391400 0.12345300
v 0.01442900 0.03381100 0.12345100
v 0.01465200 0.03381100 0.12344300
v 0.01412300 0.03370800 0.12345100
v 0.01375700 0.03370800 0.12346400
v 0.01339300 0.03370800 0.12347500
v 0.01303000 0.03370800 0.12348600
v 0.01266900 0.03370800 0.12349700
v 0.01230900 0.03370800 0.12350700
v 0.01195000 0.03370800 0.12351700
v 0.01159200 0.03370800 0.12352600
v 0.01150900 0.03371000 0.12352800
v 0.01142900 0.03371400 0.12353000
v 0.01135000 0.03372200 0.12353300
v 0.01127300 0.03373200 0.12353600
v 0.01119900 0.03374500 0.12353900
v 0.01112700 0.03376100 0.12354200
v 0.01098800 0.03379800 0.12354800
v 0.01085900 0.03384200 0.12355600
v 0.01073900 0.03389200 0.12356300
v 0.01062700 0.03394600 0.12357000
v 0.01052400 0.03400500 0.12357800
v 0.01042800 0.03406600 0.12358500
v 0.01034000 0.03412900 0.12359300
v 0.01025900 0.03419400 0.12360000
v 0.01018400 0.03426000 0.12360700
v 0.01011400 0.03432800 0.12361400
v 0.01004900 0.03439800 0.12362100
v 0.00998800 0.03446900 0.12362700
v 0.00993200 0.03454100 0.12363400
v 0.00988000 0.03461400 0.12364000
v 0.00983200 0.03468800 0.12364600
v 0.00978800 0.03476200 0.12365200
v 0.00974800 0.03483700 0.12365800
v 0.00971200 0.03491100 0.12366400
v 0.00967900 0.03498600 0.12366900
v 0.00965000 0.03506100 0.12367400
v 0.00962400 0.03513600 0.12368000
v 0.00960000 0.03521300 0.12368400
v 0.00958000 0.03529000 0.12368900
v 0.00956300 0.03536700 0.12369400
v 0.00954900 0.03544400 0.12369800
v 0.00953800 0.03552200 0.12370200
v 0.00953000 0.03559900 0.12370600
v 0.00952500 0.03567700 0.12371000
v 0.00952200 0.03575500 0.12371300
v 0.00952300 0.03583200 0.12371700
v 0.00952600 0.03591000 0.12372000
v 0.00953300 0.03598800 0.12372300
v 0.00954200 0.03606700 0.12372600
v 0.00955500 0.03614500 0.12372800
v 0.00957000 0.03622400 0.12373100
v 0.00958900 0.03630200 0.12373300
v 0.00961100 0.03638000 0.12373500
v 0.00963600 0.03645800 0.12373700
v 0.00966500 0.03653500 0.12373800
v 0.00969700 0.03661200 0.12374000
v 0.00973300 0.03669000 0.12374100
v 0.00977400 0.03676900 0.12374200
v 0.00984200 0.03688500 0.12374300
v 0.00991800 0.03699600 0.12374400
v 0.00997500 0.03707100 0.12374400
v 0.01003700 0.03714500 0.12374400
v 0.01010400 0.03721700 0.12374400
v 0.01017600 0.03728800 0.12374400
v 0.01025400 0.03735700 0.12374300
v 0.01033700 0.03742500 0.12374200
v 0.01042700 0.03749000 0.12374100
v 0.01178000 0.03412000 0.12356000
v 0.01222800 0.03391300 0.12352900
v 0.01135000 0.03391300 0.12355100
v 0.01178800 0.03391300 0.12354100
v 0.01156900 0.03391300 0.12354600
v 0.01179200 0.03381000 0.12353100
v 0.01135400 0.03381000 0.12354100
v 0.01157300 0.03381000 0.12353600
v 0.01089800 0.03412000 0.12358000
v 0.01090500 0.03391300 0.12356100
v 0.01112800 0.03391300 0.12355600
v 0.01113100 0.03381000 0.12354600
v 0.01067700 0.03412000 0.12358500
v 0.01090200 0.03401600 0.12357100
v 0.01068000 0.03401600 0.12357600
v 0.01088400 0.03453300 0.12361500
v 0.01133500 0.03432600 0.12358800
v 0.01044900 0.03432600 0.12360700
v 0.01089100 0.03432600 0.12359800
v 0.01000000 0.03453400 0.12363200
v 0.01022700 0.03432600 0.12361100
v 0.01045200 0.03422300 0.12359800
v 0.01022100 0.03453400 0.12362800
v 0.01044500 0.03443000 0.12361600
v 0.01022400 0.03443000 0.12362000
v 0.00998700 0.03494200 0.12366100
v 0.01043500 0.03473700 0.12363900
v 0.00999300 0.03473800 0.12364700
v 0.00999600 0.03463500 0.12364000
v 0.00976600 0.03494200 0.12366500
v 0.00999000 0.03484000 0.12365400
v 0.00997400 0.03535100 0.12368600
v 0.01042100 0.03514600 0.12366600
v 0.00998000 0.03514600 0.12367400
v 0.00976000 0.03514600 0.12367800
v 0.00998300 0.03504400 0.12366800
v 0.00976300 0.03504400 0.12367200
v 0.00975400 0.03535100 0.12369000
v 0.00997700 0.03524900 0.12368000
v 0.00975700 0.03524900 0.12368400
v 0.00996000 0.03576400 0.12370600
v 0.00996700 0.03555700 0.12369700
v 0.00974700 0.03555700 0.12370000
v 0.00997000 0.03545400 0.12369100
v 0.00975000 0.03545400 0.12369500
v 0.00974100 0.03576400 0.12371000
v 0.00996400 0.03566000 0.12370200
v 0.00974400 0.03566000 0.12370500
v 0.00994700 0.03618000 0.12372300
v 0.00995300 0.03597100 0.12371500
v 0.00973400 0.03597200 0.12371900
v 0.00995700 0.03586700 0.12371100
v 0.00973700 0.03586800 0.12371500
v 0.00972800 0.03618000 0.12372700
v 0.00995000 0.03607600 0.12371900
v 0.00973100 0.03607600 0.12372300
v 0.00993300 0.03660100 0.12373600
v 0.01037900 0.03639000 0.12372200
v 0.00994000 0.03639000 0.12373000
v 0.00972100 0.03639000 0.12373300
v 0.00994300 0.03628500 0.12372600
v 0.00972400 0.03628500 0.12373000
v 0.00993600 0.03649500 0.12373300
v 0.00971700 0.03649500 0.12373600
v 0.01036400 0.03680900 0.12373300
v 0.00992600 0.03680900 0.12374000
v 0.00992900 0.03670500 0.12373800
v 0.01035000 0.03722500 0.12374000
v 0.01035400 0.03712200 0.12373800
v 0.01013800 0.03701900 0.12374100
v 0.01013400 0.03712200 0.12374200
v 0.01122600 0.03722500 0.12372200
v 0.01079500 0.03701900 0.12372800
v 0.01078700 0.03722500 0.12373100
v 0.01077600 0.03753600 0.12373400
v 0.01056100 0.03743200 0.12373800
v 0.01159200 0.03702000 0.12371100
v 0.01149600 0.03701600 0.12371400
v 0.01140400 0.03700600 0.12371500
v 0.01131700 0.03698900 0.12371700
v 0.01123400 0.03696800 0.12371800
v 0.01115700 0.03694100 0.12372000
v 0.01108400 0.03691100 0.12372000
v 0.01101600 0.03687800 0.12372100
v 0.01095300 0.03684300 0.12372200
v 0.01089800 0.03680700 0.12372200
v 0.01084400 0.03676900 0.12372300
v 0.01079200 0.03672800 0.12372300
v 0.01074300 0.03668400 0.12372300
v 0.01070000 0.03664200 0.12372200
v 0.01066100 0.03659900 0.12372200
v 0.01059100 0.03651200 0.12372100
v 0.01053000 0.03642200 0.12372000
v 0.01048000 0.03633100 0.12371800
v 0.01043900 0.03623900 0.12371600
v 0.01040600 0.03614700 0.12371300
v 0.01038100 0.03605300 0.12371000
v 0.01036300 0.03596000 0.12370700
v 0.01035300 0.03586600 0.12370400
v 0.01035000 0.03577200 0.12370000
v 0.01035400 0.03567900 0.12369500
v 0.01036500 0.03558600 0.12369100
v 0.01038300 0.03549300 0.12368600
v 0.01040900 0.03540000 0.12368000
v 0.01044200 0.03530900 0.12367500
v 0.01048300 0.03521900 0.12366900
v 0.01053300 0.03512900 0.12366200
v 0.01059300 0.03504100 0.12365600
v 0.01066400 0.03495400 0.12364900
v 0.01070300 0.03491100 0.12364500
v 0.01074600 0.03487000 0.12364200
v 0.01079100 0.03482900 0.12363800
v 0.01084000 0.03479000 0.12363400
v 0.01089300 0.03475200 0.12363000
v 0.01095000 0.03471500 0.12362700
v 0.01101200 0.03468000 0.12362300
v 0.01107900 0.03464700 0.12361900
v 0.01115100 0.03461700 0.12361500
v 0.01122900 0.03459000 0.12361100
v 0.01131200 0.03456800 0.12360800
v 0.01140100 0.03455100 0.12360400
v 0.01149400 0.03454000 0.12360100
v 0.01159200 0.03453600 0.12359900
v 0.01209200 0.03722500 0.12370300
v 0.01165800 0.03722500 0.12371300
v 0.01144200 0.03722500 0.12371800
v 0.01166300 0.03712200 0.12371100
v 0.01123000 0.03712200 0.12372100
v 0.01144600 0.03712200 0.12371600
v 0.01080300 0.03680900 0.12372400
v 0.01101400 0.03701900 0.12372400
v 0.01079900 0.03691400 0.12372600
v 0.01101800 0.03691400 0.12372200
v 0.01058300 0.03680900 0.12372800
v 0.01059100 0.03660100 0.12372400
v 0.01036800 0.03670500 0.12373000
v 0.01058700 0.03670500 0.12372600
v 0.01037500 0.03649500 0.12372500
v 0.01016600 0.03618000 0.12371900
v 0.01017300 0.03597100 0.12371100
v 0.01017000 0.03607600 0.12371500
v 0.01018000 0.03576400 0.12370200
v 0.01017700 0.03586700 0.12370700
v 0.01018700 0.03555700 0.12369300
v 0.01018400 0.03566000 0.12369800
v 0.01019400 0.03535100 0.12368200
v 0.01019000 0.03545400 0.12368700
v 0.01042500 0.03504400 0.12365900
v 0.01065600 0.03473700 0.12363400
v 0.01043200 0.03484000 0.12364600
v 0.01065200 0.03484000 0.12364200
v 0.01110600 0.03453300 0.12361000
v 0.01221200 0.03432600 0.12356600
v 0.01177300 0.03432600 0.12357800
v 0.01195000 0.03453600 0.12359000
v 0.01230900 0.03453600 0.12358100
v 0.01266900 0.03453600 0.12357100
v 0.01303000 0.03453600 0.12356000
v 0.01339300 0.03453600 0.12354900
v 0.01375700 0.03453600 0.12353800
v 0.01412300 0.03453600 0.12352600
v 0.01449000 0.03453600 0.12351300
v 0.01459000 0.03454000 0.12351000
v 0.01468500 0.03455100 0.12350700
v 0.01477400 0.03456900 0.12350500
v 0.01485800 0.03459100 0.12350400
v 0.01493500 0.03461800 0.12350300
v 0.01500600 0.03464800 0.12350300
v 0.01507200 0.03468100 0.12350300
v 0.01513200 0.03471500 0.12350300
v 0.01518800 0.03475100 0.12350400
v 0.01524100 0.03478900 0.12350400
v 0.01528900 0.03482800 0.12350500
v 0.01533400 0.03486700 0.12350600
v 0.01537600 0.03490800 0.12350800
v 0.01541500 0.03494900 0.12350900
v 0.01548500 0.03503500 0.12351200
v 0.01554400 0.03512200 0.12351500
v 0.01559500 0.03521000 0.12351900
v 0.01563600 0.03529900 0.12352200
v 0.01567000 0.03538800 0.12352600
v 0.01569600 0.03547900 0.12353000
v 0.01571500 0.03557100 0.12353500
v 0.01572700 0.03566300 0.12353900
v 0.01573200 0.03575500 0.12354300
v 0.01573000 0.03584800 0.12354800
v 0.01572200 0.03594100 0.12355200
v 0.01570600 0.03603400 0.12355700
v 0.01568200 0.03612700 0.12356100
v 0.01565100 0.03621900 0.12356600
v 0.01561200 0.03631100 0.12357100
v 0.01556300 0.03640300 0.12357600
v 0.01550500 0.03649400 0.12358100
v 0.01527500 0.03473800 0.12349900
v 0.01396200 0.03432600 0.12351400
v 0.01440400 0.03432700 0.12349900
v 0.01528000 0.03463600 0.12349100
v 0.01506200 0.03453400 0.12349200
v 0.01548700 0.03494300 0.12350600
v 0.01571700 0.03484100 0.12348900
v 0.01549900 0.03473800 0.12349100
v 0.01549300 0.03484100 0.12349800
v 0.01570600 0.03504500 0.12350400
v 0.01590100 0.03555800 0.12352600
v 0.01591300 0.03535300 0.12351400
v 0.01590700 0.03545500 0.12352100
v 0.01588900 0.03576500 0.12353700
v 0.01589500 0.03566200 0.12353200
v 0.01587700 0.03597300 0.12354700
v 0.01588300 0.03586900 0.12354200
v 0.01586500 0.03618200 0.12355600
v 0.01587100 0.03607700 0.12355200
v 0.01585300 0.03639200 0.12356400
v 0.01585900 0.03628700 0.12356000
v 0.01562300 0.03649700 0.12357700
v 0.01547100 0.03654000 0.12358400
v 0.01543400 0.03658400 0.12358700
v 0.01539500 0.03662800 0.12358900
v 0.01535200 0.03667200 0.12359200
v 0.01529600 0.03672300 0.12359600
v 0.01523600 0.03677100 0.12359900
v 0.01514500 0.03683300 0.12360400
v 0.01562600 0.03644400 0.12357500
v 0.01584000 0.03660300 0.12357100
v 0.01584600 0.03649700 0.12356800
v 0.01550600 0.03660300 0.12358400
v 0.01562000 0.03655000 0.12357800
v 0.01550900 0.03655000 0.12358300
v 0.01538200 0.03681100 0.12359400
v 0.01561100 0.03670700 0.12358300
v 0.01538800 0.03670700 0.12359200
v 0.01508100 0.03687000 0.12360700
v 0.01501200 0.03690500 0.12361000
v 0.01493800 0.03693700 0.12361300
v 0.01485800 0.03696400 0.12361700
v 0.01477300 0.03698800 0.12362000
v 0.01468400 0.03700500 0.12362400
v 0.01458900 0.03701600 0.12362700
v 0.01449000 0.03702000 0.12363100
v 0.01382000 0.03722600 0.12365500
v 0.01425700 0.03722600 0.12364200
v 0.01447600 0.03722600 0.12363400
v 0.01470200 0.03712300 0.12362500
v 0.01426300 0.03712300 0.12364000
v 0.01448200 0.03712300 0.12363300
v 0.01412300 0.03702000 0.12364300
v 0.01375800 0.03702000 0.12365400
v 0.01339400 0.03702000 0.12366500
v 0.01303100 0.03702000 0.12367500
v 0.01266900 0.03702000 0.12368500
v 0.01230900 0.03702000 0.12369400
v 0.01195000 0.03702000 0.12370300
v 0.01307400 0.03453300 0.12355900
v 0.01395200 0.03453400 0.12353100
v -0.00184500 0.03412000 0.12366100
v -0.00286200 0.03412000 0.12366000
v -0.00488300 0.03411900 0.12365400
v -0.00589900 0.03411800 0.12364800
v -0.00692100 0.03411800 0.12364000
v -0.00691200 0.03453200 0.12367300
v -0.00690400 0.03494000 0.12370200
v -0.00579600 0.03453600 0.12368200
v -0.00589100 0.03454000 0.12368200
v -0.00598200 0.03455000 0.12368200
v -0.00606900 0.03456600 0.12368300
v -0.00615100 0.03458800 0.12368400
v -0.00622800 0.03461300 0.12368500
v -0.00630000 0.03464300 0.12368700
v -0.00636700 0.03467500 0.12368800
v -0.00643000 0.03471000 0.12369000
v -0.00648800 0.03474700 0.12369200
v -0.00654100 0.03478500 0.12369500
v -0.00659100 0.03482400 0.12369700
v -0.00663700 0.03486500 0.12369900
v -0.00690800 0.03473600 0.12368800
v -0.00640100 0.03453200 0.12367800
v -0.00589600 0.03432500 0.12366500
v -0.00539100 0.03411900 0.12365100
v -0.00488000 0.03432500 0.12367100
v -0.00538700 0.03432500 0.12366800
v -0.00639900 0.03463400 0.12368500
v -0.00691600 0.03432400 0.12365700
v -0.00640900 0.03411800 0.12364400
v -0.00640500 0.03432500 0.12366100
v -0.00665200 0.03473600 0.12369000
v -0.00691000 0.03463300 0.12368100
v -0.00665700 0.03453200 0.12367600
v -0.00665500 0.03463400 0.12368300
v -0.00741500 0.03494000 0.12369700
v -0.00742000 0.03473500 0.12368300
v -0.00690600 0.03483800 0.12369500
v -0.00665000 0.03483800 0.12369700
v -0.00665100 0.03478700 0.12369400
v -0.00690100 0.03504200 0.12370800
v -0.00740600 0.03534900 0.12372100
v -0.00741100 0.03514400 0.12371000
v -0.00668000 0.03490600 0.12370200
v -0.00672000 0.03494900 0.12370400
v -0.00679100 0.03503500 0.12370900
v -0.00685200 0.03512400 0.12371400
v -0.00690300 0.03521500 0.12371800
v -0.00694500 0.03530600 0.12372300
v -0.00697900 0.03539900 0.12372800
v -0.00700500 0.03549300 0.12373200
v -0.00702400 0.03558800 0.12373700
v -0.00703400 0.03568300 0.12374100
v -0.00703800 0.03577800 0.12374500
v -0.00677600 0.03494000 0.12370300
v -0.00690500 0.03488900 0.12369900
v -0.00677800 0.03483800 0.12369600
v -0.00677700 0.03488900 0.12370000
v -0.00715900 0.03494000 0.12369900
v -0.00741800 0.03483800 0.12369000
v -0.00716400 0.03473500 0.12368600
v -0.00716100 0.03483800 0.12369300
v -0.00690200 0.03499100 0.12370500
v -0.00677500 0.03499100 0.12370600
v -0.00715500 0.03514400 0.12371200
v -0.00741300 0.03504200 0.12370300
v -0.00715700 0.03504200 0.12370600
v -0.00715000 0.03534900 0.12372400
v -0.00740800 0.03524700 0.12371500
v -0.00715200 0.03524700 0.12371800
v -0.00739600 0.03576200 0.12374100
v -0.00740100 0.03555500 0.12373200
v -0.00714600 0.03555500 0.12373400
v -0.00740400 0.03545200 0.12372700
v -0.00714800 0.03545200 0.12372900
v -0.00714100 0.03576200 0.12374400
v -0.00739900 0.03565900 0.12373700
v -0.00714300 0.03565900 0.12373900
v -0.00739200 0.03597000 0.12375000
v -0.00713600 0.03597000 0.12375200
v -0.00739400 0.03586600 0.12374600
v -0.00713900 0.03586600 0.12374800
v -0.00703800 0.03627400 0.12376400
v -0.00703800 0.03677000 0.12377700
v -0.00703800 0.03743400 0.12378500
v -0.00704300 0.03749600 0.12378600
v -0.00705700 0.03756000 0.12378600
v -0.00706900 0.03759100 0.12378600
v -0.00708300 0.03762200 0.12378600
v -0.00710100 0.03765300 0.12378600
v -0.00712100 0.03768300 0.12378600
v -0.00735700 0.03743200 0.12378300
v -0.00735200 0.03763900 0.12378400
v -0.00735500 0.03753500 0.12378300
v -0.00710400 0.03743200 0.12378500
v -0.00710100 0.03753500 0.12378600
v -0.00736200 0.03722400 0.12378100
v -0.00710200 0.03748400 0.12378500
v -0.00736000 0.03732800 0.12378200
v -0.00710800 0.03722500 0.12378300
v -0.00710600 0.03732800 0.12378400
v -0.00735000 0.03774400 0.12378400
v -0.00722300 0.03774400 0.12378500
v -0.00735100 0.03769100 0.12378400
v -0.00722600 0.03763900 0.12378500
v -0.00722400 0.03769200 0.12378500
v -0.00760700 0.03763900 0.12378100
v -0.00760400 0.03774300 0.12378100
v -0.00714500 0.03771200 0.12378600
v -0.00717300 0.03774000 0.12378600
v -0.00720500 0.03776700 0.12378500
v -0.00724300 0.03779100 0.12378500
v -0.00734900 0.03779600 0.12378400
v -0.00728600 0.03781300 0.12378500
v -0.00733500 0.03783100 0.12378400
v -0.00738900 0.03784300 0.12378400
v -0.00744800 0.03784800 0.12378300
v -0.00750700 0.03784400 0.12378200
v -0.00756300 0.03783300 0.12378200
v -0.00761300 0.03781600 0.12378100
v -0.00765800 0.03779400 0.12378100
v -0.00760300 0.03779600 0.12378100
v -0.00747700 0.03774400 0.12378300
v -0.00747600 0.03779600 0.12378300
v -0.00769600 0.03776900 0.12378000
v -0.00772900 0.03774200 0.12378000
v -0.00775800 0.03771300 0.12378000
v -0.00778200 0.03768400 0.12377900
v -0.00773400 0.03763900 0.12378000
v -0.00760500 0.03769100 0.12378100
v -0.00773200 0.03769100 0.12378000
v -0.00761200 0.03743100 0.12378000
v -0.00760900 0.03753500 0.12378100
v -0.00780300 0.03765400 0.12377900
v -0.00782100 0.03762300 0.12377900
v -0.00783500 0.03759200 0.12377900
v -0.00784700 0.03756000 0.12377800
v -0.00786100 0.03749600 0.12377800
v -0.00786600 0.03743400 0.12377700
v -0.00773600 0.03753500 0.12377900
v -0.00760800 0.03758700 0.12378100
v -0.00773500 0.03758700 0.12378000
v -0.00773900 0.03743100 0.12377900
v -0.00761000 0.03748300 0.12378000
v -0.00773800 0.03748300 0.12377900
v -0.00761700 0.03722400 0.12377800
v -0.00761400 0.03732800 0.12377900
v -0.00786600 0.03677000 0.12376800
v -0.00786600 0.03627400 0.12375500
v -0.00786600 0.03577800 0.12373700
v -0.00786500 0.03569900 0.12373300
v -0.00786000 0.03561900 0.12373000
v -0.00785200 0.03553900 0.12372600
v -0.00784200 0.03546000 0.12372200
v -0.00782800 0.03538100 0.12371800
v -0.00781100 0.03530200 0.12371400
v -0.00779100 0.03522300 0.12371000
v -0.00776800 0.03514500 0.12370600
v -0.00774100 0.03506800 0.12370100
v -0.00771100 0.03499100 0.12369700
v -0.00767800 0.03491400 0.12369200
v -0.00764100 0.03483800 0.12368800
v -0.00760100 0.03476300 0.12368300
v -0.00755600 0.03468800 0.12367800
v -0.00750800 0.03461300 0.12367400
v -0.00745500 0.03454000 0.12366900
v -0.00739800 0.03446700 0.12366400
v -0.00733700 0.03439500 0.12365900
v -0.00727100 0.03432500 0.12365400
v -0.00720000 0.03425700 0.12364900
v -0.00712400 0.03418900 0.12364400
v -0.00704100 0.03412400 0.12363900
v -0.00695200 0.03406000 0.12363400
v -0.00685500 0.03399900 0.12363000
v -0.00675200 0.03394100 0.12362600
v -0.00663900 0.03388700 0.12362100
v -0.00651900 0.03383800 0.12361800
v -0.00639000 0.03379500 0.12361500
v -0.00625300 0.03375900 0.12361200
v -0.00618200 0.03374400 0.12361100
v -0.00610900 0.03373100 0.12361100
v -0.00603300 0.03372100 0.12361000
v -0.00595600 0.03371400 0.12361000
v -0.00587700 0.03371000 0.12361000
v -0.00579600 0.03370800 0.12361100
v -0.00764700 0.03597000 0.12374700
v -0.00765200 0.03576200 0.12373900
v -0.00765000 0.03586600 0.12374300
v -0.00765700 0.03555500 0.12372900
v -0.00765500 0.03565800 0.12373400
v -0.00766200 0.03534900 0.12371800
v -0.00766000 0.03545200 0.12372400
v -0.00766700 0.03514400 0.12370700
v -0.00766500 0.03524600 0.12371300
v -0.00766900 0.03504200 0.12370100
v -0.00716800 0.03453100 0.12367100
v -0.00717300 0.03432400 0.12365500
v -0.00691400 0.03442800 0.12366500
v -0.00717000 0.03442800 0.12366300
v -0.00691900 0.03422100 0.12364900
v -0.00590300 0.03391200 0.12362900
v -0.00641300 0.03391100 0.12362600
v -0.00666500 0.03411800 0.12364200
v -0.00641100 0.03401500 0.12363500
v -0.00666700 0.03401400 0.12363300
v -0.00615800 0.03391200 0.12362800
v -0.00590500 0.03380900 0.12362000
v -0.00616000 0.03380900 0.12361800
v -0.00488600 0.03391200 0.12363500
v -0.00539400 0.03391200 0.12363300
v -0.00564800 0.03391200 0.12363100
v -0.00539600 0.03380900 0.12362300
v -0.00565000 0.03380900 0.12362100
v -0.00522300 0.03370800 0.12361400
v -0.00465100 0.03370800 0.12361700
v -0.00408000 0.03370800 0.12361900
v -0.00351100 0.03370800 0.12362100
v -0.00294200 0.03370800 0.12362200
v -0.00237500 0.03370800 0.12362300
v -0.00180800 0.03370800 0.12362300
v -0.00124200 0.03370800 0.12362300
v -0.00118000 0.03371300 0.12362400
v -0.00112400 0.03372500 0.12362500
v -0.00107300 0.03374400 0.12362700
v -0.00103000 0.03376600 0.12362900
v -0.00099200 0.03379200 0.12363100
v -0.00096000 0.03381900 0.12363400
v -0.00133600 0.03412000 0.12366100
v -0.00184600 0.03391400 0.12364300
v -0.00133700 0.03391400 0.12364300
v -0.00108300 0.03391400 0.12364300
v -0.00133700 0.03381100 0.12363300
v -0.00108300 0.03381100 0.12363300
v -0.00121000 0.03381100 0.12363300
v -0.00133800 0.03375900 0.12362800
v -0.00108300 0.03375900 0.12362800
v -0.00121000 0.03375900 0.12362800
v -0.00159100 0.03391400 0.12364300
v -0.00184600 0.03381100 0.12363300
v -0.00159200 0.03381100 0.12363300
v -0.00235300 0.03412000 0.12366100
v -0.00286400 0.03391300 0.12364100
v -0.00235500 0.03391400 0.12364200
v -0.00095600 0.03391400 0.12364300
v -0.00108300 0.03386200 0.12363800
v -0.00095600 0.03386200 0.12363800
v -0.00108200 0.03412000 0.12366100
v -0.00133700 0.03401700 0.12365200
v -0.00108200 0.03401700 0.12365200
v -0.00184400 0.03432700 0.12367800
v -0.00133500 0.03432700 0.12367800
v -0.00093300 0.03384700 0.12363700
v -0.00090900 0.03387500 0.12363900
v -0.00088900 0.03390500 0.12364200
v -0.00087200 0.03393500 0.12364500
v -0.00085800 0.03396600 0.12364800
v -0.00084700 0.03399800 0.12365100
v -0.00083300 0.03406000 0.12365600
v -0.00082800 0.03412100 0.12366100
v -0.00083200 0.03418300 0.12366700
v -0.00084700 0.03424500 0.12367200
v -0.00085800 0.03427700 0.12367500
v -0.00087200 0.03430800 0.12367700
v -0.00088900 0.03433800 0.12367900
v -0.00090900 0.03436800 0.12368200
v -0.00093200 0.03439700 0.12368400
v -0.00096000 0.03442500 0.12368600
v -0.00095500 0.03401700 0.12365200
v -0.00108300 0.03396500 0.12364800
v -0.00095500 0.03396500 0.12364800
v -0.00095500 0.03412000 0.12366100
v -0.00108200 0.03406900 0.12365700
v -0.00095500 0.03406900 0.12365700
v -0.00108100 0.03432700 0.12367900
v -0.00133600 0.03422400 0.12367000
v -0.00108200 0.03422400 0.12367000
v -0.00095500 0.03422400 0.12367000
v -0.00108200 0.03417200 0.12366600
v -0.00095500 0.03417200 0.12366600
v -0.00095400 0.03432700 0.12367900
v -0.00108200 0.03427500 0.12367400
v -0.00095500 0.03427500 0.12367400
v -0.00133500 0.03443100 0.12368700
v -0.00108100 0.03443100 0.12368700
v -0.00108100 0.03437900 0.12368300
v -0.00095400 0.03437900 0.12368300
v -0.00099200 0.03445200 0.12368800
v -0.00103000 0.03447800 0.12369000
v -0.00107400 0.03450000 0.12369200
v -0.00112400 0.03451900 0.12369300
v -0.00118000 0.03453100 0.12369400
v -0.00124200 0.03453600 0.12369500
v -0.00108100 0.03448200 0.12369100
v -0.00133500 0.03448200 0.12369100
v -0.00120800 0.03443100 0.12368700
v -0.00120800 0.03448200 0.12369100
v -0.00184300 0.03443000 0.12368600
v -0.00158900 0.03432700 0.12367800
v -0.00158900 0.03443000 0.12368700
v -0.00286100 0.03432600 0.12367700
v -0.00235200 0.03432700 0.12367800
v -0.00180800 0.03453600 0.12369400
v -0.00237500 0.03453600 0.12369400
v -0.00294200 0.03453600 0.12369300
v -0.00351100 0.03453600 0.12369200
v -0.00408000 0.03453600 0.12369000
v -0.00465100 0.03453600 0.12368800
v -0.00522300 0.03453600 0.12368600
v -0.00184200 0.03453400 0.12369400
v -0.00386700 0.03453300 0.12369100
v -0.00487700 0.03453300 0.12368700
v -0.00589200 0.03453200 0.12368100
v -0.01038600 0.03453200 0.12362500
v -0.01563900 0.03453400 0.12346900
v -0.01120400 0.03617900 0.12369800
v -0.01118900 0.03660000 0.12371100
v -0.01205000 0.03660000 0.12369200
v -0.01464300 0.03660100 0.12361600
v -0.01203300 0.03701800 0.12370100
v -0.01375000 0.03701900 0.12365400
v -0.01462000 0.03701900 0.12362600
v -0.01201500 0.03743100 0.12370700
v -0.01286900 0.03743200 0.12368500
v -0.01372900 0.03743200 0.12366100
v -0.01129200 0.03688600 0.12371600
v -0.01134600 0.03696700 0.12371600
v -0.01140600 0.03704700 0.12371600
v -0.01147000 0.03712600 0.12371600
v -0.01154100 0.03720500 0.12371500
v -0.01161700 0.03728100 0.12371500
v -0.01170100 0.03735600 0.12371400
v -0.01179100 0.03742800 0.12371200
v -0.01189000 0.03749900 0.12371000
v -0.01199600 0.03756600 0.12370800
v -0.01211200 0.03762800 0.12370600
v -0.01223700 0.03768600 0.12370300
v -0.01237300 0.03773800 0.12370000
v -0.01160200 0.03701800 0.12371100
v -0.01204200 0.03680900 0.12369700
v -0.01161900 0.03660000 0.12370200
v -0.01161000 0.03680900 0.12370700
v -0.01160600 0.03691300 0.12370900
v -0.01139500 0.03680900 0.12371200
v -0.01139100 0.03691300 0.12371400
v -0.01202400 0.03722400 0.12370400
v -0.01202000 0.03732800 0.12370600
v -0.01180900 0.03722400 0.12371000
v -0.01180400 0.03732800 0.12371100
v -0.01244100 0.03743100 0.12369600
v -0.01287800 0.03722500 0.12368300
v -0.01245900 0.03701800 0.12369000
v -0.01245000 0.03722400 0.12369400
v -0.01285900 0.03763900 0.12368700
v -0.01243200 0.03763900 0.12369800
v -0.01244400 0.03776000 0.12369800
v -0.01251900 0.03778100 0.12369700
v -0.01259500 0.03780000 0.12369500
v -0.01267400 0.03781500 0.12369300
v -0.01275500 0.03782800 0.12369100
v -0.01283700 0.03783800 0.12368800
v -0.01292200 0.03784500 0.12368600
v -0.01300700 0.03784800 0.12368400
v -0.01309400 0.03784700 0.12368200
v -0.01317900 0.03784300 0.12367900
v -0.01326400 0.03783600 0.12367700
v -0.01334700 0.03782500 0.12367400
v -0.01342900 0.03781200 0.12367200
v -0.01350900 0.03779500 0.12367000
v -0.01358800 0.03777500 0.12366700
v -0.01366400 0.03775300 0.12366500
v -0.01373700 0.03772800 0.12366300
v -0.01380700 0.03770200 0.12366000
v -0.01393900 0.03764400 0.12365600
v -0.01406100 0.03758000 0.12365200
v -0.01417300 0.03751200 0.12364800
v -0.01427600 0.03744000 0.12364400
v -0.01437000 0.03736500 0.12364000
v -0.01445700 0.03728900 0.12363600
v -0.01453600 0.03721100 0.12363200
v -0.01460800 0.03713100 0.12362900
v -0.01467500 0.03705000 0.12362500
v -0.01473500 0.03696800 0.12362100
v -0.01479000 0.03688600 0.12361800
v -0.01285400 0.03774400 0.12368800
v -0.01264500 0.03763900 0.12369300
v -0.01264100 0.03774300 0.12369300
v -0.01371900 0.03764000 0.12366300
v -0.01329800 0.03743200 0.12367300
v -0.01328800 0.03764000 0.12367500
v -0.01328300 0.03774400 0.12367600
v -0.01307300 0.03763900 0.12368100
v -0.01306800 0.03774400 0.12368200
v -0.01350300 0.03764000 0.12366900
v -0.01349800 0.03774400 0.12367000
v -0.01416200 0.03743200 0.12364700
v -0.01418400 0.03701900 0.12364100
v -0.01374000 0.03722500 0.12365800
v -0.01417300 0.03722500 0.12364400
v -0.01439100 0.03722500 0.12363700
v -0.01416800 0.03732900 0.12364600
v -0.01440200 0.03701900 0.12363300
v -0.01417900 0.03712200 0.12364300
v -0.01439600 0.03712200 0.12363600
v -0.01463100 0.03681000 0.12362100
v -0.01420600 0.03660100 0.12363000
v -0.01419500 0.03680900 0.12363600
v -0.01462600 0.03691400 0.12362400
v -0.01486800 0.03677000 0.12361200
v -0.01507100 0.03646700 0.12359600
v -0.01527400 0.03616500 0.12357900
v -0.01547700 0.03586300 0.12355800
v -0.01568000 0.03556000 0.12353500
v -0.01588200 0.03525800 0.12351000
v -0.01608500 0.03495600 0.12348200
v -0.01628700 0.03465500 0.12345200
v -0.01649000 0.03435300 0.12341800
v -0.01650800 0.03432400 0.12341500
v -0.01652300 0.03429400 0.12341200
v -0.01654500 0.03423300 0.12340500
v -0.01655700 0.03417100 0.12339900
v -0.01656000 0.03411000 0.12339300
v -0.01655400 0.03404800 0.12338800
v -0.01653800 0.03398800 0.12338300
v -0.01651300 0.03392900 0.12337800
v -0.01649600 0.03390000 0.12337600
v -0.01647500 0.03387100 0.12337400
v -0.01608700 0.03453400 0.12345100
v -0.01611000 0.03412000 0.12341400
v -0.01565000 0.03432600 0.12345200
v -0.01609900 0.03432700 0.12343300
v -0.01631200 0.03453400 0.12344100
v -0.01632400 0.03432700 0.12342300
v -0.01609300 0.03443000 0.12344200
v -0.01631800 0.03443000 0.12343200
v -0.01562800 0.03473700 0.12348500
v -0.01607500 0.03473800 0.12346700
v -0.01643600 0.03432700 0.12341800
v -0.01632100 0.03437900 0.12342800
v -0.01643300 0.03437900 0.12342300
v -0.01633500 0.03412000 0.12340400
v -0.01610400 0.03422300 0.12342400
v -0.01632900 0.03422300 0.12341400
v -0.01612200 0.03391400 0.12339400
v -0.01644200 0.03422400 0.12340900
v -0.01632600 0.03427500 0.12341900
v -0.01643900 0.03427500 0.12341400
v -0.01634700 0.03391400 0.12338400
v -0.01611600 0.03401700 0.12340400
v -0.01634100 0.03401700 0.12339400
v -0.01645400 0.03401700 0.12338900
v -0.01646000 0.03391400 0.12337900
v -0.01634400 0.03396500 0.12338900
v -0.01645700 0.03396500 0.12338400
v -0.01612700 0.03381100 0.12338400
v -0.01635300 0.03381100 0.12337400
v -0.01635000 0.03386200 0.12337900
v -0.01645200 0.03384200 0.12337300
v -0.01642400 0.03381500 0.12337100
v -0.01639100 0.03378800 0.12337000
v -0.01635300 0.03376400 0.12336900
v -0.01624000 0.03381100 0.12337900
v -0.01613000 0.03375900 0.12337800
v -0.01624300 0.03375900 0.12337300
v -0.01589700 0.03391300 0.12340400
v -0.01630700 0.03374100 0.12336900
v -0.01625400 0.03372200 0.12336900
v -0.01619300 0.03371100 0.12337000
v -0.01616100 0.03370800 0.12337200
v -0.01612700 0.03370800 0.12337300
v -0.01601500 0.03381100 0.12338800
v -0.01601700 0.03375900 0.12338300
v -0.01606400 0.03371600 0.12337700
v -0.01600500 0.03373300 0.12338100
v -0.01595500 0.03375500 0.12338500
v -0.01591300 0.03378000 0.12339000
v -0.01587900 0.03380600 0.12339400
v -0.01584900 0.03383400 0.12339800
v -0.01582400 0.03386300 0.12340200
v -0.01580200 0.03389100 0.12340500
v -0.01588500 0.03412000 0.12342400
v -0.01589100 0.03401700 0.12341400
v -0.01559100 0.03420600 0.12344300
v -0.01537900 0.03452200 0.12347900
v -0.01516600 0.03484000 0.12351100
v -0.01495200 0.03515900 0.12354000
v -0.01473600 0.03548000 0.12356700
v -0.01452000 0.03580300 0.12359000
v -0.01430100 0.03612800 0.12361200
v -0.01408100 0.03645600 0.12363000
v -0.01407200 0.03647000 0.12363100
v -0.01465400 0.03639000 0.12360900
v -0.01421700 0.03639000 0.12362400
v -0.01421100 0.03649500 0.12362700
v -0.01410200 0.03649500 0.12363100
v -0.01421400 0.03644200 0.12362500
v -0.01410500 0.03644200 0.12362900
v -0.01442400 0.03660100 0.12362300
v -0.01464800 0.03649500 0.12361200
v -0.01443500 0.03639000 0.12361600
v -0.01442900 0.03649500 0.12362000
v -0.01410400 0.03646900 0.12363000
v -0.01331800 0.03701900 0.12366700
v -0.01409700 0.03660100 0.12363400
v -0.01420800 0.03654800 0.12362900
v -0.01409900 0.03654800 0.12363200
v -0.01397700 0.03680900 0.12364300
v -0.01420000 0.03670500 0.12363300
v -0.01398300 0.03670500 0.12364000
v -0.01403900 0.03651700 0.12363300
v -0.01400200 0.03656400 0.12363600
v -0.01396300 0.03661000 0.12363800
v -0.01391900 0.03665600 0.12364100
v -0.01385600 0.03671500 0.12364400
v -0.01378900 0.03677000 0.12364800
v -0.01370500 0.03682800 0.12365200
v -0.01363900 0.03686600 0.12365500
v -0.01356700 0.03690300 0.12365800
v -0.01349000 0.03693600 0.12366000
v -0.01340700 0.03696500 0.12366300
v -0.01331900 0.03698900 0.12366700
v -0.01322500 0.03700600 0.12367000
v -0.01312700 0.03701700 0.12367300
v -0.01302400 0.03702000 0.12367500
v -0.01292200 0.03701400 0.12367800
v -0.01282600 0.03700200 0.12368100
v -0.01273600 0.03698200 0.12368300
v -0.01265100 0.03695700 0.12368400
v -0.01257100 0.03692800 0.12368600
v -0.01249800 0.03689500 0.12368700
v -0.01243000 0.03685900 0.12368800
v -0.01236700 0.03682100 0.12368900
v -0.01229300 0.03676900 0.12369000
v -0.01222400 0.03671300 0.12369000
v -0.01216000 0.03665200 0.12369000
v -0.01211800 0.03660800 0.12369000
v -0.01207900 0.03656200 0.12369000
v -0.01204300 0.03651600 0.12369000
v -0.01201000 0.03647000 0.12368900
v -0.01353400 0.03701900 0.12366100
v -0.01330800 0.03722500 0.12367100
v -0.01309300 0.03722500 0.12367700
v -0.01331300 0.03712200 0.12366900
v -0.01288300 0.03712100 0.12368100
v -0.01309800 0.03712100 0.12367500
v -0.01224600 0.03701800 0.12369600
v -0.01225500 0.03680900 0.12369200
v -0.01203700 0.03691300 0.12369900
v -0.01225000 0.03691300 0.12369400
v -0.01204600 0.03670400 0.12369400
v -0.01163500 0.03617900 0.12368900
v -0.01162700 0.03638900 0.12369600
v -0.01183400 0.03660000 0.12369700
v -0.01184300 0.03638900 0.12369100
v -0.01162300 0.03649400 0.12369900
v -0.01183900 0.03649400 0.12369400
v -0.01200100 0.03645600 0.12368900
v -0.01194700 0.03649400 0.12369100
v -0.01184100 0.03644200 0.12369200
v -0.01194900 0.03644200 0.12369000
v -0.01163100 0.03628400 0.12369200
v -0.01184700 0.03628400 0.12368700
v -0.01200100 0.03649400 0.12369000
v -0.01194800 0.03646800 0.12369100
v -0.01194200 0.03660000 0.12369400
v -0.01183600 0.03654700 0.12369500
v -0.01194400 0.03654700 0.12369300
v -0.01182600 0.03680900 0.12370200
v -0.01161400 0.03670400 0.12370500
v -0.01183000 0.03670400 0.12370000
v -0.01178100 0.03612800 0.12368300
v -0.01156300 0.03580300 0.12367500
v -0.01134600 0.03548000 0.12366500
v -0.01113000 0.03515900 0.12365200
v -0.01091600 0.03483900 0.12363600
v -0.01070300 0.03452200 0.12361700
v -0.01049100 0.03420600 0.12359600
v -0.01028000 0.03389100 0.12357200
v -0.01025900 0.03386300 0.12357000
v -0.01023400 0.03383400 0.12356800
v -0.01020400 0.03380600 0.12356500
v -0.01017000 0.03378000 0.12356400
v -0.01013100 0.03375600 0.12356200
v -0.01008400 0.03373500 0.12356100
v -0.00996000 0.03411900 0.12359900
v -0.00996600 0.03391200 0.12358000
v -0.01018600 0.03391200 0.12357600
v -0.00997000 0.03380900 0.12357000
v -0.01018000 0.03411900 0.12359500
v -0.00996300 0.03401500 0.12359000
v -0.01018300 0.03401500 0.12358500
v -0.00994700 0.03453300 0.12363300
v -0.01039300 0.03432500 0.12360800
v -0.00995400 0.03432500 0.12361600
v -0.01008000 0.03380900 0.12356800
v -0.00997100 0.03375800 0.12356500
v -0.01008100 0.03375800 0.12356300
v -0.00974700 0.03391200 0.12358400
v -0.00975000 0.03380900 0.12357400
v -0.01002800 0.03371900 0.12356000
v -0.00996900 0.03370900 0.12356000
v -0.00993500 0.03370800 0.12356100
v -0.00990300 0.03370900 0.12356200
v -0.00984300 0.03371800 0.12356400
v -0.00978900 0.03373500 0.12356600
v -0.00974100 0.03375700 0.12356900
v -0.00986000 0.03380900 0.12357200
v -0.00986100 0.03375800 0.12356700
v -0.00970100 0.03378100 0.12357200
v -0.00966600 0.03380800 0.12357500
v -0.00963700 0.03383600 0.12357900
v -0.00961200 0.03386400 0.12358200
v -0.00959000 0.03389400 0.12358500
v -0.00957200 0.03392400 0.12358800
v -0.00955800 0.03395400 0.12359100
v -0.00954600 0.03398400 0.12359400
v -0.00952900 0.03404500 0.12360000
v -0.00952200 0.03410800 0.12360600
v -0.00952500 0.03417000 0.12361100
v -0.00953700 0.03423200 0.12361600
v -0.00954700 0.03426300 0.12361800
v -0.00955900 0.03429400 0.12362100
v -0.00957400 0.03432400 0.12362300
v -0.00959200 0.03435300 0.12362500
v -0.00963800 0.03391200 0.12358600
v -0.00974900 0.03386100 0.12357900
v -0.00974100 0.03411900 0.12360300
v -0.00974400 0.03401500 0.12359400
v -0.00963400 0.03401600 0.12359500
v -0.00974600 0.03396400 0.12358900
v -0.00963600 0.03396400 0.12359100
v -0.00973500 0.03432500 0.12362000
v -0.00995700 0.03422200 0.12360800
v -0.00973800 0.03422200 0.12361200
v -0.00962500 0.03432500 0.12362200
v -0.00973600 0.03427400 0.12361600
v -0.00962800 0.03422200 0.12361400
v -0.00962700 0.03427400 0.12361800
v -0.00972800 0.03453300 0.12363700
v -0.00995000 0.03442900 0.12362500
v -0.00973100 0.03442900 0.12362900
v -0.01037900 0.03473600 0.12364000
v -0.00994100 0.03473600 0.12364800
v -0.00973300 0.03437700 0.12362500
v -0.00962400 0.03437700 0.12362600
v -0.00979500 0.03465500 0.12364500
v -0.00999800 0.03495700 0.12366200
v -0.01020000 0.03525900 0.12367600
v -0.01040300 0.03556000 0.12368900
v -0.01060500 0.03586200 0.12369900
v -0.01080800 0.03616400 0.12370600
v -0.01101100 0.03646700 0.12371200
v -0.01121400 0.03676900 0.12371500
v -0.01559400 0.03535100 0.12352700
v -0.01468700 0.03576300 0.12358300
v -0.01898500 0.03411200 0.12327100
v -0.01970200 0.03411300 0.12323000
v -0.02042300 0.03411500 0.12318600
v -0.02253600 0.03412000 0.12304300
v -0.02325400 0.03412200 0.12299000
v -0.02397800 0.03412400 0.12293300
v -0.01895600 0.03452700 0.12331000
v -0.02393800 0.03453900 0.12297600
v -0.02466800 0.03454100 0.12291800
v -0.01892700 0.03493600 0.12334300
v -0.02462500 0.03495100 0.12295600
v -0.01889800 0.03534600 0.12337200
v -0.02458200 0.03536100 0.12299100
v -0.01886700 0.03575900 0.12339700
v -0.01957800 0.03576100 0.12335800
v -0.02029200 0.03576200 0.12331600
v -0.02098500 0.03576400 0.12327400
v -0.02168200 0.03576600 0.12322900
v -0.02453700 0.03577500 0.12302100
v -0.02449100 0.03619300 0.12304700
v -0.02444400 0.03661500 0.12307000
v -0.02367800 0.03703200 0.12314300
v -0.02439600 0.03703500 0.12308900
v -0.01874000 0.03743100 0.12345800
v -0.01944400 0.03743300 0.12342200
v -0.02222100 0.03744100 0.12325500
v -0.02292300 0.03744400 0.12320700
v -0.02363200 0.03744700 0.12315700
v -0.01863000 0.03702000 0.12345600
v -0.01856600 0.03702500 0.12346000
v -0.01850800 0.03703800 0.12346300
v -0.01845700 0.03705800 0.12346600
v -0.01841300 0.03708200 0.12346900
v -0.01837500 0.03710800 0.12347100
v -0.01834300 0.03713600 0.12347300
v -0.01831700 0.03716400 0.12347500
v -0.01829400 0.03719200 0.12347700
v -0.01827400 0.03722200 0.12347800
v -0.01825800 0.03725300 0.12348000
v -0.01823400 0.03731300 0.12348200
v -0.01822000 0.03737500 0.12348400
v -0.01821600 0.03743700 0.12348500
v -0.01838800 0.03743100 0.12347600
v -0.01875600 0.03722400 0.12345400
v -0.01840400 0.03722300 0.12347200
v -0.01858000 0.03722400 0.12346300
v -0.01876400 0.03712100 0.12345200
v -0.01841200 0.03712000 0.12346900
v -0.01858800 0.03712000 0.12346100
v -0.01909100 0.03743200 0.12344000
v -0.01946100 0.03722600 0.12341700
v -0.01910800 0.03722500 0.12343600
v -0.01831600 0.03722300 0.12347600
v -0.01840800 0.03717200 0.12347100
v -0.01839600 0.03732700 0.12347400
v -0.01872400 0.03763900 0.12346200
v -0.01837200 0.03763900 0.12348000
v -0.01830800 0.03732700 0.12347800
v -0.01840000 0.03727500 0.12347300
v -0.01831200 0.03727500 0.12347700
v -0.01856400 0.03743100 0.12346700
v -0.01874800 0.03732800 0.12345600
v -0.01857200 0.03732700 0.12346500
v -0.01838000 0.03753400 0.12347800
v -0.01822100 0.03749700 0.12348500
v -0.01823500 0.03755900 0.12348500
v -0.01824600 0.03759000 0.12348500
v -0.01826000 0.03762100 0.12348500
v -0.01827700 0.03765100 0.12348400
v -0.01829700 0.03768000 0.12348400
v -0.01832000 0.03770900 0.12348300
v -0.01834700 0.03773600 0.12348200
v -0.01837600 0.03758600 0.12347900
v -0.01829200 0.03753400 0.12348200
v -0.01828800 0.03758600 0.12348300
v -0.01854800 0.03763900 0.12347100
v -0.01873200 0.03753500 0.12346000
v -0.01855600 0.03753500 0.12346900
v -0.01942600 0.03764100 0.12342500
v -0.01907400 0.03764000 0.12344400
v -0.01871600 0.03774400 0.12346400
v -0.01854000 0.03774300 0.12347200
v -0.01837900 0.03776300 0.12348000
v -0.01841600 0.03778900 0.12347900
v -0.01853600 0.03779600 0.12347300
v -0.01845200 0.03774300 0.12347700
v -0.01844800 0.03779500 0.12347700
v -0.01845900 0.03781100 0.12347700
v -0.01851000 0.03783000 0.12347500
v -0.01856600 0.03784300 0.12347200
v -0.01863000 0.03784800 0.12346900
v -0.01890700 0.03784800 0.12345500
v -0.01918500 0.03784800 0.12344000
v -0.01946400 0.03784800 0.12342600
v -0.01974400 0.03784800 0.12341000
v -0.02002500 0.03784800 0.12339500
v -0.02030700 0.03784800 0.12337900
v -0.02059000 0.03784800 0.12336200
v -0.02087400 0.03784800 0.12334600
v -0.02115900 0.03784800 0.12332800
v -0.02144500 0.03784800 0.12331100
v -0.02173200 0.03784800 0.12329300
v -0.02202100 0.03784800 0.12327400
v -0.02231000 0.03784800 0.12325500
v -0.02260000 0.03784800 0.12323600
v -0.02289200 0.03784800 0.12321600
v -0.02318400 0.03784800 0.12319600
v -0.02327400 0.03784600 0.12318900
v -0.02336200 0.03784100 0.12318300
v -0.02344700 0.03783200 0.12317700
v -0.02353000 0.03781900 0.12317100
v -0.02361000 0.03780400 0.12316500
v -0.02368800 0.03778600 0.12315900
v -0.02376300 0.03776600 0.12315300
v -0.02383600 0.03774300 0.12314800
v -0.02390600 0.03771900 0.12314200
v -0.02397400 0.03769200 0.12313700
v -0.02410100 0.03763500 0.12312600
v -0.02421700 0.03757300 0.12311600
v -0.02432300 0.03750700 0.12310700
v -0.02442000 0.03743900 0.12309800
v -0.02450800 0.03737000 0.12309000
v -0.02458900 0.03729900 0.12308200
v -0.02466300 0.03722700 0.12307400
v -0.02360900 0.03765500 0.12316300
v -0.02327700 0.03744500 0.12318200
v -0.02290100 0.03765200 0.12321200
v -0.02325400 0.03765400 0.12318800
v -0.02324300 0.03775800 0.12319000
v -0.02307800 0.03765300 0.12320000
v -0.02289000 0.03775700 0.12321500
v -0.02306600 0.03775700 0.12320300
v -0.02257200 0.03744300 0.12323100
v -0.02220000 0.03764900 0.12326000
v -0.02255000 0.03765100 0.12323600
v -0.02359700 0.03775900 0.12316500
v -0.02343100 0.03765400 0.12317500
v -0.02342000 0.03775900 0.12317800
v -0.02398900 0.03744800 0.12313100
v -0.02396500 0.03765600 0.12313700
v -0.02378700 0.03765600 0.12315000
v -0.02437200 0.03724200 0.12309700
v -0.02473100 0.03715300 0.12306600
v -0.02479400 0.03708000 0.12305900
v -0.02485200 0.03700500 0.12305200
v -0.02490400 0.03693000 0.12304600
v -0.02494700 0.03686300 0.12304000
v -0.02498800 0.03679500 0.12303400
v -0.02503200 0.03671300 0.12302700
v -0.02507200 0.03662800 0.12302100
v -0.02510500 0.03655200 0.12301500
v -0.02513400 0.03647600 0.12300900
v -0.02515900 0.03640000 0.12300400
v -0.02518200 0.03632300 0.12299800
v -0.02520100 0.03624700 0.12299300
v -0.02521700 0.03617100 0.12298800
v -0.02523000 0.03609500 0.12298300
v -0.02524100 0.03601900 0.12297800
v -0.02524800 0.03594400 0.12297300
v -0.02525200 0.03586800 0.12296800
v -0.02525400 0.03579300 0.12296400
v -0.02525400 0.03571800 0.12295900
v -0.02525000 0.03564400 0.12295500
v -0.02524400 0.03556900 0.12295100
v -0.02523500 0.03549400 0.12294600
v -0.02522400 0.03542000 0.12294200
v -0.02520900 0.03534600 0.12293800
v -0.02519200 0.03527200 0.12293400
v -0.02517200 0.03519800 0.12293000
v -0.02514900 0.03512500 0.12292700
v -0.02512400 0.03505300 0.12292300
v -0.02509500 0.03498100 0.12292000
v -0.02506400 0.03490900 0.12291700
v -0.02502900 0.03483800 0.12291400
v -0.02499100 0.03476600 0.12291100
v -0.02494900 0.03469500 0.12290800
v -0.02490300 0.03462400 0.12290600
v -0.02485300 0.03455300 0.12290300
v -0.02479900 0.03448300 0.12290100
v -0.02474100 0.03441400 0.12290000
v -0.02467900 0.03434600 0.12289800
v -0.02461200 0.03427900 0.12289700
v -0.02454000 0.03421400 0.12289700
v -0.02446300 0.03415000 0.12289700
v -0.02437900 0.03408700 0.12289700
v -0.02428700 0.03402600 0.12289800
v -0.02418800 0.03396700 0.12290000
v -0.02407900 0.03391000 0.12290300
v -0.02395900 0.03385800 0.12290700
v -0.02382800 0.03381000 0.12291200
v -0.02480600 0.03661700 0.12304200
v -0.02442000 0.03682500 0.12308000
v -0.02478200 0.03682600 0.12305200
v -0.02498800 0.03661800 0.12302700
v -0.02479400 0.03672100 0.12304700
v -0.02497600 0.03672200 0.12303200
v -0.02485500 0.03619400 0.12301900
v -0.02446700 0.03640400 0.12305900
v -0.02483100 0.03640500 0.12303100
v -0.02501300 0.03640600 0.12301600
v -0.02481800 0.03651100 0.12303600
v -0.02500000 0.03651200 0.12302200
v -0.02503700 0.03619500 0.12300400
v -0.02484300 0.03630000 0.12302500
v -0.02502500 0.03630000 0.12301000
v -0.02490200 0.03577600 0.12299200
v -0.02451400 0.03598300 0.12303500
v -0.02487800 0.03598500 0.12300600
v -0.02506100 0.03598600 0.12299100
v -0.02486700 0.03609000 0.12301200
v -0.02504900 0.03609000 0.12299700
v -0.02508500 0.03577700 0.12297700
v -0.02489000 0.03588100 0.12299900
v -0.02507300 0.03588100 0.12298400
v -0.02494700 0.03536200 0.12296100
v -0.02455900 0.03556800 0.12300600
v -0.02492500 0.03556900 0.12297700
v -0.02510800 0.03557000 0.12296200
v -0.02491300 0.03567300 0.12298400
v -0.02509600 0.03567300 0.12296900
v -0.02513100 0.03536300 0.12294600
v -0.02493600 0.03546600 0.12296900
v -0.02512000 0.03546600 0.12295400
v -0.02499200 0.03495200 0.12292600
v -0.02460400 0.03515600 0.12297400
v -0.02497000 0.03515700 0.12294400
v -0.02495900 0.03526000 0.12295300
v -0.02514200 0.03526000 0.12293800
v -0.02498100 0.03505500 0.12293500
v -0.02464600 0.03474600 0.12293800
v -0.02480800 0.03495200 0.12294100
v -0.02483000 0.03474600 0.12292300
v -0.02463600 0.03484800 0.12294700
v -0.02481900 0.03484900 0.12293200
v -0.02426000 0.03495000 0.12298600
v -0.02430200 0.03454000 0.12294700
v -0.02428100 0.03474500 0.12296700
v -0.02465700 0.03464300 0.12292800
v -0.02484100 0.03464400 0.12291300
v -0.02467800 0.03443700 0.12290700
v -0.02395800 0.03433100 0.12295500
v -0.02432200 0.03433200 0.12292600
v -0.02448400 0.03454100 0.12293300
v -0.02450500 0.03433300 0.12291100
v -0.02431200 0.03443600 0.12293700
v -0.02449500 0.03443700 0.12292200
v -0.02433300 0.03422900 0.12291500
v -0.02361500 0.03412300 0.12296200
v -0.02327200 0.03391500 0.12296700
v -0.02363400 0.03391600 0.12293900
v -0.02375800 0.03378800 0.12291500
v -0.02368400 0.03376900 0.12291900
v -0.02360700 0.03375100 0.12292300
v -0.02352700 0.03373600 0.12292700
v -0.02344400 0.03372400 0.12293300
v -0.02336000 0.03371500 0.12293800
v -0.02327300 0.03371000 0.12294400
v -0.02318400 0.03370800 0.12295100
v -0.02364400 0.03381200 0.12292700
v -0.02345300 0.03391500 0.12295300
v -0.02328200 0.03381100 0.12295500
v -0.02346200 0.03381200 0.12294100
v -0.02289400 0.03412100 0.12301700
v -0.02255400 0.03391300 0.12302000
v -0.02291200 0.03391400 0.12299400
v -0.02309200 0.03391400 0.12298000
v -0.02292200 0.03381000 0.12298200
v -0.02310100 0.03381100 0.12296900
v -0.02270800 0.03370800 0.12298700
v -0.02223500 0.03370800 0.12302100
v -0.02176500 0.03370800 0.12305500
v -0.02129800 0.03370800 0.12308700
v -0.02083400 0.03370800 0.12311800
v -0.02037300 0.03370800 0.12314700
v -0.01991400 0.03370800 0.12317600
v -0.01945800 0.03370800 0.12320300
v -0.01935100 0.03371300 0.12321000
v -0.01925000 0.03372500 0.12321700
v -0.01915600 0.03374500 0.12322500
v -0.01906900 0.03377000 0.12323200
v -0.01934300 0.03411300 0.12325100
v -0.01971700 0.03390600 0.12320800
v -0.01900000 0.03390500 0.12325000
v -0.01935700 0.03390600 0.12323000
v -0.01917800 0.03390500 0.12324000
v -0.01936500 0.03380200 0.12321900
v -0.01918500 0.03380200 0.12322900
v -0.01862700 0.03411100 0.12329100
v -0.01898900 0.03379900 0.12324000
v -0.01891700 0.03383200 0.12324700
v -0.01885100 0.03386600 0.12325400
v -0.01879100 0.03390200 0.12326100
v -0.01873500 0.03394000 0.12326800
v -0.01868300 0.03397900 0.12327500
v -0.01863600 0.03401900 0.12328200
v -0.01859200 0.03406000 0.12328800
v -0.01855100 0.03410200 0.12329400
v -0.01851300 0.03414400 0.12330000
v -0.01844500 0.03423100 0.12331200
v -0.01838800 0.03431900 0.12332300
v -0.01834000 0.03440700 0.12333300
v -0.01830200 0.03449600 0.12334300
v -0.01827100 0.03458600 0.12335100
v -0.01880600 0.03411200 0.12328100
v -0.01899200 0.03400800 0.12326100
v -0.01881300 0.03400800 0.12327100
v -0.01859800 0.03452600 0.12332900
v -0.01897100 0.03431900 0.12329100
v -0.01861300 0.03431800 0.12331100
v -0.01862000 0.03421500 0.12330100
v -0.01857000 0.03493600 0.12336200
v -0.01894200 0.03473100 0.12332700
v -0.01858400 0.03473100 0.12334600
v -0.01824700 0.03467600 0.12336000
v -0.01823000 0.03476700 0.12336800
v -0.01822000 0.03485800 0.12337500
v -0.01821600 0.03494900 0.12338200
v -0.01821900 0.03504000 0.12338800
v -0.01822900 0.03513100 0.12339400
v -0.01824600 0.03522300 0.12339900
v -0.01827000 0.03531400 0.12340300
v -0.01830200 0.03540400 0.12340700
v -0.01834100 0.03549400 0.12341000
v -0.01838900 0.03558300 0.12341300
v -0.01844700 0.03567200 0.12341500
v -0.01851600 0.03575900 0.12341600
v -0.01855400 0.03580200 0.12341600
v -0.01859600 0.03584400 0.12341600
v -0.01864000 0.03588500 0.12341600
v -0.01868800 0.03592500 0.12341500
v -0.01874100 0.03596400 0.12341400
v -0.01879700 0.03600200 0.12341300
v -0.01885800 0.03603800 0.12341100
v -0.01892400 0.03607200 0.12340900
v -0.01899600 0.03610300 0.12340700
v -0.01907500 0.03613200 0.12340400
v -0.01840600 0.03473000 0.12335600
v -0.01859100 0.03462800 0.12333800
v -0.01842000 0.03452600 0.12333900
v -0.01841300 0.03462800 0.12334700
v -0.01839200 0.03493500 0.12337200
v -0.01857700 0.03483300 0.12335500
v -0.01839900 0.03483300 0.12336400
v -0.01854100 0.03534500 0.12339100
v -0.01891300 0.03514100 0.12335800
v -0.01855600 0.03514000 0.12337700
v -0.01837800 0.03514000 0.12338700
v -0.01856300 0.03503800 0.12337000
v -0.01838500 0.03503700 0.12337900
v -0.01836400 0.03534500 0.12340000
v -0.01854900 0.03524300 0.12338400
v -0.01837100 0.03524200 0.12339400
v -0.01888300 0.03555200 0.12338500
v -0.01852700 0.03555200 0.12340400
v -0.01885200 0.03596800 0.12340800
v -0.01886000 0.03586300 0.12340300
v -0.01868900 0.03575900 0.12340700
v -0.01956200 0.03596900 0.12336900
v -0.01922200 0.03576000 0.12337800
v -0.01920600 0.03596800 0.12338900
v -0.01919800 0.03607300 0.12339400
v -0.01902900 0.03596800 0.12339900
v -0.01902100 0.03607200 0.12340400
v -0.01916100 0.03615600 0.12340000
v -0.01925400 0.03617500 0.12339600
v -0.01935300 0.03618800 0.12339100
v -0.01945800 0.03619200 0.12338500
v -0.01973900 0.03619200 0.12336900
v -0.02002100 0.03619200 0.12335300
v -0.02030400 0.03619200 0.12333600
v -0.02058800 0.03619200 0.12331900
v -0.02087300 0.03619200 0.12330200
v -0.02116000 0.03619200 0.12328400
v -0.02144700 0.03619200 0.12326500
v -0.02173500 0.03619200 0.12324700
v -0.02177100 0.03619100 0.12324400
v -0.02180400 0.03618600 0.12324200
v -0.02186400 0.03617100 0.12323700
v -0.02191600 0.03615100 0.12323300
v -0.02196000 0.03612600 0.12322900
v -0.02199700 0.03609900 0.12322500
v -0.02202800 0.03607100 0.12322100
v -0.02203300 0.03576700 0.12320500
v -0.02166300 0.03597400 0.12324100
v -0.02201400 0.03597500 0.12321800
v -0.02183800 0.03597500 0.12322900
v -0.02165400 0.03607900 0.12324700
v -0.02182900 0.03607900 0.12323500
v -0.02133300 0.03576500 0.12325200
v -0.02096700 0.03597200 0.12328600
v -0.02131400 0.03597300 0.12326400
v -0.02191600 0.03607900 0.12322900
v -0.02182400 0.03613200 0.12323800
v -0.02191100 0.03613200 0.12323200
v -0.02202400 0.03587100 0.12321200
v -0.02170100 0.03555900 0.12321600
v -0.02205200 0.03555900 0.12319200
v -0.02205400 0.03604300 0.12321800
v -0.02207600 0.03601300 0.12321500
v -0.02209500 0.03598300 0.12321300
v -0.02211100 0.03595300 0.12321000
v -0.02213300 0.03589400 0.12320500
v -0.02211100 0.03587100 0.12320600
v -0.02201900 0.03592300 0.12321500
v -0.02210700 0.03592300 0.12320900
v -0.02185800 0.03576600 0.12321700
v -0.02167300 0.03587000 0.12323500
v -0.02184800 0.03587000 0.12322300
v -0.02214600 0.03583300 0.12320100
v -0.02214900 0.03577200 0.12319800
v -0.02214400 0.03571200 0.12319500
v -0.02213000 0.03565200 0.12319200
v -0.02204300 0.03566300 0.12319900
v -0.02210600 0.03559300 0.12319000
v -0.02209000 0.03556400 0.12319000
v -0.02207000 0.03553500 0.12318900
v -0.02204800 0.03550700 0.12318900
v -0.02202200 0.03548000 0.12318900
v -0.02199200 0.03545300 0.12318900
v -0.02195600 0.03542700 0.12319000
v -0.02204800 0.03561100 0.12319500
v -0.02187600 0.03555900 0.12320400
v -0.02169200 0.03566200 0.12322200
v -0.02186700 0.03566300 0.12321100
v -0.02100300 0.03555700 0.12326100
v -0.02135100 0.03555800 0.12323900
v -0.02171000 0.03545500 0.12320900
v -0.02188600 0.03545600 0.12319700
v -0.02196400 0.03555900 0.12319800
v -0.02188100 0.03550700 0.12320000
v -0.02196900 0.03550800 0.12319400
v -0.02189000 0.03540400 0.12319300
v -0.02191300 0.03540400 0.12319200
v -0.02186300 0.03538400 0.12319400
v -0.02180400 0.03537000 0.12319700
v -0.02177100 0.03536600 0.12319900
v -0.02173500 0.03536400 0.12320100
v -0.02179800 0.03545500 0.12320300
v -0.02171500 0.03540400 0.12320500
v -0.02180300 0.03540400 0.12319900
v -0.02152600 0.03555800 0.12322700
v -0.02136000 0.03545400 0.12323200
v -0.02153500 0.03545500 0.12322000
v -0.02144700 0.03536400 0.12322000
v -0.02116000 0.03536400 0.12323900
v -0.02087300 0.03536400 0.12325700
v -0.02058800 0.03536400 0.12327500
v -0.02030400 0.03536400 0.12329300
v -0.02002100 0.03536400 0.12331000
v -0.01973900 0.03536400 0.12332600
v -0.01945800 0.03536400 0.12334200
v -0.01942300 0.03536300 0.12334400
v -0.01939000 0.03535800 0.12334600
v -0.01933100 0.03534400 0.12334800
v -0.01959400 0.03555400 0.12334600
v -0.01923800 0.03555300 0.12336600
v -0.01941600 0.03555300 0.12335600
v -0.01960200 0.03545000 0.12333900
v -0.01924500 0.03545000 0.12335900
v -0.01942300 0.03545000 0.12334900
v -0.01993400 0.03576200 0.12333800
v -0.02030900 0.03555500 0.12330400
v -0.01995100 0.03555400 0.12332500
v -0.01951300 0.03545000 0.12334400
v -0.01960600 0.03539900 0.12333600
v -0.01942700 0.03539800 0.12334600
v -0.01951700 0.03539900 0.12334100
v -0.01977200 0.03555400 0.12333600
v -0.01995900 0.03545100 0.12331900
v -0.01978000 0.03545100 0.12332900
v -0.01933400 0.03545000 0.12335400
v -0.01924900 0.03539800 0.12335600
v -0.01933800 0.03539800 0.12335100
v -0.01906000 0.03555300 0.12337600
v -0.01907500 0.03534600 0.12336300
v -0.01889000 0.03544900 0.12337900
v -0.01906800 0.03544900 0.12336900
v -0.01928100 0.03532400 0.12335000
v -0.01923800 0.03530100 0.12335100
v -0.01890500 0.03524300 0.12336500
v -0.01908300 0.03524400 0.12335600
v -0.01920100 0.03527500 0.12335100
v -0.01917100 0.03524700 0.12335100
v -0.01914500 0.03522000 0.12335100
v -0.01912200 0.03519200 0.12335000
v -0.01910300 0.03516200 0.12334900
v -0.01908700 0.03513300 0.12334800
v -0.01906300 0.03507300 0.12334500
v -0.01916400 0.03534600 0.12335800
v -0.01907900 0.03529500 0.12335900
v -0.01916800 0.03529500 0.12335400
v -0.01892000 0.03503800 0.12335100
v -0.01931300 0.03452700 0.12329000
v -0.01900100 0.03514100 0.12335300
v -0.01891600 0.03508900 0.12335500
v -0.01900500 0.03509000 0.12335000
v -0.01873400 0.03514000 0.12336800
v -0.01874900 0.03493600 0.12335300
v -0.01874100 0.03503800 0.12336000
v -0.01904900 0.03501300 0.12334200
v -0.01904400 0.03495200 0.12333800
v -0.01904800 0.03489100 0.12333300
v -0.01906200 0.03483100 0.12332800
v -0.01893500 0.03483400 0.12333500
v -0.01908500 0.03477100 0.12332200
v -0.01910100 0.03474200 0.12331900
v -0.01912000 0.03471200 0.12331600
v -0.01914200 0.03468300 0.12331200
v -0.01916800 0.03465500 0.12330800
v -0.01919800 0.03462800 0.12330400
v -0.01923500 0.03460100 0.12330000
v -0.01927800 0.03457700 0.12329600
v -0.01933000 0.03455600 0.12329100
v -0.01902400 0.03483400 0.12333000
v -0.01903100 0.03473100 0.12332200
v -0.01893800 0.03478200 0.12333100
v -0.01902700 0.03478200 0.12332600
v -0.01913500 0.03452700 0.12330000
v -0.01894900 0.03462900 0.12331800
v -0.01912700 0.03462900 0.12330900
v -0.01968700 0.03432000 0.12325000
v -0.01932800 0.03432000 0.12327100
v -0.01876300 0.03473100 0.12333700
v -0.01875600 0.03483300 0.12334500
v -0.01903800 0.03462900 0.12331400
v -0.01894600 0.03468000 0.12332300
v -0.01903500 0.03468000 0.12331800
v -0.01877700 0.03452700 0.12332000
v -0.01877000 0.03462900 0.12332800
v -0.01922400 0.03452700 0.12329500
v -0.01913100 0.03457800 0.12330400
v -0.01922000 0.03457800 0.12329900
v -0.01932100 0.03442300 0.12328000
v -0.01914900 0.03431900 0.12328100
v -0.01896400 0.03442300 0.12330000
v -0.01914200 0.03442300 0.12329100
v -0.01939000 0.03454200 0.12328600
v -0.01942300 0.03453800 0.12328400
v -0.01945800 0.03453600 0.12328200
v -0.01967900 0.03442400 0.12326000
v -0.01950700 0.03432000 0.12326000
v -0.01950000 0.03442400 0.12327000
v -0.02040700 0.03432200 0.12320600
v -0.02006100 0.03411400 0.12320800
v -0.02004600 0.03432100 0.12322800
v -0.01991400 0.03453600 0.12325500
v -0.02037300 0.03453600 0.12322700
v -0.02083400 0.03453600 0.12319800
v -0.02129800 0.03453600 0.12316800
v -0.02176500 0.03453600 0.12313600
v -0.02223500 0.03453600 0.12310300
v -0.02270800 0.03453600 0.12306900
v -0.02318400 0.03453600 0.12303400
v -0.02329300 0.03454100 0.12302600
v -0.02339500 0.03455400 0.12302000
v -0.02348900 0.03457400 0.12301400
v -0.02357500 0.03459900 0.12301000
v -0.02323400 0.03432900 0.12301100
v -0.02251800 0.03432700 0.12306400
v -0.02287500 0.03432800 0.12303800
v -0.02357500 0.03453800 0.12300400
v -0.02359500 0.03433000 0.12298400
v -0.02392800 0.03464100 0.12298600
v -0.02375600 0.03453800 0.12299000
v -0.02365300 0.03462800 0.12300600
v -0.02372300 0.03465900 0.12300400
v -0.02378700 0.03469200 0.12300200
v -0.02384600 0.03472700 0.12300000
v -0.02390100 0.03476400 0.12299900
v -0.02395200 0.03480200 0.12299800
v -0.02399900 0.03484100 0.12299800
v -0.02404200 0.03488100 0.12299700
v -0.02412000 0.03496200 0.12299800
v -0.02418800 0.03504700 0.12299900
v -0.02424500 0.03513200 0.12300100
v -0.02429300 0.03521900 0.12300400
v -0.02433300 0.03530600 0.12300700
v -0.02436500 0.03539300 0.12301000
v -0.02427100 0.03484700 0.12297600
v -0.02409900 0.03474400 0.12298100
v -0.02408900 0.03484600 0.12299100
v -0.02439900 0.03536000 0.12300500
v -0.02459300 0.03525800 0.12298200
v -0.02442100 0.03515500 0.12298900
v -0.02441000 0.03525800 0.12299700
v -0.02457100 0.03546400 0.12299900
v -0.02439100 0.03548200 0.12301400
v -0.02440900 0.03557100 0.12301800
v -0.02442100 0.03566100 0.12302300
v -0.02442600 0.03575100 0.12302800
v -0.02442500 0.03584100 0.12303400
v -0.02441700 0.03593200 0.12303900
v -0.02440200 0.03602300 0.12304600
v -0.02438000 0.03611400 0.12305200
v -0.02435100 0.03620400 0.12305900
v -0.02431400 0.03629400 0.12306600
v -0.02426800 0.03638500 0.12307400
v -0.02421200 0.03647500 0.12308200
v -0.02414500 0.03656500 0.12309100
v -0.02410700 0.03660900 0.12309600
v -0.02406600 0.03665200 0.12310000
v -0.02398700 0.03672500 0.12310900
v -0.02390300 0.03679100 0.12311800
v -0.02386500 0.03681700 0.12312200
v -0.02380200 0.03685500 0.12312800
v -0.02373500 0.03689200 0.12313400
v -0.02366000 0.03692500 0.12314100
v -0.02357800 0.03695600 0.12314700
v -0.02454800 0.03567100 0.12301400
v -0.02452600 0.03587900 0.12302800
v -0.02450300 0.03608800 0.12304100
v -0.02426300 0.03661500 0.12308400
v -0.02445600 0.03650900 0.12306500
v -0.02427500 0.03650900 0.12307900
v -0.02403600 0.03703400 0.12311600
v -0.02405900 0.03682300 0.12310700
v -0.02407100 0.03671800 0.12310300
v -0.02397000 0.03682300 0.12311400
v -0.02406500 0.03677100 0.12310500
v -0.02397600 0.03677100 0.12311200
v -0.02385700 0.03703300 0.12312900
v -0.02404800 0.03692800 0.12311200
v -0.02386800 0.03692800 0.12312500
v -0.02365500 0.03723900 0.12315000
v -0.02401300 0.03724000 0.12312400
v -0.02423900 0.03682400 0.12309400
v -0.02443200 0.03672000 0.12307500
v -0.02425100 0.03671900 0.12308900
v -0.02294500 0.03723600 0.12320100
v -0.02329900 0.03723800 0.12317600
v -0.02349000 0.03698200 0.12315500
v -0.02339400 0.03700200 0.12316200
v -0.02329200 0.03701500 0.12317000
v -0.02318400 0.03702000 0.12317800
v -0.02289200 0.03702000 0.12319900
v -0.02260000 0.03702000 0.12321900
v -0.02231000 0.03702000 0.12323900
v -0.02202000 0.03702000 0.12325800
v -0.02173200 0.03702000 0.12327700
v -0.02144500 0.03702000 0.12329500
v -0.02115900 0.03702000 0.12331300
v -0.02087400 0.03702000 0.12333100
v -0.02059000 0.03702000 0.12334800
v -0.02030700 0.03702000 0.12336500
v -0.02002500 0.03702000 0.12338100
v -0.01974400 0.03702000 0.12339700
v -0.01946400 0.03702000 0.12341200
v -0.01918500 0.03702000 0.12342700
v -0.01890700 0.03702000 0.12344200
v -0.02039100 0.03453000 0.12322600
v -0.02108900 0.03453100 0.12318100
v -0.02182600 0.03411800 0.12309300
v -0.02179100 0.03453300 0.12313400
v -0.02250000 0.03453500 0.12308400
v -0.02018600 0.03702100 0.12337200
v -0.02156500 0.03702500 0.12328800
v -0.02152600 0.03743900 0.12330000
v -0.02226300 0.03702700 0.12324200
v -0.02083600 0.03743700 0.12334200
v -0.02296700 0.03703000 0.12319400
v 0.00153900 0.03412000 0.12366100
v 0.00224900 0.03412000 0.12366100
v 0.00295900 0.03412000 0.12366000
v 0.00578300 0.03411800 0.12364900
v 0.00649500 0.03411800 0.12364300
v 0.00721000 0.03411800 0.12363700
v 0.00153800 0.03453400 0.12369400
v 0.00720100 0.03453100 0.12367100
v 0.00153600 0.03494300 0.12372300
v 0.00719200 0.03494000 0.12369900
v 0.00153400 0.03535200 0.12374700
v 0.00718300 0.03534900 0.12372300
v 0.00153200 0.03576500 0.12376600
v 0.00223800 0.03576500 0.12376600
v 0.00294500 0.03576400 0.12376500
v 0.00575500 0.03576300 0.12375400
v 0.00646300 0.03576300 0.12375000
v 0.00717400 0.03576200 0.12374300
v 0.00153000 0.03618200 0.12378200
v 0.00716400 0.03617900 0.12375900
v 0.00152800 0.03660300 0.12379400
v 0.00715500 0.03660000 0.12377200
v 0.00152600 0.03702100 0.12380200
v 0.00714500 0.03701800 0.12378000
v 0.00152400 0.03743400 0.12380600
v 0.00222700 0.03743400 0.12380600
v 0.00293000 0.03743400 0.12380500
v 0.00572500 0.03743200 0.12379500
v 0.00642900 0.03743200 0.12379000
v 0.00713600 0.03743100 0.12378500
v 0.00662400 0.03784800 0.12379000
v 0.00669000 0.03784600 0.12379000
v 0.00675500 0.03784100 0.12378900
v 0.00681700 0.03783300 0.12378900
v 0.00687700 0.03782200 0.12378800
v 0.00693500 0.03780900 0.12378800
v 0.00699100 0.03779300 0.12378700
v 0.00709700 0.03775500 0.12378600
v 0.00719400 0.03771000 0.12378500
v 0.00728200 0.03766000 0.12378400
v 0.00736200 0.03760500 0.12378300
v 0.00743400 0.03754800 0.12378300
v 0.00749900 0.03748800 0.12378200
v 0.00755700 0.03742600 0.12378100
v 0.00760900 0.03736400 0.12378000
v 0.00765400 0.03730000 0.12377900
v 0.00769400 0.03723700 0.12377700
v 0.00773000 0.03717200 0.12377600
v 0.00776200 0.03710500 0.12377500
v 0.00778900 0.03703800 0.12377400
v 0.00781100 0.03697200 0.12377300
v 0.00783000 0.03690600 0.12377100
v 0.00784400 0.03683800 0.12377000
v 0.00785500 0.03677000 0.12376800
v 0.00786500 0.03666800 0.12376600
v 0.00786500 0.03656600 0.12376400
v 0.00785800 0.03646400 0.12376100
v 0.00784200 0.03636300 0.12375800
v 0.00781800 0.03626400 0.12375600
v 0.00778600 0.03616800 0.12375300
v 0.00774600 0.03607300 0.12375000
v 0.00769800 0.03598300 0.12374700
v 0.00713100 0.03763900 0.12378600
v 0.00678200 0.03743200 0.12378800
v 0.00642500 0.03763900 0.12379100
v 0.00677800 0.03763900 0.12378900
v 0.00677500 0.03774300 0.12378900
v 0.00660100 0.03763900 0.12379000
v 0.00642300 0.03774400 0.12379200
v 0.00659900 0.03774400 0.12379000
v 0.00607700 0.03743200 0.12379300
v 0.00572100 0.03764000 0.12379600
v 0.00607300 0.03764000 0.12379400
v 0.00695400 0.03763900 0.12378700
v 0.00695200 0.03774300 0.12378700
v 0.00749000 0.03743100 0.12378100
v 0.00731300 0.03743100 0.12378300
v 0.00713300 0.03753500 0.12378500
v 0.00731100 0.03753500 0.12378400
v 0.00750000 0.03701800 0.12377700
v 0.00714100 0.03722400 0.12378300
v 0.00749500 0.03722400 0.12377900
v 0.00749300 0.03732700 0.12378000
v 0.00767800 0.03701800 0.12377500
v 0.00749800 0.03712100 0.12377800
v 0.00767600 0.03712100 0.12377600
v 0.00751000 0.03659900 0.12376800
v 0.00715000 0.03680800 0.12377600
v 0.00750500 0.03680800 0.12377300
v 0.00768300 0.03680800 0.12377100
v 0.00750300 0.03691300 0.12377500
v 0.00768100 0.03691300 0.12377300
v 0.00768800 0.03659900 0.12376600
v 0.00750800 0.03670400 0.12377100
v 0.00768600 0.03670400 0.12376900
v 0.00752000 0.03617900 0.12375600
v 0.00716000 0.03638900 0.12376600
v 0.00751500 0.03638800 0.12376300
v 0.00753000 0.03576200 0.12374000
v 0.00716900 0.03597000 0.12375200
v 0.00752500 0.03597000 0.12374800
v 0.00767400 0.03593400 0.12374500
v 0.00765700 0.03588300 0.12374400
v 0.00764700 0.03583100 0.12374200
v 0.00764300 0.03577800 0.12373900
v 0.00764700 0.03572500 0.12373700
v 0.00765700 0.03567300 0.12373500
v 0.00767400 0.03562200 0.12373200
v 0.00769800 0.03557300 0.12372900
v 0.00769900 0.03617800 0.12375400
v 0.00752300 0.03607400 0.12375200
v 0.00770100 0.03607400 0.12375000
v 0.00752800 0.03586600 0.12374400
v 0.00754000 0.03534900 0.12372000
v 0.00717800 0.03555500 0.12373400
v 0.00753500 0.03555500 0.12373000
v 0.00753300 0.03565800 0.12373500
v 0.00773300 0.03551100 0.12372600
v 0.00776300 0.03544700 0.12372200
v 0.00778900 0.03538200 0.12371900
v 0.00781100 0.03531600 0.12371500
v 0.00783000 0.03524900 0.12371100
v 0.00784400 0.03518100 0.12370700
v 0.00785500 0.03511300 0.12370300
v 0.00786200 0.03504500 0.12369900
v 0.00786600 0.03497700 0.12369400
v 0.00786500 0.03490800 0.12369000
v 0.00786100 0.03484000 0.12368500
v 0.00785300 0.03477200 0.12368100
v 0.00784200 0.03470500 0.12367600
v 0.00782700 0.03463900 0.12367200
v 0.00780800 0.03457300 0.12366700
v 0.00778500 0.03450900 0.12366300
v 0.00775800 0.03444200 0.12365800
v 0.00772700 0.03437800 0.12365300
v 0.00769200 0.03431500 0.12364800
v 0.00765200 0.03425300 0.12364400
v 0.00760800 0.03419100 0.12363900
v 0.00755700 0.03413000 0.12363400
v 0.00750100 0.03407000 0.12363000
v 0.00743800 0.03401200 0.12362500
v 0.00771900 0.03534900 0.12371800
v 0.00753700 0.03545200 0.12372500
v 0.00771600 0.03545200 0.12372300
v 0.00754900 0.03494000 0.12369600
v 0.00718700 0.03514400 0.12371200
v 0.00754500 0.03514400 0.12370800
v 0.00772400 0.03514400 0.12370600
v 0.00754200 0.03524700 0.12371400
v 0.00772100 0.03524600 0.12371200
v 0.00772800 0.03494000 0.12369400
v 0.00754700 0.03504200 0.12370200
v 0.00772600 0.03504200 0.12370000
v 0.00755900 0.03453100 0.12366700
v 0.00719600 0.03473500 0.12368500
v 0.00755400 0.03473500 0.12368200
v 0.00773300 0.03473500 0.12368000
v 0.00755200 0.03483800 0.12368900
v 0.00773100 0.03483700 0.12368700
v 0.00773800 0.03453100 0.12366500
v 0.00755700 0.03463300 0.12367400
v 0.00773600 0.03463300 0.12367300
v 0.00720500 0.03432400 0.12365400
v 0.00756400 0.03432400 0.12365100
v 0.00756100 0.03442800 0.12365900
v 0.00756600 0.03422100 0.12364200
v 0.00721400 0.03391100 0.12361800
v 0.00738400 0.03432400 0.12365300
v 0.00738900 0.03411800 0.12363500
v 0.00720800 0.03422100 0.12364600
v 0.00738700 0.03422100 0.12364400
v 0.00684400 0.03453200 0.12367400
v 0.00685200 0.03411800 0.12364000
v 0.00649100 0.03432500 0.12366100
v 0.00684800 0.03432400 0.12365800
v 0.00721200 0.03401400 0.12362800
v 0.00739100 0.03401400 0.12362600
v 0.00649900 0.03391200 0.12362500
v 0.00685600 0.03391100 0.12362200
v 0.00736800 0.03395600 0.12362100
v 0.00729100 0.03390200 0.12361700
v 0.00720500 0.03385200 0.12361300
v 0.00710900 0.03380600 0.12361000
v 0.00705700 0.03378600 0.12360800
v 0.00700200 0.03376700 0.12360700
v 0.00694400 0.03375000 0.12360600
v 0.00688400 0.03373600 0.12360500
v 0.00682200 0.03372400 0.12360400
v 0.00675800 0.03371500 0.12360400
v 0.00669200 0.03371000 0.12360400
v 0.00662400 0.03370800 0.12360400
v 0.00703500 0.03391100 0.12362000
v 0.00685800 0.03380800 0.12361200
v 0.00667800 0.03391200 0.12362300
v 0.00650100 0.03380900 0.12361500
v 0.00668000 0.03380900 0.12361400
v 0.00613900 0.03411800 0.12364600
v 0.00578700 0.03391200 0.12363000
v 0.00614300 0.03391200 0.12362800
v 0.00633700 0.03370800 0.12360700
v 0.00605000 0.03370800 0.12360900
v 0.00576300 0.03370800 0.12361100
v 0.00547700 0.03370800 0.12361300
v 0.00519100 0.03370800 0.12361400
v 0.00490600 0.03370800 0.12361600
v 0.00462100 0.03370800 0.12361700
v 0.00433700 0.03370800 0.12361800
v 0.00405200 0.03370800 0.12361900
v 0.00376900 0.03370800 0.12362000
v 0.00348500 0.03370800 0.12362100
v 0.00320100 0.03370800 0.12362100
v 0.00291800 0.03370800 0.12362200
v 0.00263500 0.03370800 0.12362200
v 0.00235300 0.03370800 0.12362300
v 0.00207000 0.03370800 0.12362300
v 0.00197500 0.03371200 0.12362300
v 0.00188400 0.03372200 0.12362400
v 0.00179800 0.03373800 0.12362600
v 0.00171600 0.03375900 0.12362800
v 0.00163800 0.03378500 0.12363100
v 0.00156600 0.03381500 0.12363300
v 0.00149800 0.03384700 0.12363700
v 0.00143400 0.03388300 0.12364000
v 0.00137600 0.03391900 0.12364300
v 0.00132200 0.03395800 0.12364700
v 0.00127300 0.03399800 0.12365000
v 0.00122700 0.03403800 0.12365400
v 0.00189400 0.03412000 0.12366100
v 0.00225000 0.03391400 0.12364200
v 0.00154000 0.03391400 0.12364300
v 0.00189500 0.03391400 0.12364300
v 0.00207300 0.03391400 0.12364200
v 0.00225100 0.03381100 0.12363300
v 0.00189600 0.03381100 0.12363300
v 0.00207300 0.03381100 0.12363300
v 0.00260400 0.03412000 0.12366000
v 0.00296100 0.03391300 0.12364100
v 0.00260600 0.03391400 0.12364200
v 0.00171800 0.03391400 0.12364300
v 0.00171800 0.03381100 0.12363300
v 0.00136200 0.03412000 0.12366100
v 0.00154000 0.03401700 0.12365200
v 0.00136200 0.03401700 0.12365200
v 0.00118300 0.03453400 0.12369500
v 0.00153900 0.03432700 0.12367800
v 0.00118400 0.03432700 0.12367900
v 0.00118400 0.03408000 0.12365800
v 0.00114400 0.03412200 0.12366100
v 0.00107300 0.03420900 0.12366900
v 0.00101300 0.03429800 0.12367600
v 0.00096200 0.03438900 0.12368300
v 0.00092000 0.03448000 0.12369100
v 0.00088600 0.03457300 0.12369700
v 0.00086100 0.03466600 0.12370400
v 0.00084200 0.03476100 0.12371100
v 0.00083200 0.03485500 0.12371700
v 0.00082800 0.03495000 0.12372300
v 0.00118200 0.03494300 0.12372300
v 0.00153700 0.03473800 0.12370900
v 0.00118300 0.03473800 0.12370900
v 0.00100500 0.03494300 0.12372300
v 0.00118200 0.03484100 0.12371600
v 0.00100600 0.03473800 0.12370900
v 0.00100500 0.03484100 0.12371600
v 0.00118000 0.03535200 0.12374700
v 0.00153500 0.03514700 0.12373500
v 0.00118100 0.03514700 0.12373500
v 0.00100400 0.03514700 0.12373500
v 0.00118100 0.03504500 0.12372900
v 0.00100500 0.03504500 0.12372900
v 0.00082800 0.03535800 0.12374700
v 0.00082800 0.03577000 0.12376700
v 0.00082800 0.03618600 0.12378200
v 0.00082800 0.03660600 0.12379400
v 0.00083100 0.03669000 0.12379600
v 0.00083900 0.03677300 0.12379800
v 0.00085800 0.03688000 0.12380000
v 0.00088700 0.03698500 0.12380200
v 0.00092100 0.03707900 0.12380300
v 0.00096400 0.03717200 0.12380400
v 0.00101600 0.03726400 0.12380500
v 0.00107900 0.03735400 0.12380600
v 0.00111400 0.03739900 0.12380600
v 0.00115200 0.03744200 0.12380600
v 0.00119300 0.03748500 0.12380700
v 0.00123700 0.03752700 0.12380700
v 0.00128400 0.03756800 0.12380700
v 0.00133500 0.03760800 0.12380700
v 0.00139000 0.03764600 0.12380700
v 0.00145000 0.03768200 0.12380700
v 0.00151300 0.03771700 0.12380700
v 0.00158100 0.03774800 0.12380700
v 0.00165400 0.03777600 0.12380700
v 0.00173000 0.03780100 0.12380700
v 0.00181000 0.03782100 0.12380700
v 0.00189300 0.03783500 0.12380700
v 0.00198000 0.03784500 0.12380700
v 0.00207000 0.03784800 0.12380700
v 0.00117500 0.03702100 0.12380200
v 0.00152700 0.03681100 0.12379800
v 0.00117600 0.03660300 0.12379400
v 0.00117500 0.03681100 0.12379800
v 0.00099900 0.03681100 0.12379900
v 0.00117600 0.03670700 0.12379600
v 0.00100000 0.03660300 0.12379400
v 0.00100000 0.03670700 0.12379600
v 0.00152900 0.03639200 0.12378800
v 0.00117800 0.03618200 0.12378200
v 0.00117700 0.03639200 0.12378900
v 0.00152500 0.03722700 0.12380400
v 0.00117400 0.03722700 0.12380500
v 0.00152300 0.03764200 0.12380700
v 0.00152400 0.03753800 0.12380700
v 0.00134900 0.03743400 0.12380600
v 0.00134800 0.03753800 0.12380700
v 0.00222500 0.03764200 0.12380700
v 0.00187600 0.03743400 0.12380600
v 0.00187400 0.03764200 0.12380700
v 0.00187400 0.03774600 0.12380700
v 0.00169900 0.03764200 0.12380700
v 0.00169800 0.03774600 0.12380700
v 0.00222500 0.03774600 0.12380700
v 0.00205000 0.03764200 0.12380700
v 0.00204900 0.03774600 0.12380700
v 0.00292800 0.03764100 0.12380600
v 0.00257800 0.03743400 0.12380500
v 0.00257700 0.03764200 0.12380600
v 0.00235300 0.03784800 0.12380700
v 0.00263600 0.03784800 0.12380600
v 0.00291900 0.03784800 0.12380600
v 0.00320200 0.03784800 0.12380500
v 0.00348500 0.03784800 0.12380500
v 0.00376900 0.03784800 0.12380400
v 0.00405300 0.03784800 0.12380300
v 0.00433700 0.03784800 0.12380200
v 0.00462200 0.03784800 0.12380100
v 0.00490700 0.03784800 0.12380000
v 0.00519200 0.03784800 0.12379900
v 0.00547800 0.03784800 0.12379800
v 0.00576400 0.03784800 0.12379600
v 0.00605000 0.03784800 0.12379400
v 0.00633700 0.03784800 0.12379200
v 0.00207000 0.03536400 0.12374700
v 0.00200900 0.03536000 0.12374700
v 0.00195300 0.03534700 0.12374600
v 0.00190300 0.03532900 0.12374500
v 0.00185900 0.03530600 0.12374400
v 0.00182100 0.03528100 0.12374300
v 0.00178900 0.03525400 0.12374100
v 0.00188500 0.03576500 0.12376600
v 0.00223900 0.03555800 0.12375600
v 0.00153300 0.03555800 0.12375700
v 0.00188600 0.03555800 0.12375700
v 0.00206300 0.03555800 0.12375700
v 0.00224000 0.03545500 0.12375100
v 0.00188700 0.03545500 0.12375200
v 0.00206300 0.03545500 0.12375200
v 0.00259100 0.03576500 0.12376500
v 0.00294700 0.03555800 0.12375500
v 0.00259300 0.03555800 0.12375600
v 0.00171100 0.03535200 0.12374600
v 0.00153400 0.03525000 0.12374100
v 0.00171100 0.03525000 0.12374100
v 0.00179900 0.03535200 0.12374600
v 0.00171100 0.03530100 0.12374400
v 0.00179900 0.03530100 0.12374400
v 0.00171000 0.03555800 0.12375700
v 0.00153300 0.03545500 0.12375200
v 0.00171000 0.03545500 0.12375200
v 0.00117900 0.03576500 0.12376600
v 0.00118000 0.03555800 0.12375700
v 0.00176100 0.03522600 0.12374000
v 0.00173800 0.03519700 0.12373800
v 0.00171700 0.03516700 0.12373600
v 0.00170000 0.03513600 0.12373400
v 0.00168600 0.03510500 0.12373300
v 0.00167500 0.03507400 0.12373100
v 0.00166000 0.03501100 0.12372700
v 0.00165600 0.03494900 0.12372300
v 0.00166100 0.03488800 0.12371900
v 0.00167500 0.03482500 0.12371500
v 0.00168600 0.03479400 0.12371300
v 0.00170100 0.03476300 0.12371100
v 0.00171800 0.03473200 0.12370900
v 0.00173800 0.03470300 0.12370700
v 0.00176200 0.03467400 0.12370500
v 0.00178900 0.03464600 0.12370300
v 0.00153500 0.03504500 0.12372900
v 0.00189200 0.03453400 0.12369400
v 0.00162300 0.03514700 0.12373500
v 0.00162400 0.03504500 0.12372900
v 0.00153500 0.03509600 0.12373200
v 0.00162300 0.03509600 0.12373200
v 0.00135800 0.03514700 0.12373500
v 0.00135900 0.03494300 0.12372300
v 0.00135800 0.03504500 0.12372900
v 0.00153600 0.03484100 0.12371600
v 0.00162500 0.03484100 0.12371600
v 0.00162500 0.03473800 0.12370900
v 0.00153600 0.03478900 0.12371300
v 0.00162500 0.03478900 0.12371300
v 0.00171500 0.03453400 0.12369400
v 0.00153700 0.03463600 0.12370200
v 0.00171400 0.03463600 0.12370200
v 0.00224800 0.03432700 0.12367800
v 0.00189300 0.03432700 0.12367800
v 0.00136000 0.03473800 0.12370900
v 0.00135900 0.03484100 0.12371600
v 0.00182100 0.03461900 0.12370100
v 0.00185900 0.03459400 0.12369900
v 0.00190300 0.03457100 0.12369700
v 0.00195300 0.03455300 0.12369600
v 0.00200900 0.03454100 0.12369500
v 0.00207000 0.03453600 0.12369400
v 0.00180300 0.03453400 0.12369400
v 0.00171400 0.03458500 0.12369800
v 0.00180300 0.03458500 0.12369800
v 0.00189200 0.03443000 0.12368600
v 0.00171600 0.03432700 0.12367800
v 0.00153800 0.03443100 0.12368700
v 0.00171500 0.03443100 0.12368600
v 0.00235300 0.03453600 0.12369400
v 0.00263500 0.03453600 0.12369400
v 0.00291800 0.03453600 0.12369300
v 0.00320200 0.03453600 0.12369300
v 0.00348500 0.03453600 0.12369200
v 0.00376900 0.03453600 0.12369100
v 0.00405300 0.03453600 0.12369100
v 0.00433700 0.03453600 0.12369000
v 0.00462100 0.03453600 0.12368800
v 0.00490600 0.03453600 0.12368700
v 0.00519200 0.03453600 0.12368600
v 0.00547700 0.03453600 0.12368400
v 0.00576300 0.03453600 0.12368200
v 0.00605000 0.03453600 0.12368100
v 0.00633700 0.03453600 0.12367800
v 0.00662400 0.03453600 0.12367600
v 0.00668600 0.03454100 0.12367600
v 0.00674200 0.03455300 0.12367600
v 0.00679200 0.03457200 0.12367700
v 0.00683600 0.03459400 0.12367900
v 0.00687300 0.03461900 0.12368000
v 0.00690500 0.03464600 0.12368200
v 0.00701800 0.03473600 0.12368700
v 0.00719900 0.03463300 0.12367800
v 0.00702200 0.03453200 0.12367200
v 0.00702000 0.03463300 0.12368000
v 0.00684600 0.03442800 0.12366600
v 0.00666900 0.03432500 0.12365900
v 0.00648900 0.03442800 0.12366900
v 0.00666700 0.03442800 0.12366800
v 0.00578000 0.03432500 0.12366600
v 0.00613500 0.03432500 0.12366400
v 0.00693100 0.03463400 0.12368100
v 0.00702100 0.03458300 0.12367600
v 0.00693300 0.03453200 0.12367300
v 0.00693200 0.03458300 0.12367700
v 0.00720300 0.03442800 0.12366300
v 0.00702600 0.03432400 0.12365600
v 0.00702400 0.03442800 0.12366400
v 0.00701900 0.03468400 0.12368400
v 0.00719400 0.03483800 0.12369200
v 0.00693200 0.03467400 0.12368400
v 0.00695600 0.03470200 0.12368500
v 0.00697600 0.03473200 0.12368700
v 0.00699300 0.03476200 0.12368900
v 0.00700700 0.03479300 0.12369100
v 0.00701900 0.03482400 0.12369300
v 0.00703300 0.03488600 0.12369700
v 0.00703800 0.03494700 0.12370100
v 0.00703400 0.03500800 0.12370500
v 0.00702000 0.03507100 0.12370900
v 0.00700900 0.03510300 0.12371100
v 0.00699500 0.03513400 0.12371300
v 0.00697800 0.03516400 0.12371500
v 0.00695800 0.03519400 0.12371700
v 0.00693500 0.03522300 0.12371900
v 0.00690700 0.03525200 0.12372100
v 0.00710500 0.03483800 0.12369300
v 0.00719500 0.03478700 0.12368900
v 0.00710700 0.03473500 0.12368600
v 0.00710600 0.03478700 0.12369000
v 0.00737100 0.03494000 0.12369700
v 0.00737500 0.03473500 0.12368400
v 0.00737300 0.03483800 0.12369100
v 0.00719000 0.03504200 0.12370600
v 0.00709800 0.03514400 0.12371300
v 0.00718800 0.03509300 0.12370900
v 0.00710000 0.03504200 0.12370600
v 0.00709900 0.03509300 0.12371000
v 0.00700500 0.03534900 0.12372500
v 0.00718500 0.03524700 0.12371800
v 0.00700700 0.03524700 0.12371900
v 0.00681800 0.03576200 0.12374700
v 0.00646700 0.03555600 0.12374000
v 0.00682200 0.03555500 0.12373700
v 0.00736600 0.03514400 0.12371000
v 0.00736800 0.03504200 0.12370400
v 0.00691600 0.03534900 0.12372600
v 0.00700600 0.03529800 0.12372200
v 0.00691700 0.03529800 0.12372300
v 0.00700000 0.03555500 0.12373600
v 0.00718100 0.03545200 0.12372900
v 0.00682400 0.03545200 0.12373200
v 0.00700200 0.03545200 0.12373000
v 0.00687500 0.03527900 0.12372200
v 0.00683700 0.03530500 0.12372400
v 0.00679300 0.03532800 0.12372600
v 0.00674300 0.03534700 0.12372700
v 0.00668600 0.03535900 0.12372800
v 0.00662400 0.03536400 0.12372900
v 0.00664400 0.03555600 0.12373900
v 0.00646900 0.03545300 0.12373500
v 0.00664700 0.03545200 0.12373300
v 0.00610900 0.03576300 0.12375200
v 0.00575900 0.03555600 0.12374500
v 0.00611200 0.03555600 0.12374300
v 0.00633700 0.03536400 0.12373100
v 0.00605000 0.03536400 0.12373300
v 0.00576300 0.03536400 0.12373500
v 0.00547700 0.03536400 0.12373700
v 0.00519200 0.03536400 0.12373800
v 0.00490600 0.03536400 0.12374000
v 0.00462100 0.03536400 0.12374100
v 0.00433700 0.03536400 0.12374200
v 0.00405300 0.03536400 0.12374300
v 0.00376900 0.03536400 0.12374400
v 0.00348500 0.03536400 0.12374500
v 0.00320200 0.03536400 0.12374500
v 0.00291800 0.03536400 0.12374600
v 0.00263500 0.03536400 0.12374600
v 0.00235300 0.03536400 0.12374700
v 0.00207000 0.03702000 0.12380200
v 0.00201000 0.03701600 0.12380100
v 0.00195600 0.03700400 0.12380100
v 0.00190600 0.03698600 0.12380100
v 0.00186200 0.03696400 0.12380100
v 0.00187800 0.03702100 0.12380200
v 0.00222800 0.03722700 0.12380400
v 0.00187700 0.03722700 0.12380400
v 0.00170200 0.03702100 0.12380200
v 0.00152700 0.03691600 0.12380000
v 0.00170300 0.03691600 0.12380000
v 0.00182400 0.03693900 0.12380000
v 0.00179200 0.03691300 0.12380000
v 0.00176300 0.03688400 0.12380000
v 0.00173900 0.03685500 0.12379900
v 0.00179000 0.03702100 0.12380200
v 0.00170200 0.03696800 0.12380100
v 0.00179000 0.03696800 0.12380100
v 0.00170100 0.03722700 0.12380400
v 0.00187700 0.03712400 0.12380300
v 0.00152600 0.03712400 0.12380300
v 0.00170200 0.03712400 0.12380300
v 0.00152800 0.03670700 0.12379600
v 0.00188300 0.03618200 0.12378200
v 0.00171300 0.03681600 0.12379800
v 0.00169100 0.03677300 0.12379800
v 0.00167600 0.03673300 0.12379700
v 0.00166500 0.03669100 0.12379600
v 0.00165800 0.03664800 0.12379500
v 0.00165600 0.03660500 0.12379400
v 0.00166100 0.03654300 0.12379200
v 0.00167600 0.03647900 0.12379100
v 0.00168700 0.03644800 0.12379000
v 0.00170200 0.03641700 0.12378900
v 0.00171900 0.03638600 0.12378800
v 0.00174000 0.03635600 0.12378700
v 0.00161500 0.03681100 0.12379800
v 0.00161600 0.03670700 0.12379600
v 0.00152800 0.03675900 0.12379700
v 0.00161500 0.03675900 0.12379700
v 0.00135100 0.03681100 0.12379800
v 0.00135200 0.03660300 0.12379400
v 0.00135200 0.03670700 0.12379600
v 0.00161600 0.03660300 0.12379400
v 0.00152800 0.03665500 0.12379500
v 0.00161600 0.03665500 0.12379500
v 0.00152900 0.03649700 0.12379100
v 0.00161700 0.03649700 0.12379100
v 0.00161700 0.03639200 0.12378800
v 0.00152900 0.03644400 0.12379000
v 0.00161700 0.03644400 0.12379000
v 0.00170600 0.03618200 0.12378200
v 0.00153000 0.03628700 0.12378500
v 0.00170600 0.03628600 0.12378500
v 0.00223700 0.03597300 0.12377400
v 0.00153100 0.03597300 0.12377500
v 0.00188400 0.03597300 0.12377400
v 0.00135300 0.03639200 0.12378900
v 0.00117600 0.03649700 0.12379100
v 0.00135300 0.03649700 0.12379100
v 0.00176400 0.03632700 0.12378600
v 0.00179200 0.03629900 0.12378600
v 0.00182400 0.03627300 0.12378500
v 0.00186200 0.03624800 0.12378400
v 0.00179400 0.03618200 0.12378200
v 0.00170600 0.03623400 0.12378400
v 0.00179400 0.03623400 0.12378400
v 0.00188300 0.03607700 0.12377800
v 0.00170700 0.03597300 0.12377500
v 0.00153100 0.03607700 0.12377800
v 0.00170700 0.03607700 0.12377800
v 0.00117800 0.03597300 0.12377500
v 0.00190600 0.03622600 0.12378300
v 0.00195500 0.03620800 0.12378300
v 0.00201000 0.03619600 0.12378200
v 0.00207000 0.03619200 0.12378200
v 0.00235300 0.03619200 0.12378200
v 0.00263500 0.03619200 0.12378100
v 0.00291800 0.03619200 0.12378100
v 0.00320200 0.03619200 0.12378100
v 0.00348500 0.03619200 0.12378000
v 0.00376900 0.03619200 0.12377900
v 0.00405300 0.03619200 0.12377800
v 0.00433700 0.03619200 0.12377700
v 0.00462200 0.03619200 0.12377600
v 0.00490600 0.03619200 0.12377500
v 0.00519200 0.03619200 0.12377400
v 0.00547700 0.03619200 0.12377200
v 0.00576300 0.03619200 0.12377100
v 0.00605000 0.03619200 0.12376900
v 0.00633700 0.03619200 0.12376700
v 0.00662400 0.03619200 0.12376500
v 0.00668400 0.03619600 0.12376400
v 0.00673900 0.03620800 0.12376400
v 0.00678900 0.03622600 0.12376400
v 0.00683200 0.03624800 0.12376500
v 0.00687000 0.03627300 0.12376500
v 0.00690200 0.03630000 0.12376600
v 0.00680900 0.03617900 0.12376300
v 0.00645900 0.03597000 0.12375800
v 0.00681300 0.03597000 0.12375500
v 0.00716200 0.03628400 0.12376300
v 0.00698700 0.03617900 0.12376100
v 0.00698400 0.03628400 0.12376500
v 0.00689500 0.03628400 0.12376500
v 0.00698500 0.03623100 0.12376300
v 0.00689800 0.03617900 0.12376200
v 0.00689700 0.03623100 0.12376400
v 0.00716700 0.03607400 0.12375600
v 0.00699100 0.03597000 0.12375400
v 0.00681100 0.03607400 0.12375900
v 0.00698900 0.03607400 0.12375700
v 0.00715700 0.03649400 0.12376900
v 0.00679100 0.03701800 0.12378300
v 0.00693000 0.03632700 0.12376600
v 0.00695400 0.03635600 0.12376700
v 0.00697400 0.03638500 0.12376800
v 0.00699200 0.03641600 0.12376800
v 0.00700600 0.03644700 0.12376900
v 0.00701800 0.03647800 0.12377000
v 0.00703300 0.03654100 0.12377100
v 0.00703800 0.03660300 0.12377300
v 0.00703600 0.03664600 0.12377400
v 0.00703000 0.03668800 0.12377500
v 0.00701900 0.03673000 0.12377600
v 0.00700400 0.03677000 0.12377700
v 0.00698300 0.03681300 0.12377800
v 0.00695700 0.03685200 0.12377900
v 0.00693300 0.03688200 0.12378000
v 0.00690500 0.03691000 0.12378000
v 0.00706800 0.03649400 0.12377000
v 0.00715800 0.03644100 0.12376800
v 0.00707100 0.03638900 0.12376700
v 0.00707000 0.03644100 0.12376800
v 0.00733200 0.03660000 0.12377000
v 0.00751300 0.03649400 0.12376600
v 0.00733700 0.03638900 0.12376400
v 0.00733500 0.03649400 0.12376700
v 0.00715200 0.03670400 0.12377400
v 0.00706400 0.03670400 0.12377500
v 0.00715400 0.03665200 0.12377300
v 0.00706600 0.03660000 0.12377200
v 0.00706500 0.03665200 0.12377400
v 0.00732800 0.03680800 0.12377500
v 0.00733000 0.03670400 0.12377200
v 0.00706100 0.03680800 0.12377700
v 0.00715100 0.03675600 0.12377500
v 0.00706300 0.03675600 0.12377600
v 0.00696800 0.03701800 0.12378200
v 0.00714800 0.03691300 0.12377800
v 0.00697000 0.03691300 0.12378000
v 0.00643300 0.03722500 0.12378900
v 0.00678700 0.03722400 0.12378600
v 0.00705900 0.03691300 0.12377900
v 0.00714900 0.03686100 0.12377700
v 0.00706000 0.03686100 0.12377800
v 0.00732300 0.03701800 0.12377800
v 0.00732500 0.03691300 0.12377700
v 0.00687200 0.03693700 0.12378100
v 0.00683400 0.03696300 0.12378200
v 0.00679000 0.03698500 0.12378300
v 0.00674000 0.03700400 0.12378300
v 0.00668400 0.03701600 0.12378400
v 0.00662400 0.03702000 0.12378400
v 0.00688000 0.03701800 0.12378200
v 0.00696900 0.03696600 0.12378100
v 0.00688100 0.03696600 0.12378100
v 0.00696400 0.03722400 0.12378400
v 0.00714300 0.03712100 0.12378100
v 0.00678900 0.03712100 0.12378400
v 0.00696600 0.03712100 0.12378300
v 0.00661000 0.03722400 0.12378700
v 0.00643500 0.03712100 0.12378700
v 0.00661200 0.03712100 0.12378600
v 0.00572900 0.03722500 0.12379300
v 0.00608100 0.03722500 0.12379100
v 0.00633700 0.03702000 0.12378700
v 0.00605000 0.03702000 0.12378900
v 0.00576300 0.03702000 0.12379000
v 0.00547700 0.03702000 0.12379200
v 0.00519200 0.03702000 0.12379300
v 0.00490700 0.03702000 0.12379500
v 0.00462200 0.03702000 0.12379600
v 0.00433700 0.03702000 0.12379700
v 0.00405300 0.03702000 0.12379800
v 0.00376900 0.03702000 0.12379900
v 0.00348500 0.03702000 0.12379900
v 0.00320200 0.03702000 0.12380000
v 0.00291900 0.03702000 0.12380100
v 0.00263600 0.03702000 0.12380100
v 0.00235300 0.03702000 0.12380100
v 0.00436800 0.03411900 0.12365600
v 0.00507400 0.03411900 0.12365300
v 0.00295600 0.03453400 0.12369300
v 0.00365900 0.03453300 0.12369100
v 0.00436200 0.03453300 0.12368900
v 0.00506800 0.03453300 0.12368600
v 0.00434600 0.03576400 0.12376100
v 0.00505000 0.03576300 0.12375800
v 0.00648700 0.03453200 0.12367700
v 0.00577600 0.03453200 0.12368200
v 0.00294100 0.03618100 0.12378100
v 0.00364100 0.03618100 0.12377900
v 0.00434100 0.03618000 0.12377700
v 0.00504300 0.03618000 0.12377400
v 0.00293400 0.03702000 0.12380000
v 0.00432400 0.03743300 0.12380100
v 0.00502400 0.03743300 0.12379900
v 0.00574800 0.03618000 0.12377000
v 0.00645400 0.03617900 0.12376600
v 0.02201100 0.03412200 0.12308100
v 0.02197600 0.03453600 0.12312200
v 0.02182700 0.03618600 0.12324000
v 0.02178700 0.03660700 0.12326000
v 0.02001300 0.03702100 0.12338200
v 0.02174700 0.03702600 0.12327600
v 0.02262100 0.03702900 0.12321800
v 0.02350600 0.03703200 0.12315500
v 0.02440000 0.03703600 0.12308800
v 0.01909400 0.03743300 0.12344000
v 0.01997700 0.03743500 0.12339200
v 0.02084600 0.03743700 0.12334200
v 0.02170700 0.03744000 0.12328800
v 0.02257900 0.03744300 0.12323100
v 0.02346000 0.03744600 0.12316900
v 0.02435200 0.03745000 0.12310300
v 0.01821600 0.03743700 0.12348500
v 0.01822100 0.03749700 0.12348500
v 0.01823500 0.03755900 0.12348500
v 0.01824600 0.03759000 0.12348500
v 0.01826000 0.03762100 0.12348500
v 0.01827700 0.03765100 0.12348400
v 0.01829700 0.03768000 0.12348400
v 0.01832000 0.03770900 0.12348300
v 0.01834700 0.03773600 0.12348200
v 0.01907800 0.03764000 0.12344400
v 0.01865400 0.03743200 0.12346300
v 0.01863700 0.03763900 0.12346600
v 0.01841800 0.03763900 0.12347700
v 0.01864600 0.03753500 0.12346500
v 0.01843400 0.03743100 0.12347400
v 0.01842600 0.03753500 0.12347600
v 0.01911100 0.03722500 0.12343600
v 0.01867000 0.03722400 0.12345900
v 0.01830900 0.03763900 0.12348300
v 0.01842200 0.03758700 0.12347700
v 0.01831700 0.03753500 0.12348100
v 0.01831300 0.03758700 0.12348200
v 0.01862900 0.03774400 0.12346800
v 0.01841000 0.03774300 0.12347900
v 0.01841400 0.03769100 0.12347800
v 0.01837900 0.03776300 0.12348000
v 0.01841600 0.03778900 0.12347900
v 0.01862500 0.03779600 0.12346900
v 0.01852000 0.03774300 0.12347300
v 0.01851600 0.03779600 0.12347400
v 0.01906900 0.03774500 0.12344500
v 0.01885700 0.03764000 0.12345500
v 0.01884900 0.03774400 0.12345700
v 0.01995900 0.03764300 0.12339600
v 0.01953500 0.03743400 0.12341700
v 0.01951700 0.03764100 0.12342100
v 0.01845900 0.03781100 0.12347700
v 0.01851000 0.03783000 0.12347500
v 0.01856600 0.03784300 0.12347200
v 0.01863000 0.03784800 0.12346900
v 0.01900400 0.03784800 0.12345000
v 0.01938000 0.03784800 0.12343000
v 0.01975800 0.03784800 0.12341000
v 0.02013700 0.03784800 0.12338900
v 0.02051800 0.03784800 0.12336700
v 0.02090100 0.03784800 0.12334400
v 0.02128600 0.03784800 0.12332100
v 0.02167300 0.03784800 0.12329700
v 0.02206200 0.03784800 0.12327200
v 0.02245200 0.03784800 0.12324600
v 0.02284500 0.03784800 0.12321900
v 0.02324000 0.03784800 0.12319200
v 0.02363700 0.03784800 0.12316400
v 0.02403600 0.03784800 0.12313500
v 0.02443700 0.03784800 0.12310500
v 0.02484000 0.03784800 0.12307400
v 0.02487500 0.03784700 0.12307100
v 0.02490800 0.03784300 0.12306900
v 0.02496900 0.03782800 0.12306400
v 0.02502100 0.03780700 0.12305900
v 0.02506500 0.03778200 0.12305500
v 0.02510200 0.03775500 0.12305200
v 0.02513300 0.03772700 0.12304900
v 0.02480200 0.03745200 0.12306900
v 0.02432800 0.03765800 0.12311000
v 0.02477700 0.03766000 0.12307500
v 0.02500300 0.03766100 0.12305800
v 0.02476500 0.03776500 0.12307800
v 0.02499000 0.03776600 0.12306100
v 0.02487700 0.03776500 0.12307000
v 0.02475800 0.03781700 0.12308000
v 0.02487100 0.03781800 0.12307100
v 0.02455200 0.03765900 0.12309300
v 0.02431600 0.03776300 0.12311200
v 0.02454000 0.03776400 0.12309600
v 0.02390500 0.03744800 0.12313700
v 0.02343700 0.03765400 0.12317500
v 0.02388100 0.03765600 0.12314300
v 0.02511600 0.03766200 0.12304900
v 0.02499600 0.03771400 0.12305900
v 0.02502800 0.03745300 0.12305100
v 0.02479000 0.03755600 0.12307200
v 0.02501600 0.03755700 0.12305500
v 0.02485200 0.03703800 0.12305300
v 0.02437700 0.03724300 0.12309600
v 0.02482700 0.03724500 0.12306100
v 0.02515900 0.03769800 0.12304600
v 0.02518100 0.03766900 0.12304400
v 0.02520000 0.03763900 0.12304200
v 0.02521600 0.03760900 0.12304000
v 0.02523800 0.03754900 0.12303700
v 0.02512900 0.03755800 0.12304600
v 0.02500900 0.03760900 0.12305600
v 0.02512200 0.03761000 0.12304700
v 0.02525100 0.03748800 0.12303400
v 0.02525400 0.03742700 0.12303300
v 0.02524900 0.03736600 0.12303100
v 0.02523400 0.03730600 0.12303100
v 0.02505400 0.03724600 0.12304400
v 0.02481500 0.03734800 0.12306500
v 0.02504100 0.03734900 0.12304800
v 0.02521000 0.03724800 0.12303100
v 0.02519400 0.03721900 0.12303200
v 0.02517500 0.03719000 0.12303200
v 0.02515200 0.03716200 0.12303300
v 0.02512600 0.03713500 0.12303500
v 0.02509600 0.03710800 0.12303600
v 0.02505900 0.03708200 0.12303800
v 0.02515400 0.03735000 0.12303900
v 0.02516700 0.03724600 0.12303500
v 0.02504700 0.03729700 0.12304600
v 0.02516100 0.03729800 0.12303700
v 0.02484000 0.03714100 0.12305800
v 0.02506600 0.03714200 0.12304000
v 0.02506000 0.03719400 0.12304200
v 0.02495300 0.03714200 0.12304900
v 0.02484600 0.03709000 0.12305500
v 0.02495900 0.03709000 0.12304700
v 0.02460200 0.03724400 0.12307900
v 0.02462600 0.03703700 0.12307100
v 0.02438900 0.03713900 0.12309200
v 0.02461400 0.03714000 0.12307500
v 0.02348300 0.03723900 0.12316300
v 0.02392900 0.03724100 0.12313000
v 0.02501700 0.03705900 0.12304100
v 0.02496700 0.03704000 0.12304400
v 0.02490800 0.03702600 0.12304900
v 0.02487500 0.03702200 0.12305100
v 0.02484000 0.03702000 0.12305400
v 0.02473900 0.03703700 0.12306200
v 0.02426500 0.03702000 0.12309800
v 0.02369300 0.03702000 0.12314100
v 0.02312600 0.03702000 0.12318200
v 0.02256300 0.03702000 0.12322100
v 0.02252800 0.03701900 0.12322400
v 0.02249600 0.03701500 0.12322600
v 0.02243700 0.03700000 0.12322900
v 0.02218300 0.03702800 0.12324700
v 0.02176800 0.03681600 0.12326800
v 0.02240200 0.03702800 0.12323300
v 0.02219400 0.03692300 0.12324400
v 0.02214200 0.03744100 0.12326000
v 0.02260000 0.03723600 0.12322500
v 0.02172800 0.03723300 0.12328200
v 0.02216300 0.03723400 0.12325400
v 0.02238100 0.03723500 0.12323900
v 0.02261100 0.03713200 0.12322100
v 0.02217300 0.03713100 0.12325100
v 0.02239200 0.03713200 0.12323600
v 0.02301800 0.03744500 0.12320000
v 0.02304000 0.03723700 0.12319400
v 0.02238600 0.03698000 0.12323200
v 0.02234300 0.03695700 0.12323400
v 0.02229300 0.03702800 0.12324000
v 0.02218800 0.03697500 0.12324500
v 0.02229800 0.03697500 0.12323800
v 0.02196500 0.03702700 0.12326200
v 0.02198500 0.03681700 0.12325400
v 0.02175800 0.03692100 0.12327200
v 0.02197500 0.03692200 0.12325800
v 0.02131400 0.03702500 0.12330400
v 0.02133400 0.03681500 0.12329600
v 0.02230600 0.03693100 0.12323600
v 0.02227600 0.03690400 0.12323700
v 0.02224900 0.03687600 0.12323800
v 0.02222700 0.03684700 0.12323900
v 0.02220700 0.03681700 0.12323900
v 0.02219000 0.03678500 0.12323900
v 0.02216800 0.03672800 0.12323900
v 0.02180700 0.03639600 0.12325100
v 0.02200600 0.03660800 0.12324600
v 0.02177800 0.03671200 0.12326400
v 0.02199600 0.03671200 0.12325000
v 0.02209500 0.03681700 0.12324700
v 0.02210500 0.03671300 0.12324300
v 0.02199100 0.03676500 0.12325200
v 0.02210000 0.03676500 0.12324500
v 0.02215400 0.03666700 0.12323800
v 0.02214900 0.03660600 0.12323600
v 0.02202600 0.03639700 0.12323600
v 0.02179700 0.03650100 0.12325500
v 0.02201600 0.03650200 0.12324100
v 0.02139100 0.03618400 0.12326900
v 0.02137200 0.03639500 0.12327900
v 0.02214900 0.03597200 0.12320800
v 0.02214900 0.03534700 0.12317200
v 0.02214900 0.03473100 0.12312600
v 0.02214900 0.03412200 0.12307100
v 0.02214500 0.03406200 0.12306500
v 0.02213200 0.03400200 0.12306000
v 0.02202800 0.03391500 0.12305800
v 0.02202000 0.03401800 0.12307000
v 0.02157000 0.03412100 0.12311100
v 0.02158700 0.03391400 0.12308900
v 0.02199300 0.03432900 0.12310200
v 0.02210900 0.03394300 0.12305600
v 0.02209400 0.03391400 0.12305400
v 0.02207500 0.03388500 0.12305200
v 0.02205300 0.03385700 0.12305100
v 0.02202800 0.03382900 0.12304900
v 0.02202400 0.03396700 0.12306400
v 0.02179000 0.03412100 0.12309600
v 0.02180700 0.03391400 0.12307400
v 0.02157900 0.03401700 0.12310000
v 0.02179900 0.03401800 0.12308500
v 0.02153500 0.03453500 0.12315200
v 0.02155300 0.03432800 0.12313200
v 0.02159500 0.03381100 0.12307800
v 0.02181600 0.03381100 0.12306200
v 0.02191800 0.03391500 0.12306600
v 0.02192600 0.03381100 0.12305500
v 0.02181200 0.03386300 0.12306800
v 0.02192200 0.03386300 0.12306000
v 0.02199900 0.03380300 0.12304900
v 0.02196300 0.03377600 0.12304800
v 0.02192200 0.03375200 0.12304900
v 0.02187200 0.03373100 0.12305000
v 0.02182000 0.03376000 0.12305700
v 0.02181300 0.03371500 0.12305200
v 0.02177900 0.03371000 0.12305400
v 0.02174300 0.03370800 0.12305600
v 0.02170700 0.03370900 0.12305900
v 0.02167300 0.03371300 0.12306200
v 0.02161100 0.03372700 0.12306700
v 0.02155700 0.03374800 0.12307300
v 0.02151300 0.03377300 0.12307900
v 0.02147500 0.03380000 0.12308500
v 0.02144500 0.03382700 0.12309000
v 0.02141900 0.03385500 0.12309400
v 0.02139700 0.03388400 0.12309900
v 0.02137800 0.03391300 0.12310300
v 0.02136200 0.03394300 0.12310700
v 0.02133900 0.03400200 0.12311500
v 0.02170600 0.03381100 0.12307000
v 0.02160000 0.03375900 0.12307200
v 0.02171000 0.03375900 0.12306400
v 0.02147700 0.03391400 0.12309700
v 0.02159100 0.03386200 0.12308300
v 0.02148100 0.03386200 0.12309100
v 0.02132600 0.03406200 0.12312200
v 0.02132100 0.03412200 0.12312800
v 0.02133400 0.03432700 0.12314700
v 0.02156100 0.03422400 0.12312200
v 0.02134200 0.03422300 0.12313700
v 0.02132100 0.03473100 0.12318300
v 0.02132100 0.03534700 0.12322700
v 0.02132100 0.03597200 0.12326300
v 0.02132100 0.03660600 0.12329000
v 0.02131700 0.03666700 0.12329200
v 0.02130300 0.03672700 0.12329500
v 0.02134300 0.03671000 0.12329200
v 0.02044700 0.03702300 0.12335600
v 0.02128200 0.03678200 0.12329800
v 0.02126500 0.03681500 0.12330100
v 0.02124500 0.03684600 0.12330300
v 0.02122200 0.03687500 0.12330500
v 0.02119600 0.03690300 0.12330800
v 0.02116500 0.03693000 0.12331000
v 0.02112800 0.03695700 0.12331300
v 0.02108400 0.03698100 0.12331700
v 0.02103200 0.03700100 0.12332000
v 0.02097300 0.03701500 0.12332400
v 0.02094100 0.03701900 0.12332700
v 0.02090700 0.03702000 0.12332900
v 0.02133900 0.03676300 0.12329400
v 0.02109800 0.03702400 0.12331700
v 0.02132400 0.03692000 0.12330000
v 0.02127500 0.03743900 0.12331500
v 0.02086500 0.03723000 0.12333600
v 0.02129500 0.03723100 0.12331000
v 0.02155000 0.03681600 0.12328200
v 0.02157000 0.03660700 0.12327400
v 0.02156000 0.03671100 0.12327800
v 0.02121600 0.03691900 0.12330700
v 0.02132900 0.03686700 0.12329800
v 0.02153100 0.03702600 0.12329000
v 0.02154000 0.03692000 0.12328600
v 0.02120600 0.03702500 0.12331000
v 0.02131900 0.03697200 0.12330200
v 0.02121100 0.03697200 0.12330900
v 0.02107900 0.03723100 0.12332300
v 0.02130500 0.03712800 0.12330700
v 0.02087400 0.03712700 0.12333300
v 0.02108900 0.03712700 0.12332000
v 0.02041000 0.03743600 0.12336700
v 0.01999500 0.03722800 0.12338700
v 0.02042900 0.03722900 0.12336200
v 0.02033200 0.03702000 0.12336300
v 0.01976100 0.03702000 0.12339600
v 0.01919300 0.03702000 0.12342700
v 0.01863000 0.03702000 0.12345600
v 0.01856600 0.03702500 0.12346000
v 0.01850800 0.03703800 0.12346300
v 0.01845700 0.03705800 0.12346600
v 0.01841300 0.03708200 0.12346900
v 0.01837500 0.03710800 0.12347100
v 0.01834300 0.03713600 0.12347300
v 0.01831700 0.03716400 0.12347500
v 0.01829400 0.03719200 0.12347700
v 0.01827400 0.03722200 0.12347800
v 0.01825800 0.03725300 0.12348000
v 0.01823400 0.03731300 0.12348200
v 0.01822000 0.03737500 0.12348400
v 0.01845000 0.03722400 0.12347000
v 0.01867800 0.03712100 0.12345600
v 0.01845800 0.03712100 0.12346700
v 0.01856800 0.03712100 0.12346200
v 0.01868200 0.03707000 0.12345500
v 0.01857200 0.03707000 0.12346000
v 0.01889000 0.03722500 0.12344700
v 0.01911900 0.03712200 0.12343300
v 0.01889800 0.03712200 0.12344500
v 0.01955200 0.03722600 0.12341200
v 0.01834000 0.03722400 0.12347500
v 0.01845400 0.03717200 0.12346800
v 0.01834400 0.03717200 0.12347400
v 0.01866200 0.03732800 0.12346100
v 0.01844200 0.03732700 0.12347200
v 0.01833200 0.03732700 0.12347700
v 0.01844600 0.03727600 0.12347100
v 0.01833600 0.03727500 0.12347600
v 0.02190300 0.03535500 0.12318900
v 0.02186600 0.03576800 0.12321700
v 0.06578600 0.02516300 0.11010300
v 0.06578800 0.02516200 0.11009700
v 0.06578800 0.02516200 0.11009700
v 0.06579500 0.02516100 0.11008700
v 0.06579500 0.02516100 0.11008700
v 0.06579500 0.02516100 0.11008700
v 0.06579500 0.02516100 0.11008700
v 0.06579500 0.02516100 0.11008700
v 0.06579500 0.02516100 0.11008700
v 0.06579500 0.02516100 0.11008700
v 0.06579500 0.02516200 0.11008700
v 0.06579400 0.02516200 0.11008800
v 0.06579400 0.02516200 0.11008800
v 0.06579400 0.02516200 0.11009000
v 0.06579100 0.02516200 0.11009500
v 0.06579100 0.02516200 0.11009500
v 0.06578900 0.02516300 0.11009900
v 0.06578900 0.02516300 0.11009900
v 0.06577900 0.02516000 0.11009100
v 0.06577900 0.02516000 0.11009100
v 0.06577900 0.02516000 0.11009100
v 0.06577900 0.02516000 0.11009100
v 0.06577900 0.02516000 0.11009100
v 0.06577900 0.02516000 0.11009100
v 0.06577900 0.02516000 0.11009100
v 0.06577900 0.02516000 0.11009100
v 0.06577900 0.02516000 0.11009100
v 0.06577900 0.02516000 0.11009100
v 0.06577900 0.02516000 0.11009100
v 0.06577900 0.02516000 0.11009100
f 285 288 284
f 288 2 283
f 2 285 277
f 285 2 288
f 277 286 281
f 283 289 288
f 3 278 276
f 278 282 280
f 279 281 282
f 279 2 277
f 275 279 278
f 2 279 275
f 207 204 206
f 5 207 200
f 204 207 5
f 200 209 203
f 207 208 209
f 204 205 206
f 201 197 192
f 203 202 200
f 200 192 5
f 6 299 298
f 298 295 292
f 426 291 7
f 293 426 290
f 291 426 293
f 291 283 2
f 287 296 1
f 296 293 292
f 293 287 283
f 287 293 296
f 298 290 6
f 293 298 292
f 290 298 293
f 427 275 3
f 428 2 275
f 193 204 5
f 470 4 204
f 189 196 187
f 196 191 194
f 191 189 9
f 189 191 196
f 187 199 195
f 199 192 197
f 196 198 199
f 198 5 192
f 193 198 194
f 5 198 193
f 472 194 191
f 193 472 8
f 194 472 193
f 188 189 190
f 424 302 301
f 305 10 300
f 297 303 294
f 303 301 302
f 301 297 6
f 297 301 303
f 304 305 300
f 425 301 423
f 11 476 474
f 474 475 184
f 471 475 468
f 475 9 184
f 9 471 191
f 471 9 475
f 471 472 191
f 186 184 185
f 474 177 11
f 422 300 10
f 310 307 308
f 308 311 310
f 310 304 300
f 306 314 313
f 313 309 308
f 182 179 180
f 174 181 182
f 183 180 179
f 183 11 177
f 477 179 178
f 419 316 418
f 416 321 419
f 421 306 420
f 418 318 421
f 316 319 318
f 318 312 306
f 315 322 321
f 321 317 316
f 173 170 171
f 166 172 173
f 176 169 174
f 171 175 176
f 170 480 175
f 175 479 169
f 161 482 172
f 172 478 170
f 415 324 414
f 413 329 415
f 417 315 416
f 414 326 417
f 324 327 326
f 326 320 315
f 323 330 329
f 329 325 324
f 165 162 163
f 158 164 165
f 168 161 166
f 163 167 168
f 162 484 167
f 167 481 161
f 152 486 164
f 164 483 162
f 412 333 332
f 337 12 331
f 333 336 335
f 335 328 323
f 337 334 333
f 13 502 501
f 157 154 155
f 149 156 157
f 160 152 158
f 155 159 160
f 154 488 159
f 159 485 152
f 145 499 156
f 156 487 154
f 497 499 489
f 487 497 153
f 499 497 487
f 501 498 13
f 499 501 489
f 498 501 499
f 410 331 12
f 341 339 340
f 405 406 407
f 411 12 409
f 408 410 411
f 406 408 404
f 408 14 339
f 14 406 347
f 406 14 408
f 146 505 504
f 151 145 149
f 504 498 150
f 150 498 145
f 498 504 13
f 504 147 146
f 142 148 134
f 148 146 147
f 146 142 16
f 142 146 148
f 342 345 343
f 343 344 14
f 17 348 346
f 402 405 15
f 405 348 347
f 348 402 346
f 402 348 405
f 343 348 342
f 347 343 14
f 348 343 347
f 18 399 398
f 399 403 401
f 400 402 403
f 400 17 346
f 38 400 399
f 17 400 38
f 516 65 515
f 20 516 140
f 65 516 20
f 140 519 517
f 516 518 519
f 65 514 515
f 137 141 135
f 72 137 21
f 141 137 72
f 143 139 16
f 141 143 135
f 139 143 141
f 72 140 141
f 134 144 142
f 144 16 142
f 136 143 144
f 138 135 136
f 35 36 33
f 33 34 17
f 349 350 34
f 37 38 18
f 41 38 39
f 17 41 33
f 38 41 17
f 40 41 39
f 42 33 41
f 68 69 64
f 71 67 69
f 69 20 64
f 65 69 67
f 20 69 65
f 67 19 65
f 74 72 73
f 20 74 64
f 72 74 20
f 75 64 74
f 289 228 227
f 287 228 289
f 226 289 227
f 1 230 229
f 229 287 1
f 296 230 1
f 228 287 229
f 286 224 223
f 224 286 285
f 222 286 223
f 284 226 225
f 284 224 285
f 289 226 284
f 284 288 289
f 224 284 225
f 232 295 233
f 233 299 234
f 303 236 294
f 299 235 234
f 236 235 294
f 297 294 235
f 231 296 232
f 295 232 296
f 295 296 292
f 230 296 231
f 235 299 297
f 426 391 290
f 299 233 295
f 6 290 423
f 218 282 219
f 220 219 281
f 222 281 286
f 220 281 221
f 222 221 281
f 281 219 282
f 280 217 216
f 276 215 214
f 215 276 216
f 217 280 282
f 280 276 278
f 216 276 280
f 282 218 217
f 276 214 213
f 393 426 7
f 396 7 397
f 426 393 392
f 7 395 394
f 7 394 393
f 391 426 392
f 395 7 396
f 7 427 527
f 432 431 527
f 3 276 213
f 7 291 428
f 527 431 430
f 7 430 429
f 397 7 429
f 430 7 527
f 303 237 236
f 304 241 240
f 242 241 304
f 305 304 240
f 309 243 311
f 304 311 242
f 243 242 311
f 309 244 243
f 302 238 303
f 237 303 238
f 239 238 302
f 239 305 240
f 302 305 239
f 309 245 244
f 247 246 312
f 247 319 248
f 322 251 250
f 250 249 317
f 249 248 319
f 252 251 320
f 314 246 245
f 246 314 312
f 245 309 314
f 319 247 312
f 322 250 317
f 319 317 249
f 322 320 251
f 320 253 252
f 307 313 308
f 290 389 423
f 383 382 10
f 422 10 382
f 386 425 423
f 425 384 10
f 424 425 10
f 10 384 383
f 423 389 388
f 390 290 391
f 389 290 390
f 425 385 384
f 423 387 386
f 425 386 385
f 387 423 388
f 423 301 6
f 421 420 378
f 313 307 420
f 419 418 376
f 419 375 416
f 377 418 421
f 376 375 419
f 381 307 422
f 307 381 380
f 307 380 420
f 382 381 422
f 377 421 378
f 379 420 380
f 378 420 379
f 418 377 376
f 313 420 306
f 205 212 211
f 205 211 210
f 210 208 205
f 213 212 4
f 205 208 206
f 212 205 4
f 133 208 210
f 131 209 132
f 208 133 132
f 129 209 130
f 131 130 209
f 128 203 129
f 209 129 203
f 132 209 208
f 469 527 4
f 4 3 213
f 528 434 433
f 527 528 433
f 435 434 528
f 528 527 469
f 432 527 433
f 3 4 527
f 528 436 435
f 470 8 528
f 8 437 436
f 438 437 8
f 470 193 8
f 528 8 436
f 469 470 528
f 439 438 8
f 427 3 527
f 127 126 203
f 203 128 127
f 202 125 124
f 126 125 202
f 200 202 201
f 201 192 200
f 201 202 124
f 203 126 202
f 122 201 123
f 122 121 197
f 201 124 123
f 120 199 197
f 122 197 201
f 120 119 195
f 195 199 120
f 121 120 197
f 118 187 195
f 190 189 187
f 472 440 8
f 439 8 440
f 184 9 188
f 117 187 118
f 115 190 116
f 117 116 190
f 187 117 190
f 114 188 115
f 190 115 188
f 188 114 113
f 184 188 113
f 440 472 441
f 119 118 195
f 472 471 442
f 443 442 471
f 471 444 443
f 445 444 468
f 468 444 471
f 446 445 468
f 475 447 468
f 446 468 447
f 476 447 475
f 476 449 448
f 449 476 473
f 473 450 449
f 447 476 448
f 184 113 185
f 11 451 473
f 450 473 451
f 451 11 477
f 452 451 477
f 454 453 178
f 453 452 178
f 455 454 479
f 452 477 178
f 455 479 480
f 479 454 178
f 478 456 480
f 458 457 482
f 457 456 478
f 455 480 456
f 459 458 482
f 181 479 178
f 185 112 111
f 185 113 112
f 185 111 186
f 177 186 109
f 181 178 179
f 183 177 108
f 109 186 110
f 177 109 108
f 186 111 110
f 106 180 107
f 183 108 107
f 180 106 105
f 182 180 105
f 107 180 183
f 104 174 182
f 457 478 482
f 101 171 176
f 169 479 181
f 102 176 174
f 102 174 103
f 176 102 101
f 174 104 103
f 99 173 100
f 171 101 100
f 173 99 98
f 100 173 171
f 98 166 173
f 105 104 182
f 459 482 481
f 442 441 472
f 374 416 375
f 327 254 253
f 254 327 325
f 325 256 255
f 330 257 256
f 325 255 254
f 258 257 328
f 256 325 330
f 258 328 336
f 328 257 330
f 323 413 335
f 336 259 258
f 374 417 416
f 336 334 260
f 261 260 334
f 338 262 261
f 263 262 331
f 338 331 262
f 334 338 261
f 331 264 263
f 331 338 337
f 331 341 264
f 333 335 332
f 340 266 265
f 265 341 340
f 339 344 340
f 264 341 265
f 260 259 336
f 373 417 374
f 372 417 373
f 371 415 414
f 413 415 370
f 371 370 415
f 372 371 414
f 417 372 414
f 370 369 413
f 332 413 369
f 332 369 368
f 368 367 332
f 366 412 367
f 332 367 412
f 366 365 409
f 12 412 366
f 332 335 413
f 364 411 409
f 365 364 409
f 366 409 12
f 408 411 362
f 363 362 411
f 364 363 411
f 361 404 362
f 404 408 362
f 404 361 360
f 360 359 404
f 358 406 359
f 404 359 406
f 358 357 407
f 407 406 358
f 266 340 344
f 253 320 327
f 339 14 344
f 268 267 344
f 345 269 268
f 269 345 270
f 344 345 268
f 270 345 342
f 355 15 356
f 407 356 405
f 353 402 15
f 356 15 405
f 354 15 355
f 342 271 270
f 344 267 266
f 350 272 342
f 273 272 350
f 350 22 274
f 23 22 349
f 350 349 22
f 273 350 274
f 348 350 342
f 34 350 348
f 34 36 349
f 24 349 36
f 36 34 33
f 25 36 26
f 36 35 26
f 24 36 25
f 23 349 24
f 271 342 272
f 26 35 27
f 353 15 354
f 403 353 352
f 403 402 353
f 526 401 351
f 403 351 401
f 352 351 403
f 398 525 524
f 522 19 523
f 523 18 524
f 526 398 401
f 399 401 398
f 524 18 398
f 525 398 526
f 47 18 19
f 29 35 42
f 27 35 28
f 28 35 29
f 30 42 31
f 31 42 32
f 29 42 30
f 40 32 42
f 37 40 39
f 37 18 46
f 46 18 47
f 44 40 37
f 44 37 45
f 45 37 46
f 43 40 44
f 40 43 32
f 19 18 523
f 356 407 357
f 465 464 488
f 466 465 153
f 463 485 464
f 497 467 466
f 487 153 465
f 467 497 489
f 489 502 467
f 153 497 466
f 484 460 481
f 460 459 481
f 461 460 484
f 486 462 483
f 484 483 461
f 462 461 483
f 463 462 486
f 505 493 492
f 494 493 505
f 505 492 500
f 503 496 495
f 505 503 494
f 495 494 503
f 146 16 503
f 502 491 490
f 502 489 501
f 500 491 502
f 490 467 502
f 504 500 13
f 492 491 500
f 505 500 504
f 97 168 166
f 95 163 168
f 463 486 485
f 488 464 485
f 94 165 163
f 95 168 96
f 168 97 96
f 94 163 95
f 92 91 158
f 158 91 160
f 158 93 92
f 165 94 93
f 93 158 165
f 98 97 166
f 90 155 160
f 147 150 85
f 147 85 84
f 148 147 84
f 89 157 155
f 157 88 87
f 157 89 88
f 155 90 89
f 86 151 149
f 151 86 85
f 85 150 151
f 87 86 149
f 149 157 87
f 91 90 160
f 487 465 488
f 496 503 139
f 514 520 518
f 521 520 514
f 513 518 520
f 522 514 19
f 66 47 19
f 518 515 514
f 522 521 514
f 517 512 511
f 517 510 509
f 510 517 511
f 512 517 519
f 518 513 519
f 139 517 509
f 513 512 519
f 517 141 140
f 70 66 67
f 51 70 71
f 50 66 70
f 50 70 51
f 66 50 49
f 49 48 66
f 52 51 71
f 73 75 74
f 75 56 55
f 55 68 75
f 56 75 57
f 68 54 53
f 54 68 55
f 53 52 68
f 52 71 68
f 48 47 66
f 139 508 507
f 139 507 506
f 509 508 139
f 139 503 16
f 517 139 141
f 83 134 148
f 134 83 82
f 82 81 134
f 84 83 148
f 80 79 136
f 136 79 138
f 80 144 81
f 144 134 81
f 136 144 80
f 139 506 496
f 73 72 62
f 60 73 61
f 61 73 62
f 75 73 59
f 59 73 60
f 75 59 58
f 138 77 137
f 21 137 77
f 79 78 138
f 77 138 78
f 63 62 21
f 21 76 63
f 77 76 21
f 21 62 72
f 57 75 58
f 765 757 775
f 775 755 529
f 529 756 765
f 765 775 529
f 756 767 765
f 765 759 757
f 761 760 772
f 772 758 757
f 757 759 761
f 761 772 757
f 759 764 761
f 764 760 761
f 772 771 758
f 799 774 755
f 775 776 799
f 755 775 799
f 796 776 775
f 757 758 796
f 775 757 796
f 776 797 795
f 796 771 797
f 799 798 774
f 776 800 799
f 530 770 768
f 768 756 529
f 738 737 552
f 532 728 738
f 552 532 738
f 728 740 738
f 738 739 737
f 552 736 531
f 730 731 557
f 733 734 728
f 731 729 733
f 733 728 532
f 532 557 731
f 731 733 532
f 824 825 826
f 826 778 810
f 802 778 825
f 825 777 529
f 529 755 802
f 802 825 529
f 808 801 778
f 802 803 808
f 778 802 808
f 805 803 802
f 755 774 805
f 802 755 805
f 805 804 803
f 774 806 805
f 801 809 807
f 803 809 808
f 810 823 821
f 822 820 823
f 812 811 822
f 822 810 778
f 778 801 812
f 812 822 778
f 801 813 812
f 827 768 828
f 828 529 777
f 551 552 554
f 554 531 553
f 561 534 725
f 725 556 558
f 558 550 561
f 561 725 558
f 727 533 730
f 730 557 558
f 558 556 727
f 727 730 558
f 558 532 551
f 726 556 725
f 723 725 534
f 535 585 582
f 583 584 585
f 567 566 584
f 584 565 549
f 549 559 567
f 567 584 549
f 549 562 559
f 560 561 562
f 562 550 555
f 563 589 586
f 587 588 589
f 589 549 565
f 583 535 586
f 589 565 583
f 586 589 583
f 590 582 591
f 721 570 596
f 718 596 569
f 720 593 570
f 570 594 592
f 593 586 594
f 590 568 594
f 586 535 590
f 594 586 590
f 592 594 568
f 569 597 595
f 596 592 597
f 717 599 604
f 714 604 598
f 719 569 601
f 716 601 599
f 599 602 600
f 601 595 602
f 598 605 603
f 604 600 605
f 715 598 608
f 713 608 606
f 606 609 607
f 608 603 609
f 674 624 626
f 659 626 619
f 619 628 622
f 626 627 628
f 658 634 657
f 657 631 650
f 631 629 650
f 650 635 657
f 657 620 631
f 649 650 651
f 651 629 640
f 669 660 668
f 656 668 634
f 672 659 671
f 667 671 660
f 671 659 619
f 621 660 671
f 619 621 671
f 668 660 621
f 620 634 668
f 621 620 668
f 625 623 621
f 619 622 625
f 621 619 625
f 629 633 630
f 631 632 633
f 754 779 773
f 780 773 779
f 771 773 780
f 781 771 780
f 760 752 753
f 753 754 760
f 754 773 772
f 771 781 782
f 783 797 782
f 784 797 783
f 785 795 784
f 784 795 797
f 800 786 798
f 800 795 785
f 786 800 785
f 771 782 797
f 750 764 749
f 750 751 763
f 763 751 752
f 763 764 750
f 748 762 747
f 748 764 762
f 746 747 766
f 764 748 749
f 763 752 760
f 767 762 759
f 767 766 747
f 766 756 770
f 746 766 770
f 762 767 747
f 760 754 772
f 770 769 746
f 787 806 786
f 804 787 788
f 788 789 809
f 804 806 787
f 807 809 790
f 788 809 804
f 789 790 809
f 792 807 791
f 790 791 807
f 813 807 792
f 793 813 792
f 794 812 813
f 793 794 813
f 814 811 794
f 814 815 811
f 811 812 794
f 821 826 810
f 811 815 820
f 824 828 777
f 826 829 824
f 828 824 836
f 823 820 817
f 816 817 820
f 823 817 818
f 819 823 818
f 831 836 830
f 836 824 829
f 836 829 830
f 821 819 829
f 819 821 823
f 829 826 821
f 815 816 820
f 806 798 786
f 836 827 828
f 743 736 742
f 741 742 736
f 743 744 530
f 712 734 711
f 711 734 710
f 741 739 712
f 769 744 745
f 741 736 739
f 743 530 531
f 743 531 736
f 837 531 530
f 712 739 740
f 737 739 736
f 712 740 734
f 530 744 769
f 769 745 746
f 709 710 734
f 708 709 734
f 706 707 735
f 708 735 707
f 734 735 708
f 705 706 735
f 729 704 705
f 703 704 729
f 735 729 705
f 735 733 729
f 729 731 732
f 703 732 702
f 701 702 732
f 533 700 730
f 732 700 701
f 699 700 533
f 732 730 700
f 729 732 703
f 834 838 833
f 553 531 837
f 837 530 827
f 831 832 837
f 838 553 837
f 551 554 839
f 554 838 839
f 835 536 839
f 838 554 553
f 839 538 550
f 836 831 837
f 837 832 833
f 835 838 834
f 838 837 833
f 839 536 537
f 551 550 558
f 839 537 538
f 838 835 839
f 539 550 538
f 727 698 699
f 727 699 533
f 556 697 727
f 697 698 727
f 697 724 696
f 724 695 696
f 697 556 724
f 550 540 541
f 560 723 534
f 694 695 726
f 726 695 724
f 693 694 723
f 726 723 694
f 723 692 693
f 550 541 555
f 550 539 540
f 836 837 827
f 543 555 542
f 541 542 555
f 555 543 544
f 562 555 544
f 559 562 544
f 559 545 546
f 559 544 545
f 567 559 546
f 566 567 547
f 546 547 567
f 584 566 548
f 547 548 566
f 585 584 548
f 582 585 571
f 585 548 571
f 572 582 571
f 572 573 591
f 591 582 572
f 591 573 590
f 560 549 588
f 723 588 692
f 590 573 568
f 564 692 588
f 574 592 568
f 573 574 568
f 575 592 574
f 576 597 575
f 597 592 575
f 602 595 577
f 576 595 597
f 576 577 595
f 560 588 723
f 600 578 579
f 603 580 581
f 605 579 580
f 578 600 602
f 580 603 605
f 605 600 579
f 603 581 609
f 577 578 602
f 581 610 607
f 612 627 611
f 625 612 613
f 610 606 607
f 613 614 623
f 623 614 615
f 615 616 632
f 609 581 607
f 624 611 627
f 676 610 611
f 612 622 628
f 628 627 612
f 613 623 625
f 618 632 617
f 615 632 623
f 632 616 617
f 625 622 612
f 621 623 632
f 636 633 618
f 633 636 637
f 637 638 630
f 637 630 633
f 641 640 639
f 630 639 629
f 639 630 638
f 632 618 633
f 640 641 642
f 691 692 564
f 690 564 587
f 587 688 689
f 563 593 687
f 691 564 690
f 593 722 687
f 587 689 690
f 688 587 563
f 684 720 721
f 624 675 611
f 682 718 719
f 679 716 717
f 680 719 716
f 611 675 676
f 683 721 718
f 686 722 720
f 686 687 722
f 720 685 686
f 685 720 684
f 683 684 721
f 682 683 718
f 682 719 681
f 688 563 687
f 679 680 716
f 719 680 681
f 715 677 714
f 713 677 715
f 679 717 678
f 677 678 714
f 676 677 713
f 713 606 676
f 606 610 676
f 678 717 714
f 675 624 673
f 620 621 632
f 659 670 674
f 635 653 657
f 674 666 673
f 643 651 640
f 651 643 644
f 643 640 642
f 645 651 644
f 648 635 649
f 646 647 649
f 651 646 649
f 646 651 645
f 640 629 639
f 649 647 648
f 666 670 672
f 664 667 669
f 665 672 667
f 665 666 672
f 667 664 665
f 669 663 664
f 663 669 662
f 674 670 666
f 658 657 653
f 652 653 635
f 661 662 656
f 654 655 658
f 656 655 661
f 653 654 658
f 656 658 655
f 669 656 662
f 648 652 635
f 675 673 666
f 1117 1112 1116
f 1115 1116 1111
f 1121 1122 1114
f 1133 1125 1152
f 1152 1124 1112
f 1112 1114 1133
f 1133 1152 1112
f 1114 1134 1133
f 1125 1133 1134
f 1151 1124 1152
f 1111 1154 1153
f 1156 1154 1116
f 1112 1124 1156
f 1116 1112 1156
f 1154 1157 1155
f 1156 1151 1157
f 980 974 979
f 977 979 976
f 979 974 970
f 975 976 979
f 970 975 979
f 967 975 955
f 988 989 981
f 983 982 988
f 988 981 970
f 970 974 983
f 983 988 970
f 991 970 981
f 981 998 997
f 955 1008 1007
f 975 991 1008
f 1166 1118 840
f 1119 1120 1166
f 840 1119 1166
f 1162 1158 1120
f 1159 1160 1162
f 1120 1159 1162
f 1159 1153 1160
f 1158 1164 1161
f 1162 1163 1164
f 1118 1167 1165
f 1170 1167 1166
f 1120 1158 1170
f 1166 1120 1170
f 1170 1161 1171
f 966 959 965
f 965 959 957
f 960 961 965
f 957 960 965
f 958 960 954
f 973 969 972
f 964 972 959
f 969 955 968
f 972 969 968
f 957 959 972
f 968 957 972
f 960 957 956
f 841 954 960
f 956 841 960
f 1168 1118 1169
f 963 841 962
f 1093 1091 844
f 1093 1082 1092
f 1091 1092 1079
f 1090 1084 1089
f 1090 1086 1085
f 1082 1084 1090
f 1085 1082 1090
f 1085 1080 1078
f 1081 1082 1085
f 1078 1081 1085
f 1092 1082 1081
f 867 1079 1092
f 1081 867 1092
f 1080 1087 1078
f 1078 1087 842
f 1087 1077 842
f 843 867 1081
f 1081 1078 843
f 845 1027 1024
f 1025 1026 1027
f 1022 1020 1027
f 1026 1019 1022
f 1027 1026 1022
f 1031 932 1024
f 1027 1020 1031
f 1024 1027 1031
f 932 1032 1030
f 1031 1021 1032
f 1028 1021 1020
f 1022 1023 1028
f 1020 1022 1028
f 869 1074 1094
f 1074 866 1094
f 1094 868 869
f 869 846 1074
f 866 1096 1094
f 1091 1079 1096
f 1076 844 1091
f 1096 1076 1091
f 1096 867 1095
f 1094 1095 868
f 869 870 871
f 1075 1072 878
f 1075 866 1074
f 1072 1074 846
f 928 848 934
f 934 931 933
f 933 923 928
f 928 934 933
f 1024 932 1034
f 1034 933 931
f 931 845 1024
f 1024 1034 931
f 933 1035 1033
f 873 874 875
f 872 846 865
f 850 879 876
f 878 879 877
f 1072 846 872
f 879 878 1072
f 872 879 1072
f 873 849 876
f 879 872 873
f 876 879 873
f 851 1067 915
f 1066 1029 1069
f 1069 1067 924
f 924 847 1066
f 1066 1069 924
f 1067 1071 1068
f 1068 1070 877
f 1068 877 850
f 915 1067 1068
f 850 915 1068
f 930 923 929
f 926 929 925
f 929 923 847
f 924 925 929
f 847 924 929
f 927 925 924
f 851 922 927
f 924 851 927
f 911 912 913
f 912 880 850
f 876 881 912
f 850 876 912
f 921 916 917
f 920 914 851
f 915 916 920
f 851 915 920
f 918 916 915
f 850 880 918
f 915 850 918
f 917 918 919
f 919 880 911
f 1136 1125 1135
f 1137 1125 1136
f 1138 1152 1137
f 1131 1134 1130
f 1132 1135 1125
f 1152 1125 1137
f 1132 1125 1134
f 1134 1131 1132
f 1152 1138 1151
f 1141 1157 1140
f 1143 1155 1142
f 1157 1141 1142
f 1144 1155 1143
f 1138 1139 1151
f 1151 1139 1140
f 1157 1151 1140
f 1155 1153 1154
f 1157 1142 1155
f 1129 1122 1128
f 1129 1134 1122
f 1127 1128 1122
f 1134 1129 1130
f 1123 1110 1126
f 1109 1110 1123
f 1122 1123 1126
f 1121 1109 1123
f 1122 1126 1127
f 1108 1109 1121
f 1113 1121 1112
f 1114 1112 1121
f 1107 1108 1121
f 1113 1106 1121
f 1106 1107 1121
f 1105 1113 1104
f 1113 1105 1106
f 1103 1104 1117
f 1117 1104 1113
f 1144 1153 1155
f 1153 1145 1163
f 1146 1163 1145
f 1163 1146 1147
f 1164 1163 1147
f 1163 1160 1153
f 1115 1111 1159
f 1164 1147 1148
f 1144 1145 1153
f 1161 1148 1149
f 1171 1161 1150
f 1149 1150 1161
f 1165 1171 1150
f 1171 1165 1167
f 1150 1172 1165
f 1167 1170 1171
f 1172 1118 1165
f 1148 1161 1164
f 1119 1159 1120
f 1103 1115 1119
f 1119 1115 1159
f 1172 1169 1118
f 1102 1103 1119
f 1102 1168 1101
f 1168 1173 1101
f 840 1168 1102
f 1102 1119 840
f 1173 1168 1169
f 1117 1115 1103
f 1100 1101 1174
f 1176 1099 1175
f 1100 1174 1175
f 842 1176 1177
f 1099 1100 1175
f 1077 1097 1098
f 1176 1098 1099
f 1083 1097 1088
f 1176 842 1098
f 842 1177 1178
f 1173 1174 1101
f 1173 1169 1172
f 998 999 1000
f 1000 1001 998
f 1002 998 1001
f 989 999 998
f 989 995 996
f 990 994 989
f 995 989 994
f 993 994 990
f 989 996 999
f 1004 997 1003
f 991 1005 1006
f 1008 991 1006
f 1004 1005 991
f 991 997 1004
f 997 1002 1003
f 991 981 997
f 997 998 1002
f 1008 1006 1009
f 987 990 988
f 992 993 990
f 986 987 982
f 990 987 992
f 982 987 988
f 985 986 982
f 953 984 983
f 985 983 984
f 974 953 983
f 985 982 983
f 953 978 952
f 977 967 949
f 950 980 977
f 951 978 980
f 951 952 978
f 980 950 951
f 950 977 949
f 948 949 967
f 976 967 977
f 974 978 953
f 968 1009 956
f 1010 956 1009
f 841 956 1010
f 1011 962 1010
f 968 955 1007
f 1009 968 1007
f 1010 962 841
f 957 968 956
f 1012 1180 1011
f 1008 1009 1007
f 1013 1180 1012
f 1015 1181 1014
f 1013 1014 1181
f 1181 1015 1018
f 1181 939 1013
f 939 940 1180
f 1180 940 962
f 1180 1013 939
f 939 1181 938
f 938 1181 937
f 937 1181 1018
f 962 1011 1180
f 940 941 962
f 971 967 969
f 947 967 971
f 946 947 971
f 944 945 964
f 945 973 964
f 946 973 945
f 946 971 973
f 948 967 947
f 941 942 963
f 954 963 942
f 962 941 963
f 942 958 954
f 944 964 943
f 966 943 964
f 958 966 961
f 943 966 958
f 966 965 961
f 942 943 958
f 1098 842 1077
f 1088 1077 1087
f 842 1178 1078
f 1086 1088 1080
f 1083 1086 1090
f 1080 1085 1086
f 1083 1088 1086
f 1178 843 1078
f 1179 1095 843
f 1178 1179 843
f 871 870 852
f 1179 852 870
f 853 871 852
f 870 1095 1179
f 870 868 1095
f 1095 867 843
f 1065 1083 1090
f 1064 1089 1093
f 1089 1065 1090
f 1089 1084 1093
f 1064 1065 1089
f 1063 1064 1093
f 1062 844 1061
f 1076 1061 844
f 1063 844 1062
f 1063 1093 844
f 1061 1076 1060
f 866 1060 1076
f 1058 1073 1075
f 1060 866 1073
f 1059 1060 1073
f 1073 1058 1059
f 1075 1056 1057
f 1056 878 1055
f 1057 1058 1075
f 1075 878 1056
f 865 869 871
f 854 865 853
f 865 854 855
f 855 856 865
f 856 874 865
f 857 875 874
f 865 874 872
f 874 856 857
f 1054 1055 878
f 859 875 858
f 857 858 875
f 860 849 859
f 875 859 849
f 861 849 860
f 875 849 873
f 863 881 862
f 876 861 862
f 861 876 849
f 863 864 881
f 878 1053 1054
f 1070 878 877
f 862 881 876
f 1070 1051 1052
f 1070 1071 1050
f 1051 1070 1050
f 1053 1070 1052
f 878 1070 1053
f 913 912 881
f 913 883 884
f 882 883 913
f 913 881 882
f 885 913 884
f 886 911 885
f 913 885 911
f 911 887 888
f 886 887 911
f 882 881 864
f 911 888 919
f 853 865 871
f 1035 1038 1039
f 1033 1035 1040
f 1039 1040 1035
f 1030 1037 1038
f 1016 1028 1023
f 1016 1023 1015
f 1032 1036 1037
f 1017 1028 1016
f 1036 1021 1017
f 1030 1038 1035
f 1044 847 1043
f 1048 1029 1047
f 1047 1029 1046
f 1046 1066 1045
f 1040 1041 1033
f 1042 1033 1041
f 1043 847 1042
f 847 1033 1042
f 1033 923 933
f 1044 1045 1066
f 1022 1019 1023
f 1036 1032 1021
f 1021 1028 1017
f 1026 1018 1015
f 1018 1025 936
f 1025 845 936
f 937 1018 936
f 1019 1026 1015
f 1034 932 1030
f 1035 1034 1030
f 910 935 931
f 845 931 935
f 909 910 934
f 931 934 910
f 909 934 848
f 936 845 935
f 1030 1032 1037
f 1071 1048 1049
f 1023 1019 1015
f 1029 1048 1069
f 1071 1069 1048
f 1044 1066 847
f 917 919 891
f 1046 1029 1066
f 917 892 893
f 891 919 890
f 892 917 891
f 893 894 917
f 920 921 897
f 896 897 921
f 896 921 895
f 894 895 921
f 921 917 894
f 889 890 919
f 919 888 889
f 897 914 920
f 927 905 926
f 906 930 926
f 848 928 930
f 909 848 908
f 907 908 848
f 848 930 907
f 907 930 906
f 906 926 905
f 927 926 925
f 901 851 900
f 851 901 922
f 900 914 899
f 898 899 914
f 898 914 897
f 905 927 904
f 903 904 927
f 903 922 902
f 901 902 922
f 927 922 903
f 851 914 900
f 1033 847 923
f 1071 1049 1050
f 1097 1077 1088
f 1182 1487 1485
f 1487 1486 1464
f 1183 1465 1462
f 1465 1468 1466
f 1464 1466 1468
f 1466 1464 1486
f 1486 1182 1462
f 1462 1465 1466
f 1466 1486 1462
f 1447 1446 1444
f 1186 1430 1447
f 1444 1186 1447
f 1430 1449 1447
f 1447 1448 1446
f 1444 1445 1185
f 1431 1429 1187
f 1431 1443 1441
f 1441 1442 1430
f 1441 1430 1186
f 1429 1431 1441
f 1186 1429 1441
f 1709 1188 1716
f 1716 1489 1490
f 1490 1488 1709
f 1709 1716 1490
f 1485 1469 1491
f 1491 1490 1489
f 1489 1182 1485
f 1485 1491 1489
f 1721 1722 1723
f 1723 1703 1714
f 1722 1702 1183
f 1462 1703 1722
f 1183 1462 1722
f 1715 1703 1462
f 1182 1489 1715
f 1462 1182 1715
f 1711 1674 1714
f 1717 1699 1711
f 1714 1717 1711
f 1714 1715 1717
f 1717 1489 1716
f 1699 1716 1188
f 1724 1725 1726
f 1726 1183 1702
f 1739 1444 1741
f 1741 1185 1740
f 1745 1189 1422
f 1743 1742 1745
f 1422 1743 1745
f 1422 1429 1743
f 1743 1186 1739
f 1190 1427 1424
f 1427 1423 1426
f 1424 1426 1417
f 1428 1423 1425
f 1187 1422 1423
f 1426 1423 1422
f 1189 1417 1426
f 1422 1189 1426
f 1191 1705 1679
f 1697 1493 1704
f 1705 1685 1697
f 1704 1705 1697
f 1705 1494 1523
f 1679 1523 1492
f 1707 1700 1710
f 1704 1493 1707
f 1710 1704 1707
f 1700 1709 1710
f 1710 1488 1519
f 1704 1519 1494
f 1494 1521 1518
f 1519 1520 1521
f 1492 1524 1522
f 1523 1518 1524
f 1713 1699 1712
f 1706 1701 1712
f 1712 1699 1188
f 1188 1700 1706
f 1706 1712 1188
f 1701 1706 1708
f 1708 1700 1707
f 1696 1707 1493
f 1698 1493 1697
f 1695 1697 1685
f 1744 1189 1745
f 1414 1418 1760
f 1760 1192 1414
f 1419 1190 1424
f 1424 1417 1418
f 1418 1411 1419
f 1419 1424 1418
f 1418 1417 1189
f 1760 1761 1762
f 1413 1419 1411
f 1415 1412 1405
f 1415 1411 1414
f 1412 1414 1192
f 1532 1661 1678
f 1661 1526 1678
f 1678 1527 1532
f 1532 1193 1661
f 1676 1673 1680
f 1678 1526 1676
f 1680 1678 1676
f 1673 1679 1680
f 1680 1492 1529
f 1678 1529 1527
f 1527 1530 1528
f 1529 1522 1530
f 1525 1533 1531
f 1532 1528 1533
f 1673 1676 1677
f 1675 1676 1526
f 1670 1671 1656
f 1671 1662 1661
f 1193 1656 1671
f 1661 1193 1671
f 1194 1766 1763
f 1764 1765 1766
f 1402 1408 1396
f 1410 1405 1412
f 1412 1192 1406
f 1406 1407 1410
f 1410 1412 1406
f 1408 1406 1764
f 1764 1396 1408
f 1657 1193 1525
f 1535 1534 1657
f 1525 1535 1657
f 1638 1637 1540
f 1196 1636 1638
f 1540 1196 1638
f 1645 1641 1638
f 1636 1639 1645
f 1638 1636 1645
f 1639 1648 1645
f 1645 1647 1641
f 1641 1654 1652
f 1652 1653 1640
f 1652 1640 1637
f 1638 1641 1652
f 1637 1638 1652
f 1637 1658 1655
f 1656 1658 1640
f 1658 1193 1657
f 1655 1657 1534
f 1655 1534 1195
f 1540 1637 1655
f 1195 1540 1655
f 1197 1644 1642
f 1644 1651 1649
f 1649 1639 1636
f 1649 1636 1196
f 1642 1644 1649
f 1196 1642 1649
f 1604 1577 1622
f 1622 1607 1570
f 1570 1199 1604
f 1604 1622 1570
f 1577 1624 1622
f 1622 1623 1607
f 1570 1606 1198
f 1609 1611 1612
f 1610 1611 1603
f 1609 1621 1619
f 1619 1620 1608
f 1611 1609 1619
f 1619 1608 1577
f 1577 1603 1611
f 1611 1619 1577
f 1564 1605 1587
f 1602 1578 1610
f 1610 1603 1605
f 1605 1594 1602
f 1602 1610 1605
f 1605 1577 1604
f 1587 1604 1199
f 1401 1398 1400
f 1393 1400 1387
f 1404 1396 1403
f 1399 1403 1398
f 1403 1194 1767
f 1767 1398 1403
f 1400 1397 1790
f 1790 1387 1400
f 1537 1195 1538
f 1539 1540 1541
f 1537 1536 1543
f 1543 1541 1540
f 1540 1195 1537
f 1537 1543 1540
f 1542 1543 1544
f 1588 1199 1570
f 1572 1565 1588
f 1570 1572 1588
f 1572 1198 1571
f 1586 1576 1585
f 1585 1576 1589
f 1567 1566 1585
f 1589 1567 1585
f 1576 1587 1589
f 1589 1199 1588
f 1567 1588 1565
f 1575 1569 1574
f 1569 1565 1568
f 1392 1389 1391
f 1384 1391 1378
f 1395 1387 1394
f 1390 1394 1389
f 1394 1200 1791
f 1791 1389 1394
f 1391 1388 1792
f 1792 1378 1391
f 1202 1795 1793
f 1795 1794 1379
f 1383 1380 1382
f 1375 1382 1372
f 1386 1378 1385
f 1381 1385 1380
f 1385 1378 1201
f 1379 1380 1385
f 1201 1379 1385
f 1382 1379 1794
f 1794 1372 1382
f 1807 1797 1803
f 1803 1796 1204
f 1204 1373 1807
f 1807 1803 1204
f 1373 1809 1807
f 1808 1793 1809
f 1800 1797 1807
f 1809 1798 1800
f 1807 1809 1800
f 1797 1801 1799
f 1796 1804 1802
f 1804 1803 1797
f 1203 1802 1804
f 1377 1372 1376
f 1376 1202 1808
f 1808 1374 1376
f 1374 1373 1204
f 1205 1244 1242
f 1243 1227 1244
f 1240 1236 1244
f 1227 1226 1240
f 1244 1227 1240
f 1242 1236 1224
f 1225 1230 1227
f 1235 1226 1227
f 1230 1229 1235
f 1227 1230 1235
f 1234 1226 1235
f 1236 1241 1239
f 1240 1234 1241
f 1206 1233 1231
f 1243 1205 1231
f 1233 1225 1243
f 1231 1233 1243
f 1209 1811 1307
f 1307 1810 1208
f 1323 1806 1320
f 1323 1796 1806
f 1802 1203 1805
f 1806 1796 1802
f 1805 1806 1802
f 1320 1805 1209
f 1262 1257 1263
f 1266 1267 1268
f 1237 1259 1257
f 1258 1242 1259
f 1259 1224 1245
f 1254 1238 1257
f 1259 1245 1254
f 1257 1259 1254
f 1238 1254 1256
f 1254 1255 1256
f 1260 1231 1261
f 1258 1237 1261
f 1231 1205 1258
f 1261 1231 1258
f 1308 1314 1316
f 1316 1207 1315
f 1317 1318 1319
f 1319 1309 1310
f 1318 1306 1209
f 1307 1309 1318
f 1209 1307 1318
f 1311 1309 1307
f 1208 1308 1311
f 1307 1208 1311
f 1310 1311 1313
f 1313 1308 1312
f 1322 1321 1320
f 1209 1306 1322
f 1320 1209 1322
f 1474 1475 1487
f 1473 1474 1487
f 1476 1487 1475
f 1469 1478 1479
f 1476 1477 1469
f 1478 1469 1477
f 1485 1476 1469
f 1468 1461 1470
f 1459 1460 1468
f 1461 1468 1460
f 1468 1470 1464
f 1476 1485 1487
f 1464 1471 1472
f 1464 1472 1473
f 1470 1471 1464
f 1487 1464 1473
f 1491 1469 1479
f 1520 1482 1483
f 1520 1488 1482
f 1481 1482 1490
f 1520 1483 1484
f 1521 1484 1495
f 1495 1518 1521
f 1518 1495 1496
f 1520 1484 1521
f 1490 1491 1480
f 1479 1480 1491
f 1481 1490 1480
f 1490 1482 1488
f 1688 1708 1696
f 1708 1689 1701
f 1688 1689 1708
f 1691 1712 1701
f 1467 1458 1459
f 1463 1457 1467
f 1458 1467 1457
f 1459 1468 1467
f 1714 1674 1723
f 1467 1465 1463
f 1456 1457 1463
f 1725 1455 1456
f 1183 1725 1463
f 1455 1184 1454
f 1725 1456 1463
f 1726 1721 1831
f 1184 1453 1454
f 1721 1726 1702
f 1455 1725 1184
f 1832 1724 1831
f 1674 1711 1693
f 1713 1693 1711
f 1718 1674 1694
f 1693 1694 1674
f 1720 1674 1719
f 1692 1713 1691
f 1691 1713 1712
f 1693 1713 1692
f 1701 1690 1691
f 1729 1832 1831
f 1674 1727 1831
f 1184 1724 1832
f 1729 1831 1728
f 1831 1721 1674
f 1720 1727 1674
f 1831 1724 1726
f 1727 1728 1831
f 1674 1721 1723
f 1719 1674 1718
f 1701 1689 1690
f 1832 1833 1184
f 1696 1687 1688
f 1524 1496 1497
f 1522 1524 1497
f 1530 1522 1498
f 1497 1498 1522
f 1530 1498 1499
f 1683 1685 1191
f 1686 1698 1684
f 1695 1684 1698
f 1686 1687 1696
f 1686 1696 1698
f 1695 1685 1683
f 1682 1683 1191
f 1681 1682 1191
f 1681 1673 1677
f 1684 1695 1683
f 1681 1191 1673
f 1496 1524 1518
f 1530 1500 1528
f 1533 1528 1501
f 1500 1501 1528
f 1531 1533 1502
f 1504 1525 1503
f 1531 1502 1503
f 1501 1502 1533
f 1677 1675 1668
f 1669 1677 1668
f 1675 1526 1661
f 1677 1669 1681
f 1525 1531 1503
f 1662 1675 1661
f 1525 1504 1535
f 1535 1504 1505
f 1530 1499 1500
f 1667 1668 1675
f 1662 1665 1666
f 1666 1667 1662
f 1664 1662 1671
f 1662 1667 1675
f 1664 1671 1672
f 1665 1662 1664
f 1660 1663 1672
f 1664 1672 1663
f 1660 1670 1659
f 1670 1660 1672
f 1654 1634 1635
f 1635 1659 1653
f 1606 1626 1627
f 1659 1670 1653
f 1640 1670 1656
f 1654 1647 1634
f 1633 1647 1632
f 1633 1634 1647
f 1653 1654 1635
f 1651 1646 1639
f 1632 1648 1646
f 1632 1647 1648
f 1640 1653 1670
f 1631 1632 1646
f 1650 1630 1631
f 1643 1628 1629
f 1629 1630 1650
f 1631 1651 1650
f 1650 1644 1643
f 1643 1198 1606
f 1643 1606 1628
f 1650 1643 1629
f 1651 1631 1646
f 1627 1628 1606
f 1623 1626 1606
f 1832 1729 1730
f 1452 1833 1451
f 1445 1450 1451
f 1445 1451 1833
f 1446 1448 1445
f 1450 1445 1448
f 1439 1450 1448
f 1833 1452 1453
f 1449 1439 1448
f 1442 1437 1438
f 1437 1443 1436
f 1439 1442 1438
f 1436 1443 1435
f 1435 1443 1434
f 1440 1434 1443
f 1433 1434 1440
f 1442 1443 1437
f 1442 1439 1449
f 1740 1833 1834
f 1834 1833 1832
f 1833 1740 1185
f 1834 1732 1835
f 1731 1732 1834
f 1835 1740 1834
f 1732 1733 1835
f 1832 1730 1834
f 1833 1453 1184
f 1733 1740 1835
f 1734 1739 1741
f 1743 1739 1735
f 1741 1733 1734
f 1742 1743 1736
f 1743 1735 1736
f 1739 1734 1735
f 1733 1741 1740
f 1737 1742 1736
f 1833 1185 1445
f 1730 1731 1834
f 1371 1440 1431
f 1371 1432 1440
f 1431 1370 1371
f 1440 1432 1433
f 1368 1369 1187
f 1431 1369 1370
f 1187 1367 1368
f 1367 1187 1366
f 1431 1187 1369
f 1365 1366 1428
f 1187 1428 1366
f 1428 1364 1365
f 1364 1428 1425
f 1364 1425 1363
f 1425 1427 1362
f 1363 1425 1362
f 1421 1361 1362
f 1423 1428 1187
f 1745 1742 1738
f 1737 1738 1742
f 1746 1745 1738
f 1745 1747 1744
f 1749 1744 1748
f 1747 1748 1744
f 1189 1744 1418
f 1746 1747 1745
f 1362 1427 1421
f 1359 1360 1190
f 1421 1190 1360
f 1361 1421 1360
f 1359 1419 1420
f 1413 1357 1420
f 1359 1420 1358
f 1357 1358 1420
f 1190 1419 1359
f 1749 1750 1744
f 1620 1617 1618
f 1761 1750 1751
f 1621 1616 1617
f 1621 1615 1616
f 1614 1615 1613
f 1620 1618 1625
f 1762 1761 1752
f 1751 1752 1761
f 1762 1752 1753
f 1744 1761 1418
f 1762 1754 1760
f 1760 1754 1416
f 1755 1416 1754
f 1765 1416 1755
f 1753 1754 1762
f 1744 1750 1761
f 1623 1624 1625
f 1615 1621 1613
f 1624 1620 1625
f 1617 1620 1621
f 1620 1624 1608
f 1625 1626 1623
f 1614 1609 1601
f 1612 1599 1600
f 1599 1612 1598
f 1609 1600 1601
f 1598 1610 1597
f 1612 1600 1609
f 1596 1597 1578
f 1610 1578 1597
f 1578 1602 1596
f 1612 1610 1598
f 1613 1609 1614
f 1356 1415 1355
f 1413 1415 1356
f 1357 1413 1356
f 1765 1756 1757
f 1765 1406 1192
f 1765 1192 1416
f 1755 1756 1765
f 1354 1355 1405
f 1415 1405 1355
f 1405 1353 1354
f 1353 1405 1410
f 1351 1410 1407
f 1352 1410 1351
f 1350 1351 1407
f 1408 1350 1407
f 1353 1410 1352
f 1757 1766 1765
f 1763 1766 1758
f 1757 1758 1766
f 1763 1758 1759
f 1767 1759 1768
f 1759 1767 1194
f 1768 1397 1767
f 1769 1397 1768
f 1763 1759 1194
f 1349 1409 1402
f 1402 1348 1349
f 1348 1402 1347
f 1350 1409 1349
f 1346 1404 1399
f 1347 1404 1346
f 1345 1346 1399
f 1345 1399 1344
f 1402 1404 1347
f 1350 1408 1409
f 1623 1606 1607
f 1538 1534 1535
f 1535 1506 1538
f 1508 1538 1507
f 1506 1507 1538
f 1534 1538 1195
f 1509 1510 1538
f 1538 1510 1537
f 1508 1509 1538
f 1511 1537 1510
f 1642 1550 1197
f 1539 1642 1196
f 1536 1537 1512
f 1514 1543 1536
f 1536 1512 1513
f 1537 1511 1512
f 1514 1515 1543
f 1515 1544 1543
f 1516 1544 1515
f 1544 1517 1542
f 1546 1542 1545
f 1517 1545 1542
f 1516 1517 1544
f 1541 1542 1539
f 1542 1547 1539
f 1642 1539 1550
f 1539 1549 1550
f 1548 1539 1547
f 1546 1547 1542
f 1206 1836 1826
f 1232 1826 1827
f 1539 1548 1549
f 1551 1197 1550
f 1536 1513 1514
f 1571 1198 1197
f 1568 1565 1572
f 1568 1572 1555
f 1568 1574 1569
f 1556 1574 1568
f 1573 1567 1569
f 1571 1554 1572
f 1593 1602 1594
f 1590 1564 1576
f 1592 1594 1564
f 1561 1573 1575
f 1573 1566 1567
f 1561 1562 1573
f 1562 1563 1573
f 1561 1575 1560
f 1575 1574 1559
f 1571 1552 1553
f 1553 1554 1571
f 1555 1572 1554
f 1824 1825 1836
f 1837 1823 1824
f 1837 1822 1823
f 1836 1837 1824
f 1825 1826 1836
f 1574 1557 1558
f 1574 1558 1559
f 1575 1559 1560
f 1837 1820 1821
f 1207 1837 1838
f 1821 1822 1837
f 1574 1556 1557
f 1568 1555 1556
f 1840 1838 1837
f 1552 1571 1197
f 1197 1551 1552
f 1828 1232 1827
f 1602 1595 1596
f 1234 1218 1219
f 1235 1217 1234
f 1218 1234 1217
f 1234 1219 1220
f 1239 1241 1221
f 1234 1220 1241
f 1221 1241 1220
f 1239 1221 1222
f 1229 1214 1215
f 1229 1230 1213
f 1214 1229 1213
f 1229 1215 1216
f 1216 1217 1235
f 1239 1224 1236
f 1224 1239 1222
f 1229 1216 1235
f 1224 1222 1223
f 1224 1246 1255
f 1256 1255 1247
f 1246 1247 1255
f 1224 1255 1245
f 1256 1248 1249
f 1250 1238 1249
f 1256 1249 1238
f 1247 1248 1256
f 1238 1251 1252
f 1238 1252 1253
f 1251 1238 1250
f 1267 1253 1264
f 1268 1267 1265
f 1264 1265 1267
f 1269 1268 1265
f 1238 1253 1267
f 1246 1224 1223
f 1267 1257 1238
f 1230 1211 1212
f 1228 1210 1230
f 1211 1230 1210
f 1212 1213 1230
f 1233 1228 1225
f 1830 1210 1228
f 1829 1830 1233
f 1233 1830 1228
f 1232 1206 1826
f 1233 1232 1829
f 1281 1838 1840
f 1206 1840 1836
f 1206 1260 1277
f 1840 1837 1836
f 1260 1261 1274
f 1840 1206 1277
f 1232 1828 1829
f 1261 1237 1262
f 1267 1263 1257
f 1272 1262 1266
f 1263 1266 1262
f 1266 1269 1270
f 1266 1271 1272
f 1273 1274 1261
f 1273 1262 1272
f 1266 1270 1271
f 1260 1274 1275
f 1282 1838 1281
f 1283 1838 1282
f 1840 1280 1281
f 1840 1277 1278
f 1279 1280 1840
f 1278 1279 1840
f 1260 1276 1277
f 1260 1275 1276
f 1262 1273 1261
f 1269 1266 1268
f 1820 1837 1819
f 1838 1283 1315
f 1594 1592 1593
f 1586 1583 1584
f 1602 1593 1595
f 1576 1584 1590
f 1581 1566 1580
f 1579 1580 1566
f 1566 1581 1582
f 1585 1582 1586
f 1585 1566 1582
f 1586 1582 1583
f 1790 1770 1771
f 1397 1770 1790
f 1564 1590 1591
f 1591 1592 1564
f 1584 1583 1590
f 1200 1771 1772
f 1573 1579 1566
f 1782 1793 1781
f 1800 1783 1801
f 1783 1784 1801
f 1798 1809 1782
f 1783 1800 1798
f 1782 1783 1798
f 1778 1379 1777
f 1776 1201 1775
f 1201 1776 1777
f 1795 1779 1780
f 1778 1795 1379
f 1780 1793 1795
f 1781 1793 1780
f 1793 1782 1809
f 1778 1779 1795
f 1792 1774 1775
f 1573 1563 1579
f 1200 1790 1771
f 1343 1401 1393
f 1401 1344 1399
f 1388 1791 1773
f 1772 1791 1200
f 1774 1388 1773
f 1774 1792 1388
f 1772 1773 1791
f 1393 1342 1343
f 1342 1395 1341
f 1343 1344 1401
f 1340 1395 1390
f 1340 1390 1339
f 1392 1339 1390
f 1338 1339 1392
f 1341 1395 1340
f 1393 1395 1342
f 1201 1792 1775
f 1336 1384 1386
f 1384 1337 1392
f 1332 1383 1375
f 1330 1375 1377
f 1329 1377 1376
f 1333 1381 1383
f 1335 1386 1381
f 1386 1335 1336
f 1384 1336 1337
f 1337 1338 1392
f 1375 1331 1332
f 1381 1333 1334
f 1333 1383 1332
f 1381 1334 1335
f 1331 1375 1330
f 1330 1377 1329
f 1201 1777 1379
f 1397 1769 1770
f 1839 1818 1819
f 1841 1817 1839
f 1818 1839 1817
f 1810 1839 1314
f 1837 1839 1819
f 1841 1839 1810
f 1841 1816 1817
f 1314 1839 1207
f 1815 1816 1841
f 1203 1812 1813
f 1203 1788 1789
f 1789 1812 1203
f 1203 1811 1805
f 1810 1811 1841
f 1814 1203 1813
f 1203 1815 1841
f 1203 1841 1811
f 1814 1815 1203
f 1804 1788 1203
f 1208 1810 1314
f 1285 1316 1315
f 1308 1316 1312
f 1285 1286 1316
f 1287 1312 1286
f 1286 1312 1316
f 1284 1285 1315
f 1315 1207 1838
f 1310 1290 1319
f 1319 1291 1292
f 1288 1310 1313
f 1288 1289 1310
f 1291 1319 1290
f 1290 1310 1289
f 1287 1288 1313
f 1287 1313 1312
f 1283 1284 1315
f 1292 1317 1319
f 1799 1784 1785
f 1804 1797 1799
f 1799 1785 1804
f 1787 1788 1804
f 1785 1786 1804
f 1787 1804 1786
f 1328 1374 1327
f 1326 1327 1374
f 1374 1328 1329
f 1374 1329 1376
f 1324 1204 1305
f 1204 1323 1305
f 1326 1204 1325
f 1324 1325 1204
f 1374 1204 1326
f 1801 1784 1799
f 1296 1297 1322
f 1297 1321 1322
f 1295 1322 1306
f 1294 1317 1293
f 1292 1293 1317
f 1322 1295 1296
f 1294 1295 1317
f 1317 1295 1306
f 1303 1323 1302
f 1302 1323 1320
f 1323 1303 1304
f 1305 1323 1304
f 1299 1321 1298
f 1297 1298 1321
f 1301 1302 1320
f 1300 1320 1299
f 1301 1320 1300
f 1320 1321 1299
f 1505 1506 1535
f 1842 2084 2083
f 2073 2069 2072
f 1843 2073 2070
f 2069 2073 1843
f 2070 2076 2074
f 2073 2075 2076
f 2072 2081 2075
f 2080 2083 2071
f 2083 2069 1842
f 2069 2080 2072
f 2080 2069 2083
f 1844 2079 2078
f 2077 2070 2079
f 1846 2040 2019
f 2038 2039 2040
f 2017 2033 2008
f 2033 2014 2020
f 2014 2017 1847
f 2017 2014 2033
f 2034 2033 2020
f 2020 2037 2034
f 2035 2036 2037
f 2035 1846 2019
f 2014 2035 2020
f 1846 2035 2014
f 2010 2017 2018
f 2261 2087 2086
f 2085 2261 1848
f 2087 2261 2085
f 2087 1842 2086
f 2246 2069 1843
f 2260 2069 2247
f 1842 2260 2086
f 2069 2260 1842
f 2256 2259 2230
f 2262 2256 2243
f 2259 2256 2262
f 2259 2260 2247
f 2262 2086 2260
f 2243 2261 2262
f 2015 2038 1846
f 2294 1845 2038
f 1849 2301 2299
f 2299 2300 2004
f 2301 2016 2300
f 2297 2301 2287
f 2289 2297 2013
f 2301 2297 2289
f 2300 2011 2004
f 2011 2014 1847
f 2014 2300 2016
f 2300 2014 2011
f 2290 2014 2016
f 1846 2290 2015
f 2014 2290 1846
f 2289 2290 2016
f 2292 2015 2290
f 2005 2012 2007
f 2012 1847 2010
f 2009 2011 2012
f 2299 2009 2006
f 2006 2009 2005
f 2009 2299 2004
f 2299 1995 1849
f 2236 2238 1850
f 2241 2248 2100
f 2249 2241 2238
f 2248 2241 2249
f 2249 2101 2248
f 2099 2249 2236
f 2248 2244 2100
f 2244 2085 1848
f 2085 2248 2101
f 2248 2085 2244
f 2102 2103 2099
f 2103 2104 2101
f 2258 2243 2256
f 2257 1848 2243
f 2244 2257 2245
f 1848 2257 2244
f 2242 2100 2240
f 2238 2242 2239
f 2303 2323 2321
f 2321 2322 1996
f 2323 2285 2322
f 2302 2322 2285
f 2322 2286 1996
f 2286 2302 2288
f 2302 2286 2322
f 2296 2286 2288
f 1849 2296 2287
f 2286 2296 1849
f 2288 2298 2296
f 2296 2297 2287
f 2298 2013 2297
f 2000 1997 1998
f 1992 1999 2000
f 2003 1995 2001
f 1998 2002 2003
f 2002 2325 2286
f 2286 2325 1996
f 2325 2002 1997
f 2002 1849 1995
f 1986 2326 1999
f 1999 2325 1997
f 2321 2326 2303
f 2325 2321 1996
f 2326 2321 2325
f 2324 2303 2326
f 2203 2235 2107
f 2235 2106 2108
f 2106 2203 1852
f 2203 2106 2235
f 2233 2237 2229
f 2235 2233 2107
f 2237 2233 2235
f 2229 2236 1850
f 2237 2099 2236
f 2108 2237 2235
f 2108 2111 2110
f 2110 2102 2099
f 2234 2229 2232
f 2107 2234 2231
f 2202 2207 2205
f 2206 2203 2204
f 1852 2206 2202
f 2203 2206 1852
f 2341 1853 2332
f 2333 2341 2334
f 1853 2341 2333
f 2332 2342 2341
f 1987 2331 2329
f 2329 2330 2327
f 1991 1988 1989
f 1983 1990 1991
f 1994 1986 1992
f 1989 1993 1994
f 1988 2339 1993
f 1993 2324 1986
f 2339 1851 2324
f 2329 2338 1987
f 2339 2329 2327
f 2338 2329 2339
f 2333 2338 1990
f 1990 2338 1988
f 2338 2333 1987
f 2333 1955 1853
f 1854 2212 2193
f 2209 2106 1852
f 2212 2209 2193
f 2106 2209 2212
f 2195 2191 2194
f 1855 2195 2192
f 2191 2195 1855
f 2192 2198 2196
f 2195 2197 2198
f 2194 2210 2197
f 2202 2197 2210
f 2210 1852 2202
f 2193 2210 2208
f 2208 1854 2193
f 2191 2208 2194
f 1854 2208 2191
f 1856 2201 2200
f 2199 2192 2201
f 1858 2358 2336
f 2356 2357 2358
f 2343 2335 2337
f 1859 2343 1956
f 2335 2343 1859
f 1956 2346 2344
f 2344 2332 1853
f 2345 2332 2346
f 2343 2345 2346
f 2337 2355 2345
f 2353 2354 2355
f 2353 1858 2336
f 2335 2353 2337
f 1858 2353 2335
f 1985 1955 1983
f 1984 1853 1955
f 2344 1957 1956
f 1958 1956 1957
f 1859 1958 1940
f 1956 1958 1859
f 2443 2445 2429
f 2149 2443 1860
f 2445 2443 2149
f 2429 2211 1854
f 2428 2191 1855
f 2442 2191 2430
f 1854 2442 2429
f 2191 2442 1854
f 2438 2441 2397
f 2444 2438 2425
f 2441 2438 2444
f 2441 2442 2430
f 2443 2442 2444
f 2425 2443 2444
f 1861 2485 2482
f 2482 2483 1941
f 2485 2474 2483
f 2480 2485 2476
f 2484 2480 2472
f 2485 2480 2484
f 2483 1859 1941
f 2335 2483 2474
f 1859 2483 2335
f 2474 1858 2335
f 1951 1952 1953
f 1954 1859 1940
f 1941 1954 1942
f 1859 1954 1941
f 1952 1941 1942
f 2482 1937 1861
f 1862 2433 2420
f 2423 2431 2148
f 2433 2423 2420
f 2431 2423 2433
f 2433 2150 2431
f 2415 2432 2433
f 2431 2426 2148
f 2426 2149 1860
f 2149 2431 2150
f 2431 2149 2426
f 2439 2438 2440
f 2440 2427 2439
f 2439 1860 2425
f 2426 2439 2427
f 1860 2439 2426
f 2423 2422 2424
f 2420 2424 2421
f 2486 2507 2505
f 2505 2506 1938
f 2479 2475 2477
f 1861 2479 2476
f 2475 2479 1861
f 2477 2481 2479
f 2479 2480 2476
f 2475 2510 1938
f 2510 1937 1939
f 1937 2475 1861
f 2475 1937 2510
f 1928 2511 2509
f 2509 2510 1939
f 2505 2511 2486
f 2510 2505 1938
f 2511 2505 2510
f 2508 2486 2511
f 2383 2414 2141
f 2414 2140 2143
f 2140 2383 1864
f 2383 2140 2414
f 2412 2416 2396
f 2414 2412 2141
f 2416 2412 2414
f 2418 2415 1862
f 2416 2418 2396
f 2415 2418 2416
f 2145 2415 2416
f 2414 2145 2416
f 2143 2147 2145
f 2147 2142 2145
f 2418 2417 2419
f 2396 2419 2411
f 2413 2396 2411
f 2410 2412 2413
f 2382 2391 2389
f 2390 2383 2384
f 1864 2390 2382
f 2383 2390 1864
f 2527 2539 2524
f 2539 1865 2522
f 1865 2527 2523
f 2527 1865 2539
f 2523 2529 2528
f 2528 2519 1929
f 2524 2529 2527
f 2522 2540 2539
f 1929 2521 2520
f 2520 2513 2512
f 2512 2516 2514
f 2514 2515 1863
f 1933 1930 1931
f 1925 1932 1933
f 1936 1928 1934
f 1931 1935 1936
f 1930 2518 1935
f 1935 2508 1928
f 2514 2518 2512
f 2508 2514 1863
f 2518 2514 2508
f 2520 2517 1929
f 2518 2520 2512
f 2517 2520 2518
f 1921 2531 1932
f 1932 2517 1930
f 2528 2531 2523
f 2517 2528 1929
f 2531 2528 2517
f 2530 2523 2531
f 1866 2152 2151
f 2394 2140 1864
f 2152 2394 2151
f 2140 2394 2152
f 1867 2381 2380
f 2381 2395 2393
f 2389 2395 2382
f 2393 2389 2379
f 2395 2389 2393
f 2394 2382 2395
f 2392 2394 2395
f 2392 1866 2151
f 2158 2392 2381
f 1866 2392 2158
f 1870 2549 2525
f 1912 2548 2549
f 2541 1905 2526
f 1871 2541 1922
f 1905 2541 1871
f 1922 2544 2542
f 2542 2522 1865
f 2538 2543 2487
f 2544 2538 2522
f 2543 2538 2544
f 2541 2543 2544
f 2526 2547 2543
f 2545 2546 2547
f 2545 1870 2525
f 1905 2545 2526
f 1870 2545 1905
f 1927 1921 1925
f 1927 1923 1926
f 2542 2530 1926
f 1926 2530 1921
f 2530 2542 1865
f 2542 1923 1922
f 1918 1924 1917
f 1924 1922 1923
f 1922 1918 1871
f 1918 1922 1924
f 2154 2155 1866
f 2163 2164 2157
f 2165 2159 2164
f 2164 1867 2157
f 2158 2164 2159
f 1867 2164 2158
f 2154 2161 2153
f 2161 2158 2159
f 2158 2154 1866
f 2154 2158 2161
f 2160 2161 2159
f 2166 2167 1868
f 2168 1867 2167
f 1906 1912 1870
f 1914 1869 1912
f 1916 1907 1915
f 1915 1919 1904
f 1919 1905 1871
f 1905 1915 1907
f 1915 1905 1919
f 1909 1905 1907
f 1870 1909 1906
f 1905 1909 1870
f 1908 1909 1907
f 1911 1906 1909
f 1920 1871 1918
f 2071 2065 2064
f 2062 2071 2063
f 2064 2063 2071
f 2083 2065 2071
f 2082 2068 2084
f 2084 2067 2066
f 2068 2067 2084
f 2065 2084 2066
f 2084 2065 2083
f 2060 2059 2081
f 2059 2058 2075
f 2081 2061 2060
f 2062 2080 2071
f 2062 2081 2080
f 2059 2075 2081
f 2061 2081 2062
f 2057 2075 2058
f 2088 2068 2082
f 2087 2090 2082
f 2090 2089 2082
f 2088 2082 2089
f 2087 2091 2090
f 2085 2094 2093
f 2085 2092 2087
f 2091 2087 2092
f 2093 2092 2085
f 1842 2087 2082
f 2259 2247 2246
f 2254 2230 2255
f 2230 2252 2256
f 2256 2252 2258
f 2245 2258 2250
f 2258 2252 2251
f 2258 2251 2250
f 2257 2258 2245
f 2104 2094 2085
f 2253 2252 2230
f 2076 2057 2056
f 2076 2056 2074
f 2055 2074 2056
f 2079 2070 2074
f 2246 1843 2077
f 2055 2079 2074
f 2076 2075 2057
f 2054 2079 2055
f 2078 2053 2052
f 2051 2078 2052
f 2051 2050 1844
f 2054 2053 2079
f 2051 1844 2078
f 2049 2565 2050
f 2049 2048 2565
f 2047 2565 2048
f 2566 2047 2046
f 2053 2078 2079
f 2230 2567 2263
f 2246 2230 2259
f 2568 2267 2266
f 1844 2567 2077
f 2263 2567 2264
f 2246 2567 2230
f 2230 2263 2255
f 2077 2567 2246
f 2567 2265 2264
f 2266 2265 2567
f 2568 2567 1844
f 2569 2568 2565
f 2568 1844 2565
f 2568 2269 2268
f 2271 2570 2272
f 2268 2267 2568
f 2567 2568 2266
f 2270 2269 2569
f 2570 2565 2566
f 2569 2271 2270
f 2569 2269 2568
f 2565 2047 2566
f 2050 2565 1844
f 2254 2253 2230
f 2570 2271 2569
f 2085 2101 2104
f 2096 2095 2104
f 2104 2095 2094
f 2105 2097 2096
f 2097 2105 2102
f 2102 2098 2097
f 2096 2104 2105
f 2240 2100 2244
f 2224 2242 2240
f 2242 2224 2223
f 2223 2222 2242
f 2245 2240 2244
f 2221 1850 2238
f 2221 2239 2222
f 2239 2242 2222
f 2238 2239 2221
f 2221 2220 1850
f 2224 2240 2225
f 2109 2098 2111
f 2109 2112 2098
f 1850 2219 2229
f 2108 2106 2109
f 2112 2109 2106
f 2112 2106 2212
f 2212 2211 2113
f 2113 2112 2212
f 2218 2234 2232
f 2220 2219 1850
f 2232 2219 2218
f 2218 2217 2234
f 2219 2232 2229
f 2231 2203 2107
f 2216 2231 2217
f 2231 2234 2217
f 2231 2216 2215
f 2203 2231 2204
f 2098 2102 2111
f 2245 2226 2240
f 2226 2225 2240
f 2245 2227 2226
f 2228 2227 2245
f 2213 2204 2214
f 2231 2215 2214
f 2204 2190 2206
f 2204 2231 2214
f 2189 2207 2190
f 2204 2213 2190
f 2188 2207 2189
f 2206 2190 2207
f 2187 2205 2188
f 2207 2188 2205
f 2205 2187 2186
f 2186 2185 2197
f 2205 2186 2197
f 2197 2202 2205
f 2250 2228 2245
f 2185 2184 2198
f 2184 2373 2196
f 2196 2198 2184
f 2197 2185 2198
f 2201 2192 2196
f 2428 1855 2199
f 2373 2201 2196
f 2372 2201 2373
f 2200 2371 2370
f 2369 2200 2370
f 2369 2368 1856
f 2371 2200 2372
f 2369 1856 2200
f 2367 2571 2368
f 2367 2366 2571
f 2572 2365 2364
f 2572 2364 2363
f 2200 2201 2372
f 2365 2571 2366
f 2039 2044 2043
f 2043 2042 2039
f 2045 2044 2566
f 1845 2566 2039
f 2044 2039 2566
f 2566 1845 2293
f 2566 2293 2570
f 2042 2040 2039
f 2566 2046 2045
f 2041 2040 2042
f 2032 2031 2037
f 2031 2030 2037
f 2036 2041 2032
f 2040 2041 2036
f 2034 2037 2029
f 2037 2030 2029
f 2028 2034 2029
f 2036 2032 2037
f 2036 2019 2040
f 2277 2276 2573
f 2275 2274 2574
f 2015 2291 2294
f 2293 2294 2574
f 2273 2570 2274
f 2274 2570 2574
f 2574 2573 2276
f 2275 2574 2276
f 2570 2293 2574
f 2294 2573 2574
f 2292 2573 2291
f 2291 2573 2294
f 2292 2289 2013
f 2573 2292 2013
f 2013 2279 2278
f 2573 2013 2278
f 2013 2282 2281
f 2013 2281 2280
f 2013 2280 2279
f 2277 2573 2278
f 2298 2282 2013
f 2026 2034 2027
f 2034 2026 2025
f 2034 2028 2027
f 2023 2033 2024
f 2025 2024 2033
f 2023 2008 2033
f 2021 2017 2008
f 2022 2008 2023
f 2025 2033 2034
f 2021 2008 2022
f 1981 2018 1982
f 2021 1982 2018
f 2010 2018 1981
f 2017 2021 2018
f 1980 2012 2010
f 1979 2007 1980
f 2012 1980 2007
f 1978 2007 1979
f 1981 1980 2010
f 1976 2006 2005
f 2295 2283 2298
f 2007 1978 2005
f 2304 2284 2295
f 2283 2295 2284
f 2302 2304 2288
f 2295 2288 2304
f 2304 2302 2305
f 1976 2005 1977
f 1976 1975 2006
f 2001 1975 1974
f 1978 1977 2005
f 1975 2001 1995
f 1972 2003 1973
f 2001 1973 2003
f 2003 1972 1971
f 1974 1973 2001
f 1995 2006 1975
f 2282 2298 2283
f 2272 2570 2273
f 2302 2285 2306
f 2285 2307 2306
f 2342 2347 2319
f 2318 2317 2334
f 2318 2334 2319
f 2334 2317 2316
f 2342 2348 2347
f 2334 2342 2319
f 2307 2323 2308
f 2285 2323 2307
f 1851 2311 2310
f 2309 2308 2323
f 2310 2309 2320
f 2315 2314 2328
f 2313 2312 2330
f 2313 2331 2314
f 2316 2328 2334
f 2316 2315 2328
f 1851 2312 2311
f 2334 2341 2342
f 2357 2362 2361
f 2361 2360 2357
f 2362 2357 2572
f 2360 2359 2358
f 2359 2354 2358
f 2336 2358 2354
f 2352 2354 2359
f 2357 2360 2358
f 2363 2362 2572
f 2345 2349 2340
f 2340 2348 2342
f 2349 2348 2340
f 2345 2350 2349
f 2351 2355 2352
f 2354 2352 2355
f 2332 2345 2340
f 2351 2350 2345
f 2355 2351 2345
f 2309 2323 2320
f 2303 1851 2320
f 1998 2003 1971
f 2313 2330 2331
f 1851 2327 2330
f 2328 2314 2331
f 2310 2320 1851
f 1851 2330 2312
f 1971 1970 1998
f 2000 1998 1970
f 1970 1969 2000
f 1968 2000 1969
f 1968 1992 2000
f 1967 1994 1992
f 1967 1966 1994
f 1965 1994 1966
f 1989 1994 1965
f 1968 1967 1992
f 2328 1987 2333
f 1957 1984 1959
f 1948 1947 1958
f 1958 1947 1940
f 1949 1957 1950
f 1958 1949 1948
f 1958 1957 1949
f 2333 2334 2328
f 1957 1959 1950
f 1964 1991 1989
f 1964 1963 1991
f 1962 1991 1963
f 1962 1983 1991
f 1965 1964 1989
f 1961 1985 1983
f 1961 1960 1985
f 1959 1985 1960
f 1959 1984 1985
f 1962 1961 1983
f 2302 2306 2305
f 2445 2114 2113
f 2114 2445 2149
f 2149 2150 2114
f 2432 2146 2150
f 2150 2146 2115
f 2146 2432 2142
f 2115 2114 2150
f 2426 2422 2148
f 2407 2424 2422
f 2405 2424 2406
f 2427 2422 2426
f 2404 1862 2420
f 2404 2421 2405
f 2421 2424 2405
f 2420 2421 2404
f 2404 2417 1862
f 2424 2407 2406
f 2146 2147 2116
f 2144 2117 2147
f 2116 2147 2117
f 2140 2144 2143
f 2117 2144 2118
f 2410 2383 2141
f 2118 2144 2119
f 2402 2419 2417
f 2417 2403 2402
f 2419 2402 2401
f 2401 2411 2419
f 2404 2403 2417
f 2400 2413 2411
f 2400 2399 2413
f 2410 2413 2399
f 2410 2399 2398
f 2401 2400 2411
f 2384 2410 2388
f 2116 2115 2146
f 2397 2441 2428
f 2430 2428 2441
f 2428 2575 2397
f 2451 2450 2575
f 2397 2449 2448
f 2428 2199 2575
f 2575 2450 2397
f 2449 2397 2450
f 2440 2438 2397
f 2452 2451 2575
f 2576 2575 1856
f 2199 1856 2575
f 2578 2571 2572
f 2571 1856 2368
f 2455 2576 2456
f 2365 2572 2571
f 2576 2454 2453
f 2576 1856 2571
f 2454 2576 2455
f 2571 2577 2576
f 2576 2577 2456
f 2457 2456 2577
f 2575 2576 2453
f 2453 2452 2575
f 2578 2459 2458
f 2434 2409 2427
f 2409 2422 2427
f 2427 2435 2434
f 2440 2435 2427
f 2388 2387 2384
f 2388 2410 2398
f 2408 2422 2409
f 2408 2407 2422
f 2447 2397 2448
f 2578 2458 2577
f 2577 2458 2457
f 2440 2436 2435
f 2437 2397 2446
f 2440 2437 2436
f 2397 2447 2446
f 2440 2397 2437
f 2384 2387 2386
f 2410 2384 2383
f 2445 2113 2211
f 2140 2120 2119
f 2152 2121 2140
f 2120 2140 2121
f 2152 2123 2122
f 2155 2124 2152
f 2123 2152 2124
f 2125 2124 2155
f 2121 2152 2122
f 2385 2391 2386
f 2385 2378 2391
f 2390 2384 2391
f 2378 2379 2389
f 2393 2379 2380
f 2380 2381 2393
f 2391 2378 2389
f 2377 2379 2378
f 1866 2155 2152
f 2119 2144 2140
f 2126 2155 2127
f 2127 2155 2156
f 2128 2127 2156
f 2156 2154 2129
f 2131 2130 2153
f 2129 2154 2130
f 2128 2156 2129
f 2132 2131 2153
f 2162 2133 2161
f 2153 2161 2133
f 2153 2130 2154
f 2134 2162 2135
f 2136 2135 2160
f 2135 2162 2160
f 2137 2136 2160
f 2133 2162 2134
f 2133 2132 2153
f 2125 2155 2126
f 2376 2379 2377
f 2375 2374 2379
f 2376 2375 2379
f 2167 1867 2380
f 2167 2579 1868
f 2379 2564 2563
f 2579 2167 2380
f 2579 2380 2379
f 2379 2374 2564
f 2562 2579 2563
f 2560 1868 2561
f 1868 2560 2559
f 2579 2561 1868
f 2562 2561 2579
f 2580 2558 2557
f 2558 2580 2559
f 2556 2580 2557
f 2556 2555 2581
f 2580 2174 2173
f 2563 2579 2379
f 2169 2163 2168
f 2157 2168 2163
f 2163 2139 2165
f 2165 2139 2138
f 2169 2168 2170
f 2139 2163 2169
f 2160 2165 2138
f 2166 2170 2168
f 2172 2171 2166
f 2170 2166 2171
f 1868 2580 2173
f 2172 2166 2173
f 2559 2580 1868
f 2173 2166 1868
f 2580 2175 2174
f 2581 2177 2580
f 2580 2177 2176
f 2580 2176 2175
f 2580 2556 2581
f 2137 2160 2138
f 2384 2386 2391
f 2581 2178 2177
f 2572 2582 2578
f 2460 2578 2461
f 2463 2583 2464
f 1857 2356 2582
f 2582 2461 2578
f 2356 2473 2582
f 2463 2462 2582
f 2461 2582 2462
f 2463 2582 2583
f 2356 1858 2473
f 2473 2474 2484
f 2473 2484 2583
f 2583 2472 2465
f 2464 2583 2465
f 2481 2472 2480
f 2472 2583 2484
f 2466 2472 2467
f 2472 2466 2465
f 2473 2583 2582
f 2472 2481 2468
f 2470 2469 2481
f 2468 2481 2469
f 2467 2472 2468
f 2481 2478 2470
f 2471 2470 2478
f 2488 2471 2477
f 2477 2471 2478
f 2489 2488 2477
f 2489 2506 2490
f 2477 2506 2489
f 2492 2491 2507
f 2491 2490 2506
f 2492 2507 2493
f 2521 2499 2498
f 2516 2497 2496
f 2497 2513 2498
f 2494 2493 2504
f 2519 2500 2499
f 1945 1940 1946
f 1954 1944 1942
f 1945 1954 1940
f 1947 1946 1940
f 1938 2506 2475
f 1951 1939 1937
f 1952 1942 1903
f 2475 2506 2477
f 1944 1954 1945
f 1903 1942 1943
f 1953 1903 1902
f 1944 1943 1942
f 1902 1901 1951
f 1953 1952 1903
f 1901 1900 1951
f 1939 1951 1900
f 1899 1939 1900
f 1953 1902 1951
f 2504 2493 2507
f 1863 2494 2486
f 2494 2504 2486
f 2515 2494 1863
f 2495 2515 2496
f 2515 2516 2496
f 2513 2497 2516
f 2521 2498 2513
f 2521 2519 2499
f 2507 2491 2506
f 1934 1898 1897
f 1939 1898 2509
f 1898 1934 2509
f 1899 1898 1939
f 2509 1934 1928
f 1895 1936 1896
f 1934 1896 1936
f 1897 1896 1934
f 1895 1931 1936
f 2495 2494 2515
f 2459 2578 2460
f 2548 2553 2552
f 2548 2552 2551
f 2548 2554 2553
f 2551 2550 2549
f 2546 2550 2537
f 2549 2550 2546
f 2547 2546 2537
f 2548 2551 2549
f 2548 2581 2554
f 2534 2533 2538
f 2540 2533 2532
f 2533 2540 2538
f 2539 2540 2532
f 2487 2535 2534
f 2536 2547 2537
f 2536 2487 2543
f 2487 2534 2538
f 2536 2543 2547
f 2536 2535 2487
f 2549 2546 2525
f 1913 2581 1869
f 2181 1913 1914
f 1913 2179 2581
f 2180 1913 2181
f 1914 2183 2182
f 2182 2181 1914
f 2179 1913 2180
f 2179 2178 2581
f 1910 2183 1914
f 1872 1910 1911
f 1873 1911 1908
f 1910 1914 1906
f 1908 1874 1873
f 1908 1876 1875
f 1875 1874 1908
f 1911 1873 1872
f 1872 2183 1910
f 2581 2548 1869
f 1916 1876 1908
f 2529 2501 2500
f 2529 2524 2501
f 2500 2519 2529
f 2524 2503 2502
f 2503 2524 2539
f 2503 2539 2532
f 2502 2501 2524
f 1892 1925 1933
f 1894 1893 1933
f 1892 1933 1893
f 1892 1891 1925
f 1931 1894 1933
f 1889 1888 1927
f 1923 1927 1888
f 1925 1891 1890
f 1889 1927 1890
f 1927 1925 1890
f 1888 1887 1923
f 1895 1894 1931
f 1920 1904 1919
f 1904 1881 1880
f 1879 1915 1904
f 1881 1904 1920
f 1878 1877 1916
f 1904 1880 1879
f 1878 1916 1879
f 1916 1915 1879
f 1917 1924 1885
f 1887 1886 1924
f 1885 1924 1886
f 1923 1887 1924
f 1883 1882 1920
f 1881 1920 1882
f 1918 1917 1884
f 1883 1920 1884
f 1885 1884 1917
f 1920 1918 1884
f 1876 1916 1877
f 2554 2581 2555
f 2357 1857 2572
f 2584 2804 2791
f 2800 2809 2790
f 2809 2804 2802
f 2804 2800 2791
f 2800 2804 2809
f 2804 2793 2802
f 2801 2803 2804
f 2812 2790 2809
f 2812 2808 2810
f 2809 2811 2812
f 2808 2835 2817
f 2833 2834 2835
f 2837 2833 2811
f 2811 2833 2808
f 2833 2837 2807
f 2837 2802 2793
f 2793 2838 2837
f 2838 2807 2837
f 2585 2806 2794
f 2801 2842 2792
f 2842 2794 2806
f 2794 2801 2584
f 2801 2794 2842
f 2806 2843 2842
f 2843 2792 2842
f 2587 2783 2780
f 2780 2783 2769
f 2769 2782 2586
f 2781 2769 2779
f 2770 2780 2781
f 2589 2876 2758
f 2758 2870 2738
f 2874 2876 2866
f 2870 2874 2761
f 2876 2874 2870
f 2878 2875 2760
f 2876 2878 2866
f 2875 2878 2876
f 2738 2872 2771
f 2771 2871 2587
f 2864 2870 2761
f 2872 2864 2850
f 2870 2864 2872
f 2760 2879 2878
f 2878 2873 2866
f 2753 2754 2755
f 2776 2772 2774
f 2773 2775 2776
f 2772 2587 2770
f 2775 2771 2772
f 2738 2775 2757
f 2771 2775 2738
f 2754 2759 2740
f 2756 2754 2737
f 2759 2754 2756
f 2759 2738 2757
f 2756 2758 2759
f 2909 2916 2617
f 2916 2593 2610
f 2593 2909 2616
f 2909 2593 2916
f 2616 2911 2910
f 2909 2904 2911
f 2906 2914 2905
f 2914 2617 2903
f 2617 2906 2904
f 2906 2617 2914
f 2904 2908 2907
f 2905 2908 2906
f 2903 2915 2914
f 2610 2917 2916
f 2919 2916 2917
f 2617 2919 2903
f 2916 2919 2617
f 2917 2920 2919
f 2919 2913 2903
f 2594 2912 2885
f 2912 2588 2885
f 2634 2616 2912
f 2595 2886 2868
f 2851 2868 2886
f 2884 2885 2886
f 2596 2869 2743
f 2875 2881 2760
f 2881 2743 2869
f 2743 2875 2589
f 2875 2743 2881
f 2869 2883 2881
f 2877 2883 2865
f 2881 2877 2760
f 2883 2877 2881
f 2882 2865 2883
f 2880 2882 2883
f 2880 2595 2868
f 2867 2880 2869
f 2595 2880 2867
f 2745 2741 2744
f 2597 2745 2742
f 2741 2745 2597
f 2742 2748 2746
f 2739 2746 2748
f 2753 2747 2737
f 2748 2753 2739
f 2747 2753 2748
f 2745 2747 2748
f 2747 2756 2737
f 2756 2743 2589
f 2743 2747 2744
f 2747 2743 2756
f 2741 2743 2744
f 2598 2750 2722
f 2750 2591 2722
f 2590 2750 2746
f 2746 2750 2742
f 2749 2742 2750
f 2599 2723 2684
f 2675 2722 2723
f 2711 2698 2709
f 2708 2710 2711
f 2710 2685 2698
f 2699 2710 2700
f 2685 2710 2699
f 2680 2699 2700
f 2715 2716 2717
f 2714 2715 2713
f 2715 2685 2712
f 2685 2714 2698
f 2714 2685 2715
f 2685 2721 2712
f 2716 2729 2683
f 2729 2721 2719
f 2721 2716 2712
f 2716 2721 2729
f 2721 2592 2719
f 2718 2720 2721
f 2699 2718 2685
f 2718 2599 2684
f 2599 2699 2663
f 2699 2599 2718
f 2630 2631 2609
f 2632 2611 2631
f 2613 2631 2611
f 2631 2593 2609
f 2593 2613 2610
f 2613 2593 2631
f 2619 2611 2612
f 2613 2619 2615
f 2611 2619 2613
f 2613 2614 2610
f 2612 2621 2619
f 2619 2620 2615
f 2627 2628 2622
f 2624 2628 2623
f 2628 2611 2622
f 2611 2624 2612
f 2624 2611 2628
f 2633 2634 2594
f 2635 2593 2634
f 2664 2675 2599
f 2677 2598 2675
f 2678 2679 2666
f 2669 2679 2668
f 2679 2665 2666
f 2665 2669 2667
f 2669 2665 2679
f 2671 2667 2669
f 2693 2682 2691
f 2678 2692 2693
f 2682 2663 2680
f 2692 2681 2682
f 2665 2692 2666
f 2681 2692 2665
f 2672 2681 2665
f 2681 2599 2663
f 2599 2672 2664
f 2672 2599 2681
f 2667 2672 2665
f 2674 2664 2672
f 2828 2827 2838
f 2829 2828 2838
f 2830 2829 2836
f 2826 2825 2807
f 2827 2807 2838
f 2826 2807 2827
f 2838 2836 2829
f 2836 2831 2830
f 2832 2831 2803
f 2839 2832 2803
f 2839 2792 2840
f 2840 2843 2841
f 2844 2585 2921
f 2844 2841 2805
f 2844 2840 2841
f 2792 2843 2840
f 2836 2803 2831
f 2845 2922 2846
f 2823 2822 2835
f 2823 2834 2824
f 2834 2825 2824
f 2834 2823 2835
f 2835 2821 2820
f 2817 2819 2818
f 2820 2819 2835
f 2835 2819 2817
f 2835 2822 2821
f 2807 2825 2834
f 2803 2836 2793
f 2810 2808 2817
f 2805 2841 2806
f 2782 2846 2586
f 2803 2792 2839
f 2844 2921 2845
f 2816 2817 2818
f 2588 2888 2887
f 2865 2861 2860
f 2862 2861 2882
f 2882 2861 2865
f 2857 2856 2873
f 2859 2858 2879
f 2858 2857 2879
f 2859 2865 2860
f 2890 2889 2911
f 2846 2782 2783
f 2908 2891 2890
f 2912 2889 2888
f 2851 2886 2887
f 2887 2885 2588
f 2863 2882 2851
f 2862 2882 2863
f 2588 2912 2888
f 2887 2863 2851
f 2879 2865 2859
f 2871 2848 2847
f 2864 2852 2849
f 2850 2849 2848
f 2871 2847 2783
f 2849 2850 2864
f 2848 2871 2872
f 2848 2872 2850
f 2761 2852 2864
f 2783 2847 2846
f 2873 2855 2866
f 2856 2855 2873
f 2865 2879 2877
f 2879 2857 2873
f 2854 2853 2761
f 2852 2761 2853
f 2854 2874 2855
f 2866 2855 2874
f 2761 2874 2854
f 2587 2871 2783
f 2815 2817 2816
f 2799 2812 2810
f 2810 2817 2815
f 2814 2810 2815
f 2813 2810 2814
f 2790 2812 2798
f 2810 2813 2799
f 2799 2798 2812
f 2789 2791 2800
f 2787 2794 2584
f 2788 2584 2791
f 2805 2585 2844
f 2846 2922 2586
f 2922 2845 2921
f 2922 2784 2586
f 2779 2769 2586
f 2921 2585 2786
f 2785 2922 2921
f 2786 2585 2794
f 2795 2800 2790
f 2797 2790 2798
f 2796 2790 2797
f 2790 2796 2795
f 2795 2789 2800
f 2789 2788 2791
f 2788 2787 2584
f 2786 2785 2921
f 2787 2786 2794
f 2778 2781 2779
f 2779 2586 2784
f 2778 2770 2781
f 2778 2779 2784
f 2774 2772 2777
f 2770 2778 2777
f 2768 2774 2777
f 2770 2777 2772
f 2922 2785 2784
f 2776 2768 2767
f 2776 2774 2768
f 2773 2765 2740
f 2773 2776 2767
f 2773 2767 2766
f 2765 2764 2740
f 2765 2773 2766
f 2759 2757 2773
f 2763 2740 2764
f 2759 2773 2740
f 2762 2740 2763
f 2754 2740 2762
f 2755 2762 2752
f 2751 2753 2755
f 2739 2753 2751
f 2752 2751 2755
f 2755 2754 2762
f 2739 2736 2735
f 2732 2731 2591
f 2590 2733 2732
f 2734 2739 2735
f 2683 2727 2726
f 2730 2728 2719
f 2592 2720 2730
f 2683 2728 2727
f 2590 2746 2733
f 2733 2746 2734
f 2750 2732 2591
f 2746 2739 2734
f 2723 2731 2730
f 2592 2730 2719
f 2725 2716 2683
f 2726 2725 2683
f 2729 2728 2683
f 2719 2728 2729
f 2739 2751 2736
f 2731 2722 2591
f 2891 2908 2892
f 2915 2897 2896
f 2913 2898 2915
f 2897 2915 2898
f 2914 2896 2905
f 2905 2894 2893
f 2894 2905 2895
f 2896 2895 2905
f 2908 2905 2893
f 2915 2896 2914
f 2902 2901 2918
f 2902 2918 2614
f 2902 2614 2600
f 2898 2913 2899
f 2900 2899 2913
f 2900 2920 2901
f 2918 2901 2920
f 2913 2920 2900
f 2614 2601 2600
f 2908 2890 2907
f 2911 2904 2907
f 2911 2889 2910
f 2887 2886 2885
f 2616 2910 2912
f 2889 2912 2910
f 2890 2911 2907
f 2614 2918 2917
f 2851 2882 2868
f 2884 2595 2644
f 2595 2867 2645
f 2633 2594 2884
f 2620 2601 2614
f 2602 2620 2621
f 2601 2620 2602
f 2603 2602 2621
f 2604 2603 2621
f 2606 2618 2612
f 2618 2604 2621
f 2618 2605 2604
f 2614 2615 2620
f 2624 2606 2612
f 2624 2607 2606
f 2607 2624 2608
f 2623 2608 2624
f 2628 2626 2623
f 2625 2623 2626
f 2623 2625 2608
f 2605 2618 2606
f 2636 2626 2629
f 2638 2629 2627
f 2628 2629 2626
f 2632 2627 2622
f 2630 2609 2635
f 2642 2635 2633
f 2632 2630 2640
f 2630 2635 2641
f 2639 2627 2632
f 2627 2639 2638
f 2639 2632 2640
f 2630 2641 2640
f 2595 2645 2644
f 2643 2633 2644
f 2633 2643 2642
f 2635 2642 2641
f 2637 2629 2638
f 2629 2637 2636
f 2633 2884 2644
f 2646 2645 2867
f 2725 2724 2717
f 2731 2723 2722
f 2716 2725 2717
f 2707 2717 2724
f 2717 2707 2713
f 2717 2713 2715
f 2706 2713 2707
f 2750 2590 2732
f 2597 2749 2650
f 2649 2741 2597
f 2730 2720 2723
f 2720 2684 2723
f 2676 2749 2598
f 2705 2713 2706
f 2705 2704 2713
f 2713 2704 2714
f 2698 2714 2709
f 2703 2714 2704
f 2701 2709 2702
f 2714 2703 2702
f 2709 2701 2711
f 2714 2702 2709
f 2695 2680 2708
f 2700 2708 2680
f 2697 2708 2711
f 2696 2708 2697
f 2695 2694 2680
f 2695 2708 2696
f 2694 2690 2691
f 2680 2694 2691
f 2701 2697 2711
f 2648 2596 2741
f 2653 2677 2673
f 2677 2664 2673
f 2673 2674 2654
f 2670 2674 2667
f 2674 2670 2654
f 2655 2670 2671
f 2655 2654 2670
f 2676 2677 2652
f 2650 2649 2597
f 2648 2741 2649
f 2749 2676 2650
f 2653 2673 2654
f 2677 2653 2652
f 2652 2651 2676
f 2676 2651 2650
f 2648 2647 2596
f 2647 2646 2596
f 2680 2691 2682
f 2689 2693 2691
f 2688 2693 2689
f 2687 2686 2678
f 2679 2678 2686
f 2688 2687 2678
f 2688 2678 2693
f 2686 2662 2679
f 2690 2689 2691
f 2668 2658 2671
f 2657 2671 2658
f 2671 2657 2656
f 2656 2655 2671
f 2661 2679 2662
f 2660 2659 2668
f 2658 2668 2659
f 2661 2660 2668
f 2661 2668 2679
f 2669 2668 2671
f 2646 2867 2596
f 2892 2908 2893
f 2944 2947 2949
f 2949 2948 2925
f 2923 2924 2948
f 2927 2951 2925
f 2939 2923 2948
f 2938 2940 2942
f 2940 2947 2943
f 2945 2938 2941
f 2944 2952 2934
f 2930 2932 2950
f 2950 2928 2931
f 2932 2933 2950
f 2937 2946 2936
f 2934 2936 2946
f 2933 2935 2950
f 2950 2926 2929
f 277 285 286
f 283 287 289
f 3 275 278
f 278 279 282
f 279 277 281
f 200 207 209
f 207 206 208
f 204 4 205
f 6 297 299
f 298 299 295
f 291 293 283
f 427 428 275
f 428 291 2
f 193 470 204
f 470 469 4
f 187 196 199
f 199 198 192
f 196 194 198
f 188 9 189
f 424 305 302
f 305 424 10
f 425 424 301
f 11 473 476
f 474 476 475
f 186 474 184
f 474 186 177
f 422 310 300
f 310 422 307
f 308 309 311
f 310 311 304
f 306 312 314
f 313 314 309
f 182 181 179
f 174 169 181
f 183 477 11
f 477 183 179
f 419 321 316
f 416 315 321
f 421 318 306
f 418 316 318
f 316 317 319
f 318 319 312
f 315 320 322
f 321 322 317
f 173 172 170
f 166 161 172
f 176 175 169
f 171 170 175
f 170 478 480
f 175 480 479
f 161 481 482
f 172 482 478
f 415 329 324
f 413 323 329
f 417 326 315
f 414 324 326
f 324 325 327
f 326 327 320
f 323 328 330
f 329 330 325
f 165 164 162
f 158 152 164
f 168 167 161
f 163 162 167
f 162 483 484
f 167 484 481
f 152 485 486
f 164 486 483
f 412 337 333
f 337 412 12
f 333 334 336
f 335 336 328
f 337 338 334
f 13 500 502
f 157 156 154
f 149 145 156
f 160 159 152
f 155 154 159
f 154 487 488
f 159 488 485
f 145 498 499
f 156 499 487
f 410 341 331
f 341 410 339
f 405 347 406
f 411 410 12
f 408 339 410
f 146 503 505
f 151 150 145
f 504 150 147
f 343 345 344
f 17 34 348
f 18 38 399
f 399 400 403
f 400 346 402
f 140 516 519
f 516 515 518
f 65 19 514
f 72 20 140
f 144 143 16
f 136 135 143
f 138 137 135
f 37 39 38
f 40 42 41
f 42 35 33
f 68 71 69
f 71 70 67
f 67 66 19
f 75 68 64
f 7 428 427
f 756 766 767
f 765 767 759
f 759 762 764
f 764 763 760
f 772 773 771
f 776 796 797
f 796 758 771
f 799 800 798
f 776 795 800
f 530 769 770
f 768 770 756
f 728 734 740
f 738 740 739
f 552 737 736
f 730 732 731
f 733 735 734
f 824 777 825
f 826 825 778
f 805 806 804
f 774 798 806
f 801 808 809
f 803 804 809
f 810 822 823
f 822 811 820
f 801 807 813
f 827 530 768
f 828 768 529
f 551 532 552
f 554 552 531
f 558 557 532
f 726 724 556
f 723 726 725
f 535 583 585
f 583 565 584
f 549 560 562
f 560 534 561
f 562 561 550
f 563 587 589
f 587 564 588
f 589 588 549
f 590 535 582
f 721 720 570
f 718 721 596
f 720 722 593
f 570 593 594
f 593 563 586
f 569 596 597
f 596 570 592
f 717 716 599
f 714 717 604
f 719 718 569
f 716 719 601
f 599 601 602
f 601 569 595
f 598 604 605
f 604 599 600
f 715 714 598
f 713 715 608
f 606 608 609
f 608 598 603
f 674 673 624
f 659 674 626
f 619 626 628
f 626 624 627
f 658 656 634
f 657 634 620
f 649 635 650
f 651 650 629
f 669 667 660
f 656 669 668
f 672 670 659
f 667 672 671
f 629 631 633
f 631 620 632
f 551 839 550
f 1117 1113 1112
f 1115 1117 1116
f 1121 1123 1122
f 1114 1122 1134
f 1111 1116 1154
f 1154 1156 1157
f 1156 1124 1151
f 980 978 974
f 977 980 979
f 967 976 975
f 988 990 989
f 981 989 998
f 955 975 1008
f 975 970 991
f 1159 1111 1153
f 1158 1162 1164
f 1162 1160 1163
f 1118 1166 1167
f 1170 1158 1161
f 966 964 959
f 958 961 960
f 973 971 969
f 964 973 972
f 969 967 955
f 1168 840 1118
f 963 954 841
f 1093 1084 1082
f 1091 1093 1092
f 1080 1088 1087
f 845 1025 1027
f 1025 1018 1026
f 932 1031 1032
f 1031 1020 1021
f 869 865 846
f 866 1076 1096
f 1096 1079 867
f 1094 1096 1095
f 869 868 870
f 1075 1073 866
f 1072 1075 1074
f 933 1034 1035
f 873 872 874
f 850 877 879
f 851 924 1067
f 1067 1069 1071
f 1068 1071 1070
f 930 928 923
f 926 930 929
f 911 880 912
f 921 920 916
f 917 916 918
f 919 918 880
f 1182 1486 1487
f 1183 1463 1465
f 1465 1467 1468
f 1430 1442 1449
f 1447 1449 1448
f 1444 1446 1445
f 1431 1440 1443
f 1441 1443 1442
f 1721 1702 1722
f 1723 1722 1703
f 1714 1703 1715
f 1717 1715 1489
f 1699 1717 1716
f 1724 1184 1725
f 1726 1725 1183
f 1739 1186 1444
f 1741 1444 1185
f 1422 1187 1429
f 1743 1429 1186
f 1190 1421 1427
f 1427 1425 1423
f 1424 1427 1426
f 1191 1685 1705
f 1705 1704 1494
f 1679 1705 1523
f 1700 1188 1709
f 1710 1709 1488
f 1704 1710 1519
f 1494 1519 1521
f 1519 1488 1520
f 1492 1523 1524
f 1523 1494 1518
f 1713 1711 1699
f 1708 1706 1700
f 1696 1708 1707
f 1698 1696 1493
f 1695 1698 1697
f 1414 1411 1418
f 1760 1416 1192
f 1760 1418 1761
f 1413 1420 1419
f 1415 1413 1411
f 1412 1415 1414
f 1532 1525 1193
f 1673 1191 1679
f 1680 1679 1492
f 1678 1680 1529
f 1527 1529 1530
f 1529 1492 1522
f 1525 1532 1533
f 1532 1527 1528
f 1675 1677 1676
f 1670 1672 1671
f 1194 1764 1766
f 1764 1406 1765
f 1402 1409 1408
f 1408 1407 1406
f 1764 1194 1396
f 1639 1646 1648
f 1645 1648 1647
f 1641 1647 1654
f 1652 1654 1653
f 1637 1640 1658
f 1658 1656 1193
f 1655 1658 1657
f 1197 1643 1644
f 1644 1650 1651
f 1649 1651 1639
f 1577 1608 1624
f 1622 1624 1623
f 1570 1607 1606
f 1610 1612 1611
f 1609 1613 1621
f 1619 1621 1620
f 1564 1594 1605
f 1605 1603 1577
f 1587 1605 1604
f 1401 1399 1398
f 1393 1401 1400
f 1404 1402 1396
f 1399 1404 1403
f 1403 1396 1194
f 1767 1397 1398
f 1400 1398 1397
f 1790 1200 1387
f 1539 1196 1540
f 1542 1541 1543
f 1572 1570 1198
f 1586 1584 1576
f 1576 1564 1587
f 1589 1587 1199
f 1567 1589 1588
f 1575 1573 1569
f 1569 1567 1565
f 1392 1390 1389
f 1384 1392 1391
f 1395 1393 1387
f 1390 1395 1394
f 1394 1387 1200
f 1791 1388 1389
f 1391 1389 1388
f 1792 1201 1378
f 1202 1794 1795
f 1383 1381 1380
f 1375 1383 1382
f 1386 1384 1378
f 1381 1386 1385
f 1382 1380 1379
f 1794 1202 1372
f 1373 1808 1809
f 1808 1202 1793
f 1797 1800 1801
f 1796 1803 1804
f 1377 1375 1372
f 1376 1372 1202
f 1808 1373 1374
f 1205 1243 1244
f 1243 1225 1227
f 1242 1244 1236
f 1225 1228 1230
f 1236 1240 1241
f 1240 1226 1234
f 1206 1232 1233
f 1209 1805 1811
f 1307 1811 1810
f 1323 1204 1796
f 1320 1806 1805
f 1262 1237 1257
f 1266 1263 1267
f 1237 1258 1259
f 1258 1205 1242
f 1259 1242 1224
f 1254 1245 1255
f 1260 1206 1231
f 1308 1208 1314
f 1316 1314 1207
f 1317 1306 1318
f 1319 1318 1309
f 1310 1309 1311
f 1313 1311 1308
f 1643 1197 1198
f 1207 1839 1837
f 1842 2082 2084
f 2070 2073 2076
f 2073 2072 2075
f 2072 2080 2081
f 1844 2077 2079
f 2077 1843 2070
f 1846 2038 2040
f 2038 1845 2039
f 2020 2035 2037
f 2035 2019 2036
f 2010 1847 2017
f 2246 2247 2069
f 2259 2262 2260
f 2262 2261 2086
f 2243 1848 2261
f 2015 2294 2038
f 2294 2293 1845
f 1849 2287 2301
f 2299 2301 2300
f 2301 2289 2016
f 2289 2292 2290
f 2292 2291 2015
f 2005 2009 2012
f 2012 2011 1847
f 2009 2004 2011
f 2299 2006 1995
f 2236 2249 2238
f 2249 2103 2101
f 2099 2103 2249
f 2102 2105 2103
f 2103 2105 2104
f 2258 2257 2243
f 2242 2241 2100
f 2238 2241 2242
f 2303 2320 2323
f 2321 2323 2322
f 2288 2295 2298
f 2296 2298 2297
f 2000 1999 1997
f 1992 1986 1999
f 2003 2002 1995
f 1998 1997 2002
f 2002 2286 1849
f 1986 2324 2326
f 1999 2326 2325
f 2324 1851 2303
f 2229 2237 2236
f 2237 2110 2099
f 2108 2110 2237
f 2108 2109 2111
f 2110 2111 2102
f 2234 2233 2229
f 2107 2233 2234
f 2202 2206 2207
f 2332 2340 2342
f 1987 2328 2331
f 2329 2331 2330
f 1991 1990 1988
f 1983 1955 1990
f 1994 1993 1986
f 1989 1988 1993
f 1988 2338 2339
f 1993 2339 2324
f 2339 2327 1851
f 2333 1990 1955
f 1854 2211 2212
f 2192 2195 2198
f 2195 2194 2197
f 2194 2208 2210
f 2210 2209 1852
f 2193 2209 2210
f 1856 2199 2201
f 2199 1855 2192
f 1858 2356 2358
f 2356 1857 2357
f 1956 2343 2346
f 2344 2346 2332
f 2343 2337 2345
f 2337 2353 2355
f 2353 2336 2354
f 1985 1984 1955
f 1984 2344 1853
f 2344 1984 1957
f 2429 2445 2211
f 2428 2430 2191
f 2441 2444 2442
f 2443 2429 2442
f 2425 1860 2443
f 1861 2476 2485
f 2482 2485 2483
f 2485 2484 2474
f 2474 2473 1858
f 1951 1937 1952
f 1952 2482 1941
f 2482 1952 1937
f 1862 2415 2433
f 2433 2432 2150
f 2415 2142 2432
f 2439 2425 2438
f 2423 2148 2422
f 2420 2423 2424
f 2486 2504 2507
f 2505 2507 2506
f 2477 2478 2481
f 2479 2481 2480
f 1928 2508 2511
f 2509 2511 2510
f 2508 1863 2486
f 2145 2142 2415
f 2414 2143 2145
f 2143 2144 2147
f 2147 2146 2142
f 2418 1862 2417
f 2396 2418 2419
f 2413 2412 2396
f 2410 2141 2412
f 2382 2390 2391
f 2523 2527 2529
f 2528 2529 2519
f 2522 2538 2540
f 1929 2519 2521
f 2520 2521 2513
f 2512 2513 2516
f 2514 2516 2515
f 1933 1932 1930
f 1925 1921 1932
f 1936 1935 1928
f 1931 1930 1935
f 1930 2517 2518
f 1935 2518 2508
f 1921 2530 2531
f 1932 2531 2517
f 2530 1865 2523
f 1867 2158 2381
f 2381 2392 2395
f 2394 1864 2382
f 2392 2151 2394
f 1870 1912 2549
f 1912 1869 2548
f 1922 2541 2544
f 2542 2544 2522
f 2541 2526 2543
f 2526 2545 2547
f 2545 2525 2546
f 1927 1926 1921
f 2542 1926 1923
f 2154 2156 2155
f 2163 2165 2164
f 2165 2160 2159
f 2160 2162 2161
f 2166 2168 2167
f 2168 2157 1867
f 1906 1914 1912
f 1914 1913 1869
f 1916 1908 1907
f 1908 1911 1909
f 1911 1910 1906
f 1920 1919 1871
f 2570 2569 2565
f 2578 2577 2571
f 2572 1857 2582
f 2584 2801 2804
f 2804 2803 2793
f 2801 2792 2803
f 2812 2811 2808
f 2809 2802 2811
f 2808 2833 2835
f 2833 2807 2834
f 2837 2811 2802
f 2793 2836 2838
f 2585 2805 2806
f 2806 2841 2843
f 2769 2783 2782
f 2781 2780 2769
f 2770 2587 2780
f 2589 2875 2876
f 2758 2876 2870
f 2738 2870 2872
f 2771 2872 2871
f 2760 2877 2879
f 2878 2879 2873
f 2753 2737 2754
f 2776 2775 2772
f 2773 2757 2775
f 2772 2771 2587
f 2759 2758 2738
f 2756 2589 2758
f 2616 2909 2911
f 2909 2617 2904
f 2904 2906 2908
f 2903 2913 2915
f 2610 2614 2917
f 2917 2918 2920
f 2919 2920 2913
f 2594 2634 2912
f 2634 2593 2616
f 2595 2884 2886
f 2884 2594 2885
f 2596 2867 2869
f 2869 2880 2883
f 2880 2868 2882
f 2742 2745 2748
f 2745 2744 2747
f 2741 2596 2743
f 2598 2749 2750
f 2749 2597 2742
f 2599 2675 2723
f 2675 2598 2722
f 2711 2710 2698
f 2708 2700 2710
f 2680 2663 2699
f 2715 2712 2716
f 2685 2718 2721
f 2721 2720 2592
f 2718 2684 2720
f 2630 2632 2631
f 2632 2622 2611
f 2613 2615 2614
f 2612 2618 2621
f 2619 2621 2620
f 2627 2629 2628
f 2633 2635 2634
f 2635 2609 2593
f 2664 2677 2675
f 2677 2676 2598
f 2671 2670 2667
f 2693 2692 2682
f 2678 2666 2692
f 2682 2681 2663
f 2667 2674 2672
f 2674 2673 2664
f 2944 2941 2947

