# https://github.com/mikedh/trimesh
v 0.13430800 -0.12136500 0.21887501
v 0.13430800 -0.12137600 0.21982700
v 0.13430800 -0.12136500 0.21887501
v 0.13430800 -0.12137600 0.21982700
v 0.13384999 -0.12166600 0.21887100
v 0.13336299 -0.12192100 0.21886900
v 0.13285400 -0.12212600 0.21886601
v 0.13232800 -0.12228200 0.21886399
v 0.13178900 -0.12238700 0.21886300
v 0.13124201 -0.12243900 0.21886300
v 0.13069400 -0.12243800 0.21886300
v 0.13014799 -0.12238200 0.21886300
v 0.12961000 -0.12227100 0.21886501
v 0.12908600 -0.12210700 0.21886601
v 0.12858100 -0.12189200 0.21886900
v 0.12809899 -0.12163000 0.21887200
v 0.12764400 -0.12132300 0.21887501
v 0.12722000 -0.12097400 0.21887900
v 0.12683301 -0.12058500 0.21888401
v 0.12648600 -0.12016000 0.21888900
v 0.12618500 -0.11970100 0.21889400
v 0.12593000 -0.11921500 0.21889900
v 0.12572500 -0.11870600 0.21890500
v 0.12556900 -0.11817900 0.21891101
v 0.12546401 -0.11764000 0.21891700
v 0.12541200 -0.11709400 0.21892400
v 0.12541300 -0.11654500 0.21893001
v 0.12546900 -0.11599900 0.21893600
v 0.12558000 -0.11546200 0.21894200
v 0.12574400 -0.11493800 0.21894801
v 0.12595899 -0.11443300 0.21895400
v 0.12622100 -0.11395000 0.21895900
v 0.12652799 -0.11349500 0.21896400
v 0.12687699 -0.11307200 0.21896900
v 0.12726600 -0.11268400 0.21897399
v 0.12769200 -0.11233800 0.21897800
v 0.12815000 -0.11203600 0.21898100
v 0.12863700 -0.11178200 0.21898399
v 0.12914599 -0.11157700 0.21898600
v 0.12967201 -0.11142100 0.21898800
v 0.13021100 -0.11131600 0.21898900
v 0.13075800 -0.11126400 0.21899000
v 0.13130599 -0.11126500 0.21899000
v 0.13185200 -0.11132100 0.21898900
v 0.13239001 -0.11143200 0.21898800
v 0.13291401 -0.11159600 0.21898600
v 0.13341901 -0.11181000 0.21898399
v 0.13390100 -0.11207200 0.21898100
v 0.13435601 -0.11238000 0.21897700
v 0.13478000 -0.11272900 0.21897300
v 0.13516700 -0.11311800 0.21896900
v 0.13551401 -0.11354300 0.21896400
v 0.13581499 -0.11400200 0.21895900
v 0.13607000 -0.11448800 0.21895300
v 0.13627499 -0.11499700 0.21894699
v 0.13643099 -0.11552400 0.21894100
v 0.13653600 -0.11606300 0.21893500
v 0.13658801 -0.11660900 0.21892899
v 0.13658699 -0.11715800 0.21892300
v 0.13653100 -0.11770400 0.21891700
v 0.13642000 -0.11824100 0.21890999
v 0.13625599 -0.11876500 0.21890500
v 0.13604100 -0.11927000 0.21889900
v 0.13577899 -0.11975200 0.21889301
v 0.13547200 -0.12020800 0.21888800
v 0.13512300 -0.12063100 0.21888299
v 0.13473400 -0.12101800 0.21887900
v 0.13473800 -0.12102700 0.21983100
v 0.13512900 -0.12064000 0.21983600
v 0.13547800 -0.12021800 0.21984100
v 0.13578400 -0.11976600 0.21984600
v 0.13604400 -0.11928600 0.21985100
v 0.13625699 -0.11878200 0.21985701
v 0.13642000 -0.11825700 0.21986300
v 0.13653100 -0.11771500 0.21986900
v 0.13658801 -0.11716400 0.21987499
v 0.13659100 -0.11661400 0.21988200
v 0.13654000 -0.11606900 0.21988800
v 0.13643600 -0.11553300 0.21989401
v 0.13628100 -0.11501000 0.21990000
v 0.13607500 -0.11450300 0.21990600
v 0.13581900 -0.11401600 0.21991099
v 0.13551401 -0.11355400 0.21991600
v 0.13516501 -0.11312400 0.21992099
v 0.13477799 -0.11273400 0.21992600
v 0.13435601 -0.11238400 0.21992999
v 0.13390400 -0.11207900 0.21993300
v 0.13342400 -0.11181800 0.21993600
v 0.13292000 -0.11160600 0.21993899
v 0.13239500 -0.11144300 0.21994001
v 0.13185200 -0.11133100 0.21994200
v 0.13130200 -0.11127400 0.21994200
v 0.13075200 -0.11127200 0.21994200
v 0.13020700 -0.11132300 0.21994200
v 0.12967101 -0.11142600 0.21994101
v 0.12914699 -0.11158200 0.21993899
v 0.12864000 -0.11178800 0.21993700
v 0.12815399 -0.11204400 0.21993400
v 0.12769200 -0.11234900 0.21992999
v 0.12726200 -0.11269800 0.21992600
v 0.12687100 -0.11308500 0.21992201
v 0.12652200 -0.11350600 0.21991700
v 0.12621599 -0.11395800 0.21991199
v 0.12595600 -0.11443800 0.21990600
v 0.12574300 -0.11494200 0.21990100
v 0.12558000 -0.11546700 0.21989501
v 0.12546900 -0.11601000 0.21988900
v 0.12541200 -0.11656100 0.21988200
v 0.12540901 -0.11711000 0.21987601
v 0.12546000 -0.11765500 0.21987000
v 0.12556399 -0.11819100 0.21986400
v 0.12571900 -0.11871500 0.21985801
v 0.12592500 -0.11922200 0.21985200
v 0.12618101 -0.11970800 0.21984600
v 0.12648600 -0.12017000 0.21984100
v 0.12683500 -0.12060000 0.21983600
v 0.12722200 -0.12099100 0.21983200
v 0.12764400 -0.12134000 0.21982799
v 0.12809600 -0.12164600 0.21982400
v 0.12857600 -0.12190600 0.21982101
v 0.12908000 -0.12211900 0.21981899
v 0.12960500 -0.12228200 0.21981700
v 0.13014799 -0.12239300 0.21981600
v 0.13069899 -0.12245000 0.21981500
v 0.13124800 -0.12245300 0.21981500
v 0.13179301 -0.12240200 0.21981600
v 0.13232900 -0.12229800 0.21981700
v 0.13285300 -0.12214300 0.21981899
v 0.13336000 -0.12193700 0.21982101
v 0.13384600 -0.12168100 0.21982400
v 0.13529800 -0.11866800 0.21985801
v 0.13400801 -0.11961400 0.21984699
v 0.13271800 -0.12055900 0.21983700
v 0.13142900 -0.12150400 0.21982600
v 0.13564201 -0.11643400 0.21988399
v 0.13435200 -0.11737900 0.21987300
v 0.13306300 -0.11832400 0.21986200
v 0.13177299 -0.11926900 0.21985100
v 0.13048300 -0.12021400 0.21984100
v 0.12919401 -0.12116000 0.21983001
v 0.13469701 -0.11514400 0.21989800
v 0.13340700 -0.11608900 0.21988800
v 0.12953800 -0.11892500 0.21985500
v 0.12824801 -0.11987000 0.21984500
v 0.13375200 -0.11385400 0.21991301
v 0.13246199 -0.11480000 0.21990199
v 0.12859300 -0.11763500 0.21987000
v 0.12730300 -0.11858000 0.21985900
v 0.13280600 -0.11256500 0.21992800
v 0.13151699 -0.11351000 0.21991700
v 0.13022700 -0.11445500 0.21990600
v 0.12893701 -0.11540000 0.21989501
v 0.12764800 -0.11634600 0.21988501
v 0.12635800 -0.11729100 0.21987399
v 0.13057099 -0.11222100 0.21993200
v 0.12928200 -0.11316600 0.21992099
v 0.12799200 -0.11411100 0.21991000
v 0.12670200 -0.11505600 0.21989900
v 0.13430800 -0.12137600 0.21982700
v 0.13473800 -0.12102700 0.21983100
v 0.13512900 -0.12064000 0.21983600
v 0.13547800 -0.12021800 0.21984100
v 0.13578400 -0.11976600 0.21984600
v 0.13604400 -0.11928600 0.21985100
v 0.13625699 -0.11878200 0.21985701
v 0.13642000 -0.11825700 0.21986300
v 0.13653100 -0.11771500 0.21986900
v 0.13658801 -0.11716400 0.21987499
v 0.13659100 -0.11661400 0.21988200
v 0.13654000 -0.11606900 0.21988800
v 0.13643600 -0.11553300 0.21989401
v 0.13628100 -0.11501000 0.21990000
v 0.13607500 -0.11450300 0.21990600
v 0.13581900 -0.11401600 0.21991099
v 0.13551401 -0.11355400 0.21991600
v 0.13516501 -0.11312400 0.21992099
v 0.13477799 -0.11273400 0.21992600
v 0.13435601 -0.11238400 0.21992999
v 0.13390400 -0.11207900 0.21993300
v 0.13342400 -0.11181800 0.21993600
v 0.13292000 -0.11160600 0.21993899
v 0.13239500 -0.11144300 0.21994001
v 0.13185200 -0.11133100 0.21994200
v 0.13130200 -0.11127400 0.21994200
v 0.13075200 -0.11127200 0.21994200
v 0.13020700 -0.11132300 0.21994200
v 0.12967101 -0.11142600 0.21994101
v 0.12914699 -0.11158200 0.21993899
v 0.12864000 -0.11178800 0.21993700
v 0.12815399 -0.11204400 0.21993400
v 0.12769200 -0.11234900 0.21992999
v 0.12726200 -0.11269800 0.21992600
v 0.12687100 -0.11308500 0.21992201
v 0.12652200 -0.11350600 0.21991700
v 0.12621599 -0.11395800 0.21991199
v 0.12595600 -0.11443800 0.21990600
v 0.12574300 -0.11494200 0.21990100
v 0.12558000 -0.11546700 0.21989501
v 0.12546900 -0.11601000 0.21988900
v 0.12541200 -0.11656100 0.21988200
v 0.12540901 -0.11711000 0.21987601
v 0.12546000 -0.11765500 0.21987000
v 0.12556399 -0.11819100 0.21986400
v 0.12571900 -0.11871500 0.21985801
v 0.12592500 -0.11922200 0.21985200
v 0.12618101 -0.11970800 0.21984600
v 0.12648600 -0.12017000 0.21984100
v 0.12683500 -0.12060000 0.21983600
v 0.12722200 -0.12099100 0.21983200
v 0.12764400 -0.12134000 0.21982799
v 0.12809600 -0.12164600 0.21982400
v 0.12857600 -0.12190600 0.21982101
v 0.12908000 -0.12211900 0.21981899
v 0.12960500 -0.12228200 0.21981700
v 0.13014799 -0.12239300 0.21981600
v 0.13069899 -0.12245000 0.21981500
v 0.13124800 -0.12245300 0.21981500
v 0.13179301 -0.12240200 0.21981600
v 0.13232900 -0.12229800 0.21981700
v 0.13285300 -0.12214300 0.21981899
v 0.13336000 -0.12193700 0.21982101
v 0.13384600 -0.12168100 0.21982400
v 0.13184200 -0.11495000 0.21990100
v 0.13246000 -0.11579200 0.21989100
v 0.13307799 -0.11663500 0.21988100
v 0.13015801 -0.11877500 0.21985701
v 0.12954000 -0.11793200 0.21986701
v 0.12892200 -0.11708900 0.21987601
v 0.13265599 -0.11759100 0.21987100
v 0.13223501 -0.11854800 0.21986000
v 0.13119701 -0.11866100 0.21985801
v 0.12934400 -0.11613300 0.21988700
v 0.12976500 -0.11517700 0.21989800
v 0.13080300 -0.11506300 0.21989900
v 0.13307799 -0.11663500 0.21988100
v 0.13246000 -0.11579200 0.21989100
v 0.13307799 -0.11660800 0.21750000
v 0.13307799 -0.11662200 0.21869101
v 0.13184200 -0.11492300 0.21751900
v 0.13246000 -0.11576500 0.21751000
v 0.13184200 -0.11495000 0.21990100
v 0.13184200 -0.11493600 0.21871001
v 0.13307799 -0.11663500 0.21988100
v 0.13307799 -0.11662200 0.21869101
v 0.13223501 -0.11854800 0.21986000
v 0.13265599 -0.11759100 0.21987100
v 0.13223501 -0.11852100 0.21747801
v 0.13223501 -0.11853400 0.21866900
v 0.13307799 -0.11660800 0.21750000
v 0.13265599 -0.11756400 0.21748900
v 0.13223501 -0.11854800 0.21986000
v 0.13223501 -0.11853400 0.21866900
v 0.13015801 -0.11877500 0.21985701
v 0.13119701 -0.11866100 0.21985801
v 0.13015801 -0.11874800 0.21747600
v 0.13015801 -0.11876100 0.21866600
v 0.13223501 -0.11852100 0.21747801
v 0.13119701 -0.11863400 0.21747699
v 0.12892200 -0.11708900 0.21987601
v 0.12954000 -0.11793200 0.21986701
v 0.13015801 -0.11877500 0.21985701
v 0.13015801 -0.11876100 0.21866600
v 0.12892200 -0.11706200 0.21749499
v 0.12892200 -0.11707600 0.21868600
v 0.13015801 -0.11874800 0.21747600
v 0.12954000 -0.11790500 0.21748500
v 0.12892200 -0.11708900 0.21987601
v 0.12892200 -0.11707600 0.21868600
v 0.12976500 -0.11517700 0.21989800
v 0.12934400 -0.11613300 0.21988700
v 0.12976500 -0.11515000 0.21751700
v 0.12976500 -0.11516300 0.21870700
v 0.12892200 -0.11706200 0.21749499
v 0.12934400 -0.11610600 0.21750601
v 0.13184200 -0.11492300 0.21751900
v 0.13184200 -0.11493600 0.21871001
v 0.12976500 -0.11517700 0.21989800
v 0.12976500 -0.11516300 0.21870700
v 0.13184200 -0.11495000 0.21990100
v 0.13080300 -0.11506300 0.21989900
v 0.12976500 -0.11515000 0.21751700
v 0.13080300 -0.11503600 0.21751800
v 0.13184200 -0.11492300 0.21751900
v 0.13246000 -0.11576500 0.21751000
v 0.13307799 -0.11660800 0.21750000
v 0.13265599 -0.11756400 0.21748900
v 0.13223501 -0.11852100 0.21747801
v 0.13119701 -0.11863400 0.21747699
v 0.13015801 -0.11874800 0.21747600
v 0.12954000 -0.11790500 0.21748500
v 0.12892200 -0.11706200 0.21749499
v 0.12934400 -0.11610600 0.21750601
v 0.12976500 -0.11515000 0.21751700
v 0.13080300 -0.11503600 0.21751800
v 0.11430800 -0.12136500 0.21887501
v 0.11430800 -0.12137000 0.21935099
v 0.11430800 -0.12137600 0.21982700
v 0.10648600 -0.12016000 0.21888900
v 0.10769200 -0.11233800 0.21897800
v 0.10769200 -0.11234900 0.21992999
v 0.11430800 -0.12136500 0.21887501
v 0.11430800 -0.12137000 0.21935099
v 0.11430800 -0.12137600 0.21982700
v 0.11408300 -0.12152100 0.21887299
v 0.11385000 -0.12166600 0.21887100
v 0.11361000 -0.12179900 0.21887000
v 0.11336300 -0.12192100 0.21886900
v 0.11311100 -0.12203000 0.21886700
v 0.11285400 -0.12212600 0.21886601
v 0.11259300 -0.12221000 0.21886501
v 0.11232800 -0.12228200 0.21886399
v 0.11206000 -0.12234100 0.21886399
v 0.11178900 -0.12238700 0.21886300
v 0.11151600 -0.12241900 0.21886300
v 0.11124200 -0.12243900 0.21886300
v 0.11096800 -0.12244500 0.21886300
v 0.11069400 -0.12243800 0.21886300
v 0.11042000 -0.12241700 0.21886300
v 0.11014800 -0.12238200 0.21886300
v 0.10987700 -0.12233300 0.21886399
v 0.10961000 -0.12227100 0.21886501
v 0.10934600 -0.12219500 0.21886501
v 0.10908600 -0.12210700 0.21886601
v 0.10883100 -0.12200600 0.21886800
v 0.10858100 -0.12189200 0.21886900
v 0.10833700 -0.12176700 0.21887000
v 0.10809900 -0.12163000 0.21887200
v 0.10786700 -0.12148200 0.21887399
v 0.10764400 -0.12132300 0.21887501
v 0.10742800 -0.12115400 0.21887700
v 0.10722000 -0.12097400 0.21887900
v 0.10702200 -0.12078400 0.21888199
v 0.10683300 -0.12058500 0.21888401
v 0.10665400 -0.12037700 0.21888600
v 0.10633000 -0.11993400 0.21889099
v 0.10618500 -0.11970100 0.21889400
v 0.10605200 -0.11946100 0.21889700
v 0.10593000 -0.11921500 0.21889900
v 0.10582200 -0.11896300 0.21890201
v 0.10572500 -0.11870600 0.21890500
v 0.10564100 -0.11844400 0.21890800
v 0.10556900 -0.11817900 0.21891101
v 0.10551000 -0.11791100 0.21891400
v 0.10546400 -0.11764000 0.21891700
v 0.10543200 -0.11736800 0.21892001
v 0.10541200 -0.11709400 0.21892400
v 0.10540600 -0.11681900 0.21892700
v 0.10541300 -0.11654500 0.21893001
v 0.10543400 -0.11627100 0.21893300
v 0.10546900 -0.11599900 0.21893600
v 0.10551800 -0.11572900 0.21893901
v 0.10558000 -0.11546200 0.21894200
v 0.10565600 -0.11519800 0.21894500
v 0.10574400 -0.11493800 0.21894801
v 0.10584500 -0.11468300 0.21895100
v 0.10595900 -0.11443300 0.21895400
v 0.10608400 -0.11418800 0.21895701
v 0.10622100 -0.11395000 0.21895900
v 0.10636900 -0.11371900 0.21896200
v 0.10652800 -0.11349500 0.21896400
v 0.10669700 -0.11327900 0.21896701
v 0.10687700 -0.11307200 0.21896900
v 0.10706700 -0.11287300 0.21897200
v 0.10726600 -0.11268400 0.21897399
v 0.10747400 -0.11250600 0.21897601
v 0.10791700 -0.11218100 0.21897900
v 0.10815000 -0.11203600 0.21898100
v 0.10839000 -0.11190300 0.21898299
v 0.10863700 -0.11178200 0.21898399
v 0.10888900 -0.11167300 0.21898501
v 0.10914600 -0.11157700 0.21898600
v 0.10940700 -0.11149200 0.21898700
v 0.10967200 -0.11142100 0.21898800
v 0.10994000 -0.11136200 0.21898900
v 0.11021100 -0.11131600 0.21898900
v 0.11048400 -0.11128300 0.21899000
v 0.11075800 -0.11126400 0.21899000
v 0.11103200 -0.11125700 0.21899000
v 0.11130600 -0.11126500 0.21899000
v 0.11158000 -0.11128600 0.21899000
v 0.11185200 -0.11132100 0.21898900
v 0.11212300 -0.11136900 0.21898900
v 0.11239000 -0.11143200 0.21898800
v 0.11265400 -0.11150700 0.21898700
v 0.11291400 -0.11159600 0.21898600
v 0.11316900 -0.11169700 0.21898501
v 0.11341900 -0.11181000 0.21898399
v 0.11366300 -0.11193600 0.21898200
v 0.11390100 -0.11207200 0.21898100
v 0.11413300 -0.11222100 0.21897900
v 0.11435600 -0.11238000 0.21897700
v 0.11457200 -0.11254900 0.21897499
v 0.11478000 -0.11272900 0.21897300
v 0.11497800 -0.11291800 0.21897100
v 0.11516700 -0.11311800 0.21896900
v 0.11534600 -0.11332600 0.21896601
v 0.11551400 -0.11354300 0.21896400
v 0.11567000 -0.11376900 0.21896100
v 0.11581500 -0.11400200 0.21895900
v 0.11594800 -0.11424200 0.21895599
v 0.11607000 -0.11448800 0.21895300
v 0.11617800 -0.11474000 0.21895000
v 0.11627500 -0.11499700 0.21894699
v 0.11635900 -0.11525800 0.21894400
v 0.11643100 -0.11552400 0.21894100
v 0.11649000 -0.11579200 0.21893799
v 0.11653600 -0.11606300 0.21893500
v 0.11656800 -0.11633500 0.21893200
v 0.11658800 -0.11660900 0.21892899
v 0.11659400 -0.11688300 0.21892600
v 0.11658700 -0.11715800 0.21892300
v 0.11656600 -0.11743100 0.21892001
v 0.11653100 -0.11770400 0.21891700
v 0.11648200 -0.11797400 0.21891400
v 0.11642000 -0.11824100 0.21890999
v 0.11634400 -0.11850500 0.21890700
v 0.11625600 -0.11876500 0.21890500
v 0.11615500 -0.11902000 0.21890201
v 0.11604100 -0.11927000 0.21889900
v 0.11591600 -0.11951400 0.21889600
v 0.11577900 -0.11975200 0.21889301
v 0.11563100 -0.11998400 0.21889099
v 0.11547200 -0.12020800 0.21888800
v 0.11530300 -0.12042400 0.21888600
v 0.11512300 -0.12063100 0.21888299
v 0.11493300 -0.12082900 0.21888100
v 0.11473400 -0.12101800 0.21887900
v 0.11452600 -0.12119700 0.21887700
v 0.11452800 -0.12120600 0.21982899
v 0.11473800 -0.12102700 0.21983100
v 0.11493900 -0.12083800 0.21983400
v 0.11512900 -0.12064000 0.21983600
v 0.11530900 -0.12043300 0.21983799
v 0.11547800 -0.12021800 0.21984100
v 0.11563700 -0.11999600 0.21984300
v 0.11578400 -0.11976600 0.21984600
v 0.11592000 -0.11952900 0.21984801
v 0.11604400 -0.11928600 0.21985100
v 0.11615700 -0.11903700 0.21985400
v 0.11625700 -0.11878200 0.21985701
v 0.11634500 -0.11852200 0.21986000
v 0.11642000 -0.11825700 0.21986300
v 0.11648200 -0.11798800 0.21986599
v 0.11653100 -0.11771500 0.21986900
v 0.11656700 -0.11743900 0.21987200
v 0.11658800 -0.11716400 0.21987499
v 0.11659600 -0.11688800 0.21987900
v 0.11659100 -0.11661400 0.21988200
v 0.11657200 -0.11634100 0.21988501
v 0.11654000 -0.11606900 0.21988800
v 0.11649500 -0.11580000 0.21989100
v 0.11643600 -0.11553300 0.21989401
v 0.11636500 -0.11527000 0.21989700
v 0.11628100 -0.11501000 0.21990000
v 0.11618400 -0.11475400 0.21990301
v 0.11607500 -0.11450300 0.21990600
v 0.11595300 -0.11425700 0.21990800
v 0.11581900 -0.11401600 0.21991099
v 0.11567200 -0.11378200 0.21991400
v 0.11551400 -0.11355400 0.21991600
v 0.11534400 -0.11333400 0.21991900
v 0.11516500 -0.11312400 0.21992099
v 0.11497600 -0.11292400 0.21992400
v 0.11477800 -0.11273400 0.21992600
v 0.11457100 -0.11255400 0.21992800
v 0.11435600 -0.11238400 0.21992999
v 0.11413400 -0.11222600 0.21993200
v 0.11390400 -0.11207900 0.21993300
v 0.11366700 -0.11194300 0.21993500
v 0.11342400 -0.11181800 0.21993600
v 0.11317500 -0.11170600 0.21993700
v 0.11292000 -0.11160600 0.21993899
v 0.11266000 -0.11151800 0.21994001
v 0.11239500 -0.11144300 0.21994001
v 0.11212600 -0.11138100 0.21994101
v 0.11185200 -0.11133100 0.21994200
v 0.11157700 -0.11129600 0.21994200
v 0.11130200 -0.11127400 0.21994200
v 0.11102600 -0.11126600 0.21994200
v 0.11075200 -0.11127200 0.21994200
v 0.11047800 -0.11129100 0.21994200
v 0.11020700 -0.11132300 0.21994200
v 0.10993800 -0.11136800 0.21994101
v 0.10967100 -0.11142600 0.21994101
v 0.10940700 -0.11149800 0.21994001
v 0.10914700 -0.11158200 0.21993899
v 0.10889200 -0.11167800 0.21993800
v 0.10864000 -0.11178800 0.21993700
v 0.10839400 -0.11191000 0.21993500
v 0.10815400 -0.11204400 0.21993400
v 0.10792000 -0.11219000 0.21993200
v 0.10747200 -0.11251800 0.21992800
v 0.10726200 -0.11269800 0.21992600
v 0.10706100 -0.11288700 0.21992400
v 0.10687100 -0.11308500 0.21992201
v 0.10669100 -0.11329100 0.21991900
v 0.10652200 -0.11350600 0.21991700
v 0.10636300 -0.11372800 0.21991400
v 0.10621600 -0.11395800 0.21991199
v 0.10608000 -0.11419500 0.21990900
v 0.10595600 -0.11443800 0.21990600
v 0.10584300 -0.11468800 0.21990401
v 0.10574300 -0.11494200 0.21990100
v 0.10565500 -0.11520300 0.21989800
v 0.10558000 -0.11546700 0.21989501
v 0.10551800 -0.11573700 0.21989200
v 0.10546900 -0.11601000 0.21988900
v 0.10543300 -0.11628500 0.21988501
v 0.10541200 -0.11656100 0.21988200
v 0.10540400 -0.11683600 0.21987900
v 0.10540900 -0.11711000 0.21987601
v 0.10542800 -0.11738400 0.21987300
v 0.10546000 -0.11765500 0.21987000
v 0.10550500 -0.11792500 0.21986701
v 0.10556400 -0.11819100 0.21986400
v 0.10563500 -0.11845500 0.21986100
v 0.10571900 -0.11871500 0.21985801
v 0.10581600 -0.11897000 0.21985500
v 0.10592500 -0.11922200 0.21985200
v 0.10604700 -0.11946800 0.21984901
v 0.10618100 -0.11970800 0.21984600
v 0.10632800 -0.11994300 0.21984400
v 0.10648600 -0.12017000 0.21984100
v 0.10665600 -0.12039000 0.21983901
v 0.10683500 -0.12060000 0.21983600
v 0.10702400 -0.12080100 0.21983400
v 0.10722200 -0.12099100 0.21983200
v 0.10742900 -0.12117100 0.21983001
v 0.10764400 -0.12134000 0.21982799
v 0.10786600 -0.12149800 0.21982600
v 0.10809600 -0.12164600 0.21982400
v 0.10833300 -0.12178200 0.21982300
v 0.10857600 -0.12190600 0.21982101
v 0.10882500 -0.12201800 0.21981999
v 0.10908000 -0.12211900 0.21981899
v 0.10934000 -0.12220600 0.21981800
v 0.10960500 -0.12228200 0.21981700
v 0.10987400 -0.12234400 0.21981600
v 0.11014800 -0.12239300 0.21981600
v 0.11042300 -0.12242800 0.21981500
v 0.11069900 -0.12245000 0.21981500
v 0.11097400 -0.12245800 0.21981500
v 0.11124800 -0.12245300 0.21981500
v 0.11152200 -0.12243400 0.21981500
v 0.11179300 -0.12240200 0.21981600
v 0.11206300 -0.12235600 0.21981600
v 0.11232900 -0.12229800 0.21981700
v 0.11259300 -0.12222700 0.21981800
v 0.11285300 -0.12214300 0.21981899
v 0.11310800 -0.12204600 0.21981999
v 0.11336000 -0.12193700 0.21982101
v 0.11360600 -0.12181500 0.21982200
v 0.11384600 -0.12168100 0.21982400
v 0.11408000 -0.12153400 0.21982600
v 0.11331500 -0.12195100 0.21934500
v 0.11279700 -0.12215700 0.21934199
v 0.11226100 -0.12230900 0.21934000
v 0.11171500 -0.12240700 0.21933900
v 0.11117400 -0.12245000 0.21933900
v 0.11063200 -0.12244100 0.21933900
v 0.11009300 -0.12237900 0.21934000
v 0.10956300 -0.12226500 0.21934099
v 0.10904600 -0.12210100 0.21934301
v 0.10854800 -0.12188700 0.21934500
v 0.10807200 -0.12162600 0.21934800
v 0.10762400 -0.12132000 0.21935201
v 0.10720800 -0.12097300 0.21935600
v 0.10680600 -0.12056100 0.21935999
v 0.10648600 -0.12016500 0.21936500
v 0.10616100 -0.11966700 0.21937101
v 0.10590500 -0.11917200 0.21937600
v 0.10570000 -0.11865400 0.21938200
v 0.10554700 -0.11811700 0.21938799
v 0.10544900 -0.11757100 0.21939400
v 0.10540600 -0.11703100 0.21940100
v 0.10541600 -0.11648900 0.21940701
v 0.10547800 -0.11595000 0.21941300
v 0.10559100 -0.11542000 0.21941900
v 0.10575600 -0.11490300 0.21942499
v 0.10597000 -0.11440500 0.21943000
v 0.10623100 -0.11392900 0.21943600
v 0.10653600 -0.11348100 0.21944100
v 0.10688400 -0.11306500 0.21944600
v 0.10729500 -0.11266300 0.21945000
v 0.10769200 -0.11234300 0.21945401
v 0.10818900 -0.11201800 0.21945800
v 0.10868500 -0.11176200 0.21946099
v 0.10920300 -0.11155700 0.21946301
v 0.10973900 -0.11140500 0.21946500
v 0.11028500 -0.11130700 0.21946600
v 0.11082600 -0.11126300 0.21946600
v 0.11136800 -0.11127300 0.21946600
v 0.11190700 -0.11133500 0.21946500
v 0.11243700 -0.11144800 0.21946400
v 0.11295400 -0.11161300 0.21946201
v 0.11345200 -0.11182700 0.21946000
v 0.11392800 -0.11208800 0.21945700
v 0.11437600 -0.11239300 0.21945301
v 0.11479200 -0.11274100 0.21944900
v 0.11519400 -0.11315200 0.21944501
v 0.11551400 -0.11354900 0.21944000
v 0.11583900 -0.11404600 0.21943501
v 0.11609500 -0.11454200 0.21942900
v 0.11630000 -0.11506000 0.21942300
v 0.11645300 -0.11559600 0.21941701
v 0.11655100 -0.11614200 0.21941100
v 0.11659400 -0.11668300 0.21940500
v 0.11658400 -0.11722500 0.21939801
v 0.11652200 -0.11776400 0.21939200
v 0.11640900 -0.11829400 0.21938600
v 0.11624400 -0.11881100 0.21938001
v 0.11603000 -0.11930900 0.21937500
v 0.11576900 -0.11978400 0.21936899
v 0.11546400 -0.12023200 0.21936400
v 0.11511600 -0.12064800 0.21935900
v 0.11470500 -0.12105100 0.21935500
v 0.11529800 -0.11866800 0.21985801
v 0.11400800 -0.11961400 0.21984699
v 0.11271800 -0.12055900 0.21983700
v 0.11142900 -0.12150400 0.21982600
v 0.11564200 -0.11643400 0.21988399
v 0.11435200 -0.11737900 0.21987300
v 0.11306300 -0.11832400 0.21986200
v 0.11177300 -0.11926900 0.21985100
v 0.11048300 -0.12021400 0.21984100
v 0.10919400 -0.12116000 0.21983001
v 0.11469700 -0.11514400 0.21989800
v 0.11340700 -0.11608900 0.21988800
v 0.10953800 -0.11892500 0.21985500
v 0.10824900 -0.11987000 0.21984500
v 0.11375200 -0.11385400 0.21991301
v 0.11246200 -0.11480000 0.21990199
v 0.10859300 -0.11763500 0.21987000
v 0.10730300 -0.11858000 0.21985900
v 0.11280600 -0.11256500 0.21992800
v 0.11151700 -0.11351000 0.21991700
v 0.11022700 -0.11445500 0.21990600
v 0.10893700 -0.11540000 0.21989501
v 0.10764800 -0.11634600 0.21988501
v 0.10635800 -0.11729100 0.21987399
v 0.11057100 -0.11222100 0.21993200
v 0.10928200 -0.11316600 0.21992099
v 0.10799200 -0.11411100 0.21991000
v 0.10670200 -0.11505600 0.21989900
v 0.11430800 -0.12137600 0.21982700
v 0.11452800 -0.12120600 0.21982899
v 0.11473800 -0.12102700 0.21983100
v 0.11493900 -0.12083800 0.21983400
v 0.11512900 -0.12064000 0.21983600
v 0.11530900 -0.12043300 0.21983799
v 0.11547800 -0.12021800 0.21984100
v 0.11563700 -0.11999600 0.21984300
v 0.11578400 -0.11976600 0.21984600
v 0.11592000 -0.11952900 0.21984801
v 0.11604400 -0.11928600 0.21985100
v 0.11615700 -0.11903700 0.21985400
v 0.11625700 -0.11878200 0.21985701
v 0.11634500 -0.11852200 0.21986000
v 0.11642000 -0.11825700 0.21986300
v 0.11648200 -0.11798800 0.21986599
v 0.11653100 -0.11771500 0.21986900
v 0.11656700 -0.11743900 0.21987200
v 0.11658800 -0.11716400 0.21987499
v 0.11659600 -0.11688800 0.21987900
v 0.11659100 -0.11661400 0.21988200
v 0.11657200 -0.11634100 0.21988501
v 0.11654000 -0.11606900 0.21988800
v 0.11649500 -0.11580000 0.21989100
v 0.11643600 -0.11553300 0.21989401
v 0.11636500 -0.11527000 0.21989700
v 0.11628100 -0.11501000 0.21990000
v 0.11618400 -0.11475400 0.21990301
v 0.11607500 -0.11450300 0.21990600
v 0.11595300 -0.11425700 0.21990800
v 0.11581900 -0.11401600 0.21991099
v 0.11567200 -0.11378200 0.21991400
v 0.11551400 -0.11355400 0.21991600
v 0.11534400 -0.11333400 0.21991900
v 0.11516500 -0.11312400 0.21992099
v 0.11497600 -0.11292400 0.21992400
v 0.11477800 -0.11273400 0.21992600
v 0.11457100 -0.11255400 0.21992800
v 0.11435600 -0.11238400 0.21992999
v 0.11413400 -0.11222600 0.21993200
v 0.11390400 -0.11207900 0.21993300
v 0.11366700 -0.11194300 0.21993500
v 0.11342400 -0.11181800 0.21993600
v 0.11317500 -0.11170600 0.21993700
v 0.11292000 -0.11160600 0.21993899
v 0.11266000 -0.11151800 0.21994001
v 0.11239500 -0.11144300 0.21994001
v 0.11212600 -0.11138100 0.21994101
v 0.11185200 -0.11133100 0.21994200
v 0.11157700 -0.11129600 0.21994200
v 0.11130200 -0.11127400 0.21994200
v 0.11102600 -0.11126600 0.21994200
v 0.11075200 -0.11127200 0.21994200
v 0.11047800 -0.11129100 0.21994200
v 0.11020700 -0.11132300 0.21994200
v 0.10993800 -0.11136800 0.21994101
v 0.10967100 -0.11142600 0.21994101
v 0.10940700 -0.11149800 0.21994001
v 0.10914700 -0.11158200 0.21993899
v 0.10889200 -0.11167800 0.21993800
v 0.10864000 -0.11178800 0.21993700
v 0.10839400 -0.11191000 0.21993500
v 0.10815400 -0.11204400 0.21993400
v 0.10792000 -0.11219000 0.21993200
v 0.10769200 -0.11234900 0.21992999
v 0.10747200 -0.11251800 0.21992800
v 0.10726200 -0.11269800 0.21992600
v 0.10706100 -0.11288700 0.21992400
v 0.10687100 -0.11308500 0.21992201
v 0.10669100 -0.11329100 0.21991900
v 0.10652200 -0.11350600 0.21991700
v 0.10636300 -0.11372800 0.21991400
v 0.10621600 -0.11395800 0.21991199
v 0.10608000 -0.11419500 0.21990900
v 0.10595600 -0.11443800 0.21990600
v 0.10584300 -0.11468800 0.21990401
v 0.10574300 -0.11494200 0.21990100
v 0.10565500 -0.11520300 0.21989800
v 0.10558000 -0.11546700 0.21989501
v 0.10551800 -0.11573700 0.21989200
v 0.10546900 -0.11601000 0.21988900
v 0.10543300 -0.11628500 0.21988501
v 0.10541200 -0.11656100 0.21988200
v 0.10540400 -0.11683600 0.21987900
v 0.10540900 -0.11711000 0.21987601
v 0.10542800 -0.11738400 0.21987300
v 0.10546000 -0.11765500 0.21987000
v 0.10550500 -0.11792500 0.21986701
v 0.10556400 -0.11819100 0.21986400
v 0.10563500 -0.11845500 0.21986100
v 0.10571900 -0.11871500 0.21985801
v 0.10581600 -0.11897000 0.21985500
v 0.10592500 -0.11922200 0.21985200
v 0.10604700 -0.11946800 0.21984901
v 0.10618100 -0.11970800 0.21984600
v 0.10632800 -0.11994300 0.21984400
v 0.10648600 -0.12017000 0.21984100
v 0.10665600 -0.12039000 0.21983901
v 0.10683500 -0.12060000 0.21983600
v 0.10702400 -0.12080100 0.21983400
v 0.10722200 -0.12099100 0.21983200
v 0.10742900 -0.12117100 0.21983001
v 0.10764400 -0.12134000 0.21982799
v 0.10786600 -0.12149800 0.21982600
v 0.10809600 -0.12164600 0.21982400
v 0.10833300 -0.12178200 0.21982300
v 0.10857600 -0.12190600 0.21982101
v 0.10882500 -0.12201800 0.21981999
v 0.10908000 -0.12211900 0.21981899
v 0.10934000 -0.12220600 0.21981800
v 0.10960500 -0.12228200 0.21981700
v 0.10987400 -0.12234400 0.21981600
v 0.11014800 -0.12239300 0.21981600
v 0.11042300 -0.12242800 0.21981500
v 0.11069900 -0.12245000 0.21981500
v 0.11097400 -0.12245800 0.21981500
v 0.11124800 -0.12245300 0.21981500
v 0.11152200 -0.12243400 0.21981500
v 0.11179300 -0.12240200 0.21981600
v 0.11206300 -0.12235600 0.21981600
v 0.11232900 -0.12229800 0.21981700
v 0.11259300 -0.12222700 0.21981800
v 0.11285300 -0.12214300 0.21981899
v 0.11310800 -0.12204600 0.21981999
v 0.11336000 -0.12193700 0.21982101
v 0.11360600 -0.12181500 0.21982200
v 0.11384600 -0.12168100 0.21982400
v 0.11408000 -0.12153400 0.21982600
v 0.11336300 -0.12008600 0.21984200
v 0.11319100 -0.12120400 0.21982899
v 0.11448100 -0.12025800 0.21984001
v 0.11383600 -0.12073100 0.21983500
v 0.11465300 -0.11914100 0.21985300
v 0.11577000 -0.11931300 0.21985100
v 0.11512500 -0.11978600 0.21984600
v 0.11594200 -0.11819600 0.21986400
v 0.11499700 -0.11690600 0.21987800
v 0.11482500 -0.11802400 0.21986599
v 0.11611500 -0.11707800 0.21987601
v 0.11547000 -0.11755100 0.21987100
v 0.11628700 -0.11596100 0.21988900
v 0.11534200 -0.11467100 0.21990401
v 0.11516900 -0.11578900 0.21989100
v 0.11581400 -0.11531600 0.21989600
v 0.11439600 -0.11338200 0.21991800
v 0.11422400 -0.11449900 0.21990600
v 0.11486900 -0.11402700 0.21991099
v 0.11345100 -0.11209200 0.21993300
v 0.11327900 -0.11321000 0.21991999
v 0.11392400 -0.11273700 0.21992600
v 0.11233400 -0.11192000 0.21993500
v 0.11121600 -0.11174800 0.21993700
v 0.11104400 -0.11286500 0.21992400
v 0.11216100 -0.11303700 0.21992201
v 0.11168900 -0.11239300 0.21992999
v 0.11009900 -0.11157600 0.21993899
v 0.10880900 -0.11252100 0.21992800
v 0.10992700 -0.11269300 0.21992600
v 0.10945400 -0.11204800 0.21993400
v 0.10751900 -0.11346600 0.21991700
v 0.10863700 -0.11363800 0.21991600
v 0.10816400 -0.11299400 0.21992300
v 0.10623000 -0.11441100 0.21990700
v 0.10734700 -0.11458300 0.21990500
v 0.10687500 -0.11393900 0.21991199
v 0.10605800 -0.11552900 0.21989401
v 0.10588500 -0.11664600 0.21988100
v 0.10700300 -0.11681800 0.21987900
v 0.10717500 -0.11570100 0.21989200
v 0.10653000 -0.11617300 0.21988700
v 0.10571300 -0.11776300 0.21986900
v 0.10665800 -0.11905300 0.21985400
v 0.10683100 -0.11793600 0.21986701
v 0.10618600 -0.11840800 0.21986100
v 0.10760400 -0.12034300 0.21983901
v 0.10777600 -0.11922500 0.21985200
v 0.10713100 -0.11969800 0.21984699
v 0.10854900 -0.12163200 0.21982500
v 0.10872100 -0.12051500 0.21983700
v 0.10807600 -0.12098700 0.21983200
v 0.10966600 -0.12180400 0.21982300
v 0.10983900 -0.12068700 0.21983500
v 0.11078400 -0.12197700 0.21982101
v 0.11095600 -0.12085900 0.21983300
v 0.11031100 -0.12133200 0.21982799
v 0.11190100 -0.12214900 0.21981899
v 0.11207300 -0.12103100 0.21983100
v 0.11254600 -0.12167600 0.21982400
v 0.11184200 -0.11495000 0.21990100
v 0.11246000 -0.11579200 0.21989100
v 0.11307800 -0.11663500 0.21988100
v 0.11015800 -0.11877500 0.21985701
v 0.10954000 -0.11793200 0.21986701
v 0.10892200 -0.11708900 0.21987601
v 0.11265600 -0.11759100 0.21987100
v 0.11223500 -0.11854800 0.21986000
v 0.11119700 -0.11866100 0.21985801
v 0.10934400 -0.11613300 0.21988700
v 0.10976500 -0.11517700 0.21989800
v 0.11080300 -0.11506300 0.21989900
v 0.11307800 -0.11663500 0.21988100
v 0.11246000 -0.11579200 0.21989100
v 0.11307800 -0.11660800 0.21750000
v 0.11307800 -0.11662200 0.21869101
v 0.11184200 -0.11492300 0.21751900
v 0.11246000 -0.11576500 0.21751000
v 0.11184200 -0.11495000 0.21990100
v 0.11184200 -0.11493600 0.21871001
v 0.11307800 -0.11663500 0.21988100
v 0.11307800 -0.11662200 0.21869101
v 0.11223500 -0.11854800 0.21986000
v 0.11265600 -0.11759100 0.21987100
v 0.11223500 -0.11852100 0.21747801
v 0.11223500 -0.11853400 0.21866900
v 0.11307800 -0.11660800 0.21750000
v 0.11265600 -0.11756400 0.21748900
v 0.11223500 -0.11854800 0.21986000
v 0.11223500 -0.11853400 0.21866900
v 0.11015800 -0.11877500 0.21985701
v 0.11119700 -0.11866100 0.21985801
v 0.11015800 -0.11874800 0.21747600
v 0.11015800 -0.11876100 0.21866600
v 0.11223500 -0.11852100 0.21747801
v 0.11119700 -0.11863400 0.21747699
v 0.10892200 -0.11708900 0.21987601
v 0.10954000 -0.11793200 0.21986701
v 0.11015800 -0.11877500 0.21985701
v 0.11015800 -0.11876100 0.21866600
v 0.10892200 -0.11706200 0.21749499
v 0.10892200 -0.11707600 0.21868600
v 0.11015800 -0.11874800 0.21747600
v 0.10954000 -0.11790500 0.21748500
v 0.10892200 -0.11708900 0.21987601
v 0.10892200 -0.11707600 0.21868600
v 0.10976500 -0.11517700 0.21989800
v 0.10934400 -0.11613300 0.21988700
v 0.10976500 -0.11515000 0.21751700
v 0.10976500 -0.11516300 0.21870700
v 0.10892200 -0.11706200 0.21749499
v 0.10934400 -0.11610600 0.21750601
v 0.11184200 -0.11492300 0.21751900
v 0.11184200 -0.11493600 0.21871001
v 0.10976500 -0.11517700 0.21989800
v 0.10976500 -0.11516300 0.21870700
v 0.11184200 -0.11495000 0.21990100
v 0.11080300 -0.11506300 0.21989900
v 0.10976500 -0.11515000 0.21751700
v 0.11080300 -0.11503600 0.21751800
v 0.11184200 -0.11492300 0.21751900
v 0.11246000 -0.11576500 0.21751000
v 0.11307800 -0.11660800 0.21750000
v 0.11265600 -0.11756400 0.21748900
v 0.11223500 -0.11852100 0.21747801
v 0.11119700 -0.11863400 0.21747699
v 0.11015800 -0.11874800 0.21747600
v 0.10954000 -0.11790500 0.21748500
v 0.10892200 -0.11706200 0.21749499
v 0.10934400 -0.11610600 0.21750601
v 0.10976500 -0.11515000 0.21751700
v 0.11080300 -0.11503600 0.21751800
v -0.10769200 -0.12138800 0.21887700
v -0.10769200 -0.12139800 0.21983001
v -0.11551400 -0.12018200 0.21889099
v -0.11430800 -0.11236100 0.21898000
v -0.11430800 -0.11237100 0.21993300
v -0.10648600 -0.11356600 0.21896601
v -0.10648600 -0.11357700 0.21991900
v -0.10769200 -0.12138800 0.21887700
v -0.10769200 -0.12139800 0.21983001
v -0.10815000 -0.12168900 0.21887399
v -0.10863700 -0.12194300 0.21887100
v -0.10914600 -0.12214900 0.21886900
v -0.10967200 -0.12230500 0.21886700
v -0.11021100 -0.12240900 0.21886601
v -0.11075800 -0.12246200 0.21886501
v -0.11130600 -0.12246100 0.21886501
v -0.11185200 -0.12240500 0.21886601
v -0.11239000 -0.12229400 0.21886700
v -0.11291400 -0.12213000 0.21886900
v -0.11341900 -0.12191500 0.21887100
v -0.11390100 -0.12165300 0.21887399
v -0.11435600 -0.12134600 0.21887800
v -0.11478000 -0.12099700 0.21888199
v -0.11516700 -0.12060800 0.21888600
v -0.11581500 -0.11972400 0.21889600
v -0.11607000 -0.11923700 0.21890201
v -0.11627500 -0.11872800 0.21890800
v -0.11643100 -0.11820200 0.21891400
v -0.11653600 -0.11766300 0.21892001
v -0.11658800 -0.11711700 0.21892600
v -0.11658700 -0.11656800 0.21893200
v -0.11653100 -0.11602200 0.21893799
v -0.11642000 -0.11548400 0.21894500
v -0.11625600 -0.11496100 0.21895100
v -0.11604100 -0.11445500 0.21895599
v -0.11577900 -0.11397300 0.21896200
v -0.11547200 -0.11351800 0.21896701
v -0.11512300 -0.11309400 0.21897200
v -0.11473400 -0.11270700 0.21897601
v -0.11385000 -0.11205900 0.21898399
v -0.11336300 -0.11180500 0.21898600
v -0.11285400 -0.11159900 0.21898900
v -0.11232800 -0.11144400 0.21899100
v -0.11178900 -0.11133900 0.21899199
v -0.11124200 -0.11128600 0.21899199
v -0.11069400 -0.11128800 0.21899199
v -0.11014800 -0.11134300 0.21899199
v -0.10961000 -0.11145400 0.21899000
v -0.10908600 -0.11161900 0.21898900
v -0.10858100 -0.11183300 0.21898600
v -0.10809900 -0.11209500 0.21898299
v -0.10764400 -0.11240200 0.21898000
v -0.10722000 -0.11275200 0.21897601
v -0.10683300 -0.11314000 0.21897100
v -0.10618500 -0.11402500 0.21896100
v -0.10593000 -0.11451100 0.21895599
v -0.10572500 -0.11502000 0.21895000
v -0.10556900 -0.11554600 0.21894400
v -0.10546400 -0.11608500 0.21893799
v -0.10541200 -0.11663200 0.21893200
v -0.10541300 -0.11718000 0.21892500
v -0.10546900 -0.11772600 0.21891899
v -0.10558000 -0.11826400 0.21891300
v -0.10574400 -0.11878800 0.21890700
v -0.10595900 -0.11929300 0.21890099
v -0.10622100 -0.11977500 0.21889600
v -0.10652800 -0.12023000 0.21889099
v -0.10687700 -0.12065400 0.21888600
v -0.10726600 -0.12104100 0.21888100
v -0.10726200 -0.12104900 0.21983400
v -0.10687100 -0.12066300 0.21983799
v -0.10652200 -0.12024100 0.21984300
v -0.10621600 -0.11978900 0.21984801
v -0.10595600 -0.11930900 0.21985400
v -0.10574300 -0.11880500 0.21985900
v -0.10558000 -0.11828000 0.21986499
v -0.10546900 -0.11773700 0.21987200
v -0.10541200 -0.11718600 0.21987800
v -0.10540900 -0.11663700 0.21988399
v -0.10546000 -0.11609200 0.21989000
v -0.10556400 -0.11555600 0.21989600
v -0.10571900 -0.11503200 0.21990199
v -0.10592500 -0.11452600 0.21990800
v -0.10618100 -0.11403900 0.21991400
v -0.10683500 -0.11314700 0.21992400
v -0.10722200 -0.11275600 0.21992800
v -0.10764400 -0.11240700 0.21993200
v -0.10809600 -0.11210100 0.21993600
v -0.10857600 -0.11184100 0.21993899
v -0.10908000 -0.11162900 0.21994101
v -0.10960500 -0.11146600 0.21994300
v -0.11014800 -0.11135400 0.21994400
v -0.11069900 -0.11129700 0.21994500
v -0.11124800 -0.11129400 0.21994500
v -0.11179300 -0.11134500 0.21994400
v -0.11232900 -0.11144900 0.21994300
v -0.11285300 -0.11160400 0.21994101
v -0.11336000 -0.11181100 0.21993899
v -0.11384600 -0.11206700 0.21993600
v -0.11473800 -0.11272100 0.21992899
v -0.11512900 -0.11310700 0.21992400
v -0.11547800 -0.11352900 0.21991999
v -0.11578400 -0.11398100 0.21991400
v -0.11604400 -0.11446100 0.21990900
v -0.11625700 -0.11496500 0.21990301
v -0.11642000 -0.11549000 0.21989700
v -0.11653100 -0.11603300 0.21989100
v -0.11658800 -0.11658300 0.21988501
v -0.11659100 -0.11713300 0.21987800
v -0.11654000 -0.11767800 0.21987200
v -0.11643600 -0.11821400 0.21986599
v -0.11628100 -0.11873700 0.21986000
v -0.11607500 -0.11924400 0.21985400
v -0.11581900 -0.11973100 0.21984901
v -0.11551400 -0.12019300 0.21984400
v -0.11516500 -0.12062300 0.21983901
v -0.11477800 -0.12101400 0.21983400
v -0.11435600 -0.12136300 0.21983001
v -0.11390400 -0.12166900 0.21982700
v -0.11342400 -0.12192900 0.21982400
v -0.11292000 -0.12214100 0.21982101
v -0.11239500 -0.12230400 0.21981999
v -0.11185200 -0.12241600 0.21981800
v -0.11130200 -0.12247300 0.21981800
v -0.11075200 -0.12247500 0.21981800
v -0.11020700 -0.12242500 0.21981800
v -0.10967100 -0.12232100 0.21981899
v -0.10914700 -0.12216500 0.21982101
v -0.10864000 -0.12195900 0.21982400
v -0.10815400 -0.12170300 0.21982600
v -0.10670200 -0.11869100 0.21986100
v -0.10799200 -0.11963600 0.21985000
v -0.10928200 -0.12058100 0.21983901
v -0.11057100 -0.12152700 0.21982799
v -0.10635800 -0.11645600 0.21988600
v -0.10764800 -0.11740200 0.21987499
v -0.10893700 -0.11834700 0.21986499
v -0.11022700 -0.11929200 0.21985400
v -0.11151700 -0.12023700 0.21984300
v -0.11280600 -0.12118200 0.21983200
v -0.10730300 -0.11516700 0.21990100
v -0.10859300 -0.11611200 0.21989000
v -0.11246200 -0.11894800 0.21985801
v -0.11375200 -0.11989300 0.21984699
v -0.10824900 -0.11387700 0.21991600
v -0.10953800 -0.11482200 0.21990500
v -0.11340700 -0.11765800 0.21987300
v -0.11469700 -0.11860300 0.21986200
v -0.10919400 -0.11258800 0.21992999
v -0.11048300 -0.11353300 0.21991900
v -0.11177300 -0.11447800 0.21990900
v -0.11306300 -0.11542300 0.21989800
v -0.11435200 -0.11636800 0.21988700
v -0.11564200 -0.11731400 0.21987601
v -0.11142900 -0.11224300 0.21993400
v -0.11271800 -0.11318800 0.21992300
v -0.11400800 -0.11413400 0.21991301
v -0.11529800 -0.11507900 0.21990199
v -0.10769200 -0.12139800 0.21983001
v -0.10726200 -0.12104900 0.21983400
v -0.10687100 -0.12066300 0.21983799
v -0.10652200 -0.12024100 0.21984300
v -0.10621600 -0.11978900 0.21984801
v -0.10595600 -0.11930900 0.21985400
v -0.10574300 -0.11880500 0.21985900
v -0.10558000 -0.11828000 0.21986499
v -0.10546900 -0.11773700 0.21987200
v -0.10541200 -0.11718600 0.21987800
v -0.10540900 -0.11663700 0.21988399
v -0.10546000 -0.11609200 0.21989000
v -0.10556400 -0.11555600 0.21989600
v -0.10571900 -0.11503200 0.21990199
v -0.10592500 -0.11452600 0.21990800
v -0.10618100 -0.11403900 0.21991400
v -0.10648600 -0.11357700 0.21991900
v -0.10683500 -0.11314700 0.21992400
v -0.10722200 -0.11275600 0.21992800
v -0.10764400 -0.11240700 0.21993200
v -0.10809600 -0.11210100 0.21993600
v -0.10857600 -0.11184100 0.21993899
v -0.10908000 -0.11162900 0.21994101
v -0.10960500 -0.11146600 0.21994300
v -0.11014800 -0.11135400 0.21994400
v -0.11069900 -0.11129700 0.21994500
v -0.11124800 -0.11129400 0.21994500
v -0.11179300 -0.11134500 0.21994400
v -0.11232900 -0.11144900 0.21994300
v -0.11285300 -0.11160400 0.21994101
v -0.11336000 -0.11181100 0.21993899
v -0.11384600 -0.11206700 0.21993600
v -0.11430800 -0.11237100 0.21993300
v -0.11473800 -0.11272100 0.21992899
v -0.11512900 -0.11310700 0.21992400
v -0.11547800 -0.11352900 0.21991999
v -0.11578400 -0.11398100 0.21991400
v -0.11604400 -0.11446100 0.21990900
v -0.11625700 -0.11496500 0.21990301
v -0.11642000 -0.11549000 0.21989700
v -0.11653100 -0.11603300 0.21989100
v -0.11658800 -0.11658300 0.21988501
v -0.11659100 -0.11713300 0.21987800
v -0.11654000 -0.11767800 0.21987200
v -0.11643600 -0.11821400 0.21986599
v -0.11628100 -0.11873700 0.21986000
v -0.11607500 -0.11924400 0.21985400
v -0.11581900 -0.11973100 0.21984901
v -0.11551400 -0.12019300 0.21984400
v -0.11516500 -0.12062300 0.21983901
v -0.11477800 -0.12101400 0.21983400
v -0.11435600 -0.12136300 0.21983001
v -0.11390400 -0.12166900 0.21982700
v -0.11342400 -0.12192900 0.21982400
v -0.11292000 -0.12214100 0.21982101
v -0.11239500 -0.12230400 0.21981999
v -0.11185200 -0.12241600 0.21981800
v -0.11130200 -0.12247300 0.21981800
v -0.11075200 -0.12247500 0.21981800
v -0.11020700 -0.12242500 0.21981800
v -0.10967100 -0.12232100 0.21981899
v -0.10914700 -0.12216500 0.21982101
v -0.10864000 -0.12195900 0.21982400
v -0.10815400 -0.12170300 0.21982600
v -0.11015800 -0.11497200 0.21990301
v -0.10954000 -0.11581500 0.21989299
v -0.10892200 -0.11665800 0.21988399
v -0.11184200 -0.11879800 0.21986000
v -0.11246000 -0.11795500 0.21986900
v -0.11307800 -0.11711200 0.21987900
v -0.10934400 -0.11761400 0.21987300
v -0.10976500 -0.11857000 0.21986200
v -0.11080300 -0.11868400 0.21986100
v -0.11265600 -0.11615600 0.21989000
v -0.11223500 -0.11519900 0.21990000
v -0.11119700 -0.11508600 0.21990199
v -0.10892200 -0.11665800 0.21988399
v -0.10954000 -0.11581500 0.21989299
v -0.10892200 -0.11663100 0.21750300
v -0.10892200 -0.11664400 0.21869300
v -0.11015800 -0.11494500 0.21752200
v -0.10954000 -0.11578800 0.21751200
v -0.11015800 -0.11497200 0.21990301
v -0.11015800 -0.11495900 0.21871200
v -0.10892200 -0.11665800 0.21988399
v -0.10892200 -0.11664400 0.21869300
v -0.10976500 -0.11857000 0.21986200
v -0.10934400 -0.11761400 0.21987300
v -0.10976500 -0.11854300 0.21748100
v -0.10976500 -0.11855700 0.21867099
v -0.10892200 -0.11663100 0.21750300
v -0.10934400 -0.11758700 0.21749200
v -0.10976500 -0.11857000 0.21986200
v -0.10976500 -0.11855700 0.21867099
v -0.11184200 -0.11879800 0.21986000
v -0.11080300 -0.11868400 0.21986100
v -0.11184200 -0.11877000 0.21747801
v -0.11184200 -0.11878400 0.21866900
v -0.10976500 -0.11854300 0.21748100
v -0.11080300 -0.11865700 0.21748000
v -0.11307800 -0.11711200 0.21987900
v -0.11246000 -0.11795500 0.21986900
v -0.11184200 -0.11879800 0.21986000
v -0.11184200 -0.11878400 0.21866900
v -0.11307800 -0.11708500 0.21749701
v -0.11307800 -0.11709900 0.21868800
v -0.11184200 -0.11877000 0.21747801
v -0.11246000 -0.11792800 0.21748801
v -0.11307800 -0.11711200 0.21987900
v -0.11307800 -0.11709900 0.21868800
v -0.11223500 -0.11519900 0.21990000
v -0.11265600 -0.11615600 0.21989000
v -0.11223500 -0.11517200 0.21751900
v -0.11223500 -0.11518600 0.21871001
v -0.11307800 -0.11708500 0.21749701
v -0.11265600 -0.11612900 0.21750800
v -0.11015800 -0.11494500 0.21752200
v -0.11015800 -0.11495900 0.21871200
v -0.11223500 -0.11519900 0.21990000
v -0.11223500 -0.11518600 0.21871001
v -0.11015800 -0.11497200 0.21990301
v -0.11119700 -0.11508600 0.21990199
v -0.11223500 -0.11517200 0.21751900
v -0.11119700 -0.11505900 0.21752100
v -0.11015800 -0.11494500 0.21752200
v -0.10954000 -0.11578800 0.21751200
v -0.10892200 -0.11663100 0.21750300
v -0.10934400 -0.11758700 0.21749200
v -0.10976500 -0.11854300 0.21748100
v -0.11080300 -0.11865700 0.21748000
v -0.11184200 -0.11877000 0.21747801
v -0.11246000 -0.11792800 0.21748801
v -0.11307800 -0.11708500 0.21749701
v -0.11265600 -0.11612900 0.21750800
v -0.11223500 -0.11517200 0.21751900
v -0.11119700 -0.11505900 0.21752100
v -0.12769200 -0.12138800 0.21887700
v -0.12769200 -0.12139800 0.21983001
v -0.13551401 -0.12018200 0.21889099
v -0.13430800 -0.11236100 0.21898000
v -0.13430800 -0.11237100 0.21993300
v -0.12648600 -0.11357700 0.21991900
v -0.12769200 -0.12138800 0.21887700
v -0.12769200 -0.12139800 0.21983001
v -0.12815000 -0.12168900 0.21887399
v -0.12863700 -0.12194300 0.21887100
v -0.12914599 -0.12214900 0.21886900
v -0.12967201 -0.12230500 0.21886700
v -0.13021100 -0.12240900 0.21886601
v -0.13075800 -0.12246200 0.21886501
v -0.13130599 -0.12246100 0.21886501
v -0.13185200 -0.12240500 0.21886601
v -0.13239001 -0.12229400 0.21886700
v -0.13291401 -0.12213000 0.21886900
v -0.13341901 -0.12191500 0.21887100
v -0.13390100 -0.12165300 0.21887399
v -0.13435601 -0.12134600 0.21887800
v -0.13478000 -0.12099700 0.21888199
v -0.13516700 -0.12060800 0.21888600
v -0.13581499 -0.11972400 0.21889600
v -0.13607000 -0.11923700 0.21890201
v -0.13627499 -0.11872800 0.21890800
v -0.13643099 -0.11820200 0.21891400
v -0.13653600 -0.11766300 0.21892001
v -0.13658801 -0.11711700 0.21892600
v -0.13658699 -0.11656800 0.21893200
v -0.13653100 -0.11602200 0.21893799
v -0.13642000 -0.11548400 0.21894500
v -0.13625599 -0.11496100 0.21895100
v -0.13604100 -0.11445500 0.21895599
v -0.13577899 -0.11397300 0.21896200
v -0.13547200 -0.11351800 0.21896701
v -0.13512300 -0.11309400 0.21897200
v -0.13473400 -0.11270700 0.21897601
v -0.13384999 -0.11205900 0.21898399
v -0.13336299 -0.11180500 0.21898600
v -0.13285400 -0.11159900 0.21898900
v -0.13232800 -0.11144400 0.21899100
v -0.13178900 -0.11133900 0.21899199
v -0.13124201 -0.11128600 0.21899199
v -0.13069400 -0.11128800 0.21899199
v -0.13014799 -0.11134300 0.21899199
v -0.12961000 -0.11145400 0.21899000
v -0.12908600 -0.11161900 0.21898900
v -0.12858100 -0.11183300 0.21898600
v -0.12809899 -0.11209500 0.21898299
v -0.12764400 -0.11240200 0.21898000
v -0.12722000 -0.11275200 0.21897601
v -0.12683301 -0.11314000 0.21897100
v -0.12648600 -0.11356600 0.21896601
v -0.12618500 -0.11402500 0.21896100
v -0.12593000 -0.11451100 0.21895599
v -0.12572500 -0.11502000 0.21895000
v -0.12556900 -0.11554600 0.21894400
v -0.12546401 -0.11608500 0.21893799
v -0.12541200 -0.11663200 0.21893200
v -0.12541300 -0.11718000 0.21892500
v -0.12546900 -0.11772600 0.21891899
v -0.12558000 -0.11826400 0.21891300
v -0.12574400 -0.11878800 0.21890700
v -0.12595899 -0.11929300 0.21890099
v -0.12622100 -0.11977500 0.21889600
v -0.12652799 -0.12023000 0.21889099
v -0.12687699 -0.12065400 0.21888600
v -0.12726600 -0.12104100 0.21888100
v -0.12726200 -0.12104900 0.21983400
v -0.12687100 -0.12066300 0.21983799
v -0.12652200 -0.12024100 0.21984300
v -0.12621599 -0.11978900 0.21984801
v -0.12595600 -0.11930900 0.21985400
v -0.12574300 -0.11880500 0.21985900
v -0.12558000 -0.11828000 0.21986499
v -0.12546900 -0.11773700 0.21987200
v -0.12541200 -0.11718600 0.21987800
v -0.12540901 -0.11663700 0.21988399
v -0.12546000 -0.11609200 0.21989000
v -0.12556399 -0.11555600 0.21989600
v -0.12571900 -0.11503200 0.21990199
v -0.12592500 -0.11452600 0.21990800
v -0.12618101 -0.11403900 0.21991400
v -0.12683500 -0.11314700 0.21992400
v -0.12722200 -0.11275600 0.21992800
v -0.12764400 -0.11240700 0.21993200
v -0.12809600 -0.11210100 0.21993600
v -0.12857600 -0.11184100 0.21993899
v -0.12908000 -0.11162900 0.21994101
v -0.12960500 -0.11146600 0.21994300
v -0.13014799 -0.11135400 0.21994400
v -0.13069899 -0.11129700 0.21994500
v -0.13124800 -0.11129400 0.21994500
v -0.13179301 -0.11134500 0.21994400
v -0.13232900 -0.11144900 0.21994300
v -0.13285300 -0.11160400 0.21994101
v -0.13336000 -0.11181100 0.21993899
v -0.13384600 -0.11206700 0.21993600
v -0.13473800 -0.11272100 0.21992899
v -0.13512900 -0.11310700 0.21992400
v -0.13547800 -0.11352900 0.21991999
v -0.13578400 -0.11398100 0.21991400
v -0.13604400 -0.11446100 0.21990900
v -0.13625699 -0.11496500 0.21990301
v -0.13642000 -0.11549000 0.21989700
v -0.13653100 -0.11603300 0.21989100
v -0.13658801 -0.11658300 0.21988501
v -0.13659100 -0.11713300 0.21987800
v -0.13654000 -0.11767800 0.21987200
v -0.13643600 -0.11821400 0.21986599
v -0.13628100 -0.11873700 0.21986000
v -0.13607500 -0.11924400 0.21985400
v -0.13581900 -0.11973100 0.21984901
v -0.13551401 -0.12019300 0.21984400
v -0.13516501 -0.12062300 0.21983901
v -0.13477799 -0.12101400 0.21983400
v -0.13435601 -0.12136300 0.21983001
v -0.13390400 -0.12166900 0.21982700
v -0.13342400 -0.12192900 0.21982400
v -0.13292000 -0.12214100 0.21982101
v -0.13239500 -0.12230400 0.21981999
v -0.13185200 -0.12241600 0.21981800
v -0.13130200 -0.12247300 0.21981800
v -0.13075200 -0.12247500 0.21981800
v -0.13020700 -0.12242500 0.21981800
v -0.12967101 -0.12232100 0.21981899
v -0.12914699 -0.12216500 0.21982101
v -0.12864000 -0.12195900 0.21982400
v -0.12815399 -0.12170300 0.21982600
v -0.12670200 -0.11869100 0.21986100
v -0.12799200 -0.11963600 0.21985000
v -0.12928200 -0.12058100 0.21983901
v -0.13057099 -0.12152700 0.21982799
v -0.12635800 -0.11645600 0.21988600
v -0.12764800 -0.11740200 0.21987499
v -0.12893701 -0.11834700 0.21986499
v -0.13022700 -0.11929200 0.21985400
v -0.13151699 -0.12023700 0.21984300
v -0.13280600 -0.12118200 0.21983200
v -0.12730300 -0.11516700 0.21990100
v -0.12859300 -0.11611200 0.21989000
v -0.13246199 -0.11894800 0.21985801
v -0.13375200 -0.11989300 0.21984699
v -0.12824801 -0.11387700 0.21991600
v -0.12953800 -0.11482200 0.21990500
v -0.13340700 -0.11765800 0.21987300
v -0.13469701 -0.11860300 0.21986200
v -0.12919401 -0.11258800 0.21992999
v -0.13048300 -0.11353300 0.21991900
v -0.13177299 -0.11447800 0.21990900
v -0.13306300 -0.11542300 0.21989800
v -0.13435200 -0.11636800 0.21988700
v -0.13564201 -0.11731400 0.21987601
v -0.13142900 -0.11224300 0.21993400
v -0.13271800 -0.11318800 0.21992300
v -0.13400801 -0.11413400 0.21991301
v -0.13529800 -0.11507900 0.21990199
v -0.12769200 -0.12139800 0.21983001
v -0.12726200 -0.12104900 0.21983400
v -0.12687100 -0.12066300 0.21983799
v -0.12652200 -0.12024100 0.21984300
v -0.12621599 -0.11978900 0.21984801
v -0.12595600 -0.11930900 0.21985400
v -0.12574300 -0.11880500 0.21985900
v -0.12558000 -0.11828000 0.21986499
v -0.12546900 -0.11773700 0.21987200
v -0.12541200 -0.11718600 0.21987800
v -0.12540901 -0.11663700 0.21988399
v -0.12546000 -0.11609200 0.21989000
v -0.12556399 -0.11555600 0.21989600
v -0.12571900 -0.11503200 0.21990199
v -0.12592500 -0.11452600 0.21990800
v -0.12618101 -0.11403900 0.21991400
v -0.12648600 -0.11357700 0.21991900
v -0.12683500 -0.11314700 0.21992400
v -0.12722200 -0.11275600 0.21992800
v -0.12764400 -0.11240700 0.21993200
v -0.12809600 -0.11210100 0.21993600
v -0.12857600 -0.11184100 0.21993899
v -0.12908000 -0.11162900 0.21994101
v -0.12960500 -0.11146600 0.21994300
v -0.13014799 -0.11135400 0.21994400
v -0.13069899 -0.11129700 0.21994500
v -0.13124800 -0.11129400 0.21994500
v -0.13179301 -0.11134500 0.21994400
v -0.13232900 -0.11144900 0.21994300
v -0.13285300 -0.11160400 0.21994101
v -0.13336000 -0.11181100 0.21993899
v -0.13384600 -0.11206700 0.21993600
v -0.13430800 -0.11237100 0.21993300
v -0.13473800 -0.11272100 0.21992899
v -0.13512900 -0.11310700 0.21992400
v -0.13547800 -0.11352900 0.21991999
v -0.13578400 -0.11398100 0.21991400
v -0.13604400 -0.11446100 0.21990900
v -0.13625699 -0.11496500 0.21990301
v -0.13642000 -0.11549000 0.21989700
v -0.13653100 -0.11603300 0.21989100
v -0.13658801 -0.11658300 0.21988501
v -0.13659100 -0.11713300 0.21987800
v -0.13654000 -0.11767800 0.21987200
v -0.13643600 -0.11821400 0.21986599
v -0.13628100 -0.11873700 0.21986000
v -0.13607500 -0.11924400 0.21985400
v -0.13581900 -0.11973100 0.21984901
v -0.13551401 -0.12019300 0.21984400
v -0.13516501 -0.12062300 0.21983901
v -0.13477799 -0.12101400 0.21983400
v -0.13435601 -0.12136300 0.21983001
v -0.13390400 -0.12166900 0.21982700
v -0.13342400 -0.12192900 0.21982400
v -0.13292000 -0.12214100 0.21982101
v -0.13239500 -0.12230400 0.21981999
v -0.13185200 -0.12241600 0.21981800
v -0.13130200 -0.12247300 0.21981800
v -0.13075200 -0.12247500 0.21981800
v -0.13020700 -0.12242500 0.21981800
v -0.12967101 -0.12232100 0.21981899
v -0.12914699 -0.12216500 0.21982101
v -0.12864000 -0.12195900 0.21982400
v -0.12815399 -0.12170300 0.21982600
v -0.13015801 -0.11497200 0.21990301
v -0.12954000 -0.11581500 0.21989299
v -0.12892200 -0.11665800 0.21988399
v -0.13184200 -0.11879800 0.21986000
v -0.13246000 -0.11795500 0.21986900
v -0.13307799 -0.11711200 0.21987900
v -0.12934400 -0.11761400 0.21987300
v -0.12976500 -0.11857000 0.21986200
v -0.13080300 -0.11868400 0.21986100
v -0.13265599 -0.11615600 0.21989000
v -0.13223501 -0.11519900 0.21990000
v -0.13119701 -0.11508600 0.21990199
v -0.12892200 -0.11665800 0.21988399
v -0.12954000 -0.11581500 0.21989299
v -0.12892200 -0.11663100 0.21750300
v -0.12892200 -0.11664400 0.21869300
v -0.13015801 -0.11494500 0.21752200
v -0.12954000 -0.11578800 0.21751200
v -0.13015801 -0.11497200 0.21990301
v -0.13015801 -0.11495900 0.21871200
v -0.12892200 -0.11665800 0.21988399
v -0.12892200 -0.11664400 0.21869300
v -0.12976500 -0.11857000 0.21986200
v -0.12934400 -0.11761400 0.21987300
v -0.12976500 -0.11854300 0.21748100
v -0.12976500 -0.11855700 0.21867099
v -0.12892200 -0.11663100 0.21750300
v -0.12934400 -0.11758700 0.21749200
v -0.12976500 -0.11857000 0.21986200
v -0.12976500 -0.11855700 0.21867099
v -0.13184200 -0.11879800 0.21986000
v -0.13080300 -0.11868400 0.21986100
v -0.13184200 -0.11877000 0.21747801
v -0.13184200 -0.11878400 0.21866900
v -0.12976500 -0.11854300 0.21748100
v -0.13080300 -0.11865700 0.21748000
v -0.13307799 -0.11711200 0.21987900
v -0.13246000 -0.11795500 0.21986900
v -0.13184200 -0.11879800 0.21986000
v -0.13184200 -0.11878400 0.21866900
v -0.13307799 -0.11708500 0.21749701
v -0.13307799 -0.11709900 0.21868800
v -0.13184200 -0.11877000 0.21747801
v -0.13246000 -0.11792800 0.21748801
v -0.13307799 -0.11711200 0.21987900
v -0.13307799 -0.11709900 0.21868800
v -0.13223501 -0.11519900 0.21990000
v -0.13265599 -0.11615600 0.21989000
v -0.13223501 -0.11517200 0.21751900
v -0.13223501 -0.11518600 0.21871001
v -0.13307799 -0.11708500 0.21749701
v -0.13265599 -0.11612900 0.21750800
v -0.13015801 -0.11494500 0.21752200
v -0.13015801 -0.11495900 0.21871200
v -0.13223501 -0.11519900 0.21990000
v -0.13223501 -0.11518600 0.21871001
v -0.13015801 -0.11497200 0.21990301
v -0.13119701 -0.11508600 0.21990199
v -0.13223501 -0.11517200 0.21751900
v -0.13119701 -0.11505900 0.21752100
v -0.13015801 -0.11494500 0.21752200
v -0.12954000 -0.11578800 0.21751200
v -0.12892200 -0.11663100 0.21750300
v -0.12934400 -0.11758700 0.21749200
v -0.12976500 -0.11854300 0.21748100
v -0.13080300 -0.11865700 0.21748000
v -0.13184200 -0.11877000 0.21747801
v -0.13246000 -0.11792800 0.21748801
v -0.13307799 -0.11708500 0.21749701
v -0.13265599 -0.11612900 0.21750800
v -0.13223501 -0.11517200 0.21751900
v -0.13119701 -0.11505900 0.21752100
v 0.13430800 0.11235100 0.21887501
v 0.13430800 0.11234000 0.21982700
v 0.12769200 0.12137800 0.21897800
v 0.12769200 0.12136700 0.21992999
v 0.13551401 0.12016200 0.21991600
v 0.13430800 0.11235100 0.21887501
v 0.13430800 0.11234000 0.21982700
v 0.13384999 0.11204900 0.21887100
v 0.13336299 0.11179500 0.21886900
v 0.13285400 0.11159000 0.21886601
v 0.13232800 0.11143400 0.21886399
v 0.13178900 0.11132900 0.21886300
v 0.13124201 0.11127700 0.21886300
v 0.13069400 0.11127800 0.21886300
v 0.13014799 0.11133400 0.21886300
v 0.12961000 0.11144500 0.21886501
v 0.12908600 0.11160900 0.21886601
v 0.12858100 0.11182300 0.21886900
v 0.12809899 0.11208500 0.21887200
v 0.12764400 0.11239300 0.21887501
v 0.12722000 0.11274200 0.21887900
v 0.12683301 0.11313100 0.21888401
v 0.12648600 0.11355600 0.21888900
v 0.12618500 0.11401500 0.21889400
v 0.12593000 0.11450100 0.21889900
v 0.12572500 0.11501000 0.21890500
v 0.12556900 0.11553700 0.21891101
v 0.12546401 0.11607600 0.21891700
v 0.12541200 0.11662200 0.21892400
v 0.12541300 0.11717100 0.21893001
v 0.12546900 0.11771700 0.21893600
v 0.12558000 0.11825400 0.21894200
v 0.12574400 0.11877800 0.21894801
v 0.12595899 0.11928300 0.21895400
v 0.12622100 0.11976500 0.21895900
v 0.12652799 0.12022100 0.21896400
v 0.12687699 0.12064400 0.21896900
v 0.12726600 0.12103100 0.21897399
v 0.12815000 0.12167900 0.21898100
v 0.12863700 0.12193400 0.21898399
v 0.12914599 0.12213900 0.21898600
v 0.12967201 0.12229500 0.21898800
v 0.13021100 0.12240000 0.21898900
v 0.13075800 0.12245200 0.21899000
v 0.13130599 0.12245100 0.21899000
v 0.13185200 0.12239500 0.21898900
v 0.13239001 0.12228400 0.21898800
v 0.13291401 0.12212000 0.21898600
v 0.13341901 0.12190500 0.21898399
v 0.13390100 0.12164300 0.21898100
v 0.13435601 0.12133600 0.21897700
v 0.13478000 0.12098700 0.21897300
v 0.13516700 0.12059800 0.21896900
v 0.13551401 0.12017300 0.21896400
v 0.13581499 0.11971400 0.21895900
v 0.13607000 0.11922800 0.21895300
v 0.13627499 0.11871900 0.21894699
v 0.13643099 0.11819200 0.21894100
v 0.13653600 0.11765300 0.21893500
v 0.13658801 0.11710700 0.21892899
v 0.13658699 0.11655800 0.21892300
v 0.13653100 0.11601200 0.21891700
v 0.13642000 0.11547500 0.21890999
v 0.13625599 0.11495100 0.21890400
v 0.13604100 0.11444600 0.21889900
v 0.13577899 0.11396300 0.21889301
v 0.13547200 0.11350800 0.21888800
v 0.13512300 0.11308500 0.21888299
v 0.13473400 0.11269700 0.21887900
v 0.13473800 0.11268900 0.21983100
v 0.13512900 0.11307600 0.21983600
v 0.13547800 0.11349700 0.21984100
v 0.13578400 0.11395000 0.21984600
v 0.13604400 0.11443000 0.21985100
v 0.13625699 0.11493400 0.21985701
v 0.13642000 0.11545900 0.21986300
v 0.13653100 0.11600100 0.21986900
v 0.13658801 0.11655200 0.21987499
v 0.13659100 0.11710200 0.21988200
v 0.13654000 0.11764700 0.21988800
v 0.13643600 0.11818300 0.21989401
v 0.13628100 0.11870600 0.21990000
v 0.13607500 0.11921300 0.21990600
v 0.13581900 0.11969900 0.21991099
v 0.13516501 0.12059200 0.21992099
v 0.13477799 0.12098200 0.21992600
v 0.13435601 0.12133100 0.21992999
v 0.13390400 0.12163700 0.21993300
v 0.13342400 0.12189700 0.21993600
v 0.13292000 0.12211000 0.21993899
v 0.13239500 0.12227300 0.21994001
v 0.13185200 0.12238400 0.21994200
v 0.13130200 0.12244100 0.21994200
v 0.13075200 0.12244400 0.21994200
v 0.13020700 0.12239300 0.21994200
v 0.12967101 0.12228900 0.21994101
v 0.12914699 0.12213400 0.21993899
v 0.12864000 0.12192800 0.21993700
v 0.12815399 0.12167200 0.21993400
v 0.12726200 0.12101800 0.21992600
v 0.12687100 0.12063100 0.21992201
v 0.12652200 0.12021000 0.21991700
v 0.12621599 0.11975700 0.21991199
v 0.12595600 0.11927700 0.21990600
v 0.12574300 0.11877300 0.21990100
v 0.12558000 0.11824800 0.21989501
v 0.12546900 0.11770600 0.21988800
v 0.12541200 0.11715500 0.21988200
v 0.12540901 0.11660500 0.21987601
v 0.12546000 0.11606000 0.21987000
v 0.12556399 0.11552400 0.21986400
v 0.12571900 0.11500100 0.21985801
v 0.12592500 0.11449400 0.21985200
v 0.12618101 0.11400800 0.21984600
v 0.12648600 0.11354500 0.21984100
v 0.12683500 0.11311500 0.21983600
v 0.12722200 0.11272500 0.21983200
v 0.12764400 0.11237600 0.21982799
v 0.12809600 0.11207000 0.21982400
v 0.12857600 0.11181000 0.21982101
v 0.12908000 0.11159700 0.21981899
v 0.12960500 0.11143400 0.21981700
v 0.13014799 0.11132300 0.21981600
v 0.13069899 0.11126600 0.21981500
v 0.13124800 0.11126300 0.21981500
v 0.13179301 0.11131400 0.21981600
v 0.13232900 0.11141800 0.21981700
v 0.13285300 0.11157300 0.21981899
v 0.13336000 0.11177900 0.21982101
v 0.13384600 0.11203500 0.21982400
v 0.13529800 0.11504700 0.21985801
v 0.13400801 0.11410200 0.21984699
v 0.13271800 0.11315700 0.21983700
v 0.13142900 0.11221200 0.21982600
v 0.13564201 0.11728200 0.21988399
v 0.13435200 0.11633700 0.21987300
v 0.13306300 0.11539200 0.21986200
v 0.13177299 0.11444700 0.21985100
v 0.13048300 0.11350100 0.21984100
v 0.12919401 0.11255600 0.21983001
v 0.13469701 0.11857200 0.21989800
v 0.13340700 0.11762700 0.21988800
v 0.12953800 0.11479100 0.21985500
v 0.12824801 0.11384600 0.21984500
v 0.13375200 0.11986100 0.21991301
v 0.13246199 0.11891600 0.21990199
v 0.12859300 0.11608100 0.21987000
v 0.12730300 0.11513500 0.21985900
v 0.13280600 0.12115100 0.21992800
v 0.13151699 0.12020600 0.21991700
v 0.13022700 0.11926000 0.21990600
v 0.12893701 0.11831500 0.21989501
v 0.12764800 0.11737000 0.21988501
v 0.12635800 0.11642500 0.21987399
v 0.13057099 0.12149500 0.21993200
v 0.12928200 0.12055000 0.21992099
v 0.12799200 0.11960500 0.21991000
v 0.12670200 0.11866000 0.21989900
v 0.13430800 0.11234000 0.21982700
v 0.13473800 0.11268900 0.21983100
v 0.13512900 0.11307600 0.21983600
v 0.13547800 0.11349700 0.21984100
v 0.13578400 0.11395000 0.21984600
v 0.13604400 0.11443000 0.21985100
v 0.13625699 0.11493400 0.21985701
v 0.13642000 0.11545900 0.21986300
v 0.13653100 0.11600100 0.21986900
v 0.13658801 0.11655200 0.21987499
v 0.13659100 0.11710200 0.21988200
v 0.13654000 0.11764700 0.21988800
v 0.13643600 0.11818300 0.21989401
v 0.13628100 0.11870600 0.21990000
v 0.13607500 0.11921300 0.21990600
v 0.13581900 0.11969900 0.21991099
v 0.13551401 0.12016200 0.21991600
v 0.13516501 0.12059200 0.21992099
v 0.13477799 0.12098200 0.21992600
v 0.13435601 0.12133100 0.21992999
v 0.13390400 0.12163700 0.21993300
v 0.13342400 0.12189700 0.21993600
v 0.13292000 0.12211000 0.21993899
v 0.13239500 0.12227300 0.21994001
v 0.13185200 0.12238400 0.21994200
v 0.13130200 0.12244100 0.21994200
v 0.13075200 0.12244400 0.21994200
v 0.13020700 0.12239300 0.21994200
v 0.12967101 0.12228900 0.21994101
v 0.12914699 0.12213400 0.21993899
v 0.12864000 0.12192800 0.21993700
v 0.12815399 0.12167200 0.21993400
v 0.12769200 0.12136700 0.21992999
v 0.12726200 0.12101800 0.21992600
v 0.12687100 0.12063100 0.21992201
v 0.12652200 0.12021000 0.21991700
v 0.12621599 0.11975700 0.21991199
v 0.12595600 0.11927700 0.21990600
v 0.12574300 0.11877300 0.21990100
v 0.12558000 0.11824800 0.21989501
v 0.12546900 0.11770600 0.21988800
v 0.12541200 0.11715500 0.21988200
v 0.12540901 0.11660500 0.21987601
v 0.12546000 0.11606000 0.21987000
v 0.12556399 0.11552400 0.21986400
v 0.12571900 0.11500100 0.21985801
v 0.12592500 0.11449400 0.21985200
v 0.12618101 0.11400800 0.21984600
v 0.12648600 0.11354500 0.21984100
v 0.12683500 0.11311500 0.21983600
v 0.12722200 0.11272500 0.21983200
v 0.12764400 0.11237600 0.21982799
v 0.12809600 0.11207000 0.21982400
v 0.12857600 0.11181000 0.21982101
v 0.12908000 0.11159700 0.21981899
v 0.12960500 0.11143400 0.21981700
v 0.13014799 0.11132300 0.21981600
v 0.13069899 0.11126600 0.21981500
v 0.13124800 0.11126300 0.21981500
v 0.13179301 0.11131400 0.21981600
v 0.13232900 0.11141800 0.21981700
v 0.13285300 0.11157300 0.21981899
v 0.13336000 0.11177900 0.21982101
v 0.13384600 0.11203500 0.21982400
v 0.13184200 0.11876600 0.21990100
v 0.13246000 0.11792300 0.21989100
v 0.13307799 0.11708100 0.21988100
v 0.13015801 0.11494100 0.21985701
v 0.12954000 0.11578400 0.21986701
v 0.12892200 0.11662600 0.21987601
v 0.13265599 0.11612400 0.21987000
v 0.13223501 0.11516800 0.21986000
v 0.13119701 0.11505400 0.21985801
v 0.12934400 0.11758300 0.21988700
v 0.12976500 0.11853900 0.21989800
v 0.13080300 0.11865300 0.21989900
v 0.13307799 0.11708100 0.21988100
v 0.13246000 0.11792300 0.21989100
v 0.13307799 0.11710800 0.21750000
v 0.13307799 0.11709400 0.21869101
v 0.13184200 0.11879300 0.21751900
v 0.13246000 0.11795000 0.21751000
v 0.13184200 0.11876600 0.21990100
v 0.13184200 0.11878000 0.21871001
v 0.13307799 0.11708100 0.21988100
v 0.13307799 0.11709400 0.21869101
v 0.13223501 0.11516800 0.21986000
v 0.13265599 0.11612400 0.21987000
v 0.13223501 0.11519500 0.21747801
v 0.13223501 0.11518200 0.21866900
v 0.13307799 0.11710800 0.21750000
v 0.13265599 0.11615100 0.21748900
v 0.13223501 0.11516800 0.21986000
v 0.13223501 0.11518200 0.21866900
v 0.13015801 0.11494100 0.21985701
v 0.13119701 0.11505400 0.21985801
v 0.13015801 0.11496800 0.21747600
v 0.13015801 0.11495400 0.21866600
v 0.13223501 0.11519500 0.21747801
v 0.13119701 0.11508200 0.21747699
v 0.12892200 0.11662600 0.21987601
v 0.12954000 0.11578400 0.21986701
v 0.13015801 0.11494100 0.21985701
v 0.13015801 0.11495400 0.21866600
v 0.12892200 0.11665300 0.21749499
v 0.12892200 0.11664000 0.21868600
v 0.13015801 0.11496800 0.21747600
v 0.12954000 0.11581100 0.21748500
v 0.12892200 0.11662600 0.21987601
v 0.12892200 0.11664000 0.21868600
v 0.12976500 0.11853900 0.21989800
v 0.12934400 0.11758300 0.21988700
v 0.12976500 0.11856600 0.21751700
v 0.12976500 0.11855300 0.21870700
v 0.12892200 0.11665300 0.21749499
v 0.12934400 0.11761000 0.21750601
v 0.13184200 0.11879300 0.21751900
v 0.13184200 0.11878000 0.21871001
v 0.12976500 0.11853900 0.21989800
v 0.12976500 0.11855300 0.21870700
v 0.13184200 0.11876600 0.21990100
v 0.13080300 0.11865300 0.21989900
v 0.12976500 0.11856600 0.21751700
v 0.13080300 0.11868000 0.21751800
v 0.13184200 0.11879300 0.21751900
v 0.13246000 0.11795000 0.21751000
v 0.13307799 0.11710800 0.21750000
v 0.13265599 0.11615100 0.21748900
v 0.13223501 0.11519500 0.21747801
v 0.13119701 0.11508200 0.21747699
v 0.13015801 0.11496800 0.21747600
v 0.12954000 0.11581100 0.21748500
v 0.12892200 0.11665300 0.21749499
v 0.12934400 0.11761000 0.21750601
v 0.12976500 0.11856600 0.21751700
v 0.13080300 0.11868000 0.21751800
v 0.11430800 0.11235100 0.21887501
v 0.11430800 0.11234500 0.21935099
v 0.11430800 0.11234000 0.21982700
v 0.11430800 0.11235100 0.21887501
v 0.11430800 0.11234500 0.21935099
v 0.11430800 0.11234000 0.21982700
v 0.11408300 0.11219400 0.21887299
v 0.11385000 0.11204900 0.21887100
v 0.11361000 0.11191600 0.21887000
v 0.11336300 0.11179500 0.21886900
v 0.11311100 0.11168600 0.21886700
v 0.11285400 0.11159000 0.21886601
v 0.11259300 0.11150500 0.21886501
v 0.11232800 0.11143400 0.21886399
v 0.11206000 0.11137500 0.21886399
v 0.11178900 0.11132900 0.21886300
v 0.11151600 0.11129600 0.21886300
v 0.11124200 0.11127700 0.21886300
v 0.11096800 0.11127000 0.21886300
v 0.11069400 0.11127800 0.21886300
v 0.11042000 0.11129900 0.21886300
v 0.11014800 0.11133400 0.21886300
v 0.10987700 0.11138200 0.21886399
v 0.10961000 0.11144500 0.21886501
v 0.10934600 0.11152000 0.21886501
v 0.10908600 0.11160900 0.21886601
v 0.10883100 0.11171000 0.21886800
v 0.10858100 0.11182300 0.21886900
v 0.10833700 0.11194900 0.21887000
v 0.10809900 0.11208500 0.21887200
v 0.10786700 0.11223400 0.21887399
v 0.10764400 0.11239300 0.21887501
v 0.10742800 0.11256200 0.21887700
v 0.10722000 0.11274200 0.21887900
v 0.10702200 0.11293100 0.21888199
v 0.10683300 0.11313100 0.21888401
v 0.10665400 0.11333900 0.21888600
v 0.10648600 0.11355600 0.21888900
v 0.10633000 0.11378200 0.21889099
v 0.10618500 0.11401500 0.21889400
v 0.10605200 0.11425500 0.21889700
v 0.10593000 0.11450100 0.21889900
v 0.10582200 0.11475300 0.21890201
v 0.10572500 0.11501000 0.21890500
v 0.10564100 0.11527100 0.21890800
v 0.10556900 0.11553700 0.21891101
v 0.10551000 0.11580500 0.21891400
v 0.10546400 0.11607600 0.21891700
v 0.10543200 0.11634800 0.21892001
v 0.10541200 0.11662200 0.21892400
v 0.10540600 0.11689600 0.21892700
v 0.10541300 0.11717100 0.21893001
v 0.10543400 0.11744400 0.21893300
v 0.10546900 0.11771700 0.21893600
v 0.10551800 0.11798700 0.21893901
v 0.10558000 0.11825400 0.21894200
v 0.10565600 0.11851800 0.21894500
v 0.10574400 0.11877800 0.21894801
v 0.10584500 0.11903300 0.21895100
v 0.10595900 0.11928300 0.21895400
v 0.10608400 0.11952700 0.21895701
v 0.10622100 0.11976500 0.21895900
v 0.10636900 0.11999700 0.21896200
v 0.10652800 0.12022100 0.21896400
v 0.10669700 0.12043700 0.21896701
v 0.10687700 0.12064400 0.21896900
v 0.10706700 0.12084200 0.21897200
v 0.10726600 0.12103100 0.21897399
v 0.10747400 0.12121000 0.21897601
v 0.10769200 0.12137800 0.21897800
v 0.10791700 0.12153400 0.21897900
v 0.10815000 0.12167900 0.21898100
v 0.10839000 0.12181200 0.21898299
v 0.10863700 0.12193400 0.21898399
v 0.10888900 0.12204200 0.21898501
v 0.10914600 0.12213900 0.21898600
v 0.10940700 0.12222300 0.21898700
v 0.10967200 0.12229500 0.21898800
v 0.10994000 0.12235400 0.21898900
v 0.11021100 0.12240000 0.21898900
v 0.11048400 0.12243200 0.21899000
v 0.11075800 0.12245200 0.21899000
v 0.11103200 0.12245800 0.21899000
v 0.11130600 0.12245100 0.21899000
v 0.11158000 0.12243000 0.21899000
v 0.11185200 0.12239500 0.21898900
v 0.11212300 0.12234600 0.21898900
v 0.11239000 0.12228400 0.21898800
v 0.11265400 0.12220800 0.21898700
v 0.11291400 0.12212000 0.21898600
v 0.11316900 0.12201900 0.21898501
v 0.11341900 0.12190500 0.21898399
v 0.11366300 0.12178000 0.21898200
v 0.11390100 0.12164300 0.21898100
v 0.11413300 0.12149500 0.21897900
v 0.11435600 0.12133600 0.21897700
v 0.11457200 0.12116700 0.21897499
v 0.11478000 0.12098700 0.21897300
v 0.11497800 0.12079700 0.21897100
v 0.11516700 0.12059800 0.21896900
v 0.11534600 0.12039000 0.21896601
v 0.11551400 0.12017300 0.21896400
v 0.11567000 0.11994700 0.21896100
v 0.11581500 0.11971400 0.21895900
v 0.11594800 0.11947400 0.21895599
v 0.11607000 0.11922800 0.21895300
v 0.11617800 0.11897600 0.21895000
v 0.11627500 0.11871900 0.21894699
v 0.11635900 0.11845700 0.21894400
v 0.11643100 0.11819200 0.21894100
v 0.11649000 0.11792400 0.21893799
v 0.11653600 0.11765300 0.21893500
v 0.11656800 0.11738100 0.21893200
v 0.11658800 0.11710700 0.21892899
v 0.11659400 0.11683200 0.21892600
v 0.11658700 0.11655800 0.21892300
v 0.11656600 0.11628400 0.21892001
v 0.11653100 0.11601200 0.21891700
v 0.11648200 0.11574200 0.21891300
v 0.11642000 0.11547500 0.21890999
v 0.11634400 0.11521100 0.21890700
v 0.11625600 0.11495100 0.21890400
v 0.11615500 0.11469600 0.21890201
v 0.11604100 0.11444600 0.21889900
v 0.11591600 0.11420100 0.21889600
v 0.11577900 0.11396300 0.21889301
v 0.11563100 0.11373200 0.21889099
v 0.11547200 0.11350800 0.21888800
v 0.11530300 0.11329200 0.21888600
v 0.11512300 0.11308500 0.21888299
v 0.11493300 0.11288600 0.21888100
v 0.11473400 0.11269700 0.21887900
v 0.11452600 0.11251900 0.21887700
v 0.11452800 0.11251000 0.21982899
v 0.11473800 0.11268900 0.21983100
v 0.11493900 0.11287800 0.21983400
v 0.11512900 0.11307600 0.21983600
v 0.11530900 0.11328300 0.21983799
v 0.11547800 0.11349700 0.21984100
v 0.11563700 0.11372000 0.21984300
v 0.11578400 0.11395000 0.21984600
v 0.11592000 0.11418600 0.21984801
v 0.11604400 0.11443000 0.21985100
v 0.11615700 0.11467900 0.21985400
v 0.11625700 0.11493400 0.21985701
v 0.11634500 0.11519400 0.21986000
v 0.11642000 0.11545900 0.21986300
v 0.11648200 0.11572800 0.21986599
v 0.11653100 0.11600100 0.21986900
v 0.11656700 0.11627700 0.21987200
v 0.11658800 0.11655200 0.21987499
v 0.11659600 0.11682700 0.21987800
v 0.11659100 0.11710200 0.21988200
v 0.11657200 0.11737500 0.21988501
v 0.11654000 0.11764700 0.21988800
v 0.11649500 0.11791600 0.21989100
v 0.11643600 0.11818300 0.21989401
v 0.11636500 0.11844600 0.21989700
v 0.11628100 0.11870600 0.21990000
v 0.11618400 0.11896200 0.21990301
v 0.11607500 0.11921300 0.21990600
v 0.11595300 0.11945900 0.21990800
v 0.11581900 0.11969900 0.21991099
v 0.11567200 0.11993400 0.21991400
v 0.11551400 0.12016200 0.21991600
v 0.11534400 0.12038100 0.21991900
v 0.11516500 0.12059200 0.21992099
v 0.11497600 0.12079200 0.21992400
v 0.11477800 0.12098200 0.21992600
v 0.11457100 0.12116200 0.21992800
v 0.11435600 0.12133100 0.21992999
v 0.11413400 0.12149000 0.21993200
v 0.11390400 0.12163700 0.21993300
v 0.11366700 0.12177300 0.21993500
v 0.11342400 0.12189700 0.21993600
v 0.11317500 0.12201000 0.21993700
v 0.11292000 0.12211000 0.21993899
v 0.11266000 0.12219800 0.21994001
v 0.11239500 0.12227300 0.21994001
v 0.11212600 0.12233500 0.21994101
v 0.11185200 0.12238400 0.21994200
v 0.11157700 0.12242000 0.21994200
v 0.11130200 0.12244100 0.21994200
v 0.11102600 0.12245000 0.21994200
v 0.11075200 0.12244400 0.21994200
v 0.11047800 0.12242500 0.21994200
v 0.11020700 0.12239300 0.21994200
v 0.10993800 0.12234800 0.21994101
v 0.10967100 0.12228900 0.21994101
v 0.10940700 0.12221800 0.21994001
v 0.10914700 0.12213400 0.21993899
v 0.10889200 0.12203700 0.21993800
v 0.10864000 0.12192800 0.21993700
v 0.10839400 0.12180600 0.21993500
v 0.10815400 0.12167200 0.21993400
v 0.10792000 0.12152500 0.21993200
v 0.10769200 0.12136700 0.21992999
v 0.10747200 0.12119700 0.21992800
v 0.10726200 0.12101800 0.21992600
v 0.10706100 0.12082900 0.21992400
v 0.10687100 0.12063100 0.21992201
v 0.10669100 0.12042500 0.21991900
v 0.10652200 0.12021000 0.21991700
v 0.10636300 0.11998700 0.21991400
v 0.10621600 0.11975700 0.21991199
v 0.10608000 0.11952100 0.21990900
v 0.10595600 0.11927700 0.21990600
v 0.10584300 0.11902800 0.21990401
v 0.10574300 0.11877300 0.21990100
v 0.10565500 0.11851300 0.21989800
v 0.10558000 0.11824800 0.21989501
v 0.10551800 0.11797900 0.21989200
v 0.10546900 0.11770600 0.21988800
v 0.10543300 0.11743100 0.21988501
v 0.10541200 0.11715500 0.21988200
v 0.10540400 0.11688000 0.21987900
v 0.10540900 0.11660500 0.21987601
v 0.10542800 0.11633200 0.21987300
v 0.10546000 0.11606000 0.21987000
v 0.10550500 0.11579100 0.21986701
v 0.10556400 0.11552400 0.21986400
v 0.10563500 0.11526100 0.21986100
v 0.10571900 0.11500100 0.21985801
v 0.10581600 0.11474500 0.21985500
v 0.10592500 0.11449400 0.21985200
v 0.10604700 0.11424800 0.21984901
v 0.10618100 0.11400800 0.21984600
v 0.10632800 0.11377300 0.21984400
v 0.10648600 0.11354500 0.21984100
v 0.10665600 0.11332600 0.21983901
v 0.10683500 0.11311500 0.21983600
v 0.10702400 0.11291500 0.21983400
v 0.10722200 0.11272500 0.21983200
v 0.10742900 0.11254500 0.21983001
v 0.10764400 0.11237600 0.21982799
v 0.10786600 0.11221700 0.21982600
v 0.10809600 0.11207000 0.21982400
v 0.10833300 0.11193400 0.21982300
v 0.10857600 0.11181000 0.21982101
v 0.10882500 0.11169700 0.21981999
v 0.10908000 0.11159700 0.21981899
v 0.10934000 0.11150900 0.21981800
v 0.10960500 0.11143400 0.21981700
v 0.10987400 0.11137200 0.21981600
v 0.11014800 0.11132300 0.21981600
v 0.11042300 0.11128700 0.21981500
v 0.11069900 0.11126600 0.21981500
v 0.11097400 0.11125800 0.21981500
v 0.11124800 0.11126300 0.21981500
v 0.11152200 0.11128200 0.21981500
v 0.11179300 0.11131400 0.21981600
v 0.11206300 0.11135900 0.21981600
v 0.11232900 0.11141800 0.21981700
v 0.11259300 0.11148900 0.21981800
v 0.11285300 0.11157300 0.21981899
v 0.11310800 0.11167000 0.21981999
v 0.11336000 0.11177900 0.21982101
v 0.11360600 0.11190100 0.21982200
v 0.11384600 0.11203500 0.21982400
v 0.11408000 0.11218200 0.21982600
v 0.11331500 0.11176400 0.21934500
v 0.11279700 0.11155900 0.21934199
v 0.11226100 0.11140700 0.21934000
v 0.11171500 0.11130900 0.21933900
v 0.11117400 0.11126600 0.21933900
v 0.11063200 0.11127500 0.21933900
v 0.11009300 0.11133700 0.21934000
v 0.10956300 0.11145100 0.21934099
v 0.10904600 0.11161500 0.21934301
v 0.10854800 0.11182900 0.21934500
v 0.10807200 0.11209000 0.21934800
v 0.10762400 0.11239500 0.21935201
v 0.10720800 0.11274300 0.21935600
v 0.10680600 0.11315400 0.21935999
v 0.10648600 0.11355100 0.21936500
v 0.10616100 0.11404800 0.21937101
v 0.10590500 0.11454400 0.21937600
v 0.10570000 0.11506200 0.21938200
v 0.10554700 0.11559800 0.21938799
v 0.10544900 0.11614400 0.21939400
v 0.10540600 0.11668500 0.21940100
v 0.10541600 0.11722700 0.21940701
v 0.10547800 0.11776600 0.21941300
v 0.10559100 0.11829600 0.21941900
v 0.10575600 0.11881300 0.21942499
v 0.10597000 0.11931100 0.21943000
v 0.10623100 0.11978600 0.21943600
v 0.10653600 0.12023400 0.21944100
v 0.10688400 0.12065000 0.21944600
v 0.10729500 0.12105300 0.21945000
v 0.10769200 0.12137200 0.21945401
v 0.10818900 0.12169800 0.21945800
v 0.10868500 0.12195400 0.21946099
v 0.10920300 0.12215900 0.21946301
v 0.10973900 0.12231100 0.21946500
v 0.11028500 0.12240900 0.21946600
v 0.11082600 0.12245200 0.21946600
v 0.11136800 0.12244300 0.21946600
v 0.11190700 0.12238100 0.21946500
v 0.11243700 0.12226700 0.21946400
v 0.11295400 0.12210300 0.21946201
v 0.11345200 0.12188900 0.21946000
v 0.11392800 0.12162800 0.21945700
v 0.11437600 0.12132200 0.21945301
v 0.11479200 0.12097500 0.21944900
v 0.11519400 0.12056400 0.21944501
v 0.11551400 0.12016700 0.21944000
v 0.11583900 0.11967000 0.21943399
v 0.11609500 0.11917400 0.21942900
v 0.11630000 0.11865600 0.21942300
v 0.11645300 0.11812000 0.21941701
v 0.11655100 0.11757400 0.21941100
v 0.11659400 0.11703300 0.21940500
v 0.11658400 0.11649100 0.21939801
v 0.11652200 0.11595200 0.21939200
v 0.11640900 0.11542200 0.21938600
v 0.11624400 0.11490500 0.21938001
v 0.11603000 0.11440700 0.21937500
v 0.11576900 0.11393100 0.21936899
v 0.11546400 0.11348400 0.21936400
v 0.11511600 0.11306700 0.21935900
v 0.11470500 0.11266500 0.21935500
v 0.11529800 0.11504700 0.21985801
v 0.11400800 0.11410200 0.21984699
v 0.11271800 0.11315700 0.21983700
v 0.11142900 0.11221200 0.21982600
v 0.11564200 0.11728200 0.21988399
v 0.11435200 0.11633700 0.21987300
v 0.11306300 0.11539200 0.21986200
v 0.11177300 0.11444700 0.21985100
v 0.11048300 0.11350100 0.21984100
v 0.10919400 0.11255600 0.21983001
v 0.11469700 0.11857200 0.21989800
v 0.11340700 0.11762700 0.21988800
v 0.10953800 0.11479100 0.21985500
v 0.10824900 0.11384600 0.21984500
v 0.11375200 0.11986100 0.21991301
v 0.11246200 0.11891600 0.21990199
v 0.10859300 0.11608100 0.21987000
v 0.10730300 0.11513500 0.21985900
v 0.11280600 0.12115100 0.21992800
v 0.11151700 0.12020600 0.21991700
v 0.11022700 0.11926000 0.21990600
v 0.10893700 0.11831500 0.21989501
v 0.10764800 0.11737000 0.21988501
v 0.10635800 0.11642500 0.21987399
v 0.11057100 0.12149500 0.21993200
v 0.10928200 0.12055000 0.21992099
v 0.10799200 0.11960500 0.21991000
v 0.10670200 0.11866000 0.21989900
v 0.11430800 0.11234000 0.21982700
v 0.11452800 0.11251000 0.21982899
v 0.11473800 0.11268900 0.21983100
v 0.11493900 0.11287800 0.21983400
v 0.11512900 0.11307600 0.21983600
v 0.11530900 0.11328300 0.21983799
v 0.11547800 0.11349700 0.21984100
v 0.11563700 0.11372000 0.21984300
v 0.11578400 0.11395000 0.21984600
v 0.11592000 0.11418600 0.21984801
v 0.11604400 0.11443000 0.21985100
v 0.11615700 0.11467900 0.21985400
v 0.11625700 0.11493400 0.21985701
v 0.11634500 0.11519400 0.21986000
v 0.11642000 0.11545900 0.21986300
v 0.11648200 0.11572800 0.21986599
v 0.11653100 0.11600100 0.21986900
v 0.11656700 0.11627700 0.21987200
v 0.11658800 0.11655200 0.21987499
v 0.11659600 0.11682700 0.21987800
v 0.11659100 0.11710200 0.21988200
v 0.11657200 0.11737500 0.21988501
v 0.11654000 0.11764700 0.21988800
v 0.11649500 0.11791600 0.21989100
v 0.11643600 0.11818300 0.21989401
v 0.11636500 0.11844600 0.21989700
v 0.11628100 0.11870600 0.21990000
v 0.11618400 0.11896200 0.21990301
v 0.11607500 0.11921300 0.21990600
v 0.11595300 0.11945900 0.21990800
v 0.11581900 0.11969900 0.21991099
v 0.11567200 0.11993400 0.21991400
v 0.11551400 0.12016200 0.21991600
v 0.11534400 0.12038100 0.21991900
v 0.11516500 0.12059200 0.21992099
v 0.11497600 0.12079200 0.21992400
v 0.11477800 0.12098200 0.21992600
v 0.11457100 0.12116200 0.21992800
v 0.11435600 0.12133100 0.21992999
v 0.11413400 0.12149000 0.21993200
v 0.11390400 0.12163700 0.21993300
v 0.11366700 0.12177300 0.21993500
v 0.11342400 0.12189700 0.21993600
v 0.11317500 0.12201000 0.21993700
v 0.11292000 0.12211000 0.21993899
v 0.11266000 0.12219800 0.21994001
v 0.11239500 0.12227300 0.21994001
v 0.11212600 0.12233500 0.21994101
v 0.11185200 0.12238400 0.21994200
v 0.11157700 0.12242000 0.21994200
v 0.11130200 0.12244100 0.21994200
v 0.11102600 0.12245000 0.21994200
v 0.11075200 0.12244400 0.21994200
v 0.11047800 0.12242500 0.21994200
v 0.11020700 0.12239300 0.21994200
v 0.10993800 0.12234800 0.21994101
v 0.10967100 0.12228900 0.21994101
v 0.10940700 0.12221800 0.21994001
v 0.10914700 0.12213400 0.21993899
v 0.10889200 0.12203700 0.21993800
v 0.10864000 0.12192800 0.21993700
v 0.10839400 0.12180600 0.21993500
v 0.10815400 0.12167200 0.21993400
v 0.10792000 0.12152500 0.21993200
v 0.10769200 0.12136700 0.21992999
v 0.10747200 0.12119700 0.21992800
v 0.10726200 0.12101800 0.21992600
v 0.10706100 0.12082900 0.21992400
v 0.10687100 0.12063100 0.21992201
v 0.10669100 0.12042500 0.21991900
v 0.10652200 0.12021000 0.21991700
v 0.10636300 0.11998700 0.21991400
v 0.10621600 0.11975700 0.21991199
v 0.10608000 0.11952100 0.21990900
v 0.10595600 0.11927700 0.21990600
v 0.10584300 0.11902800 0.21990401
v 0.10574300 0.11877300 0.21990100
v 0.10565500 0.11851300 0.21989800
v 0.10558000 0.11824800 0.21989501
v 0.10551800 0.11797900 0.21989200
v 0.10546900 0.11770600 0.21988800
v 0.10543300 0.11743100 0.21988501
v 0.10541200 0.11715500 0.21988200
v 0.10540400 0.11688000 0.21987900
v 0.10540900 0.11660500 0.21987601
v 0.10542800 0.11633200 0.21987300
v 0.10546000 0.11606000 0.21987000
v 0.10550500 0.11579100 0.21986701
v 0.10556400 0.11552400 0.21986400
v 0.10563500 0.11526100 0.21986100
v 0.10571900 0.11500100 0.21985801
v 0.10581600 0.11474500 0.21985500
v 0.10592500 0.11449400 0.21985200
v 0.10604700 0.11424800 0.21984901
v 0.10618100 0.11400800 0.21984600
v 0.10632800 0.11377300 0.21984400
v 0.10648600 0.11354500 0.21984100
v 0.10665600 0.11332600 0.21983901
v 0.10683500 0.11311500 0.21983600
v 0.10702400 0.11291500 0.21983400
v 0.10722200 0.11272500 0.21983200
v 0.10742900 0.11254500 0.21983001
v 0.10764400 0.11237600 0.21982799
v 0.10786600 0.11221700 0.21982600
v 0.10809600 0.11207000 0.21982400
v 0.10833300 0.11193400 0.21982300
v 0.10857600 0.11181000 0.21982101
v 0.10882500 0.11169700 0.21981999
v 0.10908000 0.11159700 0.21981899
v 0.10934000 0.11150900 0.21981800
v 0.10960500 0.11143400 0.21981700
v 0.10987400 0.11137200 0.21981600
v 0.11014800 0.11132300 0.21981600
v 0.11042300 0.11128700 0.21981500
v 0.11069900 0.11126600 0.21981500
v 0.11097400 0.11125800 0.21981500
v 0.11124800 0.11126300 0.21981500
v 0.11152200 0.11128200 0.21981500
v 0.11179300 0.11131400 0.21981600
v 0.11206300 0.11135900 0.21981600
v 0.11232900 0.11141800 0.21981700
v 0.11259300 0.11148900 0.21981800
v 0.11285300 0.11157300 0.21981899
v 0.11310800 0.11167000 0.21981999
v 0.11336000 0.11177900 0.21982101
v 0.11360600 0.11190100 0.21982200
v 0.11384600 0.11203500 0.21982400
v 0.11408000 0.11218200 0.21982600
v 0.11336300 0.11363000 0.21984200
v 0.11319100 0.11251200 0.21982899
v 0.11448100 0.11345700 0.21984001
v 0.11383600 0.11298500 0.21983500
v 0.11465300 0.11457500 0.21985300
v 0.11577000 0.11440300 0.21985100
v 0.11512500 0.11393000 0.21984600
v 0.11594200 0.11552000 0.21986400
v 0.11499700 0.11681000 0.21987800
v 0.11482500 0.11569200 0.21986599
v 0.11611500 0.11663700 0.21987601
v 0.11547000 0.11616500 0.21987100
v 0.11628700 0.11775500 0.21988900
v 0.11534200 0.11904400 0.21990401
v 0.11516900 0.11792700 0.21989100
v 0.11581400 0.11840000 0.21989600
v 0.11439600 0.12033400 0.21991800
v 0.11422400 0.11921600 0.21990600
v 0.11486900 0.11968900 0.21991099
v 0.11345100 0.12162300 0.21993300
v 0.11327900 0.12050600 0.21991999
v 0.11392400 0.12097900 0.21992600
v 0.11233400 0.12179600 0.21993500
v 0.11121600 0.12196800 0.21993700
v 0.11104400 0.12085000 0.21992400
v 0.11216100 0.12067800 0.21992201
v 0.11168900 0.12132300 0.21992999
v 0.11009900 0.12214000 0.21993899
v 0.10880900 0.12119500 0.21992800
v 0.10992700 0.12102300 0.21992600
v 0.10945400 0.12166700 0.21993400
v 0.10751900 0.12025000 0.21991700
v 0.10863700 0.12007700 0.21991500
v 0.10816400 0.12072200 0.21992300
v 0.10623000 0.11930400 0.21990700
v 0.10734700 0.11913200 0.21990500
v 0.10687500 0.11977700 0.21991199
v 0.10605800 0.11818700 0.21989401
v 0.10588500 0.11707000 0.21988100
v 0.10700300 0.11689700 0.21987900
v 0.10717500 0.11801500 0.21989200
v 0.10653000 0.11754200 0.21988700
v 0.10571300 0.11595200 0.21986900
v 0.10665800 0.11466300 0.21985400
v 0.10683100 0.11578000 0.21986701
v 0.10618600 0.11530800 0.21986100
v 0.10760400 0.11337300 0.21983901
v 0.10777600 0.11449100 0.21985200
v 0.10713100 0.11401800 0.21984699
v 0.10854900 0.11208400 0.21982400
v 0.10872100 0.11320100 0.21983700
v 0.10807600 0.11272800 0.21983200
v 0.10966600 0.11191100 0.21982300
v 0.10983900 0.11302900 0.21983500
v 0.11078400 0.11173900 0.21982101
v 0.11095600 0.11285700 0.21983300
v 0.11031100 0.11238400 0.21982799
v 0.11190100 0.11156700 0.21981899
v 0.11207300 0.11268400 0.21983100
v 0.11254600 0.11204000 0.21982400
v 0.11184200 0.11876600 0.21990100
v 0.11246000 0.11792300 0.21989100
v 0.11307800 0.11708100 0.21988100
v 0.11015800 0.11494100 0.21985701
v 0.10954000 0.11578400 0.21986701
v 0.10892200 0.11662600 0.21987601
v 0.11265600 0.11612400 0.21987000
v 0.11223500 0.11516800 0.21986000
v 0.11119700 0.11505400 0.21985801
v 0.10934400 0.11758300 0.21988700
v 0.10976500 0.11853900 0.21989800
v 0.11080300 0.11865300 0.21989900
v 0.11307800 0.11708100 0.21988100
v 0.11246000 0.11792300 0.21989100
v 0.11307800 0.11710800 0.21750000
v 0.11307800 0.11709400 0.21869101
v 0.11184200 0.11879300 0.21751900
v 0.11246000 0.11795000 0.21751000
v 0.11184200 0.11876600 0.21990100
v 0.11184200 0.11878000 0.21871001
v 0.11307800 0.11708100 0.21988100
v 0.11307800 0.11709400 0.21869101
v 0.11223500 0.11516800 0.21986000
v 0.11265600 0.11612400 0.21987000
v 0.11223500 0.11519500 0.21747801
v 0.11223500 0.11518200 0.21866900
v 0.11307800 0.11710800 0.21750000
v 0.11265600 0.11615100 0.21748900
v 0.11223500 0.11516800 0.21986000
v 0.11223500 0.11518200 0.21866900
v 0.11015800 0.11494100 0.21985701
v 0.11119700 0.11505400 0.21985801
v 0.11015800 0.11496800 0.21747600
v 0.11015800 0.11495400 0.21866600
v 0.11223500 0.11519500 0.21747801
v 0.11119700 0.11508200 0.21747699
v 0.10892200 0.11662600 0.21987601
v 0.10954000 0.11578400 0.21986701
v 0.11015800 0.11494100 0.21985701
v 0.11015800 0.11495400 0.21866600
v 0.10892200 0.11665300 0.21749499
v 0.10892200 0.11664000 0.21868600
v 0.11015800 0.11496800 0.21747600
v 0.10954000 0.11581100 0.21748500
v 0.10892200 0.11662600 0.21987601
v 0.10892200 0.11664000 0.21868600
v 0.10976500 0.11853900 0.21989800
v 0.10934400 0.11758300 0.21988700
v 0.10976500 0.11856600 0.21751700
v 0.10976500 0.11855300 0.21870700
v 0.10892200 0.11665300 0.21749499
v 0.10934400 0.11761000 0.21750601
v 0.11184200 0.11879300 0.21751900
v 0.11184200 0.11878000 0.21871001
v 0.10976500 0.11853900 0.21989800
v 0.10976500 0.11855300 0.21870700
v 0.11184200 0.11876600 0.21990100
v 0.11080300 0.11865300 0.21989900
v 0.10976500 0.11856600 0.21751700
v 0.11080300 0.11868000 0.21751800
v 0.11184200 0.11879300 0.21751900
v 0.11246000 0.11795000 0.21751000
v 0.11307800 0.11710800 0.21750000
v 0.11265600 0.11615100 0.21748900
v 0.11223500 0.11519500 0.21747801
v 0.11119700 0.11508200 0.21747699
v 0.11015800 0.11496800 0.21747600
v 0.10954000 0.11581100 0.21748500
v 0.10892200 0.11665300 0.21749499
v 0.10934400 0.11761000 0.21750601
v 0.10976500 0.11856600 0.21751700
v 0.11080300 0.11868000 0.21751800
v -0.10769200 0.11232800 0.21887700
v -0.10769200 0.11231700 0.21983001
v -0.11430800 0.12135500 0.21898000
v -0.11430800 0.12134400 0.21993300
v -0.10648600 0.12015000 0.21896601
v -0.10648600 0.12013900 0.21991900
v -0.10769200 0.11232800 0.21887700
v -0.10769200 0.11231700 0.21983001
v -0.10815000 0.11202700 0.21887399
v -0.10863700 0.11177200 0.21887100
v -0.10914600 0.11156700 0.21886900
v -0.10967200 0.11141100 0.21886700
v -0.11021100 0.11130600 0.21886601
v -0.11075800 0.11125400 0.21886501
v -0.11130600 0.11125500 0.21886501
v -0.11185200 0.11131100 0.21886601
v -0.11239000 0.11142200 0.21886700
v -0.11291400 0.11158600 0.21886900
v -0.11341900 0.11180100 0.21887100
v -0.11390100 0.11206300 0.21887399
v -0.11435600 0.11237000 0.21887800
v -0.11478000 0.11271900 0.21888199
v -0.11516700 0.11310800 0.21888600
v -0.11551400 0.11353300 0.21889099
v -0.11581500 0.11399200 0.21889600
v -0.11607000 0.11447800 0.21890201
v -0.11627500 0.11498700 0.21890800
v -0.11643100 0.11551400 0.21891400
v -0.11653600 0.11605300 0.21892001
v -0.11658800 0.11659900 0.21892600
v -0.11658700 0.11714800 0.21893200
v -0.11653100 0.11769400 0.21893799
v -0.11642000 0.11823100 0.21894500
v -0.11625600 0.11875500 0.21895100
v -0.11604100 0.11926000 0.21895599
v -0.11577900 0.11974300 0.21896200
v -0.11547200 0.12019800 0.21896701
v -0.11512300 0.12062100 0.21897200
v -0.11473400 0.12100900 0.21897601
v -0.11385000 0.12165700 0.21898399
v -0.11336300 0.12191100 0.21898600
v -0.11285400 0.12211600 0.21898900
v -0.11232800 0.12227200 0.21899100
v -0.11178900 0.12237700 0.21899199
v -0.11124200 0.12242900 0.21899199
v -0.11069400 0.12242800 0.21899199
v -0.11014800 0.12237200 0.21899199
v -0.10961000 0.12226100 0.21899000
v -0.10908600 0.12209700 0.21898900
v -0.10858100 0.12188300 0.21898600
v -0.10809900 0.12162100 0.21898299
v -0.10764400 0.12131300 0.21898000
v -0.10722000 0.12096400 0.21897601
v -0.10683300 0.12057500 0.21897100
v -0.10618500 0.11969100 0.21896100
v -0.10593000 0.11920500 0.21895599
v -0.10572500 0.11869600 0.21895000
v -0.10556900 0.11816900 0.21894400
v -0.10546400 0.11763000 0.21893799
v -0.10541200 0.11708400 0.21893200
v -0.10541300 0.11653500 0.21892500
v -0.10546900 0.11598900 0.21891899
v -0.10558000 0.11545200 0.21891300
v -0.10574400 0.11492800 0.21890700
v -0.10595900 0.11442300 0.21890099
v -0.10622100 0.11394100 0.21889600
v -0.10652800 0.11348500 0.21889099
v -0.10687700 0.11306200 0.21888600
v -0.10726600 0.11267500 0.21888100
v -0.10726200 0.11266600 0.21983400
v -0.10687100 0.11305300 0.21983799
v -0.10652200 0.11347500 0.21984300
v -0.10621600 0.11392700 0.21984801
v -0.10595600 0.11440700 0.21985400
v -0.10574300 0.11491100 0.21985900
v -0.10558000 0.11543600 0.21986499
v -0.10546900 0.11597800 0.21987200
v -0.10541200 0.11652900 0.21987800
v -0.10540900 0.11707900 0.21988399
v -0.10546000 0.11762400 0.21989000
v -0.10556400 0.11816000 0.21989600
v -0.10571900 0.11868300 0.21990199
v -0.10592500 0.11919000 0.21990800
v -0.10618100 0.11967700 0.21991400
v -0.10683500 0.12056900 0.21992400
v -0.10722200 0.12095900 0.21992800
v -0.10764400 0.12130900 0.21993200
v -0.10809600 0.12161400 0.21993600
v -0.10857600 0.12187500 0.21993899
v -0.10908000 0.12208700 0.21994101
v -0.10960500 0.12225000 0.21994300
v -0.11014800 0.12236200 0.21994400
v -0.11069900 0.12241900 0.21994500
v -0.11124800 0.12242100 0.21994500
v -0.11179300 0.12237000 0.21994400
v -0.11232900 0.12226700 0.21994300
v -0.11285300 0.12211100 0.21994101
v -0.11336000 0.12190500 0.21993899
v -0.11384600 0.12164900 0.21993600
v -0.11473800 0.12099500 0.21992899
v -0.11512900 0.12060800 0.21992400
v -0.11547800 0.12018700 0.21991900
v -0.11578400 0.11973500 0.21991400
v -0.11604400 0.11925500 0.21990900
v -0.11625700 0.11875100 0.21990301
v -0.11642000 0.11822600 0.21989700
v -0.11653100 0.11768300 0.21989100
v -0.11658800 0.11713200 0.21988501
v -0.11659100 0.11658300 0.21987800
v -0.11654000 0.11603800 0.21987200
v -0.11643600 0.11550200 0.21986599
v -0.11628100 0.11497800 0.21986000
v -0.11607500 0.11447100 0.21985400
v -0.11581900 0.11398500 0.21984901
v -0.11551400 0.11352300 0.21984400
v -0.11516500 0.11309300 0.21983901
v -0.11477800 0.11270200 0.21983400
v -0.11435600 0.11235300 0.21983001
v -0.11390400 0.11204700 0.21982700
v -0.11342400 0.11178700 0.21982400
v -0.11292000 0.11157400 0.21982101
v -0.11239500 0.11141100 0.21981999
v -0.11185200 0.11130000 0.21981800
v -0.11130200 0.11124300 0.21981800
v -0.11075200 0.11124000 0.21981800
v -0.11020700 0.11129100 0.21981800
v -0.10967100 0.11139500 0.21981899
v -0.10914700 0.11155000 0.21982101
v -0.10864000 0.11175600 0.21982400
v -0.10815400 0.11201200 0.21982600
v -0.10670200 0.11502500 0.21986100
v -0.10799200 0.11407900 0.21985000
v -0.10928200 0.11313400 0.21983901
v -0.11057100 0.11218900 0.21982799
v -0.10635800 0.11725900 0.21988600
v -0.10764800 0.11631400 0.21987499
v -0.10893700 0.11536900 0.21986499
v -0.11022700 0.11442400 0.21985400
v -0.11151700 0.11347900 0.21984300
v -0.11280600 0.11253300 0.21983200
v -0.10730300 0.11854900 0.21990100
v -0.10859300 0.11760400 0.21989000
v -0.11246200 0.11476800 0.21985801
v -0.11375200 0.11382300 0.21984699
v -0.10824900 0.11983900 0.21991600
v -0.10953800 0.11889300 0.21990500
v -0.11340700 0.11605800 0.21987200
v -0.11469700 0.11511300 0.21986200
v -0.10919400 0.12112800 0.21992999
v -0.11048300 0.12018300 0.21991900
v -0.11177300 0.11923800 0.21990900
v -0.11306300 0.11829300 0.21989800
v -0.11435200 0.11734700 0.21988700
v -0.11564200 0.11640200 0.21987601
v -0.11142900 0.12147200 0.21993400
v -0.11271800 0.12052700 0.21992300
v -0.11400800 0.11958200 0.21991301
v -0.11529800 0.11863700 0.21990199
v -0.10769200 0.11231700 0.21983001
v -0.10726200 0.11266600 0.21983400
v -0.10687100 0.11305300 0.21983799
v -0.10652200 0.11347500 0.21984300
v -0.10621600 0.11392700 0.21984801
v -0.10595600 0.11440700 0.21985400
v -0.10574300 0.11491100 0.21985900
v -0.10558000 0.11543600 0.21986499
v -0.10546900 0.11597800 0.21987200
v -0.10541200 0.11652900 0.21987800
v -0.10540900 0.11707900 0.21988399
v -0.10546000 0.11762400 0.21989000
v -0.10556400 0.11816000 0.21989600
v -0.10571900 0.11868300 0.21990199
v -0.10592500 0.11919000 0.21990800
v -0.10618100 0.11967700 0.21991400
v -0.10648600 0.12013900 0.21991900
v -0.10683500 0.12056900 0.21992400
v -0.10722200 0.12095900 0.21992800
v -0.10764400 0.12130900 0.21993200
v -0.10809600 0.12161400 0.21993600
v -0.10857600 0.12187500 0.21993899
v -0.10908000 0.12208700 0.21994101
v -0.10960500 0.12225000 0.21994300
v -0.11014800 0.12236200 0.21994400
v -0.11069900 0.12241900 0.21994500
v -0.11124800 0.12242100 0.21994500
v -0.11179300 0.12237000 0.21994400
v -0.11232900 0.12226700 0.21994300
v -0.11285300 0.12211100 0.21994101
v -0.11336000 0.12190500 0.21993899
v -0.11384600 0.12164900 0.21993600
v -0.11430800 0.12134400 0.21993300
v -0.11473800 0.12099500 0.21992899
v -0.11512900 0.12060800 0.21992400
v -0.11547800 0.12018700 0.21991900
v -0.11578400 0.11973500 0.21991400
v -0.11604400 0.11925500 0.21990900
v -0.11625700 0.11875100 0.21990301
v -0.11642000 0.11822600 0.21989700
v -0.11653100 0.11768300 0.21989100
v -0.11658800 0.11713200 0.21988501
v -0.11659100 0.11658300 0.21987800
v -0.11654000 0.11603800 0.21987200
v -0.11643600 0.11550200 0.21986599
v -0.11628100 0.11497800 0.21986000
v -0.11607500 0.11447100 0.21985400
v -0.11581900 0.11398500 0.21984901
v -0.11551400 0.11352300 0.21984400
v -0.11516500 0.11309300 0.21983901
v -0.11477800 0.11270200 0.21983400
v -0.11435600 0.11235300 0.21983001
v -0.11390400 0.11204700 0.21982700
v -0.11342400 0.11178700 0.21982400
v -0.11292000 0.11157400 0.21982101
v -0.11239500 0.11141100 0.21981999
v -0.11185200 0.11130000 0.21981800
v -0.11130200 0.11124300 0.21981800
v -0.11075200 0.11124000 0.21981800
v -0.11020700 0.11129100 0.21981800
v -0.10967100 0.11139500 0.21981899
v -0.10914700 0.11155000 0.21982101
v -0.10864000 0.11175600 0.21982400
v -0.10815400 0.11201200 0.21982600
v -0.11015800 0.11874300 0.21990301
v -0.10954000 0.11790100 0.21989299
v -0.10892200 0.11705800 0.21988399
v -0.11184200 0.11491800 0.21986000
v -0.11246000 0.11576100 0.21986900
v -0.11307800 0.11660400 0.21987900
v -0.10934400 0.11610200 0.21987300
v -0.10976500 0.11514500 0.21986200
v -0.11080300 0.11503200 0.21986100
v -0.11265600 0.11756000 0.21989000
v -0.11223500 0.11851600 0.21990000
v -0.11119700 0.11863000 0.21990199
v -0.10892200 0.11705800 0.21988399
v -0.10954000 0.11790100 0.21989299
v -0.10892200 0.11708500 0.21750300
v -0.10892200 0.11707100 0.21869300
v -0.11015800 0.11877100 0.21752200
v -0.10954000 0.11792800 0.21751200
v -0.11015800 0.11874300 0.21990301
v -0.11015800 0.11875700 0.21871200
v -0.10892200 0.11705800 0.21988399
v -0.10892200 0.11707100 0.21869300
v -0.10976500 0.11514500 0.21986200
v -0.10934400 0.11610200 0.21987300
v -0.10976500 0.11517200 0.21748100
v -0.10976500 0.11515900 0.21867099
v -0.10892200 0.11708500 0.21750300
v -0.10934400 0.11612900 0.21749200
v -0.10976500 0.11514500 0.21986200
v -0.10976500 0.11515900 0.21867099
v -0.11184200 0.11491800 0.21986000
v -0.11080300 0.11503200 0.21986100
v -0.11184200 0.11494500 0.21747801
v -0.11184200 0.11493200 0.21866900
v -0.10976500 0.11517200 0.21748100
v -0.11080300 0.11505900 0.21748000
v -0.11307800 0.11660400 0.21987900
v -0.11246000 0.11576100 0.21986900
v -0.11184200 0.11491800 0.21986000
v -0.11184200 0.11493200 0.21866900
v -0.11307800 0.11663100 0.21749701
v -0.11307800 0.11661700 0.21868800
v -0.11184200 0.11494500 0.21747801
v -0.11246000 0.11578800 0.21748801
v -0.11307800 0.11660400 0.21987900
v -0.11307800 0.11661700 0.21868800
v -0.11223500 0.11851600 0.21990000
v -0.11265600 0.11756000 0.21989000
v -0.11223500 0.11854300 0.21751900
v -0.11223500 0.11853000 0.21871001
v -0.11307800 0.11663100 0.21749701
v -0.11265600 0.11758700 0.21750800
v -0.11015800 0.11877100 0.21752200
v -0.11015800 0.11875700 0.21871200
v -0.11223500 0.11851600 0.21990000
v -0.11223500 0.11853000 0.21871001
v -0.11015800 0.11874300 0.21990301
v -0.11119700 0.11863000 0.21990199
v -0.11223500 0.11854300 0.21751900
v -0.11119700 0.11865700 0.21752000
v -0.11015800 0.11877100 0.21752200
v -0.10954000 0.11792800 0.21751200
v -0.10892200 0.11708500 0.21750300
v -0.10934400 0.11612900 0.21749200
v -0.10976500 0.11517200 0.21748100
v -0.11080300 0.11505900 0.21748000
v -0.11184200 0.11494500 0.21747801
v -0.11246000 0.11578800 0.21748801
v -0.11307800 0.11663100 0.21749701
v -0.11265600 0.11758700 0.21750800
v -0.11223500 0.11854300 0.21751900
v -0.11119700 0.11865700 0.21752000
v -0.12769200 0.11232800 0.21887700
v -0.12769200 0.11231700 0.21983001
v -0.13430800 0.12135500 0.21898000
v -0.13430800 0.12134400 0.21993300
v -0.12648600 0.12015000 0.21896601
v -0.12648600 0.12013900 0.21991900
v -0.12769200 0.11232800 0.21887700
v -0.12769200 0.11231700 0.21983001
v -0.12815000 0.11202700 0.21887399
v -0.12863700 0.11177200 0.21887100
v -0.12914599 0.11156700 0.21886900
v -0.12967201 0.11141100 0.21886700
v -0.13021100 0.11130600 0.21886601
v -0.13075800 0.11125400 0.21886501
v -0.13130599 0.11125500 0.21886501
v -0.13185200 0.11131100 0.21886601
v -0.13239001 0.11142200 0.21886700
v -0.13291401 0.11158600 0.21886900
v -0.13341901 0.11180100 0.21887100
v -0.13390100 0.11206300 0.21887399
v -0.13435601 0.11237000 0.21887800
v -0.13478000 0.11271900 0.21888199
v -0.13516700 0.11310800 0.21888600
v -0.13551401 0.11353300 0.21889099
v -0.13581499 0.11399200 0.21889600
v -0.13607000 0.11447800 0.21890201
v -0.13627499 0.11498700 0.21890800
v -0.13643099 0.11551400 0.21891400
v -0.13653600 0.11605300 0.21892001
v -0.13658801 0.11659900 0.21892600
v -0.13658699 0.11714800 0.21893200
v -0.13653100 0.11769400 0.21893799
v -0.13642000 0.11823100 0.21894500
v -0.13625599 0.11875500 0.21895100
v -0.13604100 0.11926000 0.21895599
v -0.13577899 0.11974300 0.21896200
v -0.13547200 0.12019800 0.21896701
v -0.13512300 0.12062100 0.21897200
v -0.13473400 0.12100900 0.21897601
v -0.13384999 0.12165700 0.21898399
v -0.13336299 0.12191100 0.21898600
v -0.13285400 0.12211600 0.21898900
v -0.13232800 0.12227200 0.21899100
v -0.13178900 0.12237700 0.21899199
v -0.13124201 0.12242900 0.21899199
v -0.13069400 0.12242800 0.21899199
v -0.13014799 0.12237200 0.21899199
v -0.12961000 0.12226100 0.21899000
v -0.12908600 0.12209700 0.21898900
v -0.12858100 0.12188300 0.21898600
v -0.12809899 0.12162100 0.21898299
v -0.12764400 0.12131300 0.21898000
v -0.12722000 0.12096400 0.21897601
v -0.12683301 0.12057500 0.21897100
v -0.12618500 0.11969100 0.21896100
v -0.12593000 0.11920500 0.21895599
v -0.12572500 0.11869600 0.21895000
v -0.12556900 0.11816900 0.21894400
v -0.12546401 0.11763000 0.21893799
v -0.12541200 0.11708400 0.21893200
v -0.12541300 0.11653500 0.21892500
v -0.12546900 0.11598900 0.21891899
v -0.12558000 0.11545200 0.21891300
v -0.12574400 0.11492800 0.21890700
v -0.12595899 0.11442300 0.21890099
v -0.12622100 0.11394100 0.21889600
v -0.12652799 0.11348500 0.21889099
v -0.12687699 0.11306200 0.21888600
v -0.12726600 0.11267500 0.21888100
v -0.12726200 0.11266600 0.21983400
v -0.12687100 0.11305300 0.21983799
v -0.12652200 0.11347500 0.21984300
v -0.12621599 0.11392700 0.21984801
v -0.12595600 0.11440700 0.21985400
v -0.12574300 0.11491100 0.21985900
v -0.12558000 0.11543600 0.21986499
v -0.12546900 0.11597800 0.21987200
v -0.12541200 0.11652900 0.21987800
v -0.12540901 0.11707900 0.21988399
v -0.12546000 0.11762400 0.21989000
v -0.12556399 0.11816000 0.21989600
v -0.12571900 0.11868300 0.21990199
v -0.12592500 0.11919000 0.21990800
v -0.12618101 0.11967700 0.21991400
v -0.12683500 0.12056900 0.21992400
v -0.12722200 0.12095900 0.21992800
v -0.12764400 0.12130900 0.21993200
v -0.12809600 0.12161400 0.21993600
v -0.12857600 0.12187500 0.21993899
v -0.12908000 0.12208700 0.21994101
v -0.12960500 0.12225000 0.21994300
v -0.13014799 0.12236200 0.21994400
v -0.13069899 0.12241900 0.21994500
v -0.13124800 0.12242100 0.21994500
v -0.13179301 0.12237000 0.21994400
v -0.13232900 0.12226700 0.21994300
v -0.13285300 0.12211100 0.21994101
v -0.13336000 0.12190500 0.21993899
v -0.13384600 0.12164900 0.21993600
v -0.13473800 0.12099500 0.21992899
v -0.13512900 0.12060800 0.21992400
v -0.13547800 0.12018700 0.21991900
v -0.13578400 0.11973500 0.21991400
v -0.13604400 0.11925500 0.21990900
v -0.13625699 0.11875100 0.21990301
v -0.13642000 0.11822600 0.21989700
v -0.13653100 0.11768300 0.21989100
v -0.13658801 0.11713200 0.21988501
v -0.13659100 0.11658300 0.21987800
v -0.13654000 0.11603800 0.21987200
v -0.13643600 0.11550200 0.21986599
v -0.13628100 0.11497800 0.21986000
v -0.13607500 0.11447100 0.21985400
v -0.13581900 0.11398500 0.21984901
v -0.13551401 0.11352300 0.21984400
v -0.13516501 0.11309300 0.21983901
v -0.13477799 0.11270200 0.21983400
v -0.13435601 0.11235300 0.21983001
v -0.13390400 0.11204700 0.21982700
v -0.13342400 0.11178700 0.21982400
v -0.13292000 0.11157400 0.21982101
v -0.13239500 0.11141100 0.21981999
v -0.13185200 0.11130000 0.21981800
v -0.13130200 0.11124300 0.21981800
v -0.13075200 0.11124000 0.21981800
v -0.13020700 0.11129100 0.21981800
v -0.12967101 0.11139500 0.21981899
v -0.12914699 0.11155000 0.21982101
v -0.12864000 0.11175600 0.21982400
v -0.12815399 0.11201200 0.21982600
v -0.12670200 0.11502500 0.21986100
v -0.12799200 0.11407900 0.21985000
v -0.12928200 0.11313400 0.21983901
v -0.13057099 0.11218900 0.21982799
v -0.12635800 0.11725900 0.21988600
v -0.12764800 0.11631400 0.21987499
v -0.12893701 0.11536900 0.21986499
v -0.13022700 0.11442400 0.21985400
v -0.13151699 0.11347900 0.21984300
v -0.13280600 0.11253300 0.21983200
v -0.12730300 0.11854900 0.21990100
v -0.12859300 0.11760400 0.21989000
v -0.13246199 0.11476800 0.21985801
v -0.13375200 0.11382300 0.21984699
v -0.12824801 0.11983900 0.21991600
v -0.12953800 0.11889300 0.21990500
v -0.13340700 0.11605800 0.21987200
v -0.13469701 0.11511300 0.21986200
v -0.12919401 0.12112800 0.21992999
v -0.13048300 0.12018300 0.21991900
v -0.13177299 0.11923800 0.21990900
v -0.13306300 0.11829300 0.21989800
v -0.13435200 0.11734700 0.21988700
v -0.13564201 0.11640200 0.21987601
v -0.13142900 0.12147200 0.21993400
v -0.13271800 0.12052700 0.21992300
v -0.13400801 0.11958200 0.21991301
v -0.13529800 0.11863700 0.21990199
v -0.12769200 0.11231700 0.21983001
v -0.12726200 0.11266600 0.21983400
v -0.12687100 0.11305300 0.21983799
v -0.12652200 0.11347500 0.21984300
v -0.12621599 0.11392700 0.21984801
v -0.12595600 0.11440700 0.21985400
v -0.12574300 0.11491100 0.21985900
v -0.12558000 0.11543600 0.21986499
v -0.12546900 0.11597800 0.21987200
v -0.12541200 0.11652900 0.21987800
v -0.12540901 0.11707900 0.21988399
v -0.12546000 0.11762400 0.21989000
v -0.12556399 0.11816000 0.21989600
v -0.12571900 0.11868300 0.21990199
v -0.12592500 0.11919000 0.21990800
v -0.12618101 0.11967700 0.21991400
v -0.12648600 0.12013900 0.21991900
v -0.12683500 0.12056900 0.21992400
v -0.12722200 0.12095900 0.21992800
v -0.12764400 0.12130900 0.21993200
v -0.12809600 0.12161400 0.21993600
v -0.12857600 0.12187500 0.21993899
v -0.12908000 0.12208700 0.21994101
v -0.12960500 0.12225000 0.21994300
v -0.13014799 0.12236200 0.21994400
v -0.13069899 0.12241900 0.21994500
v -0.13124800 0.12242100 0.21994500
v -0.13179301 0.12237000 0.21994400
v -0.13232900 0.12226700 0.21994300
v -0.13285300 0.12211100 0.21994101
v -0.13336000 0.12190500 0.21993899
v -0.13384600 0.12164900 0.21993600
v -0.13430800 0.12134400 0.21993300
v -0.13473800 0.12099500 0.21992899
v -0.13512900 0.12060800 0.21992400
v -0.13547800 0.12018700 0.21991900
v -0.13578400 0.11973500 0.21991400
v -0.13604400 0.11925500 0.21990900
v -0.13625699 0.11875100 0.21990301
v -0.13642000 0.11822600 0.21989700
v -0.13653100 0.11768300 0.21989100
v -0.13658801 0.11713200 0.21988501
v -0.13659100 0.11658300 0.21987800
v -0.13654000 0.11603800 0.21987200
v -0.13643600 0.11550200 0.21986599
v -0.13628100 0.11497800 0.21986000
v -0.13607500 0.11447100 0.21985400
v -0.13581900 0.11398500 0.21984901
v -0.13551401 0.11352300 0.21984400
v -0.13516501 0.11309300 0.21983901
v -0.13477799 0.11270200 0.21983400
v -0.13435601 0.11235300 0.21983001
v -0.13390400 0.11204700 0.21982700
v -0.13342400 0.11178700 0.21982400
v -0.13292000 0.11157400 0.21982101
v -0.13239500 0.11141100 0.21981999
v -0.13185200 0.11130000 0.21981800
v -0.13130200 0.11124300 0.21981800
v -0.13075200 0.11124000 0.21981800
v -0.13020700 0.11129100 0.21981800
v -0.12967101 0.11139500 0.21981899
v -0.12914699 0.11155000 0.21982101
v -0.12864000 0.11175600 0.21982400
v -0.12815399 0.11201200 0.21982600
v -0.13015801 0.11874300 0.21990301
v -0.12954000 0.11790100 0.21989299
v -0.12892200 0.11705800 0.21988399
v -0.13184200 0.11491800 0.21986000
v -0.13246000 0.11576100 0.21986900
v -0.13307799 0.11660400 0.21987900
v -0.12934400 0.11610200 0.21987300
v -0.12976500 0.11514500 0.21986200
v -0.13080300 0.11503200 0.21986100
v -0.13265599 0.11756000 0.21989000
v -0.13223501 0.11851600 0.21990000
v -0.13119701 0.11863000 0.21990199
v -0.12892200 0.11705800 0.21988399
v -0.12954000 0.11790100 0.21989299
v -0.12892200 0.11708500 0.21750300
v -0.12892200 0.11707100 0.21869300
v -0.13015801 0.11877100 0.21752200
v -0.12954000 0.11792800 0.21751200
v -0.13015801 0.11874300 0.21990301
v -0.13015801 0.11875700 0.21871200
v -0.12892200 0.11705800 0.21988399
v -0.12892200 0.11707100 0.21869300
v -0.12976500 0.11514500 0.21986200
v -0.12934400 0.11610200 0.21987300
v -0.12976500 0.11517200 0.21748100
v -0.12976500 0.11515900 0.21867099
v -0.12892200 0.11708500 0.21750300
v -0.12934400 0.11612900 0.21749200
v -0.12976500 0.11514500 0.21986200
v -0.12976500 0.11515900 0.21867099
v -0.13184200 0.11491800 0.21986000
v -0.13080300 0.11503200 0.21986100
v -0.13184200 0.11494500 0.21747801
v -0.13184200 0.11493200 0.21866900
v -0.12976500 0.11517200 0.21748100
v -0.13080300 0.11505900 0.21748000
v -0.13307799 0.11660400 0.21987900
v -0.13246000 0.11576100 0.21986900
v -0.13184200 0.11491800 0.21986000
v -0.13184200 0.11493200 0.21866900
v -0.13307799 0.11663100 0.21749701
v -0.13307799 0.11661700 0.21868800
v -0.13184200 0.11494500 0.21747801
v -0.13246000 0.11578800 0.21748801
v -0.13307799 0.11660400 0.21987900
v -0.13307799 0.11661700 0.21868800
v -0.13223501 0.11851600 0.21990000
v -0.13265599 0.11756000 0.21989000
v -0.13223501 0.11854300 0.21751900
v -0.13223501 0.11853000 0.21871001
v -0.13307799 0.11663100 0.21749701
v -0.13265599 0.11758700 0.21750800
v -0.13015801 0.11877100 0.21752200
v -0.13015801 0.11875700 0.21871200
v -0.13223501 0.11851600 0.21990000
v -0.13223501 0.11853000 0.21871001
v -0.13015801 0.11874300 0.21990301
v -0.13119701 0.11863000 0.21990199
v -0.13223501 0.11854300 0.21751900
v -0.13119701 0.11865700 0.21752000
v -0.13015801 0.11877100 0.21752200
v -0.12954000 0.11792800 0.21751200
v -0.12892200 0.11708500 0.21750300
v -0.12934400 0.11612900 0.21749200
v -0.12976500 0.11517200 0.21748100
v -0.13080300 0.11505900 0.21748000
v -0.13184200 0.11494500 0.21747801
v -0.13246000 0.11578800 0.21748801
v -0.13307799 0.11663100 0.21749701
v -0.13265599 0.11758700 0.21750800
v -0.13223501 0.11854300 0.21751900
v -0.13119701 0.11865700 0.21752000
f 2 5 1
f 129 7 6
f 130 6 5
f 8 126 9
f 10 124 11
f 9 125 10
f 128 8 7
f 123 13 12
f 121 15 14
f 122 14 13
f 16 118 17
f 18 116 19
f 17 117 18
f 120 16 15
f 11 123 12
f 115 21 20
f 113 23 22
f 114 22 21
f 24 110 25
f 26 108 27
f 25 109 26
f 112 24 23
f 107 29 28
f 105 31 30
f 106 30 29
f 32 102 33
f 34 100 35
f 33 101 34
f 104 32 31
f 27 107 28
f 19 115 20
f 35 99 36
f 98 38 37
f 96 40 39
f 97 39 38
f 41 93 42
f 43 91 44
f 42 92 43
f 40 94 41
f 90 46 45
f 88 48 47
f 89 47 46
f 49 85 50
f 51 83 52
f 50 84 51
f 48 86 49
f 91 45 44
f 82 54 53
f 80 56 55
f 81 55 54
f 57 77 58
f 59 75 60
f 58 76 59
f 56 78 57
f 74 62 61
f 72 64 63
f 73 63 62
f 65 69 66
f 67 4 3
f 66 68 67
f 64 70 65
f 75 61 60
f 83 53 52
f 37 99 98
f 137 131 136
f 134 138 139
f 142 135 141
f 144 139 143
f 146 141 145
f 148 143 147
f 150 145 149
f 148 153 154
f 151 155 156
f 158 152 157
f 165 131 164
f 165 166 131
f 167 136 131
f 167 131 166
f 135 167 168
f 160 132 159
f 161 132 160
f 132 163 131
f 164 131 163
f 161 162 132
f 163 132 162
f 132 133 159
f 169 135 168
f 170 171 135
f 171 172 141
f 174 141 173
f 172 173 141
f 141 174 175
f 135 136 167
f 229 137 136
f 136 142 225
f 225 229 136
f 141 135 171
f 138 137 230
f 224 225 142
f 135 169 170
f 229 230 137
f 220 221 133
f 222 133 221
f 134 219 133
f 220 133 219
f 139 215 134
f 218 219 134
f 222 159 133
f 218 134 217
f 217 134 216
f 140 214 215
f 214 140 213
f 216 134 215
f 140 212 213
f 231 139 138
f 138 132 137
f 230 231 138
f 143 139 226
f 139 231 226
f 227 143 226
f 210 211 144
f 140 144 211
f 212 140 211
f 210 144 209
f 144 208 209
f 208 144 207
f 227 147 143
f 215 139 140
f 175 145 141
f 145 176 177
f 178 145 177
f 149 145 179
f 178 179 145
f 180 149 179
f 223 224 146
f 224 142 146
f 150 223 146
f 223 150 234
f 149 183 150
f 151 233 234
f 150 151 234
f 180 181 149
f 176 145 175
f 149 182 183
f 183 155 150
f 185 155 184
f 155 183 184
f 155 185 186
f 156 155 187
f 186 187 155
f 188 156 187
f 156 189 190
f 190 191 156
f 189 156 188
f 156 152 151
f 182 149 181
f 156 191 157
f 228 153 147
f 228 147 227
f 232 153 228
f 232 152 153
f 152 233 151
f 233 152 232
f 206 207 148
f 148 207 144
f 205 206 148
f 202 203 154
f 148 203 204
f 204 205 148
f 203 148 154
f 154 153 199
f 158 157 195
f 194 195 157
f 196 158 195
f 153 158 199
f 194 157 193
f 192 193 157
f 154 201 202
f 154 200 201
f 158 197 198
f 198 199 158
f 200 154 199
f 196 197 158
f 157 191 192
f 240 236 242
f 242 236 241
f 240 242 239
f 238 240 237
f 238 235 236
f 240 238 236
f 244 249 250
f 244 246 243
f 246 244 250
f 250 248 246
f 248 245 246
f 247 248 250
f 252 257 258
f 252 254 251
f 254 252 258
f 258 256 254
f 256 253 254
f 255 256 258
f 264 260 262
f 262 260 261
f 266 262 265
f 264 266 263
f 264 259 260
f 266 264 262
f 272 270 268
f 268 270 267
f 274 268 273
f 272 274 271
f 272 269 270
f 274 272 268
f 276 280 278
f 278 280 277
f 282 278 281
f 276 282 275
f 276 279 280
f 282 276 278
f 293 286 294
f 288 293 292
f 291 290 292
f 292 290 288
f 284 283 294
f 286 285 284
f 286 293 287
f 288 290 289
f 287 293 288
f 286 284 294
f 296 304 295
f 555 306 305
f 555 307 306
f 296 305 304
f 556 309 308
f 557 311 310
f 557 312 311
f 556 310 309
f 555 308 307
f 558 314 313
f 559 316 315
f 560 317 316
f 559 315 314
f 561 319 318
f 562 321 320
f 562 322 321
f 561 320 319
f 560 318 317
f 558 313 312
f 555 305 553
f 305 296 553
f 556 557 310
f 308 555 556
f 557 558 312
f 548 557 556
f 323 322 563
f 550 556 555
f 544 559 558
f 559 314 558
f 540 561 560
f 561 318 560
f 562 320 561
f 538 562 561
f 559 560 316
f 542 560 559
f 322 562 563
f 546 558 557
f 564 325 324
f 565 327 326
f 565 328 327
f 564 326 325
f 534 564 563
f 564 324 563
f 566 328 565
f 326 564 565
f 330 329 566
f 530 566 565
f 532 565 564
f 323 563 324
f 536 563 562
f 567 331 330
f 568 333 332
f 568 334 333
f 567 332 331
f 298 334 569
f 336 335 570
f 337 336 570
f 335 298 569
f 569 334 568
f 339 338 571
f 341 340 572
f 342 341 573
f 340 339 572
f 344 343 574
f 346 345 575
f 347 346 575
f 345 344 574
f 343 342 573
f 338 337 571
f 349 348 576
f 351 350 577
f 352 351 578
f 350 349 577
f 526 568 567
f 567 568 332
f 354 353 579
f 355 354 579
f 353 352 578
f 355 580 356
f 347 576 348
f 357 356 580
f 359 358 581
f 360 359 582
f 358 357 581
f 362 361 583
f 364 363 584
f 365 364 584
f 363 362 583
f 361 360 582
f 299 365 585
f 566 567 330
f 528 567 566
f 554 296 297
f 552 555 553
f 551 555 552
f 554 553 296
f 546 557 547
f 549 548 556
f 551 550 555
f 544 558 545
f 335 569 570
f 337 570 571
f 538 561 539
f 522 570 569
f 542 559 543
f 540 560 541
f 520 571 570
f 524 569 568
f 534 563 535
f 537 536 562
f 532 564 533
f 530 565 531
f 524 568 525
f 527 526 567
f 569 523 522
f 570 521 520
f 529 528 566
f 519 518 571
f 572 518 517
f 571 518 572
f 516 573 572
f 343 573 574
f 345 574 575
f 514 574 573
f 573 341 572
f 574 513 512
f 572 517 516
f 573 515 514
f 512 575 574
f 510 576 575
f 349 576 577
f 506 578 577
f 353 578 579
f 355 579 580
f 504 579 578
f 578 351 577
f 508 577 576
f 500 581 580
f 359 581 582
f 496 583 582
f 363 583 584
f 365 584 585
f 494 584 583
f 583 361 582
f 498 582 581
f 581 357 580
f 502 580 579
f 576 347 575
f 492 585 584
f 576 509 508
f 510 575 511
f 577 507 506
f 578 505 504
f 581 499 498
f 500 580 501
f 582 497 496
f 584 493 492
f 494 583 495
f 502 579 503
f 572 339 571
f 585 366 299
f 586 367 366
f 587 369 368
f 587 370 369
f 586 368 367
f 588 372 371
f 589 374 373
f 590 375 374
f 589 373 372
f 588 371 370
f 591 377 376
f 592 379 378
f 592 380 379
f 591 378 377
f 593 382 381
f 594 384 383
f 595 385 384
f 594 383 382
f 593 381 380
f 590 376 375
f 489 587 586
f 587 368 586
f 485 589 588
f 589 372 588
f 590 374 589
f 483 590 589
f 587 588 370
f 487 588 587
f 479 592 591
f 592 378 591
f 475 594 593
f 594 382 593
f 595 384 594
f 473 595 594
f 592 593 380
f 477 593 592
f 590 591 376
f 481 591 590
f 596 387 386
f 597 389 388
f 597 390 389
f 596 388 387
f 469 597 596
f 597 388 596
f 598 392 391
f 599 392 598
f 598 390 597
f 467 598 597
f 595 596 386
f 386 385 595
f 471 596 595
f 491 586 585
f 599 394 393
f 600 396 395
f 601 397 396
f 600 395 394
f 602 398 601
f 400 399 602
f 401 400 603
f 601 398 397
f 403 402 604
f 405 404 605
f 406 405 605
f 404 403 604
f 408 407 606
f 410 409 607
f 411 410 608
f 409 408 607
f 407 406 606
f 402 401 603
f 413 412 609
f 415 414 610
f 416 415 610
f 414 413 609
f 463 600 599
f 599 600 394
f 417 611 418
f 601 396 600
f 418 612 419
f 611 417 416
f 461 601 600
f 412 411 608
f 420 419 612
f 422 421 613
f 423 422 614
f 421 420 613
f 425 424 615
f 427 426 616
f 428 427 616
f 426 425 615
f 424 423 614
f 301 428 302
f 465 599 598
f 300 491 585
f 489 586 490
f 483 589 484
f 486 485 588
f 488 487 587
f 481 590 482
f 479 591 480
f 400 602 603
f 475 593 476
f 478 477 592
f 457 603 602
f 459 602 601
f 473 594 474
f 471 595 472
f 465 598 466
f 468 467 597
f 470 469 596
f 463 599 464
f 461 600 462
f 603 456 455
f 457 602 458
f 460 459 601
f 455 604 603
f 604 454 453
f 453 605 604
f 406 605 606
f 408 606 607
f 451 606 605
f 605 404 604
f 449 607 606
f 606 450 449
f 451 605 452
f 447 608 607
f 412 608 609
f 443 610 609
f 416 610 611
f 418 611 612
f 441 611 610
f 610 414 609
f 445 609 608
f 437 613 612
f 422 613 614
f 433 615 614
f 426 615 616
f 428 616 302
f 431 616 615
f 615 424 614
f 435 614 613
f 613 420 612
f 439 612 611
f 608 410 607
f 429 302 616
f 607 448 447
f 608 446 445
f 611 440 439
f 441 610 442
f 443 609 444
f 612 438 437
f 613 436 435
f 615 432 431
f 616 430 429
f 433 614 434
f 604 402 603
f 366 585 586
f 618 779 777
f 777 778 617
f 619 776 773
f 776 618 773
f 620 832 831
f 832 619 831
f 622 784 781
f 782 780 784
f 784 621 781
f 777 617 782
f 782 622 623
f 623 618 777
f 777 782 623
f 828 620 831
f 831 619 624
f 624 625 828
f 828 831 624
f 626 829 826
f 829 620 828
f 826 828 625
f 627 788 786
f 787 785 788
f 781 621 787
f 787 627 628
f 628 622 781
f 781 787 628
f 823 626 826
f 826 625 629
f 629 630 823
f 823 826 629
f 822 823 824
f 819 823 630
f 790 789 631
f 627 791 790
f 790 631 632
f 628 627 790
f 632 628 790
f 820 630 629
f 633 634 820
f 629 633 820
f 821 630 820
f 816 820 634
f 635 794 792
f 793 789 794
f 793 635 798
f 798 636 632
f 632 631 793
f 793 798 632
f 812 640 817
f 817 634 633
f 633 639 812
f 812 817 633
f 818 634 817
f 818 640 815
f 797 796 641
f 797 798 799
f 799 635 795
f 797 641 802
f 802 642 637
f 637 636 797
f 797 802 637
f 808 644 813
f 813 639 638
f 638 643 808
f 808 813 638
f 811 812 814
f 812 813 814
f 810 813 644
f 801 802 803
f 802 800 803
f 643 806 804
f 805 801 806
f 807 808 809
f 809 643 804
f 656 657 617
f 657 658 780
f 778 655 656
f 656 617 778
f 654 655 778
f 780 658 659
f 661 784 780
f 661 662 783
f 657 780 617
f 661 780 660
f 660 780 659
f 648 775 647
f 648 649 775
f 646 647 776
f 646 776 645
f 649 650 775
f 653 779 652
f 778 653 654
f 650 779 775
f 652 779 651
f 647 775 776
f 653 778 779
f 651 779 650
f 662 663 783
f 669 785 668
f 669 788 785
f 785 666 667
f 668 785 667
f 621 666 785
f 670 788 669
f 675 786 674
f 675 791 786
f 672 673 786
f 786 673 674
f 672 788 671
f 671 788 670
f 675 676 791
f 783 664 665
f 621 783 665
f 661 783 784
f 665 666 621
f 664 783 663
f 672 786 788
f 632 834 628
f 628 835 622
f 623 773 618
f 839 623 622
f 628 834 835
f 622 835 839
f 677 791 676
f 839 840 623
f 769 770 774
f 774 770 771
f 768 769 774
f 832 767 768
f 772 776 771
f 774 832 768
f 832 765 766
f 830 765 832
f 832 766 767
f 776 774 771
f 776 772 645
f 763 764 830
f 830 764 765
f 762 763 830
f 761 762 620
f 827 760 761
f 830 620 762
f 759 760 827
f 620 827 761
f 757 827 829
f 758 759 827
f 757 758 827
f 757 825 756
f 756 825 755
f 624 619 773
f 841 625 624
f 753 754 825
f 825 754 755
f 825 626 753
f 829 825 757
f 841 836 625
f 752 753 626
f 837 629 836
f 625 836 629
f 840 841 624
f 624 773 623
f 822 752 626
f 751 822 750
f 749 750 822
f 747 748 824
f 748 749 824
f 752 822 751
f 746 824 819
f 745 746 819
f 747 824 746
f 744 745 819
f 743 744 819
f 742 743 821
f 819 821 743
f 824 749 822
f 837 633 629
f 624 623 840
f 679 791 678
f 679 789 791
f 680 681 789
f 789 679 680
f 681 682 789
f 677 678 791
f 684 794 683
f 794 684 685
f 687 792 686
f 685 686 792
f 682 683 794
f 688 792 687
f 682 794 789
f 685 792 794
f 833 632 636
f 636 844 833
f 689 795 635
f 688 635 792
f 690 795 689
f 844 636 637
f 795 693 799
f 691 795 690
f 635 688 689
f 637 843 844
f 632 833 834
f 795 692 693
f 796 799 693
f 697 641 796
f 693 694 796
f 694 695 796
f 796 696 697
f 641 697 698
f 699 800 698
f 698 800 641
f 800 699 700
f 695 696 796
f 700 701 800
f 702 803 701
f 704 801 803
f 642 805 637
f 703 803 702
f 701 803 800
f 704 705 801
f 801 705 706
f 801 707 806
f 707 708 806
f 801 706 707
f 704 803 703
f 708 709 806
f 691 692 795
f 638 637 805
f 838 633 837
f 633 838 639
f 739 821 816
f 736 816 818
f 639 838 842
f 842 638 639
f 843 637 638
f 811 729 640
f 725 811 814
f 728 729 811
f 638 842 843
f 729 730 640
f 736 737 816
f 738 816 737
f 740 821 739
f 816 738 739
f 821 740 741
f 731 815 730
f 640 730 815
f 732 815 731
f 735 818 734
f 734 818 733
f 733 815 732
f 818 735 736
f 818 815 733
f 821 741 742
f 643 638 805
f 804 714 809
f 717 807 809
f 809 716 717
f 711 804 806
f 717 718 807
f 804 711 712
f 713 804 712
f 716 809 715
f 714 715 809
f 713 714 804
f 806 710 711
f 710 806 709
f 810 725 814
f 726 811 725
f 721 810 644
f 724 725 810
f 811 727 728
f 727 811 726
f 720 807 719
f 718 719 807
f 644 720 721
f 724 810 723
f 722 723 810
f 721 722 810
f 807 720 644
f 850 846 852
f 852 846 851
f 850 852 849
f 848 850 847
f 848 845 846
f 850 848 846
f 854 859 860
f 854 856 853
f 858 854 860
f 854 858 856
f 858 855 856
f 857 858 860
f 862 867 868
f 862 864 861
f 864 862 868
f 868 866 864
f 866 863 864
f 865 866 868
f 874 870 872
f 872 870 871
f 876 872 875
f 874 876 873
f 874 869 870
f 876 874 872
f 882 880 878
f 878 880 877
f 884 878 883
f 882 884 881
f 882 879 880
f 884 882 878
f 886 890 888
f 888 890 887
f 892 888 891
f 886 892 885
f 886 889 890
f 892 886 888
f 904 902 898
f 902 904 903
f 901 900 902
f 902 900 898
f 894 893 904
f 896 895 894
f 904 898 896
f 898 900 899
f 896 898 897
f 896 894 904
f 906 914 905
f 1033 916 915
f 1034 915 914
f 917 1030 918
f 919 1028 920
f 918 1029 919
f 1032 917 916
f 1027 922 921
f 1025 924 923
f 1026 923 922
f 925 1022 926
f 927 1020 928
f 926 1021 927
f 1024 925 924
f 920 1027 921
f 1019 929 907
f 1017 931 930
f 1018 930 929
f 932 1014 933
f 934 1012 935
f 933 1013 934
f 1016 932 931
f 1011 937 936
f 1009 939 938
f 1010 938 937
f 940 1006 941
f 942 1004 943
f 941 1005 942
f 1008 940 939
f 935 1011 936
f 928 1019 907
f 943 909 908
f 1003 945 944
f 1001 947 946
f 1002 946 945
f 948 998 949
f 950 996 951
f 949 997 950
f 947 999 948
f 995 953 952
f 993 955 954
f 994 954 953
f 956 990 957
f 958 911 910
f 957 989 958
f 955 991 956
f 996 952 951
f 988 960 959
f 986 962 961
f 987 961 960
f 963 983 964
f 965 981 966
f 964 982 965
f 962 984 963
f 980 968 967
f 978 970 969
f 979 969 968
f 971 975 972
f 973 913 912
f 972 974 973
f 970 976 971
f 981 967 966
f 911 959 910
f 944 909 1003
f 1036 1040 1041
f 1043 1037 1042
f 1046 1039 1045
f 1044 1047 1048
f 1046 1049 1050
f 1052 1047 1051
f 1054 1049 1053
f 1058 1051 1057
f 1055 1059 1060
f 1057 1061 1062
f 1070 1035 1069
f 1070 1071 1035
f 1071 1072 1039
f 1040 1035 1071
f 1073 1039 1072
f 1065 1036 1064
f 1066 1036 1065
f 1067 1068 1035
f 1069 1035 1068
f 1066 1067 1036
f 1035 1036 1067
f 1036 1063 1064
f 1074 1039 1073
f 1075 1045 1039
f 1074 1075 1039
f 1075 1076 1045
f 1078 1045 1077
f 1045 1076 1077
f 1079 1045 1078
f 1041 1040 1133
f 1129 1133 1040
f 1134 1041 1133
f 1040 1046 1129
f 1050 1128 1046
f 1046 1128 1129
f 1049 1045 1079
f 1071 1039 1040
f 1042 1041 1134
f 1125 1126 1037
f 1063 1037 1126
f 1123 1124 1037
f 1125 1037 1124
f 1038 1123 1037
f 1063 1036 1037
f 1120 1121 1038
f 1122 1038 1121
f 1120 1038 1119
f 1044 1118 1119
f 1118 1044 1117
f 1119 1038 1043
f 1038 1122 1123
f 1135 1043 1042
f 1041 1037 1036
f 1134 1135 1042
f 1043 1044 1119
f 1043 1130 1047
f 1130 1131 1047
f 1135 1130 1043
f 1115 1116 1044
f 1044 1116 1117
f 1048 1115 1044
f 1113 1114 1048
f 1115 1048 1114
f 1048 1112 1113
f 1111 1112 1048
f 1049 1080 1081
f 1082 1049 1081
f 1053 1049 1083
f 1082 1083 1049
f 1084 1053 1083
f 1138 1127 1054
f 1050 1054 1127
f 1054 1055 1138
f 1053 1087 1054
f 1061 1055 1060
f 1055 1137 1138
f 1084 1085 1053
f 1050 1127 1128
f 1053 1086 1087
f 1087 1059 1054
f 1089 1059 1088
f 1059 1087 1088
f 1059 1089 1090
f 1060 1059 1091
f 1090 1091 1059
f 1092 1060 1091
f 1060 1093 1094
f 1094 1095 1060
f 1093 1060 1092
f 1086 1053 1085
f 1095 1061 1060
f 1051 1131 1132
f 1057 1051 1132
f 1057 1136 1056
f 1137 1056 1136
f 1132 1136 1057
f 1110 1111 1052
f 1052 1111 1048
f 1109 1110 1052
f 1106 1107 1058
f 1052 1107 1108
f 1108 1109 1052
f 1107 1052 1058
f 1058 1057 1103
f 1051 1047 1131
f 1062 1061 1099
f 1098 1099 1061
f 1100 1062 1099
f 1057 1062 1103
f 1098 1061 1097
f 1096 1097 1061
f 1056 1137 1055
f 1058 1105 1106
f 1058 1104 1105
f 1062 1101 1102
f 1102 1103 1062
f 1104 1058 1103
f 1100 1101 1062
f 1061 1095 1096
f 1049 1079 1080
f 1144 1140 1146
f 1146 1140 1145
f 1144 1146 1143
f 1142 1144 1141
f 1142 1139 1140
f 1144 1142 1140
f 1148 1153 1154
f 1148 1150 1147
f 1150 1148 1154
f 1154 1152 1150
f 1152 1149 1150
f 1151 1152 1154
f 1156 1161 1162
f 1156 1158 1155
f 1160 1156 1162
f 1156 1160 1158
f 1160 1157 1158
f 1159 1160 1162
f 1166 1169 1170
f 1166 1164 1165
f 1164 1166 1170
f 1170 1168 1164
f 1168 1163 1164
f 1167 1168 1170
f 1172 1177 1178
f 1172 1174 1171
f 1174 1172 1178
f 1178 1176 1174
f 1176 1173 1174
f 1175 1176 1178
f 1180 1184 1182
f 1182 1184 1181
f 1186 1182 1185
f 1180 1186 1179
f 1180 1183 1184
f 1186 1180 1182
f 1198 1197 1196
f 1198 1194 1188
f 1195 1194 1196
f 1198 1196 1194
f 1188 1187 1198
f 1188 1193 1189
f 1190 1189 1193
f 1190 1193 1192
f 1190 1192 1191
f 1200 1207 1199
f 1327 1209 1208
f 1328 1208 1207
f 1210 1324 1211
f 1212 1322 1213
f 1211 1323 1212
f 1326 1210 1209
f 1321 1215 1214
f 1319 1217 1216
f 1320 1216 1215
f 1218 1316 1219
f 1220 1314 1221
f 1219 1315 1220
f 1318 1218 1217
f 1213 1321 1214
f 1313 1222 1201
f 1311 1224 1223
f 1312 1223 1222
f 1225 1308 1226
f 1227 1306 1228
f 1226 1307 1227
f 1310 1225 1224
f 1305 1230 1229
f 1303 1232 1231
f 1304 1231 1230
f 1233 1300 1234
f 1235 1298 1236
f 1234 1299 1235
f 1302 1233 1232
f 1228 1305 1229
f 1221 1313 1201
f 1236 1203 1202
f 1297 1238 1237
f 1295 1240 1239
f 1296 1239 1238
f 1241 1292 1242
f 1243 1290 1244
f 1242 1291 1243
f 1240 1293 1241
f 1289 1246 1245
f 1287 1248 1247
f 1288 1247 1246
f 1249 1284 1250
f 1251 1204 1252
f 1250 1283 1251
f 1248 1285 1249
f 1290 1245 1244
f 1282 1254 1253
f 1280 1256 1255
f 1281 1255 1254
f 1257 1277 1258
f 1259 1275 1260
f 1258 1276 1259
f 1256 1278 1257
f 1274 1262 1261
f 1272 1264 1263
f 1273 1263 1262
f 1265 1269 1266
f 1267 1206 1205
f 1266 1268 1267
f 1264 1270 1265
f 1275 1261 1260
f 1204 1253 1252
f 1237 1203 1297
f 1330 1334 1335
f 1337 1331 1336
f 1340 1333 1339
f 1338 1341 1342
f 1344 1339 1343
f 1346 1341 1345
f 1344 1347 1348
f 1352 1345 1351
f 1349 1353 1354
f 1351 1355 1356
f 1364 1329 1363
f 1364 1365 1329
f 1365 1366 1333
f 1334 1329 1365
f 1367 1333 1366
f 1359 1330 1358
f 1360 1330 1359
f 1361 1362 1329
f 1363 1329 1362
f 1360 1361 1330
f 1329 1330 1361
f 1330 1357 1358
f 1368 1333 1367
f 1369 1339 1333
f 1368 1369 1333
f 1369 1370 1339
f 1372 1339 1371
f 1339 1370 1371
f 1373 1339 1372
f 1335 1334 1427
f 1423 1427 1334
f 1428 1335 1427
f 1334 1340 1423
f 1344 1422 1340
f 1340 1422 1423
f 1343 1339 1373
f 1365 1333 1334
f 1336 1335 1428
f 1419 1420 1331
f 1357 1331 1420
f 1417 1418 1331
f 1419 1331 1418
f 1332 1417 1331
f 1357 1330 1331
f 1414 1415 1332
f 1416 1332 1415
f 1414 1332 1413
f 1338 1412 1413
f 1412 1338 1411
f 1413 1332 1337
f 1332 1416 1417
f 1429 1337 1336
f 1335 1331 1330
f 1428 1429 1336
f 1337 1338 1413
f 1337 1424 1341
f 1424 1425 1341
f 1429 1424 1337
f 1409 1410 1338
f 1338 1410 1411
f 1342 1409 1338
f 1407 1408 1342
f 1409 1342 1408
f 1342 1406 1407
f 1405 1406 1342
f 1343 1374 1375
f 1376 1343 1375
f 1347 1343 1377
f 1376 1377 1343
f 1378 1347 1377
f 1432 1421 1348
f 1344 1348 1421
f 1348 1349 1432
f 1347 1381 1348
f 1355 1349 1354
f 1349 1431 1432
f 1378 1379 1347
f 1344 1421 1422
f 1347 1380 1381
f 1381 1353 1348
f 1383 1353 1382
f 1353 1381 1382
f 1353 1383 1384
f 1354 1353 1385
f 1384 1385 1353
f 1386 1354 1385
f 1354 1387 1388
f 1388 1389 1354
f 1387 1354 1386
f 1380 1347 1379
f 1389 1355 1354
f 1345 1425 1426
f 1351 1345 1426
f 1351 1430 1350
f 1431 1350 1430
f 1426 1430 1351
f 1404 1405 1346
f 1346 1405 1342
f 1403 1404 1346
f 1400 1401 1352
f 1346 1401 1402
f 1402 1403 1346
f 1401 1346 1352
f 1352 1351 1397
f 1345 1341 1425
f 1356 1355 1393
f 1392 1393 1355
f 1394 1356 1393
f 1351 1356 1397
f 1392 1355 1391
f 1390 1391 1355
f 1350 1431 1349
f 1352 1399 1400
f 1352 1398 1399
f 1356 1395 1396
f 1396 1397 1356
f 1398 1352 1397
f 1394 1395 1356
f 1355 1389 1390
f 1343 1373 1374
f 1438 1434 1440
f 1440 1434 1439
f 1438 1440 1437
f 1436 1438 1435
f 1436 1433 1434
f 1438 1436 1434
f 1442 1447 1448
f 1442 1444 1441
f 1446 1442 1448
f 1442 1446 1444
f 1446 1443 1444
f 1445 1446 1448
f 1450 1455 1456
f 1450 1452 1449
f 1454 1450 1456
f 1450 1454 1452
f 1454 1451 1452
f 1453 1454 1456
f 1460 1463 1464
f 1460 1458 1459
f 1462 1460 1464
f 1460 1462 1458
f 1462 1457 1458
f 1461 1462 1464
f 1466 1471 1472
f 1466 1468 1465
f 1470 1466 1472
f 1466 1470 1468
f 1470 1467 1468
f 1469 1470 1472
f 1474 1478 1476
f 1476 1478 1475
f 1480 1476 1479
f 1474 1480 1473
f 1474 1477 1478
f 1480 1474 1476
f 1492 1490 1486
f 1490 1492 1491
f 1489 1488 1490
f 1490 1488 1486
f 1482 1481 1492
f 1484 1483 1482
f 1492 1486 1484
f 1486 1488 1487
f 1484 1486 1485
f 1484 1482 1492
f 1494 1500 1493
f 1621 1502 1501
f 1622 1501 1500
f 1503 1618 1504
f 1505 1616 1506
f 1504 1617 1505
f 1620 1503 1502
f 1615 1508 1507
f 1613 1510 1509
f 1614 1509 1508
f 1511 1610 1512
f 1513 1608 1514
f 1512 1609 1513
f 1612 1511 1510
f 1506 1615 1507
f 1607 1516 1515
f 1605 1518 1517
f 1606 1517 1516
f 1519 1602 1520
f 1521 1600 1522
f 1520 1601 1521
f 1604 1519 1518
f 1599 1524 1523
f 1597 1526 1525
f 1598 1525 1524
f 1527 1594 1528
f 1529 1592 1530
f 1528 1593 1529
f 1596 1527 1526
f 1522 1599 1523
f 1514 1607 1515
f 1530 1496 1495
f 1591 1532 1531
f 1589 1534 1533
f 1590 1533 1532
f 1535 1586 1536
f 1537 1584 1538
f 1536 1585 1537
f 1534 1587 1535
f 1583 1540 1539
f 1581 1542 1541
f 1582 1541 1540
f 1543 1578 1544
f 1545 1497 1546
f 1544 1577 1545
f 1542 1579 1543
f 1584 1539 1538
f 1576 1548 1547
f 1574 1550 1549
f 1575 1549 1548
f 1551 1571 1552
f 1553 1569 1554
f 1552 1570 1553
f 1550 1572 1551
f 1568 1556 1555
f 1566 1558 1557
f 1567 1557 1556
f 1559 1563 1560
f 1561 1499 1498
f 1560 1562 1561
f 1558 1564 1559
f 1569 1555 1554
f 1497 1547 1546
f 1531 1496 1591
f 1624 1628 1629
f 1631 1625 1630
f 1634 1627 1633
f 1632 1635 1636
f 1634 1637 1638
f 1640 1635 1639
f 1638 1641 1642
f 1646 1639 1645
f 1648 1642 1647
f 1645 1649 1650
f 1657 1623 1656
f 1657 1658 1623
f 1659 1628 1623
f 1659 1623 1658
f 1627 1659 1660
f 1652 1624 1651
f 1653 1624 1652
f 1624 1655 1623
f 1656 1623 1655
f 1653 1654 1624
f 1655 1624 1654
f 1624 1625 1651
f 1661 1627 1660
f 1627 1662 1663
f 1663 1633 1627
f 1659 1627 1628
f 1665 1633 1664
f 1633 1663 1664
f 1666 1633 1665
f 1629 1628 1721
f 1717 1721 1628
f 1630 1629 1722
f 1628 1634 1717
f 1638 1716 1634
f 1634 1716 1717
f 1667 1633 1666
f 1627 1661 1662
f 1721 1722 1629
f 1712 1713 1625
f 1714 1625 1713
f 1626 1711 1625
f 1712 1625 1711
f 1631 1707 1626
f 1710 1711 1626
f 1714 1651 1625
f 1710 1626 1709
f 1709 1626 1708
f 1632 1706 1707
f 1706 1632 1705
f 1708 1626 1707
f 1632 1704 1705
f 1723 1631 1630
f 1630 1624 1629
f 1722 1723 1630
f 1635 1631 1718
f 1631 1723 1718
f 1719 1635 1718
f 1702 1703 1636
f 1632 1636 1703
f 1704 1632 1703
f 1702 1636 1701
f 1636 1700 1701
f 1700 1636 1699
f 1719 1639 1635
f 1707 1631 1632
f 1667 1668 1637
f 1668 1669 1637
f 1671 1637 1670
f 1670 1637 1669
f 1672 1641 1671
f 1715 1638 1642
f 1715 1642 1726
f 1641 1675 1642
f 1643 1725 1726
f 1642 1643 1726
f 1641 1637 1671
f 1672 1673 1641
f 1638 1715 1716
f 1641 1674 1675
f 1675 1647 1642
f 1677 1647 1676
f 1647 1675 1676
f 1647 1677 1678
f 1648 1647 1679
f 1678 1679 1647
f 1680 1648 1679
f 1648 1681 1682
f 1682 1683 1648
f 1681 1648 1680
f 1649 1643 1648
f 1674 1641 1673
f 1648 1683 1649
f 1720 1645 1639
f 1720 1639 1719
f 1724 1645 1720
f 1724 1644 1645
f 1644 1725 1643
f 1725 1644 1724
f 1698 1699 1640
f 1640 1699 1636
f 1697 1698 1640
f 1694 1695 1646
f 1640 1695 1696
f 1696 1697 1640
f 1695 1640 1646
f 1646 1645 1691
f 1650 1649 1687
f 1686 1687 1649
f 1688 1650 1687
f 1645 1650 1691
f 1686 1649 1685
f 1684 1685 1649
f 1646 1693 1694
f 1646 1692 1693
f 1650 1689 1690
f 1690 1691 1650
f 1692 1646 1691
f 1688 1689 1650
f 1649 1683 1684
f 1633 1667 1637
f 1734 1731 1732
f 1734 1728 1733
f 1728 1734 1732
f 1732 1730 1728
f 1730 1727 1728
f 1729 1730 1732
f 1736 1741 1742
f 1736 1738 1735
f 1738 1736 1742
f 1742 1740 1738
f 1740 1737 1738
f 1739 1740 1742
f 1744 1749 1750
f 1744 1746 1743
f 1746 1744 1750
f 1750 1748 1746
f 1748 1745 1746
f 1747 1748 1750
f 1754 1757 1758
f 1754 1752 1753
f 1756 1754 1758
f 1754 1756 1752
f 1756 1751 1752
f 1755 1756 1758
f 1760 1765 1766
f 1760 1762 1759
f 1764 1760 1766
f 1760 1764 1762
f 1764 1761 1762
f 1763 1764 1766
f 1768 1772 1770
f 1770 1772 1769
f 1774 1770 1773
f 1768 1774 1767
f 1768 1771 1772
f 1774 1768 1770
f 1776 1775 1786
f 1782 1786 1784
f 1786 1785 1784
f 1784 1783 1782
f 1776 1786 1782
f 1780 1779 1778
f 1781 1778 1777
f 1781 1776 1782
f 1780 1778 1781
f 1788 1793 1787
f 2047 1795 1794
f 2047 1796 1795
f 1788 1794 1793
f 2048 1798 1797
f 2049 1800 1799
f 2049 1801 1800
f 2048 1799 1798
f 2047 1797 1796
f 2050 1803 1802
f 2051 1805 1804
f 2052 1806 1805
f 2051 1804 1803
f 2053 1808 1807
f 2054 1810 1809
f 2054 1811 1810
f 2053 1809 1808
f 2052 1807 1806
f 2050 1802 1801
f 2047 1794 2045
f 1794 1788 2045
f 2048 2049 1799
f 1797 2047 2048
f 2049 2050 1801
f 2040 2049 2048
f 1812 1811 2055
f 2042 2048 2047
f 2036 2051 2050
f 2051 1803 2050
f 2032 2053 2052
f 2053 1807 2052
f 2054 1809 2053
f 2030 2054 2053
f 2051 2052 1805
f 2034 2052 2051
f 1811 2054 2055
f 2038 2050 2049
f 2056 1814 1813
f 2057 1816 1815
f 2057 1817 1816
f 2056 1815 1814
f 2026 2056 2055
f 2056 1813 2055
f 2058 1817 2057
f 1815 2056 2057
f 1819 1818 2058
f 2022 2058 2057
f 2024 2057 2056
f 1812 2055 1813
f 2028 2055 2054
f 2059 1820 1819
f 2060 1822 1821
f 2060 1823 1822
f 2059 1821 1820
f 1824 1823 2061
f 1826 1825 2062
f 1827 1826 2062
f 1825 1824 2061
f 2061 1823 2060
f 1829 1828 2063
f 1831 1830 2064
f 1832 1831 2065
f 1830 1829 2064
f 1834 1833 2066
f 1836 1835 2067
f 1837 1836 2067
f 1835 1834 2066
f 1833 1832 2065
f 1828 1827 2063
f 1839 1838 2068
f 1841 1840 2069
f 1842 1841 2070
f 1840 1839 2069
f 2018 2060 2059
f 2059 2060 1821
f 1844 1843 2071
f 1845 1844 2071
f 1843 1842 2070
f 1845 2072 1846
f 1837 2068 1838
f 1847 1846 2072
f 1849 1848 2073
f 1850 1849 2074
f 1848 1847 2073
f 1852 1851 2075
f 1854 1853 2076
f 1855 1854 2076
f 1853 1852 2075
f 1851 1850 2074
f 1856 1855 2077
f 2058 2059 1819
f 2020 2059 2058
f 2046 1788 1789
f 2044 2047 2045
f 2043 2047 2044
f 2046 2045 1788
f 2038 2049 2039
f 2041 2040 2048
f 2043 2042 2047
f 2036 2050 2037
f 1825 2061 2062
f 1827 2062 2063
f 2030 2053 2031
f 2014 2062 2061
f 2034 2051 2035
f 2032 2052 2033
f 2012 2063 2062
f 2016 2061 2060
f 2026 2055 2027
f 2029 2028 2054
f 2024 2056 2025
f 2022 2057 2023
f 2016 2060 2017
f 2019 2018 2059
f 2061 2015 2014
f 2062 2013 2012
f 2021 2020 2058
f 2011 2010 2063
f 2064 2010 2009
f 2063 2010 2064
f 2008 2065 2064
f 1833 2065 2066
f 1835 2066 2067
f 2006 2066 2065
f 2065 1831 2064
f 2066 2005 2004
f 2064 2009 2008
f 2065 2007 2006
f 2004 2067 2066
f 2002 2068 2067
f 1839 2068 2069
f 1998 2070 2069
f 1843 2070 2071
f 1845 2071 2072
f 1996 2071 2070
f 2070 1841 2069
f 2000 2069 2068
f 1992 2073 2072
f 1849 2073 2074
f 1988 2075 2074
f 1853 2075 2076
f 1855 2076 2077
f 1986 2076 2075
f 2075 1851 2074
f 1990 2074 2073
f 2073 1847 2072
f 1994 2072 2071
f 2068 1837 2067
f 1984 2077 2076
f 2068 2001 2000
f 2002 2067 2003
f 2069 1999 1998
f 2070 1997 1996
f 2073 1991 1990
f 1992 2072 1993
f 2074 1989 1988
f 2076 1985 1984
f 1986 2075 1987
f 1994 2071 1995
f 2064 1829 2063
f 2077 1857 1856
f 2078 1858 1857
f 2079 1860 1859
f 2079 1861 1860
f 2078 1859 1858
f 2080 1863 1862
f 2081 1865 1864
f 2082 1866 1865
f 2081 1864 1863
f 2080 1862 1861
f 2083 1868 1867
f 2084 1870 1869
f 2084 1871 1870
f 2083 1869 1868
f 2085 1873 1872
f 2086 1875 1874
f 2087 1876 1875
f 2086 1874 1873
f 2085 1872 1871
f 2082 1867 1866
f 1980 2079 2078
f 2079 1859 2078
f 1976 2081 2080
f 2081 1863 2080
f 2082 1865 2081
f 1974 2082 2081
f 2079 2080 1861
f 1978 2080 2079
f 1970 2084 2083
f 2084 1869 2083
f 1966 2086 2085
f 2086 1873 2085
f 2087 1875 2086
f 1964 2087 2086
f 2084 2085 1871
f 1968 2085 2084
f 2082 2083 1867
f 1972 2083 2082
f 2088 1878 1877
f 2089 1880 1879
f 2089 1881 1880
f 2088 1879 1878
f 1960 2089 2088
f 2089 1879 2088
f 2090 1883 1882
f 2091 1883 2090
f 2090 1881 2089
f 1958 2090 2089
f 2087 2088 1877
f 1877 1876 2087
f 1962 2088 2087
f 1982 2078 2077
f 2091 1885 1884
f 2092 1887 1886
f 2093 1888 1887
f 2092 1886 1885
f 2094 1889 2093
f 1891 1890 2094
f 1892 1891 2095
f 2093 1889 1888
f 1894 1893 2096
f 1896 1895 2097
f 1897 1896 2097
f 1895 1894 2096
f 1899 1898 2098
f 1901 1900 2099
f 1902 1901 2100
f 1900 1899 2099
f 1898 1897 2098
f 1893 1892 2095
f 1904 1903 2101
f 1906 1905 2102
f 1907 1906 2102
f 1905 1904 2101
f 1954 2092 2091
f 2091 2092 1885
f 1908 2103 1909
f 2093 1887 2092
f 1909 2104 1910
f 2103 1908 1907
f 1952 2093 2092
f 1903 1902 2100
f 1911 1910 2104
f 1913 1912 2105
f 1914 1913 2106
f 1912 1911 2105
f 1916 1915 2107
f 1918 1917 2108
f 1919 1918 2108
f 1917 1916 2107
f 1915 1914 2106
f 1790 1919 1791
f 1956 2091 2090
f 1983 1982 2077
f 1980 2078 1981
f 1974 2081 1975
f 1977 1976 2080
f 1979 1978 2079
f 1972 2082 1973
f 1970 2083 1971
f 1891 2094 2095
f 1966 2085 1967
f 1969 1968 2084
f 1948 2095 2094
f 1950 2094 2093
f 1964 2086 1965
f 1962 2087 1963
f 1956 2090 1957
f 1959 1958 2089
f 1961 1960 2088
f 1954 2091 1955
f 1952 2092 1953
f 2095 1947 1946
f 1948 2094 1949
f 1951 1950 2093
f 1946 2096 2095
f 2096 1945 1944
f 1944 2097 2096
f 1897 2097 2098
f 1899 2098 2099
f 1942 2098 2097
f 2097 1895 2096
f 1940 2099 2098
f 2098 1941 1940
f 1942 2097 1943
f 1938 2100 2099
f 1903 2100 2101
f 1934 2102 2101
f 1907 2102 2103
f 1909 2103 2104
f 1932 2103 2102
f 2102 1905 2101
f 1936 2101 2100
f 1928 2105 2104
f 1913 2105 2106
f 1924 2107 2106
f 1917 2107 2108
f 1919 2108 1791
f 1922 2108 2107
f 2107 1915 2106
f 1926 2106 2105
f 2105 1911 2104
f 1930 2104 2103
f 2100 1901 2099
f 1920 1791 2108
f 2099 1939 1938
f 2100 1937 1936
f 2103 1931 1930
f 1932 2102 1933
f 1934 2101 1935
f 2104 1929 1928
f 2105 1927 1926
f 2107 1923 1922
f 2108 1921 1920
f 1924 2106 1925
f 2096 1893 2095
f 1857 2077 2078
f 2110 2271 2269
f 2269 2270 2109
f 2111 2268 2265
f 2268 2110 2265
f 2112 2324 2323
f 2324 2111 2323
f 2114 2276 2273
f 2274 2272 2276
f 2276 2113 2273
f 2269 2109 2274
f 2274 2114 2115
f 2115 2110 2269
f 2269 2274 2115
f 2320 2112 2323
f 2323 2111 2116
f 2116 2117 2320
f 2320 2323 2116
f 2118 2321 2318
f 2321 2112 2320
f 2318 2320 2117
f 2119 2280 2278
f 2279 2277 2280
f 2273 2113 2279
f 2279 2119 2120
f 2120 2114 2273
f 2273 2279 2120
f 2315 2118 2318
f 2318 2117 2121
f 2121 2122 2315
f 2315 2318 2121
f 2314 2315 2316
f 2311 2315 2122
f 2123 2283 2281
f 2119 2283 2282
f 2282 2123 2124
f 2120 2119 2282
f 2124 2120 2282
f 2312 2122 2121
f 2125 2126 2312
f 2121 2125 2312
f 2313 2122 2312
f 2313 2126 2308
f 2285 2284 2127
f 2285 2281 2286
f 2285 2127 2290
f 2290 2128 2124
f 2124 2123 2285
f 2285 2290 2124
f 2304 2132 2309
f 2309 2126 2125
f 2125 2131 2304
f 2304 2309 2125
f 2310 2126 2309
f 2310 2132 2307
f 2133 2291 2288
f 2289 2290 2291
f 2291 2127 2287
f 2289 2133 2294
f 2294 2134 2129
f 2129 2128 2289
f 2289 2294 2129
f 2300 2136 2305
f 2305 2131 2130
f 2130 2135 2300
f 2300 2305 2130
f 2132 2306 2303
f 2306 2131 2305
f 2302 2305 2136
f 2134 2295 2293
f 2295 2133 2292
f 2135 2298 2296
f 2298 2134 2293
f 2299 2300 2301
f 2301 2135 2296
f 2148 2149 2109
f 2149 2150 2272
f 2270 2147 2148
f 2148 2109 2270
f 2146 2147 2270
f 2272 2150 2151
f 2153 2276 2272
f 2153 2154 2275
f 2149 2272 2109
f 2153 2272 2152
f 2152 2272 2151
f 2140 2267 2139
f 2140 2141 2267
f 2138 2139 2268
f 2138 2268 2137
f 2141 2142 2267
f 2145 2271 2144
f 2270 2145 2146
f 2142 2271 2267
f 2144 2271 2143
f 2139 2267 2268
f 2145 2270 2271
f 2143 2271 2142
f 2154 2155 2275
f 2161 2277 2160
f 2161 2280 2277
f 2277 2158 2159
f 2160 2277 2159
f 2113 2158 2277
f 2162 2280 2161
f 2167 2278 2166
f 2167 2283 2278
f 2164 2165 2278
f 2278 2165 2166
f 2164 2280 2163
f 2163 2280 2162
f 2167 2168 2283
f 2275 2156 2157
f 2113 2275 2157
f 2153 2275 2276
f 2157 2158 2113
f 2156 2275 2155
f 2164 2278 2280
f 2124 2326 2120
f 2120 2327 2114
f 2115 2265 2110
f 2331 2115 2114
f 2120 2326 2327
f 2114 2327 2331
f 2331 2332 2115
f 2261 2262 2266
f 2266 2262 2263
f 2260 2261 2266
f 2324 2259 2260
f 2264 2268 2263
f 2266 2324 2260
f 2324 2257 2258
f 2322 2257 2324
f 2324 2258 2259
f 2268 2266 2263
f 2268 2264 2137
f 2255 2256 2322
f 2322 2256 2257
f 2254 2255 2322
f 2253 2254 2112
f 2319 2252 2253
f 2322 2112 2254
f 2251 2252 2319
f 2112 2319 2253
f 2249 2319 2321
f 2250 2251 2319
f 2249 2250 2319
f 2249 2317 2248
f 2248 2317 2247
f 2116 2111 2265
f 2333 2117 2116
f 2245 2246 2317
f 2317 2246 2247
f 2317 2118 2245
f 2321 2317 2249
f 2333 2328 2117
f 2244 2245 2118
f 2329 2121 2328
f 2117 2328 2121
f 2332 2333 2116
f 2116 2265 2115
f 2314 2244 2118
f 2243 2314 2242
f 2241 2242 2314
f 2239 2240 2316
f 2240 2241 2316
f 2244 2314 2243
f 2238 2316 2311
f 2237 2238 2311
f 2239 2316 2238
f 2236 2237 2311
f 2235 2236 2311
f 2234 2235 2313
f 2311 2313 2235
f 2316 2241 2314
f 2329 2125 2121
f 2116 2115 2332
f 2168 2169 2283
f 2171 2283 2170
f 2171 2281 2283
f 2172 2173 2281
f 2281 2171 2172
f 2173 2174 2281
f 2169 2170 2283
f 2176 2286 2175
f 2286 2176 2177
f 2179 2284 2178
f 2177 2178 2284
f 2174 2175 2286
f 2180 2284 2179
f 2174 2286 2281
f 2177 2284 2286
f 2325 2124 2128
f 2128 2336 2325
f 2181 2287 2127
f 2180 2127 2284
f 2182 2287 2181
f 2336 2128 2129
f 2287 2185 2291
f 2183 2287 2182
f 2127 2180 2181
f 2129 2335 2336
f 2124 2325 2326
f 2287 2184 2185
f 2288 2291 2185
f 2189 2133 2288
f 2185 2186 2288
f 2186 2187 2288
f 2288 2188 2189
f 2133 2189 2190
f 2191 2292 2190
f 2190 2292 2133
f 2292 2191 2192
f 2187 2188 2288
f 2192 2193 2292
f 2194 2295 2193
f 2196 2293 2295
f 2134 2297 2129
f 2195 2295 2194
f 2193 2295 2292
f 2196 2197 2293
f 2293 2197 2198
f 2293 2199 2298
f 2199 2200 2298
f 2293 2198 2199
f 2196 2295 2195
f 2200 2201 2298
f 2183 2184 2287
f 2130 2129 2297
f 2330 2125 2329
f 2125 2330 2131
f 2231 2313 2308
f 2228 2308 2310
f 2131 2330 2334
f 2334 2130 2131
f 2335 2129 2130
f 2303 2221 2132
f 2217 2303 2306
f 2220 2221 2303
f 2130 2334 2335
f 2221 2222 2132
f 2228 2229 2308
f 2230 2308 2229
f 2232 2313 2231
f 2308 2230 2231
f 2313 2232 2233
f 2223 2307 2222
f 2132 2222 2307
f 2224 2307 2223
f 2227 2310 2226
f 2226 2310 2225
f 2225 2307 2224
f 2310 2227 2228
f 2310 2307 2225
f 2313 2233 2234
f 2135 2130 2297
f 2296 2206 2301
f 2209 2299 2301
f 2301 2208 2209
f 2203 2296 2298
f 2209 2210 2299
f 2296 2203 2204
f 2205 2296 2204
f 2208 2301 2207
f 2206 2207 2301
f 2205 2206 2296
f 2298 2202 2203
f 2202 2298 2201
f 2302 2217 2306
f 2218 2303 2217
f 2213 2302 2136
f 2216 2217 2302
f 2303 2219 2220
f 2219 2303 2218
f 2212 2299 2211
f 2210 2211 2299
f 2136 2212 2213
f 2216 2302 2215
f 2214 2215 2302
f 2213 2214 2302
f 2299 2212 2136
f 2344 2341 2342
f 2344 2338 2343
f 2338 2344 2342
f 2342 2340 2338
f 2340 2337 2338
f 2339 2340 2342
f 2346 2351 2352
f 2346 2348 2345
f 2350 2346 2352
f 2346 2350 2348
f 2350 2347 2348
f 2349 2350 2352
f 2354 2359 2360
f 2354 2356 2353
f 2356 2354 2360
f 2360 2358 2356
f 2358 2355 2356
f 2357 2358 2360
f 2364 2367 2368
f 2364 2362 2363
f 2362 2364 2368
f 2368 2366 2362
f 2366 2361 2362
f 2365 2366 2368
f 2370 2375 2376
f 2370 2372 2369
f 2374 2370 2376
f 2370 2374 2372
f 2374 2371 2372
f 2373 2374 2376
f 2384 2382 2380
f 2380 2382 2379
f 2384 2380 2383
f 2378 2384 2377
f 2378 2381 2382
f 2384 2378 2382
f 2386 2385 2396
f 2390 2396 2394
f 2396 2395 2394
f 2394 2393 2392
f 2386 2396 2388
f 2390 2389 2388
f 2388 2396 2390
f 2391 2390 2392
f 2390 2394 2392
f 2387 2386 2388
f 2398 2405 2397
f 2525 2407 2406
f 2526 2406 2405
f 2408 2522 2409
f 2410 2520 2411
f 2409 2521 2410
f 2524 2408 2407
f 2519 2413 2412
f 2517 2415 2414
f 2518 2414 2413
f 2416 2514 2417
f 2418 2512 2419
f 2417 2513 2418
f 2516 2416 2415
f 2411 2519 2412
f 2511 2421 2420
f 2509 2423 2422
f 2510 2422 2421
f 2424 2506 2425
f 2426 2504 2427
f 2425 2505 2426
f 2508 2424 2423
f 2503 2429 2428
f 2501 2431 2430
f 2502 2430 2429
f 2432 2498 2433
f 2434 2496 2435
f 2433 2497 2434
f 2500 2432 2431
f 2427 2503 2428
f 2419 2511 2420
f 2435 2400 2399
f 2495 2437 2436
f 2493 2439 2438
f 2494 2438 2437
f 2440 2490 2441
f 2442 2488 2443
f 2441 2489 2442
f 2439 2491 2440
f 2487 2445 2444
f 2485 2447 2446
f 2486 2446 2445
f 2448 2482 2449
f 2450 2402 2401
f 2449 2481 2450
f 2447 2483 2448
f 2488 2444 2443
f 2480 2452 2451
f 2478 2454 2453
f 2479 2453 2452
f 2455 2475 2456
f 2457 2473 2458
f 2456 2474 2457
f 2454 2476 2455
f 2472 2460 2459
f 2470 2462 2461
f 2471 2461 2460
f 2463 2467 2464
f 2465 2404 2403
f 2464 2466 2465
f 2462 2468 2463
f 2473 2459 2458
f 2402 2451 2401
f 2436 2400 2495
f 2533 2527 2532
f 2530 2534 2535
f 2538 2531 2537
f 2540 2535 2539
f 2542 2537 2541
f 2544 2539 2543
f 2546 2541 2545
f 2544 2549 2550
f 2547 2551 2552
f 2554 2548 2553
f 2561 2527 2560
f 2561 2562 2527
f 2563 2532 2527
f 2563 2527 2562
f 2531 2563 2564
f 2556 2528 2555
f 2557 2528 2556
f 2528 2559 2527
f 2560 2527 2559
f 2557 2558 2528
f 2559 2528 2558
f 2528 2529 2555
f 2565 2531 2564
f 2531 2566 2567
f 2567 2537 2531
f 2563 2531 2532
f 2569 2537 2568
f 2537 2567 2568
f 2570 2537 2569
f 2533 2532 2625
f 2621 2625 2532
f 2534 2533 2626
f 2532 2538 2621
f 2542 2620 2538
f 2538 2620 2621
f 2571 2537 2570
f 2531 2565 2566
f 2625 2626 2533
f 2616 2617 2529
f 2618 2529 2617
f 2530 2615 2529
f 2616 2529 2615
f 2535 2611 2530
f 2614 2615 2530
f 2618 2555 2529
f 2614 2530 2613
f 2613 2530 2612
f 2536 2610 2611
f 2610 2536 2609
f 2612 2530 2611
f 2536 2608 2609
f 2627 2535 2534
f 2534 2528 2533
f 2626 2627 2534
f 2539 2535 2622
f 2535 2627 2622
f 2623 2539 2622
f 2606 2607 2540
f 2536 2540 2607
f 2608 2536 2607
f 2606 2540 2605
f 2540 2604 2605
f 2604 2540 2603
f 2623 2543 2539
f 2611 2535 2536
f 2571 2572 2541
f 2572 2573 2541
f 2575 2541 2574
f 2574 2541 2573
f 2576 2545 2575
f 2619 2542 2546
f 2619 2546 2630
f 2545 2579 2546
f 2547 2629 2630
f 2546 2547 2630
f 2545 2541 2575
f 2576 2577 2545
f 2542 2619 2620
f 2545 2578 2579
f 2579 2551 2546
f 2581 2551 2580
f 2551 2579 2580
f 2551 2581 2582
f 2552 2551 2583
f 2582 2583 2551
f 2584 2552 2583
f 2552 2585 2586
f 2586 2587 2552
f 2585 2552 2584
f 2552 2548 2547
f 2578 2545 2577
f 2552 2587 2553
f 2624 2549 2543
f 2624 2543 2623
f 2628 2549 2624
f 2628 2548 2549
f 2548 2629 2547
f 2629 2548 2628
f 2602 2603 2544
f 2544 2603 2540
f 2601 2602 2544
f 2598 2599 2550
f 2544 2599 2600
f 2600 2601 2544
f 2599 2544 2550
f 2550 2549 2595
f 2554 2553 2591
f 2590 2591 2553
f 2592 2554 2591
f 2549 2554 2595
f 2590 2553 2589
f 2588 2589 2553
f 2550 2597 2598
f 2550 2596 2597
f 2554 2593 2594
f 2594 2595 2554
f 2596 2550 2595
f 2592 2593 2554
f 2553 2587 2588
f 2537 2571 2541
f 2634 2632 2638
f 2638 2632 2637
f 2636 2638 2635
f 2634 2636 2633
f 2634 2631 2632
f 2636 2634 2638
f 2640 2645 2646
f 2640 2642 2639
f 2642 2640 2646
f 2646 2644 2642
f 2644 2641 2642
f 2643 2644 2646
f 2648 2653 2654
f 2648 2650 2647
f 2652 2648 2654
f 2648 2652 2650
f 2652 2649 2650
f 2651 2652 2654
f 2660 2656 2658
f 2658 2656 2657
f 2662 2658 2661
f 2660 2662 2659
f 2660 2655 2656
f 2662 2660 2658
f 2670 2666 2664
f 2664 2666 2663
f 2670 2664 2669
f 2668 2670 2667
f 2668 2665 2666
f 2670 2668 2666
f 2672 2676 2674
f 2674 2676 2673
f 2678 2674 2677
f 2672 2678 2671
f 2672 2675 2676
f 2678 2672 2674
f 2690 2689 2688
f 2688 2684 2690
f 2687 2686 2688
f 2688 2686 2684
f 2680 2679 2690
f 2682 2681 2680
f 2690 2684 2682
f 2684 2686 2685
f 2682 2684 2683
f 2682 2680 2690
f 2692 2699 2691
f 2819 2701 2700
f 2820 2700 2699
f 2702 2816 2703
f 2704 2814 2705
f 2703 2815 2704
f 2818 2702 2701
f 2813 2707 2706
f 2811 2709 2708
f 2812 2708 2707
f 2710 2808 2711
f 2712 2806 2713
f 2711 2807 2712
f 2810 2710 2709
f 2705 2813 2706
f 2805 2715 2714
f 2803 2717 2716
f 2804 2716 2715
f 2718 2800 2719
f 2720 2798 2721
f 2719 2799 2720
f 2802 2718 2717
f 2797 2723 2722
f 2795 2725 2724
f 2796 2724 2723
f 2726 2792 2727
f 2728 2790 2729
f 2727 2791 2728
f 2794 2726 2725
f 2721 2797 2722
f 2713 2805 2714
f 2729 2694 2693
f 2789 2731 2730
f 2787 2733 2732
f 2788 2732 2731
f 2734 2784 2735
f 2736 2782 2737
f 2735 2783 2736
f 2733 2785 2734
f 2781 2739 2738
f 2779 2741 2740
f 2780 2740 2739
f 2742 2776 2743
f 2744 2696 2695
f 2743 2775 2744
f 2741 2777 2742
f 2782 2738 2737
f 2774 2746 2745
f 2772 2748 2747
f 2773 2747 2746
f 2749 2769 2750
f 2751 2767 2752
f 2750 2768 2751
f 2748 2770 2749
f 2766 2754 2753
f 2764 2756 2755
f 2765 2755 2754
f 2757 2761 2758
f 2759 2698 2697
f 2758 2760 2759
f 2756 2762 2757
f 2767 2753 2752
f 2696 2745 2695
f 2730 2694 2789
f 2827 2821 2826
f 2824 2828 2829
f 2832 2825 2831
f 2834 2829 2833
f 2836 2831 2835
f 2838 2833 2837
f 2840 2835 2839
f 2838 2843 2844
f 2841 2845 2846
f 2848 2842 2847
f 2855 2821 2854
f 2855 2856 2821
f 2857 2826 2821
f 2857 2821 2856
f 2825 2857 2858
f 2850 2822 2849
f 2851 2822 2850
f 2822 2853 2821
f 2854 2821 2853
f 2851 2852 2822
f 2853 2822 2852
f 2822 2823 2849
f 2859 2825 2858
f 2825 2860 2861
f 2861 2831 2825
f 2857 2825 2826
f 2863 2831 2862
f 2831 2861 2862
f 2864 2831 2863
f 2827 2826 2919
f 2915 2919 2826
f 2828 2827 2920
f 2826 2832 2915
f 2836 2914 2832
f 2832 2914 2915
f 2865 2831 2864
f 2825 2859 2860
f 2919 2920 2827
f 2910 2911 2823
f 2912 2823 2911
f 2824 2909 2823
f 2910 2823 2909
f 2829 2905 2824
f 2908 2909 2824
f 2912 2849 2823
f 2908 2824 2907
f 2907 2824 2906
f 2830 2904 2905
f 2904 2830 2903
f 2906 2824 2905
f 2830 2902 2903
f 2921 2829 2828
f 2828 2822 2827
f 2920 2921 2828
f 2833 2829 2916
f 2829 2921 2916
f 2917 2833 2916
f 2900 2901 2834
f 2830 2834 2901
f 2902 2830 2901
f 2900 2834 2899
f 2834 2898 2899
f 2898 2834 2897
f 2917 2837 2833
f 2905 2829 2830
f 2865 2866 2835
f 2866 2867 2835
f 2869 2835 2868
f 2868 2835 2867
f 2870 2839 2869
f 2913 2836 2840
f 2913 2840 2924
f 2839 2873 2840
f 2841 2923 2924
f 2840 2841 2924
f 2839 2835 2869
f 2870 2871 2839
f 2836 2913 2914
f 2839 2872 2873
f 2873 2845 2840
f 2875 2845 2874
f 2845 2873 2874
f 2845 2875 2876
f 2846 2845 2877
f 2876 2877 2845
f 2878 2846 2877
f 2846 2879 2880
f 2880 2881 2846
f 2879 2846 2878
f 2846 2842 2841
f 2872 2839 2871
f 2846 2881 2847
f 2918 2843 2837
f 2918 2837 2917
f 2922 2843 2918
f 2922 2842 2843
f 2842 2923 2841
f 2923 2842 2922
f 2896 2897 2838
f 2838 2897 2834
f 2895 2896 2838
f 2892 2893 2844
f 2838 2893 2894
f 2894 2895 2838
f 2893 2838 2844
f 2844 2843 2889
f 2848 2847 2885
f 2884 2885 2847
f 2886 2848 2885
f 2843 2848 2889
f 2884 2847 2883
f 2882 2883 2847
f 2844 2891 2892
f 2844 2890 2891
f 2848 2887 2888
f 2888 2889 2848
f 2890 2844 2889
f 2886 2887 2848
f 2847 2881 2882
f 2831 2865 2835
f 2928 2926 2932
f 2932 2926 2931
f 2930 2932 2929
f 2928 2930 2927
f 2928 2925 2926
f 2930 2928 2932
f 2934 2939 2940
f 2934 2936 2933
f 2936 2934 2940
f 2940 2938 2936
f 2938 2935 2936
f 2937 2938 2940
f 2942 2947 2948
f 2942 2944 2941
f 2944 2942 2948
f 2948 2946 2944
f 2946 2943 2944
f 2945 2946 2948
f 2954 2950 2952
f 2952 2950 2951
f 2956 2952 2955
f 2954 2956 2953
f 2954 2949 2950
f 2956 2954 2952
f 2962 2960 2958
f 2958 2960 2957
f 2964 2958 2963
f 2962 2964 2961
f 2962 2959 2960
f 2964 2962 2958
f 2966 2970 2968
f 2968 2970 2967
f 2972 2968 2971
f 2966 2972 2965
f 2966 2969 2970
f 2972 2966 2968
f 2983 2976 2984
f 2978 2983 2982
f 2981 2980 2982
f 2982 2980 2978
f 2974 2973 2984
f 2976 2975 2974
f 2976 2983 2977
f 2978 2980 2979
f 2977 2983 2978
f 2976 2974 2984
f 2 130 5
f 129 128 7
f 130 129 6
f 8 127 126
f 10 125 124
f 9 126 125
f 128 127 8
f 123 122 13
f 121 120 15
f 122 121 14
f 16 119 118
f 18 117 116
f 17 118 117
f 120 119 16
f 11 124 123
f 115 114 21
f 113 112 23
f 114 113 22
f 24 111 110
f 26 109 108
f 25 110 109
f 112 111 24
f 107 106 29
f 105 104 31
f 106 105 30
f 32 103 102
f 34 101 100
f 33 102 101
f 104 103 32
f 27 108 107
f 19 116 115
f 35 100 99
f 98 97 38
f 96 95 40
f 97 96 39
f 41 94 93
f 43 92 91
f 42 93 92
f 40 95 94
f 90 89 46
f 88 87 48
f 89 88 47
f 49 86 85
f 51 84 83
f 50 85 84
f 48 87 86
f 91 90 45
f 82 81 54
f 80 79 56
f 81 80 55
f 57 78 77
f 59 76 75
f 58 77 76
f 56 79 78
f 74 73 62
f 72 71 64
f 73 72 63
f 65 70 69
f 67 68 4
f 66 69 68
f 64 71 70
f 75 74 61
f 83 82 53
f 37 36 99
f 137 132 131
f 134 133 138
f 142 136 135
f 144 140 139
f 146 142 141
f 148 144 143
f 150 146 145
f 148 147 153
f 151 150 155
f 158 153 152
f 138 133 132
f 156 157 152
f 548 547 557
f 550 549 556
f 544 543 559
f 540 539 561
f 538 537 562
f 542 541 560
f 546 545 558
f 534 533 564
f 566 329 328
f 530 529 566
f 532 531 565
f 536 535 563
f 526 525 568
f 528 527 567
f 522 521 570
f 520 519 571
f 524 523 569
f 516 515 573
f 514 513 574
f 512 511 575
f 510 509 576
f 506 505 578
f 504 503 579
f 508 507 577
f 500 499 581
f 496 495 583
f 494 493 584
f 498 497 582
f 502 501 580
f 492 300 585
f 489 488 587
f 485 484 589
f 483 482 590
f 487 486 588
f 479 478 592
f 475 474 594
f 473 472 595
f 477 476 593
f 481 480 591
f 469 468 597
f 599 393 392
f 598 391 390
f 467 466 598
f 471 470 596
f 491 490 586
f 602 399 398
f 463 462 600
f 461 460 601
f 465 464 599
f 457 456 603
f 459 458 602
f 455 454 604
f 453 452 605
f 451 450 606
f 449 448 607
f 447 446 608
f 443 442 610
f 441 440 611
f 445 444 609
f 437 436 613
f 433 432 615
f 431 430 616
f 435 434 614
f 439 438 612
f 429 303 302
f 618 775 779
f 777 779 778
f 619 774 776
f 776 775 618
f 620 830 832
f 832 774 619
f 622 782 784
f 782 617 780
f 784 783 621
f 626 825 829
f 829 827 620
f 826 829 828
f 627 787 788
f 787 621 785
f 822 626 823
f 819 824 823
f 790 791 789
f 627 786 791
f 821 819 630
f 816 821 820
f 635 793 794
f 793 631 789
f 818 816 634
f 818 817 640
f 797 799 796
f 797 636 798
f 799 798 635
f 811 640 812
f 812 639 813
f 810 814 813
f 801 642 802
f 802 641 800
f 643 805 806
f 805 642 801
f 807 644 808
f 809 808 643
f 906 1034 914
f 1033 1032 916
f 1034 1033 915
f 917 1031 1030
f 919 1029 1028
f 918 1030 1029
f 1032 1031 917
f 1027 1026 922
f 1025 1024 924
f 1026 1025 923
f 925 1023 1022
f 927 1021 1020
f 926 1022 1021
f 1024 1023 925
f 920 1028 1027
f 1019 1018 929
f 1017 1016 931
f 1018 1017 930
f 932 1015 1014
f 934 1013 1012
f 933 1014 1013
f 1016 1015 932
f 1011 1010 937
f 1009 1008 939
f 1010 1009 938
f 940 1007 1006
f 942 1005 1004
f 941 1006 1005
f 1008 1007 940
f 935 1012 1011
f 928 1020 1019
f 943 1004 909
f 1003 1002 945
f 1001 1000 947
f 1002 1001 946
f 948 999 998
f 950 997 996
f 949 998 997
f 947 1000 999
f 995 994 953
f 993 992 955
f 994 993 954
f 956 991 990
f 958 989 911
f 957 990 989
f 955 992 991
f 996 995 952
f 988 987 960
f 986 985 962
f 987 986 961
f 963 984 983
f 965 982 981
f 964 983 982
f 962 985 984
f 980 979 968
f 978 977 970
f 979 978 969
f 971 976 975
f 973 974 913
f 972 975 974
f 970 977 976
f 981 980 967
f 911 988 959
f 944 908 909
f 1036 1035 1040
f 1043 1038 1037
f 1046 1040 1039
f 1044 1043 1047
f 1046 1045 1049
f 1052 1048 1047
f 1054 1050 1049
f 1058 1052 1051
f 1055 1054 1059
f 1057 1056 1061
f 1041 1042 1037
f 1061 1056 1055
f 1188 1194 1193
f 1200 1328 1207
f 1327 1326 1209
f 1328 1327 1208
f 1210 1325 1324
f 1212 1323 1322
f 1211 1324 1323
f 1326 1325 1210
f 1321 1320 1215
f 1319 1318 1217
f 1320 1319 1216
f 1218 1317 1316
f 1220 1315 1314
f 1219 1316 1315
f 1318 1317 1218
f 1213 1322 1321
f 1313 1312 1222
f 1311 1310 1224
f 1312 1311 1223
f 1225 1309 1308
f 1227 1307 1306
f 1226 1308 1307
f 1310 1309 1225
f 1305 1304 1230
f 1303 1302 1232
f 1304 1303 1231
f 1233 1301 1300
f 1235 1299 1298
f 1234 1300 1299
f 1302 1301 1233
f 1228 1306 1305
f 1221 1314 1313
f 1236 1298 1203
f 1297 1296 1238
f 1295 1294 1240
f 1296 1295 1239
f 1241 1293 1292
f 1243 1291 1290
f 1242 1292 1291
f 1240 1294 1293
f 1289 1288 1246
f 1287 1286 1248
f 1288 1287 1247
f 1249 1285 1284
f 1251 1283 1204
f 1250 1284 1283
f 1248 1286 1285
f 1290 1289 1245
f 1282 1281 1254
f 1280 1279 1256
f 1281 1280 1255
f 1257 1278 1277
f 1259 1276 1275
f 1258 1277 1276
f 1256 1279 1278
f 1274 1273 1262
f 1272 1271 1264
f 1273 1272 1263
f 1265 1270 1269
f 1267 1268 1206
f 1266 1269 1268
f 1264 1271 1270
f 1275 1274 1261
f 1204 1282 1253
f 1237 1202 1203
f 1330 1329 1334
f 1337 1332 1331
f 1340 1334 1333
f 1338 1337 1341
f 1344 1340 1339
f 1346 1342 1341
f 1344 1343 1347
f 1352 1346 1345
f 1349 1348 1353
f 1351 1350 1355
f 1335 1336 1331
f 1355 1350 1349
f 1494 1622 1500
f 1621 1620 1502
f 1622 1621 1501
f 1503 1619 1618
f 1505 1617 1616
f 1504 1618 1617
f 1620 1619 1503
f 1615 1614 1508
f 1613 1612 1510
f 1614 1613 1509
f 1511 1611 1610
f 1513 1609 1608
f 1512 1610 1609
f 1612 1611 1511
f 1506 1616 1615
f 1607 1606 1516
f 1605 1604 1518
f 1606 1605 1517
f 1519 1603 1602
f 1521 1601 1600
f 1520 1602 1601
f 1604 1603 1519
f 1599 1598 1524
f 1597 1596 1526
f 1598 1597 1525
f 1527 1595 1594
f 1529 1593 1592
f 1528 1594 1593
f 1596 1595 1527
f 1522 1600 1599
f 1514 1608 1607
f 1530 1592 1496
f 1591 1590 1532
f 1589 1588 1534
f 1590 1589 1533
f 1535 1587 1586
f 1537 1585 1584
f 1536 1586 1585
f 1534 1588 1587
f 1583 1582 1540
f 1581 1580 1542
f 1582 1581 1541
f 1543 1579 1578
f 1545 1577 1497
f 1544 1578 1577
f 1542 1580 1579
f 1584 1583 1539
f 1576 1575 1548
f 1574 1573 1550
f 1575 1574 1549
f 1551 1572 1571
f 1553 1570 1569
f 1552 1571 1570
f 1550 1573 1572
f 1568 1567 1556
f 1566 1565 1558
f 1567 1566 1557
f 1559 1564 1563
f 1561 1562 1499
f 1560 1563 1562
f 1558 1565 1564
f 1569 1568 1555
f 1497 1576 1547
f 1531 1495 1496
f 1624 1623 1628
f 1631 1626 1625
f 1634 1628 1627
f 1632 1631 1635
f 1634 1633 1637
f 1640 1636 1635
f 1638 1637 1641
f 1646 1640 1639
f 1648 1643 1642
f 1645 1644 1649
f 1630 1625 1624
f 1649 1644 1643
f 1781 1777 1776
f 2040 2039 2049
f 2042 2041 2048
f 2036 2035 2051
f 2032 2031 2053
f 2030 2029 2054
f 2034 2033 2052
f 2038 2037 2050
f 2026 2025 2056
f 2058 1818 1817
f 2022 2021 2058
f 2024 2023 2057
f 2028 2027 2055
f 2018 2017 2060
f 2020 2019 2059
f 2014 2013 2062
f 2012 2011 2063
f 2016 2015 2061
f 2008 2007 2065
f 2006 2005 2066
f 2004 2003 2067
f 2002 2001 2068
f 1998 1997 2070
f 1996 1995 2071
f 2000 1999 2069
f 1992 1991 2073
f 1988 1987 2075
f 1986 1985 2076
f 1990 1989 2074
f 1994 1993 2072
f 1984 1983 2077
f 1980 1979 2079
f 1976 1975 2081
f 1974 1973 2082
f 1978 1977 2080
f 1970 1969 2084
f 1966 1965 2086
f 1964 1963 2087
f 1968 1967 2085
f 1972 1971 2083
f 1960 1959 2089
f 2091 1884 1883
f 2090 1882 1881
f 1958 1957 2090
f 1962 1961 2088
f 1982 1981 2078
f 2094 1890 1889
f 1954 1953 2092
f 1952 1951 2093
f 1956 1955 2091
f 1948 1947 2095
f 1950 1949 2094
f 1946 1945 2096
f 1944 1943 2097
f 1942 1941 2098
f 1940 1939 2099
f 1938 1937 2100
f 1934 1933 2102
f 1932 1931 2103
f 1936 1935 2101
f 1928 1927 2105
f 1924 1923 2107
f 1922 1921 2108
f 1926 1925 2106
f 1930 1929 2104
f 1920 1792 1791
f 2110 2267 2271
f 2269 2271 2270
f 2111 2266 2268
f 2268 2267 2110
f 2112 2322 2324
f 2324 2266 2111
f 2114 2274 2276
f 2274 2109 2272
f 2276 2275 2113
f 2118 2317 2321
f 2321 2319 2112
f 2318 2321 2320
f 2119 2279 2280
f 2279 2113 2277
f 2314 2118 2315
f 2311 2316 2315
f 2123 2282 2283
f 2119 2278 2283
f 2313 2311 2122
f 2313 2312 2126
f 2285 2286 2284
f 2285 2123 2281
f 2310 2308 2126
f 2310 2309 2132
f 2133 2289 2291
f 2289 2128 2290
f 2291 2290 2127
f 2132 2304 2306
f 2306 2304 2131
f 2302 2306 2305
f 2134 2294 2295
f 2295 2294 2133
f 2135 2297 2298
f 2298 2297 2134
f 2299 2136 2300
f 2301 2300 2135
f 2398 2526 2405
f 2525 2524 2407
f 2526 2525 2406
f 2408 2523 2522
f 2410 2521 2520
f 2409 2522 2521
f 2524 2523 2408
f 2519 2518 2413
f 2517 2516 2415
f 2518 2517 2414
f 2416 2515 2514
f 2418 2513 2512
f 2417 2514 2513
f 2516 2515 2416
f 2411 2520 2519
f 2511 2510 2421
f 2509 2508 2423
f 2510 2509 2422
f 2424 2507 2506
f 2426 2505 2504
f 2425 2506 2505
f 2508 2507 2424
f 2503 2502 2429
f 2501 2500 2431
f 2502 2501 2430
f 2432 2499 2498
f 2434 2497 2496
f 2433 2498 2497
f 2500 2499 2432
f 2427 2504 2503
f 2419 2512 2511
f 2435 2496 2400
f 2495 2494 2437
f 2493 2492 2439
f 2494 2493 2438
f 2440 2491 2490
f 2442 2489 2488
f 2441 2490 2489
f 2439 2492 2491
f 2487 2486 2445
f 2485 2484 2447
f 2486 2485 2446
f 2448 2483 2482
f 2450 2481 2402
f 2449 2482 2481
f 2447 2484 2483
f 2488 2487 2444
f 2480 2479 2452
f 2478 2477 2454
f 2479 2478 2453
f 2455 2476 2475
f 2457 2474 2473
f 2456 2475 2474
f 2454 2477 2476
f 2472 2471 2460
f 2470 2469 2462
f 2471 2470 2461
f 2463 2468 2467
f 2465 2466 2404
f 2464 2467 2466
f 2462 2469 2468
f 2473 2472 2459
f 2402 2480 2451
f 2436 2399 2400
f 2533 2528 2527
f 2530 2529 2534
f 2538 2532 2531
f 2540 2536 2535
f 2542 2538 2537
f 2544 2540 2539
f 2546 2542 2541
f 2544 2543 2549
f 2547 2546 2551
f 2554 2549 2548
f 2534 2529 2528
f 2552 2553 2548
f 2692 2820 2699
f 2819 2818 2701
f 2820 2819 2700
f 2702 2817 2816
f 2704 2815 2814
f 2703 2816 2815
f 2818 2817 2702
f 2813 2812 2707
f 2811 2810 2709
f 2812 2811 2708
f 2710 2809 2808
f 2712 2807 2806
f 2711 2808 2807
f 2810 2809 2710
f 2705 2814 2813
f 2805 2804 2715
f 2803 2802 2717
f 2804 2803 2716
f 2718 2801 2800
f 2720 2799 2798
f 2719 2800 2799
f 2802 2801 2718
f 2797 2796 2723
f 2795 2794 2725
f 2796 2795 2724
f 2726 2793 2792
f 2728 2791 2790
f 2727 2792 2791
f 2794 2793 2726
f 2721 2798 2797
f 2713 2806 2805
f 2729 2790 2694
f 2789 2788 2731
f 2787 2786 2733
f 2788 2787 2732
f 2734 2785 2784
f 2736 2783 2782
f 2735 2784 2783
f 2733 2786 2785
f 2781 2780 2739
f 2779 2778 2741
f 2780 2779 2740
f 2742 2777 2776
f 2744 2775 2696
f 2743 2776 2775
f 2741 2778 2777
f 2782 2781 2738
f 2774 2773 2746
f 2772 2771 2748
f 2773 2772 2747
f 2749 2770 2769
f 2751 2768 2767
f 2750 2769 2768
f 2748 2771 2770
f 2766 2765 2754
f 2764 2763 2756
f 2765 2764 2755
f 2757 2762 2761
f 2759 2760 2698
f 2758 2761 2760
f 2756 2763 2762
f 2767 2766 2753
f 2696 2774 2745
f 2730 2693 2694
f 2827 2822 2821
f 2824 2823 2828
f 2832 2826 2825
f 2834 2830 2829
f 2836 2832 2831
f 2838 2834 2833
f 2840 2836 2835
f 2838 2837 2843
f 2841 2840 2845
f 2848 2843 2842
f 2828 2823 2822
f 2846 2847 2842

