# https://github.com/mikedh/trimesh
v -0.00499999 -0.04254665 0.01121529
v -0.00499999 -0.04254665 0.01121529
v -0.00499999 -0.04254665 0.01121529
v -0.00499998 -0.04114126 0.01560119
v -0.00499998 -0.04114126 0.01560119
v -0.00499998 -0.04114126 0.01560119
v -0.01264999 -0.04257247 0.01122210
v -0.01264999 -0.04257247 0.01122210
v -0.01264999 -0.04257247 0.01122210
v -0.00500000 -0.04380748 0.00411159
v -0.00500000 -0.04380748 0.00411159
v -0.00500000 -0.04380748 0.00411159
v -0.01265000 -0.04383406 0.00411409
v -0.01265000 -0.04383406 0.00411409
v -0.01265000 -0.04383406 0.00411409
v -0.00499999 -0.03244546 0.00833921
v -0.00499999 -0.03244546 0.00833921
v -0.00499999 -0.03244546 0.00833921
v -0.00499999 -0.03244546 0.00833921
v -0.00499999 -0.03244546 0.00833921
v -0.00499999 -0.03244546 0.00833921
v -0.00499999 -0.03244546 0.00833921
v -0.00499999 -0.03244546 0.00833921
v -0.00699999 -0.03251486 0.00806435
v -0.00699999 -0.03251486 0.00806435
v -0.00699999 -0.03251486 0.00806435
v -0.00699999 -0.03273036 0.00713960
v -0.00699999 -0.03273036 0.00713960
v -0.00699999 -0.03273036 0.00713960
v -0.00699999 -0.03305190 0.00546097
v -0.00699999 -0.03305190 0.00546097
v -0.00699999 -0.03305190 0.00546097
v -0.00699999 -0.03286660 0.00648357
v -0.00699999 -0.03286660 0.00648357
v -0.00699999 -0.03286660 0.00648357
v -0.00499998 -0.03036069 0.01415906
v -0.00499998 -0.03036069 0.01415906
v -0.00499998 -0.03036069 0.01415906
v -0.00500000 -0.03342533 0.00223538
v -0.00500000 -0.03342533 0.00223538
v -0.00500000 -0.03342533 0.00223538
v -0.00500000 -0.03342533 0.00223538
v -0.00699999 -0.03305767 0.00542589
v -0.00699999 -0.03305767 0.00542589
v -0.00699999 -0.03305767 0.00542589
v -0.00699999 -0.03305767 0.00542589
v -0.00699999 -0.03244546 0.00833921
v -0.00699999 -0.03244546 0.00833921
v -0.00699999 -0.03244546 0.00833921
v -0.00699999 -0.02550927 0.01263430
v -0.00699999 -0.03232316 0.00816985
v -0.00699998 -0.03036069 0.01415906
v -0.00699998 -0.03036069 0.01415906
v -0.00699998 -0.03036069 0.01415906
v -0.00699998 -0.02724202 0.01949674
v -0.00699998 -0.02724202 0.01949674
v -0.00699998 -0.02724202 0.01949674
v -0.00499998 -0.02724202 0.01949674
v -0.00499998 -0.02724202 0.01949674
v -0.00499998 -0.02724202 0.01949674
v -0.00499997 -0.03551866 0.02596970
v -0.00499997 -0.03551866 0.02596970
v -0.00499997 -0.03551866 0.02596970
v -0.00499997 -0.02319566 0.02417047
v -0.00499997 -0.02319566 0.02417047
v -0.00499997 -0.02319566 0.02417047
v -0.00499998 -0.03928512 0.01981616
v -0.00499998 -0.03928512 0.01981616
v -0.00499998 -0.03928512 0.01981616
v -0.01264998 -0.04116623 0.01561066
v -0.01264998 -0.04116623 0.01561066
v -0.01264998 -0.04116623 0.01561066
v -0.01264998 -0.03930896 0.01982819
v -0.01264998 -0.03930896 0.01982819
v -0.01264998 -0.03930896 0.01982819
v -0.01264997 -0.03554022 0.02598547
v -0.01264997 -0.03554022 0.02598547
v -0.01264997 -0.03554022 0.02598547
v -0.01264998 -0.04192017 0.01636153
v -0.01264998 -0.04192017 0.01636153
v -0.01264998 -0.04192017 0.01636153
v -0.01264997 -0.03866918 0.02301511
v -0.01264997 -0.03866918 0.02301511
v -0.01264997 -0.03866918 0.02301511
v -0.01264997 -0.03437099 0.02904541
v -0.01264997 -0.03437099 0.02904541
v -0.01264997 -0.03437099 0.02904541
v 0.01265003 -0.03866918 0.02301508
v 0.01265003 -0.03866918 0.02301508
v 0.01265003 -0.03866918 0.02301508
v 0.01265003 -0.03437099 0.02904538
v 0.01265003 -0.03437099 0.02904538
v 0.01265003 -0.03437099 0.02904538
v 0.01265004 -0.02914199 0.03428911
v 0.01265004 -0.02914199 0.03428911
v 0.01265004 -0.02914199 0.03428911
v 0.01265004 -0.03082570 0.03145403
v 0.01265004 -0.03082570 0.03145403
v 0.01265004 -0.03082570 0.03145403
v 0.01265003 -0.03555149 0.02599368
v 0.01265003 -0.03555149 0.02599368
v 0.01265003 -0.03555149 0.02599368
v 0.01265002 -0.03932142 0.01983445
v 0.01265002 -0.03932142 0.01983445
v 0.01265002 -0.03932142 0.01983445
v 0.00100003 -0.03551866 0.02596969
v 0.00100003 -0.03551866 0.02596969
v 0.00100003 -0.03551866 0.02596969
v 0.00100002 -0.03928512 0.01981615
v 0.00100002 -0.03928512 0.01981615
v 0.00100002 -0.03928512 0.01981615
v 0.00100002 -0.04114126 0.01560118
v 0.00100002 -0.04114126 0.01560118
v 0.00100002 -0.04114126 0.01560118
v 0.00100001 -0.02550927 0.01263429
v 0.00100001 -0.03180038 0.00851236
v 0.00100001 -0.03287838 0.00780606
v 0.00100001 -0.03398668 0.00707990
v 0.00100001 -0.03326052 0.00597161
v 0.00100001 -0.03215222 0.00669776
v 0.00100001 -0.03107422 0.00740407
v 0.00100001 -0.03255422 0.00489361
v 0.00100001 -0.03144592 0.00561976
v 0.00100001 -0.03036792 0.00632607
v 0.00100000 -0.02843229 -0.00139750
v 0.00100000 -0.02732400 -0.00067134
v 0.00099999 -0.02574488 -0.00440091
v 0.00099999 -0.02574488 -0.00440091
v 0.00099999 -0.02574488 -0.00440091
v 0.00100000 -0.02621957 -0.00397698
v 0.00100000 -0.02621957 -0.00397698
v 0.00100000 -0.02621957 -0.00397698
v 0.00100000 -0.02684264 -0.00384718
v 0.00100000 -0.02684264 -0.00384718
v 0.00100000 -0.02684264 -0.00384718
v 0.00100000 -0.02624600 0.00003496
v 0.00099999 -0.02252105 -0.00800186
v 0.00099999 -0.02144305 -0.00729555
v 0.00099998 -0.01632894 -0.01745261
v 0.00099999 -0.02109218 -0.00783390
v 0.00099999 -0.02109218 -0.00783390
v 0.00099999 -0.02109218 -0.00783390
v 0.00099999 -0.02362935 -0.00872801
v 0.00099999 -0.01882015 -0.01233094
v 0.00099999 -0.01882015 -0.01233094
v 0.00099999 -0.01882015 -0.01233094
v 0.00099998 -0.01743723 -0.01817876
v 0.00099999 -0.02554576 -0.00500539
v 0.00099999 -0.02554576 -0.00500539
v 0.00099999 -0.02554576 -0.00500539
v 0.00099999 -0.02567555 -0.00562845
v 0.00099999 -0.02567555 -0.00562845
v 0.00099999 -0.02567555 -0.00562845
v -0.00700001 -0.02554576 -0.00500538
v -0.00700001 -0.02554576 -0.00500538
v -0.00700001 -0.02554576 -0.00500538
v -0.00700001 -0.02574488 -0.00440090
v -0.00700001 -0.02574488 -0.00440090
v -0.00700001 -0.02574488 -0.00440090
v -0.00700000 -0.02621957 -0.00397697
v -0.00700000 -0.02621957 -0.00397697
v -0.00700000 -0.02621957 -0.00397697
v -0.00700001 -0.02304383 -0.00834438
v -0.00700000 -0.02784678 -0.00101386
v -0.00700000 -0.02676878 -0.00030756
v -0.00700000 -0.02843229 -0.00139749
v -0.00699999 -0.03231123 0.00580003
v -0.00699999 -0.03123323 0.00650633
v -0.00699999 -0.02824362 0.00695609
v -0.00699999 -0.02824362 0.00695609
v -0.00699999 -0.02824362 0.00695609
v -0.00699999 -0.02873319 0.00598554
v -0.00699999 -0.02873319 0.00598554
v -0.00699999 -0.02873319 0.00598554
v -0.00699999 -0.02512565 0.01204878
v -0.00699999 -0.03193953 0.00758433
v -0.00699999 -0.02867188 0.00490023
v -0.00699999 -0.02867188 0.00490023
v -0.00699999 -0.02867188 0.00490023
v -0.00699999 -0.02441934 0.01097078
v -0.00700000 -0.02807614 0.00399097
v -0.00700000 -0.02807614 0.00399097
v -0.00700000 -0.02807614 0.00399097
v -0.00699999 -0.02733436 0.00755184
v -0.00699999 -0.02733436 0.00755184
v -0.00699999 -0.02733436 0.00755184
v -0.00699999 -0.02624905 0.00761314
v -0.00699999 -0.02624905 0.00761314
v -0.00699999 -0.02624905 0.00761314
v 0.00100001 -0.02624905 0.00761313
v 0.00100001 -0.02624905 0.00761313
v 0.00100001 -0.02624905 0.00761313
v 0.00100001 -0.02733436 0.00755183
v 0.00100001 -0.02733436 0.00755183
v 0.00100001 -0.02733436 0.00755183
v 0.00100001 -0.02824362 0.00695609
v 0.00100001 -0.02824362 0.00695609
v 0.00100001 -0.02824362 0.00695609
v 0.00100001 -0.02407681 0.01044799
v 0.00100002 -0.01674630 0.01525093
v 0.00100001 -0.02478312 0.01152599
v 0.00100001 -0.01927555 0.01160617
v 0.00100001 -0.01927555 0.01160617
v 0.00100001 -0.01927555 0.01160617
v 0.00100001 -0.02137488 0.00702597
v 0.00100001 -0.02137488 0.00702597
v 0.00100001 -0.02137488 0.00702597
v 0.00100001 -0.02539946 0.00722372
v 0.00100001 -0.02539946 0.00722372
v 0.00100001 -0.02539946 0.00722372
v 0.00100002 -0.01745260 0.01632893
v 0.00100002 -0.01620965 0.01560440
v 0.00100002 -0.01620965 0.01560440
v 0.00100002 -0.01620965 0.01560440
v 0.00100003 -0.00872801 0.02362935
v 0.00100002 -0.01817876 0.01743723
v 0.00100002 -0.01233094 0.01882015
v 0.00100002 -0.01233094 0.01882015
v 0.00100002 -0.01233094 0.01882015
v 0.00100003 -0.00800186 0.02252105
v 0.00100002 -0.00783390 0.02109218
v 0.00100002 -0.00783390 0.02109218
v 0.00100002 -0.00783390 0.02109218
v 0.00100003 -0.00500539 0.02554576
v 0.00100003 -0.00500539 0.02554576
v 0.00100003 -0.00500539 0.02554576
v 0.00100002 -0.00729555 0.02144305
v 0.00100003 -0.00067134 0.02732399
v 0.00100003 -0.00440091 0.02574488
v 0.00100003 -0.00440091 0.02574488
v 0.00100003 -0.00440091 0.02574488
v 0.00100003 -0.00397698 0.02621957
v 0.00100003 -0.00397698 0.02621957
v 0.00100003 -0.00397698 0.02621957
v -0.00699997 -0.00440091 0.02574489
v -0.00699997 -0.00440091 0.02574489
v -0.00699997 -0.00440091 0.02574489
v -0.00699997 -0.00397698 0.02621958
v -0.00699997 -0.00397698 0.02621958
v -0.00699997 -0.00397698 0.02621958
v -0.00699997 -0.00384718 0.02684264
v -0.00699997 -0.00384718 0.02684264
v -0.00699997 -0.00384718 0.02684264
v -0.00699997 -0.00101387 0.02784679
v -0.00699997 -0.00139750 0.02843230
v -0.00699996 -0.00085826 0.03348901
v -0.00699996 -0.00085826 0.03348901
v -0.00699996 -0.00085826 0.03348901
v -0.00699997 -0.00404631 0.02744713
v -0.00699997 -0.00404631 0.02744713
v -0.00699997 -0.00404631 0.02744713
v -0.00699997 -0.00452100 0.02787106
v -0.00699997 -0.00452100 0.02787106
v -0.00699997 -0.00452100 0.02787106
v -0.00699996 0.00541639 0.03289675
v -0.00699996 -0.00699723 0.03276109
v -0.00699996 -0.00699723 0.03276109
v -0.00699996 -0.00699723 0.03276109
v -0.00699997 -0.00514406 0.02800085
v -0.00699997 -0.00514406 0.02800085
v -0.00699997 -0.00514406 0.02800085
v -0.00699997 -0.00574854 0.02780173
v -0.00699997 -0.00574854 0.02780173
v -0.00699997 -0.00574854 0.02780173
v -0.00699996 -0.01289793 0.03091754
v -0.00699996 -0.01289793 0.03091754
v -0.00699996 -0.01289793 0.03091754
v -0.00499996 -0.00085826 0.03348901
v -0.00499996 -0.00085826 0.03348901
v -0.00499996 -0.00085826 0.03348901
v -0.00499996 -0.00699723 0.03276109
v -0.00499996 -0.00699723 0.03276109
v -0.00499996 -0.00699723 0.03276109
v -0.00499995 -0.01227984 0.04225170
v -0.00499995 -0.01227984 0.04225170
v -0.00499995 -0.01227984 0.04225170
v -0.00499995 -0.00521003 0.04369046
v -0.00499995 -0.00521003 0.04369046
v -0.00499995 -0.00521003 0.04369046
v -0.00499996 -0.01289793 0.03091753
v -0.00499996 -0.01289793 0.03091753
v -0.00499996 -0.01289793 0.03091753
v -0.00499995 -0.01901949 0.03967694
v -0.00499995 -0.01901949 0.03967694
v -0.00499995 -0.01901949 0.03967694
v -0.00499996 -0.02524777 0.03603540
v -0.00499996 -0.02524777 0.03603540
v -0.00499996 -0.02524777 0.03603540
v -0.01264996 -0.02526310 0.03605728
v -0.01264996 -0.02526310 0.03605728
v -0.01264996 -0.02526310 0.03605728
v -0.01264995 -0.01903103 0.03970103
v -0.01264995 -0.01903103 0.03970103
v -0.01264995 -0.01903103 0.03970103
v -0.01264995 -0.01228729 0.04227735
v -0.01264995 -0.01228729 0.04227735
v -0.01264995 -0.01228729 0.04227735
v -0.01264996 -0.02312381 0.03860428
v -0.01264996 -0.02312381 0.03860428
v -0.01264996 -0.02312381 0.03860428
v -0.01264995 -0.01647941 0.04187398
v -0.01264995 -0.01647941 0.04187398
v -0.01264995 -0.01647941 0.04187398
v -0.01264995 -0.00938873 0.04400969
v -0.01264995 -0.00938873 0.04400969
v -0.01264995 -0.00938873 0.04400969
v 0.01265005 -0.01647941 0.04187395
v 0.01265005 -0.01647941 0.04187395
v 0.01265005 -0.01647941 0.04187395
v 0.01265005 -0.00938873 0.04400967
v 0.01265005 -0.00938873 0.04400967
v 0.01265005 -0.00938873 0.04400967
v 0.01265005 -0.00521484 0.04373082
v 0.01265005 -0.00521484 0.04373082
v 0.01265005 -0.00521484 0.04373082
v 0.01265005 -0.01229119 0.04229073
v 0.01265005 -0.01229119 0.04229073
v 0.01265005 -0.01229119 0.04229073
v 0.01265005 -0.00204379 0.04495355
v 0.01265005 -0.00204379 0.04495355
v 0.01265005 -0.00204379 0.04495355
v -0.01264995 -0.00204379 0.04495358
v -0.01264995 -0.00204379 0.04495358
v -0.01264995 -0.00204379 0.04495358
v 0.01265005 0.00217254 0.04494751
v 0.01265005 0.00217254 0.04494751
v 0.01265005 0.00217254 0.04494751
v 0.01265005 0.00636979 0.04454688
v 0.01265005 0.00636979 0.04454688
v 0.01265005 0.00636979 0.04454688
v 0.01265005 0.00200171 0.04399514
v 0.01265005 0.00200171 0.04399514
v 0.01265005 0.00200171 0.04399514
v -0.01264995 0.00217254 0.04494754
v -0.01264995 0.00217254 0.04494754
v -0.01264995 0.00217254 0.04494754
v -0.01264995 0.00636979 0.04454691
v -0.01264995 0.00636979 0.04454691
v -0.01264995 0.00636979 0.04454691
v -0.01264995 0.00200108 0.04398122
v -0.01264995 0.00200108 0.04398122
v -0.01264995 0.00200108 0.04398122
v -0.01264995 0.00916154 0.04306296
v -0.01264995 0.00916154 0.04306296
v -0.01264995 0.00916154 0.04306296
v -0.00499995 0.00915599 0.04303683
v -0.00499995 0.00915599 0.04303683
v -0.00499995 0.00915599 0.04303683
v -0.00499995 0.01606594 0.04096201
v -0.00499995 0.01606594 0.04096201
v -0.00499995 0.01606594 0.04096201
v -0.01264995 0.01607568 0.04098688
v -0.01264995 0.01607568 0.04098688
v -0.01264995 0.01607568 0.04098688
v -0.01264995 0.01358945 0.04289904
v -0.01264995 0.01358945 0.04289904
v -0.01264995 0.01358945 0.04289904
v -0.01264995 0.02044110 0.04008943
v -0.01264995 0.02044110 0.04008943
v -0.01264995 0.02044110 0.04008943
v 0.01265005 0.01358945 0.04289901
v 0.01265005 0.01358945 0.04289901
v 0.01265005 0.01358945 0.04289901
v 0.01265005 0.02044110 0.04008940
v 0.01265005 0.02044110 0.04008940
v 0.01265005 0.02044110 0.04008940
v 0.01265004 0.02673919 0.03619413
v 0.01265004 0.02673919 0.03619413
v 0.01265004 0.02673919 0.03619413
v 0.01265004 0.02256476 0.03782077
v 0.01265004 0.02256476 0.03782077
v 0.01265004 0.02256476 0.03782077
v 0.01265004 0.02256476 0.03782077
v 0.01265004 0.02256476 0.03782077
v 0.01265005 0.01608078 0.04099984
v 0.01265005 0.01608078 0.04099984
v 0.01265005 0.01608078 0.04099984
v 0.01265005 0.01608078 0.04099984
v 0.01265005 0.01608078 0.04099984
v 0.01265005 0.00916445 0.04307658
v 0.01265005 0.00916445 0.04307658
v 0.01265005 0.00916445 0.04307658
v 0.00100005 0.01606594 0.04096200
v 0.00100005 0.01606594 0.04096200
v 0.00100005 0.01606594 0.04096200
v 0.00100005 0.00915599 0.04303682
v 0.00100005 0.00915599 0.04303682
v 0.00100005 0.00915599 0.04303682
v 0.00100005 0.01704813 0.04056305
v 0.00100005 0.01704813 0.04056305
v 0.00100005 0.01704813 0.04056305
v 0.00100005 0.01845845 0.03994102
v 0.00100005 0.01845845 0.03994102
v 0.00100005 0.01845845 0.03994102
v 0.00100005 0.01845845 0.03994102
v 0.00100005 0.01980743 0.03928951
v 0.00100005 0.01980743 0.03928951
v 0.00100005 0.01980743 0.03928951
v 0.00100004 0.01059102 0.03470308
v 0.00100004 0.01129733 0.03362508
v 0.00100004 0.02254393 0.03778586
v 0.00100004 0.02254393 0.03778586
v 0.00100004 0.02254393 0.03778586
v 0.00100003 0.01541925 0.02733398
v 0.00100003 0.01152599 0.02478312
v 0.00100004 0.00740407 0.03107422
v 0.00100004 0.00632607 0.03036792
v 0.00100003 0.01044799 0.02407681
v 0.00100004 0.00669776 0.03215222
v 0.00100004 0.00561976 0.03144592
v 0.00100004 0.00986487 0.03581138
v 0.00100004 0.00597161 0.03326052
v 0.00100005 0.00199986 0.04395453
v 0.00100005 0.00199986 0.04395453
v 0.00100005 0.00199986 0.04395453
v 0.00100004 0.00489361 0.03255422
v 0.00100005 -0.00521003 0.04369045
v 0.00100005 -0.00521003 0.04369045
v 0.00100005 -0.00521003 0.04369045
v 0.00100005 -0.01227984 0.04225169
v 0.00100005 -0.01227984 0.04225169
v 0.00100005 -0.01227984 0.04225169
v 0.00100005 -0.01901949 0.03967693
v 0.00100005 -0.01901949 0.03967693
v 0.00100005 -0.01901949 0.03967693
v 0.00100003 -0.00574854 0.02780172
v 0.00100003 -0.00574854 0.02780172
v 0.00100003 -0.00574854 0.02780172
v 0.00100003 -0.00617248 0.02732703
v 0.00100003 -0.00617248 0.02732703
v 0.00100003 -0.00617248 0.02732703
v 0.00100003 -0.00514406 0.02800084
v 0.00100003 -0.00514406 0.02800084
v 0.00100003 -0.00514406 0.02800084
v 0.00100003 -0.00139750 0.02843229
v 0.00100003 -0.00452100 0.02787105
v 0.00100003 -0.00452100 0.02787105
v 0.00100003 -0.00452100 0.02787105
v 0.00100003 -0.00404631 0.02744712
v 0.00100003 -0.00404631 0.02744712
v 0.00100003 -0.00404631 0.02744712
v 0.00100003 -0.00384718 0.02684264
v 0.00100003 -0.00384718 0.02684264
v 0.00100003 -0.00384718 0.02684264
v 0.00100003 -0.00630227 0.02670396
v 0.00100003 -0.00630227 0.02670396
v 0.00100003 -0.00630227 0.02670396
v -0.00699997 -0.00617248 0.02732704
v -0.00699997 -0.00617248 0.02732704
v -0.00699997 -0.00617248 0.02732704
v -0.00699997 -0.00630227 0.02670397
v -0.00699997 -0.00630227 0.02670397
v -0.00699997 -0.00630227 0.02670397
v -0.00699997 -0.00610314 0.02609949
v -0.00699997 -0.00610314 0.02609949
v -0.00699997 -0.00610314 0.02609949
v -0.00699997 -0.00872801 0.02362936
v -0.00699997 -0.00562845 0.02567556
v -0.00699997 -0.00562845 0.02567556
v -0.00699997 -0.00562845 0.02567556
v -0.00699998 -0.01305916 0.02184753
v -0.00699998 -0.01305916 0.02184753
v -0.00699998 -0.01305916 0.02184753
v -0.00699997 -0.01283748 0.02291172
v -0.00699997 -0.01283748 0.02291172
v -0.00699997 -0.01283748 0.02291172
v -0.00699997 -0.01317759 0.02394419
v -0.00699997 -0.01317759 0.02394419
v -0.00699997 -0.01317759 0.02394419
v -0.00699998 -0.01817876 0.01743724
v -0.00699997 -0.00834438 0.02304384
v -0.00699998 -0.01779513 0.01685173
v -0.00699998 -0.01378325 0.02103675
v -0.00699998 -0.01378325 0.02103675
v -0.00699998 -0.01378325 0.02103675
v -0.00699998 -0.01481571 0.02069664
v -0.00699998 -0.01481571 0.02069664
v -0.00699998 -0.01481571 0.02069664
v 0.00100002 -0.01481571 0.02069663
v 0.00100002 -0.01481571 0.02069663
v 0.00100002 -0.01481571 0.02069663
v 0.00100002 -0.01378325 0.02103674
v 0.00100002 -0.01378325 0.02103674
v 0.00100002 -0.01378325 0.02103674
v 0.00100003 -0.01305916 0.02184752
v 0.00100003 -0.01305916 0.02184752
v 0.00100003 -0.01305916 0.02184752
v 0.00100003 -0.01283748 0.02291171
v 0.00100003 -0.01283748 0.02291171
v 0.00100003 -0.01283748 0.02291171
v 0.00100003 -0.01317759 0.02394418
v 0.00100003 -0.01317759 0.02394418
v 0.00100003 -0.01317759 0.02394418
v -0.00699997 -0.01398836 0.02466827
v -0.00699997 -0.01398836 0.02466827
v -0.00699997 -0.01398836 0.02466827
v 0.00100003 -0.01398836 0.02466826
v 0.00100003 -0.01398836 0.02466826
v 0.00100003 -0.01398836 0.02466826
v -0.00699997 -0.01505256 0.02488996
v -0.00699997 -0.01505256 0.02488996
v -0.00699997 -0.01505256 0.02488996
v 0.00100003 -0.01505256 0.02488995
v 0.00100003 -0.01505256 0.02488995
v 0.00100003 -0.01505256 0.02488995
v -0.00699997 -0.01608502 0.02454985
v -0.00699997 -0.01608502 0.02454985
v -0.00699997 -0.01608502 0.02454985
v 0.00100003 -0.01608502 0.02454984
v 0.00100003 -0.01608502 0.02454984
v 0.00100003 -0.01608502 0.02454984
v -0.00699997 -0.01680911 0.02373907
v -0.00699997 -0.01680911 0.02373907
v -0.00699997 -0.01680911 0.02373907
v 0.00100003 -0.01680911 0.02373906
v 0.00100003 -0.01680911 0.02373906
v 0.00100003 -0.01680911 0.02373906
v 0.00100004 -0.02524777 0.03603540
v 0.00100004 -0.02524777 0.03603540
v 0.00100004 -0.02524777 0.03603540
v 0.01265005 -0.01903707 0.03971359
v 0.01265005 -0.01903707 0.03971359
v 0.01265005 -0.01903707 0.03971359
v 0.01265004 -0.02527111 0.03606869
v 0.01265004 -0.02527111 0.03606869
v 0.01265004 -0.02527111 0.03606869
v 0.00100004 -0.03079723 0.03142500
v 0.00100004 -0.03079723 0.03142500
v 0.00100004 -0.03079723 0.03142500
v 0.00100003 -0.01669068 0.02164240
v 0.00100003 -0.01669068 0.02164240
v 0.00100003 -0.01669068 0.02164240
v 0.00100003 -0.01703079 0.02267487
v 0.00100003 -0.01703079 0.02267487
v 0.00100003 -0.01703079 0.02267487
v -0.00699998 -0.01669068 0.02164241
v -0.00699998 -0.01669068 0.02164241
v -0.00699998 -0.01669068 0.02164241
v -0.00699997 -0.01703079 0.02267488
v -0.00699997 -0.01703079 0.02267488
v -0.00699997 -0.01703079 0.02267488
v -0.00699997 -0.02319566 0.02417048
v -0.00699997 -0.02319566 0.02417048
v -0.00699997 -0.02319566 0.02417048
v -0.00699997 -0.01835939 0.02802112
v -0.00699997 -0.01835939 0.02802112
v -0.00699997 -0.01835939 0.02802112
v -0.00499997 -0.01835939 0.02802112
v -0.00499997 -0.01835939 0.02802112
v -0.00499997 -0.01835939 0.02802112
v -0.00499996 -0.03079723 0.03142501
v -0.00499996 -0.03079723 0.03142501
v -0.00499996 -0.03079723 0.03142501
v -0.01264996 -0.03081592 0.03144409
v -0.01264996 -0.03081592 0.03144409
v -0.01264996 -0.03081592 0.03144409
v -0.01264996 -0.02914199 0.03428914
v -0.01264996 -0.02914199 0.03428914
v -0.01264996 -0.02914199 0.03428914
v 0.01265004 -0.02312381 0.03860425
v 0.01265004 -0.02312381 0.03860425
v 0.01265004 -0.02312381 0.03860425
v -0.00699998 -0.01587990 0.02091833
v -0.00699998 -0.01587990 0.02091833
v -0.00699998 -0.01587990 0.02091833
v 0.00100002 -0.01587990 0.02091832
v 0.00100002 -0.01587990 0.02091832
v 0.00100002 -0.01587990 0.02091832
v -0.00699998 -0.01301599 0.01986572
v -0.00699998 -0.01301599 0.01986572
v -0.00699998 -0.01301599 0.01986572
v -0.00699998 -0.01711019 0.01647132
v -0.00699998 -0.01711019 0.01647132
v -0.00699998 -0.01711019 0.01647132
v -0.00699999 -0.02034641 0.01225097
v -0.00699999 -0.02034641 0.01225097
v -0.00699999 -0.02034641 0.01225097
v -0.00849999 -0.02034641 0.01225097
v -0.00849999 -0.02034641 0.01225097
v -0.00849999 -0.02034641 0.01225097
v -0.00849999 -0.02034641 0.01225097
v -0.00849998 -0.01711019 0.01647132
v -0.00849998 -0.01711019 0.01647132
v -0.00849998 -0.01711019 0.01647132
v -0.00849998 -0.01711019 0.01647132
v -0.00849998 -0.01301599 0.01986572
v -0.00849998 -0.01301599 0.01986572
v -0.00849998 -0.01301599 0.01986572
v -0.00849998 -0.01301599 0.01986572
v -0.00899999 -0.01991806 0.01199306
v -0.00899999 -0.01991806 0.01199306
v -0.00899999 -0.01991806 0.01199306
v -0.00899998 -0.01674997 0.01612455
v -0.00899998 -0.01674997 0.01612455
v -0.00899998 -0.01674997 0.01612455
v -0.00899998 -0.01274197 0.01944750
v -0.00899998 -0.01274197 0.01944750
v -0.00899998 -0.01274197 0.01944750
v -0.00899998 -0.01584944 0.01525764
v -0.00899998 -0.01584944 0.01525764
v -0.00899998 -0.01584944 0.01525764
v -0.00899998 -0.01205692 0.01840193
v -0.00899998 -0.01205692 0.01840193
v -0.00899998 -0.01205692 0.01840193
v -0.00899998 -0.00765981 0.02062348
v -0.00899998 -0.00765981 0.02062348
v -0.00899998 -0.00765981 0.02062348
v 0.00050002 -0.00765981 0.02062346
v 0.00050002 -0.00765981 0.02062346
v 0.00050002 -0.00765981 0.02062346
v 0.00050002 -0.00765981 0.02062346
v 0.00050002 -0.01205692 0.01840192
v 0.00050002 -0.01205692 0.01840192
v 0.00050002 -0.01205692 0.01840192
v 0.00050002 -0.01205692 0.01840192
v 0.00050002 -0.01584944 0.01525763
v 0.00050002 -0.01584944 0.01525763
v 0.00050002 -0.01584944 0.01525763
v 0.00050002 -0.01584944 0.01525763
v 0.00050001 -0.01884720 0.01134826
v 0.00050001 -0.01884720 0.01134826
v 0.00050001 -0.01884720 0.01134826
v 0.00050001 -0.01884720 0.01134826
v -0.00899999 -0.01884720 0.01134827
v -0.00899999 -0.01884720 0.01134827
v -0.00899999 -0.01884720 0.01134827
v -0.00899999 -0.02089989 0.00686985
v -0.00899999 -0.02089989 0.00686985
v -0.00899999 -0.02089989 0.00686985
v -0.00899999 -0.02208738 0.00726018
v -0.00899999 -0.02208738 0.00726018
v -0.00899999 -0.02208738 0.00726018
v -0.00900000 -0.02314915 0.00216325
v -0.00900000 -0.02314915 0.00216325
v -0.00900000 -0.02314915 0.00216325
v -0.00849999 -0.02256238 0.00741631
v -0.00849999 -0.02256238 0.00741631
v -0.00849999 -0.02256238 0.00741631
v -0.00849999 -0.02256238 0.00741631
v -0.00850000 -0.02364697 0.00220977
v -0.00850000 -0.02364697 0.00220977
v -0.00850000 -0.02364697 0.00220977
v -0.00850000 -0.02364697 0.00220977
v -0.00699999 -0.02256238 0.00741631
v -0.00699999 -0.02256238 0.00741631
v -0.00699999 -0.02256238 0.00741631
v -0.00699999 -0.02457770 0.00559722
v -0.00699999 -0.02457770 0.00559722
v -0.00699999 -0.02457770 0.00559722
v -0.00699999 -0.02480296 0.00650425
v -0.00699999 -0.02480296 0.00650425
v -0.00699999 -0.02480296 0.00650425
v -0.00700000 -0.02364697 0.00220977
v -0.00700000 -0.02364697 0.00220977
v -0.00700000 -0.02364697 0.00220977
v -0.00699999 -0.02476830 0.00468227
v -0.00699999 -0.02476830 0.00468227
v -0.00699999 -0.02476830 0.00468227
v -0.00699999 -0.02476830 0.00468227
v -0.00700000 -0.02533700 0.00394063
v -0.00700000 -0.02533700 0.00394063
v -0.00700000 -0.02533700 0.00394063
v 0.00100000 -0.02533700 0.00394062
v 0.00100000 -0.02533700 0.00394062
v 0.00100000 -0.02533700 0.00394062
v 0.00100000 -0.02533700 0.00394062
v 0.00100001 -0.02476830 0.00468226
v 0.00100001 -0.02476830 0.00468226
v 0.00100001 -0.02476830 0.00468226
v 0.00100001 -0.02457770 0.00559721
v 0.00100001 -0.02457770 0.00559721
v 0.00100001 -0.02457770 0.00559721
v 0.00100000 -0.02240240 0.00209345
v 0.00100000 -0.02240240 0.00209345
v 0.00100000 -0.02240240 0.00209345
v 0.00050000 -0.02190457 0.00204693
v 0.00050000 -0.02190457 0.00204693
v 0.00050000 -0.02190457 0.00204693
v 0.00050000 -0.02190457 0.00204693
v 0.00050000 -0.02181086 -0.00287861
v 0.00050000 -0.02181086 -0.00287861
v 0.00050000 -0.02181086 -0.00287861
v 0.00050000 -0.02181086 -0.00287861
v 0.00100000 -0.02230656 -0.00294404
v 0.00100000 -0.02230656 -0.00294404
v 0.00100000 -0.02230656 -0.00294404
v 0.00049999 -0.02062347 -0.00765981
v 0.00049999 -0.02062347 -0.00765981
v 0.00049999 -0.02062347 -0.00765981
v 0.00049999 -0.02062347 -0.00765981
v 0.00049999 -0.01840192 -0.01205692
v 0.00049999 -0.01840192 -0.01205692
v 0.00049999 -0.01840192 -0.01205692
v 0.00049999 -0.01840192 -0.01205692
v -0.00900001 -0.01840192 -0.01205691
v -0.00900001 -0.01840192 -0.01205691
v -0.00900001 -0.01840192 -0.01205691
v -0.00900001 -0.02062347 -0.00765980
v -0.00900001 -0.02062347 -0.00765980
v -0.00900001 -0.02062347 -0.00765980
v -0.00900001 -0.01944749 -0.01274196
v -0.00900001 -0.01944749 -0.01274196
v -0.00900001 -0.01944749 -0.01274196
v -0.00900000 -0.02181086 -0.00287860
v -0.00900000 -0.02181086 -0.00287860
v -0.00900000 -0.02181086 -0.00287860
v -0.00900001 -0.02179525 -0.00809502
v -0.00900001 -0.02179525 -0.00809502
v -0.00900001 -0.02179525 -0.00809502
v -0.00850001 -0.02226397 -0.00826910
v -0.00850001 -0.02226397 -0.00826910
v -0.00850001 -0.02226397 -0.00826910
v -0.00850001 -0.02226397 -0.00826910
v -0.00850001 -0.02226397 -0.00826910
v -0.00850000 -0.02354581 -0.00310758
v -0.00850000 -0.02354581 -0.00310758
v -0.00850000 -0.02354581 -0.00310758
v -0.00850000 -0.02354581 -0.00310758
v -0.00850000 -0.02354581 -0.00310758
v -0.00900000 -0.02305011 -0.00304216
v -0.00900000 -0.02305011 -0.00304216
v -0.00900000 -0.02305011 -0.00304216
v -0.00900000 -0.02190457 0.00204695
v -0.00900000 -0.02190457 0.00204695
v -0.00900000 -0.02190457 0.00204695
v 0.00050001 -0.02089989 0.00686984
v 0.00050001 -0.02089989 0.00686984
v 0.00050001 -0.02089989 0.00686984
v 0.00050001 -0.02089989 0.00686984
v -0.00700001 -0.02282825 -0.00655236
v -0.00700001 -0.02282825 -0.00655236
v -0.00700001 -0.02282825 -0.00655236
v -0.00700001 -0.02282825 -0.00655236
v -0.00700000 -0.02354581 -0.00310758
v -0.00700000 -0.02354581 -0.00310758
v -0.00700000 -0.02354581 -0.00310758
v -0.00700000 -0.02710558 0.00350140
v -0.00700000 -0.02710558 0.00350140
v -0.00700000 -0.02710558 0.00350140
v -0.00700000 -0.02617117 0.00351918
v -0.00700000 -0.02617117 0.00351918
v -0.00700000 -0.02617117 0.00351918
v 0.00100000 -0.02710558 0.00350139
v 0.00100000 -0.02710558 0.00350139
v 0.00100000 -0.02710558 0.00350139
v 0.00100000 -0.02617117 0.00351917
v 0.00100000 -0.02617117 0.00351917
v 0.00100000 -0.02617117 0.00351917
v 0.00100000 -0.02807614 0.00399096
v 0.00100000 -0.02807614 0.00399096
v 0.00100000 -0.02807614 0.00399096
v 0.00100001 -0.02867188 0.00490022
v 0.00100001 -0.02867188 0.00490022
v 0.00100001 -0.02867188 0.00490022
v 0.00100001 -0.02873319 0.00598553
v 0.00100001 -0.02873319 0.00598553
v 0.00100001 -0.02873319 0.00598553
v -0.00700001 -0.02226397 -0.00826911
v -0.00700001 -0.02226397 -0.00826911
v -0.00700001 -0.02226397 -0.00826911
v -0.00700002 -0.01986571 -0.01301598
v -0.00700002 -0.01986571 -0.01301598
v -0.00700002 -0.01986571 -0.01301598
v -0.00850002 -0.01986571 -0.01301598
v -0.00850002 -0.01986571 -0.01301598
v -0.00850002 -0.01986571 -0.01301598
v -0.00850002 -0.01986571 -0.01301598
v -0.00900002 -0.01612454 -0.01674996
v -0.00900002 -0.01612454 -0.01674996
v -0.00900002 -0.01612454 -0.01674996
v -0.00850002 -0.01647131 -0.01711018
v -0.00850002 -0.01647131 -0.01711018
v -0.00850002 -0.01647131 -0.01711018
v -0.00850002 -0.01647131 -0.01711018
v -0.00850002 -0.01225096 -0.02034640
v -0.00850002 -0.01225096 -0.02034640
v -0.00850002 -0.01225096 -0.02034640
v -0.00850002 -0.01225096 -0.02034640
v -0.00700002 -0.01647131 -0.01711018
v -0.00700002 -0.01647131 -0.01711018
v -0.00700002 -0.01647131 -0.01711018
v -0.00900002 -0.01199305 -0.01991805
v -0.00900002 -0.01199305 -0.01991805
v -0.00900002 -0.01199305 -0.01991805
v -0.00900003 -0.00726017 -0.02208737
v -0.00900003 -0.00726017 -0.02208737
v -0.00900003 -0.00726017 -0.02208737
v -0.00900002 -0.01134826 -0.01884719
v -0.00900002 -0.01134826 -0.01884719
v -0.00900002 -0.01134826 -0.01884719
v -0.00900002 -0.01525763 -0.01584943
v -0.00900002 -0.01525763 -0.01584943
v -0.00900002 -0.01525763 -0.01584943
v 0.00049998 -0.01525763 -0.01584944
v 0.00049998 -0.01525763 -0.01584944
v 0.00049998 -0.01525763 -0.01584944
v 0.00049998 -0.01525763 -0.01584944
v 0.00099998 -0.01560440 -0.01620965
v 0.00099998 -0.01560440 -0.01620965
v 0.00099998 -0.01560440 -0.01620965
v 0.00049998 -0.01134826 -0.01884720
v 0.00049998 -0.01134826 -0.01884720
v 0.00049998 -0.01134826 -0.01884720
v 0.00049998 -0.01134826 -0.01884720
v 0.00099998 -0.01160618 -0.01927555
v 0.00099998 -0.01160618 -0.01927555
v 0.00099998 -0.01160618 -0.01927555
v 0.00049998 -0.00686984 -0.02089989
v 0.00049998 -0.00686984 -0.02089989
v 0.00049998 -0.00686984 -0.02089989
v 0.00049998 -0.00686984 -0.02089989
v -0.00900002 -0.00686984 -0.02089988
v -0.00900002 -0.00686984 -0.02089988
v -0.00900002 -0.00686984 -0.02089988
v -0.00900002 -0.00204693 -0.02190456
v -0.00900002 -0.00204693 -0.02190456
v -0.00900002 -0.00204693 -0.02190456
v -0.00900003 -0.00216324 -0.02314913
v -0.00900003 -0.00216324 -0.02314913
v -0.00900003 -0.00216324 -0.02314913
v -0.00900003 0.00304217 -0.02305010
v -0.00900003 0.00304217 -0.02305010
v -0.00900003 0.00304217 -0.02305010
v -0.00850003 -0.00220976 -0.02364697
v -0.00850003 -0.00220976 -0.02364697
v -0.00850003 -0.00220976 -0.02364697
v -0.00850003 -0.00220976 -0.02364697
v -0.00850003 -0.00741630 -0.02256237
v -0.00850003 -0.00741630 -0.02256237
v -0.00850003 -0.00741630 -0.02256237
v -0.00850003 -0.00741630 -0.02256237
v -0.00700003 -0.00741630 -0.02256237
v -0.00700003 -0.00741630 -0.02256237
v -0.00700003 -0.00741630 -0.02256237
v -0.00700002 -0.01225096 -0.02034640
v -0.00700002 -0.01225096 -0.02034640
v -0.00700002 -0.01225096 -0.02034640
v -0.00700003 -0.01097077 -0.02441933
v -0.00700003 -0.00650424 -0.02480295
v -0.00700003 -0.00650424 -0.02480295
v -0.00700003 -0.00650424 -0.02480295
v -0.00700003 -0.00722372 -0.02539945
v -0.00700003 -0.00722372 -0.02539945
v -0.00700003 -0.00722372 -0.02539945
v 0.00099997 -0.00650424 -0.02480296
v 0.00099997 -0.00650424 -0.02480296
v 0.00099997 -0.00650424 -0.02480296
v 0.00099997 -0.00722372 -0.02539946
v 0.00099997 -0.00722372 -0.02539946
v 0.00099997 -0.00722372 -0.02539946
v -0.00700003 -0.00761313 -0.02624904
v -0.00700003 -0.00761313 -0.02624904
v -0.00700003 -0.00761313 -0.02624904
v -0.00700003 -0.00755183 -0.02733435
v -0.00700003 -0.00755183 -0.02733435
v -0.00700003 -0.00755183 -0.02733435
v 0.00099997 -0.00761313 -0.02624905
v 0.00099997 -0.00761313 -0.02624905
v 0.00099997 -0.00761313 -0.02624905
v 0.00099997 -0.00755183 -0.02733436
v 0.00099997 -0.00755183 -0.02733436
v 0.00099997 -0.00755183 -0.02733436
v 0.00099997 -0.01044799 -0.02407682
v 0.00099998 -0.00702597 -0.02137489
v 0.00099998 -0.00702597 -0.02137489
v 0.00099998 -0.00702597 -0.02137489
v 0.00099998 -0.01525094 -0.01674630
v 0.00099996 -0.00632607 -0.03036792
v 0.00099997 -0.01152599 -0.02478312
v 0.00099996 -0.00740407 -0.03107423
v 0.00099996 -0.00851236 -0.03180038
v 0.00099996 -0.00780606 -0.03287838
v 0.00099996 -0.00669776 -0.03215223
v 0.00099996 -0.00414690 -0.03604549
v 0.00099996 -0.00525520 -0.03677164
v 0.00099996 -0.00561976 -0.03144592
v 0.00099996 -0.00306890 -0.03533918
v 0.00099997 -0.00003496 -0.02624600
v 0.00099997 0.00067134 -0.02732400
v 0.00099997 0.00440091 -0.02574489
v 0.00099997 0.00440091 -0.02574489
v 0.00099997 0.00440091 -0.02574489
v 0.00099997 0.00452100 -0.02787105
v 0.00099997 0.00452100 -0.02787105
v 0.00099997 0.00452100 -0.02787105
v 0.00099998 0.00729555 -0.02144305
v 0.00099997 0.00397698 -0.02621958
v 0.00099997 0.00397698 -0.02621958
v 0.00099997 0.00397698 -0.02621958
v 0.00099997 0.00800186 -0.02252105
v 0.00099997 0.00384718 -0.02684264
v 0.00099997 0.00384718 -0.02684264
v 0.00099997 0.00384718 -0.02684264
v 0.00099997 0.00404631 -0.02744712
v 0.00099997 0.00404631 -0.02744712
v 0.00099997 0.00404631 -0.02744712
v 0.00099996 0.00322220 -0.03121726
v 0.00099995 0.01991291 -0.03923616
v 0.00099995 0.01991291 -0.03923616
v 0.00099995 0.01991291 -0.03923616
v 0.00099995 0.01323328 -0.04196284
v 0.00099995 0.01323328 -0.04196284
v 0.00099995 0.01323328 -0.04196284
v 0.00099997 0.00514406 -0.02800085
v 0.00099997 0.00514406 -0.02800085
v 0.00099997 0.00514406 -0.02800085
v 0.00099995 0.00619785 -0.04356130
v 0.00099995 0.00619785 -0.04356130
v 0.00099995 0.00619785 -0.04356130
v 0.00099995 0.00619785 -0.04356130
v 0.00099997 0.00574854 -0.02780172
v 0.00099997 0.00574854 -0.02780172
v 0.00099997 0.00574854 -0.02780172
v 0.00099997 0.01055272 -0.02641431
v 0.00099997 0.00630227 -0.02670397
v 0.00099997 0.00630227 -0.02670397
v 0.00099997 0.00630227 -0.02670397
v 0.00099997 0.01317759 -0.02394418
v 0.00099997 0.01317759 -0.02394418
v 0.00099997 0.01317759 -0.02394418
v 0.00099997 0.00610314 -0.02609948
v 0.00099997 0.00610314 -0.02609948
v 0.00099997 0.00610314 -0.02609948
v 0.00099997 0.01398836 -0.02466826
v 0.00099997 0.01398836 -0.02466826
v 0.00099997 0.01398836 -0.02466826
v 0.00099997 0.01505256 -0.02488995
v 0.00099997 0.01505256 -0.02488995
v 0.00099997 0.01505256 -0.02488995
v 0.00099997 0.00617248 -0.02732703
v 0.00099997 0.00617248 -0.02732703
v 0.00099997 0.00617248 -0.02732703
v -0.00700003 0.00617248 -0.02732702
v -0.00700003 0.00617248 -0.02732702
v -0.00700003 0.00617248 -0.02732702
v -0.00700003 0.00630227 -0.02670396
v -0.00700003 0.00630227 -0.02670396
v -0.00700003 0.00630227 -0.02670396
v -0.00700003 0.00610314 -0.02609948
v -0.00700003 0.00610314 -0.02609948
v -0.00700003 0.00610314 -0.02609948
v -0.00700003 0.01055272 -0.02641430
v -0.00700003 0.00834438 -0.02304383
v -0.00700002 0.01301599 -0.01986570
v -0.00700002 0.01301599 -0.01986570
v -0.00700002 0.01301599 -0.01986570
v -0.00700002 0.01378325 -0.02103673
v -0.00700002 0.01378325 -0.02103673
v -0.00700002 0.01378325 -0.02103673
v -0.00700003 0.00826911 -0.02226396
v -0.00700003 0.00826911 -0.02226396
v -0.00700003 0.00826911 -0.02226396
v -0.00700003 0.00562845 -0.02567554
v -0.00700003 0.00562845 -0.02567554
v -0.00700003 0.00562845 -0.02567554
v -0.00700003 0.01305916 -0.02184751
v -0.00700003 0.01305916 -0.02184751
v -0.00700003 0.01305916 -0.02184751
v -0.00700003 0.00655237 -0.02282824
v -0.00700003 0.00655237 -0.02282824
v -0.00700003 0.00655237 -0.02282824
v -0.00700003 0.00655237 -0.02282824
v -0.00700003 0.00500539 -0.02554575
v -0.00700003 0.00500539 -0.02554575
v -0.00700003 0.00500539 -0.02554575
v -0.00700003 0.01283748 -0.02291171
v -0.00700003 0.01283748 -0.02291171
v -0.00700003 0.01283748 -0.02291171
v -0.00700002 0.01779513 -0.01685171
v -0.00700003 0.00030756 -0.02676877
v -0.00700003 0.00440091 -0.02574488
v -0.00700003 0.00440091 -0.02574488
v -0.00700003 0.00440091 -0.02574488
v -0.00700003 0.00101387 -0.02784677
v -0.00700003 0.00397698 -0.02621957
v -0.00700003 0.00397698 -0.02621957
v -0.00700003 0.00397698 -0.02621957
v -0.00700004 -0.00580002 -0.03231122
v -0.00700003 0.00384718 -0.02684263
v -0.00700003 0.00384718 -0.02684263
v -0.00700003 0.00384718 -0.02684263
v -0.00700003 0.00404631 -0.02744711
v -0.00700003 0.00404631 -0.02744711
v -0.00700003 0.00404631 -0.02744711
v -0.00700004 0.00085826 -0.03348900
v -0.00700004 0.00085826 -0.03348900
v -0.00700004 0.00085826 -0.03348900
v -0.00700004 0.00322220 -0.03121725
v -0.00700003 0.00514406 -0.02800084
v -0.00700003 0.00514406 -0.02800084
v -0.00700003 0.00514406 -0.02800084
v -0.00700003 0.00574854 -0.02780171
v -0.00700003 0.00574854 -0.02780171
v -0.00700003 0.00574854 -0.02780171
v -0.00700004 0.00699723 -0.03276108
v -0.00700004 0.00699723 -0.03276108
v -0.00700004 0.00699723 -0.03276108
v -0.00700003 0.00452100 -0.02787104
v -0.00700003 0.00452100 -0.02787104
v -0.00700003 0.00452100 -0.02787104
v -0.00700004 0.01289793 -0.03091752
v -0.00700004 0.01289793 -0.03091752
v -0.00700004 0.01289793 -0.03091752
v -0.00500004 0.00085826 -0.03348900
v -0.00500004 0.00085826 -0.03348900
v -0.00500004 0.00085826 -0.03348900
v -0.00500004 0.00699723 -0.03276108
v -0.00500004 0.00699723 -0.03276108
v -0.00500004 0.00699723 -0.03276108
v -0.00500005 0.00619785 -0.04356129
v -0.00500005 0.00619785 -0.04356129
v -0.00500005 0.00619785 -0.04356129
v -0.00500005 0.01323328 -0.04196284
v -0.00500005 0.01323328 -0.04196284
v -0.00500005 0.01323328 -0.04196284
v -0.00500004 0.01289793 -0.03091752
v -0.00500004 0.01289793 -0.03091752
v -0.00500004 0.01289793 -0.03091752
v -0.00500004 0.02605715 -0.03545455
v -0.00500004 0.02605715 -0.03545455
v -0.00500004 0.02605715 -0.03545455
v -0.00700003 0.01835939 -0.02802110
v -0.00700003 0.01835939 -0.02802110
v -0.00700003 0.01835939 -0.02802110
v -0.00500003 0.01835939 -0.02802110
v -0.00500003 0.01835939 -0.02802110
v -0.00500003 0.01835939 -0.02802110
v -0.00500005 0.01991291 -0.03923615
v -0.00500005 0.01991291 -0.03923615
v -0.00500005 0.01991291 -0.03923615
v -0.01265004 0.02607296 -0.03547605
v -0.01265004 0.02607296 -0.03547605
v -0.01265004 0.02607296 -0.03547605
v -0.01265005 0.01992499 -0.03925996
v -0.01265005 0.01992499 -0.03925996
v -0.01265005 0.01992499 -0.03925996
v -0.01265005 0.01324131 -0.04198830
v -0.01265005 0.01324131 -0.04198830
v -0.01265005 0.01324131 -0.04198830
v -0.01265005 0.01600284 -0.04205839
v -0.01265005 0.01600284 -0.04205839
v -0.01265005 0.01600284 -0.04205839
v -0.01265004 0.02268394 -0.03886435
v -0.01265004 0.02268394 -0.03886435
v -0.01265004 0.02268394 -0.03886435
v -0.01265004 0.02875074 -0.03461783
v -0.01265004 0.02875074 -0.03461783
v -0.01265004 0.02875074 -0.03461783
v 0.01264996 0.02268394 -0.03886438
v 0.01264996 0.02268394 -0.03886438
v 0.01264996 0.02268394 -0.03886438
v 0.01264995 0.01600284 -0.04205842
v 0.01264995 0.01600284 -0.04205842
v 0.01264995 0.01600284 -0.04205842
v 0.01264995 0.00888836 -0.04411347
v 0.01264995 0.00888836 -0.04411347
v 0.01264995 0.00888836 -0.04411347
v 0.01264995 0.01324551 -0.04200164
v 0.01264995 0.01324551 -0.04200164
v 0.01264995 0.01324551 -0.04200164
v 0.01264995 0.01993131 -0.03927244
v 0.01264995 0.01993131 -0.03927244
v 0.01264995 0.01993131 -0.03927244
v 0.01264996 0.02608123 -0.03548733
v 0.01264996 0.02608123 -0.03548733
v 0.01264996 0.02608123 -0.03548733
v 0.00099996 0.02605715 -0.03545455
v 0.00099996 0.02605715 -0.03545455
v 0.00099996 0.02605715 -0.03545455
v 0.00099998 0.02000346 -0.02022220
v 0.00099997 0.01608502 -0.02454984
v 0.00099997 0.01608502 -0.02454984
v 0.00099997 0.01608502 -0.02454984
v 0.00099997 0.01703079 -0.02267487
v 0.00099997 0.01703079 -0.02267487
v 0.00099997 0.01703079 -0.02267487
v 0.00099997 0.01680911 -0.02373906
v 0.00099997 0.01680911 -0.02373906
v 0.00099997 0.01680911 -0.02373906
v 0.00099996 0.03150081 -0.03071969
v 0.00099996 0.03150081 -0.03071969
v 0.00099996 0.03150081 -0.03071969
v 0.01264996 0.03152992 -0.03074810
v 0.01264996 0.03152992 -0.03074810
v 0.01264996 0.03152992 -0.03074810
v 0.00099997 0.03609751 -0.02515889
v 0.00099997 0.03609751 -0.02515889
v 0.00099997 0.03609751 -0.02515889
v 0.00099998 0.02733398 -0.01541925
v 0.00099999 0.03362508 -0.01129733
v 0.00099999 0.02478312 -0.01152599
v 0.00099999 0.03107422 -0.00740407
v 0.00099998 0.03972369 -0.01892165
v 0.00099998 0.03972369 -0.01892165
v 0.00099998 0.03972369 -0.01892165
v 0.01264998 0.03976040 -0.01893915
v 0.01264998 0.03976040 -0.01893915
v 0.01264998 0.03976040 -0.01893915
v 0.00099999 0.04228183 -0.01217568
v 0.00099999 0.04228183 -0.01217568
v 0.00099999 0.04228183 -0.01217568
v 0.00099999 0.03470308 -0.01059102
v 0.01264997 0.03613088 -0.02518215
v 0.01264997 0.03613088 -0.02518215
v 0.01264997 0.03613088 -0.02518215
v 0.01264997 0.03840533 -0.02345274
v 0.01264997 0.03840533 -0.02345274
v 0.01264997 0.03840533 -0.02345274
v 0.01264997 0.03403894 -0.02943384
v 0.01264997 0.03403894 -0.02943384
v 0.01264997 0.03403894 -0.02943384
v -0.01265003 0.03403894 -0.02943381
v -0.01265003 0.03403894 -0.02943381
v -0.01265003 0.03403894 -0.02943381
v -0.01265003 0.03840533 -0.02345271
v -0.01265003 0.03840533 -0.02345271
v -0.01265003 0.03840533 -0.02345271
v 0.01264996 0.02875074 -0.03461786
v 0.01264996 0.02875074 -0.03461786
v 0.01264996 0.02875074 -0.03461786
v -0.01265002 0.04173167 -0.01683648
v -0.01265002 0.04173167 -0.01683648
v -0.01265002 0.04173167 -0.01683648
v -0.01265002 0.03974779 -0.01893312
v -0.01265002 0.03974779 -0.01893312
v -0.01265002 0.03974779 -0.01893312
v -0.01265003 0.03611942 -0.02517414
v -0.01265003 0.03611942 -0.02517414
v -0.01265003 0.03611942 -0.02517414
v -0.00500003 0.03609751 -0.02515888
v -0.00500003 0.03609751 -0.02515888
v -0.00500003 0.03609751 -0.02515888
v -0.00500004 0.03150081 -0.03071968
v -0.00500004 0.03150081 -0.03071968
v -0.00500004 0.03150081 -0.03071968
v -0.01265004 0.03151992 -0.03073832
v -0.01265004 0.03151992 -0.03073832
v -0.01265004 0.03151992 -0.03073832
v -0.00500003 0.02319566 -0.02417046
v -0.00500003 0.02319566 -0.02417046
v -0.00500003 0.02319566 -0.02417046
v -0.00500002 0.02724202 -0.01949672
v -0.00500002 0.02724202 -0.01949672
v -0.00500002 0.02724202 -0.01949672
v -0.00700003 0.02319566 -0.02417046
v -0.00700003 0.02319566 -0.02417046
v -0.00700003 0.02319566 -0.02417046
v -0.00700002 0.02724202 -0.01949672
v -0.00700002 0.02724202 -0.01949672
v -0.00700002 0.02724202 -0.01949672
v -0.00700002 0.03036069 -0.01415904
v -0.00700002 0.03036069 -0.01415904
v -0.00700002 0.03036069 -0.01415904
v -0.00700002 0.02733398 -0.01541924
v -0.00700001 0.02512565 -0.01204877
v -0.00700002 0.02000346 -0.02022219
v -0.00700003 0.01680911 -0.02373905
v -0.00700003 0.01680911 -0.02373905
v -0.00700003 0.01680911 -0.02373905
v -0.00700003 0.01703079 -0.02267486
v -0.00700003 0.01703079 -0.02267486
v -0.00700003 0.01703079 -0.02267486
v -0.00700003 0.01669068 -0.02164239
v -0.00700003 0.01669068 -0.02164239
v -0.00700003 0.01669068 -0.02164239
v 0.00099997 0.01669068 -0.02164240
v 0.00099997 0.01669068 -0.02164240
v 0.00099997 0.01669068 -0.02164240
v -0.00700002 0.01587990 -0.02091831
v -0.00700002 0.01587990 -0.02091831
v -0.00700002 0.01587990 -0.02091831
v 0.00099998 0.01587990 -0.02091832
v 0.00099998 0.01587990 -0.02091832
v 0.00099998 0.01587990 -0.02091832
v -0.00700002 0.01481571 -0.02069663
v -0.00700002 0.01481571 -0.02069663
v -0.00700002 0.01481571 -0.02069663
v 0.00099998 0.01481571 -0.02069663
v 0.00099998 0.01481571 -0.02069663
v 0.00099998 0.01481571 -0.02069663
v 0.00099998 0.01378325 -0.02103674
v 0.00099998 0.01378325 -0.02103674
v 0.00099998 0.01378325 -0.02103674
v 0.00099998 0.01745260 -0.01632894
v 0.00099998 0.01233094 -0.01882015
v 0.00099998 0.01233094 -0.01882015
v 0.00099998 0.01233094 -0.01882015
v 0.00099998 0.01674630 -0.01525094
v 0.00099999 0.02407681 -0.01044799
v 0.00099998 0.01620965 -0.01560440
v 0.00099998 0.01620965 -0.01560440
v 0.00099998 0.01620965 -0.01560440
v 0.00049999 0.01884720 -0.01134826
v 0.00049999 0.01884720 -0.01134826
v 0.00049999 0.01884720 -0.01134826
v 0.00049999 0.01884720 -0.01134826
v 0.00049998 0.01584944 -0.01525763
v 0.00049998 0.01584944 -0.01525763
v 0.00049998 0.01584944 -0.01525763
v 0.00049998 0.01584944 -0.01525763
v 0.00099999 0.01927555 -0.01160618
v 0.00099999 0.01927555 -0.01160618
v 0.00099999 0.01927555 -0.01160618
v 0.00049999 0.02089989 -0.00686984
v 0.00049999 0.02089989 -0.00686984
v 0.00049999 0.02089989 -0.00686984
v 0.00049999 0.02089989 -0.00686984
v 0.00099999 0.02137488 -0.00702597
v 0.00099999 0.02137488 -0.00702597
v 0.00099999 0.02137488 -0.00702597
v 0.00050000 0.02190457 -0.00204694
v 0.00050000 0.02190457 -0.00204694
v 0.00050000 0.02190457 -0.00204694
v 0.00050000 0.02190457 -0.00204694
v 0.00099999 0.02480296 -0.00650424
v 0.00099999 0.02480296 -0.00650424
v 0.00099999 0.02480296 -0.00650424
v 0.00099999 0.02539946 -0.00722372
v 0.00099999 0.02539946 -0.00722372
v 0.00099999 0.02539946 -0.00722372
v 0.00100000 0.02240240 -0.00209346
v 0.00100000 0.02240240 -0.00209346
v 0.00100000 0.02240240 -0.00209346
v 0.00099999 0.02457770 -0.00559721
v 0.00099999 0.02457770 -0.00559721
v 0.00099999 0.02457770 -0.00559721
v 0.00099999 0.02476830 -0.00468226
v 0.00099999 0.02476830 -0.00468226
v 0.00099999 0.02476830 -0.00468226
v -0.00700001 0.02457770 -0.00559720
v -0.00700001 0.02457770 -0.00559720
v -0.00700001 0.02457770 -0.00559720
v -0.00700001 0.02480296 -0.00650423
v -0.00700001 0.02480296 -0.00650423
v -0.00700001 0.02480296 -0.00650423
v -0.00700001 0.02539946 -0.00722371
v -0.00700001 0.02539946 -0.00722371
v -0.00700001 0.02539946 -0.00722371
v -0.00700001 0.02034641 -0.01225095
v -0.00700001 0.02034641 -0.01225095
v -0.00700001 0.02034641 -0.01225095
v -0.00700001 0.02256238 -0.00741629
v -0.00700001 0.02256238 -0.00741629
v -0.00700001 0.02256238 -0.00741629
v -0.00700000 0.02364697 -0.00220975
v -0.00700000 0.02364697 -0.00220975
v -0.00700000 0.02364697 -0.00220975
v -0.00850000 0.02364697 -0.00220975
v -0.00850000 0.02364697 -0.00220975
v -0.00850000 0.02364697 -0.00220975
v -0.00850000 0.02364697 -0.00220975
v -0.00850001 0.02256238 -0.00741629
v -0.00850001 0.02256238 -0.00741629
v -0.00850001 0.02256238 -0.00741629
v -0.00850001 0.02256238 -0.00741629
v -0.00700001 0.02476830 -0.00468225
v -0.00700001 0.02476830 -0.00468225
v -0.00700001 0.02476830 -0.00468225
v -0.00700000 0.02533700 -0.00394061
v -0.00700000 0.02533700 -0.00394061
v -0.00700000 0.02533700 -0.00394061
v 0.00100000 0.02533700 -0.00394062
v 0.00100000 0.02533700 -0.00394062
v 0.00100000 0.02533700 -0.00394062
v 0.00100000 0.02617117 -0.00351918
v 0.00100000 0.02617117 -0.00351918
v 0.00100000 0.02617117 -0.00351918
v 0.00100000 0.02624600 -0.00003496
v 0.00100000 0.02230656 0.00294403
v 0.00100000 0.02230656 0.00294403
v 0.00100000 0.02230656 0.00294403
v 0.00100000 0.02732400 0.00067134
v 0.00100001 0.02252105 0.00800186
v 0.00100001 0.02144305 0.00729555
v 0.00099999 0.03036792 -0.00632607
v 0.00100000 0.02807614 -0.00399096
v 0.00100000 0.02807614 -0.00399096
v 0.00100000 0.02807614 -0.00399096
v 0.00100000 0.02710558 -0.00350140
v 0.00100000 0.02710558 -0.00350140
v 0.00100000 0.02710558 -0.00350140
v -0.00700000 0.02710558 -0.00350139
v -0.00700000 0.02710558 -0.00350139
v -0.00700000 0.02710558 -0.00350139
v -0.00700000 0.02617117 -0.00351917
v -0.00700000 0.02617117 -0.00351917
v -0.00700000 0.02617117 -0.00351917
v -0.00700000 0.02354581 0.00310760
v -0.00700000 0.02354581 0.00310760
v -0.00700000 0.02354581 0.00310760
v -0.00700000 0.02676878 0.00030757
v -0.00699999 0.02282825 0.00655238
v -0.00699999 0.02282825 0.00655238
v -0.00699999 0.02282825 0.00655238
v -0.00699999 0.02282825 0.00655238
v -0.00850000 0.02354581 0.00310760
v -0.00850000 0.02354581 0.00310760
v -0.00850000 0.02354581 0.00310760
v -0.00850000 0.02354581 0.00310760
v -0.00850000 0.02354581 0.00310760
v -0.00849999 0.02226397 0.00826912
v -0.00849999 0.02226397 0.00826912
v -0.00849999 0.02226397 0.00826912
v -0.00849999 0.02226397 0.00826912
v -0.00849999 0.02226397 0.00826912
v -0.00899999 0.02179525 0.00809504
v -0.00899999 0.02179525 0.00809504
v -0.00899999 0.02179525 0.00809504
v -0.00900000 0.02305011 0.00304218
v -0.00900000 0.02305011 0.00304218
v -0.00900000 0.02305011 0.00304218
v -0.00900000 0.02314915 -0.00216323
v -0.00900000 0.02314915 -0.00216323
v -0.00900000 0.02314915 -0.00216323
v -0.00900000 0.02181086 0.00287862
v -0.00900000 0.02181086 0.00287862
v -0.00900000 0.02181086 0.00287862
v -0.00900000 0.02190457 -0.00204692
v -0.00900000 0.02190457 -0.00204692
v -0.00900000 0.02190457 -0.00204692
v -0.00900001 0.02089989 -0.00686983
v -0.00900001 0.02089989 -0.00686983
v -0.00900001 0.02089989 -0.00686983
v -0.00900001 0.02208738 -0.00726016
v -0.00900001 0.02208738 -0.00726016
v -0.00900001 0.02208738 -0.00726016
v -0.00900001 0.01884720 -0.01134825
v -0.00900001 0.01884720 -0.01134825
v -0.00900001 0.01884720 -0.01134825
v -0.00900001 0.01991806 -0.01199304
v -0.00900001 0.01991806 -0.01199304
v -0.00900001 0.01991806 -0.01199304
v -0.00900002 0.01584944 -0.01525762
v -0.00900002 0.01584944 -0.01525762
v -0.00900002 0.01584944 -0.01525762
v 0.00049998 0.01205692 -0.01840192
v 0.00049998 0.01205692 -0.01840192
v 0.00049998 0.01205692 -0.01840192
v 0.00049998 0.01205692 -0.01840192
v -0.00900002 0.01674997 -0.01612453
v -0.00900002 0.01674997 -0.01612453
v -0.00900002 0.01674997 -0.01612453
v -0.00900002 0.01205692 -0.01840191
v -0.00900002 0.01205692 -0.01840191
v -0.00900002 0.01205692 -0.01840191
v -0.00900002 0.00765981 -0.02062345
v -0.00900002 0.00765981 -0.02062345
v -0.00900002 0.00765981 -0.02062345
v -0.00900002 0.01274197 -0.01944748
v -0.00900002 0.01274197 -0.01944748
v -0.00900002 0.01274197 -0.01944748
v 0.00049998 0.00765981 -0.02062347
v 0.00049998 0.00765981 -0.02062347
v 0.00049998 0.00765981 -0.02062347
v 0.00049998 0.00765981 -0.02062347
v 0.00049997 0.00287861 -0.02181086
v 0.00049997 0.00287861 -0.02181086
v 0.00049997 0.00287861 -0.02181086
v 0.00049997 0.00287861 -0.02181086
v 0.00099997 0.00294403 -0.02230656
v 0.00099997 0.00294403 -0.02230656
v 0.00099997 0.00294403 -0.02230656
v 0.00099998 0.00783390 -0.02109218
v 0.00099998 0.00783390 -0.02109218
v 0.00099998 0.00783390 -0.02109218
v 0.00099997 -0.00209346 -0.02240240
v 0.00099997 -0.00209346 -0.02240240
v 0.00099997 -0.00209346 -0.02240240
v 0.00099997 -0.00394062 -0.02533700
v 0.00099997 -0.00394062 -0.02533700
v 0.00099997 -0.00394062 -0.02533700
v 0.00099997 -0.00468226 -0.02476830
v 0.00099997 -0.00468226 -0.02476830
v 0.00099997 -0.00468226 -0.02476830
v 0.00049997 -0.00204693 -0.02190457
v 0.00049997 -0.00204693 -0.02190457
v 0.00049997 -0.00204693 -0.02190457
v 0.00049997 -0.00204693 -0.02190457
v 0.00099997 -0.00559721 -0.02457770
v 0.00099997 -0.00559721 -0.02457770
v 0.00099997 -0.00559721 -0.02457770
v -0.00700003 -0.00559721 -0.02457769
v -0.00700003 -0.00559721 -0.02457769
v -0.00700003 -0.00559721 -0.02457769
v -0.00700003 -0.00468226 -0.02476829
v -0.00700003 -0.00468226 -0.02476829
v -0.00700003 -0.00468226 -0.02476829
v -0.00700003 -0.00220976 -0.02364697
v -0.00700003 -0.00220976 -0.02364697
v -0.00700003 -0.00220976 -0.02364697
v -0.00700003 -0.00394062 -0.02533699
v -0.00700003 -0.00394062 -0.02533699
v -0.00700003 -0.00394062 -0.02533699
v -0.00700003 -0.00351917 -0.02617116
v -0.00700003 -0.00351917 -0.02617116
v -0.00700003 -0.00351917 -0.02617116
v 0.00099997 -0.00351917 -0.02617117
v 0.00099997 -0.00351917 -0.02617117
v 0.00099997 -0.00351917 -0.02617117
v 0.00099997 -0.00350140 -0.02710559
v 0.00099997 -0.00350140 -0.02710559
v 0.00099997 -0.00350140 -0.02710559
v 0.00099997 -0.00399096 -0.02807614
v 0.00099997 -0.00399096 -0.02807614
v 0.00099997 -0.00399096 -0.02807614
v -0.00700003 -0.00350140 -0.02710558
v -0.00700003 -0.00350140 -0.02710558
v -0.00700003 -0.00350140 -0.02710558
v -0.00700003 -0.00399096 -0.02807613
v -0.00700003 -0.00399096 -0.02807613
v -0.00700003 -0.00399096 -0.02807613
v -0.00700003 0.00310759 -0.02354581
v -0.00700003 0.00310759 -0.02354581
v -0.00700003 0.00310759 -0.02354581
v -0.00850003 0.00310759 -0.02354580
v -0.00850003 0.00310759 -0.02354580
v -0.00850003 0.00310759 -0.02354580
v -0.00850003 0.00310759 -0.02354580
v -0.00850003 0.00310759 -0.02354580
v -0.00850003 0.00826911 -0.02226396
v -0.00850003 0.00826911 -0.02226396
v -0.00850003 0.00826911 -0.02226396
v -0.00850003 0.00826911 -0.02226396
v -0.00850003 0.00826911 -0.02226396
v -0.00900002 0.00809503 -0.02179524
v -0.00900002 0.00809503 -0.02179524
v -0.00900002 0.00809503 -0.02179524
v -0.00900002 0.00287861 -0.02181085
v -0.00900002 0.00287861 -0.02181085
v -0.00900002 0.00287861 -0.02181085
v -0.00850002 0.01301599 -0.01986570
v -0.00850002 0.01301599 -0.01986570
v -0.00850002 0.01301599 -0.01986570
v -0.00850002 0.01301599 -0.01986570
v -0.00850002 0.01711019 -0.01647130
v -0.00850002 0.01711019 -0.01647130
v -0.00850002 0.01711019 -0.01647130
v -0.00850002 0.01711019 -0.01647130
v -0.00850001 0.02034641 -0.01225095
v -0.00850001 0.02034641 -0.01225095
v -0.00850001 0.02034641 -0.01225095
v -0.00850001 0.02034641 -0.01225095
v -0.00700002 0.01711019 -0.01647130
v -0.00700002 0.01711019 -0.01647130
v -0.00700002 0.01711019 -0.01647130
v -0.00700001 0.02441934 -0.01097077
v -0.00700001 0.02624905 -0.00761312
v -0.00700001 0.02624905 -0.00761312
v -0.00700001 0.02624905 -0.00761312
v -0.00700001 0.02733436 -0.00755182
v -0.00700001 0.02733436 -0.00755182
v -0.00700001 0.02733436 -0.00755182
v -0.00700001 0.03123323 -0.00650631
v -0.00700001 0.02867188 -0.00490021
v -0.00700001 0.02867188 -0.00490021
v -0.00700001 0.02867188 -0.00490021
v -0.00700001 0.03273036 -0.00713958
v -0.00700001 0.03273036 -0.00713958
v -0.00700001 0.03273036 -0.00713958
v -0.00700001 0.03193953 -0.00758432
v -0.00700000 0.02807614 -0.00399095
v -0.00700000 0.02807614 -0.00399095
v -0.00700000 0.02807614 -0.00399095
v -0.00700001 0.03286660 -0.00648356
v -0.00700001 0.03286660 -0.00648356
v -0.00700001 0.03286660 -0.00648356
v -0.00700001 0.03231123 -0.00580001
v -0.00700000 0.02784678 0.00101388
v -0.00700001 0.02824362 -0.00695608
v -0.00700001 0.02824362 -0.00695608
v -0.00700001 0.02824362 -0.00695608
v -0.00700001 0.02873319 -0.00598552
v -0.00700001 0.02873319 -0.00598552
v -0.00700001 0.02873319 -0.00598552
v 0.00099999 0.02824362 -0.00695609
v 0.00099999 0.02824362 -0.00695609
v 0.00099999 0.02824362 -0.00695609
v 0.00099999 0.02873319 -0.00598553
v 0.00099999 0.02873319 -0.00598553
v 0.00099999 0.02873319 -0.00598553
v 0.00099999 0.02867188 -0.00490022
v 0.00099999 0.02867188 -0.00490022
v 0.00099999 0.02867188 -0.00490022
v 0.00099999 0.02733436 -0.00755183
v 0.00099999 0.02733436 -0.00755183
v 0.00099999 0.02733436 -0.00755183
v 0.00099999 0.02624905 -0.00761313
v 0.00099999 0.02624905 -0.00761313
v 0.00099999 0.02624905 -0.00761313
v -0.00700000 0.03121726 0.00322221
v -0.00700000 0.02621957 0.00397698
v -0.00700000 0.02621957 0.00397698
v -0.00700000 0.02621957 0.00397698
v -0.00700000 0.02684264 0.00384719
v -0.00700000 0.02684264 0.00384719
v -0.00700000 0.02684264 0.00384719
v -0.00699999 0.02304383 0.00834439
v -0.00700000 0.02744712 0.00404632
v -0.00700000 0.02744712 0.00404632
v -0.00700000 0.02744712 0.00404632
v -0.00700000 0.03342533 -0.00223537
v -0.00700000 0.03342533 -0.00223537
v -0.00700000 0.03342533 -0.00223537
v -0.00700000 0.02574488 0.00440092
v -0.00700000 0.02574488 0.00440092
v -0.00700000 0.02574488 0.00440092
v -0.00699999 0.02554576 0.00500540
v -0.00699999 0.02554576 0.00500540
v -0.00699999 0.02554576 0.00500540
v 0.00100001 0.02554576 0.00500539
v 0.00100001 0.02554576 0.00500539
v 0.00100001 0.02554576 0.00500539
v 0.00100001 0.02574488 0.00440091
v 0.00100001 0.02574488 0.00440091
v 0.00100001 0.02574488 0.00440091
v 0.00100000 0.02621957 0.00397697
v 0.00100000 0.02621957 0.00397697
v 0.00100000 0.02621957 0.00397697
v 0.00100000 0.02684264 0.00384718
v 0.00100000 0.02684264 0.00384718
v 0.00100000 0.02684264 0.00384718
v 0.00100000 0.02744712 0.00404631
v 0.00100000 0.02744712 0.00404631
v 0.00100000 0.02744712 0.00404631
v -0.00700000 0.02787105 0.00452101
v -0.00700000 0.02787105 0.00452101
v -0.00700000 0.02787105 0.00452101
v 0.00100001 0.02787105 0.00452100
v 0.00100001 0.02787105 0.00452100
v 0.00100001 0.02787105 0.00452100
v -0.00699999 0.02800084 0.00514407
v -0.00699999 0.02800084 0.00514407
v -0.00699999 0.02800084 0.00514407
v 0.00100001 0.02800084 0.00514406
v 0.00100001 0.02800084 0.00514406
v 0.00100001 0.02800084 0.00514406
v 0.00100000 0.03121726 0.00322220
v 0.00100002 0.04092228 0.01616684
v 0.00100002 0.04092228 0.01616684
v 0.00100002 0.04092228 0.01616684
v 0.00100001 0.04301412 0.00926202
v 0.00100001 0.04301412 0.00926202
v 0.00100001 0.04301412 0.00926202
v 0.00099999 0.03144592 -0.00561976
v 0.00100000 0.03533918 -0.00306890
v 0.00100001 0.02780172 0.00574854
v 0.00100001 0.02780172 0.00574854
v 0.00100001 0.02780172 0.00574854
v 0.00100001 0.02641431 0.01055272
v 0.00100002 0.02488995 0.01505256
v 0.00100002 0.02488995 0.01505256
v 0.00100002 0.02488995 0.01505256
v 0.00100001 0.02670397 0.00630227
v 0.00100001 0.02670397 0.00630227
v 0.00100001 0.02670397 0.00630227
v 0.00100001 0.02609948 0.00610314
v 0.00100001 0.02609948 0.00610314
v 0.00100001 0.02609948 0.00610314
v 0.00100002 0.02394418 0.01317759
v 0.00100002 0.02394418 0.01317759
v 0.00100002 0.02394418 0.01317759
v 0.00100002 0.02466826 0.01398836
v 0.00100002 0.02466826 0.01398836
v 0.00100002 0.02466826 0.01398836
v 0.00100001 0.02732703 0.00617248
v 0.00100001 0.02732703 0.00617248
v 0.00100001 0.02732703 0.00617248
v -0.00699999 0.02732703 0.00617249
v -0.00699999 0.02732703 0.00617249
v -0.00699999 0.02732703 0.00617249
v -0.00699999 0.02670397 0.00630228
v -0.00699999 0.02670397 0.00630228
v -0.00699999 0.02670397 0.00630228
v -0.00699999 0.02609948 0.00610315
v -0.00699999 0.02609948 0.00610315
v -0.00699999 0.02609948 0.00610315
v -0.00699999 0.02641431 0.01055273
v -0.00699999 0.02291172 0.01283748
v -0.00699999 0.02291172 0.01283748
v -0.00699999 0.02291172 0.01283748
v -0.00699998 0.02394418 0.01317760
v -0.00699998 0.02394418 0.01317760
v -0.00699998 0.02394418 0.01317760
v -0.00699999 0.02780172 0.00574855
v -0.00699999 0.02780172 0.00574855
v -0.00699999 0.02780172 0.00574855
v -0.00699998 0.02466826 0.01398837
v -0.00699998 0.02466826 0.01398837
v -0.00699998 0.02466826 0.01398837
v -0.00699999 0.03197571 0.00999021
v -0.00699999 0.03197571 0.00999021
v -0.00699999 0.03197571 0.00999021
v -0.00699998 0.02959557 0.01569562
v -0.00699998 0.02959557 0.01569562
v -0.00699998 0.02959557 0.01569562
v -0.00699998 0.02620759 0.02086655
v -0.00699998 0.02620759 0.02086655
v -0.00699998 0.02620759 0.02086655
v -0.00499998 0.02959557 0.01569562
v -0.00499998 0.02959557 0.01569562
v -0.00499998 0.02959557 0.01569562
v -0.00499999 0.03197571 0.00999020
v -0.00499999 0.03197571 0.00999020
v -0.00499999 0.03197571 0.00999020
v -0.00699998 0.02488995 0.01505257
v -0.00699998 0.02488995 0.01505257
v -0.00699998 0.02488995 0.01505257
v -0.00699998 0.02454984 0.01608503
v -0.00699998 0.02454984 0.01608503
v -0.00699998 0.02454984 0.01608503
v 0.00100002 0.02454984 0.01608502
v 0.00100002 0.02454984 0.01608502
v 0.00100002 0.02454984 0.01608502
v -0.00699998 0.02373906 0.01680911
v -0.00699998 0.02373906 0.01680911
v -0.00699998 0.02373906 0.01680911
v 0.00100002 0.02373906 0.01680910
v 0.00100002 0.02373906 0.01680910
v 0.00100002 0.02373906 0.01680910
v -0.00699998 0.02267487 0.01703080
v -0.00699998 0.02267487 0.01703080
v -0.00699998 0.02267487 0.01703080
v -0.00699998 0.02022220 0.02000347
v -0.00699997 0.01541925 0.02733399
v -0.00699997 0.02192714 0.02532689
v -0.00699997 0.02192714 0.02532689
v -0.00699997 0.02192714 0.02532689
v -0.00699998 0.01685172 0.01779514
v -0.00699998 0.02164240 0.01669069
v -0.00699998 0.02164240 0.01669069
v -0.00699998 0.02164240 0.01669069
v 0.00100002 0.02267487 0.01703079
v 0.00100002 0.02267487 0.01703079
v 0.00100002 0.02267487 0.01703079
v 0.00100002 0.02164240 0.01669068
v 0.00100002 0.02164240 0.01669068
v 0.00100002 0.02164240 0.01669068
v -0.00699998 0.02091832 0.01587991
v -0.00699998 0.02091832 0.01587991
v -0.00699998 0.02091832 0.01587991
v 0.00100002 0.02091832 0.01587990
v 0.00100002 0.02091832 0.01587990
v 0.00100002 0.02091832 0.01587990
v -0.00699998 0.02069663 0.01481572
v -0.00699998 0.02069663 0.01481572
v -0.00699998 0.02069663 0.01481572
v 0.00100002 0.02069663 0.01481571
v 0.00100002 0.02069663 0.01481571
v 0.00100002 0.02069663 0.01481571
v -0.00699998 0.02103674 0.01378325
v -0.00699998 0.02103674 0.01378325
v -0.00699998 0.02103674 0.01378325
v 0.00100002 0.02103674 0.01378325
v 0.00100002 0.02103674 0.01378325
v 0.00100002 0.02103674 0.01378325
v -0.00699998 0.02184752 0.01305917
v -0.00699998 0.02184752 0.01305917
v -0.00699998 0.02184752 0.01305917
v 0.00100002 0.02184752 0.01305916
v 0.00100002 0.02184752 0.01305916
v 0.00100002 0.02184752 0.01305916
v 0.00100001 0.02291172 0.01283748
v 0.00100001 0.02291172 0.01283748
v 0.00100001 0.02291172 0.01283748
v 0.00100002 0.01632894 0.01745260
v 0.00100002 0.02022220 0.02000346
v 0.00100001 0.01882015 0.01233094
v 0.00100001 0.01882015 0.01233094
v 0.00100001 0.01882015 0.01233094
v 0.00100002 0.01560440 0.01620965
v 0.00100002 0.01560440 0.01620965
v 0.00100002 0.01560440 0.01620965
v 0.00100002 0.01525094 0.01674630
v 0.00100002 0.01160618 0.01927555
v 0.00100002 0.01160618 0.01927555
v 0.00100002 0.01160618 0.01927555
v 0.00050002 0.00686984 0.02089989
v 0.00050002 0.00686984 0.02089989
v 0.00050002 0.00686984 0.02089989
v 0.00050002 0.00686984 0.02089989
v 0.00050002 0.01134826 0.01884720
v 0.00050002 0.01134826 0.01884720
v 0.00050002 0.01134826 0.01884720
v 0.00050002 0.01134826 0.01884720
v 0.00100002 0.00702597 0.02137488
v 0.00100002 0.00702597 0.02137488
v 0.00100002 0.00702597 0.02137488
v 0.00100003 0.00559721 0.02457770
v 0.00100003 0.00559721 0.02457770
v 0.00100003 0.00559721 0.02457770
v 0.00050003 0.00204693 0.02190457
v 0.00050003 0.00204693 0.02190457
v 0.00050003 0.00204693 0.02190457
v 0.00050003 0.00204693 0.02190457
v 0.00100003 0.00650424 0.02480296
v 0.00100003 0.00650424 0.02480296
v 0.00100003 0.00650424 0.02480296
v 0.00100003 0.00722372 0.02539946
v 0.00100003 0.00722372 0.02539946
v 0.00100003 0.00722372 0.02539946
v 0.00100003 0.00209346 0.02240240
v 0.00100003 0.00209346 0.02240240
v 0.00100003 0.00209346 0.02240240
v 0.00050003 -0.00287861 0.02181086
v 0.00050003 -0.00287861 0.02181086
v 0.00050003 -0.00287861 0.02181086
v 0.00050003 -0.00287861 0.02181086
v 0.00100003 0.00394062 0.02533700
v 0.00100003 0.00394062 0.02533700
v 0.00100003 0.00394062 0.02533700
v 0.00100003 -0.00294403 0.02230656
v 0.00100003 -0.00294403 0.02230656
v 0.00100003 -0.00294403 0.02230656
v 0.00100003 0.00003496 0.02624599
v 0.00100003 0.00468226 0.02476829
v 0.00100003 0.00468226 0.02476829
v 0.00100003 0.00468226 0.02476829
v -0.00699997 0.00468226 0.02476830
v -0.00699997 0.00468226 0.02476830
v -0.00699997 0.00468226 0.02476830
v -0.00699997 0.00559721 0.02457771
v -0.00699997 0.00559721 0.02457771
v -0.00699997 0.00559721 0.02457771
v -0.00699997 0.00650424 0.02480297
v -0.00699997 0.00650424 0.02480297
v -0.00699997 0.00650424 0.02480297
v -0.00699997 0.00741630 0.02256239
v -0.00699997 0.00741630 0.02256239
v -0.00699997 0.00741630 0.02256239
v -0.00699997 0.00220976 0.02364698
v -0.00699997 0.00220976 0.02364698
v -0.00699997 0.00220976 0.02364698
v -0.00849997 0.00220976 0.02364698
v -0.00849997 0.00220976 0.02364698
v -0.00849997 0.00220976 0.02364698
v -0.00849997 0.00220976 0.02364698
v -0.00849997 0.00741630 0.02256239
v -0.00849997 0.00741630 0.02256239
v -0.00849997 0.00741630 0.02256239
v -0.00849997 0.00741630 0.02256239
v -0.00699998 0.01225096 0.02034642
v -0.00699998 0.01225096 0.02034642
v -0.00699998 0.01225096 0.02034642
v -0.00699997 0.00722372 0.02539947
v -0.00699997 0.00722372 0.02539947
v -0.00699997 0.00722372 0.02539947
v -0.00849998 0.01225096 0.02034642
v -0.00849998 0.01225096 0.02034642
v -0.00849998 0.01225096 0.02034642
v -0.00849998 0.01225096 0.02034642
v -0.00699998 0.01647131 0.01711020
v -0.00699998 0.01647131 0.01711020
v -0.00699998 0.01647131 0.01711020
v -0.00699997 0.01097077 0.02441935
v -0.00699996 0.00650632 0.03123324
v -0.00699997 0.00761313 0.02624906
v -0.00699997 0.00761313 0.02624906
v -0.00699997 0.00761313 0.02624906
v -0.00699997 0.00755183 0.02733437
v -0.00699997 0.00755183 0.02733437
v -0.00699997 0.00755183 0.02733437
v -0.00699996 0.00758432 0.03193954
v -0.00699997 0.01204877 0.02512565
v -0.00699996 0.00822540 0.03247450
v -0.00699996 0.00822540 0.03247450
v -0.00699996 0.00822540 0.03247450
v -0.00699996 0.01129732 0.03153761
v -0.00699996 0.01129732 0.03153761
v -0.00699996 0.01129732 0.03153761
v -0.00699996 0.01129732 0.03153761
v -0.00699997 0.01689998 0.02892475
v -0.00699997 0.01689998 0.02892475
v -0.00699997 0.01689998 0.02892475
v -0.00499997 0.01689998 0.02892475
v -0.00499997 0.01689998 0.02892475
v -0.00499997 0.01689998 0.02892475
v -0.00499996 0.00530994 0.03307650
v -0.00499996 0.00530994 0.03307650
v -0.00499996 0.00530994 0.03307650
v -0.00499996 0.00530994 0.03307650
v -0.00499996 0.00530994 0.03307650
v -0.00499996 0.00530994 0.03307650
v -0.00499996 0.00530994 0.03307650
v -0.00499996 0.00530994 0.03307650
v -0.00499996 0.01129732 0.03153761
v -0.00499996 0.01129732 0.03153761
v -0.00499996 0.01129732 0.03153761
v -0.00699996 0.00652353 0.03285870
v -0.00699996 0.00652353 0.03285870
v -0.00699996 0.00652353 0.03285870
v -0.00699996 0.00717939 0.03272166
v -0.00699996 0.00717939 0.03272166
v -0.00699996 0.00717939 0.03272166
v -0.00699996 0.00530994 0.03307650
v -0.00699996 0.00530994 0.03307650
v -0.00699996 0.00530994 0.03307650
v -0.00499995 0.00199986 0.04395454
v -0.00499995 0.00199986 0.04395454
v -0.00499995 0.00199986 0.04395454
v -0.00699996 0.00558966 0.03303038
v -0.00699996 0.00558966 0.03303038
v -0.00699996 0.00558966 0.03303038
v -0.01264995 -0.00521319 0.04371698
v -0.01264995 -0.00521319 0.04371698
v -0.01264995 -0.00521319 0.04371698
v -0.00699996 0.00580002 0.03231123
v -0.00699997 -0.00030756 0.02676878
v -0.00699997 -0.00310759 0.02354582
v -0.00699997 -0.00310759 0.02354582
v -0.00699997 -0.00310759 0.02354582
v -0.00699997 0.00399096 0.02807615
v -0.00699997 0.00399096 0.02807615
v -0.00699997 0.00399096 0.02807615
v -0.00699997 -0.00655237 0.02282826
v -0.00699997 -0.00655237 0.02282826
v -0.00699997 -0.00655237 0.02282826
v -0.00699997 -0.00655237 0.02282826
v -0.00699997 0.00350140 0.02710559
v -0.00699997 0.00350140 0.02710559
v -0.00699997 0.00350140 0.02710559
v 0.00100003 0.00399096 0.02807614
v 0.00100003 0.00399096 0.02807614
v 0.00100003 0.00399096 0.02807614
v 0.00100003 0.00350140 0.02710558
v 0.00100003 0.00350140 0.02710558
v 0.00100003 0.00350140 0.02710558
v -0.00699997 0.00351917 0.02617117
v -0.00699997 0.00351917 0.02617117
v -0.00699997 0.00351917 0.02617117
v 0.00100003 0.00351917 0.02617116
v 0.00100003 0.00351917 0.02617116
v 0.00100003 0.00351917 0.02617116
v -0.00699997 0.00394062 0.02533701
v -0.00699997 0.00394062 0.02533701
v -0.00699997 0.00394062 0.02533701
v 0.00100003 0.00490022 0.02867188
v 0.00100003 0.00490022 0.02867188
v 0.00100003 0.00490022 0.02867188
v 0.00100003 0.00598553 0.02873318
v 0.00100003 0.00598553 0.02873318
v 0.00100003 0.00598553 0.02873318
v -0.00699997 0.00490022 0.02867189
v -0.00699997 0.00490022 0.02867189
v -0.00699997 0.00490022 0.02867189
v -0.00699997 0.00598553 0.02873319
v -0.00699997 0.00598553 0.02873319
v -0.00699997 0.00598553 0.02873319
v 0.00100003 0.00695609 0.02824362
v 0.00100003 0.00695609 0.02824362
v 0.00100003 0.00695609 0.02824362
v -0.00699997 0.00695609 0.02824363
v -0.00699997 0.00695609 0.02824363
v -0.00699997 0.00695609 0.02824363
v 0.00100003 0.00755183 0.02733436
v 0.00100003 0.00755183 0.02733436
v 0.00100003 0.00755183 0.02733436
v 0.00100003 0.00761313 0.02624905
v 0.00100003 0.00761313 0.02624905
v 0.00100003 0.00761313 0.02624905
v -0.00699997 -0.00826911 0.02226398
v -0.00699997 -0.00826911 0.02226398
v -0.00699997 -0.00826911 0.02226398
v -0.00849997 -0.00826911 0.02226398
v -0.00849997 -0.00826911 0.02226398
v -0.00849997 -0.00826911 0.02226398
v -0.00849997 -0.00826911 0.02226398
v -0.00849997 -0.00826911 0.02226398
v -0.00849997 -0.00310759 0.02354582
v -0.00849997 -0.00310759 0.02354582
v -0.00849997 -0.00310759 0.02354582
v -0.00849997 -0.00310759 0.02354582
v -0.00849997 -0.00310759 0.02354582
v -0.00899997 -0.00809503 0.02179526
v -0.00899997 -0.00809503 0.02179526
v -0.00899997 -0.00809503 0.02179526
v -0.00899997 -0.00304217 0.02305012
v -0.00899997 -0.00304217 0.02305012
v -0.00899997 -0.00304217 0.02305012
v -0.00899997 0.00216324 0.02314916
v -0.00899997 0.00216324 0.02314916
v -0.00899997 0.00216324 0.02314916
v -0.00899997 -0.00287861 0.02181087
v -0.00899997 -0.00287861 0.02181087
v -0.00899997 -0.00287861 0.02181087
v -0.00899997 0.00204693 0.02190458
v -0.00899997 0.00204693 0.02190458
v -0.00899997 0.00204693 0.02190458
v -0.00899998 0.00686984 0.02089990
v -0.00899998 0.00686984 0.02089990
v -0.00899998 0.00686984 0.02089990
v -0.00899998 0.01134826 0.01884721
v -0.00899998 0.01134826 0.01884721
v -0.00899998 0.01134826 0.01884721
v -0.00899997 0.00726017 0.02208739
v -0.00899997 0.00726017 0.02208739
v -0.00899997 0.00726017 0.02208739
v -0.00899998 0.01199305 0.01991807
v -0.00899998 0.01199305 0.01991807
v -0.00899998 0.01199305 0.01991807
v -0.00849998 0.01647131 0.01711020
v -0.00849998 0.01647131 0.01711020
v -0.00849998 0.01647131 0.01711020
v -0.00849998 0.01647131 0.01711020
v -0.00899998 0.01612454 0.01674998
v -0.00899998 0.01612454 0.01674998
v -0.00899998 0.01612454 0.01674998
v -0.00899998 0.01525763 0.01584945
v -0.00899998 0.01525763 0.01584945
v -0.00899998 0.01525763 0.01584945
v -0.00899999 0.01840192 0.01205693
v -0.00899999 0.01840192 0.01205693
v -0.00899999 0.01840192 0.01205693
v 0.00050002 0.01525763 0.01584944
v 0.00050002 0.01525763 0.01584944
v 0.00050002 0.01525763 0.01584944
v 0.00050002 0.01525763 0.01584944
v 0.00050001 0.01840192 0.01205692
v 0.00050001 0.01840192 0.01205692
v 0.00050001 0.01840192 0.01205692
v 0.00050001 0.01840192 0.01205692
v 0.00050001 0.02062347 0.00765981
v 0.00050001 0.02062347 0.00765981
v 0.00050001 0.02062347 0.00765981
v 0.00050001 0.02062347 0.00765981
v 0.00100001 0.02109218 0.00783390
v 0.00100001 0.02109218 0.00783390
v 0.00100001 0.02109218 0.00783390
v -0.00899999 0.02062347 0.00765982
v -0.00899999 0.02062347 0.00765982
v -0.00899999 0.02062347 0.00765982
v 0.00050000 0.02181086 0.00287861
v 0.00050000 0.02181086 0.00287861
v 0.00050000 0.02181086 0.00287861
v 0.00050000 0.02181086 0.00287861
v -0.00899998 0.01944749 0.01274198
v -0.00899998 0.01944749 0.01274198
v -0.00899998 0.01944749 0.01274198
v -0.00849999 0.01986571 0.01301600
v -0.00849999 0.01986571 0.01301600
v -0.00849999 0.01986571 0.01301600
v -0.00849999 0.01986571 0.01301600
v -0.00699999 0.01986571 0.01301600
v -0.00699999 0.01986571 0.01301600
v -0.00699999 0.01986571 0.01301600
v -0.00699999 0.02226397 0.00826912
v -0.00699999 0.02226397 0.00826912
v -0.00699999 0.02226397 0.00826912
v -0.00499996 0.02254393 0.03778587
v -0.00499996 0.02254393 0.03778587
v -0.00499996 0.02254393 0.03778587
v -0.00499997 0.02192714 0.02532689
v -0.00499997 0.02192714 0.02532689
v -0.00499997 0.02192714 0.02532689
v -0.00499996 0.02841579 0.03359380
v -0.00499996 0.02841579 0.03359380
v -0.00499996 0.02841579 0.03359380
v -0.00499998 0.02620759 0.02086654
v -0.00499998 0.02620759 0.02086654
v -0.00499998 0.02620759 0.02086654
v -0.00499997 0.03352366 0.02849850
v -0.00499997 0.03352366 0.02849850
v -0.00499997 0.03352366 0.02849850
v -0.01264996 0.02843304 0.03361419
v -0.01264996 0.02843304 0.03361419
v -0.01264996 0.02843304 0.03361419
v -0.01264997 0.03354400 0.02851581
v -0.01264997 0.03354400 0.02851581
v -0.01264997 0.03354400 0.02851581
v -0.00499997 0.03773019 0.02263699
v -0.00499997 0.03773019 0.02263699
v -0.00499997 0.03773019 0.02263699
v -0.01264997 0.03775309 0.02265074
v -0.01264997 0.03775309 0.02265074
v -0.01264997 0.03775309 0.02265074
v -0.00499998 0.04092228 0.01616684
v -0.00499998 0.04092228 0.01616684
v -0.00499998 0.04092228 0.01616684
v -0.01264998 0.04094712 0.01617666
v -0.01264998 0.04094712 0.01617666
v -0.01264998 0.04094712 0.01617666
v -0.00499999 0.04301412 0.00926203
v -0.00499999 0.04301412 0.00926203
v -0.00499999 0.04301412 0.00926203
v -0.01264999 0.04304023 0.00926766
v -0.01264999 0.04304023 0.00926766
v -0.01264999 0.04304023 0.00926766
v -0.00500000 0.04394947 0.00210819
v -0.00500000 0.04394947 0.00210819
v -0.00500000 0.04394947 0.00210819
v -0.00500000 0.03326695 0.00394458
v -0.00500000 0.03326695 0.00394458
v -0.00500000 0.03326695 0.00394458
v -0.00700000 0.03326695 0.00394458
v -0.00700000 0.03326695 0.00394458
v -0.00700000 0.03326695 0.00394458
v -0.00500000 0.03342533 -0.00223537
v -0.00500000 0.03342533 -0.00223537
v -0.00500000 0.03342533 -0.00223537
v -0.00500000 0.03342533 -0.00223537
v -0.00500001 0.04370316 -0.00510233
v -0.00500001 0.04370316 -0.00510233
v -0.00500001 0.04370316 -0.00510233
v -0.00700001 0.03305767 -0.00542587
v -0.00700001 0.03305767 -0.00542587
v -0.00700001 0.03305767 -0.00542587
v -0.00700001 0.03305767 -0.00542587
v -0.00500001 0.03244546 -0.00833920
v -0.00500001 0.03244546 -0.00833920
v -0.00500001 0.03244546 -0.00833920
v -0.00500001 0.03244546 -0.00833920
v -0.00500001 0.03244546 -0.00833920
v -0.00500001 0.03244546 -0.00833920
v -0.00700001 0.03244546 -0.00833920
v -0.00700001 0.03244546 -0.00833920
v -0.00700001 0.03244546 -0.00833920
v -0.00500001 0.04228183 -0.01217567
v -0.00500001 0.04228183 -0.01217567
v -0.00500001 0.04228183 -0.01217567
v -0.00500002 0.03036069 -0.01415905
v -0.00500002 0.03036069 -0.01415905
v -0.00500002 0.03036069 -0.01415905
v -0.00500002 0.03972369 -0.01892164
v -0.00500002 0.03972369 -0.01892164
v -0.00500002 0.03972369 -0.01892164
v -0.01265001 0.04230749 -0.01218305
v -0.01265001 0.04230749 -0.01218305
v -0.01265001 0.04230749 -0.01218305
v -0.01265001 0.04372968 -0.00510542
v -0.01265001 0.04372968 -0.00510542
v -0.01265001 0.04372968 -0.00510542
v -0.01265001 0.04392787 -0.00976430
v -0.01265001 0.04392787 -0.00976430
v -0.01265001 0.04392787 -0.00976430
v -0.01265000 0.04493447 -0.00242770
v -0.01265000 0.04493447 -0.00242770
v -0.01265000 0.04493447 -0.00242770
v 0.01264999 0.04392787 -0.00976433
v 0.01264999 0.04392787 -0.00976433
v 0.01264999 0.04392787 -0.00976433
v 0.01264998 0.04173167 -0.01683651
v 0.01264998 0.04173167 -0.01683651
v 0.01264998 0.04173167 -0.01683651
v 0.01264999 0.04232091 -0.01218694
v 0.01264999 0.04232091 -0.01218694
v 0.01264999 0.04232091 -0.01218694
v 0.01264999 0.04374355 -0.00510707
v 0.01264999 0.04374355 -0.00510707
v 0.01264999 0.04374355 -0.00510707
v 0.00099999 0.04370316 -0.00510234
v 0.00099999 0.04370316 -0.00510234
v 0.00099999 0.04370316 -0.00510234
v 0.00100000 0.04394947 0.00210818
v 0.00100000 0.04394947 0.00210818
v 0.00100000 0.04394947 0.00210818
v 0.00099999 0.03859634 -0.00804017
v 0.00100000 0.03604548 -0.00414691
v 0.00099999 0.03215222 -0.00669776
v 0.01265000 0.04399009 0.00211012
v 0.01265000 0.04399009 0.00211012
v 0.01265000 0.04399009 0.00211012
v 0.01265001 0.04472419 0.00497463
v 0.01265001 0.04472419 0.00497463
v 0.01265001 0.04472419 0.00497463
v 0.01265001 0.04472419 0.00497463
v 0.01265000 0.04493447 -0.00242772
v 0.01265000 0.04493447 -0.00242772
v 0.01265000 0.04493447 -0.00242772
v 0.01265001 0.04305388 0.00927057
v 0.01265001 0.04305388 0.00927057
v 0.01265001 0.04305388 0.00927057
v 0.01265001 0.04330273 0.01224226
v 0.01265001 0.04330273 0.01224226
v 0.01265001 0.04330273 0.01224226
v 0.01265002 0.04096011 0.01618177
v 0.01265002 0.04096011 0.01618177
v 0.01265002 0.04096011 0.01618177
v 0.01265003 0.03776506 0.02265789
v 0.01265003 0.03776506 0.02265789
v 0.01265003 0.03776506 0.02265789
v 0.00100003 0.03773019 0.02263698
v 0.00100003 0.03773019 0.02263698
v 0.00100003 0.03773019 0.02263698
v 0.01265002 0.04070860 0.01917836
v 0.01265002 0.04070860 0.01917836
v 0.01265002 0.04070860 0.01917836
v -0.01264998 0.04070860 0.01917839
v -0.01264998 0.04070860 0.01917839
v -0.01264998 0.04070860 0.01917839
v -0.01264997 0.03701203 0.02559512
v -0.01264997 0.03701203 0.02559512
v -0.01264997 0.03701203 0.02559512
v 0.01265003 0.03701203 0.02559509
v 0.01265003 0.03701203 0.02559509
v 0.01265003 0.03701203 0.02559509
v -0.01264996 0.03231315 0.03131871
v -0.01264996 0.03231315 0.03131871
v -0.01264996 0.03231315 0.03131871
v 0.01265004 0.03231315 0.03131868
v 0.01265004 0.03231315 0.03131868
v 0.01265004 0.03231315 0.03131868
v 0.01265003 0.03355464 0.02852482
v 0.01265003 0.03355464 0.02852482
v 0.01265003 0.03355464 0.02852482
v 0.01265004 0.02844206 0.03362482
v 0.01265004 0.02844206 0.03362482
v 0.01265004 0.02844206 0.03362482
v 0.00100004 0.02841579 0.03359379
v 0.00100004 0.02841579 0.03359379
v 0.00100004 0.02841579 0.03359379
v 0.00100003 0.03352366 0.02849850
v 0.00100003 0.03352366 0.02849850
v 0.00100003 0.03352366 0.02849850
v -0.01264996 0.02673919 0.03619416
v -0.01264996 0.02673919 0.03619416
v -0.01264996 0.02673919 0.03619416
v -0.01264996 0.02255761 0.03780881
v -0.01264996 0.02255761 0.03780881
v -0.01264996 0.02255761 0.03780881
v -0.01264999 0.04330273 0.01224229
v -0.01264999 0.04330273 0.01224229
v -0.01264999 0.04330273 0.01224229
v -0.01264999 0.04330273 0.01224229
v -0.01264999 0.04472419 0.00497466
v -0.01264999 0.04472419 0.00497466
v -0.01264999 0.04472419 0.00497466
v -0.01265000 0.04397614 0.00210948
v -0.01265000 0.04397614 0.00210948
v -0.01265000 0.04397614 0.00210948
v -0.00699999 0.02567555 0.00562846
v -0.00699999 0.02567555 0.00562846
v -0.00699999 0.02567555 0.00562846
v 0.00100001 0.02567555 0.00562845
v 0.00100001 0.02567555 0.00562845
v 0.00100001 0.02567555 0.00562845
v 0.00099997 -0.00490022 -0.02867189
v 0.00099997 -0.00490022 -0.02867189
v 0.00099997 -0.00490022 -0.02867189
v -0.00700004 -0.00650632 -0.03123322
v -0.00700003 -0.00490022 -0.02867188
v -0.00700003 -0.00490022 -0.02867188
v -0.00700003 -0.00490022 -0.02867188
v -0.00700003 -0.00598553 -0.02873318
v -0.00700003 -0.00598553 -0.02873318
v -0.00700003 -0.00598553 -0.02873318
v 0.00099997 -0.00598553 -0.02873319
v 0.00099997 -0.00598553 -0.02873319
v 0.00099997 -0.00598553 -0.02873319
v 0.00099997 -0.00695609 -0.02824362
v 0.00099997 -0.00695609 -0.02824362
v 0.00099997 -0.00695609 -0.02824362
v -0.00700003 -0.00695609 -0.02824361
v -0.00700003 -0.00695609 -0.02824361
v -0.00700003 -0.00695609 -0.02824361
v -0.00700004 -0.00652353 -0.03285868
v -0.00700004 -0.00652353 -0.03285868
v -0.00700004 -0.00652353 -0.03285868
v -0.00700004 -0.00758432 -0.03193953
v -0.00700003 -0.01204877 -0.02512564
v -0.00700004 -0.00816984 -0.03232315
v -0.00700004 -0.00717939 -0.03272164
v -0.00700004 -0.00717939 -0.03272164
v -0.00700004 -0.00717939 -0.03272164
v -0.00700004 -0.00819093 -0.03248320
v -0.00700004 -0.00819093 -0.03248320
v -0.00700004 -0.00819093 -0.03248320
v -0.00700004 -0.00822540 -0.03247449
v -0.00700004 -0.00822540 -0.03247449
v -0.00700004 -0.00822540 -0.03247449
v -0.00500004 -0.00530994 -0.03307649
v -0.00500004 -0.00530994 -0.03307649
v -0.00500004 -0.00530994 -0.03307649
v -0.00500004 -0.00530994 -0.03307649
v -0.00500004 -0.00530994 -0.03307649
v -0.00500004 -0.00530994 -0.03307649
v -0.00500004 -0.00530994 -0.03307649
v -0.00500004 -0.00530994 -0.03307649
v -0.00700004 -0.01129732 -0.03153760
v -0.00700004 -0.01129732 -0.03153760
v -0.00700004 -0.01129732 -0.03153760
v -0.00700004 -0.01129732 -0.03153760
v -0.00700004 -0.00530994 -0.03307649
v -0.00700004 -0.00530994 -0.03307649
v -0.00700004 -0.00530994 -0.03307649
v -0.00500005 -0.00100421 -0.04398853
v -0.00500005 -0.00100421 -0.04398853
v -0.00500005 -0.00100421 -0.04398853
v -0.00500004 -0.01129732 -0.03153760
v -0.00500004 -0.01129732 -0.03153760
v -0.00500004 -0.01129732 -0.03153760
v -0.00500005 -0.00817928 -0.04323307
v -0.00500005 -0.00817928 -0.04323307
v -0.00500005 -0.00817928 -0.04323307
v -0.01265005 -0.00100482 -0.04401522
v -0.01265005 -0.00100482 -0.04401522
v -0.01265005 -0.00100482 -0.04401522
v -0.01265005 -0.00818424 -0.04325930
v -0.01265005 -0.00818424 -0.04325930
v -0.01265005 -0.00818424 -0.04325930
v -0.00500005 -0.01513443 -0.04131524
v -0.00500005 -0.01513443 -0.04131524
v -0.00500005 -0.01513443 -0.04131524
v -0.01265005 -0.01514361 -0.04134030
v -0.01265005 -0.01514361 -0.04134030
v -0.01265005 -0.01514361 -0.04134030
v -0.00500004 -0.02168267 -0.03828657
v -0.00500004 -0.02168267 -0.03828657
v -0.00500004 -0.02168267 -0.03828657
v -0.00500003 -0.01689998 -0.02892473
v -0.00500003 -0.01689998 -0.02892473
v -0.00500003 -0.01689998 -0.02892473
v -0.00500003 -0.02192714 -0.02532687
v -0.00500003 -0.02192714 -0.02532687
v -0.00500003 -0.02192714 -0.02532687
v -0.00700003 -0.01689998 -0.02892473
v -0.00700003 -0.01689998 -0.02892473
v -0.00700003 -0.01689998 -0.02892473
v -0.00700003 -0.02192714 -0.02532687
v -0.00700003 -0.02192714 -0.02532687
v -0.00700003 -0.02192714 -0.02532687
v -0.00700003 -0.01263429 -0.02550926
v -0.00700002 -0.01743723 -0.01817875
v -0.00700002 -0.01685172 -0.01779512
v -0.00700002 -0.02164240 -0.01669067
v -0.00700002 -0.02164240 -0.01669067
v -0.00700002 -0.02164240 -0.01669067
v -0.00700002 -0.02091832 -0.01587990
v -0.00700002 -0.02091832 -0.01587990
v -0.00700002 -0.02091832 -0.01587990
v -0.00700001 -0.02362935 -0.00872800
v -0.00700002 -0.02069663 -0.01481570
v -0.00700002 -0.02069663 -0.01481570
v -0.00700002 -0.02069663 -0.01481570
v -0.00700002 -0.02103674 -0.01378324
v -0.00700002 -0.02103674 -0.01378324
v -0.00700002 -0.02103674 -0.01378324
v 0.00099998 -0.02069663 -0.01481571
v 0.00099998 -0.02069663 -0.01481571
v 0.00099998 -0.02069663 -0.01481571
v 0.00099998 -0.02103674 -0.01378325
v 0.00099998 -0.02103674 -0.01378325
v 0.00099998 -0.02103674 -0.01378325
v -0.00700002 -0.02184752 -0.01305916
v -0.00700002 -0.02184752 -0.01305916
v -0.00700002 -0.02184752 -0.01305916
v 0.00099998 -0.02184752 -0.01305916
v 0.00099998 -0.02184752 -0.01305916
v 0.00099998 -0.02184752 -0.01305916
v -0.00700002 -0.02291172 -0.01283747
v -0.00700002 -0.02291172 -0.01283747
v -0.00700002 -0.02291172 -0.01283747
v 0.00099999 -0.02291172 -0.01283748
v 0.00099999 -0.02291172 -0.01283748
v 0.00099999 -0.02291172 -0.01283748
v -0.00700001 -0.03197571 -0.00999019
v -0.00700001 -0.03197571 -0.00999019
v -0.00700001 -0.03197571 -0.00999019
v -0.00700002 -0.02394418 -0.01317758
v -0.00700002 -0.02394418 -0.01317758
v -0.00700002 -0.02394418 -0.01317758
v -0.00700002 -0.02466826 -0.01398836
v -0.00700002 -0.02466826 -0.01398836
v -0.00700002 -0.02466826 -0.01398836
v 0.00099998 -0.02394418 -0.01317759
v 0.00099998 -0.02394418 -0.01317759
v 0.00099998 -0.02394418 -0.01317759
v 0.00099998 -0.02466826 -0.01398837
v 0.00099998 -0.02466826 -0.01398837
v 0.00099998 -0.02466826 -0.01398837
v -0.00700002 -0.02488995 -0.01505255
v -0.00700002 -0.02488995 -0.01505255
v -0.00700002 -0.02488995 -0.01505255
v 0.00099998 -0.02488995 -0.01505256
v 0.00099998 -0.02488995 -0.01505256
v 0.00099998 -0.02488995 -0.01505256
v 0.00099998 -0.04054578 -0.01708918
v 0.00099998 -0.04054578 -0.01708918
v 0.00099998 -0.04054578 -0.01708918
v 0.00099997 -0.03720801 -0.02348540
v 0.00099997 -0.03720801 -0.02348540
v 0.00099997 -0.03720801 -0.02348540
v 0.00099998 -0.02454984 -0.01608502
v 0.00099998 -0.02454984 -0.01608502
v 0.00099998 -0.02454984 -0.01608502
v 0.00099999 -0.02670397 -0.00630227
v 0.00099999 -0.02670397 -0.00630227
v 0.00099999 -0.02670397 -0.00630227
v 0.00099999 -0.02732703 -0.00617248
v 0.00099999 -0.02732703 -0.00617248
v 0.00099999 -0.02732703 -0.00617248
v 0.00099999 -0.02780172 -0.00574855
v 0.00099999 -0.02780172 -0.00574855
v 0.00099999 -0.02780172 -0.00574855
v 0.01264999 -0.04283296 -0.01024297
v 0.01264999 -0.04283296 -0.01024297
v 0.01264999 -0.04283296 -0.01024297
v 0.01264998 -0.04058325 -0.01710499
v 0.01264998 -0.04058325 -0.01710499
v 0.01264998 -0.04058325 -0.01710499
v 0.00099999 -0.04279340 -0.01023350
v 0.00099999 -0.04279340 -0.01023350
v 0.00099999 -0.04279340 -0.01023350
v 0.01265000 -0.04393104 -0.00310555
v 0.01265000 -0.04393104 -0.00310555
v 0.01265000 -0.04393104 -0.00310555
v 0.01265000 -0.04393104 -0.00310555
v 0.01265000 -0.04393104 -0.00310555
v 0.00100000 -0.04389047 -0.00310267
v 0.00100000 -0.04389047 -0.00310267
v 0.00100000 -0.04389047 -0.00310267
v 0.00099999 -0.02787105 -0.00452100
v 0.00099999 -0.02787105 -0.00452100
v 0.00099999 -0.02787105 -0.00452100
v 0.00099999 -0.02800084 -0.00514406
v 0.00099999 -0.02800084 -0.00514406
v 0.00099999 -0.02800084 -0.00514406
v -0.00700001 -0.02800084 -0.00514405
v -0.00700001 -0.02800084 -0.00514405
v -0.00700001 -0.02800084 -0.00514405
v -0.00700001 -0.02780172 -0.00574854
v -0.00700001 -0.02780172 -0.00574854
v -0.00700001 -0.02780172 -0.00574854
v -0.00700001 -0.02732703 -0.00617247
v -0.00700001 -0.02732703 -0.00617247
v -0.00700001 -0.02732703 -0.00617247
v -0.00700001 -0.02670397 -0.00630226
v -0.00700001 -0.02670397 -0.00630226
v -0.00700001 -0.02670397 -0.00630226
v -0.00700001 -0.02609948 -0.00610313
v -0.00700001 -0.02609948 -0.00610313
v -0.00700001 -0.02609948 -0.00610313
v -0.00700001 -0.02567555 -0.00562845
v -0.00700001 -0.02567555 -0.00562845
v -0.00700001 -0.02567555 -0.00562845
v 0.00099999 -0.02609948 -0.00610314
v 0.00099999 -0.02609948 -0.00610314
v 0.00099999 -0.02609948 -0.00610314
v -0.00700000 -0.03326695 -0.00394457
v -0.00700000 -0.03326695 -0.00394457
v -0.00700000 -0.03326695 -0.00394457
v -0.00700001 -0.02787105 -0.00452099
v -0.00700001 -0.02787105 -0.00452099
v -0.00700001 -0.02787105 -0.00452099
v -0.00700000 -0.02744712 -0.00404630
v -0.00700000 -0.02744712 -0.00404630
v -0.00700000 -0.02744712 -0.00404630
v 0.00100000 -0.02744712 -0.00404631
v 0.00100000 -0.02744712 -0.00404631
v 0.00100000 -0.02744712 -0.00404631
v -0.00700000 -0.02684264 -0.00384718
v -0.00700000 -0.02684264 -0.00384718
v -0.00700000 -0.02684264 -0.00384718
v -0.00500000 -0.03326695 -0.00394457
v -0.00500000 -0.03326695 -0.00394457
v -0.00500000 -0.03326695 -0.00394457
v -0.00700000 -0.03342533 0.00223539
v -0.00700000 -0.03342533 0.00223539
v -0.00700000 -0.03342533 0.00223539
v -0.00699999 -0.03289674 0.00541640
v -0.00500001 -0.03197571 -0.00999019
v -0.00500001 -0.03197571 -0.00999019
v -0.00500001 -0.03197571 -0.00999019
v -0.00500001 -0.04279340 -0.01023349
v -0.00500001 -0.04279340 -0.01023349
v -0.00500001 -0.04279340 -0.01023349
v -0.00500000 -0.04389047 -0.00310266
v -0.00500000 -0.04389047 -0.00310266
v -0.00500000 -0.04389047 -0.00310266
v -0.01265001 -0.04281938 -0.01023969
v -0.01265001 -0.04281938 -0.01023969
v -0.01265001 -0.04281938 -0.01023969
v -0.01265000 -0.04391711 -0.00310453
v -0.01265000 -0.04391711 -0.00310453
v -0.01265000 -0.04391711 -0.00310453
v -0.01265000 -0.04495914 0.00191731
v -0.01265000 -0.04495914 0.00191731
v -0.01265000 -0.04495914 0.00191731
v -0.01265001 -0.04466481 -0.00548218
v -0.01265001 -0.04466481 -0.00548218
v -0.01265001 -0.04466481 -0.00548218
v -0.01265001 -0.04316092 -0.01273320
v -0.01265001 -0.04316092 -0.01273320
v -0.01265001 -0.04316092 -0.01273320
v 0.01264999 -0.04466481 -0.00548221
v 0.01264999 -0.04466481 -0.00548221
v 0.01264999 -0.04466481 -0.00548221
v 0.01265000 -0.04495914 0.00191728
v 0.01265000 -0.04495914 0.00191728
v 0.01265000 -0.04495914 0.00191728
v 0.01265001 -0.04403592 0.00926484
v 0.01265001 -0.04403592 0.00926484
v 0.01265001 -0.04403592 0.00926484
v 0.01265000 -0.04384796 0.00411537
v 0.01265000 -0.04384796 0.00411537
v 0.01265000 -0.04384796 0.00411537
v 0.01265000 -0.04384796 0.00411537
v 0.01265000 -0.04384796 0.00411537
v 0.01265001 -0.04258597 0.01122564
v 0.01265001 -0.04258597 0.01122564
v 0.01265001 -0.04258597 0.01122564
v 0.00100000 -0.04398918 -0.00097568
v 0.00100000 -0.04398918 -0.00097568
v 0.00100000 -0.04398918 -0.00097568
v 0.00100000 -0.04398918 -0.00097568
v 0.00100000 -0.04380748 0.00411158
v 0.00100000 -0.04380748 0.00411158
v 0.00100000 -0.04380748 0.00411158
v 0.00100000 -0.04399562 0.00062071
v 0.00100000 -0.04399562 0.00062071
v 0.00100000 -0.04399562 0.00062071
v 0.00100001 -0.04254665 0.01121528
v 0.00100001 -0.04254665 0.01121528
v 0.00100001 -0.04254665 0.01121528
v 0.01265002 -0.04117928 0.01561559
v 0.01265002 -0.04117928 0.01561559
v 0.01265002 -0.04117928 0.01561559
v 0.01265002 -0.04192017 0.01636150
v 0.01265002 -0.04192017 0.01636150
v 0.01265002 -0.04192017 0.01636150
v -0.01264999 -0.04403592 0.00926487
v -0.01264999 -0.04403592 0.00926487
v -0.01264999 -0.04403592 0.00926487
v 0.00100000 -0.04392726 -0.00252907
v 0.00100000 -0.04392726 -0.00252907
v 0.00100000 -0.04392726 -0.00252907
v 0.01264999 -0.04316092 -0.01273323
v 0.01264999 -0.04316092 -0.01273323
v 0.01264999 -0.04316092 -0.01273323
v 0.01264998 -0.04048819 -0.01963942
v 0.01264998 -0.04048819 -0.01963942
v 0.01264998 -0.04048819 -0.01963942
v -0.01265002 -0.04048819 -0.01963940
v -0.01265002 -0.04048819 -0.01963940
v -0.01265002 -0.04048819 -0.01963940
v -0.01265002 -0.04057038 -0.01709954
v -0.01265002 -0.04057038 -0.01709954
v -0.01265002 -0.04057038 -0.01709954
v -0.01265003 -0.03671900 -0.02601373
v -0.01265003 -0.03671900 -0.02601373
v -0.01265003 -0.03671900 -0.02601373
v -0.01265003 -0.03723059 -0.02349964
v -0.01265003 -0.03723059 -0.02349964
v -0.01265003 -0.03723059 -0.02349964
v -0.01265003 -0.03288980 -0.02926791
v -0.01265003 -0.03288980 -0.02926791
v -0.01265003 -0.03288980 -0.02926791
v -0.00500003 -0.03720801 -0.02348539
v -0.00500003 -0.03720801 -0.02348539
v -0.00500003 -0.03720801 -0.02348539
v -0.00500002 -0.04054578 -0.01708918
v -0.00500002 -0.04054578 -0.01708918
v -0.00500002 -0.04054578 -0.01708918
v -0.00500002 -0.02959557 -0.01569561
v -0.00500002 -0.02959557 -0.01569561
v -0.00500002 -0.02959557 -0.01569561
v -0.00500002 -0.02620759 -0.02086653
v -0.00500002 -0.02620759 -0.02086653
v -0.00500002 -0.02620759 -0.02086653
v -0.00700002 -0.02959557 -0.01569561
v -0.00700002 -0.02959557 -0.01569561
v -0.00700002 -0.02959557 -0.01569561
v -0.00700002 -0.02620759 -0.02086653
v -0.00700002 -0.02620759 -0.02086653
v -0.00700002 -0.02620759 -0.02086653
v -0.00500003 -0.03286985 -0.02925017
v -0.00500003 -0.03286985 -0.02925017
v -0.00500003 -0.03286985 -0.02925017
v -0.00500004 -0.02764794 -0.03422851
v -0.00500004 -0.02764794 -0.03422851
v -0.00500004 -0.02764794 -0.03422851
v -0.01265004 -0.02766472 -0.03424928
v -0.01265004 -0.02766472 -0.03424928
v -0.01265004 -0.02766472 -0.03424928
v -0.01265004 -0.02169583 -0.03830979
v -0.01265004 -0.02169583 -0.03830979
v -0.01265004 -0.02169583 -0.03830979
v -0.01265004 -0.03195542 -0.03168360
v -0.01265004 -0.03195542 -0.03168360
v -0.01265004 -0.03195542 -0.03168360
v -0.01265004 -0.02632645 -0.03649543
v -0.01265004 -0.02632645 -0.03649543
v -0.01265004 -0.02632645 -0.03649543
v -0.01265005 -0.01998455 -0.04031894
v -0.01265005 -0.01998455 -0.04031894
v -0.01265005 -0.01998455 -0.04031894
v 0.01264996 -0.02632645 -0.03649546
v 0.01264996 -0.02632645 -0.03649546
v 0.01264996 -0.02632645 -0.03649546
v 0.01264996 -0.03195542 -0.03168363
v 0.01264996 -0.03195542 -0.03168363
v 0.01264996 -0.03195542 -0.03168363
v 0.01264997 -0.03671900 -0.02601376
v 0.01264997 -0.03671900 -0.02601376
v 0.01264997 -0.03671900 -0.02601376
v 0.01264997 -0.03290023 -0.02927722
v 0.01264997 -0.03290023 -0.02927722
v 0.01264997 -0.03290023 -0.02927722
v 0.01264996 -0.02767349 -0.03426017
v 0.01264996 -0.02767349 -0.03426017
v 0.01264996 -0.02767349 -0.03426017
v 0.01264996 -0.02170271 -0.03832198
v 0.01264996 -0.02170271 -0.03832198
v 0.01264996 -0.02170271 -0.03832198
v 0.00099996 -0.02764794 -0.03422852
v 0.00099996 -0.02764794 -0.03422852
v 0.00099996 -0.02764794 -0.03422852
v 0.00099996 -0.02168267 -0.03828657
v 0.00099996 -0.02168267 -0.03828657
v 0.00099996 -0.02168267 -0.03828657
v 0.00099995 -0.01513443 -0.04131524
v 0.00099995 -0.01513443 -0.04131524
v 0.00099995 -0.01513443 -0.04131524
v 0.00099997 -0.01263429 -0.02550927
v 0.00099995 -0.00817928 -0.04323308
v 0.00099995 -0.00817928 -0.04323308
v 0.00099995 -0.00817928 -0.04323308
v 0.01264995 -0.01514842 -0.04135344
v 0.01264995 -0.01514842 -0.04135344
v 0.01264995 -0.01514842 -0.04135344
v 0.01264995 -0.01310143 -0.04305059
v 0.01264995 -0.01310143 -0.04305059
v 0.01264995 -0.01310143 -0.04305059
v 0.01264995 -0.01998455 -0.04031897
v 0.01264995 -0.01998455 -0.04031897
v 0.01264995 -0.01998455 -0.04031897
v 0.01264995 -0.00818684 -0.04327305
v 0.01264995 -0.00818684 -0.04327305
v 0.01264995 -0.00818684 -0.04327305
v 0.01264995 -0.00100514 -0.04402921
v 0.01264995 -0.00100514 -0.04402921
v 0.01264995 -0.00100514 -0.04402921
v 0.01264995 -0.00100514 -0.04402921
v 0.01264995 -0.00100514 -0.04402921
v 0.01264995 -0.00100514 -0.04402921
v 0.01264995 -0.00100514 -0.04402921
v 0.00099995 -0.00100421 -0.04398854
v 0.00099995 -0.00100421 -0.04398854
v 0.00099995 -0.00100421 -0.04398854
v 0.01264995 -0.00586352 -0.04461637
v 0.01264995 -0.00586352 -0.04461637
v 0.01264995 -0.00586352 -0.04461637
v 0.01264995 0.00153318 -0.04497389
v 0.01264995 0.00153318 -0.04497389
v 0.01264995 0.00153318 -0.04497389
v -0.01265005 -0.00586352 -0.04461634
v -0.01265005 -0.00586352 -0.04461634
v -0.01265005 -0.00586352 -0.04461634
v -0.01265005 0.00153318 -0.04497386
v -0.01265005 0.00153318 -0.04497386
v -0.01265005 0.00153318 -0.04497386
v -0.01265005 0.00620161 -0.04358772
v -0.01265005 0.00620161 -0.04358772
v -0.01265005 0.00620161 -0.04358772
v -0.01265005 0.00888836 -0.04411344
v -0.01265005 0.00888836 -0.04411344
v -0.01265005 0.00888836 -0.04411344
v -0.01265005 -0.01310143 -0.04305056
v -0.01265005 -0.01310143 -0.04305056
v -0.01265005 -0.01310143 -0.04305056
v 0.01264995 0.00620358 -0.04360157
v 0.01264995 0.00620358 -0.04360157
v 0.01264995 0.00620358 -0.04360157
v 0.00099995 -0.00054247 -0.04399665
v 0.00099995 -0.00054247 -0.04399665
v 0.00099995 -0.00054247 -0.04399665
v 0.00099995 0.00098725 -0.04398892
v 0.00099995 0.00098725 -0.04398892
v 0.00099995 0.00098725 -0.04398892
v 0.00099995 0.00247213 -0.04393050
v 0.00099995 0.00247213 -0.04393050
v 0.00099995 0.00247213 -0.04393050
v 0.00099997 -0.03286985 -0.02925017
v 0.00099997 -0.03286985 -0.02925017
v 0.00099997 -0.03286985 -0.02925017
v 0.00099998 -0.02373906 -0.01680911
v 0.00099998 -0.02373906 -0.01680911
v 0.00099998 -0.02373906 -0.01680911
v 0.00099998 -0.02267487 -0.01703079
v 0.00099998 -0.02267487 -0.01703079
v 0.00099998 -0.02267487 -0.01703079
v 0.00099998 -0.02164240 -0.01669068
v 0.00099998 -0.02164240 -0.01669068
v 0.00099998 -0.02164240 -0.01669068
v 0.01264997 -0.03724240 -0.02350712
v 0.01264997 -0.03724240 -0.02350712
v 0.01264997 -0.03724240 -0.02350712
v 0.00099998 -0.02091832 -0.01587991
v 0.00099998 -0.02091832 -0.01587991
v 0.00099998 -0.02091832 -0.01587991
v -0.00700002 -0.02267487 -0.01703078
v -0.00700002 -0.02267487 -0.01703078
v -0.00700002 -0.02267487 -0.01703078
v -0.00700002 -0.02373906 -0.01680910
v -0.00700002 -0.02373906 -0.01680910
v -0.00700002 -0.02373906 -0.01680910
v -0.00700002 -0.02454984 -0.01608501
v -0.00700002 -0.02454984 -0.01608501
v -0.00700002 -0.02454984 -0.01608501
v 0.00099997 0.01305916 -0.02184752
v 0.00099997 0.01305916 -0.02184752
v 0.00099997 0.01305916 -0.02184752
v 0.00099997 0.01283748 -0.02291172
v 0.00099997 0.01283748 -0.02291172
v 0.00099997 0.01283748 -0.02291172
v -0.00700003 0.01317759 -0.02394417
v -0.00700003 0.01317759 -0.02394417
v -0.00700003 0.01317759 -0.02394417
v -0.00700003 0.01398836 -0.02466825
v -0.00700003 0.01398836 -0.02466825
v -0.00700003 0.01398836 -0.02466825
v -0.00700003 0.01505256 -0.02488994
v -0.00700003 0.01505256 -0.02488994
v -0.00700003 0.01505256 -0.02488994
v -0.00700003 0.01608502 -0.02454983
v -0.00700003 0.01608502 -0.02454983
v -0.00700003 0.01608502 -0.02454983
v 0.00099997 0.00500539 -0.02554576
v 0.00099997 0.00500539 -0.02554576
v 0.00099997 0.00500539 -0.02554576
v 0.00099997 0.00562845 -0.02567555
v 0.00099997 0.00562845 -0.02567555
v 0.00099997 0.00562845 -0.02567555
v 0.00100001 -0.02480296 0.00650424
v 0.00100001 -0.02480296 0.00650424
v 0.00100001 -0.02480296 0.00650424
v 0.00100001 -0.02480296 0.00650424
v -0.00699999 -0.02539946 0.00722372
v -0.00699999 -0.02539946 0.00722372
v -0.00699999 -0.02539946 0.00722372
v -0.00699999 -0.02539946 0.00722372
v -0.00699997 -0.00500539 0.02554577
v -0.00699997 -0.00500539 0.02554577
v -0.00699997 -0.00500539 0.02554577
v 0.00100003 -0.00562845 0.02567555
v 0.00100003 -0.00562845 0.02567555
v 0.00100003 -0.00562845 0.02567555
v 0.00100003 -0.00610314 0.02609948
v 0.00100003 -0.00610314 0.02609948
v 0.00100003 -0.00610314 0.02609948
v -0.01264995 0.01969368 0.04600620
v -0.01264995 0.01969368 0.04600620
v -0.01264995 0.01969368 0.04600620
v -0.01264995 0.01905828 0.04512420
v -0.01264995 0.01905828 0.04512420
v -0.01264995 0.01905828 0.04512420
v -0.01464995 0.01969368 0.04600620
v -0.01464995 0.01969368 0.04600620
v -0.01464995 0.01969368 0.04600620
v -0.01264994 0.01982233 0.04693189
v -0.01264994 0.01982233 0.04693189
v -0.01264994 0.01982233 0.04693189
v -0.01464995 0.01982233 0.04693189
v -0.01464995 0.01982233 0.04693189
v -0.01464995 0.01982233 0.04693189
v -0.01264995 0.02217267 0.04548625
v -0.01264994 0.02439995 0.04694546
v -0.01264994 0.02103026 0.05208883
v -0.01264994 0.01880298 0.05062962
v -0.01264995 0.01728299 0.04228276
v -0.01264995 0.02224026 0.04307483
v -0.01264995 0.02224026 0.04307483
v -0.01264995 0.02224026 0.04307483
v -0.01264995 0.02265753 0.04402229
v -0.01264995 0.02265753 0.04402229
v -0.01264995 0.02265753 0.04402229
v -0.01264995 0.02265753 0.04402229
v -0.01264995 0.02349263 0.04463418
v -0.01264995 0.02349263 0.04463418
v -0.01264995 0.02349263 0.04463418
v -0.01264994 0.01953659 0.04782173
v -0.01264994 0.01953659 0.04782173
v -0.01264994 0.01953659 0.04782173
v -0.01264994 0.01889307 0.04849947
v -0.01264994 0.01889307 0.04849947
v -0.01264994 0.01889307 0.04849947
v -0.01464994 0.01889307 0.04849947
v -0.01464994 0.01889307 0.04849947
v -0.01464994 0.01889307 0.04849947
v -0.01464994 0.01953659 0.04782173
v -0.01464994 0.01953659 0.04782173
v -0.01464994 0.01953659 0.04782173
v -0.01464995 0.02217267 0.04548625
v -0.01464994 0.01880298 0.05062962
v -0.01464994 0.01628416 0.04827373
v -0.01464994 0.01628416 0.04827373
v -0.01464994 0.01628416 0.04827373
v -0.01464994 0.01708810 0.04875031
v -0.01464994 0.01708810 0.04875031
v -0.01464994 0.01708810 0.04875031
v -0.01464994 0.01966544 0.05424539
v -0.01464994 0.01966544 0.05424539
v -0.01464994 0.01966544 0.05424539
v -0.01464994 0.01801921 0.04883088
v -0.01464994 0.01801921 0.04883088
v -0.01464994 0.01801921 0.04883088
v -0.01464995 0.01391330 0.04742614
v -0.01464994 0.02103026 0.05208883
v -0.01464994 0.01663181 0.05525101
v -0.01464994 0.01663181 0.05525101
v -0.01464994 0.01663181 0.05525101
v -0.01464994 0.01663181 0.05525101
v -0.01464994 0.01608114 0.05478415
v -0.01464994 0.01571934 0.05551752
v -0.01464994 0.01571934 0.05551752
v -0.01464994 0.01571934 0.05551752
v -0.01464994 0.01119145 0.05158066
v -0.01464994 0.00651116 0.04851435
v -0.01464994 0.01201324 0.04898772
v -0.01464994 0.01201324 0.04898772
v -0.01464994 0.01201324 0.04898772
v -0.01464994 0.01201324 0.04898772
v -0.01464994 0.01281951 0.05625791
v -0.01464994 0.01281951 0.05625791
v -0.01464994 0.01281951 0.05625791
v -0.01464994 0.01281951 0.05625791
v -0.01464994 0.00931974 0.04985090
v -0.01464994 0.00931974 0.04985090
v -0.01464994 0.00931974 0.04985090
v -0.01464994 0.01033152 0.05007023
v -0.01464994 0.01033152 0.05007023
v -0.01464994 0.01033152 0.05007023
v -0.01464994 0.01131740 0.04975428
v -0.01464994 0.01131740 0.04975428
v -0.01464994 0.01131740 0.04975428
v -0.01264994 0.01131740 0.04975428
v -0.01264994 0.01131740 0.04975428
v -0.01264994 0.01131740 0.04975428
v -0.01264994 0.01201324 0.04898771
v -0.01264994 0.01201324 0.04898771
v -0.01264994 0.01201324 0.04898771
v -0.01264994 0.01223256 0.04797594
v -0.01264994 0.01223256 0.04797594
v -0.01264994 0.01223256 0.04797594
v -0.01264994 0.01223256 0.04797594
v -0.01264994 0.01119145 0.05158066
v -0.01264994 0.01391330 0.04742613
v -0.01264994 0.01608114 0.05478414
v -0.01264995 0.00923300 0.04435983
v -0.01264995 0.01610348 0.04542273
v -0.01264995 0.01610348 0.04542273
v -0.01264995 0.01610348 0.04542273
v -0.01264994 0.01199280 0.04711875
v -0.01264994 0.01199280 0.04711875
v -0.01264994 0.01199280 0.04711875
v -0.01264995 0.01565734 0.04641400
v -0.01264995 0.01565734 0.04641400
v -0.01264995 0.01565734 0.04641400
v -0.01264995 0.01105397 0.04300199
v -0.01264995 0.01105397 0.04300199
v -0.01264995 0.01105397 0.04300199
v -0.01264995 0.01140488 0.04645048
v -0.01264995 0.01140488 0.04645048
v -0.01264995 0.01140488 0.04645048
v -0.01264994 0.01576661 0.04749553
v -0.01264994 0.01576661 0.04749553
v -0.01264994 0.01576661 0.04749553
v -0.01264994 0.01628416 0.04827373
v -0.01264994 0.01628416 0.04827373
v -0.01264994 0.01628416 0.04827373
v -0.01464995 0.01576661 0.04749553
v -0.01464995 0.01576661 0.04749553
v -0.01464995 0.01576661 0.04749553
v -0.01264994 0.01708810 0.04875031
v -0.01264994 0.01708810 0.04875031
v -0.01264994 0.01708810 0.04875031
v -0.01264994 0.01801921 0.04883087
v -0.01264994 0.01801921 0.04883087
v -0.01264994 0.01801921 0.04883087
v -0.01464995 0.01565734 0.04641400
v -0.01464995 0.01565734 0.04641400
v -0.01464995 0.01565734 0.04641400
v -0.01464995 0.01610348 0.04542273
v -0.01464995 0.01610348 0.04542273
v -0.01464995 0.01610348 0.04542273
v -0.01464995 0.01698548 0.04478733
v -0.01464995 0.01698548 0.04478733
v -0.01464995 0.01698548 0.04478733
v -0.01464995 0.01728299 0.04228276
v -0.01464995 0.02224026 0.04307483
v -0.01464995 0.02224026 0.04307483
v -0.01464995 0.02224026 0.04307483
v -0.01464995 0.02224026 0.04307483
v -0.01464995 0.01905828 0.04512420
v -0.01464995 0.01905828 0.04512420
v -0.01464995 0.01905828 0.04512420
v -0.01464995 0.01105397 0.04300199
v -0.01464995 0.01105397 0.04300199
v -0.01464995 0.01105397 0.04300199
v -0.01464995 0.02265753 0.04402229
v -0.01464995 0.02265753 0.04402229
v -0.01464995 0.02265753 0.04402229
v -0.01464995 0.01806701 0.04467806
v -0.01464995 0.01806701 0.04467806
v -0.01464995 0.01806701 0.04467806
v -0.01464995 0.01876734 0.04023864
v -0.01464995 0.01876734 0.04023864
v -0.01464995 0.01876734 0.04023864
v -0.01264995 0.01876734 0.04023864
v -0.01264995 0.01876734 0.04023864
v -0.01264995 0.01876734 0.04023864
v -0.01264996 0.02584162 0.03610501
v -0.01264996 0.02584162 0.03610501
v -0.01264996 0.02584162 0.03610501
v -0.01464996 0.02584162 0.03610501
v -0.01464996 0.02584162 0.03610501
v -0.01464996 0.02584162 0.03610501
v -0.01464995 0.02296452 0.04121058
v -0.01464995 0.02296452 0.04121058
v -0.01464995 0.02296452 0.04121058
v -0.01464995 0.02235263 0.04204567
v -0.01464995 0.02235263 0.04204567
v -0.01464995 0.02235263 0.04204567
v -0.01264995 0.02235263 0.04204567
v -0.01264995 0.02235263 0.04204567
v -0.01264995 0.02235263 0.04204567
v -0.01264995 0.02296452 0.04121057
v -0.01264995 0.02296452 0.04121057
v -0.01264995 0.02296452 0.04121057
v -0.01264995 0.02391198 0.04079330
v -0.01264995 0.02391198 0.04079330
v -0.01264995 0.02391198 0.04079330
v -0.01464995 0.02391198 0.04079330
v -0.01464995 0.02391198 0.04079330
v -0.01464995 0.02391198 0.04079330
v -0.01464995 0.02494114 0.04090567
v -0.01464995 0.02494114 0.04090567
v -0.01464995 0.02494114 0.04090567
v -0.01464995 0.02595850 0.03970771
v -0.01464996 0.02847540 0.03791314
v -0.01464996 0.02847540 0.03791314
v -0.01464996 0.02847540 0.03791314
v -0.01464996 0.03203589 0.03074187
v -0.01464996 0.03203589 0.03074187
v -0.01464996 0.03203589 0.03074187
v -0.01464995 0.02859507 0.03909768
v -0.01464995 0.02859507 0.03909768
v -0.01464995 0.02859507 0.03909768
v -0.01464995 0.02818578 0.04116691
v -0.01464996 0.02896402 0.03682747
v -0.01464996 0.02896402 0.03682747
v -0.01464996 0.02896402 0.03682747
v -0.01464996 0.02993003 0.03613155
v -0.01464996 0.02993003 0.03613155
v -0.01464996 0.02993003 0.03613155
v -0.01264996 0.02896402 0.03682746
v -0.01264996 0.02896402 0.03682746
v -0.01264996 0.02896402 0.03682746
v -0.01264996 0.02847540 0.03791314
v -0.01264996 0.02847540 0.03791314
v -0.01264996 0.02847540 0.03791314
v -0.01264995 0.02859507 0.03909768
v -0.01264995 0.02859507 0.03909768
v -0.01264995 0.02859507 0.03909768
v -0.01264995 0.02595850 0.03970771
v -0.01264996 0.03203589 0.03074187
v -0.01264996 0.03203589 0.03074187
v -0.01264996 0.03203589 0.03074187
v -0.01264995 0.02577624 0.04151756
v -0.01264995 0.02577624 0.04151756
v -0.01264995 0.02577624 0.04151756
v -0.01264995 0.02818578 0.04116691
v -0.01264995 0.02494114 0.04090567
v -0.01264995 0.02494114 0.04090567
v -0.01264995 0.02494114 0.04090567
v -0.01464995 0.02577624 0.04151756
v -0.01464995 0.02577624 0.04151756
v -0.01464995 0.02577624 0.04151756
v -0.01464995 0.02619351 0.04246502
v -0.01464995 0.02619351 0.04246502
v -0.01464995 0.02619351 0.04246502
v -0.01464995 0.02608114 0.04349418
v -0.01464995 0.02608114 0.04349418
v -0.01464995 0.02608114 0.04349418
v -0.01264995 0.02619351 0.04246502
v -0.01264995 0.02619351 0.04246502
v -0.01264995 0.02619351 0.04246502
v -0.01264995 0.02608114 0.04349418
v -0.01264995 0.02608114 0.04349418
v -0.01264995 0.02608114 0.04349418
v -0.01264995 0.02546925 0.04432927
v -0.01264995 0.02546925 0.04432927
v -0.01264995 0.02546925 0.04432927
v -0.01264995 0.02546925 0.04432927
v -0.01464995 0.02546925 0.04432928
v -0.01464995 0.02546925 0.04432928
v -0.01464995 0.02546925 0.04432928
v -0.01464995 0.02452179 0.04474654
v -0.01464995 0.02452179 0.04474654
v -0.01464995 0.02452179 0.04474654
v -0.01464995 0.02452179 0.04474654
v -0.01464995 0.02439995 0.04694546
v -0.01464995 0.03442940 0.04630236
v -0.01464995 0.03442940 0.04630236
v -0.01464995 0.03442940 0.04630236
v -0.01464994 0.02771013 0.05061068
v -0.01464994 0.02771013 0.05061068
v -0.01464994 0.02771013 0.05061068
v -0.01264995 0.03442940 0.04630235
v -0.01264995 0.03442940 0.04630235
v -0.01264995 0.03442940 0.04630235
v -0.01264994 0.02771013 0.05061067
v -0.01264994 0.02771013 0.05061067
v -0.01264994 0.02771013 0.05061067
v -0.01464994 0.02046059 0.05395050
v -0.01464994 0.02046059 0.05395050
v -0.01464994 0.02046059 0.05395050
v -0.01264994 0.02046059 0.05395050
v -0.01264994 0.02046059 0.05395050
v -0.01264994 0.02046059 0.05395050
v -0.01264994 0.01966544 0.05424539
v -0.01264994 0.01966544 0.05424539
v -0.01264994 0.01966544 0.05424539
v -0.01264994 0.01663181 0.05525101
v -0.01264994 0.01663181 0.05525101
v -0.01264994 0.01663181 0.05525101
v -0.01264994 0.01571934 0.05551751
v -0.01264994 0.01571934 0.05551751
v -0.01264994 0.01571934 0.05551751
v -0.01264994 0.01571934 0.05551751
v -0.01264993 0.01281951 0.05625791
v -0.01264993 0.01281951 0.05625791
v -0.01264993 0.01281951 0.05625791
v -0.01264993 0.00561432 0.05742622
v -0.01264993 0.00561432 0.05742622
v -0.01264993 0.00561432 0.05742622
v -0.01264993 0.00561432 0.05742622
v -0.01264994 0.00479495 0.05463216
v -0.01264994 0.00479495 0.05463216
v -0.01264994 0.00479495 0.05463216
v -0.01264994 0.00049997 0.05483989
v -0.01264994 0.00049997 0.05483989
v -0.01264994 0.00049997 0.05483989
v -0.01464994 0.00479495 0.05463216
v -0.01464994 0.00479495 0.05463216
v -0.01464994 0.00479495 0.05463216
v -0.01264993 0.00493312 0.05748875
v -0.01264993 0.00493312 0.05748875
v -0.01264993 0.00493312 0.05748875
v -0.01264994 0.00176785 0.05126189
v -0.01264994 0.00176785 0.05126189
v -0.01264994 0.00176785 0.05126189
v -0.01264994 0.00295841 0.05126669
v -0.01264994 0.00295841 0.05126669
v -0.01264994 0.00295841 0.05126669
v -0.01264994 0.00399186 0.05067557
v -0.01264994 0.00399186 0.05067557
v -0.01264994 0.00399186 0.05067557
v -0.01264994 0.00651116 0.04851435
v -0.01464994 0.00049997 0.05483990
v -0.01464994 0.00049997 0.05483990
v -0.01464994 0.00049997 0.05483990
v -0.01264994 0.00053595 0.05558379
v -0.01264994 0.00053595 0.05558379
v -0.01464994 0.00053595 0.05558379
v -0.01464994 0.00053595 0.05558379
v -0.01464994 0.00176785 0.05126189
v -0.01464994 0.00176785 0.05126189
v -0.01464994 0.00176785 0.05126189
v -0.01464994 0.00295841 0.05126669
v -0.01464994 0.00295841 0.05126669
v -0.01464994 0.00295841 0.05126669
v -0.01464994 0.00073920 0.05066246
v -0.01464994 0.00073920 0.05066246
v -0.01464994 0.00073920 0.05066246
v -0.01464994 -0.00500893 0.05076201
v -0.01464994 -0.00500893 0.05076201
v -0.01464994 -0.00500893 0.05076201
v -0.01264994 -0.00422659 0.05033752
v -0.01264994 -0.00422659 0.05033752
v -0.01264994 -0.00422659 0.05033752
v -0.01464994 -0.00422659 0.05033752
v -0.01464994 -0.00422659 0.05033752
v -0.01464994 -0.00422659 0.05033752
v -0.01464994 0.00014807 0.04962901
v -0.01464994 0.00014807 0.04962901
v -0.01464994 0.00014807 0.04962901
v -0.01464994 -0.00589797 0.05080501
v -0.01464994 -0.00589797 0.05080501
v -0.01464994 -0.00589797 0.05080501
v -0.01264994 -0.00500893 0.05076200
v -0.01264994 -0.00500893 0.05076200
v -0.01264994 -0.00500893 0.05076200
v -0.01264994 0.00014807 0.04962901
v -0.01264994 0.00014807 0.04962901
v -0.01264994 0.00014807 0.04962901
v -0.01264994 -0.00589797 0.05080500
v -0.01264994 -0.00589797 0.05080500
v -0.01264994 -0.00589797 0.05080500
v -0.01264994 -0.00671763 0.05045800
v -0.01264994 -0.00671763 0.05045800
v -0.01264994 -0.00671763 0.05045800
v -0.01464994 -0.00671763 0.05045801
v -0.01464994 -0.00671763 0.05045801
v -0.01464994 -0.00671763 0.05045801
v -0.01464994 -0.00730556 0.04978974
v -0.01464994 -0.00730556 0.04978974
v -0.01464994 -0.00730556 0.04978974
v -0.01464994 -0.00956225 0.04896794
v -0.01464995 -0.01164458 0.04676484
v -0.01464995 -0.01164458 0.04676484
v -0.01464995 -0.01164458 0.04676484
v -0.01464994 -0.00886409 0.04790229
v -0.01464994 -0.01110923 0.04879546
v -0.01464994 -0.01110923 0.04879546
v -0.01464994 -0.01110923 0.04879546
v -0.01464994 -0.01168934 0.05221465
v -0.01464995 -0.01110485 0.04770843
v -0.01464995 -0.01110485 0.04770843
v -0.01464995 -0.01110485 0.04770843
v -0.01464993 -0.00733024 0.05723251
v -0.01464993 -0.00733024 0.05723251
v -0.01464993 -0.00733024 0.05723251
v -0.01464993 -0.00733024 0.05723251
v -0.01464993 -0.00733024 0.05723251
v -0.01464993 0.00063814 0.05769649
v -0.01464993 0.00063814 0.05769649
v -0.01464993 0.00063814 0.05769649
v -0.01464993 0.00063814 0.05769649
v -0.01264993 0.00050016 0.05769785
v -0.01264993 0.00050016 0.05769785
v -0.01264993 0.00050016 0.05769785
v -0.01264993 0.00050016 0.05769785
v -0.01264993 -0.00733024 0.05723250
v -0.01264993 -0.00733024 0.05723250
v -0.01264993 -0.00733024 0.05723250
v -0.01264993 -0.01410684 0.05594898
v -0.01264993 -0.01410684 0.05594898
v -0.01264993 -0.01410684 0.05594898
v -0.01264993 -0.01410684 0.05594898
v -0.01464994 -0.01515833 0.05567330
v -0.01464994 -0.01515833 0.05567330
v -0.01464994 -0.01515833 0.05567330
v -0.01464994 -0.01515833 0.05567330
v -0.01464993 0.00062833 0.05749370
v -0.01464993 0.00062833 0.05749370
v -0.01264993 0.00062833 0.05749369
v -0.01264993 0.00062833 0.05749369
v -0.01264993 0.00063814 0.05769648
v -0.01264993 0.00063814 0.05769648
v -0.01264993 0.00063814 0.05769648
v -0.01264994 -0.01168934 0.05221465
v -0.01264994 -0.01165654 0.04973466
v -0.01264994 -0.01165654 0.04973466
v -0.01264994 -0.01165654 0.04973466
v -0.01264994 -0.01515833 0.05567330
v -0.01264994 -0.01515833 0.05567330
v -0.01264994 -0.01515833 0.05567330
v -0.01264994 -0.01462637 0.04972269
v -0.01264994 -0.01462637 0.04972269
v -0.01264994 -0.01462637 0.04972269
v -0.01264994 -0.01772105 0.04826296
v -0.01264994 -0.00956225 0.04896793
v -0.01264994 -0.01368716 0.05027000
v -0.01264994 -0.01368716 0.05027000
v -0.01264994 -0.01368716 0.05027000
v -0.01264994 -0.01260013 0.05027438
v -0.01264994 -0.01260013 0.05027438
v -0.01264994 -0.01260013 0.05027438
v -0.01464994 -0.01368716 0.05027000
v -0.01464994 -0.01368716 0.05027000
v -0.01464994 -0.01368716 0.05027000
v -0.01464994 -0.01260013 0.05027439
v -0.01464994 -0.01260013 0.05027439
v -0.01464994 -0.01260013 0.05027439
v -0.01464994 -0.01165654 0.04973466
v -0.01464994 -0.01165654 0.04973466
v -0.01464994 -0.01165654 0.04973466
v -0.01264994 -0.01110923 0.04879545
v -0.01264994 -0.01110923 0.04879545
v -0.01264994 -0.01110923 0.04879545
v -0.01264994 -0.01110485 0.04770842
v -0.01264994 -0.01110485 0.04770842
v -0.01264994 -0.01110485 0.04770842
v -0.01264995 -0.01164458 0.04676484
v -0.01264995 -0.01164458 0.04676484
v -0.01264995 -0.01164458 0.04676484
v -0.01264994 -0.00886409 0.04790229
v -0.01264995 -0.01489580 0.04395060
v -0.01264995 -0.01323935 0.04238020
v -0.01264995 -0.01323935 0.04238020
v -0.01264995 -0.01323935 0.04238020
v -0.01264994 -0.00732599 0.04792077
v -0.01264994 -0.00732599 0.04792077
v -0.01264994 -0.00732599 0.04792077
v -0.01264994 -0.00754531 0.04893254
v -0.01264994 -0.00754531 0.04893254
v -0.01264994 -0.00754531 0.04893254
v -0.01264994 -0.00730556 0.04978973
v -0.01264994 -0.00730556 0.04978973
v -0.01264994 -0.00730556 0.04978973
v -0.01464994 -0.00754531 0.04893255
v -0.01464994 -0.00754531 0.04893255
v -0.01464994 -0.00754531 0.04893255
v -0.01464994 -0.00732599 0.04792077
v -0.01464994 -0.00732599 0.04792077
v -0.01464994 -0.00732599 0.04792077
v -0.01464995 -0.00663016 0.04715421
v -0.01464995 -0.00663016 0.04715421
v -0.01464995 -0.00663016 0.04715421
v -0.01464995 -0.01323935 0.04238020
v -0.01464995 -0.01323935 0.04238020
v -0.01464995 -0.01323935 0.04238020
v -0.01464995 -0.02080126 0.03922587
v -0.01464995 -0.02080126 0.03922587
v -0.01464995 -0.02080126 0.03922587
v -0.01264995 -0.00522659 0.04409132
v -0.01264995 -0.00522659 0.04409132
v -0.01264995 -0.00522659 0.04409132
v -0.01464995 -0.00522659 0.04409132
v -0.01464995 -0.00522659 0.04409132
v -0.01464995 -0.00522659 0.04409132
v -0.01464995 -0.01489580 0.04395060
v -0.01464995 -0.02119058 0.03982656
v -0.01464995 -0.01258378 0.04621753
v -0.01464995 -0.01258378 0.04621753
v -0.01464995 -0.01258378 0.04621753
v -0.01464995 -0.01559396 0.04501625
v -0.01464995 -0.01367081 0.04621315
v -0.01464995 -0.01367081 0.04621315
v -0.01464995 -0.01367081 0.04621315
v -0.01264995 -0.01367081 0.04621315
v -0.01264995 -0.01367081 0.04621315
v -0.01264995 -0.01367081 0.04621315
v -0.01264995 -0.01461440 0.04675287
v -0.01264995 -0.01461440 0.04675287
v -0.01264995 -0.01461440 0.04675287
v -0.01464995 -0.01461440 0.04675287
v -0.01464995 -0.01461440 0.04675287
v -0.01464995 -0.01461440 0.04675287
v -0.01264994 -0.01516171 0.04769208
v -0.01264994 -0.01516171 0.04769208
v -0.01264994 -0.01516171 0.04769208
v -0.01464995 -0.01516171 0.04769208
v -0.01464995 -0.01516171 0.04769208
v -0.01464995 -0.01516171 0.04769208
v -0.01264994 -0.01516609 0.04877911
v -0.01264994 -0.01516609 0.04877911
v -0.01264994 -0.01516609 0.04877911
v -0.01464994 -0.01516609 0.04877911
v -0.01464994 -0.01516609 0.04877911
v -0.01464994 -0.01516609 0.04877911
v -0.01464994 -0.01772105 0.04826296
v -0.01464995 -0.01797931 0.04502016
v -0.01464995 -0.01797931 0.04502016
v -0.01464995 -0.01797931 0.04502016
v -0.01464995 -0.02008885 0.04690426
v -0.01464995 -0.02008885 0.04690426
v -0.01464995 -0.02008885 0.04690426
v -0.01464995 -0.01907534 0.04669310
v -0.01464995 -0.01907534 0.04669310
v -0.01464995 -0.01907534 0.04669310
v -0.01464994 -0.01462637 0.04972270
v -0.01464994 -0.01462637 0.04972270
v -0.01464994 -0.01462637 0.04972270
v -0.01464995 -0.01830319 0.04600347
v -0.01464995 -0.01830319 0.04600347
v -0.01464995 -0.01830319 0.04600347
v -0.01464994 -0.02015868 0.05198368
v -0.01464995 -0.02107216 0.04658038
v -0.01464995 -0.02107216 0.04658038
v -0.01464995 -0.02107216 0.04658038
v -0.01464995 -0.02107216 0.04658038
v -0.01464994 -0.02645347 0.04785964
v -0.01464994 -0.02269636 0.05304872
v -0.01464994 -0.02269636 0.05304872
v -0.01464994 -0.02269636 0.05304872
v -0.01464995 -0.02823277 0.04701675
v -0.01464995 -0.02823277 0.04701675
v -0.01464995 -0.02823277 0.04701675
v -0.01264994 -0.02269636 0.05304872
v -0.01264994 -0.02269636 0.05304872
v -0.01264994 -0.02269636 0.05304872
v -0.01464994 -0.02980006 0.04940899
v -0.01464994 -0.02980006 0.04940899
v -0.01464994 -0.02980006 0.04940899
v -0.01264994 -0.02823277 0.04701674
v -0.01264994 -0.02823277 0.04701674
v -0.01264994 -0.02823277 0.04701674
v -0.01264994 -0.02980006 0.04940899
v -0.01264994 -0.02980006 0.04940899
v -0.01264994 -0.02980006 0.04940899
v -0.01264994 -0.02645347 0.04785964
v -0.01264995 -0.02833532 0.04287379
v -0.01264995 -0.02833532 0.04287379
v -0.01264995 -0.02833532 0.04287379
v -0.01264995 -0.02401584 0.04413892
v -0.01264994 -0.02015868 0.05198367
v -0.01264995 -0.03331293 0.04336564
v -0.01264995 -0.02741156 0.04331473
v -0.01264995 -0.02741156 0.04331473
v -0.01264995 -0.02741156 0.04331473
v -0.01264995 -0.02176179 0.04580823
v -0.01264995 -0.02176179 0.04580823
v -0.01264995 -0.02176179 0.04580823
v -0.01264995 -0.02638797 0.04331119
v -0.01264995 -0.02638797 0.04331119
v -0.01264995 -0.02638797 0.04331119
v -0.01464995 -0.02741156 0.04331473
v -0.01464995 -0.02741156 0.04331473
v -0.01464995 -0.02741156 0.04331473
v -0.01464995 -0.02638797 0.04331120
v -0.01464995 -0.02638797 0.04331120
v -0.01464995 -0.02638797 0.04331120
v -0.01264995 -0.02546728 0.04286389
v -0.01264995 -0.02546728 0.04286389
v -0.01264995 -0.02546728 0.04286389
v -0.01264995 -0.02476360 0.04190353
v -0.01264995 -0.02476360 0.04190353
v -0.01264995 -0.02476360 0.04190353
v -0.01464995 -0.02546728 0.04286390
v -0.01464995 -0.02546728 0.04286390
v -0.01464995 -0.02546728 0.04286390
v -0.01264995 -0.02188875 0.04089221
v -0.01264995 -0.02463439 0.04072000
v -0.01264995 -0.02463439 0.04072000
v -0.01264995 -0.02463439 0.04072000
v -0.01264995 -0.01888010 0.04323450
v -0.01264995 -0.01888010 0.04323450
v -0.01264995 -0.01888010 0.04323450
v -0.01264995 -0.02511425 0.03963042
v -0.01264995 -0.02511425 0.03963042
v -0.01264995 -0.02511425 0.03963042
v -0.01264995 -0.02511425 0.03963042
v -0.01264995 -0.01559396 0.04501625
v -0.01264995 -0.01986341 0.04291062
v -0.01264995 -0.01986341 0.04291062
v -0.01264995 -0.01986341 0.04291062
v -0.01264995 -0.02607461 0.03892674
v -0.01264995 -0.02607461 0.03892674
v -0.01264995 -0.02607461 0.03892674
v -0.01264996 -0.02874821 0.03639822
v -0.01264995 -0.02119058 0.03982656
v -0.01264996 -0.02805005 0.03533257
v -0.01264995 -0.02087692 0.04312178
v -0.01264995 -0.02087692 0.04312178
v -0.01264995 -0.02087692 0.04312178
v -0.01264995 -0.02164907 0.04381141
v -0.01264995 -0.02164907 0.04381141
v -0.01264995 -0.02164907 0.04381141
v -0.01464995 -0.01986341 0.04291062
v -0.01464995 -0.01986341 0.04291062
v -0.01464995 -0.01986341 0.04291062
v -0.01464995 -0.02087692 0.04312178
v -0.01464995 -0.02087692 0.04312178
v -0.01464995 -0.02087692 0.04312178
v -0.01464995 -0.02188875 0.04089221
v -0.01464995 -0.02164907 0.04381141
v -0.01464995 -0.02164907 0.04381141
v -0.01464995 -0.02164907 0.04381141
v -0.01264995 -0.02197295 0.04479472
v -0.01264995 -0.02197295 0.04479472
v -0.01264995 -0.02197295 0.04479472
v -0.01464995 -0.02197295 0.04479472
v -0.01464995 -0.02197295 0.04479472
v -0.01464995 -0.02197295 0.04479472
v -0.01464995 -0.02401584 0.04413892
v -0.01464995 -0.02476360 0.04190354
v -0.01464995 -0.02476360 0.04190354
v -0.01464995 -0.02476360 0.04190354
v -0.01464995 -0.02176179 0.04580823
v -0.01464995 -0.02176179 0.04580823
v -0.01464995 -0.02176179 0.04580823
v -0.01264995 -0.02107216 0.04658037
v -0.01264995 -0.02107216 0.04658037
v -0.01264995 -0.02107216 0.04658037
v -0.01264995 -0.02008885 0.04690426
v -0.01264995 -0.02008885 0.04690426
v -0.01264995 -0.02008885 0.04690426
v -0.01264995 -0.02008885 0.04690426
v -0.01264995 -0.01907534 0.04669310
v -0.01264995 -0.01907534 0.04669310
v -0.01264995 -0.01907534 0.04669310
v -0.01264995 -0.01830319 0.04600347
v -0.01264995 -0.01830319 0.04600347
v -0.01264995 -0.01830319 0.04600347
v -0.01264995 -0.01797931 0.04502016
v -0.01264995 -0.01797931 0.04502016
v -0.01264995 -0.01797931 0.04502016
v -0.01264995 -0.01819047 0.04400665
v -0.01264995 -0.01819047 0.04400665
v -0.01264995 -0.01819047 0.04400665
v -0.01464995 -0.01819047 0.04400665
v -0.01464995 -0.01819047 0.04400665
v -0.01464995 -0.01819047 0.04400665
v -0.01464995 -0.01888010 0.04323450
v -0.01464995 -0.01888010 0.04323450
v -0.01464995 -0.01888010 0.04323450
v -0.01464995 -0.02463439 0.04072000
v -0.01464995 -0.02463439 0.04072000
v -0.01464995 -0.02463439 0.04072000
v -0.01464995 -0.02463439 0.04072000
v -0.01464995 -0.02511425 0.03963042
v -0.01464995 -0.02511425 0.03963042
v -0.01464995 -0.02511425 0.03963042
v -0.01464995 -0.02607461 0.03892675
v -0.01464995 -0.02607461 0.03892675
v -0.01464995 -0.02607461 0.03892675
v -0.01264996 -0.02725814 0.03879753
v -0.01264996 -0.02725814 0.03879753
v -0.01264996 -0.02725814 0.03879753
v -0.01464996 -0.02725814 0.03879753
v -0.01464996 -0.02725814 0.03879753
v -0.01464996 -0.02725814 0.03879753
v -0.01464996 -0.02874821 0.03639822
v -0.01464996 -0.03690833 0.03098904
v -0.01464996 -0.03690833 0.03098904
v -0.01464996 -0.03690833 0.03098904
v -0.01464996 -0.03690833 0.03098904
v -0.01464996 -0.03140751 0.03534748
v -0.01464996 -0.03140751 0.03534748
v -0.01464996 -0.03140751 0.03534748
v -0.01464996 -0.03209714 0.03457533
v -0.01464996 -0.03209714 0.03457533
v -0.01464996 -0.03209714 0.03457533
v -0.01464997 -0.03734646 0.02999421
v -0.01464997 -0.03734646 0.02999421
v -0.01464997 -0.03734646 0.02999421
v -0.01464995 -0.02834773 0.03927739
v -0.01464995 -0.02834773 0.03927739
v -0.01464995 -0.02834773 0.03927739
v -0.01464995 -0.03087530 0.03964493
v -0.01464996 -0.02805005 0.03533257
v -0.01464995 -0.02898316 0.04007987
v -0.01464995 -0.02898316 0.04007987
v -0.01464995 -0.02898316 0.04007987
v -0.01464996 -0.03119635 0.03636099
v -0.01464996 -0.03119635 0.03636099
v -0.01464996 -0.03119635 0.03636099
v -0.01264996 -0.03140751 0.03534748
v -0.01264996 -0.03140751 0.03534748
v -0.01264996 -0.03140751 0.03534748
v -0.01464996 -0.03152023 0.03734430
v -0.01464996 -0.03152023 0.03734430
v -0.01464996 -0.03152023 0.03734430
v -0.01264996 -0.03119635 0.03636099
v -0.01264996 -0.03119635 0.03636099
v -0.01264996 -0.03119635 0.03636099
v -0.01264996 -0.03152023 0.03734430
v -0.01264996 -0.03152023 0.03734430
v -0.01264996 -0.03152023 0.03734430
v -0.01264995 -0.03087530 0.03964493
v -0.01264996 -0.03229238 0.03803393
v -0.01264996 -0.03229238 0.03803393
v -0.01264996 -0.03229238 0.03803393
v -0.01464996 -0.03229238 0.03803393
v -0.01464996 -0.03229238 0.03803393
v -0.01464996 -0.03229238 0.03803393
v -0.01464996 -0.03330589 0.03824509
v -0.01464996 -0.03330589 0.03824509
v -0.01464996 -0.03330589 0.03824509
v -0.01464996 -0.03428920 0.03792121
v -0.01464996 -0.03428920 0.03792121
v -0.01464996 -0.03428920 0.03792121
v -0.01464996 -0.03428920 0.03792121
v -0.01264996 -0.03330589 0.03824509
v -0.01264996 -0.03330589 0.03824509
v -0.01264996 -0.03330589 0.03824509
v -0.01264996 -0.03330589 0.03824509
v -0.01464995 -0.03331293 0.04336565
v -0.01464995 -0.02897627 0.04207572
v -0.01464995 -0.02897627 0.04207572
v -0.01464995 -0.02897627 0.04207572
v -0.01464995 -0.03182959 0.04466029
v -0.01464995 -0.03182959 0.04466029
v -0.01464995 -0.03182959 0.04466029
v -0.01464995 -0.02833532 0.04287379
v -0.01464995 -0.02833532 0.04287379
v -0.01464995 -0.02833532 0.04287379
v -0.01464996 -0.04498729 0.03613081
v -0.01464996 -0.04498729 0.03613081
v -0.01464996 -0.04498729 0.03613081
v -0.01464995 -0.03957070 0.04199347
v -0.01464995 -0.03957070 0.04199347
v -0.01464995 -0.03957070 0.04199347
v -0.01464995 -0.03339687 0.04705253
v -0.01464995 -0.03339687 0.04705253
v -0.01464995 -0.03339687 0.04705253
v -0.01264994 -0.03339687 0.04705252
v -0.01264994 -0.03339687 0.04705252
v -0.01264994 -0.03339687 0.04705252
v -0.01264995 -0.03957070 0.04199347
v -0.01264995 -0.03957070 0.04199347
v -0.01264995 -0.03957070 0.04199347
v -0.01264995 -0.03182959 0.04466029
v -0.01264995 -0.03182959 0.04466029
v -0.01264995 -0.03182959 0.04466029
v -0.01264996 -0.04498729 0.03613080
v -0.01264996 -0.04498729 0.03613080
v -0.01264996 -0.04498729 0.03613080
v -0.01464997 -0.04954299 0.02957674
v -0.01464997 -0.04954299 0.02957674
v -0.01464997 -0.04954299 0.02957674
v -0.01464997 -0.04954299 0.02957674
v -0.01264997 -0.04954299 0.02957674
v -0.01264997 -0.04954299 0.02957674
v -0.01264997 -0.04954299 0.02957674
v -0.01264996 -0.04320179 0.03156921
v -0.01264996 -0.03497883 0.03714906
v -0.01264996 -0.03497883 0.03714906
v -0.01264996 -0.03497883 0.03714906
v -0.01264996 -0.03518999 0.03613555
v -0.01264996 -0.03518999 0.03613555
v -0.01264996 -0.03518999 0.03613555
v -0.01264996 -0.03518999 0.03613555
v -0.01264996 -0.03428920 0.03792121
v -0.01264996 -0.03428920 0.03792121
v -0.01264996 -0.03428920 0.03792121
v -0.01464996 -0.03518999 0.03613555
v -0.01464996 -0.03518999 0.03613555
v -0.01464996 -0.03518999 0.03613555
v -0.01464996 -0.03497883 0.03714906
v -0.01464996 -0.03497883 0.03714906
v -0.01464996 -0.03497883 0.03714906
v -0.01464996 -0.04320179 0.03156921
v -0.01464997 -0.04651568 0.02475782
v -0.01464996 -0.03974425 0.03326666
v -0.01464996 -0.03974425 0.03326666
v -0.01464996 -0.03974425 0.03326666
v -0.01464996 -0.04094125 0.03054873
v -0.01464996 -0.04094125 0.03054873
v -0.01464996 -0.04094125 0.03054873
v -0.01464996 -0.04105924 0.03162934
v -0.01464996 -0.04105924 0.03162934
v -0.01464996 -0.04105924 0.03162934
v -0.01464996 -0.04105924 0.03162934
v -0.01464997 -0.04107470 0.02832249
v -0.01464996 -0.04062110 0.03262418
v -0.01464996 -0.04062110 0.03262418
v -0.01464996 -0.04062110 0.03262418
v -0.01464997 -0.04864278 0.02800454
v -0.01464997 -0.05130501 0.02640240
v -0.01464997 -0.05130501 0.02640240
v -0.01464997 -0.05130501 0.02640240
v -0.01464997 -0.04960723 0.02946886
v -0.01464997 -0.04960723 0.02946886
v -0.01464997 -0.04960723 0.02946886
v -0.01264997 -0.05130501 0.02640240
v -0.01264997 -0.05130501 0.02640240
v -0.01264997 -0.05130501 0.02640240
v -0.01264997 -0.04960723 0.02946886
v -0.01264997 -0.04960723 0.02946886
v -0.01264997 -0.04960723 0.02946886
v -0.01264997 -0.04960723 0.02946886
v -0.01264997 -0.04864278 0.02800453
v -0.01264997 -0.04651568 0.02475782
v -0.01264997 -0.04107470 0.02832249
v -0.01264997 -0.04581752 0.02369217
v -0.01264997 -0.04442699 0.02529842
v -0.01264997 -0.04442699 0.02529842
v -0.01264997 -0.04442699 0.02529842
v -0.01264997 -0.04382185 0.02613842
v -0.01264997 -0.04382185 0.02613842
v -0.01264997 -0.04382185 0.02613842
v -0.01264997 -0.05047653 0.02144254
v -0.01264997 -0.05047653 0.02144254
v -0.01264997 -0.05047653 0.02144254
v -0.01264997 -0.04453105 0.02426838
v -0.01264997 -0.04453105 0.02426838
v -0.01264997 -0.04453105 0.02426838
v -0.01264997 -0.04410616 0.02332432
v -0.01264997 -0.04410616 0.02332432
v -0.01264997 -0.04410616 0.02332432
v -0.01464997 -0.04410616 0.02332432
v -0.01464997 -0.04410616 0.02332432
v -0.01464997 -0.04410616 0.02332432
v -0.01464997 -0.04453105 0.02426839
v -0.01464997 -0.04453105 0.02426839
v -0.01464997 -0.04453105 0.02426839
v -0.01464997 -0.04442699 0.02529842
v -0.01464997 -0.04442699 0.02529842
v -0.01464997 -0.04442699 0.02529842
v -0.01464997 -0.04581752 0.02369218
v -0.01464998 -0.04579822 0.01970833
v -0.01464998 -0.04579822 0.01970833
v -0.01464998 -0.04579822 0.01970833
v -0.01464998 -0.04148060 0.01707246
v -0.01464998 -0.04466445 0.01934499
v -0.01464998 -0.04466445 0.01934499
v -0.01464998 -0.04466445 0.01934499
v -0.01464998 -0.04386425 0.01846345
v -0.01464998 -0.04386425 0.01846345
v -0.01464998 -0.04386425 0.01846345
v -0.01464998 -0.04386425 0.01846345
v -0.01464998 -0.05047653 0.02144254
v -0.01464998 -0.05047653 0.02144254
v -0.01464998 -0.05047653 0.02144254
v -0.01464998 -0.05200133 0.01742197
v -0.01464998 -0.05200133 0.01742197
v -0.01464998 -0.05200133 0.01742197
v -0.01464997 -0.05296079 0.02238469
v -0.01464997 -0.05296079 0.02238469
v -0.01464998 -0.04784331 0.01865591
v -0.01464998 -0.04784331 0.01865591
v -0.01464998 -0.04784331 0.01865591
v -0.01464998 -0.04696176 0.01945611
v -0.01464998 -0.04696176 0.01945611
v -0.01464998 -0.04696176 0.01945611
v -0.01464998 -0.04696176 0.01945611
v -0.01264998 -0.04696176 0.01945611
v -0.01264998 -0.04696176 0.01945611
v -0.01264998 -0.04696176 0.01945611
v -0.01264998 -0.04579822 0.01970833
v -0.01264998 -0.04579822 0.01970833
v -0.01264998 -0.04579822 0.01970833
v -0.01264998 -0.04579822 0.01970833
v -0.01264998 -0.04466445 0.01934499
v -0.01264998 -0.04466445 0.01934499
v -0.01264998 -0.04466445 0.01934499
v -0.01264998 -0.04386425 0.01846345
v -0.01264998 -0.04386425 0.01846345
v -0.01264998 -0.04386425 0.01846345
v -0.01264998 -0.04361202 0.01729990
v -0.01264998 -0.04361202 0.01729990
v -0.01264998 -0.04361202 0.01729990
v -0.01264998 -0.04361202 0.01729990
v -0.01264998 -0.04148060 0.01707246
v -0.01264998 -0.04707795 0.01340534
v -0.01264997 -0.04223612 0.02261511
v -0.01264997 -0.04223612 0.02261511
v -0.01264997 -0.04223612 0.02261511
v -0.01264998 -0.04485691 0.01536592
v -0.01264998 -0.04485691 0.01536592
v -0.01264998 -0.04485691 0.01536592
v -0.01264998 -0.04179861 0.01497455
v -0.01264998 -0.04179861 0.01497455
v -0.01264998 -0.04179861 0.01497455
v -0.01264997 -0.04326615 0.02271918
v -0.01264997 -0.04326615 0.02271918
v -0.01264997 -0.04326615 0.02271918
v -0.01264997 -0.03833534 0.02240005
v -0.01264997 -0.03833534 0.02240005
v -0.01264997 -0.03833534 0.02240005
v -0.01264998 -0.04397536 0.01616613
v -0.01264998 -0.04397536 0.01616613
v -0.01264998 -0.04397536 0.01616613
v -0.01264997 -0.04129206 0.02304000
v -0.01264997 -0.04129206 0.02304000
v -0.01264997 -0.04129206 0.02304000
v -0.01264997 -0.04068692 0.02388000
v -0.01264997 -0.04068692 0.02388000
v -0.01264997 -0.04068692 0.02388000
v -0.01464997 -0.04068692 0.02388001
v -0.01464997 -0.04068692 0.02388001
v -0.01464997 -0.04068692 0.02388001
v -0.01464997 -0.04129206 0.02304000
v -0.01464997 -0.04129206 0.02304000
v -0.01464997 -0.04129206 0.02304000
v -0.01464997 -0.04223612 0.02261511
v -0.01464997 -0.04223612 0.02261511
v -0.01464997 -0.04223612 0.02261511
v -0.01464997 -0.03833534 0.02240005
v -0.01464997 -0.03833534 0.02240005
v -0.01464997 -0.03833534 0.02240005
v -0.01464998 -0.04179861 0.01497455
v -0.01464998 -0.04179861 0.01497455
v -0.01464998 -0.04179861 0.01497455
v -0.01264997 -0.03356661 0.02906275
v -0.01264997 -0.03356661 0.02906275
v -0.01264997 -0.03356661 0.02906275
v -0.01464997 -0.03356661 0.02906275
v -0.01464997 -0.03356661 0.02906275
v -0.01464997 -0.03356661 0.02906275
v -0.01464997 -0.04058285 0.02491004
v -0.01464997 -0.04058285 0.02491004
v -0.01464997 -0.04058285 0.02491004
v -0.01464997 -0.04037654 0.02725685
v -0.01464997 -0.04184774 0.02645925
v -0.01464997 -0.04184774 0.02645925
v -0.01464997 -0.04184774 0.02645925
v -0.01464997 -0.04100774 0.02585411
v -0.01464997 -0.04100774 0.02585411
v -0.01464997 -0.04100774 0.02585411
v -0.01464996 -0.02765481 0.03473575
v -0.01464996 -0.02765481 0.03473575
v -0.01464996 -0.02765481 0.03473575
v -0.01464997 -0.03822332 0.02935172
v -0.01464997 -0.03822332 0.02935172
v -0.01464997 -0.03822332 0.02935172
v -0.01464997 -0.03930394 0.02923374
v -0.01464997 -0.03930394 0.02923374
v -0.01464997 -0.03930394 0.02923374
v -0.01464997 -0.03930394 0.02923374
v -0.01264997 -0.03930394 0.02923374
v -0.01264997 -0.03930394 0.02923374
v -0.01264997 -0.03930394 0.02923374
v -0.01264997 -0.04029877 0.02967187
v -0.01264997 -0.04029877 0.02967187
v -0.01264997 -0.04029877 0.02967187
v -0.01264997 -0.04029877 0.02967187
v -0.01464997 -0.04029877 0.02967187
v -0.01464997 -0.04029877 0.02967187
v -0.01464997 -0.04029877 0.02967187
v -0.01264996 -0.04094125 0.03054873
v -0.01264996 -0.04094125 0.03054873
v -0.01264996 -0.04094125 0.03054873
v -0.01264996 -0.04105924 0.03162934
v -0.01264996 -0.04105924 0.03162934
v -0.01264996 -0.04105924 0.03162934
v -0.01264996 -0.04062110 0.03262418
v -0.01264996 -0.04062110 0.03262418
v -0.01264996 -0.04062110 0.03262418
v -0.01264996 -0.04062110 0.03262418
v -0.01264996 -0.03974425 0.03326666
v -0.01264996 -0.03974425 0.03326666
v -0.01264996 -0.03974425 0.03326666
v -0.01264996 -0.03866363 0.03338464
v -0.01264996 -0.03866363 0.03338464
v -0.01264996 -0.03866363 0.03338464
v -0.01464996 -0.03866363 0.03338465
v -0.01464996 -0.03866363 0.03338465
v -0.01464996 -0.03866363 0.03338465
v -0.01264996 -0.03486611 0.03515224
v -0.01264996 -0.03486611 0.03515224
v -0.01264996 -0.03486611 0.03515224
v -0.01264996 -0.03766880 0.03294651
v -0.01264996 -0.03766880 0.03294651
v -0.01264996 -0.03766880 0.03294651
v -0.01264996 -0.03702631 0.03206966
v -0.01264996 -0.03702631 0.03206966
v -0.01264996 -0.03702631 0.03206966
v -0.01464996 -0.03766880 0.03294651
v -0.01464996 -0.03766880 0.03294651
v -0.01464996 -0.03766880 0.03294651
v -0.01264996 -0.03409396 0.03446261
v -0.01264996 -0.03409396 0.03446261
v -0.01264996 -0.03409396 0.03446261
v -0.01264996 -0.03308045 0.03425145
v -0.01264996 -0.03308045 0.03425145
v -0.01264996 -0.03308045 0.03425145
v -0.01464996 -0.03308045 0.03425145
v -0.01464996 -0.03308045 0.03425145
v -0.01464996 -0.03308045 0.03425145
v -0.01464996 -0.03409396 0.03446261
v -0.01464996 -0.03409396 0.03446261
v -0.01464996 -0.03409396 0.03446261
v -0.01464996 -0.03486611 0.03515224
v -0.01464996 -0.03486611 0.03515224
v -0.01464996 -0.03486611 0.03515224
v -0.01464996 -0.03486611 0.03515224
v -0.01464996 -0.03702631 0.03206966
v -0.01464996 -0.03702631 0.03206966
v -0.01464996 -0.03702631 0.03206966
v -0.01264996 -0.03690833 0.03098904
v -0.01264996 -0.03690833 0.03098904
v -0.01264996 -0.03690833 0.03098904
v -0.01264997 -0.03734646 0.02999421
v -0.01264997 -0.03734646 0.02999421
v -0.01264997 -0.03734646 0.02999421
v -0.01264997 -0.03734646 0.02999421
v -0.01264996 -0.03209714 0.03457533
v -0.01264996 -0.03209714 0.03457533
v -0.01264996 -0.03209714 0.03457533
v -0.01264997 -0.03822332 0.02935172
v -0.01264997 -0.03822332 0.02935172
v -0.01264997 -0.03822332 0.02935172
v -0.01264997 -0.04037654 0.02725684
v -0.01264997 -0.04100774 0.02585410
v -0.01264997 -0.04100774 0.02585410
v -0.01264997 -0.04100774 0.02585410
v -0.01264997 -0.04058285 0.02491003
v -0.01264997 -0.04058285 0.02491003
v -0.01264997 -0.04058285 0.02491003
v -0.01264997 -0.04287777 0.02656331
v -0.01264997 -0.04287777 0.02656331
v -0.01264997 -0.04287777 0.02656331
v -0.01264997 -0.04184774 0.02645924
v -0.01264997 -0.04184774 0.02645924
v -0.01264997 -0.04184774 0.02645924
v -0.01464997 -0.04287777 0.02656331
v -0.01464997 -0.04287777 0.02656331
v -0.01464997 -0.04287777 0.02656331
v -0.01464997 -0.04382185 0.02613842
v -0.01464997 -0.04382185 0.02613842
v -0.01464997 -0.04382185 0.02613842
v -0.01264996 -0.02765481 0.03473575
v -0.01264996 -0.02765481 0.03473575
v -0.01264996 -0.02765481 0.03473575
v -0.01264995 -0.02080126 0.03922587
v -0.01264995 -0.02080126 0.03922587
v -0.01264995 -0.02080126 0.03922587
v -0.01464999 -0.04383846 0.00703911
v -0.01464999 -0.04383846 0.00703911
v -0.01464999 -0.04383846 0.00703911
v -0.01464999 -0.04435611 0.00925082
v -0.01464998 -0.04707795 0.01340534
v -0.01464998 -0.04795443 0.01635859
v -0.01464998 -0.04795443 0.01635859
v -0.01464998 -0.04795443 0.01635859
v -0.01464999 -0.04745083 0.01168505
v -0.01464999 -0.04745083 0.01168505
v -0.01464999 -0.04745083 0.01168505
v -0.01464998 -0.04485691 0.01536593
v -0.01464998 -0.04485691 0.01536593
v -0.01464998 -0.04485691 0.01536593
v -0.01464998 -0.04485691 0.01536593
v -0.01464999 -0.04670968 0.01119214
v -0.01464999 -0.04670968 0.01119214
v -0.01464999 -0.04670968 0.01119214
v -0.01464999 -0.05175824 0.01033904
v -0.01464998 -0.04602045 0.01511370
v -0.01464998 -0.04602045 0.01511370
v -0.01464998 -0.04602045 0.01511370
v -0.01464999 -0.04942492 0.01136422
v -0.01464999 -0.04942492 0.01136422
v -0.01464999 -0.04942492 0.01136422
v -0.01464999 -0.04625580 0.01042648
v -0.01464999 -0.04625580 0.01042648
v -0.01464999 -0.04625580 0.01042648
v -0.01464998 -0.04715422 0.01547704
v -0.01464998 -0.04715422 0.01547704
v -0.01464998 -0.04715422 0.01547704
v -0.01464999 -0.04848086 0.01178911
v -0.01464999 -0.04848086 0.01178911
v -0.01464999 -0.04848086 0.01178911
v -0.01264999 -0.04848086 0.01178911
v -0.01264999 -0.04848086 0.01178911
v -0.01264999 -0.04848086 0.01178911
v -0.01264999 -0.04745083 0.01168505
v -0.01264999 -0.04745083 0.01168505
v -0.01264999 -0.04745083 0.01168505
v -0.01264999 -0.04670968 0.01119214
v -0.01264999 -0.04670968 0.01119214
v -0.01264999 -0.04670968 0.01119214
v -0.01264999 -0.04625580 0.01042648
v -0.01264999 -0.04625580 0.01042648
v -0.01264999 -0.04625580 0.01042648
v -0.01264999 -0.04435611 0.00925082
v -0.01264999 -0.04714016 0.00809459
v -0.01264999 -0.04714016 0.00809459
v -0.01264999 -0.04714016 0.00809459
v -0.01264999 -0.04383846 0.00703911
v -0.01264999 -0.04383846 0.00703911
v -0.01264999 -0.04383846 0.00703911
v -0.01264999 -0.04903640 0.00618452
v -0.01264999 -0.04617907 0.00953971
v -0.01264999 -0.04617907 0.00953971
v -0.01264999 -0.04617907 0.00953971
v -0.01264999 -0.04649469 0.00870746
v -0.01264999 -0.04649469 0.00870746
v -0.01264999 -0.04649469 0.00870746
v -0.01464999 -0.04617907 0.00953971
v -0.01464999 -0.04617907 0.00953971
v -0.01464999 -0.04617907 0.00953971
v -0.01464999 -0.04649469 0.00870747
v -0.01464999 -0.04649469 0.00870747
v -0.01464999 -0.04649469 0.00870747
v -0.01464999 -0.04714016 0.00809459
v -0.01464999 -0.04714016 0.00809459
v -0.01464999 -0.04714016 0.00809459
v -0.01264999 -0.04798763 0.00782245
v -0.01264999 -0.04798763 0.00782245
v -0.01264999 -0.04798763 0.00782245
v -0.01464999 -0.04798763 0.00782246
v -0.01464999 -0.04798763 0.00782246
v -0.01464999 -0.04798763 0.00782246
v -0.01464999 -0.04903640 0.00618452
v -0.01465000 -0.04807436 0.00337649
v -0.01465000 -0.04807436 0.00337649
v -0.01465000 -0.04807436 0.00337649
v -0.01465000 -0.05076030 0.00434942
v -0.01465000 -0.05076030 0.00434942
v -0.01465000 -0.05076030 0.00434942
v -0.01464999 -0.04984016 0.00451313
v -0.01464999 -0.04984016 0.00451313
v -0.01464999 -0.04984016 0.00451313
v -0.01464999 -0.04886923 0.00794498
v -0.01464999 -0.04886923 0.00794498
v -0.01464999 -0.04886923 0.00794498
v -0.01465000 -0.05392609 0.00298103
v -0.01465000 -0.04566671 0.00104115
v -0.01465000 -0.04880498 0.00418138
v -0.01465000 -0.04880498 0.00418138
v -0.01465000 -0.04880498 0.00418138
v -0.01464999 -0.04970924 0.00855012
v -0.01464999 -0.04970924 0.00855012
v -0.01464999 -0.04970924 0.00855012
v -0.01264999 -0.04970924 0.00855012
v -0.01264999 -0.04970924 0.00855012
v -0.01264999 -0.04970924 0.00855012
v -0.01264999 -0.05013413 0.00949418
v -0.01264999 -0.05013413 0.00949418
v -0.01264999 -0.05013413 0.00949418
v -0.01464999 -0.05013413 0.00949419
v -0.01464999 -0.05013413 0.00949419
v -0.01464999 -0.05013413 0.00949419
v -0.01264999 -0.05003006 0.01052422
v -0.01264999 -0.05003006 0.01052422
v -0.01264999 -0.05003006 0.01052422
v -0.01464999 -0.05003006 0.01052422
v -0.01464999 -0.05003006 0.01052422
v -0.01464999 -0.05003006 0.01052422
v -0.01264999 -0.04942492 0.01136422
v -0.01264999 -0.04942492 0.01136422
v -0.01264999 -0.04942492 0.01136422
v -0.01264999 -0.05175824 0.01033904
v -0.01264999 -0.05669650 0.01071436
v -0.01264999 -0.05669650 0.01071436
v -0.01264999 -0.05669650 0.01071436
v -0.01265000 -0.05392609 0.00298103
v -0.01264999 -0.05664793 0.00713555
v -0.01264999 -0.05717579 0.00776013
v -0.01264999 -0.05717579 0.00776013
v -0.01264999 -0.05717579 0.00776013
v -0.01264999 -0.05729587 0.00681715
v -0.01264999 -0.05729587 0.00681715
v -0.01264999 -0.05729587 0.00681715
v -0.01464999 -0.05669650 0.01071436
v -0.01464999 -0.05669650 0.01071436
v -0.01464999 -0.05669650 0.01071436
v -0.01464999 -0.05669650 0.01071436
v -0.01464999 -0.05717579 0.00776013
v -0.01464999 -0.05717579 0.00776013
v -0.01464999 -0.05717579 0.00776013
v -0.01464999 -0.05729587 0.00681715
v -0.01464999 -0.05729587 0.00681715
v -0.01464999 -0.05729587 0.00681715
v -0.01464999 -0.05664793 0.00713555
v -0.01465000 -0.05758543 0.00363433
v -0.01465000 -0.05758543 0.00363433
v -0.01465000 -0.05758543 0.00363433
v -0.01465000 -0.05758543 0.00363433
v -0.01465000 -0.05763263 0.00278757
v -0.01465000 -0.05763263 0.00278757
v -0.01465000 -0.05763263 0.00278757
v -0.01465000 -0.05763263 0.00278757
v -0.01265000 -0.05763263 0.00278757
v -0.01265000 -0.05763263 0.00278757
v -0.01265000 -0.05763263 0.00278757
v -0.01265000 -0.05763263 0.00278757
v -0.01265000 -0.05758543 0.00363433
v -0.01265000 -0.05758543 0.00363433
v -0.01265000 -0.05758543 0.00363433
v -0.01465000 -0.05615337 0.00152182
v -0.01465001 -0.05583750 -0.00562226
v -0.01465000 -0.05278368 -0.00362155
v -0.01465000 -0.05761820 -0.00307128
v -0.01465000 -0.05761820 -0.00307128
v -0.01465000 -0.05761820 -0.00307128
v -0.01265001 -0.05746588 -0.00519255
v -0.01265001 -0.05746588 -0.00519255
v -0.01265001 -0.05746588 -0.00519255
v -0.01265001 -0.05746588 -0.00519255
v -0.01265001 -0.05746588 -0.00519255
v -0.01465001 -0.05746588 -0.00519255
v -0.01465001 -0.05746588 -0.00519255
v -0.01465001 -0.05746588 -0.00519255
v -0.01465002 -0.05619945 -0.01307331
v -0.01465002 -0.05619945 -0.01307331
v -0.01465002 -0.05619945 -0.01307331
v -0.01465001 -0.05343997 -0.01232198
v -0.01465001 -0.05343997 -0.01232198
v -0.01465001 -0.05343997 -0.01232198
v -0.01465002 -0.05231033 -0.01647094
v -0.01465002 -0.05231033 -0.01647094
v -0.01465002 -0.05231033 -0.01647094
v -0.01265001 -0.05343997 -0.01232198
v -0.01265001 -0.05343997 -0.01232198
v -0.01265001 -0.05343997 -0.01232198
v -0.01265001 -0.05619945 -0.01307331
v -0.01265001 -0.05619945 -0.01307331
v -0.01265001 -0.05619945 -0.01307331
v -0.01465001 -0.05205167 -0.01140081
v -0.01465001 -0.04863579 -0.01097514
v -0.01465001 -0.04863579 -0.01097514
v -0.01465001 -0.04863579 -0.01097514
v -0.01465002 -0.04929924 -0.01415945
v -0.01465002 -0.04929924 -0.01415945
v -0.01465002 -0.04929924 -0.01415945
v -0.01465002 -0.04929924 -0.01415945
v -0.01465002 -0.04967171 -0.01302864
v -0.01465002 -0.04967171 -0.01302864
v -0.01465002 -0.04967171 -0.01302864
v -0.01465001 -0.04899785 -0.00940010
v -0.01465002 -0.04666531 -0.01985739
v -0.01465002 -0.04666531 -0.01985739
v -0.01465002 -0.04666531 -0.01985739
v -0.01465001 -0.04942887 -0.01186310
v -0.01465001 -0.04942887 -0.01186310
v -0.01465001 -0.04942887 -0.01186310
v -0.01265001 -0.04942887 -0.01186311
v -0.01265001 -0.04942887 -0.01186311
v -0.01265001 -0.04942887 -0.01186311
v -0.01265001 -0.04863579 -0.01097514
v -0.01265001 -0.04863579 -0.01097514
v -0.01265001 -0.04863579 -0.01097514
v -0.01265001 -0.04750499 -0.01060267
v -0.01265001 -0.04750499 -0.01060267
v -0.01265001 -0.04750499 -0.01060267
v -0.01265001 -0.04899785 -0.00940010
v -0.01265001 -0.04677057 -0.00794089
v -0.01265001 -0.04694854 -0.00563111
v -0.01265001 -0.04694854 -0.00563111
v -0.01265001 -0.04694854 -0.00563111
v -0.01265001 -0.04746256 -0.00652976
v -0.01265001 -0.04746256 -0.00652976
v -0.01265001 -0.04746256 -0.00652976
v -0.01265001 -0.04633945 -0.01084551
v -0.01265001 -0.04633945 -0.01084551
v -0.01265001 -0.04633945 -0.01084551
v -0.01265002 -0.04097782 -0.01709321
v -0.01265002 -0.04097782 -0.01709321
v -0.01265002 -0.04097782 -0.01709321
v -0.01265001 -0.04545148 -0.01163858
v -0.01265001 -0.04545148 -0.01163858
v -0.01265001 -0.04545148 -0.01163858
v -0.01265001 -0.04342096 -0.00927251
v -0.01265001 -0.04342096 -0.00927251
v -0.01265001 -0.04342096 -0.00927251
v -0.01465002 -0.04097782 -0.01709321
v -0.01465002 -0.04097782 -0.01709321
v -0.01465002 -0.04097782 -0.01709321
v -0.01465001 -0.04342096 -0.00927251
v -0.01465001 -0.04342096 -0.00927251
v -0.01465001 -0.04342096 -0.00927251
v -0.01265000 -0.04438546 -0.00113605
v -0.01265000 -0.04438546 -0.00113605
v -0.01265000 -0.04438546 -0.00113605
v -0.01265001 -0.04695271 -0.00459584
v -0.01265001 -0.04695271 -0.00459584
v -0.01265001 -0.04695271 -0.00459584
v -0.01265000 -0.04747396 -0.00370136
v -0.01265000 -0.04747396 -0.00370136
v -0.01265000 -0.04747396 -0.00370136
v -0.01465000 -0.04747396 -0.00370135
v -0.01465000 -0.04747396 -0.00370135
v -0.01465000 -0.04747396 -0.00370135
v -0.01465001 -0.04695271 -0.00459584
v -0.01465001 -0.04695271 -0.00459584
v -0.01465001 -0.04695271 -0.00459584
v -0.01465001 -0.04694854 -0.00563110
v -0.01465001 -0.04694854 -0.00563110
v -0.01465001 -0.04694854 -0.00563110
v -0.01465000 -0.04438546 -0.00113604
v -0.01465000 -0.04438546 -0.00113604
v -0.01465000 -0.04438546 -0.00113604
v -0.01465001 -0.04746256 -0.00652976
v -0.01465001 -0.04746256 -0.00652976
v -0.01465001 -0.04746256 -0.00652976
v -0.01465001 -0.04677057 -0.00794089
v -0.01265001 -0.04835704 -0.00705101
v -0.01265001 -0.04835704 -0.00705101
v -0.01265001 -0.04835704 -0.00705101
v -0.01465001 -0.04835704 -0.00705100
v -0.01465001 -0.04835704 -0.00705100
v -0.01465001 -0.04835704 -0.00705100
v -0.01265001 -0.04939231 -0.00705518
v -0.01265001 -0.04939231 -0.00705518
v -0.01265001 -0.04939231 -0.00705518
v -0.01465001 -0.04939231 -0.00705518
v -0.01465001 -0.04939231 -0.00705518
v -0.01465001 -0.04939231 -0.00705518
v -0.01265001 -0.05029096 -0.00654116
v -0.01265001 -0.05029096 -0.00654116
v -0.01265001 -0.05029096 -0.00654116
v -0.01465001 -0.05029096 -0.00654116
v -0.01465001 -0.05029096 -0.00654116
v -0.01465001 -0.05029096 -0.00654116
v -0.01265001 -0.05081221 -0.00564667
v -0.01265001 -0.05081221 -0.00564667
v -0.01265001 -0.05081221 -0.00564667
v -0.01465001 -0.05081221 -0.00564667
v -0.01465001 -0.05081221 -0.00564667
v -0.01465001 -0.05081221 -0.00564667
v -0.01265001 -0.05081638 -0.00461141
v -0.01265001 -0.05081638 -0.00461141
v -0.01265001 -0.05081638 -0.00461141
v -0.01465001 -0.05081638 -0.00461140
v -0.01465001 -0.05081638 -0.00461140
v -0.01465001 -0.05081638 -0.00461140
v -0.01265000 -0.05030236 -0.00371275
v -0.01265000 -0.05030236 -0.00371275
v -0.01265000 -0.05030236 -0.00371275
v -0.01465000 -0.05030236 -0.00371275
v -0.01465000 -0.05030236 -0.00371275
v -0.01465000 -0.05030236 -0.00371275
v -0.01265000 -0.04940788 -0.00319150
v -0.01265000 -0.04940788 -0.00319150
v -0.01265000 -0.04940788 -0.00319150
v -0.01465000 -0.04940788 -0.00319150
v -0.01465000 -0.04940788 -0.00319150
v -0.01465000 -0.04940788 -0.00319150
v -0.01465000 -0.05055640 -0.00216234
v -0.01465000 -0.05004307 0.00031803
v -0.01465000 -0.05004307 0.00031803
v -0.01465000 -0.05004307 0.00031803
v -0.01465000 -0.05094311 0.00056978
v -0.01465000 -0.05094311 0.00056978
v -0.01465000 -0.05094311 0.00056978
v -0.01465000 -0.04837262 -0.00318733
v -0.01465000 -0.04837262 -0.00318733
v -0.01465000 -0.04837262 -0.00318733
v -0.01465000 -0.05164480 0.00118710
v -0.01465000 -0.05164480 0.00118710
v -0.01465000 -0.05164480 0.00118710
v -0.01465000 -0.04898071 0.00054832
v -0.01465000 -0.04898071 0.00054832
v -0.01465000 -0.04898071 0.00054832
v -0.01465000 -0.04817582 0.00127894
v -0.01465000 -0.04817582 0.00127894
v -0.01465000 -0.04817582 0.00127894
v -0.01265000 -0.04898071 0.00054832
v -0.01265000 -0.04898071 0.00054832
v -0.01265000 -0.04898071 0.00054832
v -0.01265000 -0.05004307 0.00031803
v -0.01265000 -0.05004307 0.00031803
v -0.01265000 -0.05004307 0.00031803
v -0.01265000 -0.05094311 0.00056977
v -0.01265000 -0.05094311 0.00056977
v -0.01265000 -0.05094311 0.00056977
v -0.01265000 -0.05055640 -0.00216234
v -0.01265000 -0.05164480 0.00118710
v -0.01265000 -0.05164480 0.00118710
v -0.01265000 -0.05164480 0.00118710
v -0.01265000 -0.05278368 -0.00362155
v -0.01265000 -0.04566671 0.00104115
v -0.01265000 -0.04784407 0.00231413
v -0.01265000 -0.04784407 0.00231413
v -0.01265000 -0.04784407 0.00231413
v -0.01265000 -0.04837262 -0.00318733
v -0.01265000 -0.04837262 -0.00318733
v -0.01265000 -0.04837262 -0.00318733
v -0.01265000 -0.04817582 0.00127894
v -0.01265000 -0.04817582 0.00127894
v -0.01265000 -0.04817582 0.00127894
v -0.01265000 -0.04807436 0.00337649
v -0.01265000 -0.04807436 0.00337649
v -0.01265000 -0.04807436 0.00337649
v -0.01265000 -0.04880498 0.00418138
v -0.01265000 -0.04880498 0.00418138
v -0.01265000 -0.04880498 0.00418138
v -0.01264999 -0.04984016 0.00451313
v -0.01264999 -0.04984016 0.00451313
v -0.01264999 -0.04984016 0.00451313
v -0.01265000 -0.05076030 0.00434942
v -0.01265000 -0.05076030 0.00434942
v -0.01265000 -0.05076030 0.00434942
v -0.01265000 -0.05151829 0.00380270
v -0.01265000 -0.05151829 0.00380270
v -0.01265000 -0.05151829 0.00380270
v -0.01465000 -0.05151829 0.00380270
v -0.01465000 -0.05151829 0.00380270
v -0.01465000 -0.05151829 0.00380270
v -0.01465000 -0.05196400 0.00298124
v -0.01465000 -0.05196400 0.00298124
v -0.01465000 -0.05196400 0.00298124
v -0.01465000 -0.05200915 0.00204774
v -0.01465000 -0.05200915 0.00204774
v -0.01465000 -0.05200915 0.00204774
v -0.01265000 -0.05196400 0.00298124
v -0.01265000 -0.05196400 0.00298124
v -0.01265000 -0.05196400 0.00298124
v -0.01265000 -0.05200915 0.00204774
v -0.01265000 -0.05200915 0.00204774
v -0.01265000 -0.05200915 0.00204774
v -0.01465000 -0.04784407 0.00231413
v -0.01465000 -0.04784407 0.00231413
v -0.01465000 -0.04784407 0.00231413
v -0.01265001 -0.05583750 -0.00562227
v -0.01265000 -0.05615337 0.00152182
v -0.01265001 -0.05205167 -0.01140081
v -0.01265002 -0.04929924 -0.01415945
v -0.01265002 -0.04929924 -0.01415945
v -0.01265002 -0.04929924 -0.01415945
v -0.01265001 -0.04967171 -0.01302865
v -0.01265001 -0.04967171 -0.01302865
v -0.01265001 -0.04967171 -0.01302865
v -0.01265001 -0.04967171 -0.01302865
v -0.01265002 -0.04666531 -0.01985739
v -0.01265002 -0.04666531 -0.01985739
v -0.01265002 -0.04666531 -0.01985739
v -0.01265002 -0.04666114 -0.02089266
v -0.01265002 -0.04666114 -0.02089266
v -0.01265002 -0.04666114 -0.02089266
v -0.01465002 -0.04666114 -0.02089266
v -0.01465002 -0.04666114 -0.02089266
v -0.01465002 -0.04666114 -0.02089266
v -0.01265002 -0.05231033 -0.01647094
v -0.01265002 -0.05231033 -0.01647094
v -0.01265002 -0.05231033 -0.01647094
v -0.01265002 -0.04615129 -0.01895874
v -0.01265002 -0.04615129 -0.01895874
v -0.01265002 -0.04615129 -0.01895874
v -0.01265002 -0.04724573 -0.01519536
v -0.01265002 -0.04724573 -0.01519536
v -0.01265002 -0.04724573 -0.01519536
v -0.01265002 -0.04841127 -0.01495252
v -0.01265002 -0.04841127 -0.01495252
v -0.01265002 -0.04841127 -0.01495252
v -0.01465002 -0.04724573 -0.01519536
v -0.01465002 -0.04724573 -0.01519536
v -0.01465002 -0.04724573 -0.01519536
v -0.01465002 -0.04841127 -0.01495252
v -0.01465002 -0.04841127 -0.01495252
v -0.01465002 -0.04841127 -0.01495252
v -0.01465002 -0.04611493 -0.01482289
v -0.01465002 -0.04611493 -0.01482289
v -0.01465002 -0.04611493 -0.01482289
v -0.01465002 -0.04525681 -0.01843749
v -0.01465002 -0.04525681 -0.01843749
v -0.01465002 -0.04525681 -0.01843749
v -0.01465002 -0.04615129 -0.01895873
v -0.01465002 -0.04615129 -0.01895873
v -0.01465002 -0.04615129 -0.01895873
v -0.01265002 -0.04525681 -0.01843749
v -0.01265002 -0.04525681 -0.01843749
v -0.01265002 -0.04525681 -0.01843749
v -0.01265002 -0.04422154 -0.01843332
v -0.01265002 -0.04422154 -0.01843332
v -0.01265002 -0.04422154 -0.01843332
v -0.01265002 -0.04532186 -0.01393493
v -0.01265002 -0.04532186 -0.01393493
v -0.01265002 -0.04532186 -0.01393493
v -0.01265002 -0.04611493 -0.01482290
v -0.01265002 -0.04611493 -0.01482290
v -0.01265002 -0.04611493 -0.01482290
v -0.01465002 -0.04532186 -0.01393493
v -0.01465002 -0.04532186 -0.01393493
v -0.01465002 -0.04532186 -0.01393493
v -0.01465002 -0.04507902 -0.01276939
v -0.01465002 -0.04507902 -0.01276939
v -0.01465002 -0.04507902 -0.01276939
v -0.01465002 -0.04422154 -0.01843332
v -0.01465002 -0.04422154 -0.01843332
v -0.01465002 -0.04422154 -0.01843332
v -0.01465003 -0.04066793 -0.02211458
v -0.01465002 -0.04332289 -0.01894734
v -0.01465002 -0.04332289 -0.01894734
v -0.01465002 -0.04332289 -0.01894734
v -0.01265002 -0.04332289 -0.01894734
v -0.01265002 -0.04332289 -0.01894734
v -0.01265002 -0.04332289 -0.01894734
v -0.01265002 -0.04280164 -0.01984182
v -0.01265002 -0.04280164 -0.01984182
v -0.01265002 -0.04280164 -0.01984182
v -0.01465002 -0.04280164 -0.01984182
v -0.01465002 -0.04280164 -0.01984182
v -0.01465002 -0.04280164 -0.01984182
v -0.01265002 -0.04279747 -0.02087709
v -0.01265002 -0.04279747 -0.02087709
v -0.01265002 -0.04279747 -0.02087709
v -0.01465002 -0.04279747 -0.02087709
v -0.01465002 -0.04279747 -0.02087709
v -0.01465002 -0.04279747 -0.02087709
v -0.01265003 -0.04331149 -0.02177574
v -0.01265003 -0.04331149 -0.02177574
v -0.01265003 -0.04331149 -0.02177574
v -0.01465003 -0.04331149 -0.02177574
v -0.01465003 -0.04331149 -0.02177574
v -0.01465003 -0.04331149 -0.02177574
v -0.01265003 -0.04420597 -0.02229699
v -0.01265003 -0.04420597 -0.02229699
v -0.01265003 -0.04420597 -0.02229699
v -0.01465003 -0.04420597 -0.02229699
v -0.01465003 -0.04420597 -0.02229699
v -0.01465003 -0.04420597 -0.02229699
v -0.01265003 -0.04524124 -0.02230116
v -0.01265003 -0.04524124 -0.02230116
v -0.01265003 -0.04524124 -0.02230116
v -0.01465003 -0.04524124 -0.02230116
v -0.01465003 -0.04524124 -0.02230116
v -0.01465003 -0.04524124 -0.02230116
v -0.01465003 -0.04372175 -0.02411529
v -0.01465003 -0.04194181 -0.02530404
v -0.01465003 -0.04194181 -0.02530404
v -0.01465003 -0.04194181 -0.02530404
v -0.01465003 -0.04613990 -0.02178714
v -0.01465003 -0.04613990 -0.02178714
v -0.01465003 -0.04613990 -0.02178714
v -0.01465003 -0.04799826 -0.02691706
v -0.01465003 -0.04297428 -0.02564411
v -0.01465003 -0.04297428 -0.02564411
v -0.01465003 -0.04297428 -0.02564411
v -0.01265003 -0.04297428 -0.02564411
v -0.01265003 -0.04297428 -0.02564411
v -0.01265003 -0.04297428 -0.02564411
v -0.01265003 -0.04194181 -0.02530404
v -0.01265003 -0.04194181 -0.02530404
v -0.01265003 -0.04194181 -0.02530404
v -0.01465003 -0.04369839 -0.02645486
v -0.01465003 -0.04369839 -0.02645486
v -0.01465003 -0.04369839 -0.02645486
v -0.01465003 -0.04392011 -0.02751905
v -0.01465003 -0.04392011 -0.02751905
v -0.01465003 -0.04392011 -0.02751905
v -0.01265003 -0.04369839 -0.02645487
v -0.01265003 -0.04369839 -0.02645487
v -0.01265003 -0.04369839 -0.02645487
v -0.01265003 -0.04392011 -0.02751905
v -0.01265003 -0.04392011 -0.02751905
v -0.01265003 -0.04392011 -0.02751905
v -0.01265003 -0.04799826 -0.02691706
v -0.01265003 -0.04372175 -0.02411530
v -0.01265003 -0.04066793 -0.02211458
v -0.01265003 -0.03651570 -0.02845240
v -0.01265003 -0.03713922 -0.02433182
v -0.01265003 -0.03713922 -0.02433182
v -0.01265003 -0.03713922 -0.02433182
v -0.01265003 -0.04087762 -0.02552576
v -0.01265003 -0.04087762 -0.02552576
v -0.01265003 -0.04087762 -0.02552576
v -0.01265003 -0.04006686 -0.02624987
v -0.01265003 -0.04006686 -0.02624987
v -0.01265003 -0.04006686 -0.02624987
v -0.01465003 -0.04087762 -0.02552576
v -0.01465003 -0.04087762 -0.02552576
v -0.01465003 -0.04087762 -0.02552576
v -0.01465003 -0.04006686 -0.02624987
v -0.01465003 -0.04006686 -0.02624987
v -0.01465003 -0.04006686 -0.02624987
v -0.01465003 -0.04006686 -0.02624987
v -0.01265003 -0.03972679 -0.02728234
v -0.01265003 -0.03972679 -0.02728234
v -0.01265003 -0.03972679 -0.02728234
v -0.01265003 -0.03972679 -0.02728234
v -0.01465003 -0.03972679 -0.02728234
v -0.01465003 -0.03972679 -0.02728234
v -0.01465003 -0.03972679 -0.02728234
v -0.01265003 -0.03994851 -0.02834653
v -0.01265003 -0.03994851 -0.02834653
v -0.01265003 -0.03994851 -0.02834653
v -0.01465003 -0.03994851 -0.02834653
v -0.01465003 -0.03994851 -0.02834653
v -0.01465003 -0.03994851 -0.02834653
v -0.01265003 -0.04067262 -0.02915728
v -0.01265003 -0.04067262 -0.02915728
v -0.01265003 -0.04067262 -0.02915728
v -0.01265004 -0.03956952 -0.03045311
v -0.01265004 -0.03809588 -0.03162320
v -0.01265004 -0.03809588 -0.03162320
v -0.01265004 -0.03809588 -0.03162320
v -0.01265004 -0.04384603 -0.03325488
v -0.01265004 -0.03840079 -0.03359982
v -0.01265004 -0.03840079 -0.03359982
v -0.01265004 -0.03840079 -0.03359982
v -0.01265004 -0.03851316 -0.03257066
v -0.01265004 -0.03851316 -0.03257066
v -0.01265004 -0.03851316 -0.03257066
v -0.01465004 -0.03840079 -0.03359982
v -0.01465004 -0.03840079 -0.03359982
v -0.01465004 -0.03840079 -0.03359982
v -0.01465004 -0.03851316 -0.03257066
v -0.01465004 -0.03851316 -0.03257066
v -0.01465004 -0.03851316 -0.03257066
v -0.01465004 -0.03809588 -0.03162320
v -0.01465004 -0.03809588 -0.03162320
v -0.01465004 -0.03809588 -0.03162320
v -0.01465004 -0.03956952 -0.03045311
v -0.01465004 -0.04384603 -0.03325487
v -0.01465003 -0.04358003 -0.02855153
v -0.01465003 -0.04358003 -0.02855153
v -0.01465003 -0.04358003 -0.02855153
v -0.01465004 -0.04826426 -0.03162041
v -0.01465004 -0.04826426 -0.03162041
v -0.01465004 -0.04826426 -0.03162041
v -0.01465003 -0.04170509 -0.02949736
v -0.01465003 -0.04170509 -0.02949736
v -0.01465003 -0.04170509 -0.02949736
v -0.01465003 -0.04276928 -0.02927564
v -0.01465003 -0.04276928 -0.02927564
v -0.01465003 -0.04276928 -0.02927564
v -0.01465005 -0.03979820 -0.03943334
v -0.01465005 -0.03599116 -0.04137991
v -0.01465005 -0.03599116 -0.04137991
v -0.01465005 -0.03599116 -0.04137991
v -0.01465005 -0.03778200 -0.04360973
v -0.01465005 -0.03778200 -0.04360973
v -0.01465005 -0.03778200 -0.04360973
v -0.01465004 -0.04343876 -0.03797845
v -0.01465004 -0.04343876 -0.03797845
v -0.01465004 -0.04343876 -0.03797845
v -0.01465004 -0.03778890 -0.03443492
v -0.01465004 -0.03778890 -0.03443492
v -0.01465004 -0.03778890 -0.03443492
v -0.01465004 -0.03552168 -0.03663157
v -0.01465004 -0.03246787 -0.03463086
v -0.01465004 -0.03581228 -0.03473983
v -0.01465004 -0.03581228 -0.03473983
v -0.01465004 -0.03581228 -0.03473983
v -0.01465005 -0.03123960 -0.04316759
v -0.01465004 -0.03289615 -0.03746647
v -0.01465004 -0.03289615 -0.03746647
v -0.01465004 -0.03289615 -0.03746647
v -0.01465004 -0.03684144 -0.03485219
v -0.01465004 -0.03684144 -0.03485219
v -0.01465004 -0.03684144 -0.03485219
v -0.01465004 -0.03220024 -0.03650047
v -0.01465004 -0.03220024 -0.03650047
v -0.01465004 -0.03220024 -0.03650047
v -0.01465005 -0.03252720 -0.03973669
v -0.01465005 -0.03252720 -0.03973669
v -0.01465005 -0.03252720 -0.03973669
v -0.01465004 -0.03301582 -0.03865101
v -0.01465004 -0.03301582 -0.03865101
v -0.01465004 -0.03301582 -0.03865101
v -0.01465005 -0.03263855 -0.04407251
v -0.01465005 -0.03263855 -0.04407251
v -0.01465005 -0.03263855 -0.04407251
v -0.01465005 -0.03442940 -0.04630232
v -0.01465005 -0.03442940 -0.04630232
v -0.01465005 -0.03442940 -0.04630232
v -0.01265005 -0.03263855 -0.04407251
v -0.01265005 -0.03263855 -0.04407251
v -0.01265005 -0.03263855 -0.04407251
v -0.01265005 -0.03599116 -0.04137992
v -0.01265005 -0.03599116 -0.04137992
v -0.01265005 -0.03599116 -0.04137992
v -0.01465006 -0.02771013 -0.05061064
v -0.01465006 -0.02771013 -0.05061064
v -0.01465006 -0.02771013 -0.05061064
v -0.01265005 -0.03442940 -0.04630232
v -0.01265005 -0.03442940 -0.04630232
v -0.01265005 -0.03442940 -0.04630232
v -0.01265006 -0.02771013 -0.05061065
v -0.01265006 -0.02771013 -0.05061065
v -0.01265006 -0.02771013 -0.05061065
v -0.01465006 -0.02046059 -0.05395046
v -0.01465006 -0.02046059 -0.05395046
v -0.01465006 -0.02046059 -0.05395046
v -0.01465006 -0.02103026 -0.05208880
v -0.01465005 -0.02818578 -0.04116688
v -0.01465005 -0.02619351 -0.04246499
v -0.01465005 -0.02619351 -0.04246499
v -0.01465005 -0.02619351 -0.04246499
v -0.01465005 -0.03037666 -0.04055227
v -0.01465005 -0.03037666 -0.04055227
v -0.01465005 -0.03037666 -0.04055227
v -0.01465005 -0.02595850 -0.03970767
v -0.01465005 -0.02577624 -0.04151753
v -0.01465005 -0.02577624 -0.04151753
v -0.01465005 -0.02577624 -0.04151753
v -0.01465005 -0.02608114 -0.04349415
v -0.01465005 -0.02608114 -0.04349415
v -0.01465005 -0.02608114 -0.04349415
v -0.01465005 -0.02929098 -0.04006365
v -0.01465005 -0.02929098 -0.04006365
v -0.01465005 -0.02929098 -0.04006365
v -0.01465005 -0.02859507 -0.03909764
v -0.01465005 -0.02859507 -0.03909764
v -0.01465005 -0.02859507 -0.03909764
v -0.01265005 -0.02929098 -0.04006365
v -0.01265005 -0.02929098 -0.04006365
v -0.01265005 -0.02929098 -0.04006365
v -0.01265005 -0.03037666 -0.04055227
v -0.01265005 -0.03037666 -0.04055227
v -0.01265005 -0.03037666 -0.04055227
v -0.01265005 -0.03156120 -0.04043260
v -0.01265005 -0.03156120 -0.04043260
v -0.01265005 -0.03156120 -0.04043260
v -0.01265005 -0.03123960 -0.04316759
v -0.01265006 -0.02103026 -0.05208880
v -0.01265005 -0.02818578 -0.04116688
v -0.01265005 -0.03252720 -0.03973669
v -0.01265005 -0.03252720 -0.03973669
v -0.01265005 -0.03252720 -0.03973669
v -0.01265004 -0.03552168 -0.03663158
v -0.01265005 -0.03979820 -0.03943334
v -0.01265004 -0.03246787 -0.03463086
v -0.01265004 -0.03684144 -0.03485219
v -0.01265004 -0.03684144 -0.03485219
v -0.01265004 -0.03684144 -0.03485219
v -0.01265005 -0.03778200 -0.04360973
v -0.01265005 -0.03778200 -0.04360973
v -0.01265005 -0.03778200 -0.04360973
v -0.01265004 -0.03497718 -0.03412794
v -0.01265004 -0.03497718 -0.03412794
v -0.01265004 -0.03497718 -0.03412794
v -0.01265004 -0.03301582 -0.03865101
v -0.01265004 -0.03301582 -0.03865101
v -0.01265004 -0.03301582 -0.03865101
v -0.01265004 -0.03581228 -0.03473983
v -0.01265004 -0.03581228 -0.03473983
v -0.01265004 -0.03581228 -0.03473983
v -0.01265004 -0.03289615 -0.03746647
v -0.01265004 -0.03289615 -0.03746647
v -0.01265004 -0.03289615 -0.03746647
v -0.01265004 -0.03220024 -0.03650047
v -0.01265004 -0.03220024 -0.03650047
v -0.01265004 -0.03220024 -0.03650047
v -0.01265004 -0.03111456 -0.03601185
v -0.01265004 -0.03111456 -0.03601185
v -0.01265004 -0.03111456 -0.03601185
v -0.01465004 -0.03111456 -0.03601184
v -0.01465004 -0.03111456 -0.03601184
v -0.01465004 -0.03111456 -0.03601184
v -0.01265004 -0.02993003 -0.03613152
v -0.01265004 -0.02993003 -0.03613152
v -0.01265004 -0.02993003 -0.03613152
v -0.01265004 -0.03024059 -0.03317166
v -0.01265004 -0.03203589 -0.03074184
v -0.01265004 -0.03203589 -0.03074184
v -0.01265004 -0.03203589 -0.03074184
v -0.01265005 -0.02595850 -0.03970768
v -0.01265004 -0.02584162 -0.03610498
v -0.01265004 -0.02584162 -0.03610498
v -0.01265004 -0.02584162 -0.03610498
v -0.01265004 -0.02896402 -0.03682743
v -0.01265004 -0.02896402 -0.03682743
v -0.01265004 -0.02896402 -0.03682743
v -0.01465004 -0.02993003 -0.03613152
v -0.01465004 -0.02993003 -0.03613152
v -0.01465004 -0.02993003 -0.03613152
v -0.01465004 -0.02896402 -0.03682743
v -0.01465004 -0.02896402 -0.03682743
v -0.01465004 -0.02896402 -0.03682743
v -0.01265004 -0.02847540 -0.03791311
v -0.01265004 -0.02847540 -0.03791311
v -0.01265004 -0.02847540 -0.03791311
v -0.01465004 -0.02847540 -0.03791311
v -0.01465004 -0.02847540 -0.03791311
v -0.01465004 -0.02847540 -0.03791311
v -0.01265005 -0.02859507 -0.03909765
v -0.01265005 -0.02859507 -0.03909765
v -0.01265005 -0.02859507 -0.03909765
v -0.01465004 -0.03024059 -0.03317165
v -0.01465004 -0.02584162 -0.03610498
v -0.01465004 -0.02584162 -0.03610498
v -0.01465004 -0.02584162 -0.03610498
v -0.01465004 -0.03203589 -0.03074184
v -0.01465004 -0.03203589 -0.03074184
v -0.01465004 -0.03203589 -0.03074184
v -0.01465003 -0.03713922 -0.02433182
v -0.01465003 -0.03713922 -0.02433182
v -0.01465003 -0.03713922 -0.02433182
v -0.01465003 -0.03651570 -0.02845239
v -0.01465004 -0.03528417 -0.03131622
v -0.01465004 -0.03528417 -0.03131622
v -0.01465004 -0.03528417 -0.03131622
v -0.01465004 -0.03467228 -0.03215132
v -0.01465004 -0.03467228 -0.03215132
v -0.01465004 -0.03467228 -0.03215132
v -0.01465003 -0.04067262 -0.02915728
v -0.01465003 -0.04067262 -0.02915728
v -0.01465003 -0.04067262 -0.02915728
v -0.01465004 -0.03726079 -0.03101131
v -0.01465004 -0.03726079 -0.03101131
v -0.01465004 -0.03726079 -0.03101131
v -0.01465004 -0.03623163 -0.03089895
v -0.01465004 -0.03623163 -0.03089895
v -0.01465004 -0.03623163 -0.03089895
v -0.01265004 -0.03623163 -0.03089895
v -0.01265004 -0.03623163 -0.03089895
v -0.01265004 -0.03623163 -0.03089895
v -0.01265004 -0.03528417 -0.03131622
v -0.01265004 -0.03528417 -0.03131622
v -0.01265004 -0.03528417 -0.03131622
v -0.01265004 -0.03467228 -0.03215132
v -0.01265004 -0.03467228 -0.03215132
v -0.01265004 -0.03467228 -0.03215132
v -0.01265004 -0.03455991 -0.03318048
v -0.01265004 -0.03455991 -0.03318048
v -0.01265004 -0.03455991 -0.03318048
v -0.01465004 -0.03455991 -0.03318048
v -0.01465004 -0.03455991 -0.03318048
v -0.01465004 -0.03455991 -0.03318048
v -0.01465004 -0.03497718 -0.03412794
v -0.01465004 -0.03497718 -0.03412794
v -0.01465004 -0.03497718 -0.03412794
v -0.01265004 -0.03726079 -0.03101131
v -0.01265004 -0.03726079 -0.03101131
v -0.01265004 -0.03726079 -0.03101131
v -0.01265003 -0.04170509 -0.02949736
v -0.01265003 -0.04170509 -0.02949736
v -0.01265003 -0.04170509 -0.02949736
v -0.01265003 -0.04276928 -0.02927564
v -0.01265003 -0.04276928 -0.02927564
v -0.01265003 -0.04276928 -0.02927564
v -0.01265003 -0.04358003 -0.02855153
v -0.01265003 -0.04358003 -0.02855153
v -0.01265003 -0.04358003 -0.02855153
v -0.01465005 -0.01905828 -0.04512417
v -0.01465005 -0.01905828 -0.04512417
v -0.01465005 -0.01905828 -0.04512417
v -0.01465005 -0.02494114 -0.04090564
v -0.01465005 -0.02494114 -0.04090564
v -0.01465005 -0.02494114 -0.04090564
v -0.01465005 -0.02296452 -0.04121054
v -0.01465005 -0.02296452 -0.04121054
v -0.01465005 -0.02296452 -0.04121054
v -0.01465005 -0.02391198 -0.04079327
v -0.01465005 -0.02391198 -0.04079327
v -0.01465005 -0.02391198 -0.04079327
v -0.01465005 -0.01806701 -0.04467803
v -0.01465005 -0.01806701 -0.04467803
v -0.01465005 -0.01806701 -0.04467803
v -0.01465005 -0.01876734 -0.04023861
v -0.01465005 -0.01876734 -0.04023861
v -0.01465005 -0.01876734 -0.04023861
v -0.01465005 -0.01105397 -0.04300196
v -0.01465005 -0.01105397 -0.04300196
v -0.01465005 -0.01105397 -0.04300196
v -0.01465005 -0.01698548 -0.04478730
v -0.01465005 -0.01698548 -0.04478730
v -0.01465005 -0.01698548 -0.04478730
v -0.01265005 -0.01876734 -0.04023861
v -0.01265005 -0.01876734 -0.04023861
v -0.01265005 -0.01876734 -0.04023861
v -0.01465005 -0.01610348 -0.04542269
v -0.01465005 -0.01610348 -0.04542269
v -0.01465005 -0.01610348 -0.04542269
v -0.01265005 -0.01610348 -0.04542270
v -0.01265005 -0.01610348 -0.04542270
v -0.01265005 -0.01610348 -0.04542270
v -0.01265005 -0.01565734 -0.04641397
v -0.01265005 -0.01565734 -0.04641397
v -0.01265005 -0.01565734 -0.04641397
v -0.01465005 -0.01565734 -0.04641397
v -0.01465005 -0.01565734 -0.04641397
v -0.01465005 -0.01565734 -0.04641397
v -0.01265005 -0.01576661 -0.04749550
v -0.01265005 -0.01576661 -0.04749550
v -0.01265005 -0.01576661 -0.04749550
v -0.01465006 -0.01576661 -0.04749550
v -0.01465006 -0.01576661 -0.04749550
v -0.01465006 -0.01576661 -0.04749550
v -0.01265006 -0.01628416 -0.04827370
v -0.01265006 -0.01628416 -0.04827370
v -0.01265006 -0.01628416 -0.04827370
v -0.01465006 -0.01628416 -0.04827370
v -0.01465006 -0.01628416 -0.04827370
v -0.01465006 -0.01628416 -0.04827370
v -0.01465006 -0.01391330 -0.04742610
v -0.01465006 -0.01201324 -0.04898768
v -0.01465006 -0.01201324 -0.04898768
v -0.01465006 -0.01201324 -0.04898768
v -0.01465006 -0.01201324 -0.04898768
v -0.01465006 -0.01119145 -0.05158062
v -0.01465006 -0.01223256 -0.04797591
v -0.01465006 -0.01223256 -0.04797591
v -0.01465006 -0.01223256 -0.04797591
v -0.01465006 -0.01608114 -0.05478411
v -0.01465006 -0.01199280 -0.04711872
v -0.01465006 -0.01199280 -0.04711872
v -0.01465006 -0.01199280 -0.04711872
v -0.01465006 -0.01880298 -0.05062959
v -0.01465005 -0.00923300 -0.04435980
v -0.01465005 -0.01140488 -0.04645045
v -0.01465005 -0.01140488 -0.04645045
v -0.01465005 -0.01140488 -0.04645045
v -0.01265005 -0.01140488 -0.04645045
v -0.01265005 -0.01140488 -0.04645045
v -0.01265005 -0.01140488 -0.04645045
v -0.01265005 -0.01058522 -0.04610345
v -0.01265005 -0.01058522 -0.04610345
v -0.01265005 -0.01058522 -0.04610345
v -0.01465005 -0.01058522 -0.04610345
v -0.01465005 -0.01058522 -0.04610345
v -0.01465005 -0.01058522 -0.04610345
v -0.01265005 -0.00969617 -0.04614645
v -0.01265005 -0.00969617 -0.04614645
v -0.01265005 -0.00969617 -0.04614645
v -0.01465005 -0.00969617 -0.04614645
v -0.01465005 -0.00969617 -0.04614645
v -0.01465005 -0.00969617 -0.04614645
v -0.01265005 -0.00891383 -0.04657093
v -0.01265005 -0.00891383 -0.04657093
v -0.01265005 -0.00891383 -0.04657093
v -0.01465005 -0.00891383 -0.04657093
v -0.01465005 -0.00891383 -0.04657093
v -0.01465005 -0.00891383 -0.04657093
v -0.01265005 -0.00839314 -0.04729283
v -0.01265005 -0.00839314 -0.04729283
v -0.01265005 -0.00839314 -0.04729283
v -0.01465006 -0.00839314 -0.04729282
v -0.01465006 -0.00839314 -0.04729282
v -0.01465006 -0.00839314 -0.04729282
v -0.01265006 -0.00823723 -0.04816915
v -0.01265006 -0.00823723 -0.04816915
v -0.01265006 -0.00823723 -0.04816915
v -0.01465006 -0.00823723 -0.04816915
v -0.01465006 -0.00823723 -0.04816915
v -0.01465006 -0.00823723 -0.04816915
v -0.01465006 -0.00651116 -0.04851432
v -0.01465006 -0.00459130 -0.04964688
v -0.01465006 -0.00459130 -0.04964688
v -0.01465006 -0.00459130 -0.04964688
v -0.01465006 -0.00855318 -0.04915503
v -0.01465006 -0.00855318 -0.04915503
v -0.01465006 -0.00855318 -0.04915503
v -0.01465005 -0.00091381 -0.04484721
v -0.01465006 -0.00506232 -0.05072577
v -0.01465006 -0.00459609 -0.04845633
v -0.01465006 -0.00459609 -0.04845633
v -0.01465006 -0.00459609 -0.04845633
v -0.01465006 -0.00931974 -0.04985087
v -0.01465006 -0.00931974 -0.04985087
v -0.01465006 -0.00931974 -0.04985087
v -0.01465005 -0.00296416 -0.04430093
v -0.01465005 -0.00296416 -0.04430093
v -0.01465005 -0.00296416 -0.04430093
v -0.01465006 -0.00400497 -0.04742287
v -0.01465006 -0.00400497 -0.04742287
v -0.01465006 -0.00400497 -0.04742287
v -0.01465006 -0.00974261 -0.05379207
v -0.01465006 -0.00479495 -0.05463212
v -0.01465006 -0.00479495 -0.05463212
v -0.01465006 -0.00479495 -0.05463212
v -0.01465007 -0.01329886 -0.05614649
v -0.01465007 -0.01329886 -0.05614649
v -0.01465007 -0.01329886 -0.05614649
v -0.01465007 -0.01329886 -0.05614649
v -0.01465007 -0.00561432 -0.05742619
v -0.01465007 -0.00561432 -0.05742619
v -0.01465007 -0.00561432 -0.05742619
v -0.01465007 -0.00561432 -0.05742619
v -0.01465007 -0.01281951 -0.05625787
v -0.01465007 -0.01281951 -0.05625787
v -0.01465007 -0.01281951 -0.05625787
v -0.01265007 -0.01281951 -0.05625788
v -0.01265007 -0.01281951 -0.05625788
v -0.01265007 -0.01281951 -0.05625788
v -0.01265007 -0.01281951 -0.05625788
v -0.01265007 -0.01281951 -0.05625788
v -0.01265007 -0.01329886 -0.05614649
v -0.01265007 -0.01329886 -0.05614649
v -0.01265007 -0.01329886 -0.05614649
v -0.01265006 -0.00479495 -0.05463213
v -0.01265006 -0.00479495 -0.05463213
v -0.01265006 -0.00479495 -0.05463213
v -0.01265006 -0.00974261 -0.05379208
v -0.01265007 -0.00493312 -0.05748872
v -0.01265007 -0.00493312 -0.05748872
v -0.01265007 -0.00493312 -0.05748872
v -0.01265007 -0.00493312 -0.05748872
v -0.01465007 -0.00493312 -0.05748871
v -0.01465007 -0.00493312 -0.05748871
v -0.01465007 -0.00493312 -0.05748871
v -0.01265006 -0.01119145 -0.05158063
v -0.01265006 -0.00506232 -0.05072577
v -0.01265006 -0.00651116 -0.04851432
v -0.01265005 -0.00296416 -0.04430093
v -0.01265005 -0.00296416 -0.04430093
v -0.01265005 -0.00296416 -0.04430093
v -0.01265006 -0.00459609 -0.04845633
v -0.01265006 -0.00459609 -0.04845633
v -0.01265006 -0.00459609 -0.04845633
v -0.01265006 -0.00931974 -0.04985087
v -0.01265006 -0.00931974 -0.04985087
v -0.01265006 -0.00931974 -0.04985087
v -0.01265005 -0.00923300 -0.04435980
v -0.01265005 -0.00400497 -0.04742287
v -0.01265005 -0.00400497 -0.04742287
v -0.01265005 -0.00400497 -0.04742287
v -0.01265006 -0.00399186 -0.05067554
v -0.01265006 -0.00399186 -0.05067554
v -0.01265006 -0.00399186 -0.05067554
v -0.01265005 -0.00091381 -0.04484721
v -0.01265005 -0.00129648 -0.04438105
v -0.01265005 -0.00129648 -0.04438105
v -0.01265005 -0.00129648 -0.04438105
v -0.01265006 -0.00459130 -0.04964688
v -0.01265006 -0.00459130 -0.04964688
v -0.01265006 -0.00459130 -0.04964688
v -0.01265006 -0.00855318 -0.04915504
v -0.01265006 -0.00855318 -0.04915504
v -0.01265006 -0.00855318 -0.04915504
v -0.01465006 -0.00399186 -0.05067554
v -0.01465006 -0.00399186 -0.05067554
v -0.01465006 -0.00399186 -0.05067554
v -0.01465006 -0.00295841 -0.05126666
v -0.01465006 -0.00295841 -0.05126666
v -0.01465006 -0.00295841 -0.05126666
v -0.01465006 -0.00176785 -0.05126186
v -0.01465006 -0.00176785 -0.05126186
v -0.01465006 -0.00176785 -0.05126186
v -0.01265006 -0.00295841 -0.05126666
v -0.01265006 -0.00295841 -0.05126666
v -0.01265006 -0.00295841 -0.05126666
v -0.01465006 -0.00049997 -0.05483986
v -0.01465006 -0.00049997 -0.05483986
v -0.01465006 -0.00049997 -0.05483986
v -0.01465007 0.00733024 -0.05723247
v -0.01465007 0.00733024 -0.05723247
v -0.01465007 0.00733024 -0.05723247
v -0.01465007 -0.00063814 -0.05769645
v -0.01465007 -0.00063814 -0.05769645
v -0.01465007 -0.00063814 -0.05769645
v -0.01465007 -0.00050016 -0.05769781
v -0.01465007 -0.00050016 -0.05769781
v -0.01465007 -0.00050016 -0.05769781
v -0.01465007 -0.00050016 -0.05769781
v -0.01265006 -0.00049997 -0.05483986
v -0.01265006 -0.00049997 -0.05483986
v -0.01265006 -0.00049997 -0.05483986
v -0.01265007 -0.00062833 -0.05749366
v -0.01265007 -0.00062833 -0.05749366
v -0.01465006 0.00342311 -0.05146693
v -0.01465006 0.00412127 -0.05253257
v -0.01465006 0.00500893 -0.05076197
v -0.01465006 0.00500893 -0.05076197
v -0.01465006 0.00500893 -0.05076197
v -0.01465006 0.00956225 -0.04896790
v -0.01465006 0.00671763 -0.05045797
v -0.01465006 0.00671763 -0.05045797
v -0.01465006 0.00671763 -0.05045797
v -0.01465006 0.00671763 -0.05045797
v -0.01465006 0.00589797 -0.05080497
v -0.01465006 0.00589797 -0.05080497
v -0.01465006 0.00589797 -0.05080497
v -0.01265006 0.00589797 -0.05080497
v -0.01265006 0.00589797 -0.05080497
v -0.01265006 0.00589797 -0.05080497
v -0.01265006 0.00589797 -0.05080497
v -0.01265006 0.00500893 -0.05076197
v -0.01265006 0.00500893 -0.05076197
v -0.01265006 0.00500893 -0.05076197
v -0.01265006 0.00422659 -0.05033749
v -0.01265006 0.00422659 -0.05033749
v -0.01265006 0.00422659 -0.05033749
v -0.01265006 0.00342311 -0.05146693
v -0.01265006 -0.00015287 -0.04843842
v -0.01265006 -0.00015287 -0.04843842
v -0.01265006 -0.00015287 -0.04843842
v -0.01265006 0.00370589 -0.04961560
v -0.01265006 0.00370589 -0.04961560
v -0.01265006 0.00370589 -0.04961560
v -0.01265006 -0.00014807 -0.04962898
v -0.01265006 -0.00014807 -0.04962898
v -0.01265006 -0.00014807 -0.04962898
v -0.01265006 0.00412127 -0.05253257
v -0.01265005 0.00053502 -0.04705866
v -0.01265006 -0.00073920 -0.05066243
v -0.01265006 -0.00073920 -0.05066243
v -0.01265006 -0.00073920 -0.05066243
v -0.01465006 -0.00014807 -0.04962898
v -0.01465006 -0.00014807 -0.04962898
v -0.01465006 -0.00014807 -0.04962898
v -0.01465006 -0.00073920 -0.05066243
v -0.01465006 -0.00073920 -0.05066243
v -0.01465006 -0.00073920 -0.05066243
v -0.01265006 -0.00176785 -0.05126186
v -0.01265006 -0.00176785 -0.05126186
v -0.01265006 -0.00176785 -0.05126186
v -0.01465006 -0.00015287 -0.04843842
v -0.01465006 -0.00015287 -0.04843842
v -0.01465006 -0.00015287 -0.04843842
v -0.01465006 0.00053502 -0.04705866
v -0.01465006 0.00386593 -0.04775338
v -0.01465006 0.00386593 -0.04775338
v -0.01465006 0.00386593 -0.04775338
v -0.01465006 -0.00075230 -0.04740977
v -0.01465006 -0.00075230 -0.04740977
v -0.01465006 -0.00075230 -0.04740977
v -0.01465006 0.00463250 -0.04705755
v -0.01465006 0.00463250 -0.04705755
v -0.01465006 0.00463250 -0.04705755
v -0.01465006 0.00463250 -0.04705755
v -0.01465005 0.00505812 -0.04411093
v -0.01465005 0.00505812 -0.04411093
v -0.01465005 0.00505812 -0.04411093
v -0.01465006 0.00354999 -0.04873927
v -0.01465006 0.00354999 -0.04873927
v -0.01465006 0.00354999 -0.04873927
v -0.01465006 0.00370589 -0.04961560
v -0.01465006 0.00370589 -0.04961560
v -0.01465006 0.00370589 -0.04961560
v -0.01265006 0.00354999 -0.04873927
v -0.01265006 0.00354999 -0.04873927
v -0.01265006 0.00354999 -0.04873927
v -0.01265006 0.00386593 -0.04775339
v -0.01265006 0.00386593 -0.04775339
v -0.01265006 0.00386593 -0.04775339
v -0.01265005 0.00505812 -0.04411093
v -0.01265005 0.00505812 -0.04411093
v -0.01265005 0.00505812 -0.04411093
v -0.01265005 0.00463250 -0.04705755
v -0.01265005 0.00463250 -0.04705755
v -0.01265005 0.00463250 -0.04705755
v -0.01265005 0.00564427 -0.04683823
v -0.01265005 0.00564427 -0.04683823
v -0.01265005 0.00564427 -0.04683823
v -0.01265005 0.00564427 -0.04683823
v -0.01265005 0.00522659 -0.04409129
v -0.01265005 0.00522659 -0.04409129
v -0.01265005 0.00522659 -0.04409129
v -0.01465005 0.01323935 -0.04238016
v -0.01465005 0.01323935 -0.04238016
v -0.01465005 0.01323935 -0.04238016
v -0.01465005 0.00522659 -0.04409128
v -0.01465005 0.00522659 -0.04409128
v -0.01465005 0.00522659 -0.04409128
v -0.01265005 0.00663016 -0.04715418
v -0.01265005 0.00663016 -0.04715418
v -0.01265005 0.00663016 -0.04715418
v -0.01265006 0.00886409 -0.04790226
v -0.01265005 0.01323935 -0.04238017
v -0.01265005 0.01323935 -0.04238017
v -0.01265005 0.01323935 -0.04238017
v -0.01265005 0.02080126 -0.03922584
v -0.01265005 0.02080126 -0.03922584
v -0.01265005 0.02080126 -0.03922584
v -0.01465005 0.02080126 -0.03922584
v -0.01465005 0.02080126 -0.03922584
v -0.01465005 0.02080126 -0.03922584
v -0.01465004 0.02765481 -0.03473572
v -0.01465004 0.02765481 -0.03473572
v -0.01465004 0.02765481 -0.03473572
v -0.01465005 0.02119058 -0.03982653
v -0.01465005 0.01367081 -0.04621312
v -0.01465005 0.01367081 -0.04621312
v -0.01465005 0.01367081 -0.04621312
v -0.01465005 0.02188875 -0.04089218
v -0.01465005 0.01258378 -0.04621749
v -0.01465005 0.01258378 -0.04621749
v -0.01465005 0.01258378 -0.04621749
v -0.01465004 0.02805005 -0.03533254
v -0.01465006 0.00886409 -0.04790226
v -0.01465006 0.00732599 -0.04792074
v -0.01465006 0.00732599 -0.04792074
v -0.01465006 0.00732599 -0.04792074
v -0.01465006 0.00754531 -0.04893252
v -0.01465006 0.00754531 -0.04893252
v -0.01465006 0.00754531 -0.04893252
v -0.01465006 0.00730556 -0.04978970
v -0.01465006 0.00730556 -0.04978970
v -0.01465006 0.00730556 -0.04978970
v -0.01465005 0.01164458 -0.04676480
v -0.01465005 0.01164458 -0.04676480
v -0.01465005 0.01164458 -0.04676480
v -0.01465006 0.00663016 -0.04715418
v -0.01465006 0.00663016 -0.04715418
v -0.01465006 0.00663016 -0.04715418
v -0.01465005 0.00564427 -0.04683823
v -0.01465005 0.00564427 -0.04683823
v -0.01465005 0.00564427 -0.04683823
v -0.01265006 0.00732599 -0.04792074
v -0.01265006 0.00732599 -0.04792074
v -0.01265006 0.00732599 -0.04792074
v -0.01265006 0.00754531 -0.04893252
v -0.01265006 0.00754531 -0.04893252
v -0.01265006 0.00754531 -0.04893252
v -0.01265006 0.00730556 -0.04978970
v -0.01265006 0.00730556 -0.04978970
v -0.01265006 0.00730556 -0.04978970
v -0.01265006 0.00956225 -0.04896790
v -0.01265005 0.01110485 -0.04770840
v -0.01265005 0.01110485 -0.04770840
v -0.01265005 0.01110485 -0.04770840
v -0.01265006 0.00671763 -0.05045798
v -0.01265006 0.00671763 -0.05045798
v -0.01265006 0.00671763 -0.05045798
v -0.01265006 0.01165654 -0.04973463
v -0.01265006 0.01165654 -0.04973463
v -0.01265006 0.01165654 -0.04973463
v -0.01265007 0.00733024 -0.05723247
v -0.01265007 0.00733024 -0.05723247
v -0.01265007 0.00733024 -0.05723247
v -0.01265007 0.00733024 -0.05723247
v -0.01265006 0.01110923 -0.04879542
v -0.01265006 0.01110923 -0.04879542
v -0.01265006 0.01110923 -0.04879542
v -0.01465006 0.01110923 -0.04879542
v -0.01465006 0.01110923 -0.04879542
v -0.01465006 0.01110923 -0.04879542
v -0.01465006 0.01165654 -0.04973463
v -0.01465006 0.01165654 -0.04973463
v -0.01465006 0.01165654 -0.04973463
v -0.01465006 0.01260013 -0.05027435
v -0.01465006 0.01260013 -0.05027435
v -0.01465006 0.01260013 -0.05027435
v -0.01465006 0.01368716 -0.05026997
v -0.01465006 0.01368716 -0.05026997
v -0.01465006 0.01368716 -0.05026997
v -0.01265006 0.01260013 -0.05027435
v -0.01265006 0.01260013 -0.05027435
v -0.01265006 0.01260013 -0.05027435
v -0.01465006 0.01515833 -0.05567327
v -0.01465006 0.01515833 -0.05567327
v -0.01465006 0.01515833 -0.05567327
v -0.01265006 0.01515833 -0.05567327
v -0.01265006 0.01515833 -0.05567327
v -0.01265006 0.01515833 -0.05567327
v -0.01465006 0.01462637 -0.04972266
v -0.01465006 0.01462637 -0.04972266
v -0.01465006 0.01462637 -0.04972266
v -0.01465005 0.01907534 -0.04669306
v -0.01465005 0.01907534 -0.04669306
v -0.01465005 0.01907534 -0.04669306
v -0.01465006 0.02269636 -0.05304869
v -0.01465006 0.02269636 -0.05304869
v -0.01465006 0.02269636 -0.05304869
v -0.01465006 0.02810122 -0.05039454
v -0.01465006 0.02810122 -0.05039454
v -0.01465006 0.02810122 -0.05039454
v -0.01265006 0.02810122 -0.05039455
v -0.01265006 0.02810122 -0.05039455
v -0.01265006 0.02810122 -0.05039455
v -0.01265006 0.02269636 -0.05304869
v -0.01265006 0.02269636 -0.05304869
v -0.01265006 0.02269636 -0.05304869
v -0.01465005 0.02008885 -0.04690423
v -0.01465005 0.02008885 -0.04690423
v -0.01465005 0.02008885 -0.04690423
v -0.01465005 0.02107216 -0.04658034
v -0.01465005 0.02107216 -0.04658034
v -0.01465005 0.02107216 -0.04658034
v -0.01465005 0.02107216 -0.04658034
v -0.01265005 0.02008885 -0.04690423
v -0.01265005 0.02008885 -0.04690423
v -0.01265005 0.02008885 -0.04690423
v -0.01265005 0.02008885 -0.04690423
v -0.01465005 0.02176179 -0.04580820
v -0.01465005 0.02176179 -0.04580820
v -0.01465005 0.02176179 -0.04580820
v -0.01265005 0.02107216 -0.04658034
v -0.01265005 0.02107216 -0.04658034
v -0.01265005 0.02107216 -0.04658034
v -0.01265005 0.02176179 -0.04580820
v -0.01265005 0.02176179 -0.04580820
v -0.01265005 0.02176179 -0.04580820
v -0.01265005 0.02197295 -0.04479469
v -0.01265005 0.02197295 -0.04479469
v -0.01265005 0.02197295 -0.04479469
v -0.01465005 0.02197295 -0.04479469
v -0.01465005 0.02197295 -0.04479469
v -0.01465005 0.02197295 -0.04479469
v -0.01465005 0.02164907 -0.04381138
v -0.01465005 0.02164907 -0.04381138
v -0.01465005 0.02164907 -0.04381138
v -0.01265005 0.02164907 -0.04381138
v -0.01265005 0.02164907 -0.04381138
v -0.01265005 0.02164907 -0.04381138
v -0.01465005 0.02087692 -0.04312175
v -0.01465005 0.02087692 -0.04312175
v -0.01465005 0.02087692 -0.04312175
v -0.01465005 0.01986341 -0.04291058
v -0.01465005 0.01986341 -0.04291058
v -0.01465005 0.01986341 -0.04291058
v -0.01265005 0.02087692 -0.04312175
v -0.01265005 0.02087692 -0.04312175
v -0.01265005 0.02087692 -0.04312175
v -0.01265005 0.01986341 -0.04291059
v -0.01265005 0.01986341 -0.04291059
v -0.01265005 0.01986341 -0.04291059
v -0.01265005 0.01986341 -0.04291059
v -0.01265005 0.02188875 -0.04089218
v -0.01265005 0.02476360 -0.04190350
v -0.01265005 0.02476360 -0.04190350
v -0.01265005 0.02476360 -0.04190350
v -0.01265004 0.02874821 -0.03639819
v -0.01265005 0.02463439 -0.04071997
v -0.01265005 0.02463439 -0.04071997
v -0.01265005 0.02463439 -0.04071997
v -0.01265005 0.01888010 -0.04323447
v -0.01265005 0.01888010 -0.04323447
v -0.01265005 0.01888010 -0.04323447
v -0.01265005 0.02119058 -0.03982653
v -0.01265004 0.02805005 -0.03533254
v -0.01265005 0.02511425 -0.03963039
v -0.01265005 0.02511425 -0.03963039
v -0.01265005 0.02511425 -0.03963039
v -0.01265005 0.01258378 -0.04621750
v -0.01265005 0.01258378 -0.04621750
v -0.01265005 0.01258378 -0.04621750
v -0.01265005 0.02823277 -0.04701672
v -0.01265005 0.02823277 -0.04701672
v -0.01265005 0.02823277 -0.04701672
v -0.01265005 0.02546728 -0.04286386
v -0.01265005 0.02546728 -0.04286386
v -0.01265005 0.02546728 -0.04286386
v -0.01265005 0.02607461 -0.03892672
v -0.01265005 0.02607461 -0.03892672
v -0.01265005 0.02607461 -0.03892672
v -0.01265005 0.01367081 -0.04621312
v -0.01265005 0.01367081 -0.04621312
v -0.01265005 0.01367081 -0.04621312
v -0.01265005 0.01461440 -0.04675284
v -0.01265005 0.01461440 -0.04675284
v -0.01265005 0.01461440 -0.04675284
v -0.01465005 0.01461440 -0.04675284
v -0.01465005 0.01461440 -0.04675284
v -0.01465005 0.01461440 -0.04675284
v -0.01265005 0.01516171 -0.04769205
v -0.01265005 0.01516171 -0.04769205
v -0.01265005 0.01516171 -0.04769205
v -0.01265005 0.01797931 -0.04502013
v -0.01265005 0.01797931 -0.04502013
v -0.01265005 0.01797931 -0.04502013
v -0.01265005 0.01797931 -0.04502013
v -0.01265005 0.01819047 -0.04400662
v -0.01265005 0.01819047 -0.04400662
v -0.01265005 0.01819047 -0.04400662
v -0.01265005 0.01830319 -0.04600344
v -0.01265005 0.01830319 -0.04600344
v -0.01265005 0.01830319 -0.04600344
v -0.01265005 0.01907534 -0.04669307
v -0.01265005 0.01907534 -0.04669307
v -0.01265005 0.01907534 -0.04669307
v -0.01465005 0.01830319 -0.04600343
v -0.01465005 0.01830319 -0.04600343
v -0.01465005 0.01830319 -0.04600343
v -0.01465005 0.01830319 -0.04600343
v -0.01465006 0.01516171 -0.04769205
v -0.01465006 0.01516171 -0.04769205
v -0.01465006 0.01516171 -0.04769205
v -0.01465005 0.01797931 -0.04502013
v -0.01465005 0.01797931 -0.04502013
v -0.01465005 0.01797931 -0.04502013
v -0.01465006 0.01516609 -0.04877907
v -0.01465006 0.01516609 -0.04877907
v -0.01465006 0.01516609 -0.04877907
v -0.01265006 0.01516609 -0.04877908
v -0.01265006 0.01516609 -0.04877908
v -0.01265006 0.01516609 -0.04877908
v -0.01265006 0.01462637 -0.04972266
v -0.01265006 0.01462637 -0.04972266
v -0.01265006 0.01462637 -0.04972266
v -0.01265006 0.01368716 -0.05026997
v -0.01265006 0.01368716 -0.05026997
v -0.01265006 0.01368716 -0.05026997
v -0.01465005 0.01819047 -0.04400662
v -0.01465005 0.01819047 -0.04400662
v -0.01465005 0.01819047 -0.04400662
v -0.01465005 0.01888010 -0.04323447
v -0.01465005 0.01888010 -0.04323447
v -0.01465005 0.01888010 -0.04323447
v -0.01465005 0.01888010 -0.04323447
v -0.01465005 0.02511425 -0.03963039
v -0.01465005 0.02511425 -0.03963039
v -0.01465005 0.02511425 -0.03963039
v -0.01465005 0.02607461 -0.03892671
v -0.01465005 0.02607461 -0.03892671
v -0.01465005 0.02607461 -0.03892671
v -0.01265004 0.02725814 -0.03879750
v -0.01265004 0.02725814 -0.03879750
v -0.01265004 0.02725814 -0.03879750
v -0.01465004 0.02725814 -0.03879750
v -0.01465004 0.02725814 -0.03879750
v -0.01465004 0.02725814 -0.03879750
v -0.01265005 0.02834773 -0.03927736
v -0.01265005 0.02834773 -0.03927736
v -0.01265005 0.02834773 -0.03927736
v -0.01465005 0.02834773 -0.03927736
v -0.01465005 0.02834773 -0.03927736
v -0.01465005 0.02834773 -0.03927736
v -0.01265005 0.02898316 -0.04007984
v -0.01265005 0.02898316 -0.04007984
v -0.01265005 0.02898316 -0.04007984
v -0.01265005 0.03497890 -0.04588862
v -0.01265005 0.03497890 -0.04588862
v -0.01265005 0.03497890 -0.04588862
v -0.01465005 0.02898316 -0.04007983
v -0.01465005 0.02898316 -0.04007983
v -0.01465005 0.02898316 -0.04007983
v -0.01265005 0.02920749 -0.04107855
v -0.01265005 0.02920749 -0.04107855
v -0.01265005 0.02920749 -0.04107855
v -0.01465005 0.02920749 -0.04107855
v -0.01465005 0.02920749 -0.04107855
v -0.01465005 0.02920749 -0.04107855
v -0.01265005 0.02897627 -0.04207569
v -0.01265005 0.02897627 -0.04207569
v -0.01265005 0.02897627 -0.04207569
v -0.01465005 0.02897627 -0.04207569
v -0.01465005 0.02897627 -0.04207569
v -0.01465005 0.02897627 -0.04207569
v -0.01265005 0.02833532 -0.04287376
v -0.01265005 0.02833532 -0.04287376
v -0.01265005 0.02833532 -0.04287376
v -0.01465005 0.02833532 -0.04287376
v -0.01465005 0.02833532 -0.04287376
v -0.01465005 0.02833532 -0.04287376
v -0.01265005 0.02741156 -0.04331470
v -0.01265005 0.02741156 -0.04331470
v -0.01265005 0.02741156 -0.04331470
v -0.01265005 0.03182959 -0.04466026
v -0.01265005 0.03182959 -0.04466026
v -0.01265005 0.03182959 -0.04466026
v -0.01265005 0.03339687 -0.04705250
v -0.01265005 0.03339687 -0.04705250
v -0.01265005 0.03339687 -0.04705250
v -0.01465006 0.03339687 -0.04705250
v -0.01465006 0.03339687 -0.04705250
v -0.01465006 0.03339687 -0.04705250
v -0.01465005 0.03182959 -0.04466025
v -0.01465005 0.03182959 -0.04466025
v -0.01465005 0.03182959 -0.04466025
v -0.01465005 0.03497890 -0.04588861
v -0.01465005 0.03497890 -0.04588861
v -0.01465005 0.03497890 -0.04588861
v -0.01465006 0.02823277 -0.04701671
v -0.01465006 0.02823277 -0.04701671
v -0.01465006 0.02823277 -0.04701671
v -0.01465005 0.02638797 -0.04331116
v -0.01465005 0.02638797 -0.04331116
v -0.01465005 0.02638797 -0.04331116
v -0.01465005 0.02741156 -0.04331470
v -0.01465005 0.02741156 -0.04331470
v -0.01465005 0.02741156 -0.04331470
v -0.01465004 0.02874821 -0.03639818
v -0.01465004 0.03119635 -0.03636096
v -0.01465004 0.03119635 -0.03636096
v -0.01465004 0.03119635 -0.03636096
v -0.01465004 0.03504299 -0.03227415
v -0.01465004 0.03434483 -0.03120850
v -0.01465004 0.03140751 -0.03534745
v -0.01465004 0.03140751 -0.03534745
v -0.01465004 0.03140751 -0.03534745
v -0.01465004 0.03209714 -0.03457530
v -0.01465004 0.03209714 -0.03457530
v -0.01465004 0.03209714 -0.03457530
v -0.01465004 0.03152023 -0.03734427
v -0.01465004 0.03152023 -0.03734427
v -0.01465004 0.03152023 -0.03734427
v -0.01465004 0.03229238 -0.03803390
v -0.01465004 0.03229238 -0.03803390
v -0.01465004 0.03229238 -0.03803390
v -0.01265004 0.03152023 -0.03734427
v -0.01265004 0.03152023 -0.03734427
v -0.01265004 0.03152023 -0.03734427
v -0.01265004 0.03119635 -0.03636096
v -0.01265004 0.03119635 -0.03636096
v -0.01265004 0.03119635 -0.03636096
v -0.01265004 0.03140751 -0.03534745
v -0.01265004 0.03140751 -0.03534745
v -0.01265004 0.03140751 -0.03534745
v -0.01265004 0.03209714 -0.03457530
v -0.01265004 0.03209714 -0.03457530
v -0.01265004 0.03209714 -0.03457530
v -0.01265004 0.03308045 -0.03425142
v -0.01265004 0.03308045 -0.03425142
v -0.01265004 0.03308045 -0.03425142
v -0.01265004 0.03504299 -0.03227415
v -0.01265004 0.03702631 -0.03206963
v -0.01265004 0.03702631 -0.03206963
v -0.01265004 0.03702631 -0.03206963
v -0.01265004 0.03486611 -0.03515221
v -0.01265004 0.03486611 -0.03515221
v -0.01265004 0.03486611 -0.03515221
v -0.01265004 0.03434483 -0.03120850
v -0.01265004 0.03690833 -0.03098901
v -0.01265004 0.03690833 -0.03098901
v -0.01265004 0.03690833 -0.03098901
v -0.01265004 0.03766880 -0.03294648
v -0.01265004 0.03766880 -0.03294648
v -0.01265004 0.03766880 -0.03294648
v -0.01265005 0.04071191 -0.04088801
v -0.01265005 0.04071191 -0.04088801
v -0.01265005 0.04071191 -0.04088801
v -0.01265004 0.03409396 -0.03446258
v -0.01265004 0.03409396 -0.03446258
v -0.01265004 0.03409396 -0.03446258
v -0.01465004 0.03308045 -0.03425141
v -0.01465004 0.03308045 -0.03425141
v -0.01465004 0.03308045 -0.03425141
v -0.01465004 0.03409396 -0.03446258
v -0.01465004 0.03409396 -0.03446258
v -0.01465004 0.03409396 -0.03446258
v -0.01465004 0.03486611 -0.03515221
v -0.01465004 0.03486611 -0.03515221
v -0.01465004 0.03486611 -0.03515221
v -0.01265004 0.03518999 -0.03613552
v -0.01265004 0.03518999 -0.03613552
v -0.01265004 0.03518999 -0.03613552
v -0.01465004 0.03518999 -0.03613552
v -0.01465004 0.03518999 -0.03613552
v -0.01465004 0.03518999 -0.03613552
v -0.01465005 0.04071191 -0.04088800
v -0.01465005 0.04071191 -0.04088800
v -0.01465005 0.04071191 -0.04088800
v -0.01265004 0.03497883 -0.03714903
v -0.01265004 0.03497883 -0.03714903
v -0.01265004 0.03497883 -0.03714903
v -0.01465004 0.03497883 -0.03714903
v -0.01465004 0.03497883 -0.03714903
v -0.01465004 0.03497883 -0.03714903
v -0.01265004 0.03428920 -0.03792118
v -0.01265004 0.03428920 -0.03792118
v -0.01265004 0.03428920 -0.03792118
v -0.01465004 0.03428920 -0.03792118
v -0.01465004 0.03428920 -0.03792118
v -0.01465004 0.03428920 -0.03792118
v -0.01265004 0.03330589 -0.03824506
v -0.01265004 0.03330589 -0.03824506
v -0.01265004 0.03330589 -0.03824506
v -0.01465004 0.03330589 -0.03824506
v -0.01465004 0.03330589 -0.03824506
v -0.01465004 0.03330589 -0.03824506
v -0.01465005 0.03957070 -0.04199343
v -0.01465005 0.03957070 -0.04199343
v -0.01465005 0.03957070 -0.04199343
v -0.01265005 0.03957070 -0.04199344
v -0.01265005 0.03957070 -0.04199344
v -0.01265005 0.03957070 -0.04199344
v -0.01265004 0.03229238 -0.03803390
v -0.01265004 0.03229238 -0.03803390
v -0.01265004 0.03229238 -0.03803390
v -0.01265004 0.04498729 -0.03613077
v -0.01265004 0.04498729 -0.03613077
v -0.01265004 0.04498729 -0.03613077
v -0.01465004 0.04498729 -0.03613077
v -0.01465004 0.04498729 -0.03613077
v -0.01465004 0.04498729 -0.03613077
v -0.01465004 0.03766880 -0.03294648
v -0.01465004 0.03766880 -0.03294648
v -0.01465004 0.03766880 -0.03294648
v -0.01465004 0.03974425 -0.03326663
v -0.01465004 0.03974425 -0.03326663
v -0.01465004 0.03974425 -0.03326663
v -0.01465004 0.03866363 -0.03338461
v -0.01465004 0.03866363 -0.03338461
v -0.01465004 0.03866363 -0.03338461
v -0.01265004 0.03866363 -0.03338461
v -0.01265004 0.03866363 -0.03338461
v -0.01265004 0.03866363 -0.03338461
v -0.01265004 0.03974425 -0.03326663
v -0.01265004 0.03974425 -0.03326663
v -0.01265004 0.03974425 -0.03326663
v -0.01265004 0.04062110 -0.03262415
v -0.01265004 0.04062110 -0.03262415
v -0.01265004 0.04062110 -0.03262415
v -0.01465004 0.04062110 -0.03262414
v -0.01465004 0.04062110 -0.03262414
v -0.01465004 0.04062110 -0.03262414
v -0.01465004 0.04105924 -0.03162931
v -0.01465004 0.04105924 -0.03162931
v -0.01465004 0.04105924 -0.03162931
v -0.01465004 0.04094125 -0.03054869
v -0.01465004 0.04094125 -0.03054869
v -0.01465004 0.04094125 -0.03054869
v -0.01265004 0.04105924 -0.03162931
v -0.01265004 0.04105924 -0.03162931
v -0.01265004 0.04105924 -0.03162931
v -0.01265004 0.04094125 -0.03054870
v -0.01265004 0.04094125 -0.03054870
v -0.01265004 0.04094125 -0.03054870
v -0.01265003 0.04029877 -0.02967184
v -0.01265003 0.04029877 -0.02967184
v -0.01265003 0.04029877 -0.02967184
v -0.01465003 0.04029877 -0.02967184
v -0.01465003 0.04029877 -0.02967184
v -0.01465003 0.04029877 -0.02967184
v -0.01265003 0.04107470 -0.02832246
v -0.01265003 0.04382185 -0.02613839
v -0.01265003 0.04382185 -0.02613839
v -0.01265003 0.04382185 -0.02613839
v -0.01265003 0.03930394 -0.02923371
v -0.01265003 0.03930394 -0.02923371
v -0.01265003 0.03930394 -0.02923371
v -0.01265003 0.04287777 -0.02656328
v -0.01265003 0.04287777 -0.02656328
v -0.01265003 0.04287777 -0.02656328
v -0.01265003 0.05117290 -0.02170661
v -0.01265003 0.05117290 -0.02170661
v -0.01265003 0.04954299 -0.02957671
v -0.01265003 0.04954299 -0.02957671
v -0.01265003 0.04954299 -0.02957671
v -0.01265003 0.04037654 -0.02725681
v -0.01265003 0.03822332 -0.02935169
v -0.01265003 0.03822332 -0.02935169
v -0.01265003 0.03822332 -0.02935169
v -0.01265003 0.03734646 -0.02999418
v -0.01265003 0.03734646 -0.02999418
v -0.01265003 0.03734646 -0.02999418
v -0.01465003 0.03734646 -0.02999417
v -0.01465003 0.03734646 -0.02999417
v -0.01465003 0.03734646 -0.02999417
v -0.01465003 0.03822332 -0.02935169
v -0.01465003 0.03822332 -0.02935169
v -0.01465003 0.03822332 -0.02935169
v -0.01465003 0.03930394 -0.02923371
v -0.01465003 0.03930394 -0.02923371
v -0.01465003 0.03930394 -0.02923371
v -0.01465003 0.04037654 -0.02725681
v -0.01465003 0.04100774 -0.02585407
v -0.01465003 0.04100774 -0.02585407
v -0.01465003 0.04100774 -0.02585407
v -0.01465003 0.03833534 -0.02240002
v -0.01465003 0.03833534 -0.02240002
v -0.01465003 0.03833534 -0.02240002
v -0.01465003 0.04058285 -0.02491000
v -0.01465003 0.04058285 -0.02491000
v -0.01465003 0.04058285 -0.02491000
v -0.01465003 0.04107470 -0.02832246
v -0.01465003 0.04184774 -0.02645921
v -0.01465003 0.04184774 -0.02645921
v -0.01465003 0.04184774 -0.02645921
v -0.01465003 0.04287777 -0.02656328
v -0.01465003 0.04287777 -0.02656328
v -0.01465003 0.04287777 -0.02656328
v -0.01265003 0.04184774 -0.02645921
v -0.01265003 0.04184774 -0.02645921
v -0.01265003 0.04184774 -0.02645921
v -0.01265003 0.04100774 -0.02585407
v -0.01265003 0.04100774 -0.02585407
v -0.01265003 0.04100774 -0.02585407
v -0.01265003 0.04058285 -0.02491000
v -0.01265003 0.04058285 -0.02491000
v -0.01265003 0.04058285 -0.02491000
v -0.01265003 0.04068692 -0.02387998
v -0.01265003 0.04068692 -0.02387998
v -0.01265003 0.04068692 -0.02387998
v -0.01265003 0.03833534 -0.02240002
v -0.01265003 0.03833534 -0.02240002
v -0.01265003 0.03833534 -0.02240002
v -0.01265002 0.04179861 -0.01497452
v -0.01265002 0.04179861 -0.01497452
v -0.01265002 0.04179861 -0.01497452
v -0.01265002 0.04386425 -0.01846342
v -0.01265002 0.04386425 -0.01846342
v -0.01265002 0.04386425 -0.01846342
v -0.01465002 0.04179861 -0.01497452
v -0.01465002 0.04179861 -0.01497452
v -0.01465002 0.04179861 -0.01497452
v -0.01265003 0.03356661 -0.02906272
v -0.01265003 0.03356661 -0.02906272
v -0.01265003 0.03356661 -0.02906272
v -0.01265003 0.04129206 -0.02303997
v -0.01265003 0.04129206 -0.02303997
v -0.01265003 0.04129206 -0.02303997
v -0.01265002 0.04361202 -0.01729987
v -0.01265002 0.04361202 -0.01729987
v -0.01265002 0.04361202 -0.01729987
v -0.01465002 0.04386425 -0.01846341
v -0.01465002 0.04386425 -0.01846341
v -0.01465002 0.04386425 -0.01846341
v -0.01465002 0.04361202 -0.01729987
v -0.01465002 0.04361202 -0.01729987
v -0.01465002 0.04361202 -0.01729987
v -0.01265002 0.04397536 -0.01616610
v -0.01265002 0.04397536 -0.01616610
v -0.01265002 0.04397536 -0.01616610
v -0.01465002 0.04397536 -0.01616610
v -0.01465002 0.04397536 -0.01616610
v -0.01465002 0.04397536 -0.01616610
v -0.01265002 0.04485691 -0.01536590
v -0.01265002 0.04485691 -0.01536590
v -0.01265002 0.04485691 -0.01536590
v -0.01465002 0.04485691 -0.01536589
v -0.01465002 0.04485691 -0.01536589
v -0.01465002 0.04485691 -0.01536589
v -0.01465002 0.04485691 -0.01536589
v -0.01265002 0.04602045 -0.01511367
v -0.01265002 0.04602045 -0.01511367
v -0.01265002 0.04602045 -0.01511367
v -0.01265002 0.04602045 -0.01511367
v -0.01265002 0.04707795 -0.01340531
v -0.01265001 0.04942492 -0.01136419
v -0.01265001 0.04942492 -0.01136419
v -0.01265001 0.04942492 -0.01136419
v -0.01265001 0.04848086 -0.01178908
v -0.01265001 0.04848086 -0.01178908
v -0.01265001 0.04848086 -0.01178908
v -0.01265001 0.04435611 -0.00925079
v -0.01265001 0.04745083 -0.01168502
v -0.01265001 0.04745083 -0.01168502
v -0.01265001 0.04745083 -0.01168502
v -0.01265001 0.05175824 -0.01033901
v -0.01265002 0.04852679 -0.01561677
v -0.01265002 0.04715422 -0.01547701
v -0.01265002 0.04715422 -0.01547701
v -0.01265002 0.04715422 -0.01547701
v -0.01265001 0.04670968 -0.01119211
v -0.01265001 0.04670968 -0.01119211
v -0.01265001 0.04670968 -0.01119211
v -0.01465001 0.04745083 -0.01168501
v -0.01465001 0.04745083 -0.01168501
v -0.01465001 0.04745083 -0.01168501
v -0.01465001 0.04670968 -0.01119211
v -0.01465001 0.04670968 -0.01119211
v -0.01465001 0.04670968 -0.01119211
v -0.01265001 0.04625580 -0.01042645
v -0.01265001 0.04625580 -0.01042645
v -0.01265001 0.04625580 -0.01042645
v -0.01465001 0.04625580 -0.01042645
v -0.01465001 0.04625580 -0.01042645
v -0.01465001 0.04625580 -0.01042645
v -0.01265001 0.04617907 -0.00953968
v -0.01265001 0.04617907 -0.00953968
v -0.01265001 0.04617907 -0.00953968
v -0.01465001 0.04617907 -0.00953968
v -0.01465001 0.04617907 -0.00953968
v -0.01465001 0.04617907 -0.00953968
v -0.01265001 0.04649469 -0.00870743
v -0.01265001 0.04649469 -0.00870743
v -0.01265001 0.04649469 -0.00870743
v -0.01465001 0.04649469 -0.00870743
v -0.01465001 0.04649469 -0.00870743
v -0.01465001 0.04649469 -0.00870743
v -0.01265001 0.04714016 -0.00809456
v -0.01265001 0.04714016 -0.00809456
v -0.01265001 0.04714016 -0.00809456
v -0.01465001 0.04714016 -0.00809455
v -0.01465001 0.04714016 -0.00809455
v -0.01465001 0.04714016 -0.00809455
v -0.01265001 0.04798763 -0.00782243
v -0.01265001 0.04798763 -0.00782243
v -0.01265001 0.04798763 -0.00782243
v -0.01265001 0.04903640 -0.00618449
v -0.01265001 0.04886923 -0.00794495
v -0.01265001 0.04886923 -0.00794495
v -0.01265001 0.04886923 -0.00794495
v -0.01265001 0.04970924 -0.00855009
v -0.01265001 0.04970924 -0.00855009
v -0.01265001 0.04970924 -0.00855009
v -0.01265001 0.04383846 -0.00703908
v -0.01265001 0.04383846 -0.00703908
v -0.01265001 0.04383846 -0.00703908
v -0.01265000 0.05392609 -0.00298100
v -0.01265001 0.04984016 -0.00451310
v -0.01265001 0.04984016 -0.00451310
v -0.01265001 0.04984016 -0.00451310
v -0.01265000 0.05076030 -0.00434939
v -0.01265000 0.05076030 -0.00434939
v -0.01265000 0.05076030 -0.00434939
v -0.01265000 0.05151829 -0.00380267
v -0.01265000 0.05151829 -0.00380267
v -0.01265000 0.05151829 -0.00380267
v -0.01265000 0.05151829 -0.00380267
v -0.01465000 0.05151829 -0.00380267
v -0.01465000 0.05151829 -0.00380267
v -0.01465000 0.05151829 -0.00380267
v -0.01465000 0.05076030 -0.00434939
v -0.01465000 0.05076030 -0.00434939
v -0.01465000 0.05076030 -0.00434939
v -0.01465001 0.04984016 -0.00451309
v -0.01465001 0.04984016 -0.00451309
v -0.01465001 0.04984016 -0.00451309
v -0.01465001 0.04903640 -0.00618449
v -0.01465000 0.05392609 -0.00298100
v -0.01465000 0.05164480 -0.00118707
v -0.01465000 0.05164480 -0.00118707
v -0.01465000 0.05164480 -0.00118707
v -0.01465000 0.05200915 -0.00204771
v -0.01465000 0.05200915 -0.00204771
v -0.01465000 0.05200915 -0.00204771
v -0.01465000 0.05758543 -0.00363429
v -0.01465000 0.05758543 -0.00363429
v -0.01465000 0.05758543 -0.00363429
v -0.01465000 0.05758543 -0.00363429
v -0.01465000 0.05196400 -0.00298120
v -0.01465000 0.05196400 -0.00298120
v -0.01465000 0.05196400 -0.00298120
v -0.01465000 0.05196400 -0.00298120
v -0.01465000 0.05030236 0.00371278
v -0.01465000 0.05030236 0.00371278
v -0.01465000 0.05030236 0.00371278
v -0.01465001 0.05175824 -0.01033901
v -0.01465001 0.05664793 -0.00713552
v -0.01465000 0.05615337 -0.00152179
v -0.01464999 0.05029096 0.00654119
v -0.01464999 0.05029096 0.00654119
v -0.01464999 0.05029096 0.00654119
v -0.01464999 0.05081221 0.00564671
v -0.01464999 0.05081221 0.00564671
v -0.01464999 0.05081221 0.00564671
v -0.01465000 0.05763263 -0.00278754
v -0.01465000 0.05763263 -0.00278754
v -0.01465000 0.05763263 -0.00278754
v -0.01464999 0.05081638 0.00461144
v -0.01464999 0.05081638 0.00461144
v -0.01464999 0.05081638 0.00461144
v -0.01464999 0.05746588 0.00519258
v -0.01464999 0.05746588 0.00519258
v -0.01464999 0.05746588 0.00519258
v -0.01464999 0.04899785 0.00940013
v -0.01464999 0.04863579 0.01097517
v -0.01464999 0.04863579 0.01097517
v -0.01464999 0.04863579 0.01097517
v -0.01464999 0.05343997 0.01232201
v -0.01464999 0.05343997 0.01232201
v -0.01464999 0.05343997 0.01232201
v -0.01464999 0.05619945 0.01307334
v -0.01464999 0.05619945 0.01307334
v -0.01464999 0.05619945 0.01307334
v -0.01464999 0.04750499 0.01060271
v -0.01464999 0.04750499 0.01060271
v -0.01464999 0.04750499 0.01060271
v -0.01464999 0.04939231 0.00705521
v -0.01464999 0.04939231 0.00705521
v -0.01464999 0.04939231 0.00705521
v -0.01464999 0.04677057 0.00794092
v -0.01464998 0.04248849 0.01447694
v -0.01464999 0.04545148 0.01163862
v -0.01464999 0.04545148 0.01163862
v -0.01464999 0.04545148 0.01163862
v -0.01464999 0.04545148 0.01163862
v -0.01464999 0.04342096 0.00927254
v -0.01464999 0.04342096 0.00927254
v -0.01464999 0.04342096 0.00927254
v -0.01464999 0.04746256 0.00652979
v -0.01464999 0.04746256 0.00652979
v -0.01464999 0.04746256 0.00652979
v -0.01464999 0.04835704 0.00705104
v -0.01464999 0.04835704 0.00705104
v -0.01464999 0.04835704 0.00705104
v -0.01464999 0.04633945 0.01084554
v -0.01464999 0.04633945 0.01084554
v -0.01464999 0.04633945 0.01084554
v -0.01264999 0.04633945 0.01084554
v -0.01264999 0.04633945 0.01084554
v -0.01264999 0.04633945 0.01084554
v -0.01264999 0.04545148 0.01163861
v -0.01264999 0.04545148 0.01163861
v -0.01264999 0.04545148 0.01163861
v -0.01264999 0.04507902 0.01276942
v -0.01264999 0.04507902 0.01276942
v -0.01264999 0.04507902 0.01276942
v -0.01264999 0.04507902 0.01276942
v -0.01264999 0.04677057 0.00794092
v -0.01264998 0.04248849 0.01447694
v -0.01264998 0.04471577 0.01593615
v -0.01264998 0.04532186 0.01393496
v -0.01264998 0.04532186 0.01393496
v -0.01264998 0.04532186 0.01393496
v -0.01264998 0.04097782 0.01709324
v -0.01264998 0.04097782 0.01709324
v -0.01264998 0.04097782 0.01709324
v -0.01264999 0.04342096 0.00927254
v -0.01264999 0.04342096 0.00927254
v -0.01264999 0.04342096 0.00927254
v -0.01464998 0.04097782 0.01709324
v -0.01464998 0.04097782 0.01709324
v -0.01464998 0.04097782 0.01709324
v -0.01265000 0.04438546 0.00113608
v -0.01265000 0.04438546 0.00113608
v -0.01265000 0.04438546 0.00113608
v -0.01264999 0.04695271 0.00459587
v -0.01264999 0.04695271 0.00459587
v -0.01264999 0.04695271 0.00459587
v -0.01264999 0.04694854 0.00563114
v -0.01264999 0.04694854 0.00563114
v -0.01264999 0.04694854 0.00563114
v -0.01264999 0.04746256 0.00652979
v -0.01264999 0.04746256 0.00652979
v -0.01264999 0.04746256 0.00652979
v -0.01464999 0.04694854 0.00563114
v -0.01464999 0.04694854 0.00563114
v -0.01464999 0.04694854 0.00563114
v -0.01264999 0.04835704 0.00705104
v -0.01264999 0.04835704 0.00705104
v -0.01264999 0.04835704 0.00705104
v -0.01264999 0.04939231 0.00705521
v -0.01264999 0.04939231 0.00705521
v -0.01264999 0.04939231 0.00705521
v -0.01264999 0.04899785 0.00940013
v -0.01264999 0.04863579 0.01097517
v -0.01264999 0.04863579 0.01097517
v -0.01264999 0.04863579 0.01097517
v -0.01264999 0.05343997 0.01232201
v -0.01264999 0.05343997 0.01232201
v -0.01264999 0.05343997 0.01232201
v -0.01265000 0.05615337 -0.00152179
v -0.01264999 0.05746588 0.00519258
v -0.01264999 0.05746588 0.00519258
v -0.01264999 0.05746588 0.00519258
v -0.01264999 0.05029096 0.00654119
v -0.01264999 0.05029096 0.00654119
v -0.01264999 0.05029096 0.00654119
v -0.01264999 0.04942887 0.01186314
v -0.01264999 0.04942887 0.01186314
v -0.01264999 0.04942887 0.01186314
v -0.01264999 0.04967171 0.01302868
v -0.01264999 0.04967171 0.01302868
v -0.01264999 0.04967171 0.01302868
v -0.01264999 0.04967171 0.01302868
v -0.01464999 0.04967171 0.01302868
v -0.01464999 0.04967171 0.01302868
v -0.01464999 0.04967171 0.01302868
v -0.01464999 0.04942887 0.01186314
v -0.01464999 0.04942887 0.01186314
v -0.01464999 0.04942887 0.01186314
v -0.01464998 0.05231033 0.01647098
v -0.01464998 0.05231033 0.01647098
v -0.01464998 0.05231033 0.01647098
v -0.01464998 0.04929924 0.01415948
v -0.01464998 0.04929924 0.01415948
v -0.01464998 0.04929924 0.01415948
v -0.01464998 0.04929924 0.01415948
v -0.01464998 0.04841127 0.01495256
v -0.01464998 0.04841127 0.01495256
v -0.01464998 0.04841127 0.01495256
v -0.01264998 0.04929924 0.01415948
v -0.01264998 0.04929924 0.01415948
v -0.01264998 0.04929924 0.01415948
v -0.01264998 0.05231033 0.01647097
v -0.01264998 0.05231033 0.01647097
v -0.01264998 0.05231033 0.01647097
v -0.01264998 0.04841127 0.01495255
v -0.01264998 0.04841127 0.01495255
v -0.01264998 0.04841127 0.01495255
v -0.01464998 0.04724573 0.01519539
v -0.01464998 0.04724573 0.01519539
v -0.01464998 0.04724573 0.01519539
v -0.01264998 0.04724573 0.01519539
v -0.01264998 0.04724573 0.01519539
v -0.01264998 0.04724573 0.01519539
v -0.01264998 0.04611493 0.01482293
v -0.01264998 0.04611493 0.01482293
v -0.01264998 0.04611493 0.01482293
v -0.01464998 0.04611493 0.01482293
v -0.01464998 0.04611493 0.01482293
v -0.01464998 0.04611493 0.01482293
v -0.01464998 0.04532186 0.01393496
v -0.01464998 0.04532186 0.01393496
v -0.01464998 0.04532186 0.01393496
v -0.01464998 0.04471577 0.01593615
v -0.01464998 0.04525681 0.01843752
v -0.01464998 0.04525681 0.01843752
v -0.01464998 0.04525681 0.01843752
v -0.01464997 0.04066793 0.02211462
v -0.01464998 0.04422154 0.01843335
v -0.01464998 0.04422154 0.01843335
v -0.01464998 0.04422154 0.01843335
v -0.01464998 0.04332289 0.01894737
v -0.01464998 0.04332289 0.01894737
v -0.01464998 0.04332289 0.01894737
v -0.01464998 0.05348496 0.02164831
v -0.01464998 0.05348496 0.02164831
v -0.01464998 0.05348496 0.02164831
v -0.01464998 0.04615129 0.01895877
v -0.01464998 0.04615129 0.01895877
v -0.01464998 0.04615129 0.01895877
v -0.01464998 0.04666531 0.01985742
v -0.01464998 0.04666531 0.01985742
v -0.01464998 0.04666531 0.01985742
v -0.01264998 0.04615129 0.01895877
v -0.01264998 0.04615129 0.01895877
v -0.01264998 0.04615129 0.01895877
v -0.01264998 0.04525681 0.01843752
v -0.01264998 0.04525681 0.01843752
v -0.01264998 0.04525681 0.01843752
v -0.01264998 0.04422154 0.01843335
v -0.01264998 0.04422154 0.01843335
v -0.01264998 0.04422154 0.01843335
v -0.01264998 0.04332289 0.01894737
v -0.01264998 0.04332289 0.01894737
v -0.01264998 0.04332289 0.01894737
v -0.01264998 0.04280164 0.01984185
v -0.01264998 0.04280164 0.01984185
v -0.01264998 0.04280164 0.01984185
v -0.01264997 0.04066793 0.02211461
v -0.01264997 0.05024093 0.02837498
v -0.01264997 0.05024093 0.02837498
v -0.01264997 0.05024093 0.02837498
v -0.01264997 0.03651570 0.02845242
v -0.01264997 0.04297428 0.02564414
v -0.01264997 0.04297428 0.02564414
v -0.01264997 0.04297428 0.02564414
v -0.01264997 0.04331149 0.02177577
v -0.01264997 0.04331149 0.02177577
v -0.01264997 0.04331149 0.02177577
v -0.01264997 0.04194181 0.02530407
v -0.01264997 0.04194181 0.02530407
v -0.01264997 0.04194181 0.02530407
v -0.01264997 0.04420597 0.02229702
v -0.01264997 0.04420597 0.02229702
v -0.01264997 0.04420597 0.02229702
v -0.01264997 0.03713922 0.02433185
v -0.01264997 0.03713922 0.02433185
v -0.01264997 0.03713922 0.02433185
v -0.01264997 0.04087762 0.02552579
v -0.01264997 0.04087762 0.02552579
v -0.01264997 0.04087762 0.02552579
v -0.01264997 0.04006686 0.02624990
v -0.01264997 0.04006686 0.02624990
v -0.01264997 0.04006686 0.02624990
v -0.01264998 0.04279747 0.02087712
v -0.01264998 0.04279747 0.02087712
v -0.01264998 0.04279747 0.02087712
v -0.01464998 0.04280164 0.01984185
v -0.01464998 0.04280164 0.01984185
v -0.01464998 0.04280164 0.01984185
v -0.01464998 0.04279747 0.02087712
v -0.01464998 0.04279747 0.02087712
v -0.01464998 0.04279747 0.02087712
v -0.01464998 0.04331149 0.02177578
v -0.01464998 0.04331149 0.02177578
v -0.01464998 0.04331149 0.02177578
v -0.01464997 0.04420597 0.02229702
v -0.01464997 0.04420597 0.02229702
v -0.01464997 0.04420597 0.02229702
v -0.01464997 0.05024093 0.02837498
v -0.01464997 0.05024093 0.02837498
v -0.01464997 0.05024093 0.02837498
v -0.01264997 0.04524124 0.02230119
v -0.01264997 0.04524124 0.02230119
v -0.01264997 0.04524124 0.02230119
v -0.01464997 0.04524124 0.02230119
v -0.01464997 0.04524124 0.02230119
v -0.01464997 0.04524124 0.02230119
v -0.01264997 0.04613990 0.02178717
v -0.01264997 0.04613990 0.02178717
v -0.01264997 0.04613990 0.02178717
v -0.01464998 0.04613990 0.02178717
v -0.01464998 0.04613990 0.02178717
v -0.01464998 0.04613990 0.02178717
v -0.01264998 0.04666114 0.02089269
v -0.01264998 0.04666114 0.02089269
v -0.01264998 0.04666114 0.02089269
v -0.01464998 0.04666114 0.02089269
v -0.01464998 0.04666114 0.02089269
v -0.01464998 0.04666114 0.02089269
v -0.01464997 0.05216616 0.02465730
v -0.01464997 0.05216616 0.02465730
v -0.01464997 0.05216616 0.02465730
v -0.01264997 0.05216616 0.02465730
v -0.01264997 0.05216616 0.02465730
v -0.01264997 0.05216616 0.02465730
v -0.01264997 0.05348496 0.02164831
v -0.01264997 0.05348496 0.02164831
v -0.01264997 0.05348496 0.02164831
v -0.01264998 0.05506980 0.01722230
v -0.01264998 0.05506980 0.01722230
v -0.01264998 0.05506980 0.01722230
v -0.01464998 0.05506980 0.01722230
v -0.01464998 0.05506980 0.01722230
v -0.01464998 0.05506980 0.01722230
v -0.01264998 0.04666531 0.01985742
v -0.01264998 0.04666531 0.01985742
v -0.01264998 0.04666531 0.01985742
v -0.01464997 0.04369839 0.02645490
v -0.01464997 0.04369839 0.02645490
v -0.01464997 0.04369839 0.02645490
v -0.01264996 0.04826426 0.03162044
v -0.01264996 0.04826426 0.03162044
v -0.01264996 0.04826426 0.03162044
v -0.01464996 0.04826426 0.03162044
v -0.01464996 0.04826426 0.03162044
v -0.01464996 0.04826426 0.03162044
v -0.01464997 0.04297428 0.02564415
v -0.01464997 0.04297428 0.02564415
v -0.01464997 0.04297428 0.02564415
v -0.01464997 0.04392011 0.02751909
v -0.01464997 0.04392011 0.02751909
v -0.01464997 0.04392011 0.02751909
v -0.01464997 0.04358003 0.02855156
v -0.01464997 0.04358003 0.02855156
v -0.01464997 0.04358003 0.02855156
v -0.01464997 0.04358003 0.02855156
v -0.01264997 0.04392011 0.02751908
v -0.01264997 0.04392011 0.02751908
v -0.01264997 0.04392011 0.02751908
v -0.01264997 0.04392011 0.02751908
v -0.01264997 0.04369839 0.02645490
v -0.01264997 0.04369839 0.02645490
v -0.01264997 0.04369839 0.02645490
v -0.01264997 0.04358003 0.02855156
v -0.01264997 0.04358003 0.02855156
v -0.01264997 0.04358003 0.02855156
v -0.01264997 0.04276928 0.02927567
v -0.01264997 0.04276928 0.02927567
v -0.01264997 0.04276928 0.02927567
v -0.01464997 0.04276928 0.02927567
v -0.01464997 0.04276928 0.02927567
v -0.01464997 0.04276928 0.02927567
v -0.01464997 0.04170509 0.02949739
v -0.01464997 0.04170509 0.02949739
v -0.01464997 0.04170509 0.02949739
v -0.01464996 0.04607825 0.03472875
v -0.01464996 0.04607825 0.03472875
v -0.01464996 0.04607825 0.03472875
v -0.01264996 0.04607825 0.03472875
v -0.01264996 0.04607825 0.03472875
v -0.01264996 0.04607825 0.03472875
v -0.01264996 0.04343876 0.03797849
v -0.01264996 0.04343876 0.03797849
v -0.01264996 0.04343876 0.03797849
v -0.01464996 0.04343876 0.03797849
v -0.01464996 0.04343876 0.03797849
v -0.01464996 0.04343876 0.03797849
v -0.01464996 0.03848791 0.03331392
v -0.01464996 0.03848791 0.03331392
v -0.01464996 0.03848791 0.03331392
v -0.01464996 0.03848791 0.03331392
v -0.01464997 0.03651570 0.02845243
v -0.01464996 0.03809588 0.03162323
v -0.01464996 0.03809588 0.03162323
v -0.01464996 0.03809588 0.03162323
v -0.01464996 0.03848484 0.03242384
v -0.01464996 0.03848484 0.03242384
v -0.01464996 0.03848484 0.03242384
v -0.01464997 0.04067262 0.02915731
v -0.01464997 0.04067262 0.02915731
v -0.01464997 0.04067262 0.02915731
v -0.01464997 0.03994851 0.02834656
v -0.01464997 0.03994851 0.02834656
v -0.01464997 0.03994851 0.02834656
v -0.01264997 0.04067262 0.02915731
v -0.01264997 0.04067262 0.02915731
v -0.01264997 0.04067262 0.02915731
v -0.01264997 0.04170509 0.02949739
v -0.01264997 0.04170509 0.02949739
v -0.01264997 0.04170509 0.02949739
v -0.01264997 0.03994851 0.02834656
v -0.01264997 0.03994851 0.02834656
v -0.01264997 0.03994851 0.02834656
v -0.01264997 0.03972679 0.02728237
v -0.01264997 0.03972679 0.02728237
v -0.01264997 0.03972679 0.02728237
v -0.01264997 0.03972679 0.02728237
v -0.01464997 0.03972679 0.02728238
v -0.01464997 0.03972679 0.02728238
v -0.01464997 0.03972679 0.02728238
v -0.01464997 0.04006686 0.02624990
v -0.01464997 0.04006686 0.02624990
v -0.01464997 0.04006686 0.02624990
v -0.01464997 0.04006686 0.02624990
v -0.01464997 0.04087762 0.02552579
v -0.01464997 0.04087762 0.02552579
v -0.01464997 0.04087762 0.02552579
v -0.01464997 0.04194181 0.02530407
v -0.01464997 0.04194181 0.02530407
v -0.01464997 0.04194181 0.02530407
v -0.01264996 0.03809588 0.03162323
v -0.01264996 0.03809588 0.03162323
v -0.01264996 0.03809588 0.03162323
v -0.01264996 0.03848484 0.03242383
v -0.01264996 0.03848484 0.03242383
v -0.01264996 0.03848484 0.03242383
v -0.01264996 0.03848484 0.03242383
v -0.01264996 0.03848791 0.03331391
v -0.01264996 0.03848791 0.03331391
v -0.01264996 0.03848791 0.03331391
v -0.01264996 0.03810449 0.03411718
v -0.01264996 0.03810449 0.03411718
v -0.01264996 0.03810449 0.03411718
v -0.01464996 0.03810449 0.03411718
v -0.01464996 0.03810449 0.03411718
v -0.01464996 0.03810449 0.03411718
v -0.01464996 0.03741052 0.03467454
v -0.01464996 0.03741052 0.03467454
v -0.01464996 0.03741052 0.03467454
v -0.01464995 0.03599116 0.04137995
v -0.01464995 0.03599116 0.04137995
v -0.01464995 0.03599116 0.04137995
v -0.01464995 0.03263855 0.04407254
v -0.01464995 0.03263855 0.04407254
v -0.01464995 0.03263855 0.04407254
v -0.01264995 0.03599116 0.04137995
v -0.01264995 0.03599116 0.04137995
v -0.01264995 0.03599116 0.04137995
v -0.01464995 0.03778200 0.04360977
v -0.01464995 0.03778200 0.04360977
v -0.01464995 0.03778200 0.04360977
v -0.01264995 0.03778200 0.04360976
v -0.01264995 0.03778200 0.04360976
v -0.01264995 0.03778200 0.04360976
v -0.01464996 0.03654344 0.03487559
v -0.01464996 0.03654344 0.03487559
v -0.01464996 0.03654344 0.03487559
v -0.01464995 0.03252720 0.03973672
v -0.01464995 0.03252720 0.03973672
v -0.01464995 0.03252720 0.03973672
v -0.01464996 0.03567499 0.03468052
v -0.01464996 0.03567499 0.03468052
v -0.01464996 0.03567499 0.03468052
v -0.01464996 0.03220024 0.03650051
v -0.01464996 0.03220024 0.03650051
v -0.01464996 0.03220024 0.03650051
v -0.01464996 0.03497718 0.03412797
v -0.01464996 0.03497718 0.03412797
v -0.01464996 0.03497718 0.03412797
v -0.01464996 0.03301582 0.03865104
v -0.01464996 0.03301582 0.03865104
v -0.01464996 0.03301582 0.03865104
v -0.01264996 0.03567499 0.03468052
v -0.01264996 0.03567499 0.03468052
v -0.01264996 0.03567499 0.03468052
v -0.01264996 0.03654344 0.03487559
v -0.01264996 0.03654344 0.03487559
v -0.01264996 0.03654344 0.03487559
v -0.01464996 0.03289615 0.03746651
v -0.01464996 0.03289615 0.03746651
v -0.01464996 0.03289615 0.03746651
v -0.01264996 0.03289615 0.03746650
v -0.01264996 0.03289615 0.03746650
v -0.01264996 0.03289615 0.03746650
v -0.01264996 0.03220024 0.03650050
v -0.01264996 0.03220024 0.03650050
v -0.01264996 0.03220024 0.03650050
v -0.01264996 0.03111456 0.03601187
v -0.01264996 0.03111456 0.03601187
v -0.01264996 0.03111456 0.03601187
v -0.01264996 0.03467228 0.03215135
v -0.01264996 0.03467228 0.03215135
v -0.01264996 0.03467228 0.03215135
v -0.01464996 0.03528417 0.03131625
v -0.01464996 0.03528417 0.03131625
v -0.01464996 0.03528417 0.03131625
v -0.01464996 0.03467228 0.03215135
v -0.01464996 0.03467228 0.03215135
v -0.01464996 0.03467228 0.03215135
v -0.01264996 0.03455991 0.03318051
v -0.01264996 0.03455991 0.03318051
v -0.01264996 0.03455991 0.03318051
v -0.01264996 0.03528417 0.03131625
v -0.01264996 0.03528417 0.03131625
v -0.01264996 0.03528417 0.03131625
v -0.01264996 0.03623163 0.03089898
v -0.01264996 0.03623163 0.03089898
v -0.01264996 0.03623163 0.03089898
v -0.01464996 0.03623163 0.03089898
v -0.01464996 0.03623163 0.03089898
v -0.01464996 0.03623163 0.03089898
v -0.01464996 0.03726079 0.03101134
v -0.01464996 0.03726079 0.03101134
v -0.01464996 0.03726079 0.03101134
v -0.01264996 0.03726079 0.03101134
v -0.01264996 0.03726079 0.03101134
v -0.01264996 0.03726079 0.03101134
v -0.01464996 0.03455991 0.03318051
v -0.01464996 0.03455991 0.03318051
v -0.01464996 0.03455991 0.03318051
v -0.01264996 0.03497718 0.03412797
v -0.01264996 0.03497718 0.03412797
v -0.01264996 0.03497718 0.03412797
v -0.01264996 0.03301582 0.03865104
v -0.01264996 0.03301582 0.03865104
v -0.01264996 0.03301582 0.03865104
v -0.01264995 0.03252720 0.03973672
v -0.01264995 0.03252720 0.03973672
v -0.01264995 0.03252720 0.03973672
v -0.01464995 0.03156120 0.04043263
v -0.01464995 0.03156120 0.04043263
v -0.01464995 0.03156120 0.04043263
v -0.01264995 0.03156120 0.04043263
v -0.01264995 0.03156120 0.04043263
v -0.01264995 0.03156120 0.04043263
v -0.01264995 0.03263855 0.04407253
v -0.01264995 0.03263855 0.04407253
v -0.01264995 0.03263855 0.04407253
v -0.01264995 0.03037666 0.04055230
v -0.01264995 0.03037666 0.04055230
v -0.01264995 0.03037666 0.04055230
v -0.01464995 0.03037666 0.04055231
v -0.01464995 0.03037666 0.04055231
v -0.01464995 0.03037666 0.04055231
v -0.01464995 0.02929098 0.04006368
v -0.01464995 0.02929098 0.04006368
v -0.01464995 0.02929098 0.04006368
v -0.01264995 0.02929098 0.04006368
v -0.01264995 0.02929098 0.04006368
v -0.01264995 0.02929098 0.04006368
v -0.01464996 0.03111456 0.03601188
v -0.01464996 0.03111456 0.03601188
v -0.01464996 0.03111456 0.03601188
v -0.01264996 0.02993003 0.03613155
v -0.01264996 0.02993003 0.03613155
v -0.01264996 0.02993003 0.03613155
v -0.01264996 0.03741052 0.03467453
v -0.01264996 0.03741052 0.03467453
v -0.01264996 0.03741052 0.03467453
v -0.01464997 0.03713922 0.02433185
v -0.01464997 0.03713922 0.02433185
v -0.01464997 0.03713922 0.02433185
v -0.01464999 0.04507902 0.01276942
v -0.01464999 0.04507902 0.01276942
v -0.01464999 0.04507902 0.01276942
v -0.01264999 0.05081221 0.00564670
v -0.01264999 0.05081221 0.00564670
v -0.01264999 0.05081221 0.00564670
v -0.01264999 0.05081638 0.00461144
v -0.01264999 0.05081638 0.00461144
v -0.01264999 0.05081638 0.00461144
v -0.01265000 0.05030236 0.00371278
v -0.01265000 0.05030236 0.00371278
v -0.01265000 0.05030236 0.00371278
v -0.01265000 0.04940788 0.00319153
v -0.01265000 0.04940788 0.00319153
v -0.01265000 0.04940788 0.00319153
v -0.01265000 0.04898071 -0.00054829
v -0.01265000 0.04898071 -0.00054829
v -0.01265000 0.04898071 -0.00054829
v -0.01265000 0.05004307 -0.00031800
v -0.01265000 0.05004307 -0.00031800
v -0.01265000 0.05004307 -0.00031800
v -0.01265000 0.05094311 -0.00056974
v -0.01265000 0.05094311 -0.00056974
v -0.01265000 0.05094311 -0.00056974
v -0.01465000 0.04940788 0.00319154
v -0.01465000 0.04940788 0.00319154
v -0.01465000 0.04940788 0.00319154
v -0.01265000 0.04837262 0.00318736
v -0.01265000 0.04837262 0.00318736
v -0.01265000 0.04837262 0.00318736
v -0.01265000 0.05164480 -0.00118707
v -0.01265000 0.05164480 -0.00118707
v -0.01265000 0.05164480 -0.00118707
v -0.01465000 0.05094311 -0.00056974
v -0.01465000 0.05094311 -0.00056974
v -0.01465000 0.05094311 -0.00056974
v -0.01265000 0.05200915 -0.00204771
v -0.01265000 0.05200915 -0.00204771
v -0.01265000 0.05200915 -0.00204771
v -0.01265000 0.05196400 -0.00298121
v -0.01265000 0.05196400 -0.00298121
v -0.01265000 0.05196400 -0.00298121
v -0.01465000 0.05004307 -0.00031800
v -0.01465000 0.05004307 -0.00031800
v -0.01465000 0.05004307 -0.00031800
v -0.01465000 0.04747396 0.00370139
v -0.01465000 0.04747396 0.00370139
v -0.01465000 0.04747396 0.00370139
v -0.01465000 0.04837262 0.00318737
v -0.01465000 0.04837262 0.00318737
v -0.01465000 0.04837262 0.00318737
v -0.01465000 0.04898071 -0.00054829
v -0.01465000 0.04898071 -0.00054829
v -0.01465000 0.04898071 -0.00054829
v -0.01265000 0.04747396 0.00370139
v -0.01265000 0.04747396 0.00370139
v -0.01265000 0.04747396 0.00370139
v -0.01464999 0.04695271 0.00459587
v -0.01464999 0.04695271 0.00459587
v -0.01464999 0.04695271 0.00459587
v -0.01465000 0.04817582 -0.00127891
v -0.01465000 0.04817582 -0.00127891
v -0.01465000 0.04817582 -0.00127891
v -0.01465000 0.04438546 0.00113608
v -0.01465000 0.04438546 0.00113608
v -0.01465000 0.04438546 0.00113608
v -0.01465001 0.04383846 -0.00703907
v -0.01465001 0.04383846 -0.00703907
v -0.01465001 0.04383846 -0.00703907
v -0.01465000 0.04784407 -0.00231409
v -0.01465000 0.04784407 -0.00231409
v -0.01465000 0.04784407 -0.00231409
v -0.01465000 0.04807436 -0.00337646
v -0.01465000 0.04807436 -0.00337646
v -0.01465000 0.04807436 -0.00337646
v -0.01265000 0.04784407 -0.00231410
v -0.01265000 0.04784407 -0.00231410
v -0.01265000 0.04784407 -0.00231410
v -0.01265000 0.04817582 -0.00127891
v -0.01265000 0.04817582 -0.00127891
v -0.01265000 0.04817582 -0.00127891
v -0.01265000 0.04807436 -0.00337646
v -0.01265000 0.04807436 -0.00337646
v -0.01265000 0.04807436 -0.00337646
v -0.01265000 0.04880498 -0.00418135
v -0.01265000 0.04880498 -0.00418135
v -0.01265000 0.04880498 -0.00418135
v -0.01465000 0.04880498 -0.00418135
v -0.01465000 0.04880498 -0.00418135
v -0.01465000 0.04880498 -0.00418135
v -0.01465001 0.04435611 -0.00925079
v -0.01465002 0.04707795 -0.01340531
v -0.01465002 0.04715422 -0.01547701
v -0.01465002 0.04715422 -0.01547701
v -0.01465002 0.04715422 -0.01547701
v -0.01465002 0.04795443 -0.01635856
v -0.01465002 0.04795443 -0.01635856
v -0.01465002 0.04795443 -0.01635856
v -0.01465002 0.04795443 -0.01635856
v -0.01465001 0.04942492 -0.01136419
v -0.01465001 0.04942492 -0.01136419
v -0.01465001 0.04942492 -0.01136419
v -0.01465001 0.04848086 -0.01178908
v -0.01465001 0.04848086 -0.01178908
v -0.01465001 0.04848086 -0.01178908
v -0.01465002 0.04602045 -0.01511367
v -0.01465002 0.04602045 -0.01511367
v -0.01465002 0.04602045 -0.01511367
v -0.01465002 0.04852679 -0.01561676
v -0.01465002 0.05200133 -0.01742194
v -0.01465002 0.05200133 -0.01742194
v -0.01465002 0.05200133 -0.01742194
v -0.01465002 0.05489013 -0.01778658
v -0.01465002 0.05489013 -0.01778658
v -0.01465002 0.05489013 -0.01778658
v -0.01465002 0.05489013 -0.01778658
v -0.01465002 0.04820665 -0.01752210
v -0.01465002 0.04820665 -0.01752210
v -0.01465002 0.04820665 -0.01752210
v -0.01465002 0.05320708 -0.01255046
v -0.01465001 0.05669650 -0.01071432
v -0.01465001 0.05669650 -0.01071432
v -0.01465001 0.05669650 -0.01071432
v -0.01465001 0.05678582 -0.01023038
v -0.01465001 0.05678582 -0.01023038
v -0.01465001 0.05678582 -0.01023038
v -0.01265001 0.05678582 -0.01023038
v -0.01265001 0.05678582 -0.01023038
v -0.01265001 0.05678582 -0.01023038
v -0.01265001 0.05717579 -0.00776010
v -0.01265001 0.05717579 -0.00776010
v -0.01265001 0.05717579 -0.00776010
v -0.01465001 0.05717579 -0.00776010
v -0.01465001 0.05717579 -0.00776010
v -0.01465001 0.05717579 -0.00776010
v -0.01265001 0.05729587 -0.00681712
v -0.01265001 0.05729587 -0.00681712
v -0.01265001 0.05729587 -0.00681712
v -0.01465001 0.05729587 -0.00681712
v -0.01465001 0.05729587 -0.00681712
v -0.01465001 0.05729587 -0.00681712
v -0.01265000 0.05758543 -0.00363430
v -0.01265000 0.05758543 -0.00363430
v -0.01265000 0.05758543 -0.00363430
v -0.01265000 0.05763263 -0.00278754
v -0.01265000 0.05763263 -0.00278754
v -0.01265000 0.05763263 -0.00278754
v -0.01265000 0.05763263 -0.00278754
v -0.01265001 0.05664793 -0.00713552
v -0.01265001 0.05669650 -0.01071433
v -0.01265001 0.05669650 -0.01071433
v -0.01265001 0.05669650 -0.01071433
v -0.01265001 0.05669650 -0.01071433
v -0.01265001 0.05320708 -0.01255046
v -0.01265002 0.05200133 -0.01742194
v -0.01265002 0.05200133 -0.01742194
v -0.01265002 0.05200133 -0.01742194
v -0.01265002 0.05467541 -0.01843608
v -0.01265002 0.05467541 -0.01843608
v -0.01265002 0.05467541 -0.01843608
v -0.01265002 0.05467541 -0.01843608
v -0.01465002 0.05467541 -0.01843607
v -0.01465002 0.05467541 -0.01843607
v -0.01465002 0.05467541 -0.01843607
v -0.01265003 0.05047653 -0.02144251
v -0.01265003 0.05047653 -0.02144251
v -0.01265003 0.05047653 -0.02144251
v -0.01265002 0.04820665 -0.01752211
v -0.01265002 0.04820665 -0.01752211
v -0.01265002 0.04820665 -0.01752211
v -0.01265002 0.04820665 -0.01752211
v -0.01265002 0.04795443 -0.01635856
v -0.01265002 0.04795443 -0.01635856
v -0.01265002 0.04795443 -0.01635856
v -0.01265002 0.04784331 -0.01865587
v -0.01265002 0.04784331 -0.01865587
v -0.01265002 0.04784331 -0.01865587
v -0.01465002 0.04784331 -0.01865587
v -0.01465002 0.04784331 -0.01865587
v -0.01465002 0.04784331 -0.01865587
v -0.01265002 0.04696176 -0.01945608
v -0.01265002 0.04696176 -0.01945608
v -0.01265002 0.04696176 -0.01945608
v -0.01265002 0.04579822 -0.01970830
v -0.01265002 0.04579822 -0.01970830
v -0.01265002 0.04579822 -0.01970830
v -0.01465002 0.04696176 -0.01945608
v -0.01465002 0.04696176 -0.01945608
v -0.01465002 0.04696176 -0.01945608
v -0.01265003 0.04410616 -0.02332429
v -0.01265003 0.04410616 -0.02332429
v -0.01265003 0.04410616 -0.02332429
v -0.01265003 0.04326615 -0.02271915
v -0.01265003 0.04326615 -0.02271915
v -0.01265003 0.04326615 -0.02271915
v -0.01465003 0.04326615 -0.02271914
v -0.01465003 0.04326615 -0.02271914
v -0.01465003 0.04326615 -0.02271914
v -0.01465003 0.04410616 -0.02332428
v -0.01465003 0.04410616 -0.02332428
v -0.01465003 0.04410616 -0.02332428
v -0.01265003 0.04453105 -0.02426836
v -0.01265003 0.04453105 -0.02426836
v -0.01265003 0.04453105 -0.02426836
v -0.01465003 0.04453105 -0.02426835
v -0.01465003 0.04453105 -0.02426835
v -0.01465003 0.04453105 -0.02426835
v -0.01265003 0.04442699 -0.02529839
v -0.01265003 0.04442699 -0.02529839
v -0.01265003 0.04442699 -0.02529839
v -0.01465003 0.04442699 -0.02529838
v -0.01465003 0.04442699 -0.02529838
v -0.01465003 0.04442699 -0.02529838
v -0.01465003 0.04382185 -0.02613838
v -0.01465003 0.04382185 -0.02613838
v -0.01465003 0.04382185 -0.02613838
v -0.01465003 0.05047653 -0.02144251
v -0.01465003 0.05047653 -0.02144251
v -0.01465003 0.05047653 -0.02144251
v -0.01465003 0.05117290 -0.02170660
v -0.01465003 0.05117290 -0.02170660
v -0.01465003 0.05296079 -0.02238465
v -0.01465003 0.05296079 -0.02238465
v -0.01265003 0.05296079 -0.02238466
v -0.01265003 0.05296079 -0.02238466
v -0.01465003 0.05315062 -0.02245665
v -0.01465003 0.05315062 -0.02245665
v -0.01465003 0.05315062 -0.02245665
v -0.01465003 0.04954299 -0.02957671
v -0.01465003 0.04954299 -0.02957671
v -0.01465003 0.04954299 -0.02957671
v -0.01265003 0.05315062 -0.02245665
v -0.01265003 0.05315062 -0.02245665
v -0.01265003 0.05315062 -0.02245665
v -0.01465002 0.04579822 -0.01970830
v -0.01465002 0.04579822 -0.01970830
v -0.01465002 0.04579822 -0.01970830
v -0.01465002 0.04466445 -0.01934496
v -0.01465002 0.04466445 -0.01934496
v -0.01465002 0.04466445 -0.01934496
v -0.01265002 0.04466445 -0.01934496
v -0.01265002 0.04466445 -0.01934496
v -0.01265002 0.04466445 -0.01934496
v -0.01465003 0.04223612 -0.02261508
v -0.01465003 0.04223612 -0.02261508
v -0.01465003 0.04223612 -0.02261508
v -0.01465003 0.04129206 -0.02303997
v -0.01465003 0.04129206 -0.02303997
v -0.01465003 0.04129206 -0.02303997
v -0.01265003 0.04223612 -0.02261508
v -0.01265003 0.04223612 -0.02261508
v -0.01265003 0.04223612 -0.02261508
v -0.01465003 0.04068692 -0.02387997
v -0.01465003 0.04068692 -0.02387997
v -0.01465003 0.04068692 -0.02387997
v -0.01465001 0.05003006 -0.01052419
v -0.01465001 0.05003006 -0.01052419
v -0.01465001 0.05003006 -0.01052419
v -0.01465001 0.05013413 -0.00949415
v -0.01465001 0.05013413 -0.00949415
v -0.01465001 0.05013413 -0.00949415
v -0.01265001 0.05003006 -0.01052419
v -0.01265001 0.05003006 -0.01052419
v -0.01265001 0.05003006 -0.01052419
v -0.01265001 0.05013413 -0.00949415
v -0.01265001 0.05013413 -0.00949415
v -0.01265001 0.05013413 -0.00949415
v -0.01465001 0.04970924 -0.00855008
v -0.01465001 0.04970924 -0.00855008
v -0.01465001 0.04970924 -0.00855008
v -0.01465001 0.04886923 -0.00794494
v -0.01465001 0.04886923 -0.00794494
v -0.01465001 0.04886923 -0.00794494
v -0.01465001 0.04798763 -0.00782242
v -0.01465001 0.04798763 -0.00782242
v -0.01465001 0.04798763 -0.00782242
v -0.01264999 0.05619945 0.01307334
v -0.01264999 0.05619945 0.01307334
v -0.01264999 0.05619945 0.01307334
v -0.01264999 0.04750499 0.01060270
v -0.01264999 0.04750499 0.01060270
v -0.01264999 0.04750499 0.01060270
v -0.01465003 0.03356661 -0.02906272
v -0.01465003 0.03356661 -0.02906272
v -0.01465003 0.03356661 -0.02906272
v -0.01265004 0.02765481 -0.03473572
v -0.01265004 0.02765481 -0.03473572
v -0.01265004 0.02765481 -0.03473572
v -0.01465004 0.03690833 -0.03098901
v -0.01465004 0.03690833 -0.03098901
v -0.01465004 0.03690833 -0.03098901
v -0.01465004 0.03702631 -0.03206963
v -0.01465004 0.03702631 -0.03206963
v -0.01465004 0.03702631 -0.03206963
v -0.01265005 0.02638797 -0.04331117
v -0.01265005 0.02638797 -0.04331117
v -0.01265005 0.02638797 -0.04331117
v -0.01465005 0.02546728 -0.04286386
v -0.01465005 0.02546728 -0.04286386
v -0.01465005 0.02546728 -0.04286386
v -0.01465005 0.02476360 -0.04190350
v -0.01465005 0.02476360 -0.04190350
v -0.01465005 0.02476360 -0.04190350
v -0.01465005 0.02463439 -0.04071997
v -0.01465005 0.02463439 -0.04071997
v -0.01465005 0.02463439 -0.04071997
v -0.01465006 0.02980006 -0.04940896
v -0.01465006 0.02980006 -0.04940896
v -0.01465006 0.02980006 -0.04940896
v -0.01265006 0.02980006 -0.04940896
v -0.01265006 0.02980006 -0.04940896
v -0.01265006 0.02980006 -0.04940896
v -0.01265005 0.01164458 -0.04676481
v -0.01265005 0.01164458 -0.04676481
v -0.01265005 0.01164458 -0.04676481
v -0.01465006 0.01110485 -0.04770839
v -0.01465006 0.01110485 -0.04770839
v -0.01465006 0.01110485 -0.04770839
v -0.01265007 -0.00063814 -0.05769645
v -0.01265007 -0.00063814 -0.05769645
v -0.01265007 -0.00063814 -0.05769645
v -0.01265007 -0.00063814 -0.05769645
v -0.01265005 0.00004177 -0.04439997
v -0.01265005 0.00004177 -0.04439997
v -0.01265005 0.00004177 -0.04439997
v -0.01465005 0.00004177 -0.04439997
v -0.01465005 0.00004177 -0.04439997
v -0.01465005 0.00004177 -0.04439997
v -0.01465005 -0.00129648 -0.04438105
v -0.01465005 -0.00129648 -0.04438105
v -0.01465005 -0.00129648 -0.04438105
v -0.01465006 0.00422659 -0.05033749
v -0.01465006 0.00422659 -0.05033749
v -0.01465006 0.00422659 -0.05033749
v -0.01465005 -0.00178576 -0.04681864
v -0.01465005 -0.00178576 -0.04681864
v -0.01465005 -0.00178576 -0.04681864
v -0.01265005 -0.00075230 -0.04740977
v -0.01265005 -0.00075230 -0.04740977
v -0.01265005 -0.00075230 -0.04740977
v -0.01265005 -0.00178576 -0.04681864
v -0.01265005 -0.00178576 -0.04681864
v -0.01265005 -0.00178576 -0.04681864
v -0.01265005 -0.00297632 -0.04682344
v -0.01265005 -0.00297632 -0.04682344
v -0.01265005 -0.00297632 -0.04682344
v -0.01465005 -0.00297632 -0.04682344
v -0.01465005 -0.00297632 -0.04682344
v -0.01465005 -0.00297632 -0.04682344
v -0.01265005 -0.01391330 -0.04742611
v -0.01265005 -0.01105397 -0.04300196
v -0.01265005 -0.01105397 -0.04300196
v -0.01265005 -0.01105397 -0.04300196
v -0.01265005 -0.01806701 -0.04467803
v -0.01265005 -0.01806701 -0.04467803
v -0.01265005 -0.01806701 -0.04467803
v -0.01265005 -0.01698548 -0.04478730
v -0.01265005 -0.01698548 -0.04478730
v -0.01265005 -0.01698548 -0.04478730
v -0.01265005 -0.02224026 -0.04307480
v -0.01265005 -0.02224026 -0.04307480
v -0.01265005 -0.02224026 -0.04307480
v -0.01265005 -0.02235263 -0.04204564
v -0.01265005 -0.02235263 -0.04204564
v -0.01265005 -0.02235263 -0.04204564
v -0.01465005 -0.02235263 -0.04204563
v -0.01465005 -0.02235263 -0.04204563
v -0.01465005 -0.02235263 -0.04204563
v -0.01265005 -0.02296452 -0.04121054
v -0.01265005 -0.02296452 -0.04121054
v -0.01265005 -0.02296452 -0.04121054
v -0.01265005 -0.02391198 -0.04079327
v -0.01265005 -0.02391198 -0.04079327
v -0.01265005 -0.02391198 -0.04079327
v -0.01265005 -0.02494114 -0.04090564
v -0.01265005 -0.02494114 -0.04090564
v -0.01265005 -0.02494114 -0.04090564
v -0.01265005 -0.02577624 -0.04151753
v -0.01265005 -0.02577624 -0.04151753
v -0.01265005 -0.02577624 -0.04151753
v -0.01265005 -0.02619351 -0.04246499
v -0.01265005 -0.02619351 -0.04246499
v -0.01265005 -0.02619351 -0.04246499
v -0.01265005 -0.02608114 -0.04349415
v -0.01265005 -0.02608114 -0.04349415
v -0.01265005 -0.02608114 -0.04349415
v -0.01265005 -0.02546925 -0.04432924
v -0.01265005 -0.02546925 -0.04432924
v -0.01265005 -0.02546925 -0.04432924
v -0.01265005 -0.02546925 -0.04432924
v -0.01465005 -0.02546925 -0.04432924
v -0.01465005 -0.02546925 -0.04432924
v -0.01465005 -0.02546925 -0.04432924
v -0.01465005 -0.02452179 -0.04474651
v -0.01465005 -0.02452179 -0.04474651
v -0.01465005 -0.02452179 -0.04474651
v -0.01465005 -0.02452179 -0.04474651
v -0.01465005 -0.02349263 -0.04463415
v -0.01465005 -0.02349263 -0.04463415
v -0.01465005 -0.02349263 -0.04463415
v -0.01265005 -0.02452179 -0.04474651
v -0.01265005 -0.02452179 -0.04474651
v -0.01265005 -0.02452179 -0.04474651
v -0.01265005 -0.02349263 -0.04463415
v -0.01265005 -0.02349263 -0.04463415
v -0.01265005 -0.02349263 -0.04463415
v -0.01265006 -0.01953659 -0.04782170
v -0.01265006 -0.01953659 -0.04782170
v -0.01265006 -0.01953659 -0.04782170
v -0.01265005 -0.02265753 -0.04402226
v -0.01265005 -0.02265753 -0.04402226
v -0.01265005 -0.02265753 -0.04402226
v -0.01265005 -0.02265753 -0.04402226
v -0.01465005 -0.02265753 -0.04402226
v -0.01465005 -0.02265753 -0.04402226
v -0.01465005 -0.02265753 -0.04402226
v -0.01265006 -0.01880298 -0.05062959
v -0.01265006 -0.01889307 -0.04849944
v -0.01265006 -0.01889307 -0.04849944
v -0.01265006 -0.01889307 -0.04849944
v -0.01265006 -0.01966544 -0.05424536
v -0.01265006 -0.01966544 -0.05424536
v -0.01265006 -0.01966544 -0.05424536
v -0.01265006 -0.01708810 -0.04875028
v -0.01265006 -0.01708810 -0.04875028
v -0.01265006 -0.01708810 -0.04875028
v -0.01265006 -0.01608114 -0.05478412
v -0.01265006 -0.01801921 -0.04883084
v -0.01265006 -0.01801921 -0.04883084
v -0.01265006 -0.01801921 -0.04883084
v -0.01465006 -0.01708810 -0.04875028
v -0.01465006 -0.01708810 -0.04875028
v -0.01465006 -0.01708810 -0.04875028
v -0.01465006 -0.01801921 -0.04883084
v -0.01465006 -0.01801921 -0.04883084
v -0.01465006 -0.01801921 -0.04883084
v -0.01465006 -0.01889307 -0.04849944
v -0.01465006 -0.01889307 -0.04849944
v -0.01465006 -0.01889307 -0.04849944
v -0.01465006 -0.01953659 -0.04782169
v -0.01465006 -0.01953659 -0.04782169
v -0.01465006 -0.01953659 -0.04782169
v -0.01265005 -0.01982233 -0.04693186
v -0.01265005 -0.01982233 -0.04693186
v -0.01265005 -0.01982233 -0.04693186
v -0.01465006 -0.01982233 -0.04693186
v -0.01465006 -0.01982233 -0.04693186
v -0.01465006 -0.01982233 -0.04693186
v -0.01265005 -0.01969368 -0.04600617
v -0.01265005 -0.01969368 -0.04600617
v -0.01265005 -0.01969368 -0.04600617
v -0.01465005 -0.01969368 -0.04600617
v -0.01465005 -0.01969368 -0.04600617
v -0.01465005 -0.01969368 -0.04600617
v -0.01265005 -0.01905828 -0.04512417
v -0.01265005 -0.01905828 -0.04512417
v -0.01265005 -0.01905828 -0.04512417
v -0.01265006 -0.01663181 -0.05525098
v -0.01265006 -0.01663181 -0.05525098
v -0.01265006 -0.01663181 -0.05525098
v -0.01265006 -0.01571934 -0.05551748
v -0.01265006 -0.01571934 -0.05551748
v -0.01265006 -0.01571934 -0.05551748
v -0.01265006 -0.01571934 -0.05551748
v -0.01465006 -0.01663181 -0.05525098
v -0.01465006 -0.01663181 -0.05525098
v -0.01465006 -0.01663181 -0.05525098
v -0.01465006 -0.01663181 -0.05525098
v -0.01465006 -0.01571934 -0.05551748
v -0.01465006 -0.01571934 -0.05551748
v -0.01465006 -0.01571934 -0.05551748
v -0.01465006 -0.01966544 -0.05424535
v -0.01465006 -0.01966544 -0.05424535
v -0.01465006 -0.01966544 -0.05424535
v -0.01265006 -0.02046059 -0.05395047
v -0.01265006 -0.02046059 -0.05395047
v -0.01265006 -0.02046059 -0.05395047
v -0.01465005 -0.02224026 -0.04307479
v -0.01465005 -0.02224026 -0.04307479
v -0.01465005 -0.02224026 -0.04307479
v -0.01465005 -0.02224026 -0.04307479
v -0.01265006 -0.01223256 -0.04797591
v -0.01265006 -0.01223256 -0.04797591
v -0.01265006 -0.01223256 -0.04797591
v -0.01265006 -0.01223256 -0.04797591
v -0.01265005 -0.01199280 -0.04711872
v -0.01265005 -0.01199280 -0.04711872
v -0.01265005 -0.01199280 -0.04711872
v -0.01265006 -0.01201324 -0.04898768
v -0.01265006 -0.01201324 -0.04898768
v -0.01265006 -0.01201324 -0.04898768
v -0.01265006 -0.01131740 -0.04975425
v -0.01265006 -0.01131740 -0.04975425
v -0.01265006 -0.01131740 -0.04975425
v -0.01465006 -0.01131740 -0.04975424
v -0.01465006 -0.01131740 -0.04975424
v -0.01465006 -0.01131740 -0.04975424
v -0.01465006 -0.01033152 -0.05007019
v -0.01465006 -0.01033152 -0.05007019
v -0.01465006 -0.01033152 -0.05007019
v -0.01265006 -0.01033152 -0.05007019
v -0.01265006 -0.01033152 -0.05007019
v -0.01265006 -0.01033152 -0.05007019
v -0.01265004 -0.04343876 -0.03797846
v -0.01265004 -0.04343876 -0.03797846
v -0.01265004 -0.04343876 -0.03797846
v -0.01265004 -0.04826426 -0.03162041
v -0.01265004 -0.04826426 -0.03162041
v -0.01265004 -0.04826426 -0.03162041
v -0.01265003 -0.05216616 -0.02465727
v -0.01265003 -0.05216616 -0.02465727
v -0.01265003 -0.05216616 -0.02465727
v -0.01265002 -0.05506980 -0.01722227
v -0.01265002 -0.05506980 -0.01722227
v -0.01265002 -0.05506980 -0.01722227
v -0.01465003 -0.05216616 -0.02465726
v -0.01465003 -0.05216616 -0.02465726
v -0.01465003 -0.05216616 -0.02465726
v -0.01465002 -0.05506980 -0.01722227
v -0.01465002 -0.05506980 -0.01722227
v -0.01465002 -0.05506980 -0.01722227
v -0.01265003 -0.04613990 -0.02178714
v -0.01265003 -0.04613990 -0.02178714
v -0.01265003 -0.04613990 -0.02178714
v -0.01265004 -0.03778890 -0.03443492
v -0.01265004 -0.03778890 -0.03443492
v -0.01265004 -0.03778890 -0.03443492
v -0.01465005 -0.03156120 -0.04043260
v -0.01465005 -0.03156120 -0.04043260
v -0.01465005 -0.03156120 -0.04043260
v -0.01465001 -0.04545148 -0.01163858
v -0.01465001 -0.04545148 -0.01163858
v -0.01465001 -0.04545148 -0.01163858
v -0.01465001 -0.04545148 -0.01163858
v -0.01265001 -0.04507902 -0.01276939
v -0.01265001 -0.04507902 -0.01276939
v -0.01265001 -0.04507902 -0.01276939
v -0.01265001 -0.04507902 -0.01276939
v -0.01465001 -0.04633945 -0.01084551
v -0.01465001 -0.04633945 -0.01084551
v -0.01465001 -0.04633945 -0.01084551
v -0.01465001 -0.04750499 -0.01060267
v -0.01465001 -0.04750499 -0.01060267
v -0.01465001 -0.04750499 -0.01060267
v -0.01464998 -0.05467541 0.01843611
v -0.01464998 -0.05467541 0.01843611
v -0.01464998 -0.05467541 0.01843611
v -0.01464998 -0.05467541 0.01843611
v -0.01264998 -0.05489013 0.01778661
v -0.01264998 -0.05489013 0.01778661
v -0.01264998 -0.05489013 0.01778661
v -0.01264998 -0.05489013 0.01778661
v -0.01264998 -0.05467541 0.01843611
v -0.01264998 -0.05467541 0.01843611
v -0.01264998 -0.05467541 0.01843611
v -0.01264998 -0.05200133 0.01742197
v -0.01264998 -0.05200133 0.01742197
v -0.01264998 -0.05200133 0.01742197
v -0.01264998 -0.04820665 0.01752214
v -0.01264998 -0.04820665 0.01752214
v -0.01264998 -0.04820665 0.01752214
v -0.01264998 -0.04715422 0.01547704
v -0.01264998 -0.04715422 0.01547704
v -0.01264998 -0.04715422 0.01547704
v -0.01264998 -0.04795443 0.01635859
v -0.01264998 -0.04795443 0.01635859
v -0.01264998 -0.04795443 0.01635859
v -0.01264998 -0.04602045 0.01511370
v -0.01264998 -0.04602045 0.01511370
v -0.01264998 -0.04602045 0.01511370
v -0.01264998 -0.04602045 0.01511370
v -0.01464998 -0.04820665 0.01752214
v -0.01464998 -0.04820665 0.01752214
v -0.01464998 -0.04820665 0.01752214
v -0.01264998 -0.04784331 0.01865590
v -0.01264998 -0.04784331 0.01865590
v -0.01264998 -0.04784331 0.01865590
v -0.01264999 -0.04886923 0.00794498
v -0.01264999 -0.04886923 0.00794498
v -0.01264999 -0.04886923 0.00794498
v -0.01464998 -0.04397536 0.01616613
v -0.01464998 -0.04397536 0.01616613
v -0.01464998 -0.04397536 0.01616613
v -0.01464998 -0.04361202 0.01729991
v -0.01464998 -0.04361202 0.01729991
v -0.01464998 -0.04361202 0.01729991
v -0.01464997 -0.04326615 0.02271918
v -0.01464997 -0.04326615 0.02271918
v -0.01464997 -0.04326615 0.02271918
v -0.01264997 -0.05315062 0.02245668
v -0.01264997 -0.05315062 0.02245668
v -0.01264997 -0.05315062 0.02245668
v -0.01464997 -0.05315062 0.02245668
v -0.01464997 -0.05315062 0.02245668
v -0.01464997 -0.05315062 0.02245668
v -0.01464997 -0.05309677 0.02258372
v -0.01464997 -0.05309677 0.02258372
v -0.01464997 -0.05309677 0.02258372
v -0.01264997 -0.05309677 0.02258371
v -0.01264997 -0.05309677 0.02258371
v -0.01264997 -0.05309677 0.02258371
v -0.01464995 -0.02920749 0.04107858
v -0.01464995 -0.02920749 0.04107858
v -0.01464995 -0.02920749 0.04107858
v -0.01264995 -0.02897627 0.04207572
v -0.01264995 -0.02897627 0.04207572
v -0.01264995 -0.02897627 0.04207572
v -0.01264995 -0.02920749 0.04107857
v -0.01264995 -0.02920749 0.04107857
v -0.01264995 -0.02920749 0.04107857
v -0.01264995 -0.02898316 0.04007987
v -0.01264995 -0.02898316 0.04007987
v -0.01264995 -0.02898316 0.04007987
v -0.01264995 -0.02834773 0.03927739
v -0.01264995 -0.02834773 0.03927739
v -0.01264995 -0.02834773 0.03927739
v -0.01264995 -0.01258378 0.04621753
v -0.01264995 -0.01258378 0.04621753
v -0.01264995 -0.01258378 0.04621753
v -0.01264995 0.00296416 0.04430096
v -0.01264995 0.00296416 0.04430096
v -0.01264995 0.00296416 0.04430096
v -0.01464995 0.00296416 0.04430096
v -0.01464995 0.00296416 0.04430096
v -0.01464995 0.00296416 0.04430096
v -0.01464995 -0.00564427 0.04683826
v -0.01464995 -0.00564427 0.04683826
v -0.01464995 -0.00564427 0.04683826
v -0.01464995 -0.00463250 0.04705759
v -0.01464995 -0.00463250 0.04705759
v -0.01464995 -0.00463250 0.04705759
v -0.01464995 0.00075230 0.04740980
v -0.01464995 0.00075230 0.04740980
v -0.01464995 0.00075230 0.04740980
v -0.01264994 0.00015287 0.04843845
v -0.01264994 0.00015287 0.04843845
v -0.01264994 0.00015287 0.04843845
v -0.01464994 0.00015287 0.04843845
v -0.01464994 0.00015287 0.04843845
v -0.01464994 0.00015287 0.04843845
v -0.01464995 0.00178576 0.04681867
v -0.01464995 0.00178576 0.04681867
v -0.01464995 0.00178576 0.04681867
v -0.01264994 0.00075230 0.04740980
v -0.01264994 0.00075230 0.04740980
v -0.01264994 0.00075230 0.04740980
v -0.01264995 0.00178576 0.04681867
v -0.01264995 0.00178576 0.04681867
v -0.01264995 0.00178576 0.04681867
v -0.01264995 0.00297632 0.04682347
v -0.01264995 0.00297632 0.04682347
v -0.01264995 0.00297632 0.04682347
v -0.01464995 0.00297632 0.04682347
v -0.01464995 0.00297632 0.04682347
v -0.01464995 0.00297632 0.04682347
v -0.01464995 0.00400497 0.04742290
v -0.01464995 0.00400497 0.04742290
v -0.01464995 0.00400497 0.04742290
v -0.01464994 0.00459609 0.04845636
v -0.01464994 0.00459609 0.04845636
v -0.01464994 0.00459609 0.04845636
v -0.01264994 0.00400497 0.04742290
v -0.01264994 0.00400497 0.04742290
v -0.01264994 0.00400497 0.04742290
v -0.01264994 0.00459609 0.04845636
v -0.01264994 0.00459609 0.04845636
v -0.01264994 0.00459609 0.04845636
v -0.01264994 0.00459130 0.04964691
v -0.01264994 0.00459130 0.04964691
v -0.01264994 0.00459130 0.04964691
v -0.01464994 0.00459130 0.04964692
v -0.01464994 0.00459130 0.04964692
v -0.01464994 0.00459130 0.04964692
v -0.01464994 0.00399186 0.05067557
v -0.01464994 0.00399186 0.05067557
v -0.01464994 0.00399186 0.05067557
v -0.01464994 -0.00386593 0.04775342
v -0.01464994 -0.00386593 0.04775342
v -0.01464994 -0.00386593 0.04775342
v -0.01464994 -0.00354999 0.04873930
v -0.01464994 -0.00354999 0.04873930
v -0.01464994 -0.00354999 0.04873930
v -0.01464994 -0.00370589 0.04961563
v -0.01464994 -0.00370589 0.04961563
v -0.01464994 -0.00370589 0.04961563
v -0.01264994 -0.00354999 0.04873930
v -0.01264994 -0.00354999 0.04873930
v -0.01264994 -0.00354999 0.04873930
v -0.01264994 -0.00386593 0.04775342
v -0.01264994 -0.00386593 0.04775342
v -0.01264994 -0.00386593 0.04775342
v -0.01264994 -0.00463250 0.04705758
v -0.01264994 -0.00463250 0.04705758
v -0.01264994 -0.00463250 0.04705758
v -0.01264995 -0.00564427 0.04683826
v -0.01264995 -0.00564427 0.04683826
v -0.01264995 -0.00564427 0.04683826
v -0.01264994 -0.00663016 0.04715421
v -0.01264994 -0.00663016 0.04715421
v -0.01264994 -0.00663016 0.04715421
v -0.01264994 -0.00370589 0.04961563
v -0.01264994 -0.00370589 0.04961563
v -0.01264994 -0.00370589 0.04961563
v -0.01464995 0.00923300 0.04435984
v -0.01464995 0.01058522 0.04610348
v -0.01464995 0.01058522 0.04610348
v -0.01464995 0.01058522 0.04610348
v -0.01464995 0.00969617 0.04614648
v -0.01464995 0.00969617 0.04614648
v -0.01464995 0.00969617 0.04614648
v -0.01464995 0.00891383 0.04657097
v -0.01464995 0.00891383 0.04657097
v -0.01464995 0.00891383 0.04657097
v -0.01464995 0.00839314 0.04729286
v -0.01464995 0.00839314 0.04729286
v -0.01464995 0.00839314 0.04729286
v -0.01464995 0.01140488 0.04645048
v -0.01464995 0.01140488 0.04645048
v -0.01464995 0.01140488 0.04645048
v -0.01464995 0.01199280 0.04711875
v -0.01464995 0.01199280 0.04711875
v -0.01464995 0.01199280 0.04711875
v -0.01264995 0.01058522 0.04610348
v -0.01264995 0.01058522 0.04610348
v -0.01264995 0.01058522 0.04610348
v -0.01264995 0.00969617 0.04614648
v -0.01264995 0.00969617 0.04614648
v -0.01264995 0.00969617 0.04614648
v -0.01264995 0.00891383 0.04657096
v -0.01264995 0.00891383 0.04657096
v -0.01264995 0.00891383 0.04657096
v -0.01264994 0.00839314 0.04729285
v -0.01264994 0.00839314 0.04729285
v -0.01264994 0.00839314 0.04729285
v -0.01264994 0.00823723 0.04816918
v -0.01264994 0.00823723 0.04816918
v -0.01264994 0.00823723 0.04816918
v -0.01264994 0.00855318 0.04915507
v -0.01264994 0.00855318 0.04915507
v -0.01264994 0.00855318 0.04915507
v -0.01464994 0.00823723 0.04816918
v -0.01464994 0.00823723 0.04816918
v -0.01464994 0.00823723 0.04816918
v -0.01464994 0.00855318 0.04915507
v -0.01464994 0.00855318 0.04915507
v -0.01464994 0.00855318 0.04915507
v -0.01264994 0.00931974 0.04985090
v -0.01264994 0.00931974 0.04985090
v -0.01264994 0.00931974 0.04985090
v -0.01264994 0.01033152 0.05007022
v -0.01264994 0.01033152 0.05007022
v -0.01264994 0.01033152 0.05007022
v -0.01464994 0.01223256 0.04797594
v -0.01464994 0.01223256 0.04797594
v -0.01464994 0.01223256 0.04797594
v -0.01264994 0.00073920 0.05066246
v -0.01264994 0.00073920 0.05066246
v -0.01264994 0.00073920 0.05066246
v -0.01464993 0.00493312 0.05748875
v -0.01464993 0.00493312 0.05748875
v -0.01464993 0.00493312 0.05748875
v -0.01464993 0.00493312 0.05748875
v -0.01464995 0.02349263 0.04463418
v -0.01464995 0.02349263 0.04463418
v -0.01464995 0.02349263 0.04463418
v -0.01264995 0.02452179 0.04474654
v -0.01264995 0.02452179 0.04474654
v -0.01264995 0.02452179 0.04474654
v -0.01264995 0.01806701 0.04467806
v -0.01264995 0.01806701 0.04467806
v -0.01264995 0.01806701 0.04467806
v -0.01264995 0.01698548 0.04478733
v -0.01264995 0.01698548 0.04478733
v -0.01264995 0.01698548 0.04478733
v 0.01465005 0.01969368 0.04600617
v 0.01465005 0.01969368 0.04600617
v 0.01465005 0.01969368 0.04600617
v 0.01465005 0.01905828 0.04512417
v 0.01465005 0.01905828 0.04512417
v 0.01465005 0.01905828 0.04512417
v 0.01265005 0.01969368 0.04600617
v 0.01265005 0.01969368 0.04600617
v 0.01265005 0.01969368 0.04600617
v 0.01465006 0.01982233 0.04693186
v 0.01465006 0.01982233 0.04693186
v 0.01465006 0.01982233 0.04693186
v 0.01265005 0.01982233 0.04693186
v 0.01265005 0.01982233 0.04693186
v 0.01265005 0.01982233 0.04693186
v 0.01465005 0.02217267 0.04548622
v 0.01465005 0.02224026 0.04307479
v 0.01465005 0.02224026 0.04307479
v 0.01465005 0.02224026 0.04307479
v 0.01465005 0.02265753 0.04402226
v 0.01465005 0.02265753 0.04402226
v 0.01465005 0.02265753 0.04402226
v 0.01465005 0.02349263 0.04463415
v 0.01465005 0.02349263 0.04463415
v 0.01465005 0.02349263 0.04463415
v 0.01465006 0.01953659 0.04782169
v 0.01465006 0.01953659 0.04782169
v 0.01465006 0.01953659 0.04782169
v 0.01465006 0.02439995 0.04694543
v 0.01465006 0.02103026 0.05208880
v 0.01465006 0.01880298 0.05062959
v 0.01465005 0.01728299 0.04228273
v 0.01465005 0.01105397 0.04300196
v 0.01465005 0.01105397 0.04300196
v 0.01465005 0.01105397 0.04300196
v 0.01465005 0.01876734 0.04023861
v 0.01465005 0.01876734 0.04023861
v 0.01465005 0.01876734 0.04023861
v 0.01465005 0.01806701 0.04467803
v 0.01465005 0.01806701 0.04467803
v 0.01465005 0.01806701 0.04467803
v 0.01465005 0.01698548 0.04478730
v 0.01465005 0.01698548 0.04478730
v 0.01465005 0.01698548 0.04478730
v 0.01465005 0.02235263 0.04204563
v 0.01465005 0.02235263 0.04204563
v 0.01465005 0.02235263 0.04204563
v 0.01465005 0.01610348 0.04542269
v 0.01465005 0.01610348 0.04542269
v 0.01465005 0.01610348 0.04542269
v 0.01465006 0.01391330 0.04742610
v 0.01465006 0.01199280 0.04711872
v 0.01465006 0.01199280 0.04711872
v 0.01465006 0.01199280 0.04711872
v 0.01465005 0.01565734 0.04641397
v 0.01465005 0.01565734 0.04641397
v 0.01465005 0.01565734 0.04641397
v 0.01465005 0.01140488 0.04645045
v 0.01465005 0.01140488 0.04645045
v 0.01465005 0.01140488 0.04645045
v 0.01465006 0.01576661 0.04749550
v 0.01465006 0.01576661 0.04749550
v 0.01465006 0.01576661 0.04749550
v 0.01465006 0.01119145 0.05158062
v 0.01465006 0.01201324 0.04898768
v 0.01465006 0.01201324 0.04898768
v 0.01465006 0.01201324 0.04898768
v 0.01465006 0.01628416 0.04827370
v 0.01465006 0.01628416 0.04827370
v 0.01465006 0.01628416 0.04827370
v 0.01465006 0.01608114 0.05478411
v 0.01465006 0.01223256 0.04797591
v 0.01465006 0.01223256 0.04797591
v 0.01465006 0.01223256 0.04797591
v 0.01465006 0.01223256 0.04797591
v 0.01465005 0.00923300 0.04435980
v 0.01465005 0.00891383 0.04657093
v 0.01465005 0.00891383 0.04657093
v 0.01465005 0.00891383 0.04657093
v 0.01465006 0.00651116 0.04851432
v 0.01465005 0.01058522 0.04610345
v 0.01465005 0.01058522 0.04610345
v 0.01465005 0.01058522 0.04610345
v 0.01465005 0.00969617 0.04614645
v 0.01465005 0.00969617 0.04614645
v 0.01465005 0.00969617 0.04614645
v 0.01465005 0.00296416 0.04430093
v 0.01465005 0.00296416 0.04430093
v 0.01465005 0.00296416 0.04430093
v 0.01465005 0.00297632 0.04682344
v 0.01465005 0.00297632 0.04682344
v 0.01465005 0.00297632 0.04682344
v 0.01465005 0.00178576 0.04681864
v 0.01465005 0.00178576 0.04681864
v 0.01465005 0.00178576 0.04681864
v 0.01465005 -0.00522659 0.04409128
v 0.01465005 -0.00522659 0.04409128
v 0.01465005 -0.00522659 0.04409128
v 0.01265005 -0.00522659 0.04409129
v 0.01265005 -0.00522659 0.04409129
v 0.01265005 -0.00522659 0.04409129
v 0.01265005 0.00296416 0.04430093
v 0.01265005 0.00296416 0.04430093
v 0.01265005 0.00296416 0.04430093
v 0.01465006 0.00400497 0.04742287
v 0.01465006 0.00400497 0.04742287
v 0.01465006 0.00400497 0.04742287
v 0.01465006 0.00459609 0.04845633
v 0.01465006 0.00459609 0.04845633
v 0.01465006 0.00459609 0.04845633
v 0.01265006 0.00459609 0.04845633
v 0.01265006 0.00459609 0.04845633
v 0.01265006 0.00459609 0.04845633
v 0.01265005 0.00400497 0.04742287
v 0.01265005 0.00400497 0.04742287
v 0.01265005 0.00400497 0.04742287
v 0.01265005 0.00297632 0.04682344
v 0.01265005 0.00297632 0.04682344
v 0.01265005 0.00297632 0.04682344
v 0.01265006 0.00651116 0.04851432
v 0.01265006 0.00479495 0.05463213
v 0.01265006 0.00479495 0.05463213
v 0.01265006 0.00479495 0.05463213
v 0.01265006 0.00931974 0.04985087
v 0.01265006 0.00931974 0.04985087
v 0.01265006 0.00931974 0.04985087
v 0.01265007 0.01281951 0.05625788
v 0.01265007 0.01281951 0.05625788
v 0.01265007 0.01281951 0.05625788
v 0.01265007 0.01281951 0.05625788
v 0.01265005 0.00923300 0.04435980
v 0.01265006 0.00459130 0.04964688
v 0.01265006 0.00459130 0.04964688
v 0.01265006 0.00459130 0.04964688
v 0.01265006 0.00823723 0.04816915
v 0.01265006 0.00823723 0.04816915
v 0.01265006 0.00823723 0.04816915
v 0.01265005 0.00839314 0.04729283
v 0.01265005 0.00839314 0.04729283
v 0.01265005 0.00839314 0.04729283
v 0.01265006 0.01119145 0.05158063
v 0.01265006 0.00855318 0.04915504
v 0.01265006 0.00855318 0.04915504
v 0.01265006 0.00855318 0.04915504
v 0.01465006 0.00855318 0.04915503
v 0.01465006 0.00855318 0.04915503
v 0.01465006 0.00855318 0.04915503
v 0.01465006 0.00931974 0.04985087
v 0.01465006 0.00931974 0.04985087
v 0.01465006 0.00931974 0.04985087
v 0.01465006 0.01033152 0.05007019
v 0.01465006 0.01033152 0.05007019
v 0.01465006 0.01033152 0.05007019
v 0.01265006 0.01033152 0.05007019
v 0.01265006 0.01033152 0.05007019
v 0.01265006 0.01033152 0.05007019
v 0.01465006 0.01131740 0.04975424
v 0.01465006 0.01131740 0.04975424
v 0.01465006 0.01131740 0.04975424
v 0.01265006 0.01131740 0.04975425
v 0.01265006 0.01131740 0.04975425
v 0.01265006 0.01131740 0.04975425
v 0.01265006 0.01201324 0.04898768
v 0.01265006 0.01201324 0.04898768
v 0.01265006 0.01201324 0.04898768
v 0.01265006 0.01201324 0.04898768
v 0.01265006 0.01223256 0.04797591
v 0.01265006 0.01223256 0.04797591
v 0.01265006 0.01223256 0.04797591
v 0.01265005 0.01391330 0.04742611
v 0.01265005 0.01610348 0.04542270
v 0.01265005 0.01610348 0.04542270
v 0.01265005 0.01610348 0.04542270
v 0.01265005 0.01728299 0.04228273
v 0.01265005 0.01565734 0.04641397
v 0.01265005 0.01565734 0.04641397
v 0.01265005 0.01565734 0.04641397
v 0.01265006 0.01880298 0.05062959
v 0.01265005 0.01199280 0.04711872
v 0.01265005 0.01199280 0.04711872
v 0.01265005 0.01199280 0.04711872
v 0.01265005 0.01105397 0.04300196
v 0.01265005 0.01105397 0.04300196
v 0.01265005 0.01105397 0.04300196
v 0.01265005 0.01576661 0.04749550
v 0.01265005 0.01576661 0.04749550
v 0.01265005 0.01576661 0.04749550
v 0.01265005 0.01140488 0.04645045
v 0.01265005 0.01140488 0.04645045
v 0.01265005 0.01140488 0.04645045
v 0.01265006 0.01608114 0.05478412
v 0.01265006 0.01628416 0.04827370
v 0.01265006 0.01628416 0.04827370
v 0.01265006 0.01628416 0.04827370
v 0.01465006 0.01708810 0.04875028
v 0.01465006 0.01708810 0.04875028
v 0.01465006 0.01708810 0.04875028
v 0.01265006 0.01708810 0.04875028
v 0.01265006 0.01708810 0.04875028
v 0.01265006 0.01708810 0.04875028
v 0.01465006 0.01801921 0.04883084
v 0.01465006 0.01801921 0.04883084
v 0.01465006 0.01801921 0.04883084
v 0.01265006 0.01801921 0.04883084
v 0.01265006 0.01801921 0.04883084
v 0.01265006 0.01801921 0.04883084
v 0.01465006 0.01889307 0.04849944
v 0.01465006 0.01889307 0.04849944
v 0.01465006 0.01889307 0.04849944
v 0.01265006 0.01889307 0.04849944
v 0.01265006 0.01889307 0.04849944
v 0.01265006 0.01889307 0.04849944
v 0.01265006 0.01953659 0.04782170
v 0.01265006 0.01953659 0.04782170
v 0.01265006 0.01953659 0.04782170
v 0.01265005 0.02217267 0.04548622
v 0.01265005 0.02452179 0.04474651
v 0.01265005 0.02452179 0.04474651
v 0.01265005 0.02452179 0.04474651
v 0.01265005 0.02452179 0.04474651
v 0.01265005 0.01905828 0.04512417
v 0.01265005 0.01905828 0.04512417
v 0.01265005 0.01905828 0.04512417
v 0.01265005 0.02439995 0.04694543
v 0.01265005 0.02265753 0.04402226
v 0.01265005 0.02265753 0.04402226
v 0.01265005 0.02265753 0.04402226
v 0.01265006 0.02103026 0.05208880
v 0.01265005 0.02349263 0.04463415
v 0.01265005 0.02349263 0.04463415
v 0.01265005 0.02349263 0.04463415
v 0.01465005 0.02452179 0.04474651
v 0.01465005 0.02452179 0.04474651
v 0.01465005 0.02452179 0.04474651
v 0.01465005 0.02546925 0.04432924
v 0.01465005 0.02546925 0.04432924
v 0.01465005 0.02546925 0.04432924
v 0.01465005 0.02546925 0.04432924
v 0.01265005 0.02546925 0.04432924
v 0.01265005 0.02546925 0.04432924
v 0.01265005 0.02546925 0.04432924
v 0.01465005 0.02608114 0.04349415
v 0.01465005 0.02608114 0.04349415
v 0.01465005 0.02608114 0.04349415
v 0.01265005 0.02608114 0.04349415
v 0.01265005 0.02608114 0.04349415
v 0.01265005 0.02608114 0.04349415
v 0.01465005 0.02619351 0.04246499
v 0.01465005 0.02619351 0.04246499
v 0.01465005 0.02619351 0.04246499
v 0.01465005 0.02818578 0.04116688
v 0.01465005 0.02595850 0.03970767
v 0.01465005 0.02929098 0.04006365
v 0.01465005 0.02929098 0.04006365
v 0.01465005 0.02929098 0.04006365
v 0.01465005 0.03263855 0.04407251
v 0.01465005 0.03263855 0.04407251
v 0.01465005 0.03263855 0.04407251
v 0.01465005 0.03442940 0.04630232
v 0.01465005 0.03442940 0.04630232
v 0.01465005 0.03442940 0.04630232
v 0.01465006 0.02771013 0.05061064
v 0.01465006 0.02771013 0.05061064
v 0.01465006 0.02771013 0.05061064
v 0.01465005 0.02859507 0.03909764
v 0.01465005 0.02859507 0.03909764
v 0.01465005 0.02859507 0.03909764
v 0.01465005 0.02577624 0.04151753
v 0.01465005 0.02577624 0.04151753
v 0.01465005 0.02577624 0.04151753
v 0.01265005 0.02619351 0.04246499
v 0.01265005 0.02619351 0.04246499
v 0.01265005 0.02619351 0.04246499
v 0.01265005 0.02577624 0.04151753
v 0.01265005 0.02577624 0.04151753
v 0.01265005 0.02577624 0.04151753
v 0.01465005 0.02494114 0.04090564
v 0.01465005 0.02494114 0.04090564
v 0.01465005 0.02494114 0.04090564
v 0.01265005 0.02494114 0.04090564
v 0.01265005 0.02494114 0.04090564
v 0.01265005 0.02494114 0.04090564
v 0.01465005 0.02391198 0.04079327
v 0.01465005 0.02391198 0.04079327
v 0.01465005 0.02391198 0.04079327
v 0.01465004 0.02584162 0.03610498
v 0.01465004 0.02584162 0.03610498
v 0.01465004 0.02584162 0.03610498
v 0.01265005 0.01876734 0.04023861
v 0.01265005 0.01876734 0.04023861
v 0.01265005 0.01876734 0.04023861
v 0.01265004 0.02584162 0.03610498
v 0.01265004 0.02584162 0.03610498
v 0.01265004 0.02584162 0.03610498
v 0.01465004 0.03203589 0.03074184
v 0.01465004 0.03203589 0.03074184
v 0.01465004 0.03203589 0.03074184
v 0.01465004 0.02993003 0.03613152
v 0.01465004 0.02993003 0.03613152
v 0.01465004 0.02993003 0.03613152
v 0.01465004 0.02896402 0.03682743
v 0.01465004 0.02896402 0.03682743
v 0.01465004 0.02896402 0.03682743
v 0.01265004 0.03203589 0.03074184
v 0.01265004 0.03203589 0.03074184
v 0.01265004 0.03203589 0.03074184
v 0.01465003 0.03713922 0.02433182
v 0.01465003 0.03713922 0.02433182
v 0.01465003 0.03713922 0.02433182
v 0.01465003 0.03651570 0.02845239
v 0.01465004 0.03726079 0.03101131
v 0.01465004 0.03726079 0.03101131
v 0.01465004 0.03726079 0.03101131
v 0.01465003 0.03994851 0.02834653
v 0.01465003 0.03994851 0.02834653
v 0.01465003 0.03994851 0.02834653
v 0.01465004 0.04607825 0.03472871
v 0.01465004 0.04607825 0.03472871
v 0.01465004 0.04607825 0.03472871
v 0.01465004 0.03623163 0.03089895
v 0.01465004 0.03623163 0.03089895
v 0.01465004 0.03623163 0.03089895
v 0.01465003 0.04067262 0.02915728
v 0.01465003 0.04067262 0.02915728
v 0.01465003 0.04067262 0.02915728
v 0.01465004 0.03528417 0.03131622
v 0.01465004 0.03528417 0.03131622
v 0.01465004 0.03528417 0.03131622
v 0.01465003 0.04006686 0.02624987
v 0.01465003 0.04006686 0.02624987
v 0.01465003 0.04006686 0.02624987
v 0.01465003 0.04066793 0.02211458
v 0.01465004 0.03809588 0.03162320
v 0.01465004 0.03809588 0.03162320
v 0.01465004 0.03809588 0.03162320
v 0.01465004 0.03467228 0.03215132
v 0.01465004 0.03467228 0.03215132
v 0.01465004 0.03467228 0.03215132
v 0.01465003 0.03972679 0.02728234
v 0.01465003 0.03972679 0.02728234
v 0.01465003 0.03972679 0.02728234
v 0.01465003 0.03972679 0.02728234
v 0.01465004 0.03111456 0.03601184
v 0.01465004 0.03111456 0.03601184
v 0.01465004 0.03111456 0.03601184
v 0.01465004 0.03220024 0.03650047
v 0.01465004 0.03220024 0.03650047
v 0.01465004 0.03220024 0.03650047
v 0.01265004 0.03220024 0.03650047
v 0.01265004 0.03220024 0.03650047
v 0.01265004 0.03220024 0.03650047
v 0.01265004 0.03111456 0.03601185
v 0.01265004 0.03111456 0.03601185
v 0.01265004 0.03111456 0.03601185
v 0.01265004 0.02993003 0.03613152
v 0.01265004 0.02993003 0.03613152
v 0.01265004 0.02993003 0.03613152
v 0.01265004 0.03455991 0.03318048
v 0.01265004 0.03455991 0.03318048
v 0.01265004 0.03455991 0.03318048
v 0.01265004 0.03467228 0.03215132
v 0.01265004 0.03467228 0.03215132
v 0.01265004 0.03467228 0.03215132
v 0.01265003 0.03651570 0.02845240
v 0.01265003 0.03972679 0.02728234
v 0.01265003 0.03972679 0.02728234
v 0.01265003 0.03972679 0.02728234
v 0.01265003 0.04066793 0.02211458
v 0.01265004 0.03809588 0.03162320
v 0.01265004 0.03809588 0.03162320
v 0.01265004 0.03809588 0.03162320
v 0.01265003 0.03994851 0.02834653
v 0.01265003 0.03994851 0.02834653
v 0.01265003 0.03994851 0.02834653
v 0.01265004 0.03726079 0.03101131
v 0.01265004 0.03726079 0.03101131
v 0.01265004 0.03726079 0.03101131
v 0.01265003 0.03713922 0.02433182
v 0.01265003 0.03713922 0.02433182
v 0.01265003 0.03713922 0.02433182
v 0.01265004 0.04607825 0.03472872
v 0.01265004 0.04607825 0.03472872
v 0.01265004 0.04607825 0.03472872
v 0.01265003 0.04067262 0.02915728
v 0.01265003 0.04067262 0.02915728
v 0.01265003 0.04067262 0.02915728
v 0.01265004 0.03623163 0.03089895
v 0.01265004 0.03623163 0.03089895
v 0.01265004 0.03623163 0.03089895
v 0.01265003 0.04006686 0.02624987
v 0.01265003 0.04006686 0.02624987
v 0.01265003 0.04006686 0.02624987
v 0.01265003 0.04006686 0.02624987
v 0.01265004 0.03528417 0.03131622
v 0.01265004 0.03528417 0.03131622
v 0.01265004 0.03528417 0.03131622
v 0.01265003 0.04087762 0.02552576
v 0.01265003 0.04087762 0.02552576
v 0.01265003 0.04087762 0.02552576
v 0.01265003 0.04194181 0.02530404
v 0.01265003 0.04194181 0.02530404
v 0.01265003 0.04194181 0.02530404
v 0.01465003 0.04087762 0.02552576
v 0.01465003 0.04087762 0.02552576
v 0.01465003 0.04087762 0.02552576
v 0.01465003 0.04194181 0.02530404
v 0.01465003 0.04194181 0.02530404
v 0.01465003 0.04194181 0.02530404
v 0.01265003 0.04297428 0.02564411
v 0.01265003 0.04297428 0.02564411
v 0.01265003 0.04297428 0.02564411
v 0.01465003 0.04297428 0.02564411
v 0.01465003 0.04297428 0.02564411
v 0.01465003 0.04297428 0.02564411
v 0.01465003 0.04369839 0.02645486
v 0.01465003 0.04369839 0.02645486
v 0.01465003 0.04369839 0.02645486
v 0.01265003 0.04369839 0.02645487
v 0.01265003 0.04369839 0.02645487
v 0.01265003 0.04369839 0.02645487
v 0.01465003 0.05024093 0.02837495
v 0.01465003 0.05024093 0.02837495
v 0.01465003 0.05024093 0.02837495
v 0.01465003 0.04358003 0.02855153
v 0.01465003 0.04358003 0.02855153
v 0.01465003 0.04358003 0.02855153
v 0.01465003 0.04392011 0.02751905
v 0.01465003 0.04392011 0.02751905
v 0.01465003 0.04392011 0.02751905
v 0.01465003 0.04392011 0.02751905
v 0.01465003 0.05216616 0.02465726
v 0.01465003 0.05216616 0.02465726
v 0.01465003 0.05216616 0.02465726
v 0.01265003 0.05216616 0.02465727
v 0.01265003 0.05216616 0.02465727
v 0.01265003 0.05216616 0.02465727
v 0.01265003 0.05024093 0.02837495
v 0.01265003 0.05024093 0.02837495
v 0.01265003 0.05024093 0.02837495
v 0.01465004 0.04826426 0.03162041
v 0.01465004 0.04826426 0.03162041
v 0.01465004 0.04826426 0.03162041
v 0.01465003 0.04613990 0.02178714
v 0.01465003 0.04613990 0.02178714
v 0.01465003 0.04613990 0.02178714
v 0.01465003 0.04420597 0.02229699
v 0.01465003 0.04420597 0.02229699
v 0.01465003 0.04420597 0.02229699
v 0.01465003 0.04524124 0.02230116
v 0.01465003 0.04524124 0.02230116
v 0.01465003 0.04524124 0.02230116
v 0.01265003 0.04420597 0.02229699
v 0.01265003 0.04420597 0.02229699
v 0.01265003 0.04420597 0.02229699
v 0.01265003 0.04524124 0.02230116
v 0.01265003 0.04524124 0.02230116
v 0.01265003 0.04524124 0.02230116
v 0.01265003 0.04613990 0.02178714
v 0.01265003 0.04613990 0.02178714
v 0.01265003 0.04613990 0.02178714
v 0.01465002 0.04666114 0.02089266
v 0.01465002 0.04666114 0.02089266
v 0.01465002 0.04666114 0.02089266
v 0.01265002 0.04666114 0.02089266
v 0.01265002 0.04666114 0.02089266
v 0.01265002 0.04666114 0.02089266
v 0.01465002 0.04666531 0.01985739
v 0.01465002 0.04666531 0.01985739
v 0.01465002 0.04666531 0.01985739
v 0.01265002 0.04666531 0.01985739
v 0.01265002 0.04666531 0.01985739
v 0.01265002 0.04666531 0.01985739
v 0.01265003 0.05348496 0.02164828
v 0.01265003 0.05348496 0.02164828
v 0.01265003 0.05348496 0.02164828
v 0.01265002 0.05506980 0.01722227
v 0.01265002 0.05506980 0.01722227
v 0.01265002 0.05506980 0.01722227
v 0.01465003 0.05348496 0.02164828
v 0.01465003 0.05348496 0.02164828
v 0.01465003 0.05348496 0.02164828
v 0.01265002 0.05231033 0.01647094
v 0.01265002 0.05231033 0.01647094
v 0.01265002 0.05231033 0.01647094
v 0.01265002 0.04471577 0.01593612
v 0.01265002 0.04615129 0.01895874
v 0.01265002 0.04615129 0.01895874
v 0.01265002 0.04615129 0.01895874
v 0.01465002 0.04615129 0.01895873
v 0.01465002 0.04615129 0.01895873
v 0.01465002 0.04615129 0.01895873
v 0.01465002 0.04525681 0.01843749
v 0.01465002 0.04525681 0.01843749
v 0.01465002 0.04525681 0.01843749
v 0.01265002 0.04525681 0.01843749
v 0.01265002 0.04525681 0.01843749
v 0.01265002 0.04525681 0.01843749
v 0.01465002 0.04422154 0.01843332
v 0.01465002 0.04422154 0.01843332
v 0.01465002 0.04422154 0.01843332
v 0.01265002 0.04422154 0.01843332
v 0.01265002 0.04422154 0.01843332
v 0.01265002 0.04422154 0.01843332
v 0.01465002 0.04332289 0.01894734
v 0.01465002 0.04332289 0.01894734
v 0.01465002 0.04332289 0.01894734
v 0.01265002 0.04332289 0.01894734
v 0.01265002 0.04332289 0.01894734
v 0.01265002 0.04332289 0.01894734
v 0.01465002 0.04280164 0.01984182
v 0.01465002 0.04280164 0.01984182
v 0.01465002 0.04280164 0.01984182
v 0.01265002 0.04280164 0.01984182
v 0.01265002 0.04280164 0.01984182
v 0.01265002 0.04280164 0.01984182
v 0.01465002 0.04279747 0.02087709
v 0.01465002 0.04279747 0.02087709
v 0.01465002 0.04279747 0.02087709
v 0.01265002 0.04279747 0.02087709
v 0.01265002 0.04279747 0.02087709
v 0.01265002 0.04279747 0.02087709
v 0.01465003 0.04331149 0.02177574
v 0.01465003 0.04331149 0.02177574
v 0.01465003 0.04331149 0.02177574
v 0.01265003 0.04331149 0.02177574
v 0.01265003 0.04331149 0.02177574
v 0.01265003 0.04331149 0.02177574
v 0.01465002 0.04471577 0.01593612
v 0.01465002 0.04248849 0.01447691
v 0.01465002 0.04532186 0.01393493
v 0.01465002 0.04532186 0.01393493
v 0.01465002 0.04532186 0.01393493
v 0.01465002 0.04611493 0.01482289
v 0.01465002 0.04611493 0.01482289
v 0.01465002 0.04611493 0.01482289
v 0.01465002 0.04097782 0.01709321
v 0.01465002 0.04097782 0.01709321
v 0.01465002 0.04097782 0.01709321
v 0.01465002 0.04724573 0.01519536
v 0.01465002 0.04724573 0.01519536
v 0.01465002 0.04724573 0.01519536
v 0.01465002 0.05231033 0.01647094
v 0.01465002 0.05231033 0.01647094
v 0.01465002 0.05231033 0.01647094
v 0.01465002 0.05506980 0.01722227
v 0.01465002 0.05506980 0.01722227
v 0.01465002 0.05506980 0.01722227
v 0.01465001 0.05343997 0.01232198
v 0.01465001 0.05343997 0.01232198
v 0.01465001 0.05343997 0.01232198
v 0.01465002 0.04841127 0.01495252
v 0.01465002 0.04841127 0.01495252
v 0.01465002 0.04841127 0.01495252
v 0.01465002 0.04929924 0.01415945
v 0.01465002 0.04929924 0.01415945
v 0.01465002 0.04929924 0.01415945
v 0.01265002 0.04841127 0.01495252
v 0.01265002 0.04841127 0.01495252
v 0.01265002 0.04841127 0.01495252
v 0.01265002 0.04929924 0.01415945
v 0.01265002 0.04929924 0.01415945
v 0.01265002 0.04929924 0.01415945
v 0.01265002 0.04929924 0.01415945
v 0.01465002 0.04967171 0.01302864
v 0.01465002 0.04967171 0.01302864
v 0.01465002 0.04967171 0.01302864
v 0.01465002 0.04967171 0.01302864
v 0.01265001 0.04967171 0.01302865
v 0.01265001 0.04967171 0.01302865
v 0.01265001 0.04967171 0.01302865
v 0.01465001 0.04942887 0.01186310
v 0.01465001 0.04942887 0.01186310
v 0.01465001 0.04942887 0.01186310
v 0.01265001 0.04942887 0.01186311
v 0.01265001 0.04942887 0.01186311
v 0.01265001 0.04942887 0.01186311
v 0.01465001 0.04899785 0.00940010
v 0.01465001 0.04863579 0.01097514
v 0.01465001 0.04863579 0.01097514
v 0.01465001 0.04863579 0.01097514
v 0.01465001 0.04750499 0.01060267
v 0.01465001 0.04750499 0.01060267
v 0.01465001 0.04750499 0.01060267
v 0.01265001 0.04863579 0.01097514
v 0.01265001 0.04863579 0.01097514
v 0.01265001 0.04863579 0.01097514
v 0.01465001 0.04677057 0.00794089
v 0.01465001 0.04835704 0.00705100
v 0.01465001 0.04835704 0.00705100
v 0.01465001 0.04835704 0.00705100
v 0.01465001 0.04633945 0.01084551
v 0.01465001 0.04633945 0.01084551
v 0.01465001 0.04633945 0.01084551
v 0.01465001 0.04342096 0.00927251
v 0.01465001 0.04342096 0.00927251
v 0.01465001 0.04342096 0.00927251
v 0.01465001 0.04545148 0.01163858
v 0.01465001 0.04545148 0.01163858
v 0.01465001 0.04545148 0.01163858
v 0.01465001 0.04746256 0.00652976
v 0.01465001 0.04746256 0.00652976
v 0.01465001 0.04746256 0.00652976
v 0.01465001 0.04694854 0.00563110
v 0.01465001 0.04694854 0.00563110
v 0.01465001 0.04694854 0.00563110
v 0.01265001 0.04694854 0.00563111
v 0.01265001 0.04694854 0.00563111
v 0.01265001 0.04694854 0.00563111
v 0.01265001 0.04746256 0.00652976
v 0.01265001 0.04746256 0.00652976
v 0.01265001 0.04746256 0.00652976
v 0.01265001 0.04677057 0.00794089
v 0.01265001 0.04835704 0.00705101
v 0.01265001 0.04835704 0.00705101
v 0.01265001 0.04835704 0.00705101
v 0.01265001 0.04342096 0.00927251
v 0.01265001 0.04342096 0.00927251
v 0.01265001 0.04342096 0.00927251
v 0.01265000 0.04898071 -0.00054832
v 0.01265000 0.04898071 -0.00054832
v 0.01265000 0.04898071 -0.00054832
v 0.01265002 0.04097782 0.01709321
v 0.01265002 0.04097782 0.01709321
v 0.01265002 0.04097782 0.01709321
v 0.01465000 0.04438546 0.00113604
v 0.01465000 0.04438546 0.00113604
v 0.01465000 0.04438546 0.00113604
v 0.01265000 0.04438546 0.00113605
v 0.01265000 0.04438546 0.00113605
v 0.01265000 0.04438546 0.00113605
v 0.01265002 0.04248849 0.01447691
v 0.01265001 0.04695271 0.00459584
v 0.01265001 0.04695271 0.00459584
v 0.01265001 0.04695271 0.00459584
v 0.01265000 0.04747396 0.00370136
v 0.01265000 0.04747396 0.00370136
v 0.01265000 0.04747396 0.00370136
v 0.01465001 0.04695271 0.00459584
v 0.01465001 0.04695271 0.00459584
v 0.01465001 0.04695271 0.00459584
v 0.01465000 0.04747396 0.00370135
v 0.01465000 0.04747396 0.00370135
v 0.01465000 0.04747396 0.00370135
v 0.01265000 0.04837262 0.00318733
v 0.01265000 0.04837262 0.00318733
v 0.01265000 0.04837262 0.00318733
v 0.01465000 0.04837262 0.00318733
v 0.01465000 0.04837262 0.00318733
v 0.01465000 0.04837262 0.00318733
v 0.01464999 0.04383846 -0.00703911
v 0.01464999 0.04383846 -0.00703911
v 0.01464999 0.04383846 -0.00703911
v 0.01465000 0.04940788 0.00319150
v 0.01465000 0.04940788 0.00319150
v 0.01465000 0.04940788 0.00319150
v 0.01465000 0.04817582 -0.00127894
v 0.01465000 0.04817582 -0.00127894
v 0.01465000 0.04817582 -0.00127894
v 0.01265000 0.04940788 0.00319150
v 0.01265000 0.04940788 0.00319150
v 0.01265000 0.04940788 0.00319150
v 0.01465000 0.04898071 -0.00054832
v 0.01465000 0.04898071 -0.00054832
v 0.01465000 0.04898071 -0.00054832
v 0.01265000 0.04817582 -0.00127894
v 0.01265000 0.04817582 -0.00127894
v 0.01265000 0.04817582 -0.00127894
v 0.01465000 0.05004307 -0.00031803
v 0.01465000 0.05004307 -0.00031803
v 0.01465000 0.05004307 -0.00031803
v 0.01265000 0.05004307 -0.00031803
v 0.01265000 0.05004307 -0.00031803
v 0.01265000 0.05004307 -0.00031803
v 0.01465000 0.05094311 -0.00056978
v 0.01465000 0.05094311 -0.00056978
v 0.01465000 0.05094311 -0.00056978
v 0.01265000 0.05094311 -0.00056977
v 0.01265000 0.05094311 -0.00056977
v 0.01265000 0.05094311 -0.00056977
v 0.01465000 0.05164480 -0.00118710
v 0.01465000 0.05164480 -0.00118710
v 0.01465000 0.05164480 -0.00118710
v 0.01265000 0.05164480 -0.00118710
v 0.01265000 0.05164480 -0.00118710
v 0.01265000 0.05164480 -0.00118710
v 0.01465000 0.05200915 -0.00204774
v 0.01465000 0.05200915 -0.00204774
v 0.01465000 0.05200915 -0.00204774
v 0.01465000 0.05392609 -0.00298103
v 0.01465001 0.05081638 0.00461140
v 0.01465001 0.05081638 0.00461140
v 0.01465001 0.05081638 0.00461140
v 0.01465000 0.05196400 -0.00298124
v 0.01465000 0.05196400 -0.00298124
v 0.01465000 0.05196400 -0.00298124
v 0.01465000 0.05615337 -0.00152182
v 0.01465000 0.05030236 0.00371275
v 0.01465000 0.05030236 0.00371275
v 0.01465000 0.05030236 0.00371275
v 0.01465000 0.05151829 -0.00380270
v 0.01465000 0.05151829 -0.00380270
v 0.01465000 0.05151829 -0.00380270
v 0.01465000 0.05151829 -0.00380270
v 0.01464999 0.05664793 -0.00713555
v 0.01464999 0.05175824 -0.01033904
v 0.01464999 0.04903640 -0.00618452
v 0.01464999 0.05729587 -0.00681715
v 0.01464999 0.05729587 -0.00681715
v 0.01464999 0.05729587 -0.00681715
v 0.01465000 0.05076030 -0.00434942
v 0.01465000 0.05076030 -0.00434942
v 0.01465000 0.05076030 -0.00434942
v 0.01465000 0.05758543 -0.00363433
v 0.01465000 0.05758543 -0.00363433
v 0.01465000 0.05758543 -0.00363433
v 0.01264999 0.05729587 -0.00681715
v 0.01264999 0.05729587 -0.00681715
v 0.01264999 0.05729587 -0.00681715
v 0.01265000 0.05758543 -0.00363433
v 0.01265000 0.05758543 -0.00363433
v 0.01265000 0.05758543 -0.00363433
v 0.01265000 0.05758543 -0.00363433
v 0.01465000 0.05763263 -0.00278757
v 0.01465000 0.05763263 -0.00278757
v 0.01465000 0.05763263 -0.00278757
v 0.01465000 0.05763263 -0.00278757
v 0.01265000 0.05763263 -0.00278757
v 0.01265000 0.05763263 -0.00278757
v 0.01265000 0.05763263 -0.00278757
v 0.01265001 0.05746588 0.00519255
v 0.01265001 0.05746588 0.00519255
v 0.01265001 0.05746588 0.00519255
v 0.01465001 0.05746588 0.00519255
v 0.01465001 0.05746588 0.00519255
v 0.01465001 0.05746588 0.00519255
v 0.01265001 0.05619945 0.01307331
v 0.01265001 0.05619945 0.01307331
v 0.01265001 0.05619945 0.01307331
v 0.01465002 0.05619945 0.01307331
v 0.01465002 0.05619945 0.01307331
v 0.01465002 0.05619945 0.01307331
v 0.01265001 0.05343997 0.01232198
v 0.01265001 0.05343997 0.01232198
v 0.01265001 0.05343997 0.01232198
v 0.01265001 0.04899785 0.00940010
v 0.01265001 0.04750499 0.01060267
v 0.01265001 0.04750499 0.01060267
v 0.01265001 0.04750499 0.01060267
v 0.01265001 0.04939231 0.00705518
v 0.01265001 0.04939231 0.00705518
v 0.01265001 0.04939231 0.00705518
v 0.01265000 0.05615337 -0.00152182
v 0.01265001 0.05029096 0.00654116
v 0.01265001 0.05029096 0.00654116
v 0.01265001 0.05029096 0.00654116
v 0.01465001 0.05029096 0.00654116
v 0.01465001 0.05029096 0.00654116
v 0.01465001 0.05029096 0.00654116
v 0.01465001 0.05081221 0.00564667
v 0.01465001 0.05081221 0.00564667
v 0.01465001 0.05081221 0.00564667
v 0.01265001 0.05081221 0.00564667
v 0.01265001 0.05081221 0.00564667
v 0.01265001 0.05081221 0.00564667
v 0.01265001 0.05081638 0.00461141
v 0.01265001 0.05081638 0.00461141
v 0.01265001 0.05081638 0.00461141
v 0.01265000 0.05030236 0.00371275
v 0.01265000 0.05030236 0.00371275
v 0.01265000 0.05030236 0.00371275
v 0.01265000 0.05392609 -0.00298103
v 0.01265000 0.05200915 -0.00204774
v 0.01265000 0.05200915 -0.00204774
v 0.01265000 0.05200915 -0.00204774
v 0.01265000 0.05196400 -0.00298124
v 0.01265000 0.05196400 -0.00298124
v 0.01265000 0.05196400 -0.00298124
v 0.01265000 0.05196400 -0.00298124
v 0.01265000 0.05151829 -0.00380270
v 0.01265000 0.05151829 -0.00380270
v 0.01265000 0.05151829 -0.00380270
v 0.01264999 0.05175824 -0.01033904
v 0.01264999 0.05664793 -0.00713555
v 0.01264999 0.04903640 -0.00618452
v 0.01265000 0.05076030 -0.00434942
v 0.01265000 0.05076030 -0.00434942
v 0.01265000 0.05076030 -0.00434942
v 0.01464999 0.04984016 -0.00451313
v 0.01464999 0.04984016 -0.00451313
v 0.01464999 0.04984016 -0.00451313
v 0.01264999 0.04984016 -0.00451313
v 0.01264999 0.04984016 -0.00451313
v 0.01264999 0.04984016 -0.00451313
v 0.01465000 0.04880498 -0.00418138
v 0.01465000 0.04880498 -0.00418138
v 0.01465000 0.04880498 -0.00418138
v 0.01265000 0.04880498 -0.00418138
v 0.01265000 0.04880498 -0.00418138
v 0.01265000 0.04880498 -0.00418138
v 0.01465000 0.04807436 -0.00337649
v 0.01465000 0.04807436 -0.00337649
v 0.01465000 0.04807436 -0.00337649
v 0.01265000 0.04807436 -0.00337649
v 0.01265000 0.04807436 -0.00337649
v 0.01265000 0.04807436 -0.00337649
v 0.01264999 0.04383846 -0.00703911
v 0.01264999 0.04383846 -0.00703911
v 0.01264999 0.04383846 -0.00703911
v 0.01464998 0.04179861 -0.01497455
v 0.01464998 0.04179861 -0.01497455
v 0.01464998 0.04179861 -0.01497455
v 0.01264998 0.04179861 -0.01497455
v 0.01264998 0.04179861 -0.01497455
v 0.01264998 0.04179861 -0.01497455
v 0.01264999 0.04435611 -0.00925082
v 0.01265000 0.04784407 -0.00231413
v 0.01265000 0.04784407 -0.00231413
v 0.01265000 0.04784407 -0.00231413
v 0.01465000 0.04784407 -0.00231413
v 0.01465000 0.04784407 -0.00231413
v 0.01465000 0.04784407 -0.00231413
v 0.01264999 0.04625580 -0.01042648
v 0.01264999 0.04625580 -0.01042648
v 0.01264999 0.04625580 -0.01042648
v 0.01264999 0.04617907 -0.00953971
v 0.01264999 0.04617907 -0.00953971
v 0.01264999 0.04617907 -0.00953971
v 0.01264998 0.04707795 -0.01340534
v 0.01264999 0.04649469 -0.00870746
v 0.01264999 0.04649469 -0.00870746
v 0.01264999 0.04649469 -0.00870746
v 0.01264999 0.04714016 -0.00809459
v 0.01264999 0.04714016 -0.00809459
v 0.01264999 0.04714016 -0.00809459
v 0.01464999 0.04714016 -0.00809459
v 0.01464999 0.04714016 -0.00809459
v 0.01464999 0.04714016 -0.00809459
v 0.01464999 0.04798763 -0.00782246
v 0.01464999 0.04798763 -0.00782246
v 0.01464999 0.04798763 -0.00782246
v 0.01264999 0.04798763 -0.00782245
v 0.01264999 0.04798763 -0.00782245
v 0.01264999 0.04798763 -0.00782245
v 0.01264999 0.04886923 -0.00794498
v 0.01264999 0.04886923 -0.00794498
v 0.01264999 0.04886923 -0.00794498
v 0.01464999 0.04886923 -0.00794498
v 0.01464999 0.04886923 -0.00794498
v 0.01464999 0.04886923 -0.00794498
v 0.01464999 0.04970924 -0.00855012
v 0.01464999 0.04970924 -0.00855012
v 0.01464999 0.04970924 -0.00855012
v 0.01264999 0.04970924 -0.00855012
v 0.01264999 0.04970924 -0.00855012
v 0.01264999 0.04970924 -0.00855012
v 0.01464999 0.05013413 -0.00949419
v 0.01464999 0.05013413 -0.00949419
v 0.01464999 0.05013413 -0.00949419
v 0.01264999 0.05013413 -0.00949418
v 0.01264999 0.05013413 -0.00949418
v 0.01264999 0.05013413 -0.00949418
v 0.01464999 0.05003006 -0.01052422
v 0.01464999 0.05003006 -0.01052422
v 0.01464999 0.05003006 -0.01052422
v 0.01264999 0.05003006 -0.01052422
v 0.01264999 0.05003006 -0.01052422
v 0.01264999 0.05003006 -0.01052422
v 0.01464999 0.04942492 -0.01136422
v 0.01464999 0.04942492 -0.01136422
v 0.01464999 0.04942492 -0.01136422
v 0.01264999 0.04942492 -0.01136422
v 0.01264999 0.04942492 -0.01136422
v 0.01264999 0.04942492 -0.01136422
v 0.01464999 0.04848086 -0.01178911
v 0.01464999 0.04848086 -0.01178911
v 0.01464999 0.04848086 -0.01178911
v 0.01464998 0.04707795 -0.01340534
v 0.01464998 0.04485691 -0.01536593
v 0.01464998 0.04485691 -0.01536593
v 0.01464998 0.04485691 -0.01536593
v 0.01464999 0.04435611 -0.00925082
v 0.01464998 0.04602045 -0.01511370
v 0.01464998 0.04602045 -0.01511370
v 0.01464998 0.04602045 -0.01511370
v 0.01464998 0.04602045 -0.01511370
v 0.01464999 0.04745083 -0.01168505
v 0.01464999 0.04745083 -0.01168505
v 0.01464999 0.04745083 -0.01168505
v 0.01464998 0.04852679 -0.01561680
v 0.01464998 0.04715422 -0.01547704
v 0.01464998 0.04715422 -0.01547704
v 0.01464998 0.04715422 -0.01547704
v 0.01464999 0.04670968 -0.01119214
v 0.01464999 0.04670968 -0.01119214
v 0.01464999 0.04670968 -0.01119214
v 0.01264999 0.04745083 -0.01168505
v 0.01264999 0.04745083 -0.01168505
v 0.01264999 0.04745083 -0.01168505
v 0.01264999 0.04670968 -0.01119214
v 0.01264999 0.04670968 -0.01119214
v 0.01264999 0.04670968 -0.01119214
v 0.01464999 0.04625580 -0.01042648
v 0.01464999 0.04625580 -0.01042648
v 0.01464999 0.04625580 -0.01042648
v 0.01464999 0.04617907 -0.00953971
v 0.01464999 0.04617907 -0.00953971
v 0.01464999 0.04617907 -0.00953971
v 0.01464999 0.04649469 -0.00870747
v 0.01464999 0.04649469 -0.00870747
v 0.01464999 0.04649469 -0.00870747
v 0.01264999 0.04848086 -0.01178911
v 0.01264999 0.04848086 -0.01178911
v 0.01264999 0.04848086 -0.01178911
v 0.01264998 0.04602045 -0.01511370
v 0.01264998 0.04602045 -0.01511370
v 0.01264998 0.04602045 -0.01511370
v 0.01264998 0.04715422 -0.01547704
v 0.01264998 0.04715422 -0.01547704
v 0.01264998 0.04715422 -0.01547704
v 0.01464998 0.04795443 -0.01635859
v 0.01464998 0.04795443 -0.01635859
v 0.01464998 0.04795443 -0.01635859
v 0.01464998 0.05200133 -0.01742197
v 0.01464998 0.05200133 -0.01742197
v 0.01464998 0.05200133 -0.01742197
v 0.01264998 0.04795443 -0.01635859
v 0.01264998 0.04795443 -0.01635859
v 0.01264998 0.04795443 -0.01635859
v 0.01264998 0.04795443 -0.01635859
v 0.01464998 0.04820665 -0.01752214
v 0.01464998 0.04820665 -0.01752214
v 0.01464998 0.04820665 -0.01752214
v 0.01464998 0.04820665 -0.01752214
v 0.01264998 0.04820665 -0.01752214
v 0.01264998 0.04820665 -0.01752214
v 0.01264998 0.04820665 -0.01752214
v 0.01464998 0.04784331 -0.01865591
v 0.01464998 0.04784331 -0.01865591
v 0.01464998 0.04784331 -0.01865591
v 0.01464998 0.05047653 -0.02144254
v 0.01464998 0.05047653 -0.02144254
v 0.01464998 0.05047653 -0.02144254
v 0.01264998 0.05200133 -0.01742197
v 0.01264998 0.05200133 -0.01742197
v 0.01264998 0.05200133 -0.01742197
v 0.01264997 0.05047653 -0.02144254
v 0.01264997 0.05047653 -0.02144254
v 0.01264997 0.05047653 -0.02144254
v 0.01264997 0.05117290 -0.02170664
v 0.01264997 0.05117290 -0.02170664
v 0.01464998 0.05117290 -0.02170664
v 0.01464998 0.05117290 -0.02170664
v 0.01464998 0.04696176 -0.01945611
v 0.01464998 0.04696176 -0.01945611
v 0.01464998 0.04696176 -0.01945611
v 0.01464997 0.04410616 -0.02332432
v 0.01464997 0.04410616 -0.02332432
v 0.01464997 0.04410616 -0.02332432
v 0.01464997 0.04453105 -0.02426839
v 0.01464997 0.04453105 -0.02426839
v 0.01464997 0.04453105 -0.02426839
v 0.01264997 0.04410616 -0.02332432
v 0.01264997 0.04410616 -0.02332432
v 0.01264997 0.04410616 -0.02332432
v 0.01264997 0.04453105 -0.02426838
v 0.01264997 0.04453105 -0.02426838
v 0.01264997 0.04453105 -0.02426838
v 0.01464997 0.04442699 -0.02529842
v 0.01464997 0.04442699 -0.02529842
v 0.01464997 0.04442699 -0.02529842
v 0.01264997 0.04442699 -0.02529842
v 0.01264997 0.04442699 -0.02529842
v 0.01264997 0.04442699 -0.02529842
v 0.01464997 0.04382185 -0.02613842
v 0.01464997 0.04382185 -0.02613842
v 0.01464997 0.04382185 -0.02613842
v 0.01264997 0.04382185 -0.02613842
v 0.01264997 0.04382185 -0.02613842
v 0.01264997 0.04382185 -0.02613842
v 0.01464997 0.04287777 -0.02656331
v 0.01464997 0.04287777 -0.02656331
v 0.01464997 0.04287777 -0.02656331
v 0.01464997 0.04107470 -0.02832249
v 0.01464997 0.04029877 -0.02967187
v 0.01464997 0.04029877 -0.02967187
v 0.01464997 0.04029877 -0.02967187
v 0.01464997 0.04954299 -0.02957674
v 0.01464997 0.04954299 -0.02957674
v 0.01464997 0.04954299 -0.02957674
v 0.01464996 0.04094125 -0.03054873
v 0.01464996 0.04094125 -0.03054873
v 0.01464996 0.04094125 -0.03054873
v 0.01464997 0.04037654 -0.02725685
v 0.01464997 0.03822332 -0.02935172
v 0.01464997 0.03822332 -0.02935172
v 0.01464997 0.03822332 -0.02935172
v 0.01464997 0.03930394 -0.02923374
v 0.01464997 0.03930394 -0.02923374
v 0.01464997 0.03930394 -0.02923374
v 0.01464996 0.04498729 -0.03613081
v 0.01464996 0.04498729 -0.03613081
v 0.01464996 0.04498729 -0.03613081
v 0.01464995 0.04071191 -0.04088804
v 0.01464995 0.04071191 -0.04088804
v 0.01464995 0.04071191 -0.04088804
v 0.01464996 0.04105924 -0.03162934
v 0.01464996 0.04105924 -0.03162934
v 0.01464996 0.04105924 -0.03162934
v 0.01264995 0.04071191 -0.04088804
v 0.01264995 0.04071191 -0.04088804
v 0.01264995 0.04071191 -0.04088804
v 0.01264996 0.04498729 -0.03613080
v 0.01264996 0.04498729 -0.03613080
v 0.01264996 0.04498729 -0.03613080
v 0.01264997 0.04954299 -0.02957674
v 0.01264997 0.04954299 -0.02957674
v 0.01264997 0.04954299 -0.02957674
v 0.01464996 0.04062110 -0.03262418
v 0.01464996 0.04062110 -0.03262418
v 0.01464996 0.04062110 -0.03262418
v 0.01264996 0.04105924 -0.03162934
v 0.01264996 0.04105924 -0.03162934
v 0.01264996 0.04105924 -0.03162934
v 0.01264996 0.04062110 -0.03262418
v 0.01264996 0.04062110 -0.03262418
v 0.01264996 0.04062110 -0.03262418
v 0.01464996 0.03974425 -0.03326666
v 0.01464996 0.03974425 -0.03326666
v 0.01464996 0.03974425 -0.03326666
v 0.01264996 0.03974425 -0.03326666
v 0.01264996 0.03974425 -0.03326666
v 0.01264996 0.03974425 -0.03326666
v 0.01464996 0.03866363 -0.03338465
v 0.01464996 0.03866363 -0.03338465
v 0.01464996 0.03866363 -0.03338465
v 0.01264996 0.03866363 -0.03338464
v 0.01264996 0.03866363 -0.03338464
v 0.01264996 0.03866363 -0.03338464
v 0.01264996 0.03866363 -0.03338464
v 0.01464996 0.03766880 -0.03294651
v 0.01464996 0.03766880 -0.03294651
v 0.01464996 0.03766880 -0.03294651
v 0.01464996 0.03766880 -0.03294651
v 0.01464996 0.03702631 -0.03206966
v 0.01464996 0.03702631 -0.03206966
v 0.01464996 0.03702631 -0.03206966
v 0.01264996 0.03766880 -0.03294651
v 0.01264996 0.03766880 -0.03294651
v 0.01264996 0.03766880 -0.03294651
v 0.01464996 0.03504299 -0.03227418
v 0.01464996 0.03209714 -0.03457533
v 0.01464996 0.03209714 -0.03457533
v 0.01464996 0.03209714 -0.03457533
v 0.01464996 0.03690833 -0.03098904
v 0.01464996 0.03690833 -0.03098904
v 0.01464996 0.03690833 -0.03098904
v 0.01464996 0.03308045 -0.03425145
v 0.01464996 0.03308045 -0.03425145
v 0.01464996 0.03308045 -0.03425145
v 0.01464996 0.03308045 -0.03425145
v 0.01464996 0.03409396 -0.03446261
v 0.01464996 0.03409396 -0.03446261
v 0.01464996 0.03409396 -0.03446261
v 0.01464996 0.02874821 -0.03639822
v 0.01464996 0.03486611 -0.03515224
v 0.01464996 0.03486611 -0.03515224
v 0.01464996 0.03486611 -0.03515224
v 0.01464996 0.03434483 -0.03120853
v 0.01464996 0.02765481 -0.03473575
v 0.01464996 0.02765481 -0.03473575
v 0.01464996 0.02765481 -0.03473575
v 0.01464996 0.02805005 -0.03533257
v 0.01464997 0.03734646 -0.02999421
v 0.01464997 0.03734646 -0.02999421
v 0.01464997 0.03734646 -0.02999421
v 0.01464997 0.03356661 -0.02906275
v 0.01464997 0.03356661 -0.02906275
v 0.01464997 0.03356661 -0.02906275
v 0.01464997 0.03833534 -0.02240005
v 0.01464997 0.03833534 -0.02240005
v 0.01464997 0.03833534 -0.02240005
v 0.01264997 0.03833534 -0.02240005
v 0.01264997 0.03833534 -0.02240005
v 0.01264997 0.03833534 -0.02240005
v 0.01264997 0.03356661 -0.02906275
v 0.01264997 0.03356661 -0.02906275
v 0.01264997 0.03356661 -0.02906275
v 0.01264996 0.02765481 -0.03473575
v 0.01264996 0.02765481 -0.03473575
v 0.01264996 0.02765481 -0.03473575
v 0.01264996 0.03434483 -0.03120853
v 0.01264996 0.02805005 -0.03533257
v 0.01264995 0.02119058 -0.03982656
v 0.01264995 0.02188875 -0.04089221
v 0.01264996 0.02874821 -0.03639822
v 0.01264996 0.02725814 -0.03879753
v 0.01264996 0.02725814 -0.03879753
v 0.01264996 0.02725814 -0.03879753
v 0.01264996 0.03140751 -0.03534748
v 0.01264996 0.03140751 -0.03534748
v 0.01264996 0.03140751 -0.03534748
v 0.01264995 0.02834773 -0.03927739
v 0.01264995 0.02834773 -0.03927739
v 0.01264995 0.02834773 -0.03927739
v 0.01264996 0.03209714 -0.03457533
v 0.01264996 0.03209714 -0.03457533
v 0.01264996 0.03209714 -0.03457533
v 0.01264996 0.03209714 -0.03457533
v 0.01264995 0.03497890 -0.04588865
v 0.01264995 0.03497890 -0.04588865
v 0.01264995 0.03497890 -0.04588865
v 0.01264995 0.02898316 -0.04007987
v 0.01264995 0.02898316 -0.04007987
v 0.01264995 0.02898316 -0.04007987
v 0.01264996 0.03152023 -0.03734430
v 0.01264996 0.03152023 -0.03734430
v 0.01264996 0.03152023 -0.03734430
v 0.01264995 0.03182959 -0.04466029
v 0.01264995 0.03182959 -0.04466029
v 0.01264995 0.03182959 -0.04466029
v 0.01264995 0.02607461 -0.03892674
v 0.01264995 0.02607461 -0.03892674
v 0.01264995 0.02607461 -0.03892674
v 0.01264996 0.03119635 -0.03636099
v 0.01264996 0.03119635 -0.03636099
v 0.01264996 0.03119635 -0.03636099
v 0.01264996 0.03504299 -0.03227418
v 0.01264996 0.03486611 -0.03515224
v 0.01264996 0.03486611 -0.03515224
v 0.01264996 0.03486611 -0.03515224
v 0.01264996 0.03702631 -0.03206966
v 0.01264996 0.03702631 -0.03206966
v 0.01264996 0.03702631 -0.03206966
v 0.01264996 0.03518999 -0.03613555
v 0.01264996 0.03518999 -0.03613555
v 0.01264996 0.03518999 -0.03613555
v 0.01264996 0.03690833 -0.03098904
v 0.01264996 0.03690833 -0.03098904
v 0.01264996 0.03690833 -0.03098904
v 0.01264996 0.03308045 -0.03425145
v 0.01264996 0.03308045 -0.03425145
v 0.01264996 0.03308045 -0.03425145
v 0.01264997 0.03734646 -0.02999421
v 0.01264997 0.03734646 -0.02999421
v 0.01264997 0.03734646 -0.02999421
v 0.01264996 0.03409396 -0.03446261
v 0.01264996 0.03409396 -0.03446261
v 0.01264996 0.03409396 -0.03446261
v 0.01264997 0.03822332 -0.02935172
v 0.01264997 0.03822332 -0.02935172
v 0.01264997 0.03822332 -0.02935172
v 0.01264997 0.03930394 -0.02923374
v 0.01264997 0.03930394 -0.02923374
v 0.01264997 0.03930394 -0.02923374
v 0.01264997 0.04037654 -0.02725684
v 0.01264997 0.04058285 -0.02491003
v 0.01264997 0.04058285 -0.02491003
v 0.01264997 0.04058285 -0.02491003
v 0.01264997 0.04107470 -0.02832249
v 0.01264997 0.04184774 -0.02645924
v 0.01264997 0.04184774 -0.02645924
v 0.01264997 0.04184774 -0.02645924
v 0.01264997 0.04100774 -0.02585410
v 0.01264997 0.04100774 -0.02585410
v 0.01264997 0.04100774 -0.02585410
v 0.01464997 0.04100774 -0.02585411
v 0.01464997 0.04100774 -0.02585411
v 0.01464997 0.04100774 -0.02585411
v 0.01464997 0.04058285 -0.02491004
v 0.01464997 0.04058285 -0.02491004
v 0.01464997 0.04058285 -0.02491004
v 0.01464997 0.04068692 -0.02388001
v 0.01464997 0.04068692 -0.02388001
v 0.01464997 0.04068692 -0.02388001
v 0.01264997 0.04068692 -0.02388000
v 0.01264997 0.04068692 -0.02388000
v 0.01264997 0.04068692 -0.02388000
v 0.01464997 0.04129206 -0.02304000
v 0.01464997 0.04129206 -0.02304000
v 0.01464997 0.04129206 -0.02304000
v 0.01264997 0.04129206 -0.02304000
v 0.01264997 0.04129206 -0.02304000
v 0.01264997 0.04129206 -0.02304000
v 0.01464997 0.04223612 -0.02261511
v 0.01464997 0.04223612 -0.02261511
v 0.01464997 0.04223612 -0.02261511
v 0.01464998 0.04386425 -0.01846345
v 0.01464998 0.04386425 -0.01846345
v 0.01464998 0.04386425 -0.01846345
v 0.01464998 0.04466445 -0.01934499
v 0.01464998 0.04466445 -0.01934499
v 0.01464998 0.04466445 -0.01934499
v 0.01264998 0.04466445 -0.01934499
v 0.01264998 0.04466445 -0.01934499
v 0.01264998 0.04466445 -0.01934499
v 0.01264998 0.04386425 -0.01846345
v 0.01264998 0.04386425 -0.01846345
v 0.01264998 0.04386425 -0.01846345
v 0.01464998 0.04361202 -0.01729991
v 0.01464998 0.04361202 -0.01729991
v 0.01464998 0.04361202 -0.01729991
v 0.01264998 0.04361202 -0.01729990
v 0.01264998 0.04361202 -0.01729990
v 0.01264998 0.04361202 -0.01729990
v 0.01464998 0.04397536 -0.01616613
v 0.01464998 0.04397536 -0.01616613
v 0.01464998 0.04397536 -0.01616613
v 0.01264998 0.04397536 -0.01616613
v 0.01264998 0.04397536 -0.01616613
v 0.01264998 0.04397536 -0.01616613
v 0.01264998 0.04485691 -0.01536592
v 0.01264998 0.04485691 -0.01536592
v 0.01264998 0.04485691 -0.01536592
v 0.01264998 0.04485691 -0.01536592
v 0.01264997 0.04223612 -0.02261511
v 0.01264997 0.04223612 -0.02261511
v 0.01264997 0.04223612 -0.02261511
v 0.01264997 0.04326615 -0.02271918
v 0.01264997 0.04326615 -0.02271918
v 0.01264997 0.04326615 -0.02271918
v 0.01464997 0.04326615 -0.02271918
v 0.01464997 0.04326615 -0.02271918
v 0.01464997 0.04326615 -0.02271918
v 0.01464998 0.04579822 -0.01970833
v 0.01464998 0.04579822 -0.01970833
v 0.01464998 0.04579822 -0.01970833
v 0.01464998 0.04579822 -0.01970833
v 0.01264998 0.04579822 -0.01970833
v 0.01264998 0.04579822 -0.01970833
v 0.01264998 0.04579822 -0.01970833
v 0.01264998 0.04696176 -0.01945611
v 0.01264998 0.04696176 -0.01945611
v 0.01264998 0.04696176 -0.01945611
v 0.01264998 0.04696176 -0.01945611
v 0.01264998 0.04784331 -0.01865590
v 0.01264998 0.04784331 -0.01865590
v 0.01264998 0.04784331 -0.01865590
v 0.01464997 0.04184774 -0.02645925
v 0.01464997 0.04184774 -0.02645925
v 0.01464997 0.04184774 -0.02645925
v 0.01264997 0.04287777 -0.02656331
v 0.01264997 0.04287777 -0.02656331
v 0.01264997 0.04287777 -0.02656331
v 0.01264997 0.04029877 -0.02967187
v 0.01264997 0.04029877 -0.02967187
v 0.01264997 0.04029877 -0.02967187
v 0.01264997 0.05296079 -0.02238469
v 0.01264997 0.05296079 -0.02238469
v 0.01264996 0.04094125 -0.03054873
v 0.01264996 0.04094125 -0.03054873
v 0.01264996 0.04094125 -0.03054873
v 0.01464997 0.05296079 -0.02238469
v 0.01464997 0.05296079 -0.02238469
v 0.01264997 0.05315062 -0.02245668
v 0.01264997 0.05315062 -0.02245668
v 0.01264997 0.05315062 -0.02245668
v 0.01464997 0.05315062 -0.02245668
v 0.01464997 0.05315062 -0.02245668
v 0.01464997 0.05315062 -0.02245668
v 0.01464996 0.03518999 -0.03613555
v 0.01464996 0.03518999 -0.03613555
v 0.01464996 0.03518999 -0.03613555
v 0.01464996 0.03497883 -0.03714906
v 0.01464996 0.03497883 -0.03714906
v 0.01464996 0.03497883 -0.03714906
v 0.01264996 0.03497883 -0.03714906
v 0.01264996 0.03497883 -0.03714906
v 0.01264996 0.03497883 -0.03714906
v 0.01464996 0.03428920 -0.03792121
v 0.01464996 0.03428920 -0.03792121
v 0.01464996 0.03428920 -0.03792121
v 0.01264996 0.03428920 -0.03792121
v 0.01264996 0.03428920 -0.03792121
v 0.01264996 0.03428920 -0.03792121
v 0.01264995 0.03957070 -0.04199347
v 0.01264995 0.03957070 -0.04199347
v 0.01264995 0.03957070 -0.04199347
v 0.01464996 0.03330589 -0.03824509
v 0.01464996 0.03330589 -0.03824509
v 0.01464996 0.03330589 -0.03824509
v 0.01264996 0.03330589 -0.03824509
v 0.01264996 0.03330589 -0.03824509
v 0.01264996 0.03330589 -0.03824509
v 0.01464996 0.03229238 -0.03803393
v 0.01464996 0.03229238 -0.03803393
v 0.01464996 0.03229238 -0.03803393
v 0.01264996 0.03229238 -0.03803393
v 0.01264996 0.03229238 -0.03803393
v 0.01264996 0.03229238 -0.03803393
v 0.01464996 0.03152023 -0.03734430
v 0.01464996 0.03152023 -0.03734430
v 0.01464996 0.03152023 -0.03734430
v 0.01464996 0.03119635 -0.03636099
v 0.01464996 0.03119635 -0.03636099
v 0.01464996 0.03119635 -0.03636099
v 0.01464996 0.03140751 -0.03534748
v 0.01464996 0.03140751 -0.03534748
v 0.01464996 0.03140751 -0.03534748
v 0.01464995 0.03497890 -0.04588865
v 0.01464995 0.03497890 -0.04588865
v 0.01464995 0.03497890 -0.04588865
v 0.01264994 0.03339687 -0.04705252
v 0.01264994 0.03339687 -0.04705252
v 0.01264994 0.03339687 -0.04705252
v 0.01464995 0.03957070 -0.04199347
v 0.01464995 0.03957070 -0.04199347
v 0.01464995 0.03957070 -0.04199347
v 0.01464995 0.02897627 -0.04207572
v 0.01464995 0.02897627 -0.04207572
v 0.01464995 0.02897627 -0.04207572
v 0.01464995 0.02833532 -0.04287379
v 0.01464995 0.02833532 -0.04287379
v 0.01464995 0.02833532 -0.04287379
v 0.01464995 0.03182959 -0.04466029
v 0.01464995 0.03182959 -0.04466029
v 0.01464995 0.03182959 -0.04466029
v 0.01464995 0.02898316 -0.04007987
v 0.01464995 0.02898316 -0.04007987
v 0.01464995 0.02898316 -0.04007987
v 0.01464995 0.02920749 -0.04107858
v 0.01464995 0.02920749 -0.04107858
v 0.01464995 0.02920749 -0.04107858
v 0.01464995 0.03339687 -0.04705253
v 0.01464995 0.03339687 -0.04705253
v 0.01464995 0.03339687 -0.04705253
v 0.01264995 0.02920749 -0.04107857
v 0.01264995 0.02920749 -0.04107857
v 0.01264995 0.02920749 -0.04107857
v 0.01264995 0.02897627 -0.04207572
v 0.01264995 0.02897627 -0.04207572
v 0.01264995 0.02897627 -0.04207572
v 0.01264995 0.02833532 -0.04287379
v 0.01264995 0.02833532 -0.04287379
v 0.01264995 0.02833532 -0.04287379
v 0.01464995 0.02741156 -0.04331473
v 0.01464995 0.02741156 -0.04331473
v 0.01464995 0.02741156 -0.04331473
v 0.01264995 0.02741156 -0.04331473
v 0.01264995 0.02741156 -0.04331473
v 0.01264995 0.02741156 -0.04331473
v 0.01464995 0.02638797 -0.04331120
v 0.01464995 0.02638797 -0.04331120
v 0.01464995 0.02638797 -0.04331120
v 0.01264995 0.02638797 -0.04331119
v 0.01264995 0.02638797 -0.04331119
v 0.01264995 0.02638797 -0.04331119
v 0.01464995 0.02546728 -0.04286390
v 0.01464995 0.02546728 -0.04286390
v 0.01464995 0.02546728 -0.04286390
v 0.01264995 0.02546728 -0.04286389
v 0.01264995 0.02546728 -0.04286389
v 0.01264995 0.02546728 -0.04286389
v 0.01264994 0.02823277 -0.04701674
v 0.01264994 0.02823277 -0.04701674
v 0.01264994 0.02823277 -0.04701674
v 0.01464995 0.02823277 -0.04701675
v 0.01464995 0.02823277 -0.04701675
v 0.01464995 0.02823277 -0.04701675
v 0.01264994 0.02980006 -0.04940899
v 0.01264994 0.02980006 -0.04940899
v 0.01264994 0.02980006 -0.04940899
v 0.01464994 0.02980006 -0.04940899
v 0.01464994 0.02980006 -0.04940899
v 0.01464994 0.02980006 -0.04940899
v 0.01264994 0.02810122 -0.05039458
v 0.01264994 0.02810122 -0.05039458
v 0.01264994 0.02810122 -0.05039458
v 0.01464994 0.02810122 -0.05039458
v 0.01464994 0.02810122 -0.05039458
v 0.01464994 0.02810122 -0.05039458
v 0.01264995 0.02107216 -0.04658037
v 0.01264995 0.02107216 -0.04658037
v 0.01264995 0.02107216 -0.04658037
v 0.01264995 0.02107216 -0.04658037
v 0.01264995 0.02176179 -0.04580823
v 0.01264995 0.02176179 -0.04580823
v 0.01264995 0.02176179 -0.04580823
v 0.01264995 0.02197295 -0.04479472
v 0.01264995 0.02197295 -0.04479472
v 0.01264995 0.02197295 -0.04479472
v 0.01264994 0.02269636 -0.05304872
v 0.01264994 0.02269636 -0.05304872
v 0.01264994 0.02269636 -0.05304872
v 0.01264994 0.01515833 -0.05567330
v 0.01264994 0.01515833 -0.05567330
v 0.01264994 0.01515833 -0.05567330
v 0.01464994 0.01515833 -0.05567330
v 0.01464994 0.01515833 -0.05567330
v 0.01464994 0.01515833 -0.05567330
v 0.01464994 0.02269636 -0.05304872
v 0.01464994 0.02269636 -0.05304872
v 0.01464994 0.02269636 -0.05304872
v 0.01264995 0.01907534 -0.04669310
v 0.01264995 0.01907534 -0.04669310
v 0.01264995 0.01907534 -0.04669310
v 0.01264995 0.02008885 -0.04690426
v 0.01264995 0.02008885 -0.04690426
v 0.01264995 0.02008885 -0.04690426
v 0.01464995 0.01907534 -0.04669310
v 0.01464995 0.01907534 -0.04669310
v 0.01464995 0.01907534 -0.04669310
v 0.01464995 0.02008885 -0.04690426
v 0.01464995 0.02008885 -0.04690426
v 0.01464995 0.02008885 -0.04690426
v 0.01464995 0.02008885 -0.04690426
v 0.01464995 0.02107216 -0.04658038
v 0.01464995 0.02107216 -0.04658038
v 0.01464995 0.02107216 -0.04658038
v 0.01464995 0.02176179 -0.04580823
v 0.01464995 0.02176179 -0.04580823
v 0.01464995 0.02176179 -0.04580823
v 0.01464995 0.02197295 -0.04479472
v 0.01464995 0.02197295 -0.04479472
v 0.01464995 0.02197295 -0.04479472
v 0.01464995 0.02197295 -0.04479472
v 0.01264995 0.02164907 -0.04381141
v 0.01264995 0.02164907 -0.04381141
v 0.01264995 0.02164907 -0.04381141
v 0.01264995 0.02164907 -0.04381141
v 0.01464995 0.02164907 -0.04381141
v 0.01464995 0.02164907 -0.04381141
v 0.01464995 0.02164907 -0.04381141
v 0.01464995 0.02087692 -0.04312178
v 0.01464995 0.02087692 -0.04312178
v 0.01464995 0.02087692 -0.04312178
v 0.01264995 0.02087692 -0.04312178
v 0.01264995 0.02087692 -0.04312178
v 0.01264995 0.02087692 -0.04312178
v 0.01464995 0.02188875 -0.04089221
v 0.01464995 0.02463439 -0.04072000
v 0.01464995 0.02463439 -0.04072000
v 0.01464995 0.02463439 -0.04072000
v 0.01464995 0.01888010 -0.04323450
v 0.01464995 0.01888010 -0.04323450
v 0.01464995 0.01888010 -0.04323450
v 0.01464995 0.02119058 -0.03982656
v 0.01464995 0.02511425 -0.03963042
v 0.01464995 0.02511425 -0.03963042
v 0.01464995 0.02511425 -0.03963042
v 0.01464995 0.01986341 -0.04291062
v 0.01464995 0.01986341 -0.04291062
v 0.01464995 0.01986341 -0.04291062
v 0.01464995 0.01258378 -0.04621753
v 0.01464995 0.01258378 -0.04621753
v 0.01464995 0.01258378 -0.04621753
v 0.01464995 0.02607461 -0.03892675
v 0.01464995 0.02607461 -0.03892675
v 0.01464995 0.02607461 -0.03892675
v 0.01464995 0.01367081 -0.04621315
v 0.01464995 0.01367081 -0.04621315
v 0.01464995 0.01367081 -0.04621315
v 0.01464995 0.02476360 -0.04190354
v 0.01464995 0.02476360 -0.04190354
v 0.01464995 0.02476360 -0.04190354
v 0.01264995 0.02476360 -0.04190353
v 0.01264995 0.02476360 -0.04190353
v 0.01264995 0.02476360 -0.04190353
v 0.01264995 0.02463439 -0.04072000
v 0.01264995 0.02463439 -0.04072000
v 0.01264995 0.02463439 -0.04072000
v 0.01264995 0.02511425 -0.03963042
v 0.01264995 0.02511425 -0.03963042
v 0.01264995 0.02511425 -0.03963042
v 0.01264995 0.01258378 -0.04621753
v 0.01264995 0.01258378 -0.04621753
v 0.01264995 0.01258378 -0.04621753
v 0.01264995 0.01367081 -0.04621315
v 0.01264995 0.01367081 -0.04621315
v 0.01264995 0.01367081 -0.04621315
v 0.01464995 0.01461440 -0.04675287
v 0.01464995 0.01461440 -0.04675287
v 0.01464995 0.01461440 -0.04675287
v 0.01264995 0.01461440 -0.04675287
v 0.01264995 0.01461440 -0.04675287
v 0.01264995 0.01461440 -0.04675287
v 0.01464995 0.01516171 -0.04769208
v 0.01464995 0.01516171 -0.04769208
v 0.01464995 0.01516171 -0.04769208
v 0.01464995 0.01797931 -0.04502016
v 0.01464995 0.01797931 -0.04502016
v 0.01464995 0.01797931 -0.04502016
v 0.01464995 0.01797931 -0.04502016
v 0.01464995 0.01819047 -0.04400665
v 0.01464995 0.01819047 -0.04400665
v 0.01464995 0.01819047 -0.04400665
v 0.01464995 0.01830319 -0.04600347
v 0.01464995 0.01830319 -0.04600347
v 0.01464995 0.01830319 -0.04600347
v 0.01264995 0.01830319 -0.04600347
v 0.01264995 0.01830319 -0.04600347
v 0.01264995 0.01830319 -0.04600347
v 0.01264995 0.01830319 -0.04600347
v 0.01264994 0.01516171 -0.04769208
v 0.01264994 0.01516171 -0.04769208
v 0.01264994 0.01516171 -0.04769208
v 0.01264995 0.01797931 -0.04502016
v 0.01264995 0.01797931 -0.04502016
v 0.01264995 0.01797931 -0.04502016
v 0.01264994 0.01516609 -0.04877911
v 0.01264994 0.01516609 -0.04877911
v 0.01264994 0.01516609 -0.04877911
v 0.01464994 0.01516609 -0.04877911
v 0.01464994 0.01516609 -0.04877911
v 0.01464994 0.01516609 -0.04877911
v 0.01464994 0.01462637 -0.04972270
v 0.01464994 0.01462637 -0.04972270
v 0.01464994 0.01462637 -0.04972270
v 0.01264994 0.01462637 -0.04972269
v 0.01264994 0.01462637 -0.04972269
v 0.01264994 0.01462637 -0.04972269
v 0.01464994 0.01368716 -0.05027000
v 0.01464994 0.01368716 -0.05027000
v 0.01464994 0.01368716 -0.05027000
v 0.01264994 0.01368716 -0.05027000
v 0.01264994 0.01368716 -0.05027000
v 0.01264994 0.01368716 -0.05027000
v 0.01464994 0.01260013 -0.05027439
v 0.01464994 0.01260013 -0.05027439
v 0.01464994 0.01260013 -0.05027439
v 0.01264994 0.01260013 -0.05027438
v 0.01264994 0.01260013 -0.05027438
v 0.01264994 0.01260013 -0.05027438
v 0.01464994 0.01165654 -0.04973466
v 0.01464994 0.01165654 -0.04973466
v 0.01464994 0.01165654 -0.04973466
v 0.01264994 0.01165654 -0.04973466
v 0.01264994 0.01165654 -0.04973466
v 0.01264994 0.01165654 -0.04973466
v 0.01264993 0.00733024 -0.05723250
v 0.01264993 0.00733024 -0.05723250
v 0.01264993 0.00733024 -0.05723250
v 0.01264994 0.00956225 -0.04896793
v 0.01264994 0.00412127 -0.05253260
v 0.01264994 -0.00049997 -0.05483989
v 0.01264994 -0.00049997 -0.05483989
v 0.01264994 -0.00049997 -0.05483989
v 0.01264993 -0.00050016 -0.05769785
v 0.01264993 -0.00050016 -0.05769785
v 0.01264993 -0.00050016 -0.05769785
v 0.01264993 -0.00050016 -0.05769785
v 0.01464993 0.00733024 -0.05723251
v 0.01464993 0.00733024 -0.05723251
v 0.01464993 0.00733024 -0.05723251
v 0.01464993 0.00733024 -0.05723251
v 0.01264994 0.01110923 -0.04879545
v 0.01264994 0.01110923 -0.04879545
v 0.01264994 0.01110923 -0.04879545
v 0.01464994 0.01110923 -0.04879546
v 0.01464994 0.01110923 -0.04879546
v 0.01464994 0.01110923 -0.04879546
v 0.01464995 0.01110485 -0.04770843
v 0.01464995 0.01110485 -0.04770843
v 0.01464995 0.01110485 -0.04770843
v 0.01264994 0.01110485 -0.04770842
v 0.01264994 0.01110485 -0.04770842
v 0.01264994 0.01110485 -0.04770842
v 0.01464995 0.01164458 -0.04676484
v 0.01464995 0.01164458 -0.04676484
v 0.01464995 0.01164458 -0.04676484
v 0.01264995 0.01164458 -0.04676484
v 0.01264995 0.01164458 -0.04676484
v 0.01264995 0.01164458 -0.04676484
v 0.01264994 0.00886409 -0.04790229
v 0.01264994 0.00730556 -0.04978973
v 0.01264994 0.00730556 -0.04978973
v 0.01264994 0.00730556 -0.04978973
v 0.01264995 0.00522659 -0.04409132
v 0.01264995 0.00522659 -0.04409132
v 0.01264995 0.00522659 -0.04409132
v 0.01264994 0.00663016 -0.04715421
v 0.01264994 0.00663016 -0.04715421
v 0.01264994 0.00663016 -0.04715421
v 0.01264994 0.00732599 -0.04792077
v 0.01264994 0.00732599 -0.04792077
v 0.01264994 0.00732599 -0.04792077
v 0.01264994 0.00754531 -0.04893254
v 0.01264994 0.00754531 -0.04893254
v 0.01264994 0.00754531 -0.04893254
v 0.01264995 0.01323935 -0.04238020
v 0.01264995 0.01323935 -0.04238020
v 0.01264995 0.01323935 -0.04238020
v 0.01264995 0.02080126 -0.03922587
v 0.01264995 0.02080126 -0.03922587
v 0.01264995 0.02080126 -0.03922587
v 0.01464995 0.01323935 -0.04238020
v 0.01464995 0.01323935 -0.04238020
v 0.01464995 0.01323935 -0.04238020
v 0.01464995 0.00522659 -0.04409132
v 0.01464995 0.00522659 -0.04409132
v 0.01464995 0.00522659 -0.04409132
v 0.01464995 0.00505812 -0.04411096
v 0.01464995 0.00505812 -0.04411096
v 0.01464995 0.00505812 -0.04411096
v 0.01464995 0.00463250 -0.04705759
v 0.01464995 0.00463250 -0.04705759
v 0.01464995 0.00463250 -0.04705759
v 0.01464995 0.00564427 -0.04683826
v 0.01464995 0.00564427 -0.04683826
v 0.01464995 0.00564427 -0.04683826
v 0.01464995 0.00663016 -0.04715421
v 0.01464995 0.00663016 -0.04715421
v 0.01464995 0.00663016 -0.04715421
v 0.01464994 0.00886409 -0.04790229
v 0.01464995 0.02080126 -0.03922587
v 0.01464995 0.02080126 -0.03922587
v 0.01464995 0.02080126 -0.03922587
v 0.01464994 0.00732599 -0.04792077
v 0.01464994 0.00732599 -0.04792077
v 0.01464994 0.00732599 -0.04792077
v 0.01464994 0.00754531 -0.04893255
v 0.01464994 0.00754531 -0.04893255
v 0.01464994 0.00754531 -0.04893255
v 0.01464994 0.00956225 -0.04896794
v 0.01464994 0.00671763 -0.05045801
v 0.01464994 0.00671763 -0.05045801
v 0.01464994 0.00671763 -0.05045801
v 0.01464994 0.00412127 -0.05253261
v 0.01464994 0.00730556 -0.04978974
v 0.01464994 0.00730556 -0.04978974
v 0.01464994 0.00730556 -0.04978974
v 0.01464994 0.00589797 -0.05080501
v 0.01464994 0.00589797 -0.05080501
v 0.01464994 0.00589797 -0.05080501
v 0.01464994 -0.00049997 -0.05483990
v 0.01464994 -0.00049997 -0.05483990
v 0.01464994 -0.00049997 -0.05483990
v 0.01464994 0.00342311 -0.05146696
v 0.01464994 -0.00015287 -0.04843845
v 0.01464994 -0.00015287 -0.04843845
v 0.01464994 -0.00015287 -0.04843845
v 0.01464994 0.00370589 -0.04961563
v 0.01464994 0.00370589 -0.04961563
v 0.01464994 0.00370589 -0.04961563
v 0.01464994 -0.00014807 -0.04962901
v 0.01464994 -0.00014807 -0.04962901
v 0.01464994 -0.00014807 -0.04962901
v 0.01464995 0.00053502 -0.04705869
v 0.01464994 -0.00073920 -0.05066246
v 0.01464994 -0.00073920 -0.05066246
v 0.01464994 -0.00073920 -0.05066246
v 0.01464994 0.00500893 -0.05076201
v 0.01464994 0.00500893 -0.05076201
v 0.01464994 0.00500893 -0.05076201
v 0.01464994 0.00422659 -0.05033752
v 0.01464994 0.00422659 -0.05033752
v 0.01464994 0.00422659 -0.05033752
v 0.01264994 0.00500893 -0.05076200
v 0.01264994 0.00500893 -0.05076200
v 0.01264994 0.00500893 -0.05076200
v 0.01264994 0.00422659 -0.05033752
v 0.01264994 0.00422659 -0.05033752
v 0.01264994 0.00422659 -0.05033752
v 0.01264994 0.00370589 -0.04961563
v 0.01264994 0.00370589 -0.04961563
v 0.01264994 0.00370589 -0.04961563
v 0.01264994 0.00342311 -0.05146696
v 0.01264994 -0.00176785 -0.05126189
v 0.01264994 -0.00176785 -0.05126189
v 0.01264994 -0.00176785 -0.05126189
v 0.01264994 -0.00014807 -0.04962901
v 0.01264994 -0.00014807 -0.04962901
v 0.01264994 -0.00014807 -0.04962901
v 0.01264994 0.00053502 -0.04705869
v 0.01264994 0.00354999 -0.04873930
v 0.01264994 0.00354999 -0.04873930
v 0.01264994 0.00354999 -0.04873930
v 0.01264994 -0.00073920 -0.05066246
v 0.01264994 -0.00073920 -0.05066246
v 0.01264994 -0.00073920 -0.05066246
v 0.01464994 -0.00176785 -0.05126189
v 0.01464994 -0.00176785 -0.05126189
v 0.01464994 -0.00176785 -0.05126189
v 0.01464994 -0.00295841 -0.05126669
v 0.01464994 -0.00295841 -0.05126669
v 0.01464994 -0.00295841 -0.05126669
v 0.01464994 -0.00479495 -0.05463216
v 0.01464994 -0.00479495 -0.05463216
v 0.01464994 -0.00479495 -0.05463216
v 0.01264994 -0.00479495 -0.05463216
v 0.01264994 -0.00479495 -0.05463216
v 0.01264994 -0.00479495 -0.05463216
v 0.01464993 -0.00493312 -0.05748875
v 0.01464993 -0.00493312 -0.05748875
v 0.01464993 -0.00493312 -0.05748875
v 0.01464993 -0.00493312 -0.05748875
v 0.01464994 -0.00974261 -0.05379211
v 0.01464994 -0.01281951 -0.05625791
v 0.01464994 -0.01281951 -0.05625791
v 0.01464994 -0.01281951 -0.05625791
v 0.01464994 -0.01281951 -0.05625791
v 0.01464994 -0.01281951 -0.05625791
v 0.01464994 -0.00506232 -0.05072581
v 0.01464994 -0.00651116 -0.04851435
v 0.01464994 -0.00399186 -0.05067557
v 0.01464994 -0.00399186 -0.05067557
v 0.01464994 -0.00399186 -0.05067557
v 0.01264994 -0.00295841 -0.05126669
v 0.01264994 -0.00295841 -0.05126669
v 0.01264994 -0.00295841 -0.05126669
v 0.01264994 -0.00399186 -0.05067557
v 0.01264994 -0.00399186 -0.05067557
v 0.01264994 -0.00399186 -0.05067557
v 0.01464994 -0.00459130 -0.04964692
v 0.01464994 -0.00459130 -0.04964692
v 0.01464994 -0.00459130 -0.04964692
v 0.01464994 -0.00459609 -0.04845636
v 0.01464994 -0.00459609 -0.04845636
v 0.01464994 -0.00459609 -0.04845636
v 0.01264994 -0.00459130 -0.04964691
v 0.01264994 -0.00459130 -0.04964691
v 0.01264994 -0.00459130 -0.04964691
v 0.01264994 -0.00459609 -0.04845636
v 0.01264994 -0.00459609 -0.04845636
v 0.01264994 -0.00459609 -0.04845636
v 0.01264994 -0.00506232 -0.05072580
v 0.01264994 -0.00651116 -0.04851435
v 0.01264994 -0.00931974 -0.04985090
v 0.01264994 -0.00931974 -0.04985090
v 0.01264994 -0.00931974 -0.04985090
v 0.01264995 -0.00296416 -0.04430096
v 0.01264995 -0.00296416 -0.04430096
v 0.01264995 -0.00296416 -0.04430096
v 0.01264994 -0.01119145 -0.05158066
v 0.01264994 -0.00400497 -0.04742290
v 0.01264994 -0.00400497 -0.04742290
v 0.01264994 -0.00400497 -0.04742290
v 0.01264994 -0.00974261 -0.05379211
v 0.01264995 -0.00923300 -0.04435983
v 0.01264994 -0.00823723 -0.04816918
v 0.01264994 -0.00823723 -0.04816918
v 0.01264994 -0.00823723 -0.04816918
v 0.01264994 -0.00839314 -0.04729285
v 0.01264994 -0.00839314 -0.04729285
v 0.01264994 -0.00839314 -0.04729285
v 0.01264994 -0.00855318 -0.04915507
v 0.01264994 -0.00855318 -0.04915507
v 0.01264994 -0.00855318 -0.04915507
v 0.01264995 -0.00091381 -0.04484724
v 0.01264994 -0.00075230 -0.04740980
v 0.01264994 -0.00075230 -0.04740980
v 0.01264994 -0.00075230 -0.04740980
v 0.01264995 0.00505812 -0.04411096
v 0.01264995 0.00505812 -0.04411096
v 0.01264995 0.00505812 -0.04411096
v 0.01264995 0.00004177 -0.04440000
v 0.01264995 0.00004177 -0.04440000
v 0.01264995 0.00004177 -0.04440000
v 0.01264995 -0.00297632 -0.04682347
v 0.01264995 -0.00297632 -0.04682347
v 0.01264995 -0.00297632 -0.04682347
v 0.01264995 -0.00129648 -0.04438108
v 0.01264995 -0.00129648 -0.04438108
v 0.01264995 -0.00129648 -0.04438108
v 0.01264995 -0.00178576 -0.04681867
v 0.01264995 -0.00178576 -0.04681867
v 0.01264995 -0.00178576 -0.04681867
v 0.01464995 -0.00178576 -0.04681867
v 0.01464995 -0.00178576 -0.04681867
v 0.01464995 -0.00178576 -0.04681867
v 0.01464995 -0.00075230 -0.04740980
v 0.01464995 -0.00075230 -0.04740980
v 0.01464995 -0.00075230 -0.04740980
v 0.01464995 -0.00297632 -0.04682347
v 0.01464995 -0.00297632 -0.04682347
v 0.01464995 -0.00297632 -0.04682347
v 0.01464995 -0.00091381 -0.04484724
v 0.01464995 -0.00400497 -0.04742290
v 0.01464995 -0.00400497 -0.04742290
v 0.01464995 -0.00400497 -0.04742290
v 0.01464995 0.00004177 -0.04440000
v 0.01464995 0.00004177 -0.04440000
v 0.01464995 0.00004177 -0.04440000
v 0.01464995 -0.00129648 -0.04438109
v 0.01464995 -0.00129648 -0.04438109
v 0.01464995 -0.00129648 -0.04438109
v 0.01464995 -0.00296416 -0.04430096
v 0.01464995 -0.00296416 -0.04430096
v 0.01464995 -0.00296416 -0.04430096
v 0.01464995 -0.01105397 -0.04300199
v 0.01464995 -0.01105397 -0.04300199
v 0.01464995 -0.01105397 -0.04300199
v 0.01464995 -0.00923300 -0.04435984
v 0.01464995 -0.00891383 -0.04657097
v 0.01464995 -0.00891383 -0.04657097
v 0.01464995 -0.00891383 -0.04657097
v 0.01464995 -0.01140488 -0.04645048
v 0.01464995 -0.01140488 -0.04645048
v 0.01464995 -0.01140488 -0.04645048
v 0.01464995 -0.01058522 -0.04610348
v 0.01464995 -0.01058522 -0.04610348
v 0.01464995 -0.01058522 -0.04610348
v 0.01464995 -0.01391330 -0.04742614
v 0.01464995 -0.00969617 -0.04614648
v 0.01464995 -0.00969617 -0.04614648
v 0.01464995 -0.00969617 -0.04614648
v 0.01264995 -0.01058522 -0.04610348
v 0.01264995 -0.01058522 -0.04610348
v 0.01264995 -0.01058522 -0.04610348
v 0.01264995 -0.00969617 -0.04614648
v 0.01264995 -0.00969617 -0.04614648
v 0.01264995 -0.00969617 -0.04614648
v 0.01264995 -0.00891383 -0.04657096
v 0.01264995 -0.00891383 -0.04657096
v 0.01264995 -0.00891383 -0.04657096
v 0.01464995 -0.00839314 -0.04729286
v 0.01464995 -0.00839314 -0.04729286
v 0.01464995 -0.00839314 -0.04729286
v 0.01464994 -0.00823723 -0.04816918
v 0.01464994 -0.00823723 -0.04816918
v 0.01464994 -0.00823723 -0.04816918
v 0.01464994 -0.00855318 -0.04915507
v 0.01464994 -0.00855318 -0.04915507
v 0.01464994 -0.00855318 -0.04915507
v 0.01464994 -0.00931974 -0.04985090
v 0.01464994 -0.00931974 -0.04985090
v 0.01464994 -0.00931974 -0.04985090
v 0.01464994 -0.01033152 -0.05007023
v 0.01464994 -0.01033152 -0.05007023
v 0.01464994 -0.01033152 -0.05007023
v 0.01464994 -0.01119145 -0.05158066
v 0.01464994 -0.01608114 -0.05478415
v 0.01464994 -0.01131740 -0.04975428
v 0.01464994 -0.01131740 -0.04975428
v 0.01464994 -0.01131740 -0.04975428
v 0.01464994 -0.01571934 -0.05551752
v 0.01464994 -0.01571934 -0.05551752
v 0.01464994 -0.01571934 -0.05551752
v 0.01464994 -0.01201324 -0.04898772
v 0.01464994 -0.01201324 -0.04898772
v 0.01464994 -0.01201324 -0.04898772
v 0.01464994 -0.01329886 -0.05614652
v 0.01464994 -0.01329886 -0.05614652
v 0.01464994 -0.01329886 -0.05614652
v 0.01264994 -0.01571934 -0.05551751
v 0.01264994 -0.01571934 -0.05551751
v 0.01264994 -0.01571934 -0.05551751
v 0.01264993 -0.01329886 -0.05614652
v 0.01264993 -0.01329886 -0.05614652
v 0.01264993 -0.01329886 -0.05614652
v 0.01264993 -0.01329886 -0.05614652
v 0.01264993 -0.01281951 -0.05625791
v 0.01264993 -0.01281951 -0.05625791
v 0.01264993 -0.01281951 -0.05625791
v 0.01264994 -0.01608114 -0.05478414
v 0.01264994 -0.01880298 -0.05062962
v 0.01264994 -0.01391330 -0.04742613
v 0.01264994 -0.01663181 -0.05525101
v 0.01264994 -0.01663181 -0.05525101
v 0.01264994 -0.01663181 -0.05525101
v 0.01264994 -0.01966544 -0.05424539
v 0.01264994 -0.01966544 -0.05424539
v 0.01264994 -0.01966544 -0.05424539
v 0.01464994 -0.01663181 -0.05525101
v 0.01464994 -0.01663181 -0.05525101
v 0.01464994 -0.01663181 -0.05525101
v 0.01464994 -0.01966544 -0.05424539
v 0.01464994 -0.01966544 -0.05424539
v 0.01464994 -0.01966544 -0.05424539
v 0.01464994 -0.02046059 -0.05395050
v 0.01464994 -0.02046059 -0.05395050
v 0.01464994 -0.02046059 -0.05395050
v 0.01464994 -0.02103026 -0.05208883
v 0.01464994 -0.01880298 -0.05062962
v 0.01264994 -0.02046059 -0.05395050
v 0.01264994 -0.02046059 -0.05395050
v 0.01264994 -0.02046059 -0.05395050
v 0.01264994 -0.02771013 -0.05061067
v 0.01264994 -0.02771013 -0.05061067
v 0.01264994 -0.02771013 -0.05061067
v 0.01464994 -0.02771013 -0.05061068
v 0.01464994 -0.02771013 -0.05061068
v 0.01464994 -0.02771013 -0.05061068
v 0.01264994 -0.02103026 -0.05208883
v 0.01264995 -0.02452179 -0.04474654
v 0.01264995 -0.02452179 -0.04474654
v 0.01264995 -0.02452179 -0.04474654
v 0.01264995 -0.02452179 -0.04474654
v 0.01264995 -0.02818578 -0.04116691
v 0.01264995 -0.02546925 -0.04432927
v 0.01264995 -0.02546925 -0.04432927
v 0.01264995 -0.02546925 -0.04432927
v 0.01264995 -0.02608114 -0.04349418
v 0.01264995 -0.02608114 -0.04349418
v 0.01264995 -0.02608114 -0.04349418
v 0.01464995 -0.02608114 -0.04349418
v 0.01464995 -0.02608114 -0.04349418
v 0.01464995 -0.02608114 -0.04349418
v 0.01464995 -0.02619351 -0.04246502
v 0.01464995 -0.02619351 -0.04246502
v 0.01464995 -0.02619351 -0.04246502
v 0.01264995 -0.02619351 -0.04246502
v 0.01264995 -0.02619351 -0.04246502
v 0.01264995 -0.02619351 -0.04246502
v 0.01464995 -0.02577624 -0.04151756
v 0.01464995 -0.02577624 -0.04151756
v 0.01464995 -0.02577624 -0.04151756
v 0.01264995 -0.02577624 -0.04151756
v 0.01264995 -0.02577624 -0.04151756
v 0.01264995 -0.02577624 -0.04151756
v 0.01464995 -0.02494114 -0.04090567
v 0.01464995 -0.02494114 -0.04090567
v 0.01464995 -0.02494114 -0.04090567
v 0.01264995 -0.02494114 -0.04090567
v 0.01264995 -0.02494114 -0.04090567
v 0.01264995 -0.02494114 -0.04090567
v 0.01264995 -0.02595850 -0.03970771
v 0.01264996 -0.02847540 -0.03791314
v 0.01264996 -0.02847540 -0.03791314
v 0.01264996 -0.02847540 -0.03791314
v 0.01264995 -0.02859507 -0.03909768
v 0.01264995 -0.02859507 -0.03909768
v 0.01264995 -0.02859507 -0.03909768
v 0.01264995 -0.02929098 -0.04006368
v 0.01264995 -0.02929098 -0.04006368
v 0.01264995 -0.02929098 -0.04006368
v 0.01264996 -0.02584162 -0.03610501
v 0.01264996 -0.02584162 -0.03610501
v 0.01264996 -0.02584162 -0.03610501
v 0.01264996 -0.03024059 -0.03317168
v 0.01264996 -0.02896402 -0.03682746
v 0.01264996 -0.02896402 -0.03682746
v 0.01264996 -0.02896402 -0.03682746
v 0.01264996 -0.02993003 -0.03613155
v 0.01264996 -0.02993003 -0.03613155
v 0.01264996 -0.02993003 -0.03613155
v 0.01464996 -0.02896402 -0.03682747
v 0.01464996 -0.02896402 -0.03682747
v 0.01464996 -0.02896402 -0.03682747
v 0.01464996 -0.02847540 -0.03791314
v 0.01464996 -0.02847540 -0.03791314
v 0.01464996 -0.02847540 -0.03791314
v 0.01464995 -0.02859507 -0.03909768
v 0.01464995 -0.02859507 -0.03909768
v 0.01464995 -0.02859507 -0.03909768
v 0.01464995 -0.02595850 -0.03970771
v 0.01464996 -0.03024059 -0.03317169
v 0.01464995 -0.02818578 -0.04116691
v 0.01464996 -0.02584162 -0.03610501
v 0.01464996 -0.02584162 -0.03610501
v 0.01464996 -0.02584162 -0.03610501
v 0.01464995 -0.01876734 -0.04023864
v 0.01464995 -0.01876734 -0.04023864
v 0.01464995 -0.01876734 -0.04023864
v 0.01264995 -0.01876734 -0.04023864
v 0.01264995 -0.01876734 -0.04023864
v 0.01264995 -0.01876734 -0.04023864
v 0.01464996 -0.03203589 -0.03074187
v 0.01464996 -0.03203589 -0.03074187
v 0.01464996 -0.03203589 -0.03074187
v 0.01464995 -0.02391198 -0.04079330
v 0.01464995 -0.02391198 -0.04079330
v 0.01464995 -0.02391198 -0.04079330
v 0.01264995 -0.02391198 -0.04079330
v 0.01264995 -0.02391198 -0.04079330
v 0.01264995 -0.02391198 -0.04079330
v 0.01464995 -0.02296452 -0.04121058
v 0.01464995 -0.02296452 -0.04121058
v 0.01464995 -0.02296452 -0.04121058
v 0.01264995 -0.02296452 -0.04121057
v 0.01264995 -0.02296452 -0.04121057
v 0.01264995 -0.02296452 -0.04121057
v 0.01464995 -0.02235263 -0.04204567
v 0.01464995 -0.02235263 -0.04204567
v 0.01464995 -0.02235263 -0.04204567
v 0.01264995 -0.02235263 -0.04204567
v 0.01264995 -0.02235263 -0.04204567
v 0.01264995 -0.02235263 -0.04204567
v 0.01464995 -0.02224026 -0.04307483
v 0.01464995 -0.02224026 -0.04307483
v 0.01464995 -0.02224026 -0.04307483
v 0.01264995 -0.02224026 -0.04307483
v 0.01264995 -0.02224026 -0.04307483
v 0.01264995 -0.02224026 -0.04307483
v 0.01464995 -0.02265753 -0.04402229
v 0.01464995 -0.02265753 -0.04402229
v 0.01464995 -0.02265753 -0.04402229
v 0.01464995 -0.01969368 -0.04600620
v 0.01464995 -0.01969368 -0.04600620
v 0.01464995 -0.01969368 -0.04600620
v 0.01464995 -0.01905828 -0.04512420
v 0.01464995 -0.01905828 -0.04512420
v 0.01464995 -0.01905828 -0.04512420
v 0.01464995 -0.01806701 -0.04467806
v 0.01464995 -0.01806701 -0.04467806
v 0.01464995 -0.01806701 -0.04467806
v 0.01264995 -0.01905828 -0.04512420
v 0.01264995 -0.01905828 -0.04512420
v 0.01264995 -0.01905828 -0.04512420
v 0.01264995 -0.01806701 -0.04467806
v 0.01264995 -0.01806701 -0.04467806
v 0.01264995 -0.01806701 -0.04467806
v 0.01464995 -0.01698548 -0.04478733
v 0.01464995 -0.01698548 -0.04478733
v 0.01464995 -0.01698548 -0.04478733
v 0.01264995 -0.01698548 -0.04478733
v 0.01264995 -0.01698548 -0.04478733
v 0.01264995 -0.01698548 -0.04478733
v 0.01464995 -0.01610348 -0.04542273
v 0.01464995 -0.01610348 -0.04542273
v 0.01464995 -0.01610348 -0.04542273
v 0.01264995 -0.01610348 -0.04542273
v 0.01264995 -0.01610348 -0.04542273
v 0.01264995 -0.01610348 -0.04542273
v 0.01464995 -0.01565734 -0.04641400
v 0.01464995 -0.01565734 -0.04641400
v 0.01464995 -0.01565734 -0.04641400
v 0.01264995 -0.01565734 -0.04641400
v 0.01264995 -0.01565734 -0.04641400
v 0.01264995 -0.01565734 -0.04641400
v 0.01464995 -0.01576661 -0.04749553
v 0.01464995 -0.01576661 -0.04749553
v 0.01464995 -0.01576661 -0.04749553
v 0.01264994 -0.01576661 -0.04749553
v 0.01264994 -0.01576661 -0.04749553
v 0.01264994 -0.01576661 -0.04749553
v 0.01464994 -0.01628416 -0.04827373
v 0.01464994 -0.01628416 -0.04827373
v 0.01464994 -0.01628416 -0.04827373
v 0.01264994 -0.01628416 -0.04827373
v 0.01264994 -0.01628416 -0.04827373
v 0.01264994 -0.01628416 -0.04827373
v 0.01464994 -0.01708810 -0.04875031
v 0.01464994 -0.01708810 -0.04875031
v 0.01464994 -0.01708810 -0.04875031
v 0.01264994 -0.01708810 -0.04875031
v 0.01264994 -0.01708810 -0.04875031
v 0.01264994 -0.01708810 -0.04875031
v 0.01464994 -0.01801921 -0.04883088
v 0.01464994 -0.01801921 -0.04883088
v 0.01464994 -0.01801921 -0.04883088
v 0.01264994 -0.01801921 -0.04883087
v 0.01264994 -0.01801921 -0.04883087
v 0.01264994 -0.01801921 -0.04883087
v 0.01464994 -0.01889307 -0.04849947
v 0.01464994 -0.01889307 -0.04849947
v 0.01464994 -0.01889307 -0.04849947
v 0.01264994 -0.01889307 -0.04849947
v 0.01264994 -0.01889307 -0.04849947
v 0.01264994 -0.01889307 -0.04849947
v 0.01464994 -0.01953659 -0.04782173
v 0.01464994 -0.01953659 -0.04782173
v 0.01464994 -0.01953659 -0.04782173
v 0.01264994 -0.01953659 -0.04782173
v 0.01264994 -0.01953659 -0.04782173
v 0.01264994 -0.01953659 -0.04782173
v 0.01464995 -0.01982233 -0.04693189
v 0.01464995 -0.01982233 -0.04693189
v 0.01464995 -0.01982233 -0.04693189
v 0.01464995 -0.02349263 -0.04463418
v 0.01464995 -0.02349263 -0.04463418
v 0.01464995 -0.02349263 -0.04463418
v 0.01264995 -0.02265753 -0.04402229
v 0.01264995 -0.02265753 -0.04402229
v 0.01264995 -0.02265753 -0.04402229
v 0.01264995 -0.02349263 -0.04463418
v 0.01264995 -0.02349263 -0.04463418
v 0.01264995 -0.02349263 -0.04463418
v 0.01464995 -0.02452179 -0.04474654
v 0.01464995 -0.02452179 -0.04474654
v 0.01464995 -0.02452179 -0.04474654
v 0.01464995 -0.02546925 -0.04432928
v 0.01464995 -0.02546925 -0.04432928
v 0.01464995 -0.02546925 -0.04432928
v 0.01464995 -0.02546925 -0.04432928
v 0.01264994 -0.01982233 -0.04693189
v 0.01264994 -0.01982233 -0.04693189
v 0.01264994 -0.01982233 -0.04693189
v 0.01264995 -0.01969368 -0.04600620
v 0.01264995 -0.01969368 -0.04600620
v 0.01264995 -0.01969368 -0.04600620
v 0.01264995 -0.01105397 -0.04300199
v 0.01264995 -0.01105397 -0.04300199
v 0.01264995 -0.01105397 -0.04300199
v 0.01264996 -0.03203589 -0.03074187
v 0.01264996 -0.03203589 -0.03074187
v 0.01264996 -0.03203589 -0.03074187
v 0.01464997 -0.03713922 -0.02433185
v 0.01464997 -0.03713922 -0.02433185
v 0.01464997 -0.03713922 -0.02433185
v 0.01464997 -0.03651570 -0.02845243
v 0.01464996 -0.03246787 -0.03463089
v 0.01464996 -0.03455991 -0.03318051
v 0.01464996 -0.03455991 -0.03318051
v 0.01464996 -0.03455991 -0.03318051
v 0.01464996 -0.03111456 -0.03601188
v 0.01464996 -0.03111456 -0.03601188
v 0.01464996 -0.03111456 -0.03601188
v 0.01464996 -0.03497718 -0.03412797
v 0.01464996 -0.03497718 -0.03412797
v 0.01464996 -0.03497718 -0.03412797
v 0.01464996 -0.03289615 -0.03746651
v 0.01464996 -0.03289615 -0.03746651
v 0.01464996 -0.03289615 -0.03746651
v 0.01464996 -0.03552168 -0.03663161
v 0.01464996 -0.03467228 -0.03215135
v 0.01464996 -0.03467228 -0.03215135
v 0.01464996 -0.03467228 -0.03215135
v 0.01464996 -0.03220024 -0.03650051
v 0.01464996 -0.03220024 -0.03650051
v 0.01464996 -0.03220024 -0.03650051
v 0.01264996 -0.03289615 -0.03746650
v 0.01264996 -0.03289615 -0.03746650
v 0.01264996 -0.03289615 -0.03746650
v 0.01264996 -0.03220024 -0.03650050
v 0.01264996 -0.03220024 -0.03650050
v 0.01264996 -0.03220024 -0.03650050
v 0.01264996 -0.03111456 -0.03601187
v 0.01264996 -0.03111456 -0.03601187
v 0.01264996 -0.03111456 -0.03601187
v 0.01264996 -0.03246787 -0.03463089
v 0.01264996 -0.03552168 -0.03663161
v 0.01264996 -0.03684144 -0.03485222
v 0.01264996 -0.03684144 -0.03485222
v 0.01264996 -0.03684144 -0.03485222
v 0.01264996 -0.03778890 -0.03443495
v 0.01264996 -0.03778890 -0.03443495
v 0.01264996 -0.03778890 -0.03443495
v 0.01264995 -0.03252720 -0.03973672
v 0.01264995 -0.03252720 -0.03973672
v 0.01264995 -0.03252720 -0.03973672
v 0.01264996 -0.03301582 -0.03865104
v 0.01264996 -0.03301582 -0.03865104
v 0.01264996 -0.03301582 -0.03865104
v 0.01264995 -0.03979820 -0.03943337
v 0.01264995 -0.03263855 -0.04407253
v 0.01264995 -0.03263855 -0.04407253
v 0.01264995 -0.03263855 -0.04407253
v 0.01264996 -0.03581228 -0.03473986
v 0.01264996 -0.03581228 -0.03473986
v 0.01264996 -0.03581228 -0.03473986
v 0.01264995 -0.03123960 -0.04316762
v 0.01264995 -0.03599116 -0.04137995
v 0.01264995 -0.03599116 -0.04137995
v 0.01264995 -0.03599116 -0.04137995
v 0.01464995 -0.03599116 -0.04137995
v 0.01464995 -0.03599116 -0.04137995
v 0.01464995 -0.03599116 -0.04137995
v 0.01264995 -0.03778200 -0.04360976
v 0.01264995 -0.03778200 -0.04360976
v 0.01264995 -0.03778200 -0.04360976
v 0.01464995 -0.03778200 -0.04360977
v 0.01464995 -0.03778200 -0.04360977
v 0.01464995 -0.03778200 -0.04360977
v 0.01464996 -0.04343876 -0.03797849
v 0.01464996 -0.04343876 -0.03797849
v 0.01464996 -0.04343876 -0.03797849
v 0.01464995 -0.03979820 -0.03943338
v 0.01464996 -0.03778890 -0.03443496
v 0.01464996 -0.03778890 -0.03443496
v 0.01464996 -0.03778890 -0.03443496
v 0.01464996 -0.04384603 -0.03325491
v 0.01464996 -0.03684144 -0.03485223
v 0.01464996 -0.03684144 -0.03485223
v 0.01464996 -0.03684144 -0.03485223
v 0.01464996 -0.03581228 -0.03473986
v 0.01464996 -0.03581228 -0.03473986
v 0.01464996 -0.03581228 -0.03473986
v 0.01264996 -0.03497718 -0.03412797
v 0.01264996 -0.03497718 -0.03412797
v 0.01264996 -0.03497718 -0.03412797
v 0.01264996 -0.03455991 -0.03318051
v 0.01264996 -0.03455991 -0.03318051
v 0.01264996 -0.03455991 -0.03318051
v 0.01264996 -0.03467228 -0.03215135
v 0.01264996 -0.03467228 -0.03215135
v 0.01264996 -0.03467228 -0.03215135
v 0.01264997 -0.03651570 -0.02845242
v 0.01264996 -0.03528417 -0.03131625
v 0.01264996 -0.03528417 -0.03131625
v 0.01264996 -0.03528417 -0.03131625
v 0.01264996 -0.03623163 -0.03089898
v 0.01264996 -0.03623163 -0.03089898
v 0.01264996 -0.03623163 -0.03089898
v 0.01464996 -0.03528417 -0.03131625
v 0.01464996 -0.03528417 -0.03131625
v 0.01464996 -0.03528417 -0.03131625
v 0.01464996 -0.03623163 -0.03089898
v 0.01464996 -0.03623163 -0.03089898
v 0.01464996 -0.03623163 -0.03089898
v 0.01464996 -0.03726079 -0.03101134
v 0.01464996 -0.03726079 -0.03101134
v 0.01464996 -0.03726079 -0.03101134
v 0.01264996 -0.03726079 -0.03101134
v 0.01264996 -0.03726079 -0.03101134
v 0.01264996 -0.03726079 -0.03101134
v 0.01264996 -0.03809588 -0.03162323
v 0.01264996 -0.03809588 -0.03162323
v 0.01264996 -0.03809588 -0.03162323
v 0.01264996 -0.03956952 -0.03045314
v 0.01264997 -0.04067262 -0.02915731
v 0.01264997 -0.04067262 -0.02915731
v 0.01264997 -0.04067262 -0.02915731
v 0.01264996 -0.04384603 -0.03325491
v 0.01264997 -0.04170509 -0.02949739
v 0.01264997 -0.04170509 -0.02949739
v 0.01264997 -0.04170509 -0.02949739
v 0.01264996 -0.03851316 -0.03257069
v 0.01264996 -0.03851316 -0.03257069
v 0.01264996 -0.03851316 -0.03257069
v 0.01264996 -0.03851316 -0.03257069
v 0.01264996 -0.03840079 -0.03359985
v 0.01264996 -0.03840079 -0.03359985
v 0.01264996 -0.03840079 -0.03359985
v 0.01464996 -0.03851316 -0.03257070
v 0.01464996 -0.03851316 -0.03257070
v 0.01464996 -0.03851316 -0.03257070
v 0.01464996 -0.03809588 -0.03162323
v 0.01464996 -0.03809588 -0.03162323
v 0.01464996 -0.03809588 -0.03162323
v 0.01464996 -0.03809588 -0.03162323
v 0.01464996 -0.03956952 -0.03045314
v 0.01464996 -0.03840079 -0.03359986
v 0.01464996 -0.03840079 -0.03359986
v 0.01464996 -0.03840079 -0.03359986
v 0.01464997 -0.03994851 -0.02834656
v 0.01464997 -0.03994851 -0.02834656
v 0.01464997 -0.03994851 -0.02834656
v 0.01464997 -0.04067262 -0.02915731
v 0.01464997 -0.04067262 -0.02915731
v 0.01464997 -0.04067262 -0.02915731
v 0.01264997 -0.03994851 -0.02834656
v 0.01264997 -0.03994851 -0.02834656
v 0.01264997 -0.03994851 -0.02834656
v 0.01464997 -0.04170509 -0.02949739
v 0.01464997 -0.04170509 -0.02949739
v 0.01464997 -0.04170509 -0.02949739
v 0.01464997 -0.04276928 -0.02927567
v 0.01464997 -0.04276928 -0.02927567
v 0.01464997 -0.04276928 -0.02927567
v 0.01264997 -0.04276928 -0.02927567
v 0.01264997 -0.04276928 -0.02927567
v 0.01264997 -0.04276928 -0.02927567
v 0.01464997 -0.04358003 -0.02855156
v 0.01464997 -0.04358003 -0.02855156
v 0.01464997 -0.04358003 -0.02855156
v 0.01464997 -0.04799826 -0.02691709
v 0.01464997 -0.04372175 -0.02411533
v 0.01464997 -0.04369839 -0.02645490
v 0.01464997 -0.04369839 -0.02645490
v 0.01464997 -0.04369839 -0.02645490
v 0.01464998 -0.05506980 -0.01722230
v 0.01464998 -0.05506980 -0.01722230
v 0.01464998 -0.05506980 -0.01722230
v 0.01464997 -0.05216616 -0.02465730
v 0.01464997 -0.05216616 -0.02465730
v 0.01464997 -0.05216616 -0.02465730
v 0.01464997 -0.04524124 -0.02230119
v 0.01464997 -0.04524124 -0.02230119
v 0.01464997 -0.04524124 -0.02230119
v 0.01464996 -0.04826426 -0.03162044
v 0.01464996 -0.04826426 -0.03162044
v 0.01464996 -0.04826426 -0.03162044
v 0.01464998 -0.04613990 -0.02178717
v 0.01464998 -0.04613990 -0.02178717
v 0.01464998 -0.04613990 -0.02178717
v 0.01464997 -0.04392011 -0.02751909
v 0.01464997 -0.04392011 -0.02751909
v 0.01464997 -0.04392011 -0.02751909
v 0.01264997 -0.04358003 -0.02855156
v 0.01264997 -0.04358003 -0.02855156
v 0.01264997 -0.04358003 -0.02855156
v 0.01264997 -0.04392011 -0.02751908
v 0.01264997 -0.04392011 -0.02751908
v 0.01264997 -0.04392011 -0.02751908
v 0.01264997 -0.04369839 -0.02645490
v 0.01264997 -0.04369839 -0.02645490
v 0.01264997 -0.04369839 -0.02645490
v 0.01264997 -0.04799826 -0.02691709
v 0.01264997 -0.04613990 -0.02178717
v 0.01264997 -0.04613990 -0.02178717
v 0.01264997 -0.04613990 -0.02178717
v 0.01264998 -0.04666114 -0.02089269
v 0.01264998 -0.04666114 -0.02089269
v 0.01264998 -0.04666114 -0.02089269
v 0.01264997 -0.04372175 -0.02411533
v 0.01264998 -0.05506980 -0.01722230
v 0.01264998 -0.05506980 -0.01722230
v 0.01264998 -0.05506980 -0.01722230
v 0.01264997 -0.05216616 -0.02465730
v 0.01264997 -0.05216616 -0.02465730
v 0.01264997 -0.05216616 -0.02465730
v 0.01264997 -0.04297428 -0.02564414
v 0.01264997 -0.04297428 -0.02564414
v 0.01264997 -0.04297428 -0.02564414
v 0.01264996 -0.04826426 -0.03162044
v 0.01264996 -0.04826426 -0.03162044
v 0.01264996 -0.04826426 -0.03162044
v 0.01264996 -0.04343876 -0.03797849
v 0.01264996 -0.04343876 -0.03797849
v 0.01264996 -0.04343876 -0.03797849
v 0.01464997 -0.04297428 -0.02564415
v 0.01464997 -0.04297428 -0.02564415
v 0.01464997 -0.04297428 -0.02564415
v 0.01464997 -0.04194181 -0.02530407
v 0.01464997 -0.04194181 -0.02530407
v 0.01464997 -0.04194181 -0.02530407
v 0.01264997 -0.04194181 -0.02530407
v 0.01264997 -0.04194181 -0.02530407
v 0.01264997 -0.04194181 -0.02530407
v 0.01464997 -0.04087762 -0.02552579
v 0.01464997 -0.04087762 -0.02552579
v 0.01464997 -0.04087762 -0.02552579
v 0.01264997 -0.04087762 -0.02552579
v 0.01264997 -0.04087762 -0.02552579
v 0.01264997 -0.04087762 -0.02552579
v 0.01264997 -0.04066793 -0.02211461
v 0.01264998 -0.04279747 -0.02087712
v 0.01264998 -0.04279747 -0.02087712
v 0.01264998 -0.04279747 -0.02087712
v 0.01264998 -0.04532186 -0.01393496
v 0.01264998 -0.04532186 -0.01393496
v 0.01264998 -0.04532186 -0.01393496
v 0.01264997 -0.03713922 -0.02433185
v 0.01264997 -0.03713922 -0.02433185
v 0.01264997 -0.03713922 -0.02433185
v 0.01264997 -0.04331149 -0.02177577
v 0.01264997 -0.04331149 -0.02177577
v 0.01264997 -0.04331149 -0.02177577
v 0.01264998 -0.04097782 -0.01709324
v 0.01264998 -0.04097782 -0.01709324
v 0.01264998 -0.04097782 -0.01709324
v 0.01264997 -0.04006686 -0.02624990
v 0.01264997 -0.04006686 -0.02624990
v 0.01264997 -0.04006686 -0.02624990
v 0.01264997 -0.04006686 -0.02624990
v 0.01264998 -0.04332289 -0.01894737
v 0.01264998 -0.04332289 -0.01894737
v 0.01264998 -0.04332289 -0.01894737
v 0.01264997 -0.04420597 -0.02229702
v 0.01264997 -0.04420597 -0.02229702
v 0.01264997 -0.04420597 -0.02229702
v 0.01264998 -0.04280164 -0.01984185
v 0.01264998 -0.04280164 -0.01984185
v 0.01264998 -0.04280164 -0.01984185
v 0.01264999 -0.04507902 -0.01276942
v 0.01264999 -0.04507902 -0.01276942
v 0.01264999 -0.04507902 -0.01276942
v 0.01264999 -0.04545148 -0.01163861
v 0.01264999 -0.04545148 -0.01163861
v 0.01264999 -0.04545148 -0.01163861
v 0.01264999 -0.04545148 -0.01163861
v 0.01464999 -0.04507902 -0.01276942
v 0.01464999 -0.04507902 -0.01276942
v 0.01464999 -0.04507902 -0.01276942
v 0.01464999 -0.04507902 -0.01276942
v 0.01464998 -0.04532186 -0.01393496
v 0.01464998 -0.04532186 -0.01393496
v 0.01464998 -0.04532186 -0.01393496
v 0.01464998 -0.04611493 -0.01482293
v 0.01464998 -0.04611493 -0.01482293
v 0.01464998 -0.04611493 -0.01482293
v 0.01464998 -0.04332289 -0.01894737
v 0.01464998 -0.04332289 -0.01894737
v 0.01464998 -0.04332289 -0.01894737
v 0.01464997 -0.04066793 -0.02211462
v 0.01464998 -0.04525681 -0.01843752
v 0.01464998 -0.04525681 -0.01843752
v 0.01464998 -0.04525681 -0.01843752
v 0.01464998 -0.04422154 -0.01843335
v 0.01464998 -0.04422154 -0.01843335
v 0.01464998 -0.04422154 -0.01843335
v 0.01464998 -0.04097782 -0.01709324
v 0.01464998 -0.04097782 -0.01709324
v 0.01464998 -0.04097782 -0.01709324
v 0.01464999 -0.04342096 -0.00927254
v 0.01464999 -0.04342096 -0.00927254
v 0.01464999 -0.04342096 -0.00927254
v 0.01464999 -0.04677057 -0.00794092
v 0.01464999 -0.04545148 -0.01163862
v 0.01464999 -0.04545148 -0.01163862
v 0.01464999 -0.04545148 -0.01163862
v 0.01464999 -0.04633945 -0.01084554
v 0.01464999 -0.04633945 -0.01084554
v 0.01464999 -0.04633945 -0.01084554
v 0.01264999 -0.04633945 -0.01084554
v 0.01264999 -0.04633945 -0.01084554
v 0.01264999 -0.04633945 -0.01084554
v 0.01264999 -0.04750499 -0.01060270
v 0.01264999 -0.04750499 -0.01060270
v 0.01264999 -0.04750499 -0.01060270
v 0.01264999 -0.04677057 -0.00794092
v 0.01264999 -0.04746256 -0.00652979
v 0.01264999 -0.04746256 -0.00652979
v 0.01264999 -0.04746256 -0.00652979
v 0.01264999 -0.04835704 -0.00705104
v 0.01264999 -0.04835704 -0.00705104
v 0.01264999 -0.04835704 -0.00705104
v 0.01264999 -0.04342096 -0.00927254
v 0.01264999 -0.04342096 -0.00927254
v 0.01264999 -0.04342096 -0.00927254
v 0.01264999 -0.04899785 -0.00940013
v 0.01265000 -0.05278368 -0.00362158
v 0.01264999 -0.05029096 -0.00654119
v 0.01264999 -0.05029096 -0.00654119
v 0.01264999 -0.05029096 -0.00654119
v 0.01264999 -0.05205167 -0.01140084
v 0.01264999 -0.04939231 -0.00705521
v 0.01264999 -0.04939231 -0.00705521
v 0.01264999 -0.04939231 -0.00705521
v 0.01264999 -0.04863579 -0.01097517
v 0.01264999 -0.04863579 -0.01097517
v 0.01264999 -0.04863579 -0.01097517
v 0.01464999 -0.04863579 -0.01097517
v 0.01464999 -0.04863579 -0.01097517
v 0.01464999 -0.04863579 -0.01097517
v 0.01464999 -0.04750499 -0.01060271
v 0.01464999 -0.04750499 -0.01060271
v 0.01464999 -0.04750499 -0.01060271
v 0.01264999 -0.04942887 -0.01186314
v 0.01264999 -0.04942887 -0.01186314
v 0.01264999 -0.04942887 -0.01186314
v 0.01264999 -0.04967171 -0.01302868
v 0.01264999 -0.04967171 -0.01302868
v 0.01264999 -0.04967171 -0.01302868
v 0.01464999 -0.04942887 -0.01186314
v 0.01464999 -0.04942887 -0.01186314
v 0.01464999 -0.04942887 -0.01186314
v 0.01464999 -0.04967171 -0.01302868
v 0.01464999 -0.04967171 -0.01302868
v 0.01464999 -0.04967171 -0.01302868
v 0.01464999 -0.04967171 -0.01302868
v 0.01464999 -0.05205167 -0.01140084
v 0.01464999 -0.04899785 -0.00940013
v 0.01464999 -0.04746256 -0.00652979
v 0.01464999 -0.04746256 -0.00652979
v 0.01464999 -0.04746256 -0.00652979
v 0.01464999 -0.04835704 -0.00705104
v 0.01464999 -0.04835704 -0.00705104
v 0.01464999 -0.04835704 -0.00705104
v 0.01465000 -0.05278368 -0.00362158
v 0.01464999 -0.04939231 -0.00705521
v 0.01464999 -0.04939231 -0.00705521
v 0.01464999 -0.04939231 -0.00705521
v 0.01464999 -0.05029096 -0.00654119
v 0.01464999 -0.05029096 -0.00654119
v 0.01464999 -0.05029096 -0.00654119
v 0.01464999 -0.05081221 -0.00564671
v 0.01464999 -0.05081221 -0.00564671
v 0.01464999 -0.05081221 -0.00564671
v 0.01264999 -0.05081221 -0.00564670
v 0.01264999 -0.05081221 -0.00564670
v 0.01264999 -0.05081221 -0.00564670
v 0.01464999 -0.05081638 -0.00461144
v 0.01464999 -0.05081638 -0.00461144
v 0.01464999 -0.05081638 -0.00461144
v 0.01264999 -0.05081638 -0.00461144
v 0.01264999 -0.05081638 -0.00461144
v 0.01264999 -0.05081638 -0.00461144
v 0.01465000 -0.05030236 -0.00371278
v 0.01465000 -0.05030236 -0.00371278
v 0.01465000 -0.05030236 -0.00371278
v 0.01465000 -0.05055640 -0.00216238
v 0.01465000 -0.05392609 0.00298100
v 0.01465000 -0.05164480 0.00118707
v 0.01465000 -0.05164480 0.00118707
v 0.01465000 -0.05164480 0.00118707
v 0.01465000 -0.04898071 0.00054829
v 0.01465000 -0.04898071 0.00054829
v 0.01465000 -0.04898071 0.00054829
v 0.01465000 -0.04566671 0.00104111
v 0.01465000 -0.05004307 0.00031800
v 0.01465000 -0.05004307 0.00031800
v 0.01465000 -0.05004307 0.00031800
v 0.01465000 -0.04940788 -0.00319154
v 0.01465000 -0.04940788 -0.00319154
v 0.01465000 -0.04940788 -0.00319154
v 0.01465000 -0.05094311 0.00056974
v 0.01465000 -0.05094311 0.00056974
v 0.01465000 -0.05094311 0.00056974
v 0.01265000 -0.05004307 0.00031800
v 0.01265000 -0.05004307 0.00031800
v 0.01265000 -0.05004307 0.00031800
v 0.01265000 -0.05094311 0.00056974
v 0.01265000 -0.05094311 0.00056974
v 0.01265000 -0.05094311 0.00056974
v 0.01265000 -0.05164480 0.00118707
v 0.01265000 -0.05164480 0.00118707
v 0.01265000 -0.05164480 0.00118707
v 0.01265000 -0.05055640 -0.00216237
v 0.01265000 -0.04940788 -0.00319153
v 0.01265000 -0.04940788 -0.00319153
v 0.01265000 -0.04940788 -0.00319153
v 0.01265000 -0.04837262 -0.00318736
v 0.01265000 -0.04837262 -0.00318736
v 0.01265000 -0.04837262 -0.00318736
v 0.01265000 -0.04898071 0.00054829
v 0.01265000 -0.04898071 0.00054829
v 0.01265000 -0.04898071 0.00054829
v 0.01265000 -0.05392609 0.00298100
v 0.01265000 -0.04566671 0.00104112
v 0.01265000 -0.05030236 -0.00371278
v 0.01265000 -0.05030236 -0.00371278
v 0.01265000 -0.05030236 -0.00371278
v 0.01265000 -0.04784407 0.00231410
v 0.01265000 -0.04784407 0.00231410
v 0.01265000 -0.04784407 0.00231410
v 0.01265001 -0.04383846 0.00703908
v 0.01265001 -0.04383846 0.00703908
v 0.01265001 -0.04383846 0.00703908
v 0.01265000 -0.04817582 0.00127891
v 0.01265000 -0.04817582 0.00127891
v 0.01265000 -0.04817582 0.00127891
v 0.01265001 -0.04903640 0.00618449
v 0.01265000 -0.04747396 -0.00370139
v 0.01265000 -0.04747396 -0.00370139
v 0.01265000 -0.04747396 -0.00370139
v 0.01265000 -0.04807436 0.00337646
v 0.01265000 -0.04807436 0.00337646
v 0.01265000 -0.04807436 0.00337646
v 0.01265000 -0.04438546 -0.00113608
v 0.01265000 -0.04438546 -0.00113608
v 0.01265000 -0.04438546 -0.00113608
v 0.01465000 -0.04438546 -0.00113608
v 0.01465000 -0.04438546 -0.00113608
v 0.01465000 -0.04438546 -0.00113608
v 0.01465001 -0.04383846 0.00703907
v 0.01465001 -0.04383846 0.00703907
v 0.01465001 -0.04383846 0.00703907
v 0.01264999 -0.04695271 -0.00459587
v 0.01264999 -0.04695271 -0.00459587
v 0.01264999 -0.04695271 -0.00459587
v 0.01264999 -0.04694854 -0.00563114
v 0.01264999 -0.04694854 -0.00563114
v 0.01264999 -0.04694854 -0.00563114
v 0.01464999 -0.04694854 -0.00563114
v 0.01464999 -0.04694854 -0.00563114
v 0.01464999 -0.04694854 -0.00563114
v 0.01464999 -0.04695271 -0.00459587
v 0.01464999 -0.04695271 -0.00459587
v 0.01464999 -0.04695271 -0.00459587
v 0.01465000 -0.04747396 -0.00370139
v 0.01465000 -0.04747396 -0.00370139
v 0.01465000 -0.04747396 -0.00370139
v 0.01465000 -0.04837262 -0.00318737
v 0.01465000 -0.04837262 -0.00318737
v 0.01465000 -0.04837262 -0.00318737
v 0.01465002 -0.04179861 0.01497452
v 0.01465002 -0.04179861 0.01497452
v 0.01465002 -0.04179861 0.01497452
v 0.01465001 -0.04435611 0.00925079
v 0.01465001 -0.04903640 0.00618449
v 0.01465001 -0.04886923 0.00794494
v 0.01465001 -0.04886923 0.00794494
v 0.01465001 -0.04886923 0.00794494
v 0.01465001 -0.04798763 0.00782242
v 0.01465001 -0.04798763 0.00782242
v 0.01465001 -0.04798763 0.00782242
v 0.01465000 -0.05076030 0.00434939
v 0.01465000 -0.05076030 0.00434939
v 0.01465000 -0.05076030 0.00434939
v 0.01465001 -0.04984016 0.00451309
v 0.01465001 -0.04984016 0.00451309
v 0.01465001 -0.04984016 0.00451309
v 0.01465001 -0.04970924 0.00855008
v 0.01465001 -0.04970924 0.00855008
v 0.01465001 -0.04970924 0.00855008
v 0.01465000 -0.04880498 0.00418135
v 0.01465000 -0.04880498 0.00418135
v 0.01465000 -0.04880498 0.00418135
v 0.01465000 -0.04807436 0.00337646
v 0.01465000 -0.04807436 0.00337646
v 0.01465000 -0.04807436 0.00337646
v 0.01465001 -0.04714016 0.00809455
v 0.01465001 -0.04714016 0.00809455
v 0.01465001 -0.04714016 0.00809455
v 0.01465001 -0.05175824 0.01033901
v 0.01465001 -0.04942492 0.01136419
v 0.01465001 -0.04942492 0.01136419
v 0.01465001 -0.04942492 0.01136419
v 0.01465001 -0.05717579 0.00776010
v 0.01465001 -0.05717579 0.00776010
v 0.01465001 -0.05717579 0.00776010
v 0.01465001 -0.05013413 0.00949415
v 0.01465001 -0.05013413 0.00949415
v 0.01465001 -0.05013413 0.00949415
v 0.01465001 -0.05669650 0.01071432
v 0.01465001 -0.05669650 0.01071432
v 0.01465001 -0.05669650 0.01071432
v 0.01465001 -0.05664793 0.00713552
v 0.01465001 -0.05003006 0.01052419
v 0.01465001 -0.05003006 0.01052419
v 0.01465001 -0.05003006 0.01052419
v 0.01465002 -0.04707795 0.01340531
v 0.01465002 -0.05200133 0.01742194
v 0.01465002 -0.05200133 0.01742194
v 0.01465002 -0.05200133 0.01742194
v 0.01465002 -0.04602045 0.01511367
v 0.01465002 -0.04602045 0.01511367
v 0.01465002 -0.04602045 0.01511367
v 0.01465002 -0.04602045 0.01511367
v 0.01465002 -0.04715422 0.01547701
v 0.01465002 -0.04715422 0.01547701
v 0.01465002 -0.04715422 0.01547701
v 0.01465001 -0.04848086 0.01178908
v 0.01465001 -0.04848086 0.01178908
v 0.01465001 -0.04848086 0.01178908
v 0.01465001 -0.04745083 0.01168501
v 0.01465001 -0.04745083 0.01168501
v 0.01465001 -0.04745083 0.01168501
v 0.01465002 -0.04148060 0.01707242
v 0.01465002 -0.04485691 0.01536589
v 0.01465002 -0.04485691 0.01536589
v 0.01465002 -0.04485691 0.01536589
v 0.01465001 -0.04670968 0.01119211
v 0.01465001 -0.04670968 0.01119211
v 0.01465001 -0.04670968 0.01119211
v 0.01265001 -0.04745083 0.01168502
v 0.01265001 -0.04745083 0.01168502
v 0.01265001 -0.04745083 0.01168502
v 0.01265001 -0.04670968 0.01119211
v 0.01265001 -0.04670968 0.01119211
v 0.01265001 -0.04670968 0.01119211
v 0.01465001 -0.04625580 0.01042645
v 0.01465001 -0.04625580 0.01042645
v 0.01465001 -0.04625580 0.01042645
v 0.01265001 -0.04625580 0.01042645
v 0.01265001 -0.04625580 0.01042645
v 0.01265001 -0.04625580 0.01042645
v 0.01465001 -0.04617907 0.00953968
v 0.01465001 -0.04617907 0.00953968
v 0.01465001 -0.04617907 0.00953968
v 0.01265001 -0.04617907 0.00953968
v 0.01265001 -0.04617907 0.00953968
v 0.01265001 -0.04617907 0.00953968
v 0.01465001 -0.04649469 0.00870743
v 0.01465001 -0.04649469 0.00870743
v 0.01465001 -0.04649469 0.00870743
v 0.01265001 -0.04649469 0.00870743
v 0.01265001 -0.04649469 0.00870743
v 0.01265001 -0.04649469 0.00870743
v 0.01265001 -0.04714016 0.00809456
v 0.01265001 -0.04714016 0.00809456
v 0.01265001 -0.04714016 0.00809456
v 0.01265001 -0.04435611 0.00925079
v 0.01265002 -0.04179861 0.01497452
v 0.01265002 -0.04179861 0.01497452
v 0.01265002 -0.04179861 0.01497452
v 0.01265002 -0.04707795 0.01340531
v 0.01265002 -0.04485691 0.01536590
v 0.01265002 -0.04485691 0.01536590
v 0.01265002 -0.04485691 0.01536590
v 0.01265002 -0.04485691 0.01536590
v 0.01265002 -0.05200133 0.01742194
v 0.01265002 -0.05200133 0.01742194
v 0.01265002 -0.05200133 0.01742194
v 0.01265001 -0.05175824 0.01033901
v 0.01265002 -0.04148060 0.01707243
v 0.01265002 -0.04602045 0.01511367
v 0.01265002 -0.04602045 0.01511367
v 0.01265002 -0.04602045 0.01511367
v 0.01265001 -0.04942492 0.01136419
v 0.01265001 -0.04942492 0.01136419
v 0.01265001 -0.04942492 0.01136419
v 0.01265002 -0.04715422 0.01547701
v 0.01265002 -0.04715422 0.01547701
v 0.01265002 -0.04715422 0.01547701
v 0.01265001 -0.04848086 0.01178908
v 0.01265001 -0.04848086 0.01178908
v 0.01265001 -0.04848086 0.01178908
v 0.01265002 -0.04795443 0.01635856
v 0.01265002 -0.04795443 0.01635856
v 0.01265002 -0.04795443 0.01635856
v 0.01465002 -0.04795443 0.01635856
v 0.01465002 -0.04795443 0.01635856
v 0.01465002 -0.04795443 0.01635856
v 0.01465002 -0.04820665 0.01752210
v 0.01465002 -0.04820665 0.01752210
v 0.01465002 -0.04820665 0.01752210
v 0.01265002 -0.04820665 0.01752211
v 0.01265002 -0.04820665 0.01752211
v 0.01265002 -0.04820665 0.01752211
v 0.01465002 -0.04784331 0.01865587
v 0.01465002 -0.04784331 0.01865587
v 0.01465002 -0.04784331 0.01865587
v 0.01265002 -0.04784331 0.01865587
v 0.01265002 -0.04784331 0.01865587
v 0.01265002 -0.04784331 0.01865587
v 0.01465002 -0.04696176 0.01945608
v 0.01465002 -0.04696176 0.01945608
v 0.01465002 -0.04696176 0.01945608
v 0.01265002 -0.04696176 0.01945608
v 0.01265002 -0.04696176 0.01945608
v 0.01265002 -0.04696176 0.01945608
v 0.01265003 -0.05047653 0.02144251
v 0.01265003 -0.05047653 0.02144251
v 0.01265003 -0.05047653 0.02144251
v 0.01465003 -0.05047653 0.02144251
v 0.01465003 -0.05047653 0.02144251
v 0.01465003 -0.05047653 0.02144251
v 0.01265003 -0.05296079 0.02238466
v 0.01265003 -0.05296079 0.02238466
v 0.01265003 -0.04651568 0.02475779
v 0.01265003 -0.04581752 0.02369214
v 0.01265002 -0.04579822 0.01970830
v 0.01265002 -0.04579822 0.01970830
v 0.01265002 -0.04579822 0.01970830
v 0.01465002 -0.04579822 0.01970830
v 0.01465002 -0.04579822 0.01970830
v 0.01465002 -0.04579822 0.01970830
v 0.01465002 -0.04466445 0.01934496
v 0.01465002 -0.04466445 0.01934496
v 0.01465002 -0.04466445 0.01934496
v 0.01265002 -0.04466445 0.01934496
v 0.01265002 -0.04466445 0.01934496
v 0.01265002 -0.04466445 0.01934496
v 0.01465002 -0.04386425 0.01846341
v 0.01465002 -0.04386425 0.01846341
v 0.01465002 -0.04386425 0.01846341
v 0.01265002 -0.04386425 0.01846342
v 0.01265002 -0.04386425 0.01846342
v 0.01265002 -0.04386425 0.01846342
v 0.01265002 -0.04386425 0.01846342
v 0.01465002 -0.04361202 0.01729987
v 0.01465002 -0.04361202 0.01729987
v 0.01465002 -0.04361202 0.01729987
v 0.01465002 -0.04361202 0.01729987
v 0.01265002 -0.04361202 0.01729987
v 0.01265002 -0.04361202 0.01729987
v 0.01265002 -0.04361202 0.01729987
v 0.01465002 -0.04397536 0.01616610
v 0.01465002 -0.04397536 0.01616610
v 0.01465002 -0.04397536 0.01616610
v 0.01265002 -0.04397536 0.01616610
v 0.01265002 -0.04397536 0.01616610
v 0.01265002 -0.04397536 0.01616610
v 0.01465003 -0.04581752 0.02369214
v 0.01465003 -0.04326615 0.02271914
v 0.01465003 -0.04326615 0.02271914
v 0.01465003 -0.04326615 0.02271914
v 0.01465003 -0.04410616 0.02332428
v 0.01465003 -0.04410616 0.02332428
v 0.01465003 -0.04410616 0.02332428
v 0.01465003 -0.04453105 0.02426835
v 0.01465003 -0.04453105 0.02426835
v 0.01465003 -0.04453105 0.02426835
v 0.01465003 -0.04651568 0.02475779
v 0.01465003 -0.04864278 0.02800450
v 0.01465003 -0.05130501 0.02640237
v 0.01465003 -0.05130501 0.02640237
v 0.01465003 -0.05130501 0.02640237
v 0.01465003 -0.04382185 0.02613838
v 0.01465003 -0.04382185 0.02613838
v 0.01465003 -0.04382185 0.02613838
v 0.01465004 -0.04320179 0.03156917
v 0.01465003 -0.04107470 0.02832246
v 0.01465003 -0.04442699 0.02529838
v 0.01465003 -0.04442699 0.02529838
v 0.01465003 -0.04442699 0.02529838
v 0.01265003 -0.04453105 0.02426836
v 0.01265003 -0.04453105 0.02426836
v 0.01265003 -0.04453105 0.02426836
v 0.01265003 -0.04442699 0.02529839
v 0.01265003 -0.04442699 0.02529839
v 0.01265003 -0.04442699 0.02529839
v 0.01265003 -0.04382185 0.02613839
v 0.01265003 -0.04382185 0.02613839
v 0.01265003 -0.04382185 0.02613839
v 0.01465003 -0.04287777 0.02656328
v 0.01465003 -0.04287777 0.02656328
v 0.01465003 -0.04287777 0.02656328
v 0.01265003 -0.04287777 0.02656328
v 0.01265003 -0.04287777 0.02656328
v 0.01265003 -0.04287777 0.02656328
v 0.01265003 -0.04107470 0.02832246
v 0.01265004 -0.04094125 0.03054870
v 0.01265004 -0.04094125 0.03054870
v 0.01265004 -0.04094125 0.03054870
v 0.01265003 -0.04037654 0.02725681
v 0.01265004 -0.04320179 0.03156918
v 0.01265003 -0.03930394 0.02923371
v 0.01265003 -0.03930394 0.02923371
v 0.01265003 -0.03930394 0.02923371
v 0.01265003 -0.04184774 0.02645921
v 0.01265003 -0.04184774 0.02645921
v 0.01265003 -0.04184774 0.02645921
v 0.01265003 -0.04029877 0.02967184
v 0.01265003 -0.04029877 0.02967184
v 0.01265003 -0.04029877 0.02967184
v 0.01465003 -0.04029877 0.02967184
v 0.01465003 -0.04029877 0.02967184
v 0.01465003 -0.04029877 0.02967184
v 0.01465004 -0.04094125 0.03054869
v 0.01465004 -0.04094125 0.03054869
v 0.01465004 -0.04094125 0.03054869
v 0.01465004 -0.04105924 0.03162931
v 0.01465004 -0.04105924 0.03162931
v 0.01465004 -0.04105924 0.03162931
v 0.01265004 -0.04105924 0.03162931
v 0.01265004 -0.04105924 0.03162931
v 0.01265004 -0.04105924 0.03162931
v 0.01265004 -0.04105924 0.03162931
v 0.01465004 -0.04062110 0.03262414
v 0.01465004 -0.04062110 0.03262414
v 0.01465004 -0.04062110 0.03262414
v 0.01465004 -0.04062110 0.03262414
v 0.01265004 -0.04062110 0.03262415
v 0.01265004 -0.04062110 0.03262415
v 0.01265004 -0.04062110 0.03262415
v 0.01465004 -0.03974425 0.03326663
v 0.01465004 -0.03974425 0.03326663
v 0.01465004 -0.03974425 0.03326663
v 0.01265004 -0.03974425 0.03326663
v 0.01265004 -0.03974425 0.03326663
v 0.01265004 -0.03974425 0.03326663
v 0.01465004 -0.03866363 0.03338461
v 0.01465004 -0.03866363 0.03338461
v 0.01465004 -0.03866363 0.03338461
v 0.01465004 -0.03518999 0.03613552
v 0.01465004 -0.03518999 0.03613552
v 0.01465004 -0.03518999 0.03613552
v 0.01465004 -0.03518999 0.03613552
v 0.01465004 -0.03497883 0.03714903
v 0.01465004 -0.03497883 0.03714903
v 0.01465004 -0.03497883 0.03714903
v 0.01465004 -0.03486611 0.03515221
v 0.01465004 -0.03486611 0.03515221
v 0.01465004 -0.03486611 0.03515221
v 0.01265004 -0.03486611 0.03515221
v 0.01265004 -0.03486611 0.03515221
v 0.01265004 -0.03486611 0.03515221
v 0.01265004 -0.03486611 0.03515221
v 0.01265004 -0.03518999 0.03613552
v 0.01265004 -0.03518999 0.03613552
v 0.01265004 -0.03518999 0.03613552
v 0.01265004 -0.03866363 0.03338461
v 0.01265004 -0.03866363 0.03338461
v 0.01265004 -0.03866363 0.03338461
v 0.01265004 -0.03866363 0.03338461
v 0.01265004 -0.03766880 0.03294648
v 0.01265004 -0.03766880 0.03294648
v 0.01265004 -0.03766880 0.03294648
v 0.01265004 -0.03497883 0.03714903
v 0.01265004 -0.03497883 0.03714903
v 0.01265004 -0.03497883 0.03714903
v 0.01265004 -0.03428920 0.03792118
v 0.01265004 -0.03428920 0.03792118
v 0.01265004 -0.03428920 0.03792118
v 0.01465004 -0.03428920 0.03792118
v 0.01465004 -0.03428920 0.03792118
v 0.01465004 -0.03428920 0.03792118
v 0.01265004 -0.04498729 0.03613077
v 0.01265004 -0.04498729 0.03613077
v 0.01265004 -0.04498729 0.03613077
v 0.01465004 -0.04498729 0.03613077
v 0.01465004 -0.04498729 0.03613077
v 0.01465004 -0.04498729 0.03613077
v 0.01465005 -0.03957070 0.04199343
v 0.01465005 -0.03957070 0.04199343
v 0.01465005 -0.03957070 0.04199343
v 0.01265005 -0.03957070 0.04199344
v 0.01265005 -0.03957070 0.04199344
v 0.01265005 -0.03957070 0.04199344
v 0.01265005 -0.03331293 0.04336562
v 0.01265003 -0.04954299 0.02957671
v 0.01265003 -0.04954299 0.02957671
v 0.01265003 -0.04954299 0.02957671
v 0.01265003 -0.04954299 0.02957671
v 0.01265003 -0.04960723 0.02946883
v 0.01265003 -0.04960723 0.02946883
v 0.01265003 -0.04960723 0.02946883
v 0.01465003 -0.04960723 0.02946883
v 0.01465003 -0.04960723 0.02946883
v 0.01465003 -0.04960723 0.02946883
v 0.01465003 -0.04960723 0.02946883
v 0.01465003 -0.04954299 0.02957671
v 0.01465003 -0.04954299 0.02957671
v 0.01465003 -0.04954299 0.02957671
v 0.01265003 -0.04864278 0.02800450
v 0.01265003 -0.05130501 0.02640237
v 0.01265003 -0.05130501 0.02640237
v 0.01265003 -0.05130501 0.02640237
v 0.01265003 -0.05309677 0.02258368
v 0.01265003 -0.05309677 0.02258368
v 0.01265003 -0.05309677 0.02258368
v 0.01465003 -0.05309677 0.02258368
v 0.01465003 -0.05309677 0.02258368
v 0.01465003 -0.05309677 0.02258368
v 0.01465003 -0.05315062 0.02245665
v 0.01465003 -0.05315062 0.02245665
v 0.01465003 -0.05315062 0.02245665
v 0.01265003 -0.05315062 0.02245665
v 0.01265003 -0.05315062 0.02245665
v 0.01265003 -0.05315062 0.02245665
v 0.01265005 -0.02833532 0.04287376
v 0.01265005 -0.02833532 0.04287376
v 0.01265005 -0.02833532 0.04287376
v 0.01265005 -0.02823277 0.04701672
v 0.01265005 -0.02823277 0.04701672
v 0.01265005 -0.02823277 0.04701672
v 0.01265005 -0.02741156 0.04331470
v 0.01265005 -0.02741156 0.04331470
v 0.01265005 -0.02741156 0.04331470
v 0.01265004 -0.03330589 0.03824506
v 0.01265004 -0.03330589 0.03824506
v 0.01265004 -0.03330589 0.03824506
v 0.01265006 -0.02645347 0.04785961
v 0.01265005 -0.03087530 0.03964490
v 0.01265005 -0.03339687 0.04705250
v 0.01265005 -0.03339687 0.04705250
v 0.01265005 -0.03339687 0.04705250
v 0.01265005 -0.02897627 0.04207569
v 0.01265005 -0.02897627 0.04207569
v 0.01265005 -0.02897627 0.04207569
v 0.01265005 -0.03182959 0.04466026
v 0.01265005 -0.03182959 0.04466026
v 0.01265005 -0.03182959 0.04466026
v 0.01465006 -0.03339687 0.04705250
v 0.01465006 -0.03339687 0.04705250
v 0.01465006 -0.03339687 0.04705250
v 0.01465005 -0.03182959 0.04466025
v 0.01465005 -0.03182959 0.04466025
v 0.01465005 -0.03182959 0.04466025
v 0.01465006 -0.02823277 0.04701671
v 0.01465006 -0.02823277 0.04701671
v 0.01465006 -0.02823277 0.04701671
v 0.01465005 -0.03331293 0.04336561
v 0.01465006 -0.02645347 0.04785960
v 0.01465005 -0.03087530 0.03964490
v 0.01465004 -0.03330589 0.03824506
v 0.01465004 -0.03330589 0.03824506
v 0.01465004 -0.03330589 0.03824506
v 0.01465005 -0.02920749 0.04107855
v 0.01465005 -0.02920749 0.04107855
v 0.01465005 -0.02920749 0.04107855
v 0.01465005 -0.02897627 0.04207569
v 0.01465005 -0.02897627 0.04207569
v 0.01465005 -0.02897627 0.04207569
v 0.01465005 -0.02833532 0.04287376
v 0.01465005 -0.02833532 0.04287376
v 0.01465005 -0.02833532 0.04287376
v 0.01465005 -0.02741156 0.04331470
v 0.01465005 -0.02741156 0.04331470
v 0.01465005 -0.02741156 0.04331470
v 0.01465005 -0.02638797 0.04331116
v 0.01465005 -0.02638797 0.04331116
v 0.01465005 -0.02638797 0.04331116
v 0.01265005 -0.02638797 0.04331117
v 0.01265005 -0.02638797 0.04331117
v 0.01265005 -0.02638797 0.04331117
v 0.01465005 -0.02546728 0.04286386
v 0.01465005 -0.02546728 0.04286386
v 0.01465005 -0.02546728 0.04286386
v 0.01465005 -0.02401584 0.04413889
v 0.01465005 -0.02188875 0.04089218
v 0.01465005 -0.02197295 0.04479469
v 0.01465005 -0.02197295 0.04479469
v 0.01465005 -0.02197295 0.04479469
v 0.01465005 -0.02176179 0.04580820
v 0.01465005 -0.02176179 0.04580820
v 0.01465005 -0.02176179 0.04580820
v 0.01465005 -0.02087692 0.04312175
v 0.01465005 -0.02087692 0.04312175
v 0.01465005 -0.02087692 0.04312175
v 0.01465005 -0.02164907 0.04381138
v 0.01465005 -0.02164907 0.04381138
v 0.01465005 -0.02164907 0.04381138
v 0.01265005 -0.02164907 0.04381138
v 0.01265005 -0.02164907 0.04381138
v 0.01265005 -0.02164907 0.04381138
v 0.01265005 -0.02087692 0.04312175
v 0.01265005 -0.02087692 0.04312175
v 0.01265005 -0.02087692 0.04312175
v 0.01265005 -0.01986341 0.04291059
v 0.01265005 -0.01986341 0.04291059
v 0.01265005 -0.01986341 0.04291059
v 0.01265005 -0.02188875 0.04089218
v 0.01265004 -0.02874821 0.03639819
v 0.01265005 -0.02463439 0.04071997
v 0.01265005 -0.02463439 0.04071997
v 0.01265005 -0.02463439 0.04071997
v 0.01265005 -0.02463439 0.04071997
v 0.01265005 -0.01559396 0.04501622
v 0.01265005 -0.01888010 0.04323447
v 0.01265005 -0.01888010 0.04323447
v 0.01265005 -0.01888010 0.04323447
v 0.01265005 -0.01888010 0.04323447
v 0.01265005 -0.02511425 0.03963039
v 0.01265005 -0.02511425 0.03963039
v 0.01265005 -0.02511425 0.03963039
v 0.01265005 -0.02401584 0.04413889
v 0.01265004 -0.02805005 0.03533254
v 0.01265005 -0.02119058 0.03982653
v 0.01265005 -0.02607461 0.03892672
v 0.01265005 -0.02607461 0.03892672
v 0.01265005 -0.02607461 0.03892672
v 0.01265005 -0.02476360 0.04190350
v 0.01265005 -0.02476360 0.04190350
v 0.01265005 -0.02476360 0.04190350
v 0.01265005 -0.02546728 0.04286386
v 0.01265005 -0.02546728 0.04286386
v 0.01265005 -0.02546728 0.04286386
v 0.01465005 -0.02476360 0.04190350
v 0.01465005 -0.02476360 0.04190350
v 0.01465005 -0.02476360 0.04190350
v 0.01465005 -0.02463439 0.04071997
v 0.01465005 -0.02463439 0.04071997
v 0.01465005 -0.02463439 0.04071997
v 0.01465005 -0.02511425 0.03963039
v 0.01465005 -0.02511425 0.03963039
v 0.01465005 -0.02511425 0.03963039
v 0.01465005 -0.02511425 0.03963039
v 0.01465005 -0.02607461 0.03892671
v 0.01465005 -0.02607461 0.03892671
v 0.01465005 -0.02607461 0.03892671
v 0.01465004 -0.02725814 0.03879750
v 0.01465004 -0.02725814 0.03879750
v 0.01465004 -0.02725814 0.03879750
v 0.01465004 -0.02874821 0.03639818
v 0.01465004 -0.02805005 0.03533254
v 0.01465004 -0.03690833 0.03098901
v 0.01465004 -0.03690833 0.03098901
v 0.01465004 -0.03690833 0.03098901
v 0.01465004 -0.03152023 0.03734427
v 0.01465004 -0.03152023 0.03734427
v 0.01465004 -0.03152023 0.03734427
v 0.01465005 -0.02834773 0.03927736
v 0.01465005 -0.02834773 0.03927736
v 0.01465005 -0.02834773 0.03927736
v 0.01465005 -0.02834773 0.03927736
v 0.01465004 -0.03119635 0.03636096
v 0.01465004 -0.03119635 0.03636096
v 0.01465004 -0.03119635 0.03636096
v 0.01465004 -0.03140751 0.03534745
v 0.01465004 -0.03140751 0.03534745
v 0.01465004 -0.03140751 0.03534745
v 0.01465004 -0.03209714 0.03457530
v 0.01465004 -0.03209714 0.03457530
v 0.01465004 -0.03209714 0.03457530
v 0.01465004 -0.03702631 0.03206963
v 0.01465004 -0.03702631 0.03206963
v 0.01465004 -0.03702631 0.03206963
v 0.01465004 -0.03308045 0.03425141
v 0.01465004 -0.03308045 0.03425141
v 0.01465004 -0.03308045 0.03425141
v 0.01465004 -0.03308045 0.03425141
v 0.01265004 -0.03140751 0.03534745
v 0.01265004 -0.03140751 0.03534745
v 0.01265004 -0.03140751 0.03534745
v 0.01265004 -0.03209714 0.03457530
v 0.01265004 -0.03209714 0.03457530
v 0.01265004 -0.03209714 0.03457530
v 0.01265004 -0.03209714 0.03457530
v 0.01265004 -0.03702631 0.03206963
v 0.01265004 -0.03702631 0.03206963
v 0.01265004 -0.03702631 0.03206963
v 0.01265004 -0.03690833 0.03098901
v 0.01265004 -0.03690833 0.03098901
v 0.01265004 -0.03690833 0.03098901
v 0.01265004 -0.03690833 0.03098901
v 0.01265004 -0.03308045 0.03425142
v 0.01265004 -0.03308045 0.03425142
v 0.01265004 -0.03308045 0.03425142
v 0.01265004 -0.03409396 0.03446258
v 0.01265004 -0.03409396 0.03446258
v 0.01265004 -0.03409396 0.03446258
v 0.01465004 -0.03409396 0.03446258
v 0.01465004 -0.03409396 0.03446258
v 0.01465004 -0.03409396 0.03446258
v 0.01465004 -0.03766880 0.03294648
v 0.01465004 -0.03766880 0.03294648
v 0.01465004 -0.03766880 0.03294648
v 0.01465004 -0.03766880 0.03294648
v 0.01465003 -0.03734646 0.02999417
v 0.01465003 -0.03734646 0.02999417
v 0.01465003 -0.03734646 0.02999417
v 0.01465003 -0.03734646 0.02999417
v 0.01265003 -0.03734646 0.02999418
v 0.01265003 -0.03734646 0.02999418
v 0.01265003 -0.03734646 0.02999418
v 0.01465003 -0.03822332 0.02935169
v 0.01465003 -0.03822332 0.02935169
v 0.01465003 -0.03822332 0.02935169
v 0.01265003 -0.03822332 0.02935169
v 0.01265003 -0.03822332 0.02935169
v 0.01265003 -0.03822332 0.02935169
v 0.01465003 -0.03930394 0.02923371
v 0.01465003 -0.03930394 0.02923371
v 0.01465003 -0.03930394 0.02923371
v 0.01465003 -0.04037654 0.02725681
v 0.01465003 -0.04058285 0.02491000
v 0.01465003 -0.04058285 0.02491000
v 0.01465003 -0.04058285 0.02491000
v 0.01465003 -0.03833534 0.02240002
v 0.01465003 -0.03833534 0.02240002
v 0.01465003 -0.03833534 0.02240002
v 0.01465003 -0.04184774 0.02645921
v 0.01465003 -0.04184774 0.02645921
v 0.01465003 -0.04184774 0.02645921
v 0.01465003 -0.03356661 0.02906272
v 0.01465003 -0.03356661 0.02906272
v 0.01465003 -0.03356661 0.02906272
v 0.01465003 -0.04100774 0.02585407
v 0.01465003 -0.04100774 0.02585407
v 0.01465003 -0.04100774 0.02585407
v 0.01265003 -0.04100774 0.02585407
v 0.01265003 -0.04100774 0.02585407
v 0.01265003 -0.04100774 0.02585407
v 0.01265003 -0.04058285 0.02491000
v 0.01265003 -0.04058285 0.02491000
v 0.01265003 -0.04058285 0.02491000
v 0.01465003 -0.04068692 0.02387997
v 0.01465003 -0.04068692 0.02387997
v 0.01465003 -0.04068692 0.02387997
v 0.01265003 -0.04068692 0.02387998
v 0.01265003 -0.04068692 0.02387998
v 0.01265003 -0.04068692 0.02387998
v 0.01265003 -0.03833534 0.02240002
v 0.01265003 -0.03833534 0.02240002
v 0.01265003 -0.03833534 0.02240002
v 0.01265003 -0.03356661 0.02906272
v 0.01265003 -0.03356661 0.02906272
v 0.01265003 -0.03356661 0.02906272
v 0.01265003 -0.04129206 0.02303997
v 0.01265003 -0.04129206 0.02303997
v 0.01265003 -0.04129206 0.02303997
v 0.01265003 -0.04223612 0.02261508
v 0.01265003 -0.04223612 0.02261508
v 0.01265003 -0.04223612 0.02261508
v 0.01265003 -0.04326615 0.02271915
v 0.01265003 -0.04326615 0.02271915
v 0.01265003 -0.04326615 0.02271915
v 0.01465003 -0.04223612 0.02261508
v 0.01465003 -0.04223612 0.02261508
v 0.01465003 -0.04223612 0.02261508
v 0.01465003 -0.04129206 0.02303997
v 0.01465003 -0.04129206 0.02303997
v 0.01465003 -0.04129206 0.02303997
v 0.01265003 -0.04410616 0.02332429
v 0.01265003 -0.04410616 0.02332429
v 0.01265003 -0.04410616 0.02332429
v 0.01465004 -0.02765481 0.03473572
v 0.01465004 -0.02765481 0.03473572
v 0.01465004 -0.02765481 0.03473572
v 0.01265004 -0.02765481 0.03473572
v 0.01265004 -0.02765481 0.03473572
v 0.01265004 -0.02765481 0.03473572
v 0.01465005 -0.02080126 0.03922584
v 0.01465005 -0.02080126 0.03922584
v 0.01465005 -0.02080126 0.03922584
v 0.01265005 -0.02080126 0.03922584
v 0.01265005 -0.02080126 0.03922584
v 0.01265005 -0.02080126 0.03922584
v 0.01465005 -0.01323935 0.04238016
v 0.01465005 -0.01323935 0.04238016
v 0.01465005 -0.01323935 0.04238016
v 0.01265005 -0.01323935 0.04238017
v 0.01265005 -0.01323935 0.04238017
v 0.01265005 -0.01323935 0.04238017
v 0.01265005 -0.01489580 0.04395057
v 0.01265005 -0.01258378 0.04621750
v 0.01265005 -0.01258378 0.04621750
v 0.01265005 -0.01258378 0.04621750
v 0.01265005 -0.01367081 0.04621312
v 0.01265005 -0.01367081 0.04621312
v 0.01265005 -0.01367081 0.04621312
v 0.01265005 -0.01164458 0.04676481
v 0.01265005 -0.01164458 0.04676481
v 0.01265005 -0.01164458 0.04676481
v 0.01265006 -0.00886409 0.04790226
v 0.01265006 -0.00730556 0.04978970
v 0.01265006 -0.00730556 0.04978970
v 0.01265006 -0.00730556 0.04978970
v 0.01265006 -0.00754531 0.04893252
v 0.01265006 -0.00754531 0.04893252
v 0.01265006 -0.00754531 0.04893252
v 0.01265006 -0.00732599 0.04792074
v 0.01265006 -0.00732599 0.04792074
v 0.01265006 -0.00732599 0.04792074
v 0.01265006 -0.00956225 0.04896790
v 0.01265006 -0.00671763 0.05045798
v 0.01265006 -0.00671763 0.05045798
v 0.01265006 -0.00671763 0.05045798
v 0.01265006 -0.00671763 0.05045798
v 0.01265006 -0.01110923 0.04879542
v 0.01265006 -0.01110923 0.04879542
v 0.01265006 -0.01110923 0.04879542
v 0.01265006 0.00053595 0.05558376
v 0.01265006 0.00053595 0.05558376
v 0.01265006 -0.01168934 0.05221462
v 0.01265005 -0.01110485 0.04770840
v 0.01265005 -0.01110485 0.04770840
v 0.01265005 -0.01110485 0.04770840
v 0.01265007 -0.00733024 0.05723247
v 0.01265007 -0.00733024 0.05723247
v 0.01265007 -0.00733024 0.05723247
v 0.01265007 -0.00733024 0.05723247
v 0.01265007 -0.00733024 0.05723247
v 0.01265007 0.00062833 0.05749366
v 0.01265007 0.00062833 0.05749366
v 0.01465007 0.00050016 0.05769781
v 0.01465007 0.00050016 0.05769781
v 0.01465007 0.00050016 0.05769781
v 0.01465007 0.00050016 0.05769781
v 0.01465007 -0.00733024 0.05723247
v 0.01465007 -0.00733024 0.05723247
v 0.01465007 -0.00733024 0.05723247
v 0.01465007 -0.01410684 0.05594895
v 0.01465007 -0.01410684 0.05594895
v 0.01465007 -0.01410684 0.05594895
v 0.01465007 -0.01410684 0.05594895
v 0.01265006 -0.01515833 0.05567327
v 0.01265006 -0.01515833 0.05567327
v 0.01265006 -0.01515833 0.05567327
v 0.01265006 -0.01515833 0.05567327
v 0.01265007 0.00063814 0.05769645
v 0.01265007 0.00063814 0.05769645
v 0.01265007 0.00063814 0.05769645
v 0.01265007 0.00063814 0.05769645
v 0.01465007 0.00063814 0.05769645
v 0.01465007 0.00063814 0.05769645
v 0.01465007 0.00063814 0.05769645
v 0.01465007 0.00062833 0.05749366
v 0.01465007 0.00062833 0.05749366
v 0.01465006 0.00053595 0.05558375
v 0.01465006 0.00053595 0.05558375
v 0.01465006 -0.01168934 0.05221462
v 0.01465006 -0.01515833 0.05567327
v 0.01465006 -0.01515833 0.05567327
v 0.01465006 -0.01515833 0.05567327
v 0.01465006 -0.01462637 0.04972266
v 0.01465006 -0.01462637 0.04972266
v 0.01465006 -0.01462637 0.04972266
v 0.01465006 -0.01772105 0.04826293
v 0.01465006 -0.00956225 0.04896790
v 0.01465006 -0.01368716 0.05026997
v 0.01465006 -0.01368716 0.05026997
v 0.01465006 -0.01368716 0.05026997
v 0.01465006 -0.01260013 0.05027435
v 0.01465006 -0.01260013 0.05027435
v 0.01465006 -0.01260013 0.05027435
v 0.01465006 -0.01165654 0.04973463
v 0.01465006 -0.01165654 0.04973463
v 0.01465006 -0.01165654 0.04973463
v 0.01465006 -0.01110923 0.04879542
v 0.01465006 -0.01110923 0.04879542
v 0.01465006 -0.01110923 0.04879542
v 0.01265006 -0.01260013 0.05027435
v 0.01265006 -0.01260013 0.05027435
v 0.01265006 -0.01260013 0.05027435
v 0.01265006 -0.01165654 0.04973463
v 0.01265006 -0.01165654 0.04973463
v 0.01265006 -0.01165654 0.04973463
v 0.01265006 -0.01368716 0.05026997
v 0.01265006 -0.01368716 0.05026997
v 0.01265006 -0.01368716 0.05026997
v 0.01265006 -0.01462637 0.04972266
v 0.01265006 -0.01462637 0.04972266
v 0.01265006 -0.01462637 0.04972266
v 0.01265006 -0.01516609 0.04877908
v 0.01265006 -0.01516609 0.04877908
v 0.01265006 -0.01516609 0.04877908
v 0.01265006 -0.01772105 0.04826294
v 0.01265005 -0.02008885 0.04690423
v 0.01265005 -0.02008885 0.04690423
v 0.01265005 -0.02008885 0.04690423
v 0.01265005 -0.01907534 0.04669307
v 0.01265005 -0.01907534 0.04669307
v 0.01265005 -0.01907534 0.04669307
v 0.01265005 -0.01830319 0.04600344
v 0.01265005 -0.01830319 0.04600344
v 0.01265005 -0.01830319 0.04600344
v 0.01265006 -0.02015868 0.05198364
v 0.01265005 -0.01797931 0.04502013
v 0.01265005 -0.01797931 0.04502013
v 0.01265005 -0.01797931 0.04502013
v 0.01265005 -0.01516171 0.04769205
v 0.01265005 -0.01516171 0.04769205
v 0.01265005 -0.01516171 0.04769205
v 0.01265005 -0.01461440 0.04675284
v 0.01265005 -0.01461440 0.04675284
v 0.01265005 -0.01461440 0.04675284
v 0.01465006 -0.01516171 0.04769205
v 0.01465006 -0.01516171 0.04769205
v 0.01465006 -0.01516171 0.04769205
v 0.01465006 -0.01516609 0.04877907
v 0.01465006 -0.01516609 0.04877907
v 0.01465006 -0.01516609 0.04877907
v 0.01465005 -0.01461440 0.04675284
v 0.01465005 -0.01461440 0.04675284
v 0.01465005 -0.01461440 0.04675284
v 0.01465005 -0.01367081 0.04621312
v 0.01465005 -0.01367081 0.04621312
v 0.01465005 -0.01367081 0.04621312
v 0.01465005 -0.01559396 0.04501621
v 0.01465005 -0.01888010 0.04323447
v 0.01465005 -0.01888010 0.04323447
v 0.01465005 -0.01888010 0.04323447
v 0.01465005 -0.01489580 0.04395057
v 0.01465005 -0.02119058 0.03982653
v 0.01465005 -0.01830319 0.04600343
v 0.01465005 -0.01830319 0.04600343
v 0.01465005 -0.01830319 0.04600343
v 0.01465005 -0.01797931 0.04502013
v 0.01465005 -0.01797931 0.04502013
v 0.01465005 -0.01797931 0.04502013
v 0.01465005 -0.01819047 0.04400662
v 0.01465005 -0.01819047 0.04400662
v 0.01465005 -0.01819047 0.04400662
v 0.01465005 -0.01258378 0.04621749
v 0.01465005 -0.01258378 0.04621749
v 0.01465005 -0.01258378 0.04621749
v 0.01465005 -0.01164458 0.04676480
v 0.01465005 -0.01164458 0.04676480
v 0.01465005 -0.01164458 0.04676480
v 0.01465006 -0.01110485 0.04770839
v 0.01465006 -0.01110485 0.04770839
v 0.01465006 -0.01110485 0.04770839
v 0.01465006 -0.00886409 0.04790226
v 0.01465006 -0.00732599 0.04792074
v 0.01465006 -0.00732599 0.04792074
v 0.01465006 -0.00732599 0.04792074
v 0.01465006 -0.00754531 0.04893252
v 0.01465006 -0.00754531 0.04893252
v 0.01465006 -0.00754531 0.04893252
v 0.01465006 -0.00730556 0.04978970
v 0.01465006 -0.00730556 0.04978970
v 0.01465006 -0.00730556 0.04978970
v 0.01465006 -0.00671763 0.05045797
v 0.01465006 -0.00671763 0.05045797
v 0.01465006 -0.00671763 0.05045797
v 0.01465006 -0.00589797 0.05080497
v 0.01465006 -0.00589797 0.05080497
v 0.01465006 -0.00589797 0.05080497
v 0.01465006 -0.00589797 0.05080497
v 0.01265006 -0.00589797 0.05080497
v 0.01265006 -0.00589797 0.05080497
v 0.01265006 -0.00589797 0.05080497
v 0.01465006 -0.00500893 0.05076197
v 0.01465006 -0.00500893 0.05076197
v 0.01465006 -0.00500893 0.05076197
v 0.01465006 0.00049997 0.05483986
v 0.01465006 0.00049997 0.05483986
v 0.01465006 0.00049997 0.05483986
v 0.01265006 0.00049997 0.05483986
v 0.01265006 0.00049997 0.05483986
v 0.01265006 0.00049997 0.05483986
v 0.01465006 0.00479495 0.05463212
v 0.01465006 0.00479495 0.05463212
v 0.01465006 0.00479495 0.05463212
v 0.01465006 0.00176785 0.05126186
v 0.01465006 0.00176785 0.05126186
v 0.01465006 0.00176785 0.05126186
v 0.01465006 0.00014807 0.04962898
v 0.01465006 0.00014807 0.04962898
v 0.01465006 0.00014807 0.04962898
v 0.01465006 0.00073920 0.05066243
v 0.01465006 0.00073920 0.05066243
v 0.01465006 0.00073920 0.05066243
v 0.01265006 0.00014807 0.04962898
v 0.01265006 0.00014807 0.04962898
v 0.01265006 0.00014807 0.04962898
v 0.01265006 0.00073920 0.05066243
v 0.01265006 0.00073920 0.05066243
v 0.01265006 0.00073920 0.05066243
v 0.01265006 0.00176785 0.05126186
v 0.01265006 0.00176785 0.05126186
v 0.01265006 0.00176785 0.05126186
v 0.01265006 -0.00500893 0.05076197
v 0.01265006 -0.00500893 0.05076197
v 0.01265006 -0.00500893 0.05076197
v 0.01465006 -0.00422659 0.05033749
v 0.01465006 -0.00422659 0.05033749
v 0.01465006 -0.00422659 0.05033749
v 0.01265006 -0.00422659 0.05033749
v 0.01265006 -0.00422659 0.05033749
v 0.01265006 -0.00422659 0.05033749
v 0.01465006 -0.00370589 0.04961560
v 0.01465006 -0.00370589 0.04961560
v 0.01465006 -0.00370589 0.04961560
v 0.01265006 -0.00370589 0.04961560
v 0.01265006 -0.00370589 0.04961560
v 0.01265006 -0.00370589 0.04961560
v 0.01465006 -0.00354999 0.04873927
v 0.01465006 -0.00354999 0.04873927
v 0.01465006 -0.00354999 0.04873927
v 0.01265006 -0.00354999 0.04873927
v 0.01265006 -0.00354999 0.04873927
v 0.01265006 -0.00354999 0.04873927
v 0.01265006 0.00015287 0.04843842
v 0.01265006 0.00015287 0.04843842
v 0.01265006 0.00015287 0.04843842
v 0.01465006 -0.00386593 0.04775338
v 0.01465006 -0.00386593 0.04775338
v 0.01465006 -0.00386593 0.04775338
v 0.01265006 -0.00386593 0.04775339
v 0.01265006 -0.00386593 0.04775339
v 0.01265006 -0.00386593 0.04775339
v 0.01465006 -0.00463250 0.04705755
v 0.01465006 -0.00463250 0.04705755
v 0.01465006 -0.00463250 0.04705755
v 0.01265005 -0.00463250 0.04705755
v 0.01265005 -0.00463250 0.04705755
v 0.01265005 -0.00463250 0.04705755
v 0.01265005 -0.00463250 0.04705755
v 0.01465005 -0.00564427 0.04683823
v 0.01465005 -0.00564427 0.04683823
v 0.01465005 -0.00564427 0.04683823
v 0.01465005 -0.00564427 0.04683823
v 0.01265005 -0.00564427 0.04683823
v 0.01265005 -0.00564427 0.04683823
v 0.01265005 -0.00564427 0.04683823
v 0.01265005 0.00075230 0.04740977
v 0.01265005 0.00075230 0.04740977
v 0.01265005 0.00075230 0.04740977
v 0.01265005 0.00178576 0.04681864
v 0.01265005 0.00178576 0.04681864
v 0.01265005 0.00178576 0.04681864
v 0.01465006 0.00075230 0.04740977
v 0.01465006 0.00075230 0.04740977
v 0.01465006 0.00075230 0.04740977
v 0.01465006 0.00015287 0.04843842
v 0.01465006 0.00015287 0.04843842
v 0.01465006 0.00015287 0.04843842
v 0.01465006 -0.00663016 0.04715418
v 0.01465006 -0.00663016 0.04715418
v 0.01465006 -0.00663016 0.04715418
v 0.01265005 -0.00663016 0.04715418
v 0.01265005 -0.00663016 0.04715418
v 0.01265005 -0.00663016 0.04715418
v 0.01465006 0.00295841 0.05126666
v 0.01465006 0.00295841 0.05126666
v 0.01465006 0.00295841 0.05126666
v 0.01265006 0.00295841 0.05126666
v 0.01265006 0.00295841 0.05126666
v 0.01265006 0.00295841 0.05126666
v 0.01465006 0.00399186 0.05067554
v 0.01465006 0.00399186 0.05067554
v 0.01465006 0.00399186 0.05067554
v 0.01265006 0.00399186 0.05067554
v 0.01265006 0.00399186 0.05067554
v 0.01265006 0.00399186 0.05067554
v 0.01465006 0.00459130 0.04964688
v 0.01465006 0.00459130 0.04964688
v 0.01465006 0.00459130 0.04964688
v 0.01465007 0.00493312 0.05748871
v 0.01465007 0.00493312 0.05748871
v 0.01465007 0.00493312 0.05748871
v 0.01465007 0.00561432 0.05742619
v 0.01465007 0.00561432 0.05742619
v 0.01465007 0.00561432 0.05742619
v 0.01465007 0.00561432 0.05742619
v 0.01465007 0.01281951 0.05625787
v 0.01465007 0.01281951 0.05625787
v 0.01465007 0.01281951 0.05625787
v 0.01465006 0.01571934 0.05551748
v 0.01465006 0.01571934 0.05551748
v 0.01465006 0.01571934 0.05551748
v 0.01265006 0.01571934 0.05551748
v 0.01265006 0.01571934 0.05551748
v 0.01265006 0.01571934 0.05551748
v 0.01265006 0.01663181 0.05525098
v 0.01265006 0.01663181 0.05525098
v 0.01265006 0.01663181 0.05525098
v 0.01265006 0.01966544 0.05424536
v 0.01265006 0.01966544 0.05424536
v 0.01265006 0.01966544 0.05424536
v 0.01465006 0.01663181 0.05525098
v 0.01465006 0.01663181 0.05525098
v 0.01465006 0.01663181 0.05525098
v 0.01465006 0.01966544 0.05424535
v 0.01465006 0.01966544 0.05424535
v 0.01465006 0.01966544 0.05424535
v 0.01465006 0.02046059 0.05395046
v 0.01465006 0.02046059 0.05395046
v 0.01465006 0.02046059 0.05395046
v 0.01265006 0.02046059 0.05395047
v 0.01265006 0.02046059 0.05395047
v 0.01265006 0.02046059 0.05395047
v 0.01265006 0.02771013 0.05061065
v 0.01265006 0.02771013 0.05061065
v 0.01265006 0.02771013 0.05061065
v 0.01265005 0.03442940 0.04630232
v 0.01265005 0.03442940 0.04630232
v 0.01265005 0.03442940 0.04630232
v 0.01265005 0.03263855 0.04407251
v 0.01265005 0.03263855 0.04407251
v 0.01265005 0.03263855 0.04407251
v 0.01265005 0.02818578 0.04116688
v 0.01265005 0.02859507 0.03909765
v 0.01265005 0.02859507 0.03909765
v 0.01265005 0.02859507 0.03909765
v 0.01265005 0.02595850 0.03970768
v 0.01265005 0.02929098 0.04006365
v 0.01265005 0.02929098 0.04006365
v 0.01265005 0.02929098 0.04006365
v 0.01265005 0.03037666 0.04055227
v 0.01265005 0.03037666 0.04055227
v 0.01265005 0.03037666 0.04055227
v 0.01465005 0.03037666 0.04055227
v 0.01465005 0.03037666 0.04055227
v 0.01465005 0.03037666 0.04055227
v 0.01465005 0.03156120 0.04043260
v 0.01465005 0.03156120 0.04043260
v 0.01465005 0.03156120 0.04043260
v 0.01265005 0.03156120 0.04043260
v 0.01265005 0.03156120 0.04043260
v 0.01265005 0.03156120 0.04043260
v 0.01465005 0.03252720 0.03973669
v 0.01465005 0.03252720 0.03973669
v 0.01465005 0.03252720 0.03973669
v 0.01265005 0.03252720 0.03973669
v 0.01265005 0.03252720 0.03973669
v 0.01265005 0.03252720 0.03973669
v 0.01465004 0.03301582 0.03865101
v 0.01465004 0.03301582 0.03865101
v 0.01465004 0.03301582 0.03865101
v 0.01265004 0.03301582 0.03865101
v 0.01265004 0.03301582 0.03865101
v 0.01265004 0.03301582 0.03865101
v 0.01265004 0.03567499 0.03468049
v 0.01265004 0.03567499 0.03468049
v 0.01265004 0.03567499 0.03468049
v 0.01265005 0.03599116 0.04137992
v 0.01265005 0.03599116 0.04137992
v 0.01265005 0.03599116 0.04137992
v 0.01465005 0.03599116 0.04137991
v 0.01465005 0.03599116 0.04137991
v 0.01465005 0.03599116 0.04137991
v 0.01265005 0.03778200 0.04360973
v 0.01265005 0.03778200 0.04360973
v 0.01265005 0.03778200 0.04360973
v 0.01465005 0.03778200 0.04360973
v 0.01465005 0.03778200 0.04360973
v 0.01465005 0.03778200 0.04360973
v 0.01265004 0.03810449 0.03411715
v 0.01265004 0.03810449 0.03411715
v 0.01265004 0.03810449 0.03411715
v 0.01265004 0.03741052 0.03467450
v 0.01265004 0.03741052 0.03467450
v 0.01265004 0.03741052 0.03467450
v 0.01265004 0.03654344 0.03487556
v 0.01265004 0.03654344 0.03487556
v 0.01265004 0.03654344 0.03487556
v 0.01265004 0.03848791 0.03331388
v 0.01265004 0.03848791 0.03331388
v 0.01265004 0.03848791 0.03331388
v 0.01265004 0.03848791 0.03331388
v 0.01465004 0.03848791 0.03331388
v 0.01465004 0.03848791 0.03331388
v 0.01465004 0.03848791 0.03331388
v 0.01465004 0.03848484 0.03242380
v 0.01465004 0.03848484 0.03242380
v 0.01465004 0.03848484 0.03242380
v 0.01465004 0.03848484 0.03242380
v 0.01265004 0.03848484 0.03242380
v 0.01265004 0.03848484 0.03242380
v 0.01265004 0.03848484 0.03242380
v 0.01265004 0.04343876 0.03797846
v 0.01265004 0.04343876 0.03797846
v 0.01265004 0.04343876 0.03797846
v 0.01465004 0.04343876 0.03797845
v 0.01465004 0.04343876 0.03797845
v 0.01465004 0.04343876 0.03797845
v 0.01465004 0.03741052 0.03467450
v 0.01465004 0.03741052 0.03467450
v 0.01465004 0.03741052 0.03467450
v 0.01465004 0.03810449 0.03411715
v 0.01465004 0.03810449 0.03411715
v 0.01465004 0.03810449 0.03411715
v 0.01465004 0.03654344 0.03487556
v 0.01465004 0.03654344 0.03487556
v 0.01465004 0.03654344 0.03487556
v 0.01465004 0.03567499 0.03468049
v 0.01465004 0.03567499 0.03468049
v 0.01465004 0.03567499 0.03468049
v 0.01465004 0.03497718 0.03412794
v 0.01465004 0.03497718 0.03412794
v 0.01465004 0.03497718 0.03412794
v 0.01265004 0.03497718 0.03412794
v 0.01265004 0.03497718 0.03412794
v 0.01265004 0.03497718 0.03412794
v 0.01465004 0.03455991 0.03318048
v 0.01465004 0.03455991 0.03318048
v 0.01465004 0.03455991 0.03318048
v 0.01465004 0.03289615 0.03746647
v 0.01465004 0.03289615 0.03746647
v 0.01465004 0.03289615 0.03746647
v 0.01265004 0.03289615 0.03746647
v 0.01265004 0.03289615 0.03746647
v 0.01265004 0.03289615 0.03746647
v 0.01265005 0.02391198 0.04079327
v 0.01265005 0.02391198 0.04079327
v 0.01265005 0.02391198 0.04079327
v 0.01265004 0.02896402 0.03682743
v 0.01265004 0.02896402 0.03682743
v 0.01265004 0.02896402 0.03682743
v 0.01265004 0.02847540 0.03791311
v 0.01265004 0.02847540 0.03791311
v 0.01265004 0.02847540 0.03791311
v 0.01465004 0.02847540 0.03791311
v 0.01465004 0.02847540 0.03791311
v 0.01465004 0.02847540 0.03791311
v 0.01465005 0.02296452 0.04121054
v 0.01465005 0.02296452 0.04121054
v 0.01465005 0.02296452 0.04121054
v 0.01265005 0.02296452 0.04121054
v 0.01265005 0.02296452 0.04121054
v 0.01265005 0.02296452 0.04121054
v 0.01265005 0.02235263 0.04204564
v 0.01265005 0.02235263 0.04204564
v 0.01265005 0.02235263 0.04204564
v 0.01265005 0.02224026 0.04307480
v 0.01265005 0.02224026 0.04307480
v 0.01265005 0.02224026 0.04307480
v 0.01265007 0.00493312 0.05748872
v 0.01265007 0.00493312 0.05748872
v 0.01265007 0.00493312 0.05748872
v 0.01265007 0.00493312 0.05748872
v 0.01265005 -0.01819047 0.04400662
v 0.01265005 -0.01819047 0.04400662
v 0.01265005 -0.01819047 0.04400662
v 0.01465005 -0.01907534 0.04669306
v 0.01465005 -0.01907534 0.04669306
v 0.01465005 -0.01907534 0.04669306
v 0.01465005 -0.02008885 0.04690423
v 0.01465005 -0.02008885 0.04690423
v 0.01465005 -0.02008885 0.04690423
v 0.01465005 -0.02008885 0.04690423
v 0.01465005 -0.02107216 0.04658034
v 0.01465005 -0.02107216 0.04658034
v 0.01465005 -0.02107216 0.04658034
v 0.01265005 -0.02107216 0.04658034
v 0.01265005 -0.02107216 0.04658034
v 0.01265005 -0.02107216 0.04658034
v 0.01265005 -0.02107216 0.04658034
v 0.01465006 -0.02015868 0.05198364
v 0.01465006 -0.02269636 0.05304869
v 0.01465006 -0.02269636 0.05304869
v 0.01465006 -0.02269636 0.05304869
v 0.01265006 -0.02269636 0.05304869
v 0.01265006 -0.02269636 0.05304869
v 0.01265006 -0.02269636 0.05304869
v 0.01465006 -0.02980006 0.04940896
v 0.01465006 -0.02980006 0.04940896
v 0.01465006 -0.02980006 0.04940896
v 0.01265006 -0.02980006 0.04940896
v 0.01265006 -0.02980006 0.04940896
v 0.01265006 -0.02980006 0.04940896
v 0.01265005 -0.02176179 0.04580820
v 0.01265005 -0.02176179 0.04580820
v 0.01265005 -0.02176179 0.04580820
v 0.01265005 -0.02197295 0.04479469
v 0.01265005 -0.02197295 0.04479469
v 0.01265005 -0.02197295 0.04479469
v 0.01465005 -0.01986341 0.04291058
v 0.01465005 -0.01986341 0.04291058
v 0.01465005 -0.01986341 0.04291058
v 0.01465005 -0.01986341 0.04291058
v 0.01265004 -0.03119635 0.03636096
v 0.01265004 -0.03119635 0.03636096
v 0.01265004 -0.03119635 0.03636096
v 0.01265004 -0.03152023 0.03734427
v 0.01265004 -0.03152023 0.03734427
v 0.01265004 -0.03152023 0.03734427
v 0.01265004 -0.03229238 0.03803390
v 0.01265004 -0.03229238 0.03803390
v 0.01265004 -0.03229238 0.03803390
v 0.01465004 -0.03229238 0.03803390
v 0.01465004 -0.03229238 0.03803390
v 0.01465004 -0.03229238 0.03803390
v 0.01265004 -0.02725814 0.03879750
v 0.01265004 -0.02725814 0.03879750
v 0.01265004 -0.02725814 0.03879750
v 0.01265004 -0.02725814 0.03879750
v 0.01265005 -0.02834773 0.03927736
v 0.01265005 -0.02834773 0.03927736
v 0.01265005 -0.02834773 0.03927736
v 0.01465005 -0.02898316 0.04007983
v 0.01465005 -0.02898316 0.04007983
v 0.01465005 -0.02898316 0.04007983
v 0.01265005 -0.02898316 0.04007984
v 0.01265005 -0.02898316 0.04007984
v 0.01265005 -0.02898316 0.04007984
v 0.01265005 -0.02920749 0.04107855
v 0.01265005 -0.02920749 0.04107855
v 0.01265005 -0.02920749 0.04107855
v 0.01265001 -0.05003006 0.01052419
v 0.01265001 -0.05003006 0.01052419
v 0.01265001 -0.05003006 0.01052419
v 0.01265001 -0.05013413 0.00949415
v 0.01265001 -0.05013413 0.00949415
v 0.01265001 -0.05013413 0.00949415
v 0.01265001 -0.04970924 0.00855009
v 0.01265001 -0.04970924 0.00855009
v 0.01265001 -0.04970924 0.00855009
v 0.01265001 -0.04886923 0.00794495
v 0.01265001 -0.04886923 0.00794495
v 0.01265001 -0.04886923 0.00794495
v 0.01265001 -0.04798763 0.00782243
v 0.01265001 -0.04798763 0.00782243
v 0.01265001 -0.04798763 0.00782243
v 0.01265001 -0.05664793 0.00713552
v 0.01265001 -0.05669650 0.01071433
v 0.01265001 -0.05669650 0.01071433
v 0.01265001 -0.05669650 0.01071433
v 0.01265001 -0.05669650 0.01071433
v 0.01265002 -0.05467541 0.01843608
v 0.01265002 -0.05467541 0.01843608
v 0.01265002 -0.05467541 0.01843608
v 0.01265002 -0.05467541 0.01843608
v 0.01465002 -0.05489013 0.01778658
v 0.01465002 -0.05489013 0.01778658
v 0.01465002 -0.05489013 0.01778658
v 0.01465002 -0.05489013 0.01778658
v 0.01265001 -0.05717579 0.00776010
v 0.01265001 -0.05717579 0.00776010
v 0.01265001 -0.05717579 0.00776010
v 0.01265001 -0.05729587 0.00681712
v 0.01265001 -0.05729587 0.00681712
v 0.01265001 -0.05729587 0.00681712
v 0.01465001 -0.05729587 0.00681712
v 0.01465001 -0.05729587 0.00681712
v 0.01465001 -0.05729587 0.00681712
v 0.01465000 -0.05758543 0.00363429
v 0.01465000 -0.05758543 0.00363429
v 0.01465000 -0.05758543 0.00363429
v 0.01265000 -0.05758543 0.00363430
v 0.01265000 -0.05758543 0.00363430
v 0.01265000 -0.05758543 0.00363430
v 0.01265000 -0.05758543 0.00363430
v 0.01465000 -0.05615337 0.00152179
v 0.01465000 -0.05763263 0.00278754
v 0.01465000 -0.05763263 0.00278754
v 0.01465000 -0.05763263 0.00278754
v 0.01465000 -0.05763263 0.00278754
v 0.01464999 -0.05746588 -0.00519258
v 0.01464999 -0.05746588 -0.00519258
v 0.01464999 -0.05746588 -0.00519258
v 0.01464999 -0.05746588 -0.00519258
v 0.01464999 -0.05746588 -0.00519258
v 0.01265000 -0.05763263 0.00278754
v 0.01265000 -0.05763263 0.00278754
v 0.01265000 -0.05763263 0.00278754
v 0.01265000 -0.05763263 0.00278754
v 0.01265000 -0.05761820 -0.00307132
v 0.01265000 -0.05761820 -0.00307132
v 0.01265000 -0.05761820 -0.00307132
v 0.01265000 -0.05615337 0.00152179
v 0.01264999 -0.05583750 -0.00562229
v 0.01264999 -0.05343997 -0.01232201
v 0.01264999 -0.05343997 -0.01232201
v 0.01264999 -0.05343997 -0.01232201
v 0.01264999 -0.05746588 -0.00519258
v 0.01264999 -0.05746588 -0.00519258
v 0.01264999 -0.05746588 -0.00519258
v 0.01264999 -0.05619945 -0.01307334
v 0.01264999 -0.05619945 -0.01307334
v 0.01264999 -0.05619945 -0.01307334
v 0.01464999 -0.05619945 -0.01307334
v 0.01464999 -0.05619945 -0.01307334
v 0.01464999 -0.05619945 -0.01307334
v 0.01464999 -0.05343997 -0.01232201
v 0.01464999 -0.05343997 -0.01232201
v 0.01464999 -0.05343997 -0.01232201
v 0.01464999 -0.05583750 -0.00562230
v 0.01464998 -0.05231033 -0.01647098
v 0.01464998 -0.05231033 -0.01647098
v 0.01464998 -0.05231033 -0.01647098
v 0.01264998 -0.05231033 -0.01647097
v 0.01264998 -0.05231033 -0.01647097
v 0.01264998 -0.05231033 -0.01647097
v 0.01464998 -0.04666531 -0.01985742
v 0.01464998 -0.04666531 -0.01985742
v 0.01464998 -0.04666531 -0.01985742
v 0.01464998 -0.04666114 -0.02089269
v 0.01464998 -0.04666114 -0.02089269
v 0.01464998 -0.04666114 -0.02089269
v 0.01264998 -0.04666531 -0.01985742
v 0.01264998 -0.04666531 -0.01985742
v 0.01264998 -0.04666531 -0.01985742
v 0.01464998 -0.04615129 -0.01895877
v 0.01464998 -0.04615129 -0.01895877
v 0.01464998 -0.04615129 -0.01895877
v 0.01464998 -0.04724573 -0.01519539
v 0.01464998 -0.04724573 -0.01519539
v 0.01464998 -0.04724573 -0.01519539
v 0.01464998 -0.04841127 -0.01495256
v 0.01464998 -0.04841127 -0.01495256
v 0.01464998 -0.04841127 -0.01495256
v 0.01464998 -0.04929924 -0.01415948
v 0.01464998 -0.04929924 -0.01415948
v 0.01464998 -0.04929924 -0.01415948
v 0.01264998 -0.04841127 -0.01495255
v 0.01264998 -0.04841127 -0.01495255
v 0.01264998 -0.04841127 -0.01495255
v 0.01264998 -0.04929924 -0.01415948
v 0.01264998 -0.04929924 -0.01415948
v 0.01264998 -0.04929924 -0.01415948
v 0.01264998 -0.04929924 -0.01415948
v 0.01264998 -0.04724573 -0.01519539
v 0.01264998 -0.04724573 -0.01519539
v 0.01264998 -0.04724573 -0.01519539
v 0.01264998 -0.04611493 -0.01482293
v 0.01264998 -0.04611493 -0.01482293
v 0.01264998 -0.04611493 -0.01482293
v 0.01264998 -0.04525681 -0.01843752
v 0.01264998 -0.04525681 -0.01843752
v 0.01264998 -0.04525681 -0.01843752
v 0.01264998 -0.04615129 -0.01895877
v 0.01264998 -0.04615129 -0.01895877
v 0.01264998 -0.04615129 -0.01895877
v 0.01264998 -0.04422154 -0.01843335
v 0.01264998 -0.04422154 -0.01843335
v 0.01264998 -0.04422154 -0.01843335
v 0.01465002 -0.05467541 0.01843607
v 0.01465002 -0.05467541 0.01843607
v 0.01465002 -0.05467541 0.01843607
v 0.01265000 -0.04880498 0.00418135
v 0.01265000 -0.04880498 0.00418135
v 0.01265000 -0.04880498 0.00418135
v 0.01465000 -0.04784407 0.00231409
v 0.01465000 -0.04784407 0.00231409
v 0.01465000 -0.04784407 0.00231409
v 0.01465000 -0.04817582 0.00127891
v 0.01465000 -0.04817582 0.00127891
v 0.01465000 -0.04817582 0.00127891
v 0.01265001 -0.04984016 0.00451310
v 0.01265001 -0.04984016 0.00451310
v 0.01265001 -0.04984016 0.00451310
v 0.01265000 -0.05076030 0.00434939
v 0.01265000 -0.05076030 0.00434939
v 0.01265000 -0.05076030 0.00434939
v 0.01265000 -0.05151829 0.00380267
v 0.01265000 -0.05151829 0.00380267
v 0.01265000 -0.05151829 0.00380267
v 0.01265000 -0.05196400 0.00298121
v 0.01265000 -0.05196400 0.00298121
v 0.01265000 -0.05196400 0.00298121
v 0.01465000 -0.05151829 0.00380267
v 0.01465000 -0.05151829 0.00380267
v 0.01465000 -0.05151829 0.00380267
v 0.01465000 -0.05196400 0.00298120
v 0.01465000 -0.05196400 0.00298120
v 0.01465000 -0.05196400 0.00298120
v 0.01465000 -0.05200915 0.00204771
v 0.01465000 -0.05200915 0.00204771
v 0.01465000 -0.05200915 0.00204771
v 0.01265000 -0.05200915 0.00204771
v 0.01265000 -0.05200915 0.00204771
v 0.01265000 -0.05200915 0.00204771
v 0.01464998 -0.04331149 -0.02177578
v 0.01464998 -0.04331149 -0.02177578
v 0.01464998 -0.04331149 -0.02177578
v 0.01464997 -0.04006686 -0.02624990
v 0.01464997 -0.04006686 -0.02624990
v 0.01464997 -0.04006686 -0.02624990
v 0.01464998 -0.04280164 -0.01984185
v 0.01464998 -0.04280164 -0.01984185
v 0.01464998 -0.04280164 -0.01984185
v 0.01464998 -0.04279747 -0.02087712
v 0.01464998 -0.04279747 -0.02087712
v 0.01464998 -0.04279747 -0.02087712
v 0.01464997 -0.03972679 -0.02728238
v 0.01464997 -0.03972679 -0.02728238
v 0.01464997 -0.03972679 -0.02728238
v 0.01464997 -0.03972679 -0.02728238
v 0.01264997 -0.03972679 -0.02728237
v 0.01264997 -0.03972679 -0.02728237
v 0.01264997 -0.03972679 -0.02728237
v 0.01464997 -0.04420597 -0.02229702
v 0.01464997 -0.04420597 -0.02229702
v 0.01464997 -0.04420597 -0.02229702
v 0.01264997 -0.04524124 -0.02230119
v 0.01264997 -0.04524124 -0.02230119
v 0.01264997 -0.04524124 -0.02230119
v 0.01464995 -0.03263855 -0.04407254
v 0.01464995 -0.03263855 -0.04407254
v 0.01464995 -0.03263855 -0.04407254
v 0.01464995 -0.03123960 -0.04316762
v 0.01464995 -0.03252720 -0.03973672
v 0.01464995 -0.03252720 -0.03973672
v 0.01464995 -0.03252720 -0.03973672
v 0.01464995 -0.02929098 -0.04006368
v 0.01464995 -0.02929098 -0.04006368
v 0.01464995 -0.02929098 -0.04006368
v 0.01464995 -0.03037666 -0.04055231
v 0.01464995 -0.03037666 -0.04055231
v 0.01464995 -0.03037666 -0.04055231
v 0.01464995 -0.03156120 -0.04043263
v 0.01464995 -0.03156120 -0.04043263
v 0.01464995 -0.03156120 -0.04043263
v 0.01264995 -0.03037666 -0.04055230
v 0.01264995 -0.03037666 -0.04055230
v 0.01264995 -0.03037666 -0.04055230
v 0.01264995 -0.03156120 -0.04043263
v 0.01264995 -0.03156120 -0.04043263
v 0.01264995 -0.03156120 -0.04043263
v 0.01464996 -0.03301582 -0.03865104
v 0.01464996 -0.03301582 -0.03865104
v 0.01464996 -0.03301582 -0.03865104
v 0.01464995 -0.03442940 -0.04630236
v 0.01464995 -0.03442940 -0.04630236
v 0.01464995 -0.03442940 -0.04630236
v 0.01264995 -0.03442940 -0.04630235
v 0.01264995 -0.03442940 -0.04630235
v 0.01264995 -0.03442940 -0.04630235
v 0.01464996 -0.02993003 -0.03613155
v 0.01464996 -0.02993003 -0.03613155
v 0.01464996 -0.02993003 -0.03613155
v 0.01264994 -0.01223256 -0.04797594
v 0.01264994 -0.01223256 -0.04797594
v 0.01264994 -0.01223256 -0.04797594
v 0.01264994 -0.01199280 -0.04711875
v 0.01264994 -0.01199280 -0.04711875
v 0.01264994 -0.01199280 -0.04711875
v 0.01264995 -0.01140488 -0.04645048
v 0.01264995 -0.01140488 -0.04645048
v 0.01264995 -0.01140488 -0.04645048
v 0.01264994 -0.01201324 -0.04898771
v 0.01264994 -0.01201324 -0.04898771
v 0.01264994 -0.01201324 -0.04898771
v 0.01264994 -0.01201324 -0.04898771
v 0.01264994 -0.01131740 -0.04975428
v 0.01264994 -0.01131740 -0.04975428
v 0.01264994 -0.01131740 -0.04975428
v 0.01464994 -0.01223256 -0.04797594
v 0.01464994 -0.01223256 -0.04797594
v 0.01464994 -0.01223256 -0.04797594
v 0.01464994 -0.01223256 -0.04797594
v 0.01464995 -0.01199280 -0.04711875
v 0.01464995 -0.01199280 -0.04711875
v 0.01464995 -0.01199280 -0.04711875
v 0.01264994 -0.01033152 -0.05007022
v 0.01264994 -0.01033152 -0.05007022
v 0.01264994 -0.01033152 -0.05007022
v 0.01264993 -0.00561432 -0.05742622
v 0.01264993 -0.00561432 -0.05742622
v 0.01264993 -0.00561432 -0.05742622
v 0.01264993 -0.00561432 -0.05742622
v 0.01264993 -0.00493312 -0.05748875
v 0.01264993 -0.00493312 -0.05748875
v 0.01264993 -0.00493312 -0.05748875
v 0.01264995 0.00564427 -0.04683826
v 0.01264995 0.00564427 -0.04683826
v 0.01264995 0.00564427 -0.04683826
v 0.01264994 0.00463250 -0.04705758
v 0.01264994 0.00463250 -0.04705758
v 0.01264994 0.00463250 -0.04705758
v 0.01264994 0.00386593 -0.04775342
v 0.01264994 0.00386593 -0.04775342
v 0.01264994 0.00386593 -0.04775342
v 0.01464994 0.00386593 -0.04775342
v 0.01464994 0.00386593 -0.04775342
v 0.01464994 0.00386593 -0.04775342
v 0.01464994 0.00354999 -0.04873930
v 0.01464994 0.00354999 -0.04873930
v 0.01464994 0.00354999 -0.04873930
v 0.01264994 -0.00015287 -0.04843845
v 0.01264994 -0.00015287 -0.04843845
v 0.01264994 -0.00015287 -0.04843845
v 0.01264994 0.00589797 -0.05080500
v 0.01264994 0.00589797 -0.05080500
v 0.01264994 0.00589797 -0.05080500
v 0.01264994 0.00671763 -0.05045800
v 0.01264994 0.00671763 -0.05045800
v 0.01264994 0.00671763 -0.05045800
v 0.01464993 -0.00062833 -0.05749370
v 0.01464993 -0.00062833 -0.05749370
v 0.01464993 -0.00063814 -0.05769649
v 0.01464993 -0.00063814 -0.05769649
v 0.01464993 -0.00063814 -0.05769649
v 0.01464993 -0.00063814 -0.05769649
v 0.01264993 -0.00063814 -0.05769648
v 0.01264993 -0.00063814 -0.05769648
v 0.01264993 -0.00063814 -0.05769648
v 0.01264995 0.01819047 -0.04400665
v 0.01264995 0.01819047 -0.04400665
v 0.01264995 0.01819047 -0.04400665
v 0.01264995 0.01888010 -0.04323450
v 0.01264995 0.01888010 -0.04323450
v 0.01264995 0.01888010 -0.04323450
v 0.01264995 0.01986341 -0.04291062
v 0.01264995 0.01986341 -0.04291062
v 0.01264995 0.01986341 -0.04291062
v 0.01464996 0.02725814 -0.03879753
v 0.01464996 0.02725814 -0.03879753
v 0.01464996 0.02725814 -0.03879753
v 0.01464995 0.02834773 -0.03927739
v 0.01464995 0.02834773 -0.03927739
v 0.01464995 0.02834773 -0.03927739
v 0.01264998 0.05467541 -0.01843611
v 0.01264998 0.05467541 -0.01843611
v 0.01264998 0.05467541 -0.01843611
v 0.01264998 0.05489013 -0.01778661
v 0.01264998 0.05489013 -0.01778661
v 0.01264998 0.05489013 -0.01778661
v 0.01264998 0.05489013 -0.01778661
v 0.01264998 0.04852679 -0.01561680
v 0.01264999 0.05320708 -0.01255049
v 0.01264999 0.05669650 -0.01071436
v 0.01264999 0.05669650 -0.01071436
v 0.01264999 0.05669650 -0.01071436
v 0.01264999 0.05678582 -0.01023041
v 0.01264999 0.05678582 -0.01023041
v 0.01264999 0.05678582 -0.01023041
v 0.01464999 0.05678582 -0.01023041
v 0.01464999 0.05678582 -0.01023041
v 0.01464999 0.05678582 -0.01023041
v 0.01464999 0.05717579 -0.00776013
v 0.01464999 0.05717579 -0.00776013
v 0.01464999 0.05717579 -0.00776013
v 0.01264999 0.05717579 -0.00776013
v 0.01264999 0.05717579 -0.00776013
v 0.01264999 0.05717579 -0.00776013
v 0.01464999 0.05320708 -0.01255049
v 0.01464999 0.05669650 -0.01071436
v 0.01464999 0.05669650 -0.01071436
v 0.01464999 0.05669650 -0.01071436
v 0.01464999 0.05669650 -0.01071436
v 0.01464998 0.05467541 -0.01843611
v 0.01464998 0.05467541 -0.01843611
v 0.01464998 0.05467541 -0.01843611
v 0.01464998 0.05467541 -0.01843611
v 0.01465001 0.04939231 0.00705518
v 0.01465001 0.04939231 0.00705518
v 0.01465001 0.04939231 0.00705518
v 0.01265001 0.04633945 0.01084551
v 0.01265001 0.04633945 0.01084551
v 0.01265001 0.04633945 0.01084551
v 0.01265001 0.04545148 0.01163858
v 0.01265001 0.04545148 0.01163858
v 0.01265001 0.04545148 0.01163858
v 0.01265001 0.04545148 0.01163858
v 0.01465002 0.04507902 0.01276939
v 0.01465002 0.04507902 0.01276939
v 0.01465002 0.04507902 0.01276939
v 0.01465002 0.04507902 0.01276939
v 0.01265001 0.04507902 0.01276939
v 0.01265001 0.04507902 0.01276939
v 0.01265001 0.04507902 0.01276939
v 0.01265002 0.04532186 0.01393493
v 0.01265002 0.04532186 0.01393493
v 0.01265002 0.04532186 0.01393493
v 0.01265002 0.04611493 0.01482290
v 0.01265002 0.04611493 0.01482290
v 0.01265002 0.04611493 0.01482290
v 0.01265002 0.04724573 0.01519536
v 0.01265002 0.04724573 0.01519536
v 0.01265002 0.04724573 0.01519536
v 0.01265004 0.04826426 0.03162041
v 0.01265004 0.04826426 0.03162041
v 0.01265004 0.04826426 0.03162041
v 0.01465003 0.04276928 0.02927564
v 0.01465003 0.04276928 0.02927564
v 0.01465003 0.04276928 0.02927564
v 0.01465003 0.04170509 0.02949736
v 0.01465003 0.04170509 0.02949736
v 0.01465003 0.04170509 0.02949736
v 0.01265003 0.04170509 0.02949736
v 0.01265003 0.04170509 0.02949736
v 0.01265003 0.04170509 0.02949736
v 0.01265003 0.04276928 0.02927564
v 0.01265003 0.04276928 0.02927564
v 0.01265003 0.04276928 0.02927564
v 0.01265003 0.04358003 0.02855153
v 0.01265003 0.04358003 0.02855153
v 0.01265003 0.04358003 0.02855153
v 0.01265003 0.04358003 0.02855153
v 0.01265003 0.04392011 0.02751905
v 0.01265003 0.04392011 0.02751905
v 0.01265003 0.04392011 0.02751905
v 0.01265005 0.01806701 0.04467803
v 0.01265005 0.01806701 0.04467803
v 0.01265005 0.01806701 0.04467803
v 0.01265005 0.01698548 0.04478730
v 0.01265005 0.01698548 0.04478730
v 0.01265005 0.01698548 0.04478730
v 0.01265005 0.01058522 0.04610345
v 0.01265005 0.01058522 0.04610345
v 0.01265005 0.01058522 0.04610345
v 0.01265005 0.00969617 0.04614645
v 0.01265005 0.00969617 0.04614645
v 0.01265005 0.00969617 0.04614645
v 0.01265005 0.00891383 0.04657093
v 0.01265005 0.00891383 0.04657093
v 0.01265005 0.00891383 0.04657093
v 0.01465006 0.00839314 0.04729282
v 0.01465006 0.00839314 0.04729282
v 0.01465006 0.00839314 0.04729282
v 0.01465006 0.00823723 0.04816915
v 0.01465006 0.00823723 0.04816915
v 0.01465006 0.00823723 0.04816915
v 0.01265004 0.04767771 0.03123836
v 0.01265004 0.04767771 0.03123836
v 0.01265004 0.04767771 0.03123836
v -0.01264996 0.04220396 0.03831223
v -0.01264996 0.04220396 0.03831223
v -0.01264996 0.04220396 0.03831223
v -0.01264996 0.04767771 0.03123839
v -0.01264996 0.04767771 0.03123839
v -0.01264996 0.04767771 0.03123839
v 0.01265004 0.04220396 0.03831220
v 0.01265004 0.04220396 0.03831220
v 0.01265004 0.04220396 0.03831220
v 0.01265003 0.05197747 0.02339532
v 0.01265003 0.05197747 0.02339532
v 0.01265003 0.05197747 0.02339532
v 0.01265003 0.03764030 0.02466186
v 0.01265003 0.03764030 0.02466186
v 0.01265003 0.03764030 0.02466186
v 0.01265004 0.03246779 0.03115833
v 0.01265004 0.03246779 0.03115833
v 0.01265004 0.03246779 0.03115833
v -0.01264996 0.02618963 0.03659377
v -0.01264996 0.02618963 0.03659377
v -0.01264996 0.02618963 0.03659377
v 0.01265004 0.02618963 0.03659374
v 0.01265004 0.02618963 0.03659374
v 0.01265004 0.02618963 0.03659374
v -0.01264996 0.03246779 0.03115836
v -0.01264996 0.03246779 0.03115836
v -0.01264996 0.03246779 0.03115836
v -0.01264995 0.03569101 0.04444269
v -0.01264995 0.03569101 0.04444269
v -0.01264995 0.03569101 0.04444269
v -0.01264997 0.03764030 0.02466189
v -0.01264997 0.03764030 0.02466189
v -0.01264997 0.03764030 0.02466189
v -0.01264997 0.03764030 0.02466189
v -0.01264998 0.04153100 0.01732559
v -0.01264998 0.04153100 0.01732559
v -0.01264998 0.04153100 0.01732559
v 0.01265002 0.04153100 0.01732556
v 0.01265002 0.04153100 0.01732556
v 0.01265002 0.04153100 0.01732556
v 0.01265002 0.04153100 0.01732556
v 0.01265001 0.04400743 0.00939925
v 0.01265001 0.04400743 0.00939925
v 0.01265001 0.04400743 0.00939925
v 0.01265002 0.05499738 0.01497622
v 0.01265002 0.05499738 0.01497622
v 0.01265002 0.05499738 0.01497622
v 0.01265001 0.05666307 0.00618835
v 0.01265001 0.05666307 0.00618835
v 0.01265001 0.05666307 0.00618835
v -0.01264998 0.05499738 0.01497625
v -0.01264998 0.05499738 0.01497625
v -0.01264998 0.05499738 0.01497625
v -0.01264997 0.05197747 0.02339535
v -0.01264997 0.05197747 0.02339535
v -0.01264997 0.05197747 0.02339535
v -0.01264999 0.04400743 0.00939928
v -0.01264999 0.04400743 0.00939928
v -0.01264999 0.04400743 0.00939928
v -0.01265000 0.04498523 0.00115290
v -0.01265000 0.04498523 0.00115290
v -0.01265000 0.04498523 0.00115290
v 0.01265000 0.04498523 0.00115287
v 0.01265000 0.04498523 0.00115287
v 0.01265000 0.04498523 0.00115287
v -0.01264999 0.05666307 0.00618838
v -0.01264999 0.05666307 0.00618838
v -0.01264999 0.05666307 0.00618838
v -0.01265000 0.05693353 -0.00275187
v -0.01265000 0.05693353 -0.00275187
v -0.01265000 0.05693353 -0.00275187
v 0.01265000 0.05693353 -0.00275189
v 0.01265000 0.05693353 -0.00275189
v 0.01265000 0.05693353 -0.00275189
v 0.01264999 0.05580210 -0.01162438
v 0.01264999 0.05580210 -0.01162438
v 0.01264999 0.05580210 -0.01162438
v 0.01264998 0.05329663 -0.02021064
v 0.01264998 0.05329663 -0.02021064
v 0.01264998 0.05329663 -0.02021064
v -0.01265001 0.05580210 -0.01162435
v -0.01265001 0.05580210 -0.01162435
v -0.01265001 0.05580210 -0.01162435
v 0.01264999 0.04443111 -0.00713277
v 0.01264999 0.04443111 -0.00713277
v 0.01264999 0.04443111 -0.00713277
v -0.01265001 0.04443111 -0.00713274
v -0.01265001 0.04443111 -0.00713274
v -0.01265001 0.04443111 -0.00713274
v 0.01264998 0.04236395 -0.01517552
v 0.01264998 0.04236395 -0.01517552
v 0.01264998 0.04236395 -0.01517552
v 0.01264997 0.04947882 -0.02829924
v 0.01264997 0.04947882 -0.02829924
v 0.01264997 0.04947882 -0.02829924
v -0.01265002 0.04236395 -0.01517549
v -0.01265002 0.04236395 -0.01517549
v -0.01265002 0.04236395 -0.01517549
v 0.01264997 0.03885413 -0.02270148
v 0.01264997 0.03885413 -0.02270148
v 0.01264997 0.03885413 -0.02270148
v -0.01265003 0.03885413 -0.02270145
v -0.01265003 0.03885413 -0.02270145
v -0.01265003 0.03885413 -0.02270145
v 0.01264997 0.03402118 -0.02945438
v 0.01264997 0.03402118 -0.02945438
v 0.01264997 0.03402118 -0.02945438
v 0.01264996 0.04444268 -0.03569103
v 0.01264996 0.04444268 -0.03569103
v 0.01264996 0.04444268 -0.03569103
v 0.01264995 0.03831221 -0.04220397
v 0.01264995 0.03831221 -0.04220397
v 0.01264995 0.03831221 -0.04220397
v -0.01265004 0.04444268 -0.03569100
v -0.01265004 0.04444268 -0.03569100
v -0.01265004 0.04444268 -0.03569100
v -0.01265003 0.04947882 -0.02829921
v -0.01265003 0.04947882 -0.02829921
v -0.01265003 0.04947882 -0.02829921
v -0.01265002 0.05329663 -0.02021061
v -0.01265002 0.05329663 -0.02021061
v -0.01265002 0.05329663 -0.02021061
v -0.01265003 0.03402118 -0.02945435
v -0.01265003 0.03402118 -0.02945435
v -0.01265003 0.03402118 -0.02945435
v -0.01265004 0.02802968 -0.03520421
v -0.01265004 0.02802968 -0.03520421
v -0.01265004 0.02802968 -0.03520421
v 0.01264996 0.02802968 -0.03520424
v 0.01264996 0.02802968 -0.03520424
v 0.01264996 0.02802968 -0.03520424
v 0.01264994 0.03123837 -0.04767773
v 0.01264994 0.03123837 -0.04767773
v 0.01264994 0.03123837 -0.04767773
v 0.01264995 0.02108366 -0.03975525
v 0.01264995 0.02108366 -0.03975525
v 0.01264995 0.02108366 -0.03975525
v 0.01264995 0.01341967 -0.04295246
v 0.01264995 0.01341967 -0.04295246
v 0.01264995 0.01341967 -0.04295246
v 0.01264994 0.02339534 -0.05197749
v 0.01264994 0.02339534 -0.05197749
v 0.01264994 0.02339534 -0.05197749
v -0.01265005 0.02108366 -0.03975523
v -0.01265005 0.02108366 -0.03975523
v -0.01265005 0.02108366 -0.03975523
v 0.01264994 0.01497624 -0.05499740
v 0.01264994 0.01497624 -0.05499740
v 0.01264994 0.01497624 -0.05499740
v 0.01264993 0.00618837 -0.05666309
v 0.01264993 0.00618837 -0.05666309
v 0.01264993 0.00618837 -0.05666309
v -0.01265006 0.01497624 -0.05499737
v -0.01265006 0.01497624 -0.05499737
v -0.01265006 0.01497624 -0.05499737
v -0.01265006 0.02339534 -0.05197746
v -0.01265006 0.02339534 -0.05197746
v -0.01265006 0.02339534 -0.05197746
v -0.01265005 0.03123837 -0.04767770
v -0.01265005 0.03123837 -0.04767770
v -0.01265005 0.03123837 -0.04767770
v -0.01265005 0.01341967 -0.04295243
v -0.01265005 0.01341967 -0.04295243
v -0.01265005 0.01341967 -0.04295243
v -0.01265005 0.00529868 -0.04468694
v -0.01265005 0.00529868 -0.04468694
v -0.01265005 0.00529868 -0.04468694
v 0.01264995 0.00529868 -0.04468697
v 0.01264995 0.00529868 -0.04468697
v 0.01264995 0.00529868 -0.04468697
v 0.01264995 -0.00300275 -0.04489972
v 0.01264995 -0.00300275 -0.04489972
v 0.01264995 -0.00300275 -0.04489972
v 0.01264993 -0.00275188 -0.05693355
v 0.01264993 -0.00275188 -0.05693355
v 0.01264993 -0.00275188 -0.05693355
v 0.01264993 -0.01162437 -0.05580211
v 0.01264993 -0.01162437 -0.05580211
v 0.01264993 -0.01162437 -0.05580211
v -0.01265007 -0.00275188 -0.05693352
v -0.01265007 -0.00275188 -0.05693352
v -0.01265007 -0.00275188 -0.05693352
v -0.01265007 0.00618837 -0.05666306
v -0.01265007 0.00618837 -0.05666306
v -0.01265007 0.00618837 -0.05666306
v -0.01265005 -0.00300275 -0.04489969
v -0.01265005 -0.00300275 -0.04489969
v -0.01265005 -0.00300275 -0.04489969
v -0.01265005 -0.01120192 -0.04358343
v -0.01265005 -0.01120192 -0.04358343
v -0.01265005 -0.01120192 -0.04358343
v 0.01264995 -0.01120192 -0.04358346
v 0.01264995 -0.01120192 -0.04358346
v 0.01264995 -0.01120192 -0.04358346
v 0.01264995 -0.01901962 -0.04078303
v 0.01264995 -0.01901962 -0.04078303
v 0.01264995 -0.01901962 -0.04078303
v 0.01264994 -0.02021062 -0.05329664
v 0.01264994 -0.02021062 -0.05329664
v 0.01264994 -0.02021062 -0.05329664
v 0.01264994 -0.02829922 -0.04947884
v 0.01264994 -0.02829922 -0.04947884
v 0.01264994 -0.02829922 -0.04947884
v -0.01265006 -0.02021062 -0.05329661
v -0.01265006 -0.02021062 -0.05329661
v -0.01265006 -0.02021062 -0.05329661
v -0.01265007 -0.01162437 -0.05580208
v -0.01265007 -0.01162437 -0.05580208
v -0.01265007 -0.01162437 -0.05580208
v -0.01265005 -0.01901962 -0.04078300
v -0.01265005 -0.01901962 -0.04078300
v -0.01265005 -0.01901962 -0.04078300
v -0.01265006 -0.02829922 -0.04947881
v -0.01265006 -0.02829922 -0.04947881
v -0.01265006 -0.02829922 -0.04947881
v -0.01265004 -0.02618963 -0.03659374
v -0.01265004 -0.02618963 -0.03659374
v -0.01265004 -0.02618963 -0.03659374
v 0.01264996 -0.02618963 -0.03659377
v 0.01264996 -0.02618963 -0.03659377
v 0.01264996 -0.02618963 -0.03659377
v 0.01264996 -0.04220396 -0.03831223
v 0.01264996 -0.04220396 -0.03831223
v 0.01264996 -0.04220396 -0.03831223
v 0.01264995 -0.03569101 -0.04444269
v 0.01264995 -0.03569101 -0.04444269
v 0.01264995 -0.03569101 -0.04444269
v 0.01264996 -0.03246779 -0.03115836
v 0.01264996 -0.03246779 -0.03115836
v 0.01264996 -0.03246779 -0.03115836
v -0.01265004 -0.03246779 -0.03115833
v -0.01265004 -0.03246779 -0.03115833
v -0.01265004 -0.03246779 -0.03115833
v 0.01264996 -0.04767771 -0.03123839
v 0.01264996 -0.04767771 -0.03123839
v 0.01264996 -0.04767771 -0.03123839
v 0.01264997 -0.03764030 -0.02466189
v 0.01264997 -0.03764030 -0.02466189
v 0.01264997 -0.03764030 -0.02466189
v 0.01264998 -0.04153100 -0.01732559
v 0.01264998 -0.04153100 -0.01732559
v 0.01264998 -0.04153100 -0.01732559
v 0.01264998 -0.04153100 -0.01732559
v 0.01264997 -0.05197747 -0.02339535
v 0.01264997 -0.05197747 -0.02339535
v 0.01264997 -0.05197747 -0.02339535
v -0.01265003 -0.03764030 -0.02466186
v -0.01265003 -0.03764030 -0.02466186
v -0.01265003 -0.03764030 -0.02466186
v -0.01265003 -0.03764030 -0.02466186
v -0.01265004 -0.04767771 -0.03123836
v -0.01265004 -0.04767771 -0.03123836
v -0.01265004 -0.04767771 -0.03123836
v -0.01265004 -0.04220396 -0.03831220
v -0.01265004 -0.04220396 -0.03831220
v -0.01265004 -0.04220396 -0.03831220
v -0.01265002 -0.04153100 -0.01732556
v -0.01265002 -0.04153100 -0.01732556
v -0.01265002 -0.04153100 -0.01732556
v 0.01264999 -0.04400743 -0.00939928
v 0.01264999 -0.04400743 -0.00939928
v 0.01264999 -0.04400743 -0.00939928
v -0.01265003 -0.05197747 -0.02339532
v -0.01265003 -0.05197747 -0.02339532
v -0.01265003 -0.05197747 -0.02339532
v -0.01265001 -0.04400743 -0.00939925
v -0.01265001 -0.04400743 -0.00939925
v -0.01265001 -0.04400743 -0.00939925
v -0.01265002 -0.05499738 -0.01497622
v -0.01265002 -0.05499738 -0.01497622
v -0.01265002 -0.05499738 -0.01497622
v -0.01265000 -0.04498523 -0.00115287
v -0.01265000 -0.04498523 -0.00115287
v -0.01265000 -0.04498523 -0.00115287
v 0.01265000 -0.04498523 -0.00115290
v 0.01265000 -0.04498523 -0.00115290
v 0.01265000 -0.04498523 -0.00115290
v -0.01265001 -0.05666307 -0.00618835
v -0.01265001 -0.05666307 -0.00618835
v -0.01265001 -0.05666307 -0.00618835
v -0.01265000 -0.05693353 0.00275189
v -0.01265000 -0.05693353 0.00275189
v -0.01265000 -0.05693353 0.00275189
v 0.01265000 -0.05693353 0.00275187
v 0.01265000 -0.05693353 0.00275187
v 0.01265000 -0.05693353 0.00275187
v 0.01264999 -0.05666307 -0.00618838
v 0.01264999 -0.05666307 -0.00618838
v 0.01264999 -0.05666307 -0.00618838
v 0.01264998 -0.05499738 -0.01497625
v 0.01264998 -0.05499738 -0.01497625
v 0.01264998 -0.05499738 -0.01497625
v 0.01265001 -0.05580210 0.01162435
v 0.01265001 -0.05580210 0.01162435
v 0.01265001 -0.05580210 0.01162435
v 0.01265002 -0.05329663 0.02021061
v 0.01265002 -0.05329663 0.02021061
v 0.01265002 -0.05329663 0.02021061
v -0.01264999 -0.05580210 0.01162438
v -0.01264999 -0.05580210 0.01162438
v -0.01264999 -0.05580210 0.01162438
v 0.01265001 -0.04443111 0.00713274
v 0.01265001 -0.04443111 0.00713274
v 0.01265001 -0.04443111 0.00713274
v 0.01265002 -0.04236395 0.01517549
v 0.01265002 -0.04236395 0.01517549
v 0.01265002 -0.04236395 0.01517549
v -0.01264999 -0.04443111 0.00713277
v -0.01264999 -0.04443111 0.00713277
v -0.01264999 -0.04443111 0.00713277
v -0.01264998 -0.04236395 0.01517552
v -0.01264998 -0.04236395 0.01517552
v -0.01264998 -0.04236395 0.01517552
v -0.01264997 -0.03885413 0.02270148
v -0.01264997 -0.03885413 0.02270148
v -0.01264997 -0.03885413 0.02270148
v 0.01265003 -0.03885413 0.02270145
v 0.01265003 -0.03885413 0.02270145
v 0.01265003 -0.03885413 0.02270145
v -0.01264998 -0.05329663 0.02021064
v -0.01264998 -0.05329663 0.02021064
v -0.01264998 -0.05329663 0.02021064
v 0.01265003 -0.04947882 0.02829921
v 0.01265003 -0.04947882 0.02829921
v 0.01265003 -0.04947882 0.02829921
v -0.01264997 -0.04947882 0.02829924
v -0.01264997 -0.04947882 0.02829924
v -0.01264997 -0.04947882 0.02829924
v -0.01264996 -0.04444268 0.03569103
v -0.01264996 -0.04444268 0.03569103
v -0.01264996 -0.04444268 0.03569103
v 0.01265004 -0.04444268 0.03569100
v 0.01265004 -0.04444268 0.03569100
v 0.01265004 -0.04444268 0.03569100
v -0.01264997 -0.03402118 0.02945438
v -0.01264997 -0.03402118 0.02945438
v -0.01264997 -0.03402118 0.02945438
v -0.01264996 -0.02802968 0.03520424
v -0.01264996 -0.02802968 0.03520424
v -0.01264996 -0.02802968 0.03520424
v 0.01265003 -0.03402118 0.02945435
v 0.01265003 -0.03402118 0.02945435
v 0.01265003 -0.03402118 0.02945435
v 0.01265004 -0.02802968 0.03520421
v 0.01265004 -0.02802968 0.03520421
v 0.01265004 -0.02802968 0.03520421
v 0.01265005 -0.02108366 0.03975523
v 0.01265005 -0.02108366 0.03975523
v 0.01265005 -0.02108366 0.03975523
v 0.01265005 -0.03123837 0.04767770
v 0.01265005 -0.03123837 0.04767770
v 0.01265005 -0.03123837 0.04767770
v 0.01265005 -0.03831221 0.04220394
v 0.01265005 -0.03831221 0.04220394
v 0.01265005 -0.03831221 0.04220394
v -0.01264995 -0.03831221 0.04220397
v -0.01264995 -0.03831221 0.04220397
v -0.01264995 -0.03831221 0.04220397
v -0.01264994 -0.03123837 0.04767773
v -0.01264994 -0.03123837 0.04767773
v -0.01264994 -0.03123837 0.04767773
v 0.01265006 -0.02339534 0.05197746
v 0.01265006 -0.02339534 0.05197746
v 0.01265006 -0.02339534 0.05197746
v -0.01264995 -0.02108366 0.03975525
v -0.01264995 -0.02108366 0.03975525
v -0.01264995 -0.02108366 0.03975525
v -0.01264994 -0.02339534 0.05197749
v -0.01264994 -0.02339534 0.05197749
v -0.01264994 -0.02339534 0.05197749
v -0.01264994 -0.01497624 0.05499740
v -0.01264994 -0.01497624 0.05499740
v -0.01264994 -0.01497624 0.05499740
v 0.01265006 -0.01497624 0.05499737
v 0.01265006 -0.01497624 0.05499737
v 0.01265006 -0.01497624 0.05499737
v -0.01264995 -0.01341967 0.04295246
v -0.01264995 -0.01341967 0.04295246
v -0.01264995 -0.01341967 0.04295246
v -0.01264995 -0.00529868 0.04468697
v -0.01264995 -0.00529868 0.04468697
v -0.01264995 -0.00529868 0.04468697
v 0.01265005 -0.01341967 0.04295243
v 0.01265005 -0.01341967 0.04295243
v 0.01265005 -0.01341967 0.04295243
v 0.01265005 -0.00529868 0.04468694
v 0.01265005 -0.00529868 0.04468694
v 0.01265005 -0.00529868 0.04468694
v 0.01265007 0.00275188 0.05693352
v 0.01265007 0.00275188 0.05693352
v 0.01265007 0.00275188 0.05693352
v 0.01265005 0.00300275 0.04489969
v 0.01265005 0.00300275 0.04489969
v 0.01265005 0.00300275 0.04489969
v 0.01265007 -0.00618837 0.05666306
v 0.01265007 -0.00618837 0.05666306
v 0.01265007 -0.00618837 0.05666306
v -0.01264993 -0.00618837 0.05666309
v -0.01264993 -0.00618837 0.05666309
v -0.01264993 -0.00618837 0.05666309
v -0.01264993 0.00275188 0.05693355
v -0.01264993 0.00275188 0.05693355
v -0.01264993 0.00275188 0.05693355
v -0.01264995 0.00300275 0.04489972
v -0.01264995 0.00300275 0.04489972
v -0.01264995 0.00300275 0.04489972
v -0.01264995 0.01120192 0.04358346
v -0.01264995 0.01120192 0.04358346
v -0.01264995 0.01120192 0.04358346
v 0.01265005 0.01120192 0.04358343
v 0.01265005 0.01120192 0.04358343
v 0.01265005 0.01120192 0.04358343
v 0.01265007 0.01162437 0.05580208
v 0.01265007 0.01162437 0.05580208
v 0.01265007 0.01162437 0.05580208
v 0.01265005 0.01901962 0.04078300
v 0.01265005 0.01901962 0.04078300
v 0.01265005 0.01901962 0.04078300
v 0.01265006 0.02021062 0.05329661
v 0.01265006 0.02021062 0.05329661
v 0.01265006 0.02021062 0.05329661
v 0.01265006 0.02829922 0.04947881
v 0.01265006 0.02829922 0.04947881
v 0.01265006 0.02829922 0.04947881
v -0.01264994 0.02021062 0.05329664
v -0.01264994 0.02021062 0.05329664
v -0.01264994 0.02021062 0.05329664
v -0.01264993 0.01162437 0.05580211
v -0.01264993 0.01162437 0.05580211
v -0.01264993 0.01162437 0.05580211
v -0.01264995 0.01901962 0.04078303
v -0.01264995 0.01901962 0.04078303
v -0.01264995 0.01901962 0.04078303
v -0.01264994 0.02829922 0.04947884
v -0.01264994 0.02829922 0.04947884
v -0.01264994 0.02829922 0.04947884
v 0.01265005 0.03569101 0.04444267
v 0.01265005 0.03569101 0.04444267
v 0.01265005 0.03569101 0.04444267
v -0.01265005 -0.03569101 -0.04444267
v -0.01265005 -0.03569101 -0.04444267
v -0.01265005 -0.03569101 -0.04444267
v -0.01265005 0.03831221 -0.04220394
v -0.01265005 0.03831221 -0.04220394
v -0.01265005 0.03831221 -0.04220394
v 0.02497073 0.00164083 -0.03399732
v 0.02497073 0.00164083 -0.03399732
v 0.02497073 0.00164083 -0.03399732
v 0.02497073 0.00164083 -0.03399732
v 0.02497073 0.00164083 -0.03399732
v 0.02497073 0.00444270 -0.03374571
v 0.02497073 0.00444270 -0.03374571
v 0.02497073 0.00444270 -0.03374571
v 0.02497073 0.00444270 -0.03374571
v 0.02497073 0.00444270 -0.03374571
v 0.02350448 -0.00166131 -0.05497980
v 0.02350448 -0.00166131 -0.05497980
v 0.02350448 -0.00166131 -0.05497980
v 0.02350448 -0.00166131 -0.05497980
v 0.02350448 -0.00166131 -0.05497980
v 0.02497073 -0.00117225 -0.03401671
v 0.02497073 -0.00117225 -0.03401671
v 0.02497073 -0.00117225 -0.03401671
v 0.02497073 -0.00117225 -0.03401671
v 0.02497073 -0.00117225 -0.03401671
v 0.02350448 -0.00189439 -0.05497227
v 0.02350448 -0.00189439 -0.05497227
v 0.02350448 -0.00189439 -0.05497227
v 0.02350448 -0.00189439 -0.05497227
v 0.02350448 -0.00189439 -0.05497227
v 0.02350448 -0.00189439 -0.05497227
v 0.02499996 0.00160048 -0.03316122
v 0.02499996 0.00160048 -0.03316122
v 0.02499996 0.00160048 -0.03316122
v 0.02499996 -0.00114342 -0.03318013
v 0.02499996 -0.00114342 -0.03318013
v 0.02499996 -0.00114342 -0.03318013
v 0.02499996 0.00237052 -0.02988093
v 0.02499996 0.00237052 -0.02988093
v 0.02499996 0.00237052 -0.02988093
v 0.02499997 0.00109744 -0.02890406
v 0.02499997 0.00109744 -0.02890406
v 0.02499997 0.00109744 -0.02890406
v 0.02499996 -0.00387950 -0.03297238
v 0.02499996 -0.00387950 -0.03297238
v 0.02499996 -0.00387950 -0.03297238
v 0.02497073 -0.00397732 -0.03380372
v 0.02497073 -0.00397732 -0.03380372
v 0.02497073 -0.00397732 -0.03380372
v 0.02497073 -0.00397732 -0.03380372
v 0.02497073 -0.00397732 -0.03380372
v 0.02499996 -0.00658909 -0.03253939
v 0.02499996 -0.00658909 -0.03253939
v 0.02499996 -0.00658909 -0.03253939
v 0.02499999 -0.02512971 -0.00601626
v 0.02499999 -0.02512971 -0.00601626
v 0.02499999 -0.02512971 -0.00601626
v 0.02499997 0.00048336 -0.02742153
v 0.02499997 0.00048336 -0.02742153
v 0.02499997 0.00048336 -0.02742153
v 0.02499997 0.00069281 -0.02583058
v 0.02499997 0.00069281 -0.02583058
v 0.02499997 0.00069281 -0.02583058
v 0.02349997 0.00197053 -0.02722574
v 0.02349997 0.00197053 -0.02722574
v 0.02349997 0.00197053 -0.02722574
v 0.02349997 0.00197053 -0.02722574
v 0.02349997 0.00228747 -0.02799092
v 0.02349997 0.00228747 -0.02799092
v 0.02349997 0.00228747 -0.02799092
v 0.02349997 0.00228747 -0.02799092
v 0.02299997 0.00294455 -0.02849511
v 0.02299997 0.00294455 -0.02849511
v 0.02299997 0.00294455 -0.02849511
v 0.02299997 0.00228747 -0.02799092
v 0.02299997 0.00228747 -0.02799092
v 0.02299997 0.00228747 -0.02799092
v 0.02349997 0.00294455 -0.02849511
v 0.02349997 0.00294455 -0.02849511
v 0.02349997 0.00294455 -0.02849511
v 0.02349997 0.00294455 -0.02849511
v 0.02299997 0.00376568 -0.02860321
v 0.02299997 0.00376568 -0.02860321
v 0.02299997 0.00376568 -0.02860321
v 0.02349997 0.00376568 -0.02860321
v 0.02349997 0.00376568 -0.02860321
v 0.02349997 0.00376568 -0.02860321
v 0.02349997 0.00376568 -0.02860321
v 0.02349997 0.00453086 -0.02828627
v 0.02349997 0.00453086 -0.02828627
v 0.02349997 0.00453086 -0.02828627
v 0.02349997 0.00453086 -0.02828627
v 0.02299997 0.00453086 -0.02828627
v 0.02299997 0.00453086 -0.02828627
v 0.02299997 0.00453086 -0.02828627
v 0.02499996 0.00396147 -0.03009038
v 0.02499996 0.00396147 -0.03009038
v 0.02499996 0.00396147 -0.03009038
v 0.02499996 0.00544400 -0.02947630
v 0.02499996 0.00544400 -0.02947630
v 0.02499996 0.00544400 -0.02947630
v 0.02499996 0.00433344 -0.03291579
v 0.02499996 0.00433344 -0.03291579
v 0.02499996 0.00433344 -0.03291579
v 0.02499996 0.00703680 -0.03244552
v 0.02499996 0.00703680 -0.03244552
v 0.02499996 0.00703680 -0.03244552
v 0.02497073 0.00721422 -0.03326358
v 0.02497073 0.00721422 -0.03326358
v 0.02497073 0.00721422 -0.03326358
v 0.02497073 0.00721422 -0.03326358
v 0.02497073 0.00721422 -0.03326358
v 0.02350448 0.00717958 -0.05453432
v 0.02350448 0.00717958 -0.05453432
v 0.02350448 0.00717958 -0.05453432
v 0.02350448 0.00717958 -0.05453432
v 0.02350448 0.00717958 -0.05453432
v 0.02350448 0.01583452 -0.05267644
v 0.02350448 0.01583452 -0.05267644
v 0.02350448 0.01583452 -0.05267644
v 0.02350448 0.01583452 -0.05267644
v 0.02350448 0.01583452 -0.05267644
v 0.02497073 0.00993647 -0.03255422
v 0.02497073 0.00993647 -0.03255422
v 0.02497073 0.00993647 -0.03255422
v 0.02497073 0.00993647 -0.03255422
v 0.02497073 0.00993647 -0.03255422
v 0.02350448 0.01605771 -0.05260883
v 0.02350448 0.01605771 -0.05260883
v 0.02350448 0.01605771 -0.05260883
v 0.02350448 0.01605771 -0.05260883
v 0.02350448 0.01605771 -0.05260883
v 0.02497073 0.01259083 -0.03162248
v 0.02497073 0.01259083 -0.03162248
v 0.02497073 0.01259083 -0.03162248
v 0.02497073 0.01259083 -0.03162248
v 0.02497073 0.01259083 -0.03162248
v 0.02499996 0.00969210 -0.03175360
v 0.02499996 0.00969210 -0.03175360
v 0.02499996 0.00969210 -0.03175360
v 0.02499997 0.00642087 -0.02820322
v 0.02499997 0.00642087 -0.02820322
v 0.02499997 0.00642087 -0.02820322
v 0.02499996 0.01228118 -0.03084478
v 0.02499996 0.01228118 -0.03084478
v 0.02499996 0.01228118 -0.03084478
v 0.02499996 0.01228118 -0.03084478
v 0.02497073 0.01515919 -0.03047473
v 0.02497073 0.01515919 -0.03047473
v 0.02497073 0.01515919 -0.03047473
v 0.02497073 0.01515919 -0.03047473
v 0.02497073 0.01515919 -0.03047473
v 0.02497073 0.01515919 -0.03047473
v 0.02499997 0.00663032 -0.02661227
v 0.02499997 0.00663032 -0.02661227
v 0.02499997 0.00663032 -0.02661227
v 0.02499996 0.01478638 -0.02972526
v 0.02499996 0.01478638 -0.02972526
v 0.02499996 0.01478638 -0.02972526
v 0.02497073 0.01762399 -0.02911881
v 0.02497073 0.01762399 -0.02911881
v 0.02497073 0.01762399 -0.02911881
v 0.02497073 0.01762399 -0.02911881
v 0.02497073 0.01762399 -0.02911881
v 0.02499997 0.01719056 -0.02840268
v 0.02499997 0.01719056 -0.02840268
v 0.02499997 0.01719056 -0.02840268
v 0.02497074 0.01996841 -0.02756398
v 0.02497074 0.01996841 -0.02756398
v 0.02497074 0.01996841 -0.02756398
v 0.02497074 0.01996841 -0.02756398
v 0.02497074 0.01996841 -0.02756398
v 0.02499997 0.01947732 -0.02688609
v 0.02499997 0.01947732 -0.02688609
v 0.02499997 0.01947732 -0.02688609
v 0.02499997 0.02163103 -0.02518583
v 0.02499997 0.02163103 -0.02518583
v 0.02499997 0.02163103 -0.02518583
v 0.02497074 0.02217642 -0.02582085
v 0.02497074 0.02217642 -0.02582085
v 0.02497074 0.02217642 -0.02582085
v 0.02497074 0.02217642 -0.02582085
v 0.02497074 0.02217642 -0.02582085
v 0.02350449 0.03226971 -0.04454441
v 0.02350449 0.03226971 -0.04454441
v 0.02350449 0.03226971 -0.04454441
v 0.02350449 0.03226971 -0.04454441
v 0.02350449 0.03226971 -0.04454441
v 0.02350450 0.03850072 -0.03928400
v 0.02350450 0.03850072 -0.03928400
v 0.02350450 0.03850072 -0.03928400
v 0.02350450 0.03850072 -0.03928400
v 0.02350450 0.03850072 -0.03928400
v 0.02350450 0.03850072 -0.03928400
v 0.02497074 0.02423294 -0.02390135
v 0.02497074 0.02423294 -0.02390135
v 0.02497074 0.02423294 -0.02390135
v 0.02497074 0.02423294 -0.02390135
v 0.02497074 0.02423294 -0.02390135
v 0.02350450 0.03916135 -0.03862546
v 0.02350450 0.03916135 -0.03862546
v 0.02350450 0.03916135 -0.03862546
v 0.02350450 0.03916135 -0.03862546
v 0.02350450 0.03916135 -0.03862546
v 0.02497074 0.02612393 -0.02181857
v 0.02497074 0.02612393 -0.02181857
v 0.02497074 0.02612393 -0.02181857
v 0.02497074 0.02612393 -0.02181857
v 0.02497074 0.02612393 -0.02181857
v 0.02499997 0.02363697 -0.02331354
v 0.02499997 0.02363697 -0.02331354
v 0.02499997 0.02363697 -0.02331354
v 0.02500000 0.02583055 0.00069278
v 0.02500000 0.02583055 0.00069278
v 0.02500000 0.02583055 0.00069278
v 0.02499997 0.02548146 -0.02128198
v 0.02499997 0.02548146 -0.02128198
v 0.02499997 0.02548146 -0.02128198
v 0.02497075 0.02783647 -0.01958675
v 0.02497075 0.02783647 -0.01958675
v 0.02497075 0.02783647 -0.01958675
v 0.02497075 0.02783647 -0.01958675
v 0.02497075 0.02783647 -0.01958675
v 0.02499998 0.02715188 -0.01910505
v 0.02499998 0.02715188 -0.01910505
v 0.02499998 0.02715188 -0.01910505
v 0.02499998 0.02863682 -0.01679761
v 0.02499998 0.02863682 -0.01679761
v 0.02499998 0.02863682 -0.01679761
v 0.02497075 0.02935885 -0.01722114
v 0.02497075 0.02935885 -0.01722114
v 0.02497075 0.02935885 -0.01722114
v 0.02497075 0.02935885 -0.01722114
v 0.02497075 0.02935885 -0.01722114
v 0.02350451 0.04498478 -0.03165292
v 0.02350451 0.04498478 -0.03165292
v 0.02350451 0.04498478 -0.03165292
v 0.02350451 0.04498478 -0.03165292
v 0.02350451 0.04498478 -0.03165292
v 0.02350451 0.04895931 -0.02507036
v 0.02350451 0.04895931 -0.02507036
v 0.02350451 0.04895931 -0.02507036
v 0.02350451 0.04895931 -0.02507036
v 0.02350451 0.04895931 -0.02507036
v 0.02350451 0.04895931 -0.02507036
v 0.02497075 0.03068068 -0.01473789
v 0.02497075 0.03068068 -0.01473789
v 0.02497075 0.03068068 -0.01473789
v 0.02497075 0.03068068 -0.01473789
v 0.02497075 0.03068068 -0.01473789
v 0.02350452 0.04958114 -0.02381696
v 0.02350452 0.04958114 -0.02381696
v 0.02350452 0.04958114 -0.02381696
v 0.02350452 0.04958114 -0.02381696
v 0.02350452 0.04958114 -0.02381696
v 0.02497075 0.03179293 -0.01215396
v 0.02497075 0.03179293 -0.01215396
v 0.02497075 0.03179293 -0.01215396
v 0.02497075 0.03179293 -0.01215396
v 0.02497075 0.03179293 -0.01215396
v 0.02499998 0.02992614 -0.01437543
v 0.02499998 0.02992614 -0.01437543
v 0.02499998 0.02992614 -0.01437543
v 0.02500000 0.02742150 0.00048333
v 0.02500000 0.02742150 0.00048333
v 0.02500000 0.02742150 0.00048333
v 0.02499999 0.03101104 -0.01185505
v 0.02499999 0.03101104 -0.01185505
v 0.02499999 0.03101104 -0.01185505
v 0.02499999 0.03188410 -0.00925369
v 0.02499999 0.03188410 -0.00925369
v 0.02499999 0.03188410 -0.00925369
v 0.02497076 0.03268801 -0.00948700
v 0.02497076 0.03268801 -0.00948700
v 0.02497076 0.03268801 -0.00948700
v 0.02497076 0.03268801 -0.00948700
v 0.02497076 0.03268801 -0.00948700
v 0.02350452 0.05234687 -0.01689208
v 0.02350452 0.05234687 -0.01689208
v 0.02350452 0.05234687 -0.01689208
v 0.02350452 0.05234687 -0.01689208
v 0.02350452 0.05234687 -0.01689208
v 0.02350452 0.05234687 -0.01689208
v 0.02350453 0.05282506 -0.01533134
v 0.02350453 0.05282506 -0.01533134
v 0.02350453 0.05282506 -0.01533134
v 0.02350453 0.05282506 -0.01533134
v 0.02350453 0.05282506 -0.01533134
v 0.02497076 0.03335979 -0.00675525
v 0.02497076 0.03335979 -0.00675525
v 0.02497076 0.03335979 -0.00675525
v 0.02497076 0.03335979 -0.00675525
v 0.02497076 0.03335979 -0.00675525
v 0.02350453 0.05437867 -0.00827631
v 0.02350453 0.05437867 -0.00827631
v 0.02350453 0.05437867 -0.00827631
v 0.02350453 0.05437867 -0.00827631
v 0.02350453 0.05437867 -0.00827631
v 0.02350453 0.05437867 -0.00827631
v 0.02497076 0.03380369 -0.00397735
v 0.02497076 0.03380369 -0.00397735
v 0.02497076 0.03380369 -0.00397735
v 0.02497076 0.03380369 -0.00397735
v 0.02497076 0.03380369 -0.00397735
v 0.02499999 0.03253936 -0.00658912
v 0.02499999 0.03253936 -0.00658912
v 0.02499999 0.03253936 -0.00658912
v 0.02500000 0.02890403 0.00109741
v 0.02500000 0.02890403 0.00109741
v 0.02500000 0.02890403 0.00109741
v 0.02499999 0.03297235 -0.00387953
v 0.02499999 0.03297235 -0.00387953
v 0.02499999 0.03297235 -0.00387953
v 0.02500000 0.03318010 -0.00114345
v 0.02500000 0.03318010 -0.00114345
v 0.02500000 0.03318010 -0.00114345
v 0.02497077 0.03401668 -0.00117228
v 0.02497077 0.03401668 -0.00117228
v 0.02497077 0.03401668 -0.00117228
v 0.02497077 0.03401668 -0.00117228
v 0.02497077 0.03401668 -0.00117228
v 0.02350454 0.05462804 -0.00642752
v 0.02350454 0.05462804 -0.00642752
v 0.02350454 0.05462804 -0.00642752
v 0.02350454 0.05462804 -0.00642752
v 0.02350454 0.05462804 -0.00642752
v 0.02350454 0.05500209 0.00055382
v 0.02350454 0.05500209 0.00055382
v 0.02350454 0.05500209 0.00055382
v 0.02350454 0.05500209 0.00055382
v 0.02350454 0.05500209 0.00055382
v 0.02350454 0.05500209 0.00055382
v 0.02497077 0.03399730 0.00164080
v 0.02497077 0.03399730 0.00164080
v 0.02497077 0.03399730 0.00164080
v 0.02497077 0.03399730 0.00164080
v 0.02497077 0.03399730 0.00164080
v 0.02350455 0.05494092 0.00265162
v 0.02350455 0.05494092 0.00265162
v 0.02350455 0.05494092 0.00265162
v 0.02350455 0.05494092 0.00265162
v 0.02350455 0.05494092 0.00265162
v 0.02497077 0.03374568 0.00444267
v 0.02497077 0.03374568 0.00444267
v 0.02497077 0.03374568 0.00444267
v 0.02497077 0.03374568 0.00444267
v 0.02497077 0.03374568 0.00444267
v 0.02500000 0.03316119 0.00160045
v 0.02500000 0.03316119 0.00160045
v 0.02500000 0.03316119 0.00160045
v 0.02500000 0.02988090 0.00237049
v 0.02500000 0.02988090 0.00237049
v 0.02500000 0.02988090 0.00237049
v 0.02500000 0.03009035 0.00396144
v 0.02500000 0.03009035 0.00396144
v 0.02500000 0.03009035 0.00396144
v 0.02500000 0.03009035 0.00396144
v 0.02500000 0.03291577 0.00433341
v 0.02500000 0.03291577 0.00433341
v 0.02500000 0.03291577 0.00433341
v 0.02497078 0.03326355 0.00721420
v 0.02497078 0.03326355 0.00721420
v 0.02497078 0.03326355 0.00721420
v 0.02497078 0.03326355 0.00721420
v 0.02497078 0.03326355 0.00721420
v 0.02500001 0.03244549 0.00703677
v 0.02500001 0.03244549 0.00703677
v 0.02500001 0.03244549 0.00703677
v 0.02500001 0.02947627 0.00544397
v 0.02500001 0.02947627 0.00544397
v 0.02500001 0.02947627 0.00544397
v 0.02500001 0.02820319 0.00642084
v 0.02500001 0.02820319 0.00642084
v 0.02500001 0.02820319 0.00642084
v 0.02500001 0.03175357 0.00969207
v 0.02500001 0.03175357 0.00969207
v 0.02500001 0.03175357 0.00969207
v 0.02350001 0.02828624 0.00453083
v 0.02350001 0.02828624 0.00453083
v 0.02350001 0.02828624 0.00453083
v 0.02350001 0.02828624 0.00453083
v 0.02350001 0.02828624 0.00453083
v 0.02350001 0.02762916 0.00503502
v 0.02350001 0.02762916 0.00503502
v 0.02350001 0.02762916 0.00503502
v 0.02350001 0.02762916 0.00503502
v 0.02350001 0.02680803 0.00514312
v 0.02350001 0.02680803 0.00514312
v 0.02350001 0.02680803 0.00514312
v 0.02350001 0.02680803 0.00514312
v 0.02300001 0.02762916 0.00503502
v 0.02300001 0.02762916 0.00503502
v 0.02300001 0.02762916 0.00503502
v 0.02300001 0.02680803 0.00514312
v 0.02300001 0.02680803 0.00514312
v 0.02300001 0.02680803 0.00514312
v 0.02300002 0.02688606 0.01947729
v 0.02300002 0.02688606 0.01947729
v 0.02300002 0.02688606 0.01947729
v 0.02300002 0.02840266 0.01719054
v 0.02300002 0.02840266 0.01719054
v 0.02300002 0.02840266 0.01719054
v 0.02300002 0.02972523 0.01478635
v 0.02300002 0.02972523 0.01478635
v 0.02300002 0.02972523 0.01478635
v 0.02300001 0.02604285 0.00482618
v 0.02300001 0.02604285 0.00482618
v 0.02300001 0.02604285 0.00482618
v 0.02300003 0.02331351 0.02363695
v 0.02300003 0.02331351 0.02363695
v 0.02300003 0.02331351 0.02363695
v 0.02300003 0.02518581 0.02163100
v 0.02300003 0.02518581 0.02163100
v 0.02300003 0.02518581 0.02163100
v 0.02297567 0.02380335 0.02413359
v 0.02297567 0.02380335 0.02413359
v 0.02297567 0.02380335 0.02413359
v 0.02297567 0.02380335 0.02413359
v 0.02297567 0.02571499 0.02208550
v 0.02297567 0.02571499 0.02208550
v 0.02297567 0.02571499 0.02208550
v 0.02297567 0.02571499 0.02208550
v 0.02156509 0.03796878 0.03849556
v 0.02156509 0.03796878 0.03849556
v 0.02156509 0.03796878 0.03849556
v 0.02156509 0.03796878 0.03849556
v 0.02156509 0.04101804 0.03522864
v 0.02156509 0.04101804 0.03522864
v 0.02156509 0.04101804 0.03522864
v 0.02156509 0.04101804 0.03522864
v 0.02297566 0.02745097 0.01988653
v 0.02297566 0.02745097 0.01988653
v 0.02297566 0.02745097 0.01988653
v 0.02297566 0.02745097 0.01988653
v 0.02156509 0.04378710 0.03172108
v 0.02156509 0.04378710 0.03172108
v 0.02156509 0.04378710 0.03172108
v 0.02156509 0.04378710 0.03172108
v 0.02297566 0.02899943 0.01755173
v 0.02297566 0.02899943 0.01755173
v 0.02297566 0.02899943 0.01755173
v 0.02297566 0.02899943 0.01755173
v 0.02156508 0.04625706 0.02799682
v 0.02156508 0.04625706 0.02799682
v 0.02156508 0.04625706 0.02799682
v 0.02156508 0.04625706 0.02799682
v 0.02297566 0.03034979 0.01509703
v 0.02297566 0.03034979 0.01509703
v 0.02297566 0.03034979 0.01509703
v 0.02297566 0.03034979 0.01509703
v 0.02300001 0.03084475 0.01228116
v 0.02300001 0.03084475 0.01228116
v 0.02300001 0.03084475 0.01228116
v 0.02156508 0.04841102 0.02408132
v 0.02156508 0.04841102 0.02408132
v 0.02156508 0.04841102 0.02408132
v 0.02156508 0.04841102 0.02408132
v 0.02297566 0.03149284 0.01253920
v 0.02297566 0.03149284 0.01253920
v 0.02297566 0.03149284 0.01253920
v 0.02297566 0.03149284 0.01253920
v 0.02156507 0.05023430 0.02000132
v 0.02156507 0.05023430 0.02000132
v 0.02156507 0.05023430 0.02000132
v 0.02156507 0.05023430 0.02000132
v 0.02297565 0.03242075 0.00989571
v 0.02297565 0.03242075 0.00989571
v 0.02297565 0.03242075 0.00989571
v 0.02297565 0.03242075 0.00989571
v 0.02300001 0.03175357 0.00969207
v 0.02300001 0.03175357 0.00969207
v 0.02300001 0.03175357 0.00969207
v 0.02300001 0.02828624 0.00453083
v 0.02300001 0.02828624 0.00453083
v 0.02300001 0.02828624 0.00453083
v 0.02300001 0.03244549 0.00703678
v 0.02300001 0.03244549 0.00703678
v 0.02300001 0.03244549 0.00703678
v 0.02300001 0.02860318 0.00376565
v 0.02300001 0.02860318 0.00376565
v 0.02300001 0.02860318 0.00376565
v 0.02300001 0.03291577 0.00433342
v 0.02300001 0.03291577 0.00433342
v 0.02300001 0.03291577 0.00433342
v 0.02297565 0.03312720 0.00718463
v 0.02297565 0.03312720 0.00718463
v 0.02297565 0.03312720 0.00718463
v 0.02297565 0.03312720 0.00718463
v 0.02156507 0.05171442 0.01578469
v 0.02156507 0.05171442 0.01578469
v 0.02156507 0.05171442 0.01578469
v 0.02156507 0.05171442 0.01578469
v 0.02156506 0.05284128 0.01146024
v 0.02156506 0.05284128 0.01146024
v 0.02156506 0.05284128 0.01146024
v 0.02156506 0.05284128 0.01146024
v 0.02297565 0.03360736 0.00442447
v 0.02297565 0.03360736 0.00442447
v 0.02297565 0.03360736 0.00442447
v 0.02297565 0.03360736 0.00442447
v 0.02300000 0.03316119 0.00160045
v 0.02300000 0.03316119 0.00160045
v 0.02300000 0.03316119 0.00160045
v 0.02156506 0.05360718 0.00705749
v 0.02156506 0.05360718 0.00705749
v 0.02156506 0.05360718 0.00705749
v 0.02156506 0.05360718 0.00705749
v 0.02297564 0.03385795 0.00163408
v 0.02297564 0.03385795 0.00163408
v 0.02297564 0.03385795 0.00163408
v 0.02297564 0.03385795 0.00163408
v 0.02156505 0.05400689 0.00260654
v 0.02156505 0.05400689 0.00260654
v 0.02156505 0.05400689 0.00260654
v 0.02156505 0.05400689 0.00260654
v 0.02297564 0.03387725 -0.00116747
v 0.02297564 0.03387725 -0.00116747
v 0.02297564 0.03387725 -0.00116747
v 0.02297564 0.03387725 -0.00116747
v 0.02300000 0.03318010 -0.00114344
v 0.02300000 0.03318010 -0.00114344
v 0.02300000 0.03318010 -0.00114344
v 0.02300000 0.02849508 0.00294452
v 0.02300000 0.02849508 0.00294452
v 0.02300000 0.02849508 0.00294452
v 0.02300000 0.02849508 0.00294452
v 0.02300000 0.02799089 0.00228745
v 0.02300000 0.02799089 0.00228745
v 0.02300000 0.02799089 0.00228745
v 0.02300000 0.03297235 -0.00387953
v 0.02300000 0.03297235 -0.00387953
v 0.02300000 0.03297235 -0.00387953
v 0.02300000 0.02722571 0.00197050
v 0.02300000 0.02722571 0.00197050
v 0.02300000 0.02722571 0.00197050
v 0.02299999 0.03253936 -0.00658911
v 0.02299999 0.03253936 -0.00658911
v 0.02299999 0.03253936 -0.00658911
v 0.02297564 0.03366514 -0.00396104
v 0.02297564 0.03366514 -0.00396104
v 0.02297564 0.03366514 -0.00396104
v 0.02297564 0.03366514 -0.00396104
v 0.02156505 0.05403768 -0.00186221
v 0.02156505 0.05403768 -0.00186221
v 0.02156505 0.05403768 -0.00186221
v 0.02156505 0.05403768 -0.00186221
v 0.02156504 0.05369934 -0.00631825
v 0.02156504 0.05369934 -0.00631825
v 0.02156504 0.05369934 -0.00631825
v 0.02156504 0.05369934 -0.00631825
v 0.02297563 0.03322305 -0.00672756
v 0.02297563 0.03322305 -0.00672756
v 0.02297563 0.03322305 -0.00672756
v 0.02297563 0.03322305 -0.00672756
v 0.02299999 0.03188410 -0.00925369
v 0.02299999 0.03188410 -0.00925369
v 0.02299999 0.03188410 -0.00925369
v 0.02156504 0.05299417 -0.01073113
v 0.02156504 0.05299417 -0.01073113
v 0.02156504 0.05299417 -0.01073113
v 0.02156504 0.05299417 -0.01073113
v 0.02297563 0.03255402 -0.00944812
v 0.02297563 0.03255402 -0.00944812
v 0.02297563 0.03255402 -0.00944812
v 0.02297563 0.03255402 -0.00944812
v 0.02156503 0.05192700 -0.01507070
v 0.02156503 0.05192700 -0.01507070
v 0.02156503 0.05192700 -0.01507070
v 0.02156503 0.05192700 -0.01507070
v 0.02297563 0.03166262 -0.01210414
v 0.02297563 0.03166262 -0.01210414
v 0.02297563 0.03166262 -0.01210414
v 0.02297563 0.03166262 -0.01210414
v 0.02299999 0.03101104 -0.01185505
v 0.02299999 0.03101104 -0.01185505
v 0.02299999 0.03101104 -0.01185505
v 0.02299998 0.02992614 -0.01437543
v 0.02299998 0.02992614 -0.01437543
v 0.02299998 0.02992614 -0.01437543
v 0.02300000 0.02640458 0.00207860
v 0.02300000 0.02640458 0.00207860
v 0.02300000 0.02640458 0.00207860
v 0.02297562 0.03055493 -0.01467747
v 0.02297562 0.03055493 -0.01467747
v 0.02297562 0.03055493 -0.01467747
v 0.02297562 0.03055493 -0.01467747
v 0.02299998 0.02863682 -0.01679761
v 0.02299998 0.02863682 -0.01679761
v 0.02299998 0.02863682 -0.01679761
v 0.02299998 0.02715188 -0.01910505
v 0.02299998 0.02715188 -0.01910505
v 0.02299998 0.02715188 -0.01910505
v 0.02300003 -0.00258282 0.02574748
v 0.02300003 -0.00258282 0.02574748
v 0.02300003 -0.00258282 0.02574748
v 0.02300000 0.02574751 0.00258279
v 0.02300000 0.02574751 0.00258279
v 0.02300000 0.02574751 0.00258279
v 0.02297562 0.02923851 -0.01715055
v 0.02297562 0.02923851 -0.01715055
v 0.02297562 0.02923851 -0.01715055
v 0.02297562 0.02923851 -0.01715055
v 0.02156502 0.04873823 -0.02341205
v 0.02156502 0.04873823 -0.02341205
v 0.02156502 0.04873823 -0.02341205
v 0.02156502 0.04873823 -0.02341205
v 0.02156502 0.04663842 -0.02735686
v 0.02156502 0.04663842 -0.02735686
v 0.02156502 0.04663842 -0.02735686
v 0.02156502 0.04663842 -0.02735686
v 0.02297562 0.02772237 -0.01950647
v 0.02297562 0.02772237 -0.01950647
v 0.02297562 0.02772237 -0.01950647
v 0.02297562 0.02772237 -0.01950647
v 0.02156501 0.04422001 -0.03111480
v 0.02156501 0.04422001 -0.03111480
v 0.02156501 0.04422001 -0.03111480
v 0.02156501 0.04422001 -0.03111480
v 0.02297562 0.02601685 -0.02172914
v 0.02297562 0.02601685 -0.02172914
v 0.02297562 0.02601685 -0.02172914
v 0.02297562 0.02601685 -0.02172914
v 0.02299998 0.02548146 -0.02128198
v 0.02299998 0.02548146 -0.02128198
v 0.02299998 0.02548146 -0.02128198
v 0.02300003 -0.00334800 0.02543053
v 0.02300003 -0.00334800 0.02543053
v 0.02300003 -0.00334800 0.02543053
v 0.02299997 0.02363697 -0.02331353
v 0.02299997 0.02363697 -0.02331353
v 0.02299997 0.02363697 -0.02331353
v 0.02299997 0.02163103 -0.02518583
v 0.02299997 0.02163103 -0.02518583
v 0.02299997 0.02163103 -0.02518583
v 0.02297561 0.02413362 -0.02380338
v 0.02297561 0.02413362 -0.02380338
v 0.02297561 0.02413362 -0.02380338
v 0.02297561 0.02413362 -0.02380338
v 0.02156501 0.04149954 -0.03466018
v 0.02156501 0.04149954 -0.03466018
v 0.02156501 0.04149954 -0.03466018
v 0.02156501 0.04149954 -0.03466018
v 0.02156501 0.03849559 -0.03796881
v 0.02156501 0.03849559 -0.03796881
v 0.02156501 0.03849559 -0.03796881
v 0.02156501 0.03849559 -0.03796881
v 0.02297561 0.02208552 -0.02571502
v 0.02297561 0.02208552 -0.02571502
v 0.02297561 0.02208552 -0.02571502
v 0.02297561 0.02208552 -0.02571502
v 0.02299997 0.01947732 -0.02688609
v 0.02299997 0.01947732 -0.02688609
v 0.02299997 0.01947732 -0.02688609
v 0.02156500 0.03522867 -0.04101807
v 0.02156500 0.03522867 -0.04101807
v 0.02156500 0.03522867 -0.04101807
v 0.02156500 0.03522867 -0.04101807
v 0.02297561 0.01988656 -0.02745099
v 0.02297561 0.01988656 -0.02745099
v 0.02297561 0.01988656 -0.02745099
v 0.02297561 0.01988656 -0.02745099
v 0.02156500 0.03172110 -0.04378713
v 0.02156500 0.03172110 -0.04378713
v 0.02156500 0.03172110 -0.04378713
v 0.02156500 0.03172110 -0.04378713
v 0.02297561 0.01755176 -0.02899945
v 0.02297561 0.01755176 -0.02899945
v 0.02297561 0.01755176 -0.02899945
v 0.02297561 0.01755176 -0.02899945
v 0.02299997 0.01719056 -0.02840268
v 0.02299997 0.01719056 -0.02840268
v 0.02299997 0.01719056 -0.02840268
v 0.02299997 0.00514315 -0.02680806
v 0.02299997 0.00514315 -0.02680806
v 0.02299997 0.00514315 -0.02680806
v 0.02299997 0.01478638 -0.02972526
v 0.02299997 0.01478638 -0.02972526
v 0.02299997 0.01478638 -0.02972526
v 0.02299996 0.01228118 -0.03084478
v 0.02299996 0.01228118 -0.03084478
v 0.02299996 0.01228118 -0.03084478
v 0.02299996 0.01228118 -0.03084478
v 0.02297560 0.01509705 -0.03034982
v 0.02297560 0.01509705 -0.03034982
v 0.02297560 0.01509705 -0.03034982
v 0.02297560 0.01509705 -0.03034982
v 0.02297560 0.01509705 -0.03034982
v 0.02297560 0.01509705 -0.03034982
v 0.02299997 0.00503505 -0.02762919
v 0.02299997 0.00503505 -0.02762919
v 0.02299997 0.00503505 -0.02762919
v 0.02299996 0.00969210 -0.03175360
v 0.02299996 0.00969210 -0.03175360
v 0.02299996 0.00969210 -0.03175360
v 0.02349997 0.00503505 -0.02762919
v 0.02349997 0.00503505 -0.02762919
v 0.02349997 0.00503505 -0.02762919
v 0.02349997 0.00503505 -0.02762919
v 0.02349997 0.00514315 -0.02680806
v 0.02349997 0.00514315 -0.02680806
v 0.02349997 0.00514315 -0.02680806
v 0.02349997 0.00514315 -0.02680806
v 0.02299997 0.00482620 -0.02604288
v 0.02299997 0.00482620 -0.02604288
v 0.02299997 0.00482620 -0.02604288
v 0.02349997 0.00482620 -0.02604288
v 0.02349997 0.00482620 -0.02604288
v 0.02349997 0.00482620 -0.02604288
v 0.02349997 0.00482620 -0.02604288
v 0.02349997 0.00416913 -0.02553869
v 0.02349997 0.00416913 -0.02553869
v 0.02349997 0.00416913 -0.02553869
v 0.02349997 0.00416913 -0.02553869
v 0.02499997 0.00601623 -0.02512974
v 0.02499997 0.00601623 -0.02512974
v 0.02499997 0.00601623 -0.02512974
v 0.02299997 0.00416913 -0.02553869
v 0.02299997 0.00416913 -0.02553869
v 0.02299997 0.00416913 -0.02553869
v 0.02300000 -0.02553866 -0.00416916
v 0.02300000 -0.02553866 -0.00416916
v 0.02300000 -0.02553866 -0.00416916
v 0.02299997 0.00334800 -0.02543059
v 0.02299997 0.00334800 -0.02543059
v 0.02299997 0.00334800 -0.02543059
v 0.02300003 -0.00482620 0.02604283
v 0.02300003 -0.00482620 0.02604283
v 0.02300003 -0.00482620 0.02604283
v 0.02300000 -0.02543056 -0.00334802
v 0.02300000 -0.02543056 -0.00334802
v 0.02300000 -0.02543056 -0.00334802
v 0.02300000 -0.02574751 -0.00258285
v 0.02300000 -0.02574751 -0.00258285
v 0.02300000 -0.02574751 -0.00258285
v 0.02300000 -0.02640458 -0.00207866
v 0.02300000 -0.02640458 -0.00207866
v 0.02300000 -0.02640458 -0.00207866
v 0.02350000 -0.02543056 -0.00334802
v 0.02350000 -0.02543056 -0.00334802
v 0.02350000 -0.02543056 -0.00334802
v 0.02350000 -0.02543056 -0.00334802
v 0.02350000 -0.02574751 -0.00258285
v 0.02350000 -0.02574751 -0.00258285
v 0.02350000 -0.02574751 -0.00258285
v 0.02350000 -0.02574751 -0.00258285
v 0.02350000 -0.02574751 -0.00258285
v 0.02500000 -0.02455748 -0.00166971
v 0.02500000 -0.02455748 -0.00166971
v 0.02500000 -0.02455748 -0.00166971
v 0.02350000 -0.02640458 -0.00207866
v 0.02350000 -0.02640458 -0.00207866
v 0.02350000 -0.02640458 -0.00207866
v 0.02350000 -0.02640458 -0.00207866
v 0.02500000 -0.02394339 -0.00315224
v 0.02500000 -0.02394339 -0.00315224
v 0.02500000 -0.02394339 -0.00315224
v 0.02500000 -0.02394339 -0.00315224
v 0.02499997 0.00166968 -0.02455750
v 0.02499997 0.00166968 -0.02455750
v 0.02499997 0.00166968 -0.02455750
v 0.02499999 -0.02415285 -0.00474319
v 0.02499999 -0.02415285 -0.00474319
v 0.02499999 -0.02415285 -0.00474319
v 0.02500003 -0.00315221 0.02394336
v 0.02500003 -0.00315221 0.02394336
v 0.02500003 -0.00315221 0.02394336
v 0.02500003 -0.00166968 0.02455745
v 0.02500003 -0.00166968 0.02455745
v 0.02500003 -0.00166968 0.02455745
v 0.02499997 0.00315221 -0.02394342
v 0.02499997 0.00315221 -0.02394342
v 0.02499997 0.00315221 -0.02394342
v 0.02500003 -0.00474316 0.02415282
v 0.02500003 -0.00474316 0.02415282
v 0.02500003 -0.00474316 0.02415282
v 0.02350003 -0.00334800 0.02543053
v 0.02350003 -0.00334800 0.02543053
v 0.02350003 -0.00334800 0.02543053
v 0.02350003 -0.00334800 0.02543053
v 0.02350003 -0.00258282 0.02574748
v 0.02350003 -0.00258282 0.02574748
v 0.02350003 -0.00258282 0.02574748
v 0.02350003 -0.00258282 0.02574748
v 0.02300003 -0.00207863 0.02640455
v 0.02300003 -0.00207863 0.02640455
v 0.02300003 -0.00207863 0.02640455
v 0.02350003 -0.00207863 0.02640455
v 0.02350003 -0.00207863 0.02640455
v 0.02350003 -0.00207863 0.02640455
v 0.02350003 -0.00207863 0.02640455
v 0.02300003 -0.00197053 0.02722569
v 0.02300003 -0.00197053 0.02722569
v 0.02300003 -0.00197053 0.02722569
v 0.02350003 -0.00197053 0.02722569
v 0.02350003 -0.00197053 0.02722569
v 0.02350003 -0.00197053 0.02722569
v 0.02350003 -0.00197053 0.02722569
v 0.02500003 -0.00069281 0.02583052
v 0.02500003 -0.00069281 0.02583052
v 0.02500003 -0.00069281 0.02583052
v 0.02500001 0.02512971 0.00601621
v 0.02500001 0.02512971 0.00601621
v 0.02500001 0.02512971 0.00601621
v 0.02500003 -0.00048336 0.02742147
v 0.02500003 -0.00048336 0.02742147
v 0.02500003 -0.00048336 0.02742147
v 0.02500001 0.02415285 0.00474313
v 0.02500001 0.02415285 0.00474313
v 0.02500001 0.02415285 0.00474313
v 0.02500000 0.02394339 0.00315218
v 0.02500000 0.02394339 0.00315218
v 0.02500000 0.02394339 0.00315218
v 0.02350000 0.02553866 0.00416911
v 0.02350000 0.02553866 0.00416911
v 0.02350000 0.02553866 0.00416911
v 0.02350000 0.02553866 0.00416911
v 0.02350000 0.02543056 0.00334797
v 0.02350000 0.02543056 0.00334797
v 0.02350000 0.02543056 0.00334797
v 0.02350000 0.02543056 0.00334797
v 0.02300000 0.02543056 0.00334797
v 0.02300000 0.02543056 0.00334797
v 0.02300000 0.02543056 0.00334797
v 0.02350000 0.02574751 0.00258279
v 0.02350000 0.02574751 0.00258279
v 0.02350000 0.02574751 0.00258279
v 0.02350000 0.02574751 0.00258279
v 0.02500000 0.02455748 0.00166965
v 0.02500000 0.02455748 0.00166965
v 0.02500000 0.02455748 0.00166965
v 0.02350000 0.02640458 0.00207860
v 0.02350000 0.02640458 0.00207860
v 0.02350000 0.02640458 0.00207860
v 0.02350000 0.02640458 0.00207860
v 0.02350000 0.02722571 0.00197050
v 0.02350000 0.02722571 0.00197050
v 0.02350000 0.02722571 0.00197050
v 0.02350000 0.02722571 0.00197050
v 0.02350000 0.02799089 0.00228745
v 0.02350000 0.02799089 0.00228745
v 0.02350000 0.02799089 0.00228745
v 0.02350000 0.02799089 0.00228745
v 0.02350000 0.02799089 0.00228745
v 0.02350000 0.02849508 0.00294452
v 0.02350000 0.02849508 0.00294452
v 0.02350000 0.02849508 0.00294452
v 0.02350000 0.02849508 0.00294452
v 0.02350000 0.02860318 0.00376565
v 0.02350000 0.02860318 0.00376565
v 0.02350000 0.02860318 0.00376565
v 0.02350000 0.02860318 0.00376565
v 0.02499997 0.00474316 -0.02415287
v 0.02499997 0.00474316 -0.02415287
v 0.02499997 0.00474316 -0.02415287
v 0.02349997 0.00334800 -0.02543059
v 0.02349997 0.00334800 -0.02543059
v 0.02349997 0.00334800 -0.02543059
v 0.02349997 0.00334800 -0.02543059
v 0.02299997 0.00258282 -0.02574753
v 0.02299997 0.00258282 -0.02574753
v 0.02299997 0.00258282 -0.02574753
v 0.02349997 0.00258282 -0.02574753
v 0.02349997 0.00258282 -0.02574753
v 0.02349997 0.00258282 -0.02574753
v 0.02349997 0.00258282 -0.02574753
v 0.02299997 0.00207863 -0.02640461
v 0.02299997 0.00207863 -0.02640461
v 0.02299997 0.00207863 -0.02640461
v 0.02349997 0.00207863 -0.02640461
v 0.02349997 0.00207863 -0.02640461
v 0.02349997 0.00207863 -0.02640461
v 0.02349997 0.00207863 -0.02640461
v 0.02299997 0.00197053 -0.02722574
v 0.02299997 0.00197053 -0.02722574
v 0.02299997 0.00197053 -0.02722574
v 0.02299996 -0.00387950 -0.03297238
v 0.02299996 -0.00387950 -0.03297238
v 0.02299996 -0.00387950 -0.03297238
v 0.02299996 -0.00658909 -0.03253939
v 0.02299996 -0.00658909 -0.03253939
v 0.02299996 -0.00658909 -0.03253939
v 0.02299996 -0.00925366 -0.03188413
v 0.02299996 -0.00925366 -0.03188413
v 0.02299996 -0.00925366 -0.03188413
v 0.02299996 -0.01185502 -0.03101107
v 0.02299996 -0.01185502 -0.03101107
v 0.02299996 -0.01185502 -0.03101107
v 0.02299997 -0.01437540 -0.02992617
v 0.02299997 -0.01437540 -0.02992617
v 0.02299997 -0.01437540 -0.02992617
v 0.02299997 -0.01679759 -0.02863684
v 0.02299997 -0.01679759 -0.02863684
v 0.02299997 -0.01679759 -0.02863684
v 0.02297560 -0.01210411 -0.03166265
v 0.02297560 -0.01210411 -0.03166265
v 0.02297560 -0.01210411 -0.03166265
v 0.02297560 -0.01210411 -0.03166265
v 0.02297560 -0.01467745 -0.03055495
v 0.02297560 -0.01467745 -0.03055495
v 0.02297560 -0.01467745 -0.03055495
v 0.02297560 -0.01467745 -0.03055495
v 0.02156499 -0.01930729 -0.05050514
v 0.02156499 -0.01930729 -0.05050514
v 0.02156499 -0.01930729 -0.05050514
v 0.02156499 -0.01930729 -0.05050514
v 0.02156499 -0.02341203 -0.04873826
v 0.02156499 -0.02341203 -0.04873826
v 0.02156499 -0.02341203 -0.04873826
v 0.02156499 -0.02341203 -0.04873826
v 0.02297561 -0.01715052 -0.02923854
v 0.02297561 -0.01715052 -0.02923854
v 0.02297561 -0.01715052 -0.02923854
v 0.02297561 -0.01715052 -0.02923854
v 0.02156499 -0.02735684 -0.04663844
v 0.02156499 -0.02735684 -0.04663844
v 0.02156499 -0.02735684 -0.04663844
v 0.02156499 -0.02735684 -0.04663844
v 0.02297561 -0.01950644 -0.02772239
v 0.02297561 -0.01950644 -0.02772239
v 0.02297561 -0.01950644 -0.02772239
v 0.02297561 -0.01950644 -0.02772239
v 0.02299997 -0.01910502 -0.02715190
v 0.02299997 -0.01910502 -0.02715190
v 0.02299997 -0.01910502 -0.02715190
v 0.02299997 -0.02128195 -0.02548148
v 0.02299997 -0.02128195 -0.02548148
v 0.02299997 -0.02128195 -0.02548148
v 0.02299997 -0.02331351 -0.02363700
v 0.02299997 -0.02331351 -0.02363700
v 0.02299997 -0.02331351 -0.02363700
v 0.02297561 -0.02172911 -0.02601688
v 0.02297561 -0.02172911 -0.02601688
v 0.02297561 -0.02172911 -0.02601688
v 0.02297561 -0.02172911 -0.02601688
v 0.02156500 -0.03111477 -0.04422004
v 0.02156500 -0.03111477 -0.04422004
v 0.02156500 -0.03111477 -0.04422004
v 0.02156500 -0.03111477 -0.04422004
v 0.02156500 -0.03111477 -0.04422004
v 0.02156500 -0.03466016 -0.04149957
v 0.02156500 -0.03466016 -0.04149957
v 0.02156500 -0.03466016 -0.04149957
v 0.02156500 -0.03466016 -0.04149957
v 0.02297561 -0.02380335 -0.02413364
v 0.02297561 -0.02380335 -0.02413364
v 0.02297561 -0.02380335 -0.02413364
v 0.02297561 -0.02380335 -0.02413364
v 0.02156500 -0.03796878 -0.03849562
v 0.02156500 -0.03796878 -0.03849562
v 0.02156500 -0.03796878 -0.03849562
v 0.02156500 -0.03796878 -0.03849562
v 0.02297561 -0.02571499 -0.02208555
v 0.02297561 -0.02571499 -0.02208555
v 0.02297561 -0.02571499 -0.02208555
v 0.02297561 -0.02571499 -0.02208555
v 0.02299998 -0.02518581 -0.02163106
v 0.02299998 -0.02518581 -0.02163106
v 0.02299998 -0.02518581 -0.02163106
v 0.02299998 -0.02688606 -0.01947735
v 0.02299998 -0.02688606 -0.01947735
v 0.02299998 -0.02688606 -0.01947735
v 0.02299999 -0.02680803 -0.00514318
v 0.02299999 -0.02680803 -0.00514318
v 0.02299999 -0.02680803 -0.00514318
v 0.02299998 -0.02840266 -0.01719059
v 0.02299998 -0.02840266 -0.01719059
v 0.02299998 -0.02840266 -0.01719059
v 0.02299998 -0.02972523 -0.01478640
v 0.02299998 -0.02972523 -0.01478640
v 0.02299998 -0.02972523 -0.01478640
v 0.02299999 -0.02762916 -0.00503507
v 0.02299999 -0.02762916 -0.00503507
v 0.02299999 -0.02762916 -0.00503507
v 0.02299999 -0.02604285 -0.00482623
v 0.02299999 -0.02604285 -0.00482623
v 0.02299999 -0.02604285 -0.00482623
v 0.02349999 -0.02680803 -0.00514318
v 0.02349999 -0.02680803 -0.00514318
v 0.02349999 -0.02680803 -0.00514318
v 0.02349999 -0.02680803 -0.00514318
v 0.02350000 -0.02762916 -0.00503507
v 0.02350000 -0.02762916 -0.00503507
v 0.02350000 -0.02762916 -0.00503507
v 0.02350000 -0.02762916 -0.00503507
v 0.02499999 -0.02820319 -0.00642089
v 0.02499999 -0.02820319 -0.00642089
v 0.02499999 -0.02820319 -0.00642089
v 0.02350000 -0.02828624 -0.00453088
v 0.02350000 -0.02828624 -0.00453088
v 0.02350000 -0.02828624 -0.00453088
v 0.02350000 -0.02828624 -0.00453088
v 0.02499999 -0.02947627 -0.00544403
v 0.02499999 -0.02947627 -0.00544403
v 0.02499999 -0.02947627 -0.00544403
v 0.02499999 -0.03009035 -0.00396150
v 0.02499999 -0.03009035 -0.00396150
v 0.02499999 -0.03009035 -0.00396150
v 0.02499999 -0.03291577 -0.00433347
v 0.02499999 -0.03291577 -0.00433347
v 0.02499999 -0.03291577 -0.00433347
v 0.02499999 -0.03244549 -0.00703683
v 0.02499999 -0.03244549 -0.00703683
v 0.02499999 -0.03244549 -0.00703683
v 0.02499999 -0.03175357 -0.00969213
v 0.02499999 -0.03175357 -0.00969213
v 0.02499999 -0.03175357 -0.00969213
v 0.02497075 -0.03162245 -0.01259086
v 0.02497075 -0.03162245 -0.01259086
v 0.02497075 -0.03162245 -0.01259086
v 0.02497075 -0.03162245 -0.01259086
v 0.02497075 -0.03162245 -0.01259086
v 0.02499999 -0.03084475 -0.01228121
v 0.02499999 -0.03084475 -0.01228121
v 0.02499999 -0.03084475 -0.01228121
v 0.02497076 -0.03255419 -0.00993650
v 0.02497076 -0.03255419 -0.00993650
v 0.02497076 -0.03255419 -0.00993650
v 0.02497076 -0.03255419 -0.00993650
v 0.02497076 -0.03255419 -0.00993650
v 0.02497076 -0.03326355 -0.00721425
v 0.02497076 -0.03326355 -0.00721425
v 0.02497076 -0.03326355 -0.00721425
v 0.02497076 -0.03326355 -0.00721425
v 0.02497076 -0.03326355 -0.00721425
v 0.02350453 -0.05375515 -0.01165849
v 0.02350453 -0.05375515 -0.01165849
v 0.02350453 -0.05375515 -0.01165849
v 0.02350453 -0.05375515 -0.01165849
v 0.02350453 -0.05375515 -0.01165849
v 0.02350453 -0.05375515 -0.01165849
v 0.02350453 -0.05327128 -0.01370064
v 0.02350453 -0.05327128 -0.01370064
v 0.02350453 -0.05327128 -0.01370064
v 0.02350453 -0.05327128 -0.01370064
v 0.02350453 -0.05327128 -0.01370064
v 0.02350452 -0.05110308 -0.02034729
v 0.02350452 -0.05110308 -0.02034729
v 0.02350452 -0.05110308 -0.02034729
v 0.02350452 -0.05110308 -0.02034729
v 0.02350452 -0.05110308 -0.02034729
v 0.02350452 -0.05110308 -0.02034729
v 0.02120939 -0.05520353 -0.01419758
v 0.02120939 -0.05520353 -0.01419758
v 0.02120939 -0.05520353 -0.01419758
v 0.02120939 -0.05520353 -0.01419758
v 0.02120939 -0.05520353 -0.01419758
v 0.02120939 -0.05520353 -0.01419758
v 0.02120939 -0.05520353 -0.01419758
v 0.02120939 -0.05520353 -0.01419758
v 0.01549998 -0.05520353 -0.01419758
v 0.01549998 -0.05520353 -0.01419758
v 0.01549998 -0.05520353 -0.01419758
v 0.01549998 -0.05520353 -0.01419758
v 0.01549998 -0.05520353 -0.01419758
v 0.01549998 -0.05388209 -0.01859358
v 0.01549998 -0.05388209 -0.01859358
v 0.01549998 -0.05388209 -0.01859358
v 0.01549998 -0.05388209 -0.01859358
v 0.01549998 -0.05388209 -0.01859358
v 0.02120938 -0.05221121 -0.02286900
v 0.02120938 -0.05221121 -0.02286900
v 0.02120938 -0.05221121 -0.02286900
v 0.02120938 -0.05221121 -0.02286900
v 0.02120938 -0.05221121 -0.02286900
v 0.02120938 -0.05221121 -0.02286900
v 0.02120938 -0.05221121 -0.02286900
v 0.02120938 -0.05221121 -0.02286900
v 0.02120940 -0.05676610 -0.00515846
v 0.02120940 -0.05676610 -0.00515846
v 0.02120940 -0.05676610 -0.00515846
v 0.02120940 -0.05676610 -0.00515846
v 0.02120940 -0.05676610 -0.00515846
v 0.02120940 -0.05676610 -0.00515846
v 0.02120940 -0.05676610 -0.00515846
v 0.02120940 -0.05676610 -0.00515846
v 0.01549999 -0.05616695 -0.00970950
v 0.01549999 -0.05616695 -0.00970950
v 0.01549999 -0.05616695 -0.00970950
v 0.01549999 -0.05616695 -0.00970950
v 0.01549999 -0.05616695 -0.00970950
v 0.01499999 -0.05567425 -0.00962433
v 0.01499999 -0.05567425 -0.00962433
v 0.01499999 -0.05567425 -0.00962433
v 0.01499999 -0.05567425 -0.00962433
v 0.01499999 -0.05567425 -0.00962433
v 0.01549999 -0.05676610 -0.00515845
v 0.01549999 -0.05676610 -0.00515845
v 0.01549999 -0.05676610 -0.00515845
v 0.01549999 -0.05676610 -0.00515845
v 0.01549999 -0.05676610 -0.00515845
v 0.01500000 -0.05649714 -0.00056892
v 0.01500000 -0.05649714 -0.00056892
v 0.01500000 -0.05649714 -0.00056892
v 0.01500000 -0.05649714 -0.00056892
v 0.01500000 -0.05649714 -0.00056892
v 0.01550000 -0.05699711 -0.00057395
v 0.01550000 -0.05699711 -0.00057395
v 0.01550000 -0.05699711 -0.00057395
v 0.01550000 -0.05699711 -0.00057395
v 0.01550000 -0.05699711 -0.00057395
v 0.02120942 -0.05685847 0.00401426
v 0.02120942 -0.05685847 0.00401426
v 0.02120942 -0.05685847 0.00401426
v 0.02120942 -0.05685847 0.00401426
v 0.02120942 -0.05685847 0.00401426
v 0.02120942 -0.05685847 0.00401426
v 0.02120942 -0.05685847 0.00401426
v 0.02120942 -0.05685847 0.00401426
v 0.01550000 -0.05685847 0.00401427
v 0.01550000 -0.05685847 0.00401427
v 0.01550000 -0.05685847 0.00401427
v 0.01550000 -0.05685847 0.00401427
v 0.01550000 -0.05685847 0.00401427
v 0.01550001 -0.05635108 0.00857646
v 0.01550001 -0.05635108 0.00857646
v 0.01550001 -0.05635108 0.00857646
v 0.01550001 -0.05635108 0.00857646
v 0.01550001 -0.05635108 0.00857646
v 0.01500001 -0.05585677 0.00850123
v 0.01500001 -0.05585677 0.00850123
v 0.01500001 -0.05585677 0.00850123
v 0.01500001 -0.05585677 0.00850123
v 0.01500001 -0.05585677 0.00850123
v 0.01500001 -0.05511978 0.00648534
v 0.01500001 -0.05511978 0.00648534
v 0.01500001 -0.05511978 0.00648534
v 0.01500002 -0.05330057 0.01546930
v 0.01500002 -0.05330057 0.01546930
v 0.01500002 -0.05330057 0.01546930
v 0.01500002 -0.05376974 0.01735120
v 0.01500002 -0.05376974 0.01735120
v 0.01500002 -0.05376974 0.01735120
v 0.01500002 -0.05376974 0.01735120
v 0.01500002 -0.05376974 0.01735120
v 0.01550002 -0.05547823 0.01308303
v 0.01550002 -0.05547823 0.01308303
v 0.01550002 -0.05547823 0.01308303
v 0.01550002 -0.05547823 0.01308303
v 0.01550002 -0.05547823 0.01308303
v 0.01550002 -0.05424558 0.01750474
v 0.01550002 -0.05424558 0.01750474
v 0.01550002 -0.05424558 0.01750474
v 0.01550002 -0.05424558 0.01750474
v 0.01550002 -0.05424558 0.01750474
v 0.02120943 -0.05547823 0.01308302
v 0.02120943 -0.05547823 0.01308302
v 0.02120943 -0.05547823 0.01308302
v 0.02120943 -0.05547823 0.01308302
v 0.02120943 -0.05547823 0.01308302
v 0.02120943 -0.05547823 0.01308302
v 0.02120943 -0.05547823 0.01308302
v 0.02120943 -0.05547823 0.01308302
v 0.02350456 -0.05282506 0.01533129
v 0.02350456 -0.05282506 0.01533129
v 0.02350456 -0.05282506 0.01533129
v 0.02350456 -0.05282506 0.01533129
v 0.02350456 -0.05282506 0.01533129
v 0.02350456 -0.05282506 0.01533129
v 0.02120944 -0.05266114 0.02181293
v 0.02120944 -0.05266114 0.02181293
v 0.02120944 -0.05266114 0.02181293
v 0.02120944 -0.05266114 0.02181293
v 0.02120944 -0.05266114 0.02181293
v 0.02120944 -0.05266114 0.02181293
v 0.02120944 -0.05266114 0.02181293
v 0.02120944 -0.05266114 0.02181293
v 0.02350456 -0.05353637 0.01262508
v 0.02350456 -0.05353637 0.01262508
v 0.02350456 -0.05353637 0.01262508
v 0.02350456 -0.05353637 0.01262508
v 0.02350456 -0.05353637 0.01262508
v 0.02350455 -0.05462804 0.00642747
v 0.02350455 -0.05462804 0.00642747
v 0.02350455 -0.05462804 0.00642747
v 0.02350455 -0.05462804 0.00642747
v 0.02350455 -0.05462804 0.00642747
v 0.02350455 -0.05462804 0.00642747
v 0.02497077 -0.03380369 0.00397729
v 0.02497077 -0.03380369 0.00397729
v 0.02497077 -0.03380369 0.00397729
v 0.02497077 -0.03380369 0.00397729
v 0.02497077 -0.03380369 0.00397729
v 0.02497077 -0.03401668 0.00117222
v 0.02497077 -0.03401668 0.00117222
v 0.02497077 -0.03401668 0.00117222
v 0.02497077 -0.03401668 0.00117222
v 0.02497077 -0.03401668 0.00117222
v 0.02350455 -0.05486830 0.00387375
v 0.02350455 -0.05486830 0.00387375
v 0.02350455 -0.05486830 0.00387375
v 0.02350455 -0.05486830 0.00387375
v 0.02350455 -0.05486830 0.00387375
v 0.02497077 -0.03399730 -0.00164086
v 0.02497077 -0.03399730 -0.00164086
v 0.02497077 -0.03399730 -0.00164086
v 0.02497077 -0.03399730 -0.00164086
v 0.02497077 -0.03399730 -0.00164086
v 0.02350454 -0.05494092 -0.00265168
v 0.02350454 -0.05494092 -0.00265168
v 0.02350454 -0.05494092 -0.00265168
v 0.02350454 -0.05494092 -0.00265168
v 0.02350454 -0.05494092 -0.00265168
v 0.02350454 -0.05494092 -0.00265168
v 0.02497076 -0.03374568 -0.00444273
v 0.02497076 -0.03374568 -0.00444273
v 0.02497076 -0.03374568 -0.00444273
v 0.02497076 -0.03374568 -0.00444273
v 0.02497076 -0.03374568 -0.00444273
v 0.02350454 -0.05477916 -0.00497791
v 0.02350454 -0.05477916 -0.00497791
v 0.02350454 -0.05477916 -0.00497791
v 0.02350454 -0.05477916 -0.00497791
v 0.02350454 -0.05477916 -0.00497791
v 0.02500000 -0.03316119 -0.00160051
v 0.02500000 -0.03316119 -0.00160051
v 0.02500000 -0.03316119 -0.00160051
v 0.02500000 -0.03318010 0.00114339
v 0.02500000 -0.03318010 0.00114339
v 0.02500000 -0.03318010 0.00114339
v 0.02500000 -0.02988090 -0.00237055
v 0.02500000 -0.02988090 -0.00237055
v 0.02500000 -0.02988090 -0.00237055
v 0.02500000 -0.02890403 -0.00109747
v 0.02500000 -0.02890403 -0.00109747
v 0.02500000 -0.02890403 -0.00109747
v 0.02350000 -0.02849508 -0.00294457
v 0.02350000 -0.02849508 -0.00294457
v 0.02350000 -0.02849508 -0.00294457
v 0.02350000 -0.02849508 -0.00294457
v 0.02350000 -0.02860318 -0.00376571
v 0.02350000 -0.02860318 -0.00376571
v 0.02350000 -0.02860318 -0.00376571
v 0.02350000 -0.02860318 -0.00376571
v 0.02300000 -0.02860318 -0.00376571
v 0.02300000 -0.02860318 -0.00376571
v 0.02300000 -0.02860318 -0.00376571
v 0.02299999 -0.02828624 -0.00453088
v 0.02299999 -0.02828624 -0.00453088
v 0.02299999 -0.02828624 -0.00453088
v 0.02299999 -0.03175357 -0.00969212
v 0.02299999 -0.03175357 -0.00969212
v 0.02299999 -0.03175357 -0.00969212
v 0.02299999 -0.03244549 -0.00703683
v 0.02299999 -0.03244549 -0.00703683
v 0.02299999 -0.03244549 -0.00703683
v 0.02299999 -0.03291577 -0.00433347
v 0.02299999 -0.03291577 -0.00433347
v 0.02299999 -0.03291577 -0.00433347
v 0.02297563 -0.03242075 -0.00989577
v 0.02297563 -0.03242075 -0.00989577
v 0.02297563 -0.03242075 -0.00989577
v 0.02297563 -0.03242075 -0.00989577
v 0.02297563 -0.03312720 -0.00718468
v 0.02297563 -0.03312720 -0.00718468
v 0.02297563 -0.03312720 -0.00718468
v 0.02297563 -0.03312720 -0.00718468
v 0.02156503 -0.05171442 -0.01578474
v 0.02156503 -0.05171442 -0.01578474
v 0.02156503 -0.05171442 -0.01578474
v 0.02156503 -0.05171442 -0.01578474
v 0.02156503 -0.05284128 -0.01146029
v 0.02156503 -0.05284128 -0.01146029
v 0.02156503 -0.05284128 -0.01146029
v 0.02156503 -0.05284128 -0.01146029
v 0.02297563 -0.03360736 -0.00442452
v 0.02297563 -0.03360736 -0.00442452
v 0.02297563 -0.03360736 -0.00442452
v 0.02297563 -0.03360736 -0.00442452
v 0.02156504 -0.05360718 -0.00705754
v 0.02156504 -0.05360718 -0.00705754
v 0.02156504 -0.05360718 -0.00705754
v 0.02156504 -0.05360718 -0.00705754
v 0.02297564 -0.03385795 -0.00163413
v 0.02297564 -0.03385795 -0.00163413
v 0.02297564 -0.03385795 -0.00163413
v 0.02297564 -0.03385795 -0.00163413
v 0.02300000 -0.03316119 -0.00160051
v 0.02300000 -0.03316119 -0.00160051
v 0.02300000 -0.03316119 -0.00160051
v 0.02300000 -0.02849508 -0.00294457
v 0.02300000 -0.02849508 -0.00294457
v 0.02300000 -0.02849508 -0.00294457
v 0.02300000 -0.02849508 -0.00294457
v 0.02300000 -0.03318010 0.00114339
v 0.02300000 -0.03318010 0.00114339
v 0.02300000 -0.03318010 0.00114339
v 0.02300000 -0.02799089 -0.00228750
v 0.02300000 -0.02799089 -0.00228750
v 0.02300000 -0.02799089 -0.00228750
v 0.02300001 -0.03297235 0.00387947
v 0.02300001 -0.03297235 0.00387947
v 0.02300001 -0.03297235 0.00387947
v 0.02297564 -0.03387725 0.00116741
v 0.02297564 -0.03387725 0.00116741
v 0.02297564 -0.03387725 0.00116741
v 0.02297564 -0.03387725 0.00116741
v 0.02156505 -0.05400689 -0.00260659
v 0.02156505 -0.05400689 -0.00260659
v 0.02156505 -0.05400689 -0.00260659
v 0.02156505 -0.05400689 -0.00260659
v 0.02156505 -0.05403768 0.00186216
v 0.02156505 -0.05403768 0.00186216
v 0.02156505 -0.05403768 0.00186216
v 0.02156505 -0.05403768 0.00186216
v 0.02297565 -0.03366514 0.00396099
v 0.02297565 -0.03366514 0.00396099
v 0.02297565 -0.03366514 0.00396099
v 0.02297565 -0.03366514 0.00396099
v 0.02156506 -0.05369934 0.00631820
v 0.02156506 -0.05369934 0.00631820
v 0.02156506 -0.05369934 0.00631820
v 0.02156506 -0.05369934 0.00631820
v 0.02297565 -0.03322305 0.00672750
v 0.02297565 -0.03322305 0.00672750
v 0.02297565 -0.03322305 0.00672750
v 0.02297565 -0.03322305 0.00672750
v 0.02300001 -0.03253936 0.00658906
v 0.02300001 -0.03253936 0.00658906
v 0.02300001 -0.03253936 0.00658906
v 0.02300001 -0.03188410 0.00925363
v 0.02300001 -0.03188410 0.00925363
v 0.02300001 -0.03188410 0.00925363
v 0.02300000 -0.02722571 -0.00197055
v 0.02300000 -0.02722571 -0.00197055
v 0.02300000 -0.02722571 -0.00197055
v 0.02300001 -0.03101104 0.01185500
v 0.02300001 -0.03101104 0.01185500
v 0.02300001 -0.03101104 0.01185500
v 0.02300002 -0.02992614 0.01437538
v 0.02300002 -0.02992614 0.01437538
v 0.02300002 -0.02992614 0.01437538
v 0.02350000 -0.02722571 -0.00197055
v 0.02350000 -0.02722571 -0.00197055
v 0.02350000 -0.02722571 -0.00197055
v 0.02350000 -0.02722571 -0.00197055
v 0.02500000 -0.02742150 -0.00048339
v 0.02500000 -0.02742150 -0.00048339
v 0.02500000 -0.02742150 -0.00048339
v 0.02350000 -0.02799089 -0.00228750
v 0.02350000 -0.02799089 -0.00228750
v 0.02350000 -0.02799089 -0.00228750
v 0.02350000 -0.02799089 -0.00228750
v 0.02350000 -0.02799089 -0.00228750
v 0.02500000 -0.02583055 -0.00069284
v 0.02500000 -0.02583055 -0.00069284
v 0.02500000 -0.02583055 -0.00069284
v 0.02500003 -0.00601623 0.02512968
v 0.02500003 -0.00601623 0.02512968
v 0.02500003 -0.00601623 0.02512968
v 0.02500002 -0.02548146 0.02128192
v 0.02500002 -0.02548146 0.02128192
v 0.02500002 -0.02548146 0.02128192
v 0.02500002 -0.02715188 0.01910499
v 0.02500002 -0.02715188 0.01910499
v 0.02500002 -0.02715188 0.01910499
v 0.02500002 -0.02863682 0.01679756
v 0.02500002 -0.02863682 0.01679756
v 0.02500002 -0.02863682 0.01679756
v 0.02500003 -0.00663032 0.02661221
v 0.02500003 -0.00663032 0.02661221
v 0.02500003 -0.00663032 0.02661221
v 0.02500003 -0.02163103 0.02518578
v 0.02500003 -0.02163103 0.02518578
v 0.02500003 -0.02163103 0.02518578
v 0.02500003 -0.02363697 0.02331348
v 0.02500003 -0.02363697 0.02331348
v 0.02500003 -0.02363697 0.02331348
v 0.02350003 -0.00482620 0.02604283
v 0.02350003 -0.00482620 0.02604283
v 0.02350003 -0.00482620 0.02604283
v 0.02350003 -0.00482620 0.02604283
v 0.02350003 -0.00416913 0.02553864
v 0.02350003 -0.00416913 0.02553864
v 0.02350003 -0.00416913 0.02553864
v 0.02350003 -0.00416913 0.02553864
v 0.02300003 -0.00416913 0.02553864
v 0.02300003 -0.00416913 0.02553864
v 0.02300003 -0.00416913 0.02553864
v 0.02350003 -0.00514315 0.02680800
v 0.02350003 -0.00514315 0.02680800
v 0.02350003 -0.00514315 0.02680800
v 0.02350003 -0.00514315 0.02680800
v 0.02500003 -0.00642087 0.02820316
v 0.02500003 -0.00642087 0.02820316
v 0.02500003 -0.00642087 0.02820316
v 0.02300003 -0.00514315 0.02680800
v 0.02300003 -0.00514315 0.02680800
v 0.02300003 -0.00514315 0.02680800
v 0.02350003 -0.00503505 0.02762914
v 0.02350003 -0.00503505 0.02762914
v 0.02350003 -0.00503505 0.02762914
v 0.02350003 -0.00503505 0.02762914
v 0.02300003 -0.00503505 0.02762914
v 0.02300003 -0.00503505 0.02762914
v 0.02300003 -0.00503505 0.02762914
v 0.02350003 -0.00453086 0.02828621
v 0.02350003 -0.00453086 0.02828621
v 0.02350003 -0.00453086 0.02828621
v 0.02350003 -0.00453086 0.02828621
v 0.02500003 -0.00544400 0.02947624
v 0.02500003 -0.00544400 0.02947624
v 0.02500003 -0.00544400 0.02947624
v 0.02500004 -0.00969210 0.03175354
v 0.02500004 -0.00969210 0.03175354
v 0.02500004 -0.00969210 0.03175354
v 0.02500004 -0.00703680 0.03244546
v 0.02500004 -0.00703680 0.03244546
v 0.02500004 -0.00703680 0.03244546
v 0.02500004 -0.00433344 0.03291574
v 0.02500004 -0.00433344 0.03291574
v 0.02500004 -0.00433344 0.03291574
v 0.02500003 -0.00396147 0.03009032
v 0.02500003 -0.00396147 0.03009032
v 0.02500003 -0.00396147 0.03009032
v 0.02500004 -0.00160048 0.03316117
v 0.02500004 -0.00160048 0.03316117
v 0.02500004 -0.00160048 0.03316117
v 0.02500003 -0.00237052 0.02988087
v 0.02500003 -0.00237052 0.02988087
v 0.02500003 -0.00237052 0.02988087
v 0.02350003 -0.00376568 0.02860316
v 0.02350003 -0.00376568 0.02860316
v 0.02350003 -0.00376568 0.02860316
v 0.02350003 -0.00376568 0.02860316
v 0.02300003 -0.00453086 0.02828621
v 0.02300003 -0.00453086 0.02828621
v 0.02300003 -0.00453086 0.02828621
v 0.02300003 -0.00376568 0.02860316
v 0.02300003 -0.00376568 0.02860316
v 0.02300003 -0.00376568 0.02860316
v 0.02350003 -0.00294455 0.02849505
v 0.02350003 -0.00294455 0.02849505
v 0.02350003 -0.00294455 0.02849505
v 0.02350003 -0.00294455 0.02849505
v 0.02500003 -0.00109744 0.02890400
v 0.02500003 -0.00109744 0.02890400
v 0.02500003 -0.00109744 0.02890400
v 0.02300003 -0.00294455 0.02849505
v 0.02300003 -0.00294455 0.02849505
v 0.02300003 -0.00294455 0.02849505
v 0.02300003 -0.00294455 0.02849505
v 0.02350003 -0.00228747 0.02799086
v 0.02350003 -0.00228747 0.02799086
v 0.02350003 -0.00228747 0.02799086
v 0.02350003 -0.00228747 0.02799086
v 0.02350003 -0.00228747 0.02799086
v 0.02300003 -0.00228747 0.02799086
v 0.02300003 -0.00228747 0.02799086
v 0.02300003 -0.00228747 0.02799086
v 0.02300004 0.00387950 0.03297232
v 0.02300004 0.00387950 0.03297232
v 0.02300004 0.00387950 0.03297232
v 0.02300004 0.00114342 0.03318007
v 0.02300004 0.00114342 0.03318007
v 0.02300004 0.00114342 0.03318007
v 0.02300004 -0.00160048 0.03316117
v 0.02300004 -0.00160048 0.03316117
v 0.02300004 -0.00160048 0.03316117
v 0.02297568 -0.00163411 0.03385792
v 0.02297568 -0.00163411 0.03385792
v 0.02297568 -0.00163411 0.03385792
v 0.02297568 -0.00163411 0.03385792
v 0.02297568 0.00116744 0.03387722
v 0.02297568 0.00116744 0.03387722
v 0.02297568 0.00116744 0.03387722
v 0.02297568 0.00116744 0.03387722
v 0.02156511 -0.00260657 0.05400687
v 0.02156511 -0.00260657 0.05400687
v 0.02156511 -0.00260657 0.05400687
v 0.02156511 -0.00260657 0.05400687
v 0.02156511 0.00186219 0.05403765
v 0.02156511 0.00186219 0.05403765
v 0.02156511 0.00186219 0.05403765
v 0.02156511 0.00186219 0.05403765
v 0.02297568 0.00396101 0.03366511
v 0.02297568 0.00396101 0.03366511
v 0.02297568 0.00396101 0.03366511
v 0.02297568 0.00396101 0.03366511
v 0.02156511 0.00631822 0.05369931
v 0.02156511 0.00631822 0.05369931
v 0.02156511 0.00631822 0.05369931
v 0.02156511 0.00631822 0.05369931
v 0.02297568 0.00672753 0.03322303
v 0.02297568 0.00672753 0.03322303
v 0.02297568 0.00672753 0.03322303
v 0.02297568 0.00672753 0.03322303
v 0.02300004 0.00658909 0.03253934
v 0.02300004 0.00658909 0.03253934
v 0.02300004 0.00658909 0.03253934
v 0.02300004 0.00925366 0.03188408
v 0.02300004 0.00925366 0.03188408
v 0.02300004 0.00925366 0.03188408
v 0.02300004 0.01185502 0.03101102
v 0.02300004 0.01185502 0.03101102
v 0.02300004 0.01185502 0.03101102
v 0.02297568 0.00944809 0.03255400
v 0.02297568 0.00944809 0.03255400
v 0.02297568 0.00944809 0.03255400
v 0.02297568 0.00944809 0.03255400
v 0.02156511 0.01073110 0.05299414
v 0.02156511 0.01073110 0.05299414
v 0.02156511 0.01073110 0.05299414
v 0.02156511 0.01073110 0.05299414
v 0.02156511 0.01507067 0.05192698
v 0.02156511 0.01507067 0.05192698
v 0.02156511 0.01507067 0.05192698
v 0.02156511 0.01507067 0.05192698
v 0.02297568 0.01210411 0.03166259
v 0.02297568 0.01210411 0.03166259
v 0.02297568 0.01210411 0.03166259
v 0.02297568 0.01210411 0.03166259
v 0.02300004 0.01437540 0.02992612
v 0.02300004 0.01437540 0.02992612
v 0.02300004 0.01437540 0.02992612
v 0.02156511 0.01930729 0.05050509
v 0.02156511 0.01930729 0.05050509
v 0.02156511 0.01930729 0.05050509
v 0.02156511 0.01930729 0.05050509
v 0.02297568 0.01467745 0.03055490
v 0.02297568 0.01467745 0.03055490
v 0.02297568 0.01467745 0.03055490
v 0.02297568 0.01467745 0.03055490
v 0.02300003 0.01679759 0.02863679
v 0.02300003 0.01679759 0.02863679
v 0.02300003 0.01679759 0.02863679
v 0.02156511 0.02341203 0.04873821
v 0.02156511 0.02341203 0.04873821
v 0.02156511 0.02341203 0.04873821
v 0.02156511 0.02341203 0.04873821
v 0.02297567 0.01715052 0.02923848
v 0.02297567 0.01715052 0.02923848
v 0.02297567 0.01715052 0.02923848
v 0.02297567 0.01715052 0.02923848
v 0.02156510 0.02735684 0.04663840
v 0.02156510 0.02735684 0.04663840
v 0.02156510 0.02735684 0.04663840
v 0.02156510 0.02735684 0.04663840
v 0.02297567 0.01950644 0.02772234
v 0.02297567 0.01950644 0.02772234
v 0.02297567 0.01950644 0.02772234
v 0.02297567 0.01950644 0.02772234
v 0.02300003 0.01910502 0.02715185
v 0.02300003 0.01910502 0.02715185
v 0.02300003 0.01910502 0.02715185
v 0.02300003 0.02128195 0.02548143
v 0.02300003 0.02128195 0.02548143
v 0.02300003 0.02128195 0.02548143
v 0.02297567 0.02172911 0.02601682
v 0.02297567 0.02172911 0.02601682
v 0.02297567 0.02172911 0.02601682
v 0.02297567 0.02172911 0.02601682
v 0.02156510 0.03111477 0.04421999
v 0.02156510 0.03111477 0.04421999
v 0.02156510 0.03111477 0.04421999
v 0.02156510 0.03111477 0.04421999
v 0.02156510 0.03466016 0.04149952
v 0.02156510 0.03466016 0.04149952
v 0.02156510 0.03466016 0.04149952
v 0.02156510 0.03466016 0.04149952
v 0.02140936 0.03138523 0.04460436
v 0.02140936 0.03138523 0.04460436
v 0.02140936 0.03138523 0.04460436
v 0.02140936 0.03138523 0.04460436
v 0.02140936 0.03138523 0.04460436
v 0.02140936 0.03496144 0.04186025
v 0.02140936 0.03496144 0.04186025
v 0.02140936 0.03496144 0.04186025
v 0.02140936 0.03496144 0.04186025
v 0.02104725 0.03157955 0.04488052
v 0.02104725 0.03157955 0.04488052
v 0.02104725 0.03157955 0.04488052
v 0.02104725 0.03157955 0.04488052
v 0.02104725 0.03157955 0.04488052
v 0.02104725 0.03517789 0.04211942
v 0.02104725 0.03517789 0.04211942
v 0.02104725 0.03517789 0.04211942
v 0.02104725 0.03517789 0.04211942
v 0.02140936 0.03829882 0.03883018
v 0.02140936 0.03829882 0.03883018
v 0.02140936 0.03829882 0.03883018
v 0.02140936 0.03829882 0.03883018
v 0.02140935 0.04137458 0.03553486
v 0.02140935 0.04137458 0.03553486
v 0.02140935 0.04137458 0.03553486
v 0.02140935 0.04137458 0.03553486
v 0.02104724 0.03853594 0.03907059
v 0.02104724 0.03853594 0.03907059
v 0.02104724 0.03853594 0.03907059
v 0.02104724 0.03853594 0.03907059
v 0.02104724 0.04163074 0.03575487
v 0.02104724 0.04163074 0.03575487
v 0.02104724 0.04163074 0.03575487
v 0.02104724 0.04163074 0.03575487
v 0.02104724 0.04163074 0.03575487
v 0.02056753 0.03862201 0.03915786
v 0.02056753 0.03862201 0.03915786
v 0.02056753 0.03862201 0.03915786
v 0.02056753 0.03862201 0.03915786
v 0.02056753 0.03525647 0.04221350
v 0.02056753 0.03525647 0.04221350
v 0.02056753 0.03525647 0.04221350
v 0.02056753 0.03525647 0.04221350
v 0.02056753 0.03525647 0.04221350
v 0.01550005 0.03525647 0.04221350
v 0.01550005 0.03525647 0.04221350
v 0.01550005 0.03525647 0.04221350
v 0.01550005 0.03525647 0.04221350
v 0.01550005 0.03525647 0.04221350
v 0.01550005 0.03525647 0.04221350
v 0.01550005 0.02782750 0.04744079
v 0.01550005 0.02782750 0.04744079
v 0.01550005 0.02782750 0.04744079
v 0.01550005 0.02782750 0.04744079
v 0.01550005 0.02782750 0.04744079
v 0.01550005 0.02782750 0.04744079
v 0.02056754 0.03165009 0.04498077
v 0.02056754 0.03165009 0.04498077
v 0.02056754 0.03165009 0.04498077
v 0.02056754 0.03165009 0.04498077
v 0.02056754 0.02782750 0.04744079
v 0.02056754 0.02782750 0.04744079
v 0.02056754 0.02782750 0.04744079
v 0.02056754 0.02782750 0.04744079
v 0.02056754 0.02782750 0.04744079
v 0.02056754 0.02782750 0.04744079
v 0.01550006 0.01963947 0.05137402
v 0.01550006 0.01963947 0.05137402
v 0.01550006 0.01963947 0.05137402
v 0.01550006 0.01963947 0.05137402
v 0.01550006 0.01963947 0.05137402
v 0.01550006 0.01963947 0.05137402
v 0.02056754 0.02381482 0.04957673
v 0.02056754 0.02381482 0.04957673
v 0.02056754 0.02381482 0.04957673
v 0.02056754 0.02381482 0.04957673
v 0.02104725 0.02776548 0.04733506
v 0.02104725 0.02776548 0.04733506
v 0.02104725 0.02776548 0.04733506
v 0.02104725 0.02776548 0.04733506
v 0.02104725 0.02776548 0.04733506
v 0.02104726 0.02376175 0.04946624
v 0.02104726 0.02376175 0.04946624
v 0.02104726 0.02376175 0.04946624
v 0.02104726 0.02376175 0.04946624
v 0.02140936 0.02759464 0.04704379
v 0.02140936 0.02759464 0.04704379
v 0.02140936 0.02759464 0.04704379
v 0.02140936 0.02759464 0.04704379
v 0.02140937 0.02361554 0.04916186
v 0.02140937 0.02361554 0.04916186
v 0.02140937 0.02361554 0.04916186
v 0.02140937 0.02361554 0.04916186
v 0.02140937 0.01947512 0.05094410
v 0.02140937 0.01947512 0.05094410
v 0.02140937 0.01947512 0.05094410
v 0.02140937 0.01947512 0.05094410
v 0.02104726 0.01959570 0.05125951
v 0.02104726 0.01959570 0.05125951
v 0.02104726 0.01959570 0.05125951
v 0.02104726 0.01959570 0.05125951
v 0.02056754 0.01963947 0.05137401
v 0.02056754 0.01963947 0.05137401
v 0.02056754 0.01963947 0.05137401
v 0.02056754 0.01963947 0.05137401
v 0.02056754 0.01963947 0.05137401
v 0.02056755 0.01532995 0.05282035
v 0.02056755 0.01532995 0.05282035
v 0.02056755 0.01532995 0.05282035
v 0.02056755 0.01532995 0.05282035
v 0.02104726 0.01529579 0.05270264
v 0.02104726 0.01529579 0.05270264
v 0.02104726 0.01529579 0.05270264
v 0.02104726 0.01529579 0.05270264
v 0.02056755 0.01091572 0.05390589
v 0.02056755 0.01091572 0.05390589
v 0.02056755 0.01091572 0.05390589
v 0.02056755 0.01091572 0.05390589
v 0.02056755 0.01091572 0.05390589
v 0.02104726 0.01089140 0.05378575
v 0.02104726 0.01089140 0.05378575
v 0.02104726 0.01089140 0.05378575
v 0.02104726 0.01089140 0.05378575
v 0.02140937 0.01520167 0.05237834
v 0.02140937 0.01520167 0.05237834
v 0.02140937 0.01520167 0.05237834
v 0.02140937 0.01520167 0.05237834
v 0.02140937 0.01082438 0.05345479
v 0.02140937 0.01082438 0.05345479
v 0.02140937 0.01082438 0.05345479
v 0.02140937 0.01082438 0.05345479
v 0.02140937 0.00637314 0.05416608
v 0.02140937 0.00637314 0.05416608
v 0.02140937 0.00637314 0.05416608
v 0.02140937 0.00637314 0.05416608
v 0.02140937 0.00637314 0.05416608
v 0.02104726 0.00641260 0.05450145
v 0.02104726 0.00641260 0.05450145
v 0.02104726 0.00641260 0.05450145
v 0.02104726 0.00641260 0.05450145
v 0.02056755 0.00642693 0.05462318
v 0.02056755 0.00642693 0.05462318
v 0.02056755 0.00642693 0.05462318
v 0.02056755 0.00642693 0.05462318
v 0.02056755 0.00189423 0.05496735
v 0.02056755 0.00189423 0.05496735
v 0.02056755 0.00189423 0.05496735
v 0.02056755 0.00189423 0.05496735
v 0.02056755 0.00189423 0.05496735
v 0.02104726 0.00189000 0.05484485
v 0.02104726 0.00189000 0.05484485
v 0.02104726 0.00189000 0.05484485
v 0.02104726 0.00189000 0.05484485
v 0.02104726 0.00189000 0.05484485
v 0.02104726 -0.00264550 0.05481360
v 0.02104726 -0.00264550 0.05481360
v 0.02104726 -0.00264550 0.05481360
v 0.02104726 -0.00264550 0.05481360
v 0.02104726 -0.00264550 0.05481360
v 0.02056755 -0.00265141 0.05493603
v 0.02056755 -0.00265141 0.05493603
v 0.02056755 -0.00265141 0.05493603
v 0.02056755 -0.00265141 0.05493603
v 0.02140937 0.00187837 0.05450737
v 0.02140937 0.00187837 0.05450737
v 0.02140937 0.00187837 0.05450737
v 0.02140937 0.00187837 0.05450737
v 0.02140937 -0.00262923 0.05447631
v 0.02140937 -0.00262923 0.05447631
v 0.02140937 -0.00262923 0.05447631
v 0.02140937 -0.00262923 0.05447631
v 0.02104726 -0.00716294 0.05440792
v 0.02104726 -0.00716294 0.05440792
v 0.02104726 -0.00716294 0.05440792
v 0.02104726 -0.00716294 0.05440792
v 0.02140937 -0.00711887 0.05407313
v 0.02140937 -0.00711887 0.05407313
v 0.02140937 -0.00711887 0.05407313
v 0.02140937 -0.00711887 0.05407313
v 0.02104726 -0.01163145 0.05363058
v 0.02104726 -0.01163145 0.05363058
v 0.02104726 -0.01163145 0.05363058
v 0.02104726 -0.01163145 0.05363058
v 0.02156511 -0.00705752 0.05360716
v 0.02156511 -0.00705752 0.05360716
v 0.02156511 -0.00705752 0.05360716
v 0.02156511 -0.00705752 0.05360716
v 0.02156511 -0.00705752 0.05360716
v 0.02140937 -0.01155988 0.05330057
v 0.02140937 -0.01155988 0.05330057
v 0.02140937 -0.01155988 0.05330057
v 0.02140937 -0.01155988 0.05330057
v 0.02140937 -0.01155988 0.05330057
v 0.02156511 -0.01146026 0.05284125
v 0.02156511 -0.01146026 0.05284125
v 0.02156511 -0.01146026 0.05284125
v 0.02156511 -0.01146026 0.05284125
v 0.02140937 -0.01592192 0.05216392
v 0.02140937 -0.01592192 0.05216392
v 0.02140937 -0.01592192 0.05216392
v 0.02140937 -0.01592192 0.05216392
v 0.02104726 -0.01602050 0.05248688
v 0.02104726 -0.01602050 0.05248688
v 0.02104726 -0.01602050 0.05248688
v 0.02104726 -0.01602050 0.05248688
v 0.02056755 -0.01605628 0.05260412
v 0.02056755 -0.01605628 0.05260412
v 0.02056755 -0.01605628 0.05260412
v 0.02056755 -0.01605628 0.05260412
v 0.02056755 -0.01605628 0.05260412
v 0.02056754 -0.02034546 0.05109853
v 0.02056754 -0.02034546 0.05109853
v 0.02056754 -0.02034546 0.05109853
v 0.02056754 -0.02034546 0.05109853
v 0.02104726 -0.02030012 0.05098465
v 0.02104726 -0.02030012 0.05098465
v 0.02104726 -0.02030012 0.05098465
v 0.02104726 -0.02030012 0.05098465
v 0.02056754 -0.02449566 0.04924389
v 0.02056754 -0.02449566 0.04924389
v 0.02056754 -0.02449566 0.04924389
v 0.02056754 -0.02449566 0.04924389
v 0.02104726 -0.02444106 0.04913414
v 0.02104726 -0.02444106 0.04913414
v 0.02104726 -0.02444106 0.04913414
v 0.02104726 -0.02444106 0.04913414
v 0.02140937 -0.02017521 0.05067093
v 0.02140937 -0.02017521 0.05067093
v 0.02140937 -0.02017521 0.05067093
v 0.02140937 -0.02017521 0.05067093
v 0.02140937 -0.02429067 0.04883181
v 0.02140937 -0.02429067 0.04883181
v 0.02140937 -0.02429067 0.04883181
v 0.02140937 -0.02429067 0.04883181
v 0.02156511 -0.02000135 0.05023427
v 0.02156511 -0.02000135 0.05023427
v 0.02156511 -0.02000135 0.05023427
v 0.02156511 -0.02000135 0.05023427
v 0.02156511 -0.01578472 0.05171439
v 0.02156511 -0.01578472 0.05171439
v 0.02156511 -0.01578472 0.05171439
v 0.02156511 -0.01578472 0.05171439
v 0.02297568 -0.00989574 0.03242073
v 0.02297568 -0.00989574 0.03242073
v 0.02297568 -0.00989574 0.03242073
v 0.02297568 -0.00989574 0.03242073
v 0.02297568 -0.00718465 0.03312718
v 0.02297568 -0.00718465 0.03312718
v 0.02297568 -0.00718465 0.03312718
v 0.02297568 -0.00718465 0.03312718
v 0.02300004 -0.00703680 0.03244546
v 0.02300004 -0.00703680 0.03244546
v 0.02300004 -0.00703680 0.03244546
v 0.02300004 -0.00433344 0.03291574
v 0.02300004 -0.00433344 0.03291574
v 0.02300004 -0.00433344 0.03291574
v 0.02297568 -0.00442449 0.03360733
v 0.02297568 -0.00442449 0.03360733
v 0.02297568 -0.00442449 0.03360733
v 0.02297568 -0.00442449 0.03360733
v 0.02300004 -0.00969210 0.03175355
v 0.02300004 -0.00969210 0.03175355
v 0.02300004 -0.00969210 0.03175355
v 0.02297568 -0.01253922 0.03149281
v 0.02297568 -0.01253922 0.03149281
v 0.02297568 -0.01253922 0.03149281
v 0.02297568 -0.01253922 0.03149281
v 0.02300004 -0.01228118 0.03084473
v 0.02300004 -0.01228118 0.03084473
v 0.02300004 -0.01228118 0.03084473
v 0.02300004 -0.01478638 0.02972521
v 0.02300004 -0.01478638 0.02972521
v 0.02300004 -0.01478638 0.02972521
v 0.02297568 -0.01509705 0.03034976
v 0.02297568 -0.01509705 0.03034976
v 0.02297568 -0.01509705 0.03034976
v 0.02297568 -0.01509705 0.03034976
v 0.02156510 -0.02799685 0.04625703
v 0.02156510 -0.02799685 0.04625703
v 0.02156510 -0.02799685 0.04625703
v 0.02156510 -0.02799685 0.04625703
v 0.02156511 -0.02408135 0.04841100
v 0.02156511 -0.02408135 0.04841100
v 0.02156511 -0.02408135 0.04841100
v 0.02156511 -0.02408135 0.04841100
v 0.02297567 -0.01755176 0.02899940
v 0.02297567 -0.01755176 0.02899940
v 0.02297567 -0.01755176 0.02899940
v 0.02297567 -0.01755176 0.02899940
v 0.02300003 -0.01719056 0.02840263
v 0.02300003 -0.01719056 0.02840263
v 0.02300003 -0.01719056 0.02840263
v 0.02297567 -0.01988656 0.02745094
v 0.02297567 -0.01988656 0.02745094
v 0.02297567 -0.01988656 0.02745094
v 0.02297567 -0.01988656 0.02745094
v 0.02156510 -0.03172110 0.04378708
v 0.02156510 -0.03172110 0.04378708
v 0.02156510 -0.03172110 0.04378708
v 0.02156510 -0.03172110 0.04378708
v 0.02156510 -0.03522867 0.04101801
v 0.02156510 -0.03522867 0.04101801
v 0.02156510 -0.03522867 0.04101801
v 0.02156510 -0.03522867 0.04101801
v 0.02140936 -0.03553489 0.04137456
v 0.02140936 -0.03553489 0.04137456
v 0.02140936 -0.03553489 0.04137456
v 0.02140936 -0.03553489 0.04137456
v 0.02140936 -0.03199683 0.04416769
v 0.02140936 -0.03199683 0.04416769
v 0.02140936 -0.03199683 0.04416769
v 0.02140936 -0.03199683 0.04416769
v 0.02140936 -0.03199683 0.04416769
v 0.02104725 -0.03575490 0.04163072
v 0.02104725 -0.03575490 0.04163072
v 0.02104725 -0.03575490 0.04163072
v 0.02104725 -0.03575490 0.04163072
v 0.02104725 -0.03575490 0.04163072
v 0.02104725 -0.03219494 0.04444115
v 0.02104725 -0.03219494 0.04444115
v 0.02104725 -0.03219494 0.04444115
v 0.02104725 -0.03219494 0.04444115
v 0.02140936 -0.02824021 0.04665911
v 0.02140936 -0.02824021 0.04665911
v 0.02140936 -0.02824021 0.04665911
v 0.02140936 -0.02824021 0.04665911
v 0.02104725 -0.02841505 0.04694800
v 0.02104725 -0.02841505 0.04694800
v 0.02104725 -0.02841505 0.04694800
v 0.02104725 -0.02841505 0.04694800
v 0.02056754 -0.02847852 0.04705286
v 0.02056754 -0.02847852 0.04705286
v 0.02056754 -0.02847852 0.04705286
v 0.02056754 -0.02847852 0.04705286
v 0.02056754 -0.02847852 0.04705286
v 0.02056754 -0.03226685 0.04454042
v 0.02056754 -0.03226685 0.04454042
v 0.02056754 -0.03226685 0.04454042
v 0.02056754 -0.03226685 0.04454042
v 0.02056754 -0.03226685 0.04454042
v 0.01550004 -0.03915789 0.03862200
v 0.01550004 -0.03915789 0.03862200
v 0.01550004 -0.03915789 0.03862200
v 0.01550004 -0.03915789 0.03862200
v 0.01550004 -0.03915789 0.03862200
v 0.01550004 -0.03915789 0.03862200
v 0.01550004 -0.03915789 0.03862200
v 0.01550005 -0.03226685 0.04454042
v 0.01550005 -0.03226685 0.04454042
v 0.01550005 -0.03226685 0.04454042
v 0.01550005 -0.03226685 0.04454042
v 0.01550005 -0.03226685 0.04454042
v 0.02056753 -0.03583476 0.04172371
v 0.02056753 -0.03583476 0.04172371
v 0.02056753 -0.03583476 0.04172371
v 0.02056753 -0.03583476 0.04172371
v 0.02056753 -0.03915789 0.03862199
v 0.02056753 -0.03915789 0.03862199
v 0.02056753 -0.03915789 0.03862199
v 0.02056753 -0.03915789 0.03862199
v 0.02104724 -0.03907062 0.03853592
v 0.02104724 -0.03907062 0.03853592
v 0.02104724 -0.03907062 0.03853592
v 0.02104724 -0.03907062 0.03853592
v 0.02056753 -0.04221352 0.03525645
v 0.02056753 -0.04221352 0.03525645
v 0.02056753 -0.04221352 0.03525645
v 0.02056753 -0.04221352 0.03525645
v 0.02056753 -0.04221352 0.03525645
v 0.02056752 -0.04498080 0.03165006
v 0.02056752 -0.04498080 0.03165006
v 0.02056752 -0.04498080 0.03165006
v 0.02056752 -0.04498080 0.03165006
v 0.02056752 -0.04498080 0.03165006
v 0.01550004 -0.04498080 0.03165007
v 0.01550004 -0.04498080 0.03165007
v 0.01550004 -0.04498080 0.03165007
v 0.01550004 -0.04498080 0.03165007
v 0.01550004 -0.04498080 0.03165007
v 0.02104724 -0.04211944 0.03517787
v 0.02104724 -0.04211944 0.03517787
v 0.02104724 -0.04211944 0.03517787
v 0.02104724 -0.04211944 0.03517787
v 0.02140935 -0.04186027 0.03496141
v 0.02140935 -0.04186027 0.03496141
v 0.02140935 -0.04186027 0.03496141
v 0.02140935 -0.04186027 0.03496141
v 0.02140936 -0.03883021 0.03829879
v 0.02140936 -0.03883021 0.03829879
v 0.02140936 -0.03883021 0.03829879
v 0.02140936 -0.03883021 0.03829879
v 0.02104723 -0.04488055 0.03157952
v 0.02104723 -0.04488055 0.03157952
v 0.02104723 -0.04488055 0.03157952
v 0.02104723 -0.04488055 0.03157952
v 0.02056752 -0.04744081 0.02782748
v 0.02056752 -0.04744081 0.02782748
v 0.02056752 -0.04744081 0.02782748
v 0.02056752 -0.04744081 0.02782748
v 0.02104723 -0.04733508 0.02776546
v 0.02104723 -0.04733508 0.02776546
v 0.02104723 -0.04733508 0.02776546
v 0.02104723 -0.04733508 0.02776546
v 0.02140935 -0.04460439 0.03138521
v 0.02140935 -0.04460439 0.03138521
v 0.02140935 -0.04460439 0.03138521
v 0.02140935 -0.04460439 0.03138521
v 0.02156509 -0.04149954 0.03466013
v 0.02156509 -0.04149954 0.03466013
v 0.02156509 -0.04149954 0.03466013
v 0.02156509 -0.04149954 0.03466013
v 0.02140934 -0.04704382 0.02759461
v 0.02140934 -0.04704382 0.02759461
v 0.02140934 -0.04704382 0.02759461
v 0.02140934 -0.04704382 0.02759461
v 0.02140934 -0.04704382 0.02759461
v 0.02156509 -0.04422001 0.03111475
v 0.02156509 -0.04422001 0.03111475
v 0.02156509 -0.04422001 0.03111475
v 0.02156509 -0.04422001 0.03111475
v 0.02156509 -0.04422001 0.03111475
v 0.02156508 -0.04663842 0.02735681
v 0.02156508 -0.04663842 0.02735681
v 0.02156508 -0.04663842 0.02735681
v 0.02156508 -0.04663842 0.02735681
v 0.02297566 -0.02772237 0.01950641
v 0.02297566 -0.02772237 0.01950641
v 0.02297566 -0.02772237 0.01950641
v 0.02297566 -0.02772237 0.01950641
v 0.02297567 -0.02601685 0.02172909
v 0.02297567 -0.02601685 0.02172909
v 0.02297567 -0.02601685 0.02172909
v 0.02297567 -0.02601685 0.02172909
v 0.02300002 -0.02548146 0.02128193
v 0.02300002 -0.02548146 0.02128193
v 0.02300002 -0.02548146 0.02128193
v 0.02300003 -0.02363697 0.02331348
v 0.02300003 -0.02363697 0.02331348
v 0.02300003 -0.02363697 0.02331348
v 0.02297567 -0.02413362 0.02380332
v 0.02297567 -0.02413362 0.02380332
v 0.02297567 -0.02413362 0.02380332
v 0.02297567 -0.02413362 0.02380332
v 0.02156509 -0.03849559 0.03796876
v 0.02156509 -0.03849559 0.03796876
v 0.02156509 -0.03849559 0.03796876
v 0.02156509 -0.03849559 0.03796876
v 0.02297567 -0.02208552 0.02571496
v 0.02297567 -0.02208552 0.02571496
v 0.02297567 -0.02208552 0.02571496
v 0.02297567 -0.02208552 0.02571496
v 0.02300003 -0.02163103 0.02518578
v 0.02300003 -0.02163103 0.02518578
v 0.02300003 -0.02163103 0.02518578
v 0.02300003 -0.01947732 0.02688603
v 0.02300003 -0.01947732 0.02688603
v 0.02300003 -0.01947732 0.02688603
v 0.02300002 -0.02715188 0.01910500
v 0.02300002 -0.02715188 0.01910500
v 0.02300002 -0.02715188 0.01910500
v 0.02300002 -0.02863682 0.01679756
v 0.02300002 -0.02863682 0.01679756
v 0.02300002 -0.02863682 0.01679756
v 0.02297566 -0.02923851 0.01715050
v 0.02297566 -0.02923851 0.01715050
v 0.02297566 -0.02923851 0.01715050
v 0.02297566 -0.02923851 0.01715050
v 0.02297566 -0.03055493 0.01467742
v 0.02297566 -0.03055493 0.01467742
v 0.02297566 -0.03055493 0.01467742
v 0.02297566 -0.03055493 0.01467742
v 0.02156508 -0.04873823 0.02341201
v 0.02156508 -0.04873823 0.02341201
v 0.02156508 -0.04873823 0.02341201
v 0.02156508 -0.04873823 0.02341201
v 0.02156507 -0.05050512 0.01930727
v 0.02156507 -0.05050512 0.01930727
v 0.02156507 -0.05050512 0.01930727
v 0.02156507 -0.05050512 0.01930727
v 0.02140933 -0.05094413 0.01947510
v 0.02140933 -0.05094413 0.01947510
v 0.02140933 -0.05094413 0.01947510
v 0.02140933 -0.05094413 0.01947510
v 0.02140934 -0.04916188 0.02361551
v 0.02140934 -0.04916188 0.02361551
v 0.02140934 -0.04916188 0.02361551
v 0.02140934 -0.04916188 0.02361551
v 0.02104722 -0.05125954 0.01959568
v 0.02104722 -0.05125954 0.01959568
v 0.02104722 -0.05125954 0.01959568
v 0.02104722 -0.05125954 0.01959568
v 0.02104723 -0.04946626 0.02376173
v 0.02104723 -0.04946626 0.02376173
v 0.02104723 -0.04946626 0.02376173
v 0.02104723 -0.04946626 0.02376173
v 0.02056751 -0.04957675 0.02381480
v 0.02056751 -0.04957675 0.02381480
v 0.02056751 -0.04957675 0.02381480
v 0.02056751 -0.04957675 0.02381480
v 0.02056751 -0.05137403 0.01963944
v 0.02056751 -0.05137403 0.01963944
v 0.02056751 -0.05137403 0.01963944
v 0.02056751 -0.05137403 0.01963944
v 0.02056751 -0.05137403 0.01963944
v 0.01550003 -0.04957675 0.02381481
v 0.01550003 -0.04957675 0.02381481
v 0.01550003 -0.04957675 0.02381481
v 0.01550003 -0.04957675 0.02381481
v 0.01550003 -0.04957675 0.02381481
v 0.01550003 -0.04957675 0.02381481
v 0.01550003 -0.04957675 0.02381481
v 0.02056750 -0.05282038 0.01532993
v 0.02056750 -0.05282038 0.01532993
v 0.02056750 -0.05282038 0.01532993
v 0.02056750 -0.05282038 0.01532993
v 0.01550002 -0.05282038 0.01532994
v 0.01550002 -0.05282038 0.01532994
v 0.01550002 -0.05282038 0.01532994
v 0.01550002 -0.05282038 0.01532994
v 0.01550002 -0.05282038 0.01532994
v 0.01550002 -0.05282038 0.01532994
v 0.01550001 -0.05462321 0.00642691
v 0.01550001 -0.05462321 0.00642691
v 0.01550001 -0.05462321 0.00642691
v 0.01550001 -0.05462321 0.00642691
v 0.01550001 -0.05462321 0.00642691
v 0.01550001 -0.05462321 0.00642691
v 0.02056750 -0.05390591 0.01091570
v 0.02056750 -0.05390591 0.01091570
v 0.02056750 -0.05390591 0.01091570
v 0.02056750 -0.05390591 0.01091570
v 0.02056750 -0.05390591 0.01091570
v 0.02056749 -0.05462321 0.00642690
v 0.02056749 -0.05462321 0.00642690
v 0.02056749 -0.05462321 0.00642690
v 0.02056749 -0.05462321 0.00642690
v 0.02104721 -0.05378577 0.01089137
v 0.02104721 -0.05378577 0.01089137
v 0.02104721 -0.05378577 0.01089137
v 0.02104721 -0.05378577 0.01089137
v 0.02104722 -0.05270267 0.01529577
v 0.02104722 -0.05270267 0.01529577
v 0.02104722 -0.05270267 0.01529577
v 0.02104722 -0.05270267 0.01529577
v 0.02140933 -0.05237837 0.01520165
v 0.02140933 -0.05237837 0.01520165
v 0.02140933 -0.05237837 0.01520165
v 0.02140933 -0.05237837 0.01520165
v 0.02140932 -0.05345481 0.01082435
v 0.02140932 -0.05345481 0.01082435
v 0.02140932 -0.05345481 0.01082435
v 0.02140932 -0.05345481 0.01082435
v 0.02140932 -0.05345481 0.01082435
v 0.02156507 -0.05192700 0.01507065
v 0.02156507 -0.05192700 0.01507065
v 0.02156507 -0.05192700 0.01507065
v 0.02156507 -0.05192700 0.01507065
v 0.02156506 -0.05299417 0.01073107
v 0.02156506 -0.05299417 0.01073107
v 0.02156506 -0.05299417 0.01073107
v 0.02156506 -0.05299417 0.01073107
v 0.02297565 -0.03255402 0.00944806
v 0.02297565 -0.03255402 0.00944806
v 0.02297565 -0.03255402 0.00944806
v 0.02297565 -0.03255402 0.00944806
v 0.02297566 -0.03166262 0.01210408
v 0.02297566 -0.03166262 0.01210408
v 0.02297566 -0.03166262 0.01210408
v 0.02297566 -0.03166262 0.01210408
v 0.02140932 -0.05416611 0.00637312
v 0.02140932 -0.05416611 0.00637312
v 0.02140932 -0.05416611 0.00637312
v 0.02140932 -0.05416611 0.00637312
v 0.02104720 -0.05484487 0.00188998
v 0.02104720 -0.05484487 0.00188998
v 0.02104720 -0.05484487 0.00188998
v 0.02104720 -0.05484487 0.00188998
v 0.02104720 -0.05450147 0.00641258
v 0.02104720 -0.05450147 0.00641258
v 0.02104720 -0.05450147 0.00641258
v 0.02104720 -0.05450147 0.00641258
v 0.02104720 -0.05450147 0.00641258
v 0.02140931 -0.05450740 0.00187835
v 0.02140931 -0.05450740 0.00187835
v 0.02140931 -0.05450740 0.00187835
v 0.02140931 -0.05450740 0.00187835
v 0.02140931 -0.05447634 -0.00262925
v 0.02140931 -0.05447634 -0.00262925
v 0.02140931 -0.05447634 -0.00262925
v 0.02140931 -0.05447634 -0.00262925
v 0.02104720 -0.05481362 -0.00264553
v 0.02104720 -0.05481362 -0.00264553
v 0.02104720 -0.05481362 -0.00264553
v 0.02104720 -0.05481362 -0.00264553
v 0.02056748 -0.05452947 -0.00717896
v 0.02056748 -0.05452947 -0.00717896
v 0.02056748 -0.05452947 -0.00717896
v 0.02056748 -0.05452947 -0.00717896
v 0.02056748 -0.05452947 -0.00717896
v 0.02056748 -0.05493606 -0.00265144
v 0.02056748 -0.05493606 -0.00265144
v 0.02056748 -0.05493606 -0.00265144
v 0.02056748 -0.05493606 -0.00265144
v 0.02104719 -0.05440794 -0.00716297
v 0.02104719 -0.05440794 -0.00716297
v 0.02104719 -0.05440794 -0.00716297
v 0.02104719 -0.05440794 -0.00716297
v 0.02056747 -0.05375039 -0.01165745
v 0.02056747 -0.05375039 -0.01165745
v 0.02056747 -0.05375039 -0.01165745
v 0.02056747 -0.05375039 -0.01165745
v 0.02104718 -0.05363060 -0.01163147
v 0.02104718 -0.05363060 -0.01163147
v 0.02104718 -0.05363060 -0.01163147
v 0.02104718 -0.05363060 -0.01163147
v 0.02140930 -0.05407315 -0.00711889
v 0.02140930 -0.05407315 -0.00711889
v 0.02140930 -0.05407315 -0.00711889
v 0.02140930 -0.05407315 -0.00711889
v 0.02140930 -0.05330060 -0.01155990
v 0.02140930 -0.05330060 -0.01155990
v 0.02140930 -0.05330060 -0.01155990
v 0.02140930 -0.05330060 -0.01155990
v 0.02140929 -0.05216394 -0.01592195
v 0.02140929 -0.05216394 -0.01592195
v 0.02140929 -0.05216394 -0.01592195
v 0.02140929 -0.05216394 -0.01592195
v 0.02140929 -0.05216394 -0.01592195
v 0.02104718 -0.05248690 -0.01602053
v 0.02104718 -0.05248690 -0.01602053
v 0.02104718 -0.05248690 -0.01602053
v 0.02104718 -0.05248690 -0.01602053
v 0.02104717 -0.05098468 -0.02030014
v 0.02104717 -0.05098468 -0.02030014
v 0.02104717 -0.05098468 -0.02030014
v 0.02104717 -0.05098468 -0.02030014
v 0.02104717 -0.05098468 -0.02030014
v 0.02056747 -0.05260414 -0.01605631
v 0.02056747 -0.05260414 -0.01605631
v 0.02056747 -0.05260414 -0.01605631
v 0.02056747 -0.05260414 -0.01605631
v 0.02056747 -0.05260414 -0.01605631
v 0.02056746 -0.05109856 -0.02034548
v 0.02056746 -0.05109856 -0.02034548
v 0.02056746 -0.05109856 -0.02034548
v 0.02056746 -0.05109856 -0.02034548
v 0.02056746 -0.04924391 -0.02449568
v 0.02056746 -0.04924391 -0.02449568
v 0.02056746 -0.04924391 -0.02449568
v 0.02056746 -0.04924391 -0.02449568
v 0.02056746 -0.04924391 -0.02449568
v 0.01549998 -0.05109856 -0.02034548
v 0.01549998 -0.05109856 -0.02034548
v 0.01549998 -0.05109856 -0.02034548
v 0.01549998 -0.05109856 -0.02034548
v 0.01549998 -0.05109856 -0.02034548
v 0.01549998 -0.05109856 -0.02034548
v 0.01549997 -0.04705289 -0.02847854
v 0.01549997 -0.04705289 -0.02847854
v 0.01549997 -0.04705289 -0.02847854
v 0.01549997 -0.04705289 -0.02847854
v 0.01549997 -0.04705289 -0.02847854
v 0.01549999 -0.05375039 -0.01165745
v 0.01549999 -0.05375039 -0.01165745
v 0.01549999 -0.05375039 -0.01165745
v 0.01549999 -0.05375039 -0.01165745
v 0.01549999 -0.05375039 -0.01165745
v 0.01549999 -0.05375039 -0.01165745
v 0.01499997 -0.04748064 -0.02873743
v 0.01499997 -0.04748064 -0.02873743
v 0.01499997 -0.04748064 -0.02873743
v 0.01499998 -0.05156309 -0.02053044
v 0.01499998 -0.05156309 -0.02053044
v 0.01499998 -0.05156309 -0.02053044
v 0.01499997 -0.04976135 -0.02675928
v 0.01499997 -0.04976135 -0.02675928
v 0.01499997 -0.04976135 -0.02675928
v 0.01499997 -0.04976135 -0.02675928
v 0.01499997 -0.04976135 -0.02675928
v 0.01499998 -0.05340944 -0.01843048
v 0.01499998 -0.05340944 -0.01843048
v 0.01499998 -0.05340944 -0.01843048
v 0.01499998 -0.05340944 -0.01843048
v 0.01499998 -0.05340944 -0.01843048
v 0.01499999 -0.05423903 -0.01176342
v 0.01499999 -0.05423903 -0.01176342
v 0.01499999 -0.05423903 -0.01176342
v 0.01500000 -0.05543547 -0.00267553
v 0.01500000 -0.05543547 -0.00267553
v 0.01500000 -0.05543547 -0.00267553
v 0.01550000 -0.05493606 -0.00265143
v 0.01550000 -0.05493606 -0.00265143
v 0.01550000 -0.05493606 -0.00265143
v 0.01550000 -0.05493606 -0.00265143
v 0.01550000 -0.05493606 -0.00265143
v 0.01550000 -0.05493606 -0.00265143
v 0.02056749 -0.05496737 0.00189420
v 0.02056749 -0.05496737 0.00189420
v 0.02056749 -0.05496737 0.00189420
v 0.02056749 -0.05496737 0.00189420
v 0.02056749 -0.05496737 0.00189420
v 0.01549997 -0.05221121 -0.02286899
v 0.01549997 -0.05221121 -0.02286899
v 0.01549997 -0.05221121 -0.02286899
v 0.01549997 -0.05221121 -0.02286899
v 0.01549997 -0.05221121 -0.02286899
v 0.01549997 -0.05020171 -0.02699609
v 0.01549997 -0.05020171 -0.02699609
v 0.01549997 -0.05020171 -0.02699609
v 0.01549997 -0.05020171 -0.02699609
v 0.01549997 -0.05020171 -0.02699609
v 0.02120937 -0.04786664 -0.03094812
v 0.02120937 -0.04786664 -0.03094812
v 0.02120937 -0.04786664 -0.03094812
v 0.02120937 -0.04786664 -0.03094812
v 0.02120937 -0.04786664 -0.03094812
v 0.02120937 -0.04786664 -0.03094812
v 0.02120937 -0.04786664 -0.03094812
v 0.02120937 -0.04786664 -0.03094812
v 0.01549996 -0.04786664 -0.03094811
v 0.01549996 -0.04786664 -0.03094811
v 0.01549996 -0.04786664 -0.03094811
v 0.01549996 -0.04786664 -0.03094811
v 0.01549996 -0.04786664 -0.03094811
v 0.01499996 -0.04482447 -0.03439504
v 0.01499996 -0.04482447 -0.03439504
v 0.01499996 -0.04482447 -0.03439504
v 0.01499996 -0.04482447 -0.03439504
v 0.01499996 -0.04482447 -0.03439504
v 0.01549996 -0.04522114 -0.03469942
v 0.01549996 -0.04522114 -0.03469942
v 0.01549996 -0.04522114 -0.03469942
v 0.01549996 -0.04522114 -0.03469942
v 0.01549996 -0.04522114 -0.03469942
v 0.02120937 -0.04228236 -0.03822570
v 0.02120937 -0.04228236 -0.03822570
v 0.02120937 -0.04228236 -0.03822570
v 0.02120937 -0.04228236 -0.03822570
v 0.02120937 -0.04228236 -0.03822570
v 0.02120937 -0.04228236 -0.03822570
v 0.02120937 -0.04228236 -0.03822570
v 0.02120937 -0.04228236 -0.03822570
v 0.01549996 -0.04228236 -0.03822569
v 0.01549996 -0.04228236 -0.03822569
v 0.01549996 -0.04228236 -0.03822569
v 0.01549996 -0.04228236 -0.03822569
v 0.01549996 -0.04228236 -0.03822569
v 0.01499995 -0.03872665 -0.04113998
v 0.01499995 -0.03872665 -0.04113998
v 0.01499995 -0.03872665 -0.04113998
v 0.01499995 -0.03872665 -0.04113998
v 0.01499995 -0.03872665 -0.04113998
v 0.01549995 -0.03906936 -0.04150405
v 0.01549995 -0.03906936 -0.04150405
v 0.01549995 -0.03906936 -0.04150405
v 0.01549995 -0.03906936 -0.04150405
v 0.01549995 -0.03906936 -0.04150405
v 0.02120936 -0.03560299 -0.04451325
v 0.02120936 -0.03560299 -0.04451325
v 0.02120936 -0.03560299 -0.04451325
v 0.02120936 -0.03560299 -0.04451325
v 0.02120936 -0.03560299 -0.04451325
v 0.02120936 -0.03560299 -0.04451325
v 0.02120936 -0.03560299 -0.04451325
v 0.02120936 -0.03560299 -0.04451325
v 0.01549995 -0.03560299 -0.04451324
v 0.01549995 -0.03560299 -0.04451324
v 0.01549995 -0.03560299 -0.04451324
v 0.01549995 -0.03560299 -0.04451324
v 0.01549995 -0.03560299 -0.04451324
v 0.01549994 -0.03190571 -0.04723375
v 0.01549994 -0.03190571 -0.04723375
v 0.01549994 -0.03190571 -0.04723375
v 0.01549994 -0.03190571 -0.04723375
v 0.01549994 -0.03190571 -0.04723375
v 0.01499995 -0.03162583 -0.04681942
v 0.01499995 -0.03162583 -0.04681942
v 0.01499995 -0.03162583 -0.04681942
v 0.01499995 -0.03162583 -0.04681942
v 0.01499995 -0.03162583 -0.04681942
v 0.01499994 -0.02370593 -0.05128627
v 0.01499994 -0.02370593 -0.05128627
v 0.01499994 -0.02370593 -0.05128627
v 0.01499994 -0.02370593 -0.05128627
v 0.01499994 -0.02370593 -0.05128627
v 0.01499994 -0.02808048 -0.04787211
v 0.01499994 -0.02808048 -0.04787211
v 0.01499994 -0.02808048 -0.04787211
v 0.01499995 -0.03557698 -0.04259730
v 0.01499995 -0.03557698 -0.04259730
v 0.01499995 -0.03557698 -0.04259730
v 0.01549994 -0.02800151 -0.04964793
v 0.01549994 -0.02800151 -0.04964793
v 0.01549994 -0.02800151 -0.04964793
v 0.01549994 -0.02800151 -0.04964793
v 0.01549994 -0.02800151 -0.04964793
v 0.01549994 -0.02391572 -0.05174012
v 0.01549994 -0.02391572 -0.05174012
v 0.01549994 -0.02391572 -0.05174012
v 0.01549994 -0.02391572 -0.05174012
v 0.01549994 -0.02391572 -0.05174012
v 0.02120935 -0.02800151 -0.04964794
v 0.02120935 -0.02800151 -0.04964794
v 0.02120935 -0.02800151 -0.04964794
v 0.02120935 -0.02800151 -0.04964794
v 0.02120935 -0.02800151 -0.04964794
v 0.02120935 -0.02800151 -0.04964794
v 0.02120935 -0.02800151 -0.04964794
v 0.02120935 -0.02800151 -0.04964794
v 0.02350449 -0.02782996 -0.04744504
v 0.02350449 -0.02782996 -0.04744504
v 0.02350449 -0.02782996 -0.04744504
v 0.02350449 -0.02782996 -0.04744504
v 0.02350449 -0.02782996 -0.04744504
v 0.02350449 -0.02782996 -0.04744504
v 0.02350449 -0.02702140 -0.04791015
v 0.02350449 -0.02702140 -0.04791015
v 0.02350449 -0.02702140 -0.04791015
v 0.02350449 -0.02702140 -0.04791015
v 0.02350449 -0.02702140 -0.04791015
v 0.02350448 -0.01964121 -0.05137861
v 0.02350448 -0.01964121 -0.05137861
v 0.02350448 -0.01964121 -0.05137861
v 0.02350448 -0.01964121 -0.05137861
v 0.02350448 -0.01964121 -0.05137861
v 0.02350448 -0.01964121 -0.05137861
v 0.02120935 -0.01967482 -0.05349677
v 0.02120935 -0.01967482 -0.05349677
v 0.02120935 -0.01967482 -0.05349677
v 0.02120935 -0.01967482 -0.05349677
v 0.02120935 -0.01967482 -0.05349677
v 0.02120935 -0.01967482 -0.05349677
v 0.02120935 -0.01967482 -0.05349677
v 0.02120935 -0.01967482 -0.05349677
v 0.02350448 -0.01898615 -0.05162427
v 0.02350448 -0.01898615 -0.05162427
v 0.02350448 -0.01898615 -0.05162427
v 0.02350448 -0.01898615 -0.05162427
v 0.02350448 -0.01898615 -0.05162427
v 0.01549994 -0.01967482 -0.05349676
v 0.01549994 -0.01967482 -0.05349676
v 0.01549994 -0.01967482 -0.05349676
v 0.01549994 -0.01967482 -0.05349676
v 0.01549994 -0.01967482 -0.05349676
v 0.01549994 -0.01530632 -0.05490645
v 0.01549994 -0.01530632 -0.05490645
v 0.01549994 -0.01530632 -0.05490645
v 0.01549994 -0.01530632 -0.05490645
v 0.01549994 -0.01530632 -0.05490645
v 0.02120935 -0.01083855 -0.05596006
v 0.02120935 -0.01083855 -0.05596006
v 0.02120935 -0.01083855 -0.05596006
v 0.02120935 -0.01083855 -0.05596006
v 0.02120935 -0.01083855 -0.05596006
v 0.02120935 -0.01083855 -0.05596006
v 0.02120935 -0.01083855 -0.05596006
v 0.02350448 -0.01091669 -0.05391071
v 0.02350448 -0.01091669 -0.05391071
v 0.02350448 -0.01091669 -0.05391071
v 0.02350448 -0.01091669 -0.05391071
v 0.02350448 -0.01091669 -0.05391071
v 0.02350448 -0.01091669 -0.05391071
v 0.02497073 -0.00675522 -0.03335982
v 0.02497073 -0.00675522 -0.03335982
v 0.02497073 -0.00675522 -0.03335982
v 0.02497073 -0.00675522 -0.03335982
v 0.02497073 -0.00675522 -0.03335982
v 0.02350448 -0.01045918 -0.05400134
v 0.02350448 -0.01045918 -0.05400134
v 0.02350448 -0.01045918 -0.05400134
v 0.02350448 -0.01045918 -0.05400134
v 0.02350448 -0.01045918 -0.05400134
v 0.02499996 -0.00925366 -0.03188413
v 0.02499996 -0.00925366 -0.03188413
v 0.02499996 -0.00925366 -0.03188413
v 0.02497073 -0.00948698 -0.03268804
v 0.02497073 -0.00948698 -0.03268804
v 0.02497073 -0.00948698 -0.03268804
v 0.02497073 -0.00948698 -0.03268804
v 0.02497073 -0.00948698 -0.03268804
v 0.02497073 -0.01215393 -0.03179296
v 0.02497073 -0.01215393 -0.03179296
v 0.02497073 -0.01215393 -0.03179296
v 0.02497073 -0.01215393 -0.03179296
v 0.02497073 -0.01215393 -0.03179296
v 0.02499996 -0.01185502 -0.03101107
v 0.02499996 -0.01185502 -0.03101107
v 0.02499996 -0.01185502 -0.03101107
v 0.02499996 -0.01437540 -0.02992617
v 0.02499996 -0.01437540 -0.02992617
v 0.02499996 -0.01437540 -0.02992617
v 0.02497073 -0.01473786 -0.03068071
v 0.02497073 -0.01473786 -0.03068071
v 0.02497073 -0.01473786 -0.03068071
v 0.02497073 -0.01473786 -0.03068071
v 0.02497073 -0.01473786 -0.03068071
v 0.02499997 -0.01679759 -0.02863685
v 0.02499997 -0.01679759 -0.02863685
v 0.02499997 -0.01679759 -0.02863685
v 0.02497073 -0.01722111 -0.02935888
v 0.02497073 -0.01722111 -0.02935888
v 0.02497073 -0.01722111 -0.02935888
v 0.02497073 -0.01722111 -0.02935888
v 0.02497073 -0.01722111 -0.02935888
v 0.02499997 -0.01910502 -0.02715190
v 0.02499997 -0.01910502 -0.02715190
v 0.02499997 -0.01910502 -0.02715190
v 0.02499997 -0.02128195 -0.02548149
v 0.02499997 -0.02128195 -0.02548149
v 0.02499997 -0.02128195 -0.02548149
v 0.02497074 -0.01958673 -0.02783649
v 0.02497074 -0.01958673 -0.02783649
v 0.02497074 -0.01958673 -0.02783649
v 0.02497074 -0.01958673 -0.02783649
v 0.02497074 -0.01958673 -0.02783649
v 0.02497074 -0.02181854 -0.02612396
v 0.02497074 -0.02181854 -0.02612396
v 0.02497074 -0.02181854 -0.02612396
v 0.02497074 -0.02181854 -0.02612396
v 0.02497074 -0.02181854 -0.02612396
v 0.02350449 -0.03525959 -0.04221729
v 0.02350449 -0.03525959 -0.04221729
v 0.02350449 -0.03525959 -0.04221729
v 0.02350449 -0.03525959 -0.04221729
v 0.02350449 -0.03525959 -0.04221729
v 0.02350449 -0.03525959 -0.04221729
v 0.02350449 -0.03435680 -0.04295519
v 0.02350449 -0.03435680 -0.04295519
v 0.02350449 -0.03435680 -0.04295519
v 0.02350449 -0.03435680 -0.04295519
v 0.02350449 -0.03435680 -0.04295519
v 0.02350450 -0.04080238 -0.03688772
v 0.02350450 -0.04080238 -0.03688772
v 0.02350450 -0.04080238 -0.03688772
v 0.02350450 -0.04080238 -0.03688772
v 0.02350450 -0.04080238 -0.03688772
v 0.02350450 -0.04172743 -0.03583796
v 0.02350450 -0.04172743 -0.03583796
v 0.02350450 -0.04172743 -0.03583796
v 0.02350450 -0.04172743 -0.03583796
v 0.02350450 -0.04172743 -0.03583796
v 0.02350450 -0.04172743 -0.03583796
v 0.02497074 -0.02390132 -0.02423297
v 0.02497074 -0.02390132 -0.02423297
v 0.02497074 -0.02390132 -0.02423297
v 0.02497074 -0.02390132 -0.02423297
v 0.02497074 -0.02390132 -0.02423297
v 0.02497074 -0.02582083 -0.02217645
v 0.02497074 -0.02582083 -0.02217645
v 0.02497074 -0.02582083 -0.02217645
v 0.02497074 -0.02582083 -0.02217645
v 0.02497074 -0.02582083 -0.02217645
v 0.02499997 -0.02331351 -0.02363700
v 0.02499997 -0.02331351 -0.02363700
v 0.02499997 -0.02331351 -0.02363700
v 0.02499997 -0.02518581 -0.02163106
v 0.02499997 -0.02518581 -0.02163106
v 0.02499997 -0.02518581 -0.02163106
v 0.02499998 -0.02688606 -0.01947735
v 0.02499998 -0.02688606 -0.01947735
v 0.02499998 -0.02688606 -0.01947735
v 0.02499999 -0.02661224 -0.00663035
v 0.02499999 -0.02661224 -0.00663035
v 0.02499999 -0.02661224 -0.00663035
v 0.02499998 -0.02972523 -0.01478641
v 0.02499998 -0.02972523 -0.01478641
v 0.02499998 -0.02972523 -0.01478641
v 0.02499998 -0.02840266 -0.01719059
v 0.02499998 -0.02840266 -0.01719059
v 0.02499998 -0.02840266 -0.01719059
v 0.02350000 -0.02604285 -0.00482623
v 0.02350000 -0.02604285 -0.00482623
v 0.02350000 -0.02604285 -0.00482623
v 0.02350000 -0.02604285 -0.00482623
v 0.02350000 -0.02553866 -0.00416916
v 0.02350000 -0.02553866 -0.00416916
v 0.02350000 -0.02553866 -0.00416916
v 0.02350000 -0.02553866 -0.00416916
v 0.02497075 -0.02911878 -0.01762402
v 0.02497075 -0.02911878 -0.01762402
v 0.02497075 -0.02911878 -0.01762402
v 0.02497075 -0.02911878 -0.01762402
v 0.02497075 -0.02911878 -0.01762402
v 0.02497075 -0.02756395 -0.01996844
v 0.02497075 -0.02756395 -0.01996844
v 0.02497075 -0.02756395 -0.01996844
v 0.02497075 -0.02756395 -0.01996844
v 0.02497075 -0.02756395 -0.01996844
v 0.02350451 -0.04705705 -0.02848107
v 0.02350451 -0.04705705 -0.02848107
v 0.02350451 -0.04705705 -0.02848107
v 0.02350451 -0.04705705 -0.02848107
v 0.02350451 -0.04705705 -0.02848107
v 0.02350451 -0.04705705 -0.02848107
v 0.02350451 -0.04619120 -0.02986487
v 0.02350451 -0.04619120 -0.02986487
v 0.02350451 -0.04619120 -0.02986487
v 0.02350451 -0.04619120 -0.02986487
v 0.02350451 -0.04619120 -0.02986487
v 0.02350452 -0.05038370 -0.02206853
v 0.02350452 -0.05038370 -0.02206853
v 0.02350452 -0.05038370 -0.02206853
v 0.02350452 -0.05038370 -0.02206853
v 0.02350452 -0.05038370 -0.02206853
v 0.02497075 -0.03047470 -0.01515922
v 0.02497075 -0.03047470 -0.01515922
v 0.02497075 -0.03047470 -0.01515922
v 0.02497075 -0.03047470 -0.01515922
v 0.02497075 -0.03047470 -0.01515922
v 0.01549994 -0.01083855 -0.05596006
v 0.01549994 -0.01083855 -0.05596006
v 0.01549994 -0.01083855 -0.05596006
v 0.01549994 -0.01083855 -0.05596006
v 0.01549994 -0.01083855 -0.05596006
v 0.01549994 -0.01083855 -0.05596006
v 0.02120934 -0.00172157 -0.05697402
v 0.02120934 -0.00172157 -0.05697402
v 0.02120934 -0.00172157 -0.05697402
v 0.02120934 -0.00172157 -0.05697402
v 0.02120934 -0.00172157 -0.05697402
v 0.02120934 -0.00172157 -0.05697402
v 0.02120934 -0.00172157 -0.05697402
v 0.02120934 0.00743999 -0.05651238
v 0.02120934 0.00743999 -0.05651238
v 0.02120934 0.00743999 -0.05651238
v 0.02120934 0.00743999 -0.05651238
v 0.02120934 0.00743999 -0.05651238
v 0.02120934 0.00743999 -0.05651238
v 0.01549993 -0.00630049 -0.05665074
v 0.01549993 -0.00630049 -0.05665074
v 0.01549993 -0.00630049 -0.05665074
v 0.01549993 -0.00630049 -0.05665074
v 0.01549993 -0.00172157 -0.05697401
v 0.01549993 -0.00172157 -0.05697401
v 0.01549993 -0.00172157 -0.05697401
v 0.01549993 -0.00172157 -0.05697401
v 0.01549993 -0.00172157 -0.05697401
v 0.01549993 -0.00172157 -0.05697401
v 0.01499993 -0.00624522 -0.05615380
v 0.01499993 -0.00624522 -0.05615380
v 0.01499993 -0.00624522 -0.05615380
v 0.01499993 -0.00624522 -0.05615380
v 0.01499993 -0.00624522 -0.05615380
v 0.01549993 0.00286851 -0.05692779
v 0.01549993 0.00286851 -0.05692779
v 0.01549993 0.00286851 -0.05692779
v 0.01549993 0.00286851 -0.05692779
v 0.01499993 0.00284335 -0.05642843
v 0.01499993 0.00284335 -0.05642843
v 0.01499993 0.00284335 -0.05642843
v 0.01499993 0.00284335 -0.05642843
v 0.01499993 0.00284335 -0.05642843
v 0.01499994 0.01185828 -0.05524159
v 0.01499994 0.01185828 -0.05524159
v 0.01499994 0.01185828 -0.05524159
v 0.01499994 0.01185828 -0.05524159
v 0.01499994 0.01185828 -0.05524159
v 0.01499994 0.00724420 -0.05502521
v 0.01499994 0.00724420 -0.05502521
v 0.01499994 0.00724420 -0.05502521
v 0.01499994 -0.00191145 -0.05546709
v 0.01499994 -0.00191145 -0.05546709
v 0.01499994 -0.00191145 -0.05546709
v 0.01549993 0.00743999 -0.05651237
v 0.01549993 0.00743999 -0.05651237
v 0.01549993 0.00743999 -0.05651237
v 0.01549993 0.00743999 -0.05651237
v 0.01549993 0.00743999 -0.05651237
v 0.01549993 0.00743999 -0.05651237
v 0.02120935 0.01640887 -0.05458710
v 0.02120935 0.01640887 -0.05458710
v 0.02120935 0.01640887 -0.05458710
v 0.02120935 0.01640887 -0.05458710
v 0.02120935 0.01640887 -0.05458710
v 0.02120935 0.01640887 -0.05458710
v 0.02120935 0.01640887 -0.05458710
v 0.02120935 0.01640887 -0.05458710
v 0.02120935 0.01640887 -0.05458710
v 0.01549994 0.01196322 -0.05573045
v 0.01549994 0.01196322 -0.05573045
v 0.01549994 0.01196322 -0.05573045
v 0.01549994 0.01196322 -0.05573045
v 0.01549994 0.01640887 -0.05458710
v 0.01549994 0.01640887 -0.05458710
v 0.01549994 0.01640887 -0.05458710
v 0.01549994 0.01640887 -0.05458710
v 0.01549994 0.01640887 -0.05458710
v 0.01549994 0.02074809 -0.05308972
v 0.01549994 0.02074809 -0.05308972
v 0.01549994 0.02074809 -0.05308972
v 0.01549994 0.02074809 -0.05308972
v 0.01549994 0.02074809 -0.05308972
v 0.01499994 0.02056609 -0.05262402
v 0.01499994 0.02056609 -0.05262402
v 0.01499994 0.02056609 -0.05262402
v 0.01499994 0.02056609 -0.05262402
v 0.01499994 0.02056609 -0.05262402
v 0.01499994 0.02874125 -0.04864352
v 0.01499994 0.02874125 -0.04864352
v 0.01499994 0.02874125 -0.04864352
v 0.01499994 0.02874125 -0.04864352
v 0.01499994 0.02874125 -0.04864352
v 0.01499994 0.02471834 -0.04969160
v 0.01499994 0.02471834 -0.04969160
v 0.01499994 0.02471834 -0.04969160
v 0.01499994 0.01620225 -0.05308238
v 0.01499994 0.01620225 -0.05308238
v 0.01499994 0.01620225 -0.05308238
v 0.01549994 0.02495276 -0.05124804
v 0.01549994 0.02495276 -0.05124804
v 0.01549994 0.02495276 -0.05124804
v 0.01549994 0.02495276 -0.05124804
v 0.01549994 0.02495276 -0.05124804
v 0.01549994 0.02495276 -0.05124804
v 0.02120935 0.02495276 -0.05124805
v 0.02120935 0.02495276 -0.05124805
v 0.02120935 0.02495276 -0.05124805
v 0.02120935 0.02495276 -0.05124805
v 0.02120935 0.02495276 -0.05124805
v 0.02120935 0.02495276 -0.05124805
v 0.02120935 0.02495276 -0.05124805
v 0.02120936 0.03285039 -0.04658169
v 0.02120936 0.03285039 -0.04658169
v 0.02120936 0.03285039 -0.04658169
v 0.02120936 0.03285039 -0.04658169
v 0.02120936 0.03285039 -0.04658169
v 0.02120936 0.03285039 -0.04658169
v 0.02120936 0.03285039 -0.04658169
v 0.02120936 0.03285039 -0.04658169
v 0.01549994 0.02899560 -0.04907400
v 0.01549994 0.02899560 -0.04907400
v 0.01549994 0.02899560 -0.04907400
v 0.01549994 0.02899560 -0.04907400
v 0.01549995 0.03285039 -0.04658169
v 0.01549995 0.03285039 -0.04658169
v 0.01549995 0.03285039 -0.04658169
v 0.01549995 0.03285039 -0.04658169
v 0.01549995 0.03285039 -0.04658169
v 0.01549995 0.03285039 -0.04658169
v 0.02120936 0.03989721 -0.04070890
v 0.02120936 0.03989721 -0.04070890
v 0.02120936 0.03989721 -0.04070890
v 0.02120936 0.03989721 -0.04070890
v 0.02120936 0.03989721 -0.04070890
v 0.02120936 0.03989721 -0.04070890
v 0.02120936 0.03989721 -0.04070890
v 0.02120936 0.03989721 -0.04070890
v 0.01549995 0.03649213 -0.04378728
v 0.01549995 0.03649213 -0.04378728
v 0.01549995 0.03649213 -0.04378728
v 0.01549995 0.03649213 -0.04378728
v 0.01499995 0.03617202 -0.04340318
v 0.01499995 0.03617202 -0.04340318
v 0.01499995 0.03617202 -0.04340318
v 0.01499995 0.03617202 -0.04340318
v 0.01499995 0.03617202 -0.04340318
v 0.01499996 0.04266596 -0.03703872
v 0.01499996 0.04266596 -0.03703872
v 0.01499996 0.04266596 -0.03703872
v 0.01499996 0.04266596 -0.03703872
v 0.01499996 0.04266596 -0.03703872
v 0.01499995 0.03951387 -0.03897314
v 0.01499995 0.03951387 -0.03897314
v 0.01499995 0.03951387 -0.03897314
v 0.01499995 0.03256018 -0.04494537
v 0.01499995 0.03256018 -0.04494537
v 0.01499995 0.03256018 -0.04494537
v 0.01549995 0.03989721 -0.04070890
v 0.01549995 0.03989721 -0.04070890
v 0.01549995 0.03989721 -0.04070890
v 0.01549995 0.03989721 -0.04070890
v 0.01549995 0.03989721 -0.04070890
v 0.01549995 0.03989721 -0.04070890
v 0.02120937 0.04591072 -0.03378177
v 0.02120937 0.04591072 -0.03378177
v 0.02120937 0.04591072 -0.03378177
v 0.02120937 0.04591072 -0.03378177
v 0.02120937 0.04591072 -0.03378177
v 0.02120937 0.04591072 -0.03378177
v 0.02120937 0.04591072 -0.03378177
v 0.02120937 0.04591072 -0.03378177
v 0.01549996 0.04304354 -0.03736650
v 0.01549996 0.04304354 -0.03736650
v 0.01549996 0.04304354 -0.03736650
v 0.01549996 0.04304354 -0.03736650
v 0.01549996 0.04591072 -0.03378176
v 0.01549996 0.04591072 -0.03378176
v 0.01549996 0.04591072 -0.03378176
v 0.01549996 0.04591072 -0.03378176
v 0.01549996 0.04591072 -0.03378176
v 0.01549996 0.04591072 -0.03378176
v 0.01499997 0.04805488 -0.02971498
v 0.01499997 0.04805488 -0.02971498
v 0.01499997 0.04805488 -0.02971498
v 0.01499997 0.04805488 -0.02971498
v 0.01499997 0.04805488 -0.02971498
v 0.02120938 0.05073516 -0.02597971
v 0.02120938 0.05073516 -0.02597971
v 0.02120938 0.05073516 -0.02597971
v 0.02120938 0.05073516 -0.02597971
v 0.02120938 0.05073516 -0.02597971
v 0.02120938 0.05073516 -0.02597971
v 0.02120938 0.05073516 -0.02597971
v 0.02120938 0.05073516 -0.02597971
v 0.01549997 0.04848014 -0.02997794
v 0.01549997 0.04848014 -0.02997794
v 0.01549997 0.04848014 -0.02997794
v 0.01549997 0.04848014 -0.02997794
v 0.01549997 0.05073516 -0.02597970
v 0.01549997 0.05073516 -0.02597970
v 0.01549997 0.05073516 -0.02597970
v 0.01549997 0.05073516 -0.02597970
v 0.01549997 0.05073516 -0.02597970
v 0.01549997 0.05073516 -0.02597970
v 0.01499997 0.05219920 -0.02162163
v 0.01499997 0.05219920 -0.02162163
v 0.01499997 0.05219920 -0.02162163
v 0.01499997 0.05219920 -0.02162163
v 0.01499997 0.05219920 -0.02162163
v 0.02120939 0.05424558 -0.01750479
v 0.02120939 0.05424558 -0.01750479
v 0.02120939 0.05424558 -0.01750479
v 0.02120939 0.05424558 -0.01750479
v 0.02120939 0.05424558 -0.01750479
v 0.02120939 0.05424558 -0.01750479
v 0.02120939 0.05424558 -0.01750479
v 0.02120939 0.05424558 -0.01750479
v 0.01549997 0.05266114 -0.02181297
v 0.01549997 0.05266114 -0.02181297
v 0.01549997 0.05266114 -0.02181297
v 0.01549997 0.05266114 -0.02181297
v 0.01549998 0.05424558 -0.01750478
v 0.01549998 0.05424558 -0.01750478
v 0.01549998 0.05424558 -0.01750478
v 0.01549998 0.05424558 -0.01750478
v 0.01549998 0.05424558 -0.01750478
v 0.01549998 0.05424558 -0.01750478
v 0.02120940 0.05635108 -0.00857650
v 0.02120940 0.05635108 -0.00857650
v 0.02120940 0.05635108 -0.00857650
v 0.02120940 0.05635108 -0.00857650
v 0.02120940 0.05635108 -0.00857650
v 0.02120940 0.05635108 -0.00857650
v 0.02120940 0.05635108 -0.00857650
v 0.02120940 0.05635108 -0.00857650
v 0.01549998 0.05547823 -0.01308306
v 0.01549998 0.05547823 -0.01308306
v 0.01549998 0.05547823 -0.01308306
v 0.01549998 0.05547823 -0.01308306
v 0.01499998 0.05499158 -0.01296830
v 0.01499998 0.05499158 -0.01296830
v 0.01499998 0.05499158 -0.01296830
v 0.01499998 0.05499158 -0.01296830
v 0.01499998 0.05499158 -0.01296830
v 0.01500000 0.05635971 -0.00397909
v 0.01500000 0.05635971 -0.00397909
v 0.01500000 0.05635971 -0.00397909
v 0.01500000 0.05635971 -0.00397909
v 0.01500000 0.05635971 -0.00397909
v 0.01499999 0.05511978 -0.00648537
v 0.01499999 0.05511978 -0.00648537
v 0.01499999 0.05511978 -0.00648537
v 0.01499998 0.05330057 -0.01546934
v 0.01499998 0.05330057 -0.01546934
v 0.01499998 0.05330057 -0.01546934
v 0.01549999 0.05635108 -0.00857649
v 0.01549999 0.05635108 -0.00857649
v 0.01549999 0.05635108 -0.00857649
v 0.01549999 0.05635108 -0.00857649
v 0.01549999 0.05635108 -0.00857649
v 0.01549999 0.05635108 -0.00857649
v 0.02120941 0.05699711 0.00057391
v 0.02120941 0.05699711 0.00057391
v 0.02120941 0.05699711 0.00057391
v 0.02120941 0.05699711 0.00057391
v 0.02120941 0.05699711 0.00057391
v 0.02120941 0.05699711 0.00057391
v 0.02120941 0.05699711 0.00057391
v 0.02120941 0.05699711 0.00057391
v 0.01550000 0.05685847 -0.00401431
v 0.01550000 0.05685847 -0.00401431
v 0.01550000 0.05685847 -0.00401431
v 0.01550000 0.05685847 -0.00401431
v 0.01550000 0.05699711 0.00057392
v 0.01550000 0.05699711 0.00057392
v 0.01550000 0.05699711 0.00057392
v 0.01550000 0.05699711 0.00057392
v 0.01550000 0.05699711 0.00057392
v 0.01550000 0.05699711 0.00057392
v 0.02120942 0.05616695 0.00970946
v 0.02120942 0.05616695 0.00970946
v 0.02120942 0.05616695 0.00970946
v 0.02120942 0.05616695 0.00970946
v 0.02120942 0.05616695 0.00970946
v 0.02120942 0.05616695 0.00970946
v 0.02120942 0.05616695 0.00970946
v 0.02120942 0.05616695 0.00970946
v 0.01550001 0.05676610 0.00515842
v 0.01550001 0.05676610 0.00515842
v 0.01550001 0.05676610 0.00515842
v 0.01550001 0.05676610 0.00515842
v 0.01500001 0.05626816 0.00511317
v 0.01500001 0.05626816 0.00511317
v 0.01500001 0.05626816 0.00511317
v 0.01500001 0.05626816 0.00511317
v 0.01500001 0.05626816 0.00511317
v 0.01500002 0.05471929 0.01407300
v 0.01500002 0.05471929 0.01407300
v 0.01500002 0.05471929 0.01407300
v 0.01500002 0.05471929 0.01407300
v 0.01500002 0.05471929 0.01407300
v 0.01500000 0.05543547 0.00267550
v 0.01500000 0.05543547 0.00267550
v 0.01500000 0.05543547 0.00267550
v 0.01550001 0.05616695 0.00970946
v 0.01550001 0.05616695 0.00970946
v 0.01550001 0.05616695 0.00970946
v 0.01550001 0.05616695 0.00970946
v 0.01550001 0.05616695 0.00970946
v 0.01550001 0.05616695 0.00970946
v 0.02120943 0.05388209 0.01859353
v 0.02120943 0.05388209 0.01859353
v 0.02120943 0.05388209 0.01859353
v 0.02120943 0.05388209 0.01859353
v 0.02120943 0.05388209 0.01859353
v 0.02120943 0.05388209 0.01859353
v 0.02120943 0.05388209 0.01859353
v 0.02120943 0.05388209 0.01859353
v 0.01550002 0.05520353 0.01419754
v 0.01550002 0.05520353 0.01419754
v 0.01550002 0.05520353 0.01419754
v 0.01550002 0.05520353 0.01419754
v 0.01550002 0.05388209 0.01859354
v 0.01550002 0.05388209 0.01859354
v 0.01550002 0.05388209 0.01859354
v 0.01550002 0.05388209 0.01859354
v 0.01550002 0.05388209 0.01859354
v 0.01550002 0.05388209 0.01859354
v 0.02120944 0.05020171 0.02699605
v 0.02120944 0.05020171 0.02699605
v 0.02120944 0.05020171 0.02699605
v 0.02120944 0.05020171 0.02699605
v 0.02120944 0.05020171 0.02699605
v 0.02120944 0.05020171 0.02699605
v 0.02120944 0.05020171 0.02699605
v 0.02120944 0.05020171 0.02699605
v 0.01550003 0.05221121 0.02286895
v 0.01550003 0.05221121 0.02286895
v 0.01550003 0.05221121 0.02286895
v 0.01550003 0.05221121 0.02286895
v 0.01500003 0.05175321 0.02266835
v 0.01500003 0.05175321 0.02266835
v 0.01500003 0.05175321 0.02266835
v 0.01500003 0.05175321 0.02266835
v 0.01500003 0.05175321 0.02266835
v 0.01500004 0.04744676 0.03067660
v 0.01500004 0.04744676 0.03067660
v 0.01500004 0.04744676 0.03067660
v 0.01500004 0.04744676 0.03067660
v 0.01500004 0.04744676 0.03067660
v 0.01500002 0.05156309 0.02053040
v 0.01500002 0.05156309 0.02053040
v 0.01500002 0.05156309 0.02053040
v 0.01500001 0.05423903 0.01176339
v 0.01500001 0.05423903 0.01176339
v 0.01500001 0.05423903 0.01176339
v 0.01550003 0.05020171 0.02699605
v 0.01550003 0.05020171 0.02699605
v 0.01550003 0.05020171 0.02699605
v 0.01550003 0.05020171 0.02699605
v 0.01550003 0.05020171 0.02699605
v 0.01550003 0.05020171 0.02699605
v 0.02120945 0.04522114 0.03469938
v 0.02120945 0.04522114 0.03469938
v 0.02120945 0.04522114 0.03469938
v 0.02120945 0.04522114 0.03469938
v 0.02120945 0.04522114 0.03469938
v 0.02120945 0.04522114 0.03469938
v 0.02120945 0.04522114 0.03469938
v 0.02120945 0.04522114 0.03469938
v 0.01550004 0.04786664 0.03094807
v 0.01550004 0.04786664 0.03094807
v 0.01550004 0.04786664 0.03094807
v 0.01550004 0.04786664 0.03094807
v 0.01550004 0.04522114 0.03469938
v 0.01550004 0.04522114 0.03469938
v 0.01550004 0.04522114 0.03469938
v 0.01550004 0.04522114 0.03469938
v 0.01550004 0.04522114 0.03469938
v 0.01550004 0.04522114 0.03469938
v 0.01500004 0.04191146 0.03789034
v 0.01500004 0.04191146 0.03789034
v 0.01500004 0.04191146 0.03789034
v 0.01500004 0.04191146 0.03789034
v 0.01500004 0.04191146 0.03789034
v 0.02120946 0.03906936 0.04150401
v 0.02120946 0.03906936 0.04150401
v 0.02120946 0.03906936 0.04150401
v 0.02120946 0.03906936 0.04150401
v 0.02120946 0.03906936 0.04150401
v 0.02120946 0.03906936 0.04150401
v 0.02120946 0.03906936 0.04150401
v 0.02120946 0.03906936 0.04150401
v 0.01550004 0.04228236 0.03822565
v 0.01550004 0.04228236 0.03822565
v 0.01550004 0.04228236 0.03822565
v 0.01550004 0.04228236 0.03822565
v 0.01550005 0.03906936 0.04150401
v 0.01550005 0.03906936 0.04150401
v 0.01550005 0.03906936 0.04150401
v 0.01550005 0.03906936 0.04150401
v 0.01550005 0.03906936 0.04150401
v 0.01550005 0.03906936 0.04150401
v 0.02120947 0.03190571 0.04723371
v 0.02120947 0.03190571 0.04723371
v 0.02120947 0.03190571 0.04723371
v 0.02120947 0.03190571 0.04723371
v 0.02120947 0.03190571 0.04723371
v 0.02120947 0.03190571 0.04723371
v 0.02120947 0.03190571 0.04723371
v 0.02120947 0.03190571 0.04723371
v 0.01550005 0.03560299 0.04451321
v 0.01550005 0.03560299 0.04451321
v 0.01550005 0.03560299 0.04451321
v 0.01550005 0.03560299 0.04451321
v 0.01500005 0.03529068 0.04412274
v 0.01500005 0.03529068 0.04412274
v 0.01500005 0.03529068 0.04412274
v 0.01500005 0.03529068 0.04412274
v 0.01500005 0.03529068 0.04412274
v 0.01500006 0.02775589 0.04921239
v 0.01500006 0.02775589 0.04921239
v 0.01500006 0.02775589 0.04921239
v 0.01500006 0.02775589 0.04921239
v 0.01500006 0.02775589 0.04921239
v 0.01500005 0.03557698 0.04259726
v 0.01500005 0.03557698 0.04259726
v 0.01500005 0.03557698 0.04259726
v 0.01500004 0.04210304 0.03616051
v 0.01500004 0.04210304 0.03616051
v 0.01500004 0.04210304 0.03616051
v 0.01550005 0.03190571 0.04723372
v 0.01550005 0.03190571 0.04723372
v 0.01550005 0.03190571 0.04723372
v 0.01550005 0.03190571 0.04723372
v 0.01550005 0.03190571 0.04723372
v 0.01550005 0.03190571 0.04723372
v 0.02120947 0.02391572 0.05174008
v 0.02120947 0.02391572 0.05174008
v 0.02120947 0.02391572 0.05174008
v 0.02120947 0.02391572 0.05174008
v 0.02120947 0.02391572 0.05174008
v 0.02120947 0.02391572 0.05174008
v 0.02120947 0.02391572 0.05174008
v 0.02120947 0.02391572 0.05174008
v 0.01550006 0.02800151 0.04964790
v 0.01550006 0.02800151 0.04964790
v 0.01550006 0.02800151 0.04964790
v 0.01550006 0.02800151 0.04964790
v 0.01550006 0.02391572 0.05174009
v 0.01550006 0.02391572 0.05174009
v 0.01550006 0.02391572 0.05174009
v 0.01550006 0.02391572 0.05174009
v 0.01550006 0.02391572 0.05174009
v 0.01550006 0.02391572 0.05174009
v 0.01500006 0.01950223 0.05302745
v 0.01500006 0.01950223 0.05302745
v 0.01500006 0.01950223 0.05302745
v 0.01500006 0.01950223 0.05302745
v 0.01500006 0.01950223 0.05302745
v 0.02120947 0.01530632 0.05490641
v 0.02120947 0.01530632 0.05490641
v 0.02120947 0.01530632 0.05490641
v 0.02120947 0.01530632 0.05490641
v 0.02120947 0.01530632 0.05490641
v 0.02120947 0.01530632 0.05490641
v 0.02120947 0.01530632 0.05490641
v 0.02120947 0.01530632 0.05490641
v 0.01550006 0.01967482 0.05349673
v 0.01550006 0.01967482 0.05349673
v 0.01550006 0.01967482 0.05349673
v 0.01550006 0.01967482 0.05349673
v 0.01550006 0.01530632 0.05490642
v 0.01550006 0.01530632 0.05490642
v 0.01550006 0.01530632 0.05490642
v 0.01550006 0.01530632 0.05490642
v 0.01550006 0.01530632 0.05490642
v 0.01550006 0.01530632 0.05490642
v 0.01500006 0.01074348 0.05546914
v 0.01500006 0.01074348 0.05546914
v 0.01500006 0.01074348 0.05546914
v 0.01500006 0.01074348 0.05546914
v 0.01500006 0.01074348 0.05546914
v 0.02120948 0.00630049 0.05665069
v 0.02120948 0.00630049 0.05665069
v 0.02120948 0.00630049 0.05665069
v 0.02120948 0.00630049 0.05665069
v 0.02120948 0.00630049 0.05665069
v 0.02120948 0.00630049 0.05665069
v 0.02120948 0.00630049 0.05665069
v 0.02120948 0.00630049 0.05665069
v 0.01550006 0.01083855 0.05596002
v 0.01550006 0.01083855 0.05596002
v 0.01550006 0.01083855 0.05596002
v 0.01550006 0.01083855 0.05596002
v 0.01550007 0.00630049 0.05665070
v 0.01550007 0.00630049 0.05665070
v 0.01550007 0.00630049 0.05665070
v 0.01550007 0.00630049 0.05665070
v 0.01550007 0.00630049 0.05665070
v 0.01550007 0.00630049 0.05665070
v 0.02120948 -0.00286851 0.05692775
v 0.02120948 -0.00286851 0.05692775
v 0.02120948 -0.00286851 0.05692775
v 0.02120948 -0.00286851 0.05692775
v 0.02120948 -0.00286851 0.05692775
v 0.02120948 -0.00286851 0.05692775
v 0.02120948 -0.00286851 0.05692775
v 0.02120948 -0.00286851 0.05692775
v 0.02120948 -0.00286851 0.05692775
v 0.01550007 0.00172157 0.05697398
v 0.01550007 0.00172157 0.05697398
v 0.01550007 0.00172157 0.05697398
v 0.01550007 0.00172157 0.05697398
v 0.01500007 0.00170647 0.05647421
v 0.01500007 0.00170647 0.05647421
v 0.01500007 0.00170647 0.05647421
v 0.01500007 0.00170647 0.05647421
v 0.01500007 0.00170647 0.05647421
v 0.01500006 -0.00737473 0.05601662
v 0.01500006 -0.00737473 0.05601662
v 0.01500006 -0.00737473 0.05601662
v 0.01500006 -0.00737473 0.05601662
v 0.01500006 -0.00737473 0.05601662
v 0.01500006 0.00191145 0.05546706
v 0.01500006 0.00191145 0.05546706
v 0.01500006 0.00191145 0.05546706
v 0.01500006 0.01101496 0.05439594
v 0.01500006 0.01101496 0.05439594
v 0.01500006 0.01101496 0.05439594
v 0.01550007 -0.00286851 0.05692776
v 0.01550007 -0.00286851 0.05692776
v 0.01550007 -0.00286851 0.05692776
v 0.01550007 -0.00286851 0.05692776
v 0.01550007 -0.00286851 0.05692776
v 0.01550007 -0.00743999 0.05651234
v 0.01550007 -0.00743999 0.05651234
v 0.01550007 -0.00743999 0.05651234
v 0.01550007 -0.00743999 0.05651234
v 0.01550007 -0.00743999 0.05651234
v 0.02120947 -0.01196322 0.05573041
v 0.02120947 -0.01196322 0.05573041
v 0.02120947 -0.01196322 0.05573041
v 0.02120947 -0.01196322 0.05573041
v 0.02120947 -0.01196322 0.05573041
v 0.02120947 -0.01196322 0.05573041
v 0.02120947 -0.01196322 0.05573041
v 0.01550006 -0.01196322 0.05573042
v 0.01550006 -0.01196322 0.05573042
v 0.01550006 -0.01196322 0.05573042
v 0.01550006 -0.01196322 0.05573042
v 0.01550006 -0.01196322 0.05573042
v 0.01500006 -0.01626493 0.05410823
v 0.01500006 -0.01626493 0.05410823
v 0.01500006 -0.01626493 0.05410823
v 0.01500006 -0.01626493 0.05410823
v 0.01500006 -0.01626493 0.05410823
v 0.01550006 -0.01640887 0.05458706
v 0.01550006 -0.01640887 0.05458706
v 0.01550006 -0.01640887 0.05458706
v 0.01550006 -0.01640887 0.05458706
v 0.01550006 -0.01640887 0.05458706
v 0.02120947 -0.02074809 0.05308968
v 0.02120947 -0.02074809 0.05308968
v 0.02120947 -0.02074809 0.05308968
v 0.02120947 -0.02074809 0.05308968
v 0.02120947 -0.02074809 0.05308968
v 0.02120947 -0.02074809 0.05308968
v 0.02120947 -0.02074809 0.05308968
v 0.02120947 -0.02074809 0.05308968
v 0.01550006 -0.02074809 0.05308969
v 0.01550006 -0.02074809 0.05308969
v 0.01550006 -0.02074809 0.05308969
v 0.01550006 -0.02074809 0.05308969
v 0.01550006 -0.02074809 0.05308969
v 0.01500006 -0.02473388 0.05079846
v 0.01500006 -0.02473388 0.05079846
v 0.01500006 -0.02473388 0.05079846
v 0.01500006 -0.02473388 0.05079846
v 0.01500006 -0.02473388 0.05079846
v 0.01550006 -0.02495276 0.05124800
v 0.01550006 -0.02495276 0.05124800
v 0.01550006 -0.02495276 0.05124800
v 0.01550006 -0.02495276 0.05124800
v 0.01550006 -0.02495276 0.05124800
v 0.02120947 -0.02899560 0.04907395
v 0.02120947 -0.02899560 0.04907395
v 0.02120947 -0.02899560 0.04907395
v 0.02120947 -0.02899560 0.04907395
v 0.02120947 -0.02899560 0.04907395
v 0.02120947 -0.02899560 0.04907395
v 0.02120947 -0.02899560 0.04907395
v 0.02120947 -0.02899560 0.04907395
v 0.01550006 -0.02899560 0.04907396
v 0.01550006 -0.02899560 0.04907396
v 0.01550006 -0.02899560 0.04907396
v 0.01550006 -0.02899560 0.04907396
v 0.01550006 -0.02899560 0.04907396
v 0.01550005 -0.03285039 0.04658165
v 0.01550005 -0.03285039 0.04658165
v 0.01550005 -0.03285039 0.04658165
v 0.01550005 -0.03285039 0.04658165
v 0.01550005 -0.03285039 0.04658165
v 0.01500005 -0.03256223 0.04617304
v 0.01500005 -0.03256223 0.04617304
v 0.01500005 -0.03256223 0.04617304
v 0.01500005 -0.03256223 0.04617304
v 0.01500005 -0.03256223 0.04617304
v 0.01500005 -0.03954723 0.04035176
v 0.01500005 -0.03954723 0.04035176
v 0.01500005 -0.03954723 0.04035176
v 0.01500005 -0.03954723 0.04035176
v 0.01500005 -0.03954723 0.04035176
v 0.01500005 -0.03256018 0.04494533
v 0.01500005 -0.03256018 0.04494533
v 0.01500005 -0.03256018 0.04494533
v 0.01500006 -0.02471834 0.04969157
v 0.01500006 -0.02471834 0.04969157
v 0.01500006 -0.02471834 0.04969157
v 0.01550005 -0.03649213 0.04378724
v 0.01550005 -0.03649213 0.04378724
v 0.01550005 -0.03649213 0.04378724
v 0.01550005 -0.03649213 0.04378724
v 0.01550005 -0.03649213 0.04378724
v 0.02120946 -0.03649213 0.04378724
v 0.02120946 -0.03649213 0.04378724
v 0.02120946 -0.03649213 0.04378724
v 0.02120946 -0.03649213 0.04378724
v 0.02120946 -0.03649213 0.04378724
v 0.02120946 -0.03649213 0.04378724
v 0.02120946 -0.03649213 0.04378724
v 0.02120946 -0.03649213 0.04378724
v 0.01550005 -0.03989721 0.04070886
v 0.01550005 -0.03989721 0.04070886
v 0.01550005 -0.03989721 0.04070886
v 0.01550005 -0.03989721 0.04070886
v 0.01550005 -0.03989721 0.04070886
v 0.02120945 -0.04304354 0.03736645
v 0.02120945 -0.04304354 0.03736645
v 0.02120945 -0.04304354 0.03736645
v 0.02120945 -0.04304354 0.03736645
v 0.02120945 -0.04304354 0.03736645
v 0.02120945 -0.04304354 0.03736645
v 0.02120945 -0.04304354 0.03736645
v 0.02120945 -0.04304354 0.03736645
v 0.01550004 -0.04304354 0.03736646
v 0.01550004 -0.04304354 0.03736646
v 0.01550004 -0.04304354 0.03736646
v 0.01550004 -0.04304354 0.03736646
v 0.01550004 -0.04304354 0.03736646
v 0.01500004 -0.04550799 0.03348539
v 0.01500004 -0.04550799 0.03348539
v 0.01500004 -0.04550799 0.03348539
v 0.01500004 -0.04550799 0.03348539
v 0.01500004 -0.04550799 0.03348539
v 0.01550004 -0.04591072 0.03378173
v 0.01550004 -0.04591072 0.03378173
v 0.01550004 -0.04591072 0.03378173
v 0.01550004 -0.04591072 0.03378173
v 0.01550004 -0.04591072 0.03378173
v 0.02120944 -0.04848014 0.02997790
v 0.02120944 -0.04848014 0.02997790
v 0.02120944 -0.04848014 0.02997790
v 0.02120944 -0.04848014 0.02997790
v 0.02120944 -0.04848014 0.02997790
v 0.02120944 -0.04848014 0.02997790
v 0.02120944 -0.04848014 0.02997790
v 0.02120944 -0.04848014 0.02997790
v 0.01550004 -0.04848014 0.02997790
v 0.01550004 -0.04848014 0.02997790
v 0.01550004 -0.04848014 0.02997790
v 0.01550004 -0.04848014 0.02997790
v 0.01550004 -0.04848014 0.02997790
v 0.01500003 -0.05029011 0.02575178
v 0.01500003 -0.05029011 0.02575178
v 0.01500003 -0.05029011 0.02575178
v 0.01500003 -0.05029011 0.02575178
v 0.01500003 -0.05029011 0.02575178
v 0.01550003 -0.05073516 0.02597967
v 0.01550003 -0.05073516 0.02597967
v 0.01550003 -0.05073516 0.02597967
v 0.01550003 -0.05073516 0.02597967
v 0.01550003 -0.05073516 0.02597967
v 0.01550002 -0.05266114 0.02181294
v 0.01550002 -0.05266114 0.02181294
v 0.01550002 -0.05266114 0.02181294
v 0.01550002 -0.05266114 0.02181294
v 0.01550002 -0.05266114 0.02181294
v 0.01500004 -0.04538971 0.03193780
v 0.01500004 -0.04538971 0.03193780
v 0.01500004 -0.04538971 0.03193780
v 0.01500003 -0.05002745 0.02403130
v 0.01500003 -0.05002745 0.02403130
v 0.01500003 -0.05002745 0.02403130
v 0.01500005 -0.03951387 0.03897311
v 0.01500005 -0.03951387 0.03897311
v 0.01500005 -0.03951387 0.03897311
v 0.02350458 -0.04498478 0.03165286
v 0.02350458 -0.04498478 0.03165286
v 0.02350458 -0.04498478 0.03165286
v 0.02350458 -0.04498478 0.03165286
v 0.02350458 -0.04498478 0.03165286
v 0.02350458 -0.04498478 0.03165286
v 0.02350458 -0.04678323 0.02892860
v 0.02350458 -0.04678323 0.02892860
v 0.02350458 -0.04678323 0.02892860
v 0.02350458 -0.04678323 0.02892860
v 0.02350458 -0.04678323 0.02892860
v 0.02350457 -0.04958114 0.02381691
v 0.02350457 -0.04958114 0.02381691
v 0.02350457 -0.04958114 0.02381691
v 0.02350457 -0.04958114 0.02381691
v 0.02350457 -0.04958114 0.02381691
v 0.02350457 -0.04958114 0.02381691
v 0.02497078 -0.03068068 0.01473783
v 0.02497078 -0.03068068 0.01473783
v 0.02497078 -0.03068068 0.01473783
v 0.02497078 -0.03068068 0.01473783
v 0.02497078 -0.03068068 0.01473783
v 0.02497078 -0.03179293 0.01215390
v 0.02497078 -0.03179293 0.01215390
v 0.02497078 -0.03179293 0.01215390
v 0.02497078 -0.03179293 0.01215390
v 0.02497078 -0.03179293 0.01215390
v 0.02350457 -0.05081787 0.02104943
v 0.02350457 -0.05081787 0.02104943
v 0.02350457 -0.05081787 0.02104943
v 0.02350457 -0.05081787 0.02104943
v 0.02350457 -0.05081787 0.02104943
v 0.02497078 -0.03268801 0.00948695
v 0.02497078 -0.03268801 0.00948695
v 0.02497078 -0.03268801 0.00948695
v 0.02497078 -0.03268801 0.00948695
v 0.02497078 -0.03268801 0.00948695
v 0.02497078 -0.03335979 0.00675519
v 0.02497078 -0.03335979 0.00675519
v 0.02497078 -0.03335979 0.00675519
v 0.02497078 -0.03335979 0.00675519
v 0.02497078 -0.03335979 0.00675519
v 0.02500001 -0.03188410 0.00925363
v 0.02500001 -0.03188410 0.00925363
v 0.02500001 -0.03188410 0.00925363
v 0.02500001 -0.03101104 0.01185499
v 0.02500001 -0.03101104 0.01185499
v 0.02500001 -0.03101104 0.01185499
v 0.02500002 -0.02992614 0.01437538
v 0.02500002 -0.02992614 0.01437538
v 0.02500002 -0.02992614 0.01437538
v 0.02500001 -0.03253936 0.00658906
v 0.02500001 -0.03253936 0.00658906
v 0.02500001 -0.03253936 0.00658906
v 0.02500000 -0.03297235 0.00387947
v 0.02500000 -0.03297235 0.00387947
v 0.02500000 -0.03297235 0.00387947
v 0.02497079 -0.02935885 0.01722108
v 0.02497079 -0.02935885 0.01722108
v 0.02497079 -0.02935885 0.01722108
v 0.02497079 -0.02935885 0.01722108
v 0.02497079 -0.02935885 0.01722108
v 0.02497079 -0.02783647 0.01958670
v 0.02497079 -0.02783647 0.01958670
v 0.02497079 -0.02783647 0.01958670
v 0.02497079 -0.02783647 0.01958670
v 0.02497079 -0.02783647 0.01958670
v 0.02350459 -0.04153692 0.03605854
v 0.02350459 -0.04153692 0.03605854
v 0.02350459 -0.04153692 0.03605854
v 0.02350459 -0.04153692 0.03605854
v 0.02350459 -0.04153692 0.03605854
v 0.02497079 -0.02612393 0.02181851
v 0.02497079 -0.02612393 0.02181851
v 0.02497079 -0.02612393 0.02181851
v 0.02497079 -0.02612393 0.02181851
v 0.02497079 -0.02612393 0.02181851
v 0.02497080 -0.02423294 0.02390129
v 0.02497080 -0.02423294 0.02390129
v 0.02497080 -0.02423294 0.02390129
v 0.02497080 -0.02423294 0.02390129
v 0.02497080 -0.02423294 0.02390129
v 0.02350459 -0.03916135 0.03862541
v 0.02350459 -0.03916135 0.03862541
v 0.02350459 -0.03916135 0.03862541
v 0.02350459 -0.03916135 0.03862541
v 0.02350459 -0.03916135 0.03862541
v 0.02350459 -0.03916135 0.03862541
v 0.02350459 -0.03521482 0.04225458
v 0.02350459 -0.03521482 0.04225458
v 0.02350459 -0.03521482 0.04225458
v 0.02350459 -0.03521482 0.04225458
v 0.02350459 -0.03521482 0.04225458
v 0.02350459 -0.03226971 0.04454436
v 0.02350459 -0.03226971 0.04454436
v 0.02350459 -0.03226971 0.04454436
v 0.02350459 -0.03226971 0.04454436
v 0.02350459 -0.03226971 0.04454436
v 0.02350459 -0.03226971 0.04454436
v 0.02497080 -0.02217642 0.02582080
v 0.02497080 -0.02217642 0.02582080
v 0.02497080 -0.02217642 0.02582080
v 0.02497080 -0.02217642 0.02582080
v 0.02497080 -0.02217642 0.02582080
v 0.02497080 -0.01996841 0.02756392
v 0.02497080 -0.01996841 0.02756392
v 0.02497080 -0.01996841 0.02756392
v 0.02497080 -0.01996841 0.02756392
v 0.02497080 -0.01996841 0.02756392
v 0.02500003 -0.01947732 0.02688603
v 0.02500003 -0.01947732 0.02688603
v 0.02500003 -0.01947732 0.02688603
v 0.02500003 -0.01719056 0.02840263
v 0.02500003 -0.01719056 0.02840263
v 0.02500003 -0.01719056 0.02840263
v 0.02500003 -0.01478638 0.02972520
v 0.02500003 -0.01478638 0.02972520
v 0.02500003 -0.01478638 0.02972520
v 0.02497080 -0.01762399 0.02911875
v 0.02497080 -0.01762399 0.02911875
v 0.02497080 -0.01762399 0.02911875
v 0.02497080 -0.01762399 0.02911875
v 0.02497080 -0.01762399 0.02911875
v 0.02497080 -0.01515919 0.03047467
v 0.02497080 -0.01515919 0.03047467
v 0.02497080 -0.01515919 0.03047467
v 0.02497080 -0.01515919 0.03047467
v 0.02497080 -0.01515919 0.03047467
v 0.02350460 -0.02449783 0.04924824
v 0.02350460 -0.02449783 0.04924824
v 0.02350460 -0.02449783 0.04924824
v 0.02350460 -0.02449783 0.04924824
v 0.02350460 -0.02449783 0.04924824
v 0.02350460 -0.02449783 0.04924824
v 0.02350460 -0.02798069 0.04735625
v 0.02350460 -0.02798069 0.04735625
v 0.02350460 -0.02798069 0.04735625
v 0.02350460 -0.02798069 0.04735625
v 0.02350460 -0.02798069 0.04735625
v 0.02350460 -0.02002186 0.05123142
v 0.02350460 -0.02002186 0.05123142
v 0.02350460 -0.02002186 0.05123142
v 0.02350460 -0.02002186 0.05123142
v 0.02350460 -0.02002186 0.05123142
v 0.02350460 -0.01605771 0.05260877
v 0.02350460 -0.01605771 0.05260877
v 0.02350460 -0.01605771 0.05260877
v 0.02350460 -0.01605771 0.05260877
v 0.02350460 -0.01605771 0.05260877
v 0.02350460 -0.01605771 0.05260877
v 0.02497081 -0.01259083 0.03162242
v 0.02497081 -0.01259083 0.03162242
v 0.02497081 -0.01259083 0.03162242
v 0.02497081 -0.01259083 0.03162242
v 0.02497081 -0.01259083 0.03162242
v 0.02497081 -0.00993647 0.03255416
v 0.02497081 -0.00993647 0.03255416
v 0.02497081 -0.00993647 0.03255416
v 0.02497081 -0.00993647 0.03255416
v 0.02497081 -0.00993647 0.03255416
v 0.02500004 -0.01228118 0.03084473
v 0.02500004 -0.01228118 0.03084473
v 0.02500004 -0.01228118 0.03084473
v 0.02350461 -0.01154448 0.05377972
v 0.02350461 -0.01154448 0.05377972
v 0.02350461 -0.01154448 0.05377972
v 0.02350461 -0.01154448 0.05377972
v 0.02350461 -0.01154448 0.05377972
v 0.02350461 -0.01154448 0.05377972
v 0.02497081 -0.00721422 0.03326352
v 0.02497081 -0.00721422 0.03326352
v 0.02497081 -0.00721422 0.03326352
v 0.02497081 -0.00721422 0.03326352
v 0.02497081 -0.00721422 0.03326352
v 0.02497081 -0.00444270 0.03374565
v 0.02497081 -0.00444270 0.03374565
v 0.02497081 -0.00444270 0.03374565
v 0.02497081 -0.00444270 0.03374565
v 0.02497081 -0.00444270 0.03374565
v 0.02350461 -0.00717958 0.05453427
v 0.02350461 -0.00717958 0.05453427
v 0.02350461 -0.00717958 0.05453427
v 0.02350461 -0.00717958 0.05453427
v 0.02350461 -0.00717958 0.05453427
v 0.02350461 -0.00276811 0.05493515
v 0.02350461 -0.00276811 0.05493515
v 0.02350461 -0.00276811 0.05493515
v 0.02350461 -0.00276811 0.05493515
v 0.02350461 -0.00276811 0.05493515
v 0.02350461 -0.00276811 0.05493515
v 0.02350461 0.00189439 0.05497221
v 0.02350461 0.00189439 0.05497221
v 0.02350461 0.00189439 0.05497221
v 0.02350461 0.00189439 0.05497221
v 0.02350461 0.00189439 0.05497221
v 0.02497081 -0.00164083 0.03399727
v 0.02497081 -0.00164083 0.03399727
v 0.02497081 -0.00164083 0.03399727
v 0.02497081 -0.00164083 0.03399727
v 0.02497081 -0.00164083 0.03399727
v 0.02497081 0.00117225 0.03401665
v 0.02497081 0.00117225 0.03401665
v 0.02497081 0.00117225 0.03401665
v 0.02497081 0.00117225 0.03401665
v 0.02497081 0.00117225 0.03401665
v 0.02500004 0.00114342 0.03318007
v 0.02500004 0.00114342 0.03318007
v 0.02500004 0.00114342 0.03318007
v 0.02500004 0.00387950 0.03297232
v 0.02500004 0.00387950 0.03297232
v 0.02500004 0.00387950 0.03297232
v 0.02500004 0.00658909 0.03253933
v 0.02500004 0.00658909 0.03253933
v 0.02500004 0.00658909 0.03253933
v 0.02497081 0.00397732 0.03380366
v 0.02497081 0.00397732 0.03380366
v 0.02497081 0.00397732 0.03380366
v 0.02497081 0.00397732 0.03380366
v 0.02497081 0.00397732 0.03380366
v 0.02497081 0.00675522 0.03335976
v 0.02497081 0.00675522 0.03335976
v 0.02497081 0.00675522 0.03335976
v 0.02497081 0.00675522 0.03335976
v 0.02497081 0.00675522 0.03335976
v 0.02350461 0.01091669 0.05391065
v 0.02350461 0.01091669 0.05391065
v 0.02350461 0.01091669 0.05391065
v 0.02350461 0.01091669 0.05391065
v 0.02350461 0.01091669 0.05391065
v 0.02350461 0.00607996 0.05466779
v 0.02350461 0.00607996 0.05466779
v 0.02350461 0.00607996 0.05466779
v 0.02350461 0.00607996 0.05466779
v 0.02350461 0.00607996 0.05466779
v 0.02350461 0.00607996 0.05466779
v 0.02350461 0.01477056 0.05298456
v 0.02350461 0.01477056 0.05298456
v 0.02350461 0.01477056 0.05298456
v 0.02350461 0.01477056 0.05298456
v 0.02350461 0.01477056 0.05298456
v 0.02350461 0.01477056 0.05298456
v 0.02350460 0.01964121 0.05137856
v 0.02350460 0.01964121 0.05137856
v 0.02350460 0.01964121 0.05137856
v 0.02350460 0.01964121 0.05137856
v 0.02350460 0.01964121 0.05137856
v 0.02497081 0.00948698 0.03268798
v 0.02497081 0.00948698 0.03268798
v 0.02497081 0.00948698 0.03268798
v 0.02497081 0.00948698 0.03268798
v 0.02497081 0.00948698 0.03268798
v 0.02497081 0.01215393 0.03179291
v 0.02497081 0.01215393 0.03179291
v 0.02497081 0.01215393 0.03179291
v 0.02497081 0.01215393 0.03179291
v 0.02497081 0.01215393 0.03179291
v 0.02500004 0.00925366 0.03188407
v 0.02500004 0.00925366 0.03188407
v 0.02500004 0.00925366 0.03188407
v 0.02500004 0.01185502 0.03101101
v 0.02500004 0.01185502 0.03101101
v 0.02500004 0.01185502 0.03101101
v 0.02500003 0.01437540 0.02992611
v 0.02500003 0.01437540 0.02992611
v 0.02500003 0.01437540 0.02992611
v 0.02500003 0.01679759 0.02863679
v 0.02500003 0.01679759 0.02863679
v 0.02500003 0.01679759 0.02863679
v 0.02497080 0.01473786 0.03068065
v 0.02497080 0.01473786 0.03068065
v 0.02497080 0.01473786 0.03068065
v 0.02497080 0.01473786 0.03068065
v 0.02497080 0.01473786 0.03068065
v 0.02497080 0.01722111 0.02935882
v 0.02497080 0.01722111 0.02935882
v 0.02497080 0.01722111 0.02935882
v 0.02497080 0.01722111 0.02935882
v 0.02497080 0.01722111 0.02935882
v 0.02350460 0.02782996 0.04744498
v 0.02350460 0.02782996 0.04744498
v 0.02350460 0.02782996 0.04744498
v 0.02350460 0.02782996 0.04744498
v 0.02350460 0.02782996 0.04744498
v 0.02350460 0.02307861 0.04992906
v 0.02350460 0.02307861 0.04992906
v 0.02350460 0.02307861 0.04992906
v 0.02350460 0.02307861 0.04992906
v 0.02350460 0.02307861 0.04992906
v 0.02350460 0.02307861 0.04992906
v 0.02350460 0.03078894 0.04558042
v 0.02350460 0.03078894 0.04558042
v 0.02350460 0.03078894 0.04558042
v 0.02350460 0.03078894 0.04558042
v 0.02350460 0.03078894 0.04558042
v 0.02350460 0.03078894 0.04558042
v 0.02350459 0.03525959 0.04221723
v 0.02350459 0.03525959 0.04221723
v 0.02350459 0.03525959 0.04221723
v 0.02350459 0.03525959 0.04221723
v 0.02350459 0.03525959 0.04221723
v 0.02497080 0.01958673 0.02783644
v 0.02497080 0.01958673 0.02783644
v 0.02497080 0.01958673 0.02783644
v 0.02497080 0.01958673 0.02783644
v 0.02497080 0.01958673 0.02783644
v 0.02497080 0.02181854 0.02612390
v 0.02497080 0.02181854 0.02612390
v 0.02497080 0.02181854 0.02612390
v 0.02497080 0.02181854 0.02612390
v 0.02497080 0.02181854 0.02612390
v 0.02500003 0.01910502 0.02715185
v 0.02500003 0.01910502 0.02715185
v 0.02500003 0.01910502 0.02715185
v 0.02500003 0.02128195 0.02548143
v 0.02500003 0.02128195 0.02548143
v 0.02500003 0.02128195 0.02548143
v 0.02500003 0.02331351 0.02363695
v 0.02500003 0.02331351 0.02363695
v 0.02500003 0.02331351 0.02363695
v 0.02500002 0.02518581 0.02163100
v 0.02500002 0.02518581 0.02163100
v 0.02500002 0.02518581 0.02163100
v 0.02497080 0.02390132 0.02423291
v 0.02497080 0.02390132 0.02423291
v 0.02497080 0.02390132 0.02423291
v 0.02497080 0.02390132 0.02423291
v 0.02497080 0.02390132 0.02423291
v 0.02497079 0.02582083 0.02217639
v 0.02497079 0.02582083 0.02217639
v 0.02497079 0.02582083 0.02217639
v 0.02497079 0.02582083 0.02217639
v 0.02497079 0.02582083 0.02217639
v 0.02350459 0.04172743 0.03583791
v 0.02350459 0.04172743 0.03583791
v 0.02350459 0.04172743 0.03583791
v 0.02350459 0.04172743 0.03583791
v 0.02350459 0.04172743 0.03583791
v 0.02350459 0.03770185 0.04005127
v 0.02350459 0.03770185 0.04005127
v 0.02350459 0.03770185 0.04005127
v 0.02350459 0.03770185 0.04005127
v 0.02350459 0.03770185 0.04005127
v 0.02350459 0.03770185 0.04005127
v 0.02350458 0.04363830 0.03348482
v 0.02350458 0.04363830 0.03348482
v 0.02350458 0.04363830 0.03348482
v 0.02350458 0.04363830 0.03348482
v 0.02350458 0.04363830 0.03348482
v 0.02350458 0.04363830 0.03348482
v 0.02350458 0.04705705 0.02848101
v 0.02350458 0.04705705 0.02848101
v 0.02350458 0.04705705 0.02848101
v 0.02350458 0.04705705 0.02848101
v 0.02350458 0.04705705 0.02848101
v 0.02497079 0.02756395 0.01996838
v 0.02497079 0.02756395 0.01996838
v 0.02497079 0.02756395 0.01996838
v 0.02497079 0.02756395 0.01996838
v 0.02497079 0.02756395 0.01996838
v 0.02497079 0.02911878 0.01762396
v 0.02497079 0.02911878 0.01762396
v 0.02497079 0.02911878 0.01762396
v 0.02497079 0.02911878 0.01762396
v 0.02497079 0.02911878 0.01762396
v 0.02500002 0.02688606 0.01947729
v 0.02500002 0.02688606 0.01947729
v 0.02500002 0.02688606 0.01947729
v 0.02500002 0.02840266 0.01719053
v 0.02500002 0.02840266 0.01719053
v 0.02500002 0.02840266 0.01719053
v 0.02500001 0.02661224 0.00663029
v 0.02500001 0.02661224 0.00663029
v 0.02500001 0.02661224 0.00663029
v 0.02500002 0.02972523 0.01478635
v 0.02500002 0.02972523 0.01478635
v 0.02500002 0.02972523 0.01478635
v 0.02500001 0.03084475 0.01228115
v 0.02500001 0.03084475 0.01228115
v 0.02500001 0.03084475 0.01228115
v 0.02497079 0.03047470 0.01515916
v 0.02497079 0.03047470 0.01515916
v 0.02497079 0.03047470 0.01515916
v 0.02497079 0.03047470 0.01515916
v 0.02497079 0.03047470 0.01515916
v 0.02497078 0.03162245 0.01259080
v 0.02497078 0.03162245 0.01259080
v 0.02497078 0.03162245 0.01259080
v 0.02497078 0.03162245 0.01259080
v 0.02497078 0.03162245 0.01259080
v 0.02350457 0.05110308 0.02034723
v 0.02350457 0.05110308 0.02034723
v 0.02350457 0.05110308 0.02034723
v 0.02350457 0.05110308 0.02034723
v 0.02350457 0.05110308 0.02034723
v 0.02350457 0.04844454 0.02605112
v 0.02350457 0.04844454 0.02605112
v 0.02350457 0.04844454 0.02605112
v 0.02350457 0.04844454 0.02605112
v 0.02350457 0.04844454 0.02605112
v 0.02350457 0.04844454 0.02605112
v 0.02350456 0.05199610 0.01794272
v 0.02350456 0.05199610 0.01794272
v 0.02350456 0.05199610 0.01794272
v 0.02350456 0.05199610 0.01794272
v 0.02350456 0.05199610 0.01794272
v 0.02350456 0.05199610 0.01794272
v 0.02350456 0.05375515 0.01165843
v 0.02350456 0.05375515 0.01165843
v 0.02350456 0.05375515 0.01165843
v 0.02350456 0.05375515 0.01165843
v 0.02350456 0.05375515 0.01165843
v 0.02497078 0.03255419 0.00993644
v 0.02497078 0.03255419 0.00993644
v 0.02497078 0.03255419 0.00993644
v 0.02497078 0.03255419 0.00993644
v 0.02497078 0.03255419 0.00993644
v 0.02350456 0.05420098 0.00936960
v 0.02350456 0.05420098 0.00936960
v 0.02350456 0.05420098 0.00936960
v 0.02350456 0.05420098 0.00936960
v 0.02350456 0.05420098 0.00936960
v 0.02350456 0.05420098 0.00936960
v 0.02350001 0.02604285 0.00482618
v 0.02350001 0.02604285 0.00482618
v 0.02350001 0.02604285 0.00482618
v 0.02350001 0.02604285 0.00482618
v 0.02300001 0.02553866 0.00416911
v 0.02300001 0.02553866 0.00416911
v 0.02300001 0.02553866 0.00416911
v 0.01550006 -0.01605628 0.05260412
v 0.01550006 -0.01605628 0.05260412
v 0.01550006 -0.01605628 0.05260412
v 0.01550006 -0.01605628 0.05260412
v 0.01550006 -0.01605628 0.05260412
v 0.01550006 -0.02449566 0.04924390
v 0.01550006 -0.02449566 0.04924390
v 0.01550006 -0.02449566 0.04924390
v 0.01550006 -0.02449566 0.04924390
v 0.01550006 -0.02449566 0.04924390
v 0.01550006 -0.02449566 0.04924390
v 0.01550006 -0.02449566 0.04924390
v 0.01500006 -0.01620225 0.05308234
v 0.01500006 -0.01620225 0.05308234
v 0.01500006 -0.01620225 0.05308234
v 0.01500006 -0.00724420 0.05502517
v 0.01500006 -0.00724420 0.05502517
v 0.01500006 -0.00724420 0.05502517
v 0.01550006 -0.00717894 0.05452945
v 0.01550006 -0.00717894 0.05452945
v 0.01550006 -0.00717894 0.05452945
v 0.01550006 -0.00717894 0.05452945
v 0.01550006 -0.00717894 0.05452945
v 0.01550006 -0.00717894 0.05452945
v 0.01550006 -0.00717894 0.05452945
v 0.02056755 -0.01165743 0.05375037
v 0.02056755 -0.01165743 0.05375037
v 0.02056755 -0.01165743 0.05375037
v 0.02056755 -0.01165743 0.05375037
v 0.02056755 -0.01165743 0.05375037
v 0.02056755 -0.00717894 0.05452944
v 0.02056755 -0.00717894 0.05452944
v 0.02056755 -0.00717894 0.05452944
v 0.02056755 -0.00717894 0.05452944
v 0.02056755 -0.00717894 0.05452944
v 0.01550006 0.00189423 0.05496735
v 0.01550006 0.00189423 0.05496735
v 0.01550006 0.00189423 0.05496735
v 0.01550006 0.00189423 0.05496735
v 0.01550006 0.00189423 0.05496735
v 0.01550006 0.00189423 0.05496735
v 0.01550006 0.01091572 0.05390589
v 0.01550006 0.01091572 0.05390589
v 0.01550006 0.01091572 0.05390589
v 0.01550006 0.01091572 0.05390589
v 0.01550006 0.01091572 0.05390589
v 0.01550006 0.01091572 0.05390589
v 0.01500006 0.01981801 0.05184105
v 0.01500006 0.01981801 0.05184105
v 0.01500006 0.01981801 0.05184105
v 0.01500006 0.02808048 0.04787207
v 0.01500006 0.02808048 0.04787207
v 0.01500006 0.02808048 0.04787207
v 0.01550003 0.04705289 0.02847850
v 0.01550003 0.04705289 0.02847850
v 0.01550003 0.04705289 0.02847850
v 0.01550003 0.04705289 0.02847850
v 0.01550003 0.04705289 0.02847850
v 0.01550004 0.04172373 0.03583474
v 0.01550004 0.04172373 0.03583474
v 0.01550004 0.04172373 0.03583474
v 0.01550004 0.04172373 0.03583474
v 0.01550004 0.04172373 0.03583474
v 0.01550004 0.04172373 0.03583474
v 0.01500003 0.04748064 0.02873740
v 0.01500003 0.04748064 0.02873740
v 0.01500003 0.04748064 0.02873740
v 0.01550002 0.05109856 0.02034544
v 0.01550002 0.05109856 0.02034544
v 0.01550002 0.05109856 0.02034544
v 0.01550002 0.05109856 0.02034544
v 0.01550002 0.05109856 0.02034544
v 0.01550002 0.05109856 0.02034544
v 0.02056751 0.04924391 0.02449563
v 0.02056751 0.04924391 0.02449563
v 0.02056751 0.04924391 0.02449563
v 0.02056751 0.04924391 0.02449563
v 0.02056751 0.04924391 0.02449563
v 0.01550001 0.05375039 0.01165741
v 0.01550001 0.05375039 0.01165741
v 0.01550001 0.05375039 0.01165741
v 0.01550001 0.05375039 0.01165741
v 0.01550001 0.05375039 0.01165741
v 0.01550001 0.05375039 0.01165741
v 0.01550001 0.05375039 0.01165741
v 0.02056750 0.05260414 0.01605626
v 0.02056750 0.05260414 0.01605626
v 0.02056750 0.05260414 0.01605626
v 0.02056750 0.05260414 0.01605626
v 0.02056750 0.05260414 0.01605626
v 0.02056751 0.05109856 0.02034544
v 0.02056751 0.05109856 0.02034544
v 0.02056751 0.05109856 0.02034544
v 0.02056751 0.05109856 0.02034544
v 0.02104722 0.05098468 0.02030009
v 0.02104722 0.05098468 0.02030009
v 0.02104722 0.05098468 0.02030009
v 0.02104722 0.05098468 0.02030009
v 0.02104722 0.05098468 0.02030009
v 0.02104722 0.05248690 0.01602048
v 0.02104722 0.05248690 0.01602048
v 0.02104722 0.05248690 0.01602048
v 0.02104722 0.05248690 0.01602048
v 0.02104721 0.05363060 0.01163142
v 0.02104721 0.05363060 0.01163142
v 0.02104721 0.05363060 0.01163142
v 0.02104721 0.05363060 0.01163142
v 0.02140933 0.05216394 0.01592190
v 0.02140933 0.05216394 0.01592190
v 0.02140933 0.05216394 0.01592190
v 0.02140933 0.05216394 0.01592190
v 0.02140933 0.05216394 0.01592190
v 0.02140932 0.05330060 0.01155985
v 0.02140932 0.05330060 0.01155985
v 0.02140932 0.05330060 0.01155985
v 0.02140932 0.05330060 0.01155985
v 0.02140932 0.05407315 0.00711884
v 0.02140932 0.05407315 0.00711884
v 0.02140932 0.05407315 0.00711884
v 0.02140932 0.05407315 0.00711884
v 0.02140931 0.05447634 0.00262920
v 0.02140931 0.05447634 0.00262920
v 0.02140931 0.05447634 0.00262920
v 0.02140931 0.05447634 0.00262920
v 0.02104721 0.05440794 0.00716292
v 0.02104721 0.05440794 0.00716292
v 0.02104721 0.05440794 0.00716292
v 0.02104721 0.05440794 0.00716292
v 0.02104720 0.05481362 0.00264548
v 0.02104720 0.05481362 0.00264548
v 0.02104720 0.05481362 0.00264548
v 0.02104720 0.05481362 0.00264548
v 0.02056749 0.05452947 0.00717892
v 0.02056749 0.05452947 0.00717892
v 0.02056749 0.05452947 0.00717892
v 0.02056749 0.05452947 0.00717892
v 0.02056750 0.05375039 0.01165740
v 0.02056750 0.05375039 0.01165740
v 0.02056750 0.05375039 0.01165740
v 0.02056750 0.05375039 0.01165740
v 0.02056749 0.05493606 0.00265139
v 0.02056749 0.05493606 0.00265139
v 0.02056749 0.05493606 0.00265139
v 0.02056749 0.05493606 0.00265139
v 0.02056749 0.05493606 0.00265139
v 0.01550000 0.05493606 0.00265140
v 0.01550000 0.05493606 0.00265140
v 0.01550000 0.05493606 0.00265140
v 0.01550000 0.05493606 0.00265140
v 0.01550000 0.05493606 0.00265140
v 0.02056748 0.05496737 -0.00189425
v 0.02056748 0.05496737 -0.00189425
v 0.02056748 0.05496737 -0.00189425
v 0.02056748 0.05496737 -0.00189425
v 0.02056748 0.05496737 -0.00189425
v 0.02104720 0.05484487 -0.00189003
v 0.02104720 0.05484487 -0.00189003
v 0.02104720 0.05484487 -0.00189003
v 0.02104720 0.05484487 -0.00189003
v 0.02104719 0.05450147 -0.00641263
v 0.02104719 0.05450147 -0.00641263
v 0.02104719 0.05450147 -0.00641263
v 0.02104719 0.05450147 -0.00641263
v 0.02140931 0.05450740 -0.00187840
v 0.02140931 0.05450740 -0.00187840
v 0.02140931 0.05450740 -0.00187840
v 0.02140931 0.05450740 -0.00187840
v 0.02140930 0.05416611 -0.00637317
v 0.02140930 0.05416611 -0.00637317
v 0.02140930 0.05416611 -0.00637317
v 0.02140930 0.05416611 -0.00637317
v 0.02140930 0.05345481 -0.01082440
v 0.02140930 0.05345481 -0.01082440
v 0.02140930 0.05345481 -0.01082440
v 0.02140930 0.05345481 -0.01082440
v 0.02104719 0.05378577 -0.01089142
v 0.02104719 0.05378577 -0.01089142
v 0.02104719 0.05378577 -0.01089142
v 0.02104719 0.05378577 -0.01089142
v 0.02140929 0.05237837 -0.01520170
v 0.02140929 0.05237837 -0.01520170
v 0.02140929 0.05237837 -0.01520170
v 0.02140929 0.05237837 -0.01520170
v 0.02104718 0.05270267 -0.01529581
v 0.02104718 0.05270267 -0.01529581
v 0.02104718 0.05270267 -0.01529581
v 0.02104718 0.05270267 -0.01529581
v 0.02156503 0.05050512 -0.01930732
v 0.02156503 0.05050512 -0.01930732
v 0.02156503 0.05050512 -0.01930732
v 0.02156503 0.05050512 -0.01930732
v 0.02140929 0.05094413 -0.01947515
v 0.02140929 0.05094413 -0.01947515
v 0.02140929 0.05094413 -0.01947515
v 0.02140929 0.05094413 -0.01947515
v 0.02104717 0.05125954 -0.01959572
v 0.02104717 0.05125954 -0.01959572
v 0.02104717 0.05125954 -0.01959572
v 0.02104717 0.05125954 -0.01959572
v 0.02140928 0.04916188 -0.02361556
v 0.02140928 0.04916188 -0.02361556
v 0.02140928 0.04916188 -0.02361556
v 0.02140928 0.04916188 -0.02361556
v 0.02104717 0.04946626 -0.02376177
v 0.02104717 0.04946626 -0.02376177
v 0.02104717 0.04946626 -0.02376177
v 0.02104717 0.04946626 -0.02376177
v 0.02104717 0.04946626 -0.02376177
v 0.02140928 0.04704382 -0.02759466
v 0.02140928 0.04704382 -0.02759466
v 0.02140928 0.04704382 -0.02759466
v 0.02140928 0.04704382 -0.02759466
v 0.02140928 0.04704382 -0.02759466
v 0.02140927 0.04460439 -0.03138526
v 0.02140927 0.04460439 -0.03138526
v 0.02140927 0.04460439 -0.03138526
v 0.02140927 0.04460439 -0.03138526
v 0.02104717 0.04733508 -0.02776551
v 0.02104717 0.04733508 -0.02776551
v 0.02104717 0.04733508 -0.02776551
v 0.02104717 0.04733508 -0.02776551
v 0.02056746 0.04957675 -0.02381485
v 0.02056746 0.04957675 -0.02381485
v 0.02056746 0.04957675 -0.02381485
v 0.02056746 0.04957675 -0.02381485
v 0.02104716 0.04488055 -0.03157957
v 0.02104716 0.04488055 -0.03157957
v 0.02104716 0.04488055 -0.03157957
v 0.02104716 0.04488055 -0.03157957
v 0.02104716 0.04488055 -0.03157957
v 0.02056745 0.04744081 -0.02782752
v 0.02056745 0.04744081 -0.02782752
v 0.02056745 0.04744081 -0.02782752
v 0.02056745 0.04744081 -0.02782752
v 0.02056745 0.04744081 -0.02782752
v 0.01549997 0.04957675 -0.02381484
v 0.01549997 0.04957675 -0.02381484
v 0.01549997 0.04957675 -0.02381484
v 0.01549997 0.04957675 -0.02381484
v 0.01549997 0.04957675 -0.02381484
v 0.01549997 0.04957675 -0.02381484
v 0.01549997 0.04957675 -0.02381484
v 0.02056745 0.04498080 -0.03165011
v 0.02056745 0.04498080 -0.03165011
v 0.02056745 0.04498080 -0.03165011
v 0.02056745 0.04498080 -0.03165011
v 0.02056745 0.04498080 -0.03165011
v 0.01549996 0.04498080 -0.03165010
v 0.01549996 0.04498080 -0.03165010
v 0.01549996 0.04498080 -0.03165010
v 0.01549996 0.04498080 -0.03165010
v 0.01549996 0.04498080 -0.03165010
v 0.02056744 0.04221352 -0.03525649
v 0.02056744 0.04221352 -0.03525649
v 0.02056744 0.04221352 -0.03525649
v 0.02056744 0.04221352 -0.03525649
v 0.02056744 0.04221352 -0.03525649
v 0.02104716 0.04211944 -0.03517792
v 0.02104716 0.04211944 -0.03517792
v 0.02104716 0.04211944 -0.03517792
v 0.02104716 0.04211944 -0.03517792
v 0.02104715 0.03907062 -0.03853597
v 0.02104715 0.03907062 -0.03853597
v 0.02104715 0.03907062 -0.03853597
v 0.02104715 0.03907062 -0.03853597
v 0.02140927 0.04186027 -0.03496146
v 0.02140927 0.04186027 -0.03496146
v 0.02140927 0.04186027 -0.03496146
v 0.02140927 0.04186027 -0.03496146
v 0.02140927 0.03883021 -0.03829885
v 0.02140927 0.03883021 -0.03829885
v 0.02140927 0.03883021 -0.03829885
v 0.02140927 0.03883021 -0.03829885
v 0.02140926 0.03553489 -0.04137461
v 0.02140926 0.03553489 -0.04137461
v 0.02140926 0.03553489 -0.04137461
v 0.02140926 0.03553489 -0.04137461
v 0.02104715 0.03575490 -0.04163077
v 0.02104715 0.03575490 -0.04163077
v 0.02104715 0.03575490 -0.04163077
v 0.02104715 0.03575490 -0.04163077
v 0.02140926 0.03199683 -0.04416774
v 0.02140926 0.03199683 -0.04416774
v 0.02140926 0.03199683 -0.04416774
v 0.02140926 0.03199683 -0.04416774
v 0.02104715 0.03219494 -0.04444120
v 0.02104715 0.03219494 -0.04444120
v 0.02104715 0.03219494 -0.04444120
v 0.02104715 0.03219494 -0.04444120
v 0.02156500 0.02799685 -0.04625708
v 0.02156500 0.02799685 -0.04625708
v 0.02156500 0.02799685 -0.04625708
v 0.02156500 0.02799685 -0.04625708
v 0.02156500 0.02799685 -0.04625708
v 0.02140926 0.02824021 -0.04665916
v 0.02140926 0.02824021 -0.04665916
v 0.02140926 0.02824021 -0.04665916
v 0.02140926 0.02824021 -0.04665916
v 0.02104714 0.02841505 -0.04694805
v 0.02104714 0.02841505 -0.04694805
v 0.02104714 0.02841505 -0.04694805
v 0.02104714 0.02841505 -0.04694805
v 0.02140925 0.02429067 -0.04883185
v 0.02140925 0.02429067 -0.04883185
v 0.02140925 0.02429067 -0.04883185
v 0.02140925 0.02429067 -0.04883185
v 0.02156499 0.02408135 -0.04841105
v 0.02156499 0.02408135 -0.04841105
v 0.02156499 0.02408135 -0.04841105
v 0.02156499 0.02408135 -0.04841105
v 0.02297560 0.01253922 -0.03149286
v 0.02297560 0.01253922 -0.03149286
v 0.02297560 0.01253922 -0.03149286
v 0.02297560 0.01253922 -0.03149286
v 0.02156499 0.02000135 -0.05023433
v 0.02156499 0.02000135 -0.05023433
v 0.02156499 0.02000135 -0.05023433
v 0.02156499 0.02000135 -0.05023433
v 0.02297560 0.00989574 -0.03242078
v 0.02297560 0.00989574 -0.03242078
v 0.02297560 0.00989574 -0.03242078
v 0.02297560 0.00989574 -0.03242078
v 0.02156499 0.01578472 -0.05171444
v 0.02156499 0.01578472 -0.05171444
v 0.02156499 0.01578472 -0.05171444
v 0.02156499 0.01578472 -0.05171444
v 0.02140925 0.02017521 -0.05067098
v 0.02140925 0.02017521 -0.05067098
v 0.02140925 0.02017521 -0.05067098
v 0.02140925 0.02017521 -0.05067098
v 0.02140925 0.01592192 -0.05216397
v 0.02140925 0.01592192 -0.05216397
v 0.02140925 0.01592192 -0.05216397
v 0.02140925 0.01592192 -0.05216397
v 0.02104714 0.02444106 -0.04913419
v 0.02104714 0.02444106 -0.04913419
v 0.02104714 0.02444106 -0.04913419
v 0.02104714 0.02444106 -0.04913419
v 0.02104714 0.02030012 -0.05098470
v 0.02104714 0.02030012 -0.05098470
v 0.02104714 0.02030012 -0.05098470
v 0.02104714 0.02030012 -0.05098470
v 0.02056743 0.02034546 -0.05109858
v 0.02056743 0.02034546 -0.05109858
v 0.02056743 0.02034546 -0.05109858
v 0.02056743 0.02034546 -0.05109858
v 0.02056743 0.02449566 -0.04924394
v 0.02056743 0.02449566 -0.04924394
v 0.02056743 0.02449566 -0.04924394
v 0.02056743 0.02449566 -0.04924394
v 0.02056743 0.02449566 -0.04924394
v 0.02104714 0.01602050 -0.05248693
v 0.02104714 0.01602050 -0.05248693
v 0.02104714 0.01602050 -0.05248693
v 0.02104714 0.01602050 -0.05248693
v 0.02056742 0.01605628 -0.05260416
v 0.02056742 0.01605628 -0.05260416
v 0.02056742 0.01605628 -0.05260416
v 0.02056742 0.01605628 -0.05260416
v 0.02056742 0.01605628 -0.05260416
v 0.02104714 0.01163145 -0.05363062
v 0.02104714 0.01163145 -0.05363062
v 0.02104714 0.01163145 -0.05363062
v 0.02104714 0.01163145 -0.05363062
v 0.02140925 0.01155988 -0.05330062
v 0.02140925 0.01155988 -0.05330062
v 0.02140925 0.01155988 -0.05330062
v 0.02140925 0.01155988 -0.05330062
v 0.02140925 0.01155988 -0.05330062
v 0.02156499 0.01146026 -0.05284131
v 0.02156499 0.01146026 -0.05284131
v 0.02156499 0.01146026 -0.05284131
v 0.02156499 0.01146026 -0.05284131
v 0.02156499 0.00705752 -0.05360721
v 0.02156499 0.00705752 -0.05360721
v 0.02156499 0.00705752 -0.05360721
v 0.02156499 0.00705752 -0.05360721
v 0.02156499 0.00705752 -0.05360721
v 0.02140925 0.00711887 -0.05407318
v 0.02140925 0.00711887 -0.05407318
v 0.02140925 0.00711887 -0.05407318
v 0.02140925 0.00711887 -0.05407318
v 0.02156499 0.00260657 -0.05400692
v 0.02156499 0.00260657 -0.05400692
v 0.02156499 0.00260657 -0.05400692
v 0.02156499 0.00260657 -0.05400692
v 0.02104714 0.00716294 -0.05440797
v 0.02104714 0.00716294 -0.05440797
v 0.02104714 0.00716294 -0.05440797
v 0.02104714 0.00716294 -0.05440797
v 0.02140925 0.00262923 -0.05447636
v 0.02140925 0.00262923 -0.05447636
v 0.02140925 0.00262923 -0.05447636
v 0.02140925 0.00262923 -0.05447636
v 0.02140925 -0.00187837 -0.05450742
v 0.02140925 -0.00187837 -0.05450742
v 0.02140925 -0.00187837 -0.05450742
v 0.02140925 -0.00187837 -0.05450742
v 0.02156499 -0.00186219 -0.05403770
v 0.02156499 -0.00186219 -0.05403770
v 0.02156499 -0.00186219 -0.05403770
v 0.02156499 -0.00186219 -0.05403770
v 0.02104713 0.00264550 -0.05481365
v 0.02104713 0.00264550 -0.05481365
v 0.02104713 0.00264550 -0.05481365
v 0.02104713 0.00264550 -0.05481365
v 0.02104713 -0.00189000 -0.05484489
v 0.02104713 -0.00189000 -0.05484489
v 0.02104713 -0.00189000 -0.05484489
v 0.02104713 -0.00189000 -0.05484489
v 0.02104713 -0.00189000 -0.05484489
v 0.02104713 -0.00189000 -0.05484489
v 0.02056742 0.00265141 -0.05493608
v 0.02056742 0.00265141 -0.05493608
v 0.02056742 0.00265141 -0.05493608
v 0.02056742 0.00265141 -0.05493608
v 0.02056742 0.00265141 -0.05493608
v 0.02056742 0.00265141 -0.05493608
v 0.02056742 0.00717894 -0.05452949
v 0.02056742 0.00717894 -0.05452949
v 0.02056742 0.00717894 -0.05452949
v 0.02056742 0.00717894 -0.05452949
v 0.02056742 0.00717894 -0.05452949
v 0.01549994 0.00717894 -0.05452948
v 0.01549994 0.00717894 -0.05452948
v 0.01549994 0.00717894 -0.05452948
v 0.01549994 0.00717894 -0.05452948
v 0.01549994 0.00717894 -0.05452948
v 0.01549994 0.01605628 -0.05260416
v 0.01549994 0.01605628 -0.05260416
v 0.01549994 0.01605628 -0.05260416
v 0.01549994 0.01605628 -0.05260416
v 0.01549994 0.01605628 -0.05260416
v 0.01549994 0.01605628 -0.05260416
v 0.02056742 0.01165743 -0.05375041
v 0.02056742 0.01165743 -0.05375041
v 0.02056742 0.01165743 -0.05375041
v 0.02056742 0.01165743 -0.05375041
v 0.01549994 0.02449566 -0.04924393
v 0.01549994 0.02449566 -0.04924393
v 0.01549994 0.02449566 -0.04924393
v 0.01549994 0.02449566 -0.04924393
v 0.01549994 0.02449566 -0.04924393
v 0.01549994 0.02449566 -0.04924393
v 0.01549995 0.03226685 -0.04454046
v 0.01549995 0.03226685 -0.04454046
v 0.01549995 0.03226685 -0.04454046
v 0.01549995 0.03226685 -0.04454046
v 0.01549995 0.03226685 -0.04454046
v 0.01549995 0.03226685 -0.04454046
v 0.01549995 0.03226685 -0.04454046
v 0.01549996 0.03915789 -0.03862203
v 0.01549996 0.03915789 -0.03862203
v 0.01549996 0.03915789 -0.03862203
v 0.01549996 0.03915789 -0.03862203
v 0.01549996 0.03915789 -0.03862203
v 0.01549996 0.03915789 -0.03862203
v 0.01549996 0.03915789 -0.03862203
v 0.02056744 0.03583476 -0.04172376
v 0.02056744 0.03583476 -0.04172376
v 0.02056744 0.03583476 -0.04172376
v 0.02056744 0.03583476 -0.04172376
v 0.02056744 0.03583476 -0.04172376
v 0.02056743 0.03226685 -0.04454046
v 0.02056743 0.03226685 -0.04454046
v 0.02056743 0.03226685 -0.04454046
v 0.02056743 0.03226685 -0.04454046
v 0.02056743 0.02847852 -0.04705291
v 0.02056743 0.02847852 -0.04705291
v 0.02056743 0.02847852 -0.04705291
v 0.02056743 0.02847852 -0.04705291
v 0.02056744 0.03915789 -0.03862204
v 0.02056744 0.03915789 -0.03862204
v 0.02056744 0.03915789 -0.03862204
v 0.02056744 0.03915789 -0.03862204
v 0.01499996 0.04538971 -0.03193783
v 0.01499996 0.04538971 -0.03193783
v 0.01499996 0.04538971 -0.03193783
v 0.01499996 0.04538971 -0.03193783
v 0.01499997 0.05002745 -0.02403134
v 0.01499997 0.05002745 -0.02403134
v 0.01499997 0.05002745 -0.02403134
v 0.01549994 -0.00189423 -0.05496739
v 0.01549994 -0.00189423 -0.05496739
v 0.01549994 -0.00189423 -0.05496739
v 0.01549994 -0.00189423 -0.05496739
v 0.01549994 -0.00189423 -0.05496739
v 0.01549994 -0.00189423 -0.05496739
v 0.01549994 -0.01091572 -0.05390593
v 0.01549994 -0.01091572 -0.05390593
v 0.01549994 -0.01091572 -0.05390593
v 0.01549994 -0.01091572 -0.05390593
v 0.01549994 -0.01091572 -0.05390593
v 0.01549994 -0.01091572 -0.05390593
v 0.01549994 -0.01091572 -0.05390593
v 0.02056742 -0.00642693 -0.05462323
v 0.02056742 -0.00642693 -0.05462323
v 0.02056742 -0.00642693 -0.05462323
v 0.02056742 -0.00642693 -0.05462323
v 0.02056742 -0.00642693 -0.05462323
v 0.02056742 -0.00189423 -0.05496740
v 0.02056742 -0.00189423 -0.05496740
v 0.02056742 -0.00189423 -0.05496740
v 0.02056742 -0.00189423 -0.05496740
v 0.02056742 -0.00189423 -0.05496740
v 0.02104713 -0.00641260 -0.05450150
v 0.02104713 -0.00641260 -0.05450150
v 0.02104713 -0.00641260 -0.05450150
v 0.02104713 -0.00641260 -0.05450150
v 0.02104713 -0.00641260 -0.05450150
v 0.02104713 -0.00641260 -0.05450150
v 0.02104714 -0.01089140 -0.05378580
v 0.02104714 -0.01089140 -0.05378580
v 0.02104714 -0.01089140 -0.05378580
v 0.02104714 -0.01089140 -0.05378580
v 0.02140925 -0.00637314 -0.05416613
v 0.02140925 -0.00637314 -0.05416613
v 0.02140925 -0.00637314 -0.05416613
v 0.02140925 -0.00637314 -0.05416613
v 0.02140925 -0.00637314 -0.05416613
v 0.02140925 -0.01082438 -0.05345484
v 0.02140925 -0.01082438 -0.05345484
v 0.02140925 -0.01082438 -0.05345484
v 0.02140925 -0.01082438 -0.05345484
v 0.02140925 -0.01082438 -0.05345484
v 0.02156499 -0.01507067 -0.05192703
v 0.02156499 -0.01507067 -0.05192703
v 0.02156499 -0.01507067 -0.05192703
v 0.02156499 -0.01507067 -0.05192703
v 0.02140925 -0.01520167 -0.05237839
v 0.02140925 -0.01520167 -0.05237839
v 0.02140925 -0.01520167 -0.05237839
v 0.02140925 -0.01520167 -0.05237839
v 0.02156499 -0.01073110 -0.05299420
v 0.02156499 -0.01073110 -0.05299420
v 0.02156499 -0.01073110 -0.05299420
v 0.02156499 -0.01073110 -0.05299420
v 0.02156499 -0.00631822 -0.05369936
v 0.02156499 -0.00631822 -0.05369936
v 0.02156499 -0.00631822 -0.05369936
v 0.02156499 -0.00631822 -0.05369936
v 0.02297560 -0.00672753 -0.03322308
v 0.02297560 -0.00672753 -0.03322308
v 0.02297560 -0.00672753 -0.03322308
v 0.02297560 -0.00672753 -0.03322308
v 0.02297560 -0.00944809 -0.03255405
v 0.02297560 -0.00944809 -0.03255405
v 0.02297560 -0.00944809 -0.03255405
v 0.02297560 -0.00944809 -0.03255405
v 0.02297560 -0.00396101 -0.03366516
v 0.02297560 -0.00396101 -0.03366516
v 0.02297560 -0.00396101 -0.03366516
v 0.02297560 -0.00396101 -0.03366516
v 0.02297560 -0.00116744 -0.03387728
v 0.02297560 -0.00116744 -0.03387728
v 0.02297560 -0.00116744 -0.03387728
v 0.02297560 -0.00116744 -0.03387728
v 0.02299996 -0.00114342 -0.03318012
v 0.02299996 -0.00114342 -0.03318012
v 0.02299996 -0.00114342 -0.03318012
v 0.02297560 0.00163411 -0.03385797
v 0.02297560 0.00163411 -0.03385797
v 0.02297560 0.00163411 -0.03385797
v 0.02297560 0.00163411 -0.03385797
v 0.02299996 0.00160048 -0.03316122
v 0.02299996 0.00160048 -0.03316122
v 0.02299996 0.00160048 -0.03316122
v 0.02297560 0.00442449 -0.03360739
v 0.02297560 0.00442449 -0.03360739
v 0.02297560 0.00442449 -0.03360739
v 0.02297560 0.00442449 -0.03360739
v 0.02299996 0.00433344 -0.03291579
v 0.02299996 0.00433344 -0.03291579
v 0.02299996 0.00433344 -0.03291579
v 0.02297560 0.00718465 -0.03312723
v 0.02297560 0.00718465 -0.03312723
v 0.02297560 0.00718465 -0.03312723
v 0.02297560 0.00718465 -0.03312723
v 0.02299996 0.00703680 -0.03244552
v 0.02299996 0.00703680 -0.03244552
v 0.02299996 0.00703680 -0.03244552
v 0.02104714 -0.01529579 -0.05270269
v 0.02104714 -0.01529579 -0.05270269
v 0.02104714 -0.01529579 -0.05270269
v 0.02104714 -0.01529579 -0.05270269
v 0.02140925 -0.01947512 -0.05094415
v 0.02140925 -0.01947512 -0.05094415
v 0.02140925 -0.01947512 -0.05094415
v 0.02140925 -0.01947512 -0.05094415
v 0.02104714 -0.01959570 -0.05125957
v 0.02104714 -0.01959570 -0.05125957
v 0.02104714 -0.01959570 -0.05125957
v 0.02104714 -0.01959570 -0.05125957
v 0.02140925 -0.02361554 -0.04916191
v 0.02140925 -0.02361554 -0.04916191
v 0.02140925 -0.02361554 -0.04916191
v 0.02140925 -0.02361554 -0.04916191
v 0.02104714 -0.02376175 -0.04946629
v 0.02104714 -0.02376175 -0.04946629
v 0.02104714 -0.02376175 -0.04946629
v 0.02104714 -0.02376175 -0.04946629
v 0.02140925 -0.02759464 -0.04704384
v 0.02140925 -0.02759464 -0.04704384
v 0.02140925 -0.02759464 -0.04704384
v 0.02140925 -0.02759464 -0.04704384
v 0.02140925 -0.02759464 -0.04704384
v 0.02104714 -0.02776548 -0.04733511
v 0.02104714 -0.02776548 -0.04733511
v 0.02104714 -0.02776548 -0.04733511
v 0.02104714 -0.02776548 -0.04733511
v 0.02140926 -0.03138523 -0.04460441
v 0.02140926 -0.03138523 -0.04460441
v 0.02140926 -0.03138523 -0.04460441
v 0.02140926 -0.03138523 -0.04460441
v 0.02140926 -0.03496144 -0.04186030
v 0.02140926 -0.03496144 -0.04186030
v 0.02140926 -0.03496144 -0.04186030
v 0.02140926 -0.03496144 -0.04186030
v 0.02104715 -0.03157955 -0.04488058
v 0.02104715 -0.03157955 -0.04488058
v 0.02104715 -0.03157955 -0.04488058
v 0.02104715 -0.03157955 -0.04488058
v 0.02104715 -0.03157955 -0.04488058
v 0.02056743 -0.02782750 -0.04744083
v 0.02056743 -0.02782750 -0.04744083
v 0.02056743 -0.02782750 -0.04744083
v 0.02056743 -0.02782750 -0.04744083
v 0.02056743 -0.02782750 -0.04744083
v 0.02056743 -0.03165009 -0.04498082
v 0.02056743 -0.03165009 -0.04498082
v 0.02056743 -0.03165009 -0.04498082
v 0.02056743 -0.03165009 -0.04498082
v 0.02056743 -0.03165009 -0.04498082
v 0.02104715 -0.03517789 -0.04211947
v 0.02104715 -0.03517789 -0.04211947
v 0.02104715 -0.03517789 -0.04211947
v 0.02104715 -0.03517789 -0.04211947
v 0.02056744 -0.03525647 -0.04221354
v 0.02056744 -0.03525647 -0.04221354
v 0.02056744 -0.03525647 -0.04221354
v 0.02056744 -0.03525647 -0.04221354
v 0.02104715 -0.03853594 -0.03907064
v 0.02104715 -0.03853594 -0.03907064
v 0.02104715 -0.03853594 -0.03907064
v 0.02104715 -0.03853594 -0.03907064
v 0.02140926 -0.03829882 -0.03883023
v 0.02140926 -0.03829882 -0.03883023
v 0.02140926 -0.03829882 -0.03883023
v 0.02140926 -0.03829882 -0.03883023
v 0.02140927 -0.04137458 -0.03553491
v 0.02140927 -0.04137458 -0.03553491
v 0.02140927 -0.04137458 -0.03553491
v 0.02140927 -0.04137458 -0.03553491
v 0.02156501 -0.04101804 -0.03522869
v 0.02156501 -0.04101804 -0.03522869
v 0.02156501 -0.04101804 -0.03522869
v 0.02156501 -0.04101804 -0.03522869
v 0.02297562 -0.02745097 -0.01988659
v 0.02297562 -0.02745097 -0.01988659
v 0.02297562 -0.02745097 -0.01988659
v 0.02297562 -0.02745097 -0.01988659
v 0.02156501 -0.04378710 -0.03172113
v 0.02156501 -0.04378710 -0.03172113
v 0.02156501 -0.04378710 -0.03172113
v 0.02156501 -0.04378710 -0.03172113
v 0.02297562 -0.02899943 -0.01755178
v 0.02297562 -0.02899943 -0.01755178
v 0.02297562 -0.02899943 -0.01755178
v 0.02297562 -0.02899943 -0.01755178
v 0.02156502 -0.04625706 -0.02799687
v 0.02156502 -0.04625706 -0.02799687
v 0.02156502 -0.04625706 -0.02799687
v 0.02156502 -0.04625706 -0.02799687
v 0.02140927 -0.04416772 -0.03199686
v 0.02140927 -0.04416772 -0.03199686
v 0.02140927 -0.04416772 -0.03199686
v 0.02140927 -0.04416772 -0.03199686
v 0.02104716 -0.04444117 -0.03219496
v 0.02104716 -0.04444117 -0.03219496
v 0.02104716 -0.04444117 -0.03219496
v 0.02104716 -0.04444117 -0.03219496
v 0.02140928 -0.04665913 -0.02824023
v 0.02140928 -0.04665913 -0.02824023
v 0.02140928 -0.04665913 -0.02824023
v 0.02140928 -0.04665913 -0.02824023
v 0.02104716 -0.04163074 -0.03575492
v 0.02104716 -0.04163074 -0.03575492
v 0.02104716 -0.04163074 -0.03575492
v 0.02104716 -0.04163074 -0.03575492
v 0.02056744 -0.04172373 -0.03583479
v 0.02056744 -0.04172373 -0.03583479
v 0.02056744 -0.04172373 -0.03583479
v 0.02056744 -0.04172373 -0.03583479
v 0.02056744 -0.04172373 -0.03583479
v 0.02056744 -0.03862201 -0.03915791
v 0.02056744 -0.03862201 -0.03915791
v 0.02056744 -0.03862201 -0.03915791
v 0.02056744 -0.03862201 -0.03915791
v 0.01549995 -0.03525647 -0.04221354
v 0.01549995 -0.03525647 -0.04221354
v 0.01549995 -0.03525647 -0.04221354
v 0.01549995 -0.03525647 -0.04221354
v 0.01549995 -0.03525647 -0.04221354
v 0.01549995 -0.03525647 -0.04221354
v 0.01549995 -0.03525647 -0.04221354
v 0.01549996 -0.04172373 -0.03583478
v 0.01549996 -0.04172373 -0.03583478
v 0.01549996 -0.04172373 -0.03583478
v 0.01549996 -0.04172373 -0.03583478
v 0.01549996 -0.04172373 -0.03583478
v 0.01549996 -0.04172373 -0.03583478
v 0.01549994 -0.02782750 -0.04744083
v 0.01549994 -0.02782750 -0.04744083
v 0.01549994 -0.02782750 -0.04744083
v 0.01549994 -0.02782750 -0.04744083
v 0.01549994 -0.02782750 -0.04744083
v 0.01549994 -0.02782750 -0.04744083
v 0.01549994 -0.01963947 -0.05137405
v 0.01549994 -0.01963947 -0.05137405
v 0.01549994 -0.01963947 -0.05137405
v 0.01549994 -0.01963947 -0.05137405
v 0.01549994 -0.01963947 -0.05137405
v 0.02056743 -0.02381482 -0.04957677
v 0.02056743 -0.02381482 -0.04957677
v 0.02056743 -0.02381482 -0.04957677
v 0.02056743 -0.02381482 -0.04957677
v 0.02056743 -0.02381482 -0.04957677
v 0.01499994 -0.01981801 -0.05184109
v 0.01499994 -0.01981801 -0.05184109
v 0.01499994 -0.01981801 -0.05184109
v 0.01499994 -0.01101496 -0.05439598
v 0.01499994 -0.01101496 -0.05439598
v 0.01499994 -0.01101496 -0.05439598
v 0.01499994 -0.01517205 -0.05442482
v 0.01499994 -0.01517205 -0.05442482
v 0.01499994 -0.01517205 -0.05442482
v 0.01499994 -0.01517205 -0.05442482
v 0.01499994 -0.01517205 -0.05442482
v 0.02056742 -0.01963947 -0.05137406
v 0.02056742 -0.01963947 -0.05137406
v 0.02056742 -0.01963947 -0.05137406
v 0.02056742 -0.01963947 -0.05137406
v 0.02056742 -0.01963947 -0.05137406
v 0.02056742 -0.01532995 -0.05282040
v 0.02056742 -0.01532995 -0.05282040
v 0.02056742 -0.01532995 -0.05282040
v 0.02056742 -0.01532995 -0.05282040
v 0.02056742 -0.01091572 -0.05390593
v 0.02056742 -0.01091572 -0.05390593
v 0.02056742 -0.01091572 -0.05390593
v 0.02056742 -0.01091572 -0.05390593
v 0.02056745 -0.04705289 -0.02847854
v 0.02056745 -0.04705289 -0.02847854
v 0.02056745 -0.04705289 -0.02847854
v 0.02056745 -0.04705289 -0.02847854
v 0.02056745 -0.04705289 -0.02847854
v 0.02056745 -0.04454044 -0.03226687
v 0.02056745 -0.04454044 -0.03226687
v 0.02056745 -0.04454044 -0.03226687
v 0.02056745 -0.04454044 -0.03226687
v 0.01499996 -0.04210304 -0.03616055
v 0.01499996 -0.04210304 -0.03616055
v 0.01499996 -0.04210304 -0.03616055
v 0.02104717 -0.04694802 -0.02841508
v 0.02104717 -0.04694802 -0.02841508
v 0.02104717 -0.04694802 -0.02841508
v 0.02104717 -0.04694802 -0.02841508
v 0.02104717 -0.04694802 -0.02841508
v 0.02104717 -0.04913417 -0.02444109
v 0.02104717 -0.04913417 -0.02444109
v 0.02104717 -0.04913417 -0.02444109
v 0.02104717 -0.04913417 -0.02444109
v 0.02140928 -0.04883183 -0.02429070
v 0.02140928 -0.04883183 -0.02429070
v 0.02140928 -0.04883183 -0.02429070
v 0.02140928 -0.04883183 -0.02429070
v 0.02140928 -0.04883183 -0.02429070
v 0.02156502 -0.04841102 -0.02408137
v 0.02156502 -0.04841102 -0.02408137
v 0.02156502 -0.04841102 -0.02408137
v 0.02156502 -0.04841102 -0.02408137
v 0.02140929 -0.05067095 -0.02017523
v 0.02140929 -0.05067095 -0.02017523
v 0.02140929 -0.05067095 -0.02017523
v 0.02140929 -0.05067095 -0.02017523
v 0.02156503 -0.05023430 -0.02000137
v 0.02156503 -0.05023430 -0.02000137
v 0.02156503 -0.05023430 -0.02000137
v 0.02156503 -0.05023430 -0.02000137
v 0.02297563 -0.03149284 -0.01253925
v 0.02297563 -0.03149284 -0.01253925
v 0.02297563 -0.03149284 -0.01253925
v 0.02297563 -0.03149284 -0.01253925
v 0.02297562 -0.03034979 -0.01509708
v 0.02297562 -0.03034979 -0.01509708
v 0.02297562 -0.03034979 -0.01509708
v 0.02297562 -0.03034979 -0.01509708
v 0.02299999 -0.03084475 -0.01228121
v 0.02299999 -0.03084475 -0.01228121
v 0.02299999 -0.03084475 -0.01228121
v 0.02056746 0.05137403 -0.01963949
v 0.02056746 0.05137403 -0.01963949
v 0.02056746 0.05137403 -0.01963949
v 0.02056746 0.05137403 -0.01963949
v 0.02056746 0.05137403 -0.01963949
v 0.01549998 0.05282038 -0.01532997
v 0.01549998 0.05282038 -0.01532997
v 0.01549998 0.05282038 -0.01532997
v 0.01549998 0.05282038 -0.01532997
v 0.01549998 0.05282038 -0.01532997
v 0.02056747 0.05282038 -0.01532998
v 0.02056747 0.05282038 -0.01532998
v 0.02056747 0.05282038 -0.01532998
v 0.02056747 0.05282038 -0.01532998
v 0.02056747 0.05282038 -0.01532998
v 0.01549999 0.05462321 -0.00642694
v 0.01549999 0.05462321 -0.00642694
v 0.01549999 0.05462321 -0.00642694
v 0.01549999 0.05462321 -0.00642694
v 0.01549999 0.05462321 -0.00642694
v 0.01549999 0.05462321 -0.00642694
v 0.01549999 0.05462321 -0.00642694
v 0.02056748 0.05462321 -0.00642695
v 0.02056748 0.05462321 -0.00642695
v 0.02056748 0.05462321 -0.00642695
v 0.02056748 0.05462321 -0.00642695
v 0.02056747 0.05390591 -0.01091575
v 0.02056747 0.05390591 -0.01091575
v 0.02056747 0.05390591 -0.01091575
v 0.02056747 0.05390591 -0.01091575
v 0.02140933 0.05067095 0.02017518
v 0.02140933 0.05067095 0.02017518
v 0.02140933 0.05067095 0.02017518
v 0.02140933 0.05067095 0.02017518
v 0.02104723 0.04913417 0.02444104
v 0.02104723 0.04913417 0.02444104
v 0.02104723 0.04913417 0.02444104
v 0.02104723 0.04913417 0.02444104
v 0.02140934 0.04883183 0.02429065
v 0.02140934 0.04883183 0.02429065
v 0.02140934 0.04883183 0.02429065
v 0.02140934 0.04883183 0.02429065
v 0.02140934 0.04665913 0.02824018
v 0.02140934 0.04665913 0.02824018
v 0.02140934 0.04665913 0.02824018
v 0.02140934 0.04665913 0.02824018
v 0.02104723 0.04694802 0.02841503
v 0.02104723 0.04694802 0.02841503
v 0.02104723 0.04694802 0.02841503
v 0.02104723 0.04694802 0.02841503
v 0.02056752 0.04705289 0.02847850
v 0.02056752 0.04705289 0.02847850
v 0.02056752 0.04705289 0.02847850
v 0.02056752 0.04705289 0.02847850
v 0.02056752 0.04705289 0.02847850
v 0.02056752 0.04454044 0.03226683
v 0.02056752 0.04454044 0.03226683
v 0.02056752 0.04454044 0.03226683
v 0.02056752 0.04454044 0.03226683
v 0.02104724 0.04444117 0.03219491
v 0.02104724 0.04444117 0.03219491
v 0.02104724 0.04444117 0.03219491
v 0.02104724 0.04444117 0.03219491
v 0.02056753 0.04172373 0.03583474
v 0.02056753 0.04172373 0.03583474
v 0.02056753 0.04172373 0.03583474
v 0.02056753 0.04172373 0.03583474
v 0.02056753 0.04172373 0.03583474
v 0.02140935 0.04416772 0.03199681
v 0.02140935 0.04416772 0.03199681
v 0.02140935 0.04416772 0.03199681
v 0.02140935 0.04416772 0.03199681
v 0.02140935 0.04416772 0.03199681
v 0.02350450 0.04430374 -0.03259934
v 0.02350450 0.04430374 -0.03259934
v 0.02350450 0.04430374 -0.03259934
v 0.02350450 0.04430374 -0.03259934
v 0.02350450 0.04430374 -0.03259934
v 0.02350450 0.04430374 -0.03259934
v 0.02350449 0.03170055 -0.04495123
v 0.02350449 0.03170055 -0.04495123
v 0.02350449 0.03170055 -0.04495123
v 0.02350449 0.03170055 -0.04495123
v 0.02350449 0.03170055 -0.04495123
v 0.02350449 0.03170055 -0.04495123
v 0.02350449 0.02449783 -0.04924830
v 0.02350449 0.02449783 -0.04924830
v 0.02350449 0.02449783 -0.04924830
v 0.02350449 0.02449783 -0.04924830
v 0.02350449 0.02449783 -0.04924830
v 0.02350449 0.02407936 -0.04945425
v 0.02350449 0.02407936 -0.04945425
v 0.02350449 0.02407936 -0.04945425
v 0.02350449 0.02407936 -0.04945425
v 0.02350449 0.02407936 -0.04945425
v 0.02350449 0.02407936 -0.04945425
f 16 1 4
f 3 9 5
f 2 15 8
f 16 10 1
f 12 15 2
f 21 25 29
f 48 26 22
f 20 28 35
f 18 31 46
f 34 32 19
f 16 4 36
f 37 49 23
f 39 10 16
f 17 45 42
f 50 47 52
f 51 47 50
f 51 24 47
f 37 53 49
f 50 52 55
f 59 56 54
f 59 54 38
f 58 61 64
f 58 67 61
f 65 57 60
f 36 67 58
f 36 4 67
f 6 72 68
f 68 72 74
f 69 75 62
f 70 79 73
f 62 75 77
f 73 82 76
f 73 79 82
f 81 89 83
f 76 82 85
f 84 92 86
f 84 90 92
f 100 91 88
f 97 94 91
f 87 93 95
f 97 91 100
f 100 88 103
f 108 98 102
f 111 101 105
f 107 101 111
f 110 104 114
f 117 109 112
f 109 115 106
f 109 116 115
f 116 109 117
f 118 119 117
f 117 112 118
f 117 120 116
f 117 119 120
f 116 120 121
f 120 123 121
f 120 122 123
f 119 122 120
f 121 123 124
f 123 126 124
f 122 125 123
f 123 125 126
f 126 127 137
f 130 127 126
f 126 133 130
f 125 133 126
f 126 137 136
f 124 126 136
f 148 137 127
f 136 137 138
f 138 137 140
f 137 139 144
f 137 147 139
f 140 137 144
f 143 147 137
f 148 143 137
f 151 143 148
f 156 152 150
f 155 149 158
f 158 149 128
f 163 154 157
f 159 129 161
f 160 164 157
f 163 157 164
f 166 164 160
f 164 165 163
f 164 168 165
f 166 167 164
f 167 168 164
f 168 184 169
f 168 169 172
f 172 177 168
f 175 180 168
f 168 176 175
f 27 176 168
f 27 168 33
f 167 33 168
f 168 177 181
f 168 181 165
f 168 180 184
f 180 187 184
f 189 192 186
f 186 192 195
f 185 194 171
f 171 194 198
f 124 196 193
f 124 193 199
f 193 190 199
f 211 199 200
f 200 199 202
f 201 124 199
f 201 199 211
f 202 199 205
f 199 208 205
f 199 190 208
f 211 200 212
f 217 211 212
f 215 211 220
f 216 211 215
f 216 201 211
f 217 220 211
f 221 220 217
f 221 227 220
f 220 229 224
f 215 220 224
f 227 228 220
f 220 228 229
f 237 225 231
f 228 232 229
f 240 230 234
f 236 230 240
f 244 235 238
f 239 233 243
f 245 238 241
f 245 244 238
f 246 245 256
f 246 255 245
f 255 244 245
f 249 245 241
f 252 245 249
f 256 245 252
f 256 252 259
f 259 262 256
f 256 262 265
f 272 257 267
f 269 247 258
f 269 258 273
f 271 274 277
f 283 274 271
f 271 277 268
f 280 283 271
f 272 267 282
f 280 286 283
f 288 291 284
f 284 291 293
f 285 294 275
f 289 298 292
f 275 294 296
f 292 301 295
f 292 298 301
f 295 301 304
f 300 308 302
f 303 311 305
f 303 309 311
f 316 310 307
f 313 319 310
f 313 310 316
f 306 312 320
f 306 320 323
f 324 321 327
f 313 325 319
f 324 327 336
f 331 328 325
f 335 326 330
f 331 325 313
f 340 322 334
f 335 330 339
f 337 343 334
f 340 334 343
f 348 341 345
f 347 344 351
f 351 344 354
f 355 352 343
f 355 343 337
f 358 352 355
f 356 366 360
f 338 363 357
f 356 362 366
f 375 364 361
f 370 367 364
f 359 365 369
f 370 364 375
f 376 393 373
f 375 361 380
f 387 379 381
f 384 391 378
f 385 379 387
f 377 390 395
f 389 399 392
f 394 398 374
f 392 400 396
f 392 399 400
f 396 400 401
f 401 400 404
f 406 400 399
f 405 404 400
f 405 400 406
f 407 406 409
f 408 406 407
f 408 405 406
f 406 399 409
f 407 409 410
f 410 409 412
f 409 411 412
f 409 399 411
f 412 413 417
f 412 411 413
f 416 412 417
f 410 412 416
f 415 333 419
f 416 417 420
f 418 314 422
f 419 333 315
f 429 420 423
f 421 317 425
f 426 432 420
f 426 420 429
f 420 432 435
f 420 435 416
f 422 314 318
f 432 436 435
f 436 439 435
f 435 439 442
f 435 442 228
f 416 435 228
f 250 443 440
f 228 442 232
f 243 233 444
f 242 443 250
f 251 441 253
f 253 441 437
f 261 438 434
f 254 438 261
f 264 433 428
f 260 433 264
f 450 427 431
f 452 430 446
f 429 423 445
f 449 430 452
f 453 447 455
f 265 448 451
f 457 451 454
f 265 451 457
f 458 471 457
f 457 454 458
f 457 461 464
f 457 473 461
f 464 467 457
f 457 467 265
f 457 472 470
f 470 473 457
f 457 471 472
f 470 476 473
f 477 480 475
f 475 480 484
f 474 483 463
f 463 483 487
f 482 215 485
f 482 216 215
f 479 216 482
f 462 486 466
f 466 486 490
f 485 215 488
f 465 489 468
f 215 491 488
f 468 489 492
f 469 493 495
f 495 493 498
f 215 497 491
f 502 499 505
f 496 499 502
f 423 503 497
f 423 497 215
f 501 504 508
f 508 504 511
f 509 503 423
f 507 510 514
f 514 510 517
f 518 515 509
f 518 509 423
f 520 522 526
f 424 522 520
f 519 525 529
f 527 515 518
f 529 525 99
f 528 98 108
f 106 216 527
f 216 530 527
f 527 533 515
f 527 530 533
f 537 535 531
f 541 535 537
f 540 516 534
f 542 512 539
f 513 516 540
f 539 536 470
f 539 470 542
f 549 546 544
f 545 506 542
f 542 470 50
f 542 50 55
f 65 543 57
f 549 544 66
f 542 506 512
f 281 547 550
f 64 551 548
f 548 551 286
f 548 286 280
f 64 61 551
f 63 78 552
f 552 78 555
f 553 556 287
f 76 85 554
f 287 556 290
f 554 557 289
f 554 85 557
f 87 95 558
f 559 561 299
f 289 557 298
f 559 96 561
f 524 560 94
f 521 307 560
f 300 562 308
f 521 560 524
f 281 266 547
f 545 500 506
f 265 500 545
f 538 532 564
f 470 536 563
f 564 532 567
f 565 568 478
f 563 476 470
f 216 566 530
f 478 568 481
f 479 566 216
f 524 94 97
f 425 317 523
f 316 307 521
f 265 494 500
f 467 494 265
f 470 472 175
f 471 569 472
f 472 569 572
f 472 572 175
f 575 180 572
f 581 577 573
f 581 573 584
f 585 574 570
f 175 572 180
f 595 583 586
f 585 570 588
f 592 580 582
f 592 582 594
f 599 590 593
f 595 586 597
f 602 593 596
f 599 593 602
f 614 601 603
f 610 604 606
f 602 596 605
f 615 604 610
f 619 601 614
f 612 218 617
f 613 222 219
f 608 222 613
f 617 218 214
f 616 213 622
f 623 626 618
f 618 626 600
f 621 629 625
f 627 630 624
f 624 630 590
f 624 590 599
f 627 633 630
f 635 636 631
f 632 638 578
f 632 578 591
f 635 642 636
f 643 645 637
f 639 646 576
f 639 576 579
f 643 655 645
f 644 650 575
f 644 647 650
f 656 647 644
f 653 656 644
f 653 660 656
f 661 664 658
f 659 665 669
f 657 668 649
f 649 668 672
f 673 670 667
f 673 667 663
f 205 670 673
f 676 206 674
f 678 675 680
f 680 675 685
f 684 673 136
f 673 663 136
f 687 686 141
f 682 686 687
f 684 138 140
f 136 138 684
f 689 142 691
f 692 696 690
f 690 696 700
f 688 699 683
f 695 701 698
f 698 701 707
f 683 699 706
f 698 707 704
f 708 710 717
f 702 713 709
f 708 717 722
f 704 707 720
f 721 640 634
f 721 715 640
f 723 720 633
f 704 720 723
f 727 724 628
f 723 633 627
f 677 724 727
f 679 705 725
f 729 629 621
f 620 203 728
f 728 203 207
f 726 206 676
f 711 732 719
f 731 736 718
f 716 735 654
f 716 654 641
f 734 737 740
f 165 737 734
f 734 740 653
f 730 165 734
f 739 745 742
f 742 745 748
f 741 747 662
f 740 660 653
f 136 746 743
f 662 747 666
f 136 663 746
f 749 136 743
f 738 751 744
f 183 751 738
f 124 136 749
f 749 752 124
f 182 754 750
f 124 752 755
f 178 757 753
f 179 754 182
f 755 196 124
f 173 197 756
f 174 757 178
f 165 181 737
f 730 758 163
f 712 759 733
f 163 165 730
f 163 758 761
f 765 762 760
f 765 760 714
f 773 763 767
f 702 764 713
f 769 766 703
f 769 771 766
f 783 775 772
f 777 781 774
f 773 780 763
f 783 772 770
f 788 785 782
f 786 776 784
f 791 782 768
f 788 782 791
f 797 789 793
f 694 792 697
f 796 792 694
f 791 768 695
f 693 146 794
f 794 146 799
f 795 800 801
f 803 789 797
f 801 800 806
f 802 807 808
f 810 813 804
f 804 813 790
f 811 816 814
f 815 818 812
f 812 818 785
f 812 785 788
f 815 821 818
f 823 825 820
f 819 824 829
f 819 829 787
f 826 834 831
f 830 833 837
f 830 837 778
f 786 828 776
f 832 839 835
f 777 836 781
f 835 838 779
f 835 842 838
f 835 839 842
f 840 846 844
f 844 846 850
f 843 849 852
f 838 842 851
f 838 851 854
f 853 859 855
f 852 849 858
f 855 859 861
f 860 857 863
f 863 857 848
f 863 848 864
f 805 863 864
f 867 863 805
f 863 868 860
f 867 869 863
f 863 870 868
f 869 870 863
f 869 871 870
f 871 872 870
f 870 872 873
f 870 873 868
f 874 873 875
f 874 876 873
f 875 873 872
f 868 873 876
f 877 876 874
f 877 879 876
f 878 876 879
f 868 876 878
f 897 879 877
f 890 879 880
f 880 879 887
f 879 883 894
f 897 883 879
f 886 879 890
f 886 878 879
f 887 879 891
f 879 894 891
f 897 904 883
f 897 898 914
f 901 898 897
f 901 897 907
f 911 904 897
f 907 897 877
f 897 914 911
f 914 915 930
f 914 921 915
f 898 927 914
f 914 918 890
f 914 924 918
f 890 921 914
f 927 924 914
f 911 914 930
f 935 912 932
f 934 931 938
f 938 931 917
f 943 936 939
f 937 916 940
f 942 933 936
f 942 936 943
f 943 966 942
f 944 943 950
f 969 943 944
f 943 939 953
f 969 947 943
f 947 956 943
f 950 943 959
f 943 953 963
f 943 956 966
f 959 943 970
f 963 971 943
f 943 974 970
f 943 971 974
f 974 975 979
f 971 975 974
f 970 974 978
f 985 978 974
f 974 979 982
f 988 974 982
f 985 974 988
f 989 992 988
f 988 998 989
f 988 992 942
f 985 988 995
f 988 982 998
f 988 942 995
f 984 896 999
f 999 896 884
f 1000 885 991
f 1005 986 997
f 995 942 1001
f 1008 996 1003
f 1005 997 1009
f 1007 1010 1004
f 1007 1013 1010
f 1008 1003 1018
f 1016 1013 1007
f 1017 1002 1024
f 1016 1019 1028
f 1025 1019 1016
f 1017 1024 1027
f 1016 1028 1013
f 1021 1033 1029
f 1029 1033 1035
f 1030 1036 1014
f 1043 1034 1031
f 1014 1036 1038
f 1040 1037 1034
f 1040 1034 1043
f 1043 1031 1046
f 1045 1053 1041
f 1048 1050 1044
f 1045 1051 1053
f 1061 1052 1049
f 1058 1055 1052
f 1042 1054 1056
f 1058 1052 1061
f 1061 1049 1064
f 1063 900 1059
f 1066 1069 1062
f 1062 1069 899
f 1067 1071 898
f 1070 1074 1067
f 1080 1070 1067
f 1067 1077 1071
f 1067 1074 1077
f 1065 1082 1068
f 1085 1082 1065
f 1084 1088 1081
f 1086 1089 1080
f 1080 1089 1070
f 1092 1089 1090
f 1093 1090 1089
f 1091 1070 1089
f 1091 1089 1092
f 1093 1089 1086
f 1098 1095 1104
f 1097 1101 1094
f 1099 1102 1093
f 1104 1095 1087
f 1102 1090 1093
f 1103 1106 1096
f 1103 1109 1106
f 1105 1088 1084
f 1083 1109 1103
f 1114 1111 1119
f 1117 1110 1113
f 1117 1108 1110
f 1083 1118 1109
f 1048 1120 1050
f 1114 1119 1047
f 1064 1049 1118
f 1064 1118 1083
f 1112 1127 1115
f 1123 1107 1116
f 1115 1124 1121
f 1115 1127 1124
f 1131 1126 1128
f 1132 1129 1134
f 1134 1129 1137
f 1112 1136 1127
f 1135 1138 1020
f 1020 1138 1032
f 1046 1031 1136
f 1046 1136 1112
f 1025 1133 1019
f 1139 1133 1025
f 1139 1130 1133
f 1142 1130 1139
f 1150 1144 1140
f 1147 1141 1026
f 1150 1140 1146
f 1145 1154 1148
f 1153 1143 1149
f 1148 1154 1151
f 1156 1155 1154
f 1151 1154 1155
f 1156 1154 1145
f 1157 1160 1156
f 1145 1157 1156
f 1156 1160 1163
f 969 1155 1156
f 1156 1163 969
f 1161 1075 1164
f 1164 1075 1167
f 1165 1168 1170
f 969 1163 1169
f 1170 1168 1173
f 1171 1174 1177
f 969 1169 1175
f 1177 1174 1180
f 1176 1179 949
f 1175 947 969
f 1178 1172 1184
f 949 1179 1183
f 1178 1184 1181
f 1184 1172 1070
f 1185 1184 1190
f 1185 890 1184
f 1181 1184 890
f 1188 1184 1189
f 1188 1190 1184
f 1189 1184 1091
f 1184 1070 1091
f 1198 1186 1192
f 1195 1191 1203
f 1197 1191 1195
f 1201 1190 1188
f 1206 1202 1210
f 1193 1202 1206
f 1201 1189 1208
f 1188 1189 1201
f 1213 1209 1223
f 1204 1209 1213
f 1208 1215 1224
f 1218 1215 1208
f 1189 1218 1208
f 1208 1224 1221
f 1221 1224 1227
f 1231 1228 1225
f 1232 1226 1234
f 1234 1226 1216
f 1233 1242 1230
f 1235 1217 1237
f 1236 1239 1233
f 1233 1239 1242
f 1242 1245 1256
f 1249 1246 1243
f 1249 1243 1253
f 1255 1244 1240
f 1230 1242 1256
f 1245 1259 1256
f 1260 1263 1258
f 1258 1263 1229
f 1257 1228 1231
f 1268 1262 1265
f 1261 1266 1264
f 1221 1227 1262
f 1221 1262 1268
f 1268 1274 1269
f 1269 1221 1268
f 1268 1265 1279
f 1268 1275 1272
f 1272 1273 1268
f 1268 1273 1274
f 1268 1276 1275
f 1279 1276 1268
f 1283 1278 1280
f 1284 1281 1287
f 1287 1281 1267
f 1288 1282 1285
f 1286 1266 1261
f 1245 1285 1259
f 1288 1285 1245
f 1297 1289 1247
f 1291 1282 1288
f 1292 1291 1288
f 1293 1290 1299
f 1307 1301 1298
f 1302 1294 1300
f 1297 1247 1251
f 1310 1296 1250
f 1307 1298 1311
f 1310 1250 1314
f 1315 1306 1309
f 1318 1309 1312
f 1315 1309 1318
f 1205 1320 1322
f 1318 1312 1321
f 1212 1316 1319
f 1214 1320 1205
f 1321 1312 1324
f 1321 1324 1327
f 1194 1323 1328
f 1207 1323 1194
f 1327 1324 1330
f 1327 1330 1333
f 1199 1329 1334
f 1196 1329 1199
f 1333 1330 1340
f 1338 1335 1344
f 1200 1335 1338
f 1333 1340 1343
f 1339 1345 1354
f 1343 1340 1349
f 1354 1345 1347
f 1343 1349 1346
f 1355 1348 1358
f 1356 1361 1353
f 1353 1361 1365
f 1352 1364 1337
f 1337 1364 1187
f 1363 890 1185
f 1363 886 890
f 1360 886 1363
f 1360 1366 878
f 1357 1368 1362
f 1360 878 886
f 1366 1369 878
f 1366 1372 1369
f 1366 864 1379
f 1375 866 1367
f 1379 1372 1366
f 1376 1368 1357
f 1384 1374 1381
f 1383 1380 841
f 841 1380 847
f 864 845 1379
f 1385 1382 832
f 1387 1374 1384
f 832 1382 839
f 1386 1371 1373
f 1393 1371 1386
f 832 1388 1385
f 1388 1391 1385
f 1388 1394 1391
f 1396 1399 1392
f 1392 1399 1370
f 878 1397 1400
f 1395 1401 1398
f 878 1369 1397
f 1403 878 1400
f 1408 1404 1402
f 1407 1401 1395
f 970 1409 1406
f 1410 1404 1408
f 1412 1406 1394
f 970 1406 1412
f 959 970 1412
f 962 1413 1418
f 1412 1394 1388
f 1419 1414 1390
f 1427 1421 1415
f 1424 961 1417
f 1419 1390 827
f 823 1416 825
f 1427 1415 822
f 1428 1425 821
f 1346 1425 1428
f 1346 1349 1425
f 1351 1420 1426
f 1378 1430 817
f 1428 821 815
f 1359 1430 1378
f 1358 1348 1429
f 1351 1432 1420
f 1434 951 1422
f 1423 952 960
f 1342 1436 1431
f 1438 945 1433
f 1434 946 951
f 1342 1431 1350
f 1438 1445 945
f 1332 1435 1341
f 1332 1441 1435
f 1442 1444 1437
f 1446 1443 1239
f 1442 1241 1444
f 944 1443 969
f 969 1443 1155
f 1443 1446 1155
f 1447 1450 1446
f 1447 1446 1236
f 1236 1446 1239
f 1446 1453 1155
f 1446 1450 1453
f 1453 1454 1461
f 1472 1454 1453
f 1457 1453 1464
f 1457 1460 1453
f 1155 1453 1460
f 1450 1469 1453
f 1453 1461 1291
f 1467 1464 1453
f 1467 1453 1468
f 1468 1453 1291
f 1453 1469 1472
f 1470 1476 1474
f 1474 1476 1480
f 1473 1479 1455
f 1455 1479 1482
f 1275 1481 1478
f 1478 1475 1275
f 1456 1483 1462
f 1462 1483 1277
f 1276 1481 1275
f 1275 1475 1484
f 1471 1485 1477
f 1484 1487 1189
f 1452 1489 1486
f 1451 1485 1471
f 1275 1484 1189
f 1448 1220 1488
f 1449 1489 1452
f 1189 1487 1218
f 1468 1498 1490
f 1501 1468 1490
f 1491 1494 1468
f 1468 1504 1491
f 1468 1494 1498
f 1501 1467 1468
f 1468 1291 1497
f 1497 1504 1468
f 1497 1507 1504
f 1509 1512 1505
f 1505 1512 1514
f 1506 1515 1492
f 1492 1515 1517
f 1516 1513 1272
f 1272 1513 1273
f 1513 1510 1273
f 1493 1518 1496
f 1496 1518 1521
f 1272 1519 1516
f 1495 1520 1500
f 1500 1520 1524
f 1272 1522 1519
f 1499 1523 1527
f 1527 1523 1530
f 1272 1528 1522
f 1533 1529 1536
f 1526 1529 1533
f 1537 1534 1528
f 1537 1528 1272
f 1537 1538 1549
f 1541 1538 1537
f 1272 1544 1537
f 1537 1545 1541
f 1546 1534 1537
f 1537 1544 1545
f 1537 1549 1546
f 1538 1550 1549
f 1550 1562 1549
f 1273 1556 1549
f 1549 1559 1273
f 1549 1553 1565
f 1549 1556 1553
f 1549 1562 1559
f 1546 1549 1565
f 1569 1548 1566
f 1570 1567 1573
f 1573 1567 1555
f 1574 1497 1571
f 1572 1554 1576
f 1571 1577 1568
f 1571 1497 1577
f 1584 1577 1490
f 1590 1490 1577
f 1577 1578 1581
f 1497 1578 1577
f 1577 1581 1587
f 1568 1577 1584
f 1577 1587 1593
f 1590 1577 1593
f 1597 1601 1595
f 1593 1605 1596
f 1594 1600 1604
f 1594 1604 1592
f 1593 1587 1605
f 1588 1563 1607
f 1607 1563 1552
f 1606 1551 1609
f 1605 1608 1596
f 1609 1551 1612
f 1610 1613 1615
f 1596 1608 1614
f 1615 1613 1618
f 1616 1619 1622
f 1614 1620 1623
f 1596 1614 1623
f 1623 1625 1596
f 1623 1624 1625
f 1628 1624 1623
f 1623 1620 1629
f 1623 1629 1628
f 1621 1633 1631
f 1631 1633 1637
f 1630 1636 1640
f 1628 1629 1638
f 1640 1636 1643
f 1639 1642 1645
f 1628 1638 1644
f 1645 1642 1648
f 1646 1649 1651
f 1644 1650 1628
f 1651 1649 1654
f 1652 1655 1657
f 1650 1656 1497
f 1628 1650 1497
f 1657 1655 1660
f 1658 1661 1580
f 1497 1656 1578
f 1580 1661 1664
f 1662 1659 1273
f 1273 1659 1653
f 1579 1663 1583
f 1273 1559 1662
f 1583 1663 1561
f 1665 1653 1647
f 1273 1653 1665
f 1665 1666 404
f 1641 1666 1665
f 1665 1667 1273
f 1670 1667 1665
f 1665 1647 1641
f 1670 1665 1673
f 1673 1665 405
f 1665 404 405
f 1670 1673 1674
f 1673 405 408
f 1674 1673 408
f 1677 1676 1686
f 1682 1676 1677
f 1681 1672 1675
f 1674 408 1685
f 1685 1688 1701
f 1685 1695 1688
f 1691 1687 1702
f 1678 1687 1691
f 1698 1695 1685
f 1685 408 1698
f 1705 1703 1713
f 1692 1703 1705
f 1701 1688 1715
f 1701 1715 1708
f 1701 1708 1714
f 1711 1701 1714
f 1719 1710 1716
f 1720 1717 1723
f 1723 1717 1690
f 1727 1718 1721
f 1722 1689 1726
f 1727 1721 1724
f 1741 1727 1724
f 1730 1718 1727
f 1735 1731 1729
f 1735 1729 1740
f 1739 1728 1743
f 1724 1744 1741
f 1741 1744 1754
f 1739 1743 1750
f 1749 1742 1753
f 1741 1754 1751
f 1751 1754 1763
f 1762 1754 1755
f 1754 1759 1755
f 1744 1756 1754
f 1754 1756 1759
f 1763 1754 1762
f 1751 1763 1628
f 1762 1764 1763
f 1763 1764 1767
f 1628 1763 1624
f 1763 1767 1624
f 1624 1767 1771
f 1768 1776 1773
f 1768 1786 1776
f 1770 1779 1787
f 1765 1778 1769
f 1785 349 1774
f 1785 346 349
f 1777 346 1785
f 1784 248 270
f 1784 1796 248
f 1782 1790 1801
f 1781 1793 1789
f 268 1797 1777
f 1766 1792 1780
f 1802 1795 1783
f 1777 1797 346
f 255 1800 1788
f 1794 1800 255
f 268 277 1797
f 279 1805 1799
f 1799 1805 342
f 1798 341 348
f 295 304 1803
f 278 297 1804
f 1803 322 340
f 1803 304 322
f 1794 255 246
f 1788 1791 1762
f 1762 1791 1764
f 1762 1755 1788
f 1788 1806 255
f 1788 1755 1806
f 1807 1806 1755
f 1807 244 1806
f 255 1806 244
f 1807 1818 1808
f 1808 1814 1807
f 1755 1811 1807
f 471 244 1807
f 1807 1814 471
f 1807 1811 1818
f 1812 1822 1819
f 1819 1822 1825
f 1820 1826 1828
f 1808 1818 1827
f 1828 1826 1831
f 1829 1832 1834
f 1827 1833 1730
f 1808 1827 1730
f 1834 1832 1709
f 1835 1710 1719
f 1730 1833 1718
f 1714 1830 1824
f 1714 1708 1830
f 1824 1821 1714
f 407 1821 1836
f 1813 1837 1823
f 407 1714 1821
f 407 1836 1839
f 1844 1841 1838
f 1843 1837 1813
f 1845 1842 1755
f 1847 1841 1844
f 1755 1842 1811
f 1846 1850 1840
f 1853 1850 1846
f 1755 1851 1845
f 1755 1759 1851
f 1761 1856 1852
f 1852 1856 1849
f 408 1854 1857
f 1760 1858 1855
f 407 1848 1854
f 407 1854 408
f 1758 1699 1859
f 1757 1858 1760
f 408 1857 1698
f 1839 1848 407
f 1814 1860 471
f 1866 1862 1815
f 1867 1816 1870
f 1817 1809 1871
f 1872 1810 1732
f 1872 1732 1736
f 1878 1869 1734
f 1875 1868 1877
f 1875 1864 1868
f 1878 1734 1881
f 1882 1873 1876
f 1885 1876 1879
f 1882 1876 1885
f 1885 1879 1888
f 1694 1884 1887
f 1680 1886 1890
f 1693 1886 1680
f 1888 1879 1894
f 1684 1889 1893
f 1888 1894 1891
f 1679 1889 1684
f 1880 1738 1896
f 1891 1894 1897
f 1895 1748 1899
f 1895 1737 1748
f 1898 1901 1906
f 1898 1747 1901
f 1907 1897 1904
f 1891 1897 1907
f 1916 1892 1909
f 1920 1908 1912
f 1907 1904 1910
f 1915 1908 1920
f 1918 1911 1924
f 1919 1669 1913
f 1923 1927 1917
f 1917 1927 1668
f 1269 1274 1925
f 1921 1271 1926
f 1273 1667 1925
f 1273 1925 1274
f 1924 1911 1930
f 1922 1929 1934
f 1933 1271 1921
f 1934 1929 1317
f 1932 1316 1212
f 1211 1222 1931
f 1931 1222 1270
f 1910 1935 1928
f 1928 1935 1306
f 1928 1306 1315
f 1910 1904 1935
f 1905 1940 1937
f 1936 1938 1304
f 1936 1304 1308
f 1905 1900 1940
f 1902 1944 1941
f 1939 1943 1947
f 1939 1947 1305
f 1942 1497 1945
f 1303 1946 1295
f 1497 1292 1945
f 1942 1751 1628
f 1902 1752 1944
f 1628 1497 1942
f 1683 1892 1916
f 1914 1672 1681
f 1913 1669 1671
f 1749 1753 1903
f 1706 607 1883
f 605 1873 1882
f 1707 1884 1694
f 1880 1733 1738
f 605 596 1873
f 598 1863 1874
f 598 587 1863
f 589 1861 1865
f 589 571 1861
f 471 1860 569
f 1774 349 1948
f 1772 1775 1953
f 1774 1948 1951
f 1772 1953 1627
f 1951 1948 1954
f 1626 1952 1959
f 1951 1954 1957
f 1597 1958 1601
f 1626 1959 1598
f 1957 1954 1960
f 1957 1960 1599
f 1955 1964 1962
f 1962 1964 1968
f 1961 1967 1971
f 1599 1960 1969
f 1970 1973 1977
f 1971 1967 1974
f 1969 1975 1602
f 1599 1969 1602
f 1977 1973 1980
f 1976 1979 1983
f 1602 1975 1981
f 1983 1979 1986
f 1982 1985 1988
f 1990 1981 1987
f 1602 1981 1990
f 1591 1603 1992
f 1994 1991 1999
f 1591 1992 1995
f 1990 1987 1996
f 1996 2000 2007
f 1996 1987 2000
f 1994 1999 1503
f 1502 1997 2004
f 2008 2005 1998
f 2007 2000 2016
f 2015 2012 2020
f 1459 2011 2014
f 1458 1466 2010
f 2009 1465 2006
f 2007 2016 2019
f 1153 2021 1143
f 2015 2020 1152
f 2019 2022 1142
f 2019 2016 2022
f 2018 2027 2023
f 2023 2027 1125
f 2024 1126 1131
f 1142 2022 1130
f 2031 2025 2028
f 2017 2030 2026
f 1121 1124 2025
f 1121 2025 2031
f 2031 2028 2034
f 2033 2041 1122
f 2035 2038 2032
f 2033 2039 2041
f 2043 2040 2037
f 1123 2042 1107
f 1096 1106 2040
f 1096 2040 2043
f 2045 1101 1097
f 2048 2051 2044
f 2043 2037 2046
f 2044 2051 1100
f 2047 2054 2050
f 2052 2055 2049
f 2049 2055 1099
f 2056 1102 2055
f 1099 2055 1102
f 2056 2055 2052
f 1545 2056 2052
f 2057 1102 2056
f 1545 2057 2056
f 2057 1090 1102
f 1544 2057 1545
f 1544 1092 2057
f 1092 1090 2057
f 1541 1545 2052
f 2059 1542 2053
f 2060 2054 2047
f 2058 2061 2068
f 2058 2065 2061
f 2046 2065 2058
f 2069 1542 2059
f 2068 2071 2074
f 2068 2061 2071
f 2075 1539 2070
f 2070 1539 1543
f 2074 2071 2083
f 2078 2081 2076
f 2074 2083 2077
f 2076 2081 1540
f 2087 2084 2073
f 2090 2085 2088
f 2090 2093 2085
f 2077 2083 2092
f 2096 2094 2091
f 2096 2099 2094
f 2101 2092 2098
f 2077 2092 2101
f 2101 2098 2104
f 2102 2111 2079
f 2105 2108 2103
f 2103 2108 2112
f 2107 1666 2110
f 2079 2111 2082
f 2110 1617 2080
f 1666 1632 2110
f 2110 1632 1617
f 2106 402 2109
f 401 404 2107
f 2107 404 1666
f 371 402 2106
f 2104 367 370
f 2104 2098 367
f 2114 2100 2097
f 2114 368 2100
f 2095 1963 2113
f 2113 2116 358
f 2113 1963 2116
f 359 369 2115
f 358 2116 352
f 1950 353 2118
f 1949 2117 1956
f 1956 2117 1965
f 2089 1966 2095
f 2095 1966 1963
f 2086 1972 2089
f 2089 1972 1966
f 2087 2073 2122
f 2086 1978 1972
f 2119 1978 2086
f 2119 1984 1978
f 2123 1984 2119
f 2120 2063 2125
f 2121 2072 2064
f 2124 2067 2036
f 2034 2126 2123
f 2123 2126 1984
f 2124 2062 2067
f 1988 1985 2127
f 1989 2128 2001
f 2001 2128 2029
f 2034 2028 2126
f 2080 1611 1538
f 2080 1617 1611
f 2046 2037 2065
f 2035 2066 2038
f 2002 2030 2017
f 1151 1155 2013
f 2013 1460 1457
f 1155 1460 2013
f 2003 1464 1467
f 2003 1467 1501
f 1993 1490 1590
f 1501 1490 1993
f 350 353 1950
f 1624 1771 1625
f 1745 1699 1758
f 1725 1696 1746
f 1746 1696 1700
f 1726 1689 1697
f 1711 1714 227
f 227 1714 228
f 410 228 1714
f 410 1714 407
f 1704 1712 609
f 609 1712 223
f 1711 227 221
f 611 607 1706
f 1666 1635 1632
f 1641 1635 1666
f 1622 1619 1634
f 1538 1611 1550
f 1582 1560 1589
f 1589 1560 1564
f 1584 1490 1531
f 1532 1535 1585
f 1585 1535 1547
f 1586 1548 1569
f 1497 1574 2129
f 1575 1557 2131
f 1576 1554 1558
f 2131 1557 2134
f 2130 2133 1508
f 2129 1507 1497
f 1273 2132 1556
f 1508 2133 1511
f 1510 2132 1273
f 1272 1275 1544
f 1275 1092 1544
f 1490 1525 1531
f 1490 1498 1525
f 1497 1291 1292
f 1463 1278 1283
f 1291 1461 1282
f 1238 1220 1448
f 1326 1254 1439
f 1255 1240 1440
f 1326 1439 1331
f 1411 2136 1405
f 2140 2136 1411
f 2138 1409 970
f 2138 2139 1409
f 2142 2139 2138
f 2144 2147 2141
f 2141 2147 2137
f 868 2145 2148
f 2143 2150 2146
f 2135 2145 868
f 860 868 2148
f 2152 862 2149
f 2153 2150 2143
f 2138 854 2151
f 856 862 2152
f 2138 2151 2142
f 2138 2154 2157
f 2138 978 2154
f 838 854 2138
f 970 978 2138
f 2157 838 2138
f 2157 2154 2160
f 2158 838 2157
f 2159 2158 2157
f 2159 2157 2163
f 2157 2160 2163
f 2168 2164 2171
f 2166 2159 2163
f 2173 2165 2161
f 2180 2172 2189
f 2167 2170 2179
f 2156 2182 2175
f 2174 2162 2155
f 2176 2183 987
f 2169 2184 2190
f 1004 2184 2169
f 2169 2190 2187
f 2176 987 1006
f 2185 2194 2192
f 2192 2194 2198
f 2191 2197 2201
f 2187 2190 2199
f 2201 2197 2204
f 2200 2203 2207
f 2208 2199 2205
f 2187 2199 2208
f 2178 2188 2210
f 2178 2210 2216
f 2208 2205 2211
f 2215 2209 2213
f 2215 2213 2219
f 2217 2220 2214
f 2220 2177 2214
f 2221 2222 2220
f 2217 2221 2220
f 2220 2166 2177
f 2159 2166 2220
f 2220 2158 2159
f 2220 2222 2158
f 2222 761 779
f 163 761 2222
f 2222 779 2158
f 2221 163 2222
f 2223 2221 2217
f 2223 2226 2221
f 2226 2230 2221
f 2229 163 2221
f 2221 2233 2229
f 2221 2230 2233
f 2231 2237 2234
f 2234 2237 2240
f 2235 2241 2243
f 2229 2233 2242
f 2243 2241 2246
f 2244 2247 2250
f 2229 2242 2248
f 2250 2247 2253
f 2249 2252 2259
f 2254 2248 2257
f 2254 2229 2248
f 2254 2257 2260
f 2258 2264 2262
f 2259 2252 2265
f 2262 2264 2268
f 2266 2263 143
f 143 2263 2251
f 2270 2267 2273
f 2261 2267 2270
f 2266 2275 2272
f 143 2275 2266
f 2281 2275 2278
f 2277 2298 2279
f 2272 2275 2281
f 143 2284 2275
f 2284 2287 2275
f 2275 2287 2290
f 2275 2290 2299
f 2276 2295 2297
f 2301 2295 2276
f 2300 2306 2294
f 2309 2306 2300
f 2307 2299 125
f 125 2299 2310
f 2299 2313 2310
f 2299 2290 2313
f 2317 2311 2314
f 2318 2315 2320
f 2320 2315 2291
f 2254 2316 2319
f 2321 2292 2323
f 2254 2319 2322
f 2323 2292 2288
f 2324 2289 2327
f 2322 2325 2229
f 2322 2229 2254
f 2229 2325 2328
f 2326 2285 2330
f 2327 2289 2286
f 2328 2331 2229
f 2329 2335 2333
f 2330 2285 2336
f 2333 2335 153
f 143 151 2334
f 2334 2284 143
f 2332 152 156
f 2331 154 163
f 2229 2331 163
f 2341 2311 2317
f 2337 2316 2254
f 2337 2340 2316
f 2343 2340 2337
f 2344 2347 2342
f 2342 2347 2312
f 125 2346 133
f 2345 134 2348
f 2310 2346 125
f 166 2349 2343
f 2350 134 2345
f 2337 166 2343
f 160 2349 166
f 162 132 2351
f 2351 132 135
f 2255 2354 2339
f 2338 2353 40
f 2338 40 2356
f 2355 166 2337
f 2355 2358 166
f 2357 41 44
f 43 2358 2355
f 2358 33 167
f 2358 30 33
f 2358 167 166
f 43 30 2358
f 2255 2360 2354
f 2359 2362 2352
f 2352 2362 2365
f 2352 2365 39
f 2363 2369 2367
f 2367 2369 2373
f 2366 2372 11
f 39 2365 10
f 2377 2371 2368
f 11 2372 14
f 2374 13 2371
f 2374 2371 2377
f 2378 2387 2375
f 2377 2368 2380
f 2381 2385 2379
f 2378 2384 2387
f 2376 2388 2390
f 2302 2386 2383
f 2392 2389 2386
f 2392 2386 2302
f 2406 2398 2395
f 2397 2389 2392
f 2303 2401 2393
f 2409 2396 2402
f 2405 2394 2408
f 2407 2400 118
f 2404 2407 118
f 118 2410 2404
f 2411 2398 2406
f 2412 2414 2399
f 113 2414 2412
f 118 112 2410
f 114 104 2415
f 103 2416 2413
f 2413 2416 2397
f 2421 2417 80
f 2421 2391 2417
f 81 2418 89
f 2397 2416 2389
f 103 88 2416
f 2419 79 70
f 2376 2390 2420
f 2419 13 2374
f 2419 7 13
f 70 7 2419
f 2304 2423 2403
f 2400 2422 119
f 118 2400 119
f 2308 2424 2305
f 119 2422 122
f 2422 2307 122
f 2293 2383 2425
f 2381 2426 2385
f 2302 2383 2293
f 2296 2425 2428
f 2432 2429 2427
f 2293 2425 2296
f 2432 2427 2382
f 2431 2434 2440
f 2380 2434 2431
f 2438 2430 2433
f 2431 2440 2437
f 2437 2440 2443
f 2448 2444 2442
f 2447 2441 2451
f 2451 2441 2436
f 2450 2435 2364
f 2359 2449 2362
f 2452 2446 2449
f 2452 2449 2359
f 2455 2464 2452
f 2462 2456 2454
f 2459 2453 2361
f 2462 2454 2460
f 2452 2464 2446
f 2455 2467 2464
f 2468 2471 2466
f 2466 2471 2445
f 2465 2444 2448
f 2479 2470 2473
f 2469 2474 2472
f 2476 2443 2470
f 2476 2470 2479
f 2483 2487 2481
f 2479 2473 2482
f 2480 2486 2490
f 2480 2490 2478
f 2494 2491 2488
f 2477 2489 2493
f 2494 2488 2497
f 2497 2488 2485
f 2504 2496 2498
f 2507 2499 2501
f 2497 2485 2500
f 2505 2499 2507
f 2506 2512 2503
f 2509 871 2506
f 2508 2502 2510
f 2506 871 2512
f 139 2512 869
f 147 2512 139
f 2503 2512 147
f 2512 871 869
f 2509 2513 875
f 2511 2518 2514
f 875 872 2509
f 2509 872 871
f 2510 2502 2517
f 2516 2519 2525
f 2516 2522 2519
f 2500 2522 2516
f 2514 2518 2526
f 2536 2527 2529
f 2525 2538 2528
f 2515 2527 2536
f 2525 2519 2538
f 2528 2538 2541
f 2549 2543 2540
f 2545 2539 2521
f 2549 2540 2546
f 2547 2550 2553
f 2547 2193 2550
f 2544 2193 2547
f 2555 2542 2548
f 2553 2550 1037
f 1042 1056 2554
f 2553 1037 1040
f 2555 1057 2542
f 1012 2552 2186
f 1011 1039 2551
f 2186 2552 2195
f 2545 2521 2558
f 2556 2196 2544
f 2544 2196 2193
f 2557 2524 2484
f 2482 2202 2556
f 2557 2520 2524
f 2556 2202 2196
f 2559 2541 1055
f 2528 2541 2559
f 2561 910 2531
f 2559 1055 1058
f 1060 903 2560
f 2560 903 908
f 2537 2533 2563
f 875 2513 2535
f 875 2535 2562
f 2565 875 2562
f 2564 2534 2567
f 2532 2570 2566
f 2568 874 2565
f 2565 874 875
f 2530 909 2569
f 907 877 2568
f 2568 877 874
f 2483 2523 2487
f 2500 2485 2522
f 2503 147 2571
f 2573 2496 2504
f 2574 2278 2571
f 2280 2585 2572
f 2574 2571 2577
f 2571 2580 2577
f 2571 147 2580
f 2572 2585 2495
f 2583 2491 2494
f 2583 2428 2491
f 2279 2298 2584
f 2296 2428 2583
f 2225 2578 2582
f 2224 2581 2228
f 2228 2581 2588
f 147 2586 2580
f 2227 2587 2232
f 2232 2587 2238
f 147 2236 2586
f 2590 2578 2225
f 2591 2576 2579
f 2217 2592 2589
f 2594 2576 2591
f 2217 2589 2223
f 2461 2595 2592
f 2597 2283 2593
f 2593 2283 2575
f 2461 2592 2217
f 2458 2269 2595
f 2271 2274 2596
f 2596 2274 2282
f 2458 2595 2461
f 2281 2278 2574
f 2438 2492 2430
f 2477 2493 2439
f 2482 2473 2202
f 2437 2443 2476
f 2206 2474 2469
f 2207 2203 2475
f 2211 2205 2467
f 2211 2467 2455
f 2218 2457 2463
f 2459 2361 2256
f 2254 2260 2458
f 2260 2269 2458
f 2218 2212 2457
f 2364 2435 2370
f 2380 2368 2434
f 122 2307 125
f 143 2251 2245
f 2245 2239 143
f 143 2239 147
f 2239 2236 147
f 1004 1010 2184
f 2154 978 2181
f 2181 978 985
f 2158 779 838
f 2135 868 1403
f 1403 868 878
f 826 1389 834
f 1377 816 811
f 809 866 1375
f 1336 1186 1198
f 1313 1252 1325
f 1313 1248 1252
f 1189 1091 1275
f 1275 1091 1092
f 1237 1217 1219
f 948 1182 958
f 958 1182 2600
f 1181 890 2598
f 957 2599 967
f 967 2599 2602
f 2598 890 2601
f 890 918 2601
f 2605 2603 919
f 968 2603 2605
f 942 2604 2607
f 2606 920 2608
f 942 966 2604
f 2608 920 925
f 2609 926 2612
f 1001 2607 2610
f 942 2607 1001
f 2612 926 929
f 2611 928 2615
f 1022 2610 2613
f 1001 2610 1022
f 2615 928 1073
f 2614 1072 1159
f 1145 2613 1157
f 1022 2613 1145
f 1172 1166 1070
f 1070 1166 1074
f 1158 1078 1162
f 1162 1078 1076
f 1159 1072 1079
f 1147 1026 1023
f 898 1071 927
f 1059 900 902
f 1015 1039 1011
f 990 905 994
f 994 905 913
f 993 912 935
f 992 933 942
f 991 885 906
f 981 893 983
f 983 893 895
f 976 888 980
f 980 888 892
f 977 881 889
f 972 881 977
f 964 2617 973
f 973 2617 882
f 2616 2619 890
f 965 2621 2618
f 890 880 2616
f 890 2619 921
f 954 923 2620
f 955 2621 965
f 941 923 954
f 940 916 922
f 139 869 867
f 798 867 805
f 867 798 139
f 808 807 865
f 864 848 845
f 144 139 798
f 695 768 701
f 681 705 679
f 691 142 145
f 648 671 651
f 651 671 2623
f 205 2622 670
f 652 2625 2628
f 2627 2624 209
f 208 2622 205
f 575 650 2626
f 2629 210 188
f 180 2626 187
f 575 2626 180
f 622 213 204
f 458 2630 471
f 2630 235 471
f 471 235 244
f 460 2635 2632
f 2631 225 237
f 2632 2635 226
f 224 2633 215
f 2636 215 2633
f 459 2638 2634
f 455 447 2637
f 445 215 2636
f 456 2638 459
f 470 175 50
f 263 427 450
f 262 448 265
f 445 423 215
f 416 228 410
f 413 411 386
f 388 382 414
f 414 382 332
f 383 411 389
f 386 411 383
f 389 411 399
f 372 397 403
f 380 328 331
f 380 361 328
f 338 329 363
f 276 297 278
f 106 115 216
f 115 201 216
f 212 200 202
f 188 210 191
f 115 121 201
f 121 124 201
f 170 197 173
f 50 175 176
f 51 176 24
f 24 176 27
f 50 176 51
f 161 129 131
f 116 121 115
f 5 9 71
f 2654 2639 2642
f 2641 2647 2643
f 2640 2653 2646
f 2654 2648 2639
f 2650 2653 2640
f 2655 2656 2654
f 2666 2655 2654
f 2654 2656 2657
f 2654 2657 2669
f 2654 2642 2658
f 2658 2659 2654
f 2669 2648 2654
f 2662 2654 2659
f 2666 2654 2662
f 2669 2657 2672
f 2673 2676 2671
f 2671 2676 2680
f 2670 2679 2649
f 2649 2679 2652
f 2681 2651 2678
f 2681 2678 2682
f 2682 2678 2675
f 2682 2683 2695
f 2682 2686 2683
f 2692 2686 2682
f 2696 2681 2682
f 2689 2682 2697
f 2696 2682 2689
f 2682 2675 2692
f 2701 2682 2695
f 2697 2682 2701
f 2702 2701 2705
f 2697 2701 2702
f 2701 2695 2705
f 2702 2705 2711
f 2705 2706 2711
f 2705 2715 2706
f 2705 2695 2707
f 2705 2707 2721
f 2718 2715 2705
f 2705 2721 2718
f 2726 2719 2723
f 2725 2722 2729
f 2729 2722 2710
f 2734 2724 2727
f 2728 2709 2732
f 2735 2727 2730
f 2735 2734 2727
f 2735 2756 2657
f 2657 2736 2735
f 2736 2734 2735
f 2741 2735 2730
f 2747 2735 2737
f 2750 2737 2735
f 2658 2738 2735
f 2738 2744 2735
f 2658 2735 2747
f 2750 2735 2741
f 2744 2753 2735
f 2735 2753 2756
f 2755 2761 2757
f 2757 2761 2684
f 2758 2685 2763
f 2657 2756 2762
f 2763 2685 2687
f 2764 2688 2767
f 2657 2762 2765
f 2767 2688 2694
f 2766 2693 2674
f 2765 2672 2657
f 2695 2759 2768
f 2754 2769 2760
f 2695 2683 2759
f 2771 2695 2768
f 2746 2772 2770
f 2745 2769 2754
f 2774 2777 2771
f 2740 2775 2773
f 2739 2772 2746
f 2771 2777 2695
f 2774 2791 2777
f 2777 2782 2681
f 2681 2788 2777
f 2794 2777 2778
f 2777 2788 2778
f 2785 2695 2777
f 2777 2791 2782
f 2785 2777 2794
f 2799 2786 2796
f 2798 2795 2802
f 2802 2795 2805
f 2794 2806 2803
f 2794 2809 2806
f 2794 2778 2809
f 2814 2807 2811
f 2813 2810 2661
f 2661 2810 2781
f 2816 2807 2814
f 2658 2812 2659
f 2797 2812 2658
f 2797 2815 2812
f 2797 2818 2815
f 2819 2822 2817
f 2817 2822 2808
f 2803 2821 2827
f 2806 2821 2803
f 2824 2827 2821
f 2820 2826 2823
f 2803 2827 2831
f 2827 2828 2838
f 2827 2834 2828
f 2831 2827 2838
f 2837 2834 2827
f 2824 2837 2827
f 2831 2838 2841
f 2846 2842 2840
f 2845 2839 2849
f 2849 2839 2830
f 2853 2844 2847
f 2848 2829 2851
f 2853 2847 2850
f 2854 2844 2853
f 2854 2853 2800
f 2853 2850 2860
f 2853 2857 2861
f 2860 2857 2853
f 2853 2861 2800
f 2859 2866 2862
f 2862 2866 2825
f 2863 2826 2820
f 2800 2861 2818
f 2867 2837 2864
f 2858 2869 2865
f 2864 2837 2824
f 2875 2869 2858
f 2870 2837 2867
f 2874 2871 2868
f 2860 2876 2873
f 2877 2871 2874
f 2860 2873 2857
f 2655 2879 2876
f 2880 2884 2878
f 2878 2884 2872
f 2655 2876 2860
f 2883 2886 2890
f 2882 2888 2885
f 2883 2890 2870
f 2890 2886 2681
f 2870 2890 2837
f 2891 2837 2890
f 2890 2681 2696
f 2894 2890 2696
f 2891 2890 2894
f 2899 2895 2901
f 2899 2893 2895
f 2902 2896 2904
f 2894 2696 2903
f 2902 2904 2907
f 2908 2905 2910
f 2910 2905 2690
f 2903 2696 2689
f 2656 2906 2909
f 2911 2691 2913
f 2909 2912 2736
f 2657 2909 2736
f 2656 2909 2657
f 2913 2691 2698
f 2914 2700 2917
f 2736 2912 2915
f 2916 2699 2703
f 2918 2704 2920
f 2915 2919 2736
f 2920 2704 2712
f 2921 2713 2923
f 2922 2926 2919
f 2926 2734 2919
f 2736 2919 2734
f 2929 2938 2926
f 2931 2928 2950
f 2936 2933 2927
f 2950 2928 2934
f 2926 2922 2935
f 2926 2938 2941
f 2926 2941 2944
f 2944 2947 2926
f 2926 2947 2734
f 2930 2949 2952
f 2952 2949 2954
f 2948 2964 2953
f 2958 2948 2932
f 2955 2961 2948
f 2955 2948 2958
f 2948 2961 2964
f 2969 2965 2972
f 2980 2965 2969
f 2970 2964 2973
f 2973 2964 2961
f 2953 2964 2976
f 2981 2978 2966
f 2979 2982 2929
f 2979 2929 2985
f 2979 2967 2982
f 2987 2978 2981
f 2985 2929 2951
f 2951 2988 2985
f 2990 2993 2986
f 2986 2993 2977
f 2997 2991 2994
f 2989 2996 2992
f 2953 2976 2991
f 2953 2991 2997
f 2997 2998 3006
f 2997 3001 2998
f 2994 3001 2997
f 3009 2953 2997
f 3005 2997 3002
f 2997 3006 3002
f 3009 2997 3005
f 3014 3033 3009
f 3020 3016 3013
f 3033 2953 3009
f 3019 3012 3024
f 3023 3011 3028
f 3027 3010 3032
f 3009 3005 3029
f 3036 2954 3034
f 3036 3034 3038
f 3038 3034 3015
f 3037 3018 3035
f 3039 3017 3021
f 2951 3035 3040
f 2952 2954 3036
f 3035 3022 3040
f 3035 3018 3022
f 3040 3025 3044
f 3040 3022 3025
f 3040 3041 3051
f 3055 3041 3040
f 3044 3050 3040
f 3040 3051 2951
f 3040 3047 3052
f 3040 3050 3047
f 3040 3052 3055
f 3054 3060 3057
f 3057 3060 3063
f 3056 3062 3043
f 3043 3062 3066
f 3061 3005 3064
f 3061 3058 3005
f 3042 3065 3069
f 3005 3002 3064
f 3069 3065 3004
f 3067 3070 3051
f 3068 3003 3071
f 3041 3067 3051
f 3071 3003 3007
f 3072 3008 3074
f 3070 3073 3076
f 3051 3070 3076
f 3051 3076 3084
f 3076 3077 3078
f 3076 3073 3077
f 3076 3078 3081
f 3084 3076 3081
f 3087 3051 3084
f 3085 3091 3088
f 3086 3094 3092
f 3082 3094 3086
f 3001 3090 3093
f 3099 3001 3093
f 3099 3093 3096
f 3083 3097 3095
f 3102 3111 3099
f 3079 3104 3100
f 3080 3101 3106
f 3106 3101 3109
f 3096 3108 3099
f 3111 3001 3099
f 3112 3116 3111
f 3102 3112 3111
f 3111 2998 3001
f 3113 2998 3111
f 3111 3117 3113
f 3111 3116 3117
f 3122 3115 3119
f 3121 3118 3125
f 3125 3118 3128
f 3116 3126 3117
f 3124 3127 3131
f 3131 3127 3134
f 3116 3132 3126
f 3137 3133 3140
f 3130 3133 3137
f 3141 3138 3132
f 3141 3132 3116
f 3142 3141 3116
f 3154 3141 3142
f 3141 3029 3005
f 3157 3029 3141
f 3141 3145 3157
f 3141 3148 3145
f 3151 3138 3141
f 3154 3148 3141
f 3141 3005 3151
f 3157 3158 3162
f 3157 3145 3158
f 3162 3163 3157
f 3157 3163 3029
f 3045 3030 3165
f 3045 3165 3171
f 3162 3166 3163
f 3166 3172 3163
f 3170 3164 3174
f 3176 3173 3167
f 3179 3173 3176
f 3170 3174 3180
f 3178 3175 3181
f 3178 3181 3169
f 3187 3181 3175
f 3182 3188 3181
f 3182 3181 3187
f 3181 3194 3185
f 3191 3181 3185
f 3169 3181 3186
f 3191 3186 3181
f 3181 3188 3194
f 3190 3199 3196
f 3196 3199 3202
f 3195 3201 3205
f 3185 3194 3203
f 3212 3203 3206
f 3204 3210 3208
f 3205 3201 3211
f 3185 3203 3212
f 3212 3206 3213
f 3213 3219 3212
f 3212 3233 3185
f 3216 3224 3212
f 3223 3216 3212
f 3212 3219 3227
f 3231 3223 3212
f 3212 3224 3233
f 3212 3227 3230
f 3232 3212 3230
f 3231 3212 3232
f 3185 3233 3236
f 3234 3243 3238
f 3226 3241 3235
f 3235 3241 3244
f 3245 3242 3239
f 3245 3246 3242
f 3238 3243 3248
f 3237 3247 3251
f 3251 3247 3254
f 3255 3252 3246
f 3255 3246 3245
f 3255 3256 3209
f 3245 3256 3255
f 3255 3259 3252
f 3255 3209 3162
f 3162 3259 3255
f 3192 3253 3260
f 3193 3261 3263
f 3263 3261 3159
f 3162 3158 3259
f 3262 3186 3191
f 3264 3160 3266
f 3265 3186 3262
f 3267 3161 3146
f 3268 3147 3271
f 3269 3050 3265
f 3265 3050 3186
f 3271 3147 3150
f 3270 3149 3274
f 3269 3272 3050
f 3274 3149 3156
f 3273 3155 3276
f 3223 3272 3275
f 3050 3272 3223
f 3276 3155 3143
f 3277 3144 3279
f 3223 3275 3278
f 3279 3144 3282
f 3280 3283 3217
f 3278 3216 3223
f 3142 3116 3281
f 3217 3283 3285
f 3281 3116 3284
f 3218 3286 3225
f 3225 3286 3240
f 3284 3245 3239
f 3116 3245 3284
f 3214 3257 3288
f 3207 3257 3214
f 3245 3287 3256
f 3208 3210 3258
f 3215 3290 3221
f 3220 3289 3292
f 3291 3287 3245
f 3222 3293 3228
f 3228 3293 3295
f 3291 3245 3294
f 3229 3296 3299
f 3299 3296 3302
f 3294 3303 3300
f 3294 3245 3303
f 3303 3304 3311
f 3314 3304 3303
f 3300 3303 3317
f 3303 3308 3325
f 3311 3308 3303
f 3314 3303 3321
f 3317 3303 3322
f 3303 3325 3320
f 3322 3303 3320
f 3321 3303 3245
f 3329 3327 3309
f 3336 3327 3329
f 3320 3325 3331
f 3335 3332 3326
f 3230 3334 3328
f 3337 3334 3230
f 3338 3332 3335
f 3340 3337 3230
f 3341 3337 3340
f 3342 3345 3339
f 3339 3345 3333
f 3347 3320 3344
f 3343 3349 3346
f 3344 3320 3331
f 3350 3358 3347
f 3356 3353 3348
f 3357 3349 3343
f 3347 3358 3320
f 3358 3359 3320
f 3358 3365 3359
f 3358 3362 3166
f 3374 3362 3358
f 3197 3365 3358
f 3358 3166 3162
f 3350 3368 3358
f 3368 3371 3358
f 3358 3162 3197
f 3358 3371 3374
f 3373 3379 3376
f 3378 3363 3375
f 3380 3383 3377
f 3373 3382 3379
f 3384 3363 3378
f 3380 3187 3383
f 3385 3168 3364
f 3187 3175 3383
f 3177 3168 3385
f 3386 3187 3380
f 3370 3388 3381
f 3370 3381 3372
f 3392 3395 3387
f 3392 3387 3369
f 3386 3393 3396
f 3396 3397 3386
f 3386 3397 3187
f 3401 3408 3398
f 3400 3397 3396
f 3397 3404 3187
f 3399 3412 3405
f 3398 3408 3411
f 3407 3413 3410
f 3410 3368 3350
f 3405 3412 3351
f 3410 3413 3368
f 3414 3429 3413
f 3425 3414 3413
f 3407 3415 3413
f 3415 3426 3413
f 3413 3389 3368
f 3413 3429 3389
f 3413 3421 3418
f 3425 3413 3418
f 3413 3426 3421
f 3429 3433 3389
f 3414 3430 3429
f 3430 3433 3429
f 3435 3442 3391
f 3432 3438 3434
f 3434 3438 3440
f 3390 3441 3394
f 3439 3436 3443
f 3396 3393 3439
f 3396 3439 3443
f 3443 3444 3396
f 3443 3436 3444
f 3396 3444 3445
f 3444 3450 3445
f 3446 3444 3453
f 3446 3456 3444
f 3444 3447 3450
f 3456 3447 3444
f 3453 3444 3436
f 3459 3456 3446
f 3460 3463 3458
f 3458 3463 3467
f 3457 3466 3448
f 3448 3466 3469
f 3468 3465 3471
f 3471 3465 3462
f 3483 3471 3472
f 3471 3476 3472
f 3414 3471 3483
f 3414 3468 3471
f 3471 3462 3475
f 3475 3479 3471
f 3471 3479 3476
f 3483 3491 3486
f 3487 3455 3485
f 3484 3454 3490
f 3414 3483 3489
f 3483 3494 3491
f 3483 3472 3494
f 3503 3496 3474
f 3499 3493 3495
f 3500 3497 3504
f 3446 3501 3505
f 3502 3473 3507
f 3446 3498 3501
f 3507 3473 3478
f 3506 3477 3510
f 3446 3505 3508
f 3510 3477 3482
f 3509 3480 3512
f 3515 3508 3511
f 3446 3508 3515
f 3526 3446 3515
f 3515 3516 3523
f 3515 3520 3516
f 3517 3515 3535
f 3526 3515 3517
f 3532 3520 3515
f 3529 3515 3523
f 3529 3535 3515
f 3515 3511 3532
f 3529 3538 3535
f 3540 3543 3536
f 3536 3543 3545
f 3537 3546 3518
f 3518 3546 3548
f 3550 3547 3544
f 3544 3541 3550
f 3553 3475 3550
f 3530 3555 3551
f 3531 3552 3557
f 3557 3552 3560
f 3550 3565 3559
f 3541 3562 3550
f 3550 3475 3547
f 3550 3562 3565
f 3565 3566 3425
f 3565 3569 3566
f 3559 3565 3572
f 3562 3569 3565
f 3565 3321 3572
f 3565 3314 3321
f 3575 3314 3565
f 3425 3578 3565
f 3565 3578 3575
f 3584 3577 3581
f 3583 3579 3587
f 3588 3580 3591
f 3425 3589 3578
f 3594 3590 3420
f 3586 3590 3594
f 3418 3589 3425
f 3593 3419 3597
f 3592 3595 3396
f 3592 3396 3585
f 3597 3419 3424
f 3596 3422 3599
f 3595 3598 3396
f 3600 3423 3427
f 3601 3428 3603
f 3396 3598 3602
f 3603 3428 3416
f 3604 3417 3607
f 3400 3602 3605
f 3396 3602 3400
f 3607 3417 3610
f 3606 3609 3616
f 3400 3605 3611
f 3611 3605 3614
f 3623 3614 3617
f 3615 3621 3619
f 3616 3609 3622
f 3611 3614 3623
f 3624 3633 3613
f 3628 3631 3625
f 3617 3626 3623
f 3625 3631 3634
f 3639 3635 3632
f 3613 3633 3638
f 3639 3632 3629
f 3620 3635 3639
f 3619 3621 3641
f 3618 3640 3643
f 3643 3640 3305
f 3311 3304 3639
f 3311 3639 3629
f 3642 3649 3617
f 3644 3307 3647
f 3645 3232 3642
f 3232 3230 3642
f 3642 3230 3649
f 3330 3310 3650
f 3230 3328 3649
f 3651 3313 3627
f 3617 3649 3626
f 3650 3310 3312
f 3646 3306 3315
f 3648 3316 3653
f 3652 3655 3645
f 3645 3655 3232
f 3655 3665 3656
f 3655 3656 3659
f 3659 3529 3655
f 3652 3445 3655
f 3655 3662 3665
f 3445 3662 3655
f 3655 3529 3556
f 3655 3556 3232
f 3664 3670 3667
f 3667 3670 3568
f 3666 3567 3658
f 3425 3668 3671
f 3663 3673 3669
f 3425 3566 3668
f 3671 3468 3414
f 3451 3470 3672
f 3452 3673 3663
f 3671 3414 3425
f 3445 3450 3662
f 3657 3570 3660
f 3660 3570 3563
f 3661 3564 3539
f 3659 3538 3529
f 3658 3567 3571
f 3653 3316 3576
f 3654 3577 3584
f 3582 3445 3652
f 3620 3407 3635
f 3402 3636 3409
f 3612 3637 3403
f 3627 3313 3630
f 3608 3407 3620
f 3608 3415 3407
f 3585 3445 3582
f 3396 3445 3585
f 3675 3561 3573
f 3676 3574 3678
f 3678 3574 3103
f 3572 3112 3102
f 3572 3321 3112
f 3677 3232 3674
f 3679 3104 3079
f 3078 3231 3677
f 3677 3231 3232
f 3558 3561 3675
f 3674 3232 3556
f 3539 3564 3542
f 3680 3683 3553
f 3524 3682 3554
f 3525 3555 3530
f 3683 3684 3553
f 3553 3684 3475
f 3684 3685 3708
f 3486 3685 3684
f 3684 3695 3688
f 3688 3711 3684
f 3691 3684 3699
f 3691 3475 3684
f 3684 3705 3695
f 3486 3684 3698
f 3684 3702 3698
f 3684 3708 3699
f 3683 3705 3684
f 3684 3711 3702
f 3715 3704 3712
f 3716 3713 3719
f 3719 3713 3690
f 3714 3717 3516
f 3718 3689 3722
f 3516 3717 3720
f 3722 3689 3697
f 3721 3696 3725
f 3726 3720 3723
f 3516 3720 3726
f 3523 3516 3726
f 3726 3727 3733
f 3726 3737 3727
f 3730 3726 3733
f 3523 3726 3730
f 3726 3723 3734
f 3734 3737 3726
f 3736 3742 3738
f 3738 3742 3744
f 3739 3745 3728
f 3728 3745 3747
f 3683 3746 3743
f 3743 3740 3683
f 3729 3748 3750
f 3750 3748 3753
f 3752 3746 3755
f 3683 3755 3746
f 3756 3755 3769
f 3770 3755 3756
f 3680 3755 3683
f 3680 3769 3755
f 3698 3773 3755
f 3698 3755 3768
f 3759 3755 3762
f 3759 3768 3755
f 3762 3755 3770
f 3755 3765 3752
f 3755 3773 3765
f 3778 3766 3775
f 3777 3774 3781
f 3781 3774 3784
f 3698 3782 3773
f 3786 3783 3789
f 3780 3783 3786
f 3788 3782 3698
f 3787 3790 3792
f 3792 3790 3703
f 3698 3702 3788
f 3785 3791 3794
f 3793 3704 3715
f 3791 3714 3516
f 3794 3791 3516
f 3794 3516 3795
f 3800 3794 3795
f 3798 3733 3794
f 3794 3799 3798
f 3800 3799 3794
f 3779 3785 3794
f 3794 3733 3776
f 3794 3776 3779
f 3803 3799 3800
f 3811 3805 3801
f 3807 3802 3796
f 3812 3802 3807
f 3816 3813 3810
f 3815 3805 3811
f 3816 3810 3806
f 3816 3768 3817
f 3817 3813 3816
f 3816 3698 3768
f 3806 3698 3816
f 3817 3832 3821
f 3824 3827 3818
f 3819 3828 3830
f 3820 3831 3814
f 3817 3768 3832
f 3821 3832 3835
f 3833 3832 3834
f 3833 3835 3832
f 3834 3832 3768
f 3836 3839 3822
f 3837 3844 3841
f 3843 3835 3833
f 3846 3843 3849
f 3842 3845 3847
f 3849 3843 3833
f 3849 3861 3852
f 3853 3856 3850
f 3860 3851 3857
f 3848 3851 3860
f 3849 3833 3861
f 3861 3862 3876
f 3872 3862 3861
f 3865 3861 3869
f 3865 3873 3861
f 3861 3876 3869
f 3861 3834 3872
f 3861 3833 3834
f 3852 3861 3873
f 3883 3878 3863
f 3880 3870 3877
f 3881 3878 3883
f 3889 3882 3885
f 3884 3864 3886
f 3888 3879 3882
f 3888 3882 3889
f 3889 3893 3888
f 3905 3890 3889
f 3890 3893 3889
f 3889 3885 3896
f 3889 3896 3902
f 3899 3889 3902
f 3905 3889 3899
f 3900 3909 3907
f 3907 3909 3913
f 3906 3912 3916
f 3914 3917 3905
f 3917 3890 3905
f 3914 3920 3917
f 3921 3924 3919
f 3919 3924 3928
f 3918 3927 3891
f 3891 3927 3930
f 3926 3932 3929
f 3926 3923 3932
f 3731 3933 3681
f 3915 3933 3731
f 3932 3769 3680
f 3929 3932 3911
f 3932 3923 3769
f 3916 3912 3934
f 3892 3931 3894
f 3894 3931 3936
f 3929 3911 3935
f 3895 3937 3940
f 3935 3911 3938
f 3935 3938 3942
f 3940 3937 3943
f 3941 3944 3947
f 3947 3944 3950
f 3942 3872 3948
f 3942 3938 3872
f 3953 3949 3956
f 3946 3949 3953
f 3872 3954 3948
f 3952 3955 3959
f 3959 3955 3962
f 3834 3960 3954
f 3872 3834 3954
f 3958 3961 3965
f 3965 3961 3968
f 3834 3966 3960
f 3964 3967 3970
f 3970 3967 3973
f 3834 3972 3966
f 3976 3974 3979
f 3971 3974 3976
f 3981 3978 3972
f 3981 3972 3834
f 3834 3768 3981
f 3982 3981 3985
f 3994 3981 3982
f 3988 3978 3981
f 3981 3991 3985
f 3769 3988 3981
f 3981 3768 3991
f 3994 3769 3981
f 3997 3769 3994
f 4001 3999 3995
f 4002 3996 4005
f 4005 3996 3984
f 4009 4000 4003
f 4004 3983 4008
f 4009 4003 4006
f 4009 3975 4014
f 4009 3969 3975
f 4010 4009 4006
f 3798 4009 4010
f 3798 4013 4009
f 3963 3969 4009
f 4013 3963 4009
f 4014 4000 4009
f 3730 3733 4014
f 3730 4014 3914
f 4014 3975 4018
f 4015 4021 4014
f 4014 4024 4015
f 4014 4018 3914
f 4014 4021 4000
f 4014 3733 4024
f 3733 4027 4024
f 4028 3771 4026
f 4026 3771 3758
f 4025 3757 4016
f 3733 4030 4027
f 4031 3763 4029
f 4029 3763 3772
f 4032 3761 3764
f 4033 4030 3733
f 4035 3761 4032
f 4036 4033 3798
f 4038 4041 4034
f 4034 4041 3760
f 3798 4033 3733
f 4039 4042 3768
f 4037 4044 4040
f 4039 3768 3759
f 4050 4044 4037
f 3768 4042 4045
f 4049 4046 4043
f 3798 4051 4048
f 4052 4046 4049
f 3798 4048 4036
f 4010 4051 3798
f 4011 3992 4053
f 4053 3992 4047
f 3768 4045 3991
f 4017 4056 4022
f 4022 4056 3998
f 4023 3999 4001
f 3756 3769 4054
f 4016 3757 4055
f 4054 3769 3997
f 3977 3980 4020
f 4020 3980 3990
f 4019 3989 3922
f 4018 3920 3914
f 4013 3888 3951
f 3951 3957 4013
f 4013 3957 3963
f 4058 4013 3798
f 4057 4059 4013
f 3838 4057 4013
f 4058 3838 4013
f 4013 4059 3888
f 4060 4063 4059
f 4067 4060 4059
f 4059 4063 3879
f 4059 3879 3888
f 4067 4059 3855
f 4057 3855 4059
f 4085 4060 4067
f 4076 4070 4067
f 4071 4074 4069
f 4069 4074 3875
f 4076 4067 3855
f 4068 3874 4080
f 4082 4067 4079
f 4085 4067 4082
f 4084 4090 4087
f 4087 4090 4093
f 4086 4092 4062
f 4062 4092 3868
f 4091 3873 3865
f 4091 4088 3873
f 4094 4097 4088
f 4083 4096 4089
f 4088 4100 3873
f 4088 4097 4100
f 4104 4102 4098
f 4081 4102 4104
f 4080 3874 4101
f 4105 4099 4108
f 4109 4103 4106
f 4112 4103 4109
f 4112 4079 4103
f 4111 4117 4113
f 4113 4117 4095
f 4114 4096 4083
f 4082 4079 4112
f 4118 4124 4115
f 4110 4120 4116
f 4115 4121 4094
f 4115 4125 4121
f 4115 4124 4125
f 4130 4122 4127
f 4129 4126 4133
f 4133 4126 4136
f 4124 4134 4125
f 4138 4135 4141
f 4132 4135 4138
f 4140 4134 4124
f 4139 4142 4144
f 4144 4142 4147
f 4124 4146 4140
f 4145 4148 4150
f 4124 4152 4146
f 4150 4148 4153
f 4151 4154 4157
f 4157 4154 4160
f 4161 4158 4152
f 4161 4152 4124
f 4165 4158 4161
f 4161 4162 4169
f 4124 4162 4161
f 4168 4165 4161
f 4161 4169 4168
f 4173 4180 4170
f 4174 4171 4176
f 4176 4171 4163
f 4168 4169 4178
f 4168 4178 4181
f 4185 4182 4179
f 4186 4180 4173
f 4190 4187 4184
f 4188 4182 4185
f 4190 4184 4191
f 4191 4184 4172
f 4191 4155 4190
f 4191 4143 4149
f 4192 4143 4191
f 4191 4172 4192
f 4191 4149 4155
f 4192 4200 4193
f 4194 4192 4193
f 3899 4109 4192
f 4128 4192 4109
f 4192 4137 4143
f 4131 4137 4192
f 3899 4192 4194
f 4192 4197 4200
f 4175 4197 4192
f 4131 4192 4128
f 4192 4172 4175
f 4198 4204 4202
f 4202 4204 4209
f 4201 4208 4212
f 4193 4200 4210
f 4211 4207 4215
f 4213 4216 4218
f 4193 4210 4217
f 4218 4216 4221
f 4219 4222 4224
f 4226 4217 4223
f 4193 4217 4226
f 4226 4227 4193
f 4226 4234 4227
f 4226 4223 4230
f 4230 4231 4226
f 4226 4231 4234
f 4232 4238 4236
f 4236 4238 4242
f 4235 4241 4228
f 4228 4241 4244
f 4246 4243 4240
f 4246 4240 4247
f 4247 4240 4237
f 4248 4257 4247
f 4168 4248 4247
f 4251 4247 4260
f 4168 4247 4251
f 4247 4254 4246
f 4247 4257 4254
f 4247 4237 4260
f 4251 4260 4267
f 4261 4260 4273
f 4264 4260 4261
f 4267 4260 4264
f 4260 4270 4273
f 4260 4237 4270
f 4274 4285 4273
f 4273 4275 4274
f 4273 4282 4275
f 4273 4278 4294
f 4273 4288 4278
f 4273 4279 4291
f 4273 4285 4279
f 4261 4273 4294
f 4273 4270 4282
f 4291 4288 4273
f 4294 4306 4297
f 4299 4302 4296
f 4301 4305 4295
f 4295 4305 4263
f 4294 4278 4306
f 4310 4307 4313
f 4310 4298 4307
f 4314 4308 4316
f 4318 4315 4306
f 4306 4319 4318
f 4306 4278 4319
f 4319 4320 4330
f 4319 4327 4320
f 4319 4323 4333
f 4278 4323 4319
f 4319 4333 4326
f 4326 4327 4319
f 4318 4319 4330
f 4326 4333 4336
f 4340 4338 4334
f 4341 4335 4343
f 4343 4335 4324
f 4348 4339 4342
f 4344 4325 4347
f 4348 4342 4345
f 4348 4354 4303
f 4303 4300 4348
f 4312 4348 4300
f 4349 4348 4312
f 4345 4351 4348
f 4349 4350 4348
f 4350 4339 4348
f 4348 4351 4354
f 4354 4357 4355
f 4354 4355 4360
f 4354 4372 4356
f 4356 4363 4354
f 4303 4354 4360
f 4354 4369 4357
f 4351 4366 4354
f 4363 4369 4354
f 4354 4366 4372
f 4356 4372 4375
f 4374 4281 4376
f 4373 4292 4280
f 4367 4292 4373
f 4376 4281 4286
f 4377 4287 4379
f 4356 4375 4378
f 4379 4287 4382
f 4380 4383 4386
f 4378 4384 4387
f 4387 4356 4378
f 4388 4356 4387
f 4388 4387 4392
f 4387 4395 4391
f 4392 4387 4391
f 4387 4384 4395
f 4385 4399 4397
f 4397 4399 4403
f 4396 4402 4405
f 4391 4395 4404
f 4405 4402 4408
f 4406 4409 4411
f 4391 4404 4410
f 4411 4409 4337
f 4412 4338 4340
f 4350 4410 4339
f 4391 4410 4350
f 4401 4326 4407
f 4326 4336 4407
f 4413 4326 4401
f 4401 4398 4413
f 4413 4414 4326
f 4417 4414 4413
f 4413 4274 4417
f 4413 4398 4274
f 4390 4415 4419
f 4389 4418 4196
f 4196 4418 4422
f 4417 4274 4420
f 4195 4421 3901
f 3901 4421 3910
f 4420 4124 3908
f 4274 4423 4420
f 4420 4423 4124
f 4424 4436 4423
f 4427 4424 4423
f 4220 4214 4423
f 4423 4430 4220
f 4274 4427 4423
f 4246 4430 4423
f 4423 4433 4246
f 4423 4206 4124
f 4423 4436 4433
f 4423 4214 4206
f 4441 4435 4438
f 4440 4437 4444
f 4444 4437 4426
f 4439 4442 4193
f 4443 4425 4447
f 4193 4442 4445
f 4447 4425 4429
f 4446 4428 4449
f 4445 4448 4356
f 4193 4445 4356
f 4449 4428 4452
f 4450 4453 4364
f 4356 4448 4363
f 4451 4427 4274
f 4274 4454 4451
f 4364 4453 4455
f 4365 4456 4370
f 4370 4456 4276
f 4274 4275 4454
f 4193 4457 4439
f 4459 4435 4441
f 4193 4227 4457
f 4229 4245 4458
f 4458 4245 4434
f 4433 4243 4246
f 4224 4222 4431
f 4225 4432 4461
f 4461 4432 4255
f 4246 4254 4430
f 4230 4223 4460
f 4462 4256 4465
f 4230 4460 4463
f 4465 4256 4259
f 4464 4258 4468
f 4190 4463 4466
f 4190 4230 4463
f 4468 4258 4250
f 4467 4249 4189
f 4466 4187 4190
f 4393 4415 4390
f 4469 4475 4414
f 4469 4414 4481
f 4414 4472 4326
f 4414 4478 4472
f 4414 4475 4478
f 4481 4414 4484
f 4394 4485 4416
f 4484 4490 4481
f 4487 4496 4484
f 4495 4488 4486
f 4484 4496 4490
f 4494 4485 4394
f 4501 4491 4498
f 4500 4497 4503
f 4503 4497 4506
f 4487 4505 4496
f 4509 4507 4512
f 4504 4507 4509
f 4487 4511 4505
f 4510 4513 4515
f 4515 4513 4518
f 4517 4511 4520
f 4487 4520 4511
f 4520 4521 4525
f 4520 4526 4521
f 4525 4529 4520
f 4530 4526 4520
f 4520 4529 4533
f 4520 4533 4517
f 4520 4535 4530
f 4534 4520 4487
f 4534 4535 4520
f 4539 4532 4536
f 4540 4537 4542
f 4542 4537 4545
f 4544 4535 4534
f 4549 4546 4552
f 4543 4546 4549
f 4534 4550 4544
f 4548 4551 4555
f 4555 4551 4558
f 4556 4550 4534
f 4554 4557 4561
f 4561 4557 4564
f 4534 4562 4556
f 4560 4563 4566
f 4566 4563 4569
f 4571 4568 4562
f 4534 4571 4562
f 4571 4580 4572
f 4572 4579 4571
f 4571 4575 4568
f 4583 4575 4571
f 4586 4578 4571
f 4578 4589 4571
f 4592 4571 4579
f 4571 4589 4580
f 4525 4583 4571
f 4586 4571 4534
f 4525 4571 4592
f 4592 4579 4593
f 4593 4600 4592
f 4592 4596 4525
f 4592 4604 4596
f 4600 4604 4592
f 4605 4609 4599
f 4601 4610 4606
f 4618 4612 4607
f 4614 4598 4608
f 4615 4607 4619
f 4618 4607 4615
f 4602 4621 4611
f 4620 4594 4616
f 4624 4594 4620
f 4625 4622 4603
f 4623 4600 4593
f 4626 4612 4618
f 4615 4627 4618
f 4618 4628 4626
f 4618 4627 4628
f 4628 4629 4638
f 4628 4646 4629
f 4628 4632 4639
f 4649 4632 4628
f 4626 4628 4635
f 4628 4652 4635
f 4553 4628 4638
f 4642 4628 4627
f 4628 4639 4645
f 4559 4628 4553
f 4649 4628 4642
f 4559 4565 4628
f 4628 4565 4652
f 4645 4646 4628
f 4567 4570 4653
f 4653 4570 4576
f 4654 4577 4636
f 4650 4573 4634
f 4651 4656 4574
f 4643 4656 4651
f 4655 4579 4572
f 4593 4655 4658
f 4593 4579 4655
f 4644 4659 4657
f 4667 4658 4661
f 4666 4663 4660
f 4593 4658 4667
f 4665 4659 4644
f 4667 4670 4676
f 4667 4686 4670
f 4667 4676 4673
f 4684 4669 4675
f 4681 4617 4668
f 4682 4669 4684
f 4668 4617 4595
f 4667 4661 4685
f 4685 4686 4667
f 4687 4695 4686
f 4685 4687 4686
f 4686 4691 4690
f 4670 4686 4690
f 4686 4695 4691
f 4699 4693 4696
f 4701 4697 4704
f 4704 4697 4689
f 4702 4708 4698
f 4703 4688 4707
f 4702 4705 4708
f 4708 4705 4712
f 4709 4715 4708
f 4719 4709 4708
f 4708 4712 4719
f 4708 4715 4720
f 4698 4708 4718
f 4708 4720 4680
f 4680 4718 4708
f 4717 4725 4721
f 4721 4725 4727
f 4680 4720 4729
f 4722 4728 4730
f 4730 4728 4662
f 4731 4663 4666
f 4729 4664 4615
f 4680 4729 4615
f 4661 4726 4685
f 4685 4726 4723
f 4735 4723 4732
f 4716 4733 4724
f 4685 4723 4735
f 4735 4736 4749
f 4742 4736 4735
f 4578 4735 4739
f 4735 4732 4739
f 4746 4742 4735
f 4746 4735 4578
f 4735 4749 4685
f 4685 4749 4752
f 4757 4753 4751
f 4756 4750 4759
f 4759 4750 4737
f 4761 4758 4764
f 4761 4719 4758
f 4719 4755 4758
f 4760 4738 4765
f 4765 4738 4743
f 4766 4745 4770
f 4771 4764 4767
f 4761 4764 4771
f 4772 4776 4778
f 4786 4776 4772
f 4773 4779 4762
f 4767 4780 4771
f 4771 4780 4783
f 4771 4783 4784
f 4784 4783 4787
f 4789 4792 4785
f 4785 4792 4775
f 4793 4796 4790
f 4788 4795 4791
f 4790 4796 4774
f 4774 4796 4805
f 4797 4796 4800
f 4801 4796 4797
f 4800 4796 4804
f 4793 4804 4796
f 4801 4805 4796
f 4805 4809 4806
f 4805 4806 4818
f 4805 4812 4809
f 4774 4805 4777
f 4815 4690 4805
f 4690 4812 4805
f 4777 4805 4818
f 4815 4805 4801
f 4777 4818 4821
f 4782 4822 4820
f 4781 4819 4826
f 4826 4819 4808
f 4780 4824 4783
f 4825 4807 4828
f 4827 4783 4824
f 4830 4833 4827
f 4829 4811 4831
f 4828 4807 4810
f 4833 4783 4827
f 4833 4834 4783
f 4837 4833 4830
f 4847 4834 4833
f 4837 4718 4833
f 4840 4833 4843
f 4847 4833 4840
f 4843 4833 4718
f 4848 4851 4836
f 4849 4854 4852
f 4841 4854 4849
f 4670 4850 4853
f 4670 4853 4856
f 4842 4857 4855
f 4859 4865 4856
f 4864 4861 4858
f 4863 4857 4842
f 4865 4670 4856
f 4867 4870 4844
f 4879 4869 4866
f 4871 4865 4859
f 4871 4874 4865
f 4867 4844 4671
f 4877 4865 4874
f 4879 4888 4869
f 4877 4892 4880
f 4882 4885 4878
f 4878 4885 4887
f 4874 4889 4877
f 4877 4889 4892
f 4898 4895 4890
f 4905 4894 4897
f 4880 4892 4900
f 4904 4902 4893
f 4906 4903 4886
f 4908 4902 4904
f 4886 4903 4896
f 4883 4909 4906
f 4911 4914 4907
f 4907 4914 4901
f 4886 4883 4906
f 4912 4915 4800
f 4910 4916 4913
f 4912 4800 4880
f 4880 4900 4912
f 4920 4922 4917
f 4919 4916 4910
f 4915 4921 4800
f 4800 4921 4924
f 4928 4922 4920
f 4929 4926 4923
f 4934 4927 4918
f 4930 4927 4934
f 4933 4926 4929
f 4934 4935 4939
f 4934 4956 4935
f 4934 4918 4883
f 4946 4934 4938
f 4934 4959 4938
f 4939 4947 4934
f 4962 4942 4934
f 4934 4942 4930
f 4945 4934 4946
f 4945 4950 4934
f 4934 4883 4953
f 4934 4947 4959
f 4962 4934 4950
f 4953 4956 4934
f 4952 4803 4964
f 4964 4803 4799
f 4963 4798 4967
f 4965 4942 4962
f 4967 4798 4970
f 4966 4969 4973
f 4981 4965 4971
f 4974 4965 4981
f 4974 4978 4965
f 4965 4978 4942
f 4981 4971 4984
f 4985 4875 4983
f 4983 4875 4990
f 4982 4988 4976
f 4997 4987 4874
f 4991 4987 4997
f 4991 4994 4987
f 4977 4989 4996
f 5001 4992 4998
f 5002 4999 5004
f 5004 4999 4872
f 4997 4874 4871
f 4868 5000 5003
f 5005 4873 5007
f 4868 5003 5006
f 5007 4873 4860
f 5008 4861 4864
f 4862 4843 5006
f 4843 4868 5006
f 4984 4971 5000
f 4972 4992 5001
f 4984 5000 4868
f 4979 4995 5010
f 4975 4995 4979
f 4968 5009 4994
f 4968 4994 4991
f 4980 5011 4943
f 4943 5011 5013
f 5012 5009 4968
f 5012 4797 4800
f 4968 4797 5012
f 4944 5015 4932
f 4931 5014 4925
f 4800 4924 5012
f 4973 4969 4993
f 4868 4896 4984
f 4899 4891 4986
f 4986 4891 4876
f 4949 5018 4960
f 4960 5018 5020
f 4961 5021 5024
f 4938 4959 5022
f 5024 5021 5027
f 5023 5026 5030
f 5022 5028 4938
f 5030 5026 5033
f 5029 5032 5036
f 4938 5028 5034
f 5037 5034 5043
f 4938 5034 5037
f 5036 5032 5042
f 5035 5041 5044
f 5037 5043 5049
f 5044 5041 5047
f 5045 5048 5050
f 5050 5048 5053
f 5051 5054 5056
f 5049 5055 5037
f 5056 5054 5059
f 5057 5060 5062
f 4953 5055 5061
f 5064 5037 5055
f 5064 5055 4953
f 5067 5037 5064
f 5068 5065 5071
f 5071 5065 5074
f 5066 4954 5075
f 5076 5070 5073
f 5073 5088 5076
f 5075 4954 5080
f 5079 5082 5073
f 5073 5082 5085
f 5085 5058 5073
f 5073 5058 5052
f 5073 5052 5046
f 5046 5040 5073
f 5073 5040 5088
f 5088 5019 4800
f 5088 5025 5019
f 4800 4804 5088
f 5088 5089 5100
f 5088 5094 5089
f 5088 5093 5092
f 5088 5092 5097
f 5088 4804 5093
f 5031 5025 5088
f 5097 5094 5088
f 5040 5031 5088
f 5076 5088 5100
f 5103 5076 5100
f 5108 5104 5102
f 5107 5101 5111
f 5111 5101 5091
f 4938 5106 5109
f 5110 5090 5113
f 5109 5112 4938
f 5113 5090 5095
f 5114 5096 5116
f 4938 5112 5115
f 5116 5096 5098
f 5117 5099 5119
f 5121 5115 5118
f 4938 5115 5121
f 5129 5121 5122
f 5122 5121 5132
f 5128 4938 5121
f 5121 5125 5135
f 5121 5138 5125
f 5128 5121 5129
f 5118 5138 5121
f 5132 5121 5135
f 5139 5145 5127
f 5120 5143 5140
f 5140 5143 5146
f 5092 5144 5141
f 5147 5144 5092
f 5127 5145 5149
f 5126 5148 5151
f 5151 5148 5154
f 5153 5147 5092
f 5156 5153 5092
f 5162 5153 5156
f 5152 5155 5160
f 5160 5155 5163
f 5162 5156 5168
f 5161 5164 5166
f 5166 5164 5169
f 5172 5170 5175
f 5167 5170 5172
f 5168 5177 5174
f 5168 5156 5177
f 5174 5177 5076
f 5182 5077 5179
f 5181 5178 5137
f 5137 5178 5158
f 5180 5165 5037
f 5038 5077 5182
f 5135 5159 5180
f 5180 5159 5165
f 5173 5176 5185
f 5185 5176 5105
f 5174 5076 5103
f 5037 5171 5183
f 5184 5104 5108
f 4938 5183 5106
f 5037 5183 4938
f 5037 5165 5171
f 5135 5150 5159
f 5157 5191 5188
f 5136 5157 5188
f 5156 5195 5189
f 5156 5092 5192
f 5192 5198 5156
f 5156 5198 5195
f 5134 5199 5194
f 5203 5197 5200
f 5202 5199 5134
f 5201 5135 5204
f 5206 5197 5203
f 5132 5135 5201
f 5135 5207 5204
f 5209 5212 5205
f 5205 5212 5196
f 5189 5210 5213
f 5208 5215 5211
f 5189 5195 5210
f 5221 5215 5208
f 5213 5216 5189
f 5220 5217 5214
f 5222 5219 5186
f 5223 5217 5220
f 5186 5219 5207
f 5231 5225 5222
f 5226 5229 5224
f 5224 5229 5218
f 5186 5231 5222
f 5231 5232 5238
f 5241 5232 5231
f 5235 5231 5247
f 5235 5225 5231
f 5243 5231 5186
f 5231 5238 5246
f 5243 5241 5231
f 5247 5231 5246
f 5128 5250 5247
f 5252 5255 5248
f 5248 5255 5257
f 5249 5258 5237
f 5247 5246 5128
f 5237 5258 5261
f 5256 5262 5259
f 5256 5093 5262
f 5253 5093 5256
f 5262 5263 5273
f 5269 5263 5262
f 5266 5262 5093
f 5269 5262 5266
f 5259 5262 5272
f 5262 5273 5272
f 5273 5276 5272
f 5281 5278 5275
f 5280 5274 5284
f 5284 5274 5265
f 5246 5279 5282
f 5283 5264 5287
f 5246 5282 5285
f 5287 5264 5271
f 5286 5270 5289
f 5291 5285 5288
f 5291 5246 5285
f 5291 5309 5294
f 5296 5302 5292
f 5291 5297 5309
f 5306 5297 5291
f 5292 5302 5267
f 5293 5268 5304
f 5303 5246 5291
f 5291 5288 5306
f 5298 5313 5311
f 5311 5313 5317
f 5310 5316 5319
f 5294 5309 5318
f 5319 5316 5322
f 5320 5323 5325
f 5294 5318 5324
f 5325 5323 5328
f 5326 5329 5333
f 5335 5324 5331
f 5294 5324 5335
f 5346 5336 5335
f 5336 5339 5335
f 5339 5343 5335
f 5335 5351 5342
f 5342 5294 5335
f 5335 5331 5348
f 5335 5343 5351
f 5346 5335 5347
f 5347 5335 5348
f 5344 5355 5353
f 5353 5355 5359
f 5352 5358 5362
f 5342 5351 5360
f 5362 5358 5365
f 5361 5364 5368
f 5342 5360 5366
f 5368 5364 5371
f 5367 5370 5373
f 5366 5372 5342
f 5373 5370 5376
f 5374 5377 5379
f 5372 5378 5342
f 5379 5377 5382
f 5380 5383 5385
f 5378 5384 5387
f 5342 5378 5387
f 5387 5384 5388
f 5387 5388 5391
f 5346 5387 5391
f 5397 5387 5346
f 5394 5387 5398
f 5342 5387 5394
f 5397 5401 5387
f 5387 5401 5398
f 5404 5401 5397
f 5407 5410 5402
f 5402 5410 5412
f 5403 5413 5400
f 5417 5414 5411
f 5400 5413 5416
f 5418 5417 5411
f 5418 5411 5408
f 5419 5418 5422
f 5419 5433 5418
f 5422 5418 5429
f 5425 5418 5438
f 5425 5437 5418
f 5408 5429 5418
f 5438 5418 5433
f 5436 5417 5418
f 5418 5437 5436
f 5438 5439 5454
f 5438 5442 5439
f 5438 5445 5425
f 5448 5442 5438
f 5438 5451 5445
f 5438 5433 5448
f 5454 5451 5438
f 5454 5439 5467
f 5454 5455 5458
f 5454 5464 5455
f 5458 5461 5454
f 5454 5461 5451
f 5470 5464 5454
f 5454 5467 5470
f 5471 5470 5476
f 5471 5472 5470
f 5472 5485 5470
f 5476 5470 5479
f 5470 5482 5479
f 5470 5467 5482
f 5470 5485 5464
f 5490 5466 5487
f 5489 5486 5493
f 5493 5486 5475
f 5498 5488 5491
f 5492 5474 5497
f 5499 5491 5494
f 5498 5491 5499
f 5499 5494 5501
f 5499 5507 5498
f 5500 5499 5501
f 5504 5499 5500
f 5504 5507 5499
f 5505 5511 5509
f 5509 5511 5478
f 5508 5477 5514
f 5513 5516 5507
f 5507 5522 5498
f 5516 5519 5507
f 5507 5519 5522
f 5523 5526 5480
f 5520 5526 5523
f 5524 5481 5529
f 5498 5522 5528
f 5534 5528 5531
f 5530 5484 5533
f 5529 5481 5483
f 5498 5528 5534
f 5534 5535 5498
f 5534 5548 5535
f 5538 5548 5534
f 5542 5538 5534
f 5541 5534 5545
f 5542 5534 5541
f 5534 5531 5545
f 5550 5560 5536
f 5538 5551 5548
f 5554 5557 5549
f 5549 5557 5559
f 5536 5560 5456
f 5458 5455 5558
f 5458 5558 5555
f 5555 5561 5458
f 5564 5561 5555
f 5552 5565 5556
f 5564 5568 5561
f 5573 5569 5567
f 5572 5566 5553
f 5574 5571 5538
f 5577 5571 5574
f 5578 5569 5573
f 5571 5551 5538
f 5579 5582 5570
f 5585 5582 5579
f 5574 5583 5577
f 5574 5500 5583
f 5500 5586 5583
f 5588 5591 5584
f 5584 5591 5581
f 5471 5589 5592
f 5587 5594 5590
f 5595 5580 5589
f 5471 5595 5589
f 5561 5580 5595
f 5609 5595 5596
f 5595 5600 5596
f 5510 5595 5471
f 5606 5561 5595
f 5510 5599 5595
f 5599 5603 5595
f 5595 5603 5600
f 5606 5595 5609
f 5609 5612 5606
f 5616 5614 5610
f 5617 5611 5619
f 5619 5611 5597
f 5615 5618 5500
f 5620 5598 5623
f 5500 5618 5621
f 5623 5598 5602
f 5622 5601 5626
f 5621 5624 5500
f 5626 5601 5605
f 5625 5604 5629
f 5624 5627 5630
f 5500 5624 5630
f 5630 5644 5631
f 5635 5630 5631
f 5647 5630 5634
f 5630 5653 5634
f 5641 5630 5635
f 5630 5638 5644
f 5656 5638 5630
f 5500 5630 5647
f 5641 5650 5630
f 5630 5650 5653
f 5630 5627 5656
f 5628 5660 5658
f 5658 5660 5664
f 5657 5663 5639
f 5639 5663 5666
f 5599 5665 5662
f 5662 5659 5599
f 5640 5667 5645
f 5668 5665 5599
f 5645 5667 5669
f 5668 5671 5677
f 5599 5671 5668
f 5646 5670 5676
f 5676 5670 5679
f 5671 5683 5677
f 5675 5678 5682
f 5682 5678 5685
f 5688 5684 5691
f 5681 5684 5688
f 5692 5689 5683
f 5692 5683 5671
f 5606 5689 5692
f 5696 5608 5693
f 5697 5694 5632
f 5632 5694 5672
f 5695 5686 5698
f 5700 5608 5696
f 5631 5680 5695
f 5695 5680 5686
f 5574 5701 5698
f 5703 5706 5699
f 5699 5706 5607
f 5698 5500 5574
f 5698 5686 5707
f 5707 5615 5698
f 5698 5615 5500
f 5687 5690 5708
f 5708 5690 5613
f 5709 5614 5616
f 5702 5575 5705
f 5704 5561 5606
f 5705 5575 5562
f 5606 5612 5689
f 5631 5674 5680
f 5631 5644 5674
f 5633 5673 5714
f 5671 5710 5722
f 5719 5710 5671
f 5714 5673 5717
f 5671 5722 5716
f 5599 5719 5671
f 5716 5722 5725
f 5731 5727 5723
f 5732 5724 5734
f 5734 5724 5711
f 5635 5631 5733
f 5735 5712 5636
f 5631 5729 5733
f 5631 5736 5729
f 5737 5726 5730
f 5713 5739 5736
f 5740 5743 5738
f 5738 5743 5728
f 5713 5736 5631
f 5748 5742 5745
f 5741 5747 5744
f 5748 5725 5742
f 5771 5748 5745
f 5716 5725 5748
f 5752 5718 5749
f 5753 5750 5755
f 5750 5758 5755
f 5757 5748 5760
f 5748 5768 5760
f 5764 5765 5748
f 5771 5764 5748
f 5748 5765 5768
f 5774 5764 5771
f 5778 5776 5772
f 5779 5773 5781
f 5781 5773 5746
f 5777 5780 5751
f 5782 5747 5741
f 5751 5780 5739
f 5783 5777 5634
f 5785 5776 5778
f 5634 5777 5751
f 5634 5786 5783
f 5787 5791 5784
f 5784 5791 5775
f 5764 5790 5793
f 5788 5794 5792
f 5774 5790 5764
f 5654 5795 5789
f 5764 5793 5599
f 5599 5793 5797
f 5655 5798 5796
f 5599 5797 5800
f 5652 5802 5799
f 5651 5798 5655
f 5800 5719 5599
f 5642 5721 5801
f 5643 5802 5652
f 5634 5653 5786
f 5804 5770 5766
f 5809 5770 5804
f 5807 5762 5769
f 5803 5751 5806
f 5751 5810 5806
f 5812 5763 5808
f 5751 5813 5810
f 5814 5817 5811
f 5811 5817 5761
f 5816 5819 5822
f 5815 5820 5818
f 5816 5822 5760
f 5840 5825 5822
f 5827 5830 5824
f 5835 5823 5829
f 5760 5822 5831
f 5832 5823 5835
f 5822 5819 5837
f 5843 5822 5837
f 5840 5822 5843
f 5843 5849 5846
f 5846 5861 5843
f 5843 5852 5840
f 5856 5851 5844
f 5843 5861 5852
f 5857 5845 5860
f 5860 5845 5839
f 5865 5854 5862
f 5866 5863 5868
f 5868 5863 5847
f 5864 5867 5873
f 5869 5848 5871
f 5873 5867 5870
f 5875 5877 5881
f 5886 5877 5875
f 5874 5880 5884
f 5882 5864 5873
f 5873 5870 5634
f 5634 5885 5873
f 5634 5888 5885
f 5889 5892 5887
f 5887 5892 5878
f 5891 5894 5764
f 5890 5896 5893
f 5764 5876 5891
f 5764 5894 5765
f 5898 5767 5895
f 5899 5896 5890
f 5803 5897 5634
f 5805 5767 5898
f 5897 5888 5634
f 5884 5880 5902
f 5883 5901 5904
f 5828 5882 5903
f 5882 5906 5864
f 5828 5906 5882
f 5828 5909 5906
f 5910 5841 5907
f 5907 5841 5853
f 5908 5854 5865
f 5911 5913 5842
f 5916 5913 5911
f 5915 5909 5828
f 5918 5915 5828
f 5918 5921 5915
f 5923 5926 5917
f 5917 5926 5914
f 5924 5927 2837
f 5922 5929 5925
f 5825 5924 2837
f 5912 5924 5825
f 2837 5927 2834
f 5931 2836 5928
f 5932 5929 5922
f 2860 2850 5930
f 2852 2836 5931
f 5930 5921 5918
f 2860 5930 5918
f 5920 5830 5827
f 2892 5919 5826
f 5918 2897 2860
f 2898 5919 2892
f 5912 5825 5840
f 5903 5855 5828
f 5905 5851 5856
f 5904 5901 5850
f 5846 5900 5933
f 5846 5849 5900
f 5933 5900 5879
f 5871 5848 5934
f 5872 5935 5938
f 5938 5935 2843
f 2841 5933 2831
f 5933 5879 5764
f 2831 5933 5764
f 5634 5870 5936
f 5937 2842 2846
f 2854 5936 2844
f 5634 5936 2854
f 5764 5879 5876
f 5834 5858 5939
f 5828 5858 5834
f 5828 5855 5858
f 5859 5838 5941
f 5941 5838 5821
f 5940 5820 5815
f 5754 5939 5813
f 5834 5939 5754
f 5756 5833 5836
f 5756 5759 5833
f 5760 5831 5757
f 5825 2837 2891
f 5754 5813 5751
f 5634 5751 5803
f 5942 5764 5599
f 2831 5764 5942
f 5649 2832 5944
f 5648 5943 5506
f 5506 5943 5512
f 5942 5599 5510
f 5751 5739 5713
f 5715 5718 5752
f 5636 5712 5720
f 5637 5721 5642
f 5599 5659 5603
f 5629 5604 5661
f 5647 5634 2854
f 2855 2832 5649
f 5647 5504 5500
f 5592 5945 5471
f 5502 5946 5593
f 5503 5594 5587
f 5945 5472 5471
f 5496 5473 5947
f 5495 5946 5502
f 5500 5501 5586
f 5561 5568 5580
f 5576 5539 5563
f 5563 5539 5459
f 5532 5468 5547
f 5547 5468 5441
f 5546 5440 5950
f 5545 5948 5541
f 5950 5440 5444
f 5949 5443 5952
f 5541 5948 5951
f 5952 5443 5449
f 5953 5450 5955
f 5397 5951 5954
f 5541 5951 5397
f 5955 5450 5434
f 5956 5435 5958
f 5397 5954 5957
f 5957 5960 5963
f 5972 5960 5957
f 5963 5966 5957
f 5957 5966 5975
f 5958 5435 5970
f 5959 5971 5974
f 5957 5975 5397
f 5967 5979 5977
f 5977 5979 5421
f 5976 5420 5982
f 5397 5975 5981
f 5982 5420 5423
f 5983 5424 5985
f 5397 5981 5984
f 5985 5424 5430
f 5986 5431 5405
f 5397 5984 5404
f 5978 5987 5990
f 5968 5988 5980
f 5978 5990 5419
f 5419 5990 5993
f 6001 5994 5992
f 5990 5996 6002
f 5990 5987 5996
f 6000 5991 5518
f 5518 5991 6004
f 6002 5476 5525
f 6002 5996 5476
f 5517 6003 5521
f 5521 6003 5527
f 5972 5999 5513
f 5973 5994 6001
f 5513 5999 5516
f 6005 6008 5996
f 5961 6007 5997
f 5962 5998 5965
f 5965 5998 5989
f 6008 5476 5996
f 5514 5477 6009
f 6014 6008 6005
f 5515 6010 5395
f 5395 6010 6012
f 6014 6011 6008
f 6017 6011 6014
f 6022 6018 6016
f 6021 6015 6024
f 6024 6015 6006
f 5394 6020 6023
f 6025 6007 5961
f 5972 6023 5960
f 5394 6023 5972
f 6026 6020 5394
f 6027 6018 6022
f 5394 6029 6026
f 6030 6033 6028
f 6028 6033 6019
f 6032 5414 5417
f 6031 5415 6034
f 6017 6032 6011
f 6011 6032 5417
f 5399 5415 6031
f 5394 5398 6029
f 5396 6013 5295
f 5295 6013 5301
f 6035 5300 6011
f 6011 5417 6035
f 6035 5381 5375
f 6035 5417 5381
f 6035 5363 6036
f 6035 5369 5363
f 5375 5369 6035
f 5300 6035 6036
f 6036 6037 6050
f 6040 6037 6036
f 6036 5357 5354
f 6036 5363 5357
f 6036 6044 5436
f 6053 6036 5436
f 6040 6036 6053
f 6036 6047 6044
f 5354 6047 6036
f 6036 6050 5300
f 6054 6053 6057
f 6054 6061 6053
f 6057 6053 6064
f 6053 5436 6064
f 6061 6040 6053
f 6057 6064 6065
f 6064 5436 6068
f 6064 6068 6065
f 6073 6066 6070
f 6072 6069 6076
f 6076 6069 6079
f 6068 5436 6077
f 6075 6078 6082
f 6082 6078 6085
f 6077 5437 6083
f 6077 5436 5437
f 6088 6084 5428
f 6081 6084 6088
f 6083 5437 5425
f 6087 5427 6091
f 6089 5541 6086
f 6086 5541 5397
f 6086 5397 6080
f 5426 5446 6090
f 6092 5447 5452
f 6092 5452 5543
f 5541 6089 5542
f 6074 6080 6093
f 6093 6080 5397
f 6071 6093 5346
f 6074 6093 6071
f 6093 5397 5346
f 6071 6098 6094
f 6095 6066 6073
f 6071 5346 6098
f 6094 6098 6099
f 6098 5346 5347
f 6098 5347 6099
f 6094 6099 6102
f 6105 6101 6108
f 6108 6101 6056
f 6100 6110 6055
f 6099 6112 6109
f 6099 6116 6112
f 6099 5347 6116
f 6118 6038 6043
f 5349 6038 6118
f 6117 6041 6113
f 5347 5348 6116
f 6109 6112 6119
f 6114 6042 6062
f 6115 6063 6120
f 6109 6119 6125
f 6120 6063 6123
f 6121 6124 6126
f 6128 6134 6125
f 6127 6133 6130
f 6125 6134 6109
f 6126 6124 6132
f 6128 6137 6134
f 6138 6141 6136
f 6109 6134 6146
f 6136 6141 6145
f 6135 6144 6147
f 6109 6146 5241
f 6147 6144 6150
f 6146 6152 5241
f 6148 6151 6153
f 5241 6152 5232
f 6153 6151 6156
f 6154 6157 5233
f 5233 6157 6159
f 6164 6158 6155
f 6161 6155 6149
f 6164 6155 6161
f 6165 6111 5242
f 6163 6111 6165
f 6165 5242 6167
f 5272 6164 6166
f 5272 6158 6164
f 6167 5242 6169
f 6167 6169 6172
f 6173 6166 6170
f 6173 5272 6166
f 5187 6175 5245
f 5187 5190 6175
f 5189 5272 6173
f 5244 6174 6171
f 6172 6169 6178
f 5244 6171 6177
f 6168 5243 6176
f 6168 5241 5243
f 6161 6122 6054
f 6055 6110 6162
f 6161 6149 6131
f 6131 6122 6161
f 5234 6160 5239
f 5239 6160 5277
f 5272 5276 6158
f 6131 6149 6143
f 6131 6143 6179
f 6140 6182 6143
f 6179 6143 6182
f 6187 6180 6184
f 6186 6183 5299
f 5299 6183 5314
f 6188 5312 6182
f 6188 6182 6140
f 5266 5312 6188
f 6188 6191 5266
f 6139 6190 6142
f 6196 6190 6139
f 6195 6193 6189
f 6185 6194 6137
f 5297 6194 6185
f 5306 6194 5297
f 5308 6193 6195
f 5266 6191 6197
f 5307 6199 6192
f 5266 6197 5269
f 5289 5270 6198
f 5290 6199 5307
f 6185 6137 6128
f 6129 6180 6187
f 6130 6133 6181
f 6122 6061 6054
f 6104 6107 6060
f 6054 6057 6106
f 6103 6059 6097
f 6096 6058 6067
f 6050 5327 5300
f 5334 5330 6052
f 5332 6051 5350
f 5350 6051 6039
f 5340 6046 6048
f 5341 6049 5345
f 5345 6049 5356
f 5436 6044 6200
f 5337 6202 6045
f 5338 6046 5340
f 6208 6202 5337
f 5436 6200 6203
f 6207 6205 6201
f 6209 6206 5346
f 6211 6205 6207
f 6206 5336 5346
f 5346 5391 6209
f 5392 6213 6210
f 6210 6213 6204
f 6212 6215 5417
f 5393 6216 6214
f 6203 6212 5436
f 5436 6212 5417
f 5390 6220 6217
f 5389 6216 5393
f 5417 6215 6218
f 5417 6218 5381
f 5385 5383 6219
f 5386 6220 5390
f 5419 5993 5969
f 5974 5971 5995
f 5964 5988 5968
f 5513 5394 5972
f 5969 5433 5419
f 6221 5538 5542
f 5544 5462 6222
f 5544 5453 5462
f 6223 5460 5540
f 5463 5460 6223
f 5498 5535 6224
f 5537 5457 6225
f 6225 5457 5465
f 6226 5466 5490
f 6224 5488 5498
f 5533 5484 5469
f 5476 5479 5525
f 5510 5471 5476
f 5406 5432 5409
f 5394 5294 5342
f 5300 5327 5321
f 5266 5321 5315
f 5300 5321 5266
f 5266 5315 5312
f 5304 5268 6228
f 5305 6229 6231
f 5128 5303 6230
f 5128 5246 5303
f 6231 6229 4794
f 6232 4795 4788
f 4946 6230 4787
f 5128 6230 4946
f 5266 5093 6227
f 6227 4804 4793
f 6227 5093 4804
f 5246 5238 5279
f 5240 5278 5281
f 5189 5216 5272
f 5259 5272 5228
f 5228 5272 5216
f 5236 5260 5227
f 5227 5260 5230
f 5092 5253 6233
f 5251 6234 5254
f 5092 5093 5253
f 5092 6233 6236
f 5131 6237 6235
f 5130 6234 5251
f 5192 5092 6236
f 5124 5193 6238
f 5123 6237 5131
f 5129 5250 5128
f 5186 5207 5135
f 5133 5193 5124
f 5135 5125 5150
f 5092 5141 5097
f 5119 5099 5142
f 4946 4938 5128
f 5062 5060 5086
f 5063 5087 6241
f 6241 5087 5084
f 5061 6239 4953
f 6240 5083 4958
f 4953 6239 4956
f 5079 6242 5082
f 4958 5083 6244
f 4937 6243 6247
f 4957 6243 4937
f 4800 6245 6242
f 4800 6242 5079
f 4936 6246 4941
f 4941 6246 6250
f 6248 6245 4800
f 4940 6249 4948
f 4948 6249 5017
f 4800 5016 6248
f 4880 5079 6251
f 6253 5081 6256
f 6256 5081 4955
f 4880 4800 5079
f 6252 6255 4881
f 4881 6255 4884
f 4953 4883 6254
f 5039 5072 5078
f 5069 5072 5039
f 4800 5019 5016
f 4783 6257 4950
f 6259 4817 4951
f 4951 4817 4802
f 4783 4950 4945
f 4834 6257 4783
f 4835 6261 6258
f 6258 6261 4816
f 4690 6260 4850
f 4836 4851 6262
f 6260 4690 4815
f 4946 4787 4945
f 4945 4787 4783
f 4883 4918 4909
f 4886 4896 4868
f 4840 4843 4862
f 4690 4850 4670
f 4843 4683 6263
f 6264 4678 4846
f 4672 4845 4677
f 4718 4680 4843
f 4843 4680 4683
f 6265 4674 4679
f 4684 4675 6266
f 4832 4814 4838
f 4838 4814 4692
f 4839 4694 4700
f 4698 4718 4837
f 4831 4811 4813
f 4821 4742 4746
f 4769 4744 4823
f 4746 4777 4821
f 4768 4822 4782
f 4690 4691 4812
f 4762 4779 4747
f 4763 4748 6268
f 6267 4719 4761
f 6268 4748 6271
f 6269 6272 4648
f 4646 4645 6267
f 6267 4645 4719
f 4578 6270 4746
f 4648 6272 6275
f 6273 6270 4578
f 4631 6274 4588
f 4647 6274 4631
f 6273 4578 4586
f 4719 4712 4755
f 4713 4753 4757
f 4685 4752 6276
f 4714 6277 4754
f 6276 4687 4685
f 4707 4688 6278
f 4706 6277 4714
f 4578 4739 6279
f 6284 6280 4741
f 6283 4740 4711
f 4711 4740 4734
f 6286 6280 6284
f 4719 6282 4709
f 4719 6285 6282
f 4645 6288 6285
f 6290 6293 6287
f 6287 6293 6281
f 4719 4645 6285
f 4578 6291 4589
f 6289 4591 6292
f 6279 6291 4578
f 4645 4639 6288
f 4641 4591 6289
f 4710 4733 4716
f 4615 4664 4627
f 4642 4627 4664
f 4633 4581 4640
f 4640 4581 4590
f 4638 4629 6295
f 6294 4538 4638
f 4638 6295 6294
f 4638 4541 4547
f 4553 4638 4547
f 4638 4538 4541
f 4630 4587 6297
f 6304 6298 6295
f 6298 6301 6295
f 6297 4587 4489
f 6296 4488 4495
f 6307 6295 4493
f 6295 6301 4499
f 6304 6295 6307
f 6294 6295 4502
f 6295 4499 4502
f 6309 4476 6312
f 6314 4476 6309
f 6308 6311 6305
f 6307 4493 6313
f 6313 4493 6316
f 6317 4479 6315
f 6315 4479 4477
f 6319 6316 4392
f 6321 4474 6318
f 6318 4474 4480
f 4392 6316 4493
f 4391 6322 6319
f 6324 4329 6320
f 6320 4329 4473
f 4392 4391 6319
f 6323 4321 4328
f 6326 4321 6323
f 4391 6325 6322
f 4350 6328 6325
f 6329 4331 6327
f 6327 4331 4322
f 4350 6325 4391
f 4349 6331 6328
f 6332 6336 6330
f 6330 6336 4332
f 4349 6328 4350
f 6335 6338 4318
f 6334 6340 6337
f 4318 4330 6335
f 4533 6338 6342
f 6347 6344 6341
f 6346 6339 6333
f 4533 4318 6338
f 6350 6344 6347
f 6345 6331 4349
f 4349 6348 6345
f 6361 6351 6348
f 6351 6354 6348
f 6357 6360 6349
f 6349 6360 6343
f 6361 6348 4349
f 6362 6351 6361
f 6372 6362 6361
f 6361 6371 6294
f 6294 4514 6361
f 6361 4514 6368
f 6361 6365 6371
f 4349 6365 6361
f 6361 6368 6372
f 6370 6377 6374
f 6374 6377 6380
f 6373 6379 6364
f 6364 6379 6383
f 4533 6381 6378
f 6378 6375 4533
f 6363 6382 6353
f 6353 6382 6386
f 4533 6384 6381
f 6352 6385 6389
f 6389 6385 6392
f 6310 6390 6384
f 6310 6384 4533
f 6388 6391 6394
f 6394 6391 6397
f 6396 6390 6310
f 6395 6398 6400
f 6400 6398 4470
f 6396 6310 4469
f 6399 6304 6393
f 6401 4471 6299
f 6399 6298 6304
f 6393 6354 6387
f 6393 6304 6354
f 6387 6354 6351
f 4517 4533 6375
f 6369 4519 6376
f 6294 6371 4626
f 6365 6402 6371
f 6371 6402 6405
f 6371 6405 4626
f 6404 6412 6407
f 6406 6411 6414
f 6408 6415 4613
f 4626 6405 4612
f 4613 6415 4597
f 4596 6413 4529
f 4529 6413 6409
f 4533 6409 6416
f 6403 6418 6410
f 4529 6409 4533
f 6416 4315 4318
f 6366 4317 6417
f 6367 6418 6403
f 6416 4318 4533
f 4516 4519 6369
f 6421 4317 6366
f 4349 6419 6365
f 4312 6419 4349
f 4314 4316 6420
f 6356 6425 6359
f 6342 6358 4533
f 4533 6358 6422
f 4533 6422 6310
f 6305 6311 6423
f 6306 6424 6355
f 4469 6310 4475
f 6300 4483 6303
f 6303 4483 4492
f 6302 4491 4501
f 6299 4471 4482
f 6294 4502 4508
f 4508 4514 6294
f 6426 6430 6294
f 6294 6433 6426
f 6294 4626 6433
f 6294 6430 4538
f 6433 4626 6436
f 6437 6440 6435
f 6435 6440 4524
f 6434 4523 6429
f 4525 6439 6442
f 6438 6443 6441
f 4525 4521 6439
f 6442 4583 4525
f 6447 4585 6444
f 6446 6443 6438
f 4626 4635 6445
f 4637 4585 6447
f 6445 6436 4626
f 6427 4527 6431
f 6431 4527 4531
f 6432 4532 4539
f 6428 4522 4528
f 4636 4577 4584
f 4634 4573 4582
f 4525 4596 4529
f 4586 4534 4487
f 4326 4472 4327
f 4398 4381 4274
f 4386 4383 4400
f 4194 4193 4388
f 4388 4193 4356
f 4274 4381 4285
f 4371 4277 4359
f 4352 4289 4368
f 4368 4289 4293
f 4361 4262 4304
f 4265 4262 4361
f 6450 4266 4362
f 4360 4355 6448
f 6448 4230 6451
f 6453 4268 6449
f 6450 4269 4266
f 6448 4355 4230
f 6453 4253 4268
f 6456 4252 6452
f 6451 4230 4190
f 6451 4190 6454
f 6454 4190 6457
f 6458 6461 6455
f 6456 6462 4252
f 6458 6464 6461
f 6463 4168 6460
f 6460 4168 4251
f 6459 4078 6465
f 6465 4078 3854
f 3852 3873 6463
f 3873 4073 6463
f 6463 4073 4168
f 6457 4070 4076
f 4190 6466 6457
f 6457 6466 4070
f 6468 4159 4167
f 4156 4159 6468
f 6467 4166 4072
f 4190 4155 6466
f 4359 4277 4284
f 4358 4283 6471
f 4355 4357 6469
f 6471 4283 4272
f 6470 4271 4233
f 4230 6469 4231
f 4355 6469 4230
f 4346 6473 4353
f 4353 6473 4290
f 4278 6472 4323
f 4347 4325 6474
f 4288 6472 4278
f 4312 4300 4309
f 4311 4302 4299
f 4233 4271 4239
f 4189 4249 4183
f 4181 4248 4168
f 4124 4206 4203
f 4124 4203 4162
f 4199 4164 4205
f 4177 4164 4199
f 4073 4165 4168
f 4072 4166 4075
f 4109 4106 4128
f 4107 4122 4130
f 3908 4124 4118
f 4094 4121 4097
f 4108 4099 4123
f 6482 4120 4110
f 3908 4118 6475
f 6480 6476 4119
f 3899 3902 6479
f 3903 6477 6481
f 6479 4109 3899
f 6475 6483 3938
f 3904 6484 6478
f 3938 3908 6475
f 3938 6483 6486
f 3898 6488 6485
f 3897 6484 3904
f 3872 6486 3862
f 3886 3864 6487
f 3887 6488 3898
f 3938 6486 3872
f 4077 3856 3853
f 4061 3867 4066
f 4065 3866 3871
f 4064 3870 3880
f 3825 3838 4058
f 3825 4058 3829
f 3829 4058 3798
f 3858 3855 4057
f 3858 4057 3838
f 4007 3986 4012
f 4012 3986 3993
f 4008 3983 3987
f 3922 3989 3925
f 3923 3988 3769
f 3951 3888 3945
f 3888 3939 3945
f 3888 3893 3939
f 3938 3911 3908
f 3842 3847 3859
f 3823 3840 3826
f 3814 3831 3804
f 3829 3798 3803
f 6489 3486 3806
f 6495 6490 3809
f 3808 3797 6494
f 3806 3486 3698
f 6493 6500 6497
f 6498 6491 6496
f 3795 6500 6493
f 3795 3516 6500
f 6499 6502 6492
f 6501 3455 3487
f 6492 6502 3488
f 3453 6500 6503
f 6500 6509 6503
f 3516 6506 6500
f 6500 6506 6509
f 6507 3709 6511
f 6511 3709 3687
f 6510 3686 6505
f 3516 6512 6506
f 6513 3700 6508
f 6508 3700 3710
f 3520 6512 3516
f 3522 3693 6514
f 6515 3694 3701
f 6505 3686 6518
f 6504 6517 6520
f 6503 6519 3453
f 6520 6517 3492
f 6521 3493 3499
f 3453 6519 3498
f 3486 6516 3685
f 3491 6516 3486
f 3803 3798 3799
f 6522 3776 3733
f 6523 3766 3778
f 6524 3754 3767
f 3733 3749 6522
f 3751 3754 6524
f 3733 3727 3749
f 3683 3740 3705
f 3735 3706 3741
f 3724 3706 3735
f 3732 3682 3524
f 3725 3696 3707
f 6525 3475 3691
f 3521 6527 3692
f 3534 6527 3521
f 6525 6528 3475
f 3533 6530 6526
f 3475 6528 3479
f 3513 3481 6529
f 3514 6530 3533
f 3519 3549 3528
f 3475 6531 3547
f 3528 3549 6533
f 3527 6532 3461
f 3461 6532 3464
f 3475 3462 6531
f 3459 3446 3526
f 3453 3498 3446
f 3490 3454 6535
f 3490 6535 6538
f 6537 6540 3489
f 3489 3430 3414
f 3489 6540 3430
f 6539 6536 6541
f 6542 6545 3431
f 6541 6536 6544
f 3431 6545 3437
f 3453 3436 6543
f 3453 6543 6534
f 3449 3470 3451
f 3187 3404 3354
f 3406 3352 3355
f 3183 3361 3366
f 3184 3367 3189
f 3189 3367 3198
f 6551 3361 3183
f 3320 3359 6546
f 6550 6547 3360
f 3187 6552 6549
f 6553 6547 6550
f 3187 6549 3182
f 3340 6555 6552
f 6556 3323 6554
f 6554 3323 6548
f 3340 6552 3187
f 6558 6555 3340
f 6559 3318 6557
f 6557 3318 3324
f 6560 3301 3319
f 3298 3301 6560
f 3340 3230 6558
f 6558 3230 3297
f 3320 6546 3322
f 3340 3354 3341
f 3187 3354 3340
f 3321 3245 3112
f 3230 3227 3297
f 3250 3253 3192
f 3185 3236 3249
f 3249 3191 3185
f 3112 3245 3116
f 3077 3223 3231
f 3078 3077 3231
f 3077 6561 3223
f 6561 3120 3223
f 3223 3120 3123
f 3223 3123 3050
f 6562 3000 3114
f 3075 3000 6562
f 6563 3115 3122
f 3073 6561 3077
f 3162 3209 3200
f 3162 3200 3197
f 3044 3186 3050
f 3169 3186 3044
f 3048 3139 3152
f 3049 3153 3053
f 3053 3153 3059
f 3151 3005 3058
f 3136 3139 3048
f 3050 3135 3047
f 3050 3129 3135
f 3050 3123 3129
f 6566 3110 6569
f 3107 3110 6566
f 3108 6576 6567
f 6570 6573 3108
f 6570 3108 3096
f 3108 6573 6576
f 6581 6577 6584
f 6589 6577 6581
f 6573 6582 6576
f 6567 6576 6585
f 6590 6586 6578
f 6591 6588 3105
f 6592 6586 6590
f 3105 6588 6579
f 6564 6594 6591
f 6596 6599 6593
f 6593 6599 6587
f 6564 6591 3105
f 6597 6600 6567
f 6595 6602 6598
f 6567 6585 6597
f 6600 6603 2706
f 6607 6605 6601
f 6608 6602 6595
f 6567 6600 2706
f 6611 6605 6607
f 6606 6594 6564
f 6564 2947 6606
f 6606 2947 6609
f 6612 6609 2947
f 6613 6616 6610
f 6610 6616 6604
f 2932 6615 6618
f 2706 6615 2932
f 6614 6619 6617
f 2706 6603 6615
f 2932 6618 2958
f 2946 2959 6620
f 2945 6619 6614
f 6612 2947 2944
f 6580 6583 2984
f 2984 6583 2975
f 6582 6624 2973
f 6573 6621 6582
f 6582 6621 6624
f 2973 6624 6627
f 6631 6628 6625
f 6632 6626 6634
f 6634 6626 6622
f 6579 6630 6633
f 6633 6636 6579
f 6635 6623 6637
f 6637 6623 6574
f 6638 6575 6641
f 3078 6636 6639
f 6579 6636 3078
f 6641 6575 6572
f 6640 6571 6644
f 3078 6639 6642
f 6644 6571 3098
f 6643 3097 3083
f 3081 3078 6642
f 6579 6645 6630
f 6646 6628 6631
f 2982 2967 6645
f 2968 2971 6647
f 2982 6645 6579
f 6647 2971 6629
f 2973 6627 2970
f 3105 6579 3078
f 6565 6568 2749
f 2749 6568 2787
f 6567 6648 2785
f 6567 2706 6648
f 6649 6661 6648
f 6648 6652 6649
f 6648 6655 6652
f 6648 2706 6658
f 6648 2695 2785
f 6648 6661 2695
f 6658 6655 6648
f 6661 6664 2695
f 2751 6666 6662
f 2752 6663 6668
f 6668 6663 6650
f 6667 2737 2750
f 6669 6651 6672
f 6667 6670 2737
f 6672 6651 6654
f 6671 6653 6675
f 2737 6670 6673
f 6675 6653 6657
f 6674 6656 6678
f 2947 6673 6676
f 2737 6673 2947
f 6678 6656 6660
f 6677 6659 6681
f 2947 6676 6679
f 6679 6682 2947
f 6680 6686 6683
f 6681 6659 6687
f 6683 6686 6689
f 2706 6688 6685
f 2706 6685 6658
f 6692 6690 2716
f 6684 6690 6692
f 2715 6688 2706
f 6693 2717 6696
f 2734 6691 6694
f 2947 6691 2734
f 2947 6682 6691
f 6696 2717 2720
f 6695 2719 2726
f 2734 6694 2724
f 2695 6664 6697
f 2742 6699 6665
f 2743 6666 2751
f 2695 6697 2707
f 2731 2708 6698
f 2733 6699 2742
f 2747 2737 6564
f 6564 2737 2947
f 3088 3091 2995
f 2994 3090 3001
f 3089 2996 2989
f 3087 2988 3051
f 3074 3008 2999
f 2951 3051 2988
f 3026 3031 3046
f 2929 2982 6700
f 2983 2974 6701
f 2929 6700 2938
f 6701 2974 2962
f 6702 2963 2939
f 2939 2963 2956
f 2943 2957 2960
f 2942 2959 2946
f 2940 2957 2943
f 6704 2933 2936
f 2925 6706 2937
f 2711 2932 6703
f 2924 2714 6705
f 2711 2706 2932
f 2900 2906 2656
f 2655 2900 2656
f 2860 2900 2655
f 2860 2897 2900
f 2886 6707 2681
f 6712 6709 2889
f 6711 2887 2881
f 2668 6709 6712
f 6710 2879 2655
f 6710 2655 2666
f 2681 6707 2788
f 2667 2790 6708
f 2856 2804 2833
f 2801 2804 2856
f 2851 2829 2835
f 2800 2818 2797
f 2797 2658 2747
f 2748 2786 2799
f 6714 2784 2792
f 6715 2793 6718
f 6718 2793 2776
f 2658 6713 6716
f 6717 2775 2740
f 6716 2738 2658
f 2658 2642 6713
f 2644 2784 6714
f 2664 2780 2789
f 2665 2790 2667
f 2681 2782 2645
f 2643 2647 2783
f 2660 2779 2663
f 2674 2693 2677
f 2645 2651 2681
f 6734 6719 6722
f 6721 6727 6723
f 6720 6733 6726
f 6734 6728 6719
f 6730 6733 6720
f 6738 6734 6735
f 6750 6735 6734
f 6734 6722 6750
f 6741 6734 6738
f 6741 6747 6734
f 6734 6749 6744
f 6744 6728 6734
f 6747 6748 6734
f 6734 6748 6749
f 6750 6769 6751
f 6754 6750 6751
f 6750 6763 6735
f 6750 6722 6757
f 6754 6763 6750
f 6750 6757 6760
f 6760 6766 6750
f 6750 6766 6769
f 6770 6769 6790
f 6776 6769 6770
f 6773 6779 6769
f 6766 6773 6769
f 6751 6769 6794
f 6776 6794 6769
f 6769 6779 6786
f 6769 6782 6783
f 6789 6782 6769
f 6769 6783 6790
f 6769 6786 6749
f 6749 6789 6769
f 6794 6795 6798
f 6794 6802 6795
f 6751 6794 6805
f 6799 6794 6776
f 6805 6794 6798
f 6799 6802 6794
f 6805 6808 6811
f 6823 6808 6805
f 6805 6811 6814
f 6816 6819 6807
f 6807 6819 6822
f 6806 6821 6753
f 6805 6798 6823
f 6823 6798 6826
f 6828 6831 6824
f 6824 6831 6833
f 6825 6834 6809
f 6809 6834 6836
f 6835 6832 6820
f 6820 6832 6838
f 6832 6829 6838
f 6845 6838 6839
f 6838 6850 6839
f 6842 6860 6838
f 6859 6842 6838
f 6859 6838 6845
f 6820 6838 6849
f 6849 6838 6856
f 6838 6829 6850
f 6838 6853 6856
f 6838 6860 6853
f 6864 6854 6861
f 6865 6862 6867
f 6867 6862 6843
f 6798 6863 6866
f 6868 6844 6871
f 6782 6866 6869
f 6798 6866 6782
f 6871 6844 6874
f 6870 6873 6877
f 6782 6869 6875
f 6877 6873 6880
f 6876 6879 6785
f 6782 6875 6783
f 6859 6878 6872
f 6785 6879 6884
f 6859 6881 6878
f 6784 6883 6792
f 6791 6882 6886
f 6888 6885 6881
f 6859 6888 6881
f 6889 6888 6893
f 6889 6892 6888
f 6888 6897 6885
f 6849 6888 6900
f 6849 6906 6888
f 6900 6888 6892
f 6888 6903 6893
f 6909 6896 6888
f 6896 6910 6888
f 6906 6897 6888
f 6888 6910 6903
f 6909 6888 6859
f 6787 6905 6911
f 6788 6912 6914
f 6914 6912 6917
f 6896 6916 6910
f 6921 6918 6924
f 6915 6918 6921
f 6922 6916 6896
f 6920 6923 6927
f 6927 6923 6930
f 6896 6928 6922
f 6926 6929 6746
f 6746 6929 6933
f 6896 6931 6928
f 6745 6932 6729
f 6729 6932 6732
f 6934 6731 6931
f 6934 6931 6896
f 6942 6935 6934
f 6935 6947 6934
f 6725 6731 6934
f 6934 6939 6725
f 6892 6939 6934
f 6934 6943 6892
f 6946 6934 6896
f 6942 6934 6946
f 6934 6947 6943
f 6742 6945 6948
f 6743 6949 6952
f 6952 6949 6938
f 6950 6747 6741
f 6951 6937 6956
f 6950 6953 6747
f 6955 6936 6959
f 6954 6958 6962
f 6747 6953 6960
f 6962 6958 6965
f 6961 6964 6967
f 6969 6960 6966
f 6747 6960 6969
f 6969 6986 6970
f 6970 6983 6969
f 6969 6971 6974
f 6969 6983 6971
f 6974 6977 6969
f 6969 6977 6980
f 6969 6966 6986
f 6969 6980 6747
f 6968 6991 6987
f 6987 6991 6993
f 6988 6994 6996
f 6970 6986 6995
f 6996 6994 6999
f 6997 7000 7003
f 7004 6995 7001
f 6970 6995 7004
f 7004 7001 6754
f 6755 7008 7006
f 7006 7008 7012
f 7005 7011 7015
f 7013 6970 7004
f 7013 7016 7019
f 7028 7016 7013
f 7013 7019 6970
f 7015 7011 7024
f 7014 7023 7027
f 7025 7028 7013
f 7029 7038 7028
f 7051 7029 7028
f 7032 7041 7028
f 7028 7057 7032
f 7025 7050 7028
f 7028 7061 7016
f 7028 7035 7051
f 7028 7041 7035
f 7028 7038 7044
f 7028 7044 7054
f 7028 7047 7057
f 7050 7047 7028
f 7054 7061 7028
f 7054 7064 7061
f 7066 7069 7062
f 7062 7069 7071
f 7063 7072 7018
f 7018 7072 7075
f 7073 7070 7022
f 7070 7076 7079
f 7067 7076 7070
f 7070 7079 7082
f 7022 7070 7082
f 7082 7083 7108
f 7090 7083 7082
f 7096 7082 7086
f 7082 7108 7086
f 7082 7087 7099
f 7082 7093 7087
f 7082 7079 7112
f 7022 7082 7096
f 7090 7082 7102
f 7105 7093 7082
f 7102 7082 7099
f 7082 7112 7105
f 7046 7106 7114
f 7045 7113 7056
f 7056 7113 7081
f 7086 7108 7115
f 7049 7116 7111
f 7048 7110 7060
f 7059 7109 7085
f 7086 7115 7118
f 7123 7120 7117
f 7122 7116 7049
f 7124 7121 7050
f 7126 7120 7123
f 7050 7121 7047
f 7125 7129 7119
f 7132 7129 7125
f 7124 7050 7130
f 7131 7138 7128
f 7130 7139 7133
f 7135 7138 7131
f 7130 7050 7139
f 7139 7142 7145
f 7158 7142 7139
f 7139 7145 7133
f 7139 7161 7149
f 7151 7154 7140
f 7140 7154 7156
f 7141 7157 7159
f 7050 7164 7139
f 7139 7167 7161
f 7139 7164 7167
f 7166 7172 7169
f 7169 7172 7175
f 7168 7174 7163
f 7170 7155 7173
f 7163 7174 7178
f 7155 7176 7173
f 7162 7177 7181
f 7152 7176 7155
f 7152 7182 7176
f 7181 7177 7184
f 7186 7183 7189
f 7180 7183 7186
f 7191 7188 7182
f 7191 7182 7152
f 7194 7200 7191
f 7198 7196 7192
f 7199 7193 7150
f 7150 7193 7153
f 7191 7200 7203
f 7191 7203 7204
f 7204 7188 7191
f 7208 7190 7205
f 7209 7206 7211
f 7211 7206 7214
f 7204 7203 7213
f 7212 7215 7218
f 7218 7215 7221
f 7203 7219 7213
f 7224 7220 7227
f 7217 7220 7224
f 7203 7225 7219
f 7223 7226 7230
f 7230 7226 7233
f 7086 7231 7225
f 7086 7225 7203
f 7229 7232 7236
f 7236 7232 7239
f 7237 7231 7086
f 7235 7238 7241
f 7241 7238 7244
f 7086 7243 7237
f 7170 7243 7086
f 7165 7245 7171
f 7242 7245 7165
f 7050 7240 7164
f 7234 7240 7050
f 7050 7228 7234
f 7222 7228 7050
f 7246 7222 7050
f 7216 7222 7246
f 7246 7050 7025
f 7025 7254 7246
f 7246 7247 7248
f 7254 7247 7246
f 7246 7248 7251
f 7197 7246 7260
f 7197 7207 7246
f 7207 7210 7246
f 7246 7251 7257
f 7246 7210 7216
f 7260 7246 7257
f 7260 7263 7197
f 7264 7261 7195
f 7195 7261 7201
f 7262 7267 7202
f 7260 7272 7266
f 7260 7257 7269
f 7269 7272 7260
f 7274 7276 7281
f 7270 7276 7274
f 7272 7282 7266
f 7273 7280 7284
f 7266 7282 7289
f 7283 7279 7287
f 7285 7288 7290
f 7266 7289 7295
f 7290 7288 7293
f 7291 7294 7297
f 7295 7289 7296
f 7305 7296 7299
f 7298 7304 7300
f 7297 7294 7303
f 7295 7296 7305
f 7305 7315 7247
f 7247 7312 7305
f 7305 7306 7295
f 7305 7318 7306
f 7299 7309 7305
f 7305 7309 7315
f 7312 7318 7305
f 7320 7329 7307
f 7312 7321 7318
f 7322 7325 7319
f 7319 7325 7328
f 7334 7330 7327
f 7330 7331 7327
f 7307 7329 7332
f 7334 7327 7324
f 7350 7337 7334
f 7346 7334 7337
f 7340 7349 7334
f 7314 7341 7336
f 7313 7335 7344
f 7344 7335 7347
f 7349 7330 7334
f 7350 7334 7324
f 7353 7337 7350
f 7358 7354 7352
f 7357 7351 7323
f 7323 7351 7326
f 7343 7359 7356
f 7360 7354 7358
f 7356 7321 7312
f 7343 7356 7312
f 7361 7363 7355
f 7366 7363 7361
f 7365 7359 7343
f 7368 7374 7365
f 7343 7368 7365
f 7365 7380 7371
f 7373 7379 7367
f 7365 7374 7380
f 7367 7379 7364
f 7376 7385 7381
f 7381 7385 7338
f 7382 7339 7388
f 7371 7380 7386
f 7388 7339 7391
f 7387 7390 7394
f 7386 7392 7371
f 7394 7390 7397
f 7393 7396 7400
f 7371 7392 7398
f 7400 7396 7403
f 7399 7402 7405
f 7407 7398 7404
f 7371 7398 7407
f 7407 7408 7415
f 7414 7408 7407
f 7407 7404 7411
f 7407 7411 7418
f 7431 7414 7407
f 7407 7415 7371
f 7418 7428 7407
f 7422 7407 7423
f 7422 7425 7407
f 7407 7424 7423
f 7407 7428 7424
f 7431 7407 7425
f 7426 7435 7433
f 7433 7435 7440
f 7432 7439 7443
f 7441 7414 7431
f 7438 7446 7442
f 7444 7447 7449
f 7444 7449 7452
f 7414 7441 7451
f 7451 7266 7295
f 7457 7266 7451
f 7453 7455 7458
f 7453 7450 7455
f 7451 7295 7414
f 7459 7462 7268
f 7456 7462 7459
f 7202 7267 7461
f 7460 7454 7463
f 7463 7302 7460
f 7460 7292 7286
f 7286 7200 7460
f 7460 7302 7292
f 7463 7464 7302
f 7463 7454 7448
f 7330 7464 7463
f 7463 7448 7470
f 7463 7467 7330
f 7463 7471 7467
f 7470 7471 7463
f 7476 7468 7473
f 7475 7472 7479
f 7479 7472 7482
f 7470 7480 7471
f 7409 7481 7484
f 7478 7481 7409
f 7483 7480 7470
f 7410 7485 7416
f 7416 7485 7487
f 7470 7486 7483
f 7417 7488 7372
f 7372 7488 7378
f 7377 7486 7401
f 7470 7489 7486
f 7401 7486 7489
f 7490 7489 7493
f 7401 7489 7490
f 7437 7489 7470
f 7437 7501 7489
f 7497 7493 7489
f 7489 7503 7497
f 7500 7502 7489
f 7489 7501 7500
f 7489 7502 7503
f 7429 7499 7504
f 7430 7505 7508
f 7508 7505 7511
f 7502 7509 7503
f 7507 7510 7514
f 7514 7510 7517
f 7515 7509 7502
f 7520 7516 7523
f 7513 7516 7520
f 7521 7515 7524
f 7524 7515 7502
f 7534 7524 7346
f 7369 7348 7525
f 7370 7526 7528
f 7528 7526 7531
f 7533 7530 7524
f 7524 7502 7533
f 7521 7524 7534
f 7539 7522 7536
f 7538 7535 7375
f 7375 7535 7384
f 7534 7346 7383
f 7518 7537 7368
f 7519 7522 7539
f 7368 7537 7374
f 7533 7540 7546
f 7533 7543 7540
f 7547 7543 7533
f 7530 7533 7546
f 7533 7502 7550
f 7533 7550 7547
f 7554 7549 7551
f 7555 7552 7557
f 7557 7552 7560
f 7502 7559 7550
f 7502 7562 7559
f 7567 7561 7564
f 7558 7561 7567
f 7424 7565 7568
f 7566 7563 7570
f 7424 7556 7565
f 7570 7563 7573
f 7569 7572 7575
f 7423 7568 7574
f 7423 7424 7568
f 7575 7572 7578
f 7576 7579 7581
f 7574 7580 7423
f 7581 7579 7584
f 7582 7585 7587
f 7580 7586 7423
f 7587 7585 7590
f 7588 7591 7593
f 7586 7592 7595
f 7423 7586 7595
f 7595 7596 7600
f 7527 7596 7595
f 7592 7604 7595
f 7595 7611 7599
f 7599 7527 7595
f 7595 7600 7608
f 7595 7604 7611
f 7423 7595 7607
f 7607 7595 7608
f 7605 7615 7613
f 7613 7615 7619
f 7612 7618 7622
f 7599 7611 7620
f 7622 7618 7542
f 7621 7541 7625
f 7599 7620 7623
f 7625 7541 7545
f 7624 7544 7627
f 7623 7626 7599
f 7627 7544 7548
f 7628 7549 7554
f 7626 7553 7599
f 7546 7617 7614
f 7546 7540 7617
f 7614 7629 7546
f 7606 7631 7616
f 7546 7629 7589
f 7593 7591 7630
f 7594 7631 7606
f 7601 7633 7610
f 7610 7633 7637
f 7609 7636 7640
f 7607 7608 7638
f 7641 7638 7648
f 7641 7607 7638
f 7640 7636 7647
f 7639 7645 7649
f 7650 7646 7653
f 7651 7654 7656
f 7658 7648 7655
f 7641 7648 7658
f 7642 7659 7662
f 7662 7659 7665
f 7666 7660 7668
f 7668 7660 7670
f 7658 7677 7669
f 7658 7655 7671
f 7671 7674 7658
f 7658 7674 7677
f 7675 7681 7678
f 7678 7681 7684
f 7677 7686 7669
f 7679 7685 7687
f 7669 7686 7692
f 7687 7685 7690
f 7688 7691 7693
f 7669 7692 7701
f 7693 7691 7696
f 7694 7697 7699
f 7701 7692 7698
f 7701 7698 7711
f 7701 7702 7708
f 7715 7702 7701
f 7705 7669 7701
f 7705 7701 7718
f 7718 7701 7708
f 7712 7701 7711
f 7715 7701 7712
f 7708 7724 7718
f 7718 7736 7721
f 7722 7728 7720
f 7718 7724 7736
f 7728 7732 7720
f 7719 7731 7735
f 7719 7735 7707
f 7726 7741 7737
f 7737 7741 7743
f 7738 7744 7746
f 7721 7736 7745
f 7746 7744 7749
f 7747 7750 7753
f 7751 7721 7745
f 7753 7750 7757
f 7752 7755 7760
f 7758 7721 7751
f 7762 7768 7758
f 7759 7766 7764
f 7761 7756 7767
f 7758 7768 7721
f 7768 7769 7775
f 7782 7769 7768
f 7772 7768 7762
f 7786 7768 7772
f 7775 7779 7768
f 7768 7783 7721
f 7768 7779 7783
f 7786 7782 7768
f 7790 7782 7786
f 7786 7794 7787
f 7786 7787 7790
f 7772 7791 7786
f 7786 7791 7712
f 7712 7711 7786
f 7786 7711 7794
f 7794 7711 7797
f 7799 7802 7795
f 7795 7802 7804
f 7796 7805 7788
f 7788 7805 7807
f 7803 7810 7806
f 7803 7809 7810
f 7800 7809 7803
f 7806 7810 7811
f 7813 7810 7809
f 7812 7811 7810
f 7812 7810 7813
f 7813 7814 7839
f 7820 7814 7813
f 7813 7817 7842
f 7823 7817 7813
f 7830 7820 7813
f 7813 7845 7823
f 7827 7813 7833
f 7836 7813 7827
f 7836 7830 7813
f 7813 7842 7833
f 7813 7839 7812
f 7813 7809 7845
f 7846 7864 7845
f 7852 7846 7845
f 7765 7845 7849
f 7845 7855 7849
f 7845 7809 7861
f 7845 7858 7823
f 7727 7852 7845
f 7845 7861 7855
f 7845 7864 7858
f 7727 7845 7765
f 7785 7865 7848
f 7781 7860 7866
f 7780 7865 7785
f 7792 7856 7862
f 7793 7863 7713
f 7713 7863 7868
f 7861 7809 7867
f 7714 7869 7717
f 7717 7869 7872
f 7867 7873 7870
f 7867 7809 7873
f 7874 7873 7800
f 7874 7881 7873
f 7870 7873 7877
f 7873 7878 7877
f 7800 7873 7809
f 7873 7881 7878
f 7886 7879 7883
f 7885 7882 7889
f 7889 7882 7876
f 7711 7884 7887
f 7797 7887 7890
f 7797 7711 7887
f 7888 7875 7891
f 7891 7875 7894
f 7892 7895 7897
f 7797 7890 7896
f 7897 7895 7900
f 7898 7901 7903
f 7896 7902 7905
f 7896 7905 7797
f 7905 7902 7908
f 7909 7912 7907
f 7907 7912 7916
f 7906 7915 7919
f 7797 7905 7917
f 7919 7915 7922
f 7918 7921 7924
f 7527 7917 7923
f 7797 7917 7527
f 7924 7921 7927
f 7925 7928 7597
f 7527 7923 7596
f 7597 7928 7930
f 7530 7929 7926
f 7530 7926 7800
f 7800 7926 7920
f 7598 7931 7602
f 7603 7932 7634
f 7632 7929 7530
f 7800 7920 7914
f 7933 7914 7911
f 7800 7914 7933
f 7933 7911 7936
f 7941 7935 7938
f 7933 7899 7800
f 7903 7901 7934
f 7904 7935 7941
f 7908 7939 7942
f 7908 7902 7939
f 7942 7939 7674
f 7940 7937 7676
f 7943 7947 7910
f 7945 7952 7948
f 7942 7674 7671
f 7673 7951 7944
f 7949 7680 7946
f 7664 7683 7949
f 7949 7953 7664
f 7672 7955 7950
f 7949 7683 7680
f 7664 7953 7661
f 7953 7652 7661
f 7656 7654 7954
f 7657 7955 7672
f 7910 7947 7913
f 7946 7680 7911
f 7676 7937 7682
f 7936 7911 7680
f 7800 7899 7893
f 7800 7893 7874
f 7711 7956 7884
f 7957 7879 7886
f 7711 7698 7956
f 7700 7961 7958
f 7958 7961 7880
f 7877 7959 7695
f 7699 7697 7960
f 7878 7959 7877
f 7730 7877 7733
f 7730 7967 7877
f 7877 7695 7667
f 7870 7877 7962
f 7877 7667 7965
f 7733 7877 7965
f 7962 7877 7967
f 7710 7963 7969
f 7709 7968 7725
f 7725 7968 7740
f 7739 7967 7730
f 7668 7670 7966
f 7966 7670 7971
f 7966 7971 7974
f 7733 7965 7972
f 7974 7971 7977
f 7706 7973 7976
f 7706 7734 7973
f 7970 7705 7975
f 7970 7669 7705
f 7704 7871 7964
f 7703 7963 7710
f 7716 7871 7704
f 7777 7826 7859
f 7778 7860 7781
f 7774 7850 7857
f 7773 7856 7792
f 7979 7847 7853
f 7980 7854 7982
f 7982 7854 7985
f 7984 7852 7727
f 7983 7986 7988
f 7988 7986 7991
f 7984 7727 7990
f 7990 7993 7999
f 7990 7727 7993
f 7989 7992 7997
f 7997 7992 8000
f 8004 8001 8007
f 7998 8001 8004
f 7999 7827 8005
f 7999 7993 7827
f 8003 8006 8010
f 8010 8006 7835
f 8005 7827 7833
f 7782 8002 8008
f 8009 7834 8013
f 7782 8008 8011
f 8013 7834 7844
f 8012 7843 8015
f 8011 8014 7782
f 8015 7843 7818
f 8016 7819 7770
f 7782 8014 7769
f 8017 7996 8002
f 8017 8002 7782
f 8019 8022 7829
f 8043 8022 8019
f 8018 7828 8025
f 8023 7987 8017
f 7782 8035 8017
f 8017 7987 7996
f 8017 8038 8026
f 8026 8029 8017
f 8032 8017 8029
f 8041 8017 8032
f 8017 8035 8038
f 8042 8033 8021
f 8036 7831 8039
f 8039 7831 8045
f 8040 8046 8027
f 8044 7830 7836
f 7836 8047 8044
f 8027 8046 8048
f 8030 8049 8051
f 8028 8049 8030
f 7836 8050 8047
f 8031 8052 8054
f 8054 8052 8057
f 8056 8050 7836
f 8055 8058 8061
f 8061 8058 8064
f 7836 8062 8056
f 8071 8062 7836
f 8060 8063 8067
f 8067 8063 8070
f 8071 8068 8062
f 7838 8075 8072
f 8082 8073 8076
f 8083 8071 8077
f 8079 8073 8082
f 8083 7812 8071
f 7812 8068 8071
f 8084 8081 8087
f 8078 8081 8084
f 8085 8088 8100
f 8083 8089 8093
f 8099 8089 8083
f 8083 8093 8096
f 8096 7812 8083
f 8099 8102 8111
f 8101 8106 8103
f 8101 8110 8106
f 8100 8088 8109
f 8111 8114 8099
f 8099 8114 8089
f 8119 8116 8113
f 8123 8116 8119
f 8121 8091 8115
f 8108 8120 8105
f 8108 8124 8120
f 8126 8092 8122
f 8105 8120 8117
f 8127 8124 8108
f 8129 8095 8125
f 8125 8095 8090
f 8086 8130 8127
f 8133 8098 8128
f 8128 8098 8094
f 8108 8086 8127
f 8131 8135 8097
f 8139 8136 8132
f 8086 8138 8130
f 8147 8138 8086
f 8140 8145 8137
f 8147 8141 8138
f 8142 8145 8140
f 7790 8147 7782
f 8147 8164 7782
f 8148 8155 8147
f 8147 8170 8148
f 8167 8151 8147
f 8147 8151 8158
f 8154 8147 7790
f 8154 8161 8147
f 8147 8086 8074
f 8147 8155 8164
f 8158 8141 8147
f 8167 8147 8161
f 8074 8065 8147
f 8147 8065 8170
f 8066 8069 8172
f 8172 8069 8175
f 8171 8174 8150
f 8150 8174 8178
f 8176 8173 7812
f 7812 8173 8068
f 8149 8177 8156
f 8156 8177 8180
f 7812 8179 8176
f 8157 8181 8165
f 8165 8181 7840
f 7812 7839 8179
f 8163 8184 8169
f 8169 8184 8187
f 8168 8186 8190
f 8188 8151 8167
f 8190 8186 8193
f 8189 8192 8196
f 8204 8188 8194
f 8197 8188 8204
f 8197 8201 8188
f 8188 8201 8151
f 8204 8194 8117
f 8118 8112 8206
f 8206 8112 8210
f 8205 8208 8199
f 8217 8207 8111
f 8211 8207 8217
f 8211 8214 8207
f 8200 8209 8216
f 8221 8212 8218
f 8222 8219 8224
f 8224 8219 8227
f 8217 8111 8226
f 8225 8228 8230
f 8230 8228 8233
f 8226 8102 8232
f 8226 8111 8102
f 8237 8234 8240
f 8231 8234 8237
f 8232 8102 8238
f 8236 8239 8243
f 8243 8239 8246
f 8247 8244 8238
f 8102 8247 8238
f 8250 8263 8247
f 8247 8251 8250
f 8252 8251 8247
f 8252 8247 8255
f 8249 8261 8256
f 8104 8260 8248
f 8247 8263 8244
f 8268 8245 8265
f 8267 8264 8271
f 8271 8264 8274
f 8250 8272 8263
f 8276 8273 8279
f 8270 8273 8276
f 8272 8250 8278
f 8277 8280 8162
f 8162 8280 8183
f 8278 8281 8182
f 8278 8250 8281
f 8250 8282 8281
f 8281 8282 8294
f 8285 8281 8288
f 8297 8281 8285
f 8281 8291 8288
f 8182 8281 7811
f 8297 7811 8281
f 8281 8294 8291
f 8300 7811 8297
f 8304 8302 8298
f 8305 8299 8307
f 8307 8299 8286
f 8306 8321 8303
f 8308 8287 8310
f 8309 8312 8306
f 8306 8312 8315
f 8315 8318 8306
f 8306 8318 8321
f 8321 8275 8161
f 8269 8275 8321
f 8321 8161 8154
f 8154 8322 8321
f 8318 8325 8321
f 8303 8321 8322
f 8328 8321 8325
f 8331 8321 8328
f 8331 8269 8321
f 8332 8331 8336
f 8332 8335 8331
f 8241 8331 8259
f 8266 8331 8241
f 8259 8331 8335
f 8266 8269 8331
f 8336 8331 8328
f 8330 8296 8337
f 8337 8296 8283
f 8338 8284 8333
f 8339 8335 8332
f 8339 8345 8335
f 8335 8342 8259
f 8342 8335 8345
f 8346 8352 8345
f 8355 8346 8345
f 8345 8349 8355
f 8345 8362 8349
f 8345 8352 8356
f 8359 8345 8339
f 8345 8356 8342
f 8359 8362 8345
f 8360 8366 8364
f 8364 8366 8370
f 8363 8369 8351
f 8351 8369 8373
f 8374 8371 8368
f 8368 8365 8374
f 8375 8385 8374
f 8252 8375 8374
f 8374 8382 8371
f 8374 8378 8381
f 8374 8385 8378
f 8381 8382 8374
f 8374 8251 8252
f 8374 8365 8251
f 8357 8380 8386
f 8358 8387 8389
f 8389 8387 8376
f 8342 8388 8394
f 8342 8356 8388
f 8390 8377 8393
f 8388 8391 8394
f 8343 8396 8253
f 8253 8396 8399
f 8401 8398 8395
f 8394 8405 8400
f 8394 8410 8404
f 8404 8405 8394
f 8394 8391 8410
f 8404 8410 8411
f 8412 8411 8410
f 8412 8410 8391
f 8392 8416 8414
f 8414 8416 8420
f 8413 8419 8423
f 8421 8411 8412
f 8421 8424 8411
f 8422 8428 8426
f 8423 8419 8429
f 8426 8428 8432
f 8434 8430 8427
f 8418 8433 8427
f 8427 8433 8434
f 8445 8434 8433
f 8434 8442 8430
f 8435 8453 8434
f 8441 8435 8434
f 8438 8434 8446
f 8438 8456 8434
f 8441 8434 8445
f 8456 8442 8434
f 8446 8434 8450
f 8434 8447 8450
f 8434 8453 8447
f 8456 8457 8472
f 8456 8381 8457
f 8469 8456 8438
f 8460 8381 8456
f 8456 8463 8460
f 8456 8466 8442
f 8469 8463 8456
f 8472 8466 8456
f 8477 8468 8474
f 8476 8473 8480
f 8480 8473 8459
f 8355 8475 8478
f 8479 8458 8348
f 8355 8478 8346
f 8484 8481 8475
f 8483 8468 8477
f 8355 8484 8475
f 8484 8485 8481
f 8411 8485 8484
f 8488 8484 8355
f 8491 8484 8488
f 8484 8491 8411
f 8490 8465 8493
f 8493 8465 8471
f 8492 8470 8496
f 8411 8491 8494
f 8496 8470 8440
f 8495 8439 8499
f 8500 8494 8497
f 8411 8494 8500
f 8501 8411 8500
f 8500 8497 8510
f 8501 8500 8511
f 8500 8504 8507
f 8510 8504 8500
f 8500 8507 8511
f 8509 8516 8513
f 8513 8516 8519
f 8512 8518 8503
f 8503 8518 8522
f 8520 8517 8446
f 8446 8517 8514
f 8502 8521 8525
f 8525 8521 8452
f 8446 8450 8520
f 8523 8411 8501
f 8524 8451 8527
f 8523 8526 8411
f 8411 8526 8529
f 8528 8449 8530
f 8527 8451 8448
f 8530 8449 8454
f 8531 8455 8533
f 8411 8529 8532
f 8533 8455 8436
f 8534 8437 8537
f 8538 8532 8535
f 8538 8411 8532
f 8535 8540 8538
f 8510 8539 8538
f 8539 8543 8538
f 8546 8538 8540
f 8404 8411 8538
f 8538 8549 8404
f 8538 8543 8549
f 8510 8538 8546
f 8545 8554 8550
f 8550 8554 8556
f 8551 8558 8407
f 8404 8549 8405
f 8560 8406 8557
f 8445 8559 8555
f 8441 8555 8562
f 8555 8552 8562
f 8445 8555 8441
f 8564 8562 8563
f 8562 8565 8563
f 8441 8562 8564
f 8562 8552 8565
f 8563 8565 8568
f 8572 8570 8566
f 8573 8567 8544
f 8544 8567 8553
f 8574 8571 8539
f 8576 8570 8572
f 8539 8571 8543
f 8580 8577 8574
f 8579 8584 8575
f 8575 8584 8569
f 8581 8574 8539
f 8580 8574 8581
f 8591 8582 8585
f 8590 8587 8583
f 8590 8583 8578
f 8568 8582 8591
f 8563 8591 8592
f 8597 8592 8591
f 8568 8591 8563
f 8591 8596 8600
f 8585 8596 8591
f 8591 8600 8597
f 8605 8598 8602
f 8604 8601 8608
f 8608 8601 8611
f 8596 8609 8600
f 8607 8610 8613
f 8613 8610 8616
f 8596 8615 8609
f 8619 8617 8622
f 8614 8617 8619
f 8624 8621 8615
f 8624 8615 8596
f 8596 8631 8624
f 8624 8628 8625
f 8638 8624 8625
f 8634 8621 8624
f 8624 8631 8628
f 8637 8634 8624
f 8637 8624 8638
f 8638 8641 8637
f 8646 8642 8640
f 8645 8639 8648
f 8648 8639 8626
f 8653 8644 8647
f 8649 8627 8651
f 8653 8647 8650
f 8653 8612 8618
f 8656 8653 8618
f 8653 8650 8655
f 8654 8644 8653
f 8656 8654 8653
f 8655 8606 8653
f 8653 8606 8612
f 8656 8668 8659
f 8660 8663 8658
f 8658 8663 8636
f 8657 8635 8667
f 8665 8654 8656
f 8618 8668 8656
f 8620 8623 8670
f 8670 8623 8673
f 8669 8672 8676
f 8674 8659 8668
f 8680 8659 8674
f 8676 8672 8679
f 8675 8678 8682
f 8680 8497 8659
f 8686 8497 8680
f 8682 8678 8685
f 8681 8684 8687
f 8687 8684 8690
f 8688 8691 8693
f 8686 8701 8497
f 8695 8686 8692
f 8698 8686 8695
f 8698 8701 8686
f 8700 8706 8702
f 8702 8706 8708
f 8703 8709 8712
f 8701 8710 8497
f 8712 8709 8715
f 8711 8714 8718
f 8497 8710 8716
f 8718 8714 8721
f 8717 8720 8723
f 8497 8716 8722
f 8723 8720 8726
f 8724 8727 8729
f 8510 8722 8728
f 8510 8497 8722
f 8729 8727 8732
f 8730 8733 8735
f 8728 8734 8510
f 8735 8733 8738
f 8736 8739 8741
f 8581 8734 8740
f 8510 8734 8581
f 8741 8739 8744
f 8742 8745 8748
f 8581 8740 8746
f 8748 8745 8751
f 8747 8750 8754
f 8746 8752 8581
f 8754 8750 8757
f 8753 8756 8760
f 8752 8758 8581
f 8760 8756 8763
f 8759 8762 8766
f 8764 8692 8758
f 8581 8758 8767
f 8758 8692 8767
f 8694 8772 8768
f 8768 8772 8774
f 8769 8775 8778
f 8580 8767 8776
f 8581 8767 8580
f 8778 8775 8595
f 8777 8594 8782
f 8776 8779 8580
f 8781 8593 8599
f 8780 8598 8605
f 8580 8779 8603
f 8773 8770 8563
f 8563 8592 8773
f 8693 8691 8771
f 8563 8770 8689
f 8766 8762 8785
f 8765 8784 8696
f 8695 8692 8764
f 8683 8783 8761
f 8696 8784 8787
f 8786 8783 8683
f 8697 8788 8699
f 8699 8788 8705
f 8786 8683 8704
f 8563 8761 8755
f 8683 8761 8563
f 8563 8755 8749
f 8749 8743 8563
f 8737 8563 8743
f 8737 8731 8564
f 8564 8563 8737
f 8789 8564 8731
f 8789 8731 8725
f 8438 8446 8789
f 8499 8439 8791
f 8498 8790 8661
f 8661 8790 8664
f 8789 8719 8662
f 8446 8564 8789
f 8789 8725 8719
f 8662 8719 8713
f 8662 8713 8707
f 8707 8634 8662
f 8704 8634 8707
f 8704 8677 8634
f 8704 8683 8677
f 8563 8689 8683
f 8634 8677 8671
f 8634 8671 8621
f 8667 8635 8794
f 8666 8793 8797
f 8795 8798 8665
f 8665 8799 8654
f 8665 8798 8799
f 8799 8800 8806
f 8813 8800 8799
f 8654 8799 8803
f 8799 8816 8803
f 8799 8806 8812
f 8799 8809 8816
f 8812 8809 8799
f 8798 8813 8799
f 8811 8821 8817
f 8817 8821 8823
f 8818 8824 8804
f 8804 8824 8826
f 8828 8825 8822
f 8828 8822 8829
f 8829 8822 8819
f 8829 8830 8846
f 8829 8833 8830
f 8842 8833 8829
f 8829 8836 8849
f 8839 8836 8829
f 8829 8819 8839
f 8850 8842 8829
f 8829 8849 8843
f 8850 8829 8843
f 8829 8846 8828
f 8844 8855 8852
f 8860 8851 8854
f 8856 8842 8850
f 8857 8851 8860
f 8864 8858 8861
f 8859 8865 8862
f 8853 8812 8859
f 8812 8865 8859
f 8862 8865 8869
f 8865 8866 8869
f 8865 8870 8866
f 8812 8870 8865
f 8812 8873 8870
f 8875 8848 8872
f 8872 8848 8832
f 8871 8831 8868
f 8806 8873 8812
f 8808 8878 8874
f 8874 8878 8847
f 8807 8881 8877
f 8828 8846 8876
f 8828 8876 8879
f 8879 8882 8828
f 8801 8883 8880
f 8802 8881 8807
f 8814 8883 8801
f 8828 8882 8885
f 8882 8886 8885
f 8815 8887 8884
f 8886 8889 8885
f 8894 8890 8888
f 8893 8887 8815
f 8895 8892 8798
f 8896 8890 8894
f 8798 8892 8813
f 8798 8898 8895
f 8900 8903 8897
f 8897 8903 8891
f 8901 8904 8907
f 8899 8906 8902
f 8885 8889 8901
f 8885 8901 8907
f 8907 8908 8885
f 8907 8904 8915
f 8907 8912 8908
f 8911 8912 8907
f 8907 8915 8911
f 8911 8915 8919
f 8924 8920 8918
f 8923 8916 8926
f 8927 8917 8905
f 8929 8922 8925
f 8928 8906 8899
f 8798 8925 8898
f 8929 8925 8798
f 8929 8936 8869
f 8869 8930 8929
f 8929 8930 8922
f 8929 8933 8936
f 8798 8933 8929
f 8935 8941 8937
f 8937 8941 8909
f 8938 8910 8943
f 8869 8936 8942
f 8943 8910 8913
f 8944 8914 8947
f 8869 8942 8945
f 8947 8914 8950
f 8946 8949 8953
f 8954 8945 8951
f 8954 8869 8945
f 8968 8869 8954
f 8954 8956 8955
f 8955 8965 8954
f 8954 8974 8956
f 8954 8971 8959
f 8962 8954 8959
f 8968 8954 8962
f 8954 8965 8971
f 8951 8974 8954
f 8952 8978 8976
f 8976 8978 8982
f 8975 8981 8957
f 8957 8981 8984
f 8986 8983 8980
f 8980 8977 8986
f 8986 8987 8993
f 8990 8987 8986
f 8994 8990 8986
f 8986 9000 8983
f 8993 9000 8986
f 8994 8986 8997
f 8986 8911 9003
f 8986 8977 8911
f 8997 8986 9003
f 8964 8999 9004
f 8964 9004 8969
f 8970 9005 9007
f 9003 8842 9006
f 9003 8911 8842
f 8864 9008 8858
f 8970 9007 8863
f 9006 8842 8856
f 9010 8985 9001
f 9011 9002 9013
f 9013 9002 9016
f 8993 9015 9000
f 9014 9017 9020
f 9020 9017 9023
f 9024 9021 9015
f 9024 9015 8993
f 9024 9034 9025
f 9025 9050 9024
f 9028 9024 9044
f 9053 9024 9028
f 9031 9024 9037
f 9031 8885 9024
f 8885 9040 9024
f 9024 9040 9021
f 9024 9047 9034
f 9037 9024 9053
f 9024 9050 9044
f 8993 9047 9024
f 9037 9053 9056
f 9061 9057 9054
f 9063 9055 9065
f 9065 9055 9029
f 9060 9064 9080
f 9066 9030 9068
f 9067 9074 9064
f 9064 9077 9070
f 9070 9073 9064
f 9080 9064 9073
f 9064 9074 9077
f 9082 9032 9039
f 8796 9032 9082
f 9081 9038 9085
f 9083 9086 9080
f 9080 9086 9087
f 9080 9073 8795
f 9080 9087 9060
f 9086 9090 9087
f 9091 9094 9089
f 9089 9094 9059
f 9088 9058 9062
f 9099 9093 9096
f 9092 9098 9095
f 9056 9093 9099
f 9099 9096 9109
f 9100 9106 9099
f 9100 9099 9103
f 9099 9037 9056
f 9099 9106 9037
f 9103 9099 9109
f 9109 9096 9118
f 9109 9110 9111
f 9114 9110 9109
f 9109 9111 9115
f 9109 9118 9114
f 9103 9109 9115
f 9122 9129 9119
f 9123 9120 9125
f 9125 9120 9097
f 9114 9118 9127
f 9114 9127 9130
f 9134 9131 9128
f 9135 9129 9122
f 9140 9136 9133
f 9137 9131 9134
f 9140 9133 9141
f 9141 9133 9121
f 9141 9142 9145
f 9086 9142 9141
f 9148 9140 9141
f 9141 9145 9149
f 9148 9141 9152
f 9152 9141 9149
f 9141 9121 9086
f 9150 9116 9154
f 9154 9116 9113
f 9153 9112 9157
f 9152 9155 9148
f 9157 9112 9160
f 9156 9159 9163
f 9148 9155 9161
f 9163 9159 9166
f 9162 9165 9168
f 9161 9167 9170
f 9148 9161 9170
f 9171 9170 9172
f 9171 9148 9170
f 9172 9170 9185
f 9170 9175 9179
f 9178 9175 9170
f 9170 9167 9182
f 9170 9182 9178
f 9170 9179 9185
f 9180 9189 9187
f 9187 9189 9193
f 9186 9192 9174
f 9174 9192 9196
f 9197 9194 9191
f 9188 9197 9191
f 9197 9198 9209
f 9201 9198 9197
f 9208 9201 9197
f 9197 9207 9194
f 9204 9197 9188
f 9204 9208 9197
f 9110 9207 9197
f 9197 9209 9110
f 9110 9209 9164
f 9168 9165 9210
f 9169 9211 9183
f 9183 9211 9199
f 9212 9208 9218
f 9225 9208 9212
f 9215 9208 9221
f 9228 9208 9215
f 9222 9201 9208
f 9218 9208 9204
f 9225 9221 9208
f 9228 9222 9208
f 9240 9228 9106
f 9233 9107 9230
f 9232 9229 9235
f 9235 9229 9216
f 9237 9222 9228
f 9237 9228 9240
f 9143 9242 9101
f 9245 9242 9143
f 9240 9106 9100
f 9244 9238 9241
f 9083 9243 9086
f 9246 9243 9083
f 9247 9238 9244
f 9243 9142 9086
f 9231 9249 9246
f 9250 9223 9248
f 9231 9246 9083
f 9248 9223 9239
f 9252 9249 9231
f 9253 9202 9251
f 9251 9202 9224
f 9254 9200 9203
f 9184 9200 9254
f 9178 9252 9231
f 9178 9182 9252
f 9234 9178 9231
f 9236 9217 9256
f 9255 9258 9234
f 9234 9259 9178
f 9234 9258 9259
f 9259 9263 9260
f 9260 9272 9259
f 9258 9281 9259
f 9259 9281 9263
f 9171 9266 9259
f 9266 9269 9259
f 9259 9269 9275
f 9171 9259 9284
f 9284 9259 9272
f 9259 9275 9278
f 9178 9259 9278
f 9284 9285 9301
f 9298 9285 9284
f 9284 9272 9291
f 9288 9284 9294
f 9288 9297 9284
f 9291 9298 9284
f 9284 9301 9294
f 9284 9297 9171
f 9294 9301 9302
f 9301 9309 9302
f 9301 9305 9309
f 9319 9305 9301
f 9285 9312 9301
f 9255 9301 9258
f 9318 9301 9255
f 9312 9315 9301
f 9301 9315 9322
f 9301 9322 9258
f 9318 9319 9301
f 9316 9326 9324
f 9324 9326 9330
f 9323 9329 9333
f 9258 9322 9331
f 9333 9329 9336
f 9332 9335 9338
f 9258 9331 9337
f 9338 9335 9341
f 9339 9342 9344
f 9337 9343 9258
f 9344 9342 9347
f 9345 9348 9282
f 9258 9343 9281
f 9346 9340 9352
f 9282 9348 9350
f 9352 9349 9346
f 9215 9221 9352
f 9215 9352 9353
f 9352 9221 9349
f 9352 9356 9353
f 9352 9334 9356
f 9352 9340 9334
f 9357 9356 9366
f 9357 9365 9356
f 9356 9328 9325
f 9356 9334 9328
f 9361 9378 9356
f 9361 9356 9364
f 9356 9369 9364
f 9353 9356 9365
f 9356 9372 9366
f 9356 9375 9369
f 9356 9378 9372
f 9325 9375 9356
f 9361 9387 9378
f 9383 9373 9380
f 9382 9379 9386
f 9386 9379 9389
f 9391 9388 9394
f 9385 9388 9391
f 9393 9387 9361
f 9392 9395 9397
f 9402 9393 9361
f 9397 9395 9400
f 9402 9399 9393
f 9362 9407 9404
f 9403 9406 9409
f 9410 9402 9408
f 9410 9411 9402
f 9402 9412 9399
f 9402 9411 9412
f 9417 9401 9414
f 9416 9413 9420
f 9420 9413 9423
f 9411 9421 9412
f 9426 9422 9430
f 9419 9422 9426
f 9411 9427 9421
f 9425 9428 9432
f 9433 9429 9436
f 9365 9435 9427
f 9365 9427 9411
f 9434 9437 9439
f 9439 9437 9442
f 9441 9435 9365
f 9440 9443 9320
f 9320 9443 9358
f 9441 9365 9357
f 9318 9431 9438
f 9438 9319 9318
f 9318 9424 9431
f 9444 9424 9318
f 9444 9418 9424
f 9445 9444 9318
f 9448 9444 9445
f 9444 9454 9405
f 9405 9396 9444
f 9444 9396 9415
f 9448 9451 9444
f 9444 9415 9418
f 9444 9451 9454
f 9455 9454 9462
f 9455 9456 9454
f 9405 9454 9456
f 9454 9459 9463
f 9454 9464 9459
f 9462 9454 9463
f 9451 9464 9454
f 9452 9468 9465
f 9465 9468 9471
f 9466 9472 9460
f 9460 9472 9474
f 9473 9470 9410
f 9410 9470 9411
f 9470 9467 9411
f 9461 9475 9477
f 9477 9475 9480
f 9482 9479 9473
f 9473 9410 9482
f 9483 9494 9482
f 9482 9487 9483
f 9482 9488 9486
f 9486 9491 9482
f 9482 9410 9487
f 9482 9491 9479
f 9482 9494 9488
f 9499 9489 9496
f 9498 9495 9502
f 9502 9495 9485
f 9500 9462 9497
f 9501 9484 9505
f 9500 9503 9462
f 9505 9484 9509
f 9504 9507 9511
f 9503 9510 9462
f 9512 9508 9515
f 9513 9516 9518
f 9462 9510 9517
f 9518 9516 9521
f 9519 9522 9525
f 9526 9517 9523
f 9462 9517 9526
f 9526 9530 9462
f 9527 9541 9531
f 9534 9538 9529
f 9526 9523 9533
f 9528 9537 9542
f 9543 9540 9547
f 9543 9520 9540
f 9547 9540 9536
f 9531 9541 9551
f 9540 9520 9487
f 9540 9487 9550
f 9550 9559 9553
f 9557 9552 9554
f 9550 9487 9559
f 9532 9552 9557
f 9561 9564 9566
f 9575 9563 9560
f 9561 9566 9569
f 9559 9568 9571
f 9553 9559 9571
f 9487 9572 9559
f 9575 9585 9563
f 9586 9576 9572
f 9578 9582 9574
f 9573 9581 9584
f 9487 9586 9572
f 9410 9587 9586
f 9587 9576 9586
f 9410 9586 9487
f 9589 9458 9577
f 9588 9595 9457
f 9408 9587 9410
f 9408 9590 9587
f 9592 9595 9588
f 9405 9456 9593
f 9405 9593 9596
f 9591 9598 9594
f 9409 9406 9597
f 9409 9597 9600
f 9601 9598 9591
f 9599 9590 9408
f 9562 9583 9462
f 9462 9583 9579
f 9579 9456 9455
f 9577 9458 9580
f 9462 9579 9455
f 9571 9602 9619
f 9608 9602 9571
f 9571 9605 9614
f 9571 9622 9605
f 9553 9571 9611
f 9571 9614 9608
f 9611 9571 9615
f 9571 9568 9616
f 9571 9619 9615
f 9616 9622 9571
f 9626 9623 9617
f 9629 9623 9626
f 9630 9607 9624
f 9565 9628 9625
f 9565 9634 9628
f 9634 9631 9628
f 9633 9607 9630
f 9562 9634 9565
f 9562 9530 9634
f 9634 9635 9631
f 9646 9635 9634
f 9634 9637 9636
f 9636 9640 9634
f 9634 9556 9637
f 9530 9556 9634
f 9634 9640 9643
f 9634 9643 9646
f 9645 9621 9647
f 9647 9621 9603
f 9648 9604 9650
f 9646 9649 9635
f 9650 9604 9609
f 9651 9610 9654
f 9635 9649 9652
f 9654 9610 9657
f 9653 9656 9660
f 9661 9652 9658
f 9635 9652 9661
f 9661 9658 9662
f 9662 9669 9661
f 9666 9635 9661
f 9661 9672 9663
f 9663 9666 9661
f 9661 9669 9672
f 9673 9676 9665
f 9674 9679 9677
f 9670 9679 9674
f 9684 9675 9678
f 9684 9678 9681
f 9671 9683 9680
f 9698 9675 9684
f 9699 9685 9684
f 9701 9684 9685
f 9684 9686 9704
f 9695 9686 9684
f 9700 9684 9690
f 9690 9684 9691
f 9691 9684 9681
f 9695 9684 9701
f 9684 9704 9698
f 9699 9684 9700
f 9698 9704 9707
f 9712 9708 9706
f 9711 9705 9714
f 9714 9705 9687
f 9662 9710 9713
f 9715 9689 9718
f 9713 9716 9662
f 9717 9688 9696
f 9719 9697 9721
f 9662 9716 9720
f 9721 9697 9702
f 9722 9703 9725
f 9726 9720 9723
f 9662 9720 9726
f 9727 9662 9726
f 9734 9726 9723
f 9727 9726 9728
f 9728 9726 9744
f 9636 9726 9734
f 9636 9731 9726
f 9731 9738 9726
f 9726 9738 9741
f 9726 9741 9744
f 9747 9744 9750
f 9728 9744 9747
f 9743 9756 9745
f 9746 9759 9751
f 9745 9756 9758
f 9752 9760 9769
f 9757 9761 9768
f 9757 9764 9761
f 9757 9754 9685
f 9685 9764 9757
f 9761 9771 9768
f 9776 9770 9773
f 9753 9770 9776
f 9775 9772 9535
f 9533 9777 9774
f 9774 9777 9747
f 9747 9750 9774
f 9778 9548 9749
f 9780 9545 9549
f 9533 9523 9777
f 9524 9544 9779
f 9535 9772 9539
f 9761 9536 9771
f 9729 9762 9765
f 9730 9767 9783
f 9782 9766 9786
f 9785 9764 9685
f 9789 9787 9792
f 9784 9787 9789
f 9791 9785 9486
f 9785 9685 9699
f 9486 9785 9699
f 9790 9793 9796
f 9796 9793 9490
f 9486 9488 9791
f 9794 9463 9788
f 9795 9489 9499
f 9497 9463 9794
f 9788 9463 9797
f 9788 9797 9781
f 9798 9801 9797
f 9797 9810 9798
f 9797 9476 9804
f 9463 9476 9797
f 9797 9801 9807
f 9797 9804 9810
f 9797 9807 9727
f 9781 9797 9727
f 9805 9492 9812
f 9812 9492 9815
f 9811 9814 9799
f 9799 9814 9817
f 9816 9813 9486
f 9486 9813 9491
f 9800 9818 9820
f 9820 9818 9823
f 9822 9816 9825
f 9825 9816 9486
f 9353 9365 9825
f 9802 9355 9826
f 9803 9827 9808
f 9808 9827 9829
f 9825 9486 9828
f 9825 9834 9831
f 9831 9822 9825
f 9825 9365 9834
f 9365 9837 9834
f 9447 9836 9839
f 9842 9836 9447
f 9841 9833 9835
f 9445 9318 9840
f 9840 9318 9843
f 9845 9833 9841
f 9801 9819 9843
f 9821 9824 9844
f 9801 9843 9318
f 9844 9824 9832
f 9446 9838 9450
f 9450 9838 9848
f 9365 9846 9837
f 9449 9847 9453
f 9453 9847 9469
f 9411 9467 9846
f 9411 9846 9365
f 9809 9830 9850
f 9850 9830 9853
f 9828 9486 9852
f 9856 9854 9859
f 9851 9854 9856
f 9852 9700 9858
f 9486 9699 9852
f 9852 9699 9700
f 9857 9860 9862
f 9862 9860 9865
f 9858 9867 9864
f 9858 9700 9867
f 9867 9871 9868
f 9868 9874 9867
f 9867 9690 9871
f 9700 9690 9867
f 9867 9877 9864
f 9867 9874 9877
f 9878 9877 9887
f 9878 9881 9877
f 9864 9877 9884
f 9877 9881 9884
f 9887 9877 9874
f 9887 9888 9878
f 9895 9888 9887
f 9897 9887 9892
f 9887 9898 9892
f 9901 9895 9887
f 9901 9887 9897
f 9887 9874 9898
f 9906 9895 9901
f 9923 9906 9901
f 9909 9904 9914
f 9910 9925 9905
f 9913 9903 9918
f 9917 9902 9922
f 9901 9897 9919
f 9924 9928 9907
f 9929 9926 9911
f 9907 9928 9931
f 9927 9908 9930
f 9907 9931 9896
f 9896 9931 9933
f 9932 9930 9934
f 9930 9912 9934
f 9930 9908 9912
f 9935 9941 9934
f 9934 9915 9935
f 9934 9938 9943
f 9934 9941 9938
f 9934 9942 9932
f 9934 9949 9942
f 9934 9943 9946
f 9934 9912 9915
f 9946 9949 9934
f 9949 9952 9942
f 9950 9959 9954
f 9947 9956 9951
f 9951 9956 9960
f 9897 9892 9958
f 9955 9897 9958
f 9954 9959 9894
f 9955 9961 9897
f 9948 9963 9957
f 9964 9897 9961
f 9944 9966 9962
f 9945 9963 9948
f 9964 9967 9970
f 9939 9968 9965
f 9940 9966 9944
f 9970 9897 9964
f 9970 9971 9980
f 9970 9974 9971
f 9970 9967 9984
f 9970 9984 9690
f 9981 9970 9690
f 9977 9974 9970
f 9970 9919 9897
f 9977 9970 9981
f 9980 9919 9970
f 9690 9984 9987
f 9992 9988 9986
f 9991 9985 9995
f 9995 9985 9969
f 9941 9990 9993
f 9994 9968 9939
f 9941 9993 9938
f 9941 9996 9990
f 9997 9988 9992
f 10002 9999 9996
f 10000 9872 9998
f 9998 9872 9989
f 10002 9996 9941
f 10002 10003 9662
f 10014 10003 10002
f 10017 9999 10002
f 10007 10002 9662
f 9941 10008 10002
f 10006 10002 10007
f 10006 10017 10002
f 10002 10008 10011
f 10002 10011 10014
f 10020 10017 10006
f 10022 9876 10018
f 10018 9876 9869
f 10019 9870 10001
f 10023 10020 10026
f 10025 9900 10021
f 10021 9900 9875
f 10026 10020 10006
f 9942 10026 10030
f 9942 10023 10026
f 10026 10006 9861
f 10026 9861 10027
f 10030 10026 10027
f 10033 9942 10030
f 10031 9882 10034
f 10032 9885 9883
f 10028 9885 10032
f 10034 9882 9879
f 10035 9880 10037
f 10033 10036 9942
f 10037 9880 9889
f 10038 9890 10040
f 9932 10036 10039
f 9932 9942 10036
f 10041 9891 10044
f 10042 10045 10048
f 10046 10049 10039
f 10039 10049 9932
f 10053 9933 10050
f 10051 10057 10054
f 10049 10058 10055
f 10046 10061 10049
f 10049 10064 10058
f 10049 10061 10064
f 10062 10068 10065
f 10065 10068 10071
f 10066 10072 10059
f 10067 10076 10070
f 10059 10072 10074
f 10073 10070 10052
f 10052 10070 10076
f 10082 10076 10067
f 9895 10076 10043
f 10052 10076 9895
f 10048 10045 10078
f 10047 10077 10081
f 10081 10077 10084
f 10087 10083 10090
f 10080 10083 10087
f 10067 10088 10082
f 10086 10089 10092
f 10092 10089 10095
f 10067 10094 10088
f 10097 10094 10067
f 10097 10103 10094
f 10093 10096 10101
f 10101 10096 10104
f 10109 10103 10097
f 10102 10105 10107
f 10107 10105 10110
f 10116 10112 10119
f 10108 10111 10115
f 10117 10109 6817
f 10109 10097 10120
f 6817 10109 10120
f 6820 10120 10123
f 10128 10124 10122
f 10127 10121 10131
f 10131 10121 10099
f 6817 10120 6820
f 6814 10126 10129
f 10130 10098 10063
f 10061 10085 10129
f 6814 10129 9861
f 10129 10106 9861
f 10129 10091 10100
f 10100 10106 10129
f 10129 10085 10091
f 6811 10126 6814
f 6812 10124 10128
f 6820 10123 6835
f 6813 6837 10125
f 10114 10118 10134
f 10134 10118 10137
f 10117 6817 10135
f 10133 10136 10029
f 10029 10136 9886
f 9864 9884 10135
f 10135 6817 9864
f 9861 10113 10132
f 10027 9861 10132
f 9861 10106 10113
f 10063 10098 10069
f 10061 10079 10085
f 10046 10079 10061
f 10060 10075 10140
f 10073 10052 10141
f 10140 10075 10143
f 10146 10142 10149
f 10139 10142 10146
f 6839 10147 10141
f 10141 10052 6839
f 6839 6850 10147
f 10145 10148 10152
f 10152 10148 6852
f 10150 6826 6798
f 10151 6851 6827
f 10150 6798 10144
f 10144 6798 10055
f 10055 10138 10144
f 10055 10058 10138
f 10054 10057 6841
f 10154 6840 10056
f 10055 10156 10153
f 10156 10055 10160
f 10055 6782 10160
f 10055 6798 6782
f 10163 10160 6789
f 10165 10168 10161
f 10161 10168 6846
f 10162 6847 10157
f 6789 10160 6782
f 10169 6909 10166
f 10164 10171 10167
f 10166 6859 6845
f 10166 6909 6859
f 10172 6896 10169
f 10176 10174 10170
f 10177 10171 10164
f 10169 6896 6909
f 10178 10175 6789
f 10180 10174 10176
f 6789 10175 10163
f 6748 10181 10178
f 10183 10186 10179
f 10179 10186 10173
f 6749 10178 6789
f 6748 10178 6749
f 10187 6946 10184
f 6982 10189 10185
f 6982 10185 10182
f 10184 6946 10172
f 6979 10188 6981
f 6979 10192 10188
f 10190 6942 10187
f 10187 6942 6946
f 6978 6975 10191
f 10191 6975 10194
f 10193 10196 10190
f 10190 10196 6942
f 6989 10196 6992
f 6992 10196 6998
f 10196 10197 10200
f 10196 10201 10197
f 6963 6942 10196
f 6998 10196 10200
f 10204 10201 10196
f 10193 10204 10196
f 6963 10196 6989
f 10208 10203 10205
f 10209 10206 10212
f 10213 10204 10193
f 10212 10206 10215
f 10213 10193 10219
f 10211 10214 10218
f 10218 10214 10221
f 10223 10220 10226
f 10217 10220 10223
f 10228 10225 10219
f 10219 10231 10228
f 10219 10193 10231
f 10195 10236 10233
f 10241 10232 10235
f 10252 10231 10237
f 10238 10232 10241
f 10243 10231 10252
f 10243 10246 10231
f 10231 10246 10249
f 10228 10231 10249
f 10257 10244 10253
f 10258 10255 10261
f 7099 10263 10252
f 10266 7099 10252
f 10260 10254 10264
f 10252 10237 10266
f 7101 10267 10270
f 10271 10268 10239
f 10269 10275 7035
f 7037 7101 10270
f 10269 10272 10275
f 10240 10272 10269
f 10271 10239 10242
f 10277 10247 10245
f 10273 10247 10277
f 10276 10244 10257
f 7035 10275 10256
f 10240 10278 10272
f 10279 10250 10274
f 10274 10250 10248
f 10234 10281 10278
f 10283 10230 10280
f 10280 10230 10251
f 10234 10278 10240
f 10284 10281 10234
f 10286 10289 10282
f 10282 10289 10229
f 10285 7077 10288
f 10228 10287 7067
f 7067 10287 7076
f 10234 10290 10284
f 10291 7077 10285
f 10292 7080 7078
f 7055 7080 10292
f 10290 10222 10293
f 10234 10222 10290
f 10290 10293 7054
f 10293 7064 7054
f 10295 10298 7065
f 10294 10227 10297
f 10224 10227 10294
f 7065 10298 7068
f 7067 10296 10228
f 10228 10296 10225
f 7099 7087 10263
f 10262 10265 7052
f 7052 10265 7088
f 7051 7035 10259
f 7035 10256 10259
f 6974 10210 10234
f 6976 10236 10195
f 10210 10216 10234
f 10234 10216 10222
f 6974 10207 10210
f 6971 10207 6974
f 6973 10203 10208
f 6972 10199 10202
f 7022 10200 10302
f 7010 10200 7022
f 10200 10197 10305
f 6998 10200 10299
f 7010 10299 10200
f 10200 10305 10302
f 10310 10303 10307
f 10309 10306 6984
f 6984 10306 10198
f 6970 7019 10308
f 7020 10303 10310
f 6970 10308 6983
f 7022 10302 7073
f 7021 7074 10304
f 7003 7000 10301
f 7002 10300 10313
f 10313 10300 10316
f 10314 10299 7010
f 7007 10314 7010
f 7007 10317 10314
f 10312 10315 6765
f 6765 10315 10319
f 6737 10318 10322
f 6764 10318 6737
f 7007 10320 10317
f 6736 10321 6739
f 7007 6892 10320
f 6892 6943 10320
f 6739 10321 6944
f 6754 7001 10311
f 6754 10311 6763
f 6985 10199 6972
f 6980 10181 6748
f 6946 6896 10172
f 10158 6848 10325
f 10159 10326 10155
f 6845 6839 10323
f 10324 6840 10154
f 9896 9933 10053
f 9895 10043 9888
f 9952 10023 9942
f 9953 9893 10024
f 10024 9893 9899
f 10013 9983 10015
f 10015 9983 10328
f 10016 10329 10004
f 10004 10329 9692
f 10327 9690 9691
f 9981 9690 10327
f 10009 9978 10012
f 10012 9978 9982
f 10330 10008 9941
f 10331 9975 10010
f 10010 9975 9979
f 10332 9973 9976
f 10336 9973 10332
f 10330 9941 10333
f 10333 10344 10337
f 10339 10343 10335
f 10334 10342 9972
f 10333 9941 10344
f 9935 10344 9941
f 10345 10344 9935
f 10345 9635 10344
f 9666 10344 9635
f 10337 10344 9666
f 9936 10350 10347
f 10346 10349 10356
f 10351 9635 10345
f 10346 10356 10353
f 9605 10354 10348
f 9632 10355 9606
f 10352 10355 9632
f 10351 9631 9635
f 9936 9920 10350
f 9614 9605 10348
f 9614 10348 9980
f 9980 10348 9919
f 9614 10340 10357
f 10338 10359 10341
f 9980 9971 10340
f 9980 10340 9614
f 9698 10357 10360
f 9667 10361 10358
f 9668 10359 10338
f 9614 10357 9698
f 9698 10360 9675
f 9665 9676 10362
f 9664 10361 9667
f 9855 10007 9727
f 9861 10007 9855
f 9861 10006 10007
f 10007 9662 9727
f 10005 9693 10364
f 10003 10363 9662
f 10365 9694 9682
f 10366 9683 9671
f 9662 10363 9669
f 10001 9870 9873
f 9690 9987 9871
f 9916 9921 9937
f 9863 9866 6815
f 6815 9866 6818
f 9855 9727 9849
f 9849 9727 9807
f 9798 9819 9801
f 9478 9481 9806
f 9806 9481 9493
f 9801 9318 9255
f 9257 9355 9802
f 9781 9727 9728
f 9547 9536 9761
f 9749 9548 9763
f 9748 9762 9729
f 9685 9754 10367
f 9742 10369 9755
f 9615 10367 10370
f 9739 10371 10368
f 9740 10369 9742
f 9685 10367 9615
f 10373 9615 10370
f 9733 10374 10372
f 9732 10371 9739
f 9611 9615 10373
f 10378 9613 10375
f 10377 10374 9733
f 10376 9731 9636
f 9636 9637 10376
f 9639 9613 10378
f 9724 10381 9737
f 9736 10380 10385
f 9735 10384 10388
f 9734 10386 9636
f 10388 10384 10391
f 10387 10390 9642
f 9636 10386 9640
f 10383 9685 10389
f 9642 10390 10394
f 9615 10392 10389
f 10389 9685 9615
f 9641 10393 9644
f 9644 10393 9620
f 9615 9619 10392
f 10379 9685 10383
f 9701 9685 10379
f 9725 9703 10382
f 9662 9658 9710
f 9659 9708 9712
f 9660 9656 9709
f 9614 9707 9655
f 9698 9707 9614
f 9614 9655 9608
f 9558 9555 9638
f 9638 9555 9612
f 9570 9567 9627
f 9570 9627 9618
f 9462 9530 9562
f 9525 9522 9546
f 9520 9514 9487
f 9487 9514 9506
f 9487 9506 9483
f 9462 9463 9497
f 9463 9459 9476
f 9398 9401 9417
f 9405 9302 9384
f 9303 9407 9362
f 9384 9390 9405
f 9405 9390 9396
f 9302 9381 9384
f 9302 9309 9381
f 9310 9373 9383
f 9313 9371 9376
f 9314 9377 9317
f 9317 9377 9327
f 9311 9367 9374
f 9364 9369 10395
f 9286 10397 9370
f 9287 9371 9313
f 9300 10397 9286
f 10395 10398 9364
f 9299 10399 10396
f 9364 10398 10401
f 9293 10402 10400
f 9292 10399 9299
f 9221 10401 10404
f 9274 10405 10403
f 9273 10402 9293
f 9364 10401 9221
f 9262 10409 10406
f 9261 10405 9274
f 9221 10404 10407
f 10407 9349 9221
f 9264 9351 10408
f 9265 10409 9262
f 9308 9360 9368
f 9306 9367 9311
f 10411 9361 9364
f 10410 9364 9207
f 9364 9221 9207
f 10411 9364 10410
f 10415 9361 10411
f 10421 10416 10414
f 10413 9296 10420
f 10410 10423 10411
f 10425 9290 10412
f 10412 9290 9295
f 10410 10426 10423
f 10428 10431 10424
f 10424 10431 9289
f 10432 9171 10429
f 10427 10434 10430
f 10429 9297 9288
f 10429 9171 9297
f 10438 10434 10427
f 10437 10443 10433
f 10432 10439 9171
f 10440 10439 10432
f 10440 10444 10439
f 10451 10446 10441
f 10452 10442 10436
f 10449 10456 10453
f 10454 10445 10450
f 10435 10456 10449
f 10435 9207 10456
f 10457 10456 9110
f 10457 10453 10456
f 9110 10456 9207
f 9114 10457 9110
f 10458 10457 9114
f 10461 10453 10457
f 10458 10461 10457
f 10455 10462 10447
f 10448 10463 10465
f 10464 10461 10458
f 10466 10460 10469
f 10448 10465 10468
f 10467 10470 10473
f 10469 10460 10472
f 10467 10473 10444
f 10473 9140 9148
f 10444 10473 9148
f 10473 10470 9140
f 10474 10480 10470
f 10475 10471 10478
f 10478 10471 10459
f 10480 9140 10470
f 10474 10483 10480
f 10484 8991 10482
f 10482 8991 10488
f 10481 10487 10490
f 10492 10480 10489
f 10480 10498 9140
f 10495 10480 10492
f 10495 10498 10480
f 10496 10502 10500
f 10500 10502 10507
f 10499 10506 9139
f 10498 9136 9140
f 9138 10505 9132
f 10504 9114 9130
f 10504 10486 9114
f 10501 10486 10504
f 10501 10508 10486
f 10497 10510 10503
f 10511 10514 10508
f 10493 10513 10509
f 10494 10510 10497
f 10508 10517 10486
f 10508 10514 10517
f 10490 10487 10518
f 10491 10519 9075
f 9075 10519 10515
f 9079 10516 10522
f 9076 10516 9079
f 10511 10520 10514
f 9028 9044 10520
f 9028 10520 10511
f 9078 10521 9072
f 9072 10521 9046
f 9068 9030 10512
f 9069 10513 10493
f 10492 10489 9067
f 9067 10489 9074
f 10486 8990 8994
f 10477 10486 8994
f 10477 9114 10486
f 10485 8988 8992
f 8972 8988 10485
f 8959 10483 10474
f 8959 8971 10483
f 8996 10476 10479
f 10458 9114 10477
f 8961 10476 8996
f 10439 10444 9148
f 10439 9148 9171
f 10435 10426 10410
f 10410 9207 10435
f 10419 9302 10523
f 10524 10417 10422
f 9294 9302 10419
f 10525 9304 10418
f 10418 9304 9363
f 9321 9359 9307
f 9256 9217 9354
f 9283 9351 9264
f 9276 10527 9280
f 9280 10527 9227
f 9279 9226 10530
f 9178 9278 10529
f 10530 9226 9213
f 10531 9214 10533
f 10529 10532 9178
f 10533 9214 9219
f 10534 9220 9176
f 9178 10532 9175
f 10535 9221 10526
f 9277 10536 10528
f 10526 9221 9225
f 9271 10540 10537
f 9270 10536 9277
f 10538 9221 10535
f 10541 9207 10538
f 9267 10543 10539
f 9268 10540 9271
f 10538 9207 9221
f 10549 10543 9267
f 10541 10544 9207
f 10548 10546 10542
f 9171 10550 10547
f 10552 10546 10548
f 10547 9266 9171
f 9171 10553 10550
f 10554 10557 10551
f 10551 10557 10545
f 9207 10556 9194
f 10555 9195 10558
f 9207 10544 10556
f 9172 10553 9171
f 9173 9195 10555
f 9084 9107 9233
f 9176 9220 9205
f 9177 9206 9181
f 9181 9206 9190
f 9110 9164 9158
f 9110 9158 9111
f 9147 9105 9151
f 9151 9105 9117
f 9146 9102 9104
f 9144 9102 9146
f 9086 9121 9124
f 9126 9098 9092
f 9086 9124 9090
f 9085 9038 9108
f 9073 10559 8955
f 9073 10568 10559
f 9073 10562 8798
f 9073 9018 10562
f 8955 9009 9073
f 10565 9073 9070
f 9073 9009 9012
f 10565 10568 9073
f 9012 9018 9073
f 8795 9073 8798
f 10566 9051 10569
f 10569 9051 9026
f 10570 9027 10560
f 9071 9045 10567
f 10567 9045 9052
f 10564 9022 9043
f 9019 9022 10564
f 10563 9042 10573
f 8798 10562 10571
f 10572 9041 10576
f 10574 10577 8934
f 8798 10571 8933
f 8885 10575 9040
f 8934 10577 8940
f 8939 10575 8885
f 10560 9027 9035
f 10561 9036 10579
f 8955 10559 10578
f 8955 10578 8965
f 10580 9049 8967
f 10579 9036 9048
f 8967 9049 10583
f 8993 10581 9047
f 8966 10582 8973
f 8973 10582 8989
f 8987 10581 8993
f 8792 8828 9031
f 8797 8793 9033
f 8828 8885 9031
f 8955 8956 9009
f 8958 8985 9010
f 8960 8998 8963
f 8960 8995 8998
f 8977 8948 8911
f 8953 8949 8979
f 8862 8869 8968
f 8911 8948 8912
f 8885 8908 8939
f 8869 8866 8930
f 8867 8834 8932
f 8932 8834 8921
f 8931 8920 8924
f 8842 8919 8833
f 8911 8919 8842
f 8868 8831 8835
f 8853 10584 10587
f 10585 8855 8844
f 10587 8812 8853
f 8580 10587 8588
f 8580 8655 10587
f 8655 10591 10587
f 10587 10588 8812
f 10597 10588 10587
f 10587 10591 10594
f 8588 10587 10584
f 10587 10594 10597
f 10596 10602 10599
f 10599 10602 10605
f 10598 10604 10590
f 10590 10604 8838
f 8836 10603 8849
f 8849 10603 10600
f 8596 10600 8631
f 10595 8633 10601
f 8849 10600 8596
f 10593 8633 10595
f 8655 8650 10591
f 8652 8630 10592
f 10592 8630 8632
f 10589 8837 10608
f 10588 10606 8812
f 10608 8837 8841
f 10607 8840 8810
f 8812 10606 8809
f 8588 10584 10609
f 10611 10586 10614
f 10614 10586 8845
f 10610 10613 8586
f 8843 8585 10612
f 10610 8586 8589
f 8843 8849 8585
f 8585 8849 8596
f 8810 8840 8820
f 8637 8828 8792
f 8637 8641 8828
f 8641 8825 8828
f 8805 8827 10617
f 10617 8827 8643
f 8803 10615 8654
f 10616 8642 8646
f 8654 10615 8644
f 8792 8634 8637
f 8580 8603 8655
f 8655 8603 8606
f 8651 8627 8629
f 8588 8577 8580
f 8581 8539 8510
f 8564 10618 10627
f 10621 10618 8564
f 8564 10624 10621
f 8446 10624 8564
f 8564 10627 8441
f 8441 10627 10631
f 8548 10632 10630
f 8547 10629 10637
f 10636 10628 10620
f 8510 8546 10634
f 10635 10619 10639
f 10634 10638 8510
f 10639 10619 10622
f 10640 10623 8505
f 8510 10638 8504
f 8441 10631 10641
f 8542 10642 10633
f 8541 10632 8548
f 10641 8435 8441
f 8537 8437 10643
f 8536 10642 8542
f 8505 10623 10625
f 8506 10626 8508
f 8508 10626 8515
f 8514 10624 8446
f 10645 8408 8561
f 10644 8559 8445
f 8397 10644 8445
f 10648 10644 8397
f 10650 8403 10647
f 10646 8402 8409
f 10649 8398 8401
f 8488 8355 8309
f 8311 8462 8489
f 8489 8462 8464
f 8486 8431 8443
f 8425 8431 8486
f 8487 8444 8482
f 8411 8424 8485
f 8482 8444 8467
f 8460 8285 10651
f 8310 8287 8461
f 10651 10654 8460
f 8460 10654 8381
f 8317 10656 10653
f 8314 10656 8317
f 10654 10657 8381
f 8313 10659 10655
f 8381 10657 8382
f 10661 8383 10658
f 10662 10659 8313
f 8309 10660 8312
f 8309 8355 10660
f 8355 10663 10660
f 10664 8383 10661
f 8355 8349 10663
f 8350 8372 10665
f 10665 8372 8384
f 8285 8288 10651
f 8316 10652 8320
f 8320 10652 8290
f 8348 8458 10668
f 8381 10666 8457
f 8347 10667 8353
f 8353 10667 8379
f 8381 8378 10666
f 8445 8433 8397
f 8397 8433 8418
f 8397 8418 8415
f 8252 8415 8375
f 8393 8377 8417
f 8397 8415 8252
f 8354 8380 8357
f 8365 10669 8251
f 8361 10671 8367
f 8251 10669 10672
f 8340 10674 10670
f 8341 10671 8361
f 8250 10672 8282
f 8333 8284 10673
f 8334 10674 8340
f 8251 10672 8250
f 8259 8342 10675
f 8344 8254 10676
f 8259 10675 10677
f 10676 10683 10680
f 10676 8254 10683
f 10679 10682 8258
f 8252 8255 10681
f 10678 8257 8262
f 8329 8292 8295
f 8326 8292 8329
f 8319 8289 8327
f 8327 8289 8293
f 7790 7787 8322
f 7789 7808 8323
f 8323 7808 8301
f 8324 8302 8304
f 7790 8322 8154
f 7806 7811 8300
f 8242 8245 8268
f 8235 8259 8229
f 8241 8259 8235
f 8104 8107 8260
f 8259 8105 8229
f 8105 8223 8229
f 8105 8220 8223
f 8117 8194 8220
f 8195 8212 8221
f 8117 8220 8105
f 8191 8214 8211
f 8191 10684 8214
f 8198 8215 8202
f 8202 8215 10685
f 8152 10686 10688
f 8203 10686 8152
f 10687 10684 8191
f 8191 8185 10687
f 8153 10689 8159
f 8159 10689 10691
f 7812 10690 10687
f 10687 8185 7812
f 8160 10692 8143
f 8143 10692 8146
f 7812 8144 10690
f 8196 8192 8213
f 8182 7811 8185
f 8185 7811 7812
f 8166 7841 10695
f 7782 8164 10693
f 10695 7841 7816
f 10694 7815 10698
f 10693 10696 7782
f 10698 7815 7822
f 10697 7821 8037
f 7782 10696 8035
f 8134 8144 7812
f 8096 8134 7812
f 8074 8086 8080
f 8032 8029 8074
f 8034 8075 7838
f 8074 8029 8053
f 8053 8059 8074
f 8074 8059 8065
f 8037 7821 7832
f 8021 8033 7837
f 8025 7828 7995
f 8024 7994 7723
f 7721 7981 8023
f 8023 7981 7987
f 7827 8020 7836
f 7723 7994 7729
f 7721 7978 7981
f 7784 7847 7979
f 7721 7783 7978
f 7763 7850 7774
f 7764 7766 7851
f 7770 7819 7824
f 7771 7825 7776
f 7798 7532 7801
f 7529 7532 7798
f 7765 7754 7727
f 7727 7754 7748
f 7730 7748 7742
f 7727 7748 7730
f 7730 7742 7739
f 7667 7695 7689
f 7664 7689 7683
f 7667 7689 7664
f 7661 10702 10699
f 10701 7643 7663
f 7661 10706 10702
f 7661 7652 10706
f 7644 7546 10706
f 7652 7644 10706
f 10706 7500 10707
f 10702 10706 10707
f 10706 7546 7500
f 10707 10711 10708
f 10702 10707 10708
f 10707 7500 10711
f 10716 10709 10713
f 10715 10712 10719
f 10719 10712 10722
f 10711 7500 10720
f 10718 10721 7427
f 7427 10721 7436
f 10720 7501 7434
f 10720 7500 7501
f 10717 7422 10714
f 10717 7425 7422
f 10725 10709 10716
f 10714 7423 10723
f 10714 10723 10724
f 10714 7422 7423
f 10724 7641 10728
f 10729 10704 10727
f 10726 10703 10710
f 10724 10723 7641
f 10730 10700 10705
f 10731 7643 10701
f 10723 7423 7607
f 10723 7607 7641
f 7644 7635 7546
f 7546 7635 7632
f 7546 7632 7530
f 7599 7424 7368
f 7368 7527 7599
f 7599 7553 7424
f 7546 7589 7500
f 7500 7589 7583
f 7500 7583 7577
f 7577 7571 7500
f 7571 7562 7502
f 7500 7571 7502
f 7553 7556 7424
f 7368 7512 7518
f 7368 7506 7512
f 7424 7428 7506
f 7368 7424 7506
f 7434 7501 7437
f 7420 7496 7498
f 7421 7499 7429
f 7412 7492 7494
f 7413 7495 7419
f 7406 7492 7412
f 7405 7402 7491
f 7474 7477 7414
f 7414 7477 7408
f 7295 10732 7474
f 10733 7468 7476
f 7414 7295 7474
f 7295 7306 10732
f 7308 7333 10734
f 10734 7333 7469
f 7470 7445 7437
f 7470 7448 7445
f 7330 7467 7331
f 7300 7304 7465
f 7301 7466 7311
f 7311 7466 10737
f 7330 10735 7464
f 7310 10736 7317
f 7317 10736 10741
f 10738 10735 7330
f 7316 10740 10745
f 10744 10739 10748
f 10746 10738 7349
f 7349 10738 7330
f 7249 10747 10750
f 10743 10747 7249
f 10749 10746 7349
f 7250 10751 7252
f 7252 10751 10753
f 7349 10752 10749
f 7253 10754 7258
f 7258 10754 10756
f 7203 10755 10752
f 7349 7203 10752
f 7259 10757 7271
f 7271 10757 7277
f 7200 7275 10755
f 7200 10755 7203
f 7247 7315 10742
f 7247 10742 7248
f 7395 7353 7401
f 7401 7353 7362
f 7401 7362 7377
f 7395 7389 7353
f 7353 7389 7337
f 7383 7346 7337
f 7345 7348 7369
f 7340 7203 7349
f 7096 7086 7340
f 7256 7097 7342
f 7255 7341 7314
f 7340 7086 7203
f 7254 7312 7247
f 7278 7200 7286
f 7278 7275 7200
f 7265 7196 7198
f 7026 7097 7256
f 7185 7207 7197
f 7187 7190 7208
f 7149 7179 7197
f 7197 7179 7185
f 7149 7161 7179
f 7086 7155 7170
f 7160 10760 7036
f 7159 7157 10759
f 7035 10761 7158
f 7158 10761 7142
f 7035 10764 10761
f 10766 10769 10763
f 10763 10769 10772
f 10762 10771 7144
f 7144 10771 10776
f 7099 10773 10770
f 7099 10770 10767
f 7143 10774 7146
f 7147 10775 10778
f 10758 10777 10773
f 10758 10773 7099
f 7148 10779 7134
f 7134 10779 7137
f 7155 7136 10777
f 7155 10777 10758
f 7102 7099 10767
f 10765 7104 10768
f 7041 10764 7035
f 7043 7104 10765
f 7036 10760 7100
f 7127 7136 7155
f 7086 7127 7155
f 7118 7127 7086
f 7040 7095 7107
f 7039 7106 7046
f 7042 7092 7103
f 7027 7023 7098
f 7030 7089 7094
f 7031 7095 7040
f 7033 7084 7091
f 7034 7092 7042
f 7053 7089 7030
f 7058 7084 7033
f 7017 7074 7021
f 6900 6892 7007
f 6756 6901 7009
f 6967 6964 6990
f 6747 6980 6748
f 6957 6942 6963
f 6957 6935 6942
f 6740 6945 6742
f 6723 6727 6940
f 6724 6941 6758
f 6758 6941 10781
f 6892 10780 6939
f 6759 10782 6762
f 6762 10782 10785
f 10783 10780 6892
f 6761 10784 6768
f 6768 10784 6891
f 10783 6892 6889
f 6919 6925 6749
f 6744 6749 6925
f 6749 6913 6919
f 6749 6786 6913
f 6777 6899 6907
f 6778 6908 6800
f 6800 6908 10787
f 10786 6906 6849
f 6801 10788 6804
f 6804 10788 10791
f 6849 10789 10786
f 6797 10790 10794
f 6803 10790 6797
f 6849 10792 10789
f 6796 10793 10797
f 10797 10793 6858
f 6856 10792 6849
f 6798 6795 10795
f 10796 6857 10800
f 6798 10795 10798
f 10798 6863 6798
f 10799 6854 6864
f 10800 6857 6855
f 6780 6894 6904
f 6781 6905 6787
f 6820 6849 6900
f 6753 6821 6902
f 6752 6901 6756
f 6771 6887 6898
f 6772 6899 6777
f 6775 6890 6895
f 6774 6894 6780
f 6767 6890 6775
f 6793 6887 6771
f 6872 6842 6859
f 6827 6851 6830
f 6810 6837 6813
f 10803 10805 10811
f 10803 10809 10805
f 10815 10808 10802
f 10819 10801 10810
f 10816 10813 10801
f 10816 10801 10819
f 10819 10810 10825
f 10821 10823 10830
f 10826 10823 10821
f 10820 10829 10818
f 10828 10831 10804
f 10822 10831 10828
f 10828 10804 10834
f 10818 10829 10837
f 10844 10836 10840
f 10834 10807 10838
f 10817 10835 10843
f 10834 10804 10807
f 10845 10848 10841
f 10842 10839 10847
f 10841 10848 10813
f 10841 10813 10816
f 10845 10851 10848
f 10853 10855 10849
f 10850 10856 10858
f 10850 10858 10814
f 10860 10857 10854
f 10815 10859 10808
f 10838 10857 10860
f 10838 10807 10857
f 10867 10861 10864
f 10860 10869 10863
f 10847 10839 10862
f 10860 10854 10869
f 10846 10861 10867
f 10863 10869 10872
f 10877 10874 10870
f 10877 10870 10852
f 10853 10871 10855
f 10866 10878 10875
f 10879 10873 10876
f 10866 10875 10851
f 10887 10881 10878
f 10882 10886 10880
f 10879 10885 10873
f 10887 10878 10866
f 10868 10865 10888
f 10888 10865 10891
f 10893 10881 10887
f 10889 10892 10894
f 10893 10896 10881
f 10902 10896 10893
f 10894 10892 10900
f 10895 10901 10903
f 10902 10911 10896
f 10903 10901 10906
f 10904 10907 10909
f 10908 10911 10902
f 10908 10914 10911
f 10915 10919 10913
f 10912 10918 10922
f 10912 10922 10898
f 10926 10920 10917
f 10897 10921 10925
f 10905 10923 10920
f 10905 10920 10926
f 10909 10907 10927
f 10926 10917 10929
f 10933 10928 10930
f 10910 10928 10933
f 10932 10935 10914
f 10938 10935 10932
f 10932 10914 10908
f 10934 10931 10939
f 10941 10950 10938
f 10940 10949 10942
f 10938 10944 10935
f 10950 10944 10938
f 10939 10931 10948
f 10941 10953 10950
f 10954 10958 10952
f 10951 10957 10961
f 10951 10961 10946
f 10965 10959 10956
f 10945 10960 10964
f 10947 10962 10959
f 10947 10959 10965
f 10942 10949 10966
f 10972 10967 10969
f 10965 10956 10968
f 10943 10967 10972
f 10971 10953 10941
f 10974 10977 10971
f 10973 10970 10976
f 10971 10977 10953
f 10974 10980 10977
f 10982 10984 10978
f 10979 10985 10988
f 10979 10988 10955
f 10989 10986 10983
f 10954 10987 10958
f 10968 10956 10986
f 10968 10986 10989
f 10989 10983 10992
f 10976 10970 10991
f 10997 10990 10994
f 10975 10990 10997
f 10995 10980 10974
f 10995 11001 10980
f 10998 11001 10995
f 10996 10993 11000
f 10998 11004 11001
f 11006 11008 11002
f 11003 11009 11011
f 11003 11011 10981
f 11013 11010 11007
f 10982 11012 10984
f 10992 10983 11010
f 10992 11010 11013
f 11013 11007 11016
f 11013 11016 11019
f 11024 11014 11021
f 11000 10993 11015
f 10999 11014 11024
f 11022 11025 11028
f 11031 11025 11022
f 11022 11028 11004
f 11022 11004 10998
f 11023 11020 11033
f 11031 11037 11025
f 11033 11020 11036
f 11032 11035 11042
f 11040 11037 11031
f 11043 11047 11040
f 11041 11051 11045
f 11040 11047 11037
f 11042 11035 11053
f 11050 11054 11060
f 11050 11057 11054
f 11034 11057 11050
f 11046 11052 11062
f 11044 11061 11065
f 11065 11061 11071
f 11060 11066 11069
f 11060 11054 11066
f 11069 11072 11081
f 11069 11066 11072
f 11080 11070 11077
f 11069 11081 11075
f 11064 11070 11080
f 11075 11081 11084
f 11088 11085 11082
f 11088 11082 11091
f 11092 11083 11073
f 11092 11073 11094
f 11063 11090 11093
f 11078 11090 11063
f 11078 11087 11090
f 11095 11074 11067
f 11095 11067 11048
f 11043 11093 11047
f 11063 11093 11043
f 11096 11087 11078
f 11097 11086 11089
f 11105 11099 11096
f 11100 11104 11098
f 11097 11103 11086
f 11105 11096 11078
f 11108 11099 11105
f 11079 11076 11106
f 11107 11113 11109
f 11106 11076 11112
f 11111 11102 11114
f 11111 11084 11102
f 11075 11084 11111
f 11109 11113 11115
f 11121 11116 11118
f 11114 11123 11117
f 11110 11116 11121
f 11114 11102 11123
f 11127 11125 11101
f 11127 11130 11125
f 11100 11124 11104
f 11117 11123 11129
f 11138 11129 11132
f 11136 11133 11131
f 11136 11131 11128
f 11117 11129 11138
f 11145 11119 11139
f 11148 11140 11142
f 11138 11132 11141
f 11146 11140 11148
f 11150 11153 11147
f 11149 11143 11151
f 11147 11153 11156
f 11147 11156 11144
f 11154 11161 11158
f 11157 11160 11134
f 11157 11134 11137
f 11144 11156 11135
f 11141 11159 11162
f 11154 11163 11161
f 11132 11159 11141
f 11166 11164 11155
f 11166 11172 11164
f 11141 11162 11168
f 11168 11162 11171
f 11180 11171 11174
f 11178 11175 11173
f 11178 11173 11167
f 11168 11171 11180
f 11187 11170 11181
f 11190 11182 11184
f 11180 11174 11183
f 11188 11182 11190
f 11189 11198 11186
f 11191 11185 11197
f 11189 11192 11198
f 11195 11192 11189
f 11194 11203 11200
f 11199 11202 11176
f 11199 11176 11179
f 11186 11198 11177
f 11207 11201 11204
f 11194 11206 11203
f 11183 11174 11201
f 11183 11201 11207
f 11207 11204 11210
f 11197 11185 11209
f 11215 11208 11212
f 11196 11208 11215
f 11213 11216 11195
f 11213 11222 11216
f 11214 11211 11221
f 11219 11222 11213
f 11219 11225 11222
f 11227 11229 11223
f 11224 11230 11232
f 11224 11232 11217
f 11231 11228 11234
f 11218 11233 11205
f 11210 11204 11231
f 11210 11231 11234
f 11234 11237 10822
f 11234 11228 11237
f 11221 11211 11236
f 10827 11235 10824
f 11220 11235 10827
f 10822 11237 10831
f 11242 10833 11238
f 11242 11238 11226
f 11227 11239 11229
f 10825 10810 11240
f 10812 10832 11241
f 10825 11240 11225
f 10825 11225 11219
f 11218 11205 11193
f 11195 11216 11192
f 11152 11170 11187
f 11186 11177 11150
f 11177 11165 11150
f 11151 11143 11169
f 11150 11165 11153
f 11122 11119 11145
f 11144 11135 11120
f 11120 11135 11126
f 11108 11126 11099
f 11120 11126 11108
f 11049 11068 11055
f 11039 11056 11058
f 11039 11058 11026
f 11027 11059 11244
f 11034 11243 11057
f 11027 11244 11029
f 11030 11245 11017
f 11019 11016 11243
f 11019 11243 11034
f 11049 11055 11038
f 11030 11017 11005
f 11006 11018 11008
f 10945 10964 10937
f 10936 10963 11248
f 10929 11246 10962
f 10929 10962 10947
f 10936 11248 10916
f 10915 11247 10919
f 10917 11246 10929
f 10897 10925 10883
f 10882 10924 10886
f 10899 10884 10923
f 10899 10923 10905
f 10890 10884 10899
f 10863 10872 10890
f 10890 10872 10884
f 10866 10851 10845
f 10812 10806 10832
f 11255 11276 11249
f 11253 11261 11258
f 11251 11269 11259
f 11250 11280 11265
f 11267 11271 11252
f 11250 11277 11280
f 11275 11281 11278
f 11278 11281 11284
f 11278 11284 11287
f 11264 11279 11289
f 11290 11288 11297
f 11264 11289 11291
f 11295 11287 11298
f 11287 11301 11298
f 11287 11284 11301
f 11298 11301 11304
f 11311 11303 11285
f 11307 11305 11302
f 11309 11303 11311
f 11316 11314 11323
f 11320 11314 11316
f 11313 11286 11321
f 11319 11310 11312
f 11317 11324 11327
f 11322 11283 11329
f 11321 11286 11282
f 11327 11324 11331
f 11328 11340 11334
f 11338 11330 11335
f 11329 11283 11341
f 11326 11330 11338
f 11334 11340 11344
f 11345 11342 11339
f 11345 11339 11275
f 11275 11339 11281
f 11348 11342 11345
f 11352 11350 11346
f 11255 11347 11276
f 11352 11346 11254
f 11256 11356 11354
f 11355 11357 11363
f 11353 11362 11370
f 11367 11349 11351
f 11369 11361 11373
f 11368 11372 11380
f 11377 11382 11366
f 11367 11383 11349
f 11342 11381 11384
f 11342 11348 11381
f 11384 11381 11387
f 11377 11390 11382
f 11393 11389 11376
f 11392 11402 11388
f 11384 11387 11397
f 11397 11387 11400
f 11404 11401 11391
f 11404 11410 11401
f 11397 11400 11408
f 11412 11409 11403
f 11408 11416 11397
f 11412 11418 11409
f 11423 11421 11417
f 11397 11416 11419
f 11423 11417 11411
f 11413 11428 11426
f 11425 11427 11434
f 11424 11433 11442
f 11439 11420 11422
f 11441 11432 11445
f 11440 11444 11452
f 11449 11454 11438
f 11439 11455 11420
f 11456 11453 11459
f 11456 11419 11453
f 11449 11461 11454
f 11459 11467 11456
f 11463 11460 11448
f 11463 11469 11460
f 11456 11467 11470
f 11474 11468 11462
f 11474 11472 11468
f 11464 11479 11477
f 11476 11478 11485
f 11475 11484 11493
f 11490 11471 11473
f 11492 11483 11496
f 11491 11495 11503
f 11500 11505 11489
f 11490 11506 11471
f 11507 11470 11504
f 11507 11504 11510
f 11500 11512 11505
f 11510 11513 11507
f 11517 11515 11511
f 11517 11511 11499
f 11501 11522 11520
f 11519 11521 11529
f 11518 11528 11536
f 11533 11514 11516
f 11535 11527 11539
f 11534 11538 11547
f 11545 11549 11532
f 11533 11550 11514
f 11507 11513 11548
f 11551 11548 11554
f 11507 11548 11551
f 11545 11556 11549
f 11551 11554 11557
f 11560 11558 11555
f 11560 11555 11543
f 11544 11566 11562
f 11561 11565 11570
f 11564 11573 11577
f 11576 11559 11563
f 11578 11574 11581
f 11580 11582 11588
f 11586 11593 11579
f 11576 11592 11559
f 11594 11557 11591
f 11594 11591 11597
f 11597 11591 11601
f 11586 11602 11593
f 11604 11603 11587
f 11604 11610 11603
f 11597 11601 11612
f 11612 11601 11609
f 11626 11614 11616
f 11612 11618 11615
f 11612 11609 11618
f 11621 11598 11613
f 11624 11614 11626
f 11627 11617 11631
f 11639 11629 11633
f 11636 11629 11639
f 11635 11625 11628
f 11637 11655 11640
f 11640 11643 11637
f 11637 11643 11646
f 11637 11646 11634
f 11638 11632 11651
f 11649 11652 11637
f 11637 11652 11655
f 11656 11662 11642
f 11653 11658 11657
f 11657 11658 11663
f 11665 11666 11671
f 11660 11666 11665
f 11664 11670 11677
f 11642 11662 11675
f 11677 11670 11679
f 11676 11678 11685
f 11645 11674 11683
f 11641 11674 11645
f 11685 11678 11687
f 11684 11686 11693
f 11648 11682 11691
f 11644 11682 11648
f 11696 11690 11702
f 11647 11690 11696
f 11693 11686 11698
f 11692 11697 11704
f 11704 11697 11706
f 11695 11701 11715
f 11703 11705 11712
f 11715 11701 11710
f 11634 11694 11713
f 11634 11713 11716
f 11716 11713 11719
f 11714 11709 11721
f 11722 11719 11725
f 11716 11719 11722
f 11720 11728 11727
f 11721 11709 11729
f 11727 11728 11741
f 11711 11732 11731
f 11731 11732 11737
f 11730 11736 11743
f 11726 11740 11746
f 11746 11740 11753
f 11743 11736 11748
f 11742 11747 11754
f 11754 11747 11757
f 11752 11755 11760
f 11764 11751 11759
f 11745 11751 11764
f 11766 11744 11763
f 11766 11763 11770
f 11770 11763 11773
f 11765 11761 11774
f 11770 11773 11776
f 11776 11773 11779
f 11775 11784 11780
f 11774 11761 11782
f 11762 11788 11783
f 11780 11784 11794
f 11783 11788 11790
f 11785 11791 11796
f 11781 11795 11799
f 11799 11795 11805
f 11796 11791 11801
f 11797 11802 11807
f 11807 11802 11809
f 11808 11810 11815
f 11818 11806 11813
f 11800 11806 11818
f 11817 11776 11798
f 11820 11776 11817
f 11819 11814 11821
f 11820 11823 11776
f 11830 11823 11820
f 11821 11814 11826
f 11822 11827 11831
f 11832 11843 11834
f 11833 11836 11830
f 11836 11839 11830
f 11830 11839 11823
f 11831 11827 11842
f 11834 11843 11854
f 11829 11847 11844
f 11844 11847 11850
f 11845 11851 11856
f 11856 11851 11858
f 11857 11859 11864
f 11867 11855 11862
f 11835 11855 11867
f 11866 11869 11833
f 11866 11872 11869
f 11868 11863 11873
f 11869 11872 11875
f 11874 11879 11876
f 11873 11863 11878
f 11865 11883 11880
f 11880 11883 11886
f 11881 11887 11892
f 11876 11879 11890
f 11877 11891 11895
f 11892 11887 11897
f 11895 11891 11901
f 11893 11898 11903
f 11903 11898 11905
f 11904 11906 11911
f 11914 11902 11909
f 11896 11902 11914
f 11894 11913 11916
f 11916 11913 11919
f 11915 11910 11920
f 11916 11919 11932
f 11921 11927 11923
f 11932 11919 11922
f 11920 11910 11926
f 11337 11333 11934
f 11932 11935 11336
f 11932 11922 11935
f 11933 11939 11918
f 11934 11333 11941
f 11918 11939 11945
f 11940 11343 11386
f 11332 11343 11940
f 11938 11385 11944
f 11917 11943 11947
f 11947 11943 11950
f 11944 11385 11399
f 11942 11398 11949
f 11948 11952 11961
f 11951 11959 11953
f 11961 11952 11955
f 11949 11398 11958
f 11963 11972 11960
f 11960 11966 11963
f 11962 11956 11968
f 11960 11969 11946
f 11960 11975 11969
f 11960 11972 11975
f 11977 11989 11979
f 11969 11975 11978
f 11973 11982 11976
f 11976 11982 11987
f 11979 11989 11995
f 11988 11992 11993
f 11985 11998 11991
f 11981 11999 11986
f 11997 12001 12007
f 12004 12001 11997
f 11983 12005 12000
f 11997 12007 11990
f 12025 12008 12012
f 12010 12007 12013
f 12013 12007 12001
f 11990 12007 12016
f 12020 12018 12009
f 12019 12008 12025
f 11838 12021 12026
f 12029 12024 12033
f 11837 12024 12029
f 12023 12011 12032
f 12028 12031 12036
f 12036 12031 12040
f 12030 12042 12039
f 12032 12011 12043
f 12044 12041 12050
f 12044 12047 12041
f 12039 12042 12049
f 12050 12041 12010
f 12058 12045 12052
f 12050 12010 12053
f 12060 12051 12054
f 12056 12051 12060
f 12066 12063 11840
f 12065 12057 12061
f 12062 12055 12067
f 11840 12063 12068
f 12067 12055 12072
f 11841 12070 11824
f 12069 12073 12074
f 11824 12070 12076
f 12075 11458 12079
f 11778 12077 12081
f 12074 12073 11457
f 11825 12077 11778
f 11772 12080 12086
f 11777 12080 11772
f 12078 11508 12085
f 12079 11458 11509
f 11771 12084 11769
f 12082 11552 12089
f 12085 11508 11553
f 11768 12083 12090
f 12089 11552 11596
f 11724 12088 12094
f 11767 12088 11724
f 12087 11595 12093
f 11723 12092 11717
f 12093 11595 11600
f 12091 11599 11622
f 11717 12092 11623
f 12053 12013 12071
f 12071 12013 12095
f 12071 12095 11456
f 12099 12097 12015
f 11456 12095 11957
f 11953 11959 12096
f 11954 12097 12099
f 12104 12100 12108
f 11967 12100 12104
f 12098 12014 12107
f 11968 11956 12101
f 12103 12106 12111
f 12107 12014 12003
f 12105 12002 12114
f 12111 12106 12115
f 12114 12002 11306
f 12110 12113 12117
f 12112 11305 11307
f 12117 12113 11308
f 12116 12131 12109
f 12118 11310 11319
f 11318 12119 12116
f 12116 12119 12122
f 12116 12122 12125
f 12125 12128 12116
f 12116 12128 12131
f 12109 12131 12134
f 12129 12137 12133
f 12132 12141 12136
f 12133 12137 12142
f 12139 12145 12144
f 12144 12145 12150
f 12143 12149 12156
f 12136 12141 12154
f 12156 12149 12158
f 12155 12157 12164
f 12167 12153 12162
f 12135 12153 12167
f 12109 12134 12165
f 12165 12168 12109
f 12166 12161 12170
f 12169 12174 12173
f 12109 12168 12171
f 12170 12161 12175
f 12177 12178 12184
f 12163 12178 12177
f 12176 12183 12190
f 12173 12174 12188
f 12172 12187 12201
f 12190 12183 12192
f 12189 12191 12198
f 12201 12187 12196
f 12200 12195 12204
f 12205 12199 12202
f 12109 12171 12199
f 12205 12109 12199
f 12202 12208 12205
f 12205 12208 12211
f 12205 12211 12214
f 12216 12227 12207
f 12206 12222 12219
f 12217 12109 12205
f 12207 12227 12223
f 12225 12230 12221
f 12224 12237 12229
f 12215 12234 12226
f 12233 12237 12224
f 12231 12240 12236
f 12238 12241 12235
f 12241 12244 12235
f 12235 12244 12247
f 12235 12247 12228
f 12258 12248 12246
f 12250 12249 12259
f 12250 12256 12249
f 12228 12247 12255
f 12258 12246 12264
f 12267 12270 12261
f 12260 12269 12274
f 12262 12276 12253
f 12252 12275 12279
f 12289 12282 12278
f 12287 12277 12273
f 12291 12297 12300
f 12323 12296 12288
f 12292 12301 12305
f 12303 12283 12290
f 12285 12272 12317
f 12318 12322 12286
f 12326 12319 12332
f 12294 12321 12328
f 12316 12333 12320
f 12325 12331 12336
f 12329 12340 12335
f 12341 12330 12313
f 12345 12339 12312
f 12347 12353 12343
f 12337 12342 12352
f 12355 12357 12364
f 12358 12356 12349
f 12338 12354 12363
f 12367 12334 12362
f 12367 12362 12370
f 12370 12362 12373
f 12366 12379 12374
f 12365 12359 12378
f 12391 12381 12361
f 12380 12383 12375
f 12385 12382 12394
f 12392 12414 12399
f 12393 12400 12402
f 12404 12386 12395
f 12389 12420 12413
f 12350 12419 12388
f 12390 12360 12351
f 12425 12411 12417
f 12422 12415 12429
f 12430 12416 12433
f 12348 12435 12418
f 12440 12432 12445
f 12427 12431 12437
f 12346 12446 12434
f 12439 12442 12450
f 12448 12441 12452
f 12314 12455 12444
f 12311 12443 12344
f 12451 12454 12266
f 12265 12453 12268
f 12315 12271 12456
f 12447 12459 12438
f 12263 12243 12449
f 12447 12242 12459
f 12436 12458 12461
f 12463 12460 12457
f 12463 12457 12238
f 12238 12457 12241
f 12471 12467 12465
f 12466 12460 12463
f 12473 12464 12239
f 12469 12464 12473
f 12479 12476 12481
f 12478 12470 12474
f 12475 12240 12231
f 12481 12476 12232
f 12482 12234 12215
f 12214 12483 12480
f 12480 12483 12486
f 12480 12486 12477
f 12484 12492 12488
f 12477 12486 12489
f 12487 12496 12491
f 12488 12492 12497
f 12499 12500 12505
f 12494 12500 12499
f 12498 12504 12511
f 12491 12496 12509
f 12490 12508 12522
f 12511 12504 12513
f 12510 12512 12519
f 12522 12508 12518
f 12489 12520 12523
f 12523 12520 12527
f 12521 12516 12529
f 12530 12527 12533
f 12523 12527 12530
f 12528 12536 12534
f 12529 12516 12538
f 12534 12536 12548
f 12517 12540 12539
f 12539 12540 12546
f 12537 12544 12549
f 12549 12544 12552
f 12551 12553 12558
f 12561 12550 12556
f 12535 12550 12561
f 12562 12557 12564
f 12566 12560 12563
f 12566 12533 12560
f 11980 11996 12568
f 12566 12572 11978
f 12563 12569 12566
f 12566 12569 12572
f 12567 12577 12532
f 12530 12533 12566
f 12568 11996 12578
f 11994 12589 12576
f 12575 12580 12585
f 12576 12589 12581
f 12532 12577 12586
f 11993 11992 12588
f 11990 12016 12587
f 12587 12590 12579
f 12587 12016 12590
f 12579 12590 12599
f 12590 12608 12593
f 12593 12596 12590
f 12590 12596 12599
f 12611 12604 12591
f 12602 12605 12590
f 12590 12605 12608
f 12615 12592 12017
f 12613 12592 12615
f 12620 12614 12617
f 12616 12018 12020
f 11871 12618 12022
f 12621 12618 11871
f 11946 12619 11869
f 11946 11969 12619
f 11971 12614 12620
f 11970 12625 12612
f 12624 12604 12611
f 12631 12625 11970
f 12622 12627 12603
f 12632 12627 12622
f 12630 12633 12623
f 12637 12633 12630
f 12638 12640 12635
f 12639 12644 12634
f 12634 12644 12628
f 12643 12646 12626
f 12643 12649 12646
f 12649 12643 12652
f 12652 12643 12655
f 12641 12656 12645
f 12658 12655 12661
f 12652 12655 12658
f 12665 12663 12657
f 12664 12656 12641
f 12670 12666 12642
f 12672 12666 12670
f 12675 12663 12665
f 12673 12677 12667
f 12674 12680 12662
f 12684 12677 12673
f 12687 12680 12674
f 12682 12688 12676
f 12692 12689 12683
f 12691 12038 12686
f 12685 12048 12679
f 12037 12048 12685
f 12693 12034 12690
f 12693 12690 12696
f 12696 12690 12681
f 12035 12038 12691
f 12697 12706 12695
f 12681 12699 12696
f 12701 12703 12698
f 12698 12703 12707
f 12705 12711 12709
f 12695 12706 12719
f 12709 12711 12715
f 12708 12714 12721
f 12694 12718 12732
f 12721 12714 12723
f 12720 12722 12729
f 12732 12718 12727
f 11649 12730 12733
f 12693 12730 11649
f 12731 12726 12735
f 12734 12739 12738
f 11649 12733 12736
f 12735 12726 12740
f 12728 12743 12742
f 12738 12739 12752
f 12742 12743 12748
f 12741 12747 12754
f 12737 12751 12757
f 12757 12751 12763
f 12754 12747 12759
f 12753 12758 12765
f 12756 12762 12768
f 12768 12762 12774
f 12765 12758 12770
f 12764 12769 12776
f 12776 12769 12778
f 12775 12777 12784
f 12787 12773 12782
f 12767 12773 12787
f 12785 12788 11649
f 11649 12766 12785
f 12786 12781 12790
f 11649 12788 11652
f 12789 12791 11654
f 12790 12781 12792
f 12783 12795 12794
f 12794 12795 12800
f 12793 12799 11661
f 11654 12791 11659
f 12797 12803 12802
f 11661 12799 11667
f 12801 12808 11669
f 12802 12803 12809
f 11669 12808 12822
f 12811 12812 12818
f 12805 12812 12811
f 12810 12817 12824
f 11673 12821 12826
f 12823 12829 12828
f 11668 12821 11673
f 12824 12817 12830
f 12819 12842 12832
f 12828 12829 12835
f 12831 12838 12837
f 12832 12842 12840
f 12852 12846 12856
f 12851 12841 12843
f 12855 12845 12860
f 12820 12859 12844
f 12857 12862 12865
f 12816 12864 12861
f 12814 12859 12820
f 12867 12876 12871
f 12872 12858 12868
f 12883 12875 12866
f 12882 12863 12815
f 12891 12884 12881
f 12886 12875 12883
f 12806 12879 12813
f 12890 12880 12807
f 12894 12884 12891
f 12779 12888 12798
f 12780 12892 12889
f 12798 12888 12804
f 12895 12900 12885
f 12771 12892 12780
f 12772 12896 12893
f 12898 12900 12895
f 12902 12904 12887
f 12903 12909 12906
f 12915 12909 12903
f 12899 12913 12901
f 12916 12917 12910
f 12924 12917 12916
f 12929 12922 12914
f 12928 12913 12899
f 12750 12930 12927
f 12932 12922 12929
f 12761 12926 12897
f 12749 12926 12761
f 12746 12934 12931
f 12936 12939 12933
f 12745 12930 12750
f 12933 12939 12923
f 12941 12943 12925
f 12942 12947 12944
f 12955 12947 12942
f 12937 12952 12940
f 12969 12958 12954
f 12961 12963 12956
f 12956 12963 12948
f 12968 12953 12938
f 12725 12966 12935
f 12716 12966 12725
f 12973 12958 12969
f 12717 12971 12967
f 12972 12975 12957
f 12981 12975 12972
f 12713 12971 12717
f 12712 12979 12970
f 12980 12983 12974
f 12995 12983 12980
f 12990 12979 12712
f 12988 12992 12978
f 12994 13005 12982
f 12999 12993 12989
f 12998 13001 12991
f 13003 13005 12994
f 13007 13010 12984
f 13006 13015 13008
f 13020 13015 13006
f 13002 13018 13004
f 13019 13023 13013
f 13028 13023 13019
f 13031 13026 13017
f 13032 13018 13002
f 13039 13034 13029
f 13036 13026 13031
f 13043 13030 13000
f 13040 13030 13043
f 13047 13038 13041
f 13048 13042 13051
f 13051 13042 12996
f 13044 13001 12998
f 13055 13050 13057
f 13054 13046 13049
f 13057 13050 13059
f 13052 12997 13061
f 13061 12997 12986
f 13062 12987 12704
f 12700 13060 12702
f 13058 13060 12700
f 12671 13053 13056
f 12671 13056 12681
f 12681 13056 12699
f 13065 13046 13054
f 12668 13063 13053
f 12668 13053 12671
f 12636 13063 12668
f 12636 13070 13063
f 13064 13067 13045
f 13072 13067 13064
f 13075 13077 13071
f 13073 13070 11978
f 12629 11978 13070
f 12629 13070 12636
f 13071 13077 13066
f 13078 13081 13084
f 13091 13081 13078
f 13079 13085 13068
f 13074 13089 13076
f 13094 13089 13074
f 13093 13096 13088
f 13098 13100 13090
f 13090 13100 13080
f 13106 13108 13101
f 13097 13104 13099
f 13102 13112 13082
f 13101 13108 13111
f 13082 13112 13125
f 13114 13118 13121
f 13110 13117 13113
f 13115 13122 13127
f 13086 13126 13033
f 13128 13130 13035
f 13083 13126 13086
f 13127 13122 13129
f 13124 13141 13131
f 13035 13130 13025
f 13132 13135 13027
f 13131 13141 13133
f 13149 13140 13158
f 13152 13138 13148
f 13153 13134 13142
f 13123 13157 13139
f 13147 13156 13162
f 13120 13157 13123
f 13119 13161 13155
f 13171 13146 13160
f 13166 13161 13119
f 13165 13170 13159
f 13184 13175 13167
f 13176 13180 13168
f 13169 13181 13145
f 13185 13170 13165
f 13192 13183 13163
f 13189 13183 13192
f 13188 13195 13182
f 13197 13175 13184
f 13196 13200 13173
f 13205 13200 13196
f 13208 13203 13194
f 13209 13195 13188
f 13212 13207 13186
f 13223 13207 13212
f 13222 13216 13206
f 13218 13203 13208
f 13227 13215 13221
f 13230 13225 13219
f 13231 13220 13234
f 13234 13220 13210
f 13238 13233 13240
f 13237 13229 13232
f 13240 13233 13242
f 13235 13211 13244
f 13244 13211 13246
f 13245 13247 13252
f 13255 13243 13250
f 13241 13243 13255
f 13254 13257 11978
f 11978 13239 13254
f 13256 13251 13258
f 11978 13257 13092
f 13259 13096 13093
f 13258 13251 13095
f 13252 13247 13103
f 13253 13104 13097
f 13213 13187 13248
f 13249 13191 13105
f 13248 13187 13190
f 11978 13236 13239
f 13260 13236 11978
f 13262 13229 13237
f 11978 13263 13260
f 13265 13267 13261
f 13261 13267 13228
f 13264 13271 13266
f 13273 13275 13268
f 13268 13275 13224
f 13269 13225 13230
f 13281 13283 13276
f 13272 13279 13274
f 13277 13287 13226
f 13276 13283 13286
f 13285 13291 13288
f 13226 13287 13214
f 13289 13295 13217
f 13288 13291 13294
f 13297 13300 13204
f 13296 13305 13298
f 13293 13305 13296
f 13217 13295 13202
f 13310 13299 13306
f 13308 13304 13323
f 13292 13316 13302
f 13322 13303 13317
f 13327 12369 13318
f 13319 13332 13329
f 13320 13315 13334
f 13321 12372 13307
f 13318 12369 12371
f 13328 13331 13338
f 13340 13337 13330
f 13344 13333 13314
f 13342 13333 13344
f 13349 13341 13343
f 13284 13345 13290
f 13346 13316 13292
f 13350 13345 13284
f 13280 13348 13282
f 13359 13348 13280
f 13355 13341 13349
f 13358 13352 13347
f 13363 13352 13358
f 13366 13361 13356
f 13367 13357 13370
f 13370 13357 13278
f 12571 13369 12573
f 12570 13365 13368
f 12573 13369 13270
f 13371 13279 13272
f 12565 13365 12570
f 12564 12557 13364
f 12559 13361 13366
f 12555 13373 13362
f 12558 12553 13360
f 13362 13373 13351
f 13374 13376 13380
f 13386 13376 13374
f 13375 13382 13353
f 12554 13385 13372
f 13388 13393 13378
f 12545 13385 12554
f 12547 13389 13387
f 13390 13393 13388
f 13396 13397 13404
f 13407 13397 13396
f 13394 13402 13379
f 13392 13406 13395
f 13409 13410 13400
f 13415 13410 13409
f 13421 13414 13408
f 13420 13406 13392
f 12515 13422 13419
f 13424 13414 13421
f 12543 13418 13391
f 12514 13418 12543
f 12507 13426 13423
f 13428 13431 13425
f 12506 13422 12515
f 13425 13431 13416
f 13429 13435 13432
f 13438 13445 13434
f 13433 13440 13417
f 13434 13445 13443
f 13439 13449 13447
f 13458 13448 13450
f 13457 13444 13446
f 13460 13472 13456
f 13459 13451 13462
f 13454 13475 13468
f 13470 13442 13455
f 13456 13472 13476
f 13471 13477 13474
f 13474 13477 13482
f 13468 13475 13489
f 13474 13482 13487
f 13465 13488 13497
f 13487 13482 12324
f 13487 12324 13490
f 13497 13488 13492
f 13498 13399 13466
f 13496 13405 13398
f 13493 13491 13324
f 13325 13499 13494
f 13495 13503 13403
f 13326 13336 13501
f 13379 13402 13502
f 13381 13500 13335
f 13377 13500 13381
f 13490 12324 12334
f 13490 12334 12367
f 13324 13491 12368
f 13478 13504 13485
f 13483 12293 12327
f 13505 12299 13486
f 13484 12298 12295
f 12302 13507 12307
f 12309 13508 13511
f 13479 13509 13506
f 12310 13512 13518
f 13523 13510 13481
f 13513 13525 13519
f 13528 13522 13480
f 13530 13532 13524
f 13520 13526 13534
f 13536 13548 13542
f 13521 13535 13541
f 13546 13533 13531
f 13551 13545 13529
f 13553 13555 13547
f 13543 13549 13557
f 13569 13556 13554
f 13544 13558 13564
f 13559 13571 13565
f 13579 13568 13552
f 13566 13572 13575
f 13581 13573 13570
f 13584 13594 13580
f 13588 13583 13578
f 13588 13578 13591
f 13591 13578 13550
f 13595 13574 13582
f 13586 13599 13596
f 13610 13598 13601
f 13577 13597 13609
f 13605 13621 13617
f 13604 13616 13563
f 13567 13576 13608
f 13606 13626 13622
f 13629 13627 13607
f 13611 13602 13633
f 13630 13640 13628
f 13631 13662 13641
f 13603 13645 13634
f 13635 13646 13649
f 13636 13650 13656
f 13652 13663 13632
f 13667 13638 13659
f 13669 13661 11293
f 11292 13660 13670
f 13653 13673 13664
f 11294 13672 11268
f 11266 13671 11270
f 13654 11272 13674
f 13682 13639 13668
f 11290 11297 13666
f 13665 11296 13677
f 13665 13677 13679
f 13678 13690 13684
f 13687 13625 13681
f 13680 13624 13637
f 13678 13676 13690
f 13683 13689 13693
f 13691 13688 11298
f 11298 13688 13675
f 11298 13699 13691
f 13694 13692 13701
f 13683 13693 13695
f 11298 13707 13699
f 13702 13700 13709
f 13694 13701 13703
f 13710 13707 11298
f 13702 13709 13714
f 13713 13708 13712
f 13713 13712 13719
f 13722 13725 13716
f 13715 13724 13729
f 13717 13731 13705
f 13704 13730 13612
f 13562 13615 13733
f 13561 13732 13728
f 13539 13726 13738
f 13720 13735 13723
f 13560 13727 13540
f 13538 13737 13744
f 13747 13740 13734
f 13749 13736 13721
f 13745 13760 13751
f 13754 13741 13748
f 13718 13757 13746
f 13745 13756 13760
f 11298 13758 13755
f 13764 13758 11298
f 13750 13759 13763
f 13764 13761 13758
f 13775 13765 11300
f 12221 12230 13766
f 12228 12255 13764
f 13764 12255 13767
f 13764 13767 13770
f 13770 13761 13764
f 12220 13765 13775
f 13773 11299 13779
f 12218 13774 11965
f 12219 12222 13776
f 11965 13774 13780
f 13779 11299 12006
f 11974 13778 11984
f 11964 13778 11974
f 13777 12005 11983
f 13781 13771 13769
f 13786 13772 13782
f 13786 13762 13772
f 13785 13793 13789
f 13788 13792 13797
f 13790 13799 13753
f 13750 13763 13787
f 13752 13798 13739
f 13516 13742 13801
f 13515 13800 13796
f 12306 13794 13806
f 13783 13803 13791
f 13514 13795 12308
f 12304 13805 12284
f 13809 12280 13802
f 13811 13804 13784
f 13807 12257 12251
f 12254 12281 13810
f 13781 13769 13808
f 13807 13768 12257
f 11298 13755 13710
f 13718 13711 13757
f 13537 13743 13517
f 13706 13614 13697
f 13696 13613 13618
f 13698 13620 13686
f 13685 13619 13623
f 11298 13675 11295
f 13657 13651 13815
f 13658 13817 13822
f 13818 11273 13655
f 13819 11262 11274
f 13826 11263 13820
f 13816 13833 13821
f 13824 13840 13830
f 13823 13834 13838
f 13836 13832 13845
f 13852 13835 13843
f 13854 13847 13837
f 13829 13839 13849
f 13857 13866 13851
f 13860 13855 13850
f 13860 13850 13863
f 13863 13850 13841
f 13868 13846 13853
f 13859 13882 13867
f 13828 13848 13871
f 13827 13869 13879
f 13880 13870 13884
f 13883 13889 13878
f 13887 13881 13858
f 13877 13888 13894
f 13899 13891 13886
f 13897 13885 13856
f 13902 13911 13896
f 13905 13900 13895
f 13905 13895 13908
f 13908 13895 13855
f 13913 13890 13898
f 13904 13933 13912
f 13922 13892 13916
f 13921 13914 13930
f 13915 13935 13931
f 13938 13932 13903
f 13929 13934 13941
f 13940 13953 13949
f 13928 13939 13948
f 13958 13951 13937
f 13956 13936 13901
f 13961 13970 13955
f 13964 13959 13954
f 13964 13954 13967
f 13967 13954 13900
f 13972 13950 13957
f 13946 13973 13982
f 13947 13952 13975
f 13974 13987 13983
f 13963 13985 13971
f 13981 13986 13993
f 13990 13984 13962
f 13997 13988 13960
f 13998 14008 13989
f 13980 13991 14005
f 13992 14010 14006
f 14013 14007 13996
f 14004 14009 14016
f 14020 14011 13995
f 14021 14031 14012
f 14015 14033 14029
f 14002 14014 14028
f 14037 14030 14019
f 14027 14032 14039
f 14055 14034 14018
f 14025 14036 14046
f 14038 14051 14047
f 14056 14049 14035
f 14060 14070 14053
f 14062 14057 14052
f 14062 14052 14065
f 14065 14052 14017
f 14072 14048 14054
f 14059 14084 14069
f 14042 14068 14076
f 14045 14050 14073
f 14071 14085 14077
f 14074 14083 14087
f 14086 14082 14058
f 14081 14091 14094
f 14090 14101 14092
f 14106 14100 14089
f 14105 14088 14061
f 14110 14118 14108
f 14109 14104 14114
f 14114 14104 14057
f 14117 14102 14107
f 14111 14131 14120
f 14099 14122 14125
f 14095 14103 14119
f 14121 14133 14124
f 14136 14132 14113
f 14127 14134 14138
f 14139 14151 14142
f 14130 14140 14144
f 14155 14149 14137
f 14154 14135 14112
f 14166 14153 14109
f 14159 14169 14156
f 14163 14158 14153
f 14163 14153 14166
f 14170 14150 14157
f 14148 14174 14179
f 14146 14152 14172
f 14161 14183 14171
f 14173 14185 14178
f 14188 14184 14162
f 14181 14186 14190
f 14194 14187 14160
f 14196 14206 14189
f 14182 14192 14203
f 14191 14208 14201
f 14211 14207 14197
f 14204 14209 14213
f 14229 14210 14195
f 14214 14226 14220
f 14205 14215 14221
f 14231 14224 14212
f 14234 14244 14230
f 14238 14233 14228
f 14238 14228 14241
f 14241 14228 14193
f 14245 14225 14232
f 14223 14249 14255
f 14222 14227 14247
f 14248 14260 14254
f 14236 14258 14246
f 14263 14259 14237
f 14256 14261 14265
f 14269 14262 14235
f 14271 14281 14264
f 14257 14267 14278
f 14266 14283 14277
f 14279 14284 14288
f 14286 14282 14272
f 14280 14290 14301
f 14292 14285 14270
f 14294 14304 14287
f 14289 14306 14300
f 14309 14305 14295
f 14302 14307 14311
f 14328 14308 14293
f 14303 14313 14321
f 14319 14312 14325
f 14330 14323 14310
f 14329 14334 14343
f 14337 14332 14327
f 14337 14327 14340
f 14340 14327 14291
f 14345 14324 14331
f 14336 14349 14344
f 14320 14346 14352
f 14326 14347 14322
f 14350 14364 14358
f 14318 14351 14359
f 14335 14362 14348
f 14357 14363 14374
f 14367 14360 14333
f 14369 14371 14361
f 14356 14373 14382
f 14385 14370 14368
f 14372 14387 14381
f 14390 14383 14366
f 14392 14394 14384
f 14380 14386 14397
f 14408 14393 14391
f 14379 14396 14405
f 14395 14410 14404
f 14403 14409 14415
f 14418 14406 14389
f 14420 14412 14407
f 14423 14432 14417
f 14426 14421 14416
f 14426 14416 14429
f 14429 14416 14388
f 14434 14411 14419
f 14413 14436 14443
f 14442 14435 14449
f 14425 14446 14433
f 14441 14448 14457
f 14460 14445 14424
f 14447 14462 14456
f 14465 14458 14422
f 14467 14469 14459
f 14455 14461 14472
f 14470 14485 14479
f 14454 14471 14480
f 14483 14468 14466
f 14489 14481 14464
f 14490 14492 14482
f 14478 14484 14495
f 14498 14491 14488
f 14476 14494 12409
f 14493 14500 12408
f 12376 14496 14487
f 12406 14499 12387
f 12377 12384 14497
f 14501 14486 14463
f 14504 14486 14501
f 14504 12373 14486
f 13309 14506 13177
f 13307 12372 14505
f 12370 12373 14504
f 13177 14506 14502
f 13143 14503 14508
f 13178 14503 13143
f 14501 14463 14507
f 13144 14509 13150
f 14507 14463 14421
f 14507 14421 14426
f 13150 14509 14427
f 12407 14525 14473
f 14475 14520 14513
f 14477 14514 14450
f 14474 14526 14519
f 14531 14517 14523
f 14529 14521 14535
f 14536 14522 14539
f 12405 14541 14524
f 14546 14538 12398
f 14534 14537 14545
f 12403 12401 14540
f 14544 12396 14550
f 14548 14553 14542
f 14543 14554 14556
f 14543 14556 14532
f 14555 14552 12579
f 12579 14558 14555
f 14533 14557 14559
f 12579 12599 14558
f 14528 14560 12600
f 14533 14559 14527
f 12579 14552 14561
f 14548 14563 14553
f 12579 14561 12466
f 12466 14561 14564
f 12423 14566 14562
f 12423 14562 14547
f 12466 14564 12460
f 12428 12462 14565
f 12428 14565 12421
f 14551 12397 12412
f 14549 12410 12424
f 14528 12600 14567
f 14569 14516 14530
f 14568 12597 14572
f 14574 14510 14570
f 14571 14511 14518
f 14568 12601 12597
f 14576 14578 14512
f 14584 14577 14575
f 14573 12598 12594
f 14573 12594 14582
f 14583 12609 14587
f 14589 14592 14585
f 14586 14593 14579
f 14583 12595 12609
f 14437 14596 14601
f 14591 14599 14594
f 14452 14581 14595
f 14453 14597 14438
f 14439 14602 14606
f 14613 14604 14600
f 14611 14598 14590
f 14610 14620 14614
f 14616 14603 14612
f 14588 12606 14609
f 14610 12607 14620
f 14615 14621 14623
f 14622 14619 12602
f 12602 14619 12605
f 12602 14625 14622
f 14629 14624 14626
f 14615 14623 14628
f 14629 14626 14633
f 14635 14638 14631
f 14632 14639 14646
f 14630 14644 14617
f 14618 14645 14605
f 14398 14607 14647
f 14400 14648 14641
f 14375 14642 14652
f 14637 14650 14640
f 14401 14643 14376
f 14377 14653 14657
f 14664 14655 14651
f 14662 14649 14636
f 14661 12647 14665
f 14667 14654 14663
f 14634 14671 14660
f 14661 14672 12647
f 12602 14670 14625
f 12626 14670 12602
f 12626 12646 14670
f 14634 14627 14671
f 14669 14674 14656
f 14681 14673 14668
f 14666 12648 12650
f 14666 12650 14679
f 14680 12653 14684
f 14686 14689 14682
f 14683 14690 14675
f 14680 12651 12653
f 14315 14692 14697
f 14687 14694 14691
f 14317 14678 14693
f 14699 14704 14299
f 14708 14701 14696
f 14707 14695 14688
f 14298 14316 14698
f 14706 14717 14711
f 14714 14702 14709
f 14685 12659 14705
f 14706 12660 14717
f 14710 14716 14720
f 14715 12678 14718
f 12658 12661 14715
f 14715 12661 12678
f 14718 12678 12047
f 14718 12047 12044
f 14710 14720 14725
f 12044 14721 14718
f 14724 14719 14723
f 14724 14723 14730
f 14733 14735 14726
f 14727 14736 14739
f 14728 14740 14712
f 14713 14741 14700
f 14297 14703 14743
f 14296 14742 14275
f 14276 14744 14738
f 14274 14737 14749
f 14732 14747 14734
f 14750 14755 14253
f 14759 14753 14745
f 14760 14746 14731
f 14252 14273 14748
f 14756 14771 14762
f 14765 14752 14758
f 14729 14768 14757
f 14756 14767 14771
f 14761 14770 14774
f 12044 14772 14769
f 14769 14766 12044
f 14761 14774 14779
f 12044 14775 14772
f 14778 14773 14777
f 14778 14777 14784
f 14787 14789 14780
f 14781 14790 14793
f 14782 14794 14763
f 14764 14795 14751
f 14251 14754 14797
f 14250 14796 14218
f 14219 14798 14792
f 14217 14791 14803
f 14786 14801 14788
f 14804 14809 14202
f 14813 14807 14799
f 14814 14800 14785
f 14200 14216 14802
f 14810 14825 14816
f 14819 14806 14812
f 14783 14822 14811
f 14810 14821 14825
f 14815 14824 14828
f 12044 14826 14823
f 14823 14820 12044
f 14815 14828 14833
f 12044 14829 14826
f 14832 14827 14831
f 14832 14831 14838
f 14841 14843 14834
f 14835 14844 14847
f 14836 14848 14817
f 14818 14849 14805
f 14199 14808 14852
f 14198 14850 14177
f 14180 14851 14846
f 14176 14845 14858
f 14840 14855 14842
f 14857 14863 14147
f 14867 14861 14853
f 14868 14854 14839
f 14145 14175 14856
f 14864 14879 14870
f 14873 14860 14866
f 14837 14876 14865
f 14864 14875 14879
f 14869 14878 14885
f 14877 14874 14880
f 14880 14883 14877
f 14869 14885 14890
f 14889 14884 14888
f 14880 14886 14883
f 14889 14888 14895
f 14898 14900 14891
f 14892 14901 14904
f 14893 14905 14871
f 14872 14906 14859
f 14143 14862 14909
f 14141 14907 14128
f 14129 14908 14903
f 14126 14902 14915
f 14897 14912 14899
f 14914 14920 14098
f 14924 14918 14910
f 14925 14911 14896
f 14097 14123 14913
f 14921 11611 11605
f 11608 14917 14923
f 14894 11620 14922
f 14921 11619 11611
f 14096 14919 14931
f 11607 14928 14916
f 11590 14927 11606
f 14093 14929 14079
f 14080 14930 11585
f 11589 11583 14926
f 14894 14887 11620
f 11615 11618 14886
f 11615 14886 14880
f 11631 11617 14882
f 14880 14874 14829
f 14880 14829 12044
f 14934 14881 12046
f 11630 14881 14934
f 11650 14933 14938
f 11651 11632 14935
f 14932 12045 12058
f 14938 14933 12059
f 14936 11836 11649
f 14936 12064 11836
f 14937 12057 12065
f 14837 14830 14876
f 14820 14775 12044
f 14783 14776 14822
f 12044 14766 14721
f 14729 14722 14768
f 14685 12654 12659
f 14353 14658 14676
f 14354 14677 14314
f 14378 14659 14355
f 14440 14608 14399
f 14588 12610 12606
f 14451 14515 14580
f 14402 14414 14444
f 14939 14431 14952
f 14945 14431 14939
f 14944 14428 14430
f 14429 14388 14951
f 14951 14388 14365
f 14951 14365 14954
f 14957 14953 14955
f 14940 14953 14957
f 14967 14943 14959
f 14968 14960 14972
f 14961 12964 14973
f 14958 14956 14975
f 14979 12951 14963
f 14962 12950 12965
f 12920 12945 14976
f 14977 14985 12921
f 14974 14338 14981
f 14978 12946 12949
f 14975 14956 14339
f 14984 12912 12919
f 14980 14341 12870
f 12874 12908 14983
f 14982 12907 12911
f 14981 14338 14342
f 12976 14965 14969
f 12959 14970 12962
f 12977 14971 12960
f 12984 13010 14964
f 13012 14942 14966
f 12985 14965 12976
f 14954 14365 14332
f 14954 14332 14337
f 13016 14950 13011
f 13014 13024 14948
f 14947 13022 13137
f 14946 13136 13154
f 13151 14428 14944
f 13009 14949 14941
f 12870 14341 14988
f 14340 14291 14986
f 14986 14291 14268
f 14986 14268 14989
f 12854 14987 14991
f 12869 14987 12854
f 14989 14268 14233
f 12848 14990 14240
f 12853 14990 12848
f 14989 14233 14238
f 14993 14242 15005
f 14997 14242 14993
f 14998 14239 14243
f 14241 14193 15003
f 15003 14193 14158
f 15008 15004 14165
f 14992 15004 15008
f 15003 14158 14163
f 15011 15014 14994
f 15010 15032 15013
f 15006 14164 15021
f 15023 15026 15007
f 15009 15028 15030
f 15041 15029 15027
f 15037 15012 15031
f 15036 15029 15041
f 15040 15024 15045
f 15049 15033 15039
f 15054 15038 15044
f 15048 15038 15054
f 11750 15051 15056
f 11738 15051 11750
f 15053 15042 15058
f 11739 15046 15052
f 11758 15055 15061
f 15057 15063 15062
f 11749 15055 11758
f 15058 15042 15065
f 15043 15075 15066
f 15062 15063 15069
f 15064 15071 15070
f 15066 15075 15073
f 15074 15076 15020
f 15022 15078 15025
f 15045 15024 15077
f 15072 15017 15082
f 15070 15071 15081
f 15080 15084 15090
f 15083 15019 15086
f 15095 15079 15089
f 15068 15079 15095
f 15097 15092 15099
f 15103 15067 15094
f 15108 15096 15098
f 15105 15096 15108
f 11803 15107 15110
f 11793 15107 11803
f 11792 15104 15106
f 15109 15100 15112
f 15113 15116 15120
f 15112 15100 15114
f 11804 15111 11811
f 11811 15111 15118
f 15120 15116 15122
f 15121 15124 15132
f 11812 15119 15128
f 15128 15119 15130
f 15132 15124 15134
f 15133 15135 15140
f 15129 15131 11848
f 11848 15131 15138
f 11852 15139 15147
f 11849 15139 11852
f 15140 15135 15142
f 15141 15144 15150
f 11860 15148 15152
f 15151 15157 15154
f 11853 15148 11860
f 15149 15143 15156
f 15158 15162 15169
f 15146 15162 15158
f 15154 15157 15164
f 15159 15171 15166
f 15173 15180 15183
f 15170 15163 15178
f 15167 15172 15182
f 15181 15179 15188
f 15185 15189 15192
f 15198 15184 15191
f 15168 15184 15198
f 15199 15194 15202
f 15206 15165 15196
f 15210 15197 15200
f 15207 15197 15210
f 11899 15209 15212
f 11889 15209 11899
f 11888 15205 15208
f 15211 15201 15214
f 15215 15217 15222
f 15214 15201 15216
f 11900 15213 11907
f 11907 15213 15220
f 15222 15217 15224
f 15223 15225 15235
f 11908 15221 15231
f 15231 15221 15233
f 15235 15225 15237
f 15236 15238 15243
f 15232 15234 15247
f 15247 15234 15241
f 11929 15229 15245
f 11931 15246 15251
f 15251 15246 15253
f 15248 15242 15255
f 15259 15254 15261
f 15252 15254 15259
f 15256 15266 15263
f 15255 15242 15265
f 15263 15266 15269
f 15268 15278 15271
f 15267 15274 15277
f 15244 15274 15267
f 15280 15283 15292
f 15279 15288 15281
f 15276 15288 15279
f 15271 15278 15290
f 15293 15296 15301
f 15292 15283 15294
f 15306 15291 15299
f 15272 15291 15306
f 15310 15270 15303
f 15311 15305 15315
f 15307 15300 15319
f 15314 15304 15317
f 15323 15318 15329
f 15316 15318 15323
f 15319 15300 15325
f 15320 15326 15331
f 15340 15330 15334
f 15332 15342 15336
f 15324 15330 15340
f 15331 15326 15341
f 15328 15358 15343
f 15336 15342 15347
f 15344 15353 15350
f 15343 15358 15351
f 15365 15354 15361
f 15364 15359 15371
f 15372 15360 15376
f 15327 15374 15357
f 15301 15296 15373
f 15370 15375 15298
f 15302 15374 15327
f 15378 13907 15367
f 15381 15369 15295
f 15368 13910 15362
f 15367 13907 13909
f 15384 13969 15377
f 15379 15286 15388
f 15297 15284 15382
f 15380 15282 15289
f 15377 13969 13906
f 15392 13966 15383
f 15399 15396 15385
f 15401 15386 15403
f 15387 15407 15405
f 15389 15287 15409
f 15383 13966 13968
f 15275 15408 15285
f 15240 15408 15275
f 15239 15404 15406
f 15226 15400 15402
f 15227 15404 15239
f 15413 15395 15398
f 15218 15412 15397
f 15219 15400 15226
f 15202 15194 15410
f 15195 15394 15411
f 15203 15412 15218
f 15193 15190 15393
f 15390 15416 13965
f 15187 15417 15391
f 15186 15420 15415
f 15418 13994 15414
f 15414 13994 13959
f 15414 13959 13964
f 15418 14017 13994
f 14065 14017 15418
f 15176 15420 15186
f 15174 14067 15419
f 15363 13862 15422
f 15425 15355 15366
f 15362 13910 13861
f 15421 13864 15428
f 15433 15437 15423
f 15438 15442 15424
f 15426 15443 15356
f 15422 13862 13865
f 15449 15440 15435
f 15349 15352 15441
f 15348 15439 15448
f 15447 15434 15453
f 15457 15345 15446
f 15462 15444 15451
f 15456 15445 15463
f 15467 15459 15469
f 15474 15459 15467
f 15475 15454 15460
f 15461 15450 15471
f 15478 15454 15475
f 15483 15476 15473
f 15482 15472 15487
f 15487 15472 15465
f 12126 15484 12130
f 12127 15480 15485
f 12130 15484 12138
f 15486 15464 12140
f 12123 15480 12127
f 12124 15488 15481
f 15490 15476 15483
f 12121 15492 15489
f 15494 15337 15491
f 15491 15337 15477
f 12120 15488 12124
f 15495 15322 15338
f 15502 15322 15495
f 15497 15492 12121
f 15498 15500 15493
f 15505 15500 15498
f 15504 15507 15499
f 15501 15313 15321
f 15509 15313 15501
f 15511 15514 15506
f 15512 15507 15504
f 15516 15309 15508
f 15508 15309 15312
f 15519 15514 15511
f 15518 15258 15513
f 15260 15262 15515
f 15515 15262 15308
f 11937 15258 15518
f 11336 11935 15517
f 11336 15517 11325
f 11325 15517 15510
f 15510 15503 11315
f 11325 15510 11315
f 11315 15503 15496
f 11315 15496 11318
f 11318 15496 12119
f 15339 15333 15479
f 15479 15333 15455
f 15470 15520 15527
f 15471 15450 15521
f 15466 15468 12148
f 12148 15468 15525
f 15527 15520 15529
f 15526 15528 15535
f 12147 15524 12152
f 12152 15524 15533
f 15535 15528 15537
f 15534 15536 15544
f 12151 15532 12160
f 12160 15532 15542
f 12182 15541 15550
f 12159 15540 12181
f 15544 15536 15546
f 15543 15545 15552
f 12186 15549 15554
f 15551 15557 15556
f 12180 15549 12186
f 15552 15545 15558
f 15561 15563 15569
f 15547 15562 15560
f 15559 15567 15575
f 15556 15557 15573
f 15575 15567 15578
f 15574 15576 15583
f 15587 15572 15581
f 15555 15572 15587
f 12194 15553 15585
f 15595 15584 15589
f 15586 15580 15591
f 12193 15584 15595
f 12198 12191 15593
f 12197 15592 15599
f 15599 15592 15601
f 15594 15588 15603
f 15607 15600 15609
f 15598 15600 15607
f 15602 15612 15611
f 15603 15588 15613
f 15614 15616 15623
f 15615 15624 15617
f 15611 15612 15621
f 15590 15624 15615
f 15626 15628 15619
f 15627 15633 15630
f 15591 15580 15625
f 15582 15633 15627
f 15641 15636 15577
f 15639 15631 15634
f 15583 15576 15635
f 15568 15642 15579
f 15570 15652 15643
f 15637 13592 15645
f 15649 15632 15640
f 15638 13589 13593
f 15650 13589 15638
f 15656 15667 15651
f 15664 15658 15655
f 15662 15654 15566
f 15564 15653 15571
f 15651 15667 13590
f 15657 15670 15668
f 15669 15672 15666
f 15666 15672 13583
f 15666 13583 13588
f 13842 13812 15674
f 15669 13841 15672
f 15673 13642 13585
f 13813 13648 15676
f 15675 13647 13644
f 13863 13841 15669
f 15427 15670 15657
f 15428 13864 15671
f 15539 15677 15663
f 15678 15659 15665
f 15548 15661 15565
f 15538 15661 15548
f 15681 15430 15660
f 15684 15429 15680
f 15530 15677 15539
f 15531 15682 15679
f 15685 15688 15431
f 15523 15686 15683
f 15522 15682 15531
f 15432 15689 15436
f 15453 15434 15687
f 15452 15686 15523
f 15648 15698 15629
f 15644 15700 13461
f 13464 15694 15647
f 15646 15693 15696
f 15645 13592 15701
f 15699 13550 13527
f 13591 13550 15699
f 15699 13527 13471
f 13461 15700 13473
f 15706 15695 15692
f 15618 15695 15706
f 15619 15628 15697
f 15623 15616 15704
f 15714 15702 15708
f 15705 15690 15710
f 15622 15703 15715
f 15713 15707 15723
f 15718 15711 15727
f 15719 15620 15712
f 15727 15711 15721
f 15731 15716 15725
f 15730 15724 12495
f 12495 15724 12501
f 15726 15720 12503
f 15738 15732 15729
f 15734 15716 15731
f 15737 15728 12485
f 12485 15728 12493
f 12212 15732 15738
f 12211 15736 12214
f 12214 15736 12483
f 12213 15604 15733
f 15606 15608 15735
f 15735 15608 15717
f 12503 15720 13427
f 15723 15707 13437
f 15722 13436 13430
f 15610 15620 15719
f 15709 13449 13439
f 15710 15690 13452
f 13463 13453 15691
f 12209 15604 12213
f 12210 15596 15605
f 12203 15596 12210
f 12204 12195 15597
f 12185 15553 12194
f 12140 15464 12146
f 15335 15346 15458
f 15264 15270 15310
f 15243 15238 15273
f 11936 15250 15257
f 11925 15250 11936
f 11924 11928 15249
f 11911 11906 15228
f 11912 15230 11930
f 11884 15153 15204
f 15155 15165 15206
f 11885 15205 11888
f 15177 15161 15743
f 15175 15741 15748
f 15746 14067 15174
f 15747 15740 15753
f 15745 15749 15759
f 15744 14064 14066
f 15757 14064 15744
f 15087 14116 15754
f 15091 15088 15755
f 15093 15756 15762
f 15758 15766 15764
f 15760 15751 15768
f 15754 14116 14063
f 15123 15767 15750
f 15117 15767 15123
f 15115 15763 15765
f 15099 15092 15761
f 15101 15763 15115
f 15136 15752 15739
f 15125 15752 15136
f 15145 15742 15160
f 15137 15742 15145
f 11861 15153 11884
f 11815 11810 15126
f 11816 15127 11828
f 11828 15127 11846
f 11787 15059 15102
f 15060 15067 15103
f 11789 15104 11792
f 15085 14167 14115
f 15018 14167 15085
f 11756 15059 11787
f 15771 15034 15050
f 11734 15046 11739
f 11735 15769 15047
f 15772 15773 15035
f 15779 15773 15772
f 11707 15769 11735
f 11708 15777 15770
f 15780 15785 15774
f 11699 15777 11708
f 11700 15781 15778
f 15783 15785 15780
f 15787 15789 15776
f 15788 15794 15791
f 15800 15794 15788
f 15784 15798 15786
f 15801 15802 15796
f 12836 15802 15801
f 15811 12834 15799
f 15809 15798 15784
f 11681 12825 15808
f 12827 12833 15810
f 11689 15807 15782
f 11680 15807 11689
f 15805 12839 12849
f 12850 15002 15806
f 15001 15797 15803
f 12837 12838 15804
f 14999 15792 15795
f 15776 15789 15015
f 14995 15016 15790
f 14996 15793 15000
f 11688 15781 11700
f 15775 15012 15037
f 15021 14164 14168
f 12847 14239 14998
f 14166 14109 14114
f 14114 14057 14062
f 14078 11584 11575
f 14041 14075 11572
f 14044 11542 14023
f 14043 11569 11540
f 11571 11568 14040
f 14022 11541 11530
f 14024 11531 11524
f 14000 14026 11526
f 14003 11487 13976
f 14001 11498 11486
f 11525 11497 13999
f 13977 11488 11481
f 13942 13979 15816
f 13978 11482 15815
f 15817 11446 13943
f 11451 11443 15814
f 11450 15813 11466
f 11465 15812 11480
f 13967 13900 13905
f 13945 11436 13924
f 13944 11447 11435
f 13925 11437 11430
f 13917 13927 15822
f 13926 11431 15821
f 15827 13918 15823
f 11406 15824 15820
f 11405 15819 11415
f 11414 15818 11429
f 15832 13919 15828
f 11395 15829 15826
f 11394 15825 11407
f 11378 15830 11396
f 15833 13872 13920
f 11374 13873 15834
f 11379 11371 15831
f 13876 13893 13923
f 13908 13855 13860
f 13875 11359 13825
f 13875 11365 11359
f 11375 11364 13874
f 13844 13831 13814
f 13826 11360 11263
f 13643 13600 13587
f 13471 13527 13477
f 13469 13413 13441
f 13467 13401 13411
f 13417 13440 13412
f 12502 13426 12507
f 12541 13389 12547
f 13354 13383 13339
f 13384 13337 13340
f 13201 13313 13174
f 13199 13301 13311
f 13172 13312 13179
f 13204 13300 13198
f 12574 13271 13264
f 11978 12572 13263
f 13193 13164 13109
f 13105 13191 13107
f 13109 13164 13116
f 13027 13135 13021
f 11978 13092 13073
f 13068 13085 13037
f 13087 13034 13039
f 13069 13038 13047
f 12704 12987 12710
f 12925 12943 12918
f 12724 12934 12746
f 12887 12904 12877
f 12873 12878 12905
f 12760 12896 12772
f 11672 12825 11681
f 12784 12777 12796
f 11649 12755 12766
f 12736 12755 11649
f 12729 12722 12744
f 11649 12027 12693
f 12693 12027 12034
f 12669 12640 12638
f 11969 11978 12629
f 12585 12580 12468
f 12531 12584 12526
f 12582 12467 12471
f 12525 12583 12472
f 12519 12512 12542
f 12524 12470 12478
f 12477 12489 12523
f 12436 12461 12426
f 12263 12245 12243
f 12217 12102 12109
f 11963 12102 12217
f 12164 12157 12179
f 11963 11966 12102
f 11836 12064 11839
f 12053 12010 12013
f 11649 11836 12027
f 11870 12021 11838
f 11298 11304 12004
f 12004 11304 12001
f 11456 11957 11397
f 11946 11869 11916
f 11916 11869 11875
f 11916 11875 11894
f 11864 11859 11882
f 11833 11869 11836
f 11776 11779 11798
f 11760 11755 11786
f 11722 11725 11766
f 11766 11725 11744
f 11712 11705 11733
f 11718 11625 11635
f 11634 11646 11694
f 11551 11557 11594
f 11546 11537 11567
f 11502 11494 11523
f 11456 11470 11507
f 11397 11419 11456
f 11257 11260 11358

