# https://github.com/mikedh/trimesh
v -0.00848895 -0.10184662 0.03741777
v -0.00848944 -0.10178756 0.03741580
v -0.00858486 -0.09591810 0.03687053
v -0.00832354 -0.09595482 0.03660626
v -0.00827069 -0.10185233 0.03715304
v -0.00834075 -0.12428235 0.03717554
v -0.00839249 -0.11307021 0.03762404
v -0.00848895 -0.10184662 0.03741777
v -0.00827069 -0.10185233 0.03715304
v -0.00804459 -0.12422938 0.03697145
v -0.00816135 -0.11301760 0.03737114
v -0.00863355 -0.12559629 0.03564513
v -0.00849225 -0.12554409 0.03597568
v -0.00835423 -0.12540711 0.03628281
v -0.00822970 -0.12519280 0.03654756
v -0.00812986 -0.12491311 0.03675586
v -0.00806529 -0.12458608 0.03689875
v -0.00804459 -0.12422938 0.03697145
v -0.00816135 -0.11301760 0.03737114
v -0.00827069 -0.10185233 0.03715304
v -0.00925535 -0.10183495 0.03615195
v -0.01009671 -0.10181746 0.03488530
v -0.01075097 -0.10179950 0.03339910
v -0.01134916 -0.10177114 0.03085705
v -0.01159526 -0.10174111 0.02800147
v -0.01103086 -0.11335709 0.02936145
v -0.00954367 -0.12575039 0.03083556
v -0.00935903 -0.12566840 0.03293054
v -0.00911970 -0.12563994 0.03416035
v -0.00962412 -0.10730620 0.03566866
v -0.01052310 -0.10932911 0.03372748
v -0.01031923 -0.11318214 0.03389916
v -0.01027825 -0.11942915 0.03198292
v -0.00965729 -0.11682614 0.03506785
v -0.00975148 -0.12102397 0.03384846
v -0.01001120 -0.11874251 0.03368945
v -0.01123840 -0.10544964 0.03110312
v -0.01069790 -0.10448378 0.03348338
v -0.01059305 -0.11507830 0.03240419
v -0.00981487 -0.12573687 0.03309379
v -0.00982337 -0.12573814 0.03309618
v -0.00935903 -0.12566840 0.03293054
v -0.00911970 -0.12563994 0.03416035
v -0.00863355 -0.12559629 0.03564513
v -0.00904083 -0.12564459 0.03593854
v -0.00960116 -0.12570555 0.03424281
v -0.01007403 -0.12617001 0.01870441
v -0.01055927 -0.12624784 0.01872175
v -0.00954367 -0.12575039 0.03083556
v -0.00935903 -0.12566840 0.03293054
v -0.00935903 -0.12566840 0.03293054
v -0.00981487 -0.12573687 0.03309379
v -0.00981487 -0.12573687 0.03309379
v -0.01003642 -0.12583165 0.03072903
v -0.01003642 -0.12583165 0.03072903
v -0.00954369 -0.12575039 0.03083557
v -0.00954369 -0.12575039 0.03083557
v -0.01019048 -0.12617428 0.01503222
v -0.01067585 -0.12625208 0.01504586
v -0.01007403 -0.12617001 0.01870441
v -0.01055927 -0.12624784 0.01872175
v -0.01087149 -0.12627498 -0.00037238
v -0.01067585 -0.12625208 0.01504586
v -0.01019048 -0.12617428 0.01503222
v -0.01038592 -0.12619719 -0.00037145
v -0.01038399 -0.12619838 -0.00104854
v -0.01038399 -0.12619838 -0.00104854
v -0.01086957 -0.12627618 -0.00105010
v -0.01038592 -0.12619719 -0.00037145
v -0.01087149 -0.12627498 -0.00037238
v -0.01087149 -0.12627498 -0.00037238
v -0.01038936 -0.12606570 -0.00377236
v -0.01087501 -0.12614303 -0.00377645
v -0.01038399 -0.12619838 -0.00104854
v -0.01086957 -0.12627618 -0.00105010
v -0.01063632 -0.12540768 -0.01893449
v -0.01087501 -0.12614303 -0.00377645
v -0.01038936 -0.12606570 -0.00377236
v -0.01015057 -0.12533285 -0.01891562
v -0.01012004 -0.12528759 -0.01985640
v -0.01012004 -0.12528759 -0.01985640
v -0.01060580 -0.12536228 -0.01987626
v -0.01015057 -0.12533285 -0.01891562
v -0.01063632 -0.12540768 -0.01893449
v -0.01063632 -0.12540768 -0.01893449
v -0.01004778 -0.12501824 -0.02245049
v -0.01053359 -0.12509201 -0.02247313
v -0.01012004 -0.12528759 -0.01985640
v -0.01060580 -0.12536228 -0.01987626
v -0.01026311 -0.12437300 -0.02939581
v -0.01026311 -0.12437300 -0.02939581
v -0.01053359 -0.12509201 -0.02247313
v -0.01004778 -0.12501824 -0.02245049
v -0.00977580 -0.12429834 -0.02939745
v -0.00977580 -0.12429834 -0.02939745
v -0.01026157 -0.12436966 -0.02942801
v -0.00887693 -0.12352182 -0.03776739
v -0.00990232 -0.12393397 -0.03365635
v -0.01026157 -0.12436966 -0.02942801
v -0.00977580 -0.12429834 -0.02939745
v -0.00942522 -0.12387139 -0.03354907
v -0.00903128 -0.12366499 -0.03559362
v -0.00842027 -0.12346757 -0.03759026
v -0.00780429 -0.12333192 -0.03899155
v -0.00820547 -0.12337270 -0.03928499
v -0.00842027 -0.12346757 -0.03759026
v -0.00887693 -0.12352182 -0.03776739
v -0.00718776 -0.12196965 -0.04020979
v -0.00728366 -0.11194204 -0.04060726
v -0.00738809 -0.10183169 -0.04032623
v -0.01159526 -0.10174110 -0.02673591
v -0.01087476 -0.10180120 -0.03346183
v -0.01006318 -0.10181545 -0.03637618
v -0.00921321 -0.10182126 -0.03819011
v -0.00835729 -0.10182561 -0.03940420
v -0.01108228 -0.11267247 -0.02801497
v -0.00977580 -0.12429834 -0.02939745
v -0.00942522 -0.12387139 -0.03354907
v -0.00903128 -0.12366499 -0.03559362
v -0.00842027 -0.12346757 -0.03759026
v -0.00780429 -0.12333192 -0.03899155
v -0.00720774 -0.12231066 -0.04014115
v -0.00727131 -0.12262725 -0.04000831
v -0.00737157 -0.12290043 -0.03981707
v -0.00750008 -0.12311619 -0.03957545
v -0.00764740 -0.12326252 -0.03929538
v -0.00856465 -0.11947215 -0.03821527
v -0.00981611 -0.11626866 -0.03548165
v -0.00857274 -0.11752817 -0.03851297
v -0.00811889 -0.11744554 -0.03932610
v -0.01006384 -0.11266529 -0.03543357
v -0.01039765 -0.10900441 -0.03479426
v -0.00881744 -0.10698236 -0.03879699
v -0.00965542 -0.10531614 -0.03726537
v -0.00943068 -0.10706850 -0.03768850
v -0.00888745 -0.11231559 -0.03845946
v -0.00758650 -0.10182245 -0.04058679
v -0.00752211 -0.11192442 -0.04086333
v -0.00750571 -0.12201651 -0.04043915
v -0.00718776 -0.12196965 -0.04020979
v -0.00728366 -0.11194204 -0.04060726
v -0.00738809 -0.10183169 -0.04032623
v -0.00770798 -0.08034316 -0.03975703
v -0.00758687 -0.10177195 -0.04058460
v -0.00758650 -0.10182245 -0.04058679
v -0.00738809 -0.10183169 -0.04032623
v -0.00761431 -0.08037628 -0.03933828
v -0.00750002 -0.09109828 -0.03994074
v -0.00792868 -0.05888918 -0.03733480
v -0.00780345 -0.07000338 -0.03877408
v -0.00770846 -0.08028035 -0.03975232
v -0.00770798 -0.08034316 -0.03975703
v -0.00761431 -0.08037628 -0.03933828
v -0.00785694 -0.05895528 -0.03688092
v -0.00773142 -0.06986578 -0.03830387
v -0.00799562 -0.05345587 -0.03624764
v -0.00792919 -0.05884540 -0.03732835
v -0.00792919 -0.05884540 -0.03732835
v -0.00792868 -0.05888918 -0.03733480
v -0.00785694 -0.05895528 -0.03688092
v -0.00785694 -0.05895528 -0.03688092
v -0.00792257 -0.05361278 -0.03581878
v -0.00832354 -0.09595482 0.03660626
v -0.00835314 -0.09562510 0.03653877
v -0.00843392 -0.09531845 0.03641937
v -0.00855861 -0.09505272 0.03625243
v -0.00981081 -0.09533147 0.03455352
v -0.01072572 -0.09542896 0.03263335
v -0.01134223 -0.09539031 0.03059246
v -0.01183514 -0.09513197 0.02720867
v -0.01159526 -0.10174111 0.02800147
v -0.00827069 -0.10185233 0.03715304
v -0.00925535 -0.10183495 0.03615195
v -0.01009671 -0.10181746 0.03488530
v -0.01075097 -0.10179950 0.03339910
v -0.01134916 -0.10177114 0.03085705
v -0.00855861 -0.09505272 0.03625243
v -0.00981081 -0.09533147 0.03455352
v -0.01072572 -0.09542896 0.03263335
v -0.01134223 -0.09539031 0.03059246
v -0.01132868 -0.09460575 0.03062031
v -0.00920212 -0.09460577 0.03539470
v -0.01009275 -0.09460584 0.03393239
v -0.01077909 -0.09460593 0.03238693
v -0.00872793 -0.09483048 0.03603136
v -0.00892405 -0.09468009 0.03577330
v -0.00906204 -0.09462449 0.03558761
v -0.00920212 -0.09460577 0.03539470
v -0.00957376 -0.09456941 0.03576658
v -0.01009275 -0.09460584 0.03393239
v -0.01077909 -0.09460593 0.03238693
v -0.01132868 -0.09460575 0.03062031
v -0.01184956 -0.09461005 0.03075084
v -0.01054734 -0.09457676 0.03419952
v -0.01130036 -0.09459150 0.03251409
v -0.01132868 -0.09460575 0.03062031
v -0.01184956 -0.09461005 0.03075084
v -0.01137797 -0.09460575 0.03041846
v -0.01190044 -0.09461227 0.03054270
v -0.01137797 -0.09460575 0.03041846
v -0.01190044 -0.09461227 0.03054270
v -0.01185201 -0.09421403 0.02764701
v -0.01165836 -0.09450617 0.02900912
v -0.01239063 -0.09425905 0.02770117
v -0.01238980 -0.09426071 0.02770742
v -0.01218008 -0.09453406 0.02912975
v -0.01185201 -0.09421403 0.02764701
v -0.01239063 -0.09425905 0.02770117
v -0.01190090 -0.09409347 0.02724039
v -0.01244687 -0.09414592 0.02728808
v -0.01190090 -0.09409347 0.02724039
v -0.01244687 -0.09414592 0.02728808
v -0.01239899 -0.09272408 0.02363639
v -0.01280405 -0.09163841 0.02151133
v -0.01330186 -0.09035716 0.01945151
v -0.01383271 -0.09056402 0.01945233
v -0.01372951 -0.09081155 0.01983551
v -0.01378176 -0.09068960 0.01964287
v -0.01272296 -0.09346563 0.02520841
v -0.01317496 -0.09227370 0.02243302
v -0.01330186 -0.09035716 0.01945151
v -0.01383271 -0.09056402 0.01945233
v -0.01443855 -0.08773184 0.01615580
v -0.01491850 -0.08798435 0.01613083
v -0.01476827 -0.08831560 0.01650340
v -0.01443855 -0.08773184 0.01615580
v -0.01491850 -0.08798435 0.01613083
v -0.01896476 -0.08008844 0.01028392
v -0.01718163 -0.08270651 0.01184993
v -0.01569212 -0.08524798 0.01377522
v -0.01936591 -0.08042208 0.01021084
v -0.01933959 -0.08045654 0.01022951
v -0.01680217 -0.08433457 0.01274919
v -0.01896476 -0.08008844 0.01028392
v -0.01936591 -0.08042208 0.01021084
v -0.01916132 -0.07981912 0.01014346
v -0.01955959 -0.08014212 0.01007291
v -0.01916132 -0.07981912 0.01014346
v -0.01955959 -0.08014212 0.01007291
v -0.02317078 -0.06673805 0.00697614
v -0.02250558 -0.07146068 0.00736874
v -0.02123246 -0.07593619 0.00849571
v -0.02028796 -0.07800734 0.00929030
v -0.02364565 -0.06677917 0.00689873
v -0.02131345 -0.07697699 0.00872512
v -0.02245174 -0.07374227 0.00773692
v -0.02320092 -0.07031133 0.00711050
v -0.02081802 -0.07801565 0.00912792
v -0.02051467 -0.07858366 0.00936548
v -0.02317078 -0.06673805 0.00697614
v -0.02364565 -0.06677917 0.00689873
v -0.02218102 -0.05370862 0.00697602
v -0.02313625 -0.05944453 0.00697614
v -0.02331600 -0.06316241 0.00697598
v -0.02264415 -0.05359007 0.00694693
v -0.02372385 -0.06087986 0.00691235
v -0.02335064 -0.05720956 0.00692706
v -0.01190090 -0.09409347 0.02724039
v -0.01185201 -0.09421403 0.02764701
v -0.01183514 -0.09513197 0.02720867
v -0.01134223 -0.09539031 0.03059246
v -0.01132868 -0.09460575 0.03062031
v -0.01137797 -0.09460575 0.03041846
v -0.01165836 -0.09450617 0.02900912
v -0.02218102 -0.05370862 0.00697602
v -0.02209375 -0.05337307 0.00693566
v -0.02200422 -0.05305834 0.00681694
v -0.02191801 -0.05278000 0.00662608
v -0.02184061 -0.05255298 0.00637312
v -0.02177666 -0.05238953 0.00607240
v -0.02173613 -0.05230851 0.00579648
v -0.02170824 -0.05228073 0.00550672
v -0.02123010 -0.05228073 0.00136046
v -0.02221280 -0.06046731 0.00133015
v -0.02181414 -0.05658903 0.00073800
v -0.02153039 -0.05430368 0.00085483
v -0.02068073 -0.07658065 0.00705211
v -0.02176231 -0.07267513 0.00508132
v -0.02231343 -0.06825240 0.00345060
v -0.02240653 -0.06447739 0.00232669
v -0.02010939 -0.07795605 0.00805956
v -0.01989491 -0.07840604 0.00845029
v -0.01912504 -0.07981975 0.00994373
v -0.01916132 -0.07981912 0.01014346
v -0.02317078 -0.06673805 0.00697614
v -0.02250558 -0.07146068 0.00736874
v -0.02123246 -0.07593619 0.00849571
v -0.02028796 -0.07800734 0.00929030
v -0.02313625 -0.05944453 0.00697614
v -0.02331600 -0.06316241 0.00697598
v -0.02215488 -0.05215707 0.00546938
v -0.02168147 -0.05217928 0.00128875
v -0.02123010 -0.05228073 0.00136046
v -0.02170824 -0.05228073 0.00550672
v -0.02072357 -0.05219731 -0.00772328
v -0.02072487 -0.05219734 -0.00777820
v -0.02024425 -0.05228073 -0.00778982
v -0.02054659 -0.05228073 -0.00319694
v -0.02087089 -0.05228073 -0.00091573
v -0.02123010 -0.05228073 0.00136046
v -0.02168147 -0.05217928 0.00128875
v -0.02162334 -0.05218171 0.00090603
v -0.02089740 -0.05219960 -0.00428292
v -0.02072487 -0.05219734 -0.00777820
v -0.02072892 -0.05220866 -0.02050813
v -0.02024437 -0.05228073 -0.02049850
v -0.02024425 -0.05228073 -0.00778982
v -0.02072598 -0.05220877 -0.02065570
v -0.02031829 -0.05218720 -0.02521896
v -0.01928046 -0.05215038 -0.02837089
v -0.01780641 -0.05212663 -0.03070991
v -0.01598123 -0.05211843 -0.03252311
v -0.01383423 -0.05212042 -0.03392652
v -0.01165078 -0.05212539 -0.03487704
v -0.00936323 -0.05212914 -0.03553148
v -0.00929303 -0.05228069 -0.03511525
v -0.02024437 -0.05228073 -0.02049850
v -0.01989149 -0.05228073 -0.02493614
v -0.01892582 -0.05228073 -0.02804869
v -0.01751073 -0.05228073 -0.03036679
v -0.01574869 -0.05228073 -0.03215201
v -0.01364674 -0.05228073 -0.03354236
v -0.01152974 -0.05228073 -0.03447083
v -0.02072892 -0.05220866 -0.02050813
v -0.01912504 -0.07981975 0.00994373
v -0.01896476 -0.08008844 0.01028392
v -0.01916132 -0.07981912 0.01014346
v -0.01912504 -0.07981975 0.00994373
v -0.01702881 -0.08202036 0.00668169
v -0.01575501 -0.08405716 0.00402986
v -0.01418163 -0.08758366 0.00783017
v -0.01344768 -0.08990453 0.01064862
v -0.01311416 -0.09119601 0.01251818
v -0.01292017 -0.09198117 0.01407597
v -0.01344615 -0.08990352 0.01507154
v -0.01443855 -0.08773184 0.01615580
v -0.01896476 -0.08008844 0.01028392
v -0.01718163 -0.08270651 0.01184993
v -0.01569212 -0.08524798 0.01377522
v -0.01541878 -0.08468985 0.00705366
v -0.01526291 -0.08526075 0.00960111
v -0.01457368 -0.08675461 0.01069981
v -0.01251844 -0.09352837 0.01845969
v -0.01292017 -0.09198117 0.01407597
v -0.01330186 -0.09035716 0.01945151
v -0.01278855 -0.09198093 0.01893688
v -0.01443855 -0.08773184 0.01615580
v -0.01344615 -0.08990352 0.01507154
v -0.01004778 -0.12501824 -0.02245049
v -0.01012004 -0.12528759 -0.01985640
v -0.00977580 -0.12429834 -0.02939745
v -0.01159526 -0.10174110 -0.02673591
v -0.01108228 -0.11267247 -0.02801497
v -0.01225807 -0.10162230 -0.00829632
v -0.01232748 -0.10160986 0.00322842
v -0.01214305 -0.10164292 0.01475317
v -0.01159526 -0.10174111 0.02800147
v -0.01103086 -0.11335709 0.02936145
v -0.00954367 -0.12575039 0.03083556
v -0.01007403 -0.12617001 0.01870441
v -0.01019048 -0.12617428 0.01503222
v -0.01038592 -0.12619719 -0.00037145
v -0.01038399 -0.12619838 -0.00104854
v -0.01038936 -0.12606570 -0.00377236
v -0.01015057 -0.12533285 -0.01891562
v -0.01153130 -0.11294167 -0.01824801
v -0.01140580 -0.11731312 -0.01027269
v -0.01167791 -0.11308771 -0.01335443
v -0.01179800 -0.11342082 -0.00615042
v -0.01149186 -0.11758398 -0.00040400
v -0.01148874 -0.11762618 0.00069218
v -0.01184147 -0.11341505 -0.00009754
v -0.01206591 -0.10937825 -0.00292094
v -0.01183726 -0.11347765 0.00119753
v -0.01183685 -0.11347719 0.00151923
v -0.01146348 -0.11761846 0.00587306
v -0.01177423 -0.11347077 0.00883836
v -0.01125854 -0.11762698 0.01612327
v -0.01164263 -0.11348821 0.01489242
v -0.01197619 -0.10942283 0.01087581
v -0.01159132 -0.11349063 0.01663733
v -0.01144417 -0.11344065 0.02088115
v -0.01183514 -0.09513197 0.02720867
v -0.01217079 -0.09455864 0.02290032
v -0.01243516 -0.09382048 0.01947751
v -0.01251844 -0.09352837 0.01845969
v -0.01292017 -0.09198117 0.01407597
v -0.01239576 -0.09638078 0.01441293
v -0.01214305 -0.10164292 0.01475317
v -0.01159526 -0.10174111 0.02800147
v -0.01798834 -0.08021416 -0.02351842
v -0.01416285 -0.08709695 -0.02474242
v -0.01280688 -0.09113127 -0.02537028
v -0.01188042 -0.09669934 -0.02612422
v -0.01159526 -0.10174110 -0.02673591
v -0.01816797 -0.08032086 -0.01136206
v -0.01793258 -0.08035975 0.00060305
v -0.01705440 -0.08179373 0.00183003
v -0.01671232 -0.08236336 0.00236035
v -0.01575501 -0.08405716 0.00402986
v -0.01418163 -0.08758366 0.00783017
v -0.01344768 -0.08990453 0.01064862
v -0.01311416 -0.09119601 0.01251818
v -0.01292017 -0.09198117 0.01407597
v -0.01239576 -0.09638078 0.01441293
v -0.01214305 -0.10164292 0.01475317
v -0.01225807 -0.10162230 -0.00829632
v -0.01232748 -0.10160986 0.00322842
v -0.01228093 -0.09665510 -0.01711293
v -0.01339221 -0.09041312 -0.01510180
v -0.01523398 -0.08532883 -0.01812171
v -0.01453998 -0.08727156 -0.00573394
v -0.01334898 -0.09130793 -0.00266613
v -0.01359501 -0.09006299 -0.01000079
v -0.01402548 -0.08868018 -0.00035959
v -0.01312879 -0.09240817 -0.00181225
v -0.01275016 -0.09463009 0.00566388
v -0.01266946 -0.09565206 -0.00017628
v -0.01258928 -0.09596269 0.00709146
v -0.01309972 -0.09240875 0.00369761
v -0.01294625 -0.09300851 0.00736012
v -0.01341254 -0.09072124 0.00510610
v -0.01254449 -0.09605650 -0.00920214
v -0.01253843 -0.09671508 -0.00542062
v -0.01556843 -0.08492435 -0.01072633
v -0.01520624 -0.08568819 -0.00908193
v -0.01190090 -0.09409347 0.02724039
v -0.01239899 -0.09272408 0.02363639
v -0.01280405 -0.09163841 0.02151133
v -0.01330186 -0.09035716 0.01945151
v -0.01183514 -0.09513197 0.02720867
v -0.01217079 -0.09455864 0.02290032
v -0.01243516 -0.09382048 0.01947751
v -0.01251844 -0.09352837 0.01845969
v -0.01278855 -0.09198093 0.01893688
v -0.01912504 -0.07981975 0.00994373
v -0.01702881 -0.08202036 0.00668169
v -0.01575501 -0.08405716 0.00402986
v -0.01989491 -0.07840604 0.00845029
v -0.01671232 -0.08236336 0.00236035
v -0.01782411 -0.08074038 0.00474552
v -0.01671232 -0.08236336 0.00236035
v -0.01782411 -0.08074038 0.00474552
v -0.01989491 -0.07840604 0.00845029
v -0.02010939 -0.07795605 0.00805956
v -0.01705440 -0.08179373 0.00183003
v -0.01793258 -0.08035975 0.00060305
v -0.01705440 -0.08179373 0.00183003
v -0.02068073 -0.07658065 0.00705211
v -0.02010939 -0.07795605 0.00805956
v -0.01850753 -0.07957715 0.00363327
v -0.02024437 -0.05228073 -0.02049850
v -0.02101991 -0.05919043 -0.02119183
v -0.02120559 -0.06735640 -0.02198616
v -0.02050408 -0.07360957 -0.02260998
v -0.01944195 -0.07724656 -0.02305025
v -0.01798834 -0.08021416 -0.02351842
v -0.01816797 -0.08032086 -0.01136206
v -0.01793258 -0.08035975 0.00060305
v -0.01975799 -0.07676397 -0.00157669
v -0.02085212 -0.07265048 -0.00329798
v -0.02138586 -0.06751223 -0.00497766
v -0.02136213 -0.06225010 -0.00633336
v -0.02090694 -0.05682084 -0.00738178
v -0.02024425 -0.05228073 -0.00778982
v -0.02082389 -0.05586082 -0.01416116
v -0.02144569 -0.06494892 -0.01376681
v -0.02115440 -0.07086108 -0.01333917
v -0.01973538 -0.07707203 -0.00725189
v -0.02010895 -0.07601291 -0.01216694
v -0.01955522 -0.07739485 -0.01683946
v -0.02049870 -0.07450316 -0.01506381
v -0.01159526 -0.10174110 -0.02673591
v -0.01087476 -0.10180120 -0.03346183
v -0.01006318 -0.10181545 -0.03637618
v -0.00921321 -0.10182126 -0.03819011
v -0.00835729 -0.10182561 -0.03940420
v -0.00738809 -0.10183169 -0.04032623
v -0.01798834 -0.08021416 -0.02351842
v -0.01416285 -0.08709695 -0.02474242
v -0.01280688 -0.09113127 -0.02537028
v -0.01188042 -0.09669934 -0.02612422
v -0.01760054 -0.08016089 -0.02859180
v -0.01658607 -0.08015684 -0.03217549
v -0.01508442 -0.08018618 -0.03475793
v -0.01322965 -0.08023336 -0.03668033
v -0.01097617 -0.08029274 -0.03814813
v -0.00933320 -0.08033462 -0.03884729
v -0.00761431 -0.08037628 -0.03933828
v -0.00750002 -0.09109828 -0.03994074
v -0.00894226 -0.09645650 -0.03870519
v -0.01081996 -0.09470543 -0.03520905
v -0.00999676 -0.08546972 -0.03852651
v -0.01090073 -0.08538567 -0.03782495
v -0.01180960 -0.08529485 -0.03690275
v -0.01265588 -0.08959208 -0.03156086
v -0.01219400 -0.08890962 -0.03427705
v -0.01161478 -0.09097704 -0.03453077
v -0.01347034 -0.08579320 -0.03358302
v -0.00956027 -0.09281287 -0.03817058
v -0.00996166 -0.09101711 -0.03788954
v -0.01018512 -0.08999492 -0.03777551
v -0.01076820 -0.09030744 -0.03682270
v -0.01066929 -0.08837895 -0.03748913
v -0.01412284 -0.08639262 -0.02943583
v -0.01793258 -0.08035975 0.00060305
v -0.01975799 -0.07676397 -0.00157669
v -0.02085212 -0.07265048 -0.00329798
v -0.02138586 -0.06751223 -0.00497766
v -0.02136213 -0.06225010 -0.00633336
v -0.02152906 -0.06142572 -0.00272512
v -0.02221280 -0.06046731 0.00133015
v -0.02068073 -0.07658065 0.00705211
v -0.02176231 -0.07267513 0.00508132
v -0.02231343 -0.06825240 0.00345060
v -0.02240653 -0.06447739 0.00232669
v -0.01987718 -0.07687136 0.00253943
v -0.02101337 -0.07283146 0.00075316
v -0.02156798 -0.06807161 -0.00092452
v -0.00929303 -0.05228069 -0.03511525
v -0.00897034 -0.05231667 -0.03519959
v -0.00866892 -0.05242286 -0.03530004
v -0.00840355 -0.05259385 -0.03541143
v -0.00818733 -0.05282107 -0.03552794
v -0.00803054 -0.05309439 -0.03564387
v -0.00795180 -0.05334622 -0.03573510
v -0.00792257 -0.05361278 -0.03581878
v -0.00785694 -0.05895528 -0.03688092
v -0.02101991 -0.05919043 -0.02119183
v -0.02059466 -0.05914489 -0.02629951
v -0.01998966 -0.05912462 -0.02860206
v -0.01889219 -0.05910133 -0.03086897
v -0.01723674 -0.05907302 -0.03288020
v -0.01503744 -0.05903861 -0.03452619
v -0.01231729 -0.05900000 -0.03578421
v -0.01018964 -0.05897484 -0.03641817
v -0.02024437 -0.05228073 -0.02049850
v -0.01989149 -0.05228073 -0.02493614
v -0.01892582 -0.05228073 -0.02804869
v -0.01751073 -0.05228073 -0.03036679
v -0.01574869 -0.05228073 -0.03215201
v -0.01364674 -0.05228073 -0.03354236
v -0.01152974 -0.05228073 -0.03447083
v -0.01322512 -0.05560517 -0.03483237
v -0.01562212 -0.05563403 -0.03351864
v -0.02060464 -0.05581522 -0.02338522
v -0.01759031 -0.05566933 -0.03180305
v -0.01905747 -0.05569843 -0.02970204
v -0.02015121 -0.05575019 -0.02670712
v -0.01798834 -0.08021416 -0.02351842
v -0.01760054 -0.08016089 -0.02859180
v -0.01658607 -0.08015684 -0.03217549
v -0.01508442 -0.08018618 -0.03475793
v -0.01322965 -0.08023336 -0.03668033
v -0.01097617 -0.08029274 -0.03814813
v -0.00933320 -0.08033462 -0.03884729
v -0.00761431 -0.08037628 -0.03933828
v -0.02101991 -0.05919043 -0.02119183
v -0.02120559 -0.06735640 -0.02198616
v -0.02050408 -0.07360957 -0.02260998
v -0.01944195 -0.07724656 -0.02305025
v -0.02059466 -0.05914489 -0.02629951
v -0.01998966 -0.05912462 -0.02860206
v -0.01889219 -0.05910133 -0.03086897
v -0.01723674 -0.05907302 -0.03288020
v -0.01503744 -0.05903861 -0.03452619
v -0.01231729 -0.05900000 -0.03578421
v -0.01018964 -0.05897484 -0.03641817
v -0.00785694 -0.05895528 -0.03688092
v -0.00773142 -0.06986578 -0.03830387
v -0.01110895 -0.07736651 -0.03803901
v -0.01112556 -0.07577589 -0.03795891
v -0.01282214 -0.07736149 -0.03717355
v -0.01247520 -0.07577863 -0.03735220
v -0.01438193 -0.07144782 -0.03611987
v -0.01809327 -0.07819999 -0.03026255
v -0.01815631 -0.07920728 -0.02814436
v -0.01841801 -0.07872223 -0.02791727
v -0.01166515 -0.06490076 -0.03677153
v -0.01874202 -0.07716587 -0.02925824
v -0.01189709 -0.06303132 -0.03646600
v -0.01312396 -0.06491709 -0.03621354
v -0.01907044 -0.07718642 -0.02768344
v -0.01380602 -0.06305456 -0.03568813
v -0.01926054 -0.07720586 -0.02620914
v -0.01776157 -0.06849744 -0.03315956
v -0.01685014 -0.07220283 -0.03414945
v -0.01774936 -0.07222006 -0.03310090
v -0.02087736 -0.06729456 -0.02597625
v -0.02050857 -0.06475580 -0.02781842
v -0.02061955 -0.06727398 -0.02733792
v -0.02093717 -0.06345008 -0.02555682
v -0.02103835 -0.06731447 -0.02468664
v -0.02084918 -0.06206180 -0.02581936
v -0.01581768 -0.07859745 -0.03440435
v -0.01615708 -0.07777697 -0.03422257
v -0.01130736 -0.07066905 -0.03750359
v -0.01548921 -0.07498218 -0.03533015
v -0.01675023 -0.07613215 -0.03386680
v -0.01819939 -0.07550162 -0.03178808
v -0.01845866 -0.07607783 -0.03098046
v -0.01854584 -0.07489006 -0.03131609
v -0.01941821 -0.07268629 -0.03004676
v -0.01572110 -0.06676327 -0.03492930
v -0.01512749 -0.06557470 -0.03522640
v -0.01602164 -0.06589826 -0.03463767
v -0.01991925 -0.07462438 -0.02692163
v -0.01954230 -0.06961198 -0.03032770
v -0.02026528 -0.07315192 -0.02653312
v -0.01953796 -0.06789227 -0.03044042
v -0.01944181 -0.06669201 -0.03063962
v -0.02053922 -0.07138240 -0.02636072
v -0.01992399 -0.06688596 -0.02959020
v -0.01932090 -0.06433279 -0.03076026
v -0.02136213 -0.06225010 -0.00633336
v -0.02090694 -0.05682084 -0.00738178
v -0.02024425 -0.05228073 -0.00778982
v -0.02054659 -0.05228073 -0.00319694
v -0.02087089 -0.05228073 -0.00091573
v -0.02123010 -0.05228073 0.00136046
v -0.02221280 -0.06046731 0.00133015
v -0.02181414 -0.05658903 0.00073800
v -0.02153039 -0.05430368 0.00085483
v -0.02152906 -0.06142572 -0.00272512
v -0.02161683 -0.05872916 -0.00121178
v -0.02061938 -0.05427268 -0.00555882
v -0.00750571 -0.12201651 -0.04043915
v -0.00718776 -0.12196965 -0.04020979
v -0.00720774 -0.12231066 -0.04014115
v -0.00727131 -0.12262725 -0.04000831
v -0.00737157 -0.12290043 -0.03981707
v -0.00750008 -0.12311619 -0.03957545
v -0.00764740 -0.12326252 -0.03929538
v -0.00780429 -0.12333192 -0.03899155
v -0.00820547 -0.12337270 -0.03928499
v -0.00752421 -0.12235332 -0.04036652
v -0.00758862 -0.12266536 -0.04023407
v -0.00769556 -0.12293611 -0.04004882
v -0.00783934 -0.12315125 -0.03982056
v -0.00801236 -0.12329939 -0.03956139
v -0.00936323 -0.05212914 -0.03553148
v -0.00929303 -0.05228069 -0.03511525
v -0.00897034 -0.05231667 -0.03519959
v -0.00866892 -0.05242286 -0.03530004
v -0.00840355 -0.05259385 -0.03541143
v -0.00818733 -0.05282107 -0.03552794
v -0.00803054 -0.05309439 -0.03564387
v -0.00795180 -0.05334622 -0.03573510
v -0.00792257 -0.05361278 -0.03581878
v -0.00799562 -0.05345587 -0.03624764
v -0.00900338 -0.05217922 -0.03561099
v -0.00867264 -0.05231298 -0.03571602
v -0.00839133 -0.05252221 -0.03584014
v -0.00817674 -0.05279405 -0.03597570
v -0.00804208 -0.05311178 -0.03611437
v -0.00858486 -0.09591810 0.03687053
v -0.00832354 -0.09595482 0.03660626
v -0.00835314 -0.09562510 0.03653877
v -0.00843392 -0.09531845 0.03641937
v -0.00855861 -0.09505272 0.03625243
v -0.00872793 -0.09483048 0.03603136
v -0.00892405 -0.09468009 0.03577330
v -0.00906204 -0.09462449 0.03558761
v -0.00920212 -0.09460577 0.03539470
v -0.00957376 -0.09456941 0.03576658
v -0.00862451 -0.09556298 0.03679693
v -0.00872520 -0.09523760 0.03666619
v -0.00888097 -0.09496121 0.03648607
v -0.00908260 -0.09475016 0.03626720
v -0.00931818 -0.09461693 0.03602255
v -0.00904083 -0.12564459 0.03593854
v -0.00863355 -0.12559629 0.03564513
v -0.00849225 -0.12554409 0.03597568
v -0.00835423 -0.12540711 0.03628281
v -0.00822970 -0.12519280 0.03654756
v -0.00812986 -0.12491311 0.03675586
v -0.00806529 -0.12458608 0.03689875
v -0.00804459 -0.12422938 0.03697145
v -0.00834075 -0.12428235 0.03717554
v -0.00884499 -0.12558375 0.03623085
v -0.00866944 -0.12544186 0.03650752
v -0.00852413 -0.12522697 0.03675289
v -0.00841729 -0.12495124 0.03695304
v -0.00835498 -0.12463030 0.03709664
v -0.02264415 -0.05359007 0.00694693
v -0.02218102 -0.05370862 0.00697602
v -0.02209375 -0.05337307 0.00693566
v -0.02200422 -0.05305834 0.00681694
v -0.02191801 -0.05278000 0.00662608
v -0.02184061 -0.05255298 0.00637312
v -0.02177666 -0.05238953 0.00607240
v -0.02173613 -0.05230851 0.00579648
v -0.02170824 -0.05228073 0.00550672
v -0.02215488 -0.05215707 0.00546938
v -0.02255338 -0.05326972 0.00691224
v -0.02246261 -0.05296598 0.00680470
v -0.02237637 -0.05269396 0.00662968
v -0.02229895 -0.05246722 0.00639588
v -0.02223422 -0.05229704 0.00611497
v -0.02218538 -0.05219192 0.00580092
v -0.02131345 -0.07697699 0.00872512
v -0.02161549 -0.07715042 0.00863699
v -0.02187769 -0.07733356 0.00847337
v -0.02208494 -0.07751597 0.00824348
v -0.02222531 -0.07768713 0.00796052
v -0.02229094 -0.07783729 0.00764081
v -0.02228542 -0.07794004 0.00735943
v -0.02222557 -0.07801820 0.00707646
v -0.02165430 -0.07914714 0.00751282
v -0.02172486 -0.07904577 0.00784769
v -0.02172009 -0.07890597 0.00817612
v -0.02164008 -0.07873557 0.00847945
v -0.02148940 -0.07854423 0.00874044
v -0.02127667 -0.07834281 0.00894447
v -0.02106045 -0.07817549 0.00906229
v -0.02081802 -0.07801565 0.00912792
v -0.02131344 -0.07697700 0.00872513
v -0.02222557 -0.07801820 0.00707646
v -0.02244802 -0.07745548 0.00671839
v -0.01965913 -0.08136719 0.00066688
v -0.01879163 -0.08278216 0.00190102
v -0.02165430 -0.07914714 0.00751282
v -0.02019656 -0.08063891 0.00349247
v -0.02339048 -0.05338953 0.00060205
v -0.02345818 -0.05337952 0.00099122
v -0.02401008 -0.05327045 0.00531638
v -0.02490951 -0.05928705 0.00521057
v -0.02505384 -0.06308924 0.00516931
v -0.02487493 -0.06689002 0.00514387
v -0.02437059 -0.07074778 0.00536389
v -0.02352586 -0.07449336 0.00603424
v -0.02222557 -0.07801820 0.00707646
v -0.02244802 -0.07745548 0.00671839
v -0.02350769 -0.07388248 0.00496144
v -0.02422054 -0.06887608 0.00312395
v -0.02435333 -0.06465492 0.00189635
v -0.02416196 -0.06040735 0.00088609
v -0.02382103 -0.05692406 0.00035053
v -0.02361175 -0.05511328 0.00035331
v -0.01972710 -0.08120032 -0.02358332
v -0.01606722 -0.08772764 -0.02480314
v -0.01481225 -0.09135361 -0.02542944
v -0.01388302 -0.09674085 -0.02621363
v -0.01359153 -0.10179064 -0.02684749
v -0.01425726 -0.10167196 -0.00833026
v -0.01432745 -0.10165944 0.00323821
v -0.01414170 -0.10169256 0.01480754
v -0.01489344 -0.09229811 0.01415187
v -0.01438608 -0.09657107 0.01447388
v -0.01755035 -0.08493540 0.00410378
v -0.01599038 -0.08845682 0.00822802
v -0.01533752 -0.09056312 0.01102516
v -0.01506136 -0.09163260 0.01271978
v -0.01846021 -0.08333270 0.00243289
v -0.01879163 -0.08278216 0.00190102
v -0.01965913 -0.08136719 0.00066688
v -0.01990519 -0.08131130 -0.01133183
v -0.01735126 -0.08582043 -0.00546617
v -0.01458523 -0.09624833 -0.00585378
v -0.01557214 -0.09058038 -0.00566304
v -0.01736154 -0.08582531 -0.00861314
v -0.01471435 -0.09503225 0.00585572
v -0.01489080 -0.09349710 0.00761075
v -0.01456714 -0.09626958 0.00727406
v -0.01577713 -0.08951415 0.00495422
v -0.01585088 -0.08915779 0.00605050
v -0.01996713 -0.08173813 0.00871599
v -0.01853882 -0.08388960 0.01000638
v -0.01693583 -0.08681369 0.01227115
v -0.01575253 -0.08950651 0.01502503
v -0.01561965 -0.08984542 0.01543017
v -0.01489344 -0.09229811 0.01415187
v -0.01755035 -0.08493540 0.00410378
v -0.01599038 -0.08845682 0.00822802
v -0.01533752 -0.09056312 0.01102516
v -0.01506136 -0.09163260 0.01271978
v -0.01849202 -0.08338970 0.00628788
v -0.01509170 -0.09137593 0.01372457
v -0.01541179 -0.09021972 0.01163866
v -0.01598263 -0.08843262 0.00908670
v -0.01674323 -0.08686021 0.01040848
v -0.01675183 -0.08651320 0.00672404
v -0.01754558 -0.08494337 0.00412500
v -0.01747636 -0.08503139 0.00505600
v -0.01751259 -0.08515721 0.00816382
v -0.01823238 -0.08380853 0.00664360
v -0.01843136 -0.08347150 0.00619479
v -0.01561965 -0.08984542 0.01543017
v -0.01483160 -0.09211650 0.01860615
v -0.01475222 -0.09235801 0.01902171
v -0.01450345 -0.09375233 0.01855746
v -0.01489344 -0.09229811 0.01415187
v -0.01489342 -0.09229818 0.01415201
v -0.01231986 -0.12409289 -0.01987292
v -0.01224815 -0.12382603 -0.02239535
v -0.01235075 -0.12413902 -0.01892766
v -0.01259498 -0.12488317 -0.00371668
v -0.01259061 -0.12501609 -0.00101972
v -0.01259241 -0.12501495 -0.00037835
v -0.01239614 -0.12499202 0.01509231
v -0.01228107 -0.12498795 0.01873005
v -0.01175386 -0.12456810 0.03078474
v -0.01359153 -0.10179063 0.02811305
v -0.01307517 -0.11279448 0.02939694
v -0.01414170 -0.10169256 0.01480754
v -0.01359153 -0.10179064 -0.02684749
v -0.01425726 -0.10167196 -0.00833026
v -0.01432745 -0.10165944 0.00323821
v -0.01303851 -0.11328617 -0.02818917
v -0.01197232 -0.12309850 -0.02934604
v -0.01387604 -0.11298613 0.00063278
v -0.01336128 -0.11897842 0.00063278
v -0.01354633 -0.11276780 -0.01831387
v -0.01371962 -0.11251932 -0.01339165
v -0.01381436 -0.11266872 -0.00872266
v -0.01379312 -0.11294018 0.01017731
v -0.01368511 -0.11292645 0.01494856
v -0.01363422 -0.11292853 0.01668213
v -0.01333934 -0.11686383 0.01617135
v -0.01348744 -0.11287817 0.02092191
v -0.01359153 -0.10179064 -0.02684749
v -0.01303851 -0.11328617 -0.02818917
v -0.01197232 -0.12309850 -0.02934604
v -0.01288059 -0.10183596 -0.03362456
v -0.01204857 -0.10183858 -0.03676809
v -0.01113022 -0.10182756 -0.03886066
v -0.00992826 -0.10180400 -0.04064384
v -0.00992779 -0.10185459 -0.04064524
v -0.00970910 -0.12201367 -0.03994230
v -0.00977311 -0.11736254 -0.04046595
v -0.00983144 -0.11195263 -0.04072675
v -0.01047125 -0.12218827 -0.03823938
v -0.01197077 -0.12309512 -0.02937838
v -0.01157790 -0.12262923 -0.03387290
v -0.01113950 -0.12240518 -0.03608616
v -0.01106497 -0.11189689 -0.03861539
v -0.01218458 -0.11224346 -0.03533138
v -0.01137350 -0.10680059 -0.03826682
v -0.01298761 -0.11237153 -0.02987992
v -0.01249502 -0.10695953 -0.03490697
v -0.01328803 -0.10698771 -0.02931109
v -0.01151408 -0.12445346 0.03332070
v -0.01175386 -0.12456810 0.03078474
v -0.01359153 -0.10179063 0.02811305
v -0.01307517 -0.11279448 0.02939694
v -0.01081406 -0.10181673 0.03740500
v -0.01216043 -0.10181527 0.03523446
v -0.01303098 -0.10181096 0.03271838
v -0.01341701 -0.10180500 0.03043529
v -0.01081350 -0.10187277 0.03740649
v -0.01071233 -0.11310612 0.03749119
v -0.01064816 -0.11927081 0.03718882
v -0.01056010 -0.12429261 0.03657890
v -0.01124495 -0.12439883 0.03461864
v -0.01194999 -0.11888756 0.03416201
v -0.01121642 -0.11897137 0.03616280
v -0.01274429 -0.10734050 0.03348074
v -0.01189775 -0.10740209 0.03570643
v -0.01234396 -0.11491873 0.03379946
v -0.01250522 -0.11295736 0.03361089
v -0.01260386 -0.11106987 0.03356551
v -0.01086538 -0.09593581 0.03670950
v -0.01081406 -0.10181673 0.03740500
v -0.01216043 -0.10181527 0.03523446
v -0.01303098 -0.10181096 0.03271838
v -0.01341701 -0.10180500 0.03043529
v -0.01359153 -0.10179063 0.02811305
v -0.01380425 -0.09575671 0.02742160
v -0.01363222 -0.09604009 0.02913530
v -0.01334801 -0.09608380 0.03085647
v -0.01329781 -0.09607524 0.03108907
v -0.01249692 -0.09598650 0.03370710
v -0.01177395 -0.09595028 0.03525945
v -0.01207384 -0.09884988 0.03515120
v -0.01297677 -0.09889272 0.03275115
v -0.01347294 -0.09895110 0.03023813
v -0.01402963 -0.09493954 0.02477395
v -0.01384072 -0.09563850 0.02697439
v -0.01380487 -0.09575493 0.02741393
v -0.01380425 -0.09575671 0.02742160
v -0.01359153 -0.10179063 0.02811305
v -0.01414170 -0.10169256 0.01480754
v -0.01489344 -0.09229811 0.01415187
v -0.01438608 -0.09657107 0.01447388
v -0.01450345 -0.09375233 0.01855746
v -0.01442192 -0.09402527 0.01958171
v -0.01410144 -0.09721778 0.02104360
v -0.01475222 -0.09235801 0.01902171
v -0.01450345 -0.09375233 0.01855746
v -0.01442192 -0.09402527 0.01958171
v -0.01402963 -0.09493954 0.02477395
v -0.01434191 -0.09377673 0.02177501
v -0.01999401 -0.08170205 0.00869659
v -0.01996713 -0.08173813 0.00871599
v -0.01849202 -0.08338970 0.00628788
v -0.01755035 -0.08493540 0.00410378
v -0.01846021 -0.08333270 0.00243289
v -0.01948992 -0.08184643 0.00467339
v -0.02130596 -0.07975682 0.00776939
v -0.02130534 -0.07975787 0.00776990
v -0.02130529 -0.07975796 0.00776994
v -0.02022350 -0.08139019 0.00853463
v -0.01814827 -0.08383417 0.00367901
v -0.01837099 -0.08345878 0.00322547
v -0.01848614 -0.08326704 0.00300291
v -0.01896848 -0.08265645 0.00544711
v -0.01917789 -0.08231891 0.00495355
v -0.01928686 -0.08214171 0.00471337
v -0.02165430 -0.07914714 0.00751282
v -0.02130596 -0.07975682 0.00776939
v -0.01846021 -0.08333270 0.00243289
v -0.01948992 -0.08184643 0.00467339
v -0.01879163 -0.08278216 0.00190102
v -0.01879167 -0.08278209 0.00190112
v -0.01897465 -0.08248351 0.00303852
v -0.01944804 -0.08189204 0.00453029
v -0.01958153 -0.08167093 0.00428938
v -0.02243236 -0.05349217 -0.02069343
v -0.02243567 -0.05349170 -0.02054455
v -0.02246266 -0.05344283 -0.00773886
v -0.02246147 -0.05344266 -0.00768493
v -0.02335931 -0.06214913 -0.00630117
v -0.02299509 -0.05748989 -0.00720527
v -0.01965913 -0.08136719 0.00066688
v -0.02137075 -0.07811869 -0.00122770
v -0.02260905 -0.07408257 -0.00286695
v -0.02334275 -0.06840565 -0.00470990
v -0.01972710 -0.08120032 -0.02358332
v -0.01990519 -0.08131130 -0.01133183
v -0.02301280 -0.05903352 -0.02125322
v -0.02320604 -0.06734965 -0.02205124
v -0.02248744 -0.07388541 -0.02266945
v -0.02132330 -0.07792402 -0.02311229
v -0.02343114 -0.06309973 -0.00992625
v -0.02315496 -0.07113563 -0.01033885
v -0.02186223 -0.07710028 -0.01067085
v -0.02176727 -0.07727139 -0.00492334
v -0.00992826 -0.10180400 -0.04064384
v -0.00994416 -0.09224266 -0.04071447
v -0.00978873 -0.08627127 -0.04095623
v -0.00963566 -0.08029937 -0.04085671
v -0.00963473 -0.08023553 -0.04085344
v -0.01972710 -0.08120032 -0.02358332
v -0.01924089 -0.08106522 -0.02953402
v -0.01850730 -0.08093943 -0.03233128
v -0.01695114 -0.08072063 -0.03546601
v -0.01506145 -0.08051364 -0.03770738
v -0.01296254 -0.08035528 -0.03932236
v -0.01133944 -0.08027910 -0.04019259
v -0.01606722 -0.08772764 -0.02480314
v -0.01481225 -0.09135361 -0.02542944
v -0.01388302 -0.09674085 -0.02621363
v -0.01359153 -0.10179064 -0.02684749
v -0.01288059 -0.10183596 -0.03362456
v -0.01204857 -0.10183858 -0.03676809
v -0.01113022 -0.10182756 -0.03886066
v -0.01351858 -0.09635426 -0.03123850
v -0.01251603 -0.09637080 -0.03600788
v -0.01461124 -0.09064567 -0.03050841
v -0.01355504 -0.09070598 -0.03534596
v -0.01662026 -0.08573383 -0.02979349
v -0.01136535 -0.09072550 -0.03939575
v -0.01536219 -0.08565832 -0.03474977
v -0.01268134 -0.08549296 -0.03889763
v -0.01077677 -0.08542344 -0.04040975
v -0.01153709 -0.09428744 -0.03862394
v -0.01965913 -0.08136719 0.00066688
v -0.02137075 -0.07811869 -0.00122770
v -0.02260905 -0.07408257 -0.00286695
v -0.02334275 -0.06840565 -0.00470990
v -0.02335931 -0.06214913 -0.00630117
v -0.02244802 -0.07745548 0.00671839
v -0.02350769 -0.07388248 0.00496144
v -0.02422054 -0.06887608 0.00312395
v -0.02435333 -0.06465492 0.00189635
v -0.02416196 -0.06040735 0.00088609
v -0.02351754 -0.06135149 -0.00292908
v -0.02362516 -0.06604671 -0.00179323
v -0.02300403 -0.07299220 0.00043147
v -0.02217346 -0.07637485 0.00181374
v -0.00971536 -0.05868579 -0.03855522
v -0.00979122 -0.05312992 -0.03743435
v -0.01393975 -0.05309040 -0.03605963
v -0.01696245 -0.05306903 -0.03423931
v -0.01928982 -0.05311125 -0.03194117
v -0.02097276 -0.05323178 -0.02915903
v -0.02196065 -0.05338365 -0.02605145
v -0.02232065 -0.05347161 -0.02338971
v -0.02243236 -0.05349217 -0.02069343
v -0.02301280 -0.05903352 -0.02125322
v -0.02260583 -0.05900059 -0.02637790
v -0.02200490 -0.05898037 -0.02887082
v -0.02071726 -0.05894132 -0.03170762
v -0.01892181 -0.05888753 -0.03401482
v -0.01658141 -0.05882167 -0.03590798
v -0.01377569 -0.05875412 -0.03735027
v -0.01181453 -0.05871632 -0.03803173
v -0.02228346 -0.05613045 -0.02661979
v -0.02212959 -0.05467214 -0.02632512
v -0.02149662 -0.05601702 -0.02936362
v -0.02133489 -0.05451528 -0.02903952
v -0.02015483 -0.05591193 -0.03190335
v -0.01998919 -0.05437530 -0.03156403
v -0.01822735 -0.05583268 -0.03410580
v -0.01806975 -0.05428121 -0.03376530
v -0.01576615 -0.05577838 -0.03587954
v -0.01562610 -0.05423151 -0.03554983
v -0.01285095 -0.05573507 -0.03720147
v -0.01273556 -0.05420297 -0.03688314
v -0.00963473 -0.08023553 -0.04085344
v -0.00960742 -0.07073410 -0.04008026
v -0.00971487 -0.05872974 -0.03856168
v -0.00971536 -0.05868579 -0.03855522
v -0.02301280 -0.05903352 -0.02125322
v -0.02260583 -0.05900059 -0.02637790
v -0.02200490 -0.05898037 -0.02887082
v -0.02071726 -0.05894132 -0.03170762
v -0.01892181 -0.05888753 -0.03401482
v -0.01658141 -0.05882167 -0.03590798
v -0.01377569 -0.05875412 -0.03735027
v -0.01181453 -0.05871632 -0.03803173
v -0.02320604 -0.06734965 -0.02205124
v -0.02248744 -0.07388541 -0.02266945
v -0.02132330 -0.07792402 -0.02311229
v -0.01972710 -0.08120032 -0.02358332
v -0.01924089 -0.08106522 -0.02953402
v -0.01850730 -0.08093943 -0.03233128
v -0.01695114 -0.08072063 -0.03546601
v -0.01506145 -0.08051364 -0.03770738
v -0.01296254 -0.08035528 -0.03932236
v -0.01133944 -0.08027910 -0.04019259
v -0.02088318 -0.07727885 -0.02917053
v -0.01997985 -0.07712988 -0.03203448
v -0.02199163 -0.07254883 -0.02864040
v -0.01852836 -0.07695712 -0.03466660
v -0.02101306 -0.07244029 -0.03149639
v -0.01652785 -0.07678070 -0.03694692
v -0.02254181 -0.06648492 -0.02795755
v -0.01948852 -0.07231946 -0.03411143
v -0.01405612 -0.07662505 -0.03877461
v -0.02158869 -0.06642186 -0.03078508
v -0.01741884 -0.07219459 -0.03637230
v -0.02008719 -0.06634703 -0.03337627
v -0.01487067 -0.07207835 -0.03818966
v -0.01802815 -0.06626228 -0.03561479
v -0.01194943 -0.07198471 -0.03952171
v -0.01546998 -0.06617627 -0.03741563
v -0.01250266 -0.06610075 -0.03874802
v -0.02335931 -0.06214913 -0.00630117
v -0.02299509 -0.05748989 -0.00720527
v -0.02246147 -0.05344266 -0.00768493
v -0.02351754 -0.06135149 -0.00292908
v -0.02416196 -0.06040735 0.00088609
v -0.02382103 -0.05692406 0.00035053
v -0.02361175 -0.05511328 0.00035331
v -0.02339048 -0.05338953 0.00060205
v -0.02265651 -0.05346113 -0.00417406
v -0.02280896 -0.05450291 -0.00410874
v -0.02310890 -0.05681307 -0.00381291
v -0.02334440 -0.05909204 -0.00342225
v -0.02343787 -0.06022653 -0.00319941
v -0.02165430 -0.07914714 0.00751282
v -0.02172486 -0.07904577 0.00784769
v -0.02172009 -0.07890597 0.00817612
v -0.02164008 -0.07873557 0.00847945
v -0.02148940 -0.07854423 0.00874044
v -0.02127667 -0.07834281 0.00894447
v -0.02106045 -0.07817549 0.00906229
v -0.02081802 -0.07801565 0.00912792
v -0.02130596 -0.07975682 0.00776939
v -0.02130534 -0.07975787 0.00776990
v -0.02137835 -0.07965529 0.00810071
v -0.02137846 -0.07951211 0.00842532
v -0.02130546 -0.07933678 0.00872430
v -0.02116395 -0.07913926 0.00898123
v -0.02095862 -0.07892751 0.00918444
v -0.02075135 -0.07875303 0.00930057
v -0.02051467 -0.07858366 0.00936548
v -0.02131345 -0.07697699 0.00872512
v -0.02161549 -0.07715042 0.00863699
v -0.02187769 -0.07733356 0.00847337
v -0.02208494 -0.07751597 0.00824348
v -0.02222531 -0.07768713 0.00796052
v -0.02229094 -0.07783729 0.00764081
v -0.02228542 -0.07794004 0.00735943
v -0.02222557 -0.07801820 0.00707646
v -0.02245174 -0.07374227 0.00773692
v -0.02320092 -0.07031133 0.00711050
v -0.02364565 -0.06677917 0.00689873
v -0.02398795 -0.06681030 0.00679961
v -0.02429720 -0.06683837 0.00662205
v -0.02455577 -0.06686177 0.00637597
v -0.02474891 -0.06687916 0.00607539
v -0.02486583 -0.06688959 0.00573748
v -0.02489982 -0.06689249 0.00544113
v -0.02487493 -0.06689002 0.00514387
v -0.02437059 -0.07074778 0.00536389
v -0.02352586 -0.07449336 0.00603424
v -0.02432417 -0.06932901 0.00640496
v -0.02415685 -0.07056153 0.00649370
v -0.02366428 -0.07166516 0.00696385
v -0.02383508 -0.07309170 0.00651430
v -0.02336153 -0.07416067 0.00713963
v -0.02298834 -0.07530983 0.00747287
v -0.02422435 -0.07125752 0.00620404
v -0.02380558 -0.07237424 0.00676458
v -0.02326242 -0.07342906 0.00730035
v -0.02130534 -0.07975787 0.00776990
v -0.02137835 -0.07965529 0.00810071
v -0.02137846 -0.07951211 0.00842532
v -0.02130546 -0.07933678 0.00872430
v -0.02116395 -0.07913926 0.00898123
v -0.02095862 -0.07892751 0.00918444
v -0.02075135 -0.07875303 0.00930057
v -0.02051467 -0.07858366 0.00936548
v -0.02130529 -0.07975796 0.00776994
v -0.02022350 -0.08139019 0.00853463
v -0.02029957 -0.08128593 0.00885554
v -0.02030966 -0.08113790 0.00916797
v -0.02025309 -0.08095385 0.00945532
v -0.02013290 -0.08074360 0.00970226
v -0.01995558 -0.08051834 0.00989578
v -0.01977073 -0.08032778 0.01000854
v -0.01955959 -0.08014212 0.01007291
v -0.02075894 -0.08009435 0.00917604
v -0.02364565 -0.06677917 0.00689873
v -0.02398795 -0.06681030 0.00679961
v -0.02429720 -0.06683837 0.00662205
v -0.02455577 -0.06686177 0.00637597
v -0.02474891 -0.06687916 0.00607539
v -0.02486583 -0.06688959 0.00573748
v -0.02489982 -0.06689249 0.00544113
v -0.02487493 -0.06689002 0.00514387
v -0.02372385 -0.06087986 0.00691235
v -0.02335064 -0.05720956 0.00692706
v -0.02264415 -0.05359007 0.00694693
v -0.02297232 -0.05351499 0.00688738
v -0.02327875 -0.05344448 0.00675314
v -0.02354749 -0.05338221 0.00655119
v -0.02376460 -0.05333141 0.00629203
v -0.02391880 -0.05329471 0.00598910
v -0.02400207 -0.05327404 0.00565816
v -0.02401008 -0.05327045 0.00531638
v -0.02490951 -0.05928705 0.00521057
v -0.02505384 -0.06308924 0.00516931
v -0.02475174 -0.06497968 0.00629043
v -0.02485729 -0.06498433 0.00611895
v -0.02493372 -0.06498766 0.00594893
v -0.02449921 -0.06359195 0.00660008
v -0.02477279 -0.06195980 0.00631203
v -0.02493884 -0.06106726 0.00595398
v -0.02467947 -0.06007172 0.00633012
v -0.02430115 -0.05909682 0.00663407
v -0.02450617 -0.05819211 0.00635192
v -0.02450086 -0.05653916 0.00601482
v -0.02379347 -0.05525655 0.00665016
v -0.02405863 -0.05520852 0.00639518
v -0.02392884 -0.05523209 0.00653582
v -0.02409860 -0.05455715 0.00616435
v -0.02498475 -0.06334395 0.00593266
v -0.02444018 -0.06096739 0.00661783
v -0.02481248 -0.05917389 0.00597626
v -0.02402752 -0.05686462 0.00665765
v -0.02022350 -0.08139019 0.00853463
v -0.02029957 -0.08128593 0.00885554
v -0.02030966 -0.08113790 0.00916797
v -0.02025309 -0.08095385 0.00945532
v -0.02013290 -0.08074360 0.00970226
v -0.01995558 -0.08051834 0.00989578
v -0.01977073 -0.08032778 0.01000854
v -0.01955959 -0.08014212 0.01007291
v -0.01999401 -0.08170205 0.00869659
v -0.02007487 -0.08158895 0.00901975
v -0.02008894 -0.08144042 0.00931647
v -0.02006502 -0.08132549 0.00949771
v -0.02001297 -0.08119308 0.00967243
v -0.01993902 -0.08105818 0.00982127
v -0.01981539 -0.08088151 0.00997886
v -0.01965485 -0.08069458 0.01010421
v -0.01951030 -0.08055024 0.01017241
v -0.01936591 -0.08042208 0.01021084
v -0.02264415 -0.05359007 0.00694693
v -0.02255338 -0.05326972 0.00691224
v -0.02246261 -0.05296598 0.00680470
v -0.02237637 -0.05269396 0.00662968
v -0.02229895 -0.05246722 0.00639588
v -0.02223422 -0.05229704 0.00611497
v -0.02218538 -0.05219192 0.00580092
v -0.02215488 -0.05215707 0.00546938
v -0.02228212 -0.05212777 0.00545773
v -0.02241144 -0.05210975 0.00544601
v -0.02255350 -0.05210349 0.00541160
v -0.02255350 -0.05210300 0.00544973
v -0.02255350 -0.05210300 0.00544973
v -0.02255350 -0.05210349 0.00541160
v -0.02287645 -0.05213886 0.00540492
v -0.02319469 -0.05224886 0.00537779
v -0.02348040 -0.05242752 0.00535431
v -0.02371911 -0.05266580 0.00533566
v -0.02389871 -0.05295161 0.00532280
v -0.02401008 -0.05327045 0.00531638
v -0.02297232 -0.05351499 0.00688738
v -0.02327875 -0.05344448 0.00675314
v -0.02354749 -0.05338221 0.00655119
v -0.02376460 -0.05333141 0.00629203
v -0.02391880 -0.05329471 0.00598910
v -0.02400207 -0.05327404 0.00565816
v -0.02393330 -0.05312964 0.00579914
v -0.02374508 -0.05312964 0.00622823
v -0.02375831 -0.05271506 0.00554956
v -0.02342774 -0.05312964 0.00657296
v -0.02366062 -0.05271506 0.00593536
v -0.02301566 -0.05312964 0.00679596
v -0.02344295 -0.05271506 0.00626853
v -0.02340414 -0.05238644 0.00566514
v -0.02312890 -0.05271506 0.00651297
v -0.02328810 -0.05238644 0.00592967
v -0.02301299 -0.05217562 0.00548781
v -0.02275249 -0.05271506 0.00664219
v -0.02309246 -0.05238644 0.00614219
v -0.02297573 -0.05217562 0.00563494
v -0.02283842 -0.05238644 0.00627967
v -0.02289271 -0.05217562 0.00576200
v -0.02255350 -0.05238644 0.00632722
v -0.02277295 -0.05217562 0.00585523
v -0.02262939 -0.05217562 0.00590451
v -0.02247761 -0.05217562 0.00590451
v -0.02233405 -0.05217562 0.00585523
v -0.02221429 -0.05217562 0.00576200
v -0.01999401 -0.08170205 0.00869659
v -0.02007487 -0.08158895 0.00901975
v -0.02008894 -0.08144042 0.00931647
v -0.02006502 -0.08132549 0.00949771
v -0.02001297 -0.08119308 0.00967243
v -0.01993902 -0.08105818 0.00982127
v -0.01981539 -0.08088151 0.00997886
v -0.01965485 -0.08069458 0.01010421
v -0.01951030 -0.08055024 0.01017241
v -0.01936591 -0.08042208 0.01021084
v -0.01996713 -0.08173813 0.00871599
v -0.02004705 -0.08162787 0.00903217
v -0.02006204 -0.08147389 0.00933938
v -0.02001119 -0.08128414 0.00962174
v -0.01989719 -0.08106865 0.00986437
v -0.01972615 -0.08083877 0.01005466
v -0.01954629 -0.08064492 0.01016575
v -0.01933959 -0.08045654 0.01022951
v -0.02215488 -0.05215707 0.00546938
v -0.02228212 -0.05212777 0.00545773
v -0.02241144 -0.05210975 0.00544601
v -0.02255350 -0.05210349 0.00541160
v -0.02168147 -0.05217928 0.00128875
v -0.02203629 -0.05214420 0.00122701
v -0.02238917 -0.05219622 0.00116635
v -0.02271962 -0.05233252 0.00111027
v -0.02300836 -0.05254515 0.00106207
v -0.02323876 -0.05282160 0.00102451
v -0.02337615 -0.05308938 0.00100298
v -0.02345818 -0.05337952 0.00099122
v -0.02401008 -0.05327045 0.00531638
v -0.02287645 -0.05213886 0.00540492
v -0.02319469 -0.05224886 0.00537779
v -0.02348040 -0.05242752 0.00535431
v -0.02371911 -0.05266580 0.00533566
v -0.02389871 -0.05295161 0.00532280
v -0.01680217 -0.08433457 0.01274919
v -0.01933959 -0.08045654 0.01022951
v -0.01996713 -0.08173813 0.00871599
v -0.02004705 -0.08162787 0.00903217
v -0.02006204 -0.08147389 0.00933938
v -0.02001119 -0.08128414 0.00962174
v -0.01989719 -0.08106865 0.00986437
v -0.01972615 -0.08083877 0.01005466
v -0.01954629 -0.08064492 0.01016575
v -0.01853882 -0.08388960 0.01000638
v -0.01693583 -0.08681369 0.01227115
v -0.01575253 -0.08950651 0.01502503
v -0.01582047 -0.08927594 0.01526474
v -0.01581473 -0.08902637 0.01549475
v -0.01573545 -0.08877050 0.01570326
v -0.01558672 -0.08852149 0.01587959
v -0.01537626 -0.08829203 0.01601480
v -0.01516127 -0.08812435 0.01609085
v -0.01491850 -0.08798435 0.01613083
v -0.01588427 -0.08826179 0.01528387
v -0.01721893 -0.08558962 0.01269650
v -0.01772440 -0.08509694 0.01179126
v -0.01801940 -0.08418907 0.01159497
v -0.01925105 -0.08224742 0.01029658
v -0.01929332 -0.08234638 0.01017498
v -0.01931957 -0.08243472 0.01005340
v -0.01739768 -0.08468277 0.01241591
v -0.02168147 -0.05217928 0.00128875
v -0.02203629 -0.05214420 0.00122701
v -0.02238917 -0.05219622 0.00116635
v -0.02271962 -0.05233252 0.00111027
v -0.02300836 -0.05254515 0.00106207
v -0.02323876 -0.05282160 0.00102451
v -0.02337615 -0.05308938 0.00100298
v -0.02345818 -0.05337952 0.00099122
v -0.02162334 -0.05218171 0.00090603
v -0.02197731 -0.05214890 0.00084181
v -0.02232892 -0.05220291 0.00077906
v -0.02265781 -0.05234079 0.00072143
v -0.02294485 -0.05255453 0.00067227
v -0.02317353 -0.05283160 0.00063440
v -0.02330960 -0.05309953 0.00061311
v -0.02339048 -0.05338953 0.00060205
v -0.01575253 -0.08950651 0.01502503
v -0.01582047 -0.08927594 0.01526474
v -0.01581473 -0.08902637 0.01549475
v -0.01573545 -0.08877050 0.01570326
v -0.01558672 -0.08852149 0.01587959
v -0.01537626 -0.08829203 0.01601480
v -0.01516127 -0.08812435 0.01609085
v -0.01491850 -0.08798435 0.01613083
v -0.01561965 -0.08984542 0.01543017
v -0.01568408 -0.08960934 0.01566414
v -0.01567490 -0.08935577 0.01588823
v -0.01559249 -0.08909746 0.01609095
v -0.01544104 -0.08884760 0.01626193
v -0.01522838 -0.08861886 0.01639256
v -0.01501199 -0.08845293 0.01646558
v -0.01476827 -0.08831560 0.01650340
v -0.02162334 -0.05218171 0.00090603
v -0.02197731 -0.05214890 0.00084181
v -0.02232892 -0.05220291 0.00077906
v -0.02265781 -0.05234079 0.00072143
v -0.02294485 -0.05255453 0.00067227
v -0.02317353 -0.05283160 0.00063440
v -0.02330960 -0.05309953 0.00061311
v -0.02339048 -0.05338953 0.00060205
v -0.02089740 -0.05219960 -0.00428292
v -0.02072357 -0.05219731 -0.00772328
v -0.02107920 -0.05217860 -0.00771555
v -0.02142924 -0.05224415 -0.00770791
v -0.02175394 -0.05239047 -0.00770078
v -0.02203494 -0.05260926 -0.00769456
v -0.02225656 -0.05288810 -0.00768961
v -0.02238651 -0.05315521 -0.00768667
v -0.02246147 -0.05344266 -0.00768493
v -0.02265651 -0.05346113 -0.00417406
v -0.02266059 -0.05271434 -0.00175102
v -0.02211406 -0.05237076 -0.00258799
v -0.02204096 -0.05246438 -0.00425455
v -0.02218093 -0.05223574 -0.00043925
v -0.01561965 -0.08984542 0.01543017
v -0.01568408 -0.08960934 0.01566414
v -0.01567490 -0.08935577 0.01588823
v -0.01559249 -0.08909746 0.01609095
v -0.01544104 -0.08884760 0.01626193
v -0.01522838 -0.08861886 0.01639256
v -0.01501199 -0.08845293 0.01646558
v -0.01476827 -0.08831560 0.01650340
v -0.01483160 -0.09211650 0.01860615
v -0.01486729 -0.09181257 0.01882021
v -0.01481240 -0.09150455 0.01901808
v -0.01467095 -0.09120867 0.01918957
v -0.01445141 -0.09094290 0.01932423
v -0.01419811 -0.09074283 0.01940716
v -0.01402206 -0.09064351 0.01943783
v -0.01383271 -0.09056402 0.01945233
v -0.01507138 -0.09016161 0.01763331
v -0.02072357 -0.05219731 -0.00772328
v -0.02107920 -0.05217860 -0.00771555
v -0.02142924 -0.05224415 -0.00770791
v -0.02175394 -0.05239047 -0.00770078
v -0.02203494 -0.05260926 -0.00769456
v -0.02225656 -0.05288810 -0.00768961
v -0.02238651 -0.05315521 -0.00768667
v -0.02246147 -0.05344266 -0.00768493
v -0.02072487 -0.05219734 -0.00777820
v -0.02108052 -0.05217865 -0.00777047
v -0.02143054 -0.05224423 -0.00776277
v -0.02175523 -0.05239058 -0.00775554
v -0.02203621 -0.05260941 -0.00774916
v -0.02225780 -0.05288826 -0.00774400
v -0.02238772 -0.05315538 -0.00774085
v -0.02246266 -0.05344283 -0.00773886
v -0.01483160 -0.09211650 0.01860615
v -0.01486729 -0.09181257 0.01882021
v -0.01481240 -0.09150455 0.01901808
v -0.01467095 -0.09120867 0.01918957
v -0.01445141 -0.09094290 0.01932423
v -0.01419811 -0.09074283 0.01940716
v -0.01402206 -0.09064351 0.01943783
v -0.01383271 -0.09056402 0.01945233
v -0.01475222 -0.09235801 0.01902171
v -0.01478655 -0.09208063 0.01921007
v -0.01474348 -0.09180151 0.01938453
v -0.01462976 -0.09153114 0.01953943
v -0.01445133 -0.09128255 0.01966743
v -0.01421700 -0.09106784 0.01976235
v -0.01398653 -0.09092237 0.01981275
v -0.01372951 -0.09081155 0.01983551
v -0.01378176 -0.09068960 0.01964287
v -0.02072487 -0.05219734 -0.00777820
v -0.02108052 -0.05217865 -0.00777047
v -0.02143054 -0.05224423 -0.00776277
v -0.02175523 -0.05239058 -0.00775554
v -0.02203621 -0.05260941 -0.00774916
v -0.02225780 -0.05288826 -0.00774400
v -0.02238772 -0.05315538 -0.00774085
v -0.02246266 -0.05344283 -0.00773886
v -0.02072892 -0.05220866 -0.02050813
v -0.02108432 -0.05219853 -0.02051607
v -0.02143210 -0.05227220 -0.02052373
v -0.02175277 -0.05242575 -0.02053068
v -0.02202825 -0.05265052 -0.02053654
v -0.02224321 -0.05293376 -0.02054097
v -0.02236705 -0.05320320 -0.02054339
v -0.02243567 -0.05349170 -0.02054455
v -0.01475222 -0.09235801 0.01902171
v -0.01478655 -0.09208063 0.01921007
v -0.01474348 -0.09180151 0.01938453
v -0.01462976 -0.09153114 0.01953943
v -0.01445133 -0.09128255 0.01966743
v -0.01421700 -0.09106784 0.01976235
v -0.01398653 -0.09092237 0.01981275
v -0.01372951 -0.09081155 0.01983551
v -0.01434191 -0.09377673 0.02177501
v -0.01402963 -0.09493954 0.02477395
v -0.01399544 -0.09459571 0.02489995
v -0.01387355 -0.09426739 0.02501213
v -0.01367129 -0.09397424 0.02510377
v -0.01340068 -0.09373399 0.02516932
v -0.01307813 -0.09356098 0.02520488
v -0.01272296 -0.09346563 0.02520841
v -0.01317496 -0.09227370 0.02243302
v -0.01407173 -0.09284133 0.02223969
v -0.02072892 -0.05220866 -0.02050813
v -0.02108432 -0.05219853 -0.02051607
v -0.02143210 -0.05227220 -0.02052373
v -0.02175277 -0.05242575 -0.02053068
v -0.02202825 -0.05265052 -0.02053654
v -0.02224321 -0.05293376 -0.02054097
v -0.02236705 -0.05320320 -0.02054339
v -0.02243567 -0.05349170 -0.02054455
v -0.02072598 -0.05220877 -0.02065570
v -0.02108132 -0.05219872 -0.02066425
v -0.02142908 -0.05227247 -0.02067210
v -0.02174970 -0.05242608 -0.02067921
v -0.02202512 -0.05265090 -0.02068523
v -0.02224001 -0.05293417 -0.02068981
v -0.02236379 -0.05320363 -0.02069232
v -0.02243236 -0.05349217 -0.02069343
v -0.01402963 -0.09493954 0.02477395
v -0.01399544 -0.09459571 0.02489995
v -0.01387355 -0.09426739 0.02501213
v -0.01367129 -0.09397424 0.02510377
v -0.01340068 -0.09373399 0.02516932
v -0.01307813 -0.09356098 0.02520488
v -0.01272296 -0.09346563 0.02520841
v -0.01384072 -0.09563850 0.02697439
v -0.01380768 -0.09531177 0.02706499
v -0.01369929 -0.09499895 0.02714558
v -0.01352088 -0.09471612 0.02721196
v -0.01328158 -0.09447798 0.02726066
v -0.01299375 -0.09429679 0.02728916
v -0.01272734 -0.09419644 0.02729630
v -0.01244687 -0.09414592 0.02728808
v -0.02072598 -0.05220877 -0.02065570
v -0.02108132 -0.05219872 -0.02066425
v -0.02142908 -0.05227247 -0.02067210
v -0.02174970 -0.05242608 -0.02067921
v -0.02202512 -0.05265090 -0.02068523
v -0.02224001 -0.05293417 -0.02068981
v -0.02236379 -0.05320363 -0.02069232
v -0.02243236 -0.05349217 -0.02069343
v -0.02031829 -0.05218720 -0.02521896
v -0.01928046 -0.05215038 -0.02837089
v -0.01780641 -0.05212663 -0.03070991
v -0.01598123 -0.05211843 -0.03252311
v -0.01383423 -0.05212042 -0.03392652
v -0.01165078 -0.05212539 -0.03487704
v -0.00936323 -0.05212914 -0.03553148
v -0.00943764 -0.05204986 -0.03586455
v -0.00947591 -0.05204063 -0.03603555
v -0.00951419 -0.05205192 -0.03620644
v -0.00958870 -0.05213519 -0.03653850
v -0.00965711 -0.05229514 -0.03684263
v -0.00971567 -0.05252304 -0.03710222
v -0.00976120 -0.05280645 -0.03730311
v -0.00979122 -0.05312992 -0.03743435
v -0.01393975 -0.05309040 -0.03605963
v -0.01696245 -0.05306903 -0.03423931
v -0.01928982 -0.05311125 -0.03194117
v -0.02097276 -0.05323178 -0.02915903
v -0.02196065 -0.05338365 -0.02605145
v -0.02232065 -0.05347161 -0.02338971
v -0.01079287 -0.05212248 -0.03620820
v -0.01074491 -0.05207228 -0.03603808
v -0.01186011 -0.05235599 -0.03633179
v -0.01283440 -0.05218818 -0.03570092
v -0.01319427 -0.05205110 -0.03510588
v -0.01400363 -0.05218031 -0.03517435
v -0.01504115 -0.05241548 -0.03501857
v -0.01546588 -0.05217353 -0.03434735
v -0.01566511 -0.05204320 -0.03372769
v -0.01660822 -0.05217438 -0.03353404
v -0.01759284 -0.05241868 -0.03315664
v -0.01776838 -0.05218589 -0.03250482
v -0.01780874 -0.05205854 -0.03188619
v -0.01871789 -0.05220830 -0.03144927
v -0.01960623 -0.05247923 -0.03082302
v -0.01960704 -0.05224599 -0.03019732
v -0.01952483 -0.05211155 -0.02956774
v -0.02034019 -0.05229523 -0.02884945
v -0.02105247 -0.05259944 -0.02799681
v -0.02092462 -0.05235217 -0.02739174
v -0.02076057 -0.05220068 -0.02664052
v -0.02139265 -0.05241521 -0.02566257
v -0.02183727 -0.05272399 -0.02493724
v -0.02161261 -0.05245307 -0.02437789
v -0.02137951 -0.05228079 -0.02310713
v -0.02208465 -0.05275990 -0.02201111
v -0.02196081 -0.05262193 -0.02200625
v -0.02180918 -0.05249141 -0.02200016
v -0.01175931 -0.05204800 -0.03560205
v -0.01443171 -0.05204559 -0.03449094
v -0.02154335 -0.05266938 -0.02639950
v -0.02203163 -0.05276781 -0.02325831
v -0.01384072 -0.09563850 0.02697439
v -0.01380768 -0.09531177 0.02706499
v -0.01369929 -0.09499895 0.02714558
v -0.01352088 -0.09471612 0.02721196
v -0.01328158 -0.09447798 0.02726066
v -0.01299375 -0.09429679 0.02728916
v -0.01272734 -0.09419644 0.02729630
v -0.01244687 -0.09414592 0.02728808
v -0.01380487 -0.09575493 0.02741393
v -0.01377039 -0.09542403 0.02750014
v -0.01365934 -0.09510782 0.02757617
v -0.01347739 -0.09482288 0.02763801
v -0.01323412 -0.09458423 0.02768239
v -0.01294238 -0.09440426 0.02770705
v -0.01267312 -0.09430622 0.02771149
v -0.01239063 -0.09425905 0.02770117
v -0.00936323 -0.05212914 -0.03553148
v -0.00900338 -0.05217922 -0.03561099
v -0.00867264 -0.05231298 -0.03571602
v -0.00839133 -0.05252221 -0.03584014
v -0.00817674 -0.05279405 -0.03597570
v -0.00804208 -0.05311178 -0.03611437
v -0.00799562 -0.05345587 -0.03624764
v -0.00808959 -0.05336255 -0.03656857
v -0.00825790 -0.05327877 -0.03686046
v -0.00849149 -0.05320902 -0.03710767
v -0.00877787 -0.05315704 -0.03729694
v -0.00910170 -0.05312560 -0.03741814
v -0.00944562 -0.05311639 -0.03746477
v -0.00979122 -0.05312992 -0.03743435
v -0.00943764 -0.05204986 -0.03586455
v -0.00947591 -0.05204063 -0.03603555
v -0.00951419 -0.05205192 -0.03620644
v -0.00958870 -0.05213519 -0.03653850
v -0.00965711 -0.05229514 -0.03684263
v -0.00971567 -0.05252304 -0.03710222
v -0.00976120 -0.05280645 -0.03730311
v -0.00815367 -0.05301945 -0.03650360
v -0.00926132 -0.05211723 -0.03560494
v -0.00837180 -0.05301945 -0.03689665
v -0.00830600 -0.05262906 -0.03624630
v -0.00864385 -0.05231920 -0.03577257
v -0.00913937 -0.05211723 -0.03569444
v -0.00870279 -0.05301945 -0.03720080
v -0.00843518 -0.05262906 -0.03660442
v -0.00860632 -0.05231920 -0.03604830
v -0.00905190 -0.05211723 -0.03581783
v -0.00911283 -0.05301945 -0.03738500
v -0.00867075 -0.05262906 -0.03690350
v -0.00865770 -0.05231920 -0.03632179
v -0.00900781 -0.05211723 -0.03596252
v -0.00956005 -0.05301945 -0.03743044
v -0.00898863 -0.05262906 -0.03711300
v -0.00879274 -0.05231920 -0.03656511
v -0.00901163 -0.05211723 -0.03611373
v -0.00935637 -0.05262906 -0.03721151
v -0.00899764 -0.05231920 -0.03675340
v -0.00906295 -0.05211723 -0.03625602
v -0.00925148 -0.05231920 -0.03686743
v -0.00915654 -0.05211723 -0.03637484
v -0.00952833 -0.05231920 -0.03689555
v -0.00928283 -0.05211723 -0.03645808
v -0.00942894 -0.05211723 -0.03649722
v -0.01380487 -0.09575493 0.02741393
v -0.01377039 -0.09542403 0.02750014
v -0.01365934 -0.09510782 0.02757617
v -0.01347739 -0.09482288 0.02763801
v -0.01323412 -0.09458423 0.02768239
v -0.01294238 -0.09440426 0.02770705
v -0.01267312 -0.09430622 0.02771149
v -0.01239063 -0.09425905 0.02770117
v -0.01380425 -0.09575671 0.02742160
v -0.01376969 -0.09542564 0.02750770
v -0.01365858 -0.09510940 0.02758351
v -0.01347657 -0.09482448 0.02764514
v -0.01323326 -0.09458586 0.02768935
v -0.01294149 -0.09440593 0.02771387
v -0.01267224 -0.09430793 0.02771818
v -0.01238980 -0.09426071 0.02770742
v -0.00799562 -0.05345587 -0.03624764
v -0.00808959 -0.05336255 -0.03656857
v -0.00825790 -0.05327877 -0.03686046
v -0.00849149 -0.05320902 -0.03710767
v -0.00877787 -0.05315704 -0.03729694
v -0.00910170 -0.05312560 -0.03741814
v -0.00944562 -0.05311639 -0.03746477
v -0.00979122 -0.05312992 -0.03743435
v -0.00792919 -0.05884540 -0.03732835
v -0.00802857 -0.05879563 -0.03767453
v -0.00820905 -0.05875174 -0.03798707
v -0.00846020 -0.05871635 -0.03824758
v -0.00876724 -0.05869152 -0.03844070
v -0.00911206 -0.05867871 -0.03855527
v -0.00941376 -0.05867780 -0.03858546
v -0.00971536 -0.05868579 -0.03855522
v -0.01380425 -0.09575671 0.02742160
v -0.01376969 -0.09542564 0.02750770
v -0.01365858 -0.09510940 0.02758351
v -0.01347657 -0.09482448 0.02764514
v -0.01323326 -0.09458586 0.02768935
v -0.01294149 -0.09440593 0.02771387
v -0.01267224 -0.09430793 0.02771818
v -0.01238980 -0.09426071 0.02770742
v -0.01363222 -0.09604009 0.02913530
v -0.01334801 -0.09608380 0.03085647
v -0.01330319 -0.09574133 0.03084424
v -0.01318293 -0.09541852 0.03081642
v -0.01299344 -0.09513254 0.03077449
v -0.01274480 -0.09489861 0.03072071
v -0.01245029 -0.09472900 0.03065796
v -0.01218093 -0.09464361 0.03060122
v -0.01190044 -0.09461227 0.03054270
v -0.01218008 -0.09453406 0.02912975
v -0.01336220 -0.09481966 0.02802307
v -0.01320729 -0.09499689 0.02920601
v -0.00792919 -0.05884540 -0.03732835
v -0.00802857 -0.05879563 -0.03767453
v -0.00820905 -0.05875174 -0.03798707
v -0.00846020 -0.05871635 -0.03824758
v -0.00876724 -0.05869152 -0.03844070
v -0.00911206 -0.05867871 -0.03855527
v -0.00941376 -0.05867780 -0.03858546
v -0.00971536 -0.05868579 -0.03855522
v -0.00792868 -0.05888918 -0.03733480
v -0.00802807 -0.05883944 -0.03768098
v -0.00820854 -0.05879561 -0.03799354
v -0.00845970 -0.05876025 -0.03825405
v -0.00876675 -0.05873546 -0.03844717
v -0.00911158 -0.05872266 -0.03856174
v -0.00941328 -0.05872175 -0.03859193
v -0.00971487 -0.05872974 -0.03856168
v -0.01334801 -0.09608380 0.03085647
v -0.01330319 -0.09574133 0.03084424
v -0.01318293 -0.09541852 0.03081642
v -0.01299344 -0.09513254 0.03077449
v -0.01274480 -0.09489861 0.03072071
v -0.01245029 -0.09472900 0.03065796
v -0.01218093 -0.09464361 0.03060122
v -0.01190044 -0.09461227 0.03054270
v -0.01329781 -0.09607524 0.03108907
v -0.01325063 -0.09572815 0.03107492
v -0.01318498 -0.09552864 0.03105818
v -0.01309500 -0.09534482 0.03103619
v -0.01295788 -0.09514607 0.03100353
v -0.01277463 -0.09495828 0.03096070
v -0.01256937 -0.09481125 0.03091341
v -0.01235052 -0.09470522 0.03086352
v -0.01212611 -0.09463951 0.03081281
v -0.01198690 -0.09461787 0.03078155
v -0.01184956 -0.09461005 0.03075084
v -0.00792868 -0.05888918 -0.03733480
v -0.00802807 -0.05883944 -0.03768098
v -0.00820854 -0.05879561 -0.03799354
v -0.00845970 -0.05876025 -0.03825405
v -0.00876675 -0.05873546 -0.03844717
v -0.00911158 -0.05872266 -0.03856174
v -0.00941328 -0.05872175 -0.03859193
v -0.00971487 -0.05872974 -0.03856168
v -0.00780345 -0.07000338 -0.03877408
v -0.00770846 -0.08028035 -0.03975232
v -0.00783440 -0.08026073 -0.04010364
v -0.00794084 -0.08025122 -0.04028208
v -0.00807111 -0.08024295 -0.04044402
v -0.00822455 -0.08023601 -0.04058810
v -0.00839660 -0.08023063 -0.04070942
v -0.00858164 -0.08022697 -0.04080434
v -0.00884202 -0.08022476 -0.04088882
v -0.00904756 -0.08022510 -0.04092065
v -0.00927861 -0.08022753 -0.04092218
v -0.00945877 -0.08023091 -0.04089857
v -0.00963473 -0.08023553 -0.04085344
v -0.00960742 -0.07073410 -0.04008026
v -0.00824387 -0.06434517 -0.03887851
v -0.00835942 -0.06433218 -0.03899024
v -0.00878941 -0.06244577 -0.03899904
v -0.00849599 -0.06432022 -0.03909567
v -0.00885677 -0.06644114 -0.03955224
v -0.00809930 -0.07363973 -0.03988132
v -0.00859854 -0.07547200 -0.04044354
v -0.00841473 -0.07547871 -0.04034347
v -0.00869889 -0.07546947 -0.04048511
v -0.00879800 -0.07546766 -0.04051817
v -0.00818022 -0.07707283 -0.04030425
v -0.00818962 -0.06064840 -0.03826381
v -0.00814428 -0.06820914 -0.03928542
v -0.00881527 -0.07216510 -0.04020035
v -0.00888668 -0.07863898 -0.04079398
v -0.00889911 -0.05965659 -0.03864107
v -0.00883222 -0.06944505 -0.03990521
v -0.00844143 -0.07032258 -0.03981640
v -0.00811850 -0.07106644 -0.03961039
v -0.00810657 -0.07945047 -0.04042364
v -0.00813032 -0.06970932 -0.03945898
v -0.00882246 -0.07087666 -0.04006368
v -0.01329781 -0.09607524 0.03108907
v -0.01325063 -0.09572815 0.03107492
v -0.01318498 -0.09552864 0.03105818
v -0.01309500 -0.09534482 0.03103619
v -0.01295788 -0.09514607 0.03100353
v -0.01277463 -0.09495828 0.03096070
v -0.01256937 -0.09481125 0.03091341
v -0.01235052 -0.09470522 0.03086352
v -0.01212611 -0.09463951 0.03081281
v -0.01198690 -0.09461787 0.03078155
v -0.01184956 -0.09461005 0.03075084
v -0.01249692 -0.09598650 0.03370710
v -0.01177395 -0.09595028 0.03525945
v -0.01086538 -0.09593581 0.03670950
v -0.01081486 -0.09561706 0.03667179
v -0.01070998 -0.09531936 0.03659465
v -0.01055565 -0.09505669 0.03648168
v -0.01035913 -0.09484136 0.03633819
v -0.01012964 -0.09468349 0.03617092
v -0.00987794 -0.09459047 0.03598770
v -0.00965635 -0.09456583 0.03581463
v -0.00960180 -0.09456738 0.03578695
v -0.00958777 -0.09456829 0.03577676
v -0.00957376 -0.09456941 0.03576658
v -0.01054734 -0.09457676 0.03419952
v -0.01130036 -0.09459150 0.03251409
v -0.01108813 -0.09490558 0.03536085
v -0.01141565 -0.09494261 0.03484805
v -0.01178514 -0.09495687 0.03410426
v -0.01187725 -0.09525530 0.03452536
v -0.01166043 -0.09473997 0.03356575
v -0.01217358 -0.09497868 0.03319103
v -0.01247005 -0.09503133 0.03247351
v -0.00770846 -0.08028035 -0.03975232
v -0.00783440 -0.08026073 -0.04010364
v -0.00794084 -0.08025122 -0.04028208
v -0.00807111 -0.08024295 -0.04044402
v -0.00822455 -0.08023601 -0.04058810
v -0.00839660 -0.08023063 -0.04070942
v -0.00858164 -0.08022697 -0.04080434
v -0.00884202 -0.08022476 -0.04088882
v -0.00904756 -0.08022510 -0.04092065
v -0.00927861 -0.08022753 -0.04092218
v -0.00945877 -0.08023091 -0.04089857
v -0.00963473 -0.08023553 -0.04085344
v -0.00770798 -0.08034316 -0.03975703
v -0.00783420 -0.08032368 -0.04010837
v -0.00794081 -0.08031428 -0.04028679
v -0.00807124 -0.08030613 -0.04044868
v -0.00822484 -0.08029930 -0.04059268
v -0.00839705 -0.08029403 -0.04071390
v -0.00858223 -0.08029048 -0.04080868
v -0.00884277 -0.08028839 -0.04089294
v -0.00904840 -0.08028882 -0.04092458
v -0.00927952 -0.08029132 -0.04092586
v -0.00945970 -0.08029474 -0.04090206
v -0.00963566 -0.08029937 -0.04085671
v -0.00965635 -0.09456583 0.03581463
v -0.00960180 -0.09456738 0.03578695
v -0.00958777 -0.09456829 0.03577676
v -0.00957376 -0.09456941 0.03576658
v -0.00965635 -0.09456573 0.03583124
v -0.00965635 -0.09456573 0.03583124
v -0.00965635 -0.09456583 0.03581463
v -0.01086538 -0.09593581 0.03670950
v -0.01081486 -0.09561706 0.03667179
v -0.01070998 -0.09531936 0.03659465
v -0.01055565 -0.09505669 0.03648168
v -0.01035913 -0.09484136 0.03633819
v -0.01012964 -0.09468349 0.03617092
v -0.00987794 -0.09459047 0.03598770
v -0.01061095 -0.09589790 0.03697603
v -0.01029830 -0.09587022 0.03717276
v -0.00994650 -0.09585447 0.03728767
v -0.00957701 -0.09585160 0.03731375
v -0.00921236 -0.09586179 0.03724944
v -0.00887478 -0.09588442 0.03709863
v -0.00858486 -0.09591810 0.03687053
v -0.00862451 -0.09556298 0.03679693
v -0.00872520 -0.09523760 0.03666619
v -0.00888097 -0.09496121 0.03648607
v -0.00908260 -0.09475016 0.03626720
v -0.00931818 -0.09461693 0.03602255
v -0.01051073 -0.09550443 0.03692895
v -0.01010801 -0.09550443 0.03714689
v -0.01051421 -0.09512213 0.03662097
v -0.00965635 -0.09550443 0.03722226
v -0.01021131 -0.09512213 0.03685673
v -0.00920469 -0.09550443 0.03714689
v -0.00984827 -0.09512213 0.03698136
v -0.01017170 -0.09482236 0.03649337
v -0.00880197 -0.09550443 0.03692895
v -0.00946442 -0.09512213 0.03698136
v -0.00992879 -0.09482236 0.03662483
v -0.00997911 -0.09463132 0.03612837
v -0.00910138 -0.09512213 0.03685673
v -0.00965635 -0.09482236 0.03667030
v -0.00986515 -0.09463132 0.03621707
v -0.00938390 -0.09482236 0.03662483
v -0.00972855 -0.09463132 0.03626397
v -0.00914098 -0.09482236 0.03649337
v -0.00958414 -0.09463132 0.03626397
v -0.00944754 -0.09463132 0.03621707
v -0.00933357 -0.09463132 0.03612837
v -0.00770798 -0.08034316 -0.03975703
v -0.00783420 -0.08032368 -0.04010837
v -0.00794081 -0.08031428 -0.04028679
v -0.00807124 -0.08030613 -0.04044868
v -0.00822484 -0.08029930 -0.04059268
v -0.00839705 -0.08029403 -0.04071390
v -0.00858223 -0.08029048 -0.04080868
v -0.00884277 -0.08028839 -0.04089294
v -0.00904840 -0.08028882 -0.04092458
v -0.00927952 -0.08029132 -0.04092586
v -0.00945970 -0.08029474 -0.04090206
v -0.00963566 -0.08029937 -0.04085671
v -0.00758687 -0.10177195 -0.04058460
v -0.00783919 -0.10176683 -0.04084406
v -0.00802325 -0.10176520 -0.04097130
v -0.00822424 -0.10176479 -0.04106961
v -0.00848468 -0.10176595 -0.04114720
v -0.00870668 -0.10176823 -0.04117512
v -0.00893034 -0.10177168 -0.04116950
v -0.00914535 -0.10177607 -0.04113208
v -0.00935268 -0.10178139 -0.04106402
v -0.00954782 -0.10178754 -0.04096642
v -0.00972673 -0.10179437 -0.04084154
v -0.00983217 -0.10179910 -0.04074745
v -0.00992826 -0.10180400 -0.04064384
v -0.00994416 -0.09224266 -0.04071447
v -0.00978873 -0.08627127 -0.04095623
v -0.00919499 -0.09700269 -0.04102194
v -0.00908083 -0.09700016 -0.04104330
v -0.00895974 -0.09699759 -0.04105613
v -0.00874680 -0.09699332 -0.04105483
v -0.00822740 -0.09146774 -0.04087697
v -0.00853153 -0.08627087 -0.04101701
v -0.00908899 -0.08327161 -0.04106711
v -0.00897623 -0.08627065 -0.04112193
v -0.00898568 -0.08327047 -0.04106017
v -0.00888058 -0.08326956 -0.04104569
v -0.00877474 -0.08326891 -0.04102332
v -0.00866663 -0.08326853 -0.04099201
v -0.00846607 -0.08326867 -0.04090917
v -0.00837664 -0.08227698 -0.04081597
v -0.00819852 -0.08228018 -0.04069046
v -0.00915185 -0.09186028 -0.04106878
v -0.00906415 -0.08888302 -0.04111927
v -0.01086538 -0.09593581 0.03670950
v -0.01061095 -0.09589790 0.03697603
v -0.01029830 -0.09587022 0.03717276
v -0.00994650 -0.09585447 0.03728767
v -0.00957701 -0.09585160 0.03731375
v -0.00921236 -0.09586179 0.03724944
v -0.00887478 -0.09588442 0.03709863
v -0.00858486 -0.09591810 0.03687053
v -0.01081406 -0.10181673 0.03740500
v -0.01055729 -0.10180611 0.03765455
v -0.01037195 -0.10180020 0.03777558
v -0.01017073 -0.10179496 0.03786786
v -0.00991131 -0.10178964 0.03793861
v -0.00969107 -0.10178624 0.03796148
v -0.00946988 -0.10178381 0.03795146
v -0.00925779 -0.10178242 0.03791047
v -0.00905372 -0.10178201 0.03783961
v -0.00886204 -0.10178262 0.03774001
v -0.00868663 -0.10178419 0.03761393
v -0.00858340 -0.10178570 0.03751947
v -0.00848944 -0.10178756 0.03741580
v -0.00758687 -0.10177195 -0.04058460
v -0.00783919 -0.10176683 -0.04084406
v -0.00802325 -0.10176520 -0.04097130
v -0.00822424 -0.10176479 -0.04106961
v -0.00848468 -0.10176595 -0.04114720
v -0.00870668 -0.10176823 -0.04117512
v -0.00893034 -0.10177168 -0.04116950
v -0.00914535 -0.10177607 -0.04113208
v -0.00935268 -0.10178139 -0.04106402
v -0.00954782 -0.10178754 -0.04096642
v -0.00972673 -0.10179437 -0.04084154
v -0.00983217 -0.10179910 -0.04074745
v -0.00992826 -0.10180400 -0.04064384
v -0.00758650 -0.10182245 -0.04058679
v -0.00783890 -0.10181733 -0.04084614
v -0.00802299 -0.10181571 -0.04097329
v -0.00822401 -0.10181532 -0.04107152
v -0.00848447 -0.10181650 -0.04114901
v -0.00870646 -0.10181879 -0.04117686
v -0.00893009 -0.10182225 -0.04117117
v -0.00914508 -0.10182666 -0.04113368
v -0.00935237 -0.10183199 -0.04106556
v -0.00954746 -0.10183814 -0.04096791
v -0.00972632 -0.10184498 -0.04084299
v -0.00983173 -0.10184969 -0.04074887
v -0.00992779 -0.10185459 -0.04064524
v -0.01081406 -0.10181673 0.03740500
v -0.01055729 -0.10180611 0.03765455
v -0.01037195 -0.10180020 0.03777558
v -0.01017073 -0.10179496 0.03786786
v -0.00991131 -0.10178964 0.03793861
v -0.00969107 -0.10178624 0.03796148
v -0.00946988 -0.10178381 0.03795146
v -0.00925779 -0.10178242 0.03791047
v -0.00905372 -0.10178201 0.03783961
v -0.00886204 -0.10178262 0.03774001
v -0.00868663 -0.10178419 0.03761393
v -0.00858340 -0.10178570 0.03751947
v -0.00848944 -0.10178756 0.03741580
v -0.01081350 -0.10187277 0.03740649
v -0.01055677 -0.10186285 0.03765608
v -0.01037145 -0.10185735 0.03777714
v -0.01017025 -0.10185249 0.03786946
v -0.00991086 -0.10184760 0.03794025
v -0.00969065 -0.10184449 0.03796316
v -0.00946946 -0.10184231 0.03795320
v -0.00925737 -0.10184111 0.03791226
v -0.00905330 -0.10184085 0.03784145
v -0.00886162 -0.10184155 0.03774190
v -0.00868619 -0.10184318 0.03761587
v -0.00858294 -0.10184472 0.03752143
v -0.00848895 -0.10184662 0.03741777
v -0.00758650 -0.10182245 -0.04058679
v -0.00783890 -0.10181733 -0.04084614
v -0.00802299 -0.10181571 -0.04097329
v -0.00822401 -0.10181532 -0.04107152
v -0.00848447 -0.10181650 -0.04114901
v -0.00870646 -0.10181879 -0.04117686
v -0.00893009 -0.10182225 -0.04117117
v -0.00914508 -0.10182666 -0.04113368
v -0.00935237 -0.10183199 -0.04106556
v -0.00954746 -0.10183814 -0.04096791
v -0.00972632 -0.10184498 -0.04084299
v -0.00983173 -0.10184969 -0.04074887
v -0.00992779 -0.10185459 -0.04064524
v -0.00752211 -0.11192442 -0.04086333
v -0.00750571 -0.12201651 -0.04043915
v -0.00782354 -0.12204819 -0.04061464
v -0.00817493 -0.12207024 -0.04070876
v -0.00853913 -0.12208136 -0.04071595
v -0.00889464 -0.12208090 -0.04063578
v -0.00922049 -0.12206889 -0.04047299
v -0.00949743 -0.12204603 -0.04023719
v -0.00970910 -0.12201367 -0.03994230
v -0.00977311 -0.11736254 -0.04046595
v -0.00983144 -0.11195263 -0.04072675
v -0.00840224 -0.12050797 -0.04090574
v -0.00909948 -0.11972771 -0.04083484
v -0.00891933 -0.11972969 -0.04090708
v -0.00871417 -0.11972915 -0.04095873
v -0.00825139 -0.11711922 -0.04115024
v -0.00870760 -0.11466215 -0.04127739
v -0.00915798 -0.11375986 -0.04119656
v -0.00870886 -0.11194492 -0.04133910
v -0.00870417 -0.10855888 -0.04134072
v -0.00914939 -0.11725714 -0.04102334
v -0.00824527 -0.11284265 -0.04128572
v -0.01081350 -0.10187277 0.03740649
v -0.01055677 -0.10186285 0.03765608
v -0.01037145 -0.10185735 0.03777714
v -0.01017025 -0.10185249 0.03786946
v -0.00991086 -0.10184760 0.03794025
v -0.00969065 -0.10184449 0.03796316
v -0.00946946 -0.10184231 0.03795320
v -0.00925737 -0.10184111 0.03791226
v -0.00905330 -0.10184085 0.03784145
v -0.00886162 -0.10184155 0.03774190
v -0.00868619 -0.10184318 0.03761587
v -0.00858294 -0.10184472 0.03752143
v -0.00848895 -0.10184662 0.03741777
v -0.01071233 -0.11310612 0.03749119
v -0.01064816 -0.11927081 0.03718882
v -0.01056010 -0.12429261 0.03657890
v -0.01039020 -0.12432295 0.03685619
v -0.01016402 -0.12434525 0.03709075
v -0.00989228 -0.12435846 0.03727146
v -0.00958787 -0.12436195 0.03738976
v -0.00926521 -0.12435556 0.03744004
v -0.00893962 -0.12433959 0.03741991
v -0.00862651 -0.12431479 0.03733033
v -0.00834075 -0.12428235 0.03717554
v -0.00839249 -0.11307021 0.03762404
v -0.00924664 -0.12265655 0.03764182
v -0.00976739 -0.12181987 0.03764538
v -0.00958224 -0.12181825 0.03769453
v -0.00993119 -0.12181930 0.03757962
v -0.00911065 -0.11888845 0.03790832
v -0.00957759 -0.11618524 0.03804128
v -0.01003435 -0.11516012 0.03796166
v -0.00961293 -0.10933482 0.03811249
v -0.00958383 -0.11309450 0.03810808
v -0.01002466 -0.11909647 0.03777085
v -0.00911428 -0.11411513 0.03805142
v -0.01003972 -0.11361549 0.03799962
v -0.00750571 -0.12201651 -0.04043915
v -0.00752421 -0.12235332 -0.04036652
v -0.00758862 -0.12266536 -0.04023407
v -0.00769556 -0.12293611 -0.04004882
v -0.00783934 -0.12315125 -0.03982056
v -0.00801236 -0.12329939 -0.03956139
v -0.00820547 -0.12337270 -0.03928499
v -0.00850455 -0.12336670 -0.03944187
v -0.00879794 -0.12328557 -0.03958831
v -0.00907072 -0.12313342 -0.03971689
v -0.00930910 -0.12291797 -0.03982109
v -0.00950097 -0.12265015 -0.03989563
v -0.00963659 -0.12234353 -0.03993673
v -0.00970910 -0.12201367 -0.03994230
v -0.00782354 -0.12204819 -0.04061464
v -0.00817493 -0.12207024 -0.04070876
v -0.00853913 -0.12208136 -0.04071595
v -0.00889464 -0.12208090 -0.04063578
v -0.00922049 -0.12206889 -0.04047299
v -0.00949743 -0.12204603 -0.04023719
v -0.00809172 -0.12322390 -0.03984240
v -0.00831236 -0.12322390 -0.03990798
v -0.00775307 -0.12292270 -0.04011093
v -0.00854222 -0.12322390 -0.03989579
v -0.00808334 -0.12292270 -0.04027451
v -0.00875469 -0.12322390 -0.03980725
v -0.00844935 -0.12292270 -0.04031789
v -0.00778542 -0.12250338 -0.04046083
v -0.00880870 -0.12292270 -0.04023604
v -0.00823113 -0.12250338 -0.04059331
v -0.00911982 -0.12292270 -0.04003846
v -0.00869546 -0.12250338 -0.04056869
v -0.00912467 -0.12250338 -0.04038981
v -0.00946905 -0.12250338 -0.04007739
v -0.01056010 -0.12429261 0.03657890
v -0.01039020 -0.12432295 0.03685619
v -0.01016402 -0.12434525 0.03709075
v -0.00989228 -0.12435846 0.03727146
v -0.00958787 -0.12436195 0.03738976
v -0.00926521 -0.12435556 0.03744004
v -0.00893962 -0.12433959 0.03741991
v -0.00862651 -0.12431479 0.03733033
v -0.00834075 -0.12428235 0.03717554
v -0.01049241 -0.12462335 0.03656080
v -0.01035921 -0.12493021 0.03651192
v -0.01016729 -0.12519762 0.03643476
v -0.00992640 -0.12541199 0.03633322
v -0.00964876 -0.12556243 0.03621248
v -0.00934849 -0.12564130 0.03607865
v -0.00904083 -0.12564459 0.03593854
v -0.00884499 -0.12558375 0.03623085
v -0.00866944 -0.12544186 0.03650752
v -0.00852413 -0.12522697 0.03675289
v -0.00841729 -0.12495124 0.03695304
v -0.00835498 -0.12463030 0.03709664
v -0.00974958 -0.12550225 0.03631864
v -0.00961136 -0.12550225 0.03646900
v -0.00943362 -0.12550225 0.03656959
v -0.00999288 -0.12520191 0.03668102
v -0.00923356 -0.12550225 0.03661069
v -0.00973151 -0.12520191 0.03688862
v -0.01033824 -0.12477875 0.03671036
v -0.00903056 -0.12550225 0.03658831
v -0.00941898 -0.12520191 0.03700583
v -0.01005112 -0.12477875 0.03702269
v -0.00884426 -0.12550225 0.03650461
v -0.00908555 -0.12520191 0.03702131
v -0.00968192 -0.12477875 0.03723164
v -0.00876350 -0.12520191 0.03693355
v -0.00926635 -0.12477875 0.03731701
v -0.00884467 -0.12477875 0.03727051
v -0.00820547 -0.12337270 -0.03928499
v -0.00850455 -0.12336670 -0.03944187
v -0.00879794 -0.12328557 -0.03958831
v -0.00907072 -0.12313342 -0.03971689
v -0.00930910 -0.12291797 -0.03982109
v -0.00950097 -0.12265015 -0.03989563
v -0.00963659 -0.12234353 -0.03993673
v -0.00970910 -0.12201367 -0.03994230
v -0.00887693 -0.12352182 -0.03776739
v -0.00920872 -0.12351908 -0.03789286
v -0.00953335 -0.12343351 -0.03800741
v -0.00983267 -0.12326981 -0.03810462
v -0.01008990 -0.12303716 -0.03817904
v -0.01029078 -0.12274866 -0.03822656
v -0.01040672 -0.12247702 -0.03824356
v -0.01047125 -0.12218827 -0.03823938
v -0.01056010 -0.12429261 0.03657890
v -0.01049241 -0.12462335 0.03656080
v -0.01035921 -0.12493021 0.03651192
v -0.01016729 -0.12519762 0.03643476
v -0.00992640 -0.12541199 0.03633322
v -0.00964876 -0.12556243 0.03621248
v -0.00934849 -0.12564130 0.03607865
v -0.00904083 -0.12564459 0.03593854
v -0.01124495 -0.12439883 0.03461864
v -0.01116632 -0.12472776 0.03461077
v -0.01101843 -0.12503085 0.03458400
v -0.01080882 -0.12529266 0.03453969
v -0.01054814 -0.12549988 0.03448009
v -0.01024966 -0.12564198 0.03440823
v -0.00992855 -0.12571171 0.03432777
v -0.00960116 -0.12570555 0.03424281
v -0.00887693 -0.12352182 -0.03776739
v -0.00920872 -0.12351908 -0.03789286
v -0.00953335 -0.12343351 -0.03800741
v -0.00983267 -0.12326981 -0.03810462
v -0.01008990 -0.12303716 -0.03817904
v -0.01029078 -0.12274866 -0.03822656
v -0.01040672 -0.12247702 -0.03824356
v -0.01047125 -0.12218827 -0.03823938
v -0.00990232 -0.12393397 -0.03365635
v -0.01026157 -0.12436966 -0.02942801
v -0.01061597 -0.12437932 -0.02944616
v -0.01096316 -0.12430589 -0.02945533
v -0.01128370 -0.12415330 -0.02945500
v -0.01155958 -0.12393012 -0.02944518
v -0.01177551 -0.12364896 -0.02942643
v -0.01190057 -0.12338151 -0.02940472
v -0.01197077 -0.12309512 -0.02937838
v -0.01157790 -0.12262923 -0.03387290
v -0.01113950 -0.12240518 -0.03608616
v -0.01027857 -0.12330359 -0.03709353
v -0.01042314 -0.12316995 -0.03712486
v -0.01054135 -0.12302971 -0.03714739
v -0.01022903 -0.12362062 -0.03593493
v -0.01081804 -0.12352249 -0.03492040
v -0.01117171 -0.12326303 -0.03459813
v -0.01100373 -0.12363243 -0.03383829
v -0.01124720 -0.12373375 -0.03236985
v -0.01086007 -0.12311491 -0.03606387
v -0.00982337 -0.12573814 0.03309618
v -0.00960116 -0.12570555 0.03424281
v -0.01124495 -0.12439883 0.03461864
v -0.01116632 -0.12472776 0.03461077
v -0.01101843 -0.12503085 0.03458400
v -0.01080882 -0.12529266 0.03453969
v -0.01054814 -0.12549988 0.03448009
v -0.01024966 -0.12564198 0.03440823
v -0.00992855 -0.12571171 0.03432777
v -0.01151408 -0.12445346 0.03332070
v -0.01142390 -0.12479913 0.03331892
v -0.01125721 -0.12511214 0.03330364
v -0.01102234 -0.12537740 0.03327564
v -0.01073249 -0.12557986 0.03323649
v -0.01040532 -0.12570745 0.03318859
v -0.01011527 -0.12575206 0.03314361
v -0.01026157 -0.12436966 -0.02942801
v -0.01061597 -0.12437932 -0.02944616
v -0.01096316 -0.12430589 -0.02945533
v -0.01128370 -0.12415330 -0.02945500
v -0.01155958 -0.12393012 -0.02944518
v -0.01177551 -0.12364896 -0.02942643
v -0.01190057 -0.12338151 -0.02940472
v -0.01197077 -0.12309512 -0.02937838
v -0.01026311 -0.12437300 -0.02939581
v -0.01061752 -0.12438267 -0.02941392
v -0.01096471 -0.12430925 -0.02942307
v -0.01128525 -0.12415666 -0.02942270
v -0.01156113 -0.12393349 -0.02941286
v -0.01177706 -0.12365234 -0.02939410
v -0.01190213 -0.12338489 -0.02937238
v -0.01197232 -0.12309850 -0.02934604
v -0.00981487 -0.12573687 0.03309379
v -0.00982337 -0.12573814 0.03309618
v -0.01151408 -0.12445346 0.03332070
v -0.01142390 -0.12479913 0.03331892
v -0.01125721 -0.12511214 0.03330364
v -0.01102234 -0.12537740 0.03327564
v -0.01073249 -0.12557986 0.03323649
v -0.01040532 -0.12570745 0.03318859
v -0.01011527 -0.12575206 0.03314361
v -0.01175386 -0.12456810 0.03078474
v -0.01166055 -0.12491061 0.03079128
v -0.01148964 -0.12522179 0.03079212
v -0.01125048 -0.12548417 0.03078731
v -0.01095652 -0.12568299 0.03077715
v -0.01062428 -0.12580731 0.03076220
v -0.01033150 -0.12584857 0.03074668
v -0.01003642 -0.12583165 0.03072903
v -0.01026311 -0.12437300 -0.02939581
v -0.01061752 -0.12438267 -0.02941392
v -0.01096471 -0.12430925 -0.02942307
v -0.01128525 -0.12415666 -0.02942270
v -0.01156113 -0.12393349 -0.02941286
v -0.01177706 -0.12365234 -0.02939410
v -0.01190213 -0.12338489 -0.02937238
v -0.01197232 -0.12309850 -0.02934604
v -0.01053359 -0.12509201 -0.02247313
v -0.01088820 -0.12510345 -0.02248549
v -0.01123587 -0.12503177 -0.02248899
v -0.01155713 -0.12488078 -0.02248340
v -0.01183394 -0.12465899 -0.02246903
v -0.01205093 -0.12437890 -0.02244671
v -0.01217698 -0.12411208 -0.02242290
v -0.01224815 -0.12382603 -0.02239535
v -0.01175386 -0.12456810 0.03078474
v -0.01166055 -0.12491061 0.03079128
v -0.01148964 -0.12522179 0.03079212
v -0.01125048 -0.12548417 0.03078731
v -0.01095652 -0.12568299 0.03077715
v -0.01062428 -0.12580731 0.03076220
v -0.01033150 -0.12584857 0.03074668
v -0.01003642 -0.12583165 0.03072903
v -0.01228107 -0.12498795 0.01873005
v -0.01218390 -0.12533974 0.01872841
v -0.01201428 -0.12564477 0.01872681
v -0.01178423 -0.12589728 0.01872541
v -0.01149686 -0.12609430 0.01872422
v -0.01116486 -0.12622156 0.01872310
v -0.01086590 -0.12626540 0.01872228
v -0.01055927 -0.12624784 0.01872175
v -0.01053359 -0.12509201 -0.02247313
v -0.01088820 -0.12510345 -0.02248549
v -0.01123587 -0.12503177 -0.02248899
v -0.01155713 -0.12488078 -0.02248340
v -0.01183394 -0.12465899 -0.02246903
v -0.01205093 -0.12437890 -0.02244671
v -0.01217698 -0.12411208 -0.02242290
v -0.01224815 -0.12382603 -0.02239535
v -0.01060580 -0.12536228 -0.01987626
v -0.01094673 -0.12537528 -0.01988846
v -0.01129297 -0.12530741 -0.01989691
v -0.01162397 -0.12515428 -0.01990062
v -0.01186228 -0.12497135 -0.01989995
v -0.01207082 -0.12472801 -0.01989549
v -0.01222316 -0.12444632 -0.01988689
v -0.01231986 -0.12409289 -0.01987292
v -0.01228107 -0.12498795 0.01873005
v -0.01218390 -0.12533974 0.01872841
v -0.01201428 -0.12564477 0.01872681
v -0.01178423 -0.12589728 0.01872541
v -0.01149686 -0.12609430 0.01872422
v -0.01116486 -0.12622156 0.01872310
v -0.01086590 -0.12626540 0.01872228
v -0.01055927 -0.12624784 0.01872175
v -0.01239614 -0.12499202 0.01509231
v -0.01230256 -0.12533452 0.01509011
v -0.01213127 -0.12564547 0.01508571
v -0.01189166 -0.12590742 0.01507935
v -0.01159721 -0.12610563 0.01507138
v -0.01126447 -0.12622919 0.01506225
v -0.01097129 -0.12626975 0.01505412
v -0.01067585 -0.12625208 0.01504586
v -0.01060580 -0.12536228 -0.01987626
v -0.01094673 -0.12537528 -0.01988846
v -0.01129297 -0.12530741 -0.01989691
v -0.01162397 -0.12515428 -0.01990062
v -0.01186228 -0.12497135 -0.01989995
v -0.01207082 -0.12472801 -0.01989549
v -0.01222316 -0.12444632 -0.01988689
v -0.01231986 -0.12409289 -0.01987292
v -0.01063632 -0.12540768 -0.01893449
v -0.01099095 -0.12541975 -0.01894632
v -0.01133862 -0.12534831 -0.01895391
v -0.01165988 -0.12519720 -0.01895681
v -0.01193666 -0.12497489 -0.01895487
v -0.01215363 -0.12469395 -0.01894819
v -0.01227962 -0.12442618 -0.01893926
v -0.01235075 -0.12413902 -0.01892766
v -0.01239614 -0.12499202 0.01509231
v -0.01230256 -0.12533452 0.01509011
v -0.01213127 -0.12564547 0.01508571
v -0.01189166 -0.12590742 0.01507935
v -0.01159721 -0.12610563 0.01507138
v -0.01126447 -0.12622919 0.01506225
v -0.01097129 -0.12626975 0.01505412
v -0.01067585 -0.12625208 0.01504586
v -0.01259241 -0.12501495 -0.00037835
v -0.01249880 -0.12535743 -0.00037755
v -0.01232744 -0.12566838 -0.00037663
v -0.01208775 -0.12593032 -0.00037564
v -0.01179320 -0.12612853 -0.00037465
v -0.01146034 -0.12625209 -0.00037371
v -0.01116705 -0.12629264 -0.00037300
v -0.01087149 -0.12627498 -0.00037238
v -0.01063632 -0.12540768 -0.01893449
v -0.01099095 -0.12541975 -0.01894632
v -0.01133862 -0.12534831 -0.01895391
v -0.01165988 -0.12519720 -0.01895681
v -0.01193666 -0.12497489 -0.01895487
v -0.01215363 -0.12469395 -0.01894819
v -0.01227962 -0.12442618 -0.01893926
v -0.01235075 -0.12413902 -0.01892766
v -0.01087501 -0.12614303 -0.00377645
v -0.01122978 -0.12615692 -0.00377749
v -0.01157790 -0.12608728 -0.00377445
v -0.01189988 -0.12593782 -0.00376748
v -0.01217762 -0.12571693 -0.00375698
v -0.01239573 -0.12543710 -0.00374353
v -0.01252276 -0.12516997 -0.00373062
v -0.01259498 -0.12488317 -0.00371668
v -0.01259241 -0.12501495 -0.00037835
v -0.01249880 -0.12535743 -0.00037755
v -0.01232744 -0.12566838 -0.00037663
v -0.01208775 -0.12593032 -0.00037564
v -0.01179320 -0.12612853 -0.00037465
v -0.01146034 -0.12625209 -0.00037371
v -0.01116705 -0.12629264 -0.00037300
v -0.01087149 -0.12627498 -0.00037238
v -0.01259061 -0.12501609 -0.00101972
v -0.01250034 -0.12535015 -0.00103542
v -0.01234714 -0.12563874 -0.00104741
v -0.01214948 -0.12587348 -0.00105575
v -0.01191556 -0.12605837 -0.00106065
v -0.01163083 -0.12620052 -0.00106210
v -0.01132111 -0.12627965 -0.00105974
v -0.01109556 -0.12629495 -0.00105583
v -0.01086957 -0.12627618 -0.00105010
v -0.01087501 -0.12614303 -0.00377645
v -0.01122978 -0.12615692 -0.00377749
v -0.01157790 -0.12608728 -0.00377445
v -0.01189988 -0.12593782 -0.00376748
v -0.01217762 -0.12571693 -0.00375698
v -0.01239573 -0.12543710 -0.00374353
v -0.01252276 -0.12516997 -0.00373062
v -0.01259498 -0.12488317 -0.00371668
v -0.01086957 -0.12627618 -0.00105010
v -0.01259061 -0.12501609 -0.00101972
v -0.01250034 -0.12535015 -0.00103542
v -0.01234714 -0.12563874 -0.00104741
v -0.01214948 -0.12587348 -0.00105575
v -0.01191556 -0.12605837 -0.00106065
v -0.01163083 -0.12620052 -0.00106210
v -0.01132111 -0.12627965 -0.00105974
v -0.01109556 -0.12629495 -0.00105583
f 2 1 5
f 4 2 5
f 3 2 4
f 7 10 11
f 7 6 10
f 8 11 9
f 8 7 11
f 18 13 12
f 14 13 18
f 15 14 18
f 16 18 17
f 16 15 18
f 30 20 19
f 30 21 20
f 31 30 19
f 32 26 31
f 32 31 19
f 33 27 26
f 33 28 27
f 34 19 18
f 34 32 19
f 35 29 28
f 35 12 29
f 35 36 34
f 35 34 18
f 35 33 36
f 35 18 12
f 35 28 33
f 37 25 24
f 37 26 25
f 37 31 26
f 37 30 31
f 38 22 21
f 38 23 22
f 38 24 23
f 38 30 37
f 38 37 24
f 38 21 30
f 39 26 32
f 39 34 36
f 39 32 34
f 39 33 26
f 39 36 33
f 46 43 44
f 46 44 45
f 40 42 43
f 40 43 46
f 41 40 46
f 55 48 47
f 49 55 47
f 57 49 51
f 56 50 52
f 57 53 54
f 57 55 49
f 61 59 58
f 60 61 58
f 65 63 62
f 65 64 63
f 70 68 66
f 69 71 67
f 75 73 72
f 74 75 72
f 79 77 76
f 79 78 77
f 85 82 80
f 83 84 81
f 89 87 86
f 88 89 86
f 90 93 92
f 94 91 96
f 95 93 90
f 101 99 98
f 101 100 99
f 102 101 98
f 97 102 98
f 103 102 97
f 107 105 104
f 106 107 104
f 108 123 122
f 108 124 123
f 108 125 124
f 108 126 125
f 108 121 126
f 127 119 120
f 127 120 121
f 127 121 108
f 128 116 117
f 128 117 118
f 128 118 119
f 128 119 127
f 129 128 127
f 130 108 109
f 130 129 127
f 130 127 108
f 131 116 128
f 132 112 111
f 132 111 116
f 132 116 131
f 133 109 110
f 133 110 115
f 134 113 112
f 134 114 113
f 134 115 114
f 134 132 135
f 134 133 115
f 134 135 133
f 134 112 132
f 136 128 129
f 136 132 131
f 136 131 128
f 136 130 109
f 136 129 130
f 136 135 132
f 136 109 133
f 136 133 135
f 141 139 138
f 141 140 139
f 142 138 137
f 142 141 138
f 148 143 147
f 144 148 146
f 145 144 146
f 143 148 144
f 155 149 154
f 150 149 155
f 153 150 155
f 151 150 153
f 152 151 153
f 158 162 161
f 158 156 162
f 159 157 160
f 170 176 171
f 169 175 176
f 169 176 170
f 168 174 175
f 168 175 169
f 167 173 174
f 167 174 168
f 163 172 173
f 163 173 167
f 165 164 163
f 166 163 167
f 166 165 163
f 184 180 181
f 179 180 184
f 183 179 184
f 178 179 183
f 182 178 183
f 187 178 182
f 177 186 185
f 177 187 186
f 177 178 187
f 194 189 188
f 190 194 188
f 191 195 194
f 191 194 190
f 192 193 195
f 192 195 191
f 197 196 198
f 197 198 199
f 205 202 204
f 203 202 205
f 206 203 205
f 200 203 206
f 201 200 206
f 208 207 209
f 208 209 210
f 219 212 211
f 213 219 211
f 220 219 213
f 214 220 213
f 217 220 214
f 215 218 217
f 215 216 218
f 215 217 214
f 225 223 224
f 221 223 225
f 222 221 225
f 232 229 228
f 232 228 231
f 233 229 232
f 230 229 233
f 227 226 230
f 233 227 230
f 237 234 236
f 235 234 237
f 247 240 244
f 241 240 247
f 246 241 247
f 242 241 246
f 245 242 246
f 243 242 245
f 248 243 245
f 249 243 248
f 238 243 249
f 239 238 249
f 257 252 255
f 256 253 257
f 254 253 256
f 251 250 254
f 251 254 256
f 253 252 257
f 259 260 258
f 264 260 259
f 261 260 264
f 263 261 264
f 262 261 263
f 288 282 281
f 288 283 282
f 288 284 283
f 287 281 277
f 287 288 281
f 278 287 277
f 286 287 278
f 279 286 278
f 285 279 280
f 285 286 279
f 290 280 274
f 290 285 280
f 289 274 275
f 289 290 274
f 265 275 276
f 265 289 275
f 272 276 273
f 272 265 276
f 266 265 272
f 267 266 272
f 270 272 271
f 268 267 272
f 269 272 270
f 269 268 272
f 293 291 294
f 292 291 293
f 297 296 295
f 303 297 295
f 298 297 303
f 299 298 303
f 302 299 303
f 300 302 301
f 300 299 302
f 306 304 307
f 305 304 306
f 308 324 317
f 318 308 317
f 309 308 318
f 319 309 318
f 310 309 319
f 320 310 319
f 311 310 320
f 321 311 320
f 312 311 321
f 322 312 321
f 313 312 322
f 323 313 322
f 314 313 323
f 316 314 323
f 315 314 316
f 326 325 327
f 337 329 328
f 338 329 337
f 335 333 332
f 335 334 333
f 336 335 339
f 340 330 329
f 340 331 330
f 341 338 339
f 341 340 329
f 341 331 340
f 341 329 338
f 342 332 331
f 342 331 341
f 342 335 332
f 342 339 335
f 342 341 339
f 346 343 344
f 346 344 348
f 345 348 347
f 345 346 348
f 353 349 351
f 366 350 349
f 366 353 352
f 366 352 354
f 366 365 350
f 366 349 353
f 367 364 365
f 367 365 366
f 368 367 366
f 368 366 354
f 369 367 368
f 369 368 354
f 370 362 363
f 370 363 364
f 370 364 367
f 370 367 369
f 371 362 370
f 372 370 369
f 372 371 370
f 373 354 355
f 373 369 354
f 373 372 369
f 374 371 372
f 374 372 373
f 375 373 355
f 375 374 373
f 375 371 374
f 376 361 362
f 376 362 371
f 376 371 375
f 377 376 375
f 378 360 361
f 378 361 376
f 378 376 377
f 379 378 377
f 380 355 356
f 380 375 355
f 380 377 375
f 380 379 377
f 381 380 356
f 381 378 379
f 381 379 380
f 382 356 357
f 382 357 358
f 382 358 359
f 382 359 360
f 382 360 378
f 382 381 356
f 382 378 381
f 386 388 387
f 385 389 388
f 385 388 386
f 384 390 389
f 384 389 385
f 383 390 384
f 404 405 403
f 409 394 393
f 409 395 394
f 409 407 395
f 410 409 393
f 411 392 391
f 411 393 392
f 411 391 396
f 411 410 393
f 412 397 398
f 412 413 414
f 415 398 399
f 415 399 400
f 415 413 412
f 415 412 398
f 415 416 413
f 417 408 418
f 419 405 406
f 419 406 408
f 419 408 417
f 420 418 416
f 420 416 415
f 420 417 418
f 421 401 402
f 421 402 403
f 421 403 405
f 421 405 419
f 421 419 417
f 421 417 420
f 422 400 401
f 422 401 421
f 422 415 400
f 422 420 415
f 422 421 420
f 423 414 413
f 423 410 414
f 423 409 410
f 423 407 409
f 424 408 407
f 424 423 413
f 424 418 408
f 424 416 418
f 424 407 423
f 424 413 416
f 425 414 410
f 425 411 396
f 425 410 411
f 426 396 397
f 426 425 396
f 426 414 425
f 426 397 412
f 426 412 414
f 432 427 431
f 428 427 432
f 429 432 433
f 429 428 432
f 435 433 434
f 435 429 433
f 430 429 435
f 437 440 441
f 437 438 440
f 436 441 439
f 436 437 441
f 443 442 446
f 444 443 445
f 445 443 446
f 451 448 447
f 451 447 449
f 451 449 450
f 451 450 448
f 466 453 452
f 466 465 464
f 466 452 465
f 467 454 453
f 467 463 462
f 467 464 463
f 467 453 466
f 467 466 464
f 468 455 454
f 468 462 461
f 468 467 462
f 468 454 467
f 469 459 458
f 469 460 459
f 469 461 460
f 470 469 458
f 470 468 461
f 470 461 469
f 471 456 455
f 471 457 456
f 471 458 457
f 471 470 458
f 472 455 468
f 472 471 455
f 472 470 471
f 472 468 470
f 482 473 474
f 491 475 476
f 491 476 477
f 491 477 478
f 491 478 490
f 492 474 475
f 492 475 491
f 492 482 474
f 493 488 487
f 493 489 488
f 493 490 489
f 494 487 486
f 494 493 487
f 495 486 485
f 495 494 486
f 496 480 481
f 496 481 482
f 496 498 497
f 496 482 492
f 496 492 498
f 499 484 483
f 499 485 484
f 499 495 485
f 499 496 497
f 500 492 491
f 500 491 490
f 500 498 492
f 501 500 490
f 502 501 490
f 503 497 498
f 503 498 500
f 503 500 501
f 503 501 502
f 504 494 495
f 504 495 499
f 504 493 494
f 504 490 493
f 504 499 497
f 504 497 503
f 504 502 490
f 504 503 502
f 505 479 480
f 505 483 479
f 505 499 483
f 505 480 496
f 505 496 499
f 511 509 510
f 512 516 511
f 517 506 507
f 517 514 513
f 517 513 506
f 518 507 508
f 518 515 514
f 518 517 507
f 518 514 517
f 519 508 509
f 519 516 515
f 519 515 518
f 519 509 511
f 519 518 508
f 519 511 516
f 527 536 528
f 520 522 521
f 520 523 522
f 520 524 523
f 520 525 524
f 520 526 525
f 520 527 526
f 543 527 520
f 544 534 535
f 544 535 536
f 544 543 542
f 544 536 527
f 544 527 543
f 545 533 534
f 545 542 541
f 545 544 542
f 545 534 544
f 546 529 530
f 546 537 529
f 546 538 537
f 547 532 533
f 547 541 540
f 547 545 541
f 547 533 545
f 548 531 532
f 548 540 539
f 548 547 540
f 548 532 547
f 549 530 531
f 549 539 538
f 549 531 548
f 549 548 539
f 549 538 546
f 549 546 530
f 571 555 556
f 571 556 557
f 572 557 570
f 572 571 557
f 573 554 555
f 573 555 571
f 574 573 571
f 574 571 572
f 575 574 572
f 576 551 552
f 577 550 551
f 577 551 576
f 578 577 576
f 578 550 577
f 579 570 569
f 580 578 576
f 581 568 567
f 581 569 568
f 581 579 569
f 581 582 579
f 583 578 580
f 584 566 565
f 584 567 566
f 584 581 567
f 584 582 581
f 585 561 550
f 585 550 578
f 585 578 583
f 586 587 575
f 586 588 587
f 589 591 590
f 592 558 559
f 592 589 590
f 592 593 589
f 592 559 593
f 594 558 592
f 594 592 590
f 594 562 558
f 594 563 562
f 594 590 563
f 595 552 553
f 595 553 554
f 595 554 573
f 595 576 552
f 596 576 595
f 596 595 573
f 597 575 572
f 597 570 579
f 597 572 570
f 597 579 582
f 598 573 574
f 598 574 575
f 598 575 587
f 598 596 573
f 598 587 588
f 599 598 588
f 599 596 598
f 600 599 588
f 601 576 596
f 601 596 599
f 601 599 600
f 601 580 576
f 602 600 588
f 602 588 603
f 602 601 600
f 604 597 582
f 604 575 597
f 604 586 575
f 605 584 565
f 605 582 584
f 605 604 582
f 606 605 565
f 606 586 604
f 606 604 605
f 607 560 561
f 607 580 601
f 607 601 602
f 607 602 603
f 607 561 585
f 607 583 580
f 607 585 583
f 608 588 586
f 608 603 588
f 609 607 603
f 609 560 607
f 610 608 586
f 611 610 586
f 612 559 560
f 612 560 609
f 612 589 593
f 612 603 608
f 612 609 603
f 612 593 559
f 612 591 589
f 612 608 591
f 613 590 591
f 613 608 610
f 613 610 611
f 613 591 608
f 614 564 563
f 614 565 564
f 614 590 613
f 614 586 606
f 614 611 586
f 614 563 590
f 614 613 611
f 614 606 565
f 616 624 615
f 623 622 618
f 619 623 618
f 620 623 619
f 625 622 621
f 625 621 624
f 625 624 616
f 626 616 617
f 626 617 618
f 626 625 616
f 626 622 625
f 626 618 622
f 629 627 628
f 629 636 627
f 629 637 636
f 630 638 637
f 630 637 629
f 631 639 638
f 631 638 630
f 632 640 639
f 632 639 631
f 633 635 640
f 633 640 632
f 634 635 633
f 643 641 642
f 643 651 641
f 644 652 651
f 644 651 643
f 645 653 652
f 645 652 644
f 646 654 653
f 646 653 645
f 647 655 654
f 647 654 646
f 648 650 655
f 648 655 647
f 649 650 648
f 665 663 664
f 670 662 663
f 670 663 665
f 669 661 662
f 669 662 670
f 668 660 661
f 668 661 669
f 667 659 660
f 667 660 668
f 666 658 659
f 666 659 667
f 656 657 658
f 656 658 666
f 677 678 679
f 684 677 679
f 683 676 677
f 683 677 684
f 682 675 676
f 682 676 683
f 681 674 675
f 681 675 682
f 680 673 674
f 680 674 681
f 671 672 673
f 671 673 680
f 686 695 685
f 687 696 695
f 687 695 686
f 688 697 696
f 688 696 687
f 689 698 697
f 689 697 688
f 690 699 698
f 690 698 689
f 691 700 699
f 691 699 690
f 692 694 700
f 692 700 691
f 693 694 692
f 709 707 708
f 710 706 707
f 710 707 709
f 711 705 706
f 711 706 710
f 712 704 705
f 712 705 711
f 713 703 704
f 713 704 712
f 714 702 703
f 714 703 713
f 715 702 714
f 717 701 702
f 717 715 716
f 717 716 701
f 717 702 715
f 723 718 719
f 723 719 720
f 723 720 721
f 723 721 722
f 723 722 718
f 731 733 732
f 734 733 731
f 730 734 731
f 735 730 729
f 735 734 730
f 736 729 728
f 736 735 729
f 737 728 727
f 737 736 728
f 738 727 726
f 738 737 727
f 739 738 726
f 725 739 726
f 724 739 725
f 757 740 741
f 745 743 744
f 749 748 753
f 758 750 754
f 758 754 755
f 758 755 756
f 758 756 757
f 759 742 743
f 759 745 746
f 759 760 742
f 759 743 745
f 761 741 742
f 761 742 760
f 761 757 741
f 761 760 758
f 761 758 757
f 762 759 746
f 762 760 759
f 763 752 751
f 763 753 752
f 763 749 753
f 764 746 747
f 764 747 749
f 764 749 763
f 764 762 746
f 764 763 762
f 765 760 762
f 765 750 758
f 765 758 760
f 765 762 763
f 766 751 750
f 766 763 751
f 766 750 765
f 766 765 763
f 778 771 770
f 778 772 771
f 778 776 772
f 779 770 769
f 779 775 776
f 779 776 778
f 779 778 770
f 780 774 775
f 780 775 779
f 781 769 768
f 781 779 769
f 781 780 779
f 782 780 781
f 782 774 780
f 783 773 774
f 783 774 782
f 784 773 783
f 784 783 782
f 785 781 768
f 785 782 781
f 786 768 767
f 786 767 777
f 786 785 768
f 786 784 782
f 786 782 785
f 787 777 773
f 787 773 784
f 787 786 777
f 787 784 786
f 789 791 790
f 793 789 788
f 793 792 791
f 793 788 792
f 793 791 789
f 795 809 810
f 811 808 807
f 812 797 798
f 812 798 799
f 812 799 800
f 813 795 794
f 813 794 796
f 813 807 806
f 813 806 809
f 813 809 795
f 814 813 796
f 814 807 813
f 815 796 797
f 815 797 812
f 815 812 811
f 815 807 814
f 815 811 807
f 815 814 796
f 816 805 808
f 816 812 800
f 816 811 812
f 816 808 811
f 817 805 816
f 818 805 817
f 819 800 801
f 819 816 800
f 819 817 816
f 819 818 817
f 820 801 802
f 820 804 803
f 820 802 804
f 820 803 805
f 820 819 801
f 820 805 818
f 820 818 819
f 830 829 832
f 835 830 832
f 826 827 828
f 822 834 833
f 822 833 823
f 836 831 830
f 837 835 834
f 837 836 830
f 837 830 835
f 838 825 826
f 838 828 831
f 838 826 828
f 838 831 836
f 839 837 834
f 839 834 822
f 840 824 825
f 840 838 836
f 840 836 837
f 840 825 838
f 841 822 821
f 841 821 824
f 841 837 839
f 841 824 840
f 841 839 822
f 841 840 837
f 846 847 850
f 855 843 842
f 855 845 843
f 855 842 854
f 856 852 851
f 856 853 852
f 856 854 853
f 856 855 854
f 857 844 845
f 857 847 848
f 857 848 849
f 857 849 844
f 858 851 850
f 858 847 857
f 858 850 847
f 859 855 856
f 859 856 851
f 859 845 855
f 860 845 859
f 860 859 851
f 861 857 845
f 861 858 857
f 861 851 858
f 861 860 851
f 861 845 860
f 874 863 862
f 874 864 863
f 874 873 872
f 874 862 873
f 875 865 864
f 875 872 871
f 875 864 874
f 875 874 872
f 876 866 865
f 876 867 866
f 876 868 867
f 876 869 868
f 876 870 869
f 876 871 870
f 876 875 871
f 876 865 875
f 879 881 880
f 878 881 879
f 877 881 878
f 883 884 885
f 887 882 881
f 887 884 882
f 887 886 885
f 887 877 886
f 887 881 877
f 887 885 884
f 888 889 890
f 892 888 890
f 891 892 890
f 901 898 902
f 899 901 900
f 899 898 901
f 903 896 895
f 903 897 896
f 904 897 903
f 905 898 897
f 905 897 904
f 906 894 893
f 906 895 894
f 906 893 902
f 906 903 895
f 907 906 902
f 907 904 903
f 907 902 898
f 907 903 906
f 908 898 905
f 908 905 904
f 908 907 898
f 908 904 907
f 909 912 910
f 914 913 911
f 915 913 914
f 915 914 911
f 916 911 912
f 916 915 911
f 917 909 913
f 917 913 915
f 917 916 912
f 917 912 909
f 917 915 916
f 930 919 918
f 923 921 920
f 929 933 928
f 934 920 919
f 934 922 923
f 934 927 922
f 934 930 931
f 934 919 930
f 934 923 920
f 935 926 927
f 935 931 932
f 935 934 931
f 935 927 934
f 936 932 933
f 936 935 932
f 936 933 929
f 937 924 925
f 937 925 926
f 937 929 924
f 937 926 935
f 937 935 936
f 937 936 929
f 942 941 949
f 957 952 951
f 957 953 952
f 957 954 953
f 958 955 954
f 958 956 955
f 958 954 957
f 959 951 950
f 959 957 951
f 960 958 957
f 960 957 959
f 961 943 944
f 961 944 945
f 961 950 943
f 961 959 950
f 962 940 939
f 963 945 946
f 963 960 959
f 963 961 945
f 963 959 961
f 963 962 960
f 964 946 947
f 964 947 948
f 964 963 946
f 964 962 963
f 964 940 962
f 965 941 940
f 965 948 949
f 965 964 948
f 965 940 964
f 965 949 941
f 966 939 938
f 966 938 956
f 966 956 958
f 966 962 939
f 966 958 960
f 966 960 962
f 975 976 977
f 978 971 970
f 978 974 975
f 978 977 971
f 978 975 977
f 979 969 968
f 979 970 969
f 979 973 974
f 979 978 970
f 979 974 978
f 980 968 967
f 980 967 972
f 980 972 973
f 980 973 979
f 980 979 968
f 988 990 989
f 998 991 990
f 998 992 991
f 998 990 988
f 999 988 987
f 999 998 988
f 1000 993 992
f 1000 992 998
f 1001 987 986
f 1001 1000 998
f 1001 999 987
f 1001 998 999
f 1002 994 993
f 1002 993 1000
f 1003 986 985
f 1003 1001 986
f 1003 1000 1001
f 1003 1002 1000
f 1004 995 994
f 1004 1002 1003
f 1004 994 1002
f 1005 985 984
f 1005 1003 985
f 1005 1004 1003
f 1006 996 995
f 1006 995 1004
f 1007 984 983
f 1007 1005 984
f 1007 1004 1005
f 1007 1006 1004
f 1008 982 981
f 1008 997 996
f 1008 981 997
f 1008 996 1006
f 1008 1006 1007
f 1009 983 982
f 1009 982 1008
f 1009 1007 983
f 1009 1008 1007
f 1026 1025 1024
f 1015 1022 1014
f 1013 1012 1021
f 1032 1024 1023
f 1032 1027 1026
f 1032 1026 1024
f 1033 1027 1032
f 1034 1023 1022
f 1034 1032 1023
f 1035 1028 1027
f 1035 1027 1033
f 1036 1033 1032
f 1036 1032 1034
f 1037 1029 1028
f 1037 1028 1035
f 1038 1015 1016
f 1038 1022 1015
f 1038 1034 1022
f 1039 1035 1033
f 1039 1033 1036
f 1040 1030 1029
f 1040 1031 1030
f 1040 1010 1031
f 1040 1029 1037
f 1041 1016 1017
f 1041 1036 1034
f 1041 1034 1038
f 1041 1038 1016
f 1042 1037 1035
f 1042 1040 1037
f 1042 1035 1039
f 1043 1017 1018
f 1043 1036 1041
f 1043 1041 1017
f 1043 1039 1036
f 1044 1040 1042
f 1045 1018 1019
f 1045 1044 1042
f 1045 1042 1039
f 1045 1043 1018
f 1045 1039 1043
f 1046 1011 1010
f 1046 1010 1040
f 1046 1040 1044
f 1047 1019 1020
f 1047 1044 1045
f 1047 1045 1019
f 1048 1012 1011
f 1048 1020 1021
f 1048 1011 1046
f 1048 1021 1012
f 1048 1047 1020
f 1048 1046 1044
f 1048 1044 1047
f 1055 1056 1057
f 1058 1057 1051
f 1058 1055 1057
f 1059 1051 1050
f 1059 1054 1055
f 1059 1058 1051
f 1059 1055 1058
f 1060 1050 1049
f 1060 1053 1054
f 1060 1059 1050
f 1060 1054 1059
f 1061 1049 1052
f 1061 1052 1053
f 1061 1060 1049
f 1061 1053 1060
f 1070 1063 1062
f 1072 1070 1071
f 1072 1063 1070
f 1073 1064 1063
f 1073 1063 1072
f 1074 1065 1064
f 1074 1064 1073
f 1075 1066 1065
f 1075 1065 1074
f 1076 1067 1066
f 1076 1066 1075
f 1077 1068 1067
f 1077 1067 1076
f 1078 1069 1068
f 1078 1068 1077
f 1099 1088 1089
f 1099 1089 1090
f 1099 1090 1091
f 1099 1091 1092
f 1099 1092 1093
f 1099 1093 1094
f 1099 1094 1095
f 1099 1095 1096
f 1099 1096 1097
f 1100 1099 1097
f 1100 1088 1099
f 1101 1087 1088
f 1101 1088 1100
f 1102 1097 1098
f 1103 1102 1098
f 1104 1080 1079
f 1104 1081 1080
f 1104 1082 1081
f 1104 1083 1082
f 1104 1084 1083
f 1104 1085 1084
f 1104 1086 1085
f 1104 1079 1087
f 1104 1098 1086
f 1104 1087 1103
f 1104 1103 1098
f 1105 1101 1100
f 1105 1100 1097
f 1105 1102 1106
f 1105 1106 1101
f 1105 1097 1102
f 1107 1103 1087
f 1107 1106 1102
f 1107 1087 1101
f 1107 1101 1106
f 1107 1102 1103
f 1108 1116 1109
f 1125 1110 1109
f 1125 1111 1110
f 1125 1112 1111
f 1125 1113 1112
f 1125 1114 1113
f 1125 1115 1114
f 1125 1116 1117
f 1125 1117 1118
f 1125 1118 1119
f 1125 1119 1120
f 1125 1120 1121
f 1125 1121 1122
f 1125 1122 1123
f 1125 1123 1124
f 1125 1124 1115
f 1125 1109 1116
f 1146 1127 1126
f 1146 1128 1127
f 1146 1129 1128
f 1146 1130 1129
f 1147 1130 1146
f 1148 1131 1130
f 1148 1132 1131
f 1148 1133 1132
f 1148 1145 1133
f 1148 1130 1147
f 1149 1126 1134
f 1149 1146 1126
f 1149 1147 1146
f 1150 1149 1134
f 1151 1144 1145
f 1151 1145 1150
f 1152 1144 1151
f 1153 1134 1135
f 1153 1152 1134
f 1154 1153 1135
f 1155 1143 1144
f 1155 1144 1154
f 1156 1135 1136
f 1156 1136 1137
f 1156 1137 1138
f 1157 1155 1158
f 1159 1138 1139
f 1159 1139 1140
f 1159 1140 1141
f 1159 1141 1142
f 1159 1142 1143
f 1159 1143 1155
f 1159 1156 1138
f 1159 1158 1156
f 1159 1155 1157
f 1159 1157 1158
f 1160 1145 1148
f 1160 1148 1147
f 1160 1149 1150
f 1160 1150 1145
f 1160 1147 1149
f 1161 1151 1150
f 1161 1150 1134
f 1161 1152 1151
f 1161 1134 1152
f 1162 1152 1153
f 1162 1153 1154
f 1162 1144 1152
f 1162 1154 1144
f 1163 1135 1156
f 1163 1154 1135
f 1163 1155 1154
f 1163 1158 1155
f 1163 1156 1158
f 1171 1180 1181
f 1170 1179 1180
f 1170 1180 1171
f 1169 1178 1179
f 1169 1179 1170
f 1168 1176 1177
f 1168 1177 1178
f 1168 1178 1169
f 1167 1175 1176
f 1167 1176 1168
f 1166 1173 1174
f 1166 1174 1175
f 1166 1175 1167
f 1165 1172 1173
f 1165 1173 1166
f 1164 1172 1165
f 1183 1202 1182
f 1196 1194 1195
f 1191 1189 1190
f 1191 1192 1193
f 1193 1194 1191
f 1191 1194 1196
f 1208 1200 1201
f 1208 1207 1206
f 1208 1201 1207
f 1209 1206 1205
f 1209 1208 1206
f 1210 1198 1199
f 1210 1199 1200
f 1210 1200 1208
f 1211 1204 1203
f 1211 1205 1204
f 1211 1209 1205
f 1212 1210 1208
f 1212 1208 1209
f 1213 1183 1184
f 1213 1203 1202
f 1213 1211 1203
f 1213 1202 1183
f 1214 1212 1209
f 1214 1209 1211
f 1215 1197 1198
f 1215 1198 1210
f 1215 1210 1212
f 1216 1211 1213
f 1216 1214 1211
f 1217 1215 1212
f 1217 1212 1214
f 1218 1196 1197
f 1218 1197 1215
f 1219 1184 1185
f 1219 1213 1184
f 1219 1216 1213
f 1220 1217 1214
f 1220 1214 1216
f 1221 1196 1218
f 1221 1215 1217
f 1221 1218 1215
f 1222 1216 1219
f 1222 1220 1216
f 1223 1196 1221
f 1223 1217 1220
f 1223 1221 1217
f 1224 1185 1186
f 1224 1186 1187
f 1224 1219 1185
f 1224 1222 1219
f 1225 1196 1223
f 1225 1191 1196
f 1225 1220 1222
f 1225 1223 1220
f 1226 1191 1225
f 1226 1225 1222
f 1226 1222 1224
f 1227 1226 1224
f 1227 1224 1187
f 1227 1191 1226
f 1228 1187 1188
f 1228 1227 1187
f 1228 1191 1227
f 1229 1188 1189
f 1229 1228 1188
f 1229 1191 1228
f 1229 1189 1191
f 1238 1247 1239
f 1246 1247 1238
f 1237 1246 1238
f 1245 1246 1237
f 1236 1245 1237
f 1244 1245 1236
f 1235 1244 1236
f 1234 1244 1235
f 1243 1244 1234
f 1233 1243 1234
f 1242 1243 1233
f 1232 1242 1233
f 1231 1241 1242
f 1231 1242 1232
f 1230 1240 1241
f 1230 1241 1231
f 1252 1249 1248
f 1253 1250 1249
f 1253 1251 1250
f 1253 1249 1252
f 1254 1261 1251
f 1254 1262 1261
f 1254 1251 1253
f 1255 1263 1262
f 1255 1262 1254
f 1256 1264 1263
f 1256 1263 1255
f 1257 1265 1264
f 1257 1264 1256
f 1258 1260 1265
f 1258 1265 1257
f 1259 1260 1258
f 1285 1276 1277
f 1285 1277 1278
f 1285 1278 1279
f 1285 1279 1280
f 1285 1280 1281
f 1285 1281 1282
f 1285 1282 1283
f 1285 1283 1284
f 1286 1284 1266
f 1286 1285 1284
f 1286 1276 1285
f 1287 1275 1276
f 1287 1276 1286
f 1288 1275 1287
f 1289 1266 1267
f 1289 1272 1271
f 1289 1273 1272
f 1289 1274 1273
f 1289 1267 1274
f 1289 1288 1266
f 1289 1275 1288
f 1290 1275 1289
f 1290 1289 1271
f 1291 1269 1268
f 1291 1270 1269
f 1291 1271 1270
f 1291 1268 1275
f 1291 1290 1271
f 1291 1275 1290
f 1292 1287 1286
f 1292 1266 1288
f 1292 1288 1287
f 1292 1286 1266
f 1301 1294 1293
f 1302 1295 1294
f 1302 1294 1301
f 1303 1296 1295
f 1303 1295 1302
f 1304 1297 1296
f 1304 1296 1303
f 1305 1298 1297
f 1305 1297 1304
f 1306 1299 1298
f 1306 1298 1305
f 1307 1300 1299
f 1307 1299 1306
f 1308 1300 1307
f 1316 1323 1324
f 1315 1322 1323
f 1315 1323 1316
f 1314 1321 1322
f 1314 1322 1315
f 1313 1321 1314
f 1312 1320 1321
f 1312 1321 1313
f 1311 1319 1320
f 1311 1320 1312
f 1310 1318 1319
f 1310 1319 1311
f 1309 1317 1318
f 1309 1318 1310
f 1335 1333 1334
f 1336 1333 1335
f 1341 1342 1340
f 1343 1332 1331
f 1343 1342 1332
f 1344 1342 1343
f 1345 1336 1337
f 1345 1337 1338
f 1345 1338 1339
f 1345 1339 1340
f 1345 1344 1333
f 1345 1333 1336
f 1345 1342 1344
f 1345 1340 1342
f 1346 1326 1325
f 1346 1327 1326
f 1346 1328 1327
f 1346 1329 1328
f 1346 1330 1329
f 1346 1331 1330
f 1346 1325 1333
f 1346 1343 1331
f 1346 1333 1344
f 1346 1344 1343
f 1363 1348 1347
f 1363 1349 1348
f 1363 1350 1349
f 1363 1351 1350
f 1363 1352 1351
f 1363 1353 1352
f 1363 1354 1353
f 1363 1347 1355
f 1363 1355 1356
f 1363 1356 1357
f 1363 1357 1358
f 1363 1358 1359
f 1363 1359 1360
f 1363 1360 1361
f 1363 1361 1362
f 1363 1362 1354
f 1370 1378 1379
f 1370 1379 1371
f 1369 1377 1378
f 1369 1378 1370
f 1368 1376 1377
f 1368 1377 1369
f 1367 1375 1376
f 1367 1376 1368
f 1374 1375 1367
f 1366 1374 1367
f 1373 1374 1366
f 1365 1373 1366
f 1372 1373 1365
f 1364 1372 1365
f 1394 1395 1396
f 1386 1396 1387
f 1386 1394 1396
f 1385 1393 1394
f 1385 1394 1386
f 1384 1392 1393
f 1384 1393 1385
f 1383 1391 1392
f 1383 1392 1384
f 1382 1390 1391
f 1382 1391 1383
f 1381 1389 1390
f 1381 1390 1382
f 1380 1388 1389
f 1380 1389 1381
f 1404 1411 1412
f 1403 1410 1411
f 1403 1411 1404
f 1402 1409 1410
f 1402 1410 1403
f 1401 1408 1409
f 1401 1409 1402
f 1400 1408 1401
f 1399 1407 1408
f 1399 1408 1400
f 1398 1406 1407
f 1398 1407 1399
f 1397 1405 1406
f 1397 1406 1398
f 1429 1426 1427
f 1429 1427 1428
f 1421 1422 1423
f 1419 1429 1420
f 1418 1429 1419
f 1414 1421 1415
f 1413 1421 1414
f 1430 1416 1415
f 1430 1417 1416
f 1430 1418 1417
f 1430 1423 1424
f 1430 1424 1425
f 1430 1425 1426
f 1430 1426 1429
f 1430 1421 1423
f 1430 1429 1418
f 1430 1415 1421
f 1432 1431 1439
f 1440 1432 1439
f 1441 1433 1432
f 1441 1432 1440
f 1442 1434 1433
f 1442 1433 1441
f 1443 1435 1434
f 1443 1434 1442
f 1444 1436 1435
f 1444 1435 1443
f 1445 1437 1436
f 1445 1436 1444
f 1446 1438 1437
f 1446 1437 1445
f 1455 1448 1447
f 1455 1447 1454
f 1456 1449 1448
f 1456 1448 1455
f 1457 1450 1449
f 1457 1449 1456
f 1458 1451 1450
f 1458 1450 1457
f 1459 1452 1451
f 1459 1451 1458
f 1460 1453 1452
f 1460 1452 1459
f 1461 1453 1460
f 1491 1480 1481
f 1491 1481 1482
f 1491 1482 1483
f 1491 1483 1484
f 1492 1475 1476
f 1492 1476 1477
f 1492 1477 1478
f 1492 1478 1479
f 1492 1479 1480
f 1492 1480 1491
f 1493 1484 1485
f 1493 1491 1484
f 1494 1493 1485
f 1495 1474 1475
f 1495 1475 1494
f 1496 1494 1485
f 1496 1474 1495
f 1496 1495 1494
f 1497 1485 1486
f 1497 1496 1485
f 1498 1497 1486
f 1499 1473 1474
f 1500 1473 1499
f 1500 1498 1486
f 1500 1499 1498
f 1501 1486 1487
f 1501 1500 1486
f 1502 1501 1487
f 1502 1500 1501
f 1502 1473 1500
f 1503 1472 1473
f 1503 1473 1502
f 1504 1502 1487
f 1504 1472 1503
f 1504 1503 1502
f 1505 1487 1488
f 1505 1504 1487
f 1506 1472 1504
f 1506 1505 1488
f 1506 1504 1505
f 1507 1471 1472
f 1507 1472 1506
f 1508 1506 1488
f 1508 1471 1507
f 1508 1507 1506
f 1509 1488 1489
f 1509 1508 1488
f 1510 1508 1509
f 1510 1471 1508
f 1511 1471 1510
f 1511 1470 1471
f 1512 1470 1511
f 1513 1512 1489
f 1513 1489 1490
f 1514 1512 1513
f 1514 1513 1490
f 1514 1470 1512
f 1515 1462 1470
f 1515 1470 1514
f 1516 1467 1466
f 1516 1468 1467
f 1516 1469 1468
f 1516 1490 1469
f 1517 1516 1466
f 1518 1463 1462
f 1518 1464 1463
f 1518 1465 1464
f 1518 1466 1465
f 1518 1462 1515
f 1518 1517 1466
f 1519 1492 1491
f 1519 1491 1493
f 1519 1475 1492
f 1519 1494 1475
f 1519 1493 1494
f 1520 1496 1497
f 1520 1499 1474
f 1520 1497 1498
f 1520 1498 1499
f 1520 1474 1496
f 1521 1509 1489
f 1521 1510 1509
f 1521 1511 1510
f 1521 1512 1511
f 1521 1489 1512
f 1522 1514 1490
f 1522 1515 1514
f 1522 1490 1516
f 1522 1516 1517
f 1522 1518 1515
f 1522 1517 1518
f 1531 1524 1523
f 1532 1525 1524
f 1532 1524 1531
f 1533 1526 1525
f 1533 1525 1532
f 1534 1527 1526
f 1534 1526 1533
f 1535 1528 1527
f 1535 1527 1534
f 1536 1529 1528
f 1536 1528 1535
f 1537 1530 1529
f 1537 1529 1536
f 1538 1530 1537
f 1546 1544 1545
f 1560 1543 1544
f 1560 1546 1547
f 1560 1544 1546
f 1561 1539 1540
f 1561 1553 1539
f 1562 1547 1548
f 1562 1560 1547
f 1563 1542 1543
f 1563 1543 1560
f 1564 1541 1542
f 1565 1553 1561
f 1565 1561 1540
f 1566 1548 1549
f 1566 1562 1548
f 1567 1560 1562
f 1567 1563 1560
f 1568 1564 1542
f 1568 1542 1563
f 1569 1540 1541
f 1569 1554 1553
f 1569 1553 1565
f 1569 1565 1540
f 1570 1549 1550
f 1570 1550 1551
f 1570 1566 1549
f 1571 1562 1566
f 1571 1567 1562
f 1572 1563 1567
f 1572 1568 1563
f 1573 1569 1541
f 1573 1564 1568
f 1573 1554 1569
f 1573 1541 1564
f 1574 1551 1552
f 1574 1552 1559
f 1574 1570 1551
f 1575 1566 1570
f 1575 1571 1566
f 1576 1572 1567
f 1576 1567 1571
f 1577 1568 1572
f 1577 1573 1568
f 1577 1554 1573
f 1578 1559 1558
f 1578 1574 1559
f 1578 1570 1574
f 1578 1575 1570
f 1579 1571 1575
f 1579 1576 1571
f 1580 1554 1577
f 1580 1572 1576
f 1580 1577 1572
f 1581 1575 1578
f 1581 1579 1575
f 1582 1554 1580
f 1582 1576 1579
f 1582 1580 1576
f 1583 1581 1578
f 1583 1557 1556
f 1583 1558 1557
f 1583 1578 1558
f 1584 1579 1581
f 1584 1555 1554
f 1584 1554 1582
f 1584 1582 1579
f 1585 1583 1556
f 1585 1556 1555
f 1585 1555 1584
f 1585 1581 1583
f 1585 1584 1581
f 1587 1586 1594
f 1595 1587 1594
f 1588 1587 1595
f 1596 1588 1595
f 1589 1588 1596
f 1597 1589 1596
f 1590 1589 1597
f 1598 1590 1597
f 1591 1590 1598
f 1599 1591 1598
f 1592 1591 1599
f 1600 1592 1599
f 1593 1592 1600
f 1601 1593 1600
f 1610 1603 1602
f 1611 1604 1603
f 1611 1603 1610
f 1612 1605 1604
f 1612 1604 1611
f 1613 1606 1605
f 1613 1605 1612
f 1614 1607 1606
f 1614 1606 1613
f 1615 1608 1607
f 1615 1607 1614
f 1616 1609 1608
f 1616 1608 1615
f 1617 1609 1616
f 1626 1619 1618
f 1628 1626 1627
f 1629 1626 1628
f 1635 1625 1624
f 1633 1635 1632
f 1634 1635 1633
f 1636 1620 1619
f 1636 1621 1620
f 1636 1622 1621
f 1636 1623 1622
f 1636 1624 1623
f 1636 1619 1626
f 1636 1635 1624
f 1637 1629 1630
f 1637 1630 1631
f 1637 1631 1632
f 1637 1635 1636
f 1637 1636 1626
f 1637 1626 1629
f 1637 1632 1635
f 1639 1638 1646
f 1647 1639 1646
f 1640 1639 1647
f 1648 1640 1647
f 1641 1640 1648
f 1649 1641 1648
f 1650 1642 1641
f 1650 1641 1649
f 1651 1643 1642
f 1651 1642 1650
f 1652 1644 1643
f 1652 1643 1651
f 1645 1644 1652
f 1653 1645 1652
f 1655 1654 1662
f 1663 1655 1662
f 1664 1656 1655
f 1664 1655 1663
f 1665 1656 1664
f 1657 1656 1665
f 1666 1657 1665
f 1667 1658 1657
f 1667 1657 1666
f 1668 1659 1658
f 1668 1658 1667
f 1669 1659 1668
f 1660 1659 1669
f 1670 1660 1669
f 1671 1661 1660
f 1671 1660 1670
f 1672 1661 1671
f 1695 1673 1681
f 1696 1697 1695
f 1698 1697 1696
f 1699 1694 1680
f 1699 1697 1698
f 1699 1698 1696
f 1699 1680 1697
f 1699 1696 1695
f 1700 1681 1682
f 1701 1700 1702
f 1703 1700 1701
f 1704 1693 1694
f 1704 1700 1703
f 1705 1701 1702
f 1705 1700 1682
f 1705 1702 1700
f 1705 1703 1701
f 1705 1704 1703
f 1706 1674 1673
f 1706 1675 1674
f 1706 1673 1695
f 1706 1695 1697
f 1707 1699 1695
f 1707 1695 1681
f 1708 1704 1694
f 1708 1700 1704
f 1709 1689 1690
f 1709 1690 1691
f 1709 1691 1692
f 1709 1692 1693
f 1709 1693 1704
f 1709 1704 1705
f 1710 1676 1675
f 1710 1677 1676
f 1710 1678 1677
f 1710 1679 1678
f 1710 1680 1679
f 1710 1675 1706
f 1710 1697 1680
f 1710 1706 1697
f 1711 1694 1699
f 1711 1712 1694
f 1711 1699 1707
f 1713 1712 1681
f 1713 1681 1700
f 1713 1700 1708
f 1714 1682 1683
f 1714 1683 1684
f 1714 1684 1685
f 1714 1685 1686
f 1714 1686 1687
f 1714 1687 1688
f 1714 1688 1689
f 1714 1705 1682
f 1714 1689 1709
f 1714 1709 1705
f 1715 1681 1712
f 1715 1707 1681
f 1715 1712 1711
f 1715 1711 1707
f 1716 1694 1712
f 1716 1712 1713
f 1716 1708 1694
f 1716 1713 1708
f 1741 1737 1738
f 1741 1738 1739
f 1741 1739 1740
f 1729 1730 1731
f 1726 1742 1727
f 1725 1742 1726
f 1743 1731 1732
f 1743 1732 1733
f 1743 1733 1734
f 1743 1734 1735
f 1743 1735 1736
f 1743 1736 1737
f 1743 1737 1741
f 1743 1729 1731
f 1744 1743 1741
f 1744 1729 1743
f 1745 1744 1741
f 1746 1728 1729
f 1746 1744 1745
f 1746 1745 1728
f 1746 1729 1744
f 1747 1741 1742
f 1747 1745 1741
f 1748 1747 1742
f 1748 1745 1747
f 1748 1728 1745
f 1749 1718 1717
f 1749 1719 1718
f 1749 1720 1719
f 1749 1721 1720
f 1749 1722 1721
f 1749 1723 1722
f 1749 1724 1723
f 1749 1725 1724
f 1749 1717 1728
f 1749 1728 1748
f 1749 1748 1742
f 1749 1742 1725
f 1751 1750 1762
f 1763 1751 1762
f 1752 1751 1763
f 1764 1752 1763
f 1753 1752 1764
f 1765 1753 1764
f 1754 1753 1765
f 1766 1754 1765
f 1755 1754 1766
f 1767 1755 1766
f 1768 1756 1755
f 1768 1755 1767
f 1769 1757 1756
f 1769 1756 1768
f 1770 1758 1757
f 1770 1757 1769
f 1771 1759 1758
f 1771 1758 1770
f 1772 1760 1759
f 1772 1759 1771
f 1773 1761 1760
f 1773 1760 1772
f 1782 1781 1788
f 1795 1793 1794
f 1787 1779 1780
f 1778 1775 1774
f 1778 1779 1775
f 1775 1779 1776
f 1776 1779 1777
f 1777 1779 1787
f 1777 1787 1799
f 1800 1783 1782
f 1800 1788 1789
f 1800 1782 1788
f 1801 1789 1790
f 1801 1800 1789
f 1802 1784 1783
f 1803 1790 1791
f 1803 1801 1790
f 1804 1800 1801
f 1804 1802 1783
f 1804 1783 1800
f 1805 1791 1792
f 1805 1792 1793
f 1805 1803 1791
f 1806 1804 1801
f 1806 1801 1803
f 1807 1785 1784
f 1807 1786 1785
f 1807 1784 1802
f 1807 1802 1804
f 1808 1795 1796
f 1808 1793 1795
f 1808 1805 1793
f 1809 1806 1803
f 1809 1803 1805
f 1810 1804 1806
f 1810 1807 1804
f 1811 1787 1786
f 1812 1796 1797
f 1812 1808 1796
f 1812 1809 1805
f 1812 1805 1808
f 1813 1810 1806
f 1813 1806 1809
f 1814 1787 1811
f 1814 1811 1786
f 1814 1786 1807
f 1814 1807 1810
f 1815 1809 1812
f 1815 1813 1809
f 1816 1810 1813
f 1816 1787 1814
f 1816 1814 1810
f 1817 1797 1798
f 1817 1812 1797
f 1817 1815 1812
f 1818 1799 1787
f 1818 1787 1816
f 1818 1813 1815
f 1818 1816 1813
f 1819 1815 1817
f 1819 1818 1815
f 1819 1817 1798
f 1819 1799 1818
f 1820 1819 1798
f 1820 1799 1819
f 1820 1798 1799
f 1848 1840 1841
f 1848 1841 1842
f 1848 1842 1843
f 1848 1843 1844
f 1848 1844 1845
f 1848 1845 1846
f 1849 1839 1840
f 1849 1848 1846
f 1849 1840 1848
f 1850 1849 1846
f 1850 1839 1849
f 1851 1833 1834
f 1851 1834 1835
f 1851 1835 1836
f 1851 1836 1837
f 1851 1837 1838
f 1851 1838 1839
f 1851 1850 1846
f 1851 1839 1850
f 1852 1821 1833
f 1852 1833 1851
f 1853 1821 1852
f 1854 1847 1832
f 1854 1855 1847
f 1856 1855 1854
f 1857 1855 1856
f 1858 1855 1857
f 1859 1855 1858
f 1859 1853 1855
f 1860 1853 1859
f 1861 1826 1825
f 1861 1827 1826
f 1861 1828 1827
f 1861 1829 1828
f 1861 1830 1829
f 1861 1831 1830
f 1861 1832 1831
f 1861 1857 1856
f 1861 1854 1832
f 1861 1858 1857
f 1861 1856 1854
f 1861 1859 1858
f 1861 1860 1859
f 1862 1822 1821
f 1862 1823 1822
f 1862 1824 1823
f 1862 1825 1824
f 1862 1821 1853
f 1862 1861 1825
f 1862 1853 1860
f 1862 1860 1861
f 1863 1851 1846
f 1863 1852 1851
f 1864 1846 1847
f 1864 1847 1855
f 1864 1863 1846
f 1864 1855 1853
f 1864 1853 1852
f 1864 1852 1863
f 1874 1866 1865
f 1874 1865 1873
f 1875 1867 1866
f 1875 1866 1874
f 1876 1867 1875
f 1877 1868 1867
f 1877 1867 1876
f 1878 1869 1868
f 1878 1868 1877
f 1879 1869 1878
f 1880 1870 1869
f 1880 1869 1879
f 1881 1870 1880
f 1882 1871 1870
f 1882 1870 1881
f 1883 1871 1882
f 1884 1872 1871
f 1884 1871 1883
f 1885 1872 1884
f 1900 1887 1886
f 1900 1886 1899
f 1901 1888 1887
f 1901 1887 1900
f 1902 1889 1888
f 1902 1888 1901
f 1903 1890 1889
f 1903 1889 1902
f 1904 1891 1890
f 1904 1890 1903
f 1892 1891 1904
f 1905 1892 1904
f 1893 1892 1905
f 1906 1893 1905
f 1894 1893 1906
f 1907 1894 1906
f 1895 1894 1907
f 1908 1895 1907
f 1896 1895 1908
f 1909 1896 1908
f 1897 1896 1909
f 1910 1897 1909
f 1898 1897 1910
f 1911 1898 1910
f 1926 1913 1912
f 1926 1912 1925
f 1927 1914 1913
f 1927 1913 1926
f 1928 1915 1914
f 1928 1914 1927
f 1929 1916 1915
f 1929 1915 1928
f 1930 1917 1916
f 1930 1916 1929
f 1931 1918 1917
f 1931 1917 1930
f 1932 1919 1918
f 1932 1918 1931
f 1933 1920 1919
f 1933 1919 1932
f 1934 1921 1920
f 1934 1920 1933
f 1935 1922 1921
f 1935 1921 1934
f 1936 1923 1922
f 1936 1922 1935
f 1937 1924 1923
f 1937 1923 1936
f 1962 1952 1953
f 1962 1953 1954
f 1962 1954 1955
f 1962 1955 1956
f 1962 1956 1957
f 1962 1957 1958
f 1963 1958 1959
f 1963 1959 1960
f 1963 1962 1958
f 1964 1962 1963
f 1965 1962 1964
f 1966 1951 1952
f 1966 1962 1965
f 1966 1952 1962
f 1967 1951 1966
f 1968 1960 1961
f 1968 1967 1960
f 1969 1968 1961
f 1970 1939 1938
f 1970 1940 1939
f 1970 1941 1940
f 1970 1942 1941
f 1970 1943 1942
f 1970 1944 1943
f 1970 1945 1944
f 1970 1946 1945
f 1970 1947 1946
f 1970 1948 1947
f 1970 1949 1948
f 1970 1950 1949
f 1970 1938 1951
f 1970 1961 1950
f 1970 1969 1961
f 1970 1951 1969
f 1971 1960 1967
f 1971 1964 1963
f 1971 1967 1966
f 1971 1963 1960
f 1971 1965 1964
f 1971 1966 1965
f 1972 1951 1967
f 1972 1967 1968
f 1972 1968 1969
f 1972 1969 1951
f 1998 1989 1990
f 1998 1990 1991
f 1998 1991 1992
f 1998 1992 1993
f 1998 1993 1994
f 1998 1994 1995
f 1998 1995 1996
f 1999 1998 2000
f 2001 1987 1988
f 2001 1988 1989
f 2001 1998 1999
f 2001 1989 1998
f 2002 1996 1997
f 2002 2000 1998
f 2002 1998 1996
f 2003 2002 1997
f 2004 1986 1987
f 2004 1987 2003
f 2005 1974 1973
f 2005 1975 1974
f 2005 1976 1975
f 2005 1977 1976
f 2005 1978 1977
f 2005 1979 1978
f 2005 1980 1979
f 2005 1981 1980
f 2005 1982 1981
f 2005 1983 1982
f 2005 1984 1983
f 2005 1985 1984
f 2005 1973 1986
f 2005 1997 1985
f 2005 2006 1997
f 2005 1986 2006
f 2007 1999 2000
f 2007 2001 1999
f 2007 2000 2002
f 2007 2003 1987
f 2007 2002 2003
f 2007 1987 2001
f 2008 1997 2006
f 2008 2003 1997
f 2008 2004 2003
f 2009 2008 2006
f 2009 1986 2004
f 2009 2006 1986
f 2009 2004 2008
f 2017 2015 2016
f 2024 2010 2011
f 2023 2029 2022
f 2030 2014 2015
f 2031 2015 2017
f 2031 2030 2015
f 2032 2012 2013
f 2032 2013 2014
f 2032 2014 2030
f 2033 2031 2017
f 2034 2012 2032
f 2034 2032 2030
f 2034 2030 2031
f 2035 2017 2018
f 2035 2018 2019
f 2035 2033 2017
f 2036 2031 2033
f 2036 2034 2031
f 2037 2011 2012
f 2037 2025 2024
f 2037 2012 2034
f 2037 2024 2011
f 2038 2033 2035
f 2038 2036 2033
f 2039 2026 2025
f 2039 2025 2037
f 2039 2037 2034
f 2039 2034 2036
f 2040 2019 2020
f 2040 2020 2021
f 2040 2035 2019
f 2040 2038 2035
f 2041 2027 2026
f 2041 2026 2039
f 2041 2036 2038
f 2041 2039 2036
f 2042 2028 2027
f 2042 2027 2041
f 2042 2038 2040
f 2042 2041 2038
f 2043 2021 2022
f 2043 2029 2028
f 2043 2028 2042
f 2043 2022 2029
f 2043 2040 2021
f 2043 2042 2040
f 2045 2044 2053
f 2059 2060 2058
f 2052 2051 2064
f 2065 2056 2057
f 2066 2057 2058
f 2066 2056 2065
f 2066 2065 2057
f 2067 2066 2058
f 2068 2054 2055
f 2068 2055 2056
f 2068 2056 2066
f 2069 2067 2058
f 2070 2066 2067
f 2070 2068 2066
f 2071 2046 2045
f 2071 2053 2054
f 2071 2045 2053
f 2072 2069 2058
f 2072 2058 2060
f 2073 2067 2069
f 2073 2070 2067
f 2074 2047 2046
f 2074 2068 2070
f 2074 2046 2071
f 2074 2054 2068
f 2074 2071 2054
f 2075 2060 2061
f 2075 2072 2060
f 2076 2069 2072
f 2076 2073 2069
f 2077 2048 2047
f 2077 2070 2073
f 2077 2047 2074
f 2077 2074 2070
f 2078 2061 2062
f 2078 2062 2063
f 2078 2075 2061
f 2078 2072 2075
f 2078 2076 2072
f 2079 2049 2048
f 2079 2050 2049
f 2079 2077 2073
f 2079 2048 2077
f 2079 2073 2076
f 2080 2051 2050
f 2080 2063 2064
f 2080 2050 2079
f 2080 2064 2051
f 2080 2078 2063
f 2080 2076 2078
f 2080 2079 2076
f 2089 2082 2081
f 2090 2083 2082
f 2090 2082 2089
f 2091 2084 2083
f 2091 2083 2090
f 2092 2085 2084
f 2092 2084 2091
f 2093 2086 2085
f 2093 2085 2092
f 2094 2087 2086
f 2094 2086 2093
f 2095 2088 2087
f 2095 2087 2094
f 2096 2088 2095
f 2103 2111 2112
f 2103 2112 2104
f 2102 2110 2111
f 2102 2111 2103
f 2101 2108 2109
f 2101 2109 2110
f 2101 2110 2102
f 2100 2107 2108
f 2100 2108 2101
f 2099 2106 2107
f 2099 2107 2100
f 2098 2105 2106
f 2098 2106 2099
f 2097 2105 2098
f 2132 2114 2113
f 2132 2115 2114
f 2132 2116 2115
f 2132 2117 2116
f 2133 2117 2132
f 2134 2118 2117
f 2134 2119 2118
f 2134 2120 2119
f 2134 2131 2120
f 2134 2117 2133
f 2135 2113 2121
f 2135 2132 2113
f 2136 2135 2121
f 2137 2130 2131
f 2138 2130 2137
f 2138 2136 2121
f 2138 2137 2136
f 2139 2121 2122
f 2139 2122 2123
f 2139 2123 2124
f 2139 2124 2125
f 2139 2125 2126
f 2139 2126 2127
f 2139 2127 2128
f 2139 2128 2129
f 2139 2129 2130
f 2139 2130 2138
f 2139 2138 2121
f 2140 2131 2134
f 2140 2135 2136
f 2140 2137 2131
f 2140 2132 2135
f 2140 2134 2133
f 2140 2133 2132
f 2140 2136 2137
f 2142 2156 2141
f 2149 2155 2156
f 2149 2156 2142
f 2148 2154 2155
f 2148 2155 2149
f 2147 2153 2154
f 2147 2154 2148
f 2146 2152 2153
f 2146 2153 2147
f 2145 2151 2152
f 2145 2152 2146
f 2144 2150 2151
f 2144 2151 2145
f 2143 2150 2144
f 2158 2157 2165
f 2166 2158 2165
f 2159 2158 2166
f 2167 2159 2166
f 2160 2159 2167
f 2168 2160 2167
f 2161 2160 2168
f 2169 2161 2168
f 2162 2161 2169
f 2170 2162 2169
f 2163 2162 2170
f 2171 2163 2170
f 2164 2163 2171
f 2172 2164 2171
f 2174 2188 2189
f 2174 2189 2173
f 2181 2187 2188
f 2181 2188 2174
f 2180 2186 2187
f 2180 2187 2181
f 2179 2185 2186
f 2179 2186 2180
f 2178 2184 2185
f 2178 2185 2179
f 2177 2183 2184
f 2177 2184 2178
f 2176 2182 2183
f 2176 2183 2177
f 2175 2182 2176
f 2196 2203 2204
f 2196 2204 2205
f 2196 2205 2197
f 2195 2202 2203
f 2195 2203 2196
f 2194 2201 2202
f 2194 2202 2195
f 2193 2200 2201
f 2193 2201 2194
f 2192 2199 2200
f 2192 2200 2193
f 2191 2198 2199
f 2191 2199 2192
f 2190 2198 2191
f 2214 2207 2206
f 2215 2208 2207
f 2215 2207 2214
f 2216 2209 2208
f 2216 2208 2215
f 2217 2209 2216
f 2218 2210 2209
f 2218 2209 2217
f 2219 2211 2210
f 2219 2210 2218
f 2220 2212 2211
f 2220 2211 2219
f 2221 2213 2212
f 2221 2212 2220
f 2231 2223 2222
f 2231 2222 2230
f 2232 2224 2223
f 2232 2223 2231
f 2233 2225 2224
f 2233 2224 2232
f 2234 2226 2225
f 2234 2225 2233
f 2235 2227 2226
f 2235 2226 2234
f 2236 2228 2227
f 2236 2227 2235
f 2237 2229 2228
f 2237 2228 2236
f 2247 2239 2238
f 2247 2238 2246
f 2248 2240 2239
f 2248 2239 2247
f 2249 2241 2240
f 2249 2240 2248
f 2250 2242 2241
f 2250 2241 2249
f 2251 2243 2242
f 2251 2242 2250
f 2252 2244 2243
f 2252 2243 2251
f 2253 2245 2244
f 2253 2244 2252
f 2262 2255 2254
f 2263 2256 2255
f 2263 2255 2262
f 2264 2257 2256
f 2264 2256 2263
f 2265 2258 2257
f 2265 2257 2264
f 2266 2259 2258
f 2266 2258 2265
f 2267 2260 2259
f 2267 2259 2266
f 2268 2261 2260
f 2268 2260 2267
f 2269 2261 2268
f 2278 2271 2270
f 2279 2271 2278
f 2280 2272 2271
f 2280 2271 2279
f 2281 2273 2272
f 2281 2272 2280
f 2282 2274 2273
f 2282 2273 2281
f 2283 2275 2274
f 2283 2274 2282
f 2284 2276 2275
f 2284 2275 2283
f 2285 2277 2276
f 2285 2276 2284
f 2293 2300 2301
f 2292 2299 2300
f 2292 2300 2293
f 2291 2298 2299
f 2291 2299 2292
f 2290 2297 2298
f 2290 2298 2291
f 2289 2296 2297
f 2289 2297 2290
f 2288 2295 2296
f 2288 2296 2289
f 2287 2294 2295
f 2287 2295 2288
f 2286 2294 2287
f 2310 2303 2302
f 2311 2303 2310
f 2312 2304 2303
f 2312 2303 2311
f 2313 2305 2304
f 2313 2304 2312
f 2314 2306 2305
f 2314 2305 2313
f 2315 2307 2306
f 2315 2306 2314
f 2316 2308 2307
f 2316 2307 2315
f 2317 2309 2308
f 2317 2308 2316
f 2318 2309 2317
f 2335 2320 2319
f 2335 2319 2327
f 2334 2321 2320
f 2334 2320 2335
f 2333 2322 2321
f 2333 2321 2334
f 2332 2322 2333
f 2331 2323 2322
f 2331 2322 2332
f 2330 2324 2323
f 2330 2323 2331
f 2329 2325 2324
f 2329 2324 2330
f 2328 2326 2325
f 2328 2325 2329

