# https://github.com/mikedh/trimesh
v 0.00695088 -0.00117813 -0.00938460
v 0.00693663 -0.00119813 -0.00960401
v 0.00689991 -0.00126005 -0.00981272
v 0.00684253 -0.00136088 -0.01000057
v 0.00676729 -0.00149569 -0.01015839
v 0.00667785 -0.00165793 -0.01027849
v 0.00657858 -0.00183967 -0.01035503
v 0.00647431 -0.00203207 -0.01038425
v 0.00713366 -0.00130486 -0.00938460
v 0.00728391 -0.00146886 -0.00938460
v 0.00739419 -0.00166201 -0.00938460
v 0.00745905 -0.00187476 -0.00938460
v 0.00747527 -0.00209658 -0.00938460
v 0.00744207 -0.00231651 -0.00938460
v 0.00686779 -0.00216295 -0.01029867
v 0.00705929 -0.00221416 -0.01018175
v 0.00721989 -0.00225710 -0.01002262
v 0.00734110 -0.00228951 -0.00982970
v 0.00741649 -0.00230967 -0.00961320
v 0.00674110 -0.00212028 -0.01034682
v 0.00660904 -0.00207636 -0.01037554
v 0.00746199 -0.00198219 -0.00953315
v 0.00737284 -0.00195835 -0.00981557
v 0.00720335 -0.00191303 -0.01005536
v 0.00735669 -0.00165199 -0.00962833
v 0.00697029 -0.00185071 -0.01022878
v 0.00724792 -0.00162290 -0.00984795
v 0.00720690 -0.00138094 -0.00946918
v 0.00669672 -0.00177755 -0.01031869
v 0.00707862 -0.00157763 -0.01002173
v 0.00715614 -0.00136737 -0.00962997
v 0.00686555 -0.00152066 -0.01013248
v 0.00705963 -0.00134157 -0.00976649
v 0.00692695 -0.00130609 -0.00986522
v -0.00590029 0.03283865 -0.00040134
v -0.00601461 0.03211592 -0.00040134
v -0.00597661 0.03138520 -0.00040134
v -0.00578796 0.03067822 -0.00040134
v -0.00545685 0.03002572 -0.00040134
v -0.00499766 0.02945602 -0.00040134
v -0.00443035 0.02899390 -0.00040134
v -0.00599781 0.03286472 -0.00232751
v -0.00508991 0.02940579 -0.00232751
v -0.00555435 0.02999073 -0.00232751
v -0.00588852 0.03065869 -0.00232751
v -0.00607814 0.03138112 -0.00232751
v -0.00611510 0.03212710 -0.00232751
v -0.00464083 0.02878612 -0.00232751
v -0.00471165 0.02883529 -0.00250854
v -0.00395344 0.02841704 -0.00252077
v -0.00308921 0.02817639 -0.00252853
v -0.00218537 0.02814565 -0.00253089
v -0.00149607 0.02826934 -0.00252883
v -0.00086134 0.02850765 -0.00252369
v -0.00061847 0.02863552 -0.00252077
v 0.00009680 0.02916605 -0.00250813
v 0.00067823 0.02986272 -0.00249092
v 0.00096522 0.03039254 -0.00247757
v 0.00116197 0.03095021 -0.00246333
v 0.00116197 0.03095021 -0.00232751
v 0.00082681 0.03011194 -0.00232751
v 0.00030337 0.02937640 -0.00232751
v -0.00037880 0.02878508 -0.00232751
v -0.00118122 0.02837138 -0.00232751
v -0.00205858 0.02815863 -0.00232751
v -0.00296136 0.02815885 -0.00232751
v -0.00383862 0.02837203 -0.00232751
v 0.00117326 0.03287022 -0.00944183
v 0.00117547 0.03286151 -0.00952751
v 0.00116197 0.03095021 -0.00939168
v 0.00127508 0.03158489 -0.00940807
v 0.00127889 0.03223426 -0.00942504
v 0.00116197 0.03095021 -0.00952751
v 0.00127949 0.03222672 -0.00952751
v 0.00127495 0.03158347 -0.00952751
v -0.00165378 0.03533644 -0.01145368
v -0.00242522 0.03544122 -0.01145368
v -0.00320077 0.03537339 -0.01145368
v -0.00394231 0.03513629 -0.01145368
v -0.00461335 0.03474159 -0.01145368
v -0.00518089 0.03420869 -0.01145368
v -0.00561702 0.03356380 -0.01145368
v -0.00590029 0.03283865 -0.01145368
v -0.00599781 0.03286472 -0.00952751
v -0.00566746 0.03368288 -0.00952751
v -0.00514858 0.03439650 -0.00952751
v -0.00447214 0.03496301 -0.00952751
v -0.00367851 0.03534857 -0.00952751
v -0.00281508 0.03553017 -0.00952751
v -0.00193338 0.03549699 -0.00952751
v -0.00108604 0.03525098 -0.00952751
v -0.00032364 0.03480685 -0.00952751
v 0.00030830 0.03419109 -0.00952751
v 0.00077206 0.03344048 -0.00952751
v 0.00067154 0.03337457 -0.01179466
v 0.00044235 0.03380307 -0.01175760
v 0.00015755 0.03419426 -0.01170816
v -0.00014719 0.03451481 -0.01165132
v -0.00048925 0.03479452 -0.01158492
v -0.00067406 0.03491867 -0.01154737
v -0.00109130 0.03514180 -0.01148251
v -0.00136681 0.03525096 -0.01146087
v -0.00034802 0.03475072 -0.01066108
v -0.00193207 0.03543658 -0.01066108
v -0.00365238 0.03529471 -0.01066108
v -0.00510267 0.03435862 -0.01066108
v -0.00165378 0.03533644 -0.00040134
v -0.00242522 0.03544122 -0.00040134
v -0.00320077 0.03537339 -0.00040134
v -0.00394231 0.03513629 -0.00040134
v -0.00461335 0.03474159 -0.00040134
v -0.00518089 0.03420869 -0.00040134
v -0.00561702 0.03356380 -0.00040134
v -0.00590029 0.03283865 -0.00040134
v -0.00588355 0.03283417 -0.00029449
v -0.00584498 0.03282386 -0.00019387
v -0.00578639 0.03280819 -0.00010421
v -0.00571054 0.03278791 -0.00002970
v -0.00562097 0.03276396 0.00002617
v -0.00552188 0.03273746 0.00006077
v -0.00541792 0.03270966 0.00007249
v -0.00517495 0.03333167 0.00007249
v -0.00480085 0.03388483 0.00007249
v -0.00431404 0.03434193 0.00007249
v -0.00373845 0.03468049 0.00007249
v -0.00310238 0.03488387 0.00007249
v -0.00243714 0.03494205 0.00007249
v -0.00177544 0.03485217 0.00007249
v -0.00174922 0.03495654 0.00006077
v -0.00172423 0.03505602 0.00002617
v -0.00170164 0.03514594 -0.00002970
v -0.00168251 0.03522209 -0.00010421
v -0.00166773 0.03528091 -0.00019387
v -0.00165801 0.03531962 -0.00029449
v -0.00242564 0.03542389 -0.00029449
v -0.00242658 0.03538398 -0.00019387
v -0.00242803 0.03532335 -0.00010421
v -0.00242991 0.03524485 -0.00002970
v -0.00243212 0.03515216 0.00002617
v -0.00243458 0.03504963 0.00006077
v -0.00319736 0.03535640 -0.00029449
v -0.00318949 0.03531725 -0.00019387
v -0.00317755 0.03525781 -0.00010421
v -0.00316207 0.03518082 -0.00002970
v -0.00314380 0.03508992 0.00002617
v -0.00312359 0.03498937 0.00006077
v -0.00393524 0.03512047 -0.00029449
v -0.00391894 0.03508403 -0.00019387
v -0.00389417 0.03502867 -0.00010421
v -0.00386212 0.03495699 -0.00002970
v -0.00382426 0.03487235 0.00002617
v -0.00378238 0.03477873 0.00006077
v -0.00460296 0.03472771 -0.00029449
v -0.00457903 0.03469576 -0.00019387
v -0.00454268 0.03464722 -0.00010421
v -0.00449561 0.03458437 -0.00002970
v -0.00444003 0.03451016 0.00002617
v -0.00437855 0.03442807 0.00006077
v -0.00516770 0.03419745 -0.00029449
v -0.00513732 0.03417155 -0.00019387
v -0.00509116 0.03413222 -0.00010421
v -0.00503139 0.03408129 -0.00002970
v -0.00496082 0.03402115 0.00002617
v -0.00488276 0.03395463 0.00006077
v -0.00560168 0.03355574 -0.00029449
v -0.00556633 0.03353718 -0.00019387
v -0.00551264 0.03350899 -0.00010421
v -0.00544312 0.03347249 -0.00002970
v -0.00536104 0.03342938 0.00002617
v -0.00527023 0.03338170 0.00006077
v -0.00395814 0.03231932 -0.00232751
v -0.00395814 0.03231932 0.00007249
v -0.00228858 0.03341555 0.00007249
v -0.00265182 0.03342502 0.00007249
v -0.00300668 0.03334688 0.00007249
v -0.00333234 0.03318571 0.00007249
v -0.00360969 0.03295095 0.00007249
v -0.00382245 0.03265639 0.00007249
v -0.00198393 0.03333680 0.00008493
v -0.00170458 0.03319773 0.00012122
v -0.00146130 0.03300525 0.00017745
v -0.00105996 0.03154435 0.00037813
v -0.00100963 0.03189040 0.00036370
v -0.00104039 0.03223702 0.00033233
v -0.00114996 0.03256654 0.00028514
v -0.00128628 0.03280053 0.00023673
v -0.00105996 0.03154435 -0.00232751
v -0.00100934 0.03190240 -0.00232751
v -0.00104587 0.03226216 -0.00232751
v -0.00116744 0.03260272 -0.00232751
v -0.00136699 0.03290429 -0.00232751
v -0.00163290 0.03314935 -0.00232751
v -0.00194973 0.03332365 -0.00232751
v -0.00229906 0.03341706 -0.00232751
v -0.00266060 0.03342415 -0.00232751
v -0.00301334 0.03334452 -0.00232751
v -0.00333676 0.03318279 -0.00232751
v -0.00361208 0.03294836 -0.00232751
v -0.00382330 0.03265484 -0.00232751
v -0.00590029 0.03283865 -0.01145368
v -0.00601461 0.03211592 -0.01145368
v -0.00597661 0.03138520 -0.01145368
v -0.00578796 0.03067822 -0.01145368
v -0.00545685 0.03002572 -0.01145368
v -0.00499766 0.02945602 -0.01145368
v -0.00443035 0.02899390 -0.01145368
v -0.00588355 0.03283417 -0.01156053
v -0.00584498 0.03282386 -0.01166114
v -0.00578639 0.03280819 -0.01175081
v -0.00571054 0.03278791 -0.01182532
v -0.00562097 0.03276396 -0.01188119
v -0.00552188 0.03273746 -0.01191579
v -0.00541792 0.03270966 -0.01192751
v -0.00415706 0.02941179 -0.01192751
v -0.00464368 0.02980818 -0.01192751
v -0.00503756 0.03029684 -0.01192751
v -0.00532158 0.03085654 -0.01192751
v -0.00548339 0.03146295 -0.01192751
v -0.00551598 0.03208974 -0.01192751
v -0.00421596 0.02932173 -0.01191579
v -0.00427210 0.02923589 -0.01188119
v -0.00432284 0.02915829 -0.01182532
v -0.00436582 0.02909258 -0.01175081
v -0.00439901 0.02904182 -0.01166114
v -0.00442086 0.02900841 -0.01156053
v -0.00498537 0.02946825 -0.01156053
v -0.00495707 0.02949640 -0.01166114
v -0.00491408 0.02953918 -0.01175081
v -0.00485842 0.02959455 -0.01182532
v -0.00479268 0.02965995 -0.01188119
v -0.00471997 0.02973229 -0.01191579
v -0.00544229 0.03003513 -0.01156053
v -0.00540877 0.03005681 -0.01166114
v -0.00535785 0.03008973 -0.01175081
v -0.00529191 0.03013237 -0.01182532
v -0.00521405 0.03018272 -0.01188119
v -0.00512792 0.03023841 -0.01191579
v -0.00577177 0.03068441 -0.01156053
v -0.00573448 0.03069867 -0.01166114
v -0.00567784 0.03072032 -0.01175081
v -0.00560450 0.03074837 -0.01182532
v -0.00551789 0.03078148 -0.01188119
v -0.00542209 0.03081810 -0.01191579
v -0.00595950 0.03138789 -0.01156053
v -0.00592006 0.03139411 -0.01166114
v -0.00586015 0.03140355 -0.01175081
v -0.00578259 0.03141578 -0.01182532
v -0.00569101 0.03143022 -0.01188119
v -0.00558969 0.03144619 -0.01191579
v -0.00599730 0.03211501 -0.01156053
v -0.00595743 0.03211292 -0.01166114
v -0.00589687 0.03210973 -0.01175081
v -0.00581846 0.03210562 -0.01182532
v -0.00572587 0.03210076 -0.01188119
v -0.00562344 0.03209538 -0.01191579
v -0.00395814 0.03231932 -0.00952751
v -0.00395814 0.03231932 -0.01192751
v -0.00400789 0.03199092 -0.01192751
v -0.00398415 0.03165962 -0.01192751
v -0.00388807 0.03134167 -0.01192751
v -0.00372439 0.03105266 -0.01192751
v -0.00350111 0.03080675 -0.01192751
v -0.00322920 0.03061601 -0.01192751
v -0.00292197 0.03048978 -0.01192751
v -0.00166186 0.03069399 -0.01211424
v -0.00197235 0.03053114 -0.01203716
v -0.00231561 0.03044437 -0.01197367
v -0.00261939 0.03043603 -0.01193952
v -0.00105996 0.03154435 -0.01223315
v -0.00119209 0.03121385 -0.01222583
v -0.00137438 0.03095084 -0.01219396
v -0.00151041 0.03081269 -0.01216015
v -0.00105996 0.03154435 -0.00952751
v -0.00400876 0.03196127 -0.00952751
v -0.00397223 0.03160151 -0.00952751
v -0.00385066 0.03126095 -0.00952751
v -0.00365112 0.03095937 -0.00952751
v -0.00338521 0.03071431 -0.00952751
v -0.00306838 0.03054002 -0.00952751
v -0.00271904 0.03044661 -0.00952751
v -0.00235750 0.03043951 -0.00952751
v -0.00200477 0.03051914 -0.00952751
v -0.00168134 0.03068088 -0.00952751
v -0.00140602 0.03091531 -0.00952751
v -0.00119481 0.03120882 -0.00952751
v 0.00687783 -0.00772749 -0.00386956
v 0.00681145 -0.00763104 -0.00387082
v 0.00676845 -0.00751828 -0.00387416
v 0.00675370 -0.00739829 -0.00387937
v 0.00675803 -0.00733211 -0.00388291
v 0.00677067 -0.00726861 -0.00388677
v 0.00677067 -0.00726861 -0.00796825
v 0.00675388 -0.00738448 -0.00797495
v 0.00676525 -0.00750462 -0.00798035
v 0.00680518 -0.00761874 -0.00798392
v 0.00683836 -0.00767614 -0.00798501
v 0.00687783 -0.00772749 -0.00798546
v -0.00189688 0.00025308 -0.01031021
v -0.00189688 0.00025308 -0.01292182
v -0.00194735 -0.00010836 -0.01292569
v -0.00190943 -0.00047127 -0.01292646
v -0.00181870 -0.00074317 -0.01292466
v -0.00168506 -0.00098245 -0.01292069
v -0.00150958 -0.00119385 -0.01291417
v -0.00129914 -0.00136931 -0.01290458
v -0.00105976 -0.00150388 -0.01289088
v -0.00080072 -0.00159221 -0.01287158
v -0.00053047 -0.00163212 -0.01284522
v -0.00025827 -0.00162238 -0.01281176
v -0.00001824 -0.00157167 -0.01277763
v 0.00021050 -0.00148224 -0.01274365
v 0.00050036 -0.00129672 -0.01270253
v 0.00074153 -0.00104843 -0.01266991
v 0.00089727 -0.00079783 -0.01264972
v 0.00100129 -0.00052189 -0.01263723
v 0.00100129 -0.00052189 -0.01033542
v -0.00194766 -0.00011445 -0.01031973
v -0.00190817 -0.00047693 -0.01032926
v -0.00178847 -0.00080715 -0.01033810
v -0.00159512 -0.00110066 -0.01034610
v -0.00134765 -0.00133451 -0.01035263
v -0.00107253 -0.00149812 -0.01035738
v -0.00076322 -0.00160087 -0.01036059
v -0.00044076 -0.00163439 -0.01036202
v -0.00012753 -0.00159982 -0.01036165
v 0.00015760 -0.00150681 -0.01035971
v 0.00040236 -0.00137022 -0.01035656
v 0.00060166 -0.00120615 -0.01035262
v 0.00075626 -0.00102897 -0.01034825
v 0.00087063 -0.00084977 -0.01034376
v 0.00094905 -0.00068105 -0.01033949
v -0.00081484 0.00131999 -0.00157084
v -0.00051603 0.00136404 -0.00157147
v -0.00020087 0.00134513 -0.00157044
v 0.00011021 0.00125794 -0.00156763
v 0.00039540 0.00110616 -0.00156318
v 0.00063640 0.00090218 -0.00155743
v 0.00082208 0.00066396 -0.00155089
v -0.00189688 0.00025308 -0.00154481
v -0.00177218 0.00056986 -0.00155287
v -0.00157119 0.00085957 -0.00156010
v -0.00130578 0.00109598 -0.00156582
v -0.00106650 0.00123205 -0.00156897
v -0.00189688 0.00025308 0.00106681
v -0.00176016 0.00059202 0.00106012
v -0.00154556 0.00088778 0.00105061
v -0.00126657 0.00112241 0.00103812
v -0.00093946 0.00128277 0.00102208
v -0.00058285 0.00135949 0.00100087
v -0.00021900 0.00134796 0.00097140
v 0.00013030 0.00124966 0.00093110
v 0.00038484 0.00111331 0.00089317
v 0.00060837 0.00093073 0.00085590
v 0.00082240 0.00066349 0.00082031
v 0.00097076 0.00035303 0.00079515
v 0.00104450 0.00001659 0.00078104
v 0.00104738 -0.00025438 0.00077803
v 0.00100129 -0.00052189 0.00078221
v 0.00100129 -0.00052189 -0.00151960
v 0.00097771 0.00033241 -0.00154196
v 0.00104591 0.00000280 -0.00153323
v 0.00104657 -0.00026428 -0.00152625
v 0.00019211 0.00122225 -0.01182751
v -0.00005778 0.00131466 -0.01182751
v 0.00016701 0.00123456 -0.01182751
v -0.00234585 0.03044074 0.00007249
v -0.00214305 0.03047717 0.00009256
v -0.00234788 0.03041441 0.00007249
v -0.00146140 0.03300534 -0.01203243
v -0.00119944 0.03383910 -0.01203120
v -0.00102857 0.03453357 -0.01201079
v -0.00177544 0.03485217 -0.01192751
v -0.00142763 0.03474281 -0.01194405
v -0.00122268 0.03464799 -0.01197106
v -0.00228858 0.03341555 -0.01192751
v -0.00198438 0.03333718 -0.01193984
v -0.00170400 0.03319758 -0.01197627
v -0.00105996 0.03154435 -0.01223315
v -0.00119209 0.03121385 -0.01222583
v -0.00137438 0.03095084 -0.01219396
v -0.00151041 0.03081269 -0.01216015
v -0.00166186 0.03069399 -0.01211424
v -0.00165755 0.03066001 -0.01211751
v -0.00156056 0.03007109 -0.01218420
v -0.00059415 0.03003467 -0.01244065
v -0.00066394 0.03083787 -0.01235930
v -0.00081695 0.03313715 -0.01216130
v -0.00084565 0.03386766 -0.01209875
v -0.00119944 0.03383910 -0.01203120
v -0.00146140 0.03300534 -0.01203243
v -0.00124588 0.03274080 -0.01210569
v -0.00109421 0.03243000 -0.01216212
v -0.00101757 0.03209067 -0.01220260
v -0.00101356 0.03181619 -0.01222330
v -0.00165755 0.03066001 -0.01211751
v -0.00166186 0.03069399 -0.01211424
v -0.00197235 0.03053114 -0.01203716
v -0.00231561 0.03044437 -0.01197367
v -0.00261939 0.03043603 -0.01193952
v -0.00292197 0.03048978 -0.01192751
v -0.00301177 0.02948841 -0.01192751
v -0.00311118 0.02848714 -0.01192751
v -0.00176984 0.02647152 -0.01226230
v -0.00242810 0.02747288 -0.01200970
v -0.00173575 0.02648860 -0.01227607
v -0.00156403 0.02803906 -0.01225701
v -0.00151198 0.02905626 -0.01223190
v -0.00156056 0.03007109 -0.01218420
v 0.00134785 0.03271424 -0.00241756
v 0.00117326 0.03287022 -0.00241318
v 0.00116197 0.03095021 -0.00246333
v 0.00127508 0.03158489 -0.00244694
v 0.00127889 0.03223426 -0.00242998
v -0.00061847 0.02863552 -0.00252077
v 0.00009680 0.02916605 -0.00250813
v 0.00067823 0.02986272 -0.00249092
v 0.00096522 0.03039254 -0.00247757
v 0.00495066 0.03185156 -0.00244627
v 0.00243297 0.03195751 -0.00243919
v 0.00303187 0.03167347 -0.00244764
v 0.00351386 0.03154867 -0.00245172
v 0.00388541 0.03152917 -0.00245287
v 0.00438183 0.03161386 -0.00245151
v 0.00467159 0.03171832 -0.00244927
v -0.00471165 0.02883529 -0.00934648
v -0.00395344 0.02841704 -0.00933425
v -0.00308921 0.02817639 -0.00932648
v -0.00218537 0.02814565 -0.00932413
v -0.00149607 0.02826934 -0.00932618
v -0.00086134 0.02850765 -0.00933132
v -0.00340078 0.02722528 -0.00930217
v -0.00447564 0.02791344 -0.00932199
v -0.00408119 0.02774513 -0.00931691
v -0.00372142 0.02751105 -0.00931018
v -0.00455742 0.02843849 -0.00933585
v -0.00450025 0.02817942 -0.00932898
v 0.00544053 -0.00844124 -0.00874388
v 0.00742648 -0.00236904 -0.00845076
v 0.00742648 -0.00236904 -0.00938460
v 0.00544053 -0.00844124 -0.00953986
v -0.00963421 0.00506719 -0.00819495
v -0.00961683 0.00506294 -0.00845973
v -0.00956470 0.00505016 -0.00872080
v -0.00963421 0.00506719 -0.00366007
v -0.00956470 0.00505016 -0.00313422
v -0.00961673 0.00506291 -0.00339449
v -0.00936758 0.00500157 -0.00265707
v -0.00948142 0.00502969 -0.00288903
v -0.00045392 0.00222713 -0.00257049
v -0.00474507 0.00371600 -0.00261608
v 0.00120864 0.00156083 -0.00255055
v 0.00695088 -0.00117813 -0.00247042
v 0.00410966 0.00026500 -0.00251233
v 0.00695088 -0.00117813 -0.00340426
v 0.00765201 -0.00156199 -0.00471148
v 0.00739758 -0.00142141 -0.00451259
v 0.00719022 -0.00130792 -0.00425235
v 0.00704234 -0.00122758 -0.00394428
v 0.00697391 -0.00119056 -0.00367922
v 0.00765201 -0.00156199 -0.00714354
v 0.00695088 -0.00117813 -0.00845076
v 0.00698806 -0.00119821 -0.00810260
v 0.00709770 -0.00125760 -0.00777394
v 0.00727253 -0.00135285 -0.00748441
v 0.00744829 -0.00144931 -0.00729456
v 0.00695088 -0.00117813 -0.00938460
v 0.00120864 0.00156083 -0.00930447
v 0.00411334 0.00026332 -0.00934274
v -0.00045392 0.00222713 -0.00928453
v -0.00936758 0.00500157 -0.00919795
v -0.00474936 0.00371733 -0.00923890
v -0.00948180 0.00502978 -0.00896506
v 0.00544053 -0.00844124 -0.00231516
v 0.00742648 -0.00236904 -0.00247042
v 0.00742648 -0.00236904 -0.00340426
v 0.00544053 -0.00844124 -0.00311113
v 0.00742648 -0.00236904 -0.00340426
v 0.00544053 -0.00844124 -0.00311113
v 0.00743702 -0.00236860 -0.00350332
v 0.00746237 -0.00238443 -0.00359767
v 0.00748774 -0.00240446 -0.00365761
v 0.00752178 -0.00243408 -0.00371690
v 0.00755754 -0.00246730 -0.00376425
v 0.00760562 -0.00251447 -0.00381198
v 0.00766393 -0.00257467 -0.00385255
v 0.00772498 -0.00264061 -0.00387930
v 0.00777082 -0.00269191 -0.00389027
v 0.00781642 -0.00274453 -0.00389381
v 0.00582011 -0.00884842 -0.00359916
v 0.00544974 -0.00845111 -0.00321903
v 0.00547540 -0.00847864 -0.00331701
v 0.00551321 -0.00851920 -0.00339996
v 0.00556380 -0.00857347 -0.00347251
v 0.00562444 -0.00863851 -0.00353030
v 0.00569133 -0.00871026 -0.00357071
v 0.00575635 -0.00878002 -0.00359237
v 0.00781642 -0.00274453 -0.00796120
v 0.00582011 -0.00884842 -0.00825586
v 0.00772623 -0.00264198 -0.00797532
v 0.00763796 -0.00254750 -0.00801853
v 0.00756477 -0.00247422 -0.00808259
v 0.00750771 -0.00242155 -0.00816054
v 0.00747854 -0.00239693 -0.00821700
v 0.00745526 -0.00237936 -0.00827848
v 0.00743979 -0.00236989 -0.00833768
v 0.00743065 -0.00236678 -0.00839371
v 0.00742648 -0.00236904 -0.00845076
v 0.00544053 -0.00844124 -0.00874388
v 0.00572671 -0.00874822 -0.00827058
v 0.00563360 -0.00864835 -0.00831792
v 0.00555860 -0.00856789 -0.00838871
v 0.00550439 -0.00850973 -0.00847133
v 0.00546635 -0.00846893 -0.00856550
v 0.00544668 -0.00844783 -0.00865547
v -0.00762294 0.00472520 -0.00167147
v -0.00804125 0.00479521 -0.00171671
v -0.00845914 0.00486514 -0.00185364
v -0.00884531 0.00492977 -0.00208231
v -0.00917010 0.00498413 -0.00238922
v -0.00941256 0.00502470 -0.00274974
v -0.00956470 0.00505016 -0.00313422
v -0.00936758 0.00500157 -0.00265707
v -0.00948142 0.00502969 -0.00288903
v -0.00921354 0.00493193 -0.00241021
v -0.00905005 0.00480633 -0.00219346
v -0.00888021 0.00464067 -0.00201263
v -0.00870510 0.00444488 -0.00186799
v -0.00846918 0.00415596 -0.00173258
v -0.00828300 0.00391532 -0.00167012
v -0.00809611 0.00366780 -0.00164465
v -0.00956470 0.00505016 -0.00872080
v -0.00948180 0.00502978 -0.00896506
v -0.00936758 0.00500157 -0.00919795
v -0.00762294 0.00472520 -0.01018355
v -0.00804125 0.00479521 -0.01013831
v -0.00845914 0.00486514 -0.01000137
v -0.00884531 0.00492977 -0.00977271
v -0.00917010 0.00498413 -0.00946580
v -0.00941256 0.00502470 -0.00910528
v -0.00809611 0.00366780 -0.01021037
v -0.00845603 0.00413926 -0.01012810
v -0.00877447 0.00452477 -0.00993444
v -0.00902495 0.00478379 -0.00969099
v -0.00920168 0.00492431 -0.00946206
v -0.00931158 0.00500780 -0.00168175
v -0.00762294 0.00472520 -0.00167147
v -0.01001913 -0.00036616 -0.00154254
v -0.00974019 -0.00242910 -0.00148816
v -0.00902320 -0.00438078 -0.00143593
v -0.00789678 -0.00613805 -0.00138808
v -0.00642212 -0.00760477 -0.00134723
v -0.00466414 -0.00871947 -0.00131510
v -0.00270114 -0.00942927 -0.00129319
v -0.00063981 -0.00969649 -0.00128268
v 0.00067684 -0.00963268 -0.00128209
v 0.00196320 -0.00939057 -0.00128621
v 0.00288332 -0.00926248 -0.00128798
v 0.00380908 -0.00935034 -0.00128410
v 0.00468662 -0.00964873 -0.00127480
v 0.00533741 -0.00905174 -0.00128929
v 0.00447948 -0.00813143 -0.00131480
v 0.00647431 -0.00203207 -0.00147076
v 0.00082208 0.00066396 -0.00155089
v 0.00367676 -0.00061107 -0.00151269
v 0.00097771 0.00033241 -0.00154196
v 0.00104591 0.00000280 -0.00153323
v 0.00104657 -0.00026428 -0.00152625
v 0.00100129 -0.00052189 -0.00151960
v 0.00086186 -0.00086571 -0.00151085
v 0.00064671 -0.00116010 -0.00150353
v 0.00037818 -0.00138651 -0.00149807
v 0.00006414 -0.00154435 -0.00149449
v -0.00026702 -0.00162347 -0.00149298
v -0.00058709 -0.00162793 -0.00149342
v -0.00090640 -0.00156258 -0.00149567
v -0.00120255 -0.00143069 -0.00149962
v -0.00145673 -0.00124439 -0.00150493
v -0.00165738 -0.00102148 -0.00151110
v -0.00180130 -0.00078096 -0.00151763
v -0.00189211 -0.00053932 -0.00152410
v -0.00193765 -0.00030862 -0.00153020
v -0.00194731 -0.00009626 -0.00153577
v -0.00193105 0.00008909 -0.00154058
v -0.00189688 0.00025308 -0.00154481
v -0.00177218 0.00056986 -0.00155287
v -0.00157119 0.00085957 -0.00156010
v -0.00130578 0.00109598 -0.00156582
v -0.00106650 0.00123205 -0.00156897
v -0.00081484 0.00131999 -0.00157084
v -0.00809611 0.00366780 -0.00164465
v -0.00435014 0.00256714 -0.00160948
v 0.00100129 -0.00052189 0.00078221
v 0.00087426 -0.00084304 0.00079762
v 0.00067668 -0.00112713 0.00082353
v 0.00046148 -0.00132724 0.00085283
v 0.00021050 -0.00148224 0.00088863
v -0.00013657 -0.00160178 0.00093984
v -0.00050346 -0.00163335 0.00098717
v -0.00086815 -0.00157420 0.00102211
v -0.00117575 -0.00144582 0.00104292
v -0.00142287 -0.00127424 0.00105543
v -0.00163073 -0.00105667 0.00106380
v -0.00179085 -0.00080245 0.00106891
v -0.00189724 -0.00052064 0.00107128
v -0.00194510 -0.00022458 0.00107125
v -0.00194019 0.00001662 0.00106966
v -0.00189688 0.00025308 0.00106681
v -0.00189688 0.00025308 -0.00154481
v 0.00100129 -0.00052189 -0.00151960
v 0.00086186 -0.00086571 -0.00151085
v 0.00064671 -0.00116010 -0.00150353
v 0.00037818 -0.00138651 -0.00149807
v 0.00006414 -0.00154435 -0.00149449
v -0.00026702 -0.00162347 -0.00149298
v -0.00058709 -0.00162793 -0.00149342
v -0.00090640 -0.00156258 -0.00149567
v -0.00120255 -0.00143069 -0.00149962
v -0.00145673 -0.00124439 -0.00150493
v -0.00165738 -0.00102148 -0.00151110
v -0.00180130 -0.00078096 -0.00151763
v -0.00189211 -0.00053932 -0.00152410
v -0.00193765 -0.00030862 -0.00153020
v -0.00194731 -0.00009626 -0.00153577
v -0.00193105 0.00008909 -0.00154058
v 0.00533741 -0.00905174 -0.01056573
v 0.00447948 -0.00813143 -0.01054021
v 0.00468662 -0.00964873 -0.01058022
v 0.00196320 -0.00939057 -0.01056881
v 0.00288332 -0.00926248 -0.01056703
v 0.00380908 -0.00935034 -0.01057092
v -0.01001913 -0.00036616 -0.01031248
v -0.00974019 -0.00242910 -0.01036686
v -0.00902320 -0.00438078 -0.01041909
v -0.00789678 -0.00613805 -0.01046693
v -0.00642212 -0.00760477 -0.01050778
v -0.00466414 -0.00871947 -0.01053992
v -0.00270114 -0.00942927 -0.01056183
v -0.00063981 -0.00969649 -0.01057234
v 0.00067684 -0.00963268 -0.01057293
v -0.00931158 0.00500780 -0.01017327
v -0.00762294 0.00472520 -0.01018355
v -0.00809611 0.00366780 -0.01021037
v -0.00081484 0.00131999 -0.01028418
v -0.00434643 0.00256594 -0.01024558
v -0.00113335 0.00119977 -0.01028678
v -0.00142586 0.00100286 -0.01029142
v -0.00166599 0.00074081 -0.01029786
v -0.00180541 0.00050347 -0.01030382
v -0.00189688 0.00025308 -0.01031021
v -0.00194766 -0.00011445 -0.01031973
v -0.00190817 -0.00047693 -0.01032926
v -0.00178847 -0.00080715 -0.01033810
v -0.00159512 -0.00110066 -0.01034610
v -0.00134765 -0.00133451 -0.01035263
v -0.00107253 -0.00149812 -0.01035738
v -0.00076322 -0.00160087 -0.01036059
v -0.00044076 -0.00163439 -0.01036202
v -0.00012753 -0.00159982 -0.01036165
v 0.00015760 -0.00150681 -0.01035971
v 0.00040236 -0.00137022 -0.01035656
v 0.00060166 -0.00120615 -0.01035262
v 0.00075626 -0.00102897 -0.01034825
v 0.00087063 -0.00084977 -0.01034376
v 0.00094905 -0.00068105 -0.01033949
v 0.00100129 -0.00052189 -0.01033542
v 0.00105200 -0.00015915 -0.01032603
v 0.00101976 0.00017589 -0.01031722
v 0.00094146 0.00043124 -0.01031041
v 0.00082208 0.00066396 -0.01030413
v 0.00647431 -0.00203207 -0.01038425
v 0.00367676 -0.00061107 -0.01034233
v 0.00100129 -0.00052189 -0.01263723
v 0.00105147 -0.00018083 -0.01263315
v 0.00102267 0.00016177 -0.01264066
v 0.00091635 0.00048928 -0.01265949
v 0.00078251 0.00072362 -0.01268184
v 0.00060837 0.00093073 -0.01271091
v 0.00031931 0.00115461 -0.01275859
v -0.00001638 0.00130221 -0.01280475
v -0.00037884 0.00136398 -0.01284067
v -0.00074548 0.00133576 -0.01286623
v -0.00109489 0.00121888 -0.01288499
v -0.00140573 0.00101984 -0.01289945
v -0.00165856 0.00075092 -0.01291060
v -0.00180070 0.00051334 -0.01291701
v -0.00189688 0.00025308 -0.01292182
v -0.00189688 0.00025308 -0.01031021
v -0.00081484 0.00131999 -0.01028418
v -0.00113335 0.00119977 -0.01028678
v -0.00142586 0.00100286 -0.01029142
v -0.00166599 0.00074081 -0.01029786
v -0.00180541 0.00050347 -0.01030382
v 0.00082208 0.00066396 -0.01030413
v 0.00063640 0.00090218 -0.01029759
v 0.00039540 0.00110616 -0.01029184
v 0.00011021 0.00125794 -0.01028739
v -0.00020087 0.00134513 -0.01028458
v -0.00051603 0.00136404 -0.01028354
v 0.00100129 -0.00052189 -0.01033542
v 0.00105200 -0.00015915 -0.01032603
v 0.00101976 0.00017589 -0.01031722
v 0.00094146 0.00043124 -0.01031041
v -0.00101079 0.00125593 -0.01182751
v -0.00066058 0.00135043 -0.01183376
v -0.00029057 0.00135733 -0.01183819
v -0.00004918 0.00131166 -0.01183990
v 0.00017709 0.00122924 -0.01184057
v 0.00019211 0.00122225 -0.01182751
v -0.00009946 0.00132459 -0.01182751
v -0.00040581 0.00136500 -0.01182751
v -0.00071395 0.00134179 -0.01182751
v 0.00566864 0.00767970 -0.01160149
v 0.00515578 0.00799607 -0.01161433
v 0.00515578 0.00799607 -0.01173186
v 0.00515578 0.00799607 -0.00012316
v 0.00515578 0.00799607 -0.00024069
v 0.00566864 0.00767970 -0.00025353
v 0.00515578 0.00799607 -0.01161433
v 0.00515578 0.00799607 -0.01173186
v 0.00397657 0.00881048 -0.01198496
v 0.00332211 0.00943741 -0.01210096
v 0.00277631 0.01016728 -0.01218941
v 0.00235810 0.01104402 -0.01225048
v 0.00217004 0.01189417 -0.01226269
v 0.00216143 0.01242773 -0.01225400
v 0.00224201 0.01295496 -0.01223481
v 0.00225567 0.01300967 -0.01223224
v 0.00249565 0.01366352 -0.01219788
v 0.00282175 0.01427908 -0.01216567
v 0.00282175 0.01427908 -0.01185729
v 0.00224434 0.01296458 -0.01191472
v 0.00248574 0.01364223 -0.01188722
v 0.00263882 0.01040594 -0.01188909
v 0.00230153 0.01122157 -0.01192664
v 0.00220139 0.01165613 -0.01193391
v 0.00215681 0.01208756 -0.01193351
v 0.00216988 0.01252917 -0.01192691
v 0.00457052 0.00836906 -0.01162896
v 0.00384115 0.00892543 -0.01173036
v 0.00324612 0.00952434 -0.01181277
v 0.00292070 0.00994623 -0.01185421
v 0.00282175 0.01427908 0.00000227
v 0.00282175 0.01427908 0.00031065
v 0.00249565 0.01366352 0.00034286
v 0.00225567 0.01300967 0.00037722
v 0.00224201 0.01295496 0.00037979
v 0.00215455 0.01225458 0.00040301
v 0.00222087 0.01154952 0.00040708
v 0.00242115 0.01087364 0.00038803
v 0.00258328 0.01051254 0.00036509
v 0.00277631 0.01016728 0.00033439
v 0.00344576 0.00930340 0.00022515
v 0.00425942 0.00858913 0.00007459
v 0.00515578 0.00799607 -0.00012316
v 0.00515578 0.00799607 -0.00024069
v 0.00457052 0.00836906 -0.00022606
v 0.00263882 0.01040594 0.00003407
v 0.00316823 0.00961753 -0.00003213
v 0.00382094 0.00894314 -0.00012172
v 0.00224434 0.01296458 0.00005971
v 0.00215455 0.01225375 0.00007670
v 0.00222155 0.01154618 0.00007789
v 0.00238809 0.01096017 0.00006346
v 0.00248530 0.01364128 0.00003225
v 0.00659603 -0.00717304 -0.00368877
v 0.00656301 -0.00734254 -0.00368145
v 0.00657045 -0.00750312 -0.00367600
v 0.00660863 -0.00764352 -0.00367244
v 0.00666368 -0.00775503 -0.00367057
v 0.00673512 -0.00785224 -0.00366983
v 0.00676726 -0.00782406 -0.00367677
v 0.00679754 -0.00779754 -0.00369273
v 0.00682452 -0.00777392 -0.00371699
v 0.00684697 -0.00775430 -0.00374840
v 0.00686380 -0.00773961 -0.00378549
v 0.00687425 -0.00773053 -0.00382651
v 0.00687783 -0.00772749 -0.00386956
v 0.00681145 -0.00763104 -0.00387082
v 0.00676845 -0.00751828 -0.00387416
v 0.00675370 -0.00739829 -0.00387937
v 0.00675803 -0.00733211 -0.00388291
v 0.00677067 -0.00726861 -0.00388677
v 0.00677847 -0.00724234 -0.00388850
v 0.00663745 -0.00718687 -0.00369473
v 0.00667649 -0.00720038 -0.00371009
v 0.00671124 -0.00721290 -0.00373411
v 0.00674002 -0.00722384 -0.00376563
v 0.00676145 -0.00723266 -0.00380312
v 0.00677449 -0.00723893 -0.00384475
v 0.00674804 -0.00762564 -0.00373361
v 0.00672405 -0.00756219 -0.00373511
v 0.00670960 -0.00750565 -0.00373676
v 0.00670016 -0.00743840 -0.00373906
v 0.00669868 -0.00737389 -0.00374158
v 0.00677067 -0.00726861 -0.00388677
v 0.00677067 -0.00726861 -0.00796825
v 0.00677847 -0.00724234 -0.00388850
v 0.00677847 -0.00724234 -0.00796652
v 0.00677847 -0.00724234 -0.00796652
v 0.00677067 -0.00726861 -0.00796825
v 0.00675388 -0.00738448 -0.00797495
v 0.00676525 -0.00750462 -0.00798035
v 0.00680518 -0.00761874 -0.00798392
v 0.00683836 -0.00767614 -0.00798501
v 0.00687783 -0.00772749 -0.00798546
v 0.00687425 -0.00773053 -0.00802850
v 0.00686380 -0.00773961 -0.00806953
v 0.00684697 -0.00775430 -0.00810662
v 0.00682452 -0.00777392 -0.00813803
v 0.00679754 -0.00779754 -0.00816228
v 0.00676726 -0.00782406 -0.00817825
v 0.00673512 -0.00785224 -0.00818518
v 0.00663813 -0.00770936 -0.00818380
v 0.00658185 -0.00755878 -0.00818057
v 0.00656177 -0.00741467 -0.00817619
v 0.00656856 -0.00729050 -0.00817150
v 0.00659603 -0.00717304 -0.00816624
v 0.00677449 -0.00723893 -0.00801027
v 0.00676145 -0.00723266 -0.00805190
v 0.00674002 -0.00722384 -0.00808938
v 0.00671124 -0.00721290 -0.00812090
v 0.00667649 -0.00720038 -0.00814493
v 0.00663745 -0.00718687 -0.00816029
v 0.00669836 -0.00739505 -0.00811430
v 0.00670264 -0.00746274 -0.00811684
v 0.00671274 -0.00752021 -0.00811871
v 0.00673181 -0.00758537 -0.00812050
v 0.00675707 -0.00764481 -0.00812179
v 0.00687783 -0.00772749 -0.00798546
v 0.00697726 -0.00784086 -0.00798570
v 0.00697190 -0.00784274 -0.00803098
v 0.00695942 -0.00785164 -0.00807371
v 0.00694048 -0.00786698 -0.00811191
v 0.00691587 -0.00788812 -0.00814358
v 0.00688685 -0.00791387 -0.00816710
v 0.00686035 -0.00793787 -0.00817974
v 0.00683260 -0.00796336 -0.00818542
v 0.00673512 -0.00785224 -0.00818518
v 0.00687425 -0.00773053 -0.00802850
v 0.00686380 -0.00773961 -0.00806953
v 0.00684697 -0.00775430 -0.00810662
v 0.00682452 -0.00777392 -0.00813803
v 0.00679754 -0.00779754 -0.00816228
v 0.00676726 -0.00782406 -0.00817825
v 0.00544053 -0.00844124 -0.00953986
v 0.00544053 -0.00844124 -0.00953986
v 0.00544053 -0.00844124 -0.00874388
v 0.00544053 -0.00844124 -0.00874388
v 0.00544053 -0.00844124 -0.00874388
v 0.00544053 -0.00844124 -0.00874388
v 0.00542787 -0.00842766 -0.00971920
v 0.00542787 -0.00842766 -0.00971920
v 0.00538993 -0.00838695 -0.00989366
v 0.00538993 -0.00838695 -0.00989366
v 0.00532852 -0.00832108 -0.01005473
v 0.00575733 -0.00878106 -0.01006749
v 0.00575771 -0.00878148 -0.01005705
v 0.00575771 -0.00878148 -0.01005705
v 0.00575771 -0.00878148 -0.01005705
v 0.00582211 -0.00885056 -0.00825586
v 0.00582011 -0.00884842 -0.00825586
v 0.00582011 -0.00884842 -0.00825586
v 0.00572671 -0.00874822 -0.00827058
v 0.00572671 -0.00874822 -0.00827058
v 0.00563360 -0.00864835 -0.00831792
v 0.00563360 -0.00864835 -0.00831792
v 0.00555860 -0.00856789 -0.00838871
v 0.00555860 -0.00856789 -0.00838871
v 0.00550439 -0.00850973 -0.00847133
v 0.00550439 -0.00850973 -0.00847133
v 0.00546635 -0.00846893 -0.00856550
v 0.00544668 -0.00844783 -0.00865547
v 0.00673512 -0.00785224 -0.00366983
v 0.00683260 -0.00796336 -0.00366960
v 0.00686575 -0.00793294 -0.00367725
v 0.00689688 -0.00790491 -0.00369474
v 0.00692457 -0.00788055 -0.00372106
v 0.00694742 -0.00786123 -0.00375513
v 0.00696429 -0.00784795 -0.00379509
v 0.00697331 -0.00784194 -0.00383144
v 0.00697726 -0.00784086 -0.00386932
v 0.00687783 -0.00772749 -0.00386956
v 0.00676726 -0.00782406 -0.00367677
v 0.00679754 -0.00779754 -0.00369273
v 0.00682452 -0.00777392 -0.00371699
v 0.00684697 -0.00775430 -0.00374840
v 0.00686380 -0.00773961 -0.00378549
v 0.00687425 -0.00773053 -0.00382651
v 0.00575771 -0.00878148 -0.00179797
v 0.00575771 -0.00878148 -0.00179797
v 0.00575771 -0.00878148 -0.00179797
v 0.00575733 -0.00878106 -0.00178753
v 0.00532852 -0.00832108 -0.00180028
v 0.00538993 -0.00838695 -0.00196136
v 0.00538993 -0.00838695 -0.00196136
v 0.00542787 -0.00842766 -0.00213582
v 0.00542787 -0.00842766 -0.00213582
v 0.00544053 -0.00844124 -0.00231516
v 0.00544053 -0.00844124 -0.00231516
v 0.00544053 -0.00844124 -0.00311113
v 0.00544053 -0.00844124 -0.00311113
v 0.00544053 -0.00844124 -0.00311113
v 0.00544053 -0.00844124 -0.00311113
v 0.00544053 -0.00844124 -0.00311113
v 0.00544974 -0.00845111 -0.00321903
v 0.00547540 -0.00847864 -0.00331701
v 0.00547540 -0.00847864 -0.00331701
v 0.00551321 -0.00851920 -0.00339996
v 0.00551321 -0.00851920 -0.00339996
v 0.00556380 -0.00857347 -0.00347251
v 0.00556380 -0.00857347 -0.00347251
v 0.00562444 -0.00863851 -0.00353030
v 0.00562444 -0.00863851 -0.00353030
v 0.00569133 -0.00871026 -0.00357071
v 0.00569133 -0.00871026 -0.00357071
v 0.00575635 -0.00878002 -0.00359237
v 0.00575635 -0.00878002 -0.00359237
v 0.00582011 -0.00884842 -0.00359916
v 0.00582011 -0.00884842 -0.00359916
v 0.00582211 -0.00885056 -0.00359916
v 0.00697726 -0.00784086 -0.00386932
v 0.00687783 -0.00772749 -0.00386956
v 0.00704811 -0.00792162 -0.00591704
v 0.00704811 -0.00792162 -0.00593798
v 0.00697726 -0.00784086 -0.00798570
v 0.00687783 -0.00772749 -0.00798546
v 0.00582011 -0.00884842 -0.00359916
v 0.00582011 -0.00884842 -0.00359916
v 0.00582011 -0.00884842 -0.00359916
v 0.00781642 -0.00274453 -0.00389381
v 0.00807958 -0.00263695 -0.00390775
v 0.00659603 -0.00717304 -0.00368877
v 0.00659603 -0.00717304 -0.00368877
v 0.00656301 -0.00734254 -0.00368145
v 0.00656301 -0.00734254 -0.00368145
v 0.00657045 -0.00750312 -0.00367600
v 0.00660863 -0.00764352 -0.00367244
v 0.00666368 -0.00775503 -0.00367057
v 0.00673512 -0.00785224 -0.00366983
v 0.00683260 -0.00796336 -0.00366960
v 0.00683260 -0.00796336 -0.00366960
v 0.00582211 -0.00885056 -0.00359916
v 0.00659603 -0.00717304 -0.00368877
v 0.00663745 -0.00718687 -0.00369473
v 0.00667649 -0.00720038 -0.00371009
v 0.00671124 -0.00721290 -0.00373411
v 0.00674002 -0.00722384 -0.00376563
v 0.00676145 -0.00723266 -0.00380312
v 0.00677449 -0.00723893 -0.00384475
v 0.00677847 -0.00724234 -0.00388850
v 0.00838540 -0.00232900 -0.00412568
v 0.00807958 -0.00263695 -0.00390775
v 0.00812377 -0.00261449 -0.00391304
v 0.00817562 -0.00257581 -0.00392726
v 0.00824607 -0.00251451 -0.00395947
v 0.00831452 -0.00244375 -0.00401142
v 0.00835742 -0.00238679 -0.00406422
v 0.00838540 -0.00232900 -0.00412568
v 0.00838540 -0.00232900 -0.00412568
v 0.00839795 -0.00229068 -0.00417066
v 0.00677847 -0.00724234 -0.00388850
v 0.00677847 -0.00724234 -0.00796652
v 0.00838540 -0.00232900 -0.00772933
v 0.00838540 -0.00232900 -0.00772933
v 0.00839795 -0.00229068 -0.00768436
v 0.00677847 -0.00724234 -0.00796652
v 0.00677449 -0.00723893 -0.00801027
v 0.00676145 -0.00723266 -0.00805190
v 0.00674002 -0.00722384 -0.00808938
v 0.00671124 -0.00721290 -0.00812090
v 0.00667649 -0.00720038 -0.00814493
v 0.00663745 -0.00718687 -0.00816029
v 0.00659603 -0.00717304 -0.00816624
v 0.00807958 -0.00263695 -0.00794727
v 0.00838540 -0.00232900 -0.00772933
v 0.00835311 -0.00239351 -0.00779747
v 0.00830294 -0.00245684 -0.00785443
v 0.00825089 -0.00250994 -0.00789267
v 0.00818069 -0.00257168 -0.00792596
v 0.00813319 -0.00260821 -0.00794000
v 0.00810594 -0.00262492 -0.00794485
v 0.00659603 -0.00717304 -0.00816624
v 0.00807958 -0.00263695 -0.00794727
v 0.00781642 -0.00274453 -0.00796120
v 0.00582011 -0.00884842 -0.00825586
v 0.00582011 -0.00884842 -0.00825586
v 0.00582211 -0.00885056 -0.00825586
v 0.00683260 -0.00796336 -0.00818542
v 0.00683260 -0.00796336 -0.00818542
v 0.00673512 -0.00785224 -0.00818518
v 0.00663813 -0.00770936 -0.00818380
v 0.00658185 -0.00755878 -0.00818057
v 0.00656177 -0.00741467 -0.00817619
v 0.00656856 -0.00729050 -0.00817150
v 0.00575733 -0.00878106 -0.01006749
v 0.00574003 -0.00878292 -0.01018357
v 0.00569997 -0.00879861 -0.01029221
v 0.00564103 -0.00882833 -0.01038836
v 0.00556727 -0.00887245 -0.01046708
v 0.00548383 -0.00893039 -0.01052465
v 0.00541067 -0.00898767 -0.01055437
v 0.00533741 -0.00905174 -0.01056573
v 0.00447948 -0.00813143 -0.01054021
v 0.00532852 -0.00832108 -0.01005473
v 0.00524189 -0.00825787 -0.01019340
v 0.00512429 -0.00821296 -0.01031459
v 0.00498219 -0.00818154 -0.01041285
v 0.00482292 -0.00815941 -0.01048378
v 0.00465340 -0.00814368 -0.01052635
v 0.00019211 0.00122225 -0.01182751
v 0.00017709 0.00122924 -0.01184057
v 0.00016701 0.00123456 -0.01182751
v 0.00468662 -0.00964873 -0.01058022
v 0.00456874 -0.00956448 -0.01100420
v 0.00435776 -0.00945361 -0.01138489
v 0.00406535 -0.00933810 -0.01170241
v 0.00370497 -0.00923973 -0.01195055
v 0.00329938 -0.00917752 -0.01212904
v 0.00294021 -0.00916134 -0.01223216
v 0.00257278 -0.00918077 -0.01230182
v 0.00198798 -0.00928551 -0.01238729
v 0.00196320 -0.00939057 -0.01056881
v 0.00288332 -0.00926248 -0.01056703
v 0.00380908 -0.00935034 -0.01057092
v -0.00931158 0.00500780 -0.01073469
v -0.00999761 -0.00020274 -0.01077161
v -0.01001913 -0.00036616 -0.01031248
v -0.00931158 0.00500780 -0.01017327
v -0.00663866 -0.00726645 -0.01282137
v -0.00494721 -0.00843054 -0.01295725
v -0.00305040 -0.00920771 -0.01294177
v -0.00102541 -0.00956525 -0.01277495
v -0.00999761 -0.00020274 -0.01077161
v -0.00978597 -0.00201562 -0.01123882
v -0.00923870 -0.00372228 -0.01183562
v -0.00837452 -0.00531041 -0.01237287
v -0.00757913 -0.00633937 -0.01265045
v -0.01001913 -0.00036616 -0.01031248
v -0.00974019 -0.00242910 -0.01036686
v -0.00902320 -0.00438078 -0.01041909
v -0.00789678 -0.00613805 -0.01046693
v -0.00642212 -0.00760477 -0.01050778
v -0.00466414 -0.00871947 -0.01053992
v -0.00270114 -0.00942927 -0.01056183
v -0.00063981 -0.00969649 -0.01057234
v 0.00067684 -0.00963268 -0.01057293
v 0.00196320 -0.00939057 -0.01056881
v 0.00198798 -0.00928551 -0.01238729
v 0.00032138 -0.00956081 -0.01260747
v 0.00115775 -0.00946090 -0.01250018
v 0.01023160 -0.00180420 -0.00593798
v 0.01014560 -0.00179832 -0.00757636
v 0.00962078 -0.00406647 -0.00593798
v 0.00854607 -0.00612998 -0.00593798
v 0.00704811 -0.00792162 -0.00593798
v 0.00697726 -0.00784086 -0.00798570
v 0.00697190 -0.00784274 -0.00803098
v 0.00695942 -0.00785164 -0.00807371
v 0.00694048 -0.00786698 -0.00811191
v 0.00691587 -0.00788812 -0.00814358
v 0.00688685 -0.00791387 -0.00816710
v 0.00686035 -0.00793787 -0.00817974
v 0.00683260 -0.00796336 -0.00818542
v 0.00582211 -0.00885056 -0.00825586
v 0.00575771 -0.00878148 -0.01005705
v 0.00654372 -0.00810479 -0.00987673
v 0.00654372 -0.00810479 -0.00987673
v 0.00817806 -0.00633752 -0.00945553
v 0.00902155 -0.00499545 -0.00908509
v 0.00923483 -0.00457809 -0.00890583
v 0.00968384 -0.00353380 -0.00827474
v 0.00994889 -0.00269428 -0.00788253
v 0.00575771 -0.00878148 -0.01005705
v 0.00654372 -0.00810479 -0.00987673
v 0.00575733 -0.00878106 -0.01006749
v 0.00574003 -0.00878292 -0.01018357
v 0.00569997 -0.00879861 -0.01029221
v 0.00564103 -0.00882833 -0.01038836
v 0.00556727 -0.00887245 -0.01046708
v 0.00548383 -0.00893039 -0.01052465
v 0.00541067 -0.00898767 -0.01055437
v 0.00533741 -0.00905174 -0.01056573
v 0.00468662 -0.00964873 -0.01058022
v 0.00456874 -0.00956448 -0.01100420
v 0.00435776 -0.00945361 -0.01138489
v 0.00406535 -0.00933810 -0.01170241
v 0.00370497 -0.00923973 -0.01195055
v 0.00329938 -0.00917752 -0.01212904
v 0.00294021 -0.00916134 -0.01223216
v 0.00257278 -0.00918077 -0.01230182
v 0.00921349 -0.00352296 -0.00970345
v 0.00909227 -0.00365799 -0.00989695
v 0.00894487 -0.00374742 -0.01009814
v 0.00871537 -0.00385158 -0.01034851
v 0.00844059 -0.00402273 -0.01058234
v 0.00798459 -0.00443023 -0.01087937
v 0.00733100 -0.00511020 -0.01119480
v 0.00564769 -0.00665646 -0.01172840
v 0.00985760 -0.00160201 -0.00855753
v 0.00968597 -0.00229529 -0.00887555
v 0.00946844 -0.00293418 -0.00926219
v 0.01014224 -0.00179274 -0.00763856
v 0.01009798 -0.00173228 -0.00795902
v 0.01000236 -0.00166839 -0.00826734
v 0.01014560 -0.00179832 -0.00757636
v 0.00817806 -0.00633752 -0.00945553
v 0.00902155 -0.00499545 -0.00908509
v 0.00923483 -0.00457809 -0.00890583
v 0.00968384 -0.00353380 -0.00827474
v 0.00994889 -0.00269428 -0.00788253
v 0.00913910 -0.00451546 -0.00951943
v 0.00922827 -0.00419434 -0.00952818
v 0.00917540 -0.00425586 -0.00962152
v 0.00900067 -0.00446358 -0.00986925
v 0.00892539 -0.00456601 -0.00995103
v 0.00875953 -0.00480459 -0.01010067
v 0.00885879 -0.00432313 -0.01014090
v 0.00862633 -0.00534516 -0.00995637
v 0.00867208 -0.00454023 -0.01031562
v 0.00830620 -0.00545697 -0.01039696
v 0.00801441 -0.00584737 -0.01054190
v 0.00802994 -0.00536239 -0.01073231
v 0.00763943 -0.00667845 -0.01038980
v 0.00725079 -0.00674254 -0.01083618
v 0.00675611 -0.00676920 -0.01123158
v 0.00635414 -0.00759496 -0.01109394
v 0.00617627 -0.00804745 -0.01086068
v 0.00583475 -0.00825715 -0.01102935
v 0.00586154 -0.00789433 -0.01129587
v 0.00577535 -0.00826637 -0.01108341
v 0.00581319 -0.00789076 -0.01133463
v 0.00571196 -0.00828995 -0.01112585
v 0.00576195 -0.00789958 -0.01136683
v 0.00565344 -0.00832305 -0.01115383
v 0.00571060 -0.00792044 -0.01139148
v 0.00566973 -0.00794629 -0.01140564
v 0.00513167 -0.00840986 -0.01151690
v 0.00533741 -0.00905174 -0.00128929
v 0.00542536 -0.00897566 -0.00130515
v 0.00551227 -0.00890974 -0.00134693
v 0.00559304 -0.00885621 -0.00141181
v 0.00566241 -0.00881692 -0.00149683
v 0.00571554 -0.00879186 -0.00159778
v 0.00574458 -0.00878167 -0.00169038
v 0.00575733 -0.00878106 -0.00178753
v 0.00532852 -0.00832108 -0.00180028
v 0.00447948 -0.00813143 -0.00131480
v 0.00473229 -0.00815030 -0.00134463
v 0.00494683 -0.00817574 -0.00142338
v 0.00509357 -0.00820472 -0.00151563
v 0.00520460 -0.00824059 -0.00161768
v 0.00527405 -0.00827635 -0.00170544
v 0.00198798 -0.00928551 0.00053227
v 0.00196320 -0.00939057 -0.00128621
v 0.00257278 -0.00918077 0.00044680
v 0.00468662 -0.00964873 -0.00127480
v 0.00456874 -0.00956448 -0.00085082
v 0.00435776 -0.00945361 -0.00047013
v 0.00406535 -0.00933810 -0.00015261
v 0.00370497 -0.00923973 0.00009553
v 0.00329938 -0.00917752 0.00027403
v 0.00294021 -0.00916134 0.00037714
v 0.00288332 -0.00926248 -0.00128798
v 0.00380908 -0.00935034 -0.00128410
v -0.00102541 -0.00956525 0.00091993
v 0.00032138 -0.00956081 0.00075246
v 0.00115775 -0.00946090 0.00064516
v 0.00198798 -0.00928551 0.00053227
v -0.00663866 -0.00726645 0.00096635
v -0.00494721 -0.00843054 0.00110223
v -0.00305040 -0.00920771 0.00108676
v -0.00999761 -0.00020274 -0.00108340
v -0.00978597 -0.00201562 -0.00061620
v -0.00923870 -0.00372228 -0.00001940
v -0.00837452 -0.00531041 0.00051785
v -0.00757913 -0.00633937 0.00079543
v -0.01001913 -0.00036616 -0.00154254
v -0.00974019 -0.00242910 -0.00148816
v -0.00902320 -0.00438078 -0.00143593
v -0.00789678 -0.00613805 -0.00138808
v -0.00642212 -0.00760477 -0.00134723
v -0.00466414 -0.00871947 -0.00131510
v -0.00270114 -0.00942927 -0.00129319
v -0.00063981 -0.00969649 -0.00128268
v 0.00067684 -0.00963268 -0.00128209
v 0.00196320 -0.00939057 -0.00128621
v -0.00931158 0.00500780 -0.00112033
v -0.00999761 -0.00020274 -0.00108340
v -0.00931158 0.00500780 -0.00168175
v -0.01001913 -0.00036616 -0.00154254
v 0.00582211 -0.00885056 -0.00359916
v 0.00575771 -0.00878148 -0.00179797
v 0.00654372 -0.00810479 -0.00197829
v 0.00817798 -0.00633762 -0.00239946
v 0.00902145 -0.00499564 -0.00276987
v 0.00923482 -0.00457813 -0.00294917
v 0.00968373 -0.00353407 -0.00358014
v 0.00994885 -0.00269442 -0.00397243
v 0.01014560 -0.00179832 -0.00427866
v 0.01023160 -0.00180420 -0.00591704
v 0.00704811 -0.00792162 -0.00591704
v 0.00854607 -0.00612998 -0.00591704
v 0.00962078 -0.00406647 -0.00591704
v 0.00697726 -0.00784086 -0.00386932
v 0.00683260 -0.00796336 -0.00366960
v 0.00686575 -0.00793294 -0.00367725
v 0.00689688 -0.00790491 -0.00369474
v 0.00692457 -0.00788055 -0.00372106
v 0.00694742 -0.00786123 -0.00375513
v 0.00696429 -0.00784795 -0.00379509
v 0.00697331 -0.00784194 -0.00383144
v 0.00575771 -0.00878148 -0.00179797
v 0.00654372 -0.00810479 -0.00197829
v 0.00817798 -0.00633762 -0.00239946
v 0.00902145 -0.00499564 -0.00276987
v 0.00923482 -0.00457813 -0.00294917
v 0.00968373 -0.00353407 -0.00358014
v 0.00994885 -0.00269442 -0.00397243
v 0.01014560 -0.00179832 -0.00427866
v 0.01014224 -0.00179274 -0.00421646
v 0.01009798 -0.00173228 -0.00389600
v 0.01000236 -0.00166839 -0.00358767
v 0.00985760 -0.00160201 -0.00329749
v 0.00968597 -0.00229529 -0.00297947
v 0.00946847 -0.00293418 -0.00259288
v 0.00921349 -0.00352296 -0.00215157
v 0.00909225 -0.00365801 -0.00195803
v 0.00894481 -0.00374744 -0.00175682
v 0.00871528 -0.00385163 -0.00150642
v 0.00844047 -0.00402283 -0.00127258
v 0.00798442 -0.00443039 -0.00097555
v 0.00733074 -0.00511046 -0.00066011
v 0.00564762 -0.00665652 -0.00012660
v 0.00257278 -0.00918077 0.00044680
v 0.00468662 -0.00964873 -0.00127480
v 0.00456874 -0.00956448 -0.00085082
v 0.00435776 -0.00945361 -0.00047013
v 0.00406535 -0.00933810 -0.00015261
v 0.00370497 -0.00923973 0.00009553
v 0.00329938 -0.00917752 0.00027403
v 0.00294021 -0.00916134 0.00037714
v 0.00533741 -0.00905174 -0.00128929
v 0.00542536 -0.00897566 -0.00130515
v 0.00551227 -0.00890974 -0.00134693
v 0.00559304 -0.00885621 -0.00141181
v 0.00566241 -0.00881692 -0.00149683
v 0.00571554 -0.00879186 -0.00159778
v 0.00574458 -0.00878167 -0.00169038
v 0.00575733 -0.00878106 -0.00178753
v 0.00885868 -0.00432325 -0.00171400
v 0.00922824 -0.00419437 -0.00232679
v 0.00917536 -0.00425591 -0.00223342
v 0.00867196 -0.00454039 -0.00153929
v 0.00900058 -0.00446370 -0.00198567
v 0.00892528 -0.00456616 -0.00190388
v 0.00913903 -0.00451556 -0.00233550
v 0.00875940 -0.00480478 -0.00175425
v 0.00802978 -0.00536258 -0.00112263
v 0.00830610 -0.00545712 -0.00145800
v 0.00862622 -0.00534533 -0.00189858
v 0.00801427 -0.00584758 -0.00131304
v 0.00763932 -0.00667859 -0.00146518
v 0.00725066 -0.00674268 -0.00101879
v 0.00675600 -0.00676931 -0.00062340
v 0.00635410 -0.00759498 -0.00076107
v 0.00587646 -0.00789822 -0.00057325
v 0.00582962 -0.00789063 -0.00053256
v 0.00577905 -0.00789530 -0.00049804
v 0.00572744 -0.00791226 -0.00047082
v 0.00567761 -0.00794058 -0.00045169
v 0.00618427 -0.00804844 -0.00100545
v 0.00563233 -0.00797924 -0.00044165
v 0.00585293 -0.00825729 -0.00084586
v 0.00579562 -0.00826173 -0.00078830
v 0.00573316 -0.00828058 -0.00074184
v 0.00566925 -0.00831334 -0.00070802
v 0.00560761 -0.00835878 -0.00068823
v 0.00510693 -0.00843185 -0.00033364
v 0.00704811 -0.00792162 -0.00593798
v 0.00704811 -0.00792162 -0.00591704
v 0.01023160 -0.00180420 -0.00593798
v 0.00962078 -0.00406647 -0.00593798
v 0.00854607 -0.00612998 -0.00593798
v 0.01023160 -0.00180420 -0.00591704
v 0.00854607 -0.00612998 -0.00591704
v 0.00962078 -0.00406647 -0.00591704
v 0.00789794 -0.00175433 -0.00451292
v 0.00789794 -0.00175433 -0.00734209
v 0.00815026 -0.00202498 -0.00750697
v 0.00839795 -0.00229068 -0.00768436
v 0.00839795 -0.00229068 -0.00417066
v 0.00815026 -0.00202498 -0.00434805
v -0.00963646 0.00506217 -0.00365994
v -0.00963421 0.00506719 -0.00366007
v -0.00956470 0.00505016 -0.00313422
v -0.00961844 0.00505916 -0.00339463
v -0.00961673 0.00506291 -0.00339449
v -0.00963646 0.00506217 -0.00819508
v -0.00963421 0.00506719 -0.00819495
v -0.00961683 0.00506294 -0.00845973
v -0.00956470 0.00505016 -0.00872080
v -0.00961844 0.00505916 -0.00846039
v -0.00963646 0.00506217 -0.00819508
v -0.00963421 0.00506719 -0.00819495
v -0.00963421 0.00506719 -0.00819495
v -0.00963421 0.00506719 -0.00366007
v -0.00963646 0.00506217 -0.00365994
v -0.00963646 0.00506217 -0.00365994
v -0.00963646 0.00506217 -0.00819508
v -0.00963646 0.00506217 -0.00819508
v -0.00963646 0.00506217 -0.00365994
v -0.00956470 0.00505016 -0.00313422
v -0.00961844 0.00505916 -0.00339463
v -0.00762294 0.00472520 -0.00167147
v -0.00804125 0.00479521 -0.00171671
v -0.00845914 0.00486514 -0.00185364
v -0.00884531 0.00492977 -0.00208231
v -0.00917010 0.00498413 -0.00238922
v -0.00941256 0.00502470 -0.00274974
v -0.00931158 0.00500780 -0.00168175
v -0.00931158 0.00500780 -0.00112033
v -0.01008266 0.00513684 -0.00244965
v -0.00974705 0.00508068 -0.00175553
v -0.01036748 0.00518451 -0.00374642
v -0.01029405 0.00517222 -0.00315808
v -0.01020497 0.00515731 -0.00280011
v -0.01047968 0.00520329 -0.00591704
v -0.01047968 0.00520329 -0.00591704
v -0.01047968 0.00520329 -0.00593798
v -0.01047968 0.00520329 -0.00593798
v -0.01036748 0.00518451 -0.00810859
v -0.01029405 0.00517222 -0.00869694
v -0.01020497 0.00515731 -0.00905491
v -0.01008266 0.00513684 -0.00940537
v -0.00974705 0.00508068 -0.01009949
v -0.00931158 0.00500780 -0.01073469
v -0.00931158 0.00500780 -0.01017327
v -0.00762294 0.00472520 -0.01018355
v -0.00804125 0.00479521 -0.01013831
v -0.00845914 0.00486514 -0.01000137
v -0.00884531 0.00492977 -0.00977271
v -0.00917010 0.00498413 -0.00946580
v -0.00941256 0.00502470 -0.00910528
v -0.00956470 0.00505016 -0.00872080
v -0.00961844 0.00505916 -0.00846039
v -0.01007759 0.00692164 -0.00814943
v -0.01036748 0.00518451 -0.00810859
v -0.01000074 0.00690356 -0.00875902
v -0.00990688 0.00688137 -0.00912920
v -0.00977776 0.00685068 -0.00949106
v -0.01008266 0.00513684 -0.00940537
v -0.01029405 0.00517222 -0.00869694
v -0.01020497 0.00515731 -0.00905491
v -0.00513117 0.00561070 -0.01272876
v -0.00682450 0.00609510 -0.01230470
v -0.00809389 0.00643299 -0.01162482
v -0.00890720 0.00663889 -0.01089656
v -0.00940183 0.00676030 -0.01023187
v -0.00977776 0.00685068 -0.00949106
v -0.01008266 0.00513684 -0.00940537
v -0.00974705 0.00508068 -0.01009949
v -0.00931158 0.00500780 -0.01073469
v -0.00999761 -0.00020274 -0.01077161
v -0.00978597 -0.00201562 -0.01123882
v -0.00923870 -0.00372228 -0.01183562
v -0.00837452 -0.00531041 -0.01237287
v -0.00757913 -0.00633937 -0.01265045
v -0.00663866 -0.00726645 -0.01282137
v -0.00504275 0.00558430 -0.01274031
v -0.00595903 -0.00107186 -0.01281461
v -0.00764266 -0.00249044 -0.01251759
v -0.00842440 -0.00232002 -0.01220502
v -0.00798638 -0.00159299 -0.01235414
v -0.00815758 -0.00059421 -0.01222279
v -0.00874703 -0.00108195 -0.01194945
v -0.00716106 0.00147054 -0.01248239
v -0.00746475 0.00380722 -0.01222138
v -0.00778083 0.00260072 -0.01217228
v -0.00856828 0.00295992 -0.01169559
v -0.00884300 0.00368951 -0.01140398
v -0.00818810 0.00555474 -0.01166559
v -0.00916926 -0.00037284 -0.01160254
v -0.00899577 0.00117452 -0.01157625
v 0.01014224 -0.00179274 -0.00421646
v 0.01012796 -0.00102258 -0.00423042
v 0.01008396 -0.00099657 -0.00390782
v 0.00998865 -0.00094035 -0.00360036
v 0.00984629 -0.00085676 -0.00331547
v 0.00985760 -0.00160201 -0.00329749
v 0.01009798 -0.00173228 -0.00389600
v 0.01000236 -0.00166839 -0.00358767
v 0.01021743 -0.00107563 -0.00593798
v 0.01023160 -0.00180420 -0.00593798
v 0.01021743 -0.00107563 -0.00591704
v 0.01023160 -0.00180420 -0.00591704
v 0.01023160 -0.00180420 -0.00591704
v 0.01014560 -0.00179832 -0.00427866
v 0.01014224 -0.00179274 -0.00421646
v 0.01012796 -0.00102258 -0.00423042
v 0.01021743 -0.00107563 -0.00591704
v 0.00103972 0.00346662 0.00081090
v 0.00060837 0.00093073 0.00085590
v 0.00082240 0.00066349 0.00082031
v 0.00097076 0.00035303 0.00079515
v 0.00104450 0.00001659 0.00078104
v 0.00104738 -0.00025438 0.00077803
v 0.00100129 -0.00052189 0.00078221
v 0.00087426 -0.00084304 0.00079762
v 0.00067668 -0.00112713 0.00082353
v 0.00046148 -0.00132724 0.00085283
v 0.00021050 -0.00148224 0.00088863
v -0.00102541 -0.00956525 0.00091993
v 0.00032138 -0.00956081 0.00075246
v 0.00115775 -0.00946090 0.00064516
v 0.00198798 -0.00928551 0.00053227
v 0.00257278 -0.00918077 0.00044680
v 0.00921349 -0.00352296 -0.00215157
v 0.00909225 -0.00365801 -0.00195803
v 0.00894481 -0.00374744 -0.00175682
v 0.00871528 -0.00385163 -0.00150642
v 0.00844047 -0.00402283 -0.00127258
v 0.00798442 -0.00443039 -0.00097555
v 0.00733074 -0.00511046 -0.00066011
v 0.00564762 -0.00665652 -0.00012660
v 0.00985760 -0.00160201 -0.00329749
v 0.00968597 -0.00229529 -0.00297947
v 0.00946847 -0.00293418 -0.00259288
v 0.00984629 -0.00085676 -0.00331547
v 0.00924517 -0.00050872 -0.00232647
v 0.00105206 0.00346167 0.00080889
v 0.00305084 0.00262078 0.00048324
v 0.00500589 0.00172104 0.00006652
v 0.00627250 0.00109557 -0.00030296
v 0.00749301 0.00046027 -0.00079496
v 0.00837090 -0.00001679 -0.00132396
v 0.00885185 -0.00028532 -0.00177032
v 0.00559634 -0.00340555 -0.00011041
v 0.00077402 -0.00543177 0.00075695
v 0.00280953 -0.00398870 0.00046549
v 0.00264209 -0.00409629 0.00049233
v 0.00045859 -0.00548792 0.00079952
v 0.00241651 -0.00418377 0.00052819
v 0.00386903 -0.00319505 0.00028070
v 0.00400268 -0.00305523 0.00025540
v 0.00407540 -0.00289802 0.00024199
v 0.00461687 -0.00253322 0.00012985
v 0.00522036 -0.00124345 -0.00000573
v 0.00360196 0.00039475 0.00036281
v 0.00361900 0.00051531 0.00036055
v 0.00728762 -0.00369204 -0.00065920
v 0.00777908 -0.00304352 -0.00089250
v 0.00737081 -0.00255051 -0.00070684
v 0.00711488 -0.00264276 -0.00059939
v 0.00126683 -0.00277845 0.00071956
v 0.00158074 -0.00258085 0.00067523
v 0.00108057 -0.00286158 0.00074571
v 0.00206105 -0.00218733 0.00060567
v -0.01019064 0.00694814 -0.00591704
v -0.01047968 0.00520329 -0.00591704
v -0.01019093 0.00694809 -0.00592751
v -0.01019064 0.00694814 -0.00593798
v -0.01047968 0.00520329 -0.00593798
v -0.01008266 0.00513684 -0.00244965
v -0.00977776 0.00685068 -0.00236396
v -0.00996743 0.00689570 -0.00294692
v -0.01004014 0.00691284 -0.00332210
v -0.01007759 0.00692164 -0.00370559
v -0.01036748 0.00518451 -0.00374642
v -0.01029405 0.00517222 -0.00315808
v -0.01020497 0.00515731 -0.00280011
v -0.00977776 0.00685068 -0.00236396
v -0.00924612 0.00672237 -0.00138683
v -0.00851232 0.00653992 -0.00056384
v -0.00762014 0.00630930 0.00007218
v -0.00663632 0.00604322 0.00051997
v -0.00585354 0.00582224 0.00074630
v -0.00505210 0.00558709 0.00088410
v -0.01008266 0.00513684 -0.00244965
v -0.00974705 0.00508068 -0.00175553
v -0.00931158 0.00500780 -0.00112033
v -0.00999761 -0.00020274 -0.00108340
v -0.00978597 -0.00201562 -0.00061620
v -0.00923870 -0.00372228 -0.00001940
v -0.00837452 -0.00531041 0.00051785
v -0.00757913 -0.00633937 0.00079543
v -0.00663866 -0.00726645 0.00096635
v -0.00504275 0.00558430 0.00088529
v -0.00595903 -0.00107186 0.00095959
v -0.00764266 -0.00249044 0.00066257
v -0.00842440 -0.00232002 0.00035001
v -0.00798638 -0.00159299 0.00049912
v -0.00815758 -0.00059421 0.00036777
v -0.00874703 -0.00108195 0.00009443
v -0.00741131 0.00159558 0.00053604
v -0.00857786 0.00357560 -0.00023338
v -0.00738636 0.00562591 0.00025368
v -0.00810530 0.00552906 -0.00013192
v -0.00774817 0.00542014 0.00009084
v -0.00794591 0.00579064 -0.00006085
v -0.00916926 -0.00037284 -0.00025248
v -0.00862161 0.00026610 0.00006087
v -0.00884038 0.00067512 -0.00011605
v -0.00861251 0.00137277 -0.00003116
v -0.00813885 0.00275875 0.00012398
v -0.00658951 0.00413736 0.00065305
v -0.01036748 0.00518451 -0.00374642
v -0.01047968 0.00520329 -0.00591704
v -0.01019064 0.00694814 -0.00591704
v -0.01007968 0.00692213 -0.00374639
v -0.01007759 0.00692164 -0.00370559
v 0.00021050 -0.00148224 0.00088863
v -0.00102541 -0.00956525 0.00091993
v -0.00013657 -0.00160178 0.00093984
v -0.00050346 -0.00163335 0.00098717
v -0.00086815 -0.00157420 0.00102211
v -0.00117575 -0.00144582 0.00104292
v -0.00142287 -0.00127424 0.00105543
v -0.00163073 -0.00105667 0.00106380
v -0.00179085 -0.00080245 0.00106891
v -0.00189724 -0.00052064 0.00107128
v -0.00194510 -0.00022458 0.00107125
v -0.00194019 0.00001662 0.00106966
v -0.00189688 0.00025308 0.00106681
v -0.00176016 0.00059202 0.00106012
v -0.00154556 0.00088778 0.00105061
v -0.00126657 0.00112241 0.00103812
v -0.00093946 0.00128277 0.00102208
v -0.00058285 0.00135949 0.00100087
v -0.00021900 0.00134796 0.00097140
v 0.00013030 0.00124966 0.00093110
v 0.00038484 0.00111331 0.00089317
v 0.00060837 0.00093073 0.00085590
v 0.00103972 0.00346662 0.00081090
v -0.00504275 0.00558430 0.00088529
v -0.00231421 0.00471072 0.00102672
v -0.00062450 0.00410885 0.00098417
v -0.00595903 -0.00107186 0.00095959
v -0.00663866 -0.00726645 0.00096635
v -0.00494721 -0.00843054 0.00110223
v -0.00305040 -0.00920771 0.00108676
v -0.00402790 -0.00434313 0.00111925
v -0.00415481 -0.00425094 0.00111721
v -0.00420679 0.00201850 0.00104268
v 0.00984629 -0.00085676 -0.00853955
v 0.00985760 -0.00160201 -0.00855753
v 0.00998780 -0.00093985 -0.00825697
v 0.01008337 -0.00099621 -0.00794953
v 0.01012796 -0.00102258 -0.00762460
v 0.01014224 -0.00179274 -0.00763856
v 0.01009798 -0.00173228 -0.00795902
v 0.01000236 -0.00166839 -0.00826734
v 0.01014224 -0.00179274 -0.00763856
v 0.01012796 -0.00102258 -0.00762460
v 0.01021743 -0.00107563 -0.00593798
v 0.01023160 -0.00180420 -0.00593798
v 0.01014560 -0.00179832 -0.00757636
v -0.01047968 0.00520329 -0.00593798
v -0.01019064 0.00694814 -0.00593798
v -0.01007968 0.00692213 -0.00810862
v -0.01007759 0.00692164 -0.00814943
v -0.01036748 0.00518451 -0.00810859
v -0.00102541 -0.00956525 -0.01277495
v 0.00032138 -0.00956081 -0.01260747
v 0.00115775 -0.00946090 -0.01250018
v 0.00198798 -0.00928551 -0.01238729
v 0.00257278 -0.00918077 -0.01230182
v 0.00921349 -0.00352296 -0.00970345
v 0.00909227 -0.00365799 -0.00989695
v 0.00894487 -0.00374742 -0.01009814
v 0.00871537 -0.00385158 -0.01034851
v 0.00844059 -0.00402273 -0.01058234
v 0.00798459 -0.00443023 -0.01087937
v 0.00733100 -0.00511020 -0.01119480
v 0.00564769 -0.00665646 -0.01172840
v 0.00985760 -0.00160201 -0.00855753
v 0.00968597 -0.00229529 -0.00887555
v 0.00946844 -0.00293418 -0.00926219
v 0.00984629 -0.00085676 -0.00853955
v 0.00924517 -0.00050873 -0.00952854
v 0.00877888 -0.00024425 -0.01016519
v 0.00818851 0.00008371 -0.01066277
v 0.00678314 0.00083369 -0.01136795
v 0.00478982 0.00182436 -0.01197530
v 0.00298387 0.00265022 -0.01235027
v 0.00113833 0.00342696 -0.01265000
v 0.00103972 0.00346662 -0.01266592
v 0.00060837 0.00093073 -0.01271091
v 0.00100129 -0.00052189 -0.01263723
v 0.00105147 -0.00018083 -0.01263315
v 0.00102267 0.00016177 -0.01264066
v 0.00091635 0.00048928 -0.01265949
v 0.00078251 0.00072362 -0.01268184
v 0.00021050 -0.00148224 -0.01274365
v 0.00050036 -0.00129672 -0.01270253
v 0.00074153 -0.00104843 -0.01266991
v 0.00089727 -0.00079783 -0.01264972
v 0.00559655 -0.00340539 -0.01174455
v 0.00077402 -0.00543177 -0.01261197
v 0.00285629 -0.00394713 -0.01231301
v 0.00267390 -0.00407959 -0.01234226
v 0.00045859 -0.00548792 -0.01265454
v 0.00241655 -0.00418374 -0.01238321
v 0.00391508 -0.00315607 -0.01212700
v 0.00401708 -0.00303292 -0.01210771
v 0.00407559 -0.00289788 -0.01209697
v 0.00461703 -0.00253313 -0.01198483
v 0.00542490 -0.00132365 -0.01179615
v 0.00390959 0.00026802 -0.01215604
v 0.00392430 0.00042144 -0.01215433
v 0.00782336 -0.00306995 -0.01094012
v 0.00719540 -0.00268210 -0.01122353
v 0.00744592 -0.00259039 -0.01111540
v 0.00772721 -0.00165924 -0.01096776
v 0.00148246 -0.00264840 -0.01254420
v 0.00129365 -0.00276229 -0.01257083
v 0.00164334 -0.00251987 -0.01252149
v 0.00108059 -0.00286156 -0.01260073
v 0.00867607 -0.00259583 -0.01034561
v 0.00857385 -0.00266409 -0.01043863
v 0.00103972 0.00346662 -0.01266592
v -0.00197502 0.00459380 -0.01287851
v -0.00504275 0.00558430 -0.01274031
v -0.00595903 -0.00107186 -0.01281461
v -0.00663866 -0.00726645 -0.01282137
v -0.00494721 -0.00843054 -0.01295725
v -0.00305040 -0.00920771 -0.01294177
v -0.00102541 -0.00956525 -0.01277495
v 0.00021050 -0.00148224 -0.01274365
v -0.00189688 0.00025308 -0.01292182
v -0.00194735 -0.00010836 -0.01292569
v -0.00190943 -0.00047127 -0.01292646
v -0.00181870 -0.00074317 -0.01292466
v -0.00168506 -0.00098245 -0.01292069
v -0.00150958 -0.00119385 -0.01291417
v -0.00129914 -0.00136931 -0.01290458
v -0.00105976 -0.00150388 -0.01289088
v -0.00080072 -0.00159221 -0.01287158
v -0.00053047 -0.00163212 -0.01284522
v -0.00025827 -0.00162238 -0.01281176
v -0.00001824 -0.00157167 -0.01277763
v 0.00060837 0.00093073 -0.01271091
v 0.00031931 0.00115461 -0.01275859
v -0.00001638 0.00130221 -0.01280475
v -0.00037884 0.00136398 -0.01284067
v -0.00074548 0.00133576 -0.01286623
v -0.00109489 0.00121888 -0.01288499
v -0.00140573 0.00101984 -0.01289945
v -0.00165856 0.00075092 -0.01291060
v -0.00180070 0.00051334 -0.01291701
v -0.00409141 -0.00430147 -0.01297336
v -0.00419908 -0.00420883 -0.01297129
v -0.00404921 0.00196708 -0.01290539
v -0.00177544 0.03485217 -0.01192751
v -0.00174922 0.03495654 -0.01191579
v -0.00172423 0.03505602 -0.01188119
v -0.00170164 0.03514594 -0.01182532
v -0.00168251 0.03522209 -0.01175081
v -0.00166773 0.03528091 -0.01166114
v -0.00165801 0.03531962 -0.01156053
v -0.00165378 0.03533644 -0.01145368
v -0.00067406 0.03491867 -0.01154737
v -0.00109130 0.03514180 -0.01148251
v -0.00136681 0.03525096 -0.01146087
v -0.00102857 0.03453357 -0.01201079
v -0.00096848 0.03462574 -0.01200218
v -0.00090679 0.03471146 -0.01197015
v -0.00084649 0.03478655 -0.01191623
v -0.00079052 0.03484734 -0.01184307
v -0.00074162 0.03489088 -0.01175423
v -0.00070216 0.03491505 -0.01165404
v -0.00142763 0.03474281 -0.01194405
v -0.00122268 0.03464799 -0.01197106
v -0.00136042 0.03508465 -0.01180084
v -0.00123783 0.03503622 -0.01181167
v -0.00111755 0.03498247 -0.01182628
v -0.00102857 0.03453357 -0.01201079
v -0.00096848 0.03462574 -0.01200218
v -0.00090679 0.03471146 -0.01197015
v -0.00084649 0.03478655 -0.01191623
v -0.00079052 0.03484734 -0.01184307
v -0.00074162 0.03489088 -0.01175423
v -0.00070216 0.03491505 -0.01165404
v -0.00067406 0.03491867 -0.01154737
v -0.00048925 0.03479452 -0.01158492
v -0.00086204 0.03442750 -0.01204978
v -0.00079632 0.03451595 -0.01204133
v -0.00072968 0.03459808 -0.01200930
v -0.00066535 0.03466988 -0.01195526
v -0.00060649 0.03472784 -0.01188186
v -0.00055596 0.03476913 -0.01179267
v -0.00051623 0.03479172 -0.01169205
v -0.00146140 0.03300534 -0.01203243
v -0.00124588 0.03274080 -0.01210569
v -0.00109421 0.03243000 -0.01216212
v -0.00101757 0.03209067 -0.01220260
v -0.00101356 0.03181619 -0.01222330
v -0.00105996 0.03154435 -0.01223315
v -0.00228858 0.03341555 -0.01192751
v -0.00198438 0.03333718 -0.01193984
v -0.00170400 0.03319758 -0.01197627
v -0.00265182 0.03342502 -0.01192751
v -0.00300668 0.03334688 -0.01192751
v -0.00333234 0.03318571 -0.01192751
v -0.00360969 0.03295095 -0.01192751
v -0.00382245 0.03265639 -0.01192751
v -0.00395814 0.03231932 -0.01192751
v -0.00395814 0.03231932 -0.00952751
v -0.00105996 0.03154435 -0.00952751
v -0.00100934 0.03190240 -0.00952751
v -0.00104587 0.03226216 -0.00952751
v -0.00116744 0.03260272 -0.00952751
v -0.00136699 0.03290429 -0.00952751
v -0.00163290 0.03314935 -0.00952751
v -0.00194973 0.03332365 -0.00952751
v -0.00229906 0.03341706 -0.00952751
v -0.00266060 0.03342415 -0.00952751
v -0.00301334 0.03334452 -0.00952751
v -0.00333676 0.03318279 -0.00952751
v -0.00361208 0.03294836 -0.00952751
v -0.00382330 0.03265484 -0.00952751
v -0.00086204 0.03442750 -0.01204978
v -0.00079632 0.03451595 -0.01204133
v -0.00072968 0.03459808 -0.01200930
v -0.00066535 0.03466988 -0.01195526
v -0.00060649 0.03472784 -0.01188186
v -0.00055596 0.03476913 -0.01179267
v -0.00051623 0.03479172 -0.01169205
v -0.00048925 0.03479452 -0.01158492
v 0.00015755 0.03419426 -0.01170816
v -0.00014719 0.03451481 -0.01165132
v -0.00027771 0.03391512 -0.01217707
v -0.00018845 0.03398783 -0.01216662
v -0.00010106 0.03405435 -0.01213046
v -0.00002013 0.03411122 -0.01207071
v 0.00004977 0.03415504 -0.01198981
v 0.00010499 0.03418361 -0.01189236
v 0.00013797 0.03419494 -0.01180250
v -0.00084565 0.03386766 -0.01209875
v -0.00119944 0.03383910 -0.01203120
v -0.00086204 0.03442750 -0.01204978
v -0.00102857 0.03453357 -0.01201079
v -0.00177544 0.03485217 -0.01192751
v -0.00228858 0.03341555 -0.01192751
v -0.00265182 0.03342502 -0.01192751
v -0.00300668 0.03334688 -0.01192751
v -0.00333234 0.03318571 -0.01192751
v -0.00360969 0.03295095 -0.01192751
v -0.00382245 0.03265639 -0.01192751
v -0.00395814 0.03231932 -0.01192751
v -0.00400789 0.03199092 -0.01192751
v -0.00398415 0.03165962 -0.01192751
v -0.00388807 0.03134167 -0.01192751
v -0.00372439 0.03105266 -0.01192751
v -0.00350111 0.03080675 -0.01192751
v -0.00322920 0.03061601 -0.01192751
v -0.00292197 0.03048978 -0.01192751
v -0.00301177 0.02948841 -0.01192751
v -0.00311118 0.02848714 -0.01192751
v -0.00360964 0.02899364 -0.01192751
v -0.00415706 0.02941179 -0.01192751
v -0.00464368 0.02980818 -0.01192751
v -0.00503756 0.03029684 -0.01192751
v -0.00532158 0.03085654 -0.01192751
v -0.00548339 0.03146295 -0.01192751
v -0.00551598 0.03208974 -0.01192751
v -0.00541792 0.03270966 -0.01192751
v -0.00517495 0.03333167 -0.01192751
v -0.00480085 0.03388483 -0.01192751
v -0.00431404 0.03434193 -0.01192751
v -0.00373845 0.03468049 -0.01192751
v -0.00310238 0.03488387 -0.01192751
v -0.00243714 0.03494205 -0.01192751
v 0.00853445 0.03354066 -0.00794045
v 0.00854930 0.03328621 -0.00794037
v 0.00860864 0.03395476 -0.00741748
v 0.00864739 0.03329250 -0.00741738
v 0.00861579 0.03329047 -0.00768211
v -0.00590029 0.03283865 -0.01145368
v -0.00588355 0.03283417 -0.01156053
v -0.00584498 0.03282386 -0.01166114
v -0.00578639 0.03280819 -0.01175081
v -0.00571054 0.03278791 -0.01182532
v -0.00562097 0.03276396 -0.01188119
v -0.00552188 0.03273746 -0.01191579
v -0.00541792 0.03270966 -0.01192751
v -0.00165378 0.03533644 -0.01145368
v -0.00242522 0.03544122 -0.01145368
v -0.00320077 0.03537339 -0.01145368
v -0.00394231 0.03513629 -0.01145368
v -0.00461335 0.03474159 -0.01145368
v -0.00518089 0.03420869 -0.01145368
v -0.00561702 0.03356380 -0.01145368
v -0.00177544 0.03485217 -0.01192751
v -0.00174922 0.03495654 -0.01191579
v -0.00172423 0.03505602 -0.01188119
v -0.00170164 0.03514594 -0.01182532
v -0.00168251 0.03522209 -0.01175081
v -0.00166773 0.03528091 -0.01166114
v -0.00165801 0.03531962 -0.01156053
v -0.00517495 0.03333167 -0.01192751
v -0.00480085 0.03388483 -0.01192751
v -0.00431404 0.03434193 -0.01192751
v -0.00373845 0.03468049 -0.01192751
v -0.00310238 0.03488387 -0.01192751
v -0.00243714 0.03494205 -0.01192751
v -0.00560168 0.03355574 -0.01156053
v -0.00556633 0.03353718 -0.01166114
v -0.00551264 0.03350899 -0.01175081
v -0.00544312 0.03347249 -0.01182532
v -0.00536104 0.03342938 -0.01188119
v -0.00527023 0.03338170 -0.01191579
v -0.00516770 0.03419745 -0.01156053
v -0.00513732 0.03417155 -0.01166114
v -0.00509116 0.03413222 -0.01175081
v -0.00503139 0.03408129 -0.01182532
v -0.00496082 0.03402115 -0.01188119
v -0.00488276 0.03395463 -0.01191579
v -0.00460296 0.03472771 -0.01156053
v -0.00457903 0.03469576 -0.01166114
v -0.00454268 0.03464722 -0.01175081
v -0.00449561 0.03458437 -0.01182532
v -0.00444003 0.03451016 -0.01188119
v -0.00437855 0.03442807 -0.01191579
v -0.00393524 0.03512047 -0.01156053
v -0.00391894 0.03508403 -0.01166114
v -0.00389417 0.03502867 -0.01175081
v -0.00386212 0.03495699 -0.01182532
v -0.00382426 0.03487235 -0.01188119
v -0.00378238 0.03477873 -0.01191579
v -0.00319736 0.03535640 -0.01156053
v -0.00318949 0.03531725 -0.01166114
v -0.00317755 0.03525781 -0.01175081
v -0.00316207 0.03518082 -0.01182532
v -0.00314380 0.03508992 -0.01188119
v -0.00312359 0.03498937 -0.01191579
v -0.00242564 0.03542389 -0.01156053
v -0.00242658 0.03538398 -0.01166114
v -0.00242803 0.03532335 -0.01175081
v -0.00242991 0.03524485 -0.01182532
v -0.00243212 0.03515216 -0.01188119
v -0.00243458 0.03504963 -0.01191579
v -0.00193635 0.03054547 0.00015596
v -0.00165224 0.03070063 0.00026239
v -0.00140234 0.03091931 0.00033265
v -0.00120358 0.03119310 0.00036937
v -0.00112078 0.03136396 0.00037741
v -0.00105996 0.03154435 0.00037813
v -0.00200921 0.03051756 0.00012836
v -0.00214305 0.03047717 0.00009256
v -0.00234585 0.03044074 0.00007249
v -0.00395814 0.03231932 0.00007249
v -0.00400879 0.03195980 0.00007249
v -0.00397158 0.03159865 0.00007249
v -0.00384868 0.03125702 0.00007249
v -0.00364732 0.03095492 0.00007249
v -0.00337925 0.03071005 0.00007249
v -0.00306022 0.03053676 0.00007249
v -0.00270888 0.03044521 0.00007249
v -0.00395814 0.03231932 -0.00232751
v -0.00400876 0.03196127 -0.00232751
v -0.00397223 0.03160151 -0.00232751
v -0.00385066 0.03126095 -0.00232751
v -0.00365112 0.03095937 -0.00232751
v -0.00338521 0.03071431 -0.00232751
v -0.00306838 0.03054002 -0.00232751
v -0.00271904 0.03044661 -0.00232751
v -0.00235750 0.03043951 -0.00232751
v -0.00200477 0.03051914 -0.00232751
v -0.00168134 0.03068088 -0.00232751
v -0.00140602 0.03091531 -0.00232751
v -0.00119481 0.03120882 -0.00232751
v -0.00105996 0.03154435 -0.00232751
v -0.00102857 0.03453357 0.00015577
v -0.00096848 0.03462574 0.00014717
v -0.00090679 0.03471146 0.00011513
v -0.00084649 0.03478655 0.00006121
v -0.00079052 0.03484734 -0.00001195
v -0.00074162 0.03489088 -0.00010079
v -0.00070216 0.03491505 -0.00020098
v -0.00067406 0.03491867 -0.00030765
v -0.00086204 0.03442750 0.00019476
v -0.00079632 0.03451595 0.00018631
v -0.00072968 0.03459808 0.00015428
v -0.00066535 0.03466988 0.00010025
v -0.00060649 0.03472784 0.00002684
v -0.00055596 0.03476913 -0.00006235
v -0.00051623 0.03479172 -0.00016297
v -0.00048925 0.03479452 -0.00027010
v -0.00177544 0.03485217 0.00007249
v -0.00142763 0.03474281 0.00008903
v -0.00122268 0.03464799 0.00011604
v -0.00102857 0.03453357 0.00015577
v -0.00096848 0.03462574 0.00014717
v -0.00090679 0.03471146 0.00011513
v -0.00084649 0.03478655 0.00006121
v -0.00079052 0.03484734 -0.00001195
v -0.00074162 0.03489088 -0.00010079
v -0.00070216 0.03491505 -0.00020098
v -0.00067406 0.03491867 -0.00030765
v -0.00109130 0.03514180 -0.00037251
v -0.00136681 0.03525096 -0.00039415
v -0.00165378 0.03533644 -0.00040134
v -0.00174922 0.03495654 0.00006077
v -0.00172423 0.03505602 0.00002617
v -0.00170164 0.03514594 -0.00002970
v -0.00168251 0.03522209 -0.00010421
v -0.00166773 0.03528091 -0.00019387
v -0.00165801 0.03531962 -0.00029449
v -0.00136042 0.03508465 -0.00005418
v -0.00123783 0.03503622 -0.00004335
v -0.00111755 0.03498247 -0.00002874
v -0.00119944 0.03383910 0.00017619
v -0.00102857 0.03453357 0.00015577
v -0.00084565 0.03386766 0.00024373
v -0.00086204 0.03442750 0.00019476
v -0.00086204 0.03442750 0.00019476
v -0.00027771 0.03391512 0.00032205
v -0.00018844 0.03398782 0.00031161
v -0.00010104 0.03405433 0.00027545
v -0.00002010 0.03411120 0.00021570
v 0.00004979 0.03415502 0.00013479
v 0.00010501 0.03418359 0.00003735
v 0.00013798 0.03419493 -0.00005252
v 0.00015755 0.03419426 -0.00014686
v -0.00014719 0.03451481 -0.00020370
v -0.00048925 0.03479452 -0.00027010
v -0.00079632 0.03451595 0.00018631
v -0.00072968 0.03459808 0.00015428
v -0.00066535 0.03466988 0.00010025
v -0.00060649 0.03472784 0.00002684
v -0.00055596 0.03476913 -0.00006235
v -0.00051623 0.03479172 -0.00016297
v -0.00510088 0.02705280 -0.00790945
v -0.00525581 0.02707873 -0.00734661
v -0.00532774 0.02709076 -0.00676682
v -0.00530322 0.02607698 -0.00789938
v -0.00540987 0.02610367 -0.00753303
v -0.00548221 0.02612127 -0.00715784
v -0.00551957 0.02612962 -0.00677727
v -0.00510088 0.02705280 -0.00394556
v -0.00525581 0.02707873 -0.00450841
v -0.00532774 0.02709076 -0.00508820
v -0.00551957 0.02612962 -0.00507775
v -0.00530322 0.02607698 -0.00395563
v -0.00540987 0.02610367 -0.00432199
v -0.00548221 0.02612127 -0.00469717
v -0.00146130 0.03300525 0.00017745
v -0.00119944 0.03383910 0.00017619
v -0.00228858 0.03341555 0.00007249
v -0.00198393 0.03333680 0.00008493
v -0.00170458 0.03319773 0.00012122
v -0.00177544 0.03485217 0.00007249
v -0.00142763 0.03474281 0.00008903
v -0.00122268 0.03464799 0.00011604
v -0.00102857 0.03453357 0.00015577
v 0.00853445 0.03354066 -0.00391457
v 0.00854930 0.03328621 -0.00391465
v 0.00861579 0.03329047 -0.00417291
v 0.00864739 0.03329250 -0.00443764
v 0.00860864 0.03395476 -0.00443754
v -0.00590029 0.03283865 -0.00040134
v -0.00588355 0.03283417 -0.00029449
v -0.00584498 0.03282386 -0.00019387
v -0.00578639 0.03280819 -0.00010421
v -0.00571054 0.03278791 -0.00002970
v -0.00562097 0.03276396 0.00002617
v -0.00552188 0.03273746 0.00006077
v -0.00541792 0.03270966 0.00007249
v -0.00601461 0.03211592 -0.00040134
v -0.00597661 0.03138520 -0.00040134
v -0.00578796 0.03067822 -0.00040134
v -0.00545685 0.03002572 -0.00040134
v -0.00499766 0.02945602 -0.00040134
v -0.00443035 0.02899390 -0.00040134
v -0.00415706 0.02941179 0.00007249
v -0.00421596 0.02932173 0.00006077
v -0.00427210 0.02923589 0.00002617
v -0.00432284 0.02915829 -0.00002970
v -0.00436582 0.02909258 -0.00010421
v -0.00439901 0.02904182 -0.00019387
v -0.00442086 0.02900841 -0.00029449
v -0.00464368 0.02980818 0.00007249
v -0.00503756 0.03029684 0.00007249
v -0.00532158 0.03085654 0.00007249
v -0.00548339 0.03146295 0.00007249
v -0.00551598 0.03208974 0.00007249
v -0.00599730 0.03211501 -0.00029449
v -0.00595743 0.03211292 -0.00019387
v -0.00589687 0.03210973 -0.00010421
v -0.00581846 0.03210562 -0.00002970
v -0.00572587 0.03210076 0.00002617
v -0.00562344 0.03209538 0.00006077
v -0.00595950 0.03138789 -0.00029449
v -0.00592006 0.03139411 -0.00019387
v -0.00586015 0.03140355 -0.00010421
v -0.00578259 0.03141578 -0.00002970
v -0.00569101 0.03143022 0.00002617
v -0.00558969 0.03144619 0.00006077
v -0.00577177 0.03068441 -0.00029449
v -0.00573448 0.03069867 -0.00019387
v -0.00567784 0.03072032 -0.00010421
v -0.00560450 0.03074837 -0.00002970
v -0.00551789 0.03078148 0.00002617
v -0.00542209 0.03081810 0.00006077
v -0.00544229 0.03003513 -0.00029449
v -0.00540877 0.03005681 -0.00019387
v -0.00535785 0.03008973 -0.00010421
v -0.00529191 0.03013237 -0.00002970
v -0.00521405 0.03018272 0.00002617
v -0.00512792 0.03023841 0.00006077
v -0.00498537 0.02946825 -0.00029449
v -0.00495707 0.02949640 -0.00019387
v -0.00491408 0.02953918 -0.00010421
v -0.00485842 0.02959455 -0.00002970
v -0.00479268 0.02965995 0.00002617
v -0.00471997 0.02973229 0.00006077
v 0.00780719 0.03395786 -0.00765372
v 0.00756910 0.03372756 -0.00842092
v 0.00860898 0.03397729 -0.00738562
v 0.00835123 0.03395267 -0.00782229
v 0.00818694 0.03394146 -0.00801521
v 0.00809615 0.03393717 -0.00808547
v 0.00804406 0.03393564 -0.00810795
v 0.00801284 0.03393510 -0.00811424
v 0.00798101 0.03393493 -0.00811347
v 0.00795348 0.03393513 -0.00810612
v 0.00793003 0.03393564 -0.00809337
v 0.00790630 0.03393658 -0.00807243
v 0.00788683 0.03393776 -0.00804730
v 0.00784873 0.03394176 -0.00796604
v 0.00781715 0.03394965 -0.00781148
v 0.00860864 0.03395476 -0.00741748
v 0.00853445 0.03354066 -0.00794045
v 0.00834581 0.03335873 -0.00854225
v 0.00831726 0.03346705 -0.00856714
v 0.00826539 0.03356824 -0.00858257
v 0.00821167 0.03363717 -0.00858741
v 0.00814858 0.03369582 -0.00858620
v 0.00807731 0.03374370 -0.00857918
v 0.00799986 0.03377922 -0.00856650
v 0.00791856 0.03380134 -0.00854858
v 0.00783582 0.03380958 -0.00852604
v 0.00775410 0.03380349 -0.00849949
v 0.00767582 0.03378324 -0.00846977
v 0.00762036 0.03375905 -0.00844578
v 0.00842934 0.03376735 -0.00800734
v 0.00860898 0.03397729 -0.00446940
v 0.00835123 0.03395267 -0.00403273
v 0.00818694 0.03394146 -0.00383981
v 0.00809615 0.03393717 -0.00376954
v 0.00804406 0.03393564 -0.00374707
v 0.00801284 0.03393510 -0.00374078
v 0.00798101 0.03393493 -0.00374155
v 0.00795348 0.03393513 -0.00374890
v 0.00793003 0.03393564 -0.00376164
v 0.00790630 0.03393658 -0.00378259
v 0.00788683 0.03393776 -0.00380772
v 0.00784873 0.03394176 -0.00388898
v 0.00781715 0.03394965 -0.00404353
v 0.00780719 0.03395786 -0.00420130
v 0.00756910 0.03372756 -0.00343410
v 0.00834581 0.03335873 -0.00331277
v 0.00831726 0.03346705 -0.00328788
v 0.00826539 0.03356824 -0.00327245
v 0.00821167 0.03363717 -0.00326761
v 0.00814858 0.03369582 -0.00326882
v 0.00807731 0.03374370 -0.00327584
v 0.00799986 0.03377922 -0.00328852
v 0.00791856 0.03380134 -0.00330643
v 0.00783582 0.03380958 -0.00332898
v 0.00775410 0.03380349 -0.00335553
v 0.00767582 0.03378324 -0.00338525
v 0.00762036 0.03375905 -0.00340924
v 0.00853445 0.03354066 -0.00391457
v 0.00860864 0.03395476 -0.00443754
v 0.00842934 0.03376735 -0.00384768
v 0.00860898 0.03397729 -0.00446940
v 0.00860898 0.03397729 -0.00446940
v 0.00868048 0.03405364 -0.00591704
v 0.00868048 0.03405364 -0.00591704
v 0.00868073 0.03405419 -0.00592751
v 0.00777643 0.03404812 -0.00592751
v 0.00777643 0.03404812 -0.00592751
v 0.00780719 0.03395786 -0.00420130
v 0.00780719 0.03395786 -0.00420130
v 0.00780719 0.03395786 -0.00420130
v 0.00835123 0.03395267 -0.00403273
v 0.00835123 0.03395267 -0.00403273
v 0.00835123 0.03395267 -0.00403273
v 0.00818694 0.03394146 -0.00383981
v 0.00809615 0.03393717 -0.00376954
v 0.00809615 0.03393717 -0.00376954
v 0.00809615 0.03393717 -0.00376954
v 0.00804406 0.03393564 -0.00374707
v 0.00804406 0.03393564 -0.00374707
v 0.00801284 0.03393510 -0.00374078
v 0.00801284 0.03393510 -0.00374078
v 0.00801284 0.03393510 -0.00374078
v 0.00798101 0.03393493 -0.00374155
v 0.00795348 0.03393513 -0.00374890
v 0.00793003 0.03393564 -0.00376164
v 0.00793003 0.03393564 -0.00376164
v 0.00790630 0.03393658 -0.00378259
v 0.00790630 0.03393658 -0.00378259
v 0.00790630 0.03393658 -0.00378259
v 0.00788683 0.03393776 -0.00380772
v 0.00788683 0.03393776 -0.00380772
v 0.00784873 0.03394176 -0.00388898
v 0.00784873 0.03394176 -0.00388898
v 0.00781715 0.03394965 -0.00404353
v 0.00781715 0.03394965 -0.00404353
v 0.00868073 0.03405419 -0.00592751
v 0.00777643 0.03404812 -0.00592751
v 0.00777643 0.03404812 -0.00592751
v 0.00777643 0.03404812 -0.00592751
v 0.00868048 0.03405364 -0.00593798
v 0.00868048 0.03405364 -0.00593798
v 0.00860898 0.03397729 -0.00738562
v 0.00860898 0.03397729 -0.00738562
v 0.00835123 0.03395267 -0.00782229
v 0.00835123 0.03395267 -0.00782229
v 0.00835123 0.03395267 -0.00782229
v 0.00818694 0.03394146 -0.00801521
v 0.00809615 0.03393717 -0.00808547
v 0.00809615 0.03393717 -0.00808547
v 0.00809615 0.03393717 -0.00808547
v 0.00804406 0.03393564 -0.00810795
v 0.00804406 0.03393564 -0.00810795
v 0.00801284 0.03393510 -0.00811424
v 0.00801284 0.03393510 -0.00811424
v 0.00801284 0.03393510 -0.00811424
v 0.00798101 0.03393493 -0.00811347
v 0.00795348 0.03393513 -0.00810612
v 0.00793003 0.03393564 -0.00809337
v 0.00793003 0.03393564 -0.00809337
v 0.00790630 0.03393658 -0.00807243
v 0.00790630 0.03393658 -0.00807243
v 0.00790630 0.03393658 -0.00807243
v 0.00788683 0.03393776 -0.00804730
v 0.00788683 0.03393776 -0.00804730
v 0.00784873 0.03394176 -0.00796604
v 0.00784873 0.03394176 -0.00796604
v 0.00781715 0.03394965 -0.00781148
v 0.00781715 0.03394965 -0.00781148
v 0.00780719 0.03395786 -0.00765372
v 0.00780719 0.03395786 -0.00765372
v 0.00780719 0.03395786 -0.00765372
v 0.00077206 0.03344048 -0.00952751
v 0.00092578 0.03316528 -0.00952751
v 0.00104273 0.03300768 -0.00952751
v 0.00117547 0.03286151 -0.00952751
v 0.00067154 0.03337457 -0.01179466
v 0.00124153 0.03263651 -0.01186144
v 0.00101324 0.03285114 -0.01184707
v 0.00082236 0.03309834 -0.01182418
v 0.00134785 0.03271424 -0.00943746
v 0.00117326 0.03287022 -0.00944183
v -0.00590029 0.03283865 -0.01145368
v -0.00599781 0.03286472 -0.00952751
v -0.00601461 0.03211592 -0.01145368
v -0.00597661 0.03138520 -0.01145368
v -0.00578796 0.03067822 -0.01145368
v -0.00545685 0.03002572 -0.01145368
v -0.00499766 0.02945602 -0.01145368
v -0.00443035 0.02899390 -0.01145368
v -0.00508991 0.02940579 -0.00952751
v -0.00555435 0.02999073 -0.00952751
v -0.00588852 0.03065869 -0.00952751
v -0.00607814 0.03138112 -0.00952751
v -0.00611510 0.03212710 -0.00952751
v -0.00599781 0.03286472 -0.00952751
v -0.00566746 0.03368288 -0.00952751
v -0.00514858 0.03439650 -0.00952751
v -0.00447214 0.03496301 -0.00952751
v -0.00367851 0.03534857 -0.00952751
v -0.00281508 0.03553017 -0.00952751
v -0.00193338 0.03549699 -0.00952751
v -0.00108604 0.03525098 -0.00952751
v -0.00032364 0.03480685 -0.00952751
v 0.00030830 0.03419109 -0.00952751
v 0.00077206 0.03344048 -0.00952751
v 0.00092578 0.03316528 -0.00952751
v 0.00104273 0.03300768 -0.00952751
v 0.00117547 0.03286151 -0.00952751
v 0.00127949 0.03222672 -0.00952751
v 0.00127495 0.03158347 -0.00952751
v 0.00116197 0.03095021 -0.00952751
v 0.00082681 0.03011194 -0.00952751
v 0.00030337 0.02937640 -0.00952751
v -0.00037880 0.02878508 -0.00952751
v -0.00118122 0.02837138 -0.00952751
v -0.00205858 0.02815863 -0.00952751
v -0.00296136 0.02815885 -0.00952751
v -0.00383862 0.02837203 -0.00952751
v -0.00464083 0.02878612 -0.00952751
v -0.00484154 0.02911161 -0.00952751
v -0.00508991 0.02940579 -0.00952751
v -0.00555435 0.02999073 -0.00952751
v -0.00588852 0.03065869 -0.00952751
v -0.00607814 0.03138112 -0.00952751
v -0.00611510 0.03212710 -0.00952751
v -0.00105996 0.03154435 -0.00952751
v -0.00100934 0.03190240 -0.00952751
v -0.00104587 0.03226216 -0.00952751
v -0.00116744 0.03260272 -0.00952751
v -0.00136699 0.03290429 -0.00952751
v -0.00163290 0.03314935 -0.00952751
v -0.00194973 0.03332365 -0.00952751
v -0.00229906 0.03341706 -0.00952751
v -0.00266060 0.03342415 -0.00952751
v -0.00301334 0.03334452 -0.00952751
v -0.00333676 0.03318279 -0.00952751
v -0.00361208 0.03294836 -0.00952751
v -0.00382330 0.03265484 -0.00952751
v -0.00395814 0.03231932 -0.00952751
v -0.00400876 0.03196127 -0.00952751
v -0.00397223 0.03160151 -0.00952751
v -0.00385066 0.03126095 -0.00952751
v -0.00365112 0.03095937 -0.00952751
v -0.00338521 0.03071431 -0.00952751
v -0.00306838 0.03054002 -0.00952751
v -0.00271904 0.03044661 -0.00952751
v -0.00235750 0.03043951 -0.00952751
v -0.00200477 0.03051914 -0.00952751
v -0.00168134 0.03068088 -0.00952751
v -0.00140602 0.03091531 -0.00952751
v -0.00119481 0.03120882 -0.00952751
v -0.00061847 0.02863552 -0.00933425
v 0.00009680 0.02916605 -0.00934689
v 0.00067823 0.02986272 -0.00936410
v 0.00096522 0.03039254 -0.00937745
v 0.00116197 0.03095021 -0.00939168
v -0.00086134 0.02850765 -0.00933132
v -0.00471165 0.02883529 -0.00934648
v -0.00395344 0.02841704 -0.00933425
v -0.00308921 0.02817639 -0.00932648
v -0.00218537 0.02814565 -0.00932413
v -0.00149607 0.02826934 -0.00932618
v -0.00464083 0.02878612 -0.00952751
v 0.00116197 0.03095021 -0.00952751
v 0.00082681 0.03011194 -0.00952751
v 0.00030337 0.02937640 -0.00952751
v -0.00037880 0.02878508 -0.00952751
v -0.00118122 0.02837138 -0.00952751
v -0.00205858 0.02815863 -0.00952751
v -0.00296136 0.02815885 -0.00952751
v -0.00383862 0.02837203 -0.00952751
v 0.00093882 0.03227858 -0.01233415
v 0.00101372 0.03237118 -0.01231214
v 0.00108370 0.03245646 -0.01226214
v 0.00114465 0.03252940 -0.01218709
v 0.00119302 0.03258574 -0.01209141
v 0.00122596 0.03262215 -0.01198069
v 0.00124153 0.03263651 -0.01186144
v 0.00440149 0.03150324 -0.01153023
v 0.00389968 0.03141080 -0.01167076
v 0.00343102 0.03143683 -0.01176234
v 0.00301871 0.03154414 -0.01181487
v 0.00208894 0.03201785 -0.01186722
v 0.00465583 0.03106835 -0.01198835
v 0.00462193 0.03116879 -0.01197538
v 0.00458428 0.03126261 -0.01194091
v 0.00454461 0.03134552 -0.01188651
v 0.00450472 0.03141373 -0.01181466
v 0.00446642 0.03146414 -0.01172863
v 0.00443149 0.03149443 -0.01163235
v 0.00206565 0.03150695 -0.01233289
v 0.00296925 0.03109768 -0.01227812
v 0.00362270 0.03096421 -0.01220021
v 0.00414737 0.03096838 -0.01210769
v 0.00402551 0.03127844 -0.01197504
v 0.00379862 0.03126804 -0.01201973
v 0.00353809 0.03128426 -0.01206301
v 0.00324951 0.03133640 -0.01210193
v 0.00302532 0.03140041 -0.01212630
v 0.00260371 0.03157109 -0.01216022
v 0.00211956 0.03183624 -0.01218324
v 0.00019224 0.03320030 -0.01226686
v 0.00029696 0.03324630 -0.01225550
v 0.00039748 0.03328821 -0.01221857
v 0.00048858 0.03332387 -0.01215822
v 0.00056507 0.03335116 -0.01207688
v 0.00062303 0.03336873 -0.01197915
v 0.00065533 0.03337545 -0.01188912
v 0.00067154 0.03337457 -0.01179466
v 0.00124153 0.03263651 -0.01186144
v 0.00101324 0.03285114 -0.01184707
v 0.00082236 0.03309834 -0.01182418
v 0.00093882 0.03227858 -0.01233415
v 0.00101372 0.03237118 -0.01231214
v 0.00108370 0.03245646 -0.01226214
v 0.00114465 0.03252940 -0.01218709
v 0.00119302 0.03258574 -0.01209141
v 0.00122596 0.03262215 -0.01198069
v 0.00039278 0.03285374 -0.01229625
v 0.00064305 0.03254525 -0.01231929
v 0.00089290 0.03276313 -0.01217593
v 0.00078226 0.03289368 -0.01216748
v 0.00068226 0.03303266 -0.01215744
v -0.00027771 0.03391512 -0.01217707
v -0.00018845 0.03398783 -0.01216662
v -0.00010106 0.03405435 -0.01213046
v -0.00002013 0.03411122 -0.01207071
v 0.00004977 0.03415504 -0.01198981
v 0.00010499 0.03418361 -0.01189236
v 0.00013797 0.03419494 -0.01180250
v 0.00015755 0.03419426 -0.01170816
v 0.00067154 0.03337457 -0.01179466
v 0.00044235 0.03380307 -0.01175760
v 0.00019224 0.03320030 -0.01226686
v 0.00029696 0.03324630 -0.01225550
v 0.00039748 0.03328821 -0.01221857
v 0.00048858 0.03332387 -0.01215822
v 0.00056507 0.03335116 -0.01207688
v 0.00062303 0.03336873 -0.01197915
v 0.00065533 0.03337545 -0.01188912
v -0.00001603 0.03356892 -0.01222901
v 0.00028916 0.03374586 -0.01209701
v -0.00084565 0.03386766 -0.01209875
v -0.00027771 0.03391512 -0.01217707
v -0.00086204 0.03442750 -0.01204978
v -0.00551957 0.02612962 -0.00677727
v -0.00576802 0.02532524 -0.00677806
v -0.00532774 0.02709076 -0.00676682
v -0.00537060 0.02709794 -0.00593798
v -0.00580961 0.02533968 -0.00593798
v -0.00448410 0.02774565 -0.00930435
v -0.00361605 0.02693670 -0.01080480
v -0.00494391 0.02702664 -0.00833963
v -0.00485883 0.02703712 -0.00855638
v -0.00477005 0.02709111 -0.00876428
v -0.00468056 0.02719144 -0.00895498
v -0.00460511 0.02732179 -0.00910116
v -0.00454685 0.02746809 -0.00920482
v -0.00451015 0.02760134 -0.00926515
v -0.00494950 0.02702747 -0.00832479
v -0.00510088 0.02705280 -0.00790945
v -0.00530322 0.02607698 -0.00789938
v -0.00456590 0.02644786 -0.00944038
v -0.00556135 0.02525141 -0.00789116
v -0.00566344 0.02528754 -0.00752763
v -0.00573254 0.02531223 -0.00715548
v -0.00576802 0.02532524 -0.00677806
v -0.00551957 0.02612962 -0.00677727
v -0.00530322 0.02607698 -0.00789938
v -0.00540987 0.02610367 -0.00753303
v -0.00548221 0.02612127 -0.00715784
v 0.00854918 0.03328625 -0.00794072
v 0.00834593 0.03335869 -0.00854190
v 0.00854930 0.03328621 -0.00794037
v 0.00853445 0.03354066 -0.00794045
v 0.00834581 0.03335873 -0.00854225
v 0.00653519 0.03205813 -0.01108823
v 0.00647706 0.03216213 -0.01109828
v 0.00640668 0.03225801 -0.01108410
v 0.00632853 0.03234069 -0.01104678
v 0.00624713 0.03240509 -0.01098745
v 0.00616743 0.03244737 -0.01090896
v 0.00609402 0.03246633 -0.01081625
v 0.00604852 0.03246526 -0.01074520
v 0.00600987 0.03245193 -0.01067135
v 0.00600988 0.03245193 -0.01067134
v 0.00756910 0.03372756 -0.00842092
v 0.00725521 0.03343982 -0.00924520
v 0.00678758 0.03305321 -0.00993194
v 0.00641528 0.03276062 -0.01032397
v 0.00834581 0.03335873 -0.00854225
v 0.00831726 0.03346705 -0.00856714
v 0.00826539 0.03356824 -0.00858257
v 0.00821167 0.03363717 -0.00858741
v 0.00814858 0.03369582 -0.00858620
v 0.00807731 0.03374370 -0.00857918
v 0.00799986 0.03377922 -0.00856650
v 0.00791856 0.03380134 -0.00854858
v 0.00783582 0.03380958 -0.00852604
v 0.00775410 0.03380349 -0.00849949
v 0.00767582 0.03378324 -0.00846977
v 0.00762036 0.03375905 -0.00844578
v 0.00834593 0.03335869 -0.00854190
v 0.00829459 0.03330958 -0.00870559
v 0.00726334 0.03255748 -0.01044542
v 0.00787496 0.03298313 -0.00966169
v 0.00811253 0.03315826 -0.00920151
v 0.00680449 0.03277710 -0.01056702
v 0.00705477 0.03296351 -0.01031903
v 0.00736898 0.03300017 -0.01016165
v 0.00736458 0.03319751 -0.00995882
v 0.00732393 0.03333661 -0.00973392
v 0.00784040 0.03334687 -0.00948729
v 0.00762950 0.03340230 -0.00957234
v 0.00775126 0.03349983 -0.00934984
v 0.00782797 0.03361575 -0.00908029
v 0.00811326 0.03353326 -0.00890998
v 0.00813932 0.03350177 -0.00890827
v 0.00741768 0.03348020 -0.00941866
v 0.00747360 0.03352784 -0.00931333
v 0.00766718 0.03311174 -0.00985722
v 0.00780175 0.03320900 -0.00965375
v 0.00798875 0.03334900 -0.00930936
v 0.00803633 0.03341317 -0.00917689
v 0.00600988 0.03245193 -0.01067134
v 0.00526563 0.03192518 -0.01116069
v 0.00482330 0.03167223 -0.01137419
v 0.00440149 0.03150324 -0.01153023
v 0.00600987 0.03245193 -0.01067135
v 0.00653519 0.03205813 -0.01108823
v 0.00647706 0.03216213 -0.01109828
v 0.00640668 0.03225801 -0.01108410
v 0.00632853 0.03234069 -0.01104678
v 0.00624713 0.03240509 -0.01098745
v 0.00616743 0.03244737 -0.01090896
v 0.00609402 0.03246633 -0.01081625
v 0.00604852 0.03246526 -0.01074520
v 0.00465583 0.03106835 -0.01198835
v 0.00534354 0.03133806 -0.01176274
v 0.00596625 0.03168618 -0.01146126
v 0.00462193 0.03116879 -0.01197538
v 0.00458428 0.03126261 -0.01194091
v 0.00454461 0.03134552 -0.01188651
v 0.00450472 0.03141373 -0.01181466
v 0.00446642 0.03146414 -0.01172863
v 0.00443149 0.03149443 -0.01163235
v 0.00499504 0.03157256 -0.01170155
v 0.00530915 0.03174185 -0.01157259
v 0.00553357 0.03173341 -0.01157847
v 0.00559528 0.03191863 -0.01143244
v 0.00860898 0.03397729 -0.00738562
v 0.00860898 0.03397729 -0.00738562
v 0.00860898 0.03397729 -0.00738562
v 0.00868048 0.03405364 -0.00593798
v 0.00872916 0.03322189 -0.00593798
v 0.00872916 0.03322189 -0.00593798
v 0.00865177 0.03321739 -0.00741703
v 0.00864739 0.03329250 -0.00741738
v 0.00864739 0.03329250 -0.00741738
v 0.00864739 0.03329250 -0.00741738
v 0.00860864 0.03395476 -0.00741748
v 0.00600988 0.03245193 -0.01067134
v 0.00597235 0.03250548 -0.00942362
v 0.00526563 0.03192518 -0.01116069
v 0.00482330 0.03167223 -0.01137419
v 0.00440149 0.03150324 -0.01153023
v 0.00389968 0.03141080 -0.01167076
v 0.00343102 0.03143683 -0.01176234
v 0.00301871 0.03154414 -0.01181487
v 0.00208894 0.03201785 -0.01186722
v 0.00124153 0.03263651 -0.01186144
v 0.00134785 0.03271424 -0.00943746
v 0.00243297 0.03195751 -0.00941583
v 0.00303187 0.03167347 -0.00940738
v 0.00351386 0.03154867 -0.00940329
v 0.00388541 0.03152917 -0.00940215
v 0.00438183 0.03161386 -0.00940351
v 0.00467159 0.03171832 -0.00940574
v 0.00495066 0.03185156 -0.00940875
v 0.00505155 0.03190645 -0.00941001
v 0.00527776 0.03204084 -0.00939958
v 0.00528510 0.03204543 -0.00939879
v -0.00059415 0.03003467 -0.01244065
v -0.00057363 0.02859531 -0.01254268
v -0.00156056 0.03007109 -0.01218420
v -0.00156403 0.02803906 -0.01225701
v -0.00151198 0.02905626 -0.01223190
v 0.00854930 0.03328621 -0.00794037
v 0.00861579 0.03329047 -0.00768211
v 0.00864739 0.03329250 -0.00741738
v 0.00865177 0.03321739 -0.00741703
v 0.00863465 0.03321565 -0.00759406
v 0.00860189 0.03321299 -0.00776887
v 0.00855376 0.03320946 -0.00794006
v 0.00854918 0.03328625 -0.00794072
v -0.00560262 0.02513380 -0.00789122
v -0.00574517 0.02517847 -0.00734257
v -0.00581293 0.02519674 -0.00677865
v -0.00576802 0.02532524 -0.00677806
v -0.00556135 0.02525141 -0.00789116
v -0.00566344 0.02528754 -0.00752763
v -0.00573254 0.02531223 -0.00715548
v -0.00560244 0.02513370 -0.00789180
v -0.00311118 0.02848714 -0.01192751
v -0.00319793 0.02841243 -0.01191422
v -0.00328008 0.02834168 -0.01187508
v -0.00335325 0.02827867 -0.01181215
v -0.00341356 0.02822674 -0.01172878
v -0.00345779 0.02818864 -0.01162940
v -0.00443035 0.02899390 -0.01145368
v -0.00415706 0.02941179 -0.01192751
v -0.00421596 0.02932173 -0.01191579
v -0.00427210 0.02923589 -0.01188119
v -0.00432284 0.02915829 -0.01182532
v -0.00436582 0.02909258 -0.01175081
v -0.00439901 0.02904182 -0.01166114
v -0.00442086 0.02900841 -0.01156053
v -0.00360964 0.02899364 -0.01192751
v -0.00402053 0.02902252 -0.01186676
v -0.00404807 0.02898658 -0.01183893
v -0.00407535 0.02895099 -0.01180405
v -0.00356145 0.02854317 -0.01183224
v 0.00134785 0.03271424 -0.00241756
v 0.00117326 0.03287022 -0.00241318
v 0.00124153 0.03263651 0.00000642
v 0.00101324 0.03285114 -0.00000795
v 0.00082236 0.03309834 -0.00003084
v 0.00067154 0.03337457 -0.00006036
v 0.00077206 0.03344048 -0.00232751
v 0.00092578 0.03316528 -0.00232751
v 0.00104273 0.03300768 -0.00232751
v 0.00117547 0.03286151 -0.00232751
v 0.00116197 0.03095021 -0.00246333
v 0.00127508 0.03158489 -0.00244694
v 0.00127889 0.03223426 -0.00242998
v 0.00117326 0.03287022 -0.00241318
v 0.00117547 0.03286151 -0.00232751
v 0.00127949 0.03222672 -0.00232751
v 0.00127495 0.03158347 -0.00232751
v 0.00116197 0.03095021 -0.00232751
v -0.00464083 0.02878612 -0.00232751
v -0.00484154 0.02911161 -0.00232751
v -0.00508991 0.02940579 -0.00232751
v 0.00116197 0.03095021 -0.00232751
v 0.00082681 0.03011194 -0.00232751
v 0.00030337 0.02937640 -0.00232751
v -0.00037880 0.02878508 -0.00232751
v -0.00118122 0.02837138 -0.00232751
v -0.00205858 0.02815863 -0.00232751
v -0.00296136 0.02815885 -0.00232751
v -0.00383862 0.02837203 -0.00232751
v 0.00117547 0.03286151 -0.00232751
v 0.00127949 0.03222672 -0.00232751
v 0.00127495 0.03158347 -0.00232751
v 0.00077206 0.03344048 -0.00232751
v 0.00092578 0.03316528 -0.00232751
v 0.00104273 0.03300768 -0.00232751
v -0.00599781 0.03286472 -0.00232751
v -0.00566746 0.03368288 -0.00232751
v -0.00514858 0.03439650 -0.00232751
v -0.00447214 0.03496301 -0.00232751
v -0.00367851 0.03534857 -0.00232751
v -0.00281508 0.03553017 -0.00232751
v -0.00193338 0.03549699 -0.00232751
v -0.00108604 0.03525098 -0.00232751
v -0.00032364 0.03480685 -0.00232751
v 0.00030830 0.03419109 -0.00232751
v -0.00555435 0.02999073 -0.00232751
v -0.00588852 0.03065869 -0.00232751
v -0.00607814 0.03138112 -0.00232751
v -0.00611510 0.03212710 -0.00232751
v -0.00105996 0.03154435 -0.00232751
v -0.00100934 0.03190240 -0.00232751
v -0.00104587 0.03226216 -0.00232751
v -0.00116744 0.03260272 -0.00232751
v -0.00136699 0.03290429 -0.00232751
v -0.00163290 0.03314935 -0.00232751
v -0.00194973 0.03332365 -0.00232751
v -0.00229906 0.03341706 -0.00232751
v -0.00266060 0.03342415 -0.00232751
v -0.00301334 0.03334452 -0.00232751
v -0.00333676 0.03318279 -0.00232751
v -0.00361208 0.03294836 -0.00232751
v -0.00382330 0.03265484 -0.00232751
v -0.00395814 0.03231932 -0.00232751
v -0.00400876 0.03196127 -0.00232751
v -0.00397223 0.03160151 -0.00232751
v -0.00385066 0.03126095 -0.00232751
v -0.00365112 0.03095937 -0.00232751
v -0.00338521 0.03071431 -0.00232751
v -0.00306838 0.03054002 -0.00232751
v -0.00271904 0.03044661 -0.00232751
v -0.00235750 0.03043951 -0.00232751
v -0.00200477 0.03051914 -0.00232751
v -0.00168134 0.03068088 -0.00232751
v -0.00140602 0.03091531 -0.00232751
v -0.00119481 0.03120882 -0.00232751
v -0.00590029 0.03283865 -0.00040134
v -0.00599781 0.03286472 -0.00232751
v -0.00165378 0.03533644 -0.00040134
v -0.00242522 0.03544122 -0.00040134
v -0.00320077 0.03537339 -0.00040134
v -0.00394231 0.03513629 -0.00040134
v -0.00461335 0.03474159 -0.00040134
v -0.00518089 0.03420869 -0.00040134
v -0.00561702 0.03356380 -0.00040134
v -0.00067406 0.03491867 -0.00030765
v -0.00109130 0.03514180 -0.00037251
v -0.00136681 0.03525096 -0.00039415
v -0.00048925 0.03479452 -0.00027010
v 0.00015755 0.03419426 -0.00014686
v -0.00014719 0.03451481 -0.00020370
v 0.00067154 0.03337457 -0.00006036
v 0.00044235 0.03380307 -0.00009741
v 0.00077206 0.03344048 -0.00232751
v -0.00566746 0.03368288 -0.00232751
v -0.00514858 0.03439650 -0.00232751
v -0.00447214 0.03496301 -0.00232751
v -0.00367851 0.03534857 -0.00232751
v -0.00281508 0.03553017 -0.00232751
v -0.00193338 0.03549699 -0.00232751
v -0.00108604 0.03525098 -0.00232751
v -0.00032364 0.03480685 -0.00232751
v 0.00030830 0.03419109 -0.00232751
v -0.00510267 0.03435862 -0.00119393
v -0.00365238 0.03529471 -0.00119393
v -0.00193207 0.03543658 -0.00119393
v -0.00034802 0.03475072 -0.00119393
v -0.00193635 0.03054547 0.00015596
v -0.00193655 0.03053927 0.00015609
v -0.00165383 0.03062699 0.00026549
v -0.00165297 0.03062518 0.00026589
v -0.00164986 0.03060216 0.00026818
v -0.00156056 0.03007109 0.00032918
v -0.00059415 0.03003467 0.00058563
v -0.00084565 0.03386766 0.00024373
v -0.00119944 0.03383910 0.00017619
v -0.00146130 0.03300525 0.00017745
v -0.00105996 0.03154435 0.00037813
v -0.00100963 0.03189040 0.00036370
v -0.00104039 0.03223702 0.00033233
v -0.00114996 0.03256654 0.00028514
v -0.00128628 0.03280053 0.00023673
v -0.00165224 0.03070063 0.00026239
v -0.00140234 0.03091931 0.00033265
v -0.00120358 0.03119310 0.00036937
v -0.00112078 0.03136396 0.00037741
v -0.00084565 0.03386766 0.00024373
v -0.00086204 0.03442750 0.00019476
v -0.00027771 0.03391512 0.00032205
v -0.00027771 0.03391512 0.00032205
v -0.00018844 0.03398782 0.00031161
v -0.00010104 0.03405433 0.00027545
v -0.00002010 0.03411120 0.00021570
v 0.00004979 0.03415502 0.00013479
v 0.00010501 0.03418359 0.00003735
v 0.00013798 0.03419493 -0.00005252
v 0.00015755 0.03419426 -0.00014686
v -0.00001603 0.03356892 0.00037399
v 0.00019224 0.03320030 0.00041184
v 0.00029696 0.03324630 0.00040049
v 0.00039748 0.03328821 0.00036355
v 0.00048858 0.03332387 0.00030320
v 0.00056507 0.03335116 0.00022187
v 0.00062303 0.03336873 0.00012413
v 0.00065533 0.03337545 0.00003411
v 0.00067154 0.03337457 -0.00006036
v 0.00044235 0.03380307 -0.00009741
v 0.00028916 0.03374586 0.00024199
v 0.00019224 0.03320030 0.00041184
v 0.00029696 0.03324630 0.00040049
v 0.00039748 0.03328821 0.00036355
v 0.00048858 0.03332387 0.00030320
v 0.00056507 0.03335116 0.00022187
v 0.00062303 0.03336873 0.00012413
v 0.00065533 0.03337545 0.00003411
v 0.00067154 0.03337457 -0.00006036
v 0.00039278 0.03285374 0.00044124
v 0.00064305 0.03254525 0.00046427
v 0.00093882 0.03227858 0.00047913
v 0.00101372 0.03237118 0.00045712
v 0.00108370 0.03245646 0.00040712
v 0.00114465 0.03252940 0.00033207
v 0.00119302 0.03258574 0.00023639
v 0.00122596 0.03262215 0.00012567
v 0.00124153 0.03263651 0.00000642
v 0.00101324 0.03285114 -0.00000795
v 0.00082236 0.03309834 -0.00003084
v 0.00089290 0.03276313 0.00032091
v 0.00078226 0.03289368 0.00031247
v 0.00068226 0.03303266 0.00030242
v 0.00093882 0.03227858 0.00047913
v 0.00101372 0.03237118 0.00045712
v 0.00108370 0.03245646 0.00040712
v 0.00114465 0.03252940 0.00033207
v 0.00119302 0.03258574 0.00023639
v 0.00122596 0.03262215 0.00012567
v 0.00124153 0.03263651 0.00000642
v 0.00206565 0.03150695 0.00047787
v 0.00296925 0.03109768 0.00042311
v 0.00362270 0.03096421 0.00034519
v 0.00414737 0.03096838 0.00025267
v 0.00465583 0.03106835 0.00013333
v 0.00462193 0.03116879 0.00012037
v 0.00458428 0.03126261 0.00008590
v 0.00454461 0.03134552 0.00003149
v 0.00450472 0.03141373 -0.00004036
v 0.00446642 0.03146414 -0.00012639
v 0.00443149 0.03149443 -0.00022266
v 0.00440149 0.03150324 -0.00032479
v 0.00389968 0.03141080 -0.00018425
v 0.00343102 0.03143683 -0.00009268
v 0.00301871 0.03154414 -0.00004015
v 0.00208894 0.03201785 0.00001220
v 0.00402551 0.03127844 0.00012002
v 0.00379862 0.03126804 0.00016471
v 0.00353809 0.03128426 0.00020799
v 0.00324951 0.03133640 0.00024691
v 0.00302532 0.03140041 0.00027128
v 0.00260371 0.03157109 0.00030521
v 0.00211956 0.03183624 0.00032822
v -0.00537060 0.02709794 -0.00591704
v -0.00532774 0.02709076 -0.00508820
v -0.00580961 0.02533968 -0.00591704
v -0.00576802 0.02532524 -0.00507696
v -0.00551957 0.02612962 -0.00507775
v -0.00556135 0.02525141 -0.00396386
v -0.00566344 0.02528754 -0.00432739
v -0.00573254 0.02531223 -0.00469954
v -0.00576802 0.02532524 -0.00507696
v -0.00530322 0.02607698 -0.00395563
v -0.00540987 0.02610367 -0.00432199
v -0.00548221 0.02612127 -0.00469717
v -0.00551957 0.02612962 -0.00507775
v -0.00448410 0.02774565 -0.00255067
v -0.00361605 0.02693670 -0.00105022
v -0.00452320 0.02754805 -0.00261079
v -0.00458186 0.02737375 -0.00271144
v -0.00465423 0.02723131 -0.00284753
v -0.00473332 0.02712621 -0.00301050
v -0.00481405 0.02705893 -0.00319224
v -0.00488035 0.02703064 -0.00335233
v -0.00494391 0.02702664 -0.00351539
v -0.00494950 0.02702747 -0.00353022
v -0.00510088 0.02705280 -0.00394556
v -0.00530322 0.02607698 -0.00395563
v -0.00456590 0.02644786 -0.00241464
v 0.00600988 0.03245193 -0.00118368
v 0.00526563 0.03192518 -0.00069433
v 0.00482330 0.03167223 -0.00048083
v 0.00440149 0.03150324 -0.00032479
v 0.00465583 0.03106835 0.00013333
v 0.00462193 0.03116879 0.00012037
v 0.00458428 0.03126261 0.00008590
v 0.00454461 0.03134552 0.00003149
v 0.00450472 0.03141373 -0.00004036
v 0.00446642 0.03146414 -0.00012639
v 0.00443149 0.03149443 -0.00022266
v 0.00534354 0.03133806 -0.00009228
v 0.00596625 0.03168618 -0.00039376
v 0.00653519 0.03205813 -0.00076679
v 0.00647706 0.03216213 -0.00075674
v 0.00640668 0.03225801 -0.00077092
v 0.00632853 0.03234069 -0.00080824
v 0.00624713 0.03240509 -0.00086757
v 0.00616743 0.03244737 -0.00094606
v 0.00609402 0.03246633 -0.00103877
v 0.00604852 0.03246526 -0.00110982
v 0.00600987 0.03245193 -0.00118366
v 0.00499504 0.03157256 -0.00015347
v 0.00530915 0.03174185 -0.00028242
v 0.00553357 0.03173341 -0.00027655
v 0.00559528 0.03191863 -0.00042258
v 0.00653519 0.03205813 -0.00076679
v 0.00647706 0.03216213 -0.00075674
v 0.00640668 0.03225801 -0.00077092
v 0.00632853 0.03234069 -0.00080824
v 0.00624713 0.03240509 -0.00086757
v 0.00616743 0.03244737 -0.00094606
v 0.00609402 0.03246633 -0.00103877
v 0.00604852 0.03246526 -0.00110982
v 0.00600987 0.03245193 -0.00118366
v 0.00726334 0.03255748 -0.00140960
v 0.00787496 0.03298313 -0.00219333
v 0.00811253 0.03315826 -0.00265351
v 0.00829459 0.03330958 -0.00314943
v 0.00834593 0.03335869 -0.00331312
v 0.00834581 0.03335873 -0.00331277
v 0.00831726 0.03346705 -0.00328788
v 0.00826539 0.03356824 -0.00327245
v 0.00821167 0.03363717 -0.00326761
v 0.00814858 0.03369582 -0.00326882
v 0.00807731 0.03374370 -0.00327584
v 0.00799986 0.03377922 -0.00328852
v 0.00791856 0.03380134 -0.00330643
v 0.00783582 0.03380958 -0.00332898
v 0.00775410 0.03380349 -0.00335553
v 0.00767582 0.03378324 -0.00338525
v 0.00762036 0.03375905 -0.00340924
v 0.00756910 0.03372756 -0.00343410
v 0.00725521 0.03343982 -0.00260982
v 0.00678758 0.03305321 -0.00192307
v 0.00641528 0.03276062 -0.00153105
v 0.00600988 0.03245193 -0.00118368
v 0.00680449 0.03277710 -0.00128800
v 0.00705477 0.03296351 -0.00153599
v 0.00736898 0.03300017 -0.00169336
v 0.00736458 0.03319751 -0.00189620
v 0.00732393 0.03333661 -0.00212109
v 0.00775126 0.03349983 -0.00250518
v 0.00762950 0.03340230 -0.00228267
v 0.00784040 0.03334687 -0.00236773
v 0.00813932 0.03350177 -0.00294675
v 0.00811326 0.03353326 -0.00294504
v 0.00782797 0.03361575 -0.00277473
v 0.00766718 0.03311174 -0.00199780
v 0.00780175 0.03320900 -0.00220127
v 0.00798875 0.03334900 -0.00254566
v 0.00803633 0.03341317 -0.00267813
v 0.00741768 0.03348020 -0.00243636
v 0.00747360 0.03352784 -0.00254169
v 0.00834593 0.03335869 -0.00331312
v 0.00834581 0.03335873 -0.00331277
v 0.00854918 0.03328625 -0.00391430
v 0.00854930 0.03328621 -0.00391465
v 0.00853445 0.03354066 -0.00391457
v 0.00865177 0.03321739 -0.00443799
v 0.00864739 0.03329250 -0.00443764
v 0.00864739 0.03329250 -0.00443764
v 0.00864739 0.03329250 -0.00443764
v 0.00860864 0.03395476 -0.00443754
v 0.00860898 0.03397729 -0.00446940
v 0.00860898 0.03397729 -0.00446940
v 0.00860898 0.03397729 -0.00446940
v 0.00868048 0.03405364 -0.00591704
v 0.00872916 0.03322189 -0.00591704
v 0.00872916 0.03322189 -0.00591704
v -0.00510088 0.02705280 -0.00394556
v -0.00510088 0.02705280 -0.00394556
v -0.00525581 0.02707873 -0.00450841
v -0.00525581 0.02707873 -0.00450841
v -0.00532774 0.02709076 -0.00508820
v -0.00532774 0.02709076 -0.00508820
v -0.00537060 0.02709794 -0.00591704
v -0.00537060 0.02709794 -0.00591704
v -0.00537060 0.02709794 -0.00593798
v -0.00537060 0.02709794 -0.00593798
v -0.00532774 0.02709076 -0.00676682
v -0.00532774 0.02709076 -0.00676682
v -0.00510088 0.02705280 -0.00790945
v -0.00510088 0.02705280 -0.00790945
v -0.00510088 0.02705280 -0.00790945
v -0.00525581 0.02707873 -0.00734661
v -0.00525581 0.02707873 -0.00734661
v -0.00494950 0.02702747 -0.00832479
v -0.00494950 0.02702747 -0.00832479
v -0.00494401 0.02702655 -0.00832476
v -0.00515075 0.02706114 -0.00728363
v -0.00515075 0.02706114 -0.00728363
v -0.00510954 0.02705425 -0.00775572
v -0.00510954 0.02705425 -0.00775572
v -0.00510954 0.02705425 -0.00775572
v -0.00504213 0.02704297 -0.00804527
v -0.00504213 0.02704297 -0.00804527
v -0.00504213 0.02704297 -0.00804527
v -0.00515075 0.02706114 -0.00457138
v -0.00515075 0.02706114 -0.00457138
v -0.00515075 0.02706114 -0.00457138
v -0.00510954 0.02705425 -0.00409930
v -0.00510954 0.02705425 -0.00409930
v -0.00504213 0.02704297 -0.00380975
v -0.00504213 0.02704297 -0.00380975
v -0.00494401 0.02702655 -0.00353026
v -0.00494950 0.02702747 -0.00353022
v -0.00485128 0.02694576 -0.00457138
v -0.00494560 0.02699758 -0.00457138
v -0.00504603 0.02703628 -0.00457138
v -0.00515075 0.02706114 -0.00457138
v -0.00485128 0.02694576 -0.00728363
v -0.00494560 0.02699758 -0.00728363
v -0.00504603 0.02703628 -0.00728363
v -0.00515075 0.02706114 -0.00728363
v 0.00600988 0.03245193 -0.00118368
v 0.00526563 0.03192518 -0.00069433
v 0.00482330 0.03167223 -0.00048083
v 0.00440149 0.03150324 -0.00032479
v 0.00389968 0.03141080 -0.00018425
v 0.00343102 0.03143683 -0.00009268
v 0.00301871 0.03154414 -0.00004015
v 0.00208894 0.03201785 0.00001220
v 0.00124153 0.03263651 0.00000642
v 0.00134785 0.03271424 -0.00241756
v 0.00243297 0.03195751 -0.00243919
v 0.00303187 0.03167347 -0.00244764
v 0.00351386 0.03154867 -0.00245172
v 0.00388541 0.03152917 -0.00245287
v 0.00438183 0.03161386 -0.00245151
v 0.00467159 0.03171832 -0.00244927
v 0.00495066 0.03185156 -0.00244627
v 0.00505155 0.03190645 -0.00244501
v 0.00527776 0.03204084 -0.00245544
v 0.00528510 0.03204543 -0.00245623
v 0.00597235 0.03250548 -0.00243140
v -0.00296346 0.03021703 0.00007249
v -0.00311118 0.02848714 0.00007249
v -0.00234788 0.03041441 0.00007249
v -0.00234585 0.03044074 0.00007249
v -0.00395814 0.03231932 0.00007249
v -0.00400879 0.03195980 0.00007249
v -0.00397158 0.03159865 0.00007249
v -0.00384868 0.03125702 0.00007249
v -0.00364732 0.03095492 0.00007249
v -0.00337925 0.03071005 0.00007249
v -0.00306022 0.03053676 0.00007249
v -0.00270888 0.03044521 0.00007249
v -0.00228858 0.03341555 0.00007249
v -0.00265182 0.03342502 0.00007249
v -0.00300668 0.03334688 0.00007249
v -0.00333234 0.03318571 0.00007249
v -0.00360969 0.03295095 0.00007249
v -0.00382245 0.03265639 0.00007249
v -0.00177544 0.03485217 0.00007249
v -0.00541792 0.03270966 0.00007249
v -0.00517495 0.03333167 0.00007249
v -0.00480085 0.03388483 0.00007249
v -0.00431404 0.03434193 0.00007249
v -0.00373845 0.03468049 0.00007249
v -0.00310238 0.03488387 0.00007249
v -0.00243714 0.03494205 0.00007249
v -0.00415706 0.02941179 0.00007249
v -0.00464368 0.02980818 0.00007249
v -0.00503756 0.03029684 0.00007249
v -0.00532158 0.03085654 0.00007249
v -0.00548339 0.03146295 0.00007249
v -0.00551598 0.03208974 0.00007249
v -0.00360964 0.02899364 0.00007249
v -0.00213985 0.03044909 0.00012117
v -0.00219706 0.03043100 0.00011154
v -0.00210763 0.03045923 0.00012806
v -0.00156403 0.02803906 0.00040199
v -0.00057363 0.02859531 0.00068766
v -0.00059415 0.03003467 0.00058563
v -0.00156056 0.03007109 0.00032918
v -0.00151198 0.02905626 0.00037689
v 0.00854930 0.03328621 -0.00391465
v 0.00861579 0.03329047 -0.00417291
v 0.00864739 0.03329250 -0.00443764
v 0.00854918 0.03328625 -0.00391430
v 0.00855376 0.03320946 -0.00391495
v 0.00865177 0.03321739 -0.00443799
v 0.00863465 0.03321565 -0.00426095
v 0.00860189 0.03321299 -0.00408615
v -0.00560262 0.02513380 -0.00396380
v -0.00574517 0.02517847 -0.00451245
v -0.00581293 0.02519674 -0.00507637
v -0.00560244 0.02513370 -0.00396322
v -0.00556135 0.02525141 -0.00396386
v -0.00566344 0.02528754 -0.00432739
v -0.00573254 0.02531223 -0.00469954
v -0.00576802 0.02532524 -0.00507696
v -0.00311118 0.02848714 0.00007249
v -0.00319793 0.02841243 0.00005921
v -0.00328008 0.02834168 0.00002006
v -0.00335325 0.02827867 -0.00004287
v -0.00341356 0.02822674 -0.00012624
v -0.00345779 0.02818864 -0.00022562
v -0.00360964 0.02899364 0.00007249
v -0.00415706 0.02941179 0.00007249
v -0.00421596 0.02932173 0.00006077
v -0.00427210 0.02923589 0.00002617
v -0.00432284 0.02915829 -0.00002970
v -0.00436582 0.02909258 -0.00010421
v -0.00439901 0.02904182 -0.00019387
v -0.00442086 0.02900841 -0.00029449
v -0.00443035 0.02899390 -0.00040134
v -0.00407535 0.02895099 -0.00005097
v -0.00404807 0.02898658 -0.00001609
v -0.00402053 0.02902252 0.00001175
v -0.00356145 0.02854317 -0.00002278
v 0.00687698 0.03316819 -0.00915776
v 0.00687688 0.03320370 -0.00860879
v 0.00688536 0.03321571 -0.00851857
v 0.00690930 0.03323864 -0.00843395
v 0.00694646 0.03327074 -0.00835694
v 0.00699455 0.03331027 -0.00828952
v 0.00705124 0.03335545 -0.00823355
v 0.00711408 0.03340452 -0.00818916
v 0.00720491 0.03347420 -0.00814754
v 0.00726981 0.03352331 -0.00813057
v 0.00733619 0.03357309 -0.00812262
v 0.00744513 0.03365549 -0.00810386
v 0.00754742 0.03373501 -0.00805909
v 0.00763864 0.03380826 -0.00798832
v 0.00770675 0.03386536 -0.00790178
v 0.00775186 0.03390570 -0.00780776
v 0.00777399 0.03392795 -0.00772468
v 0.00778164 0.03393957 -0.00763646
v 0.00777643 0.03404812 -0.00592751
v 0.00780719 0.03395786 -0.00765372
v 0.00756910 0.03372756 -0.00842092
v 0.00725521 0.03343982 -0.00924520
v 0.00678758 0.03305321 -0.00993194
v 0.00641528 0.03276062 -0.01032397
v 0.00600988 0.03245193 -0.01067134
v 0.00597235 0.03250548 -0.00942362
v 0.00608647 0.03258536 -0.00942783
v 0.00657855 0.03293394 -0.00944593
v 0.00664939 0.03298526 -0.00944001
v 0.00671726 0.03303569 -0.00941683
v 0.00677861 0.03308267 -0.00937620
v 0.00682496 0.03311964 -0.00932401
v 0.00685605 0.03314598 -0.00926580
v 0.00687150 0.03316058 -0.00921364
v 0.00778164 0.03393957 -0.00421856
v 0.00777643 0.03404812 -0.00592751
v 0.00780719 0.03395786 -0.00420130
v 0.00756910 0.03372756 -0.00343410
v 0.00725521 0.03343982 -0.00260982
v 0.00678758 0.03305321 -0.00192307
v 0.00641528 0.03276062 -0.00153105
v 0.00600988 0.03245193 -0.00118368
v 0.00597235 0.03250548 -0.00243140
v 0.00608647 0.03258536 -0.00242719
v 0.00657855 0.03293394 -0.00240909
v 0.00664939 0.03298526 -0.00241501
v 0.00671726 0.03303569 -0.00243819
v 0.00677861 0.03308267 -0.00247882
v 0.00682496 0.03311964 -0.00253100
v 0.00685605 0.03314598 -0.00258922
v 0.00687150 0.03316058 -0.00264138
v 0.00687698 0.03316819 -0.00269726
v 0.00687688 0.03320370 -0.00324623
v 0.00733619 0.03357309 -0.00373240
v 0.00722607 0.03349025 -0.00371400
v 0.00712136 0.03341013 -0.00366992
v 0.00702668 0.03333602 -0.00359954
v 0.00695571 0.03327848 -0.00351304
v 0.00690846 0.03323788 -0.00341878
v 0.00688514 0.03321547 -0.00333523
v 0.00777203 0.03392576 -0.00411965
v 0.00774443 0.03389877 -0.00402754
v 0.00770164 0.03386095 -0.00394497
v 0.00764647 0.03381468 -0.00387469
v 0.00758193 0.03376241 -0.00381855
v 0.00751056 0.03370609 -0.00377636
v 0.00743423 0.03364714 -0.00374809
v 0.00738559 0.03361018 -0.00373761
v 0.00872916 0.03322189 -0.00591704
v 0.00872916 0.03322189 -0.00593798
v 0.00868048 0.03405364 -0.00593798
v 0.00868073 0.03405419 -0.00592751
v 0.00868048 0.03405364 -0.00591704
v -0.00580961 0.02533968 -0.00593798
v -0.00580984 0.02533977 -0.00593100
v -0.00580984 0.02533977 -0.00592402
v -0.00580961 0.02533968 -0.00591704
v -0.00537060 0.02709794 -0.00591704
v -0.00537060 0.02709794 -0.00593798
v 0.00384314 0.02953302 -0.01231691
v 0.00149169 0.02986401 -0.01252184
v -0.00059415 0.03003467 -0.01244065
v -0.00057363 0.02859531 -0.01254268
v -0.00066299 0.02703506 -0.01260380
v 0.00034335 0.02756378 -0.01271443
v 0.00161668 0.02825597 -0.01267899
v 0.00041565 0.02945550 -0.01257983
v -0.00176984 0.02647152 -0.01226230
v -0.00242810 0.02747288 -0.01200970
v -0.00311118 0.02848714 -0.01192751
v -0.00177939 0.02646674 -0.01225836
v -0.00345779 0.02818864 -0.01162940
v -0.00319793 0.02841243 -0.01191422
v -0.00328008 0.02834168 -0.01187508
v -0.00335325 0.02827867 -0.01181215
v -0.00341356 0.02822674 -0.01172878
v -0.00292177 0.02785607 -0.01188515
v -0.00085704 0.02693492 -0.01256053
v -0.00066299 0.02703506 -0.01260380
v -0.00057363 0.02859531 -0.01254268
v -0.00156403 0.02803906 -0.01225701
v -0.00173575 0.02648860 -0.01227607
v -0.00446104 0.02517568 -0.01007977
v -0.00370895 0.02552761 -0.01095107
v -0.00283176 0.02594796 -0.01168513
v -0.00185362 0.02642962 -0.01222644
v -0.00361605 0.02693670 -0.01080480
v -0.00312410 0.02667090 -0.01135521
v -0.00253458 0.02648629 -0.01183778
v -0.00220183 0.02643903 -0.01204656
v -0.00530322 0.02607698 -0.00789938
v -0.00456590 0.02644786 -0.00944038
v -0.00556135 0.02525141 -0.00789116
v -0.00560244 0.02513370 -0.00789180
v -0.00524033 0.02481883 -0.00894869
v -0.00580387 0.02456552 -0.00789778
v -0.00560262 0.02513380 -0.00789122
v -0.00596786 0.02449251 -0.00742733
v -0.00603293 0.02446363 -0.00712240
v -0.00606849 0.02444788 -0.00680887
v -0.00581293 0.02519674 -0.00677865
v -0.00574517 0.02517847 -0.00734257
v -0.00560244 0.02513370 -0.00789180
v -0.00524033 0.02481883 -0.00894869
v -0.00560262 0.02513380 -0.00789122
v -0.00580387 0.02456552 -0.00789778
v -0.00554578 0.02468106 -0.00843857
v 0.00868266 0.03268509 -0.00741599
v 0.00865177 0.03321739 -0.00741703
v 0.00865717 0.03266666 -0.00765254
v 0.00862785 0.03264549 -0.00779670
v 0.00858841 0.03261706 -0.00793810
v 0.00855376 0.03320946 -0.00794006
v 0.00863465 0.03321565 -0.00759406
v 0.00860189 0.03321299 -0.00776887
v 0.00657855 0.03293394 -0.00944593
v 0.00664939 0.03298526 -0.00944001
v 0.00671726 0.03303569 -0.00941683
v 0.00677861 0.03308267 -0.00937620
v 0.00682496 0.03311964 -0.00932401
v 0.00685605 0.03314598 -0.00926580
v 0.00687150 0.03316058 -0.00921364
v 0.00687698 0.03316819 -0.00915776
v 0.00687772 0.03305720 -0.00915195
v 0.00657868 0.03291560 -0.00944497
v 0.00665287 0.03294948 -0.00943739
v 0.00672269 0.03298176 -0.00941135
v 0.00677900 0.03300815 -0.00937240
v 0.00682154 0.03302843 -0.00932536
v 0.00685330 0.03304395 -0.00926924
v 0.00687140 0.03305324 -0.00921228
v 0.00687698 0.03316819 -0.00915776
v 0.00687688 0.03320370 -0.00860879
v 0.00687688 0.03320370 -0.00860879
v 0.00687786 0.03305729 -0.00860371
v 0.00687772 0.03305720 -0.00915195
v 0.00687772 0.03305720 -0.00915195
v 0.00657868 0.03291560 -0.00944497
v 0.00657855 0.03293394 -0.00944593
v 0.00608647 0.03258536 -0.00942783
v 0.00733619 0.03357309 -0.00812262
v 0.00744513 0.03365549 -0.00810386
v 0.00754742 0.03373501 -0.00805909
v 0.00763864 0.03380826 -0.00798832
v 0.00770675 0.03386536 -0.00790178
v 0.00775186 0.03390570 -0.00780776
v 0.00777399 0.03392795 -0.00772468
v 0.00778164 0.03393957 -0.00763646
v 0.00779302 0.03370251 -0.00762766
v 0.00733987 0.03343838 -0.00811783
v 0.00745338 0.03350332 -0.00809782
v 0.00755951 0.03356451 -0.00805030
v 0.00765303 0.03361890 -0.00797599
v 0.00772098 0.03365881 -0.00788740
v 0.00776468 0.03368480 -0.00779378
v 0.00778572 0.03369762 -0.00771257
v 0.00657855 0.03293394 -0.00240909
v 0.00664939 0.03298526 -0.00241501
v 0.00671726 0.03303569 -0.00243819
v 0.00677861 0.03308267 -0.00247882
v 0.00682496 0.03311964 -0.00253100
v 0.00685605 0.03314598 -0.00258922
v 0.00687150 0.03316058 -0.00264138
v 0.00687698 0.03316819 -0.00269726
v 0.00657868 0.03291560 -0.00241005
v 0.00687772 0.03305720 -0.00270307
v 0.00687019 0.03305259 -0.00263733
v 0.00684875 0.03304170 -0.00257581
v 0.00681518 0.03302536 -0.00252116
v 0.00677126 0.03300450 -0.00247604
v 0.00671980 0.03298041 -0.00244228
v 0.00666316 0.03295421 -0.00242034
v 0.00662132 0.03293502 -0.00241214
v 0.00687698 0.03316819 -0.00269726
v 0.00687688 0.03320370 -0.00324623
v 0.00687688 0.03320370 -0.00324623
v 0.00687772 0.03305720 -0.00270307
v 0.00687772 0.03305720 -0.00270307
v 0.00687786 0.03305729 -0.00325130
v 0.00608647 0.03258536 -0.00242719
v 0.00657855 0.03293394 -0.00240909
v 0.00657868 0.03291560 -0.00241005
v 0.00778164 0.03393957 -0.00421856
v 0.00777203 0.03392576 -0.00411965
v 0.00774443 0.03389877 -0.00402754
v 0.00770164 0.03386095 -0.00394497
v 0.00764647 0.03381468 -0.00387469
v 0.00758193 0.03376241 -0.00381855
v 0.00751056 0.03370609 -0.00377636
v 0.00743423 0.03364714 -0.00374809
v 0.00738559 0.03361018 -0.00373761
v 0.00733619 0.03357309 -0.00373240
v 0.00733987 0.03343838 -0.00373719
v 0.00779302 0.03370251 -0.00422735
v 0.00778159 0.03369506 -0.00412136
v 0.00774908 0.03367547 -0.00402191
v 0.00769832 0.03364545 -0.00393310
v 0.00763221 0.03360674 -0.00385898
v 0.00755463 0.03356169 -0.00380187
v 0.00746885 0.03351221 -0.00376230
v 0.00740516 0.03347567 -0.00374521
v -0.00612483 0.02442294 -0.00593798
v -0.00580961 0.02533968 -0.00593798
v -0.00612483 0.02442294 -0.00591704
v -0.00580961 0.02533968 -0.00591704
v -0.00580984 0.02533977 -0.00593100
v -0.00580984 0.02533977 -0.00592402
v -0.00581293 0.02519674 -0.00507637
v -0.00606849 0.02444788 -0.00504615
v -0.00599739 0.02447939 -0.00454864
v -0.00591489 0.02451605 -0.00424878
v -0.00580387 0.02456552 -0.00395724
v -0.00560262 0.02513380 -0.00396380
v -0.00574517 0.02517847 -0.00451245
v -0.00185362 0.02642962 0.00037143
v -0.00282909 0.02594925 -0.00016799
v -0.00370131 0.02553125 -0.00089593
v -0.00446104 0.02517568 -0.00177525
v -0.00361605 0.02693670 -0.00105022
v -0.00312410 0.02667090 -0.00049981
v -0.00253458 0.02648629 -0.00001724
v -0.00220183 0.02643903 0.00019154
v -0.00530322 0.02607698 -0.00395563
v -0.00456590 0.02644786 -0.00241464
v -0.00556135 0.02525141 -0.00396386
v -0.00560244 0.02513370 -0.00396322
v -0.00524033 0.02481883 -0.00290633
v -0.00524033 0.02481883 -0.00290633
v -0.00554578 0.02468106 -0.00341644
v -0.00580387 0.02456552 -0.00395724
v -0.00560244 0.02513370 -0.00396322
v -0.00560262 0.02513380 -0.00396380
v -0.00606849 0.02444788 -0.00504615
v -0.00612483 0.02442294 -0.00591704
v -0.00581293 0.02519674 -0.00507637
v -0.00576802 0.02532524 -0.00507696
v -0.00580961 0.02533968 -0.00591704
v 0.00875712 0.03273909 -0.00591704
v 0.00872916 0.03322189 -0.00591704
v 0.00875712 0.03273909 -0.00593798
v 0.00872916 0.03322189 -0.00593798
v 0.00855376 0.03320946 -0.00391495
v 0.00858841 0.03261706 -0.00391692
v 0.00865213 0.03266301 -0.00417342
v 0.00868266 0.03268509 -0.00443903
v 0.00865177 0.03321739 -0.00443799
v 0.00863465 0.03321565 -0.00426095
v 0.00860189 0.03321299 -0.00408615
v 0.00872916 0.03322189 -0.00591704
v 0.00865177 0.03321739 -0.00443799
v 0.00875712 0.03273909 -0.00591704
v 0.00868266 0.03268509 -0.00443903
v 0.00858841 0.03261706 -0.00391692
v 0.00832900 0.03243153 -0.00310061
v 0.00855376 0.03320946 -0.00391495
v 0.00854918 0.03328625 -0.00391430
v 0.00834593 0.03335869 -0.00331312
v 0.00829459 0.03330958 -0.00314943
v 0.00653519 0.03205813 -0.00076679
v 0.00726334 0.03255748 -0.00140960
v 0.00787496 0.03298313 -0.00219333
v 0.00811253 0.03315826 -0.00265351
v 0.00465583 0.03106835 0.00013333
v 0.00534354 0.03133806 -0.00009228
v 0.00596625 0.03168618 -0.00039376
v 0.00460114 0.02998901 0.00025439
v 0.00471273 0.03005714 0.00022057
v 0.00799286 0.03219473 -0.00230319
v 0.00751658 0.03186575 -0.00160303
v 0.00695043 0.03148385 -0.00101639
v 0.00609022 0.03092086 -0.00038155
v 0.00541826 0.03049408 -0.00003697
v -0.00345779 0.02818864 -0.00022562
v -0.00177939 0.02646674 0.00040334
v -0.00176984 0.02647152 0.00040728
v -0.00242810 0.02747288 0.00015468
v -0.00311118 0.02848714 0.00007249
v -0.00319793 0.02841243 0.00005921
v -0.00328008 0.02834168 0.00002006
v -0.00335325 0.02827867 -0.00004287
v -0.00341356 0.02822674 -0.00012624
v -0.00292177 0.02785607 0.00003013
v -0.00156056 0.03007109 0.00032918
v -0.00164986 0.03060216 0.00026818
v -0.00156403 0.02803906 0.00040199
v -0.00151198 0.02905626 0.00037689
v -0.00173575 0.02648860 0.00042105
v -0.00176984 0.02647152 0.00040728
v -0.00242810 0.02747288 0.00015468
v -0.00311118 0.02848714 0.00007249
v -0.00296346 0.03021703 0.00007249
v -0.00233454 0.03035963 0.00011784
v -0.00219333 0.03040333 0.00014024
v -0.00210451 0.03043166 0.00015665
v -0.00200544 0.03046372 0.00017707
v -0.00193174 0.03048986 0.00019366
v -0.00165297 0.03062518 0.00026589
v -0.00168983 0.03059908 0.00025579
v -0.00178836 0.03055050 0.00022908
v 0.00384314 0.02953302 0.00046189
v 0.00186800 0.02839575 0.00080251
v 0.00060585 0.02770431 0.00086410
v -0.00066299 0.02703506 0.00074878
v 0.00149169 0.02986401 0.00066682
v -0.00059415 0.03003467 0.00058563
v -0.00057363 0.02859531 0.00068766
v 0.00052407 0.02949378 0.00072344
v -0.00000927 0.02931251 0.00071626
v -0.00066299 0.02703506 0.00074878
v -0.00085702 0.02693493 0.00070552
v -0.00057363 0.02859531 0.00068766
v -0.00156403 0.02803906 0.00040199
v -0.00173575 0.02648860 0.00042105
v -0.00027771 0.03391512 0.00032205
v -0.00001603 0.03356892 0.00037399
v 0.00019224 0.03320030 0.00041184
v 0.00039278 0.03285374 0.00044124
v 0.00064305 0.03254525 0.00046427
v 0.00093882 0.03227858 0.00047913
v 0.00206565 0.03150695 0.00047787
v 0.00296925 0.03109768 0.00042311
v 0.00362270 0.03096421 0.00034519
v 0.00414737 0.03096838 0.00025267
v 0.00465583 0.03106835 0.00013333
v 0.00460114 0.02998901 0.00025439
v 0.00448768 0.02992002 0.00028792
v 0.00384314 0.02953302 0.00046189
v 0.00149169 0.02986401 0.00066682
v -0.00059415 0.03003467 0.00058563
v -0.00084565 0.03386766 0.00024373
v -0.00361605 0.02693670 -0.00105022
v -0.00312410 0.02667090 -0.00049981
v -0.00253458 0.02648629 -0.00001724
v -0.00220183 0.02643903 0.00019154
v -0.00185362 0.02642962 0.00037143
v -0.00448410 0.02774565 -0.00255067
v -0.00447564 0.02791344 -0.00253303
v -0.00471165 0.02883529 -0.00250854
v -0.00455742 0.02843849 -0.00251917
v -0.00450025 0.02817942 -0.00252604
v -0.00464083 0.02878612 -0.00232751
v -0.00484154 0.02911161 -0.00232751
v -0.00508991 0.02940579 -0.00232751
v -0.00443035 0.02899390 -0.00040134
v -0.00345779 0.02818864 -0.00022562
v -0.00177939 0.02646674 0.00040334
v -0.00418545 0.02837032 -0.00154021
v -0.00318367 0.02746692 -0.00045531
v -0.00515075 0.02706114 -0.00457138
v -0.00510954 0.02705425 -0.00409930
v -0.00504213 0.02704297 -0.00380975
v -0.00494401 0.02702655 -0.00353026
v -0.00462628 0.02693688 -0.00339413
v -0.00477882 0.02694304 -0.00390730
v -0.00483269 0.02694508 -0.00423596
v -0.00485128 0.02694576 -0.00457138
v -0.00494560 0.02699758 -0.00457138
v -0.00504603 0.02703628 -0.00457138
v -0.00471165 0.02883529 -0.00250854
v -0.00395344 0.02841704 -0.00252077
v -0.00308921 0.02817639 -0.00252853
v -0.00218537 0.02814565 -0.00253089
v -0.00149607 0.02826934 -0.00252883
v -0.00086134 0.02850765 -0.00252369
v -0.00455742 0.02843849 -0.00251917
v -0.00450025 0.02817942 -0.00252604
v -0.00447564 0.02791344 -0.00253303
v -0.00340078 0.02722528 -0.00255285
v -0.00372142 0.02751105 -0.00254484
v -0.00408119 0.02774513 -0.00253810
v 0.00778164 0.03393957 -0.00763646
v 0.00777643 0.03404812 -0.00592751
v 0.00778164 0.03393957 -0.00421856
v 0.00779302 0.03370251 -0.00422735
v 0.00779302 0.03370251 -0.00762766
v -0.00485128 0.02694576 -0.00728363
v -0.00480431 0.02694402 -0.00781672
v -0.00473060 0.02694115 -0.00814202
v -0.00462628 0.02693688 -0.00846089
v -0.00494401 0.02702655 -0.00832476
v -0.00515075 0.02706114 -0.00728363
v -0.00510954 0.02705425 -0.00775572
v -0.00504213 0.02704297 -0.00804527
v -0.00494560 0.02699758 -0.00728363
v -0.00504603 0.02703628 -0.00728363
v 0.00872916 0.03322189 -0.00593798
v 0.00875712 0.03273909 -0.00593798
v 0.00868266 0.03268509 -0.00741599
v 0.00865177 0.03321739 -0.00741703
v 0.00471273 0.03005714 -0.01207559
v 0.00619347 0.03098740 -0.01141002
v 0.00735448 0.03175543 -0.01043924
v 0.00792846 0.03214980 -0.00966558
v 0.00814483 0.03230129 -0.00924236
v 0.00832900 0.03243153 -0.00875439
v 0.00858841 0.03261706 -0.00793810
v 0.00855376 0.03320946 -0.00794006
v 0.00854918 0.03328625 -0.00794072
v 0.00834593 0.03335869 -0.00854190
v 0.00829459 0.03330958 -0.00870559
v 0.00653519 0.03205813 -0.01108823
v 0.00726334 0.03255748 -0.01044542
v 0.00787496 0.03298313 -0.00966169
v 0.00811253 0.03315826 -0.00920151
v 0.00465583 0.03106835 -0.01198835
v 0.00534354 0.03133806 -0.01176274
v 0.00596625 0.03168618 -0.01146126
v 0.00460114 0.02998901 -0.01210941
v -0.00581293 0.02519674 -0.00677865
v -0.00606849 0.02444788 -0.00680887
v -0.00576802 0.02532524 -0.00677806
v -0.00580961 0.02533968 -0.00593798
v -0.00612483 0.02442294 -0.00593798
v 0.00465583 0.03106835 -0.01198835
v 0.00460114 0.02998901 -0.01210941
v 0.00448768 0.02992002 -0.01214294
v 0.00384314 0.02953302 -0.01231691
v 0.00149169 0.02986401 -0.01252184
v -0.00059415 0.03003467 -0.01244065
v -0.00066394 0.03083787 -0.01235930
v -0.00081695 0.03313715 -0.01216130
v -0.00084565 0.03386766 -0.01209875
v -0.00027771 0.03391512 -0.01217707
v -0.00001603 0.03356892 -0.01222901
v 0.00019224 0.03320030 -0.01226686
v 0.00039278 0.03285374 -0.01229625
v 0.00064305 0.03254525 -0.01231929
v 0.00093882 0.03227858 -0.01233415
v 0.00206565 0.03150695 -0.01233289
v 0.00296925 0.03109768 -0.01227812
v 0.00362270 0.03096421 -0.01220021
v 0.00414737 0.03096838 -0.01210769
v -0.00345779 0.02818864 -0.01162940
v -0.00177939 0.02646674 -0.01225836
v -0.00443035 0.02899390 -0.01145368
v -0.00508991 0.02940579 -0.00952751
v -0.00464083 0.02878612 -0.00952751
v -0.00484154 0.02911161 -0.00952751
v -0.00471165 0.02883529 -0.00934648
v -0.00455742 0.02843849 -0.00933585
v -0.00450025 0.02817942 -0.00932898
v -0.00447564 0.02791344 -0.00932199
v -0.00448410 0.02774565 -0.00930435
v -0.00361605 0.02693670 -0.01080480
v -0.00312410 0.02667090 -0.01135521
v -0.00253458 0.02648629 -0.01183778
v -0.00220183 0.02643903 -0.01204656
v -0.00185362 0.02642962 -0.01222644
v -0.00418545 0.02837032 -0.01031481
v -0.00318367 0.02746692 -0.01139971
v 0.00116197 0.03095021 -0.00939168
v 0.00127508 0.03158489 -0.00940807
v 0.00127889 0.03223426 -0.00942504
v 0.00117326 0.03287022 -0.00944183
v 0.00134785 0.03271424 -0.00943746
v 0.00243297 0.03195751 -0.00941583
v 0.00303187 0.03167347 -0.00940738
v 0.00351386 0.03154867 -0.00940329
v 0.00388541 0.03152917 -0.00940215
v 0.00438183 0.03161386 -0.00940351
v 0.00467159 0.03171832 -0.00940574
v 0.00495066 0.03185156 -0.00940875
v -0.00061847 0.02863552 -0.00933425
v 0.00009680 0.02916605 -0.00934689
v 0.00067823 0.02986272 -0.00936410
v 0.00096522 0.03039254 -0.00937745
v 0.00231625 0.01308436 -0.01246654
v 0.00280456 0.01299532 -0.01239912
v 0.00314666 0.01480356 -0.01236632
v 0.00285997 0.01428168 -0.01239526
v 0.00255125 0.01369983 -0.01243223
v 0.00231625 0.01308436 -0.01246654
v 0.00280456 0.01299532 -0.01239912
v 0.00241368 0.01100539 -0.01246604
v 0.00223883 0.01168591 -0.01248845
v 0.00220099 0.01238970 -0.01248824
v 0.00314666 0.01480356 -0.01236632
v 0.00433043 0.01714682 -0.01227111
v 0.00525179 0.01927532 -0.01214494
v 0.00280456 0.01299532 -0.01239912
v 0.00547717 0.01247638 -0.01184452
v 0.00673256 0.01224006 -0.01135671
v 0.00792309 0.01202614 -0.01061010
v 0.00864994 0.01190521 -0.00985752
v 0.00912808 0.01183813 -0.00907513
v 0.00954211 0.01178782 -0.00826780
v 0.00931214 0.01818092 -0.00812507
v 0.00843290 0.01854532 -0.00984421
v 0.00752641 0.01879367 -0.01082631
v 0.00662255 0.01899556 -0.01147844
v 0.00595485 0.01913369 -0.01184281
v 0.00546060 0.01451553 -0.01185708
v 0.00610624 0.01809336 -0.01173099
v 0.00555811 0.01823988 -0.01197362
v 0.00751716 0.01514323 -0.01085878
v 0.00693651 0.01721898 -0.01125590
v 0.00731988 0.01676649 -0.01099698
v 0.00746529 0.01829210 -0.01088192
v 0.00886967 0.01286630 -0.00948238
v 0.00844831 0.01342151 -0.01004528
v 0.00872678 0.01338104 -0.00967831
v 0.00894721 0.01510047 -0.00919972
v 0.00862100 0.01677703 -0.00965857
v 0.00855895 0.01739473 -0.00971952
v 0.00931214 0.01818092 -0.00812507
v 0.00954211 0.01178782 -0.00826780
v 0.00931221 0.01818091 -0.00812491
v 0.00947901 0.01818704 -0.00742350
v 0.00943644 0.01818586 -0.00774214
v 0.00938408 0.01818386 -0.00793633
v 0.00975760 0.01178942 -0.00746425
v 0.00972360 0.01179043 -0.00774081
v 0.00965153 0.01178989 -0.00800998
v 0.00954214 0.01178782 -0.00826775
v 0.00231625 0.01308436 0.00061153
v 0.00255125 0.01369983 0.00057721
v 0.00285997 0.01428168 0.00054024
v 0.00280456 0.01299532 0.00054410
v 0.00314666 0.01480356 0.00051130
v 0.00280456 0.01299532 0.00054410
v 0.00241368 0.01100539 0.00061102
v 0.00231625 0.01308436 0.00061153
v 0.00223883 0.01168591 0.00063344
v 0.00220099 0.01238970 0.00063322
v 0.00931214 0.01818092 -0.00372994
v 0.00843290 0.01854532 -0.00201080
v 0.00752641 0.01879367 -0.00102871
v 0.00662255 0.01899556 -0.00037657
v 0.00595485 0.01913369 -0.00001221
v 0.00525179 0.01927532 0.00028992
v 0.00314666 0.01480356 0.00051130
v 0.00433043 0.01714682 0.00041609
v 0.00280456 0.01299532 0.00054410
v 0.00547717 0.01247638 -0.00001050
v 0.00673256 0.01224006 -0.00049831
v 0.00792309 0.01202614 -0.00124492
v 0.00864994 0.01190521 -0.00199750
v 0.00912808 0.01183813 -0.00277989
v 0.00954211 0.01178782 -0.00358722
v 0.00546060 0.01451553 0.00000206
v 0.00610624 0.01809336 -0.00012403
v 0.00555811 0.01823988 0.00011860
v 0.00751716 0.01514323 -0.00099623
v 0.00693651 0.01721898 -0.00059912
v 0.00731988 0.01676649 -0.00085803
v 0.00746529 0.01829210 -0.00097310
v 0.00886967 0.01286630 -0.00237264
v 0.00844831 0.01342151 -0.00180974
v 0.00872678 0.01338104 -0.00217671
v 0.00894721 0.01510047 -0.00265530
v 0.00862100 0.01677703 -0.00219645
v 0.00855895 0.01739473 -0.00213550
v 0.00931214 0.01818092 -0.00372994
v 0.00954211 0.01178782 -0.00358722
v 0.00954214 0.01178782 -0.00358727
v 0.00975760 0.01178942 -0.00439077
v 0.00972360 0.01179043 -0.00411421
v 0.00965153 0.01178989 -0.00384504
v 0.00947901 0.01818704 -0.00443152
v 0.00943644 0.01818586 -0.00411288
v 0.00938408 0.01818386 -0.00391869
v 0.00931221 0.01818091 -0.00373011
v 0.00893600 0.02830406 -0.00741830
v 0.00890819 0.02828504 -0.00766835
v 0.00887582 0.02826269 -0.00782044
v 0.00883218 0.02823225 -0.00796936
v 0.00947901 0.01818704 -0.00742350
v 0.00943644 0.01818586 -0.00774214
v 0.00938408 0.01818386 -0.00793633
v 0.00931221 0.01818091 -0.00812491
v 0.00972844 0.00517525 -0.00840253
v 0.00985702 0.00509593 -0.00813233
v 0.00994405 0.00504225 -0.00784039
v 0.00998528 0.00501681 -0.00753204
v 0.00954214 0.01178782 -0.00826775
v 0.00975760 0.01178942 -0.00746425
v 0.00972360 0.01179043 -0.00774081
v 0.00965153 0.01178989 -0.00800998
v 0.00525599 0.01933429 -0.00009295
v 0.00524727 0.01933416 -0.00014912
v 0.00596126 0.02126332 -0.00028525
v 0.00375075 0.01600161 0.00000814
v 0.00525599 0.01933429 -0.00009295
v 0.00374100 0.01600490 -0.00005698
v 0.00524727 0.01933416 -0.00014912
v 0.00283551 0.01428001 0.00007233
v 0.00375075 0.01600161 0.00000814
v 0.00283325 0.01428004 0.00004864
v 0.00282935 0.01428098 0.00002518
v 0.00282385 0.01428284 0.00000209
v 0.00374100 0.01600490 -0.00005698
v 0.00226041 0.01296403 0.00014169
v 0.00250058 0.01364275 0.00010743
v 0.00283551 0.01428001 0.00007233
v 0.00225515 0.01296361 0.00010014
v 0.00224434 0.01296458 0.00005971
v 0.00282175 0.01427908 0.00000227
v 0.00248530 0.01364128 0.00003225
v 0.00282385 0.01428284 0.00000209
v 0.00283325 0.01428004 0.00004864
v 0.00282935 0.01428098 0.00002518
v 0.00265349 0.01040788 0.00011076
v 0.00231944 0.01121999 0.00015655
v 0.00217447 0.01208517 0.00016501
v 0.00218673 0.01252694 0.00015693
v 0.00226041 0.01296403 0.00014169
v 0.00264835 0.01040812 0.00007197
v 0.00263882 0.01040594 0.00003407
v 0.00224434 0.01296458 0.00005971
v 0.00215455 0.01225375 0.00007670
v 0.00222155 0.01154618 0.00007789
v 0.00238809 0.01096017 0.00006346
v 0.00225515 0.01296361 0.00010014
v 0.00457052 0.00836906 -0.00022606
v 0.00360801 0.00914864 -0.00003962
v 0.00308634 0.00973738 0.00004527
v 0.00265349 0.01040788 0.00011076
v 0.00263882 0.01040594 0.00003407
v 0.00316823 0.00961753 -0.00003213
v 0.00382094 0.00894314 -0.00012172
v 0.00264835 0.01040812 0.00007197
v 0.00901080 0.02835471 -0.00591704
v 0.00901080 0.02835471 -0.00593798
v 0.01007037 0.00496432 -0.00591704
v 0.00966083 0.01597057 -0.00591704
v 0.01007037 0.00496432 -0.00593798
v 0.00966083 0.01597057 -0.00593798
v 0.00998528 0.00501681 -0.00432298
v 0.00994469 0.00504186 -0.00401715
v 0.00985777 0.00509547 -0.00372483
v 0.00972844 0.00517525 -0.00345248
v 0.00975760 0.01178942 -0.00439077
v 0.00972360 0.01179043 -0.00411421
v 0.00965153 0.01178989 -0.00384504
v 0.00954214 0.01178782 -0.00358727
v 0.00883218 0.02823225 -0.00388566
v 0.00889660 0.02827707 -0.00412545
v 0.00892211 0.02829458 -0.00427947
v 0.00893600 0.02830406 -0.00443671
v 0.00931221 0.01818091 -0.00373011
v 0.00947901 0.01818704 -0.00443152
v 0.00943644 0.01818586 -0.00411288
v 0.00938408 0.01818386 -0.00391869
v 0.01007037 0.00496432 -0.00591704
v 0.00966083 0.01597057 -0.00591704
v 0.00901080 0.02835471 -0.00591704
v 0.00998528 0.00501681 -0.00432298
v 0.00975760 0.01178942 -0.00439077
v 0.00947901 0.01818704 -0.00443152
v 0.00893600 0.02830406 -0.00443671
v 0.00883218 0.02823225 -0.00388566
v 0.00931221 0.01818091 -0.00373011
v 0.00822933 0.02775777 -0.00228197
v 0.00786828 0.02737948 -0.00166143
v 0.00762549 0.02702223 -0.00132183
v 0.00746460 0.02665799 -0.00111867
v 0.00735133 0.02624149 -0.00098222
v 0.00659485 0.02328863 -0.00030540
v 0.00525179 0.01927532 0.00028992
v 0.00595070 0.02118188 0.00005497
v 0.00931214 0.01818092 -0.00372994
v 0.00843290 0.01854532 -0.00201080
v 0.00752641 0.01879367 -0.00102871
v 0.00662255 0.01899556 -0.00037657
v 0.00595485 0.01913369 -0.00001221
v 0.00860296 0.01994149 -0.00236147
v 0.00827876 0.02005177 -0.00186837
v 0.00820258 0.02078108 -0.00179850
v 0.00820253 0.02078109 -0.00179844
v 0.00840064 0.02248311 -0.00218489
v 0.00792346 0.02272683 -0.00151840
v 0.00860335 0.02455487 -0.00275236
v 0.00829746 0.02716334 -0.00235862
v 0.00827471 0.02736442 -0.00233272
v 0.00723708 0.02096729 -0.00079747
v 0.00517215 0.00799722 0.00007321
v 0.00704744 0.00681763 -0.00060962
v 0.00799342 0.00624557 -0.00116934
v 0.00869164 0.00581485 -0.00180231
v 0.00923974 0.00547673 -0.00260041
v 0.00972844 0.00517525 -0.00345248
v 0.00954214 0.01178782 -0.00358727
v 0.00954211 0.01178782 -0.00358722
v 0.00280456 0.01299532 0.00054410
v 0.00547717 0.01247638 -0.00001050
v 0.00673256 0.01224006 -0.00049831
v 0.00792309 0.01202614 -0.00124492
v 0.00864994 0.01190521 -0.00199750
v 0.00912808 0.01183813 -0.00277989
v 0.00241368 0.01100539 0.00061102
v 0.00404416 0.00878070 0.00033884
v 0.00307796 0.00978176 0.00051252
v 0.00270114 0.01036582 0.00056993
v 0.00525179 0.01927532 0.00028992
v 0.00595070 0.02118188 0.00005497
v 0.00659485 0.02328863 -0.00030540
v 0.00596126 0.02126332 -0.00028525
v 0.00525599 0.01933429 -0.00009295
v 0.00375075 0.01600161 0.00000814
v 0.00283551 0.01428001 0.00007233
v 0.00285997 0.01428168 0.00054024
v 0.00314666 0.01480356 0.00051130
v 0.00433043 0.01714682 0.00041609
v 0.00517215 0.00799722 0.00007321
v 0.00404416 0.00878070 0.00033884
v 0.00307796 0.00978176 0.00051252
v 0.00270114 0.01036582 0.00056993
v 0.00241368 0.01100539 0.00061102
v 0.00223883 0.01168591 0.00063344
v 0.00220099 0.01238970 0.00063322
v 0.00231625 0.01308436 0.00061153
v 0.00255125 0.01369983 0.00057721
v 0.00285997 0.01428168 0.00054024
v 0.00283551 0.01428001 0.00007233
v 0.00226041 0.01296403 0.00014169
v 0.00250058 0.01364275 0.00010743
v 0.00265349 0.01040788 0.00011076
v 0.00231944 0.01121999 0.00015655
v 0.00217447 0.01208517 0.00016501
v 0.00218673 0.01252694 0.00015693
v 0.00457052 0.00836906 -0.00022606
v 0.00360801 0.00914864 -0.00003962
v 0.00308634 0.00973738 0.00004527
v 0.00515578 0.00799607 -0.00024069
v 0.00517215 0.00799722 0.00007321
v 0.00517215 0.00799722 0.00007321
v 0.00704744 0.00681763 -0.00060962
v 0.00566864 0.00767970 -0.00025353
v 0.00566864 0.00767970 -0.00025353
v 0.00515578 0.00799607 -0.00024069
v 0.00901080 0.02835471 -0.00593798
v 0.00893600 0.02830406 -0.00741830
v 0.00966083 0.01597057 -0.00593798
v 0.01007037 0.00496432 -0.00593798
v 0.00998528 0.00501681 -0.00753204
v 0.00975760 0.01178942 -0.00746425
v 0.00947901 0.01818704 -0.00742350
v 0.00525179 0.01927532 -0.01214494
v 0.00595070 0.02118188 -0.01190999
v 0.00659485 0.02328863 -0.01154962
v 0.00931214 0.01818092 -0.00812507
v 0.00843290 0.01854532 -0.00984421
v 0.00752641 0.01879367 -0.01082631
v 0.00662255 0.01899556 -0.01147844
v 0.00595485 0.01913369 -0.01184281
v 0.00931221 0.01818091 -0.00812491
v 0.00883218 0.02823225 -0.00796936
v 0.00735133 0.02624149 -0.01087280
v 0.00751379 0.02678920 -0.01067558
v 0.00768808 0.02712843 -0.01044999
v 0.00789208 0.02740920 -0.01015690
v 0.00809846 0.02763317 -0.00981869
v 0.00834936 0.02786329 -0.00931890
v 0.00860330 0.02806593 -0.00865394
v 0.00860296 0.01994149 -0.00949355
v 0.00827876 0.02005177 -0.00998665
v 0.00820258 0.02078108 -0.01005652
v 0.00820253 0.02078109 -0.01005658
v 0.00840064 0.02248311 -0.00967012
v 0.00792346 0.02272683 -0.01033662
v 0.00813675 0.02710257 -0.00979605
v 0.00723708 0.02096729 -0.01105755
v 0.00954211 0.01178782 -0.00826780
v 0.00954214 0.01178782 -0.00826775
v 0.00280456 0.01299532 -0.01239912
v 0.00547717 0.01247638 -0.01184452
v 0.00673256 0.01224006 -0.01135671
v 0.00792309 0.01202614 -0.01061010
v 0.00864994 0.01190521 -0.00985752
v 0.00912808 0.01183813 -0.00907513
v 0.00241368 0.01100539 -0.01246604
v 0.00517215 0.00799722 -0.01192823
v 0.00404416 0.00878070 -0.01219386
v 0.00307796 0.00978176 -0.01236754
v 0.00270114 0.01036582 -0.01242494
v 0.00704744 0.00681763 -0.01124540
v 0.00799342 0.00624557 -0.01068568
v 0.00972844 0.00517525 -0.00840253
v 0.00898496 0.00563390 -0.00967068
v 0.00854481 0.00590542 -0.01021194
v 0.00525599 0.01933429 -0.01176206
v 0.00596126 0.02126332 -0.01156977
v 0.00524727 0.01933416 -0.01170591
v 0.00375075 0.01600161 -0.01186315
v 0.00525599 0.01933429 -0.01176206
v 0.00524727 0.01933416 -0.01170591
v 0.00374100 0.01600490 -0.01179804
v 0.00283551 0.01428001 -0.01192735
v 0.00375075 0.01600161 -0.01186315
v 0.00374100 0.01600490 -0.01179804
v 0.00282385 0.01428284 -0.01185711
v 0.00283325 0.01428004 -0.01190366
v 0.00282935 0.01428098 -0.01188019
v 0.00226041 0.01296403 -0.01199670
v 0.00225515 0.01296362 -0.01195517
v 0.00224434 0.01296458 -0.01191472
v 0.00250058 0.01364275 -0.01196245
v 0.00283551 0.01428001 -0.01192735
v 0.00283325 0.01428004 -0.01190366
v 0.00282935 0.01428098 -0.01188019
v 0.00282385 0.01428284 -0.01185711
v 0.00282175 0.01427908 -0.01185729
v 0.00248574 0.01364223 -0.01188722
v 0.00265349 0.01040788 -0.01196578
v 0.00231944 0.01121999 -0.01201157
v 0.00217447 0.01208517 -0.01202003
v 0.00218673 0.01252694 -0.01201195
v 0.00226041 0.01296403 -0.01199670
v 0.00225515 0.01296362 -0.01195517
v 0.00224434 0.01296458 -0.01191472
v 0.00263882 0.01040594 -0.01188909
v 0.00230153 0.01122157 -0.01192664
v 0.00220139 0.01165613 -0.01193391
v 0.00215681 0.01208756 -0.01193351
v 0.00216988 0.01252917 -0.01192691
v 0.00264835 0.01040811 -0.01192699
v 0.00265349 0.01040788 -0.01196578
v 0.00264835 0.01040811 -0.01192699
v 0.00263882 0.01040594 -0.01188909
v 0.00457052 0.00836906 -0.01162896
v 0.00384115 0.00892543 -0.01173036
v 0.00324612 0.00952434 -0.01181277
v 0.00292070 0.00994623 -0.01185421
v 0.00360801 0.00914864 -0.01181540
v 0.00308634 0.00973738 -0.01190029
v 0.00375075 0.01600161 -0.01186315
v 0.00525599 0.01933429 -0.01176206
v 0.00283551 0.01428001 -0.01192735
v 0.00285997 0.01428168 -0.01239526
v 0.00314666 0.01480356 -0.01236632
v 0.00433043 0.01714682 -0.01227111
v 0.00525179 0.01927532 -0.01214494
v 0.00595070 0.02118188 -0.01190999
v 0.00659485 0.02328863 -0.01154962
v 0.00596126 0.02126332 -0.01156977
v 0.00517215 0.00799722 -0.01192823
v 0.00404416 0.00878070 -0.01219386
v 0.00307796 0.00978176 -0.01236754
v 0.00270114 0.01036582 -0.01242494
v 0.00241368 0.01100539 -0.01246604
v 0.00223883 0.01168591 -0.01248845
v 0.00220099 0.01238970 -0.01248824
v 0.00231625 0.01308436 -0.01246654
v 0.00255125 0.01369983 -0.01243223
v 0.00285997 0.01428168 -0.01239526
v 0.00283551 0.01428001 -0.01192735
v 0.00226041 0.01296403 -0.01199670
v 0.00250058 0.01364275 -0.01196245
v 0.00265349 0.01040788 -0.01196578
v 0.00231944 0.01121999 -0.01201157
v 0.00217447 0.01208517 -0.01202003
v 0.00218673 0.01252694 -0.01201195
v 0.00457052 0.00836906 -0.01162896
v 0.00360801 0.00914864 -0.01181540
v 0.00308634 0.00973738 -0.01190029
v 0.00515578 0.00799607 -0.01161433
v 0.00515578 0.00799607 -0.01161433
v 0.00517215 0.00799722 -0.01192823
v 0.00517215 0.00799722 -0.01192823
v 0.00566864 0.00767970 -0.01160149
v 0.00566864 0.00767970 -0.01160149
v 0.00704744 0.00681763 -0.01124540
v -0.00388028 0.02688575 -0.00728363
v -0.00388028 0.02688575 -0.00457138
v -0.00365743 0.02699273 -0.00914205
v -0.00379601 0.02692612 -0.00821697
v -0.00335725 0.02713796 -0.00920220
v -0.00349286 0.02707218 -0.00918946
v -0.00357584 0.02703207 -0.00917012
v -0.00081506 0.02842171 -0.00923136
v -0.00057192 0.02854972 -0.00923428
v 0.00500402 0.03176971 -0.00930878
v 0.00510127 0.03183145 -0.00931053
v 0.00532639 0.03197528 -0.00930042
v 0.00663478 0.03283808 -0.00934510
v 0.00683423 0.03297402 -0.00915192
v 0.00683052 0.03297147 -0.00918932
v 0.00682004 0.03296430 -0.00922455
v 0.00680376 0.03295317 -0.00925656
v 0.00678263 0.03293873 -0.00928434
v 0.00675768 0.03292169 -0.00930692
v 0.00673024 0.03290298 -0.00932414
v 0.00670100 0.03288308 -0.00933619
v 0.00666827 0.03286082 -0.00934349
v 0.00683437 0.03297411 -0.00860369
v 0.00739031 0.03335996 -0.00801814
v 0.00725739 0.03326674 -0.00803977
v 0.00713030 0.03317819 -0.00809280
v 0.00701488 0.03309825 -0.00817836
v 0.00692850 0.03303872 -0.00828284
v 0.00689046 0.03301258 -0.00835136
v 0.00686138 0.03299262 -0.00842615
v 0.00684380 0.03298057 -0.00849795
v 0.00683676 0.03297575 -0.00855033
v 0.00775142 0.03361644 -0.00762766
v 0.00774349 0.03361075 -0.00770641
v 0.00772114 0.03359475 -0.00778037
v 0.00768646 0.03356994 -0.00784707
v 0.00764156 0.03353790 -0.00790403
v 0.00758873 0.03350029 -0.00794952
v 0.00753045 0.03345892 -0.00798352
v 0.00746897 0.03341542 -0.00800596
v 0.00743005 0.03338795 -0.00801415
v 0.00775142 0.03361644 -0.00422735
v 0.00739031 0.03335996 -0.00383688
v 0.00747854 0.03342218 -0.00385176
v 0.00756188 0.03348122 -0.00388799
v 0.00763635 0.03353418 -0.00394568
v 0.00769150 0.03357354 -0.00401596
v 0.00772760 0.03359937 -0.00409154
v 0.00774522 0.03361200 -0.00415772
v 0.00683437 0.03297411 -0.00325133
v 0.00684645 0.03298239 -0.00337059
v 0.00688101 0.03300609 -0.00348247
v 0.00691633 0.03303035 -0.00355246
v 0.00696407 0.03306321 -0.00362132
v 0.00701959 0.03310151 -0.00368111
v 0.00710239 0.03315883 -0.00374557
v 0.00720427 0.03322968 -0.00379748
v 0.00729611 0.03329384 -0.00382482
v 0.00683423 0.03297402 -0.00270310
v 0.00663478 0.03283808 -0.00250992
v 0.00668223 0.03287031 -0.00251394
v 0.00672769 0.03290125 -0.00252961
v 0.00676902 0.03292943 -0.00255734
v 0.00679736 0.03294879 -0.00258884
v 0.00681743 0.03296252 -0.00262419
v 0.00682982 0.03297100 -0.00266228
v 0.00683313 0.03297326 -0.00268275
v 0.00532639 0.03197528 -0.00255460
v 0.00510127 0.03183145 -0.00254449
v 0.00500402 0.03176971 -0.00254624
v -0.00057192 0.02854972 -0.00262073
v -0.00081506 0.02842171 -0.00262366
v -0.00335725 0.02713796 -0.00265282
v -0.00365743 0.02699273 -0.00271297
v -0.00352622 0.02705604 -0.00267225
v -0.00344242 0.02709661 -0.00265815
v -0.00379604 0.02692610 -0.00363822
v 0.01021743 -0.00107563 -0.00593798
v 0.01021743 -0.00107563 -0.00591704
v 0.01034175 -0.00106823 -0.00593789
v 0.01040883 -0.00105095 -0.00593756
v 0.01047268 -0.00102456 -0.00593704
v 0.01053310 -0.00098907 -0.00593632
v 0.01058790 -0.00094564 -0.00593544
v 0.01063543 -0.00089567 -0.00593442
v 0.01068689 -0.00082056 -0.00593286
v 0.01071640 -0.00075801 -0.00593156
v 0.01073863 -0.00068439 -0.00593003
v 0.01074808 -0.00062462 -0.00592878
v 0.01075026 -0.00056426 -0.00592751
v 0.01075026 -0.00056426 -0.00592751
v 0.01032151 -0.00107149 -0.00591705
v 0.01043492 -0.00104141 -0.00591757
v 0.01053762 -0.00098600 -0.00591866
v 0.01062380 -0.00090922 -0.00592023
v 0.01066979 -0.00084897 -0.00592149
v 0.01070757 -0.00077923 -0.00592296
v 0.01073277 -0.00070814 -0.00592447
v 0.01074661 -0.00063802 -0.00592595
v 0.01071277 -0.00076714 -0.00592751
v 0.01059680 -0.00093746 -0.00592751
v 0.01042206 -0.00104653 -0.00592751
v 0.00687786 0.03305729 -0.00860371
v 0.00687688 0.03320370 -0.00860879
v 0.00688658 0.03306380 -0.00851102
v 0.00691163 0.03308378 -0.00842358
v 0.00694051 0.03310713 -0.00836247
v 0.00697538 0.03313552 -0.00830896
v 0.00702977 0.03318007 -0.00824812
v 0.00709888 0.03323705 -0.00819403
v 0.00717352 0.03329898 -0.00815480
v 0.00725563 0.03336756 -0.00812878
v 0.00733987 0.03343838 -0.00811783
v 0.00733619 0.03357309 -0.00812262
v 0.00688536 0.03321571 -0.00851857
v 0.00690930 0.03323864 -0.00843395
v 0.00694646 0.03327074 -0.00835694
v 0.00699455 0.03331027 -0.00828952
v 0.00705124 0.03335545 -0.00823355
v 0.00711408 0.03340452 -0.00818916
v 0.00720491 0.03347420 -0.00814754
v 0.00726981 0.03352331 -0.00813057
v 0.00733987 0.03343838 -0.00373719
v 0.00733619 0.03357309 -0.00373240
v 0.00719848 0.03331979 -0.00371010
v 0.00707939 0.03322095 -0.00364787
v 0.00699049 0.03314786 -0.00356508
v 0.00693045 0.03309898 -0.00347363
v 0.00690437 0.03307795 -0.00341146
v 0.00688494 0.03306252 -0.00333457
v 0.00687967 0.03305848 -0.00329329
v 0.00687786 0.03305729 -0.00325130
v 0.00687688 0.03320370 -0.00324623
v 0.00722607 0.03349025 -0.00371400
v 0.00712136 0.03341013 -0.00366992
v 0.00702668 0.03333602 -0.00359954
v 0.00695571 0.03327848 -0.00351304
v 0.00690846 0.03323788 -0.00341878
v 0.00688514 0.03321547 -0.00333523
v -0.00081506 0.02842171 -0.00262366
v -0.00081639 0.02842375 -0.00260174
v -0.00081992 0.02843000 -0.00258089
v -0.00082548 0.02844016 -0.00256212
v -0.00083278 0.02845372 -0.00254634
v -0.00084148 0.02847004 -0.00253432
v -0.00085116 0.02848831 -0.00252665
v -0.00086134 0.02850765 -0.00252369
v -0.00340078 0.02722528 -0.00255285
v -0.00335725 0.02713796 -0.00265282
v -0.00335850 0.02714004 -0.00263091
v -0.00336182 0.02714641 -0.00261006
v -0.00336705 0.02715674 -0.00259129
v -0.00337391 0.02717051 -0.00257551
v -0.00338210 0.02718709 -0.00256349
v -0.00339120 0.02720564 -0.00255581
v -0.00081506 0.02842171 -0.00262366
v -0.00057192 0.02854972 -0.00262073
v -0.00057326 0.02855176 -0.00259882
v -0.00057681 0.02855800 -0.00257796
v -0.00058239 0.02856813 -0.00255919
v -0.00058975 0.02858168 -0.00254341
v -0.00059849 0.02859797 -0.00253140
v -0.00060823 0.02861621 -0.00252372
v -0.00061847 0.02863552 -0.00252077
v -0.00086134 0.02850765 -0.00252369
v -0.00081639 0.02842375 -0.00260174
v -0.00081992 0.02843000 -0.00258089
v -0.00082548 0.02844016 -0.00256212
v -0.00083278 0.02845372 -0.00254634
v -0.00084148 0.02847004 -0.00253432
v -0.00085116 0.02848831 -0.00252665
v -0.00057192 0.02854972 -0.00262073
v 0.00500402 0.03176971 -0.00254624
v 0.00500249 0.03177162 -0.00252431
v 0.00499842 0.03177754 -0.00250344
v 0.00499202 0.03178721 -0.00248466
v 0.00498360 0.03180012 -0.00246888
v 0.00497356 0.03181568 -0.00245687
v 0.00496240 0.03183311 -0.00244921
v 0.00495066 0.03185156 -0.00244627
v -0.00061847 0.02863552 -0.00252077
v -0.00057326 0.02855176 -0.00259882
v -0.00057681 0.02855800 -0.00257796
v -0.00058239 0.02856813 -0.00255919
v -0.00058975 0.02858168 -0.00254341
v -0.00059849 0.02859797 -0.00253140
v -0.00060823 0.02861621 -0.00252372
v 0.00500402 0.03176971 -0.00254624
v 0.00510127 0.03183145 -0.00254449
v 0.00509931 0.03183375 -0.00252023
v 0.00509427 0.03184095 -0.00249743
v 0.00508645 0.03185263 -0.00247743
v 0.00507629 0.03186808 -0.00246144
v 0.00506443 0.03188638 -0.00245042
v 0.00505155 0.03190645 -0.00244501
v 0.00495066 0.03185156 -0.00244627
v 0.00500249 0.03177162 -0.00252431
v 0.00499842 0.03177754 -0.00250344
v 0.00499202 0.03178721 -0.00248466
v 0.00498360 0.03180012 -0.00246888
v 0.00497356 0.03181568 -0.00245687
v 0.00496240 0.03183311 -0.00244921
v 0.00528510 0.03204543 -0.00245623
v 0.00527776 0.03204084 -0.00245544
v 0.00505155 0.03190645 -0.00244501
v 0.00510127 0.03183145 -0.00254449
v 0.00509931 0.03183375 -0.00252023
v 0.00509427 0.03184095 -0.00249743
v 0.00508645 0.03185263 -0.00247743
v 0.00507629 0.03186808 -0.00246144
v 0.00506443 0.03188638 -0.00245042
v 0.00532639 0.03197528 -0.00255460
v 0.00532507 0.03197896 -0.00252726
v 0.00531995 0.03198840 -0.00250267
v 0.00531208 0.03200183 -0.00248303
v 0.00530112 0.03201983 -0.00246723
v 0.00529338 0.03203228 -0.00246052
v 0.00597235 0.03250548 -0.00243140
v 0.00528510 0.03204543 -0.00245623
v 0.00532639 0.03197528 -0.00255460
v 0.00532507 0.03197896 -0.00252726
v 0.00531995 0.03198840 -0.00250267
v 0.00531208 0.03200183 -0.00248303
v 0.00530112 0.03201983 -0.00246723
v 0.00529338 0.03203228 -0.00246052
v 0.00663478 0.03283808 -0.00250992
v 0.00663292 0.03283969 -0.00248828
v 0.00662850 0.03284515 -0.00246767
v 0.00662171 0.03285419 -0.00244906
v 0.00661288 0.03286639 -0.00243334
v 0.00660242 0.03288118 -0.00242125
v 0.00659083 0.03289784 -0.00241336
v 0.00657868 0.03291560 -0.00241005
v 0.00608647 0.03258536 -0.00242719
v 0.00636107 0.03270877 -0.00243447
v 0.00636635 0.03270125 -0.00244114
v 0.00637152 0.03269397 -0.00244939
v 0.00631443 0.03265401 -0.00245292
v 0.00565501 0.03223227 -0.00246484
v 0.00566066 0.03222262 -0.00247529
v 0.00663478 0.03283808 -0.00250992
v 0.00668223 0.03287031 -0.00251394
v 0.00672769 0.03290125 -0.00252961
v 0.00676902 0.03292943 -0.00255734
v 0.00679736 0.03294879 -0.00258884
v 0.00681743 0.03296252 -0.00262419
v 0.00682982 0.03297100 -0.00266228
v 0.00683313 0.03297326 -0.00268275
v 0.00683423 0.03297402 -0.00270310
v 0.00685250 0.03299013 -0.00270309
v 0.00686634 0.03301019 -0.00270308
v 0.00687492 0.03303300 -0.00270308
v 0.00687772 0.03305720 -0.00270307
v 0.00687019 0.03305259 -0.00263733
v 0.00684875 0.03304170 -0.00257581
v 0.00681518 0.03302536 -0.00252116
v 0.00677126 0.03300450 -0.00247604
v 0.00671980 0.03298041 -0.00244228
v 0.00666316 0.03295421 -0.00242034
v 0.00662132 0.03293502 -0.00241214
v 0.00657868 0.03291560 -0.00241005
v 0.00663292 0.03283969 -0.00248828
v 0.00662850 0.03284515 -0.00246767
v 0.00662171 0.03285419 -0.00244906
v 0.00661288 0.03286639 -0.00243334
v 0.00660242 0.03288118 -0.00242125
v 0.00659083 0.03289784 -0.00241336
v 0.00684410 0.03299607 -0.00259785
v 0.00683252 0.03298894 -0.00257421
v 0.00681816 0.03298013 -0.00255098
v 0.00680136 0.03296988 -0.00252923
v 0.00678282 0.03295861 -0.00250995
v 0.00675788 0.03294356 -0.00248940
v 0.00673605 0.03293041 -0.00247524
v 0.00671281 0.03291648 -0.00246333
v 0.00668391 0.03289924 -0.00245238
v 0.00666624 0.03288874 -0.00244754
v 0.00683423 0.03297402 -0.00270310
v 0.00683437 0.03297411 -0.00325133
v 0.00685264 0.03299023 -0.00325132
v 0.00686648 0.03301028 -0.00325131
v 0.00687506 0.03303309 -0.00325131
v 0.00687786 0.03305729 -0.00325130
v 0.00687772 0.03305720 -0.00270307
v 0.00685250 0.03299013 -0.00270309
v 0.00686634 0.03301019 -0.00270308
v 0.00687492 0.03303300 -0.00270308
v 0.00683437 0.03297411 -0.00325133
v 0.00684645 0.03298239 -0.00337059
v 0.00688101 0.03300609 -0.00348247
v 0.00691633 0.03303035 -0.00355246
v 0.00696407 0.03306321 -0.00362132
v 0.00701959 0.03310151 -0.00368111
v 0.00710239 0.03315883 -0.00374557
v 0.00720427 0.03322968 -0.00379748
v 0.00729611 0.03329384 -0.00382482
v 0.00739031 0.03335996 -0.00383688
v 0.00738967 0.03336231 -0.00381560
v 0.00738642 0.03336831 -0.00379529
v 0.00738070 0.03337768 -0.00377689
v 0.00737279 0.03338999 -0.00376125
v 0.00736303 0.03340467 -0.00374908
v 0.00735190 0.03342105 -0.00374093
v 0.00733987 0.03343838 -0.00373719
v 0.00719848 0.03331979 -0.00371010
v 0.00707939 0.03322095 -0.00364787
v 0.00699049 0.03314786 -0.00356508
v 0.00693045 0.03309898 -0.00347363
v 0.00690437 0.03307795 -0.00341146
v 0.00688494 0.03306252 -0.00333457
v 0.00687967 0.03305848 -0.00329329
v 0.00687786 0.03305729 -0.00325130
v 0.00685264 0.03299023 -0.00325132
v 0.00686648 0.03301028 -0.00325131
v 0.00687506 0.03303309 -0.00325131
v 0.00688614 0.03302406 -0.00339240
v 0.00690307 0.03303617 -0.00344244
v 0.00691765 0.03304663 -0.00347605
v 0.00693393 0.03305833 -0.00350758
v 0.00696614 0.03308167 -0.00355811
v 0.00698925 0.03309837 -0.00358791
v 0.00701418 0.03311643 -0.00361552
v 0.00706363 0.03315237 -0.00365971
v 0.00710220 0.03318050 -0.00368703
v 0.00716698 0.03322793 -0.00372221
v 0.00721474 0.03326306 -0.00374106
v 0.00725654 0.03329391 -0.00375330
v 0.00734009 0.03333994 -0.00378455
v 0.00733758 0.03334518 -0.00377545
v 0.00739031 0.03335996 -0.00383688
v 0.00747854 0.03342218 -0.00385176
v 0.00756188 0.03348122 -0.00388799
v 0.00763635 0.03353418 -0.00394568
v 0.00769150 0.03357354 -0.00401596
v 0.00772760 0.03359937 -0.00409154
v 0.00774522 0.03361200 -0.00415772
v 0.00775142 0.03361644 -0.00422735
v 0.00776635 0.03362958 -0.00422735
v 0.00777839 0.03364543 -0.00422735
v 0.00778706 0.03366335 -0.00422735
v 0.00779200 0.03368263 -0.00422735
v 0.00779302 0.03370251 -0.00422735
v 0.00778159 0.03369506 -0.00412136
v 0.00774908 0.03367547 -0.00402191
v 0.00769832 0.03364545 -0.00393310
v 0.00763221 0.03360674 -0.00385898
v 0.00755463 0.03356169 -0.00380187
v 0.00746885 0.03351221 -0.00376230
v 0.00740516 0.03347567 -0.00374521
v 0.00733987 0.03343838 -0.00373719
v 0.00738967 0.03336231 -0.00381560
v 0.00738642 0.03336831 -0.00379529
v 0.00738070 0.03337768 -0.00377689
v 0.00737279 0.03338999 -0.00376125
v 0.00736303 0.03340467 -0.00374908
v 0.00735190 0.03342105 -0.00374093
v 0.00777459 0.03364818 -0.00413924
v 0.00776559 0.03364202 -0.00410104
v 0.00775055 0.03363180 -0.00405575
v 0.00773099 0.03361856 -0.00401180
v 0.00770793 0.03360300 -0.00397122
v 0.00767791 0.03358281 -0.00392936
v 0.00764773 0.03356257 -0.00389583
v 0.00760702 0.03353543 -0.00385981
v 0.00757138 0.03351170 -0.00383475
v 0.00753362 0.03348665 -0.00381343
v 0.00748587 0.03345507 -0.00379291
v 0.00745714 0.03343613 -0.00378362
v 0.00775142 0.03361644 -0.00422735
v 0.00775142 0.03361644 -0.00762766
v 0.00776635 0.03362958 -0.00762766
v 0.00777839 0.03364543 -0.00762766
v 0.00778706 0.03366335 -0.00762766
v 0.00779200 0.03368263 -0.00762766
v 0.00779302 0.03370251 -0.00762766
v 0.00779302 0.03370251 -0.00422735
v 0.00776635 0.03362958 -0.00422735
v 0.00777839 0.03364543 -0.00422735
v 0.00778706 0.03366335 -0.00422735
v 0.00779200 0.03368263 -0.00422735
v 0.00775142 0.03361644 -0.00762766
v 0.00774349 0.03361075 -0.00770641
v 0.00772114 0.03359475 -0.00778037
v 0.00768646 0.03356994 -0.00784707
v 0.00764156 0.03353790 -0.00790403
v 0.00758873 0.03350029 -0.00794952
v 0.00753045 0.03345892 -0.00798352
v 0.00746897 0.03341542 -0.00800596
v 0.00743005 0.03338795 -0.00801415
v 0.00739031 0.03335996 -0.00801814
v 0.00738967 0.03336231 -0.00803942
v 0.00738642 0.03336831 -0.00805973
v 0.00738070 0.03337768 -0.00807812
v 0.00737279 0.03338999 -0.00809377
v 0.00736303 0.03340467 -0.00810594
v 0.00735190 0.03342105 -0.00811409
v 0.00733987 0.03343838 -0.00811783
v 0.00745338 0.03350332 -0.00809782
v 0.00755951 0.03356451 -0.00805030
v 0.00765303 0.03361890 -0.00797599
v 0.00772098 0.03365881 -0.00788740
v 0.00776468 0.03368480 -0.00779378
v 0.00778572 0.03369762 -0.00771257
v 0.00779302 0.03370251 -0.00762766
v 0.00776635 0.03362958 -0.00762766
v 0.00777839 0.03364543 -0.00762766
v 0.00778706 0.03366335 -0.00762766
v 0.00779200 0.03368263 -0.00762766
v 0.00745148 0.03343237 -0.00807298
v 0.00747346 0.03344686 -0.00806643
v 0.00750854 0.03347000 -0.00805323
v 0.00755612 0.03350153 -0.00802950
v 0.00758876 0.03352321 -0.00800870
v 0.00763116 0.03355148 -0.00797492
v 0.00765983 0.03357068 -0.00794660
v 0.00768627 0.03358842 -0.00791503
v 0.00771506 0.03360781 -0.00787237
v 0.00773538 0.03362152 -0.00783460
v 0.00775383 0.03363401 -0.00779091
v 0.00776709 0.03364303 -0.00774889
v 0.00777550 0.03364878 -0.00771137
v 0.00739031 0.03335996 -0.00801814
v 0.00725739 0.03326674 -0.00803977
v 0.00713030 0.03317819 -0.00809280
v 0.00701488 0.03309825 -0.00817836
v 0.00692850 0.03303872 -0.00828284
v 0.00689046 0.03301258 -0.00835136
v 0.00686138 0.03299262 -0.00842615
v 0.00684380 0.03298057 -0.00849795
v 0.00683676 0.03297575 -0.00855033
v 0.00683437 0.03297411 -0.00860369
v 0.00685264 0.03299023 -0.00860370
v 0.00686648 0.03301028 -0.00860370
v 0.00687506 0.03303309 -0.00860371
v 0.00687786 0.03305729 -0.00860371
v 0.00688658 0.03306380 -0.00851102
v 0.00691163 0.03308378 -0.00842358
v 0.00694051 0.03310713 -0.00836247
v 0.00697538 0.03313552 -0.00830896
v 0.00702977 0.03318007 -0.00824812
v 0.00709888 0.03323705 -0.00819403
v 0.00717352 0.03329898 -0.00815480
v 0.00725563 0.03336756 -0.00812878
v 0.00733987 0.03343838 -0.00811783
v 0.00738967 0.03336231 -0.00803942
v 0.00738642 0.03336831 -0.00805973
v 0.00738070 0.03337768 -0.00807812
v 0.00737279 0.03338999 -0.00809377
v 0.00736303 0.03340467 -0.00810594
v 0.00735190 0.03342105 -0.00811409
v 0.00727041 0.03330421 -0.00809846
v 0.00722504 0.03327068 -0.00811056
v 0.00716676 0.03322780 -0.00813288
v 0.00712573 0.03319773 -0.00815378
v 0.00707167 0.03315825 -0.00818916
v 0.00703443 0.03313116 -0.00821996
v 0.00700316 0.03310841 -0.00825114
v 0.00696438 0.03308036 -0.00829933
v 0.00694513 0.03306640 -0.00832835
v 0.00692756 0.03305377 -0.00835917
v 0.00691154 0.03304223 -0.00839226
v 0.00689799 0.03303252 -0.00842589
v 0.00683437 0.03297411 -0.00860369
v 0.00683423 0.03297402 -0.00915192
v 0.00685250 0.03299013 -0.00915193
v 0.00686634 0.03301019 -0.00915194
v 0.00687492 0.03303300 -0.00915194
v 0.00687772 0.03305720 -0.00915195
v 0.00687786 0.03305729 -0.00860371
v 0.00685264 0.03299023 -0.00860370
v 0.00686648 0.03301028 -0.00860370
v 0.00687506 0.03303309 -0.00860371
v 0.00683423 0.03297402 -0.00915192
v 0.00683052 0.03297147 -0.00918932
v 0.00682004 0.03296430 -0.00922455
v 0.00680376 0.03295317 -0.00925656
v 0.00678263 0.03293873 -0.00928434
v 0.00675768 0.03292169 -0.00930692
v 0.00673024 0.03290298 -0.00932414
v 0.00670100 0.03288308 -0.00933619
v 0.00666827 0.03286082 -0.00934349
v 0.00663478 0.03283808 -0.00934510
v 0.00663292 0.03283969 -0.00936674
v 0.00662850 0.03284515 -0.00938735
v 0.00662171 0.03285419 -0.00940596
v 0.00661288 0.03286639 -0.00942168
v 0.00660242 0.03288118 -0.00943377
v 0.00659083 0.03289784 -0.00944166
v 0.00657868 0.03291560 -0.00944497
v 0.00665287 0.03294948 -0.00943739
v 0.00672269 0.03298176 -0.00941135
v 0.00677900 0.03300815 -0.00937240
v 0.00682154 0.03302843 -0.00932536
v 0.00685330 0.03304395 -0.00926924
v 0.00687140 0.03305324 -0.00921228
v 0.00687772 0.03305720 -0.00915195
v 0.00685250 0.03299013 -0.00915193
v 0.00686634 0.03301019 -0.00915194
v 0.00687492 0.03303300 -0.00915194
v 0.00667072 0.03289140 -0.00940638
v 0.00669144 0.03290375 -0.00940018
v 0.00672084 0.03292132 -0.00938792
v 0.00673880 0.03293209 -0.00937816
v 0.00675614 0.03294250 -0.00936685
v 0.00677906 0.03295635 -0.00934851
v 0.00679453 0.03296573 -0.00933339
v 0.00681197 0.03297635 -0.00931262
v 0.00682474 0.03298416 -0.00929405
v 0.00683816 0.03299240 -0.00927005
v 0.00684756 0.03299822 -0.00924880
v -0.00086134 0.02850765 -0.00933132
v -0.00085116 0.02848831 -0.00932837
v -0.00084148 0.02847004 -0.00932070
v -0.00083278 0.02845372 -0.00930868
v -0.00082548 0.02844016 -0.00929290
v -0.00081992 0.02843000 -0.00927413
v -0.00081639 0.02842375 -0.00925328
v -0.00081506 0.02842171 -0.00923136
v -0.00335725 0.02713796 -0.00920220
v -0.00340078 0.02722528 -0.00930217
v -0.00339120 0.02720564 -0.00929920
v -0.00338210 0.02718709 -0.00929153
v -0.00337391 0.02717051 -0.00927951
v -0.00336705 0.02715674 -0.00926373
v -0.00336182 0.02714641 -0.00924496
v -0.00335850 0.02714004 -0.00922411
v 0.00608647 0.03258536 -0.00942783
v 0.00657868 0.03291560 -0.00944497
v 0.00663478 0.03283808 -0.00934510
v 0.00663292 0.03283969 -0.00936674
v 0.00662850 0.03284515 -0.00938735
v 0.00662171 0.03285419 -0.00940596
v 0.00661288 0.03286639 -0.00942168
v 0.00660242 0.03288118 -0.00943377
v 0.00659083 0.03289784 -0.00944166
v 0.00532639 0.03197528 -0.00930042
v 0.00532507 0.03197896 -0.00932776
v 0.00531995 0.03198840 -0.00935235
v 0.00531208 0.03200183 -0.00937199
v 0.00530112 0.03201983 -0.00938778
v 0.00529338 0.03203228 -0.00939450
v 0.00528510 0.03204543 -0.00939879
v 0.00597235 0.03250548 -0.00942362
v 0.00637152 0.03269397 -0.00940562
v 0.00636635 0.03270125 -0.00941388
v 0.00636107 0.03270877 -0.00942055
v 0.00631443 0.03265401 -0.00940209
v 0.00566066 0.03222262 -0.00937973
v 0.00565501 0.03223227 -0.00939018
v -0.00086134 0.02850765 -0.00933132
v -0.00061847 0.02863552 -0.00933425
v -0.00060823 0.02861621 -0.00933130
v -0.00059849 0.02859797 -0.00932362
v -0.00058975 0.02858168 -0.00931160
v -0.00058239 0.02856813 -0.00929583
v -0.00057681 0.02855800 -0.00927705
v -0.00057326 0.02855176 -0.00925620
v -0.00057192 0.02854972 -0.00923428
v -0.00081506 0.02842171 -0.00923136
v -0.00085116 0.02848831 -0.00932837
v -0.00084148 0.02847004 -0.00932070
v -0.00083278 0.02845372 -0.00930868
v -0.00082548 0.02844016 -0.00929290
v -0.00081992 0.02843000 -0.00927413
v -0.00081639 0.02842375 -0.00925328
v 0.00532639 0.03197528 -0.00930042
v 0.00532507 0.03197896 -0.00932776
v 0.00531995 0.03198840 -0.00935235
v 0.00531208 0.03200183 -0.00937199
v 0.00530112 0.03201983 -0.00938778
v 0.00529338 0.03203228 -0.00939450
v 0.00528510 0.03204543 -0.00939879
v 0.00510127 0.03183145 -0.00931053
v 0.00509931 0.03183375 -0.00933478
v 0.00509427 0.03184095 -0.00935759
v 0.00508645 0.03185263 -0.00937759
v 0.00507629 0.03186808 -0.00939358
v 0.00506443 0.03188638 -0.00940460
v 0.00505155 0.03190645 -0.00941001
v 0.00527776 0.03204084 -0.00939958
v -0.00061847 0.02863552 -0.00933425
v 0.00495066 0.03185156 -0.00940875
v 0.00496240 0.03183311 -0.00940581
v 0.00497356 0.03181568 -0.00939815
v 0.00498360 0.03180012 -0.00938613
v 0.00499202 0.03178721 -0.00937035
v 0.00499842 0.03177754 -0.00935158
v 0.00500249 0.03177162 -0.00933071
v 0.00500402 0.03176971 -0.00930878
v -0.00057192 0.02854972 -0.00923428
v -0.00060823 0.02861621 -0.00933130
v -0.00059849 0.02859797 -0.00932362
v -0.00058975 0.02858168 -0.00931160
v -0.00058239 0.02856813 -0.00929583
v -0.00057681 0.02855800 -0.00927705
v -0.00057326 0.02855176 -0.00925620
v 0.00510127 0.03183145 -0.00931053
v 0.00500402 0.03176971 -0.00930878
v 0.00495066 0.03185156 -0.00940875
v 0.00496240 0.03183311 -0.00940581
v 0.00497356 0.03181568 -0.00939815
v 0.00498360 0.03180012 -0.00938613
v 0.00499202 0.03178721 -0.00937035
v 0.00499842 0.03177754 -0.00935158
v 0.00500249 0.03177162 -0.00933071
v 0.00505155 0.03190645 -0.00941001
v 0.00509931 0.03183375 -0.00933478
v 0.00509427 0.03184095 -0.00935759
v 0.00508645 0.03185263 -0.00937759
v 0.00507629 0.03186808 -0.00939358
v 0.00506443 0.03188638 -0.00940460
v -0.00494391 0.02702664 -0.00833963
v -0.00494395 0.02702659 -0.00833467
v -0.00494399 0.02702656 -0.00832972
v -0.00494401 0.02702655 -0.00832476
v -0.00494950 0.02702747 -0.00832479
v -0.00372475 0.02705503 -0.00923508
v -0.00392577 0.02697091 -0.00913198
v -0.00411953 0.02692507 -0.00899716
v -0.00429975 0.02690726 -0.00883989
v -0.00447169 0.02691150 -0.00865712
v -0.00462628 0.02693688 -0.00846089
v -0.00494401 0.02702655 -0.00832476
v -0.00494391 0.02702664 -0.00833963
v -0.00494395 0.02702659 -0.00833467
v -0.00494399 0.02702656 -0.00832972
v -0.00485883 0.02703712 -0.00855638
v -0.00477005 0.02709111 -0.00876428
v -0.00468056 0.02719144 -0.00895498
v -0.00460511 0.02732179 -0.00910116
v -0.00454685 0.02746809 -0.00920482
v -0.00451015 0.02760134 -0.00926515
v -0.00448410 0.02774565 -0.00930435
v -0.00447564 0.02791344 -0.00932199
v -0.00408119 0.02774513 -0.00931691
v -0.00372142 0.02751105 -0.00931018
v -0.00340078 0.02722528 -0.00930217
v -0.00354735 0.02714839 -0.00928791
v -0.00363686 0.02710133 -0.00926635
v -0.00335725 0.02713796 -0.00920220
v -0.00349286 0.02707218 -0.00918946
v -0.00357584 0.02703207 -0.00917012
v -0.00365743 0.02699273 -0.00914205
v -0.00366584 0.02699179 -0.00916415
v -0.00367622 0.02699594 -0.00918502
v -0.00368797 0.02700497 -0.00920348
v -0.00370045 0.02701836 -0.00921850
v -0.00371294 0.02703537 -0.00922923
v -0.00372475 0.02705503 -0.00923508
v -0.00340078 0.02722528 -0.00930217
v -0.00354735 0.02714839 -0.00928791
v -0.00363686 0.02710133 -0.00926635
v -0.00339120 0.02720564 -0.00929920
v -0.00338210 0.02718709 -0.00929153
v -0.00337391 0.02717051 -0.00927951
v -0.00336705 0.02715674 -0.00926373
v -0.00336182 0.02714641 -0.00924496
v -0.00335850 0.02714004 -0.00922411
v -0.00351420 0.02709144 -0.00925654
v -0.00355828 0.02706949 -0.00924677
v -0.00360193 0.02704777 -0.00923467
v -0.00365743 0.02699273 -0.00914205
v -0.00386566 0.02691709 -0.00905199
v -0.00407021 0.02688265 -0.00893414
v -0.00426402 0.02687834 -0.00879607
v -0.00445255 0.02689751 -0.00863488
v -0.00462628 0.02693688 -0.00846089
v -0.00462628 0.02693688 -0.00846089
v -0.00372475 0.02705503 -0.00923508
v -0.00392577 0.02697091 -0.00913198
v -0.00411953 0.02692507 -0.00899716
v -0.00429975 0.02690726 -0.00883989
v -0.00447169 0.02691150 -0.00865712
v -0.00366584 0.02699179 -0.00916415
v -0.00367622 0.02699594 -0.00918502
v -0.00368797 0.02700497 -0.00920348
v -0.00370045 0.02701836 -0.00921850
v -0.00371294 0.02703537 -0.00922923
v -0.00389710 0.02692907 -0.00910099
v -0.00399920 0.02690742 -0.00903819
v -0.00365743 0.02699273 -0.00914205
v -0.00379601 0.02692612 -0.00821697
v -0.00388028 0.02688575 -0.00728363
v -0.00407120 0.02681721 -0.00728363
v -0.00427202 0.02678861 -0.00728363
v -0.00447448 0.02680112 -0.00728363
v -0.00467025 0.02685423 -0.00728363
v -0.00485128 0.02694576 -0.00728363
v -0.00480431 0.02694402 -0.00781672
v -0.00473060 0.02694115 -0.00814202
v -0.00462628 0.02693688 -0.00846089
v -0.00386566 0.02691709 -0.00905199
v -0.00407021 0.02688265 -0.00893414
v -0.00426402 0.02687834 -0.00879607
v -0.00445255 0.02689751 -0.00863488
v -0.00388028 0.02688575 -0.00728363
v -0.00388028 0.02688575 -0.00457138
v -0.00407120 0.02681721 -0.00457138
v -0.00427202 0.02678861 -0.00457138
v -0.00447448 0.02680112 -0.00457138
v -0.00467025 0.02685423 -0.00457138
v -0.00485128 0.02694576 -0.00457138
v -0.00485128 0.02694576 -0.00728363
v -0.00407120 0.02681721 -0.00728363
v -0.00427202 0.02678861 -0.00728363
v -0.00447448 0.02680112 -0.00728363
v -0.00467025 0.02685423 -0.00728363
v -0.00388028 0.02688575 -0.00457138
v -0.00379604 0.02692610 -0.00363822
v -0.00365743 0.02699273 -0.00271297
v -0.00386589 0.02691699 -0.00280312
v -0.00407043 0.02688262 -0.00292100
v -0.00426428 0.02687836 -0.00305916
v -0.00445281 0.02689755 -0.00322038
v -0.00462628 0.02693688 -0.00339413
v -0.00477882 0.02694304 -0.00390730
v -0.00483269 0.02694508 -0.00423596
v -0.00485128 0.02694576 -0.00457138
v -0.00407120 0.02681721 -0.00457138
v -0.00427202 0.02678861 -0.00457138
v -0.00447448 0.02680112 -0.00457138
v -0.00467025 0.02685423 -0.00457138
v -0.00372475 0.02705503 -0.00261994
v -0.00392605 0.02697079 -0.00272319
v -0.00411983 0.02692500 -0.00285809
v -0.00429995 0.02690733 -0.00301522
v -0.00447144 0.02691174 -0.00319730
v -0.00462628 0.02693688 -0.00339413
v -0.00462628 0.02693688 -0.00339413
v -0.00365743 0.02699273 -0.00271297
v -0.00386589 0.02691699 -0.00280312
v -0.00407043 0.02688262 -0.00292100
v -0.00426428 0.02687836 -0.00305916
v -0.00445281 0.02689755 -0.00322038
v -0.00366584 0.02699179 -0.00269086
v -0.00367622 0.02699594 -0.00267000
v -0.00368797 0.02700497 -0.00265154
v -0.00370045 0.02701836 -0.00263652
v -0.00371294 0.02703537 -0.00262579
v -0.00389736 0.02692901 -0.00275417
v -0.00399908 0.02690745 -0.00281676
v -0.00335725 0.02713796 -0.00265282
v -0.00335850 0.02714004 -0.00263091
v -0.00336182 0.02714641 -0.00261006
v -0.00336705 0.02715674 -0.00259129
v -0.00337391 0.02717051 -0.00257551
v -0.00338210 0.02718709 -0.00256349
v -0.00339120 0.02720564 -0.00255581
v -0.00340078 0.02722528 -0.00255285
v -0.00354735 0.02714839 -0.00256711
v -0.00363686 0.02710133 -0.00258867
v -0.00372475 0.02705503 -0.00261994
v -0.00365743 0.02699273 -0.00271297
v -0.00366584 0.02699179 -0.00269086
v -0.00367622 0.02699594 -0.00267000
v -0.00368797 0.02700497 -0.00265154
v -0.00370045 0.02701836 -0.00263652
v -0.00371294 0.02703537 -0.00262579
v -0.00352622 0.02705604 -0.00267225
v -0.00344242 0.02709661 -0.00265815
v -0.00348754 0.02710473 -0.00259374
v -0.00353188 0.02708263 -0.00260211
v -0.00357579 0.02706077 -0.00261281
v -0.00340078 0.02722528 -0.00255285
v -0.00354735 0.02714839 -0.00256711
v -0.00363686 0.02710133 -0.00258867
v -0.00372475 0.02705503 -0.00261994
v -0.00372142 0.02751105 -0.00254484
v -0.00408119 0.02774513 -0.00253810
v -0.00447564 0.02791344 -0.00253303
v -0.00448410 0.02774565 -0.00255067
v -0.00452320 0.02754805 -0.00261079
v -0.00458186 0.02737375 -0.00271144
v -0.00465423 0.02723131 -0.00284753
v -0.00473332 0.02712621 -0.00301050
v -0.00481405 0.02705893 -0.00319224
v -0.00488035 0.02703064 -0.00335233
v -0.00494391 0.02702664 -0.00351539
v -0.00494395 0.02702659 -0.00352035
v -0.00494399 0.02702656 -0.00352530
v -0.00494401 0.02702655 -0.00353026
v -0.00462628 0.02693688 -0.00339413
v -0.00392605 0.02697079 -0.00272319
v -0.00411983 0.02692500 -0.00285809
v -0.00429995 0.02690733 -0.00301522
v -0.00447144 0.02691174 -0.00319730
v -0.00494391 0.02702664 -0.00351539
v -0.00494950 0.02702747 -0.00353022
v -0.00494401 0.02702655 -0.00353026
v -0.00494395 0.02702659 -0.00352035
v -0.00494399 0.02702656 -0.00352530
v 0.00544053 -0.00844124 -0.00953986
v 0.00542787 -0.00842766 -0.00971920
v 0.00538993 -0.00838695 -0.00989366
v 0.00532852 -0.00832108 -0.01005473
v 0.00524189 -0.00825787 -0.01019340
v 0.00512429 -0.00821296 -0.01031459
v 0.00498219 -0.00818154 -0.01041285
v 0.00482292 -0.00815941 -0.01048378
v 0.00465340 -0.00814368 -0.01052635
v 0.00447948 -0.00813143 -0.01054021
v 0.00647431 -0.00203207 -0.01038425
v 0.00686779 -0.00216295 -0.01029867
v 0.00674110 -0.00212028 -0.01034682
v 0.00660904 -0.00207636 -0.01037554
v 0.00742648 -0.00236904 -0.00938460
v 0.00740301 -0.00235552 -0.00961326
v 0.00733038 -0.00232623 -0.00982980
v 0.00721246 -0.00228273 -0.01002274
v 0.00705549 -0.00222733 -0.01018184
v 0.00447948 -0.00813143 -0.00131480
v 0.00473229 -0.00815030 -0.00134463
v 0.00494683 -0.00817574 -0.00142338
v 0.00509357 -0.00820472 -0.00151563
v 0.00520460 -0.00824059 -0.00161768
v 0.00527405 -0.00827635 -0.00170544
v 0.00532852 -0.00832108 -0.00180028
v 0.00538993 -0.00838695 -0.00196136
v 0.00542787 -0.00842766 -0.00213582
v 0.00544053 -0.00844124 -0.00231516
v 0.00742648 -0.00236904 -0.00247042
v 0.00647431 -0.00203207 -0.00147076
v 0.00668714 -0.00210227 -0.00149396
v 0.00688926 -0.00217023 -0.00156672
v 0.00707040 -0.00223251 -0.00168536
v 0.00722137 -0.00228594 -0.00184386
v 0.00733450 -0.00232781 -0.00203416
v 0.00740404 -0.00235598 -0.00224661
v -0.00809611 0.00366780 -0.00164465
v -0.00435014 0.00256714 -0.00160948
v -0.00081484 0.00131999 -0.00157084
v -0.00073603 0.00152386 -0.00160036
v -0.00066097 0.00171654 -0.00167707
v -0.00059330 0.00188865 -0.00179725
v -0.00053634 0.00203184 -0.00195504
v -0.00049283 0.00213912 -0.00214276
v -0.00046491 0.00220529 -0.00235130
v -0.00045392 0.00222713 -0.00257049
v -0.00474507 0.00371600 -0.00261608
v -0.00936758 0.00500157 -0.00265707
v -0.00921354 0.00493193 -0.00241021
v -0.00905005 0.00480633 -0.00219346
v -0.00888021 0.00464067 -0.00201263
v -0.00870510 0.00444488 -0.00186799
v -0.00846918 0.00415596 -0.00173258
v -0.00828300 0.00391532 -0.00167012
v -0.00170495 0.00251726 -0.00203185
v -0.00173971 0.00242540 -0.00190651
v -0.00234122 0.00261932 -0.00189203
v -0.00237247 0.00253327 -0.00180915
v -0.00240436 0.00244489 -0.00174259
v -0.00311611 0.00305630 -0.00211684
v -0.00448535 0.00333590 -0.00191432
v -0.00568546 0.00348369 -0.00175990
v -0.00656849 0.00409845 -0.00210031
v -0.00700554 0.00392869 -0.00181041
v -0.00637087 0.00390590 -0.00193234
v -0.00646868 0.00400830 -0.00201501
v -0.00713188 0.00407848 -0.00189923
v -0.00371987 0.00286562 -0.00174043
v -0.00518062 0.00371980 -0.00213753
v -0.00081484 0.00131999 -0.00157084
v -0.00051603 0.00136404 -0.00157147
v -0.00020087 0.00134513 -0.00157044
v 0.00011021 0.00125794 -0.00156763
v 0.00039540 0.00110616 -0.00156318
v 0.00063640 0.00090218 -0.00155743
v 0.00082208 0.00066396 -0.00155089
v 0.00090654 0.00086562 -0.00158036
v 0.00098697 0.00105619 -0.00165703
v 0.00105945 0.00122640 -0.00177719
v 0.00112046 0.00136796 -0.00193499
v 0.00116704 0.00147400 -0.00212274
v 0.00119692 0.00153935 -0.00233131
v 0.00120864 0.00156083 -0.00255055
v -0.00045392 0.00222713 -0.00257049
v -0.00073603 0.00152386 -0.00160036
v -0.00066097 0.00171654 -0.00167707
v -0.00059330 0.00188865 -0.00179725
v -0.00053634 0.00203184 -0.00195504
v -0.00049283 0.00213912 -0.00214276
v -0.00046491 0.00220529 -0.00235130
v 0.00082208 0.00066396 -0.00155089
v 0.00367676 -0.00061107 -0.00151269
v 0.00647431 -0.00203207 -0.00147076
v 0.00657858 -0.00183967 -0.00149999
v 0.00667785 -0.00165793 -0.00157653
v 0.00676729 -0.00149569 -0.00169663
v 0.00684253 -0.00136088 -0.00185445
v 0.00689991 -0.00126005 -0.00204230
v 0.00693663 -0.00119813 -0.00225101
v 0.00695088 -0.00117813 -0.00247042
v 0.00410966 0.00026500 -0.00251233
v 0.00120864 0.00156083 -0.00255055
v 0.00090654 0.00086562 -0.00158036
v 0.00098697 0.00105619 -0.00165703
v 0.00105945 0.00122640 -0.00177719
v 0.00112046 0.00136796 -0.00193499
v 0.00116704 0.00147400 -0.00212274
v 0.00119692 0.00153935 -0.00233131
v 0.00491520 -0.00047349 -0.00177389
v 0.00397862 0.00001196 -0.00181341
v 0.00303279 0.00048129 -0.00185349
v -0.00936758 0.00500157 -0.00919795
v -0.00474936 0.00371733 -0.00923890
v -0.00045392 0.00222713 -0.00928453
v -0.00046491 0.00220529 -0.00950372
v -0.00049283 0.00213912 -0.00971226
v -0.00053634 0.00203184 -0.00989998
v -0.00059330 0.00188865 -0.01005777
v -0.00066097 0.00171654 -0.01017795
v -0.00073603 0.00152386 -0.01025466
v -0.00081484 0.00131999 -0.01028418
v -0.00434643 0.00256594 -0.01024558
v -0.00809611 0.00366780 -0.01021037
v -0.00845603 0.00413926 -0.01012810
v -0.00877447 0.00452477 -0.00993444
v -0.00902495 0.00478379 -0.00969099
v -0.00920168 0.00492431 -0.00946206
v -0.00173848 0.00242495 -0.00994852
v -0.00170371 0.00251681 -0.00982318
v -0.00240251 0.00244423 -0.01011245
v -0.00237061 0.00253261 -0.01004589
v -0.00233936 0.00261867 -0.00996300
v -0.00311628 0.00305636 -0.00973818
v -0.00448562 0.00333598 -0.00994070
v -0.00568563 0.00348375 -0.01009512
v -0.00656355 0.00409304 -0.00976083
v -0.00706512 0.00399885 -0.01000626
v -0.00637303 0.00390652 -0.00992266
v -0.00371809 0.00286503 -0.01011461
v -0.00518286 0.00372049 -0.00971747
v 0.00742648 -0.00236904 -0.00247042
v 0.00747248 -0.00214216 -0.00247042
v 0.00746509 -0.00191079 -0.00247042
v 0.00740470 -0.00168732 -0.00247042
v 0.00729455 -0.00148372 -0.00247042
v 0.00714051 -0.00131090 -0.00247042
v 0.00695088 -0.00117813 -0.00247042
v 0.00647431 -0.00203207 -0.00147076
v 0.00657858 -0.00183967 -0.00149999
v 0.00667785 -0.00165793 -0.00157653
v 0.00676729 -0.00149569 -0.00169663
v 0.00684253 -0.00136088 -0.00185445
v 0.00689991 -0.00126005 -0.00204230
v 0.00693663 -0.00119813 -0.00225101
v 0.00668714 -0.00210227 -0.00149396
v 0.00688926 -0.00217023 -0.00156672
v 0.00707040 -0.00223251 -0.00168536
v 0.00722137 -0.00228594 -0.00184386
v 0.00733450 -0.00232781 -0.00203416
v 0.00740404 -0.00235598 -0.00224661
v 0.00668843 -0.00181581 -0.00152378
v 0.00696569 -0.00188994 -0.00161490
v 0.00720187 -0.00195310 -0.00179066
v 0.00686482 -0.00154295 -0.00170664
v 0.00737364 -0.00199903 -0.00203366
v 0.00708242 -0.00160114 -0.00181974
v 0.00746400 -0.00202319 -0.00231987
v 0.00725532 -0.00164737 -0.00199722
v 0.00693001 -0.00131461 -0.00197952
v 0.00736641 -0.00167708 -0.00222151
v 0.00706554 -0.00135085 -0.00208037
v 0.00716409 -0.00137721 -0.00221980
v 0.00721594 -0.00139107 -0.00238403
v -0.00045392 0.00222713 -0.00928453
v 0.00120864 0.00156083 -0.00930447
v 0.00119692 0.00153935 -0.00952371
v 0.00116704 0.00147400 -0.00973228
v 0.00112046 0.00136796 -0.00992003
v 0.00105945 0.00122640 -0.01007782
v 0.00098697 0.00105619 -0.01019798
v 0.00090654 0.00086562 -0.01027466
v 0.00082208 0.00066396 -0.01030413
v 0.00063640 0.00090218 -0.01029759
v 0.00039540 0.00110616 -0.01029184
v 0.00011021 0.00125794 -0.01028739
v -0.00020087 0.00134513 -0.01028458
v -0.00051603 0.00136404 -0.01028354
v -0.00081484 0.00131999 -0.01028418
v -0.00046491 0.00220529 -0.00950372
v -0.00049283 0.00213912 -0.00971226
v -0.00053634 0.00203184 -0.00989998
v -0.00059330 0.00188865 -0.01005777
v -0.00066097 0.00171654 -0.01017795
v -0.00073603 0.00152386 -0.01025466
v 0.00742648 -0.00236904 -0.00247042
v 0.00742648 -0.00236904 -0.00340426
v 0.00747248 -0.00214216 -0.00340426
v 0.00746509 -0.00191079 -0.00340426
v 0.00740470 -0.00168732 -0.00340426
v 0.00729455 -0.00148372 -0.00340426
v 0.00714051 -0.00131090 -0.00340426
v 0.00695088 -0.00117813 -0.00340426
v 0.00695088 -0.00117813 -0.00247042
v 0.00747248 -0.00214216 -0.00247042
v 0.00746509 -0.00191079 -0.00247042
v 0.00740470 -0.00168732 -0.00247042
v 0.00729455 -0.00148372 -0.00247042
v 0.00714051 -0.00131090 -0.00247042
v 0.00120864 0.00156083 -0.00930447
v 0.00411334 0.00026332 -0.00934274
v 0.00695088 -0.00117813 -0.00938460
v 0.00693663 -0.00119813 -0.00960401
v 0.00689991 -0.00126005 -0.00981272
v 0.00684253 -0.00136088 -0.01000057
v 0.00676729 -0.00149569 -0.01015839
v 0.00667785 -0.00165793 -0.01027849
v 0.00657858 -0.00183967 -0.01035503
v 0.00647431 -0.00203207 -0.01038425
v 0.00367676 -0.00061107 -0.01034233
v 0.00082208 0.00066396 -0.01030413
v 0.00119692 0.00153935 -0.00952371
v 0.00116704 0.00147400 -0.00973228
v 0.00112046 0.00136796 -0.00992003
v 0.00105945 0.00122640 -0.01007782
v 0.00098697 0.00105619 -0.01019798
v 0.00090654 0.00086562 -0.01027466
v 0.00491641 -0.00047409 -0.01008115
v 0.00398044 0.00001109 -0.01004163
v 0.00303401 0.00048073 -0.01000155
v 0.00742648 -0.00236904 -0.00340426
v 0.00743702 -0.00236860 -0.00350332
v 0.00746237 -0.00238443 -0.00359767
v 0.00748774 -0.00240446 -0.00365761
v 0.00752178 -0.00243408 -0.00371690
v 0.00755754 -0.00246730 -0.00376425
v 0.00760562 -0.00251447 -0.00381198
v 0.00766393 -0.00257467 -0.00385255
v 0.00772498 -0.00264061 -0.00387930
v 0.00777082 -0.00269191 -0.00389027
v 0.00781642 -0.00274453 -0.00389381
v 0.00807958 -0.00263695 -0.00390775
v 0.00812377 -0.00261449 -0.00391304
v 0.00817562 -0.00257581 -0.00392726
v 0.00824607 -0.00251451 -0.00395947
v 0.00831452 -0.00244375 -0.00401142
v 0.00835742 -0.00238679 -0.00406422
v 0.00838540 -0.00232900 -0.00412568
v 0.00839795 -0.00229068 -0.00417066
v 0.00815026 -0.00202498 -0.00434805
v 0.00789794 -0.00175433 -0.00451292
v 0.00778268 -0.00164863 -0.00461474
v 0.00765201 -0.00156199 -0.00471148
v 0.00739758 -0.00142141 -0.00451259
v 0.00719022 -0.00130792 -0.00425235
v 0.00704234 -0.00122758 -0.00394428
v 0.00697391 -0.00119056 -0.00367922
v 0.00695088 -0.00117813 -0.00340426
v 0.00747248 -0.00214216 -0.00340426
v 0.00746509 -0.00191079 -0.00340426
v 0.00740470 -0.00168732 -0.00340426
v 0.00729455 -0.00148372 -0.00340426
v 0.00714051 -0.00131090 -0.00340426
v 0.00772664 -0.00201464 -0.00398692
v 0.00747746 -0.00160170 -0.00398356
v 0.00776236 -0.00203940 -0.00401085
v 0.00780633 -0.00207023 -0.00403527
v 0.00744207 -0.00231651 -0.00938460
v 0.00743719 -0.00233411 -0.00938460
v 0.00743200 -0.00235163 -0.00938460
v 0.00742648 -0.00236904 -0.00938460
v 0.00740301 -0.00235552 -0.00961326
v 0.00733038 -0.00232623 -0.00982980
v 0.00721246 -0.00228273 -0.01002274
v 0.00705549 -0.00222733 -0.01018184
v 0.00686779 -0.00216295 -0.01029867
v 0.00705929 -0.00221416 -0.01018175
v 0.00721989 -0.00225710 -0.01002262
v 0.00734110 -0.00228951 -0.00982970
v 0.00741649 -0.00230967 -0.00961320
v 0.00789794 -0.00175433 -0.00451292
v 0.00789794 -0.00175433 -0.00734209
v 0.00778268 -0.00164863 -0.00724028
v 0.00765201 -0.00156199 -0.00714354
v 0.00765201 -0.00156199 -0.00471148
v 0.00778268 -0.00164863 -0.00461474
v 0.00695088 -0.00117813 -0.00938460
v 0.00695088 -0.00117813 -0.00845076
v 0.00714051 -0.00131090 -0.00845076
v 0.00729455 -0.00148372 -0.00845076
v 0.00740470 -0.00168732 -0.00845076
v 0.00746509 -0.00191079 -0.00845076
v 0.00747248 -0.00214216 -0.00845076
v 0.00742648 -0.00236904 -0.00845076
v 0.00742648 -0.00236904 -0.00938460
v 0.00744207 -0.00231651 -0.00938460
v 0.00743719 -0.00233411 -0.00938460
v 0.00743200 -0.00235163 -0.00938460
v 0.00713366 -0.00130486 -0.00938460
v 0.00728391 -0.00146886 -0.00938460
v 0.00739419 -0.00166201 -0.00938460
v 0.00745905 -0.00187476 -0.00938460
v 0.00747527 -0.00209658 -0.00938460
v 0.00789794 -0.00175433 -0.00734209
v 0.00815026 -0.00202498 -0.00750697
v 0.00839795 -0.00229068 -0.00768436
v 0.00838540 -0.00232900 -0.00772933
v 0.00835311 -0.00239351 -0.00779747
v 0.00830294 -0.00245684 -0.00785443
v 0.00825089 -0.00250994 -0.00789267
v 0.00818069 -0.00257168 -0.00792596
v 0.00813319 -0.00260821 -0.00794000
v 0.00810594 -0.00262492 -0.00794485
v 0.00807958 -0.00263695 -0.00794727
v 0.00781642 -0.00274453 -0.00796120
v 0.00772623 -0.00264198 -0.00797532
v 0.00763796 -0.00254750 -0.00801853
v 0.00756477 -0.00247422 -0.00808259
v 0.00750771 -0.00242155 -0.00816054
v 0.00747854 -0.00239693 -0.00821700
v 0.00745526 -0.00237936 -0.00827848
v 0.00743979 -0.00236989 -0.00833768
v 0.00743065 -0.00236678 -0.00839371
v 0.00742648 -0.00236904 -0.00845076
v 0.00695088 -0.00117813 -0.00845076
v 0.00714051 -0.00131090 -0.00845076
v 0.00729455 -0.00148372 -0.00845076
v 0.00740470 -0.00168732 -0.00845076
v 0.00746509 -0.00191079 -0.00845076
v 0.00747248 -0.00214216 -0.00845076
v 0.00698806 -0.00119821 -0.00810260
v 0.00709770 -0.00125760 -0.00777394
v 0.00727253 -0.00135285 -0.00748441
v 0.00744829 -0.00144931 -0.00729456
v 0.00765201 -0.00156199 -0.00714354
v 0.00778268 -0.00164863 -0.00724028
v 0.00747746 -0.00160170 -0.00787146
v 0.00771166 -0.00200433 -0.00787934
v 0.00776923 -0.00204420 -0.00783999
v 0.00783411 -0.00208990 -0.00780693
v -0.00193635 0.03054547 0.00015596
v -0.00193655 0.03053927 0.00015609
v -0.00200921 0.03051756 0.00012836
v -0.00234788 0.03041441 0.00007249
v -0.00234395 0.03040216 0.00007539
v -0.00234078 0.03039227 0.00008353
v -0.00233899 0.03038666 0.00009534
v -0.00296346 0.03021703 0.00007249
v -0.00234788 0.03041441 0.00007249
v -0.00214305 0.03047717 0.00009256
v -0.00214036 0.03046691 0.00009531
v -0.00213883 0.03045808 0.00010162
v -0.00213865 0.03045186 0.00011064
v -0.00213985 0.03044909 0.00012117
v -0.00219706 0.03043100 0.00011154
v -0.00233899 0.03038666 0.00009534
v -0.00234395 0.03040216 0.00007539
v -0.00234078 0.03039227 0.00008353
v -0.00216745 0.03044528 0.00010084
v -0.00216785 0.03044904 0.00009619
v -0.00226796 0.03041311 0.00008931
v -0.00226893 0.03041737 0.00008381
v -0.00214305 0.03047717 0.00009256
v -0.00214036 0.03046691 0.00009531
v -0.00213883 0.03045808 0.00010162
v -0.00213865 0.03045186 0.00011064
v -0.00213985 0.03044909 0.00012117
v -0.00200921 0.03051756 0.00012836
v -0.00200687 0.03050562 0.00013241
v -0.00200675 0.03049601 0.00014090
v -0.00200890 0.03049047 0.00015227
v -0.00210763 0.03045923 0.00012806
v -0.00205590 0.03048324 0.00012247
v -0.00212220 0.03045931 0.00010986
v -0.00212238 0.03046294 0.00010532
v -0.00200921 0.03051756 0.00012836
v -0.00193655 0.03053927 0.00015609
v -0.00193481 0.03052923 0.00015927
v -0.00193479 0.03052059 0.00016553
v -0.00193651 0.03051443 0.00017407
v -0.00200890 0.03049047 0.00015227
v -0.00200687 0.03050562 0.00013241
v -0.00200675 0.03049601 0.00014090
v -0.00193655 0.03053927 0.00015609
v -0.00165383 0.03062699 0.00026549
v -0.00193651 0.03051443 0.00017407
v -0.00193481 0.03052923 0.00015927
v -0.00193479 0.03052059 0.00016553
v -0.00296346 0.03021703 0.00007249
v -0.00233899 0.03038666 0.00009534
v -0.00296346 0.03021703 0.00007249
v -0.00233454 0.03035963 0.00011784
v -0.00233897 0.03038095 0.00010651
v -0.00233739 0.03037138 0.00011448
v -0.00233899 0.03038666 0.00009534
v -0.00233897 0.03038095 0.00010651
v -0.00233739 0.03037138 0.00011448
v -0.00233454 0.03035963 0.00011784
v -0.00219333 0.03040333 0.00014024
v -0.00219706 0.03043100 0.00011154
v -0.00219805 0.03042832 0.00012205
v -0.00219769 0.03042221 0.00013108
v -0.00219605 0.03041350 0.00013742
v -0.00219706 0.03043100 0.00011154
v -0.00219805 0.03042832 0.00012205
v -0.00219769 0.03042221 0.00013108
v -0.00219605 0.03041350 0.00013742
v -0.00219333 0.03040333 0.00014024
v -0.00210451 0.03043166 0.00015665
v -0.00210763 0.03045923 0.00012806
v -0.00210880 0.03045651 0.00013848
v -0.00210863 0.03045042 0.00014744
v -0.00210713 0.03044177 0.00015377
v -0.00210763 0.03045923 0.00012806
v -0.00210880 0.03045651 0.00013848
v -0.00210863 0.03045042 0.00014744
v -0.00210713 0.03044177 0.00015377
v -0.00210451 0.03043166 0.00015665
v -0.00200544 0.03046372 0.00017707
v -0.00200890 0.03049047 0.00015227
v -0.00200975 0.03048524 0.00016417
v -0.00200852 0.03047571 0.00017300
v -0.00200890 0.03049047 0.00015227
v -0.00200975 0.03048524 0.00016417
v -0.00200852 0.03047571 0.00017300
v -0.00200544 0.03046372 0.00017707
v -0.00193174 0.03048986 0.00019366
v -0.00193651 0.03051443 0.00017407
v -0.00193649 0.03050858 0.00018351
v -0.00193482 0.03050000 0.00019035
v -0.00165383 0.03062699 0.00026549
v -0.00165297 0.03062518 0.00026589
v -0.00193651 0.03051443 0.00017407
v -0.00193649 0.03050858 0.00018351
v -0.00193482 0.03050000 0.00019035
v -0.00193174 0.03048986 0.00019366
v -0.00168983 0.03059908 0.00025579
v -0.00178836 0.03055050 0.00022908
v -0.00186330 0.03053068 0.00020651
v 0.00016701 0.00123456 -0.01182751
v 0.00017709 0.00122924 -0.01184057
v -0.00101079 0.00125593 -0.01182751
v -0.00066058 0.00135043 -0.01183376
v -0.00029057 0.00135733 -0.01183819
v -0.00004918 0.00131166 -0.01183990
v -0.00066374 0.00135024 -0.01182751
v -0.00029717 0.00135854 -0.01182751
v -0.00005778 0.00131466 -0.01182751
v 0.00814362 0.00919559 -0.00759174
v 0.00814362 0.00919559 -0.00426328
v 0.00813225 0.00864646 -0.00425791
v 0.00808679 0.00830537 -0.00425460
v 0.00801246 0.00797042 -0.00425136
v 0.00801246 0.00797042 -0.00760366
v 0.00813225 0.00864646 -0.00759711
v 0.00808679 0.00830537 -0.00760042
v 0.00564222 0.00914097 -0.01009088
v 0.00520518 0.01824134 -0.00985234
v 0.00556965 0.00860281 -0.01010482
v 0.00562613 0.00883848 -0.01009876
v 0.00564184 0.00898963 -0.01009483
v 0.00533508 0.00788547 -0.01012316
v 0.00515578 0.00799607 -0.01011996
v 0.00282175 0.01427908 -0.00995179
v 0.00229095 0.01313555 -0.00998076
v 0.00216808 0.01251066 -0.00999688
v 0.00218821 0.01174141 -0.01001702
v 0.00235736 0.01104588 -0.01003548
v 0.00264695 0.01039080 -0.01005309
v 0.00303210 0.00979153 -0.01006941
v 0.00366793 0.00908250 -0.01008903
v 0.00438208 0.00849977 -0.01010548
v 0.00477962 0.01821345 -0.00985234
v 0.00518956 0.01919057 -0.00907751
v 0.00566074 0.01922145 -0.00907751
v 0.00561009 0.02027630 -0.00910516
v 0.00732947 0.02614840 -0.00725588
v 0.00732947 0.02614840 -0.00459914
v 0.00765586 0.01935220 -0.00707774
v 0.00766791 0.01910121 -0.00733209
v 0.00814362 0.00919559 -0.00759174
v 0.00814362 0.00919559 -0.00426328
v 0.00766791 0.01910121 -0.00452293
v 0.00765586 0.01935220 -0.00477728
v 0.00754516 0.00652209 -0.00421768
v 0.00754516 0.00652209 -0.00763734
v 0.00795013 0.00776050 -0.00424934
v 0.00795013 0.00776050 -0.00760567
v 0.00765586 0.01935220 -0.00707774
v 0.00764029 0.01935118 -0.00732710
v 0.00759384 0.01934814 -0.00757256
v 0.00744749 0.01933855 -0.00796762
v 0.00720849 0.01932288 -0.00833974
v 0.00688467 0.01930166 -0.00865710
v 0.00649775 0.01927630 -0.00889307
v 0.00607888 0.01924886 -0.00903311
v 0.00566074 0.01922145 -0.00907751
v 0.00561009 0.02027630 -0.00910516
v 0.00732947 0.02614840 -0.00725588
v 0.00732574 0.02613252 -0.00738798
v 0.00731545 0.02608885 -0.00751267
v 0.00729999 0.02602334 -0.00762761
v 0.00727379 0.02591272 -0.00776334
v 0.00722697 0.02571645 -0.00793580
v 0.00711445 0.02525287 -0.00821519
v 0.00695954 0.02463596 -0.00847147
v 0.00652338 0.02304151 -0.00888116
v 0.00608643 0.02163615 -0.00906531
v 0.00801246 0.00797042 -0.00425136
v 0.00795013 0.00776050 -0.00424934
v 0.00795013 0.00776050 -0.00760567
v 0.00801246 0.00797042 -0.00760366
v 0.00556965 0.00860281 -0.01010482
v 0.00610176 0.00842733 -0.01004683
v 0.00660707 0.00825745 -0.00986492
v 0.00705992 0.00810178 -0.00956832
v 0.00743734 0.00796823 -0.00917209
v 0.00772016 0.00786358 -0.00869633
v 0.00789403 0.00779315 -0.00816520
v 0.00795013 0.00776050 -0.00760567
v 0.00754516 0.00652209 -0.00763734
v 0.00533508 0.00788547 -0.01012316
v 0.00586954 0.00755577 -0.01005717
v 0.00635555 0.00725595 -0.00985436
v 0.00675904 0.00700704 -0.00955185
v 0.00709675 0.00679871 -0.00915088
v 0.00734468 0.00664576 -0.00868153
v 0.00749263 0.00655450 -0.00818159
v 0.00753250 0.00652990 -0.00790589
v 0.00556965 0.00860281 -0.01010482
v 0.00562613 0.00883848 -0.01009876
v 0.00564184 0.00898963 -0.01009483
v 0.00564222 0.00914097 -0.01009088
v 0.00619815 0.00916603 -0.01002844
v 0.00672639 0.00918656 -0.00984374
v 0.00720046 0.00920152 -0.00954605
v 0.00759657 0.00921017 -0.00915031
v 0.00789482 0.00921208 -0.00867637
v 0.00808027 0.00920713 -0.00814801
v 0.00814362 0.00919559 -0.00759174
v 0.00813225 0.00864646 -0.00759711
v 0.00808679 0.00830537 -0.00760042
v 0.00801246 0.00797042 -0.00760366
v 0.00795013 0.00776050 -0.00760567
v 0.00610176 0.00842733 -0.01004683
v 0.00660707 0.00825745 -0.00986492
v 0.00705992 0.00810178 -0.00956832
v 0.00743734 0.00796823 -0.00917209
v 0.00772016 0.00786358 -0.00869633
v 0.00789403 0.00779315 -0.00816520
v 0.00564222 0.00914097 -0.01009088
v 0.00619815 0.00916603 -0.01002844
v 0.00672639 0.00918656 -0.00984374
v 0.00720046 0.00920152 -0.00954605
v 0.00759657 0.00921017 -0.00915031
v 0.00789482 0.00921208 -0.00867637
v 0.00808027 0.00920713 -0.00814801
v 0.00814362 0.00919559 -0.00759174
v 0.00520518 0.01824134 -0.00985234
v 0.00606615 0.01831643 -0.00969794
v 0.00569107 0.01827611 -0.00980440
v 0.00544983 0.01825704 -0.00984033
v 0.00766791 0.01910121 -0.00733209
v 0.00764235 0.01890866 -0.00775268
v 0.00754107 0.01875870 -0.00817468
v 0.00736264 0.01863320 -0.00858090
v 0.00711188 0.01852850 -0.00895117
v 0.00679427 0.01844087 -0.00927341
v 0.00645051 0.01837333 -0.00951593
v 0.00766791 0.01910121 -0.00733209
v 0.00765687 0.01918575 -0.00741376
v 0.00763207 0.01926844 -0.00749429
v 0.00759384 0.01934814 -0.00757256
v 0.00765586 0.01935220 -0.00707774
v 0.00764029 0.01935118 -0.00732710
v 0.00765586 0.01935220 -0.00707774
v 0.00766791 0.01910121 -0.00733209
v 0.00764235 0.01890866 -0.00775268
v 0.00754107 0.01875870 -0.00817468
v 0.00736264 0.01863320 -0.00858090
v 0.00711188 0.01852850 -0.00895117
v 0.00679427 0.01844087 -0.00927341
v 0.00645051 0.01837333 -0.00951593
v 0.00606615 0.01831643 -0.00969794
v 0.00602158 0.01851887 -0.00968235
v 0.00596411 0.01871078 -0.00962690
v 0.00589621 0.01888388 -0.00953398
v 0.00582081 0.01903069 -0.00940760
v 0.00574118 0.01914486 -0.00925322
v 0.00566074 0.01922145 -0.00907751
v 0.00759384 0.01934814 -0.00757256
v 0.00744749 0.01933855 -0.00796762
v 0.00720849 0.01932288 -0.00833974
v 0.00688467 0.01930166 -0.00865710
v 0.00649775 0.01927630 -0.00889307
v 0.00607888 0.01924886 -0.00903311
v 0.00765687 0.01918575 -0.00741376
v 0.00763207 0.01926844 -0.00749429
v 0.00687120 0.01895591 -0.00901355
v 0.00649928 0.01875101 -0.00938763
v 0.00648992 0.01891838 -0.00929031
v 0.00632349 0.01890646 -0.00937838
v 0.00606615 0.01831643 -0.00969794
v 0.00602158 0.01851887 -0.00968235
v 0.00596411 0.01871078 -0.00962690
v 0.00589621 0.01888388 -0.00953398
v 0.00582081 0.01903069 -0.00940760
v 0.00574118 0.01914486 -0.00925322
v 0.00566074 0.01922145 -0.00907751
v 0.00569107 0.01827611 -0.00980440
v 0.00544983 0.01825704 -0.00984033
v 0.00520518 0.01824134 -0.00985234
v 0.00519164 0.01844798 -0.00982510
v 0.00517876 0.01864447 -0.00975543
v 0.00516711 0.01882224 -0.00964638
v 0.00515720 0.01897351 -0.00950270
v 0.00514945 0.01909171 -0.00933066
v 0.00518956 0.01919057 -0.00907751
v 0.00517312 0.01914995 -0.00920754
v 0.00520518 0.01824134 -0.00985234
v 0.00477962 0.01821345 -0.00985234
v 0.00514945 0.01909171 -0.00933066
v 0.00509152 0.01895023 -0.00952422
v 0.00501694 0.01877033 -0.00967683
v 0.00493057 0.01856502 -0.00978285
v 0.00485677 0.01839202 -0.00983261
v 0.00519164 0.01844798 -0.00982510
v 0.00517876 0.01864447 -0.00975543
v 0.00516711 0.01882224 -0.00964638
v 0.00515720 0.01897351 -0.00950270
v 0.00533508 0.00788547 -0.00173186
v 0.00515578 0.00799607 -0.00173506
v 0.00556965 0.00860281 -0.00175020
v 0.00562613 0.00883848 -0.00175626
v 0.00564184 0.00898963 -0.00176019
v 0.00564222 0.00914097 -0.00176414
v 0.00520518 0.01824134 -0.00200268
v 0.00477962 0.01821345 -0.00200268
v 0.00282175 0.01427908 -0.00190323
v 0.00378701 0.00897327 -0.00176293
v 0.00288335 0.01000089 -0.00179133
v 0.00240652 0.01091115 -0.00181593
v 0.00218859 0.01173878 -0.00183793
v 0.00216794 0.01250921 -0.00185810
v 0.00233152 0.01326119 -0.00187747
v 0.00255325 0.01378121 -0.00189068
v 0.00566074 0.01922145 -0.00277751
v 0.00561009 0.02027630 -0.00274986
v 0.00518956 0.01919057 -0.00277751
v 0.00759384 0.01934814 -0.00428246
v 0.00744749 0.01933855 -0.00388740
v 0.00720849 0.01932288 -0.00351528
v 0.00688467 0.01930166 -0.00319792
v 0.00649775 0.01927630 -0.00296195
v 0.00607888 0.01924886 -0.00282190
v 0.00566074 0.01922145 -0.00277751
v 0.00765586 0.01935220 -0.00477728
v 0.00764029 0.01935118 -0.00452792
v 0.00732947 0.02614840 -0.00459914
v 0.00561009 0.02027630 -0.00274986
v 0.00632502 0.02238210 -0.00286961
v 0.00691994 0.02448247 -0.00333136
v 0.00715931 0.02543623 -0.00373696
v 0.00726139 0.02586058 -0.00403997
v 0.00730139 0.02602925 -0.00423622
v 0.00732014 0.02610872 -0.00439032
v 0.00732701 0.02613792 -0.00449267
v 0.00556965 0.00860281 -0.00175020
v 0.00610176 0.00842733 -0.00180818
v 0.00660707 0.00825745 -0.00199009
v 0.00705992 0.00810178 -0.00228670
v 0.00743734 0.00796823 -0.00268293
v 0.00772016 0.00786358 -0.00315869
v 0.00789403 0.00779315 -0.00368981
v 0.00795013 0.00776050 -0.00424934
v 0.00533508 0.00788547 -0.00173186
v 0.00754516 0.00652209 -0.00421768
v 0.00749354 0.00655394 -0.00367806
v 0.00732717 0.00665657 -0.00313117
v 0.00704142 0.00683284 -0.00262501
v 0.00665229 0.00707289 -0.00220834
v 0.00619453 0.00735529 -0.00191658
v 0.00575992 0.00762339 -0.00177176
v 0.00801246 0.00797042 -0.00425136
v 0.00795013 0.00776050 -0.00424934
v 0.00814362 0.00919559 -0.00426328
v 0.00813225 0.00864646 -0.00425791
v 0.00808679 0.00830537 -0.00425460
v 0.00564222 0.00914097 -0.00176414
v 0.00619815 0.00916603 -0.00182658
v 0.00672639 0.00918656 -0.00201128
v 0.00720046 0.00920152 -0.00230897
v 0.00759657 0.00921017 -0.00270471
v 0.00789482 0.00921208 -0.00317865
v 0.00808027 0.00920713 -0.00370701
v 0.00556965 0.00860281 -0.00175020
v 0.00562613 0.00883848 -0.00175626
v 0.00564184 0.00898963 -0.00176019
v 0.00610176 0.00842733 -0.00180818
v 0.00660707 0.00825745 -0.00199009
v 0.00705992 0.00810178 -0.00228670
v 0.00743734 0.00796823 -0.00268293
v 0.00772016 0.00786358 -0.00315869
v 0.00789403 0.00779315 -0.00368981
v 0.00766791 0.01910121 -0.00452293
v 0.00764235 0.01890866 -0.00410233
v 0.00754107 0.01875870 -0.00368034
v 0.00736264 0.01863320 -0.00327412
v 0.00711188 0.01852850 -0.00290385
v 0.00679427 0.01844087 -0.00258161
v 0.00645051 0.01837333 -0.00233909
v 0.00606615 0.01831643 -0.00215708
v 0.00569107 0.01827611 -0.00205062
v 0.00544983 0.01825704 -0.00201469
v 0.00520518 0.01824134 -0.00200268
v 0.00564222 0.00914097 -0.00176414
v 0.00619815 0.00916603 -0.00182658
v 0.00672639 0.00918656 -0.00201128
v 0.00720046 0.00920152 -0.00230897
v 0.00759657 0.00921017 -0.00270471
v 0.00789482 0.00921208 -0.00317865
v 0.00808027 0.00920713 -0.00370701
v 0.00814362 0.00919559 -0.00426328
v 0.00765586 0.01935220 -0.00477728
v 0.00765586 0.01935220 -0.00477728
v 0.00764029 0.01935118 -0.00452792
v 0.00759384 0.01934814 -0.00428246
v 0.00766791 0.01910121 -0.00452293
v 0.00765687 0.01918575 -0.00444126
v 0.00763207 0.01926844 -0.00436073
v 0.00759384 0.01934814 -0.00428246
v 0.00744749 0.01933855 -0.00388740
v 0.00720849 0.01932288 -0.00351528
v 0.00688467 0.01930166 -0.00319792
v 0.00649775 0.01927630 -0.00296195
v 0.00607888 0.01924886 -0.00282190
v 0.00566074 0.01922145 -0.00277751
v 0.00606615 0.01831643 -0.00215708
v 0.00602158 0.01851887 -0.00217266
v 0.00596411 0.01871078 -0.00222812
v 0.00589621 0.01888388 -0.00232104
v 0.00582081 0.01903069 -0.00244742
v 0.00574118 0.01914486 -0.00260180
v 0.00766791 0.01910121 -0.00452293
v 0.00764235 0.01890866 -0.00410233
v 0.00754107 0.01875870 -0.00368034
v 0.00736264 0.01863320 -0.00327412
v 0.00711188 0.01852850 -0.00290385
v 0.00679427 0.01844087 -0.00258161
v 0.00645051 0.01837333 -0.00233909
v 0.00765687 0.01918575 -0.00444126
v 0.00763207 0.01926844 -0.00436073
v 0.00687120 0.01895591 -0.00284147
v 0.00648992 0.01891838 -0.00256471
v 0.00632349 0.01890646 -0.00247664
v 0.00649928 0.01875101 -0.00246738
v 0.00606615 0.01831643 -0.00215708
v 0.00569107 0.01827611 -0.00205062
v 0.00544983 0.01825704 -0.00201469
v 0.00520518 0.01824134 -0.00200268
v 0.00602158 0.01851887 -0.00217266
v 0.00596411 0.01871078 -0.00222812
v 0.00589621 0.01888388 -0.00232104
v 0.00582081 0.01903069 -0.00244742
v 0.00574118 0.01914486 -0.00260180
v 0.00566074 0.01922145 -0.00277751
v 0.00518956 0.01919057 -0.00277751
v 0.00514945 0.01909171 -0.00252435
v 0.00517312 0.01914995 -0.00264748
v 0.00519164 0.01844798 -0.00202992
v 0.00517876 0.01864447 -0.00209959
v 0.00516711 0.01882224 -0.00220864
v 0.00515720 0.01897351 -0.00235232
v 0.00520518 0.01824134 -0.00200268
v 0.00519164 0.01844798 -0.00202992
v 0.00517876 0.01864447 -0.00209959
v 0.00516711 0.01882224 -0.00220864
v 0.00515720 0.01897351 -0.00235232
v 0.00514945 0.01909171 -0.00252435
v 0.00477962 0.01821345 -0.00200268
v 0.00489880 0.01849025 -0.00204672
v 0.00499800 0.01872504 -0.00214963
v 0.00507542 0.01891122 -0.00229140
v 0.00511577 0.01900929 -0.00240021
v 0.00515578 0.00799607 -0.01011996
v 0.00515578 0.00799607 -0.01011996
v 0.00533508 0.00788547 -0.01012316
v 0.00533508 0.00788547 -0.01012316
v 0.00515578 0.00799607 -0.00173506
v 0.00515578 0.00799607 -0.00173506
v 0.00533508 0.00788547 -0.00173186
v 0.00533508 0.00788547 -0.00173186
v 0.00754516 0.00652209 -0.00421768
v 0.00754516 0.00652209 -0.00421768
v 0.00749354 0.00655394 -0.00367806
v 0.00732717 0.00665657 -0.00313117
v 0.00704142 0.00683284 -0.00262501
v 0.00704142 0.00683284 -0.00262501
v 0.00665229 0.00707289 -0.00220834
v 0.00665229 0.00707289 -0.00220834
v 0.00619453 0.00735529 -0.00191658
v 0.00619453 0.00735529 -0.00191658
v 0.00575992 0.00762339 -0.00177176
v 0.00575992 0.00762339 -0.00177176
v 0.00754516 0.00652209 -0.00763734
v 0.00754516 0.00652209 -0.00763734
v 0.00754516 0.00652209 -0.00763734
v 0.00586954 0.00755577 -0.01005717
v 0.00586954 0.00755577 -0.01005717
v 0.00635555 0.00725595 -0.00985436
v 0.00675904 0.00700704 -0.00955185
v 0.00675904 0.00700704 -0.00955185
v 0.00709675 0.00679871 -0.00915088
v 0.00709675 0.00679871 -0.00915088
v 0.00734468 0.00664576 -0.00868153
v 0.00749263 0.00655450 -0.00818159
v 0.00749263 0.00655450 -0.00818159
v 0.00753250 0.00652990 -0.00790589
v 0.00477962 0.01821345 -0.00985234
v 0.00282175 0.01427908 -0.00995179
v 0.00514945 0.01909171 -0.00933066
v 0.00509152 0.01895023 -0.00952422
v 0.00501694 0.01877033 -0.00967683
v 0.00493057 0.01856502 -0.00978285
v 0.00485677 0.01839202 -0.00983261
v 0.00518956 0.01919057 -0.00907751
v 0.00517312 0.01914995 -0.00920754
v 0.00561009 0.02027630 -0.00910516
v 0.00732947 0.02614840 -0.00725588
v 0.00732947 0.02614840 -0.00725588
v 0.00732574 0.02613252 -0.00738798
v 0.00731545 0.02608885 -0.00751267
v 0.00731545 0.02608885 -0.00751267
v 0.00729999 0.02602334 -0.00762761
v 0.00727379 0.02591272 -0.00776334
v 0.00722697 0.02571645 -0.00793580
v 0.00711445 0.02525287 -0.00821519
v 0.00695954 0.02463596 -0.00847147
v 0.00652338 0.02304151 -0.00888116
v 0.00608643 0.02163615 -0.00906531
v 0.00732947 0.02614840 -0.00459914
v 0.00561009 0.02027630 -0.00274986
v 0.00632502 0.02238210 -0.00286961
v 0.00691994 0.02448247 -0.00333136
v 0.00715931 0.02543623 -0.00373696
v 0.00726139 0.02586058 -0.00403997
v 0.00730139 0.02602925 -0.00423622
v 0.00732014 0.02610872 -0.00439032
v 0.00732701 0.02613792 -0.00449267
v 0.00518956 0.01919057 -0.00277751
v 0.00514945 0.01909171 -0.00252435
v 0.00517312 0.01914995 -0.00264748
v 0.00477962 0.01821345 -0.00200268
v 0.00489880 0.01849025 -0.00204672
v 0.00499800 0.01872504 -0.00214963
v 0.00507542 0.01891122 -0.00229140
v 0.00511577 0.01900929 -0.00240021
v 0.00282175 0.01427908 -0.00190323
v 0.00282175 0.01427908 -0.00995179
v 0.00229095 0.01313555 -0.00998076
v 0.00216808 0.01251066 -0.00999688
v 0.00218821 0.01174141 -0.01001702
v 0.00235736 0.01104588 -0.01003548
v 0.00264695 0.01039080 -0.01005309
v 0.00303210 0.00979153 -0.01006941
v 0.00366793 0.00908250 -0.01008903
v 0.00438208 0.00849977 -0.01010548
v 0.00515578 0.00799607 -0.01011996
v 0.00282175 0.01427908 -0.00190323
v 0.00515578 0.00799607 -0.00173506
v 0.00378701 0.00897327 -0.00176293
v 0.00288335 0.01000089 -0.00179133
v 0.00240652 0.01091115 -0.00181593
v 0.00218859 0.01173878 -0.00183793
v 0.00216794 0.01250921 -0.00185810
v 0.00233152 0.01326119 -0.00187747
v 0.00255325 0.01378121 -0.00189068
f 13 19 14
f 7 21 20
f 7 8 21
f 22 13 12
f 22 19 13
f 23 17 18
f 23 18 19
f 23 19 22
f 24 16 17
f 24 17 23
f 25 11 10
f 25 12 11
f 25 23 22
f 25 22 12
f 26 15 16
f 26 20 15
f 26 16 24
f 27 24 23
f 27 23 25
f 28 10 9
f 28 25 10
f 29 6 7
f 29 20 26
f 29 7 20
f 29 26 6
f 30 24 27
f 30 26 24
f 31 1 2
f 31 9 1
f 31 25 28
f 31 28 9
f 31 27 25
f 32 4 5
f 32 5 6
f 32 30 4
f 32 6 26
f 32 26 30
f 33 2 3
f 33 30 27
f 33 27 31
f 33 31 2
f 34 3 4
f 34 4 30
f 34 33 3
f 34 30 33
f 43 40 39
f 43 41 40
f 44 39 38
f 44 43 39
f 45 38 37
f 45 44 38
f 46 37 36
f 46 45 37
f 47 36 35
f 47 46 36
f 42 47 35
f 58 60 59
f 58 61 60
f 57 62 61
f 57 61 58
f 56 63 62
f 56 62 57
f 55 64 63
f 55 63 56
f 54 64 55
f 53 65 64
f 53 64 54
f 52 66 65
f 52 65 53
f 51 67 66
f 51 66 52
f 50 67 51
f 49 48 67
f 49 67 50
f 71 73 70
f 71 75 73
f 72 74 75
f 72 75 71
f 68 69 74
f 68 74 72
f 94 95 96
f 93 94 96
f 84 82 83
f 84 85 82
f 103 91 92
f 103 92 93
f 103 96 97
f 103 97 98
f 103 98 99
f 103 99 100
f 103 100 101
f 103 93 96
f 104 76 77
f 104 89 90
f 104 90 91
f 104 101 102
f 104 102 76
f 104 91 103
f 104 103 101
f 105 77 78
f 105 78 79
f 105 79 80
f 105 87 88
f 105 88 89
f 105 89 104
f 105 104 77
f 106 80 81
f 106 81 82
f 106 85 86
f 106 86 87
f 106 105 80
f 106 87 105
f 106 82 85
f 121 122 120
f 135 107 108
f 135 134 107
f 136 133 134
f 136 134 135
f 137 132 133
f 137 133 136
f 138 131 132
f 138 132 137
f 139 130 131
f 139 131 138
f 140 127 128
f 140 128 129
f 140 129 130
f 140 130 139
f 141 108 109
f 141 135 108
f 142 135 141
f 142 136 135
f 143 137 136
f 143 136 142
f 144 137 143
f 144 138 137
f 145 138 144
f 145 139 138
f 146 126 127
f 146 139 145
f 146 140 139
f 146 127 140
f 147 109 110
f 147 141 109
f 148 142 141
f 148 141 147
f 149 143 142
f 149 142 148
f 150 144 143
f 150 143 149
f 151 145 144
f 151 146 145
f 151 144 150
f 152 124 125
f 152 125 126
f 152 126 146
f 152 146 151
f 153 110 111
f 153 147 110
f 154 147 153
f 154 148 147
f 155 148 154
f 155 149 148
f 156 150 149
f 156 149 155
f 157 151 150
f 157 150 156
f 158 152 151
f 158 151 157
f 158 123 124
f 158 124 152
f 159 111 112
f 159 154 153
f 159 153 111
f 160 154 159
f 161 155 154
f 161 156 155
f 161 154 160
f 162 156 161
f 163 157 156
f 163 156 162
f 164 158 157
f 164 123 158
f 164 157 163
f 165 112 113
f 165 113 114
f 165 114 115
f 165 159 112
f 166 115 116
f 166 165 115
f 166 160 159
f 166 159 165
f 167 116 117
f 167 161 160
f 167 162 161
f 167 166 116
f 167 160 166
f 168 117 118
f 168 167 117
f 168 162 167
f 169 118 119
f 169 162 168
f 169 163 162
f 169 168 118
f 170 119 120
f 170 122 123
f 170 123 164
f 170 164 163
f 170 169 119
f 170 163 169
f 170 120 122
f 183 187 182
f 183 188 187
f 184 189 188
f 184 188 183
f 185 190 189
f 185 189 184
f 186 191 190
f 186 190 185
f 181 192 191
f 181 191 186
f 180 193 192
f 180 192 181
f 179 194 193
f 179 193 180
f 173 194 179
f 174 195 194
f 174 194 173
f 175 196 195
f 175 195 174
f 176 197 196
f 176 196 175
f 177 198 197
f 177 197 176
f 178 199 198
f 178 198 177
f 172 171 199
f 172 199 178
f 226 206 205
f 226 225 206
f 227 224 225
f 227 225 226
f 228 223 224
f 228 224 227
f 229 222 223
f 229 223 228
f 230 220 221
f 230 221 222
f 230 222 229
f 231 215 214
f 231 214 220
f 231 220 230
f 232 205 204
f 232 226 205
f 233 226 232
f 233 227 226
f 234 228 227
f 234 227 233
f 235 228 234
f 235 229 228
f 236 230 229
f 236 229 235
f 237 216 215
f 237 231 230
f 237 230 236
f 237 215 231
f 238 204 203
f 238 232 204
f 239 233 232
f 239 232 238
f 240 234 233
f 240 233 239
f 241 235 234
f 241 234 240
f 242 236 235
f 242 235 241
f 243 217 216
f 243 236 242
f 243 216 237
f 243 237 236
f 244 203 202
f 244 238 203
f 245 238 244
f 245 239 238
f 245 240 239
f 246 240 245
f 247 240 246
f 247 241 240
f 247 242 241
f 248 242 247
f 249 243 242
f 249 242 248
f 249 218 217
f 249 217 243
f 250 201 200
f 250 202 201
f 250 200 207
f 250 244 202
f 251 207 208
f 251 244 250
f 251 245 244
f 251 250 207
f 252 246 245
f 252 208 209
f 252 209 210
f 252 245 251
f 252 251 208
f 253 247 246
f 253 252 210
f 253 246 252
f 254 210 211
f 254 248 247
f 254 253 210
f 254 247 253
f 255 211 212
f 255 212 213
f 255 248 254
f 255 219 218
f 255 213 219
f 255 218 249
f 255 254 211
f 255 249 248
f 270 273 269
f 270 285 273
f 271 284 285
f 271 285 270
f 272 283 284
f 272 284 271
f 265 283 272
f 266 282 283
f 266 283 265
f 267 281 282
f 267 282 266
f 268 280 281
f 268 281 267
f 264 279 280
f 264 280 268
f 263 278 279
f 263 279 264
f 262 277 278
f 262 278 263
f 261 276 277
f 261 277 262
f 260 275 276
f 260 276 261
f 259 274 275
f 259 275 260
f 258 256 274
f 258 274 259
f 257 256 258
f 296 286 287
f 296 297 286
f 295 287 288
f 295 296 287
f 294 288 289
f 294 295 288
f 293 289 290
f 293 294 289
f 292 290 291
f 292 293 290
f 315 331 316
f 314 330 331
f 314 331 315
f 313 328 329
f 313 329 330
f 313 330 314
f 312 327 328
f 312 328 313
f 311 326 327
f 311 327 312
f 310 325 326
f 310 326 311
f 309 324 325
f 309 325 310
f 308 323 324
f 308 324 309
f 307 322 323
f 307 323 308
f 306 322 307
f 305 321 322
f 305 322 306
f 304 320 321
f 304 321 305
f 303 319 320
f 303 320 304
f 302 318 319
f 302 319 303
f 301 317 318
f 301 318 302
f 300 317 301
f 299 298 317
f 299 317 300
f 358 362 359
f 357 361 362
f 357 362 358
f 356 360 361
f 356 361 357
f 355 338 360
f 355 360 356
f 354 337 338
f 354 338 355
f 353 336 337
f 353 337 354
f 352 335 336
f 352 336 353
f 351 334 335
f 351 335 352
f 350 333 334
f 350 334 351
f 349 332 333
f 349 333 350
f 348 343 332
f 348 332 349
f 347 342 343
f 347 343 348
f 346 341 342
f 346 342 347
f 345 340 341
f 345 341 346
f 344 339 340
f 344 340 345
f 364 365 363
f 367 366 368
f 370 372 373
f 370 373 374
f 370 374 371
f 376 375 372
f 376 372 370
f 377 376 370
f 369 377 370
f 383 385 384
f 380 386 385
f 381 385 383
f 381 380 385
f 379 386 380
f 382 381 383
f 378 386 379
f 394 386 378
f 393 386 394
f 387 393 392
f 387 386 393
f 391 387 392
f 390 387 391
f 389 388 387
f 389 387 390
f 404 405 403
f 404 406 405
f 402 407 406
f 402 406 404
f 401 407 402
f 397 396 395
f 397 395 408
f 398 408 407
f 398 407 401
f 398 397 408
f 399 398 401
f 400 399 401
f 413 410 409
f 413 409 419
f 412 413 419
f 411 419 420
f 411 412 419
f 417 420 421
f 417 411 420
f 416 421 422
f 416 417 421
f 414 424 418
f 414 423 424
f 414 415 423
f 415 422 423
f 415 416 422
f 428 431 429
f 427 434 431
f 427 431 428
f 426 433 434
f 426 434 427
f 436 432 433
f 436 433 426
f 435 436 426
f 425 435 426
f 430 429 431
f 439 437 438
f 439 440 437
f 446 448 445
f 444 447 448
f 444 448 446
f 450 447 444
f 472 441 442
f 472 442 443
f 470 441 472
f 471 444 441
f 471 450 444
f 471 441 470
f 469 449 450
f 469 450 471
f 467 451 449
f 467 453 451
f 467 449 469
f 454 452 453
f 459 454 453
f 458 459 453
f 457 458 453
f 468 453 467
f 464 456 457
f 465 455 456
f 465 456 464
f 460 455 465
f 463 457 453
f 463 464 457
f 463 453 468
f 462 463 468
f 461 462 468
f 466 461 468
f 474 476 473
f 475 476 474
f 487 488 489
f 487 489 496
f 486 496 495
f 486 487 496
f 485 495 494
f 485 486 495
f 484 494 493
f 484 485 494
f 483 484 493
f 482 493 492
f 482 483 493
f 481 492 491
f 481 482 492
f 480 491 490
f 480 481 491
f 479 490 478
f 479 480 490
f 477 479 478
f 506 507 508
f 506 508 514
f 505 514 513
f 505 506 514
f 504 505 513
f 503 513 512
f 503 504 513
f 502 512 511
f 502 503 512
f 501 511 510
f 501 502 511
f 500 510 509
f 500 501 510
f 499 500 509
f 497 509 498
f 497 499 509
f 522 520 523
f 519 522 524
f 519 520 522
f 525 519 524
f 518 525 526
f 518 519 525
f 517 526 527
f 517 527 528
f 517 518 526
f 516 528 529
f 516 517 528
f 515 529 530
f 515 516 529
f 520 521 523
f 534 540 541
f 535 534 541
f 536 541 542
f 536 535 541
f 537 542 543
f 537 536 542
f 538 543 544
f 538 537 543
f 533 538 544
f 539 538 533
f 532 539 533
f 531 539 532
f 565 563 564
f 566 565 564
f 567 566 564
f 568 567 564
f 569 568 564
f 570 569 564
f 561 564 562
f 571 570 564
f 571 564 561
f 572 571 561
f 559 561 560
f 558 561 559
f 557 561 558
f 591 582 581
f 591 583 582
f 591 584 583
f 591 585 584
f 591 586 585
f 591 587 586
f 591 588 587
f 591 589 588
f 556 561 557
f 556 573 572
f 556 572 561
f 555 573 556
f 554 574 573
f 554 573 555
f 545 546 590
f 553 574 554
f 553 575 574
f 552 575 553
f 552 576 575
f 547 545 590
f 547 590 591
f 551 576 552
f 551 577 576
f 548 547 591
f 548 581 580
f 548 591 581
f 550 577 551
f 550 578 577
f 549 548 580
f 549 579 578
f 549 580 579
f 549 578 550
f 607 624 608
f 606 623 624
f 606 624 607
f 605 622 623
f 605 623 606
f 604 620 621
f 604 621 622
f 604 622 605
f 603 619 620
f 603 620 604
f 602 618 619
f 602 619 603
f 601 617 618
f 601 618 602
f 600 616 617
f 600 617 601
f 599 615 616
f 599 616 600
f 598 614 615
f 598 615 599
f 597 613 614
f 597 614 598
f 596 612 613
f 596 613 597
f 595 611 612
f 595 612 596
f 594 610 611
f 594 611 595
f 593 609 610
f 593 610 594
f 592 609 593
f 626 627 625
f 626 629 630
f 626 630 627
f 628 629 626
f 671 626 670
f 660 626 671
f 659 628 626
f 659 626 660
f 661 660 671
f 658 639 628
f 658 628 659
f 662 661 671
f 657 638 639
f 657 639 658
f 663 662 671
f 664 663 671
f 656 637 638
f 656 638 657
f 665 664 671
f 655 636 637
f 655 637 656
f 666 665 671
f 654 635 636
f 654 636 655
f 667 666 671
f 653 635 654
f 653 634 635
f 668 667 671
f 669 668 671
f 652 634 653
f 633 634 652
f 632 652 651
f 632 633 652
f 644 632 651
f 644 645 643
f 644 646 645
f 644 647 646
f 644 648 647
f 644 649 648
f 644 650 649
f 644 651 650
f 631 632 644
f 642 631 644
f 640 642 641
f 640 631 642
f 686 692 687
f 685 691 692
f 685 692 686
f 684 690 691
f 684 691 685
f 683 690 684
f 703 688 689
f 703 689 690
f 703 690 683
f 682 703 683
f 711 688 703
f 681 703 682
f 710 697 698
f 680 704 681
f 708 695 696
f 679 707 706
f 679 705 680
f 678 708 707
f 678 707 679
f 677 708 678
f 677 694 695
f 677 695 708
f 676 694 677
f 676 693 694
f 675 693 676
f 675 702 693
f 674 702 675
f 674 700 701
f 674 701 702
f 673 700 674
f 673 699 700
f 672 699 673
f 703 681 704
f 704 680 705
f 705 679 706
f 708 696 709
f 696 697 709
f 709 697 710
f 710 688 711
f 710 698 688
f 712 714 713
f 717 716 715
f 728 729 730
f 728 730 732
f 727 732 731
f 727 728 732
f 726 727 731
f 737 726 731
f 725 726 737
f 736 725 737
f 724 736 735
f 724 725 736
f 723 735 734
f 723 724 735
f 733 723 734
f 722 733 741
f 722 723 733
f 721 741 740
f 721 722 741
f 739 721 740
f 720 721 739
f 738 720 739
f 719 738 718
f 719 720 738
f 744 742 743
f 764 742 744
f 745 764 744
f 760 745 746
f 760 764 745
f 761 746 747
f 761 760 746
f 748 761 747
f 762 761 748
f 763 748 749
f 763 762 748
f 750 763 749
f 757 750 751
f 757 763 750
f 758 757 751
f 752 758 751
f 759 758 752
f 753 759 752
f 756 759 753
f 754 756 753
f 755 756 754
f 778 776 775
f 778 777 776
f 769 771 770
f 769 772 771
f 789 782 781
f 789 783 782
f 788 789 781
f 784 785 766
f 765 784 766
f 790 769 768
f 790 773 772
f 790 774 773
f 790 775 774
f 790 778 775
f 790 772 769
f 791 768 767
f 791 779 778
f 791 778 790
f 791 790 768
f 792 791 767
f 792 779 791
f 793 767 766
f 793 780 779
f 793 779 792
f 793 792 767
f 794 781 780
f 794 785 786
f 794 786 787
f 794 787 788
f 794 793 766
f 794 780 793
f 794 788 781
f 794 766 785
f 798 796 795
f 798 795 797
f 818 800 799
f 819 800 818
f 801 800 819
f 816 822 823
f 816 823 817
f 806 805 804
f 807 806 804
f 811 810 813
f 812 811 813
f 824 816 815
f 824 819 820
f 824 820 821
f 824 821 822
f 824 801 819
f 824 822 816
f 825 802 801
f 825 815 814
f 825 801 824
f 825 824 815
f 826 825 814
f 826 802 825
f 827 803 802
f 827 814 813
f 827 802 826
f 827 826 814
f 828 804 803
f 828 808 807
f 828 809 808
f 828 810 809
f 828 803 827
f 828 807 804
f 828 813 810
f 828 827 813
f 836 838 837
f 836 844 838
f 835 843 844
f 835 844 836
f 834 842 843
f 834 843 835
f 833 841 842
f 833 842 834
f 832 840 841
f 832 841 833
f 831 829 839
f 831 839 840
f 831 840 832
f 830 829 831
f 847 860 861
f 849 862 864
f 848 863 865
f 850 866 868
f 847 867 869
f 848 870 871
f 848 871 872
f 845 860 847
f 857 860 845
f 852 859 846
f 853 856 857
f 854 858 851
f 855 856 853
f 880 882 881
f 880 888 882
f 879 887 888
f 879 888 880
f 878 886 887
f 878 887 879
f 877 885 886
f 877 886 878
f 876 884 885
f 876 885 877
f 875 883 884
f 875 884 876
f 874 873 883
f 874 883 875
f 894 889 892
f 894 892 893
f 897 891 895
f 899 890 896
f 920 889 898
f 901 918 920
f 901 920 898
f 916 919 902
f 915 917 903
f 912 914 901
f 906 901 905
f 911 913 904
f 909 902 907
f 908 910 900
f 923 921 922
f 925 924 926
f 926 923 922
f 926 924 923
f 932 930 931
f 929 933 935
f 928 934 936
f 928 936 937
f 928 937 938
f 928 938 939
f 928 939 941
f 942 927 940
f 928 930 932
f 949 951 950
f 949 957 951
f 948 956 957
f 948 957 949
f 947 955 956
f 947 956 948
f 946 955 947
f 945 954 955
f 945 955 946
f 944 953 954
f 944 954 945
f 943 952 953
f 943 953 944
f 965 958 960
f 963 958 965
f 962 961 959
f 962 959 964
f 973 981 974
f 972 979 980
f 972 980 981
f 972 981 973
f 971 978 979
f 971 979 972
f 970 978 971
f 969 977 978
f 969 978 970
f 968 976 977
f 968 977 969
f 967 975 976
f 967 976 968
f 966 975 967
f 990 991 985
f 992 985 991
f 989 986 987
f 988 990 985
f 993 985 992
f 994 985 993
f 983 984 982
f 984 985 982
f 982 985 994
f 1002 1009 1003
f 1001 1009 1002
f 1000 1008 1009
f 1000 1009 1001
f 999 1007 1008
f 999 1008 1000
f 998 1006 1007
f 998 1007 999
f 997 1005 1006
f 997 1006 998
f 996 1005 997
f 1004 1005 996
f 995 1004 996
f 1011 1010 1012
f 1022 1021 1020
f 1023 1018 1017
f 1023 1019 1018
f 1023 1020 1019
f 1023 1022 1020
f 1024 1016 1015
f 1024 1017 1016
f 1024 1023 1017
f 1014 1024 1015
f 1013 1024 1014
f 1028 1026 1027
f 1025 1026 1028
f 1050 1047 1046
f 1050 1048 1047
f 1049 1046 1045
f 1049 1050 1046
f 1032 1045 1044
f 1032 1049 1045
f 1031 1044 1043
f 1031 1032 1044
f 1030 1043 1042
f 1030 1031 1043
f 1029 1030 1042
f 1037 1042 1041
f 1037 1029 1042
f 1036 1041 1040
f 1036 1037 1041
f 1035 1040 1039
f 1035 1036 1040
f 1034 1035 1039
f 1038 1034 1039
f 1033 1034 1038
f 1054 1055 1056
f 1067 1060 1061
f 1067 1061 1062
f 1067 1062 1063
f 1067 1063 1064
f 1066 1064 1065
f 1068 1056 1057
f 1068 1057 1058
f 1068 1058 1059
f 1068 1059 1060
f 1068 1054 1056
f 1068 1060 1067
f 1069 1054 1068
f 1070 1053 1054
f 1070 1054 1069
f 1071 1053 1070
f 1072 1051 1053
f 1072 1053 1071
f 1052 1051 1072
f 1110 1103 1102
f 1110 1102 1105
f 1104 1103 1110
f 1100 1099 1104
f 1100 1110 1109
f 1100 1104 1110
f 1101 1100 1109
f 1075 1074 1073
f 1084 1082 1083
f 1089 1098 1088
f 1090 1098 1089
f 1111 1108 1107
f 1112 1108 1111
f 1112 1092 1091
f 1112 1091 1101
f 1112 1109 1108
f 1112 1101 1109
f 1113 1112 1111
f 1114 1113 1111
f 1115 1114 1111
f 1116 1115 1111
f 1117 1113 1114
f 1117 1093 1092
f 1117 1094 1093
f 1117 1095 1094
f 1117 1114 1115
f 1117 1112 1113
f 1117 1092 1112
f 1118 1111 1107
f 1118 1107 1106
f 1118 1116 1111
f 1119 1096 1095
f 1119 1115 1116
f 1119 1095 1117
f 1119 1117 1115
f 1120 1119 1116
f 1120 1118 1106
f 1120 1116 1118
f 1121 1120 1106
f 1122 1096 1119
f 1122 1097 1096
f 1122 1119 1120
f 1122 1121 1097
f 1122 1120 1121
f 1123 1106 1074
f 1123 1121 1106
f 1124 1097 1121
f 1124 1121 1123
f 1124 1123 1074
f 1125 1098 1097
f 1125 1097 1124
f 1126 1125 1124
f 1126 1098 1125
f 1126 1124 1074
f 1127 1075 1076
f 1127 1126 1074
f 1127 1074 1075
f 1128 1076 1077
f 1128 1077 1078
f 1128 1127 1076
f 1129 1098 1126
f 1129 1126 1127
f 1129 1127 1128
f 1130 1128 1078
f 1131 1129 1128
f 1131 1098 1129
f 1132 1130 1078
f 1133 1128 1130
f 1133 1131 1128
f 1133 1098 1131
f 1134 1078 1079
f 1134 1079 1080
f 1134 1132 1078
f 1135 1133 1130
f 1135 1098 1133
f 1136 1135 1130
f 1136 1130 1132
f 1136 1132 1134
f 1136 1098 1135
f 1137 1082 1084
f 1137 1080 1081
f 1137 1081 1082
f 1137 1084 1085
f 1137 1085 1086
f 1137 1086 1087
f 1137 1087 1088
f 1137 1136 1134
f 1137 1098 1136
f 1137 1088 1098
f 1137 1134 1080
f 1144 1146 1145
f 1144 1152 1146
f 1143 1151 1152
f 1143 1152 1144
f 1142 1150 1151
f 1142 1151 1143
f 1141 1149 1150
f 1141 1150 1142
f 1140 1148 1149
f 1140 1149 1141
f 1139 1147 1148
f 1139 1148 1140
f 1138 1147 1139
f 1164 1156 1157
f 1164 1157 1158
f 1164 1158 1159
f 1164 1159 1160
f 1163 1160 1161
f 1163 1161 1162
f 1163 1162 1155
f 1163 1164 1160
f 1154 1155 1153
f 1154 1163 1155
f 1167 1185 1186
f 1167 1186 1168
f 1166 1184 1185
f 1166 1185 1167
f 1165 1183 1184
f 1165 1184 1166
f 1171 1182 1183
f 1171 1183 1165
f 1170 1181 1182
f 1170 1182 1171
f 1169 1181 1170
f 1176 1180 1181
f 1176 1181 1169
f 1175 1179 1180
f 1175 1180 1176
f 1174 1178 1179
f 1174 1179 1175
f 1173 1178 1174
f 1177 1178 1173
f 1172 1177 1173
f 1189 1188 1187
f 1189 1190 1188
f 1202 1204 1201
f 1193 1192 1191
f 1193 1205 1206
f 1193 1206 1207
f 1193 1191 1205
f 1194 1207 1208
f 1194 1208 1209
f 1194 1209 1210
f 1194 1210 1211
f 1194 1211 1204
f 1194 1204 1202
f 1194 1193 1207
f 1195 1194 1202
f 1196 1202 1203
f 1196 1195 1202
f 1197 1196 1203
f 1198 1203 1200
f 1198 1197 1203
f 1199 1198 1200
f 1224 1222 1223
f 1218 1219 1220
f 1218 1220 1221
f 1218 1221 1222
f 1218 1222 1224
f 1217 1224 1225
f 1217 1218 1224
f 1212 1213 1249
f 1241 1240 1233
f 1234 1241 1233
f 1235 1242 1236
f 1250 1227 1228
f 1250 1228 1229
f 1250 1229 1230
f 1251 1216 1217
f 1251 1225 1226
f 1251 1226 1227
f 1251 1227 1250
f 1251 1217 1225
f 1252 1251 1250
f 1253 1230 1231
f 1253 1250 1230
f 1254 1252 1250
f 1255 1254 1250
f 1255 1250 1253
f 1256 1215 1216
f 1256 1252 1254
f 1256 1251 1252
f 1256 1254 1255
f 1256 1216 1251
f 1257 1255 1253
f 1257 1256 1255
f 1258 1231 1232
f 1258 1253 1231
f 1259 1253 1258
f 1259 1257 1253
f 1260 1214 1215
f 1260 1257 1259
f 1260 1215 1256
f 1260 1256 1257
f 1260 1259 1214
f 1261 1259 1258
f 1261 1258 1232
f 1261 1214 1259
f 1262 1213 1214
f 1262 1214 1261
f 1263 1262 1261
f 1263 1213 1262
f 1263 1261 1232
f 1264 1232 1233
f 1264 1263 1232
f 1265 1213 1263
f 1265 1264 1233
f 1265 1263 1264
f 1266 1265 1233
f 1267 1266 1233
f 1268 1267 1233
f 1269 1268 1233
f 1270 1269 1233
f 1271 1265 1266
f 1271 1248 1249
f 1271 1213 1265
f 1271 1249 1213
f 1272 1270 1233
f 1273 1271 1266
f 1273 1246 1247
f 1273 1248 1271
f 1273 1247 1248
f 1274 1266 1267
f 1274 1268 1269
f 1274 1269 1270
f 1274 1273 1266
f 1274 1267 1268
f 1274 1270 1272
f 1275 1246 1273
f 1275 1274 1272
f 1275 1273 1274
f 1276 1246 1275
f 1276 1275 1272
f 1277 1243 1244
f 1277 1244 1245
f 1277 1245 1246
f 1277 1276 1272
f 1277 1246 1276
f 1278 1233 1240
f 1278 1236 1242
f 1278 1272 1233
f 1278 1237 1236
f 1278 1238 1237
f 1278 1239 1238
f 1278 1240 1239
f 1278 1242 1243
f 1278 1243 1277
f 1278 1277 1272
f 1282 1281 1284
f 1282 1284 1286
f 1285 1282 1286
f 1283 1282 1285
f 1280 1283 1285
f 1279 1283 1280
f 1289 1290 1291
f 1289 1291 1292
f 1288 1292 1287
f 1288 1289 1292
f 1297 1296 1293
f 1294 1297 1293
f 1295 1296 1297
f 1300 1298 1302
f 1301 1300 1302
f 1299 1298 1300
f 1304 1306 1307
f 1303 1305 1308
f 1320 1317 1316
f 1323 1320 1321
f 1318 1317 1320
f 1318 1320 1323
f 1322 1319 1318
f 1322 1318 1323
f 1326 1312 1319
f 1326 1319 1322
f 1325 1313 1312
f 1325 1312 1326
f 1324 1311 1313
f 1324 1313 1325
f 1327 1311 1324
f 1310 1328 1330
f 1309 1311 1327
f 1331 1345 1309
f 1331 1309 1329
f 1332 1344 1345
f 1332 1345 1331
f 1333 1343 1344
f 1333 1344 1332
f 1337 1340 1341
f 1337 1341 1342
f 1334 1342 1343
f 1334 1343 1333
f 1335 1342 1334
f 1335 1337 1342
f 1336 1337 1335
f 1314 1320 1315
f 1315 1320 1316
f 1337 1338 1339
f 1337 1339 1340
f 1346 1352 1347
f 1348 1353 1352
f 1348 1352 1346
f 1349 1351 1353
f 1349 1353 1348
f 1350 1351 1349
f 1357 1362 1361
f 1357 1356 1362
f 1358 1361 1360
f 1358 1357 1361
f 1359 1358 1360
f 1371 1366 1365
f 1371 1367 1366
f 1371 1368 1367
f 1371 1370 1368
f 1372 1365 1364
f 1372 1371 1365
f 1373 1370 1371
f 1373 1371 1372
f 1374 1370 1373
f 1375 1372 1364
f 1375 1373 1372
f 1375 1374 1373
f 1376 1369 1370
f 1376 1370 1374
f 1377 1355 1354
f 1377 1354 1369
f 1377 1369 1376
f 1377 1376 1378
f 1379 1377 1378
f 1380 1363 1362
f 1380 1377 1379
f 1381 1356 1355
f 1381 1355 1377
f 1381 1380 1362
f 1381 1362 1356
f 1381 1377 1380
f 1382 1364 1363
f 1382 1374 1375
f 1382 1375 1364
f 1383 1374 1382
f 1383 1376 1374
f 1383 1378 1376
f 1383 1382 1363
f 1383 1363 1380
f 1383 1379 1378
f 1383 1380 1379
f 1389 1387 1388
f 1391 1386 1387
f 1391 1387 1389
f 1390 1385 1386
f 1390 1386 1391
f 1384 1385 1390
f 1392 1395 1393
f 1394 1395 1392
f 1397 1396 1400
f 1399 1398 1397
f 1399 1397 1400
f 1429 1426 1425
f 1429 1427 1426
f 1429 1425 1428
f 1436 1417 1427
f 1436 1427 1429
f 1435 1418 1417
f 1435 1419 1418
f 1435 1417 1436
f 1430 1402 1403
f 1430 1403 1431
f 1401 1402 1430
f 1437 1424 1423
f 1438 1414 1415
f 1438 1415 1416
f 1438 1416 1424
f 1439 1440 1424
f 1439 1424 1437
f 1441 1411 1412
f 1441 1412 1413
f 1441 1413 1414
f 1441 1414 1438
f 1442 1424 1440
f 1442 1438 1424
f 1443 1439 1437
f 1444 1443 1437
f 1445 1444 1437
f 1445 1443 1444
f 1446 1445 1437
f 1447 1434 1433
f 1448 1404 1405
f 1448 1405 1406
f 1449 1403 1404
f 1449 1431 1403
f 1449 1447 1433
f 1449 1432 1431
f 1449 1433 1432
f 1449 1448 1447
f 1449 1404 1448
f 1450 1423 1422
f 1450 1437 1423
f 1451 1420 1419
f 1451 1421 1420
f 1451 1422 1421
f 1451 1419 1435
f 1451 1450 1422
f 1452 1434 1447
f 1452 1451 1435
f 1452 1435 1434
f 1453 1450 1451
f 1453 1452 1447
f 1453 1447 1446
f 1453 1451 1452
f 1453 1446 1437
f 1453 1437 1450
f 1454 1409 1410
f 1455 1454 1442
f 1455 1440 1439
f 1455 1409 1454
f 1455 1442 1440
f 1456 1410 1411
f 1456 1442 1454
f 1456 1454 1410
f 1456 1411 1441
f 1456 1441 1438
f 1456 1438 1442
f 1457 1406 1407
f 1457 1407 1408
f 1457 1408 1409
f 1457 1455 1439
f 1457 1439 1443
f 1457 1443 1445
f 1457 1448 1406
f 1457 1446 1447
f 1457 1447 1448
f 1457 1409 1455
f 1457 1445 1446
f 1462 1460 1461
f 1459 1458 1460
f 1459 1460 1462
f 1464 1470 1463
f 1465 1469 1470
f 1465 1470 1464
f 1466 1468 1469
f 1466 1469 1465
f 1467 1468 1466
f 1479 1480 1473
f 1472 1478 1479
f 1472 1479 1473
f 1471 1478 1472
f 1489 1483 1484
f 1489 1484 1485
f 1489 1485 1486
f 1489 1486 1488
f 1490 1482 1483
f 1490 1483 1489
f 1491 1490 1489
f 1491 1489 1488
f 1492 1491 1488
f 1493 1490 1491
f 1493 1482 1490
f 1493 1491 1492
f 1494 1488 1487
f 1494 1492 1488
f 1495 1480 1481
f 1496 1475 1474
f 1496 1476 1475
f 1497 1480 1495
f 1497 1473 1480
f 1497 1495 1498
f 1499 1474 1473
f 1499 1496 1474
f 1499 1473 1497
f 1499 1498 1496
f 1499 1497 1498
f 1500 1481 1482
f 1500 1493 1492
f 1500 1482 1493
f 1501 1492 1494
f 1501 1500 1492
f 1502 1481 1500
f 1502 1500 1501
f 1503 1494 1504
f 1503 1504 1495
f 1503 1495 1481
f 1503 1501 1494
f 1503 1481 1502
f 1503 1502 1501
f 1505 1477 1476
f 1505 1487 1477
f 1505 1494 1487
f 1505 1476 1496
f 1505 1504 1494
f 1505 1495 1504
f 1505 1496 1498
f 1505 1498 1495
f 1509 1508 1507
f 1506 1510 1509
f 1506 1509 1507
f 1513 1512 1511
f 1533 1528 1529
f 1533 1529 1530
f 1533 1530 1531
f 1533 1531 1532
f 1537 1519 1520
f 1537 1520 1521
f 1537 1521 1522
f 1536 1526 1527
f 1536 1527 1528
f 1536 1528 1533
f 1541 1513 1514
f 1541 1514 1515
f 1541 1515 1516
f 1541 1516 1517
f 1541 1538 1539
f 1541 1539 1540
f 1541 1540 1512
f 1541 1512 1513
f 1542 1517 1518
f 1542 1518 1519
f 1542 1537 1538
f 1542 1541 1517
f 1542 1538 1541
f 1542 1519 1537
f 1543 1522 1523
f 1543 1523 1524
f 1543 1524 1525
f 1543 1525 1526
f 1543 1535 1534
f 1543 1536 1535
f 1543 1534 1537
f 1543 1537 1522
f 1543 1526 1536
f 1550 1547 1548
f 1550 1548 1549
f 1551 1546 1547
f 1551 1547 1550
f 1545 1544 1546
f 1545 1546 1551
f 1556 1554 1555
f 1553 1556 1552
f 1553 1554 1556
f 1559 1557 1558
f 1561 1559 1560
f 1561 1557 1559
f 1579 1575 1576
f 1579 1576 1577
f 1579 1578 1575
f 1580 1579 1577
f 1584 1591 1592
f 1585 1584 1592
f 1585 1592 1587
f 1586 1585 1587
f 1597 1572 1573
f 1597 1573 1574
f 1598 1565 1564
f 1598 1566 1565
f 1598 1574 1566
f 1599 1574 1600
f 1599 1597 1574
f 1601 1563 1562
f 1601 1564 1563
f 1601 1562 1593
f 1601 1598 1564
f 1602 1600 1574
f 1602 1574 1598
f 1603 1597 1599
f 1604 1597 1603
f 1605 1604 1603
f 1605 1597 1604
f 1606 1597 1605
f 1607 1597 1606
f 1608 1607 1606
f 1608 1588 1589
f 1608 1589 1590
f 1608 1590 1591
f 1608 1606 1588
f 1609 1591 1584
f 1609 1583 1582
f 1609 1584 1583
f 1609 1608 1591
f 1609 1607 1608
f 1609 1582 1607
f 1610 1570 1571
f 1610 1571 1572
f 1611 1607 1612
f 1611 1572 1597
f 1611 1610 1572
f 1611 1612 1610
f 1611 1597 1607
f 1613 1612 1607
f 1613 1582 1581
f 1613 1607 1582
f 1613 1610 1612
f 1614 1599 1600
f 1614 1600 1602
f 1615 1614 1602
f 1615 1594 1614
f 1616 1606 1605
f 1616 1594 1595
f 1616 1595 1596
f 1616 1596 1588
f 1616 1588 1606
f 1616 1605 1603
f 1616 1603 1599
f 1616 1599 1614
f 1616 1614 1594
f 1617 1615 1602
f 1617 1593 1594
f 1617 1594 1615
f 1617 1601 1593
f 1617 1602 1598
f 1617 1598 1601
f 1618 1567 1568
f 1618 1568 1569
f 1618 1577 1567
f 1618 1613 1581
f 1618 1581 1580
f 1618 1580 1577
f 1619 1569 1570
f 1619 1610 1613
f 1619 1613 1618
f 1619 1570 1610
f 1619 1618 1569
f 1640 1628 1627
f 1639 1640 1627
f 1620 1641 1642
f 1620 1642 1643
f 1620 1643 1644
f 1620 1644 1645
f 1623 1630 1631
f 1623 1631 1632
f 1621 1645 1646
f 1621 1620 1645
f 1650 1625 1624
f 1650 1626 1625
f 1650 1627 1626
f 1650 1634 1635
f 1650 1635 1636
f 1650 1636 1637
f 1650 1637 1638
f 1650 1638 1639
f 1650 1639 1627
f 1651 1624 1623
f 1651 1632 1633
f 1651 1633 1634
f 1651 1634 1650
f 1651 1623 1632
f 1651 1650 1624
f 1652 1622 1621
f 1652 1623 1622
f 1652 1629 1630
f 1652 1646 1647
f 1652 1647 1648
f 1652 1648 1649
f 1652 1649 1629
f 1652 1630 1623
f 1652 1621 1646
f 1663 1658 1659
f 1663 1659 1660
f 1670 1662 1661
f 1671 1653 1654
f 1665 1672 1666
f 1664 1672 1665
f 1673 1654 1655
f 1673 1655 1656
f 1673 1656 1657
f 1673 1657 1658
f 1673 1663 1662
f 1673 1658 1663
f 1673 1671 1654
f 1674 1673 1662
f 1674 1671 1673
f 1675 1667 1666
f 1675 1668 1667
f 1675 1669 1668
f 1675 1670 1669
f 1675 1672 1671
f 1675 1674 1662
f 1675 1662 1670
f 1675 1671 1674
f 1675 1666 1672
f 1684 1682 1683
f 1691 1681 1682
f 1691 1682 1684
f 1690 1680 1681
f 1690 1681 1691
f 1689 1679 1680
f 1689 1680 1690
f 1688 1679 1689
f 1687 1678 1679
f 1687 1679 1688
f 1686 1677 1678
f 1686 1678 1687
f 1685 1676 1677
f 1685 1677 1686
f 1706 1720 1707
f 1705 1719 1720
f 1705 1720 1706
f 1704 1718 1719
f 1704 1719 1705
f 1703 1717 1718
f 1703 1718 1704
f 1702 1716 1717
f 1702 1717 1703
f 1701 1715 1716
f 1701 1716 1702
f 1698 1715 1701
f 1699 1714 1715
f 1699 1715 1698
f 1700 1713 1714
f 1700 1714 1699
f 1692 1712 1713
f 1692 1713 1700
f 1693 1711 1712
f 1693 1712 1692
f 1694 1710 1711
f 1694 1711 1693
f 1695 1709 1710
f 1695 1710 1694
f 1696 1708 1709
f 1696 1709 1695
f 1697 1708 1696
f 1730 1725 1726
f 1730 1726 1727
f 1730 1727 1728
f 1724 1725 1730
f 1737 1730 1729
f 1736 1730 1737
f 1735 1730 1736
f 1734 1724 1730
f 1734 1730 1735
f 1733 1723 1724
f 1733 1724 1734
f 1732 1722 1723
f 1732 1723 1733
f 1731 1721 1722
f 1731 1722 1732
f 1740 1738 1739
f 1741 1740 1739
f 1757 1758 1759
f 1760 1757 1759
f 1755 1756 1757
f 1755 1757 1760
f 1754 1760 1761
f 1754 1755 1760
f 1753 1754 1761
f 1762 1753 1761
f 1752 1753 1762
f 1763 1752 1762
f 1751 1752 1763
f 1764 1750 1751
f 1764 1751 1763
f 1765 1749 1750
f 1765 1750 1764
f 1766 1749 1765
f 1767 1748 1749
f 1767 1749 1766
f 1772 1742 1743
f 1772 1743 1744
f 1768 1747 1748
f 1768 1748 1767
f 1771 1744 1745
f 1771 1772 1744
f 1769 1746 1747
f 1769 1747 1768
f 1770 1745 1746
f 1770 1746 1769
f 1770 1771 1745
f 1777 1775 1776
f 1773 1775 1777
f 1774 1773 1777
f 1800 1785 1784
f 1806 1779 1778
f 1806 1778 1792
f 1807 1780 1779
f 1807 1779 1806
f 1808 1781 1780
f 1808 1780 1807
f 1809 1782 1781
f 1809 1781 1808
f 1810 1783 1782
f 1810 1782 1809
f 1811 1784 1783
f 1811 1800 1784
f 1811 1783 1810
f 1812 1792 1791
f 1812 1806 1792
f 1813 1806 1812
f 1813 1807 1806
f 1814 1808 1807
f 1814 1807 1813
f 1815 1809 1808
f 1815 1808 1814
f 1816 1810 1809
f 1816 1809 1815
f 1817 1801 1800
f 1817 1811 1810
f 1817 1800 1811
f 1817 1810 1816
f 1818 1791 1790
f 1818 1812 1791
f 1819 1813 1812
f 1819 1812 1818
f 1820 1814 1813
f 1820 1813 1819
f 1821 1815 1814
f 1821 1814 1820
f 1822 1815 1821
f 1822 1816 1815
f 1823 1816 1822
f 1823 1802 1801
f 1823 1801 1817
f 1823 1817 1816
f 1824 1790 1789
f 1824 1818 1790
f 1825 1818 1824
f 1825 1819 1818
f 1826 1821 1820
f 1826 1819 1825
f 1826 1820 1819
f 1827 1821 1826
f 1828 1822 1821
f 1828 1821 1827
f 1829 1803 1802
f 1829 1802 1823
f 1829 1823 1822
f 1829 1822 1828
f 1830 1789 1788
f 1830 1824 1789
f 1831 1825 1824
f 1831 1824 1830
f 1832 1826 1825
f 1832 1825 1831
f 1833 1827 1826
f 1833 1826 1832
f 1834 1827 1833
f 1834 1828 1827
f 1835 1803 1829
f 1835 1829 1828
f 1835 1804 1803
f 1835 1828 1834
f 1836 1787 1786
f 1836 1788 1787
f 1836 1830 1788
f 1836 1786 1799
f 1836 1831 1830
f 1837 1799 1798
f 1837 1831 1836
f 1837 1836 1799
f 1838 1798 1797
f 1838 1832 1831
f 1838 1831 1837
f 1838 1837 1798
f 1839 1797 1796
f 1839 1833 1832
f 1839 1832 1838
f 1839 1838 1797
f 1840 1796 1795
f 1840 1834 1833
f 1840 1833 1839
f 1840 1839 1796
f 1841 1794 1793
f 1841 1795 1794
f 1841 1805 1804
f 1841 1793 1805
f 1841 1804 1835
f 1841 1835 1834
f 1841 1834 1840
f 1841 1840 1795
f 1851 1860 1859
f 1852 1861 1860
f 1852 1860 1851
f 1853 1862 1861
f 1853 1861 1852
f 1854 1863 1862
f 1854 1862 1853
f 1855 1864 1863
f 1855 1863 1854
f 1856 1865 1864
f 1856 1864 1855
f 1857 1866 1865
f 1857 1865 1856
f 1858 1867 1866
f 1858 1866 1857
f 1850 1867 1858
f 1849 1868 1867
f 1849 1867 1850
f 1848 1868 1849
f 1842 1869 1868
f 1842 1868 1848
f 1843 1870 1869
f 1843 1869 1842
f 1844 1871 1870
f 1844 1870 1843
f 1845 1871 1844
f 1846 1872 1871
f 1846 1871 1845
f 1847 1872 1846
f 1881 1874 1873
f 1882 1875 1874
f 1882 1874 1881
f 1883 1876 1875
f 1883 1875 1882
f 1884 1876 1883
f 1885 1877 1876
f 1885 1876 1884
f 1886 1878 1877
f 1886 1877 1885
f 1887 1879 1878
f 1887 1878 1886
f 1888 1880 1879
f 1888 1879 1887
f 1890 1903 1889
f 1901 1908 1907
f 1901 1902 1908
f 1893 1891 1892
f 1894 1891 1893
f 1899 1900 1898
f 1909 1900 1901
f 1909 1904 1903
f 1909 1905 1904
f 1909 1906 1905
f 1909 1907 1906
f 1909 1903 1890
f 1909 1901 1907
f 1910 1909 1890
f 1910 1900 1909
f 1911 1890 1891
f 1911 1894 1895
f 1911 1895 1896
f 1911 1896 1897
f 1911 1897 1898
f 1911 1900 1910
f 1911 1910 1890
f 1911 1891 1894
f 1911 1898 1900
f 1915 1912 1914
f 1913 1912 1915
f 1917 1927 1916
f 1918 1928 1927
f 1918 1927 1917
f 1919 1929 1928
f 1919 1928 1918
f 1925 1930 1929
f 1925 1931 1930
f 1925 1932 1931
f 1925 1926 1932
f 1920 1925 1929
f 1920 1929 1919
f 1921 1925 1920
f 1922 1925 1921
f 1923 1925 1922
f 1924 1925 1923
f 1935 1938 1939
f 1934 1937 1938
f 1934 1938 1935
f 1933 1936 1937
f 1933 1937 1934
f 1940 1945 1944
f 1941 1946 1945
f 1941 1945 1940
f 1942 1943 1946
f 1942 1946 1941
f 1948 1954 1953
f 1948 1955 1954
f 1952 1948 1953
f 1951 1947 1948
f 1950 1948 1952
f 1950 1951 1948
f 1949 1950 1952
f 1958 1956 1957
f 1958 1960 1956
f 1959 1960 1958
f 1975 1982 1976
f 1987 1962 1961
f 1987 1961 1969
f 1988 1963 1962
f 1988 1962 1987
f 1989 1964 1963
f 1989 1963 1988
f 1990 1965 1964
f 1990 1964 1989
f 1991 1966 1965
f 1991 1965 1990
f 1992 1967 1966
f 1992 1968 1967
f 1992 1986 1968
f 1992 1966 1991
f 1993 1969 1970
f 1993 1987 1969
f 1994 1988 1987
f 1994 1987 1993
f 1995 1989 1988
f 1995 1988 1994
f 1996 1990 1989
f 1996 1989 1995
f 1997 1991 1990
f 1997 1990 1996
f 1998 1985 1986
f 1998 1991 1997
f 1998 1992 1991
f 1998 1986 1992
f 1999 1970 1971
f 1999 1971 1972
f 1999 1993 1970
f 2000 1994 1993
f 2000 1993 1999
f 2001 1995 1994
f 2001 1994 2000
f 2002 1996 1995
f 2002 1995 2001
f 2003 1997 1996
f 2003 1996 2002
f 2004 1984 1985
f 2004 1985 1998
f 2004 1998 1997
f 2004 1997 2003
f 2005 1999 1972
f 2006 2000 1999
f 2006 1999 2005
f 2007 2000 2006
f 2007 2001 2000
f 2008 2001 2007
f 2008 2002 2001
f 2009 2002 2008
f 2009 2003 2002
f 2010 2004 2003
f 2010 2003 2009
f 2010 1983 1984
f 2010 1984 2004
f 2011 1972 1973
f 2011 1973 1974
f 2011 1974 1981
f 2011 2005 1972
f 2012 1981 1980
f 2012 2011 1981
f 2012 2005 2011
f 2012 2006 2005
f 2013 2007 2006
f 2013 2012 1980
f 2013 1980 1979
f 2013 2006 2012
f 2014 2008 2007
f 2014 1979 1978
f 2014 2013 1979
f 2014 2007 2013
f 2015 2009 2008
f 2015 2014 1978
f 2015 1978 1977
f 2015 2008 2014
f 2016 1977 1976
f 2016 1983 2010
f 2016 1982 1983
f 2016 2015 1977
f 2016 2009 2015
f 2016 1976 1982
f 2016 2010 2009
f 2029 2045 2018
f 2030 2029 2018
f 2028 2044 2045
f 2028 2045 2029
f 2027 2043 2044
f 2027 2044 2028
f 2026 2042 2043
f 2026 2043 2027
f 2031 2030 2018
f 2025 2041 2042
f 2025 2042 2026
f 2024 2040 2041
f 2024 2041 2025
f 2017 2031 2018
f 2023 2038 2039
f 2023 2039 2040
f 2023 2040 2024
f 2022 2037 2038
f 2022 2038 2023
f 2033 2034 2035
f 2032 2033 2020
f 2019 2032 2020
f 2046 2021 2020
f 2046 2022 2021
f 2046 2035 2036
f 2046 2036 2037
f 2046 2020 2033
f 2046 2037 2022
f 2046 2033 2035
f 2074 2063 2062
f 2050 2066 2065
f 2051 2067 2066
f 2051 2068 2067
f 2051 2066 2050
f 2052 2069 2068
f 2052 2068 2051
f 2053 2070 2069
f 2053 2069 2052
f 2054 2071 2070
f 2054 2070 2053
f 2055 2072 2071
f 2055 2071 2054
f 2056 2073 2072
f 2056 2072 2055
f 2057 2061 2073
f 2057 2073 2056
f 2058 2061 2057
f 2075 2048 2074
f 2047 2048 2075
f 2059 2061 2058
f 2060 2061 2059
f 2076 2048 2049
f 2076 2049 2050
f 2076 2064 2063
f 2076 2065 2064
f 2076 2063 2074
f 2076 2050 2065
f 2076 2074 2048
f 2099 2101 2100
f 2097 2104 2102
f 2096 2101 2099
f 2094 2106 2103
f 2095 2105 2098
f 2093 2109 2107
f 2092 2106 2094
f 2090 2110 2108
f 2090 2108 2091
f 2089 2086 2111
f 2088 2110 2090
f 2077 2084 2087
f 2083 2085 2078
f 2080 2083 2078
f 2081 2082 2079
f 2117 2115 2112
f 2119 2146 2114
f 2118 2113 2116
f 2132 2133 2134
f 2130 2135 2137
f 2129 2132 2134
f 2127 2136 2139
f 2128 2131 2138
f 2122 2144 2147
f 2120 2145 2118
f 2126 2140 2142
f 2125 2127 2139
f 2123 2141 2143
f 2123 2143 2121
f 2123 2124 2141
f 2151 2153 2154
f 2151 2156 2153
f 2157 2156 2151
f 2150 2154 2155
f 2150 2151 2154
f 2149 2155 2152
f 2149 2150 2155
f 2148 2149 2152
f 2170 2159 2158
f 2170 2158 2160
f 2169 2160 2161
f 2169 2170 2160
f 2168 2161 2162
f 2168 2169 2161
f 2167 2162 2163
f 2167 2168 2162
f 2166 2163 2164
f 2166 2164 2165
f 2166 2167 2163
f 2225 2191 2190
f 2224 2192 2191
f 2224 2191 2225
f 2226 2190 2189
f 2226 2225 2190
f 2223 2193 2192
f 2223 2192 2224
f 2227 2189 2188
f 2227 2226 2189
f 2222 2194 2193
f 2222 2193 2223
f 2202 2187 2186
f 2202 2188 2187
f 2202 2227 2188
f 2221 2195 2194
f 2221 2196 2195
f 2221 2194 2222
f 2183 2185 2184
f 2203 2186 2185
f 2203 2202 2186
f 2220 2197 2196
f 2220 2196 2221
f 2204 2185 2183
f 2204 2183 2182
f 2204 2203 2185
f 2181 2204 2182
f 2219 2197 2220
f 2198 2197 2219
f 2205 2204 2181
f 2218 2198 2219
f 2180 2205 2181
f 2180 2206 2205
f 2199 2198 2218
f 2199 2218 2217
f 2200 2199 2217
f 2200 2217 2216
f 2179 2206 2180
f 2179 2207 2206
f 2201 2216 2215
f 2201 2200 2216
f 2178 2208 2207
f 2178 2207 2179
f 2171 2215 2214
f 2171 2201 2215
f 2177 2209 2208
f 2177 2208 2178
f 2172 2214 2213
f 2172 2171 2214
f 2176 2210 2209
f 2176 2209 2177
f 2173 2213 2212
f 2173 2172 2213
f 2175 2211 2210
f 2175 2210 2176
f 2174 2212 2211
f 2174 2173 2212
f 2174 2211 2175
f 2234 2247 2239
f 2235 2247 2234
f 2236 2246 2247
f 2236 2247 2235
f 2237 2245 2246
f 2237 2246 2236
f 2238 2244 2245
f 2238 2245 2237
f 2233 2244 2238
f 2228 2243 2244
f 2228 2244 2233
f 2229 2242 2243
f 2229 2243 2228
f 2230 2241 2242
f 2230 2242 2229
f 2231 2240 2241
f 2231 2241 2230
f 2232 2240 2231
f 2270 2261 2260
f 2270 2262 2261
f 2256 2255 2266
f 2252 2259 2251
f 2253 2259 2252
f 2254 2259 2253
f 2271 2263 2262
f 2271 2264 2263
f 2271 2265 2264
f 2271 2266 2265
f 2271 2262 2270
f 2271 2256 2266
f 2272 2257 2256
f 2272 2270 2269
f 2272 2271 2270
f 2272 2256 2271
f 2273 2257 2272
f 2273 2272 2269
f 2274 2258 2257
f 2274 2269 2268
f 2274 2273 2269
f 2274 2257 2273
f 2275 2274 2268
f 2275 2258 2274
f 2276 2259 2258
f 2276 2268 2267
f 2276 2275 2268
f 2276 2258 2275
f 2277 2248 2249
f 2277 2249 2250
f 2277 2250 2251
f 2277 2267 2248
f 2277 2276 2267
f 2277 2251 2259
f 2277 2259 2276
f 2296 2290 2289
f 2287 2286 2294
f 2279 2295 2278
f 2280 2295 2279
f 2284 2288 2283
f 2285 2288 2284
f 2297 2291 2290
f 2297 2292 2291
f 2297 2293 2292
f 2297 2294 2293
f 2297 2290 2296
f 2297 2287 2294
f 2298 2288 2287
f 2298 2296 2295
f 2298 2297 2296
f 2298 2287 2297
f 2299 2280 2281
f 2299 2281 2282
f 2299 2282 2283
f 2299 2298 2295
f 2299 2288 2298
f 2299 2295 2280
f 2299 2283 2288
f 2317 2311 2310
f 2317 2312 2311
f 2301 2317 2300
f 2302 2317 2301
f 2309 2316 2315
f 2309 2308 2316
f 2306 2309 2305
f 2307 2309 2306
f 2318 2302 2303
f 2318 2303 2304
f 2318 2304 2305
f 2318 2313 2312
f 2318 2314 2313
f 2318 2315 2314
f 2318 2312 2317
f 2318 2309 2315
f 2318 2317 2302
f 2318 2305 2309
f 2321 2320 2319
f 2322 2323 2326
f 2325 2322 2326
f 2324 2322 2325
f 2332 2333 2339
f 2334 2328 2339
f 2334 2339 2333
f 2335 2328 2334
f 2331 2332 2339
f 2327 2328 2335
f 2330 2339 2338
f 2330 2331 2339
f 2329 2330 2338
f 2336 2329 2338
f 2337 2336 2338
f 2341 2346 2345
f 2341 2345 2340
f 2342 2347 2346
f 2342 2344 2347
f 2342 2346 2341
f 2343 2344 2342
f 2348 2351 2350
f 2349 2351 2348
f 2352 2351 2349
f 2360 2361 2362
f 2366 2358 2359
f 2366 2359 2360
f 2366 2360 2362
f 2368 2380 2369
f 2367 2380 2368
f 2379 2380 2367
f 2384 2353 2354
f 2384 2354 2355
f 2384 2355 2356
f 2384 2356 2357
f 2384 2357 2358
f 2384 2381 2353
f 2384 2358 2366
f 2385 2366 2365
f 2385 2381 2384
f 2385 2384 2366
f 2386 2382 2381
f 2386 2381 2385
f 2387 2386 2385
f 2387 2385 2365
f 2388 2365 2364
f 2388 2387 2365
f 2389 2390 2391
f 2392 2364 2363
f 2392 2375 2374
f 2392 2376 2375
f 2392 2377 2376
f 2392 2378 2377
f 2392 2363 2378
f 2393 2371 2370
f 2393 2372 2371
f 2393 2373 2372
f 2393 2374 2373
f 2393 2392 2374
f 2394 2370 2369
f 2394 2380 2383
f 2394 2393 2370
f 2394 2369 2380
f 2395 2390 2388
f 2395 2388 2364
f 2396 2395 2364
f 2396 2392 2391
f 2396 2391 2390
f 2396 2390 2395
f 2396 2364 2392
f 2397 2386 2387
f 2397 2388 2390
f 2397 2387 2388
f 2397 2382 2386
f 2398 2397 2390
f 2398 2389 2382
f 2398 2382 2397
f 2398 2390 2389
f 2399 2383 2382
f 2399 2382 2389
f 2399 2389 2391
f 2400 2391 2392
f 2400 2393 2394
f 2400 2399 2391
f 2400 2392 2393
f 2400 2383 2399
f 2400 2394 2383
f 2403 2421 2422
f 2403 2422 2404
f 2415 2414 2417
f 2405 2402 2401
f 2413 2402 2405
f 2408 2416 2409
f 2407 2416 2408
f 2406 2416 2407
f 2423 2417 2418
f 2423 2418 2419
f 2423 2419 2420
f 2423 2420 2421
f 2423 2421 2403
f 2423 2415 2417
f 2424 2403 2402
f 2424 2415 2423
f 2424 2423 2403
f 2425 2416 2415
f 2425 2415 2424
f 2426 2410 2409
f 2426 2411 2410
f 2426 2412 2411
f 2426 2413 2412
f 2426 2424 2402
f 2426 2416 2425
f 2426 2425 2424
f 2426 2402 2413
f 2426 2409 2416
f 2434 2431 2433
f 2427 2430 2431
f 2428 2432 2435
f 2437 2429 2436
f 2438 2457 2458
f 2438 2458 2439
f 2440 2454 2455
f 2440 2455 2456
f 2440 2456 2457
f 2440 2457 2438
f 2441 2453 2454
f 2441 2454 2440
f 2442 2452 2453
f 2442 2453 2441
f 2443 2451 2452
f 2443 2452 2442
f 2444 2450 2451
f 2444 2451 2443
f 2445 2449 2450
f 2445 2450 2444
f 2446 2448 2449
f 2446 2449 2445
f 2447 2448 2446
f 2463 2460 2462
f 2459 2460 2463
f 2461 2459 2463
f 2464 2470 2471
f 2469 2470 2464
f 2465 2469 2464
f 2468 2469 2465
f 2466 2467 2468
f 2466 2468 2465
f 2472 2476 2479
f 2477 2476 2472
f 2473 2477 2472
f 2478 2477 2473
f 2474 2475 2478
f 2474 2478 2473
f 2495 2488 2487
f 2495 2489 2488
f 2495 2490 2489
f 2495 2487 2494
f 2496 2490 2495
f 2496 2495 2494
f 2497 2491 2490
f 2497 2492 2491
f 2497 2493 2492
f 2497 2486 2493
f 2497 2490 2496
f 2497 2496 2494
f 2498 2480 2481
f 2498 2481 2482
f 2498 2482 2483
f 2498 2483 2484
f 2498 2484 2485
f 2498 2485 2486
f 2498 2494 2480
f 2498 2497 2494
f 2498 2486 2497
f 2506 2504 2503
f 2506 2505 2504
f 2507 2503 2502
f 2507 2506 2503
f 2508 2502 2501
f 2508 2507 2502
f 2499 2500 2508
f 2499 2508 2501
f 2512 2514 2513
f 2511 2515 2514
f 2511 2514 2512
f 2510 2516 2515
f 2510 2515 2511
f 2509 2516 2510
f 2529 2533 2528
f 2551 2543 2531
f 2552 2542 2543
f 2552 2543 2551
f 2550 2531 2532
f 2550 2532 2533
f 2550 2533 2529
f 2550 2551 2531
f 2553 2541 2542
f 2553 2542 2552
f 2549 2529 2530
f 2549 2550 2529
f 2554 2540 2541
f 2554 2541 2553
f 2548 2520 2521
f 2548 2530 2520
f 2548 2549 2530
f 2555 2539 2540
f 2555 2540 2554
f 2573 2548 2521
f 2573 2521 2522
f 2556 2538 2539
f 2556 2539 2555
f 2572 2573 2522
f 2557 2538 2556
f 2523 2572 2522
f 2571 2572 2523
f 2537 2538 2557
f 2537 2557 2558
f 2524 2571 2523
f 2524 2570 2571
f 2536 2537 2558
f 2536 2558 2559
f 2525 2570 2524
f 2525 2569 2570
f 2535 2536 2559
f 2535 2559 2560
f 2526 2568 2569
f 2526 2569 2525
f 2534 2535 2560
f 2534 2560 2561
f 2527 2568 2526
f 2527 2567 2568
f 2547 2534 2561
f 2547 2561 2562
f 2546 2562 2563
f 2546 2547 2562
f 2517 2567 2527
f 2518 2566 2567
f 2518 2567 2517
f 2519 2565 2566
f 2519 2566 2518
f 2545 2563 2564
f 2545 2546 2563
f 2544 2565 2519
f 2544 2564 2565
f 2544 2545 2564
f 2575 2574 2582
f 2592 2575 2582
f 2591 2590 2589
f 2591 2600 2590
f 2601 2581 2580
f 2601 2582 2581
f 2601 2593 2592
f 2601 2594 2593
f 2601 2592 2582
f 2602 2578 2577
f 2602 2579 2578
f 2602 2580 2579
f 2602 2595 2594
f 2602 2596 2595
f 2602 2601 2580
f 2602 2594 2601
f 2603 2577 2576
f 2603 2585 2584
f 2603 2576 2585
f 2603 2597 2596
f 2603 2598 2597
f 2603 2596 2602
f 2603 2602 2577
f 2604 2584 2583
f 2604 2583 2586
f 2604 2588 2587
f 2604 2586 2588
f 2604 2587 2590
f 2604 2599 2598
f 2604 2600 2599
f 2604 2590 2600
f 2604 2603 2584
f 2604 2598 2603
f 2609 2610 2611
f 2621 2609 2611
f 2608 2609 2621
f 2622 2621 2611
f 2620 2607 2608
f 2620 2608 2621
f 2623 2622 2611
f 2615 2623 2611
f 2605 2607 2620
f 2616 2615 2611
f 2612 2617 2616
f 2612 2618 2617
f 2612 2619 2618
f 2612 2614 2619
f 2612 2616 2611
f 2613 2614 2612
f 2606 2607 2605
f 2625 2624 2626
f 2644 2641 2642
f 2644 2642 2643
f 2633 2644 2634
f 2632 2644 2633
f 2635 2636 2637
f 2635 2637 2638
f 2628 2635 2629
f 2627 2635 2628
f 2645 2630 2629
f 2645 2631 2630
f 2645 2632 2631
f 2645 2638 2639
f 2645 2639 2640
f 2645 2640 2641
f 2645 2641 2644
f 2645 2635 2638
f 2645 2644 2632
f 2645 2629 2635
f 2663 2661 2662
f 2655 2656 2657
f 2652 2664 2653
f 2651 2664 2652
f 2647 2654 2648
f 2646 2654 2647
f 2665 2657 2658
f 2665 2658 2659
f 2665 2659 2660
f 2665 2660 2661
f 2665 2661 2663
f 2665 2655 2657
f 2666 2654 2655
f 2666 2663 2664
f 2666 2665 2663
f 2666 2655 2665
f 2667 2649 2648
f 2667 2650 2649
f 2667 2651 2650
f 2667 2666 2664
f 2667 2654 2666
f 2667 2664 2651
f 2667 2648 2654
f 2687 2685 2686
f 2678 2679 2680
f 2678 2680 2681
f 2673 2690 2674
f 2672 2690 2673
f 2671 2690 2672
f 2691 2681 2682
f 2691 2682 2683
f 2691 2683 2684
f 2691 2684 2685
f 2691 2685 2687
f 2691 2678 2681
f 2692 2677 2678
f 2692 2687 2688
f 2692 2691 2687
f 2692 2678 2691
f 2693 2692 2688
f 2693 2677 2692
f 2694 2676 2677
f 2694 2688 2689
f 2694 2677 2693
f 2694 2693 2688
f 2695 2694 2689
f 2695 2676 2694
f 2696 2675 2676
f 2696 2689 2690
f 2696 2676 2695
f 2696 2695 2689
f 2697 2669 2668
f 2697 2670 2669
f 2697 2671 2670
f 2697 2668 2675
f 2697 2696 2690
f 2697 2690 2671
f 2697 2675 2696
f 2702 2700 2701
f 2698 2700 2702
f 2699 2698 2702
f 2705 2708 2709
f 2705 2709 2710
f 2705 2710 2706
f 2704 2707 2708
f 2704 2708 2705
f 2703 2707 2704
f 2714 2715 2723
f 2716 2723 2715
f 2713 2723 2712
f 2713 2714 2723
f 2717 2723 2716
f 2711 2713 2712
f 2718 2722 2723
f 2718 2723 2717
f 2719 2722 2718
f 2720 2722 2719
f 2721 2722 2720
f 2735 2729 2728
f 2726 2734 2733
f 2726 2727 2734
f 2738 2736 2737
f 2739 2736 2738
f 2740 2736 2739
f 2745 2725 2744
f 2724 2725 2745
f 2746 2730 2729
f 2746 2731 2730
f 2746 2732 2731
f 2746 2733 2732
f 2746 2726 2733
f 2746 2729 2735
f 2747 2725 2726
f 2747 2726 2746
f 2747 2746 2735
f 2748 2735 2736
f 2748 2747 2735
f 2749 2740 2741
f 2749 2741 2742
f 2749 2742 2743
f 2749 2743 2744
f 2749 2748 2736
f 2749 2747 2748
f 2749 2736 2740
f 2749 2725 2747
f 2749 2744 2725
f 2780 2758 2757
f 2779 2756 2755
f 2779 2757 2756
f 2779 2780 2757
f 2763 2764 2762
f 2765 2762 2764
f 2766 2762 2765
f 2781 2751 2750
f 2781 2752 2751
f 2781 2753 2752
f 2781 2754 2753
f 2781 2755 2754
f 2781 2750 2759
f 2781 2779 2755
f 2782 2778 2779
f 2782 2781 2759
f 2782 2779 2781
f 2783 2759 2760
f 2783 2782 2759
f 2784 2782 2783
f 2784 2778 2782
f 2785 2777 2778
f 2785 2778 2784
f 2786 2787 2788
f 2789 2761 2762
f 2789 2766 2767
f 2789 2762 2766
f 2790 2767 2768
f 2790 2768 2769
f 2790 2769 2770
f 2790 2770 2771
f 2790 2789 2767
f 2791 2771 2772
f 2791 2772 2773
f 2791 2773 2774
f 2791 2774 2775
f 2791 2775 2776
f 2791 2776 2777
f 2791 2790 2771
f 2792 2787 2785
f 2792 2783 2760
f 2792 2784 2783
f 2792 2785 2784
f 2793 2788 2787
f 2793 2760 2788
f 2793 2787 2792
f 2793 2792 2760
f 2794 2760 2761
f 2794 2788 2760
f 2794 2786 2788
f 2795 2791 2786
f 2795 2786 2794
f 2795 2789 2790
f 2795 2790 2791
f 2795 2794 2761
f 2795 2761 2789
f 2796 2785 2787
f 2796 2777 2785
f 2797 2777 2796
f 2797 2796 2787
f 2797 2786 2791
f 2797 2791 2777
f 2797 2787 2786
f 2800 2801 2802
f 2798 2800 2802
f 2799 2798 2802
f 2804 2803 2812
f 2808 2812 2811
f 2809 2805 2813
f 2807 2806 2810
f 2848 2850 2849
f 2815 2850 2848
f 2845 2814 2847
f 2817 2846 2842
f 2816 2814 2845
f 2818 2817 2842
f 2821 2819 2844
f 2834 2824 2822
f 2829 2825 2835
f 2837 2829 2835
f 2827 2830 2838
f 2839 2826 2836
f 2831 2840 2833
f 2832 2828 2841
f 2835 2823 2843
f 2823 2820 2843
f 2857 2854 2853
f 2857 2858 2854
f 2856 2853 2852
f 2856 2857 2853
f 2855 2852 2851
f 2855 2856 2852
f 2859 2878 2877
f 2859 2879 2878
f 2860 2875 2874
f 2860 2876 2875
f 2860 2877 2876
f 2860 2859 2877
f 2861 2874 2873
f 2861 2860 2874
f 2862 2873 2872
f 2862 2861 2873
f 2863 2872 2871
f 2863 2862 2872
f 2864 2871 2870
f 2864 2863 2871
f 2865 2870 2869
f 2865 2864 2870
f 2866 2869 2868
f 2866 2865 2869
f 2867 2866 2868
f 2892 2898 2905
f 2893 2905 2904
f 2893 2892 2905
f 2894 2904 2903
f 2894 2893 2904
f 2895 2894 2903
f 2902 2895 2903
f 2896 2895 2902
f 2891 2882 2883
f 2901 2897 2896
f 2901 2896 2902
f 2880 2891 2890
f 2880 2882 2891
f 2889 2880 2890
f 2900 2884 2897
f 2900 2897 2901
f 2899 2884 2900
f 2912 2881 2880
f 2911 2885 2884
f 2911 2884 2899
f 2906 2880 2889
f 2906 2912 2880
f 2910 2886 2885
f 2910 2885 2911
f 2907 2889 2888
f 2907 2906 2889
f 2909 2887 2886
f 2909 2886 2910
f 2908 2888 2887
f 2908 2907 2888
f 2908 2887 2909
f 2914 2915 2913
f 2920 2916 2917
f 2918 2920 2917
f 2919 2920 2918
f 2927 2926 2923
f 2922 2927 2923
f 2928 2927 2922
f 2921 2925 2928
f 2921 2928 2922
f 2924 2925 2921
f 2935 2936 2931
f 2930 2935 2931
f 2934 2935 2930
f 2929 2933 2934
f 2929 2934 2930
f 2932 2933 2929
f 2952 2947 2948
f 2952 2948 2949
f 2952 2949 2950
f 2952 2950 2951
f 2953 2947 2952
f 2953 2952 2943
f 2954 2943 2944
f 2954 2944 2945
f 2954 2945 2946
f 2954 2946 2947
f 2954 2953 2943
f 2954 2947 2953
f 2955 2938 2937
f 2955 2939 2938
f 2955 2940 2939
f 2955 2941 2940
f 2955 2942 2941
f 2955 2937 2943
f 2955 2951 2942
f 2955 2952 2951
f 2955 2943 2952
f 2973 2974 2975
f 2972 2973 2975
f 2971 2972 2975
f 2976 2966 2967
f 2976 2967 2968
f 2976 2968 2969
f 2976 2969 2970
f 2976 2970 2971
f 2976 2971 2975
f 2965 2966 2976
f 2964 2965 2976
f 2963 2964 2976
f 2962 2963 2976
f 2961 2962 2976
f 2960 2961 2976
f 2957 2958 2959
f 2957 2959 2960
f 2957 2960 2976
f 2977 2957 2976
f 2956 2957 2977
f 2989 2956 2977
f 2988 2989 2977
f 2987 2988 2977
f 2978 2983 2984
f 2978 2984 2985
f 2978 2985 2986
f 2978 2986 2987
f 2978 2987 2977
f 2979 2981 2982
f 2979 2982 2983
f 2979 2983 2978
f 2980 2981 2979
f 2990 2992 2991
f 3016 2992 2990
f 3017 2992 3016
f 2993 3017 3018
f 2993 3018 3019
f 2993 3019 3020
f 2993 3020 3021
f 2993 3021 3022
f 2993 3022 3023
f 2993 3023 3009
f 2993 2992 3017
f 3010 2993 3009
f 3011 2993 3010
f 3012 2993 3011
f 3013 2993 3012
f 3008 3013 3014
f 3008 3014 3015
f 3008 2993 3013
f 2994 2993 3008
f 3007 2994 3008
f 3006 2994 3007
f 3005 2994 3006
f 3004 2994 3005
f 2995 3001 3000
f 2995 3002 3001
f 2995 3003 3002
f 2995 3004 3003
f 2995 2994 3004
f 2996 2999 2998
f 2996 3000 2999
f 2996 2995 3000
f 2997 2996 2998
f 3028 3024 3025
f 3028 3025 3026
f 3028 3026 3027
f 3033 3030 3031
f 3033 3031 3032
f 3034 3029 3030
f 3034 3030 3033
f 3038 3040 3039
f 3036 3035 3041
f 3042 3037 3036
f 3042 3038 3037
f 3042 3041 3040
f 3042 3036 3041
f 3042 3040 3038
f 3046 3044 3043
f 3052 3045 3044
f 3052 3046 3047
f 3052 3048 3045
f 3052 3049 3048
f 3052 3050 3049
f 3052 3051 3050
f 3052 3047 3051
f 3052 3044 3046
f 3056 3054 3053
f 3056 3055 3054
f 3056 3053 3057
f 3060 3065 3061
f 3064 3065 3060
f 3063 3060 3059
f 3063 3064 3060
f 3062 3063 3059
f 3068 3070 3069
f 3067 3059 3058
f 3067 3058 3070
f 3067 3062 3059
f 3066 3067 3070
f 3066 3070 3068
f 3071 3077 3072
f 3073 3077 3071
f 3074 3076 3077
f 3074 3077 3073
f 3075 3076 3074
f 3078 3082 3081
f 3078 3079 3082
f 3080 3078 3081
f 3083 3089 3084
f 3085 3090 3089
f 3085 3089 3083
f 3086 3088 3090
f 3086 3090 3085
f 3087 3088 3086
f 3101 3092 3091
f 3101 3091 3100
f 3102 3093 3092
f 3102 3092 3101
f 3103 3094 3093
f 3103 3093 3102
f 3104 3095 3094
f 3104 3094 3103
f 3105 3096 3095
f 3105 3095 3104
f 3106 3097 3096
f 3106 3096 3105
f 3099 3098 3097
f 3099 3097 3106
f 3112 3109 3107
f 3111 3110 3108
f 3114 3115 3113
f 3126 3117 3116
f 3126 3116 3125
f 3127 3118 3117
f 3127 3117 3126
f 3128 3119 3118
f 3128 3118 3127
f 3129 3120 3119
f 3129 3119 3128
f 3130 3121 3120
f 3130 3120 3129
f 3131 3122 3121
f 3131 3121 3130
f 3124 3123 3122
f 3124 3122 3131
f 3141 3138 3139
f 3142 3137 3138
f 3142 3138 3141
f 3143 3136 3137
f 3143 3137 3142
f 3144 3136 3143
f 3135 3136 3144
f 3145 3135 3144
f 3134 3135 3145
f 3146 3134 3145
f 3147 3133 3134
f 3147 3134 3146
f 3148 3133 3147
f 3132 3133 3148
f 3140 3132 3148
f 3151 3153 3149
f 3154 3152 3150
f 3155 3156 3157
f 3169 3159 3158
f 3170 3160 3159
f 3170 3159 3169
f 3171 3161 3160
f 3171 3160 3170
f 3172 3162 3161
f 3172 3161 3171
f 3173 3163 3162
f 3173 3162 3172
f 3174 3164 3163
f 3174 3163 3173
f 3175 3165 3164
f 3175 3164 3174
f 3166 3165 3175
f 3176 3166 3175
f 3167 3166 3176
f 3168 3167 3176
f 3182 3177 3179
f 3182 3179 3180
f 3181 3177 3182
f 3178 3177 3181
f 3185 3183 3184
f 3185 3189 3183
f 3186 3188 3189
f 3186 3189 3185
f 3187 3188 3186
f 3191 3190 3197
f 3196 3191 3197
f 3195 3192 3191
f 3195 3191 3196
f 3194 3192 3195
f 3200 3201 3202
f 3199 3193 3192
f 3199 3202 3193
f 3199 3192 3194
f 3198 3202 3199
f 3198 3200 3202
f 3206 3204 3203
f 3206 3205 3204
f 3207 3205 3206
f 3210 3209 3208
f 3210 3212 3209
f 3211 3212 3210
f 3214 3213 3215
f 3214 3215 3216
f 3219 3217 3218
f 3219 3222 3223
f 3219 3223 3217
f 3220 3221 3222
f 3220 3222 3219
f 3225 3226 3224
f 3225 3227 3226
f 3232 3228 3230
f 3232 3230 3231
f 3233 3229 3228
f 3233 3228 3232
f 3237 3229 3233
f 3236 3243 3229
f 3236 3229 3237
f 3235 3244 3243
f 3235 3245 3244
f 3235 3243 3236
f 3234 3245 3235
f 3240 3246 3245
f 3240 3245 3234
f 3239 3247 3246
f 3239 3246 3240
f 3238 3241 3242
f 3238 3242 3247
f 3238 3247 3239
f 3250 3251 3249
f 3257 3248 3249
f 3257 3251 3252
f 3257 3252 3253
f 3257 3253 3254
f 3257 3254 3255
f 3257 3255 3256
f 3257 3256 3248
f 3257 3249 3251
f 3264 3263 3262
f 3260 3265 3264
f 3260 3264 3262
f 3261 3266 3265
f 3261 3265 3260
f 3267 3266 3261
f 3258 3268 3267
f 3258 3269 3268
f 3258 3270 3269
f 3258 3271 3270
f 3258 3267 3261
f 3274 3271 3258
f 3273 3274 3258
f 3259 3273 3258
f 3272 3273 3259
f 3281 3278 3277
f 3279 3276 3275
f 3282 3277 3276
f 3282 3279 3280
f 3282 3276 3279
f 3283 3280 3281
f 3283 3277 3282
f 3283 3281 3277
f 3283 3282 3280
f 3287 3285 3284
f 3287 3284 3286
f 3287 3288 3285
f 3301 3299 3298
f 3301 3300 3299
f 3302 3297 3296
f 3302 3298 3297
f 3302 3301 3298
f 3305 3290 3289
f 3305 3291 3290
f 3303 3295 3294
f 3303 3296 3295
f 3303 3302 3296
f 3304 3292 3291
f 3304 3293 3292
f 3304 3294 3293
f 3304 3291 3305
f 3304 3303 3294
f 3319 3318 3317
f 3314 3316 3313
f 3306 3312 3311
f 3321 3309 3310
f 3321 3320 3309
f 3322 3314 3315
f 3322 3315 3312
f 3322 3317 3316
f 3322 3320 3319
f 3322 3316 3314
f 3322 3319 3317
f 3322 3312 3306
f 3322 3306 3320
f 3323 3306 3307
f 3323 3307 3308
f 3323 3308 3309
f 3323 3320 3306
f 3323 3309 3320
f 3325 3333 3324
f 3330 3331 3332
f 3330 3332 3333
f 3330 3333 3325
f 3329 3325 3326
f 3329 3326 3327
f 3329 3330 3325
f 3328 3329 3327
f 3343 3336 3337
f 3343 3337 3338
f 3344 3335 3336
f 3344 3336 3343
f 3345 3335 3344
f 3340 3334 3335
f 3341 3335 3345
f 3341 3340 3335
f 3342 3341 3345
f 3343 3338 3339
f 3347 3349 3348
f 3350 3347 3346
f 3349 3347 3350
f 3352 3359 3351
f 3357 3360 3359
f 3357 3356 3360
f 3357 3359 3352
f 3358 3352 3353
f 3358 3357 3352
f 3355 3358 3353
f 3354 3355 3353
f 3364 3361 3362
f 3364 3362 3363
f 3374 3372 3371
f 3374 3373 3372
f 3375 3371 3370
f 3375 3374 3371
f 3379 3370 3369
f 3379 3375 3370
f 3378 3369 3368
f 3378 3379 3369
f 3377 3368 3367
f 3377 3378 3368
f 3376 3367 3366
f 3376 3377 3367
f 3382 3376 3366
f 3381 3366 3365
f 3381 3382 3366
f 3380 3365 3383
f 3380 3381 3365
f 3384 3388 3387
f 3384 3385 3388
f 3386 3384 3387
f 3391 3389 3390
f 3391 3407 3389
f 3392 3405 3406
f 3392 3406 3407
f 3392 3407 3391
f 3396 3397 3398
f 3396 3398 3399
f 3396 3399 3400
f 3396 3400 3401
f 3393 3403 3404
f 3393 3404 3405
f 3393 3405 3392
f 3395 3401 3402
f 3395 3402 3403
f 3395 3396 3401
f 3395 3403 3393
f 3394 3395 3393
f 3412 3415 3414
f 3419 3418 3417
f 3410 3413 3411
f 3409 3423 3422
f 3409 3422 3408
f 3424 3410 3408
f 3424 3412 3413
f 3424 3416 3415
f 3424 3417 3416
f 3424 3419 3417
f 3424 3408 3419
f 3424 3415 3412
f 3424 3413 3410
f 3425 3420 3419
f 3425 3421 3420
f 3425 3422 3421
f 3425 3419 3408
f 3425 3408 3422
f 3434 3439 3435
f 3440 3439 3434
f 3433 3440 3434
f 3441 3440 3433
f 3432 3441 3433
f 3426 3441 3432
f 3431 3426 3432
f 3427 3426 3431
f 3428 3427 3431
f 3430 3428 3431
f 3429 3428 3430
f 3437 3436 3438
f 3436 3435 3438
f 3435 3439 3438
f 3446 3443 3442
f 3445 3443 3446
f 3444 3443 3445
f 3448 3449 3450
f 3448 3450 3451
f 3447 3448 3451
f 3467 3452 3453
f 3467 3455 3452
f 3467 3456 3455
f 3467 3457 3456
f 3468 3466 3465
f 3469 3453 3454
f 3469 3454 3466
f 3469 3466 3468
f 3469 3468 3453
f 3470 3457 3467
f 3471 3472 3470
f 3471 3453 3468
f 3471 3467 3453
f 3471 3470 3467
f 3473 3464 3463
f 3473 3465 3464
f 3473 3468 3465
f 3473 3471 3468
f 3473 3472 3471
f 3474 3460 3459
f 3474 3461 3460
f 3475 3458 3457
f 3475 3459 3458
f 3475 3474 3459
f 3475 3457 3470
f 3475 3476 3474
f 3477 3462 3461
f 3477 3461 3474
f 3477 3474 3476
f 3477 3475 3470
f 3477 3476 3475
f 3478 3470 3472
f 3478 3477 3470
f 3478 3462 3477
f 3479 3463 3462
f 3479 3472 3473
f 3479 3462 3478
f 3479 3473 3463
f 3479 3478 3472
f 3487 3484 3483
f 3487 3483 3486
f 3488 3485 3484
f 3488 3484 3487
f 3481 3480 3482
f 3481 3482 3485
f 3481 3488 3489
f 3481 3485 3488
f 3491 3490 3493
f 3492 3491 3493
f 3494 3492 3493
f 3495 3498 3496
f 3495 3499 3498
f 3497 3499 3495
f 3515 3507 3506
f 3515 3506 3508
f 3515 3508 3509
f 3515 3509 3510
f 3516 3503 3504
f 3517 3504 3505
f 3517 3505 3507
f 3517 3516 3504
f 3517 3507 3516
f 3518 3515 3510
f 3519 3516 3507
f 3519 3518 3520
f 3519 3507 3515
f 3519 3515 3518
f 3521 3501 3502
f 3521 3502 3503
f 3521 3516 3519
f 3521 3519 3520
f 3521 3503 3516
f 3522 3512 3513
f 3522 3513 3514
f 3523 3510 3511
f 3523 3511 3512
f 3523 3512 3522
f 3523 3518 3510
f 3523 3522 3524
f 3525 3514 3500
f 3525 3522 3514
f 3525 3524 3522
f 3525 3518 3523
f 3525 3523 3524
f 3526 3520 3518
f 3526 3518 3525
f 3526 3525 3500
f 3527 3500 3501
f 3527 3521 3520
f 3527 3501 3521
f 3527 3526 3500
f 3527 3520 3526
f 3529 3536 3537
f 3529 3537 3528
f 3533 3529 3530
f 3533 3535 3536
f 3533 3536 3529
f 3532 3534 3535
f 3532 3535 3533
f 3531 3534 3532
f 3540 3539 3538
f 3541 3540 3538
f 3542 3541 3538
f 3543 3541 3542
f 3544 3541 3543
f 3545 3541 3544
f 3549 3547 3546
f 3549 3548 3547
f 3553 3546 3550
f 3552 3546 3553
f 3551 3549 3546
f 3551 3546 3552
f 3556 3555 3554
f 3560 3559 3557
f 3558 3560 3557
f 3566 3564 3563
f 3566 3565 3564
f 3562 3563 3561
f 3562 3566 3563
f 3573 3570 3567
f 3573 3571 3570
f 3568 3573 3567
f 3572 3573 3568
f 3576 3574 3572
f 3575 3572 3568
f 3575 3576 3572
f 3569 3575 3568
f 3580 3581 3588
f 3580 3588 3584
f 3585 3580 3584
f 3579 3580 3585
f 3586 3579 3585
f 3578 3579 3586
f 3587 3578 3586
f 3577 3578 3587
f 3582 3577 3587
f 3583 3582 3587
f 3594 3595 3590
f 3591 3594 3590
f 3593 3594 3591
f 3596 3593 3591
f 3592 3596 3591
f 3590 3595 3589
f 3602 3599 3601
f 3600 3599 3602
f 3598 3600 3602
f 3597 3600 3598
f 3605 3604 3603
f 3606 3605 3603
f 3607 3606 3603
f 3608 3606 3607
f 3609 3606 3608
f 3610 3606 3609
f 3614 3612 3611
f 3614 3613 3612
f 3618 3611 3615
f 3617 3611 3618
f 3616 3614 3611
f 3616 3611 3617
f 3623 3622 3619
f 3620 3623 3619
f 3624 3623 3620
f 3621 3624 3620
f 3625 3624 3621
f 3635 3640 3639
f 3635 3634 3640
f 3641 3637 3636
f 3641 3636 3627
f 3642 3638 3637
f 3642 3637 3641
f 3643 3642 3641
f 3644 3642 3643
f 3645 3644 3643
f 3645 3643 3641
f 3645 3641 3627
f 3646 3632 3633
f 3646 3644 3645
f 3647 3627 3626
f 3647 3631 3632
f 3647 3632 3646
f 3647 3645 3627
f 3647 3646 3645
f 3648 3629 3630
f 3648 3630 3631
f 3648 3631 3647
f 3648 3647 3626
f 3649 3626 3628
f 3649 3628 3629
f 3649 3629 3648
f 3649 3648 3626
f 3650 3633 3635
f 3650 3639 3638
f 3650 3646 3633
f 3650 3638 3642
f 3650 3635 3639
f 3650 3642 3644
f 3650 3644 3646
f 3658 3656 3657
f 3664 3655 3656
f 3664 3656 3658
f 3663 3654 3655
f 3663 3655 3664
f 3662 3652 3653
f 3662 3653 3654
f 3662 3654 3663
f 3661 3651 3652
f 3661 3652 3662
f 3660 3666 3651
f 3660 3667 3666
f 3660 3668 3667
f 3660 3665 3668
f 3660 3651 3661
f 3659 3665 3660
f 3670 3671 3672
f 3673 3670 3672
f 3669 3670 3673
f 3678 3669 3673
f 3674 3678 3673
f 3677 3678 3674
f 3675 3677 3674
f 3676 3677 3675
f 3687 3688 3689
f 3687 3689 3691
f 3686 3691 3690
f 3686 3687 3691
f 3695 3686 3690
f 3685 3695 3694
f 3685 3686 3695
f 3684 3694 3693
f 3684 3685 3694
f 3683 3684 3693
f 3692 3683 3693
f 3682 3683 3692
f 3681 3692 3698
f 3681 3682 3692
f 3697 3681 3698
f 3680 3681 3697
f 3696 3680 3697
f 3679 3696 3699
f 3679 3680 3696
f 3703 3700 3705
f 3702 3701 3704
f 3711 3709 3710
f 3708 3709 3711
f 3712 3708 3711
f 3706 3708 3712
f 3707 3706 3712
f 3714 3719 3720
f 3714 3720 3713
f 3730 3716 3717
f 3730 3721 3716
f 3731 3717 3718
f 3731 3730 3717
f 3732 3730 3731
f 3733 3732 3731
f 3734 3722 3721
f 3734 3721 3730
f 3734 3730 3732
f 3734 3732 3733
f 3735 3715 3723
f 3735 3734 3733
f 3735 3723 3734
f 3736 3723 3724
f 3736 3724 3725
f 3736 3725 3726
f 3736 3726 3727
f 3736 3727 3728
f 3736 3728 3729
f 3736 3729 3722
f 3736 3722 3734
f 3736 3734 3723
f 3737 3714 3715
f 3737 3718 3719
f 3737 3735 3733
f 3737 3733 3731
f 3737 3715 3735
f 3737 3719 3714
f 3737 3731 3718
f 3738 3739 3753
f 3745 3753 3754
f 3745 3738 3753
f 3744 3754 3755
f 3744 3745 3754
f 3743 3752 3751
f 3743 3755 3752
f 3743 3744 3755
f 3742 3751 3747
f 3742 3743 3751
f 3741 3747 3748
f 3741 3748 3749
f 3741 3749 3750
f 3741 3750 3746
f 3741 3742 3747
f 3740 3741 3746
f 3757 3756 3758
f 3761 3760 3759
f 3761 3759 3762
f 3764 3763 3767
f 3765 3767 3768
f 3765 3768 3766
f 3765 3764 3767
f 3772 3769 3770
f 3778 3770 3771
f 3778 3772 3770
f 3774 3773 3772
f 3777 3775 3774
f 3777 3772 3778
f 3777 3774 3772
f 3776 3775 3777
f 3790 3785 3784
f 3782 3784 3783
f 3782 3790 3784
f 3789 3790 3782
f 3781 3789 3782
f 3788 3789 3781
f 3780 3787 3788
f 3780 3788 3781
f 3786 3787 3780
f 3791 3786 3780
f 3779 3791 3780
f 3799 3795 3796
f 3800 3799 3797
f 3798 3800 3797
f 3792 3800 3798
f 3793 3792 3798
f 3794 3793 3798
f 3797 3799 3796
f 3808 3810 3809
f 3802 3810 3808
f 3807 3802 3808
f 3806 3802 3807
f 3801 3802 3806
f 3805 3801 3806
f 3803 3801 3805
f 3804 3803 3805
f 3819 3821 3820
f 3819 3823 3821
f 3818 3822 3823
f 3818 3823 3819
f 3827 3822 3818
f 3817 3826 3827
f 3817 3827 3818
f 3816 3825 3826
f 3816 3826 3817
f 3815 3825 3816
f 3824 3825 3815
f 3814 3824 3815
f 3813 3830 3824
f 3813 3824 3814
f 3829 3830 3813
f 3812 3829 3813
f 3828 3829 3812
f 3811 3831 3828
f 3811 3828 3812
f 3835 3832 3833
f 3837 3836 3834
f 3896 3898 3899
f 3896 3899 3900
f 3896 3900 3901
f 3896 3901 3902
f 3896 3902 3903
f 3896 3903 3904
f 3897 3898 3896
f 3879 3881 3882
f 3879 3882 3883
f 3879 3883 3884
f 3879 3884 3885
f 3879 3885 3886
f 3880 3881 3879
f 3887 3897 3896
f 3895 3880 3879
f 3894 3895 3879
f 3905 3897 3887
f 3905 3887 3888
f 3905 3888 3889
f 3905 3889 3890
f 3906 3905 3890
f 3907 3906 3890
f 3907 3890 3891
f 3870 3894 3879
f 3872 3870 3871
f 3873 3870 3872
f 3874 3870 3873
f 3875 3870 3874
f 3876 3870 3875
f 3877 3870 3876
f 3878 3870 3877
f 3861 3870 3878
f 3862 3870 3861
f 3863 3894 3870
f 3863 3870 3862
f 3863 3893 3894
f 3864 3891 3892
f 3864 3892 3893
f 3864 3893 3863
f 3865 3891 3864
f 3853 3851 3852
f 3854 3851 3853
f 3855 3851 3854
f 3856 3851 3855
f 3857 3851 3856
f 3858 3851 3857
f 3859 3851 3858
f 3850 3860 3851
f 3850 3851 3859
f 3849 3865 3866
f 3849 3866 3867
f 3849 3867 3868
f 3849 3868 3869
f 3849 3869 3860
f 3849 3860 3850
f 3848 3865 3849
f 3847 3891 3865
f 3847 3907 3891
f 3847 3865 3848
f 3914 3910 3909
f 3914 3911 3912
f 3914 3912 3913
f 3914 3913 3910
f 3839 3914 3909
f 3846 3907 3847
f 3846 3908 3907
f 3845 3908 3846
f 3845 3909 3908
f 3838 3909 3845
f 3838 3839 3909
f 3841 3838 3845
f 3842 3841 3845
f 3843 3841 3842
f 3844 3841 3843
f 3840 3841 3844
f 3926 3927 3928
f 3936 3926 3928
f 3925 3926 3936
f 3935 3925 3936
f 3924 3925 3935
f 3933 3923 3934
f 3922 3923 3933
f 3932 3922 3933
f 3920 3921 3931
f 3919 3920 3931
f 3930 3919 3931
f 3929 3917 3918
f 3915 3929 3916
f 3915 3917 3929
f 3937 3923 3924
f 3937 3935 3934
f 3937 3924 3935
f 3937 3934 3923
f 3938 3921 3922
f 3938 3932 3931
f 3938 3922 3932
f 3938 3931 3921
f 3939 3918 3919
f 3939 3930 3929
f 3939 3929 3918
f 3939 3919 3930
f 3959 3950 3951
f 3958 3949 3950
f 3958 3950 3959
f 3957 3948 3949
f 3957 3949 3958
f 3956 3947 3948
f 3956 3948 3957
f 3955 3946 3947
f 3955 3947 3956
f 3954 3944 3945
f 3954 3945 3946
f 3954 3946 3955
f 3953 3943 3944
f 3953 3944 3954
f 3952 3942 3943
f 3952 3943 3953
f 3941 3940 3942
f 3941 3942 3952
f 3970 3968 3969
f 3976 3966 3967
f 3976 3967 3968
f 3976 3968 3970
f 3975 3965 3966
f 3975 3966 3976
f 3974 3964 3965
f 3974 3965 3975
f 3963 3964 3974
f 3973 3963 3974
f 3972 3962 3963
f 3972 3963 3973
f 3971 3962 3972
f 3960 3962 3971
f 3961 3960 3971
f 3992 3984 3983
f 3992 3985 3984
f 3991 3983 3982
f 3991 3992 3983
f 3990 3981 3980
f 3990 3982 3981
f 3990 3991 3982
f 3989 3980 3979
f 3989 3990 3980
f 3988 3979 3978
f 3988 3989 3979
f 3987 3978 3977
f 3987 3988 3978
f 3986 3987 3977
f 3994 3993 4003
f 3995 4003 4004
f 3995 3994 4003
f 3996 4004 4005
f 3996 3995 4004
f 3997 4005 4006
f 3997 3996 4005
f 3998 3997 4006
f 3999 4006 4007
f 3999 3998 4006
f 4000 4007 4008
f 4000 3999 4007
f 4001 4008 4002
f 4001 4000 4008
f 4024 4017 4016
f 4024 4018 4017
f 4023 4016 4015
f 4023 4024 4016
f 4022 4014 4013
f 4022 4015 4014
f 4022 4023 4015
f 4021 4013 4012
f 4021 4022 4013
f 4020 4012 4011
f 4020 4021 4012
f 4019 4011 4010
f 4019 4020 4011
f 4009 4019 4010
f 4039 4032 4031
f 4039 4033 4032
f 4038 4031 4030
f 4038 4039 4031
f 4037 4030 4029
f 4037 4038 4030
f 4036 4029 4028
f 4036 4037 4029
f 4035 4028 4027
f 4035 4036 4028
f 4034 4027 4026
f 4034 4035 4027
f 4025 4034 4026
f 4050 4043 4044
f 4050 4049 4043
f 4051 4044 4045
f 4051 4045 4046
f 4051 4050 4044
f 4052 4046 4047
f 4052 4051 4046
f 4053 4052 4047
f 4041 4047 4048
f 4041 4048 4042
f 4041 4054 4053
f 4041 4053 4047
f 4040 4054 4041
f 4072 4068 4067
f 4072 4069 4068
f 4072 4070 4069
f 4072 4071 4070
f 4073 4072 4067
f 4074 4064 4063
f 4074 4065 4064
f 4074 4066 4065
f 4074 4067 4066
f 4074 4073 4067
f 4075 4055 4071
f 4075 4072 4073
f 4075 4073 4074
f 4075 4071 4072
f 4075 4074 4063
f 4076 4056 4055
f 4076 4061 4062
f 4076 4062 4056
f 4077 4057 4058
f 4077 4058 4059
f 4077 4059 4060
f 4077 4060 4061
f 4077 4063 4057
f 4077 4055 4075
f 4077 4075 4063
f 4077 4061 4076
f 4077 4076 4055
f 4091 4090 4089
f 4088 4091 4089
f 4085 4087 4086
f 4084 4088 4087
f 4084 4087 4085
f 4104 4098 4097
f 4103 4104 4097
f 4078 4099 4079
f 4105 4084 4083
f 4105 4092 4091
f 4105 4091 4088
f 4105 4088 4084
f 4106 4083 4082
f 4106 4093 4092
f 4106 4092 4105
f 4106 4105 4083
f 4107 4093 4106
f 4107 4106 4082
f 4108 4082 4081
f 4108 4094 4093
f 4108 4107 4082
f 4108 4093 4107
f 4109 4094 4108
f 4109 4108 4081
f 4110 4081 4080
f 4110 4095 4094
f 4110 4109 4081
f 4110 4094 4109
f 4111 4095 4110
f 4111 4110 4080
f 4112 4080 4079
f 4112 4096 4095
f 4112 4111 4080
f 4112 4095 4111
f 4113 4096 4112
f 4113 4112 4079
f 4114 4097 4096
f 4114 4099 4100
f 4114 4100 4101
f 4114 4101 4102
f 4114 4102 4103
f 4114 4096 4113
f 4114 4103 4097
f 4114 4113 4079
f 4114 4079 4099
f 4121 4120 4119
f 4124 4119 4118
f 4124 4121 4119
f 4123 4124 4118
f 4122 4118 4117
f 4122 4123 4118
f 4115 4117 4116
f 4115 4122 4117
f 4126 4125 4150
f 4126 4150 4151
f 4148 4151 4152
f 4148 4152 4149
f 4148 4126 4151
f 4147 4126 4148
f 4153 4127 4126
f 4153 4147 4146
f 4153 4126 4147
f 4154 4146 4145
f 4154 4127 4153
f 4154 4153 4146
f 4155 4128 4127
f 4155 4127 4154
f 4155 4154 4145
f 4156 4128 4155
f 4156 4155 4145
f 4157 4129 4128
f 4157 4145 4144
f 4157 4156 4145
f 4157 4128 4156
f 4158 4157 4144
f 4158 4129 4157
f 4159 4130 4129
f 4159 4158 4144
f 4159 4129 4158
f 4160 4131 4130
f 4160 4144 4143
f 4160 4130 4159
f 4160 4159 4144
f 4161 4160 4143
f 4161 4131 4160
f 4162 4132 4131
f 4162 4143 4142
f 4162 4131 4161
f 4162 4161 4143
f 4163 4132 4162
f 4163 4162 4142
f 4164 4133 4132
f 4164 4142 4141
f 4164 4163 4142
f 4164 4132 4163
f 4165 4134 4133
f 4165 4135 4134
f 4165 4136 4135
f 4165 4137 4136
f 4166 4138 4137
f 4166 4139 4138
f 4166 4140 4139
f 4166 4141 4140
f 4166 4133 4164
f 4166 4165 4133
f 4166 4137 4165
f 4166 4164 4141
f 4180 4179 4178
f 4173 4175 4174
f 4193 4187 4186
f 4192 4193 4186
f 4191 4192 4186
f 4167 4188 4168
f 4194 4176 4175
f 4194 4177 4176
f 4194 4178 4177
f 4194 4180 4178
f 4194 4175 4173
f 4195 4173 4172
f 4195 4181 4180
f 4195 4180 4194
f 4195 4194 4173
f 4196 4181 4195
f 4196 4195 4172
f 4197 4172 4171
f 4197 4182 4181
f 4197 4196 4172
f 4197 4181 4196
f 4198 4182 4197
f 4198 4197 4171
f 4199 4171 4170
f 4199 4183 4182
f 4199 4198 4171
f 4199 4182 4198
f 4200 4199 4170
f 4200 4183 4199
f 4201 4170 4169
f 4201 4184 4183
f 4201 4200 4170
f 4201 4183 4200
f 4202 4201 4169
f 4202 4184 4201
f 4203 4169 4168
f 4203 4185 4184
f 4203 4202 4169
f 4203 4184 4202
f 4204 4185 4203
f 4204 4203 4168
f 4205 4186 4185
f 4205 4188 4189
f 4205 4189 4190
f 4205 4190 4191
f 4205 4185 4204
f 4205 4191 4186
f 4205 4204 4168
f 4205 4168 4188
f 4212 4217 4213
f 4211 4216 4217
f 4211 4217 4212
f 4210 4215 4216
f 4210 4216 4211
f 4209 4214 4215
f 4209 4215 4210
f 4208 4206 4214
f 4208 4214 4209
f 4207 4206 4208
f 4226 4228 4227
f 4226 4229 4228
f 4226 4230 4229
f 4245 4241 4240
f 4218 4242 4219
f 4246 4226 4225
f 4246 4231 4230
f 4246 4232 4231
f 4246 4233 4232
f 4246 4234 4233
f 4246 4235 4234
f 4246 4230 4226
f 4247 4235 4246
f 4247 4246 4225
f 4248 4225 4224
f 4248 4236 4235
f 4248 4235 4247
f 4248 4247 4225
f 4249 4224 4223
f 4249 4248 4224
f 4249 4236 4248
f 4250 4249 4223
f 4250 4236 4249
f 4251 4223 4222
f 4251 4237 4236
f 4251 4236 4250
f 4251 4250 4223
f 4252 4251 4222
f 4252 4237 4251
f 4253 4222 4221
f 4253 4238 4237
f 4253 4237 4252
f 4253 4252 4222
f 4254 4253 4221
f 4254 4238 4253
f 4255 4221 4220
f 4255 4239 4238
f 4255 4254 4221
f 4255 4238 4254
f 4256 4239 4255
f 4256 4255 4220
f 4257 4220 4219
f 4257 4240 4239
f 4257 4239 4256
f 4257 4256 4220
f 4258 4242 4243
f 4258 4243 4244
f 4258 4244 4245
f 4258 4245 4240
f 4258 4240 4257
f 4258 4257 4219
f 4258 4219 4242
f 4260 4259 4282
f 4280 4285 4286
f 4280 4286 4287
f 4280 4287 4281
f 4273 4267 4266
f 4269 4268 4267
f 4270 4269 4267
f 4270 4267 4273
f 4271 4270 4273
f 4272 4271 4273
f 4288 4282 4283
f 4288 4283 4284
f 4288 4284 4285
f 4288 4260 4282
f 4288 4285 4280
f 4289 4261 4260
f 4289 4280 4279
f 4289 4288 4280
f 4289 4260 4288
f 4290 4279 4278
f 4290 4261 4289
f 4290 4289 4279
f 4291 4261 4290
f 4291 4290 4278
f 4292 4262 4261
f 4292 4278 4277
f 4292 4291 4278
f 4292 4261 4291
f 4293 4262 4292
f 4293 4292 4277
f 4294 4263 4262
f 4294 4277 4276
f 4294 4262 4293
f 4294 4293 4277
f 4295 4276 4275
f 4295 4263 4294
f 4295 4294 4276
f 4296 4295 4275
f 4296 4263 4295
f 4297 4264 4263
f 4297 4275 4274
f 4297 4296 4275
f 4297 4263 4296
f 4298 4297 4274
f 4298 4264 4297
f 4299 4265 4264
f 4299 4266 4265
f 4299 4274 4273
f 4299 4264 4298
f 4299 4298 4274
f 4299 4273 4266
f 4309 4305 4304
f 4309 4306 4305
f 4308 4303 4302
f 4308 4304 4303
f 4308 4309 4304
f 4307 4302 4301
f 4307 4308 4302
f 4300 4307 4301
f 4327 4326 4325
f 4318 4320 4319
f 4318 4321 4320
f 4336 4333 4332
f 4335 4336 4332
f 4334 4335 4311
f 4310 4334 4311
f 4337 4322 4321
f 4337 4323 4322
f 4337 4324 4323
f 4337 4325 4324
f 4337 4327 4325
f 4337 4321 4318
f 4338 4318 4317
f 4338 4327 4337
f 4338 4337 4318
f 4339 4317 4316
f 4339 4328 4327
f 4339 4327 4338
f 4339 4338 4317
f 4340 4339 4316
f 4340 4328 4339
f 4341 4316 4315
f 4341 4329 4328
f 4341 4340 4316
f 4341 4328 4340
f 4342 4341 4315
f 4342 4329 4341
f 4343 4315 4314
f 4343 4342 4315
f 4343 4329 4342
f 4344 4314 4313
f 4344 4330 4329
f 4344 4329 4343
f 4344 4343 4314
f 4345 4330 4344
f 4345 4344 4313
f 4346 4313 4312
f 4346 4331 4330
f 4346 4330 4345
f 4346 4345 4313
f 4347 4312 4311
f 4347 4332 4331
f 4347 4346 4312
f 4347 4331 4346
f 4347 4335 4332
f 4347 4311 4335
f 4348 4357 4358
f 4349 4358 4359
f 4349 4348 4358
f 4350 4359 4360
f 4350 4349 4359
f 4351 4360 4361
f 4351 4350 4360
f 4352 4351 4361
f 4353 4361 4362
f 4353 4352 4361
f 4354 4362 4363
f 4354 4353 4362
f 4355 4363 4356
f 4355 4354 4363
f 4381 4366 4367
f 4381 4367 4368
f 4381 4368 4369
f 4381 4369 4370
f 4382 4381 4370
f 4383 4365 4364
f 4383 4370 4371
f 4383 4371 4372
f 4383 4372 4365
f 4383 4382 4370
f 4384 4364 4380
f 4384 4381 4382
f 4384 4383 4364
f 4384 4366 4381
f 4384 4382 4383
f 4385 4373 4366
f 4385 4374 4373
f 4385 4375 4374
f 4385 4376 4375
f 4385 4377 4376
f 4385 4384 4380
f 4385 4366 4384
f 4386 4378 4377
f 4386 4379 4378
f 4386 4380 4379
f 4386 4377 4385
f 4386 4385 4380
f 4402 4395 4394
f 4402 4396 4395
f 4401 4394 4393
f 4401 4402 4394
f 4400 4392 4391
f 4400 4393 4392
f 4400 4401 4393
f 4399 4391 4390
f 4399 4400 4391
f 4398 4390 4389
f 4398 4399 4390
f 4397 4389 4388
f 4397 4398 4389
f 4387 4397 4388
f 4417 4407 4408
f 4417 4408 4409
f 4410 4403 4404
f 4411 4404 4405
f 4411 4410 4404
f 4412 4411 4405
f 4413 4405 4406
f 4413 4412 4405
f 4414 4406 4407
f 4414 4407 4417
f 4414 4413 4406
f 4415 4414 4417
f 4416 4415 4417
f 4419 4418 4428
f 4420 4428 4429
f 4420 4419 4428
f 4421 4429 4430
f 4421 4420 4429
f 4422 4421 4430
f 4423 4430 4431
f 4423 4422 4430
f 4424 4431 4432
f 4424 4423 4431
f 4425 4432 4433
f 4425 4424 4432
f 4426 4433 4427
f 4426 4425 4433
f 4442 4435 4434
f 4442 4434 4444
f 4441 4444 4445
f 4441 4442 4444
f 4440 4445 4446
f 4440 4441 4445
f 4439 4446 4447
f 4439 4440 4446
f 4438 4447 4448
f 4438 4439 4447
f 4437 4448 4443
f 4437 4438 4448
f 4436 4437 4443
f 4451 4453 4452
f 4450 4453 4451
f 4449 4453 4450
f 4472 4470 4469
f 4472 4471 4470
f 4468 4472 4469
f 4462 4464 4461
f 4463 4464 4462
f 4460 4464 4463
f 4475 4474 4473
f 4476 4475 4473
f 4454 4473 4472
f 4454 4476 4473
f 4459 4465 4464
f 4459 4464 4460
f 4455 4468 4467
f 4455 4454 4472
f 4455 4472 4468
f 4458 4466 4465
f 4458 4465 4459
f 4456 4455 4467
f 4457 4467 4466
f 4457 4456 4467
f 4457 4466 4458
f 4478 4495 4494
f 4478 4477 4495
f 4488 4490 4487
f 4488 4491 4490
f 4481 4480 4479
f 4486 4485 4489
f 4496 4492 4491
f 4496 4493 4492
f 4496 4494 4493
f 4496 4478 4494
f 4496 4491 4488
f 4497 4479 4478
f 4497 4488 4489
f 4497 4478 4496
f 4497 4496 4488
f 4498 4482 4481
f 4498 4483 4482
f 4498 4484 4483
f 4498 4485 4484
f 4498 4497 4489
f 4498 4479 4497
f 4498 4481 4479
f 4498 4489 4485
f 4500 4499 4511
f 4507 4515 4506
f 4509 4502 4501
f 4509 4501 4508
f 4510 4503 4502
f 4510 4502 4509
f 4505 4504 4503
f 4505 4503 4510
f 4516 4511 4512
f 4516 4512 4513
f 4516 4513 4514
f 4516 4514 4515
f 4516 4500 4511
f 4516 4515 4507
f 4517 4501 4500
f 4517 4507 4508
f 4517 4500 4516
f 4517 4508 4501
f 4517 4516 4507
f 4526 4524 4523
f 4526 4525 4524
f 4522 4526 4523
f 4519 4521 4520
f 4519 4522 4521
f 4519 4527 4526
f 4519 4528 4527
f 4519 4531 4532
f 4519 4532 4528
f 4519 4526 4522
f 4530 4531 4519
f 4529 4530 4519
f 4518 4529 4519
f 4533 4535 4534
f 4541 4536 4535
f 4541 4535 4533
f 4542 4537 4536
f 4542 4536 4541
f 4543 4538 4537
f 4543 4537 4542
f 4544 4539 4538
f 4544 4538 4543
f 4540 4539 4544
f 4546 4545 4556
f 4546 4556 4557
f 4554 4558 4559
f 4554 4559 4555
f 4553 4557 4558
f 4553 4558 4554
f 4553 4546 4557
f 4552 4546 4553
f 4551 4546 4552
f 4548 4547 4546
f 4550 4546 4551
f 4549 4548 4546
f 4549 4546 4550
f 4561 4560 4576
f 4568 4572 4567
f 4563 4562 4569
f 4570 4563 4569
f 4564 4563 4570
f 4571 4564 4570
f 4565 4564 4571
f 4566 4565 4571
f 4577 4573 4572
f 4577 4574 4573
f 4577 4575 4574
f 4577 4576 4575
f 4577 4561 4576
f 4577 4572 4568
f 4578 4562 4561
f 4578 4568 4569
f 4578 4561 4577
f 4578 4569 4562
f 4578 4577 4568
f 4597 4580 4579
f 4597 4581 4580
f 4597 4582 4581
f 4595 4589 4588
f 4594 4595 4588
f 4598 4583 4582
f 4598 4584 4583
f 4598 4585 4584
f 4598 4586 4585
f 4598 4587 4586
f 4598 4597 4596
f 4598 4582 4597
f 4599 4587 4598
f 4599 4598 4596
f 4600 4588 4587
f 4600 4590 4591
f 4600 4591 4592
f 4600 4592 4593
f 4600 4593 4594
f 4600 4596 4590
f 4600 4599 4596
f 4600 4587 4599
f 4600 4594 4588
f 4614 4616 4615
f 4614 4617 4616
f 4614 4618 4617
f 4619 4614 4613
f 4619 4618 4614
f 4612 4619 4613
f 4623 4619 4612
f 4611 4623 4612
f 4622 4623 4611
f 4621 4611 4610
f 4621 4622 4611
f 4620 4610 4609
f 4620 4621 4610
f 4606 4608 4607
f 4606 4609 4608
f 4606 4620 4609
f 4604 4620 4606
f 4605 4603 4604
f 4605 4604 4606
f 4602 4603 4605
f 4601 4602 4605
f 4627 4625 4624
f 4628 4625 4627
f 4626 4625 4628
f 4638 4642 4639
f 4637 4641 4642
f 4637 4642 4638
f 4636 4640 4641
f 4636 4641 4637
f 4635 4647 4640
f 4635 4640 4636
f 4634 4646 4647
f 4634 4647 4635
f 4633 4646 4634
f 4632 4645 4646
f 4632 4646 4633
f 4631 4644 4645
f 4631 4645 4632
f 4630 4643 4644
f 4630 4644 4631
f 4629 4643 4630
f 4656 4658 4657
f 4656 4665 4658
f 4655 4664 4665
f 4655 4665 4656
f 4654 4663 4664
f 4654 4664 4655
f 4653 4663 4654
f 4652 4662 4663
f 4652 4663 4653
f 4651 4661 4662
f 4651 4662 4652
f 4650 4661 4651
f 4649 4660 4661
f 4649 4661 4650
f 4648 4659 4660
f 4648 4660 4649
f 4684 4673 4672
f 4684 4674 4673
f 4684 4675 4674
f 4685 4669 4668
f 4685 4670 4669
f 4685 4671 4670
f 4685 4672 4671
f 4685 4684 4672
f 4686 4684 4685
f 4687 4686 4685
f 4688 4668 4667
f 4688 4687 4685
f 4688 4685 4668
f 4689 4676 4675
f 4689 4687 4688
f 4689 4684 4686
f 4689 4686 4687
f 4689 4675 4684
f 4690 4676 4689
f 4691 4667 4666
f 4691 4690 4667
f 4692 4677 4676
f 4693 4691 4666
f 4693 4694 4691
f 4693 4695 4694
f 4693 4692 4695
f 4696 4678 4677
f 4696 4679 4678
f 4696 4680 4679
f 4696 4681 4680
f 4696 4682 4681
f 4696 4683 4682
f 4696 4666 4683
f 4696 4677 4692
f 4696 4693 4666
f 4696 4692 4693
f 4697 4690 4689
f 4697 4689 4688
f 4697 4688 4667
f 4697 4667 4690
f 4698 4692 4676
f 4698 4690 4691
f 4698 4676 4690
f 4698 4691 4694
f 4698 4694 4695
f 4698 4695 4692
f 4704 4706 4705
f 4704 4707 4706
f 4719 4712 4711
f 4719 4713 4712
f 4703 4708 4707
f 4703 4709 4708
f 4703 4707 4704
f 4718 4711 4710
f 4718 4719 4711
f 4702 4709 4703
f 4717 4710 4709
f 4717 4718 4710
f 4717 4709 4702
f 4701 4717 4702
f 4716 4717 4701
f 4715 4716 4701
f 4700 4715 4701
f 4714 4715 4700
f 4699 4714 4700
f 4738 4722 4721
f 4738 4723 4722
f 4738 4724 4723
f 4738 4725 4724
f 4738 4726 4725
f 4738 4727 4726
f 4738 4728 4727
f 4738 4729 4728
f 4738 4730 4729
f 4739 4738 4721
f 4739 4730 4738
f 4740 4721 4720
f 4740 4731 4730
f 4740 4720 4732
f 4740 4732 4733
f 4740 4733 4734
f 4740 4734 4735
f 4740 4735 4736
f 4740 4736 4737
f 4740 4737 4731
f 4740 4730 4739
f 4740 4739 4721
f 4757 4747 4746
f 4757 4748 4747
f 4757 4749 4748
f 4757 4750 4749
f 4758 4744 4743
f 4758 4745 4744
f 4758 4746 4745
f 4758 4757 4746
f 4759 4751 4750
f 4759 4750 4757
f 4760 4759 4757
f 4761 4757 4758
f 4761 4760 4757
f 4762 4743 4742
f 4762 4761 4758
f 4762 4759 4760
f 4762 4760 4761
f 4762 4758 4743
f 4763 4762 4742
f 4764 4752 4751
f 4764 4751 4763
f 4765 4742 4741
f 4765 4756 4755
f 4765 4741 4756
f 4766 4753 4752
f 4766 4754 4753
f 4766 4755 4754
f 4766 4752 4764
f 4766 4764 4767
f 4766 4765 4755
f 4766 4767 4765
f 4768 4759 4762
f 4768 4763 4751
f 4768 4751 4759
f 4768 4762 4763
f 4769 4763 4742
f 4769 4764 4763
f 4769 4742 4765
f 4769 4767 4764
f 4769 4765 4767
f 4778 4784 4777
f 4771 4770 4789
f 4790 4778 4779
f 4790 4784 4778
f 4791 4785 4784
f 4791 4786 4785
f 4791 4790 4779
f 4791 4784 4790
f 4792 4787 4786
f 4792 4786 4791
f 4793 4779 4780
f 4793 4780 4781
f 4793 4791 4779
f 4794 4788 4787
f 4794 4789 4788
f 4794 4787 4792
f 4795 4793 4781
f 4795 4791 4793
f 4795 4792 4791
f 4796 4772 4771
f 4796 4771 4789
f 4796 4789 4794
f 4797 4794 4792
f 4797 4792 4795
f 4798 4781 4782
f 4798 4795 4781
f 4799 4773 4772
f 4799 4774 4773
f 4799 4796 4794
f 4799 4794 4797
f 4799 4772 4796
f 4800 4782 4783
f 4800 4795 4798
f 4800 4797 4795
f 4800 4798 4782
f 4801 4776 4775
f 4801 4783 4776
f 4801 4800 4783
f 4801 4799 4797
f 4801 4797 4800
f 4802 4775 4774
f 4802 4774 4799
f 4802 4801 4775
f 4802 4799 4801
f 4816 4822 4823
f 4816 4823 4817
f 4804 4803 4818
f 4805 4818 4819
f 4805 4804 4818
f 4815 4820 4821
f 4815 4821 4822
f 4815 4822 4816
f 4806 4819 4820
f 4806 4805 4819
f 4814 4820 4815
f 4807 4806 4820
f 4807 4820 4814
f 4813 4807 4814
f 4808 4807 4813
f 4809 4808 4813
f 4812 4809 4813
f 4810 4809 4812
f 4811 4810 4812
f 4831 4837 4832
f 4830 4837 4831
f 4829 4836 4837
f 4829 4837 4830
f 4828 4835 4836
f 4828 4836 4829
f 4827 4834 4835
f 4827 4835 4828
f 4826 4833 4834
f 4826 4834 4827
f 4825 4824 4833
f 4825 4833 4826
f 4856 4840 4839
f 4856 4841 4840
f 4856 4842 4841
f 4856 4843 4842
f 4856 4844 4843
f 4856 4845 4844
f 4856 4846 4845
f 4856 4847 4846
f 4856 4848 4847
f 4857 4856 4839
f 4857 4848 4856
f 4858 4839 4838
f 4858 4849 4848
f 4858 4838 4850
f 4858 4850 4851
f 4858 4851 4852
f 4858 4852 4853
f 4858 4853 4854
f 4858 4854 4855
f 4858 4855 4849
f 4858 4848 4857
f 4858 4857 4839
f 4887 4860 4859
f 4861 4860 4887
f 4888 4861 4887
f 4862 4861 4888
f 4885 4891 4886
f 4884 4891 4885
f 4870 4869 4868
f 4872 4871 4870
f 4878 4872 4870
f 4873 4872 4878
f 4874 4873 4878
f 4881 4880 4882
f 4876 4875 4874
f 4876 4874 4878
f 4877 4876 4878
f 4892 4863 4862
f 4892 4864 4863
f 4892 4865 4864
f 4892 4862 4888
f 4893 4880 4879
f 4893 4883 4882
f 4893 4884 4883
f 4893 4888 4889
f 4893 4889 4890
f 4893 4890 4891
f 4893 4879 4892
f 4893 4891 4884
f 4893 4892 4888
f 4893 4882 4880
f 4894 4865 4892
f 4894 4892 4879
f 4895 4866 4865
f 4895 4867 4866
f 4895 4868 4867
f 4895 4879 4878
f 4895 4894 4879
f 4895 4865 4894
f 4895 4878 4870
f 4895 4870 4868
f 4900 4898 4897
f 4900 4899 4898
f 4908 4897 4896
f 4908 4900 4897
f 4901 4900 4908
f 4907 4901 4908
f 4902 4901 4907
f 4906 4902 4907
f 4903 4902 4906
f 4905 4903 4906
f 4904 4903 4905
f 4912 4914 4913
f 4911 4909 4914
f 4911 4914 4912
f 4910 4909 4911
f 4927 4916 4915
f 4927 4917 4916
f 4928 4918 4917
f 4928 4917 4927
f 4929 4919 4918
f 4929 4918 4928
f 4930 4920 4919
f 4930 4919 4929
f 4931 4921 4920
f 4931 4920 4930
f 4924 4922 4921
f 4924 4921 4931
f 4925 4922 4924
f 4926 4922 4925
f 4923 4922 4926
f 4954 4959 4953
f 4964 4963 4962
f 4951 4958 4952
f 4950 4958 4951
f 4949 4957 4958
f 4949 4958 4950
f 4948 4957 4949
f 4935 4934 4933
f 4937 4936 4935
f 4937 4935 4933
f 4938 4937 4933
f 4939 4938 4933
f 4942 4940 4939
f 4942 4941 4940
f 4942 4939 4933
f 4965 4954 4955
f 4965 4955 4956
f 4965 4956 4957
f 4965 4960 4959
f 4965 4961 4960
f 4965 4962 4961
f 4965 4932 4964
f 4965 4959 4954
f 4965 4964 4962
f 4966 4946 4945
f 4966 4947 4946
f 4966 4948 4947
f 4966 4932 4965
f 4966 4957 4948
f 4966 4965 4957
f 4967 4966 4945
f 4967 4932 4966
f 4968 4933 4932
f 4968 4942 4933
f 4968 4943 4942
f 4968 4944 4943
f 4968 4945 4944
f 4968 4967 4945
f 4968 4932 4967
f 4969 4971 4970
f 4976 4975 4974
f 4973 4976 4974
f 4972 4976 4973
f 4987 4981 4980
f 4987 4982 4981
f 4987 4983 4982
f 4988 4979 4978
f 4988 4980 4979
f 4988 4987 4980
f 4988 4983 4987
f 4989 4984 4983
f 4989 4986 4984
f 4990 4978 4977
f 4990 4977 4985
f 4990 4985 4986
f 4990 4988 4978
f 4990 4983 4988
f 4990 4986 4989
f 4990 4989 4983
f 5001 4996 4991
f 5001 4997 4996
f 5001 4998 4997
f 5001 4999 4998
f 5001 5000 4999
f 5002 4993 4994
f 5002 4994 4995
f 5002 4995 5000
f 5003 4991 4992
f 5003 4992 4993
f 5003 4993 5002
f 5003 5000 5001
f 5003 5002 5000
f 5003 5001 4991
f 5011 5008 5007
f 5011 5009 5008
f 5010 5007 5006
f 5010 5011 5007
f 5004 5006 5005
f 5004 5010 5006
f 5013 5012 5015
f 5013 5015 5016
f 5013 5016 5014
f 5017 5021 5018
f 5019 5022 5021
f 5019 5020 5022
f 5019 5021 5017
f 5023 5029 5028
f 5024 5030 5029
f 5024 5029 5023
f 5025 5031 5030
f 5025 5030 5024
f 5026 5027 5031
f 5026 5031 5025
f 5041 5035 5036
f 5041 5036 5037
f 5040 5033 5034
f 5040 5034 5035
f 5040 5035 5041
f 5039 5032 5033
f 5039 5033 5040
f 5038 5032 5039
f 5047 5045 5046
f 5050 5044 5045
f 5050 5045 5047
f 5049 5043 5044
f 5049 5044 5050
f 5048 5042 5043
f 5048 5043 5049
f 5051 5057 5056
f 5052 5057 5051
f 5053 5058 5057
f 5053 5057 5052
f 5054 5055 5058
f 5054 5058 5053
f 5065 5060 5059
f 5066 5065 5059
f 5067 5059 5061
f 5067 5061 5062
f 5067 5062 5063
f 5067 5063 5064
f 5067 5064 5066
f 5067 5066 5059
f 5076 5069 5068
f 5076 5073 5069
f 5075 5072 5073
f 5075 5073 5076
f 5074 5071 5072
f 5074 5072 5075
f 5070 5071 5074
f 5081 5084 5082
f 5080 5084 5081
f 5079 5077 5083
f 5079 5083 5084
f 5079 5084 5080
f 5078 5077 5079
f 5087 5091 5090
f 5100 5087 5088
f 5100 5088 5089
f 5100 5089 5085
f 5100 5091 5087
f 5099 5100 5085
f 5098 5099 5085
f 5097 5098 5085
f 5096 5097 5085
f 5095 5096 5085
f 5094 5095 5085
f 5093 5094 5085
f 5092 5093 5085
f 5086 5092 5085
f 5101 5092 5086
f 5104 5102 5103
f 5108 5109 5110
f 5108 5110 5111
f 5108 5111 5112
f 5108 5112 5107
f 5105 5112 5106
f 5105 5107 5112
f 5114 5113 5115
f 5116 5114 5115
f 5128 5118 5117
f 5128 5117 5127
f 5129 5118 5128
f 5130 5119 5118
f 5130 5118 5129
f 5131 5119 5130
f 5132 5120 5119
f 5132 5119 5131
f 5133 5120 5132
f 5134 5121 5120
f 5134 5122 5121
f 5134 5120 5133
f 5135 5123 5122
f 5135 5122 5134
f 5136 5124 5123
f 5136 5123 5135
f 5126 5125 5124
f 5126 5124 5136
f 5137 5139 5138
f 5137 5140 5139
f 5150 5142 5141
f 5151 5143 5142
f 5151 5142 5150
f 5152 5144 5143
f 5152 5143 5151
f 5153 5145 5144
f 5153 5144 5152
f 5154 5146 5145
f 5154 5145 5153
f 5155 5147 5146
f 5155 5146 5154
f 5156 5147 5155
f 5157 5148 5147
f 5157 5147 5156
f 5149 5148 5157
f 5167 5169 5168
f 5170 5169 5167
f 5178 5167 5166
f 5178 5171 5170
f 5178 5172 5171
f 5178 5170 5167
f 5177 5166 5165
f 5177 5178 5166
f 5176 5177 5165
f 5175 5165 5164
f 5175 5176 5165
f 5174 5164 5163
f 5174 5175 5164
f 5160 5162 5161
f 5173 5163 5162
f 5173 5174 5163
f 5159 5173 5162
f 5159 5162 5160
f 5158 5173 5159
f 5179 5190 5187
f 5180 5188 5189
f 5180 5189 5190
f 5180 5190 5179
f 5181 5197 5188
f 5181 5188 5180
f 5182 5196 5197
f 5182 5197 5181
f 5183 5194 5195
f 5183 5195 5196
f 5183 5196 5182
f 5184 5193 5194
f 5184 5194 5183
f 5185 5192 5193
f 5185 5193 5184
f 5186 5191 5192
f 5186 5192 5185
f 5203 5199 5198
f 5203 5200 5199
f 5203 5201 5200
f 5204 5202 5203
f 5204 5203 5198
f 5206 5205 5225
f 5220 5225 5226
f 5220 5226 5219
f 5220 5206 5225
f 5221 5207 5206
f 5221 5206 5220
f 5222 5208 5207
f 5222 5207 5221
f 5213 5212 5211
f 5214 5213 5211
f 5218 5217 5224
f 5227 5209 5208
f 5227 5210 5209
f 5227 5222 5223
f 5227 5208 5222
f 5228 5211 5210
f 5229 5223 5224
f 5229 5210 5227
f 5229 5227 5223
f 5229 5228 5210
f 5230 5215 5214
f 5230 5216 5215
f 5230 5217 5216
f 5230 5228 5229
f 5230 5229 5224
f 5230 5211 5228
f 5230 5214 5211
f 5230 5224 5217
f 5236 5246 5247
f 5236 5247 5245
f 5236 5237 5246
f 5235 5245 5244
f 5235 5236 5245
f 5234 5244 5243
f 5234 5235 5244
f 5239 5241 5240
f 5233 5243 5242
f 5233 5234 5243
f 5238 5242 5241
f 5238 5241 5239
f 5238 5233 5242
f 5232 5233 5238
f 5231 5232 5238
f 5251 5258 5250
f 5257 5258 5251
f 5252 5256 5257
f 5252 5257 5251
f 5253 5255 5256
f 5253 5256 5252
f 5254 5248 5255
f 5254 5255 5253
f 5249 5248 5254
f 5267 5266 5265
f 5264 5267 5265
f 5274 5267 5264
f 5273 5274 5264
f 5260 5261 5259
f 5272 5273 5264
f 5271 5272 5264
f 5268 5262 5261
f 5268 5263 5262
f 5268 5264 5263
f 5268 5261 5260
f 5270 5271 5264
f 5269 5264 5268
f 5269 5270 5264
f 5277 5276 5275
f 5283 5284 5288
f 5289 5282 5283
f 5289 5283 5288
f 5281 5282 5289
f 5290 5279 5280
f 5290 5280 5281
f 5290 5281 5289
f 5291 5278 5279
f 5291 5279 5290
f 5292 5278 5291
f 5293 5286 5278
f 5293 5278 5292
f 5294 5286 5293
f 5295 5285 5286
f 5295 5286 5294
f 5287 5285 5295
f 5306 5302 5303
f 5306 5303 5305
f 5307 5301 5302
f 5307 5302 5306
f 5308 5300 5301
f 5308 5301 5307
f 5309 5298 5299
f 5309 5299 5300
f 5309 5300 5308
f 5310 5297 5298
f 5310 5298 5309
f 5311 5297 5310
f 5304 5296 5297
f 5304 5297 5311
f 5318 5325 5326
f 5318 5326 5317
f 5327 5318 5319
f 5327 5324 5325
f 5327 5325 5318
f 5328 5319 5320
f 5328 5327 5319
f 5329 5328 5320
f 5330 5320 5321
f 5330 5329 5320
f 5331 5321 5322
f 5331 5330 5321
f 5315 5323 5314
f 5332 5322 5323
f 5332 5331 5322
f 5316 5332 5323
f 5316 5323 5315
f 5312 5332 5316
f 5313 5332 5312
f 5351 5334 5333
f 5350 5335 5334
f 5350 5334 5351
f 5349 5336 5335
f 5349 5335 5350
f 5348 5337 5336
f 5348 5338 5337
f 5348 5336 5349
f 5347 5339 5338
f 5347 5338 5348
f 5346 5340 5339
f 5346 5339 5347
f 5345 5341 5340
f 5345 5342 5341
f 5345 5340 5346
f 5344 5343 5342
f 5344 5342 5345
f 5354 5356 5357
f 5354 5357 5358
f 5354 5358 5355
f 5352 5356 5354
f 5353 5352 5354
f 5360 5359 5380
f 5379 5360 5380
f 5373 5361 5360
f 5373 5379 5372
f 5373 5360 5379
f 5374 5362 5361
f 5374 5361 5373
f 5375 5362 5374
f 5371 5365 5364
f 5367 5368 5378
f 5366 5367 5378
f 5381 5363 5362
f 5381 5375 5376
f 5381 5376 5377
f 5381 5362 5375
f 5382 5364 5363
f 5382 5363 5381
f 5382 5381 5377
f 5383 5368 5369
f 5383 5369 5370
f 5383 5370 5371
f 5383 5371 5364
f 5383 5364 5382
f 5383 5378 5368
f 5384 5377 5378
f 5384 5383 5382
f 5384 5378 5383
f 5384 5382 5377
f 5398 5387 5388
f 5386 5387 5398
f 5399 5386 5398
f 5389 5385 5386
f 5390 5399 5400
f 5390 5386 5399
f 5390 5389 5386
f 5391 5400 5401
f 5391 5390 5400
f 5392 5401 5396
f 5392 5391 5401
f 5393 5396 5397
f 5393 5397 5395
f 5393 5392 5396
f 5394 5393 5395
f 5409 5403 5402
f 5409 5404 5403
f 5409 5402 5408
f 5410 5405 5404
f 5410 5404 5409
f 5411 5406 5405
f 5411 5405 5410
f 5412 5406 5411
f 5407 5406 5412
f 5422 5418 5420
f 5421 5424 5423
f 5421 5425 5424
f 5422 5428 5426
f 5421 5429 5427
f 5422 5432 5430
f 5421 5419 5431
f 5435 5416 5414
f 5434 5413 5417
f 5435 5418 5422
f 5436 5415 5434
f 5444 5433 5446
f 5443 5435 5445
f 5438 5437 5435
f 5442 5435 5443
f 5440 5438 5435
f 5439 5434 5441
f 5469 5474 5473
f 5469 5475 5474
f 5469 5476 5475
f 5469 5477 5476
f 5472 5469 5473
f 5461 5459 5458
f 5462 5460 5457
f 5463 5462 5457
f 5464 5463 5457
f 5465 5464 5457
f 5478 5480 5479
f 5478 5484 5483
f 5478 5485 5484
f 5478 5479 5485
f 5482 5478 5483
f 5466 5457 5469
f 5466 5469 5472
f 5466 5465 5457
f 5481 5478 5482
f 5467 5472 5471
f 5467 5466 5472
f 5468 5471 5470
f 5468 5467 5471
f 5456 5468 5470
f 5454 5470 5478
f 5454 5456 5470
f 5449 5455 5454
f 5450 5449 5454
f 5451 5450 5454
f 5452 5451 5454
f 5453 5452 5454
f 5447 5453 5454
f 5447 5454 5478
f 5447 5478 5481
f 5448 5447 5481
f 5448 5481 5486
f 5487 5497 5505
f 5488 5504 5503
f 5488 5505 5504
f 5488 5487 5505
f 5489 5488 5503
f 5490 5503 5502
f 5490 5489 5503
f 5491 5502 5501
f 5491 5490 5502
f 5492 5501 5500
f 5492 5491 5501
f 5493 5500 5499
f 5493 5492 5500
f 5494 5493 5499
f 5495 5499 5498
f 5495 5494 5499
f 5496 5495 5498

