# https://github.com/mikedh/trimesh
v 0.00684226 -0.00406962 -0.00239293
v 0.00683863 -0.00387358 -0.00223360
v 0.00683650 -0.00365167 -0.00211553
v 0.00683791 -0.00300208 -0.00193012
v 0.00685050 -0.00232543 -0.00185932
v 0.00679348 -0.00230658 -0.00185012
v 0.00673604 -0.00228759 -0.00184459
v 0.00667837 -0.00226852 -0.00184275
v 0.00154156 -0.00699691 -0.00184275
v 0.00291480 -0.00651416 -0.00184275
v 0.00416253 -0.00576448 -0.00184275
v 0.00523351 -0.00477866 -0.00184275
v 0.00608377 -0.00359716 -0.00184275
v 0.00185333 -0.00719127 -0.00187872
v 0.00215947 -0.00736686 -0.00198959
v 0.00230471 -0.00744542 -0.00207502
v 0.00243969 -0.00751603 -0.00218223
v 0.00303987 -0.00755308 -0.00284275
v 0.00285093 -0.00760068 -0.00261037
v 0.00264765 -0.00758987 -0.00238673
v 0.00674233 -0.00443795 -0.00284275
v 0.00572566 -0.00571792 -0.00284275
v 0.00447487 -0.00677030 -0.00284275
v 0.00681307 -0.00428625 -0.00263896
v 0.00683626 -0.00418132 -0.00251431
v 0.00282174 -0.00752669 -0.00239293
v 0.00212589 -0.00725959 -0.00193031
v 0.00278505 -0.00743368 -0.00223372
v 0.00205782 -0.00704207 -0.00185932
v 0.00272915 -0.00729196 -0.00207504
v 0.00329485 -0.00732239 -0.00239293
v 0.00264418 -0.00707653 -0.00193031
v 0.00325230 -0.00723192 -0.00223372
v 0.00318748 -0.00709405 -0.00207504
v 0.00256054 -0.00686451 -0.00185932
v 0.00308893 -0.00688448 -0.00193031
v 0.00299195 -0.00667822 -0.00185932
v 0.00446304 -0.00675298 -0.00263900
v 0.00441458 -0.00668205 -0.00239293
v 0.00435817 -0.00659950 -0.00223372
v 0.00427222 -0.00647372 -0.00207504
v 0.00414158 -0.00628250 -0.00193031
v 0.00401299 -0.00609432 -0.00185932
v 0.00571062 -0.00570330 -0.00263900
v 0.00564903 -0.00564342 -0.00239293
v 0.00557734 -0.00557373 -0.00223372
v 0.00546811 -0.00546754 -0.00207504
v 0.00530206 -0.00530611 -0.00193031
v 0.00513864 -0.00514723 -0.00185932
v 0.00672469 -0.00442661 -0.00263900
v 0.00665243 -0.00438016 -0.00239293
v 0.00656832 -0.00432611 -0.00223372
v 0.00644016 -0.00424375 -0.00207504
v 0.00624534 -0.00411854 -0.00193031
v 0.00670518 -0.00379979 -0.00207504
v 0.00605361 -0.00399532 -0.00185932
v 0.00650251 -0.00368772 -0.00193031
v 0.00630306 -0.00357743 -0.00185932
v 0.00199880 0.00310854 -0.00184275
v 0.00224394 0.00292256 -0.00184275
v 0.00247328 0.00271742 -0.00184275
v 0.00268535 0.00249448 -0.00184275
v 0.00173124 0.00327900 -0.00184275
v 0.00182198 0.00322466 -0.00184275
v 0.00191120 0.00316781 -0.00184275
v 0.00067114 0.00369106 -0.00184275
v 0.00115806 0.00354912 -0.00184275
v 0.00145045 0.00342660 -0.00184275
v -0.00282850 0.00266361 -0.00184275
v -0.00224106 0.00314534 -0.00184275
v -0.00156939 0.00350032 -0.00184275
v -0.00084045 0.00371433 -0.00184275
v -0.00008349 0.00377877 -0.00184275
v 0.00154156 -0.00699691 -0.00184275
v -0.00005499 -0.00595355 -0.00184275
v -0.00137595 -0.00457784 -0.00184275
v -0.00235366 -0.00294028 -0.00184275
v -0.00293800 -0.00112476 -0.00184275
v -0.00309903 0.00077566 -0.00184275
v 0.00291480 -0.00651416 -0.00184275
v 0.00416253 -0.00576448 -0.00184275
v 0.00523351 -0.00477866 -0.00184275
v 0.00608377 -0.00359716 -0.00184275
v 0.00667837 -0.00226852 -0.00184275
v 0.00675549 -0.00202029 -0.00184275
v 0.00682358 -0.00176944 -0.00184275
v 0.00688254 -0.00151629 -0.00184275
v 0.00697082 -0.00046208 -0.00184275
v 0.00717247 0.00029082 -0.00184275
v 0.00704948 -0.00003475 -0.00184275
v 0.00699967 -0.00024575 -0.00184275
v 0.00670743 0.00008360 -0.00184275
v 0.00372481 0.00107362 -0.00184275
v 0.00494895 0.00030188 -0.00184275
v 0.00562828 0.00004561 -0.00184275
v 0.00587906 -0.00000146 -0.00184275
v 0.00611622 -0.00001584 -0.00184275
v 0.00641572 0.00001011 -0.00184275
v 0.00324785 0.00165666 -0.00184275
v 0.00337739 0.00143937 -0.00184275
v 0.00353750 0.00124366 -0.00184275
v 0.00299469 0.00209382 -0.00184275
v 0.00199441 -0.00071991 -0.00184275
v 0.00176331 -0.00121063 -0.00184275
v 0.00142148 -0.00163178 -0.00184275
v 0.00098880 -0.00195890 -0.00184275
v 0.00049041 -0.00217295 -0.00184275
v -0.00004473 -0.00226152 -0.00184275
v -0.00058551 -0.00221945 -0.00184275
v -0.00110051 -0.00204918 -0.00184275
v -0.00155979 -0.00176061 -0.00184275
v -0.00193667 -0.00137051 -0.00184275
v -0.00220924 -0.00090156 -0.00184275
v -0.00236167 -0.00038100 -0.00184275
v -0.00238509 0.00016090 -0.00184275
v -0.00227814 0.00069267 -0.00184275
v -0.00204703 0.00118339 -0.00184275
v -0.00170521 0.00160455 -0.00184275
v -0.00127253 0.00193166 -0.00184275
v -0.00077414 0.00214572 -0.00184275
v -0.00023900 0.00223428 -0.00184275
v 0.00030178 0.00219221 -0.00184275
v 0.00081678 0.00202194 -0.00184275
v 0.00127606 0.00173338 -0.00184275
v 0.00165294 0.00134328 -0.00184275
v 0.00192552 0.00087433 -0.00184275
v 0.00207794 0.00035376 -0.00184275
v 0.00210136 -0.00018815 -0.00184275
v 0.00199441 -0.00071991 -0.00794275
v 0.00199441 -0.00071991 -0.00624348
v 0.00139153 -0.00166019 -0.00626638
v 0.00164367 -0.00138270 -0.00625982
v 0.00184746 -0.00106485 -0.00625208
v 0.00139153 -0.00166019 -0.00644275
v -0.00190225 -0.00141488 -0.00644275
v -0.00152675 -0.00178692 -0.00644275
v -0.00107481 -0.00206108 -0.00644275
v -0.00057138 -0.00222224 -0.00644275
v -0.00004425 -0.00226150 -0.00644275
v 0.00047750 -0.00217669 -0.00644275
v 0.00096506 -0.00197250 -0.00644275
v -0.00190225 -0.00141488 -0.00625124
v -0.00220102 -0.00092046 -0.00623757
v -0.00206757 -0.00117730 -0.00624461
v -0.00239030 0.00007019 -0.00523670
v -0.00239125 0.00004198 -0.00547264
v -0.00239170 -0.00004105 -0.00569463
v -0.00238613 -0.00017424 -0.00589070
v -0.00237755 -0.00026677 -0.00598380
v -0.00235671 -0.00040931 -0.00608840
v -0.00233315 -0.00052422 -0.00614863
v -0.00230168 -0.00064403 -0.00619306
v -0.00225644 -0.00078218 -0.00622469
v -0.00239030 0.00007019 -0.00454879
v -0.00239125 0.00004198 -0.00431286
v -0.00239170 -0.00004105 -0.00409086
v -0.00238613 -0.00017424 -0.00389479
v -0.00237755 -0.00026677 -0.00380170
v -0.00235671 -0.00040931 -0.00369710
v -0.00233315 -0.00052422 -0.00363686
v -0.00230168 -0.00064403 -0.00359244
v -0.00225644 -0.00078218 -0.00356081
v -0.00220102 -0.00092046 -0.00354793
v -0.00206757 -0.00117730 -0.00354088
v -0.00190225 -0.00141488 -0.00353426
v -0.00190225 -0.00141488 -0.00334275
v -0.00152675 -0.00178692 -0.00334275
v -0.00107481 -0.00206108 -0.00334275
v -0.00057138 -0.00222225 -0.00334275
v -0.00004425 -0.00226150 -0.00334275
v 0.00047750 -0.00217669 -0.00334275
v 0.00096506 -0.00197250 -0.00334275
v 0.00139153 -0.00166019 -0.00334275
v 0.00139153 -0.00166019 -0.00351912
v 0.00164367 -0.00138270 -0.00352568
v 0.00184746 -0.00106485 -0.00353342
v 0.00199441 -0.00071991 -0.00354201
v 0.00199441 -0.00071991 -0.00184275
v 0.00176331 -0.00121063 -0.00184275
v 0.00142148 -0.00163178 -0.00184275
v 0.00098880 -0.00195890 -0.00184275
v 0.00049041 -0.00217295 -0.00184275
v -0.00004473 -0.00226152 -0.00184275
v -0.00058551 -0.00221945 -0.00184275
v -0.00110051 -0.00204918 -0.00184275
v -0.00155979 -0.00176061 -0.00184275
v -0.00193667 -0.00137051 -0.00184275
v -0.00220924 -0.00090156 -0.00184275
v -0.00236167 -0.00038100 -0.00184275
v -0.00238509 0.00016090 -0.00184275
v -0.00227814 0.00069267 -0.00184275
v -0.00227814 0.00069267 -0.00794275
v 0.00176331 -0.00121063 -0.00794275
v 0.00142148 -0.00163178 -0.00794275
v 0.00098880 -0.00195890 -0.00794275
v 0.00049041 -0.00217295 -0.00794275
v -0.00004473 -0.00226152 -0.00794275
v -0.00058551 -0.00221945 -0.00794275
v -0.00110051 -0.00204918 -0.00794275
v -0.00155979 -0.00176061 -0.00794275
v -0.00193667 -0.00137051 -0.00794275
v -0.00220924 -0.00090156 -0.00794275
v -0.00236167 -0.00038100 -0.00794275
v -0.00238509 0.00016090 -0.00794275
v 0.00856862 0.00151923 -0.00620261
v 0.00855831 0.00162041 -0.00619995
v 0.00189550 0.00094119 -0.00619995
v 0.00199441 -0.00071991 -0.00624348
v 0.00209830 -0.00022386 -0.00623084
v 0.00208733 0.00029169 -0.00621738
v 0.00201515 0.00062652 -0.00620846
v 0.00139153 -0.00166019 -0.00626638
v 0.00164367 -0.00138270 -0.00625982
v 0.00184746 -0.00106485 -0.00625208
v 0.00697204 -0.00207581 -0.00629203
v 0.00710576 -0.00049193 -0.00625112
v 0.00721268 0.00001489 -0.00623820
v 0.00743852 0.00047704 -0.00622676
v 0.00764915 0.00074900 -0.00622023
v 0.00790138 0.00098287 -0.00621481
v 0.00807709 0.00112140 -0.00621167
v 0.00707129 -0.00208320 -0.00639203
v 0.00706778 -0.00208294 -0.00636570
v 0.00706111 -0.00208244 -0.00634801
v 0.00705122 -0.00208170 -0.00633185
v 0.00703314 -0.00208035 -0.00631335
v 0.00701865 -0.00207928 -0.00630387
v 0.00700316 -0.00207812 -0.00629717
v 0.00698801 -0.00207699 -0.00629339
v 0.00697204 -0.00207581 -0.00629203
v 0.00720514 -0.00049774 -0.00635108
v 0.00720261 -0.00049809 -0.00632891
v 0.00719524 -0.00049802 -0.00630783
v 0.00718340 -0.00049751 -0.00628892
v 0.00716767 -0.00049659 -0.00627310
v 0.00714885 -0.00049531 -0.00626117
v 0.00712786 -0.00049373 -0.00625372
v 0.00710576 -0.00049193 -0.00625112
v 0.00139153 -0.00166019 -0.00351912
v 0.00164367 -0.00138270 -0.00352568
v 0.00184746 -0.00106485 -0.00353342
v 0.00199441 -0.00071991 -0.00354201
v 0.00209830 -0.00022386 -0.00355466
v 0.00208733 0.00029169 -0.00356812
v 0.00201516 0.00062652 -0.00357703
v 0.00189550 0.00094119 -0.00358555
v 0.00855831 0.00162041 -0.00358555
v 0.00856862 0.00151923 -0.00358288
v 0.00807709 0.00112140 -0.00357383
v 0.00790138 0.00098287 -0.00357068
v 0.00710576 -0.00049193 -0.00353438
v 0.00721268 0.00001489 -0.00354730
v 0.00743852 0.00047704 -0.00355874
v 0.00764915 0.00074900 -0.00356526
v 0.00697204 -0.00207581 -0.00349347
v 0.00856862 0.00151923 -0.00620261
v 0.00855831 0.00162041 -0.00619995
v 0.00868400 0.00163280 -0.00618374
v 0.00864260 0.00162882 -0.00619272
v 0.00860061 0.00162467 -0.00619814
v 0.00856862 0.00151923 -0.00358288
v 0.00868400 0.00163280 -0.00360176
v 0.00855831 0.00162041 -0.00358555
v 0.00860061 0.00162467 -0.00358736
v 0.00864260 0.00162881 -0.00359277
v -0.00227814 0.00069267 -0.00184275
v -0.00204703 0.00118339 -0.00184275
v -0.00170521 0.00160455 -0.00184275
v -0.00127253 0.00193166 -0.00184275
v -0.00077414 0.00214572 -0.00184275
v -0.00023900 0.00223428 -0.00184275
v 0.00030178 0.00219221 -0.00184275
v 0.00081678 0.00202194 -0.00184275
v 0.00127606 0.00173338 -0.00184275
v 0.00165294 0.00134328 -0.00184275
v 0.00192552 0.00087433 -0.00184275
v 0.00207794 0.00035376 -0.00184275
v 0.00210136 -0.00018815 -0.00184275
v 0.00199441 -0.00071991 -0.00184275
v 0.00199441 -0.00071991 -0.00354201
v 0.00209830 -0.00022386 -0.00355466
v 0.00208733 0.00029169 -0.00356812
v 0.00201516 0.00062652 -0.00357703
v 0.00189550 0.00094119 -0.00358555
v 0.00160759 0.00140128 -0.00408538
v 0.00161513 0.00139206 -0.00398736
v 0.00163590 0.00136577 -0.00389493
v 0.00166711 0.00132445 -0.00381087
v 0.00170597 0.00127014 -0.00373795
v 0.00174948 0.00120491 -0.00367822
v 0.00179518 0.00113064 -0.00363234
v 0.00184118 0.00104905 -0.00360143
v 0.00186884 0.00099597 -0.00359032
v 0.00160758 0.00140128 -0.00570012
v 0.00189550 0.00094119 -0.00619995
v 0.00183472 0.00106099 -0.00618071
v 0.00177162 0.00116973 -0.00613152
v 0.00171075 0.00126322 -0.00605502
v 0.00166273 0.00133024 -0.00596559
v 0.00162972 0.00137347 -0.00587040
v 0.00161335 0.00139416 -0.00578688
v 0.00199441 -0.00071991 -0.00624348
v 0.00209830 -0.00022386 -0.00623084
v 0.00208733 0.00029169 -0.00621738
v 0.00201515 0.00062652 -0.00620846
v 0.00199441 -0.00071991 -0.00794275
v -0.00227814 0.00069267 -0.00794275
v -0.00204703 0.00118339 -0.00794275
v -0.00170521 0.00160455 -0.00794275
v -0.00127253 0.00193166 -0.00794275
v -0.00077414 0.00214572 -0.00794275
v -0.00023900 0.00223428 -0.00794275
v 0.00030178 0.00219221 -0.00794275
v 0.00081678 0.00202194 -0.00794275
v 0.00127606 0.00173338 -0.00794275
v 0.00165294 0.00134328 -0.00794275
v 0.00192552 0.00087433 -0.00794275
v 0.00207794 0.00035376 -0.00794275
v 0.00210136 -0.00018815 -0.00794275
v -0.00220102 -0.00092046 -0.00623757
v -0.00312688 -0.00085281 -0.00623334
v -0.00303437 -0.00133057 -0.00624604
v -0.00190225 -0.00141488 -0.00625124
v -0.00206757 -0.00117730 -0.00624461
v 0.00268535 0.00249448 -0.00794275
v 0.00299469 0.00209382 -0.00794275
v 0.00324785 0.00165666 -0.00794275
v 0.00337739 0.00143937 -0.00794275
v 0.00353750 0.00124366 -0.00794275
v 0.00372481 0.00107362 -0.00794275
v 0.00494895 0.00030188 -0.00794275
v 0.00562828 0.00004561 -0.00794275
v 0.00587906 -0.00000146 -0.00794275
v 0.00611622 -0.00001584 -0.00794275
v 0.00641572 0.00001011 -0.00794275
v 0.00670743 0.00008360 -0.00794275
v 0.00717247 0.00029082 -0.00794275
v 0.00704948 -0.00003475 -0.00794275
v 0.00699967 -0.00024575 -0.00794275
v 0.00697082 -0.00046208 -0.00794275
v 0.00688254 -0.00151629 -0.00794275
v 0.00637114 -0.00304365 -0.00794275
v 0.00553227 -0.00441866 -0.00794275
v 0.00440812 -0.00557221 -0.00794275
v 0.00305522 -0.00644626 -0.00794275
v 0.00154156 -0.00699691 -0.00794275
v -0.00005499 -0.00595355 -0.00794275
v -0.00137595 -0.00457784 -0.00794275
v -0.00235366 -0.00294028 -0.00794275
v -0.00293800 -0.00112476 -0.00794275
v -0.00309903 0.00077566 -0.00794275
v -0.00282850 0.00266361 -0.00794275
v -0.00224106 0.00314534 -0.00794275
v -0.00156939 0.00350032 -0.00794275
v -0.00084045 0.00371433 -0.00794275
v -0.00008349 0.00377877 -0.00794275
v 0.00067114 0.00369106 -0.00794275
v 0.00115806 0.00354912 -0.00794275
v 0.00145045 0.00342660 -0.00794275
v 0.00173124 0.00327900 -0.00794275
v 0.00182198 0.00322466 -0.00794275
v 0.00191120 0.00316781 -0.00794275
v 0.00199880 0.00310854 -0.00794275
v 0.00224394 0.00292256 -0.00794275
v 0.00247328 0.00271743 -0.00794275
v 0.00199441 -0.00071991 -0.00794275
v 0.00176331 -0.00121063 -0.00794275
v 0.00142148 -0.00163178 -0.00794275
v 0.00098880 -0.00195890 -0.00794275
v 0.00049041 -0.00217295 -0.00794275
v -0.00004473 -0.00226152 -0.00794275
v -0.00058551 -0.00221945 -0.00794275
v -0.00110051 -0.00204918 -0.00794275
v -0.00155979 -0.00176061 -0.00794275
v -0.00193667 -0.00137051 -0.00794275
v -0.00220924 -0.00090156 -0.00794275
v -0.00236167 -0.00038100 -0.00794275
v -0.00238509 0.00016090 -0.00794275
v -0.00227814 0.00069267 -0.00794275
v -0.00204703 0.00118339 -0.00794275
v -0.00170521 0.00160455 -0.00794275
v -0.00127253 0.00193166 -0.00794275
v -0.00077414 0.00214572 -0.00794275
v -0.00023900 0.00223428 -0.00794275
v 0.00030178 0.00219221 -0.00794275
v 0.00081678 0.00202194 -0.00794275
v 0.00127606 0.00173338 -0.00794275
v 0.00165294 0.00134328 -0.00794275
v 0.00192552 0.00087433 -0.00794275
v 0.00207794 0.00035376 -0.00794275
v 0.00210136 -0.00018815 -0.00794275
v -0.00239030 0.00007019 -0.00454879
v -0.00239030 0.00007019 -0.00523670
v -0.00327043 0.00013451 -0.00455281
v -0.00327936 0.00013515 -0.00489275
v -0.00327043 0.00013451 -0.00523269
v 0.00675956 -0.00441104 -0.00644275
v 0.00573545 -0.00570784 -0.00644275
v 0.00447169 -0.00677247 -0.00644275
v 0.00301983 -0.00756151 -0.00644275
v 0.00683526 -0.00426804 -0.00644275
v 0.00688676 -0.00411548 -0.00644275
v 0.00691317 -0.00395585 -0.00644275
v 0.00707001 -0.00208310 -0.00644275
v 0.00139153 -0.00166019 -0.00644275
v -0.00190225 -0.00141488 -0.00644275
v -0.00152675 -0.00178692 -0.00644275
v -0.00107481 -0.00206108 -0.00644275
v -0.00057138 -0.00222224 -0.00644275
v -0.00004425 -0.00226150 -0.00644275
v 0.00047750 -0.00217669 -0.00644275
v 0.00096506 -0.00197250 -0.00644275
v -0.00313557 -0.00132303 -0.00644275
v -0.00260118 -0.00296013 -0.00644275
v -0.00175339 -0.00445910 -0.00644275
v -0.00062574 -0.00576068 -0.00644275
v 0.00073718 -0.00681336 -0.00644275
v 0.00228146 -0.00757552 -0.00644275
v 0.00250047 -0.00763061 -0.00644275
v 0.00272727 -0.00763485 -0.00644275
v 0.00287604 -0.00760940 -0.00644275
v -0.00310358 0.00237384 -0.00774798
v -0.00330237 0.00048978 -0.00774798
v -0.00308504 -0.00139222 -0.00774798
v -0.00246207 -0.00318139 -0.00774798
v -0.00146352 -0.00479138 -0.00774798
v -0.00013756 -0.00614455 -0.00774798
v 0.00145183 -0.00717558 -0.00774798
v 0.00175155 -0.00731974 -0.00772013
v 0.00204639 -0.00744968 -0.00763331
v 0.00218800 -0.00750828 -0.00756476
v 0.00232131 -0.00756150 -0.00747640
v 0.00228146 -0.00757552 -0.00644275
v -0.00313557 -0.00132303 -0.00644275
v -0.00260118 -0.00296013 -0.00644275
v -0.00175339 -0.00445910 -0.00644275
v -0.00062574 -0.00576068 -0.00644275
v 0.00073718 -0.00681336 -0.00644275
v -0.00313816 -0.00132284 -0.00634791
v -0.00322580 -0.00086634 -0.00633593
v -0.00326815 -0.00058547 -0.00629374
v -0.00329830 -0.00034757 -0.00619715
v -0.00331909 -0.00015673 -0.00606622
v -0.00333482 0.00000293 -0.00589840
v -0.00334672 0.00012388 -0.00570058
v -0.00335570 0.00020132 -0.00548146
v -0.00335959 0.00022317 -0.00535949
v -0.00336304 0.00023077 -0.00523531
v -0.00337198 0.00023143 -0.00489537
v -0.00337244 0.00081931 -0.00489537
v -0.00333321 0.00140588 -0.00489537
v -0.00325444 0.00198845 -0.00489537
v -0.00315547 0.00217934 -0.00730878
v -0.00314638 0.00220813 -0.00743788
v -0.00312797 0.00227779 -0.00759955
v 0.00691317 -0.00395585 -0.00644275
v 0.00707001 -0.00208310 -0.00644275
v 0.00707001 -0.00208310 -0.00644275
v 0.00688703 -0.00399660 -0.00730784
v 0.00690050 -0.00379207 -0.00744673
v 0.00693577 -0.00331787 -0.00761598
v 0.00693577 -0.00331787 -0.00761598
v 0.00698650 -0.00268180 -0.00771254
v 0.00698650 -0.00268180 -0.00771254
v 0.00708178 -0.00153297 -0.00774798
v 0.00717006 -0.00047877 -0.00774798
v 0.00720512 -0.00049767 -0.00635370
v 0.00707126 -0.00208319 -0.00639465
v -0.00303437 -0.00133057 -0.00624604
v -0.00303437 -0.00133057 -0.00624604
v -0.00190225 -0.00141488 -0.00625124
v -0.00306038 -0.00132863 -0.00624909
v -0.00308669 -0.00132667 -0.00625937
v -0.00310766 -0.00132511 -0.00627476
v -0.00312456 -0.00132385 -0.00629590
v -0.00312456 -0.00132385 -0.00629590
v -0.00313504 -0.00132307 -0.00632089
v -0.00313816 -0.00132284 -0.00634791
v -0.00313816 -0.00132284 -0.00634791
v -0.00313557 -0.00132303 -0.00644275
v -0.00313557 -0.00132303 -0.00644275
v -0.00190225 -0.00141488 -0.00644275
v 0.00707001 -0.00208310 -0.00644275
v 0.00707001 -0.00208310 -0.00644275
v 0.00707126 -0.00208319 -0.00639465
v 0.00707126 -0.00208319 -0.00639465
v 0.00707129 -0.00208320 -0.00639203
v 0.00707129 -0.00208320 -0.00639203
v 0.00706778 -0.00208294 -0.00636570
v 0.00706778 -0.00208294 -0.00636570
v 0.00706111 -0.00208244 -0.00634801
v 0.00706111 -0.00208244 -0.00634801
v 0.00705122 -0.00208170 -0.00633185
v 0.00705122 -0.00208170 -0.00633185
v 0.00703314 -0.00208035 -0.00631335
v 0.00701865 -0.00207928 -0.00630387
v 0.00700316 -0.00207812 -0.00629717
v 0.00698801 -0.00207699 -0.00629339
v 0.00697204 -0.00207581 -0.00629203
v 0.00697204 -0.00207581 -0.00629203
v 0.00697204 -0.00207581 -0.00629203
v 0.00697204 -0.00207581 -0.00629203
v 0.00697204 -0.00207581 -0.00629203
v 0.00139153 -0.00166019 -0.00626638
v 0.00139153 -0.00166019 -0.00644275
v 0.00717006 -0.00047877 -0.00774798
v 0.00727064 0.00000129 -0.00774838
v 0.00748559 0.00044330 -0.00774844
v 0.00768572 0.00070223 -0.00774829
v 0.00792784 0.00092700 -0.00774798
v 0.00720512 -0.00049767 -0.00635370
v 0.00796289 0.00090688 -0.00631740
v 0.00761744 0.00055926 -0.00632614
v 0.00736642 0.00013722 -0.00633701
v 0.00726003 -0.00017193 -0.00634510
v 0.00383390 0.00121794 -0.01113059
v 0.00383390 0.00121794 -0.01113057
v 0.00500072 0.00047656 -0.01107757
v 0.00564320 0.00022548 -0.01101149
v 0.00605502 0.00016112 -0.01095111
v 0.00635689 0.00017765 -0.01089496
v 0.00665267 0.00024767 -0.01082802
v 0.00665287 0.00024774 -0.01082797
v 0.00665267 0.00024767 -0.01082796
v 0.00667588 0.00017846 -0.00804013
v 0.00626466 0.00009115 -0.00804013
v 0.00584313 0.00010446 -0.00804013
v 0.00543473 0.00020668 -0.00804013
v 0.00457688 0.00061930 -0.00804013
v 0.00378508 0.00115339 -0.00804013
v 0.00340962 0.00173670 -0.01111502
v 0.00333750 0.00170090 -0.00804013
v 0.00352501 0.00154353 -0.01112452
v 0.00366735 0.00136949 -0.01112967
v 0.00383390 0.00121794 -0.01113057
v 0.00378508 0.00115339 -0.00804013
v 0.00360934 0.00131313 -0.00804013
v 0.00345910 0.00149689 -0.00804013
v 0.00281915 0.00261204 -0.01102402
v 0.00276050 0.00256040 -0.00804013
v 0.00327213 0.00199028 -0.01109442
v 0.00340962 0.00173670 -0.01111505
v 0.00340962 0.00173670 -0.01111502
v 0.00333750 0.00170090 -0.00804013
v 0.00307782 0.00214937 -0.00804013
v 0.00276050 0.00256040 -0.00804013
v 0.00254288 0.00278919 -0.00804013
v 0.00230752 0.00299970 -0.00804013
v 0.00205596 0.00319055 -0.00804013
v 0.00281915 0.00261204 -0.01102402
v 0.00281915 0.00261204 -0.01102405
v 0.00209904 0.00325235 -0.01091696
v 0.00205596 0.00319055 -0.00804013
v 0.00196612 0.00325134 -0.00804013
v 0.00187464 0.00330963 -0.00804013
v 0.00178157 0.00336537 -0.00804013
v 0.00209904 0.00325235 -0.01091696
v 0.00181886 0.00342934 -0.01086765
v 0.00070696 0.00385428 -0.01060414
v 0.00069257 0.00378871 -0.00804013
v 0.00149117 0.00359751 -0.01080136
v 0.00181873 0.00342942 -0.01086765
v 0.00181886 0.00342934 -0.01086765
v 0.00178157 0.00336537 -0.00804013
v 0.00131435 0.00359559 -0.00804013
v 0.00100777 0.00370567 -0.00804013
v 0.00070696 0.00385428 -0.01060414
v 0.00069257 0.00378871 -0.00804013
v 0.00070679 0.00385432 -0.01060415
v -0.00276928 0.00285876 -0.00804013
v -0.00197633 0.00344830 -0.00900150
v -0.00105831 0.00381590 -0.00975234
v -0.00019310 0.00393687 -0.01025381
v 0.00025069 0.00392285 -0.01044648
v -0.00023217 0.00387814 -0.00804013
v -0.00115176 0.00374591 -0.00804013
v -0.00201384 0.00339954 -0.00804013
v -0.00239030 0.00007019 -0.00523670
v -0.00239125 0.00004198 -0.00547264
v -0.00239170 -0.00004105 -0.00569463
v -0.00238613 -0.00017424 -0.00589070
v -0.00237755 -0.00026677 -0.00598380
v -0.00235671 -0.00040931 -0.00608840
v -0.00233315 -0.00052422 -0.00614863
v -0.00230168 -0.00064403 -0.00619306
v -0.00225644 -0.00078218 -0.00622469
v -0.00220102 -0.00092046 -0.00623757
v -0.00312688 -0.00085281 -0.00623334
v -0.00327043 0.00013451 -0.00523269
v -0.00326243 0.00010573 -0.00546585
v -0.00325155 0.00002403 -0.00568480
v -0.00323661 -0.00010519 -0.00587869
v -0.00321633 -0.00027578 -0.00603694
v -0.00318911 -0.00047787 -0.00615187
v -0.00316060 -0.00066160 -0.00621034
v 0.00154156 -0.00699691 -0.00794275
v -0.00005499 -0.00595355 -0.00794275
v -0.00137595 -0.00457784 -0.00794275
v -0.00235366 -0.00294028 -0.00794275
v -0.00293800 -0.00112476 -0.00794275
v -0.00309903 0.00077566 -0.00794275
v -0.00282850 0.00266361 -0.00794275
v 0.00152191 -0.00703603 -0.00793790
v 0.00150321 -0.00707325 -0.00792359
v 0.00148638 -0.00710676 -0.00790050
v 0.00147222 -0.00713496 -0.00786977
v 0.00146143 -0.00715646 -0.00783288
v 0.00145452 -0.00717022 -0.00779162
v 0.00145183 -0.00717558 -0.00774798
v -0.00310358 0.00237384 -0.00774798
v -0.00330237 0.00048978 -0.00774798
v -0.00308504 -0.00139222 -0.00774798
v -0.00246207 -0.00318139 -0.00774798
v -0.00146352 -0.00479138 -0.00774798
v -0.00013756 -0.00614455 -0.00774798
v -0.00308695 0.00242296 -0.00779030
v -0.00306346 0.00246124 -0.00783002
v -0.00303376 0.00248694 -0.00786688
v -0.00299551 0.00250682 -0.00789943
v -0.00295221 0.00252906 -0.00792272
v -0.00292562 0.00254697 -0.00793170
v -0.00289678 0.00257263 -0.00793793
v -0.00287174 0.00260280 -0.00794095
v -0.00285595 0.00262521 -0.00794203
v -0.00013398 -0.00614016 -0.00779029
v -0.00012491 -0.00612907 -0.00783004
v -0.00011026 -0.00611116 -0.00786690
v -0.00008961 -0.00608591 -0.00789952
v -0.00006619 -0.00605726 -0.00792275
v -0.00003871 -0.00602366 -0.00793790
v -0.00145906 -0.00478789 -0.00779029
v -0.00144780 -0.00477905 -0.00783004
v -0.00142959 -0.00476476 -0.00786690
v -0.00140393 -0.00474464 -0.00789952
v -0.00137481 -0.00472180 -0.00792275
v -0.00134066 -0.00469501 -0.00793790
v -0.00245696 -0.00317895 -0.00779029
v -0.00244403 -0.00317278 -0.00783004
v -0.00242315 -0.00316282 -0.00786690
v -0.00239371 -0.00314877 -0.00789952
v -0.00236031 -0.00313285 -0.00792275
v -0.00232113 -0.00311416 -0.00793790
v -0.00307952 -0.00139096 -0.00779029
v -0.00306556 -0.00138777 -0.00783004
v -0.00304300 -0.00138261 -0.00786690
v -0.00301121 -0.00137533 -0.00789952
v -0.00297513 -0.00136707 -0.00792274
v -0.00293282 -0.00135738 -0.00793790
v -0.00329671 0.00048981 -0.00779029
v -0.00328239 0.00048988 -0.00783004
v -0.00325924 0.00048999 -0.00786690
v -0.00322662 0.00049016 -0.00789952
v -0.00318963 0.00049034 -0.00792274
v -0.00314622 0.00049055 -0.00793790
v -0.00325577 0.00078020 -0.00786690
v -0.00322316 0.00077925 -0.00789952
v -0.00318618 0.00077818 -0.00792274
v -0.00314279 0.00077693 -0.00793790
v -0.00309805 0.00237264 -0.00779029
v -0.00308406 0.00236958 -0.00783004
v -0.00306145 0.00236464 -0.00786690
v -0.00302958 0.00235767 -0.00789952
v -0.00299344 0.00234977 -0.00792274
v 0.00708178 -0.00153297 -0.00774798
v 0.00717006 -0.00047877 -0.00774798
v 0.00707581 -0.00153247 -0.00779162
v 0.00706046 -0.00153119 -0.00783288
v 0.00703649 -0.00152918 -0.00786977
v 0.00700504 -0.00152654 -0.00790050
v 0.00696767 -0.00152342 -0.00792359
v 0.00692616 -0.00151993 -0.00793790
v 0.00688254 -0.00151629 -0.00794275
v 0.00697082 -0.00046208 -0.00794275
v 0.00716409 -0.00047826 -0.00779162
v 0.00714874 -0.00047698 -0.00783288
v 0.00712477 -0.00047497 -0.00786977
v 0.00709333 -0.00047234 -0.00790050
v 0.00705595 -0.00046921 -0.00792359
v 0.00701445 -0.00046573 -0.00793790
v 0.00717247 0.00029082 -0.00794275
v 0.00704948 -0.00003475 -0.00794275
v 0.00699967 -0.00024575 -0.00794275
v 0.00697082 -0.00046208 -0.00794275
v 0.00755081 0.00061526 -0.00787151
v 0.00792784 0.00092700 -0.00774798
v 0.00717006 -0.00047877 -0.00774798
v 0.00727064 0.00000129 -0.00774838
v 0.00748559 0.00044330 -0.00774844
v 0.00768572 0.00070223 -0.00774829
v 0.00716409 -0.00047826 -0.00779162
v 0.00714874 -0.00047698 -0.00783288
v 0.00712477 -0.00047497 -0.00786977
v 0.00709333 -0.00047234 -0.00790050
v 0.00705595 -0.00046921 -0.00792359
v 0.00701445 -0.00046573 -0.00793790
v 0.00708350 -0.00036677 -0.00791493
v 0.00710242 -0.00036931 -0.00790212
v 0.00716977 -0.00012381 -0.00788612
v 0.00719791 -0.00002622 -0.00788614
v 0.00725310 0.00012724 -0.00788616
v 0.00736264 0.00035636 -0.00788618
v 0.00067114 0.00369106 -0.00794275
v 0.00067583 0.00371244 -0.00794517
v 0.00068029 0.00373278 -0.00795233
v 0.00068432 0.00375110 -0.00796387
v 0.00068769 0.00376651 -0.00797924
v 0.00069027 0.00377826 -0.00799768
v 0.00069192 0.00378577 -0.00801831
v 0.00069257 0.00378871 -0.00804013
v -0.00023217 0.00387814 -0.00804013
v -0.00115176 0.00374591 -0.00804013
v -0.00201384 0.00339954 -0.00804013
v -0.00276928 0.00285876 -0.00804013
v -0.00287120 0.00272225 -0.00797299
v -0.00282383 0.00279596 -0.00800122
v -0.00287703 0.00271197 -0.00796990
v -0.00282850 0.00266361 -0.00794275
v -0.00284179 0.00267685 -0.00794452
v -0.00285460 0.00268962 -0.00794978
v -0.00286649 0.00270147 -0.00795834
v -0.00224106 0.00314534 -0.00794275
v -0.00156939 0.00350032 -0.00794275
v -0.00084045 0.00371433 -0.00794275
v -0.00008349 0.00377877 -0.00794275
v -0.00274804 0.00283555 -0.00796990
v -0.00276206 0.00285088 -0.00799768
v -0.00276726 0.00285656 -0.00801831
v -0.00225144 0.00316096 -0.00794452
v -0.00226145 0.00317602 -0.00794978
v -0.00227074 0.00319000 -0.00795834
v -0.00227897 0.00320239 -0.00796990
v -0.00229046 0.00321969 -0.00799768
v -0.00229472 0.00322610 -0.00801831
v -0.00199871 0.00337196 -0.00796990
v -0.00200869 0.00339016 -0.00799768
v -0.00201239 0.00339691 -0.00801831
v -0.00157645 0.00351770 -0.00794452
v -0.00158326 0.00353446 -0.00794978
v -0.00158958 0.00355001 -0.00795834
v -0.00159518 0.00356379 -0.00796990
v -0.00160299 0.00358302 -0.00799768
v -0.00160589 0.00359016 -0.00801831
v -0.00114360 0.00371552 -0.00796990
v -0.00114899 0.00373557 -0.00799768
v -0.00115099 0.00374301 -0.00801831
v -0.00084391 0.00373276 -0.00794452
v -0.00084724 0.00375054 -0.00794978
v -0.00085033 0.00376704 -0.00795834
v -0.00085307 0.00378166 -0.00796990
v -0.00085689 0.00380207 -0.00799768
v -0.00085831 0.00380964 -0.00801831
v -0.00023144 0.00384668 -0.00796990
v -0.00023192 0.00386744 -0.00799768
v -0.00023210 0.00387514 -0.00801831
v 0.00067114 0.00369106 -0.00794275
v 0.00115806 0.00354912 -0.00794275
v 0.00145045 0.00342660 -0.00794275
v 0.00173124 0.00327900 -0.00794275
v 0.00174226 0.00329791 -0.00794517
v 0.00175274 0.00331591 -0.00795233
v 0.00176219 0.00333211 -0.00796387
v 0.00177013 0.00334574 -0.00797924
v 0.00177619 0.00335613 -0.00799768
v 0.00178007 0.00336279 -0.00801831
v 0.00178157 0.00336537 -0.00804013
v 0.00131435 0.00359559 -0.00804013
v 0.00100777 0.00370567 -0.00804013
v 0.00069257 0.00378871 -0.00804013
v 0.00067583 0.00371244 -0.00794517
v 0.00068029 0.00373278 -0.00795233
v 0.00068432 0.00375110 -0.00796387
v 0.00068769 0.00376651 -0.00797924
v 0.00069027 0.00377826 -0.00799768
v 0.00069192 0.00378577 -0.00801831
v 0.00162489 0.00341768 -0.00797117
v 0.00162054 0.00340941 -0.00796312
v 0.00161610 0.00340096 -0.00795670
v 0.00139200 0.00352973 -0.00797117
v 0.00124271 0.00359151 -0.00797125
v 0.00109084 0.00364673 -0.00797125
v 0.00084709 0.00373568 -0.00798963
v 0.00084539 0.00372924 -0.00798025
v 0.00084327 0.00372123 -0.00797112
v 0.00173124 0.00327900 -0.00794275
v 0.00182198 0.00322466 -0.00794275
v 0.00191120 0.00316781 -0.00794275
v 0.00199880 0.00310854 -0.00794275
v 0.00201132 0.00312650 -0.00794517
v 0.00202323 0.00314358 -0.00795233
v 0.00203395 0.00315896 -0.00796387
v 0.00204297 0.00317190 -0.00797924
v 0.00204985 0.00318177 -0.00799768
v 0.00205426 0.00318809 -0.00801831
v 0.00205596 0.00319055 -0.00804013
v 0.00196612 0.00325134 -0.00804013
v 0.00187464 0.00330963 -0.00804013
v 0.00178157 0.00336537 -0.00804013
v 0.00174226 0.00329791 -0.00794517
v 0.00175274 0.00331591 -0.00795233
v 0.00176219 0.00333211 -0.00796387
v 0.00177013 0.00334574 -0.00797924
v 0.00177619 0.00335613 -0.00799768
v 0.00178007 0.00336279 -0.00801831
v 0.00183349 0.00324327 -0.00794517
v 0.00184443 0.00326099 -0.00795233
v 0.00185429 0.00327695 -0.00796387
v 0.00186259 0.00329037 -0.00797924
v 0.00186891 0.00330060 -0.00799768
v 0.00192321 0.00318611 -0.00794517
v 0.00187295 0.00330714 -0.00801831
v 0.00193464 0.00320352 -0.00795233
v 0.00194494 0.00321919 -0.00796387
v 0.00195360 0.00323238 -0.00797924
v 0.00196020 0.00324244 -0.00799768
v 0.00196443 0.00324887 -0.00801831
v 0.00268535 0.00249448 -0.00794275
v 0.00270180 0.00250892 -0.00794517
v 0.00271746 0.00252265 -0.00795233
v 0.00273156 0.00253502 -0.00796387
v 0.00274342 0.00254542 -0.00797924
v 0.00275246 0.00255335 -0.00799768
v 0.00275825 0.00255843 -0.00801831
v 0.00276050 0.00256040 -0.00804013
v 0.00254288 0.00278919 -0.00804013
v 0.00230752 0.00299970 -0.00804013
v 0.00205596 0.00319055 -0.00804013
v 0.00199880 0.00310854 -0.00794275
v 0.00201132 0.00312650 -0.00794517
v 0.00202323 0.00314358 -0.00795233
v 0.00203395 0.00315896 -0.00796387
v 0.00204297 0.00317190 -0.00797924
v 0.00204985 0.00318177 -0.00799768
v 0.00205426 0.00318809 -0.00801831
v 0.00224394 0.00292256 -0.00794275
v 0.00247328 0.00271743 -0.00794275
v 0.00225786 0.00293945 -0.00794517
v 0.00227110 0.00295552 -0.00795233
v 0.00228303 0.00296998 -0.00796387
v 0.00229307 0.00298216 -0.00797924
v 0.00230071 0.00299144 -0.00799768
v 0.00230561 0.00299738 -0.00801831
v 0.00248852 0.00273314 -0.00794517
v 0.00250302 0.00274809 -0.00795233
v 0.00251607 0.00276155 -0.00796387
v 0.00252705 0.00277288 -0.00797924
v 0.00253543 0.00278151 -0.00799768
v 0.00254079 0.00278704 -0.00801831
v 0.00268535 0.00249448 -0.00794275
v 0.00299469 0.00209382 -0.00794275
v 0.00324785 0.00165666 -0.00794275
v 0.00326748 0.00166635 -0.00794517
v 0.00328616 0.00167556 -0.00795233
v 0.00330297 0.00168386 -0.00796387
v 0.00331712 0.00169084 -0.00797924
v 0.00332790 0.00169616 -0.00799768
v 0.00333481 0.00169957 -0.00801831
v 0.00333750 0.00170090 -0.00804013
v 0.00307782 0.00214937 -0.00804013
v 0.00276050 0.00256040 -0.00804013
v 0.00270180 0.00250892 -0.00794517
v 0.00271746 0.00252265 -0.00795233
v 0.00273156 0.00253502 -0.00796387
v 0.00274342 0.00254542 -0.00797924
v 0.00275246 0.00255335 -0.00799768
v 0.00275825 0.00255843 -0.00801831
v 0.00305258 0.00213255 -0.00797120
v 0.00324785 0.00165666 -0.00794275
v 0.00337739 0.00143937 -0.00794275
v 0.00353750 0.00124366 -0.00794275
v 0.00372481 0.00107362 -0.00794275
v 0.00374143 0.00109562 -0.00794663
v 0.00375629 0.00111528 -0.00795746
v 0.00376882 0.00113187 -0.00797440
v 0.00377806 0.00114410 -0.00799588
v 0.00378312 0.00115079 -0.00801732
v 0.00378508 0.00115339 -0.00804013
v 0.00360934 0.00131313 -0.00804013
v 0.00345910 0.00149689 -0.00804013
v 0.00333750 0.00170090 -0.00804013
v 0.00326748 0.00166635 -0.00794517
v 0.00328616 0.00167556 -0.00795233
v 0.00330297 0.00168386 -0.00796387
v 0.00331712 0.00169084 -0.00797924
v 0.00332790 0.00169616 -0.00799768
v 0.00333481 0.00169957 -0.00801831
v 0.00343483 0.00147979 -0.00797111
v 0.00350791 0.00138346 -0.00797111
v 0.00358811 0.00129235 -0.00797111
v 0.00372481 0.00107362 -0.00794275
v 0.00494895 0.00030188 -0.00794275
v 0.00562828 0.00004561 -0.00794275
v 0.00587906 -0.00000146 -0.00794275
v 0.00611622 -0.00001584 -0.00794275
v 0.00641572 0.00001011 -0.00794275
v 0.00670743 0.00008360 -0.00794275
v 0.00670053 0.00010437 -0.00794517
v 0.00669395 0.00012413 -0.00795233
v 0.00668803 0.00014193 -0.00796387
v 0.00668306 0.00015689 -0.00797924
v 0.00667926 0.00016831 -0.00799768
v 0.00667683 0.00017561 -0.00801831
v 0.00667588 0.00017846 -0.00804013
v 0.00626466 0.00009115 -0.00804013
v 0.00584313 0.00010446 -0.00804013
v 0.00543473 0.00020668 -0.00804013
v 0.00457688 0.00061930 -0.00804013
v 0.00378508 0.00115339 -0.00804013
v 0.00374143 0.00109562 -0.00794663
v 0.00375629 0.00111528 -0.00795746
v 0.00376882 0.00113187 -0.00797440
v 0.00377806 0.00114410 -0.00799588
v 0.00378312 0.00115079 -0.00801732
v 0.00631443 0.00006602 -0.00797112
v 0.00654498 0.00010911 -0.00797112
v 0.00654729 0.00010005 -0.00796307
v 0.00654965 0.00009080 -0.00795665
v 0.00619186 0.00005590 -0.00797112
v 0.00597671 0.00005881 -0.00797112
v 0.00586319 0.00007103 -0.00797112
v 0.00574155 0.00009177 -0.00797113
v 0.00553453 0.00014339 -0.00797112
v 0.00519913 0.00026458 -0.00797117
v 0.00476813 0.00047395 -0.00797117
v 0.00416899 0.00086590 -0.00799428
v 0.00416461 0.00085982 -0.00798272
v 0.00415868 0.00085150 -0.00797112
v 0.00670743 0.00008360 -0.00794275
v 0.00717247 0.00029082 -0.00794275
v 0.00716187 0.00030996 -0.00794517
v 0.00715178 0.00032818 -0.00795233
v 0.00714270 0.00034459 -0.00796387
v 0.00713506 0.00035839 -0.00797924
v 0.00712924 0.00036892 -0.00799768
v 0.00712551 0.00037565 -0.00801831
v 0.00712405 0.00037828 -0.00804013
v 0.00667588 0.00017846 -0.00804013
v 0.00670053 0.00010437 -0.00794517
v 0.00669395 0.00012413 -0.00795233
v 0.00668803 0.00014193 -0.00796387
v 0.00668306 0.00015689 -0.00797924
v 0.00667926 0.00016831 -0.00799768
v 0.00667683 0.00017561 -0.00801831
v 0.00717247 0.00029082 -0.00794275
v 0.00716187 0.00030996 -0.00794517
v 0.00715178 0.00032818 -0.00795233
v 0.00714270 0.00034459 -0.00796387
v 0.00713506 0.00035839 -0.00797924
v 0.00712924 0.00036892 -0.00799768
v 0.00712551 0.00037565 -0.00801831
v 0.00712405 0.00037828 -0.00804013
v 0.00755081 0.00061526 -0.00787151
v 0.00792784 0.00092700 -0.00774798
v 0.00792784 0.00092700 -0.00774798
v 0.00754537 0.00064412 -0.00793651
v 0.00731924 0.00049366 -0.00801516
v 0.00722903 0.00041094 -0.00797127
v 0.00722656 0.00041703 -0.00797975
v 0.00722475 0.00042201 -0.00798827
v 0.01070956 0.00332593 -0.00589424
v 0.01070856 0.00330192 -0.00589399
v 0.01070185 0.00327884 -0.00589344
v 0.01068985 0.00325804 -0.00589264
v 0.01067323 0.00324070 -0.00589163
v 0.01066929 0.00323918 -0.00594190
v 0.01070517 0.00332436 -0.00595010
v 0.01070427 0.00330035 -0.00594876
v 0.01069769 0.00327728 -0.00594687
v 0.01068580 0.00325649 -0.00594454
v 0.00919399 0.00187393 -0.00489537
v 0.00917703 0.00186189 -0.00489570
v 0.00915795 0.00185362 -0.00489590
v 0.00913756 0.00184947 -0.00489596
v 0.00911676 0.00184963 -0.00489589
v 0.00909656 0.00185408 -0.00489649
v 0.00907651 0.00186322 -0.00489532
v 0.00905906 0.00187648 -0.00489484
v 0.00904491 0.00189322 -0.00489426
v 0.00904515 0.00191480 -0.00569371
v 0.00919146 0.00189960 -0.00569467
v 0.00917208 0.00188621 -0.00569504
v 0.00915011 0.00187773 -0.00569524
v 0.00912675 0.00187462 -0.00569526
v 0.00910332 0.00187705 -0.00569511
v 0.00908111 0.00188490 -0.00569478
v 0.00906135 0.00189772 -0.00569431
v 0.00919146 0.00189960 -0.00569467
v 0.00917208 0.00188621 -0.00569504
v 0.00915011 0.00187773 -0.00569524
v 0.00912675 0.00187462 -0.00569526
v 0.00910332 0.00187705 -0.00569511
v 0.00908111 0.00188490 -0.00569478
v 0.00906135 0.00189772 -0.00569431
v 0.00904515 0.00191480 -0.00569371
v 0.00904004 0.00190938 -0.00577564
v 0.00902260 0.00189489 -0.00585184
v 0.00899274 0.00187118 -0.00592525
v 0.00895577 0.00184243 -0.00598697
v 0.00890939 0.00180674 -0.00604401
v 0.00885453 0.00176488 -0.00609447
v 0.00878187 0.00170818 -0.00614301
v 0.00873381 0.00167105 -0.00616606
v 0.00868400 0.00163280 -0.00618374
v 0.00856862 0.00151923 -0.00620261
v 0.00863201 0.00144475 -0.00630519
v 0.00863053 0.00144604 -0.00628282
v 0.00862591 0.00145115 -0.00626145
v 0.00861839 0.00145982 -0.00624215
v 0.00860835 0.00147162 -0.00622590
v 0.00859629 0.00148595 -0.00621351
v 0.00858282 0.00150209 -0.00620562
v 0.00918092 0.00189428 -0.00580885
v 0.00915131 0.00187204 -0.00591708
v 0.00911729 0.00184494 -0.00599332
v 0.00907593 0.00181133 -0.00606093
v 0.00901116 0.00175810 -0.00613854
v 0.00892835 0.00168969 -0.00620813
v 0.00883758 0.00161460 -0.00625916
v 0.00874214 0.00153569 -0.00629141
v 0.00868752 0.00149057 -0.00630123
v 0.00872507 0.00156316 -0.00621292
v 0.00875235 0.00158269 -0.00620751
v 0.00879406 0.00161929 -0.00618963
v 0.00882048 0.00163836 -0.00618015
v 0.00886045 0.00167331 -0.00615571
v 0.00890054 0.00170257 -0.00613295
v 0.00893692 0.00173417 -0.00610078
v 0.00896723 0.00175602 -0.00607579
v 0.00899572 0.00178060 -0.00604123
v 0.00902118 0.00179903 -0.00601160
v 0.00903946 0.00181460 -0.00598189
v 0.00905980 0.00182942 -0.00594925
v 0.00907482 0.00184195 -0.00591593
v 0.00909131 0.00185398 -0.00587665
v 0.00910465 0.00186459 -0.00582988
v 0.00911346 0.00187083 -0.00578855
v 0.00863201 0.00144475 -0.00630519
v 0.00863053 0.00144604 -0.00628282
v 0.00862591 0.00145115 -0.00626145
v 0.00861839 0.00145982 -0.00624215
v 0.00860835 0.00147162 -0.00622590
v 0.00859629 0.00148595 -0.00621351
v 0.00858282 0.00150209 -0.00620562
v 0.00856862 0.00151923 -0.00620261
v 0.00807709 0.00112140 -0.00621167
v 0.00813872 0.00104550 -0.00631426
v 0.00813734 0.00104688 -0.00629189
v 0.00813289 0.00105212 -0.00627052
v 0.00812560 0.00106098 -0.00625122
v 0.00811584 0.00107301 -0.00623497
v 0.00810409 0.00108759 -0.00622258
v 0.00809096 0.00110399 -0.00621468
v 0.00813872 0.00104550 -0.00631426
v 0.00813734 0.00104688 -0.00629189
v 0.00813289 0.00105212 -0.00627052
v 0.00812560 0.00106098 -0.00625122
v 0.00811584 0.00107301 -0.00623497
v 0.00810409 0.00108759 -0.00622258
v 0.00809096 0.00110399 -0.00621468
v 0.00807709 0.00112140 -0.00621167
v 0.00790138 0.00098287 -0.00621481
v 0.00796289 0.00090688 -0.00631740
v 0.00796144 0.00090822 -0.00629503
v 0.00795696 0.00091343 -0.00627366
v 0.00794966 0.00092229 -0.00625436
v 0.00793992 0.00093433 -0.00623811
v 0.00792822 0.00094895 -0.00622572
v 0.00791515 0.00096540 -0.00621782
v 0.00796289 0.00090688 -0.00631740
v 0.00796144 0.00090822 -0.00629503
v 0.00795696 0.00091343 -0.00627366
v 0.00794966 0.00092229 -0.00625436
v 0.00793992 0.00093433 -0.00623811
v 0.00792822 0.00094895 -0.00622572
v 0.00791515 0.00096540 -0.00621782
v 0.00790138 0.00098287 -0.00621481
v 0.00710576 -0.00049193 -0.00625112
v 0.00721268 0.00001489 -0.00623820
v 0.00743852 0.00047704 -0.00622676
v 0.00764915 0.00074900 -0.00622023
v 0.00720514 -0.00049774 -0.00635108
v 0.00720261 -0.00049809 -0.00632891
v 0.00719524 -0.00049802 -0.00630783
v 0.00718340 -0.00049751 -0.00628892
v 0.00716767 -0.00049659 -0.00627310
v 0.00714885 -0.00049531 -0.00626117
v 0.00712786 -0.00049373 -0.00625372
v 0.00720512 -0.00049767 -0.00635370
v 0.00720513 -0.00049769 -0.00635283
v 0.00720514 -0.00049771 -0.00635196
v 0.00761744 0.00055926 -0.00632614
v 0.00736642 0.00013722 -0.00633701
v 0.00726003 -0.00017193 -0.00634510
v 0.00780519 0.00083314 -0.00623291
v 0.00781176 0.00082622 -0.00623978
v 0.00781818 0.00081951 -0.00624836
v 0.00764690 0.00063968 -0.00625270
v 0.00754507 0.00050812 -0.00625593
v 0.00741301 0.00029587 -0.00626120
v 0.00730857 0.00007031 -0.00626692
v 0.00725459 -0.00008657 -0.00627092
v 0.00719791 -0.00033018 -0.00627716
v 0.00720599 -0.00033131 -0.00628674
v 0.00721240 -0.00033214 -0.00629649
v 0.00707129 -0.00208320 -0.00639203
v 0.00720514 -0.00049774 -0.00635108
v 0.00707126 -0.00208319 -0.00639465
v 0.00720512 -0.00049767 -0.00635370
v 0.00720513 -0.00049769 -0.00635283
v 0.00720514 -0.00049771 -0.00635196
v -0.00303437 -0.00133057 -0.00624604
v -0.00306038 -0.00132863 -0.00624909
v -0.00308669 -0.00132667 -0.00625937
v -0.00310766 -0.00132511 -0.00627476
v -0.00312456 -0.00132385 -0.00629590
v -0.00313504 -0.00132307 -0.00632089
v -0.00313816 -0.00132284 -0.00634791
v -0.00312688 -0.00085281 -0.00623334
v -0.00322580 -0.00086634 -0.00633593
v -0.00322374 -0.00086660 -0.00631328
v -0.00321668 -0.00086601 -0.00629167
v -0.00320499 -0.00086461 -0.00627221
v -0.00318927 -0.00086246 -0.00625592
v -0.00317034 -0.00085967 -0.00624362
v -0.00314919 -0.00085639 -0.00623597
v -0.00322580 -0.00086634 -0.00633593
v -0.00322374 -0.00086660 -0.00631328
v -0.00321668 -0.00086601 -0.00629167
v -0.00320499 -0.00086461 -0.00627221
v -0.00318927 -0.00086246 -0.00625592
v -0.00317034 -0.00085967 -0.00624362
v -0.00314919 -0.00085639 -0.00623597
v -0.00312688 -0.00085281 -0.00623334
v -0.00327043 0.00013451 -0.00523269
v -0.00326243 0.00010573 -0.00546585
v -0.00325155 0.00002403 -0.00568480
v -0.00323661 -0.00010519 -0.00587869
v -0.00321633 -0.00027578 -0.00603694
v -0.00318911 -0.00047787 -0.00615187
v -0.00316060 -0.00066160 -0.00621034
v -0.00336304 0.00023077 -0.00523531
v -0.00335926 0.00020674 -0.00523516
v -0.00334978 0.00018434 -0.00523487
v -0.00333517 0.00016489 -0.00523445
v -0.00331630 0.00014955 -0.00523392
v -0.00329428 0.00013922 -0.00523332
v -0.00326815 -0.00058547 -0.00629374
v -0.00329830 -0.00034757 -0.00619715
v -0.00331909 -0.00015673 -0.00606622
v -0.00333482 0.00000293 -0.00589840
v -0.00334672 0.00012388 -0.00570058
v -0.00335570 0.00020132 -0.00548146
v -0.00335959 0.00022317 -0.00535949
v -0.00319540 -0.00076271 -0.00624173
v -0.00320494 -0.00076336 -0.00624855
v -0.00323461 -0.00063269 -0.00623397
v -0.00324846 -0.00053652 -0.00620592
v -0.00326341 -0.00042505 -0.00616033
v -0.00327654 -0.00031919 -0.00610204
v -0.00328685 -0.00023040 -0.00603967
v -0.00329681 -0.00013973 -0.00595979
v -0.00330453 -0.00006681 -0.00587925
v -0.00331199 0.00000367 -0.00578127
v -0.00331776 0.00005704 -0.00568640
v -0.00332329 0.00010441 -0.00557517
v -0.00332760 0.00013591 -0.00547048
v -0.00332967 0.00014812 -0.00541361
v -0.00334213 0.00017321 -0.00529379
v -0.00327936 0.00013515 -0.00489275
v -0.00327043 0.00013451 -0.00523269
v -0.00328716 0.00013604 -0.00489295
v -0.00329486 0.00013752 -0.00489316
v -0.00330345 0.00013997 -0.00489498
v -0.00330401 0.00014013 -0.00489340
v -0.00330561 0.00014068 -0.00489345
v -0.00330718 0.00014126 -0.00489275
v -0.00330794 0.00014155 -0.00489351
v -0.00330870 0.00014184 -0.00489353
v -0.00330948 0.00014215 -0.00489275
v -0.00332966 0.00015315 -0.00489410
v -0.00334680 0.00016848 -0.00489458
v -0.00336000 0.00018732 -0.00489497
v -0.00336854 0.00020868 -0.00489523
v -0.00337198 0.00023143 -0.00489537
v -0.00336304 0.00023077 -0.00523531
v -0.00335926 0.00020674 -0.00523516
v -0.00334978 0.00018434 -0.00523487
v -0.00333517 0.00016489 -0.00523445
v -0.00331630 0.00014955 -0.00523392
v -0.00329428 0.00013922 -0.00523332
v -0.00360224 0.00449918 -0.00489798
v -0.00360224 0.00449918 -0.00489798
v -0.00353270 0.00446603 -0.00590866
v -0.00353270 0.00446603 -0.00590866
v -0.00353270 0.00446603 -0.00590866
v -0.00330268 0.00448618 -0.00689524
v -0.00293541 0.00456267 -0.00766617
v -0.00293541 0.00456267 -0.00766617
v -0.00242326 0.00469113 -0.00834537
v -0.00242326 0.00469113 -0.00834537
v -0.00160903 0.00491253 -0.00911352
v -0.00055968 0.00521472 -0.00979747
v -0.00055968 0.00521472 -0.00979747
v 0.00042638 0.00551224 -0.01019415
v 0.00042638 0.00551224 -0.01019415
v 0.00147417 0.00584018 -0.01040161
v 0.00147417 0.00584018 -0.01040161
v 0.00166540 0.00590064 -0.01042853
v 0.00166540 0.00590064 -0.01042853
v 0.00166843 0.00589128 -0.01061601
v 0.00150414 0.00583936 -0.01059279
v 0.00150414 0.00583936 -0.01059279
v 0.00150414 0.00583936 -0.01059279
v 0.00004124 0.00538439 -0.01025066
v -0.00130499 0.00498815 -0.00952844
v -0.00130499 0.00498815 -0.00952844
v -0.00245839 0.00467117 -0.00850124
v -0.00245839 0.00467117 -0.00850124
v -0.00298609 0.00453887 -0.00780021
v -0.00298609 0.00453887 -0.00780021
v -0.00336400 0.00446029 -0.00700476
v -0.00336400 0.00446029 -0.00700476
v -0.00362011 0.00444270 -0.00581833
v -0.00362011 0.00444270 -0.00581833
v -0.00362453 0.00444425 -0.00576420
v -0.00362453 0.00444425 -0.00576420
v -0.00362453 0.00444425 -0.00576420
v -0.00366900 0.00447756 -0.00489798
v -0.00360231 0.00449916 -0.00488751
v -0.00366900 0.00447756 -0.00488751
v -0.00360224 0.00449918 -0.00489798
v -0.00366900 0.00447756 -0.00489798
v -0.00366903 0.00447768 -0.00489449
v -0.00366903 0.00447768 -0.00489100
v -0.00220102 -0.00092046 -0.00354793
v -0.00312688 -0.00085281 -0.00355215
v -0.00206757 -0.00117730 -0.00354088
v -0.00190225 -0.00141488 -0.00353426
v -0.00303437 -0.00133057 -0.00353946
v 0.00301983 -0.00756151 -0.00334275
v 0.00447169 -0.00677247 -0.00334275
v 0.00573545 -0.00570784 -0.00334275
v 0.00675956 -0.00441104 -0.00334275
v 0.00280306 -0.00762486 -0.00334275
v 0.00257658 -0.00763772 -0.00334275
v 0.00242695 -0.00761793 -0.00334275
v 0.00228146 -0.00757552 -0.00334275
v -0.00313557 -0.00132303 -0.00334275
v -0.00260118 -0.00296013 -0.00334275
v -0.00175339 -0.00445910 -0.00334275
v -0.00062574 -0.00576068 -0.00334275
v 0.00073718 -0.00681336 -0.00334275
v -0.00190225 -0.00141488 -0.00334275
v -0.00152675 -0.00178692 -0.00334275
v -0.00107481 -0.00206108 -0.00334275
v -0.00057138 -0.00222225 -0.00334275
v -0.00004425 -0.00226150 -0.00334275
v 0.00047750 -0.00217669 -0.00334275
v 0.00096506 -0.00197250 -0.00334275
v 0.00139153 -0.00166019 -0.00334275
v 0.00707001 -0.00208310 -0.00334275
v 0.00691317 -0.00395585 -0.00334275
v 0.00688676 -0.00411548 -0.00334275
v 0.00683526 -0.00426804 -0.00334275
v -0.00313557 -0.00132303 -0.00334275
v -0.00260118 -0.00296013 -0.00334275
v -0.00175339 -0.00445910 -0.00334275
v -0.00062574 -0.00576068 -0.00334275
v 0.00073718 -0.00681336 -0.00334275
v 0.00228146 -0.00757552 -0.00334275
v 0.00232131 -0.00756150 -0.00230910
v 0.00207567 -0.00746199 -0.00216459
v 0.00181131 -0.00734701 -0.00207791
v 0.00163215 -0.00726381 -0.00204743
v 0.00145183 -0.00717558 -0.00203751
v -0.00310358 0.00237384 -0.00203751
v -0.00330237 0.00048978 -0.00203751
v -0.00308504 -0.00139222 -0.00203751
v -0.00246207 -0.00318139 -0.00203751
v -0.00146352 -0.00479138 -0.00203751
v -0.00013756 -0.00614455 -0.00203751
v -0.00315547 0.00217934 -0.00247671
v -0.00314638 0.00220813 -0.00234761
v -0.00312797 0.00227779 -0.00218595
v -0.00325444 0.00198845 -0.00489013
v -0.00333321 0.00140588 -0.00489013
v -0.00337244 0.00081931 -0.00489013
v -0.00337198 0.00023143 -0.00489013
v -0.00336304 0.00023077 -0.00455019
v -0.00322580 -0.00086634 -0.00344957
v -0.00326815 -0.00058547 -0.00349176
v -0.00329830 -0.00034757 -0.00358834
v -0.00331909 -0.00015673 -0.00371927
v -0.00333482 0.00000293 -0.00388709
v -0.00334672 0.00012388 -0.00408492
v -0.00335570 0.00020132 -0.00430403
v -0.00335959 0.00022317 -0.00442600
v -0.00313816 -0.00132284 -0.00343758
v 0.00708178 -0.00153297 -0.00203751
v 0.00717006 -0.00047877 -0.00203751
v 0.00698038 -0.00275706 -0.00208001
v 0.00691738 -0.00355942 -0.00223928
v 0.00690072 -0.00378894 -0.00233715
v 0.00689311 -0.00390057 -0.00240324
v 0.00688703 -0.00399660 -0.00247766
v 0.00691317 -0.00395585 -0.00334275
v 0.00707001 -0.00208310 -0.00334275
v 0.00707126 -0.00208319 -0.00339084
v 0.00720512 -0.00049767 -0.00343179
v 0.00707126 -0.00208319 -0.00339084
v 0.00707129 -0.00208320 -0.00339346
v 0.00720514 -0.00049774 -0.00343441
v 0.00720512 -0.00049767 -0.00343179
v 0.00720513 -0.00049769 -0.00343267
v 0.00720514 -0.00049771 -0.00343354
v -0.00303437 -0.00133057 -0.00353946
v -0.00303437 -0.00133057 -0.00353946
v -0.00190225 -0.00141488 -0.00353426
v -0.00190225 -0.00141488 -0.00334275
v -0.00313557 -0.00132303 -0.00334275
v -0.00313557 -0.00132303 -0.00334275
v -0.00313816 -0.00132284 -0.00343758
v -0.00313816 -0.00132284 -0.00343758
v -0.00313816 -0.00132284 -0.00343758
v -0.00306038 -0.00132863 -0.00353640
v -0.00306038 -0.00132863 -0.00353640
v -0.00308669 -0.00132667 -0.00352613
v -0.00310766 -0.00132511 -0.00351074
v -0.00312456 -0.00132385 -0.00348959
v -0.00312456 -0.00132385 -0.00348959
v -0.00313504 -0.00132307 -0.00346460
v 0.00707001 -0.00208310 -0.00334275
v 0.00707001 -0.00208310 -0.00334275
v 0.00707126 -0.00208319 -0.00339084
v 0.00707126 -0.00208319 -0.00339084
v 0.00139153 -0.00166019 -0.00334275
v 0.00139153 -0.00166019 -0.00351912
v 0.00697204 -0.00207581 -0.00349347
v 0.00697204 -0.00207581 -0.00349347
v 0.00697204 -0.00207581 -0.00349347
v 0.00697204 -0.00207581 -0.00349347
v 0.00697204 -0.00207581 -0.00349347
v 0.00697204 -0.00207581 -0.00349347
v 0.00707129 -0.00208320 -0.00339346
v 0.00707129 -0.00208320 -0.00339346
v 0.00706778 -0.00208294 -0.00341980
v 0.00706778 -0.00208294 -0.00341980
v 0.00706111 -0.00208244 -0.00343748
v 0.00706111 -0.00208244 -0.00343748
v 0.00705122 -0.00208170 -0.00345365
v 0.00705122 -0.00208170 -0.00345365
v 0.00703314 -0.00208035 -0.00347214
v 0.00701865 -0.00207928 -0.00348163
v 0.00700316 -0.00207812 -0.00348833
v 0.00698801 -0.00207699 -0.00349211
v 0.00796289 0.00090688 -0.00346810
v 0.00761744 0.00055926 -0.00345936
v 0.00736642 0.00013722 -0.00344848
v 0.00726003 -0.00017193 -0.00344040
v 0.00720512 -0.00049767 -0.00343179
v 0.00717006 -0.00047877 -0.00203751
v 0.00727064 0.00000129 -0.00203711
v 0.00748559 0.00044330 -0.00203706
v 0.00768572 0.00070222 -0.00203721
v 0.00792784 0.00092700 -0.00203751
v 0.00340962 0.00173670 0.00132952
v 0.00352501 0.00154353 0.00133903
v 0.00366735 0.00136949 0.00134417
v 0.00383390 0.00121794 0.00134507
v 0.00378508 0.00115339 -0.00174537
v 0.00360934 0.00131313 -0.00174537
v 0.00345910 0.00149689 -0.00174537
v 0.00333750 0.00170090 -0.00174537
v 0.00281915 0.00261204 0.00123852
v 0.00327213 0.00199028 0.00130893
v 0.00340962 0.00173670 0.00132955
v 0.00340962 0.00173670 0.00132952
v 0.00333750 0.00170090 -0.00174537
v 0.00307782 0.00214937 -0.00174537
v 0.00276050 0.00256040 -0.00174537
v 0.00209904 0.00325235 0.00113147
v 0.00281915 0.00261204 0.00123856
v 0.00281915 0.00261204 0.00123852
v 0.00276050 0.00256040 -0.00174537
v 0.00254288 0.00278919 -0.00174537
v 0.00230752 0.00299970 -0.00174537
v 0.00205596 0.00319055 -0.00174537
v 0.00181886 0.00342934 0.00108216
v 0.00209904 0.00325235 0.00113147
v 0.00205596 0.00319055 -0.00174537
v 0.00196612 0.00325134 -0.00174537
v 0.00187464 0.00330963 -0.00174537
v 0.00178157 0.00336537 -0.00174537
v 0.00070696 0.00385428 0.00081865
v 0.00149117 0.00359751 0.00101586
v 0.00181873 0.00342942 0.00108216
v 0.00181886 0.00342934 0.00108216
v 0.00178157 0.00336537 -0.00174537
v 0.00131435 0.00359559 -0.00174537
v 0.00100777 0.00370567 -0.00174537
v 0.00069257 0.00378871 -0.00174537
v -0.00276928 0.00285876 -0.00174537
v -0.00197633 0.00344830 -0.00078400
v -0.00105831 0.00381590 -0.00003316
v -0.00019310 0.00393687 0.00046831
v 0.00025069 0.00392285 0.00066098
v 0.00070679 0.00385432 0.00081866
v 0.00070696 0.00385428 0.00081865
v 0.00069257 0.00378871 -0.00174537
v -0.00023217 0.00387814 -0.00174537
v -0.00115176 0.00374591 -0.00174537
v -0.00201384 0.00339954 -0.00174537
v -0.00327043 0.00013451 -0.00455281
v -0.00326243 0.00010573 -0.00431965
v -0.00325155 0.00002403 -0.00410070
v -0.00323661 -0.00010519 -0.00390681
v -0.00321633 -0.00027578 -0.00374855
v -0.00318911 -0.00047787 -0.00363362
v -0.00316060 -0.00066160 -0.00357515
v -0.00312688 -0.00085281 -0.00355215
v -0.00220102 -0.00092046 -0.00354793
v -0.00239030 0.00007019 -0.00454879
v -0.00239125 0.00004198 -0.00431286
v -0.00239170 -0.00004105 -0.00409086
v -0.00238613 -0.00017424 -0.00389479
v -0.00237755 -0.00026677 -0.00380170
v -0.00235671 -0.00040931 -0.00369710
v -0.00233315 -0.00052422 -0.00363686
v -0.00230168 -0.00064403 -0.00359244
v -0.00225644 -0.00078218 -0.00356081
v -0.00310358 0.00237384 -0.00203751
v -0.00330237 0.00048978 -0.00203751
v -0.00308504 -0.00139222 -0.00203751
v -0.00246207 -0.00318139 -0.00203751
v -0.00146352 -0.00479138 -0.00203751
v -0.00013756 -0.00614455 -0.00203751
v 0.00145183 -0.00717558 -0.00203751
v 0.00145452 -0.00717022 -0.00199388
v 0.00146143 -0.00715646 -0.00195262
v 0.00147222 -0.00713496 -0.00191572
v 0.00148638 -0.00710677 -0.00188499
v 0.00150321 -0.00707325 -0.00186191
v 0.00152191 -0.00703603 -0.00184760
v 0.00154156 -0.00699691 -0.00184275
v -0.00005499 -0.00595355 -0.00184275
v -0.00137595 -0.00457784 -0.00184275
v -0.00235366 -0.00294028 -0.00184275
v -0.00293800 -0.00112476 -0.00184275
v -0.00309903 0.00077566 -0.00184275
v -0.00282850 0.00266361 -0.00184275
v -0.00285594 0.00262521 -0.00184347
v -0.00287174 0.00260280 -0.00184454
v -0.00308695 0.00242296 -0.00199519
v -0.00306346 0.00246124 -0.00195548
v -0.00303376 0.00248694 -0.00191861
v -0.00299551 0.00250682 -0.00188607
v -0.00295221 0.00252906 -0.00186277
v -0.00292562 0.00254697 -0.00185379
v -0.00289678 0.00257263 -0.00184756
v -0.00307292 0.00241981 -0.00195546
v -0.00305034 0.00241473 -0.00191860
v -0.00301852 0.00240758 -0.00188597
v -0.00298242 0.00239946 -0.00186275
v -0.00294007 0.00238994 -0.00184760
v -0.00325577 0.00078020 -0.00191860
v -0.00322316 0.00077925 -0.00188597
v -0.00318618 0.00077818 -0.00186275
v -0.00314279 0.00077693 -0.00184760
v -0.00329671 0.00048981 -0.00199521
v -0.00328239 0.00048988 -0.00195546
v -0.00325924 0.00048999 -0.00191860
v -0.00322662 0.00049016 -0.00188597
v -0.00318963 0.00049034 -0.00186275
v -0.00314622 0.00049055 -0.00184760
v -0.00309174 -0.00115560 -0.00191860
v -0.00305976 -0.00114918 -0.00188597
v -0.00302347 -0.00114190 -0.00186275
v -0.00298091 -0.00113337 -0.00184760
v -0.00249652 -0.00300490 -0.00191860
v -0.00246680 -0.00299146 -0.00188597
v -0.00243309 -0.00297620 -0.00186275
v -0.00239354 -0.00295831 -0.00184760
v -0.00151902 -0.00468698 -0.00195546
v -0.00150062 -0.00467294 -0.00191860
v -0.00147469 -0.00465316 -0.00188597
v -0.00144527 -0.00463072 -0.00186275
v -0.00141075 -0.00460439 -0.00184760
v -0.00016984 -0.00609207 -0.00195546
v -0.00015507 -0.00607426 -0.00191860
v -0.00013425 -0.00604915 -0.00188597
v -0.00011064 -0.00602067 -0.00186275
v -0.00008293 -0.00598725 -0.00184760
v 0.00697082 -0.00046208 -0.00184275
v 0.00688254 -0.00151629 -0.00184275
v 0.00692616 -0.00151993 -0.00184760
v 0.00696767 -0.00152342 -0.00186191
v 0.00700504 -0.00152655 -0.00188499
v 0.00703649 -0.00152918 -0.00191572
v 0.00706046 -0.00153119 -0.00195262
v 0.00707581 -0.00153247 -0.00199388
v 0.00708178 -0.00153297 -0.00203751
v 0.00717006 -0.00047877 -0.00203751
v 0.00716409 -0.00047826 -0.00199388
v 0.00714874 -0.00047698 -0.00195262
v 0.00712477 -0.00047497 -0.00191572
v 0.00709333 -0.00047234 -0.00188499
v 0.00705595 -0.00046921 -0.00186191
v 0.00701445 -0.00046573 -0.00184760
v 0.00717247 0.00029082 -0.00184275
v 0.00704948 -0.00003475 -0.00184275
v 0.00699967 -0.00024575 -0.00184275
v 0.00697082 -0.00046208 -0.00184275
v 0.00717006 -0.00047877 -0.00203751
v 0.00716409 -0.00047826 -0.00199388
v 0.00714874 -0.00047698 -0.00195262
v 0.00712477 -0.00047497 -0.00191572
v 0.00709333 -0.00047234 -0.00188499
v 0.00705595 -0.00046921 -0.00186191
v 0.00701445 -0.00046573 -0.00184760
v 0.00727064 0.00000129 -0.00203711
v 0.00748559 0.00044330 -0.00203706
v 0.00768572 0.00070222 -0.00203721
v 0.00792784 0.00092700 -0.00203751
v 0.00755081 0.00061526 -0.00191398
v 0.00710242 -0.00036931 -0.00188337
v 0.00708350 -0.00036677 -0.00187056
v 0.00716977 -0.00012381 -0.00189938
v 0.00719791 -0.00002622 -0.00189936
v 0.00725310 0.00012724 -0.00189933
v 0.00736265 0.00035636 -0.00189932
v -0.00354334 0.00195249 -0.00489275
v -0.00354334 0.00195250 -0.00489187
v -0.00354335 0.00195250 -0.00489100
v -0.00354336 0.00195252 -0.00489013
v -0.00342472 0.00207476 -0.00489275
v -0.00342473 0.00207477 -0.00489187
v -0.00342473 0.00207478 -0.00489100
v -0.00342475 0.00207479 -0.00489013
v -0.00282850 0.00266361 -0.00184275
v -0.00224106 0.00314534 -0.00184275
v -0.00156939 0.00350032 -0.00184275
v -0.00084045 0.00371433 -0.00184275
v -0.00008349 0.00377877 -0.00184275
v 0.00067114 0.00369106 -0.00184275
v -0.00284179 0.00267685 -0.00184097
v -0.00285460 0.00268962 -0.00183571
v -0.00286649 0.00270147 -0.00182715
v -0.00287703 0.00271197 -0.00181559
v -0.00287120 0.00272225 -0.00181250
v -0.00282383 0.00279596 -0.00178427
v -0.00276928 0.00285876 -0.00174537
v 0.00069257 0.00378871 -0.00174537
v -0.00023217 0.00387814 -0.00174537
v -0.00115176 0.00374591 -0.00174537
v -0.00201384 0.00339954 -0.00174537
v 0.00067583 0.00371244 -0.00184032
v 0.00068029 0.00373278 -0.00183317
v 0.00068432 0.00375110 -0.00182163
v 0.00068769 0.00376651 -0.00180626
v 0.00069027 0.00377826 -0.00178781
v 0.00069192 0.00378577 -0.00176718
v -0.00008320 0.00379752 -0.00184097
v -0.00008292 0.00381561 -0.00183571
v -0.00008266 0.00383239 -0.00182715
v -0.00008243 0.00384727 -0.00181559
v -0.00008211 0.00386803 -0.00178781
v -0.00008199 0.00387573 -0.00176718
v -0.00084391 0.00373276 -0.00184097
v -0.00084724 0.00375054 -0.00183571
v -0.00085033 0.00376704 -0.00182715
v -0.00085307 0.00378166 -0.00181559
v -0.00085689 0.00380207 -0.00178781
v -0.00085831 0.00380964 -0.00176718
v -0.00114360 0.00371552 -0.00181559
v -0.00114899 0.00373557 -0.00178781
v -0.00115099 0.00374301 -0.00176718
v -0.00157645 0.00351770 -0.00184097
v -0.00158326 0.00353446 -0.00183571
v -0.00158958 0.00355001 -0.00182715
v -0.00159518 0.00356379 -0.00181559
v -0.00160299 0.00358302 -0.00178781
v -0.00160589 0.00359016 -0.00176718
v -0.00199871 0.00337196 -0.00181559
v -0.00200869 0.00339016 -0.00178781
v -0.00201239 0.00339691 -0.00176718
v -0.00225144 0.00316096 -0.00184097
v -0.00226145 0.00317602 -0.00183571
v -0.00227074 0.00319000 -0.00182715
v -0.00227897 0.00320239 -0.00181559
v -0.00229046 0.00321969 -0.00178781
v -0.00229472 0.00322610 -0.00176718
v -0.00274804 0.00283555 -0.00181559
v -0.00276206 0.00285088 -0.00178781
v -0.00276725 0.00285656 -0.00176718
v 0.00178157 0.00336537 -0.00174537
v 0.00131435 0.00359559 -0.00174537
v 0.00100777 0.00370567 -0.00174537
v 0.00069257 0.00378871 -0.00174537
v 0.00173124 0.00327900 -0.00184275
v 0.00174226 0.00329791 -0.00184032
v 0.00175274 0.00331591 -0.00183317
v 0.00176219 0.00333211 -0.00182163
v 0.00177013 0.00334574 -0.00180626
v 0.00177619 0.00335613 -0.00178781
v 0.00178007 0.00336278 -0.00176718
v 0.00067114 0.00369106 -0.00184275
v 0.00115806 0.00354912 -0.00184275
v 0.00145045 0.00342660 -0.00184275
v 0.00067583 0.00371244 -0.00184032
v 0.00068029 0.00373278 -0.00183317
v 0.00068432 0.00375110 -0.00182163
v 0.00068769 0.00376651 -0.00180626
v 0.00069027 0.00377826 -0.00178781
v 0.00069192 0.00378577 -0.00176718
v 0.00161610 0.00340096 -0.00182879
v 0.00162054 0.00340941 -0.00182237
v 0.00162489 0.00341768 -0.00181432
v 0.00139200 0.00352973 -0.00181432
v 0.00124271 0.00359151 -0.00181425
v 0.00109084 0.00364673 -0.00181425
v 0.00084327 0.00372123 -0.00181437
v 0.00084539 0.00372924 -0.00180524
v 0.00084709 0.00373568 -0.00179587
v 0.00205596 0.00319055 -0.00174537
v 0.00196612 0.00325134 -0.00174537
v 0.00187464 0.00330963 -0.00174537
v 0.00178157 0.00336537 -0.00174537
v 0.00199880 0.00310854 -0.00184275
v 0.00201132 0.00312650 -0.00184032
v 0.00202323 0.00314358 -0.00183317
v 0.00203395 0.00315896 -0.00182163
v 0.00204297 0.00317190 -0.00180626
v 0.00204985 0.00318177 -0.00178781
v 0.00205426 0.00318809 -0.00176718
v 0.00173124 0.00327900 -0.00184275
v 0.00182198 0.00322466 -0.00184275
v 0.00191120 0.00316781 -0.00184275
v 0.00174226 0.00329791 -0.00184032
v 0.00175274 0.00331591 -0.00183317
v 0.00176219 0.00333211 -0.00182163
v 0.00177013 0.00334574 -0.00180626
v 0.00177619 0.00335613 -0.00178781
v 0.00178007 0.00336278 -0.00176718
v 0.00192327 0.00318608 -0.00184032
v 0.00193469 0.00320349 -0.00183317
v 0.00194499 0.00321916 -0.00182163
v 0.00195365 0.00323235 -0.00180626
v 0.00196026 0.00324240 -0.00178781
v 0.00183359 0.00324321 -0.00184032
v 0.00196448 0.00324884 -0.00176718
v 0.00184454 0.00326092 -0.00183317
v 0.00185440 0.00327688 -0.00182163
v 0.00186269 0.00329030 -0.00180626
v 0.00186902 0.00330053 -0.00178781
v 0.00187306 0.00330708 -0.00176718
v 0.00199880 0.00310854 -0.00184275
v 0.00224394 0.00292256 -0.00184275
v 0.00247328 0.00271742 -0.00184275
v 0.00268535 0.00249448 -0.00184275
v 0.00201132 0.00312650 -0.00184032
v 0.00202323 0.00314358 -0.00183317
v 0.00203395 0.00315896 -0.00182163
v 0.00204297 0.00317190 -0.00180626
v 0.00204985 0.00318177 -0.00178781
v 0.00205426 0.00318809 -0.00176718
v 0.00205596 0.00319055 -0.00174537
v 0.00276050 0.00256040 -0.00174537
v 0.00254288 0.00278919 -0.00174537
v 0.00230752 0.00299970 -0.00174537
v 0.00270180 0.00250892 -0.00184032
v 0.00271746 0.00252265 -0.00183317
v 0.00273156 0.00253502 -0.00182163
v 0.00274342 0.00254542 -0.00180626
v 0.00275246 0.00255335 -0.00178781
v 0.00275825 0.00255843 -0.00176718
v 0.00248852 0.00273314 -0.00184032
v 0.00250302 0.00274809 -0.00183317
v 0.00251607 0.00276155 -0.00182163
v 0.00252705 0.00277288 -0.00180626
v 0.00253543 0.00278151 -0.00178781
v 0.00254079 0.00278704 -0.00176718
v 0.00225786 0.00293945 -0.00184032
v 0.00227110 0.00295552 -0.00183317
v 0.00228303 0.00296998 -0.00182163
v 0.00229307 0.00298216 -0.00180626
v 0.00230071 0.00299144 -0.00178781
v 0.00230561 0.00299738 -0.00176718
v 0.00333750 0.00170090 -0.00174537
v 0.00307782 0.00214937 -0.00174537
v 0.00276050 0.00256040 -0.00174537
v 0.00324785 0.00165666 -0.00184275
v 0.00326748 0.00166635 -0.00184032
v 0.00328616 0.00167556 -0.00183317
v 0.00330297 0.00168386 -0.00182163
v 0.00331712 0.00169084 -0.00180626
v 0.00332790 0.00169616 -0.00178781
v 0.00333481 0.00169957 -0.00176718
v 0.00268535 0.00249448 -0.00184275
v 0.00299469 0.00209382 -0.00184275
v 0.00270180 0.00250892 -0.00184032
v 0.00271746 0.00252265 -0.00183317
v 0.00273156 0.00253502 -0.00182163
v 0.00274342 0.00254542 -0.00180626
v 0.00275246 0.00255335 -0.00178781
v 0.00275825 0.00255843 -0.00176718
v 0.00305258 0.00213255 -0.00181429
v 0.00378508 0.00115339 -0.00174537
v 0.00360934 0.00131313 -0.00174537
v 0.00345910 0.00149689 -0.00174537
v 0.00333750 0.00170090 -0.00174537
v 0.00372481 0.00107362 -0.00184275
v 0.00374143 0.00109562 -0.00183887
v 0.00375629 0.00111528 -0.00182803
v 0.00376882 0.00113187 -0.00181110
v 0.00377806 0.00114410 -0.00178961
v 0.00378312 0.00115079 -0.00176818
v 0.00324785 0.00165666 -0.00184275
v 0.00337739 0.00143937 -0.00184275
v 0.00353750 0.00124366 -0.00184275
v 0.00326748 0.00166635 -0.00184032
v 0.00328616 0.00167556 -0.00183317
v 0.00330297 0.00168386 -0.00182163
v 0.00331712 0.00169084 -0.00180626
v 0.00332790 0.00169616 -0.00178781
v 0.00333481 0.00169957 -0.00176718
v 0.00343483 0.00147979 -0.00181438
v 0.00350791 0.00138346 -0.00181438
v 0.00358811 0.00129234 -0.00181438
v 0.00667588 0.00017846 -0.00174537
v 0.00626472 0.00009116 -0.00174536
v 0.00584326 0.00010444 -0.00174537
v 0.00543491 0.00020663 -0.00174537
v 0.00457696 0.00061925 -0.00174537
v 0.00378508 0.00115339 -0.00174537
v 0.00670743 0.00008360 -0.00184275
v 0.00670053 0.00010437 -0.00184032
v 0.00669395 0.00012413 -0.00183317
v 0.00668803 0.00014193 -0.00182163
v 0.00668306 0.00015689 -0.00180626
v 0.00667926 0.00016831 -0.00178781
v 0.00667683 0.00017561 -0.00176718
v 0.00372481 0.00107362 -0.00184275
v 0.00494895 0.00030188 -0.00184275
v 0.00562828 0.00004561 -0.00184275
v 0.00587906 -0.00000146 -0.00184275
v 0.00611622 -0.00001584 -0.00184275
v 0.00641572 0.00001011 -0.00184275
v 0.00374143 0.00109562 -0.00183887
v 0.00375629 0.00111528 -0.00182803
v 0.00376882 0.00113187 -0.00181110
v 0.00377806 0.00114410 -0.00178961
v 0.00378312 0.00115079 -0.00176818
v 0.00631443 0.00006602 -0.00181438
v 0.00654965 0.00009080 -0.00182884
v 0.00654729 0.00010005 -0.00182243
v 0.00654498 0.00010911 -0.00181438
v 0.00619189 0.00005589 -0.00181438
v 0.00597678 0.00005881 -0.00181438
v 0.00586325 0.00007102 -0.00181437
v 0.00574162 0.00009175 -0.00181437
v 0.00553462 0.00014336 -0.00181437
v 0.00519922 0.00026455 -0.00181433
v 0.00476817 0.00047393 -0.00181432
v 0.00415872 0.00085147 -0.00181438
v 0.00416464 0.00085979 -0.00180278
v 0.00416903 0.00086588 -0.00179122
v 0.00712405 0.00037828 -0.00174537
v 0.00667588 0.00017846 -0.00174537
v 0.00717247 0.00029082 -0.00184275
v 0.00716187 0.00030996 -0.00184032
v 0.00715178 0.00032818 -0.00183317
v 0.00714270 0.00034459 -0.00182163
v 0.00713506 0.00035839 -0.00180626
v 0.00712924 0.00036892 -0.00178781
v 0.00712551 0.00037565 -0.00176718
v 0.00670743 0.00008360 -0.00184275
v 0.00670053 0.00010437 -0.00184032
v 0.00669395 0.00012413 -0.00183317
v 0.00668803 0.00014193 -0.00182163
v 0.00668306 0.00015689 -0.00180626
v 0.00667926 0.00016831 -0.00178781
v 0.00667683 0.00017561 -0.00176718
v 0.00792784 0.00092700 -0.00203751
v 0.00792784 0.00092700 -0.00203751
v 0.00717247 0.00029082 -0.00184275
v 0.00755081 0.00061526 -0.00191398
v 0.00716187 0.00030996 -0.00184032
v 0.00715178 0.00032818 -0.00183317
v 0.00714270 0.00034459 -0.00182163
v 0.00713506 0.00035839 -0.00180626
v 0.00712924 0.00036892 -0.00178781
v 0.00712551 0.00037565 -0.00176718
v 0.00712405 0.00037828 -0.00174537
v 0.00754537 0.00064412 -0.00184899
v 0.00731924 0.00049366 -0.00177034
v 0.00722475 0.00042201 -0.00179723
v 0.00722656 0.00041703 -0.00180575
v 0.00722903 0.00041093 -0.00181423
v 0.00340962 0.00173670 0.00132952
v 0.00352501 0.00154353 0.00133903
v 0.00366735 0.00136949 0.00134417
v 0.00383390 0.00121794 0.00134507
v 0.00383390 0.00121794 0.00134510
v 0.00390012 0.00130425 0.00144207
v 0.00388411 0.00128315 0.00144088
v 0.00386775 0.00126165 0.00143191
v 0.00385458 0.00124442 0.00141724
v 0.00384378 0.00123040 0.00139660
v 0.00383672 0.00122135 0.00137195
v 0.00374396 0.00144575 0.00144121
v 0.00361043 0.00160833 0.00143610
v 0.00350227 0.00178894 0.00142657
v 0.00347910 0.00177728 0.00142481
v 0.00345565 0.00176501 0.00141550
v 0.00343707 0.00175483 0.00140075
v 0.00342218 0.00174613 0.00138027
v 0.00341280 0.00173994 0.00135597
v 0.00340962 0.00173670 0.00132955
v 0.00355026 0.00156467 0.00141040
v 0.00361690 0.00147680 0.00141368
v 0.00369019 0.00139359 0.00141588
v 0.00350227 0.00178894 0.00142657
v 0.00347910 0.00177728 0.00142481
v 0.00345565 0.00176501 0.00141550
v 0.00343707 0.00175483 0.00140075
v 0.00342218 0.00174613 0.00138027
v 0.00341280 0.00173994 0.00135597
v 0.00340962 0.00173670 0.00132955
v 0.00336062 0.00205258 0.00140560
v 0.00336058 0.00205257 0.00140560
v 0.00333812 0.00203916 0.00140415
v 0.00331545 0.00202484 0.00139511
v 0.00329754 0.00201274 0.00138055
v 0.00328343 0.00200227 0.00135997
v 0.00327475 0.00199460 0.00133551
v 0.00327213 0.00199028 0.00130893
v 0.00281915 0.00261204 0.00123852
v 0.00327213 0.00199028 0.00130893
v 0.00336058 0.00205257 0.00140560
v 0.00333812 0.00203916 0.00140415
v 0.00331545 0.00202484 0.00139511
v 0.00329754 0.00201274 0.00138055
v 0.00328343 0.00200227 0.00135997
v 0.00327475 0.00199460 0.00133551
v 0.00336057 0.00205258 0.00140560
v 0.00289289 0.00268921 0.00133529
v 0.00287348 0.00267182 0.00133355
v 0.00285419 0.00265360 0.00132424
v 0.00283923 0.00263857 0.00130952
v 0.00282761 0.00262577 0.00128911
v 0.00282075 0.00261670 0.00126488
v 0.00281915 0.00261204 0.00123856
v 0.00289289 0.00268921 0.00133529
v 0.00287348 0.00267182 0.00133355
v 0.00285419 0.00265360 0.00132424
v 0.00283923 0.00263857 0.00130952
v 0.00282761 0.00262577 0.00128911
v 0.00282075 0.00261670 0.00126488
v 0.00281915 0.00261204 0.00123856
v 0.00214754 0.00334489 0.00122792
v 0.00213493 0.00332627 0.00122623
v 0.00212340 0.00330807 0.00121959
v 0.00211355 0.00329120 0.00120833
v 0.00210585 0.00327653 0.00119304
v 0.00210072 0.00326479 0.00117448
v 0.00209841 0.00325659 0.00115360
v 0.00209904 0.00325235 0.00113147
v 0.00181886 0.00342934 0.00108216
v 0.00209904 0.00325235 0.00113147
v 0.00214754 0.00334489 0.00122792
v 0.00213493 0.00332627 0.00122623
v 0.00212340 0.00330807 0.00121959
v 0.00211355 0.00329120 0.00120833
v 0.00210585 0.00327653 0.00119304
v 0.00210072 0.00326479 0.00117448
v 0.00209841 0.00325659 0.00115360
v 0.00185686 0.00352620 0.00117825
v 0.00184332 0.00350166 0.00117505
v 0.00183209 0.00347885 0.00116472
v 0.00182364 0.00345891 0.00114811
v 0.00181870 0.00344348 0.00112662
v 0.00181730 0.00343421 0.00110509
v 0.00181873 0.00342942 0.00108216
v 0.00185686 0.00352620 0.00117825
v 0.00184332 0.00350166 0.00117505
v 0.00183209 0.00347885 0.00116472
v 0.00182364 0.00345891 0.00114811
v 0.00181870 0.00344348 0.00112662
v 0.00181730 0.00343421 0.00110509
v 0.00181873 0.00342942 0.00108216
v 0.00151689 0.00369865 0.00111142
v 0.00150799 0.00367817 0.00110956
v 0.00150036 0.00365819 0.00110287
v 0.00149435 0.00363974 0.00109167
v 0.00149028 0.00362372 0.00107654
v 0.00148834 0.00361095 0.00105823
v 0.00148865 0.00360206 0.00103766
v 0.00149117 0.00359751 0.00101586
v 0.00070696 0.00385428 0.00081865
v 0.00149117 0.00359751 0.00101586
v 0.00151689 0.00369865 0.00111142
v 0.00150799 0.00367817 0.00110956
v 0.00150036 0.00365819 0.00110287
v 0.00149435 0.00363974 0.00109167
v 0.00149028 0.00362372 0.00107654
v 0.00148834 0.00361095 0.00105823
v 0.00148865 0.00360206 0.00103766
v 0.00070170 0.00396152 0.00091198
v 0.00069670 0.00393374 0.00090909
v 0.00069425 0.00390812 0.00089917
v 0.00069434 0.00388591 0.00088304
v 0.00069699 0.00386899 0.00086210
v 0.00070114 0.00385909 0.00084107
v 0.00070679 0.00385432 0.00081866
v 0.00919146 0.00189960 -0.00409082
v 0.00917208 0.00188621 -0.00409046
v 0.00915011 0.00187773 -0.00409026
v 0.00912675 0.00187462 -0.00409023
v 0.00910332 0.00187705 -0.00409039
v 0.00908111 0.00188490 -0.00409071
v 0.00906135 0.00189772 -0.00409119
v 0.00904515 0.00191480 -0.00409179
v 0.00904491 0.00189322 -0.00489123
v 0.00906077 0.00187489 -0.00489060
v 0.00908057 0.00186092 -0.00489008
v 0.00910316 0.00185212 -0.00488973
v 0.00912719 0.00184901 -0.00488955
v 0.00915128 0.00185177 -0.00488956
v 0.00917399 0.00186024 -0.00488976
v 0.00919399 0.00187393 -0.00489013
v 0.00856862 0.00151923 -0.00358288
v 0.00868400 0.00163280 -0.00360176
v 0.00876265 0.00169330 -0.00363250
v 0.00880942 0.00172959 -0.00365876
v 0.00885408 0.00176452 -0.00369066
v 0.00893909 0.00182956 -0.00377589
v 0.00899535 0.00187322 -0.00386550
v 0.00903068 0.00190148 -0.00396224
v 0.00904223 0.00191133 -0.00402625
v 0.00904515 0.00191480 -0.00409179
v 0.00919146 0.00189960 -0.00409082
v 0.00917208 0.00188621 -0.00409046
v 0.00915011 0.00187773 -0.00409026
v 0.00912675 0.00187462 -0.00409023
v 0.00910332 0.00187705 -0.00409039
v 0.00908111 0.00188490 -0.00409071
v 0.00906135 0.00189772 -0.00409119
v 0.00918092 0.00189428 -0.00397665
v 0.00915131 0.00187204 -0.00386841
v 0.00911729 0.00184494 -0.00379217
v 0.00907593 0.00181133 -0.00372457
v 0.00901116 0.00175810 -0.00364695
v 0.00892835 0.00168969 -0.00357736
v 0.00883758 0.00161460 -0.00352633
v 0.00874214 0.00153569 -0.00349408
v 0.00868752 0.00149057 -0.00348427
v 0.00863201 0.00144475 -0.00348030
v 0.00863053 0.00144604 -0.00350267
v 0.00862591 0.00145115 -0.00352404
v 0.00861839 0.00145982 -0.00354334
v 0.00860835 0.00147162 -0.00355960
v 0.00859629 0.00148595 -0.00357198
v 0.00858282 0.00150209 -0.00357988
v 0.00872507 0.00156316 -0.00357257
v 0.00876713 0.00160025 -0.00358805
v 0.00880985 0.00163063 -0.00360130
v 0.00883595 0.00164970 -0.00361179
v 0.00887545 0.00168414 -0.00363765
v 0.00890029 0.00170238 -0.00365238
v 0.00893668 0.00173398 -0.00368453
v 0.00898440 0.00176867 -0.00372614
v 0.00901180 0.00179219 -0.00376233
v 0.00904488 0.00181669 -0.00380743
v 0.00906132 0.00183053 -0.00383896
v 0.00907617 0.00184292 -0.00387241
v 0.00909644 0.00185784 -0.00392398
v 0.00910851 0.00186728 -0.00397119
v 0.00911476 0.00187180 -0.00400578
v 0.00863201 0.00144475 -0.00348030
v 0.00863053 0.00144604 -0.00350267
v 0.00862591 0.00145115 -0.00352404
v 0.00861839 0.00145982 -0.00354334
v 0.00860835 0.00147162 -0.00355960
v 0.00859629 0.00148595 -0.00357198
v 0.00858282 0.00150209 -0.00357988
v 0.00856862 0.00151923 -0.00358288
v 0.00813872 0.00104550 -0.00347124
v 0.00813734 0.00104688 -0.00349360
v 0.00813289 0.00105212 -0.00351498
v 0.00812560 0.00106098 -0.00353427
v 0.00811584 0.00107301 -0.00355053
v 0.00810409 0.00108759 -0.00356291
v 0.00809096 0.00110399 -0.00357081
v 0.00807709 0.00112140 -0.00357383
v 0.00813872 0.00104550 -0.00347124
v 0.00813734 0.00104688 -0.00349360
v 0.00813289 0.00105212 -0.00351498
v 0.00812560 0.00106098 -0.00353427
v 0.00811584 0.00107301 -0.00355053
v 0.00810409 0.00108759 -0.00356291
v 0.00809096 0.00110399 -0.00357081
v 0.00807709 0.00112140 -0.00357383
v 0.00796289 0.00090688 -0.00346810
v 0.00796144 0.00090822 -0.00349046
v 0.00795696 0.00091343 -0.00351183
v 0.00794966 0.00092229 -0.00353113
v 0.00793992 0.00093433 -0.00354738
v 0.00792822 0.00094895 -0.00355977
v 0.00791515 0.00096540 -0.00356767
v 0.00790138 0.00098287 -0.00357068
v 0.00796289 0.00090688 -0.00346810
v 0.00796144 0.00090822 -0.00349046
v 0.00795696 0.00091343 -0.00351183
v 0.00794966 0.00092229 -0.00353113
v 0.00793992 0.00093433 -0.00354738
v 0.00792822 0.00094895 -0.00355977
v 0.00791515 0.00096540 -0.00356767
v 0.00790138 0.00098287 -0.00357068
v 0.00761744 0.00055926 -0.00345936
v 0.00736642 0.00013722 -0.00344848
v 0.00726003 -0.00017193 -0.00344040
v 0.00720512 -0.00049767 -0.00343179
v 0.00720513 -0.00049769 -0.00343267
v 0.00720514 -0.00049771 -0.00343354
v 0.00720514 -0.00049774 -0.00343441
v 0.00720261 -0.00049809 -0.00345659
v 0.00719524 -0.00049802 -0.00347766
v 0.00718340 -0.00049751 -0.00349658
v 0.00716767 -0.00049659 -0.00351240
v 0.00714885 -0.00049531 -0.00352433
v 0.00712786 -0.00049373 -0.00353178
v 0.00710576 -0.00049193 -0.00353438
v 0.00721268 0.00001489 -0.00354730
v 0.00743852 0.00047704 -0.00355874
v 0.00764915 0.00074900 -0.00356526
v 0.00781818 0.00081951 -0.00353713
v 0.00781176 0.00082622 -0.00354571
v 0.00780519 0.00083314 -0.00355258
v 0.00764690 0.00063968 -0.00353280
v 0.00754507 0.00050812 -0.00352957
v 0.00741301 0.00029587 -0.00352429
v 0.00730857 0.00007031 -0.00351857
v 0.00725459 -0.00008657 -0.00351457
v 0.00721240 -0.00033214 -0.00348900
v 0.00720599 -0.00033131 -0.00349875
v 0.00719791 -0.00033018 -0.00350833
v 0.00707129 -0.00208320 -0.00339346
v 0.00720514 -0.00049774 -0.00343441
v 0.00706778 -0.00208294 -0.00341980
v 0.00706111 -0.00208244 -0.00343748
v 0.00705122 -0.00208170 -0.00345365
v 0.00703314 -0.00208035 -0.00347214
v 0.00701865 -0.00207928 -0.00348163
v 0.00700316 -0.00207812 -0.00348833
v 0.00698801 -0.00207699 -0.00349211
v 0.00697204 -0.00207581 -0.00349347
v 0.00710576 -0.00049193 -0.00353438
v 0.00720261 -0.00049809 -0.00345659
v 0.00719524 -0.00049802 -0.00347766
v 0.00718340 -0.00049751 -0.00349658
v 0.00716767 -0.00049659 -0.00351240
v 0.00714885 -0.00049531 -0.00352433
v 0.00712786 -0.00049373 -0.00353178
v -0.00303437 -0.00133057 -0.00353946
v -0.00306038 -0.00132863 -0.00353640
v -0.00308669 -0.00132667 -0.00352613
v -0.00310766 -0.00132511 -0.00351074
v -0.00312456 -0.00132385 -0.00348959
v -0.00313504 -0.00132307 -0.00346460
v -0.00313816 -0.00132284 -0.00343758
v -0.00322580 -0.00086634 -0.00344957
v -0.00322374 -0.00086660 -0.00347221
v -0.00321668 -0.00086601 -0.00349382
v -0.00320499 -0.00086461 -0.00351328
v -0.00318927 -0.00086246 -0.00352958
v -0.00317034 -0.00085967 -0.00354187
v -0.00314919 -0.00085639 -0.00354953
v -0.00312688 -0.00085281 -0.00355215
v -0.00322580 -0.00086634 -0.00344957
v -0.00322374 -0.00086660 -0.00347221
v -0.00321668 -0.00086601 -0.00349382
v -0.00320499 -0.00086461 -0.00351328
v -0.00318927 -0.00086246 -0.00352958
v -0.00317034 -0.00085967 -0.00354187
v -0.00314919 -0.00085639 -0.00354953
v -0.00312688 -0.00085281 -0.00355215
v -0.00326815 -0.00058547 -0.00349176
v -0.00329830 -0.00034757 -0.00358834
v -0.00331909 -0.00015673 -0.00371927
v -0.00333482 0.00000293 -0.00388709
v -0.00334672 0.00012388 -0.00408492
v -0.00335570 0.00020132 -0.00430403
v -0.00335959 0.00022317 -0.00442600
v -0.00336304 0.00023077 -0.00455019
v -0.00335926 0.00020674 -0.00455033
v -0.00334978 0.00018434 -0.00455063
v -0.00333517 0.00016489 -0.00455105
v -0.00331630 0.00014955 -0.00455157
v -0.00329428 0.00013922 -0.00455217
v -0.00327043 0.00013451 -0.00455281
v -0.00326243 0.00010573 -0.00431965
v -0.00325155 0.00002403 -0.00410070
v -0.00323661 -0.00010519 -0.00390681
v -0.00321633 -0.00027578 -0.00374855
v -0.00318911 -0.00047787 -0.00363362
v -0.00316060 -0.00066160 -0.00357515
v -0.00320494 -0.00076336 -0.00353695
v -0.00319540 -0.00076271 -0.00354377
v -0.00323461 -0.00063269 -0.00355152
v -0.00324846 -0.00053652 -0.00357957
v -0.00326341 -0.00042505 -0.00362517
v -0.00327654 -0.00031919 -0.00368345
v -0.00328685 -0.00023040 -0.00374582
v -0.00329681 -0.00013973 -0.00382570
v -0.00330453 -0.00006681 -0.00390625
v -0.00331199 0.00000367 -0.00400422
v -0.00331775 0.00005704 -0.00409909
v -0.00332329 0.00010441 -0.00421033
v -0.00332760 0.00013591 -0.00431502
v -0.00332967 0.00014812 -0.00437189
v -0.00334213 0.00017321 -0.00449171
v -0.00336304 0.00023077 -0.00455019
v -0.00337198 0.00023143 -0.00489013
v -0.00336856 0.00020875 -0.00489026
v -0.00336007 0.00018744 -0.00489053
v -0.00334695 0.00016863 -0.00489091
v -0.00332989 0.00015331 -0.00489139
v -0.00330948 0.00014215 -0.00489275
v -0.00330892 0.00014193 -0.00489196
v -0.00330805 0.00014159 -0.00489198
v -0.00330718 0.00014126 -0.00489275
v -0.00329812 0.00013834 -0.00489225
v -0.00328881 0.00013630 -0.00489250
v -0.00327936 0.00013515 -0.00489275
v -0.00327043 0.00013451 -0.00455281
v -0.00335926 0.00020674 -0.00455033
v -0.00334978 0.00018434 -0.00455063
v -0.00333517 0.00016489 -0.00455105
v -0.00331630 0.00014955 -0.00455157
v -0.00329428 0.00013922 -0.00455217
v -0.00330948 0.00014215 -0.00489275
v -0.00332966 0.00015315 -0.00489410
v -0.00334680 0.00016848 -0.00489458
v -0.00336000 0.00018732 -0.00489497
v -0.00336854 0.00020868 -0.00489523
v -0.00337198 0.00023143 -0.00489537
v -0.00337198 0.00023143 -0.00489013
v -0.00336856 0.00020875 -0.00489026
v -0.00336007 0.00018744 -0.00489053
v -0.00334695 0.00016863 -0.00489091
v -0.00332989 0.00015331 -0.00489139
v -0.00337201 0.00023143 -0.00489362
v -0.00337201 0.00023143 -0.00489187
v -0.00333430 0.00015661 -0.00489275
v -0.00336691 0.00020318 -0.00489275
v -0.00330948 0.00014215 -0.00489275
v -0.00330892 0.00014193 -0.00489196
v -0.00330805 0.00014159 -0.00489198
v -0.00330718 0.00014126 -0.00489275
v -0.00330794 0.00014155 -0.00489351
v -0.00330870 0.00014184 -0.00489353
v -0.00330345 0.00013997 -0.00489498
v -0.00330401 0.00014013 -0.00489340
v -0.00330561 0.00014068 -0.00489345
v -0.00330718 0.00014126 -0.00489275
v -0.00330346 0.00013994 -0.00489275
v -0.00330346 0.00013994 -0.00489275
v -0.00330345 0.00013997 -0.00489498
v -0.00327936 0.00013515 -0.00489275
v -0.00328716 0.00013604 -0.00489295
v -0.00329812 0.00013834 -0.00489225
v -0.00328881 0.00013630 -0.00489250
v -0.00337198 0.00023143 -0.00489537
v -0.00337201 0.00023143 -0.00489362
v -0.00337201 0.00023143 -0.00489187
v -0.00337198 0.00023143 -0.00489013
v -0.00325444 0.00198845 -0.00489013
v -0.00333321 0.00140588 -0.00489013
v -0.00337244 0.00081931 -0.00489013
v -0.00325444 0.00198845 -0.00489537
v -0.00325447 0.00198846 -0.00489362
v -0.00325447 0.00198846 -0.00489187
v -0.00337244 0.00081931 -0.00489537
v -0.00333321 0.00140588 -0.00489537
v -0.00333324 0.00140588 -0.00489362
v -0.00333324 0.00140588 -0.00489187
v -0.00337247 0.00081931 -0.00489362
v -0.00337247 0.00081931 -0.00489187
v -0.00354334 0.00195249 -0.00489275
v -0.00342472 0.00207476 -0.00489275
v -0.00354336 0.00195252 -0.00489537
v -0.00354335 0.00195250 -0.00489449
v -0.00354334 0.00195250 -0.00489362
v -0.00342475 0.00207479 -0.00489537
v -0.00342473 0.00207478 -0.00489449
v -0.00342473 0.00207477 -0.00489362
v 0.00904491 0.00189322 -0.00489123
v 0.00906077 0.00187489 -0.00489060
v 0.00908057 0.00186092 -0.00489008
v 0.00910316 0.00185212 -0.00488973
v 0.00912719 0.00184901 -0.00488955
v 0.00915128 0.00185177 -0.00488956
v 0.00917399 0.00186024 -0.00488976
v 0.00919399 0.00187393 -0.00489013
v 0.00904490 0.00189321 -0.00489224
v 0.00904490 0.00189321 -0.00489325
v 0.00904491 0.00189322 -0.00489426
v 0.00909656 0.00185408 -0.00489649
v 0.00907651 0.00186322 -0.00489532
v 0.00905906 0.00187648 -0.00489484
v 0.00909654 0.00185401 -0.00489275
v 0.00909654 0.00185401 -0.00489275
v 0.00909656 0.00185408 -0.00489649
v 0.00919399 0.00187393 -0.00489537
v 0.00917703 0.00186189 -0.00489570
v 0.00915795 0.00185362 -0.00489590
v 0.00913756 0.00184947 -0.00489596
v 0.00911676 0.00184963 -0.00489589
v 0.00919401 0.00187391 -0.00489362
v 0.00919401 0.00187391 -0.00489188
v 0.00857913 0.00211197 -0.00488367
v 0.00857913 0.00211197 -0.00488367
v 0.00859292 0.00211338 -0.00411979
v 0.00857913 0.00211197 -0.00490183
v 0.00857913 0.00211197 -0.00490183
v 0.00857906 0.00211196 -0.00489577
v 0.00857906 0.00211196 -0.00489577
v 0.00857906 0.00211196 -0.00489577
v 0.00857906 0.00211196 -0.00488972
v 0.00857906 0.00211196 -0.00488972
v 0.00859292 0.00211338 -0.00566571
v 0.00850893 0.00210481 -0.00570012
v 0.00855235 0.00210924 -0.00568629
v 0.00160758 0.00140128 -0.00570012
v 0.00160758 0.00140128 -0.00570012
v 0.00160759 0.00140128 -0.00408538
v 0.00160759 0.00140128 -0.00408538
v 0.00160759 0.00140128 -0.00408538
v 0.00850893 0.00210481 -0.00408538
v 0.00855233 0.00210924 -0.00409919
v 0.00160758 0.00140128 -0.00570012
v 0.00850893 0.00210481 -0.00570012
v 0.00851016 0.00209275 -0.00580956
v 0.00851379 0.00205715 -0.00591369
v 0.00851963 0.00199974 -0.00600746
v 0.00852743 0.00192331 -0.00608633
v 0.00853678 0.00183156 -0.00614647
v 0.00854724 0.00172893 -0.00618496
v 0.00855831 0.00162041 -0.00619995
v 0.00189550 0.00094119 -0.00619995
v 0.00183472 0.00106099 -0.00618071
v 0.00177162 0.00116973 -0.00613152
v 0.00171075 0.00126322 -0.00605502
v 0.00166273 0.00133024 -0.00596559
v 0.00162972 0.00137347 -0.00587040
v 0.00161335 0.00139416 -0.00578688
v 0.00850893 0.00210481 -0.00570012
v 0.00853769 0.00209555 -0.00580606
v 0.00856750 0.00206258 -0.00590686
v 0.00859695 0.00200751 -0.00599762
v 0.00862457 0.00193302 -0.00607394
v 0.00864905 0.00184273 -0.00613212
v 0.00866919 0.00174101 -0.00616932
v 0.00868400 0.00163280 -0.00618374
v 0.00864260 0.00162882 -0.00619272
v 0.00860061 0.00162467 -0.00619814
v 0.00855831 0.00162041 -0.00619995
v 0.00851016 0.00209275 -0.00580956
v 0.00851379 0.00205715 -0.00591369
v 0.00851963 0.00199974 -0.00600746
v 0.00852743 0.00192331 -0.00608633
v 0.00853678 0.00183156 -0.00614647
v 0.00854724 0.00172893 -0.00618496
v 0.00864048 0.00173914 -0.00617563
v 0.00861691 0.00188033 -0.00611512
v 0.00852624 0.00202068 -0.00597954
v 0.00850893 0.00210481 -0.00570012
v 0.00855235 0.00210924 -0.00568629
v 0.00859292 0.00211338 -0.00566571
v 0.00864441 0.00210658 -0.00576205
v 0.00869567 0.00207655 -0.00585345
v 0.00874467 0.00202441 -0.00593631
v 0.00878885 0.00195253 -0.00600619
v 0.00882597 0.00186485 -0.00605964
v 0.00885453 0.00176488 -0.00609447
v 0.00878187 0.00170818 -0.00614301
v 0.00873381 0.00167105 -0.00616606
v 0.00868400 0.00163280 -0.00618374
v 0.00853769 0.00209555 -0.00580606
v 0.00856750 0.00206258 -0.00590686
v 0.00859695 0.00200751 -0.00599762
v 0.00862457 0.00193302 -0.00607394
v 0.00864905 0.00184273 -0.00613212
v 0.00866919 0.00174101 -0.00616932
v 0.00868349 0.00200065 -0.00598990
v 0.00859292 0.00211338 -0.00566571
v 0.00859292 0.00211338 -0.00566571
v 0.00864441 0.00210658 -0.00576205
v 0.00869567 0.00207655 -0.00585345
v 0.00874467 0.00202441 -0.00593631
v 0.00878885 0.00195253 -0.00600619
v 0.00882597 0.00186485 -0.00605964
v 0.00885453 0.00176488 -0.00609447
v 0.00904515 0.00191480 -0.00569371
v 0.00904004 0.00190938 -0.00577564
v 0.00902260 0.00189489 -0.00585184
v 0.00899274 0.00187118 -0.00592525
v 0.00895577 0.00184243 -0.00598697
v 0.00890939 0.00180674 -0.00604401
v 0.00870061 0.00211270 -0.00567258
v 0.00879756 0.00209171 -0.00567854
v 0.00888101 0.00205625 -0.00568364
v 0.00894933 0.00201210 -0.00568788
v 0.00900359 0.00196365 -0.00569125
v 0.00899954 0.00196130 -0.00574749
v 0.00898973 0.00195406 -0.00580148
v 0.00895094 0.00200532 -0.00573895
v 0.00895399 0.00192756 -0.00590205
v 0.00894171 0.00199956 -0.00578692
v 0.00890033 0.00188833 -0.00599133
v 0.00891048 0.00197837 -0.00587639
v 0.00886841 0.00186535 -0.00603198
v 0.00884123 0.00207277 -0.00571726
v 0.00886469 0.00194729 -0.00595825
v 0.00883422 0.00206967 -0.00575114
v 0.00883759 0.00192932 -0.00599714
v 0.00881230 0.00205853 -0.00581554
v 0.00871969 0.00210938 -0.00569212
v 0.00878154 0.00204259 -0.00587668
v 0.00871614 0.00210836 -0.00570981
v 0.00876367 0.00203361 -0.00590659
v 0.00874589 0.00202498 -0.00593445
v 0.00870493 0.00210482 -0.00574422
v 0.00868916 0.00209988 -0.00577720
v 0.00867999 0.00209714 -0.00579311
v 0.00859292 0.00211338 -0.00566571
v 0.00857913 0.00211197 -0.00490183
v 0.00868702 0.00211127 -0.00489999
v 0.00879225 0.00208742 -0.00489823
v 0.00888991 0.00204156 -0.00489665
v 0.00897546 0.00197580 -0.00489530
v 0.00904491 0.00189322 -0.00489426
v 0.00904515 0.00191480 -0.00569371
v 0.00870061 0.00211270 -0.00567258
v 0.00879756 0.00209171 -0.00567854
v 0.00888101 0.00205625 -0.00568364
v 0.00894933 0.00201210 -0.00568788
v 0.00900359 0.00196365 -0.00569125
v 0.00857913 0.00211197 -0.00490183
v 0.00857906 0.00211196 -0.00489577
v 0.00857906 0.00211196 -0.00488972
v 0.00857913 0.00211197 -0.00488367
v 0.00868702 0.00211127 -0.00488551
v 0.00879225 0.00208742 -0.00488726
v 0.00888991 0.00204156 -0.00488885
v 0.00897546 0.00197580 -0.00489019
v 0.00904491 0.00189322 -0.00489123
v 0.00904490 0.00189321 -0.00489224
v 0.00904490 0.00189321 -0.00489325
v 0.00904491 0.00189322 -0.00489426
v 0.00868702 0.00211127 -0.00489999
v 0.00879225 0.00208742 -0.00489823
v 0.00888991 0.00204156 -0.00489665
v 0.00897546 0.00197580 -0.00489530
v 0.00868696 0.00211126 -0.00489516
v 0.00868696 0.00211126 -0.00489033
v 0.00879221 0.00208741 -0.00489458
v 0.00879221 0.00208741 -0.00489092
v 0.00888988 0.00204155 -0.00489405
v 0.00888988 0.00204155 -0.00489145
v 0.00897544 0.00197579 -0.00489360
v 0.00897544 0.00197579 -0.00489190
v 0.00857913 0.00211197 -0.00488367
v 0.00859292 0.00211338 -0.00411979
v 0.00870563 0.00211199 -0.00411249
v 0.00881526 0.00208568 -0.00410556
v 0.00891592 0.00203551 -0.00409936
v 0.00898592 0.00198080 -0.00409519
v 0.00904515 0.00191480 -0.00409179
v 0.00904491 0.00189322 -0.00489123
v 0.00868702 0.00211127 -0.00488551
v 0.00879225 0.00208742 -0.00488726
v 0.00888991 0.00204156 -0.00488885
v 0.00897546 0.00197580 -0.00489019
v 0.00859292 0.00211338 -0.00411979
v 0.00859292 0.00211338 -0.00411979
v 0.00870563 0.00211199 -0.00411249
v 0.00881526 0.00208568 -0.00410556
v 0.00891592 0.00203551 -0.00409936
v 0.00898592 0.00198080 -0.00409519
v 0.00904515 0.00191480 -0.00409179
v 0.00885408 0.00176452 -0.00369066
v 0.00893909 0.00182956 -0.00377589
v 0.00899535 0.00187322 -0.00386550
v 0.00903068 0.00190148 -0.00396224
v 0.00904223 0.00191133 -0.00402625
v 0.00864854 0.00210511 -0.00401601
v 0.00869001 0.00208099 -0.00394163
v 0.00874352 0.00202547 -0.00385035
v 0.00877576 0.00197605 -0.00379862
v 0.00880771 0.00191101 -0.00375045
v 0.00883259 0.00184374 -0.00371617
v 0.00886808 0.00186510 -0.00375315
v 0.00890007 0.00188814 -0.00379382
v 0.00883729 0.00192912 -0.00378802
v 0.00895386 0.00192747 -0.00388317
v 0.00886447 0.00194713 -0.00382693
v 0.00898969 0.00195404 -0.00398387
v 0.00891036 0.00197829 -0.00390886
v 0.00899953 0.00196129 -0.00403793
v 0.00876346 0.00203350 -0.00387864
v 0.00894168 0.00199954 -0.00399844
v 0.00878138 0.00204251 -0.00390857
v 0.00895092 0.00200532 -0.00404647
v 0.00881222 0.00205849 -0.00396978
v 0.00867988 0.00209711 -0.00399224
v 0.00883419 0.00206966 -0.00403426
v 0.00868908 0.00209985 -0.00400817
v 0.00884122 0.00207276 -0.00406819
v 0.00870489 0.00210480 -0.00404118
v 0.00871612 0.00210835 -0.00407563
v 0.00871969 0.00210938 -0.00409335
v 0.00859292 0.00211338 -0.00411979
v 0.00855233 0.00210924 -0.00409919
v 0.00850893 0.00210481 -0.00408538
v 0.00853769 0.00209555 -0.00397943
v 0.00856750 0.00206258 -0.00387863
v 0.00859695 0.00200751 -0.00378787
v 0.00862457 0.00193302 -0.00371155
v 0.00864905 0.00184273 -0.00365338
v 0.00866919 0.00174101 -0.00361618
v 0.00868400 0.00163280 -0.00360176
v 0.00876265 0.00169330 -0.00363250
v 0.00880942 0.00172959 -0.00365876
v 0.00885408 0.00176452 -0.00369066
v 0.00864854 0.00210511 -0.00401601
v 0.00869001 0.00208099 -0.00394163
v 0.00874352 0.00202547 -0.00385035
v 0.00877576 0.00197605 -0.00379862
v 0.00880771 0.00191101 -0.00375045
v 0.00883259 0.00184374 -0.00371617
v 0.00868410 0.00200089 -0.00379606
v 0.00850893 0.00210481 -0.00408538
v 0.00851016 0.00209275 -0.00397594
v 0.00851379 0.00205715 -0.00387181
v 0.00851963 0.00199974 -0.00377804
v 0.00852743 0.00192331 -0.00369917
v 0.00853678 0.00183156 -0.00363903
v 0.00854724 0.00172893 -0.00360053
v 0.00855831 0.00162041 -0.00358555
v 0.00860061 0.00162467 -0.00358736
v 0.00864260 0.00162881 -0.00359277
v 0.00868400 0.00163280 -0.00360176
v 0.00853769 0.00209555 -0.00397943
v 0.00856750 0.00206258 -0.00387863
v 0.00859695 0.00200751 -0.00378787
v 0.00862457 0.00193302 -0.00371155
v 0.00864905 0.00184273 -0.00365338
v 0.00866919 0.00174101 -0.00361618
v 0.00864048 0.00173914 -0.00360987
v 0.00852624 0.00202068 -0.00380596
v 0.00861691 0.00188033 -0.00367038
v 0.00189550 0.00094119 -0.00358555
v 0.00855831 0.00162041 -0.00358555
v 0.00850893 0.00210481 -0.00408538
v 0.00851016 0.00209275 -0.00397594
v 0.00851379 0.00205715 -0.00387181
v 0.00851963 0.00199974 -0.00377804
v 0.00852743 0.00192331 -0.00369917
v 0.00853678 0.00183156 -0.00363903
v 0.00854724 0.00172893 -0.00360053
v 0.00160759 0.00140128 -0.00408538
v 0.00161513 0.00139206 -0.00398736
v 0.00163590 0.00136577 -0.00389493
v 0.00166711 0.00132445 -0.00381087
v 0.00170597 0.00127014 -0.00373795
v 0.00174948 0.00120491 -0.00367822
v 0.00179518 0.00113064 -0.00363234
v 0.00184118 0.00104905 -0.00360143
v 0.00186884 0.00099597 -0.00359032
v 0.00674233 -0.00443795 -0.00284275
v 0.00572566 -0.00571792 -0.00284275
v 0.00447487 -0.00677030 -0.00284275
v 0.00303987 -0.00755308 -0.00284275
v 0.00301983 -0.00756151 -0.00334275
v 0.00447169 -0.00677247 -0.00334275
v 0.00573545 -0.00570784 -0.00334275
v 0.00675956 -0.00441104 -0.00334275
v 0.00303987 -0.00755308 -0.00694275
v 0.00447487 -0.00677030 -0.00694275
v 0.00572566 -0.00571792 -0.00694275
v 0.00674233 -0.00443795 -0.00694275
v 0.00675956 -0.00441104 -0.00644275
v 0.00573545 -0.00570784 -0.00644275
v 0.00447169 -0.00677247 -0.00644275
v 0.00301983 -0.00756151 -0.00644275
v 0.00228146 -0.00757552 -0.00644275
v 0.00250047 -0.00763061 -0.00644275
v 0.00272727 -0.00763485 -0.00644275
v 0.00287604 -0.00760940 -0.00644275
v 0.00301983 -0.00756151 -0.00644275
v 0.00232131 -0.00756150 -0.00747640
v 0.00303987 -0.00755308 -0.00694275
v 0.00280969 -0.00761742 -0.00713083
v 0.00256643 -0.00762182 -0.00731149
v 0.00232131 -0.00756150 -0.00747640
v 0.00234917 -0.00756505 -0.00751333
v 0.00237928 -0.00755833 -0.00754799
v 0.00241000 -0.00754170 -0.00757852
v 0.00243969 -0.00751603 -0.00760327
v 0.00145183 -0.00717558 -0.00774798
v 0.00175155 -0.00731974 -0.00772013
v 0.00204639 -0.00744968 -0.00763331
v 0.00218800 -0.00750828 -0.00756476
v 0.00154156 -0.00699691 -0.00794275
v 0.00152191 -0.00703603 -0.00793790
v 0.00150321 -0.00707325 -0.00792359
v 0.00148638 -0.00710676 -0.00790050
v 0.00147222 -0.00713496 -0.00786977
v 0.00146143 -0.00715646 -0.00783288
v 0.00145452 -0.00717022 -0.00779162
v 0.00221505 -0.00739720 -0.00776643
v 0.00197049 -0.00726017 -0.00787385
v 0.00175715 -0.00713305 -0.00792571
v 0.00174443 -0.00726289 -0.00785204
v 0.00185192 -0.00731692 -0.00782512
v 0.00200490 -0.00739077 -0.00777268
v 0.00212653 -0.00744711 -0.00771741
v 0.00219987 -0.00748014 -0.00767703
v 0.00303987 -0.00755308 -0.00694275
v 0.00303987 -0.00755308 -0.00694275
v 0.00280969 -0.00761742 -0.00713083
v 0.00256643 -0.00762182 -0.00731149
v 0.00232131 -0.00756150 -0.00747640
v 0.00234917 -0.00756505 -0.00751333
v 0.00237928 -0.00755833 -0.00754799
v 0.00241000 -0.00754170 -0.00757852
v 0.00243969 -0.00751603 -0.00760327
v 0.00285085 -0.00760068 -0.00717521
v 0.00264763 -0.00758986 -0.00739879
v 0.00688254 -0.00151629 -0.00794275
v 0.00684210 -0.00269868 -0.00789714
v 0.00683602 -0.00328373 -0.00779532
v 0.00683684 -0.00370215 -0.00764682
v 0.00683896 -0.00389703 -0.00753619
v 0.00684226 -0.00406962 -0.00739256
v 0.00708178 -0.00153297 -0.00774798
v 0.00707581 -0.00153247 -0.00779162
v 0.00706046 -0.00153119 -0.00783288
v 0.00703649 -0.00152918 -0.00786977
v 0.00700504 -0.00152654 -0.00790050
v 0.00696767 -0.00152342 -0.00792359
v 0.00692616 -0.00151993 -0.00793790
v 0.00688703 -0.00399660 -0.00730784
v 0.00690050 -0.00379207 -0.00744673
v 0.00693577 -0.00331787 -0.00761598
v 0.00698650 -0.00268180 -0.00771254
v 0.00686473 -0.00404775 -0.00736658
v 0.00687985 -0.00402307 -0.00733794
v 0.00700715 -0.00210858 -0.00783740
v 0.00694410 -0.00269466 -0.00782803
v 0.00692698 -0.00298201 -0.00778743
v 0.00690859 -0.00330619 -0.00771762
v 0.00695806 -0.00181393 -0.00791524
v 0.00704251 -0.00167492 -0.00784360
v 0.00697330 -0.00159659 -0.00791755
v 0.00688254 -0.00151629 -0.00794275
v 0.00637114 -0.00304365 -0.00794275
v 0.00553227 -0.00441866 -0.00794275
v 0.00440812 -0.00557221 -0.00794275
v 0.00305522 -0.00644626 -0.00794275
v 0.00154156 -0.00699691 -0.00794275
v 0.00684210 -0.00269868 -0.00789714
v 0.00683602 -0.00328373 -0.00779532
v 0.00683684 -0.00370215 -0.00764682
v 0.00683896 -0.00389703 -0.00753619
v 0.00684226 -0.00406962 -0.00739256
v 0.00674233 -0.00443795 -0.00694275
v 0.00681311 -0.00428626 -0.00714654
v 0.00683628 -0.00418140 -0.00727111
v 0.00303987 -0.00755308 -0.00694275
v 0.00447487 -0.00677030 -0.00694275
v 0.00572566 -0.00571792 -0.00694275
v 0.00285085 -0.00760068 -0.00717521
v 0.00264763 -0.00758986 -0.00739879
v 0.00243969 -0.00751603 -0.00760327
v 0.00221505 -0.00739720 -0.00776643
v 0.00197049 -0.00726017 -0.00787385
v 0.00175715 -0.00713305 -0.00792571
v 0.00673567 -0.00265776 -0.00792549
v 0.00669296 -0.00321669 -0.00787383
v 0.00653012 -0.00314037 -0.00792549
v 0.00671919 -0.00399815 -0.00760327
v 0.00656043 -0.00390596 -0.00776631
v 0.00638540 -0.00380431 -0.00787383
v 0.00622989 -0.00371399 -0.00792549
v 0.00623775 -0.00496635 -0.00739256
v 0.00612534 -0.00487908 -0.00760327
v 0.00598033 -0.00476650 -0.00776631
v 0.00571062 -0.00570330 -0.00714650
v 0.00582044 -0.00464238 -0.00787383
v 0.00564903 -0.00564342 -0.00739256
v 0.00567839 -0.00453210 -0.00792549
v 0.00554699 -0.00554422 -0.00760327
v 0.00541535 -0.00541625 -0.00776631
v 0.00502825 -0.00632979 -0.00714650
v 0.00527022 -0.00527516 -0.00787383
v 0.00497384 -0.00626332 -0.00739256
v 0.00514128 -0.00514980 -0.00792549
v 0.00488370 -0.00615319 -0.00760327
v 0.00446304 -0.00675298 -0.00714650
v 0.00476741 -0.00601113 -0.00776631
v 0.00441457 -0.00668205 -0.00739256
v 0.00463920 -0.00585450 -0.00787383
v 0.00452529 -0.00571534 -0.00792549
v 0.00433429 -0.00656454 -0.00760327
v 0.00423071 -0.00641297 -0.00776631
v 0.00411652 -0.00624584 -0.00787383
v 0.00349094 -0.00732298 -0.00714650
v 0.00401507 -0.00609736 -0.00792549
v 0.00345271 -0.00724606 -0.00739256
v 0.00338937 -0.00711861 -0.00760327
v 0.00330766 -0.00695422 -0.00776631
v 0.00282167 -0.00752671 -0.00739256
v 0.00321758 -0.00677295 -0.00787383
v 0.00276946 -0.00739432 -0.00760327
v 0.00313754 -0.00661191 -0.00792549
v 0.00270209 -0.00722355 -0.00776631
v 0.00262782 -0.00703525 -0.00787383
v 0.00256183 -0.00686796 -0.00792549
v 0.00192016 -0.00708752 -0.00792549
v 0.00674233 -0.00443795 -0.00694275
v 0.00674233 -0.00443795 -0.00694275
v 0.00681311 -0.00428626 -0.00714654
v 0.00683628 -0.00418140 -0.00727111
v 0.00684226 -0.00406962 -0.00739256
v 0.00686473 -0.00404775 -0.00736658
v 0.00687985 -0.00402307 -0.00733794
v 0.00688703 -0.00399660 -0.00730784
v 0.00683370 -0.00425347 -0.00710825
v 0.00686919 -0.00412832 -0.00720936
v 0.00675956 -0.00441104 -0.00644275
v 0.00683526 -0.00426804 -0.00644275
v 0.00688676 -0.00411548 -0.00644275
v 0.00691317 -0.00395585 -0.00644275
v 0.00674233 -0.00443795 -0.00694275
v 0.00683370 -0.00425347 -0.00710825
v 0.00686919 -0.00412832 -0.00720936
v 0.00688703 -0.00399660 -0.00730784
v 0.00691317 -0.00395585 -0.00334275
v 0.00688676 -0.00411548 -0.00334275
v 0.00683526 -0.00426804 -0.00334275
v 0.00675956 -0.00441104 -0.00334275
v 0.00688703 -0.00399660 -0.00247766
v 0.00674233 -0.00443795 -0.00284275
v 0.00683371 -0.00425346 -0.00267724
v 0.00686919 -0.00412832 -0.00257614
v 0.00688703 -0.00399660 -0.00247766
v 0.00687985 -0.00402307 -0.00244756
v 0.00686473 -0.00404775 -0.00241892
v 0.00684226 -0.00406962 -0.00239293
v 0.00708178 -0.00153297 -0.00203751
v 0.00698038 -0.00275706 -0.00208001
v 0.00691738 -0.00355942 -0.00223928
v 0.00690072 -0.00378894 -0.00233715
v 0.00689311 -0.00390057 -0.00240324
v 0.00688254 -0.00151629 -0.00184275
v 0.00692616 -0.00151993 -0.00184760
v 0.00696767 -0.00152342 -0.00186191
v 0.00700504 -0.00152655 -0.00188499
v 0.00703649 -0.00152918 -0.00191572
v 0.00706046 -0.00153119 -0.00195262
v 0.00707581 -0.00153247 -0.00199388
v 0.00685050 -0.00232543 -0.00185932
v 0.00683863 -0.00387358 -0.00223360
v 0.00683650 -0.00365167 -0.00211553
v 0.00683791 -0.00300208 -0.00193012
v 0.00697644 -0.00192849 -0.00189070
v 0.00699344 -0.00192969 -0.00190665
v 0.00695313 -0.00254867 -0.00194218
v 0.00693285 -0.00288193 -0.00198213
v 0.00690917 -0.00329555 -0.00206505
v 0.00674233 -0.00443795 -0.00284275
v 0.00674233 -0.00443795 -0.00284275
v 0.00683371 -0.00425346 -0.00267724
v 0.00686919 -0.00412832 -0.00257614
v 0.00688703 -0.00399660 -0.00247766
v 0.00687985 -0.00402307 -0.00244756
v 0.00686473 -0.00404775 -0.00241892
v 0.00684226 -0.00406962 -0.00239293
v 0.00681307 -0.00428625 -0.00263896
v 0.00683626 -0.00418132 -0.00251431
v 0.00154156 -0.00699691 -0.00184275
v 0.00185333 -0.00719127 -0.00187872
v 0.00215947 -0.00736686 -0.00198959
v 0.00230471 -0.00744542 -0.00207502
v 0.00243969 -0.00751603 -0.00218223
v 0.00145183 -0.00717558 -0.00203751
v 0.00145452 -0.00717022 -0.00199388
v 0.00146143 -0.00715646 -0.00195262
v 0.00147222 -0.00713496 -0.00191572
v 0.00148638 -0.00710677 -0.00188499
v 0.00150321 -0.00707325 -0.00186191
v 0.00152191 -0.00703603 -0.00184760
v 0.00232131 -0.00756150 -0.00230910
v 0.00207567 -0.00746199 -0.00216459
v 0.00181131 -0.00734701 -0.00207791
v 0.00163215 -0.00726381 -0.00204743
v 0.00241000 -0.00754170 -0.00220698
v 0.00237928 -0.00755833 -0.00223750
v 0.00234917 -0.00756505 -0.00227216
v 0.00155912 -0.00719704 -0.00194252
v 0.00173110 -0.00725607 -0.00193067
v 0.00182391 -0.00730301 -0.00195260
v 0.00197795 -0.00737809 -0.00200241
v 0.00211394 -0.00744137 -0.00206174
v 0.00218668 -0.00747426 -0.00210079
v 0.00154646 -0.00710821 -0.00186875
v 0.00685050 -0.00232543 -0.00185932
v 0.00679348 -0.00230658 -0.00185012
v 0.00673604 -0.00228759 -0.00184459
v 0.00667837 -0.00226852 -0.00184275
v 0.00688254 -0.00151629 -0.00184275
v 0.00675549 -0.00202029 -0.00184275
v 0.00682358 -0.00176944 -0.00184275
v 0.00681381 -0.00203726 -0.00184459
v 0.00303987 -0.00755308 -0.00284275
v 0.00303987 -0.00755308 -0.00284275
v 0.00285093 -0.00760068 -0.00261037
v 0.00264765 -0.00758987 -0.00238673
v 0.00243969 -0.00751603 -0.00218223
v 0.00241000 -0.00754170 -0.00220698
v 0.00237928 -0.00755833 -0.00223750
v 0.00234917 -0.00756505 -0.00227216
v 0.00232131 -0.00756150 -0.00230910
v 0.00280978 -0.00761741 -0.00265474
v 0.00256645 -0.00762182 -0.00247402
v 0.00301983 -0.00756151 -0.00334275
v 0.00280306 -0.00762486 -0.00334275
v 0.00257658 -0.00763772 -0.00334275
v 0.00242695 -0.00761793 -0.00334275
v 0.00228146 -0.00757552 -0.00334275
v 0.00303987 -0.00755308 -0.00284275
v 0.00280978 -0.00761741 -0.00265474
v 0.00256645 -0.00762182 -0.00247402
v 0.00232131 -0.00756150 -0.00230910
f 6 4 5
f 7 4 6
f 8 13 4
f 8 4 7
f 26 20 19
f 27 14 15
f 27 15 16
f 28 17 20
f 28 20 26
f 29 10 9
f 29 9 14
f 29 14 27
f 30 16 17
f 30 17 28
f 31 19 18
f 31 18 23
f 31 26 19
f 32 27 16
f 32 16 30
f 33 26 31
f 33 28 26
f 34 28 33
f 34 30 28
f 35 10 29
f 35 27 32
f 35 29 27
f 36 32 30
f 36 30 34
f 37 32 36
f 37 10 35
f 37 35 32
f 38 31 23
f 39 31 38
f 40 33 31
f 40 31 39
f 41 34 33
f 41 33 40
f 42 36 34
f 42 34 41
f 42 41 11
f 43 11 10
f 43 10 37
f 43 37 36
f 43 42 11
f 43 36 42
f 44 23 22
f 44 38 23
f 45 38 44
f 45 39 38
f 46 39 45
f 46 40 39
f 47 40 46
f 47 11 41
f 47 41 40
f 48 47 12
f 48 11 47
f 49 12 11
f 49 48 12
f 49 11 48
f 50 22 21
f 50 21 24
f 50 44 22
f 51 46 45
f 51 44 50
f 51 24 25
f 51 25 1
f 51 45 44
f 51 50 24
f 52 1 2
f 52 46 51
f 52 51 1
f 53 47 46
f 53 12 47
f 53 46 52
f 54 12 53
f 55 2 3
f 55 52 2
f 55 53 52
f 56 13 12
f 56 12 54
f 57 3 4
f 57 55 3
f 57 54 53
f 57 53 55
f 57 56 54
f 58 57 4
f 58 13 56
f 58 56 57
f 58 4 13
f 92 90 89
f 92 91 90
f 98 88 91
f 98 91 92
f 97 87 88
f 97 88 98
f 96 86 87
f 96 87 97
f 95 85 86
f 95 86 96
f 84 85 95
f 94 84 95
f 83 84 94
f 126 100 99
f 126 99 102
f 125 62 61
f 125 126 102
f 125 102 62
f 127 100 126
f 127 101 100
f 127 93 101
f 124 60 59
f 124 61 60
f 124 59 65
f 124 125 61
f 128 94 93
f 128 93 127
f 123 64 63
f 123 65 64
f 123 68 67
f 123 63 68
f 123 124 65
f 103 94 128
f 122 67 66
f 122 66 73
f 122 123 67
f 104 82 83
f 104 94 103
f 104 83 94
f 121 73 72
f 121 122 73
f 105 81 82
f 105 82 104
f 120 121 72
f 71 120 72
f 106 81 105
f 119 120 71
f 80 81 106
f 70 119 71
f 118 119 70
f 69 117 118
f 69 118 70
f 79 114 115
f 79 115 116
f 79 116 117
f 79 117 69
f 75 74 80
f 75 106 107
f 75 107 108
f 75 80 106
f 78 112 113
f 78 113 114
f 78 114 79
f 76 108 109
f 76 75 108
f 77 112 78
f 77 109 110
f 77 110 111
f 77 111 112
f 77 76 109
f 145 204 192
f 145 146 204
f 147 204 146
f 148 203 204
f 148 204 147
f 154 192 191
f 154 145 192
f 149 203 148
f 150 203 149
f 151 203 150
f 190 155 154
f 190 156 155
f 190 157 156
f 190 154 191
f 152 202 203
f 152 203 151
f 153 202 152
f 143 202 153
f 189 157 190
f 189 158 157
f 189 159 158
f 189 160 159
f 189 161 160
f 144 202 143
f 144 201 202
f 135 201 144
f 142 135 144
f 200 201 135
f 188 161 189
f 188 162 161
f 188 163 162
f 188 164 163
f 136 200 135
f 166 165 164
f 199 200 136
f 187 164 188
f 187 166 164
f 137 199 136
f 198 199 137
f 186 167 166
f 186 166 187
f 138 198 137
f 197 198 138
f 185 168 167
f 185 167 186
f 139 197 138
f 184 169 168
f 184 168 185
f 140 196 197
f 140 197 139
f 183 170 169
f 183 169 184
f 141 195 196
f 141 196 140
f 171 170 183
f 182 171 183
f 134 194 195
f 134 195 141
f 172 171 182
f 181 172 182
f 132 134 131
f 132 193 194
f 132 194 134
f 173 172 181
f 133 193 132
f 129 193 133
f 180 173 181
f 175 173 180
f 175 174 173
f 130 129 133
f 179 175 180
f 179 176 175
f 178 176 179
f 178 177 176
f 215 213 212
f 215 214 213
f 215 208 214
f 216 209 208
f 216 210 209
f 216 208 215
f 217 211 210
f 217 210 216
f 218 207 211
f 218 211 217
f 219 207 218
f 220 207 219
f 206 220 221
f 206 221 205
f 206 207 220
f 238 230 229
f 237 229 228
f 237 238 229
f 236 228 227
f 236 237 228
f 235 227 226
f 235 236 227
f 234 226 225
f 234 235 226
f 233 224 223
f 233 225 224
f 233 234 225
f 232 223 222
f 232 233 223
f 231 232 222
f 249 247 248
f 250 246 247
f 250 247 249
f 254 246 250
f 253 245 246
f 253 246 254
f 252 244 245
f 252 245 253
f 251 242 243
f 251 243 244
f 251 244 252
f 255 239 240
f 255 240 241
f 255 241 242
f 255 242 251
f 259 256 258
f 260 256 259
f 257 256 260
f 264 261 263
f 265 261 264
f 262 261 265
f 303 306 302
f 303 319 306
f 281 280 279
f 304 318 319
f 304 319 303
f 278 281 279
f 305 317 318
f 305 318 304
f 282 281 278
f 295 317 305
f 296 317 295
f 316 317 296
f 277 283 282
f 277 282 278
f 297 316 296
f 298 316 297
f 299 316 298
f 300 316 299
f 301 316 300
f 315 316 301
f 315 301 294
f 276 284 283
f 276 291 292
f 276 292 293
f 276 293 284
f 276 283 277
f 275 291 276
f 275 286 287
f 275 287 288
f 275 288 289
f 275 289 290
f 275 290 291
f 274 315 294
f 274 285 286
f 274 286 275
f 274 294 285
f 273 315 274
f 273 313 314
f 273 314 315
f 272 313 273
f 271 313 272
f 271 312 313
f 270 310 311
f 270 311 312
f 270 312 271
f 269 310 270
f 269 309 310
f 268 309 269
f 267 307 308
f 267 308 309
f 267 309 268
f 266 307 267
f 320 321 322
f 324 320 322
f 323 324 322
f 347 345 346
f 336 337 338
f 336 338 339
f 335 339 340
f 335 336 339
f 334 340 341
f 334 335 340
f 333 334 341
f 332 341 342
f 332 333 341
f 369 344 345
f 369 345 347
f 370 369 347
f 368 343 344
f 368 344 369
f 371 370 347
f 371 347 348
f 331 332 342
f 367 343 368
f 367 331 342
f 367 342 343
f 372 371 348
f 349 372 348
f 366 331 367
f 373 372 349
f 391 331 366
f 374 373 349
f 330 331 391
f 390 330 391
f 329 330 390
f 375 374 349
f 328 329 390
f 389 328 390
f 327 328 389
f 350 375 349
f 350 376 375
f 326 327 389
f 326 389 388
f 377 376 350
f 325 326 388
f 365 325 388
f 365 388 387
f 364 365 387
f 363 364 387
f 362 387 386
f 362 363 387
f 361 362 386
f 351 377 350
f 351 378 377
f 351 379 378
f 351 380 379
f 360 361 386
f 359 360 386
f 358 386 385
f 358 359 386
f 357 358 385
f 356 385 384
f 356 357 385
f 352 381 380
f 352 380 351
f 355 384 383
f 355 356 384
f 353 382 381
f 353 381 352
f 354 383 382
f 354 355 383
f 354 382 353
f 395 393 392
f 395 392 394
f 396 393 395
f 406 413 414
f 407 406 414
f 408 414 415
f 408 407 414
f 409 408 415
f 410 415 416
f 410 409 415
f 420 418 419
f 400 420 421
f 400 418 420
f 411 416 417
f 411 410 416
f 412 411 417
f 399 405 412
f 399 417 418
f 399 418 400
f 399 412 417
f 398 405 399
f 397 405 398
f 403 397 401
f 403 401 402
f 403 405 397
f 404 405 403
f 423 453 454
f 423 454 455
f 423 455 422
f 451 452 453
f 444 453 423
f 444 423 443
f 442 443 423
f 445 451 453
f 445 453 444
f 441 423 424
f 441 442 423
f 446 450 451
f 446 451 445
f 447 450 446
f 448 450 447
f 440 441 424
f 449 450 448
f 434 440 424
f 439 440 434
f 435 424 425
f 435 434 424
f 436 425 426
f 436 435 425
f 437 426 427
f 437 436 426
f 438 427 428
f 438 437 427
f 433 428 429
f 433 429 430
f 433 430 431
f 433 431 432
f 433 438 428
f 458 467 468
f 465 466 467
f 465 467 458
f 464 465 458
f 462 458 456
f 461 463 457
f 460 462 456
f 459 460 456
f 469 482 471
f 479 469 472
f 479 472 473
f 479 473 474
f 479 474 476
f 478 475 477
f 480 482 469
f 481 470 479
f 498 495 496
f 498 496 497
f 500 489 491
f 503 492 494
f 499 493 495
f 499 495 498
f 488 490 501
f 485 487 499
f 484 486 502
f 505 499 504
f 505 483 499
f 509 512 513
f 509 510 512
f 508 513 514
f 508 509 513
f 507 514 515
f 507 508 514
f 506 515 511
f 506 507 515
f 517 529 530
f 518 517 516
f 518 528 529
f 518 529 517
f 519 527 528
f 519 528 518
f 520 527 519
f 521 526 527
f 521 527 520
f 524 525 526
f 524 526 521
f 522 524 521
f 523 524 522
f 531 538 532
f 533 537 538
f 533 538 531
f 534 536 537
f 534 537 533
f 535 536 534
f 539 545 540
f 541 544 545
f 541 545 539
f 543 544 541
f 542 543 541
f 552 547 548
f 552 548 549
f 550 546 547
f 550 547 552
f 551 550 552
f 558 553 554
f 558 554 555
f 558 555 556
f 557 553 558
f 559 565 566
f 559 566 560
f 561 564 565
f 561 565 559
f 563 561 562
f 563 564 561
f 571 576 577
f 571 577 570
f 572 575 576
f 572 576 571
f 573 568 575
f 573 575 572
f 574 568 573
f 567 574 569
f 567 568 574
f 590 579 578
f 590 578 589
f 591 580 579
f 591 579 590
f 592 581 580
f 592 582 581
f 592 580 591
f 593 583 582
f 593 582 592
f 594 584 583
f 594 585 584
f 594 583 593
f 595 586 585
f 595 585 594
f 588 587 586
f 588 586 595
f 614 597 615
f 613 598 614
f 612 599 613
f 611 600 612
f 625 608 609
f 625 609 615
f 625 615 597
f 626 607 608
f 626 608 625
f 626 625 597
f 627 606 607
f 627 626 597
f 627 607 626
f 628 605 606
f 628 606 627
f 628 627 597
f 629 604 605
f 629 628 597
f 629 605 628
f 630 597 596
f 630 596 603
f 630 603 604
f 630 604 629
f 630 629 597
f 631 597 614
f 631 614 598
f 632 597 631
f 632 631 598
f 633 597 632
f 633 632 598
f 634 633 598
f 634 597 633
f 635 597 634
f 635 634 598
f 636 598 597
f 636 635 598
f 636 597 635
f 637 598 613
f 637 613 599
f 638 637 599
f 638 598 637
f 639 638 599
f 639 598 638
f 640 639 599
f 640 598 639
f 641 640 599
f 641 598 640
f 642 599 598
f 642 641 599
f 642 598 641
f 643 599 612
f 643 612 600
f 644 643 600
f 644 599 643
f 645 644 600
f 645 599 644
f 646 645 600
f 646 599 645
f 647 646 600
f 647 599 646
f 648 600 599
f 648 647 600
f 648 599 647
f 649 600 611
f 650 600 649
f 651 600 650
f 652 600 651
f 653 600 652
f 654 601 600
f 654 600 653
f 655 611 610
f 655 649 611
f 655 650 649
f 655 651 650
f 656 651 655
f 656 652 651
f 657 652 656
f 657 653 652
f 657 654 653
f 658 601 654
f 658 654 657
f 659 610 616
f 659 655 610
f 660 616 617
f 660 659 616
f 660 655 659
f 661 617 618
f 661 655 660
f 661 660 617
f 662 618 619
f 662 656 655
f 662 655 661
f 662 661 618
f 663 602 601
f 663 619 620
f 663 620 621
f 663 621 622
f 663 622 623
f 663 623 624
f 663 624 602
f 663 656 662
f 663 657 656
f 663 601 658
f 663 658 657
f 663 662 619
f 672 673 679
f 671 679 678
f 671 672 679
f 670 678 677
f 670 671 678
f 669 677 676
f 669 670 677
f 668 676 675
f 668 669 676
f 667 675 674
f 667 668 675
f 666 674 665
f 666 667 674
f 664 666 665
f 689 688 684
f 685 689 684
f 696 683 682
f 696 693 694
f 696 694 695
f 696 695 683
f 697 686 690
f 697 690 691
f 697 691 692
f 697 692 693
f 697 693 696
f 697 696 682
f 698 682 681
f 698 687 686
f 698 686 697
f 698 697 682
f 699 687 698
f 699 698 681
f 700 681 680
f 700 687 699
f 700 699 681
f 701 680 684
f 701 688 687
f 701 700 680
f 701 684 688
f 701 687 700
f 714 719 720
f 714 720 716
f 715 718 719
f 715 719 714
f 703 702 724
f 704 703 724
f 705 704 724
f 706 705 724
f 707 706 724
f 708 707 724
f 709 724 710
f 709 708 724
f 725 717 718
f 725 721 717
f 725 718 715
f 726 725 715
f 727 715 713
f 727 726 715
f 728 721 725
f 729 728 725
f 730 729 725
f 731 730 725
f 732 725 726
f 732 731 725
f 733 713 712
f 733 732 726
f 733 726 727
f 733 727 713
f 734 722 721
f 734 728 729
f 734 721 728
f 734 730 731
f 734 729 730
f 735 734 731
f 735 731 732
f 736 732 733
f 736 733 712
f 736 735 732
f 737 722 734
f 738 737 734
f 739 738 734
f 740 739 734
f 741 734 735
f 741 740 734
f 742 712 711
f 742 735 736
f 742 736 712
f 742 741 735
f 743 723 722
f 743 722 737
f 743 737 738
f 743 738 739
f 743 739 740
f 744 740 741
f 744 743 740
f 745 744 741
f 745 742 711
f 745 741 742
f 746 723 743
f 747 746 743
f 748 747 743
f 749 748 743
f 750 749 743
f 750 744 745
f 750 743 744
f 751 750 745
f 751 745 711
f 751 711 710
f 752 723 746
f 752 746 747
f 752 747 748
f 752 748 749
f 752 724 723
f 753 752 749
f 753 749 750
f 753 724 752
f 754 753 750
f 754 750 751
f 754 751 710
f 754 724 753
f 754 710 724
f 775 762 761
f 775 763 762
f 775 764 763
f 775 765 764
f 775 766 765
f 776 775 761
f 776 757 775
f 777 758 757
f 777 759 758
f 777 760 759
f 777 761 760
f 777 776 761
f 777 757 776
f 778 757 756
f 778 766 775
f 778 775 757
f 779 778 756
f 779 766 778
f 780 767 766
f 780 766 779
f 780 779 756
f 781 768 767
f 781 772 773
f 781 773 774
f 781 774 768
f 782 772 781
f 782 781 767
f 783 756 755
f 783 755 769
f 783 769 770
f 783 770 771
f 783 771 772
f 783 780 756
f 783 767 780
f 783 782 767
f 783 772 782
f 785 784 798
f 794 793 795
f 804 798 799
f 804 785 798
f 805 799 800
f 805 804 799
f 806 800 801
f 806 805 800
f 807 801 802
f 807 806 801
f 808 802 803
f 808 807 802
f 809 786 785
f 809 787 786
f 809 788 787
f 809 785 804
f 810 797 796
f 810 803 797
f 810 808 803
f 811 789 788
f 811 804 805
f 811 788 809
f 811 809 804
f 812 790 789
f 812 805 806
f 812 811 805
f 812 789 811
f 813 791 790
f 813 806 807
f 813 790 812
f 813 812 806
f 814 792 791
f 814 813 807
f 814 807 808
f 814 791 813
f 815 793 792
f 815 796 795
f 815 810 796
f 815 808 810
f 815 795 793
f 815 792 814
f 815 814 808
f 825 833 826
f 817 816 835
f 836 827 828
f 836 834 827
f 837 828 829
f 837 836 828
f 838 829 830
f 838 837 829
f 839 830 831
f 839 838 830
f 840 831 832
f 840 839 831
f 841 832 833
f 841 833 825
f 841 840 832
f 842 835 834
f 842 834 836
f 842 817 835
f 843 818 817
f 843 836 837
f 843 817 842
f 843 842 836
f 844 819 818
f 844 843 837
f 844 837 838
f 844 818 843
f 845 820 819
f 845 838 839
f 845 844 838
f 845 819 844
f 846 821 820
f 846 839 840
f 846 820 845
f 846 845 839
f 847 822 821
f 847 823 822
f 847 824 823
f 847 825 824
f 847 841 825
f 847 840 841
f 847 846 840
f 847 821 846
f 858 856 855
f 858 857 856
f 849 851 850
f 849 852 851
f 865 859 858
f 864 865 858
f 860 861 849
f 848 860 849
f 866 853 852
f 866 854 853
f 866 855 854
f 866 861 862
f 866 862 863
f 866 863 864
f 866 858 855
f 866 852 849
f 866 864 858
f 866 849 861
f 868 867 880
f 868 880 881
f 878 884 885
f 878 885 879
f 871 870 869
f 875 874 877
f 876 875 877
f 886 881 882
f 886 882 883
f 886 883 884
f 886 868 881
f 886 884 878
f 887 869 868
f 887 878 877
f 887 868 886
f 887 886 878
f 888 872 871
f 888 873 872
f 888 874 873
f 888 869 887
f 888 887 877
f 888 871 869
f 888 877 874
f 913 894 893
f 914 899 898
f 914 900 899
f 914 901 900
f 914 902 901
f 914 903 902
f 914 913 903
f 914 894 913
f 915 914 898
f 915 894 914
f 916 895 894
f 916 896 895
f 916 897 896
f 916 898 897
f 916 915 898
f 916 894 915
f 917 903 913
f 917 913 893
f 918 893 892
f 918 904 903
f 918 903 917
f 918 917 893
f 919 904 918
f 919 918 892
f 920 892 891
f 920 904 919
f 920 919 892
f 921 905 904
f 921 920 891
f 921 904 920
f 922 891 890
f 922 906 905
f 922 921 891
f 922 905 921
f 923 922 890
f 923 906 922
f 924 907 906
f 924 911 912
f 924 912 907
f 925 910 911
f 925 924 906
f 925 911 924
f 926 890 889
f 926 889 908
f 926 908 909
f 926 909 910
f 926 910 925
f 926 923 890
f 926 906 923
f 926 925 906
f 936 935 934
f 942 934 933
f 942 936 934
f 941 933 932
f 941 942 933
f 940 932 931
f 940 941 932
f 939 931 930
f 939 940 931
f 938 930 929
f 938 939 930
f 937 929 928
f 937 938 929
f 927 937 928
f 954 951 955
f 953 952 951
f 953 951 954
f 956 943 944
f 956 944 945
f 956 945 946
f 956 946 947
f 956 951 943
f 956 955 951
f 957 956 947
f 957 955 956
f 958 947 948
f 958 948 949
f 958 949 950
f 958 950 955
f 958 957 947
f 958 955 957
f 960 966 965
f 960 965 959
f 961 967 966
f 961 968 967
f 961 966 960
f 962 968 961
f 963 964 968
f 963 968 962
f 970 980 979
f 970 979 969
f 971 981 980
f 971 980 970
f 972 982 981
f 972 981 971
f 973 983 982
f 973 982 972
f 974 984 983
f 974 983 973
f 975 985 984
f 975 984 974
f 976 978 985
f 976 985 975
f 977 978 976
f 1019 1005 1004
f 1019 1006 1005
f 1007 1006 1019
f 1002 1003 1010
f 987 1011 986
f 992 994 991
f 993 994 992
f 1020 1008 1007
f 1020 1009 1008
f 1020 1010 1009
f 1020 1019 1018
f 1020 1007 1019
f 1020 1002 1010
f 1021 1001 1002
f 1021 1018 1017
f 1021 1020 1018
f 1021 1002 1020
f 1022 1021 1017
f 1022 1001 1021
f 1023 1000 1001
f 1023 1001 1022
f 1023 1022 1017
f 1024 999 1000
f 1024 1017 1016
f 1024 1023 1017
f 1024 1000 1023
f 1025 1024 1016
f 1025 999 1024
f 1026 998 999
f 1026 1016 1015
f 1026 999 1025
f 1026 1025 1016
f 1027 998 1026
f 1027 1026 1015
f 1028 997 998
f 1028 1015 1014
f 1028 998 1027
f 1028 1027 1015
f 1029 1028 1014
f 1029 997 1028
f 1030 996 997
f 1030 1014 1013
f 1030 997 1029
f 1030 1029 1014
f 1031 996 1030
f 1031 1030 1013
f 1032 995 996
f 1032 1013 1012
f 1032 1031 1013
f 1032 996 1031
f 1033 995 1032
f 1033 1032 1012
f 1034 994 995
f 1034 1012 1011
f 1034 1033 1012
f 1034 995 1033
f 1035 991 994
f 1035 987 988
f 1035 988 989
f 1035 989 990
f 1035 990 991
f 1035 994 1034
f 1035 1034 1011
f 1035 1011 987
f 1044 1042 1043
f 1051 1041 1042
f 1051 1042 1044
f 1050 1040 1041
f 1050 1041 1051
f 1049 1039 1040
f 1049 1040 1050
f 1048 1038 1039
f 1048 1039 1049
f 1047 1037 1038
f 1047 1038 1048
f 1046 1036 1037
f 1046 1037 1047
f 1045 1036 1046
f 1067 1058 1059
f 1067 1059 1060
f 1066 1057 1058
f 1066 1058 1067
f 1065 1056 1057
f 1065 1057 1066
f 1064 1054 1055
f 1064 1055 1056
f 1064 1056 1065
f 1063 1053 1054
f 1063 1054 1064
f 1062 1052 1053
f 1062 1053 1063
f 1061 1052 1062
f 1093 1072 1073
f 1093 1073 1074
f 1093 1074 1075
f 1093 1075 1079
f 1094 1093 1079
f 1094 1072 1093
f 1095 1068 1069
f 1095 1069 1070
f 1095 1070 1071
f 1095 1071 1072
f 1095 1090 1068
f 1095 1072 1094
f 1095 1094 1079
f 1096 1090 1095
f 1096 1095 1079
f 1097 1079 1078
f 1097 1096 1079
f 1097 1090 1096
f 1098 1078 1077
f 1098 1091 1090
f 1098 1097 1078
f 1098 1090 1097
f 1099 1091 1098
f 1099 1098 1077
f 1100 1092 1091
f 1100 1091 1099
f 1100 1099 1077
f 1101 1077 1076
f 1101 1084 1083
f 1101 1085 1084
f 1101 1086 1085
f 1101 1076 1086
f 1101 1092 1100
f 1101 1100 1077
f 1102 1101 1083
f 1102 1092 1101
f 1103 1081 1080
f 1103 1082 1081
f 1103 1083 1082
f 1103 1088 1087
f 1103 1089 1088
f 1103 1080 1089
f 1103 1087 1092
f 1103 1092 1102
f 1103 1102 1083
f 1109 1105 1104
f 1108 1104 1106
f 1108 1109 1104
f 1107 1108 1106
f 1116 1119 1118
f 1115 1120 1119
f 1115 1121 1120
f 1115 1119 1116
f 1114 1122 1121
f 1114 1123 1122
f 1114 1121 1115
f 1113 1124 1123
f 1113 1117 1124
f 1113 1123 1114
f 1112 1117 1113
f 1111 1117 1112
f 1110 1117 1111
f 1153 1129 1130
f 1153 1130 1131
f 1153 1131 1132
f 1153 1132 1139
f 1154 1125 1126
f 1154 1126 1127
f 1154 1127 1128
f 1154 1128 1129
f 1154 1146 1125
f 1154 1129 1153
f 1154 1153 1139
f 1155 1154 1139
f 1155 1146 1154
f 1156 1139 1138
f 1156 1147 1146
f 1156 1155 1139
f 1156 1146 1155
f 1157 1156 1138
f 1157 1147 1156
f 1158 1138 1137
f 1158 1148 1147
f 1158 1157 1138
f 1158 1147 1157
f 1159 1158 1137
f 1159 1148 1158
f 1160 1137 1136
f 1160 1149 1148
f 1160 1148 1159
f 1160 1159 1137
f 1161 1149 1160
f 1161 1160 1136
f 1162 1136 1135
f 1162 1150 1149
f 1162 1161 1136
f 1162 1149 1161
f 1163 1162 1135
f 1163 1150 1162
f 1164 1135 1134
f 1164 1151 1150
f 1164 1150 1163
f 1164 1163 1135
f 1165 1151 1164
f 1165 1164 1134
f 1166 1134 1133
f 1166 1152 1151
f 1166 1151 1165
f 1166 1165 1134
f 1167 1141 1140
f 1167 1142 1141
f 1167 1143 1142
f 1167 1144 1143
f 1167 1145 1144
f 1167 1133 1145
f 1167 1140 1152
f 1167 1166 1133
f 1167 1152 1166
f 1170 1169 1168
f 1171 1189 1169
f 1171 1169 1170
f 1172 1189 1171
f 1173 1189 1172
f 1174 1189 1173
f 1175 1189 1174
f 1176 1189 1175
f 1177 1189 1176
f 1178 1188 1189
f 1178 1189 1177
f 1179 1187 1188
f 1179 1188 1178
f 1180 1186 1187
f 1180 1187 1179
f 1181 1185 1186
f 1181 1186 1180
f 1182 1184 1185
f 1182 1185 1181
f 1183 1184 1182
f 1224 1227 1190
f 1194 1223 1226
f 1193 1225 1191
f 1220 1192 1195
f 1221 1222 1193
f 1196 1220 1195
f 1219 1221 1197
f 1199 1219 1197
f 1216 1218 1198
f 1200 1217 1199
f 1215 1217 1200
f 1202 1215 1200
f 1213 1214 1201
f 1203 1213 1201
f 1212 1204 1206
f 1210 1213 1203
f 1207 1210 1205
f 1209 1211 1208
f 1230 1231 1232
f 1228 1232 1233
f 1228 1233 1229
f 1228 1230 1232
f 1234 1238 1235
f 1236 1238 1234
f 1237 1238 1236
f 1248 1247 1252
f 1248 1252 1253
f 1248 1253 1254
f 1249 1254 1255
f 1249 1255 1256
f 1249 1248 1254
f 1250 1256 1257
f 1250 1249 1256
f 1251 1257 1258
f 1251 1250 1257
f 1261 1259 1260
f 1263 1261 1262
f 1242 1259 1261
f 1242 1261 1263
f 1241 1259 1242
f 1244 1245 1246
f 1240 1246 1251
f 1240 1258 1259
f 1240 1251 1258
f 1240 1259 1241
f 1239 1243 1244
f 1239 1244 1246
f 1239 1246 1240
f 1269 1270 1271
f 1269 1271 1272
f 1269 1272 1273
f 1268 1273 1274
f 1268 1274 1280
f 1268 1269 1273
f 1267 1280 1279
f 1267 1268 1280
f 1266 1267 1279
f 1278 1266 1279
f 1265 1266 1278
f 1277 1265 1278
f 1264 1265 1277
f 1289 1297 1264
f 1289 1264 1277
f 1290 1277 1276
f 1290 1289 1277
f 1291 1290 1276
f 1292 1291 1276
f 1293 1292 1276
f 1283 1276 1275
f 1282 1276 1283
f 1281 1294 1293
f 1281 1293 1276
f 1281 1276 1282
f 1286 1287 1288
f 1286 1296 1295
f 1286 1288 1296
f 1285 1295 1294
f 1285 1294 1281
f 1285 1286 1295
f 1284 1285 1281
f 1308 1299 1298
f 1306 1298 1300
f 1306 1308 1298
f 1307 1308 1306
f 1301 1306 1300
f 1305 1301 1302
f 1305 1302 1303
f 1305 1303 1304
f 1305 1306 1301
f 1313 1309 1310
f 1313 1312 1309
f 1314 1313 1310
f 1311 1314 1310
f 1315 1317 1318
f 1315 1318 1319
f 1323 1316 1320
f 1325 1316 1323
f 1326 1324 1322
f 1328 1321 1330
f 1327 1322 1329
f 1327 1326 1322
f 1354 1352 1351
f 1354 1353 1352
f 1339 1334 1332
f 1341 1345 1344
f 1342 1348 1346
f 1340 1350 1347
f 1338 1351 1349
f 1337 1343 1333
f 1338 1354 1351
f 1335 1338 1331
f 1336 1338 1335
f 1360 1359 1358
f 1361 1358 1357
f 1361 1360 1358
f 1362 1357 1356
f 1362 1361 1357
f 1363 1356 1355
f 1363 1362 1356
f 1364 1363 1355
f 1365 1372 1371
f 1366 1371 1370
f 1366 1365 1371
f 1367 1370 1369
f 1367 1366 1370
f 1368 1367 1369
f 1373 1379 1378
f 1374 1378 1377
f 1374 1373 1378
f 1376 1374 1377
f 1375 1374 1376
f 1382 1384 1383
f 1380 1382 1381
f 1380 1385 1384
f 1380 1386 1385
f 1380 1384 1382
f 1387 1389 1388
f 1387 1390 1389
f 1387 1391 1390
f 1387 1392 1391
f 1393 1399 1398
f 1393 1400 1399
f 1394 1398 1397
f 1394 1393 1398
f 1396 1395 1394
f 1396 1394 1397
f 1405 1407 1406
f 1405 1408 1407
f 1404 1409 1408
f 1404 1408 1405
f 1403 1410 1409
f 1403 1409 1404
f 1402 1411 1410
f 1402 1410 1403
f 1401 1411 1402
f 1419 1429 1420
f 1418 1428 1429
f 1418 1429 1419
f 1417 1426 1427
f 1417 1427 1428
f 1417 1428 1418
f 1416 1425 1426
f 1416 1426 1417
f 1415 1423 1424
f 1415 1424 1425
f 1415 1425 1416
f 1414 1422 1423
f 1414 1423 1415
f 1413 1421 1422
f 1413 1422 1414
f 1412 1421 1413
f 1446 1447 1432
f 1445 1446 1433
f 1444 1445 1434
f 1437 1435 1436
f 1438 1435 1437
f 1439 1435 1438
f 1440 1435 1439
f 1441 1435 1440
f 1442 1435 1441
f 1443 1444 1435
f 1443 1435 1442
f 1459 1452 1430
f 1459 1453 1452
f 1460 1454 1453
f 1460 1459 1430
f 1460 1453 1459
f 1461 1455 1454
f 1461 1460 1430
f 1461 1454 1460
f 1462 1456 1455
f 1462 1461 1430
f 1462 1455 1461
f 1463 1448 1449
f 1463 1449 1450
f 1463 1450 1451
f 1463 1457 1456
f 1463 1458 1457
f 1463 1451 1458
f 1463 1456 1462
f 1463 1462 1430
f 1464 1430 1431
f 1465 1430 1464
f 1466 1430 1465
f 1467 1430 1466
f 1467 1463 1430
f 1467 1448 1463
f 1468 1464 1431
f 1469 1464 1468
f 1470 1464 1469
f 1471 1466 1465
f 1471 1464 1470
f 1471 1465 1464
f 1472 1466 1471
f 1473 1447 1448
f 1473 1448 1467
f 1473 1467 1466
f 1473 1466 1472
f 1474 1431 1432
f 1474 1470 1469
f 1474 1469 1468
f 1474 1468 1431
f 1475 1474 1432
f 1475 1470 1474
f 1475 1471 1470
f 1476 1475 1432
f 1476 1471 1475
f 1476 1472 1471
f 1476 1473 1472
f 1477 1476 1432
f 1477 1473 1476
f 1477 1432 1447
f 1477 1447 1473
f 1478 1432 1433
f 1479 1432 1478
f 1479 1478 1433
f 1480 1432 1479
f 1480 1479 1433
f 1481 1432 1480
f 1481 1480 1433
f 1481 1433 1446
f 1481 1446 1432
f 1482 1433 1434
f 1483 1433 1482
f 1483 1482 1434
f 1484 1433 1483
f 1484 1483 1434
f 1485 1433 1484
f 1485 1484 1434
f 1486 1433 1485
f 1486 1485 1434
f 1486 1434 1445
f 1486 1445 1433
f 1487 1434 1435
f 1488 1434 1487
f 1488 1487 1435
f 1489 1434 1488
f 1489 1488 1435
f 1490 1434 1489
f 1490 1489 1435
f 1491 1434 1490
f 1491 1490 1435
f 1491 1444 1434
f 1491 1435 1444
f 1499 1500 1501
f 1499 1501 1502
f 1498 1502 1503
f 1498 1499 1502
f 1497 1503 1504
f 1497 1504 1505
f 1497 1498 1503
f 1496 1505 1506
f 1496 1497 1505
f 1495 1506 1507
f 1495 1496 1506
f 1494 1507 1492
f 1494 1495 1507
f 1493 1494 1492
f 1521 1523 1520
f 1522 1523 1521
f 1524 1513 1512
f 1524 1514 1513
f 1524 1515 1514
f 1524 1516 1515
f 1525 1510 1511
f 1525 1517 1516
f 1525 1518 1517
f 1525 1511 1518
f 1525 1516 1524
f 1525 1524 1510
f 1526 1509 1510
f 1526 1512 1519
f 1526 1524 1512
f 1526 1510 1524
f 1527 1509 1526
f 1527 1526 1519
f 1528 1508 1509
f 1528 1527 1519
f 1528 1509 1527
f 1529 1519 1520
f 1529 1523 1508
f 1529 1528 1519
f 1529 1508 1528
f 1529 1520 1523
f 1536 1532 1531
f 1536 1533 1532
f 1536 1537 1533
f 1535 1531 1530
f 1535 1536 1531
f 1534 1535 1530
f 1541 1542 1552
f 1545 1544 1549
f 1548 1546 1545
f 1548 1545 1549
f 1547 1546 1548
f 1561 1542 1543
f 1561 1543 1555
f 1561 1552 1542
f 1562 1555 1556
f 1562 1552 1561
f 1562 1561 1555
f 1563 1556 1557
f 1563 1562 1556
f 1563 1552 1562
f 1564 1557 1558
f 1564 1552 1563
f 1564 1563 1557
f 1565 1558 1559
f 1565 1564 1558
f 1565 1552 1564
f 1566 1551 1552
f 1566 1559 1560
f 1566 1560 1551
f 1566 1552 1565
f 1566 1565 1559
f 1567 1541 1552
f 1568 1567 1552
f 1569 1568 1552
f 1570 1569 1552
f 1571 1570 1552
f 1572 1552 1553
f 1572 1571 1552
f 1573 1540 1541
f 1573 1541 1567
f 1573 1568 1569
f 1573 1567 1568
f 1573 1569 1570
f 1574 1570 1571
f 1574 1573 1570
f 1575 1572 1553
f 1575 1571 1572
f 1575 1574 1571
f 1576 1540 1573
f 1577 1576 1573
f 1578 1577 1573
f 1579 1578 1573
f 1580 1573 1574
f 1580 1579 1573
f 1581 1580 1574
f 1581 1553 1554
f 1581 1575 1553
f 1581 1574 1575
f 1582 1539 1540
f 1582 1540 1576
f 1582 1576 1577
f 1582 1577 1578
f 1582 1578 1579
f 1583 1579 1580
f 1583 1582 1579
f 1584 1581 1554
f 1584 1583 1580
f 1584 1580 1581
f 1585 1539 1582
f 1586 1585 1582
f 1587 1586 1582
f 1588 1587 1582
f 1589 1582 1583
f 1589 1588 1582
f 1590 1583 1584
f 1590 1554 1550
f 1590 1589 1583
f 1590 1584 1554
f 1591 1538 1539
f 1591 1544 1538
f 1591 1586 1587
f 1591 1539 1585
f 1591 1585 1586
f 1591 1587 1588
f 1591 1549 1544
f 1592 1549 1591
f 1592 1588 1589
f 1592 1591 1588
f 1593 1550 1549
f 1593 1590 1550
f 1593 1589 1590
f 1593 1549 1592
f 1593 1592 1589
f 1614 1598 1599
f 1614 1599 1600
f 1614 1600 1601
f 1614 1607 1598
f 1615 1607 1614
f 1615 1614 1601
f 1616 1594 1595
f 1616 1601 1602
f 1616 1602 1603
f 1616 1603 1604
f 1616 1604 1594
f 1616 1607 1615
f 1616 1615 1601
f 1617 1606 1607
f 1617 1616 1595
f 1617 1607 1616
f 1618 1617 1595
f 1618 1606 1617
f 1619 1595 1596
f 1619 1618 1595
f 1619 1606 1618
f 1620 1605 1606
f 1620 1608 1605
f 1620 1609 1608
f 1620 1610 1609
f 1620 1611 1610
f 1620 1606 1619
f 1620 1619 1596
f 1621 1611 1620
f 1621 1620 1596
f 1622 1596 1597
f 1622 1612 1611
f 1622 1613 1612
f 1622 1597 1613
f 1622 1621 1596
f 1622 1611 1621
f 1624 1633 1623
f 1637 1634 1635
f 1643 1627 1628
f 1643 1636 1627
f 1644 1628 1629
f 1644 1643 1628
f 1645 1629 1630
f 1645 1644 1629
f 1646 1630 1631
f 1646 1645 1630
f 1647 1631 1632
f 1647 1646 1631
f 1648 1635 1636
f 1648 1638 1637
f 1648 1636 1643
f 1648 1637 1635
f 1649 1632 1633
f 1649 1647 1632
f 1649 1633 1624
f 1650 1639 1638
f 1650 1638 1648
f 1650 1648 1643
f 1650 1643 1644
f 1651 1640 1639
f 1651 1650 1644
f 1651 1639 1650
f 1651 1644 1645
f 1652 1641 1640
f 1652 1645 1646
f 1652 1651 1645
f 1652 1640 1651
f 1653 1642 1641
f 1653 1641 1652
f 1653 1646 1647
f 1653 1652 1646
f 1654 1624 1625
f 1654 1625 1626
f 1654 1626 1642
f 1654 1642 1653
f 1654 1649 1624
f 1654 1647 1649
f 1654 1653 1647
f 1657 1658 1669
f 1665 1664 1668
f 1675 1657 1669
f 1676 1669 1670
f 1676 1675 1669
f 1677 1670 1671
f 1677 1676 1670
f 1678 1671 1672
f 1678 1677 1671
f 1679 1672 1673
f 1679 1678 1672
f 1680 1666 1667
f 1680 1673 1674
f 1680 1674 1666
f 1680 1679 1673
f 1681 1655 1656
f 1681 1656 1657
f 1681 1659 1655
f 1681 1657 1675
f 1682 1660 1659
f 1682 1659 1681
f 1682 1675 1676
f 1682 1681 1675
f 1683 1661 1660
f 1683 1676 1677
f 1683 1660 1682
f 1683 1682 1676
f 1684 1662 1661
f 1684 1683 1677
f 1684 1677 1678
f 1684 1661 1683
f 1685 1663 1662
f 1685 1678 1679
f 1685 1662 1684
f 1685 1684 1678
f 1686 1664 1663
f 1686 1667 1668
f 1686 1679 1680
f 1686 1680 1667
f 1686 1663 1685
f 1686 1685 1679
f 1686 1668 1664
f 1698 1690 1691
f 1698 1691 1692
f 1688 1695 1696
f 1688 1696 1687
f 1699 1697 1698
f 1700 1699 1698
f 1704 1703 1688
f 1689 1704 1688
f 1705 1692 1693
f 1705 1693 1694
f 1705 1694 1695
f 1705 1701 1700
f 1705 1702 1701
f 1705 1703 1702
f 1705 1695 1688
f 1705 1698 1692
f 1705 1700 1698
f 1705 1688 1703
f 1708 1724 1723
f 1708 1709 1724
f 1717 1719 1716
f 1717 1720 1719
f 1715 1706 1707
f 1714 1715 1707
f 1710 1711 1718
f 1725 1721 1720
f 1725 1722 1721
f 1725 1723 1722
f 1725 1720 1717
f 1725 1708 1723
f 1726 1707 1708
f 1726 1717 1718
f 1726 1708 1725
f 1726 1725 1717
f 1727 1711 1712
f 1727 1712 1713
f 1727 1713 1714
f 1727 1726 1718
f 1727 1707 1726
f 1727 1714 1707
f 1727 1718 1711
f 1752 1745 1746
f 1753 1734 1735
f 1753 1735 1736
f 1753 1736 1737
f 1753 1746 1734
f 1754 1753 1737
f 1754 1746 1753
f 1755 1728 1729
f 1755 1737 1738
f 1755 1738 1739
f 1755 1739 1740
f 1755 1740 1728
f 1755 1754 1737
f 1755 1729 1752
f 1755 1752 1746
f 1755 1746 1754
f 1756 1752 1729
f 1756 1745 1752
f 1757 1729 1730
f 1757 1744 1745
f 1757 1756 1729
f 1757 1745 1756
f 1758 1757 1730
f 1758 1744 1757
f 1759 1743 1744
f 1759 1758 1730
f 1759 1744 1758
f 1760 1730 1731
f 1760 1743 1759
f 1760 1759 1730
f 1761 1731 1732
f 1761 1742 1743
f 1761 1743 1760
f 1761 1760 1731
f 1762 1761 1732
f 1762 1742 1761
f 1763 1741 1742
f 1763 1747 1741
f 1763 1748 1747
f 1763 1749 1748
f 1763 1742 1762
f 1763 1762 1732
f 1764 1750 1749
f 1764 1763 1732
f 1764 1749 1763
f 1765 1732 1733
f 1765 1751 1750
f 1765 1733 1751
f 1765 1764 1732
f 1765 1750 1764
f 1776 1768 1769
f 1776 1775 1768
f 1777 1769 1770
f 1777 1776 1769
f 1778 1770 1771
f 1778 1777 1770
f 1779 1771 1772
f 1779 1778 1771
f 1780 1772 1773
f 1780 1779 1772
f 1781 1773 1774
f 1781 1780 1773
f 1767 1774 1766
f 1767 1781 1774
f 1785 1793 1794
f 1782 1793 1785
f 1783 1782 1785
f 1795 1790 1789
f 1795 1791 1790
f 1795 1792 1791
f 1795 1794 1792
f 1796 1794 1795
f 1796 1795 1789
f 1797 1784 1785
f 1797 1786 1784
f 1797 1787 1786
f 1797 1788 1787
f 1797 1789 1788
f 1797 1796 1789
f 1797 1785 1794
f 1797 1794 1796
f 1799 1816 1817
f 1799 1817 1798
f 1810 1811 1812
f 1802 1800 1801
f 1808 1800 1802
f 1803 1809 1804
f 1818 1812 1813
f 1818 1813 1814
f 1818 1814 1815
f 1818 1815 1816
f 1818 1816 1799
f 1818 1810 1812
f 1819 1799 1800
f 1819 1809 1810
f 1819 1818 1799
f 1819 1810 1818
f 1820 1805 1804
f 1820 1806 1805
f 1820 1807 1806
f 1820 1808 1807
f 1820 1809 1819
f 1820 1819 1800
f 1820 1800 1808
f 1820 1804 1809
f 1830 1822 1821
f 1830 1821 1828
f 1830 1828 1829
f 1831 1823 1822
f 1831 1822 1830
f 1832 1824 1823
f 1832 1823 1831
f 1833 1825 1824
f 1833 1824 1832
f 1834 1826 1825
f 1834 1825 1833
f 1835 1827 1826
f 1835 1826 1834
f 1839 1838 1844
f 1845 1839 1844
f 1846 1840 1839
f 1846 1839 1845
f 1847 1841 1840
f 1847 1840 1846
f 1848 1842 1841
f 1848 1841 1847
f 1849 1843 1842
f 1849 1842 1848
f 1850 1843 1849
f 1851 1837 1843
f 1851 1843 1850
f 1836 1837 1851
f 1858 1865 1866
f 1857 1864 1865
f 1857 1865 1858
f 1856 1863 1864
f 1856 1864 1857
f 1855 1862 1863
f 1855 1863 1856
f 1854 1861 1862
f 1854 1862 1855
f 1853 1860 1861
f 1853 1861 1854
f 1852 1859 1860
f 1852 1860 1853
f 1876 1870 1869
f 1877 1871 1870
f 1877 1870 1876
f 1878 1872 1871
f 1878 1871 1877
f 1879 1873 1872
f 1879 1872 1878
f 1880 1874 1873
f 1880 1873 1879
f 1881 1875 1874
f 1881 1874 1880
f 1867 1868 1875
f 1867 1875 1881
f 1882 1867 1881
f 1889 1896 1897
f 1888 1895 1896
f 1888 1896 1889
f 1887 1894 1895
f 1887 1895 1888
f 1886 1893 1894
f 1886 1894 1887
f 1885 1892 1893
f 1885 1893 1886
f 1884 1891 1892
f 1884 1892 1885
f 1883 1890 1891
f 1883 1891 1884
f 1907 1901 1900
f 1908 1902 1901
f 1908 1901 1907
f 1909 1903 1902
f 1909 1902 1908
f 1910 1904 1903
f 1910 1903 1909
f 1911 1905 1904
f 1911 1904 1910
f 1912 1906 1905
f 1912 1905 1911
f 1898 1899 1906
f 1898 1906 1912
f 1913 1898 1912
f 1923 1920 1921
f 1923 1921 1922
f 1924 1919 1920
f 1924 1920 1923
f 1925 1918 1919
f 1925 1919 1924
f 1926 1917 1918
f 1926 1918 1925
f 1927 1916 1917
f 1927 1917 1926
f 1928 1915 1916
f 1928 1916 1927
f 1929 1914 1915
f 1929 1915 1928
f 1931 1962 1930
f 1955 1956 1957
f 1955 1957 1958
f 1955 1958 1959
f 1946 1938 1939
f 1945 1938 1946
f 1940 1947 1941
f 1963 1954 1955
f 1963 1959 1960
f 1963 1960 1961
f 1963 1961 1962
f 1963 1955 1959
f 1963 1962 1931
f 1964 1931 1932
f 1964 1953 1954
f 1964 1963 1931
f 1964 1954 1963
f 1965 1953 1964
f 1965 1964 1932
f 1966 1932 1933
f 1966 1952 1953
f 1966 1953 1965
f 1966 1965 1932
f 1967 1933 1934
f 1967 1952 1966
f 1967 1966 1933
f 1968 1952 1967
f 1968 1967 1934
f 1969 1934 1935
f 1969 1951 1952
f 1969 1968 1934
f 1969 1952 1968
f 1970 1950 1951
f 1970 1969 1935
f 1970 1951 1969
f 1971 1970 1935
f 1971 1950 1970
f 1972 1935 1936
f 1972 1949 1950
f 1972 1971 1935
f 1972 1950 1971
f 1973 1949 1972
f 1973 1972 1936
f 1974 1936 1937
f 1974 1948 1949
f 1974 1949 1973
f 1974 1973 1936
f 1975 1947 1948
f 1975 1974 1937
f 1975 1948 1974
f 1976 1937 1938
f 1976 1947 1975
f 1976 1975 1937
f 1977 1941 1947
f 1977 1947 1976
f 1977 1942 1941
f 1977 1943 1942
f 1977 1944 1943
f 1977 1945 1944
f 1977 1976 1938
f 1977 1938 1945
f 1987 1979 1978
f 1987 1978 1986
f 1988 1980 1979
f 1988 1979 1987
f 1989 1981 1980
f 1989 1980 1988
f 1990 1982 1981
f 1990 1981 1989
f 1991 1983 1982
f 1991 1982 1990
f 1992 1984 1983
f 1992 1983 1991
f 1993 1985 1984
f 1993 1984 1992
f 2003 1995 1994
f 2003 1994 2002
f 2004 1996 1995
f 2004 1995 2003
f 2005 1997 1996
f 2005 1998 1997
f 2005 1996 2004
f 2006 1999 1998
f 2006 1998 2005
f 2007 2000 1999
f 2007 1999 2006
f 2008 2001 2000
f 2008 2000 2007
f 2009 2001 2008
f 2035 2011 2010
f 2035 2012 2011
f 2035 2013 2012
f 2035 2014 2013
f 2035 2010 2018
f 2036 2014 2035
f 2036 2035 2034
f 2037 2015 2014
f 2037 2016 2015
f 2037 2017 2016
f 2037 2034 2017
f 2037 2014 2036
f 2037 2036 2034
f 2038 2035 2018
f 2038 2034 2035
f 2039 2033 2034
f 2039 2034 2038
f 2039 2038 2018
f 2040 2018 2019
f 2040 2032 2033
f 2040 2039 2018
f 2040 2033 2039
f 2041 2032 2040
f 2041 2040 2019
f 2042 2019 2020
f 2042 2041 2019
f 2042 2032 2041
f 2043 2020 2021
f 2043 2021 2022
f 2043 2022 2023
f 2043 2023 2024
f 2043 2024 2025
f 2043 2025 2026
f 2043 2026 2027
f 2044 2020 2043
f 2044 2043 2027
f 2045 2027 2028
f 2045 2028 2029
f 2045 2029 2030
f 2045 2030 2031
f 2045 2031 2032
f 2045 2032 2042
f 2045 2042 2020
f 2045 2044 2027
f 2045 2020 2044
f 2057 2047 2046
f 2057 2046 2048
f 2058 2048 2049
f 2058 2049 2050
f 2058 2057 2048
f 2059 2050 2051
f 2059 2058 2050
f 2060 2051 2052
f 2060 2059 2051
f 2061 2052 2053
f 2061 2060 2052
f 2062 2053 2054
f 2062 2061 2053
f 2056 2054 2055
f 2056 2062 2054
f 2064 2077 2063
f 2065 2077 2064
f 2066 2075 2076
f 2066 2076 2077
f 2066 2077 2065
f 2067 2073 2074
f 2067 2074 2075
f 2067 2075 2066
f 2068 2071 2072
f 2068 2072 2073
f 2068 2073 2067
f 2069 2070 2071
f 2069 2071 2068
f 2106 2079 2078
f 2106 2080 2079
f 2106 2081 2080
f 2106 2082 2081
f 2106 2078 2086
f 2107 2083 2082
f 2107 2084 2083
f 2107 2085 2084
f 2107 2105 2085
f 2107 2082 2106
f 2107 2106 2105
f 2108 2106 2086
f 2108 2105 2106
f 2109 2086 2087
f 2109 2104 2105
f 2109 2108 2086
f 2109 2105 2108
f 2110 2104 2109
f 2110 2109 2087
f 2111 2087 2088
f 2111 2103 2104
f 2111 2104 2110
f 2111 2110 2087
f 2112 2111 2088
f 2112 2103 2111
f 2113 2088 2089
f 2113 2102 2103
f 2113 2112 2088
f 2113 2103 2112
f 2114 2102 2113
f 2114 2113 2089
f 2115 2089 2090
f 2115 2101 2102
f 2115 2102 2114
f 2115 2114 2089
f 2116 2101 2115
f 2116 2115 2090
f 2117 2090 2091
f 2117 2100 2101
f 2117 2116 2090
f 2117 2101 2116
f 2118 2117 2091
f 2118 2100 2117
f 2119 2091 2092
f 2119 2099 2100
f 2119 2118 2091
f 2119 2100 2118
f 2120 2092 2093
f 2120 2093 2094
f 2120 2094 2095
f 2120 2095 2096
f 2120 2096 2097
f 2120 2097 2098
f 2120 2098 2099
f 2120 2119 2092
f 2120 2099 2119
f 2123 2121 2122
f 2123 2135 2121
f 2124 2136 2135
f 2124 2135 2123
f 2125 2137 2136
f 2125 2136 2124
f 2126 2138 2137
f 2126 2137 2125
f 2127 2139 2138
f 2127 2138 2126
f 2128 2139 2127
f 2129 2139 2128
f 2130 2139 2129
f 2131 2139 2130
f 2132 2134 2139
f 2132 2139 2131
f 2133 2134 2132
f 2150 2141 2140
f 2148 2143 2142
f 2148 2142 2149
f 2151 2145 2144
f 2152 2144 2147
f 2152 2151 2144
f 2146 2152 2147
f 2153 2142 2141
f 2153 2150 2149
f 2153 2141 2150
f 2153 2149 2142
f 2154 2144 2143
f 2154 2148 2147
f 2154 2143 2148
f 2154 2147 2144
f 2159 2158 2157
f 2160 2157 2156
f 2160 2159 2157
f 2155 2160 2156
f 2162 2161 2165
f 2163 2162 2165
f 2170 2164 2163
f 2166 2163 2165
f 2166 2170 2163
f 2167 2170 2166
f 2168 2171 2169
f 2183 2180 2179
f 2177 2176 2181
f 2175 2178 2174
f 2184 2180 2183
f 2185 2181 2180
f 2185 2177 2181
f 2185 2180 2184
f 2186 2172 2173
f 2186 2182 2172
f 2186 2183 2182
f 2186 2184 2183
f 2187 2173 2174
f 2187 2178 2177
f 2187 2185 2184
f 2187 2177 2185
f 2187 2186 2173
f 2187 2184 2186
f 2187 2174 2178
f 2189 2188 2192
f 2195 2192 2191
f 2195 2189 2192
f 2194 2195 2191
f 2193 2191 2190
f 2193 2194 2191
f 2208 2207 2210
f 2198 2208 2210
f 2197 2209 2208
f 2197 2208 2198
f 2205 2206 2209
f 2204 2205 2209
f 2196 2209 2197
f 2196 2204 2209
f 2199 2198 2210
f 2217 2200 2199
f 2216 2200 2217
f 2201 2200 2216
f 2215 2201 2216
f 2211 2199 2210
f 2211 2217 2199
f 2212 2217 2211
f 2202 2201 2215
f 2214 2202 2215
f 2203 2202 2214
f 2219 2203 2214
f 2218 2219 2214
f 2213 2218 2214
f 2222 2239 2238
f 2221 2238 2237
f 2221 2222 2238
f 2229 2220 2236
f 2227 2237 2234
f 2225 2228 2235
f 2223 2226 2233
f 2231 2224 2234
f 2230 2231 2232
f 2230 2224 2231
f 2255 2241 2240
f 2255 2242 2241
f 2254 2243 2242
f 2254 2242 2255
f 2253 2244 2243
f 2253 2243 2254
f 2252 2245 2244
f 2252 2244 2253
f 2251 2246 2245
f 2251 2245 2252
f 2250 2247 2246
f 2250 2246 2251
f 2249 2248 2247
f 2249 2247 2250
f 2272 2265 2264
f 2272 2266 2265
f 2259 2270 2260
f 2269 2270 2259
f 2257 2267 2268
f 2257 2268 2258
f 2256 2267 2257
f 2273 2262 2261
f 2273 2263 2262
f 2273 2264 2263
f 2273 2271 2272
f 2273 2272 2264
f 2273 2261 2271
f 2274 2261 2260
f 2274 2270 2271
f 2274 2271 2261
f 2274 2260 2270
f 2275 2259 2258
f 2275 2268 2269
f 2275 2269 2259
f 2275 2258 2268
f 2283 2285 2284
f 2293 2286 2285
f 2293 2287 2286
f 2293 2285 2283
f 2292 2283 2282
f 2292 2293 2283
f 2291 2292 2282
f 2289 2280 2279
f 2289 2290 2280
f 2288 2289 2279
f 2277 2279 2278
f 2277 2288 2279
f 2276 2288 2277
f 2294 2281 2280
f 2294 2282 2281
f 2294 2290 2291
f 2294 2291 2282
f 2294 2280 2290
f 2314 2304 2303
f 2314 2303 2313
f 2315 2305 2304
f 2315 2304 2314
f 2316 2312 2311
f 2316 2313 2312
f 2316 2314 2313
f 2317 2306 2305
f 2317 2307 2306
f 2317 2305 2315
f 2318 2316 2311
f 2318 2315 2314
f 2318 2314 2316
f 2319 2308 2307
f 2319 2307 2317
f 2320 2317 2315
f 2320 2315 2318
f 2321 2301 2302
f 2321 2302 2308
f 2321 2308 2319
f 2322 2311 2310
f 2323 2317 2320
f 2323 2319 2317
f 2324 2311 2322
f 2324 2322 2310
f 2324 2318 2311
f 2325 2300 2301
f 2325 2323 2300
f 2325 2321 2319
f 2325 2301 2321
f 2325 2319 2323
f 2326 2320 2318
f 2326 2318 2324
f 2327 2310 2309
f 2328 2300 2323
f 2328 2323 2320
f 2328 2320 2326
f 2329 2309 2295
f 2329 2327 2309
f 2329 2324 2310
f 2329 2310 2327
f 2330 2328 2298
f 2330 2300 2328
f 2331 2298 2299
f 2331 2299 2300
f 2331 2330 2298
f 2331 2300 2330
f 2332 2295 2296
f 2332 2329 2295
f 2332 2326 2324
f 2332 2324 2329
f 2333 2296 2297
f 2333 2298 2328
f 2333 2328 2326
f 2333 2332 2296
f 2333 2326 2332
f 2334 2297 2298
f 2334 2298 2333
f 2334 2333 2297
f 2347 2341 2340
f 2347 2342 2341
f 2346 2347 2340
f 2345 2340 2339
f 2345 2346 2340
f 2344 2339 2338
f 2344 2345 2339
f 2343 2338 2337
f 2343 2344 2338
f 2335 2337 2336
f 2335 2343 2337
f 2358 2363 2359
f 2364 2349 2348
f 2364 2348 2360
f 2365 2350 2349
f 2365 2351 2350
f 2365 2352 2351
f 2365 2349 2364
f 2366 2360 2361
f 2366 2364 2360
f 2367 2353 2352
f 2367 2354 2353
f 2367 2352 2365
f 2367 2365 2364
f 2367 2364 2366
f 2368 2361 2362
f 2368 2366 2361
f 2369 2355 2354
f 2369 2367 2366
f 2369 2354 2367
f 2369 2366 2368
f 2370 2358 2357
f 2370 2362 2363
f 2370 2368 2362
f 2370 2363 2358
f 2371 2356 2355
f 2371 2357 2356
f 2371 2355 2369
f 2371 2368 2370
f 2371 2369 2368
f 2371 2370 2357
f 2379 2378 2377
f 2383 2377 2376
f 2383 2379 2377
f 2382 2376 2375
f 2382 2383 2376
f 2381 2375 2374
f 2381 2382 2375
f 2380 2374 2373
f 2380 2381 2374
f 2372 2380 2373
f 2402 2392 2391
f 2402 2391 2401
f 2403 2392 2402
f 2404 2400 2399
f 2404 2401 2400
f 2404 2402 2401
f 2405 2393 2392
f 2405 2394 2393
f 2405 2392 2403
f 2406 2404 2399
f 2406 2403 2402
f 2406 2402 2404
f 2407 2395 2394
f 2407 2394 2405
f 2408 2403 2406
f 2408 2405 2403
f 2409 2389 2390
f 2409 2390 2395
f 2409 2395 2407
f 2410 2398 2397
f 2410 2399 2398
f 2411 2407 2405
f 2411 2405 2408
f 2412 2410 2397
f 2412 2399 2410
f 2412 2406 2399
f 2413 2388 2389
f 2413 2389 2409
f 2413 2409 2407
f 2413 2407 2411
f 2413 2411 2388
f 2414 2408 2406
f 2414 2406 2412
f 2415 2397 2396
f 2416 2388 2411
f 2416 2408 2414
f 2416 2411 2408
f 2417 2396 2384
f 2417 2415 2396
f 2417 2412 2397
f 2417 2397 2415
f 2418 2387 2388
f 2418 2388 2416
f 2418 2416 2387
f 2419 2384 2385
f 2419 2417 2384
f 2419 2414 2412
f 2419 2412 2417
f 2420 2385 2386
f 2420 2387 2416
f 2420 2416 2414
f 2420 2419 2385
f 2420 2414 2419
f 2421 2386 2387
f 2421 2387 2420
f 2421 2420 2386
f 2435 2423 2422
f 2425 2424 2423
f 2425 2423 2435
f 2426 2435 2436
f 2426 2425 2435
f 2427 2426 2436
f 2429 2438 2439
f 2429 2428 2438
f 2433 2440 2434
f 2430 2439 2440
f 2430 2429 2439
f 2432 2430 2440
f 2432 2440 2433
f 2431 2430 2432
f 2441 2428 2427
f 2441 2436 2437
f 2441 2437 2438
f 2441 2427 2436
f 2441 2438 2428
f 2448 2450 2449
f 2451 2450 2448
f 2453 2443 2442
f 2444 2443 2453
f 2454 2444 2453
f 2455 2446 2445
f 2455 2456 2446
f 2459 2448 2447
f 2459 2452 2451
f 2459 2457 2458
f 2459 2458 2452
f 2459 2451 2448
f 2459 2447 2457
f 2460 2445 2444
f 2460 2454 2455
f 2460 2444 2454
f 2460 2455 2445
f 2461 2447 2446
f 2461 2456 2457
f 2461 2457 2447
f 2461 2446 2456
f 2464 2472 2471
f 2465 2473 2472
f 2465 2472 2464
f 2466 2474 2473
f 2466 2473 2465
f 2467 2475 2474
f 2467 2474 2466
f 2468 2476 2475
f 2468 2475 2467
f 2469 2477 2476
f 2469 2476 2468
f 2470 2478 2477
f 2470 2479 2478
f 2470 2477 2469
f 2463 2462 2479
f 2463 2479 2470
f 2486 2480 2481
f 2486 2487 2480
f 2485 2481 2482
f 2485 2482 2483
f 2485 2486 2481
f 2484 2485 2483
f 2491 2492 2493
f 2490 2493 2494
f 2490 2491 2493
f 2489 2490 2494
f 2488 2494 2495
f 2488 2489 2494
f 2499 2502 2500
f 2498 2503 2502
f 2498 2502 2499
f 2497 2504 2503
f 2497 2503 2498
f 2496 2501 2504
f 2496 2504 2497
f 2523 2515 2514
f 2523 2516 2515
f 2523 2517 2516
f 2506 2513 2507
f 2505 2513 2506
f 2524 2511 2510
f 2524 2518 2517
f 2524 2519 2518
f 2524 2520 2519
f 2524 2510 2520
f 2524 2517 2523
f 2525 2523 2522
f 2525 2524 2523
f 2525 2511 2524
f 2526 2512 2511
f 2526 2522 2521
f 2526 2511 2525
f 2526 2525 2522
f 2527 2526 2521
f 2527 2512 2526
f 2528 2508 2507
f 2528 2509 2508
f 2528 2513 2512
f 2528 2521 2509
f 2528 2512 2527
f 2528 2527 2521
f 2528 2507 2513
f 2539 2535 2536
f 2539 2536 2537
f 2532 2533 2534
f 2532 2534 2535
f 2532 2535 2539
f 2531 2539 2538
f 2531 2532 2539
f 2530 2538 2529
f 2530 2531 2538
f 2543 2555 2554
f 2544 2543 2554
f 2558 2554 2553
f 2558 2544 2554
f 2557 2544 2558
f 2545 2544 2557
f 2559 2546 2556
f 2560 2559 2556
f 2560 2541 2559
f 2561 2542 2541
f 2561 2556 2555
f 2561 2541 2560
f 2561 2560 2556
f 2562 2543 2542
f 2562 2561 2555
f 2562 2555 2543
f 2562 2542 2561
f 2563 2541 2540
f 2563 2559 2541
f 2564 2547 2546
f 2564 2548 2547
f 2564 2559 2563
f 2564 2546 2559
f 2565 2549 2548
f 2565 2550 2549
f 2565 2551 2550
f 2565 2552 2551
f 2565 2540 2552
f 2565 2548 2564
f 2565 2564 2563
f 2565 2563 2540
f 2589 2567 2566
f 2589 2566 2572
f 2590 2572 2573
f 2590 2573 2574
f 2591 2567 2589
f 2591 2589 2572
f 2591 2572 2590
f 2592 2574 2575
f 2592 2575 2576
f 2592 2576 2579
f 2593 2574 2592
f 2594 2590 2574
f 2594 2574 2593
f 2595 2568 2567
f 2595 2590 2594
f 2595 2567 2591
f 2595 2591 2590
f 2596 2578 2577
f 2596 2579 2578
f 2596 2577 2582
f 2597 2579 2596
f 2597 2592 2579
f 2598 2593 2592
f 2598 2592 2597
f 2599 2596 2582
f 2600 2593 2598
f 2600 2594 2593
f 2601 2596 2599
f 2602 2595 2594
f 2602 2568 2595
f 2602 2594 2600
f 2603 2597 2596
f 2603 2596 2601
f 2604 2598 2597
f 2604 2597 2603
f 2605 2582 2581
f 2605 2599 2582
f 2606 2600 2598
f 2606 2598 2604
f 2607 2599 2605
f 2607 2601 2599
f 2608 2569 2568
f 2608 2568 2602
f 2608 2602 2600
f 2608 2600 2606
f 2609 2603 2601
f 2609 2601 2607
f 2610 2605 2581
f 2611 2603 2609
f 2611 2606 2604
f 2611 2604 2603
f 2612 2609 2607
f 2612 2605 2610
f 2612 2607 2605
f 2613 2606 2611
f 2614 2608 2606
f 2614 2569 2608
f 2614 2606 2613
f 2615 2609 2612
f 2616 2611 2609
f 2616 2609 2615
f 2617 2611 2616
f 2617 2613 2611
f 2617 2614 2613
f 2618 2610 2581
f 2618 2612 2610
f 2618 2581 2580
f 2618 2580 2583
f 2619 2570 2569
f 2619 2569 2614
f 2619 2614 2617
f 2620 2612 2618
f 2620 2618 2583
f 2621 2612 2620
f 2621 2615 2612
f 2622 2616 2615
f 2622 2615 2621
f 2623 2583 2584
f 2623 2620 2583
f 2624 2617 2616
f 2624 2616 2622
f 2625 2584 2585
f 2625 2621 2620
f 2625 2620 2623
f 2625 2623 2584
f 2626 2570 2619
f 2626 2619 2617
f 2626 2617 2624
f 2627 2585 2586
f 2627 2624 2622
f 2627 2622 2621
f 2627 2621 2625
f 2627 2625 2585
f 2628 2624 2627
f 2628 2626 2624
f 2628 2627 2586
f 2629 2571 2570
f 2629 2628 2586
f 2629 2570 2626
f 2629 2626 2628
f 2630 2586 2587
f 2630 2587 2588
f 2630 2588 2571
f 2630 2571 2629
f 2630 2629 2586
f 2640 2636 2637
f 2640 2637 2638
f 2634 2635 2636
f 2634 2636 2640
f 2639 2634 2640
f 2633 2634 2639
f 2631 2633 2639
f 2632 2633 2631
f 2645 2642 2641
f 2645 2643 2642
f 2646 2644 2643
f 2646 2643 2645
f 2647 2644 2646
f 2648 2644 2647
f 2651 2654 2652
f 2650 2655 2654
f 2650 2654 2651
f 2649 2656 2655
f 2649 2653 2656
f 2649 2655 2650
f 2664 2675 2674
f 2664 2663 2675
f 2659 2674 2660
f 2665 2664 2674
f 2665 2674 2659
f 2658 2665 2659
f 2657 2665 2658
f 2677 2667 2666
f 2677 2668 2667
f 2677 2669 2668
f 2677 2666 2673
f 2678 2662 2661
f 2678 2670 2669
f 2678 2671 2670
f 2678 2672 2671
f 2678 2661 2672
f 2678 2677 2673
f 2678 2669 2677
f 2679 2673 2676
f 2679 2678 2673
f 2679 2662 2678
f 2680 2679 2676
f 2680 2662 2679
f 2681 2663 2662
f 2681 2676 2675
f 2681 2662 2680
f 2681 2675 2663
f 2681 2680 2676
f 2691 2688 2689
f 2685 2686 2687
f 2685 2687 2688
f 2685 2688 2691
f 2684 2691 2690
f 2684 2685 2691
f 2683 2690 2682
f 2683 2684 2690
f 2708 2695 2709
f 2696 2695 2708
f 2711 2698 2697
f 2711 2699 2698
f 2711 2700 2699
f 2711 2697 2707
f 2712 2707 2706
f 2712 2711 2707
f 2713 2693 2712
f 2713 2712 2706
f 2714 2694 2693
f 2714 2706 2705
f 2714 2693 2713
f 2714 2713 2706
f 2715 2694 2714
f 2715 2714 2705
f 2716 2695 2694
f 2716 2705 2704
f 2716 2710 2709
f 2716 2704 2710
f 2716 2715 2705
f 2716 2694 2715
f 2716 2709 2695
f 2717 2693 2692
f 2717 2701 2700
f 2717 2702 2701
f 2717 2703 2702
f 2717 2692 2703
f 2717 2712 2693
f 2717 2700 2711
f 2717 2711 2712
f 2725 2719 2718
f 2725 2720 2719
f 2725 2721 2720
f 2725 2718 2722
f 2725 2723 2721
f 2725 2724 2723
f 2725 2722 2724
f 2736 2732 2733
f 2736 2733 2734
f 2729 2730 2731
f 2729 2731 2732
f 2729 2732 2736
f 2735 2729 2736
f 2728 2729 2735
f 2726 2728 2735
f 2727 2728 2726
f 2742 2738 2737
f 2743 2739 2738
f 2743 2740 2739
f 2743 2738 2742
f 2744 2741 2740
f 2744 2740 2743
f 2745 2741 2744

