# https://github.com/mikedh/trimesh
v 0.00000000 -0.04075700 -0.02868900
v -0.00277200 -0.04075700 -0.02855500
v -0.00551600 -0.04075700 -0.02815300
v -0.00820900 -0.04075700 -0.02749000
v -0.01082700 -0.04075600 -0.02656900
v 0.00000000 -0.04075600 -0.02714600
v -0.00724100 -0.04075600 -0.02545800
v -0.00646100 -0.04075600 -0.02599700
v -0.00559000 -0.04075600 -0.02636700
v -0.00376500 -0.04075600 -0.02682600
v -0.00189200 -0.04075600 -0.02707000
v 0.00000000 -0.04074400 0.02716700
v -0.00189000 -0.04074400 0.02709200
v -0.00376400 -0.04074400 0.02684800
v -0.00561700 -0.04074400 0.02639900
v -0.00647600 -0.04074400 0.02602100
v -0.00724100 -0.04074400 0.02547900
v 0.00000000 -0.04074300 0.02871100
v -0.01082700 -0.04074400 0.02659000
v -0.00820900 -0.04074300 0.02751100
v -0.00551600 -0.04074300 0.02817400
v -0.00277200 -0.04074300 0.02857600
v -0.02870000 -0.04075000 0.00001100
v -0.02868000 -0.04075000 0.00107400
v -0.02862000 -0.04074900 0.00213500
v -0.02852100 -0.04074900 0.00319200
v -0.02838200 -0.04074900 0.00424500
v -0.02820500 -0.04074900 0.00529100
v -0.02798900 -0.04074800 0.00633000
v -0.02773600 -0.04074800 0.00736100
v -0.02744500 -0.04074800 0.00838100
v -0.02711700 -0.04074800 0.00939000
v -0.02675200 -0.04074700 0.01038600
v -0.02635100 -0.04074700 0.01136900
v -0.02591500 -0.04074700 0.01233600
v -0.02544200 -0.04074700 0.01328600
v -0.02493500 -0.04074700 0.01421900
v -0.02439300 -0.04074600 0.01513300
v -0.02381600 -0.04074600 0.01602600
v -0.02320700 -0.04074600 0.01689600
v -0.02256500 -0.04074600 0.01774300
v -0.02189300 -0.04074500 0.01856500
v -0.02119100 -0.04074500 0.01936100
v -0.02046000 -0.04074500 0.02013000
v -0.01970100 -0.04074500 0.02087200
v -0.01891600 -0.04074500 0.02158600
v -0.01810500 -0.04074500 0.02227000
v -0.01727000 -0.04074400 0.02292400
v -0.01641100 -0.04074400 0.02354800
v -0.01553000 -0.04074400 0.02413900
v -0.01462800 -0.04074400 0.02469800
v -0.01370500 -0.04074400 0.02522400
v -0.01276400 -0.04074400 0.02571500
v -0.01180400 -0.04074400 0.02617100
v -0.01180400 -0.04075600 -0.02614900
v -0.01276400 -0.04075600 -0.02569400
v -0.01370500 -0.04075600 -0.02520300
v -0.01462800 -0.04075600 -0.02467700
v -0.01553000 -0.04075600 -0.02411800
v -0.01641100 -0.04075600 -0.02352700
v -0.01727000 -0.04075500 -0.02290300
v -0.01810500 -0.04075500 -0.02224900
v -0.01891600 -0.04075500 -0.02156500
v -0.01970100 -0.04075500 -0.02085100
v -0.02046000 -0.04075500 -0.02010900
v -0.02119100 -0.04075500 -0.01934000
v -0.02189300 -0.04075400 -0.01854400
v -0.02256500 -0.04075400 -0.01772200
v -0.02320700 -0.04075400 -0.01687500
v -0.02381600 -0.04075400 -0.01600500
v -0.02439300 -0.04075400 -0.01511100
v -0.02493500 -0.04075300 -0.01419800
v -0.02544200 -0.04075300 -0.01326500
v -0.02591500 -0.04075300 -0.01231500
v -0.02635100 -0.04075300 -0.01134700
v -0.02675200 -0.04075200 -0.01036500
v -0.02711700 -0.04075200 -0.00936900
v -0.02744500 -0.04075200 -0.00836000
v -0.02773600 -0.04075200 -0.00733900
v -0.02798900 -0.04075100 -0.00630900
v -0.02820500 -0.04075100 -0.00527000
v -0.02838200 -0.04075100 -0.00422400
v -0.02852100 -0.04075100 -0.00317100
v -0.02862000 -0.04075000 -0.00211400
v -0.02868000 -0.04075000 -0.00105300
v -0.01135600 -0.04074400 0.02403300
v -0.01332000 -0.04074400 0.02309600
v -0.01520700 -0.04074500 0.02199900
v -0.01699700 -0.04074500 0.02074600
v -0.01867100 -0.04074500 0.01935400
v -0.02022000 -0.04074600 0.01782700
v -0.02163900 -0.04074600 0.01617100
v -0.02291100 -0.04074600 0.01440000
v -0.02402400 -0.04074700 0.01253500
v -0.02497500 -0.04074700 0.01058200
v -0.02576200 -0.04074800 0.00854900
v -0.02637800 -0.04074800 0.00646200
v -0.02681700 -0.04074900 0.00434300
v -0.02708100 -0.04074900 0.00219200
v -0.02716800 -0.04075000 0.00001100
v -0.02707800 -0.04075000 -0.00217800
v -0.02681100 -0.04075100 -0.00434200
v -0.02636900 -0.04075100 -0.00646800
v -0.02575400 -0.04075200 -0.00854700
v -0.02497100 -0.04075200 -0.01056700
v -0.02402100 -0.04075300 -0.01251600
v -0.02290800 -0.04075300 -0.01438300
v -0.02163300 -0.04075400 -0.01615600
v -0.02021400 -0.04075400 -0.01781300
v -0.01866600 -0.04075500 -0.01933800
v -0.01699500 -0.04075500 -0.02072600
v -0.01520700 -0.04075500 -0.02197800
v -0.01332000 -0.04075500 -0.02307500
v -0.01135600 -0.04075600 -0.02401100
v -0.02495100 -0.03401900 -0.02565400
v -0.02389400 -0.03475300 -0.02569300
v -0.02281800 -0.03545700 -0.02572900
v -0.02172400 -0.03613600 -0.02576300
v -0.02057500 -0.03681300 -0.02579300
v -0.01949500 -0.03741900 -0.02581500
v -0.01836500 -0.03802800 -0.02583100
v -0.01722100 -0.03861900 -0.02583800
v -0.01605100 -0.03920000 -0.02583400
v -0.01494200 -0.03972900 -0.02582000
v -0.01379600 -0.04025400 -0.02579300
v -0.02594700 -0.03399900 -0.02427100
v -0.02494000 -0.03471200 -0.02434300
v -0.02391600 -0.03540000 -0.02441500
v -0.02287700 -0.03606700 -0.02448400
v -0.02178800 -0.03673700 -0.02455200
v -0.02076800 -0.03734300 -0.02461100
v -0.01970400 -0.03795600 -0.02466600
v -0.01863100 -0.03855700 -0.02471300
v -0.01754100 -0.03915100 -0.02475400
v -0.01651400 -0.03969600 -0.02478200
v -0.01546000 -0.04023800 -0.02480100
v -0.02688300 -0.03397900 -0.02284500
v -0.02592500 -0.03467300 -0.02294500
v -0.02495300 -0.03534500 -0.02304500
v -0.02396900 -0.03600100 -0.02314300
v -0.02293900 -0.03666500 -0.02324200
v -0.02197700 -0.03726900 -0.02333100
v -0.02097700 -0.03788600 -0.02341800
v -0.01997600 -0.03849500 -0.02350000
v -0.01896400 -0.03910300 -0.02357600
v -0.01801800 -0.03966300 -0.02364000
v -0.01705500 -0.04022100 -0.02369700
v -0.02775800 -0.03396000 -0.02137900
v -0.02684900 -0.03463500 -0.02150000
v -0.02592700 -0.03529300 -0.02162200
v -0.02499600 -0.03593700 -0.02174400
v -0.02402300 -0.03659400 -0.02186800
v -0.02311900 -0.03719700 -0.02198000
v -0.02218300 -0.03781700 -0.02209200
v -0.02125000 -0.03843500 -0.02220100
v -0.02031600 -0.03905500 -0.02230500
v -0.01944900 -0.03962900 -0.02239800
v -0.01857500 -0.04020400 -0.02248600
v -0.02857300 -0.03394200 -0.01987600
v -0.02771000 -0.03460000 -0.02001300
v -0.02683700 -0.03524400 -0.02015200
v -0.02595700 -0.03587700 -0.02029000
v -0.02504000 -0.03652700 -0.02043200
v -0.02419100 -0.03712800 -0.02056200
v -0.02331700 -0.03775100 -0.02069300
v -0.02245100 -0.03837600 -0.02082200
v -0.02159000 -0.03900700 -0.02094800
v -0.02080000 -0.03959500 -0.02106200
v -0.02001100 -0.04018600 -0.02117300
v -0.02932600 -0.03392500 -0.01833900
v -0.02850800 -0.03456700 -0.01848700
v -0.02768100 -0.03519700 -0.01863600
v -0.02684900 -0.03582000 -0.01878600
v -0.02598700 -0.03646400 -0.01894000
v -0.02519000 -0.03706300 -0.01908100
v -0.02437500 -0.03768800 -0.01922500
v -0.02357300 -0.03831900 -0.01936700
v -0.02278300 -0.03896100 -0.01950800
v -0.02206600 -0.03956200 -0.01963600
v -0.02135800 -0.04016900 -0.01976500
v -0.03003900 -0.03390900 -0.01671700
v -0.02926400 -0.03453500 -0.01687100
v -0.02848200 -0.03515200 -0.01702600
v -0.02769900 -0.03576500 -0.01718100
v -0.02688800 -0.03640300 -0.01734200
v -0.02614300 -0.03699900 -0.01748900
v -0.02538500 -0.03762600 -0.01764100
v -0.02464600 -0.03826300 -0.01779000
v -0.02392600 -0.03891500 -0.01793900
v -0.02328000 -0.03952800 -0.01807600
v -0.02265100 -0.04015100 -0.01821500
v -0.03064400 -0.03389500 -0.01517400
v -0.02990700 -0.03450700 -0.01532900
v -0.02916500 -0.03511300 -0.01548400
v -0.02842300 -0.03571700 -0.01564000
v -0.02765800 -0.03634900 -0.01580100
v -0.02695900 -0.03694300 -0.01595000
v -0.02625100 -0.03757100 -0.01610200
v -0.02556600 -0.03821200 -0.01625300
v -0.02490600 -0.03887300 -0.01640400
v -0.02432200 -0.03949800 -0.01654400
v -0.02376200 -0.04013400 -0.01668600
v -0.03120700 -0.03388200 -0.01355200
v -0.03050700 -0.03448100 -0.01370300
v -0.02980300 -0.03507600 -0.01385400
v -0.02910100 -0.03567200 -0.01400600
v -0.02838000 -0.03629800 -0.01416300
v -0.02772400 -0.03688900 -0.01430800
v -0.02706400 -0.03751700 -0.01445700
v -0.02643100 -0.03816300 -0.01460400
v -0.02582800 -0.03883100 -0.01475200
v -0.02530200 -0.03946700 -0.01488900
v -0.02480700 -0.04011700 -0.01502900
v -0.03170600 -0.03387000 -0.01190800
v -0.03103900 -0.03445700 -0.01205000
v -0.03037000 -0.03504200 -0.01219300
v -0.02970400 -0.03563100 -0.01233700
v -0.02902300 -0.03625100 -0.01248500
v -0.02840600 -0.03684000 -0.01262200
v -0.02779000 -0.03746800 -0.01276200
v -0.02720400 -0.03811700 -0.01290100
v -0.02665200 -0.03879200 -0.01304100
v -0.02617800 -0.03943700 -0.01317100
v -0.02574200 -0.04010000 -0.01330400
v -0.03214000 -0.03386000 -0.01024300
v -0.03150200 -0.03443600 -0.01037400
v -0.03086400 -0.03501200 -0.01050500
v -0.03023100 -0.03559300 -0.01063600
v -0.02958500 -0.03620800 -0.01077100
v -0.02900400 -0.03679500 -0.01089600
v -0.02842600 -0.03742300 -0.01102400
v -0.02788200 -0.03807400 -0.01115100
v -0.02737500 -0.03875500 -0.01127800
v -0.02694700 -0.03940800 -0.01139700
v -0.02656100 -0.04008400 -0.01151800
v -0.03250800 -0.03385000 -0.00856200
v -0.03189600 -0.03441800 -0.00867600
v -0.03128500 -0.03498600 -0.00879200
v -0.03068000 -0.03556000 -0.00890700
v -0.03006600 -0.03617000 -0.00902600
v -0.02951400 -0.03675400 -0.00913500
v -0.02897000 -0.03738100 -0.00924700
v -0.02846200 -0.03803500 -0.00935900
v -0.02799400 -0.03872000 -0.00947000
v -0.02760500 -0.03938100 -0.00957400
v -0.02726200 -0.04006900 -0.00967900
v -0.03281000 -0.03384200 -0.00686600
v -0.03222000 -0.03440200 -0.00696200
v -0.03163200 -0.03496300 -0.00705800
v -0.03105100 -0.03553200 -0.00715400
v -0.03046200 -0.03613800 -0.00725400
v -0.02993700 -0.03671900 -0.00734500
v -0.02942100 -0.03734500 -0.00743800
v -0.02894200 -0.03799900 -0.00753000
v -0.02850600 -0.03868800 -0.00762300
v -0.02814900 -0.03935600 -0.00770900
v -0.02784100 -0.04005300 -0.00779600
v -0.03304500 -0.03383500 -0.00515800
v -0.03247300 -0.03438800 -0.00523300
v -0.03190300 -0.03494400 -0.00530800
v -0.03134100 -0.03550800 -0.00538200
v -0.03077400 -0.03611000 -0.00545900
v -0.03026900 -0.03668800 -0.00553000
v -0.02977500 -0.03731300 -0.00560200
v -0.02932000 -0.03796700 -0.00567300
v -0.02890900 -0.03865900 -0.00574400
v -0.02857700 -0.03933200 -0.00581000
v -0.02829500 -0.04003900 -0.00587700
v -0.03321500 -0.03383000 -0.00343700
v -0.03265600 -0.03437800 -0.00348800
v -0.03210000 -0.03492900 -0.00353900
v -0.03155200 -0.03549000 -0.00359100
v -0.03100000 -0.03608700 -0.00364300
v -0.03051000 -0.03666300 -0.00369100
v -0.03003300 -0.03728500 -0.00374000
v -0.02959500 -0.03793900 -0.00378800
v -0.02920200 -0.03863200 -0.00383600
v -0.02888700 -0.03931000 -0.00388100
v -0.02862300 -0.04002600 -0.00392600
v -0.03331600 -0.03382600 -0.00171800
v -0.03276600 -0.03437100 -0.00174400
v -0.03221800 -0.03491900 -0.00177100
v -0.03168000 -0.03547600 -0.00179700
v -0.03113800 -0.03607100 -0.00182300
v -0.03065800 -0.03664400 -0.00184800
v -0.03019200 -0.03726400 -0.00187300
v -0.02976500 -0.03791600 -0.00189700
v -0.02938200 -0.03861000 -0.00192100
v -0.02907500 -0.03929000 -0.00194300
v -0.02882100 -0.04001300 -0.00196500
v -0.02870000 -0.04075000 0.00001100
v -0.02868000 -0.04075000 -0.00105300
v -0.02862000 -0.04075000 -0.00211400
v -0.02852100 -0.04075100 -0.00317100
v -0.02838200 -0.04075100 -0.00422400
v -0.02820500 -0.04075100 -0.00527000
v -0.02798900 -0.04075100 -0.00630900
v -0.02773600 -0.04075200 -0.00733900
v -0.02744500 -0.04075200 -0.00836000
v -0.02711700 -0.04075200 -0.00936900
v -0.02675200 -0.04075200 -0.01036500
v -0.02635100 -0.04075300 -0.01134700
v -0.02591500 -0.04075300 -0.01231500
v -0.02544200 -0.04075300 -0.01326500
v -0.02493500 -0.04075300 -0.01419800
v -0.02439300 -0.04075400 -0.01511100
v -0.02381600 -0.04075400 -0.01600500
v -0.02320700 -0.04075400 -0.01687500
v -0.02256500 -0.04075400 -0.01772200
v -0.02189300 -0.04075400 -0.01854400
v -0.02119100 -0.04075500 -0.01934000
v -0.02046000 -0.04075500 -0.02010900
v -0.01970100 -0.04075500 -0.02085100
v -0.01891600 -0.04075500 -0.02156500
v -0.01810500 -0.04075500 -0.02224900
v -0.01727000 -0.04075500 -0.02290300
v -0.01641100 -0.04075600 -0.02352700
v -0.01553000 -0.04075600 -0.02411800
v -0.01462800 -0.04075600 -0.02467700
v -0.01370500 -0.04075600 -0.02520300
v -0.01276400 -0.04075600 -0.02569400
v -0.01180400 -0.04075600 -0.02614900
v -0.01082700 -0.04075600 -0.02656900
v -0.02485000 -0.03335100 -0.02699200
v -0.02536500 -0.03335100 -0.02630800
v -0.02587400 -0.03335100 -0.02560200
v -0.02637500 -0.03335100 -0.02487400
v -0.02686800 -0.03335100 -0.02412500
v -0.02735200 -0.03335000 -0.02335200
v -0.02782600 -0.03335000 -0.02255800
v -0.02828900 -0.03335000 -0.02174000
v -0.02874200 -0.03335000 -0.02090000
v -0.02913800 -0.03335000 -0.02012600
v -0.02952200 -0.03334900 -0.01933400
v -0.02989500 -0.03334900 -0.01852500
v -0.03025600 -0.03334900 -0.01769900
v -0.03060400 -0.03334900 -0.01685500
v -0.03093800 -0.03334900 -0.01599400
v -0.03126300 -0.03334800 -0.01509800
v -0.03156200 -0.03334800 -0.01422100
v -0.03182800 -0.03334800 -0.01338400
v -0.03207900 -0.03334800 -0.01253600
v -0.03231500 -0.03334800 -0.01167600
v -0.03253600 -0.03334700 -0.01080500
v -0.03274200 -0.03334700 -0.00991800
v -0.03293300 -0.03334700 -0.00901600
v -0.03310500 -0.03334700 -0.00811100
v -0.03325700 -0.03334700 -0.00721600
v -0.03339000 -0.03334600 -0.00632700
v -0.03350500 -0.03334600 -0.00543400
v -0.03360400 -0.03334600 -0.00453600
v -0.03368400 -0.03334600 -0.00363400
v -0.03374700 -0.03334600 -0.00272800
v -0.03379200 -0.03334500 -0.00181900
v -0.03382000 -0.03334500 -0.00090700
v -0.03382900 -0.03334500 0.00000900
v -0.01129000 -0.04057800 -0.02660800
v -0.01175100 -0.04039700 -0.02664400
v -0.01267200 -0.04002600 -0.02670900
v -0.01358900 -0.03964300 -0.02676500
v -0.01450100 -0.03924800 -0.02681300
v -0.01540800 -0.03884100 -0.02685400
v -0.01630800 -0.03842000 -0.02688800
v -0.01720300 -0.03798500 -0.02691600
v -0.01809000 -0.03753500 -0.02693800
v -0.01897000 -0.03707100 -0.02695600
v -0.01984100 -0.03659100 -0.02696900
v -0.02070300 -0.03609400 -0.02697800
v -0.02155600 -0.03558100 -0.02698500
v -0.02239700 -0.03505100 -0.02698900
v -0.02322800 -0.03450300 -0.02699100
v -0.02404600 -0.03393600 -0.02699100
v -0.03342500 -0.03375100 0.00000900
v -0.03301900 -0.03415400 0.00000900
v -0.03221000 -0.03496400 0.00000900
v -0.03142300 -0.03579600 0.00000900
v -0.03068300 -0.03666900 0.00001000
v -0.03001500 -0.03759800 0.00001000
v -0.02944700 -0.03859200 0.00001000
v -0.02900400 -0.03964700 0.00001000
v -0.02883400 -0.04019300 0.00001000
v -0.02876300 -0.04047100 0.00001000
v -0.02871800 -0.04038000 -0.00197600
v -0.02887100 -0.04000800 -0.00097800
v -0.02876900 -0.04037700 -0.00098300
v -0.02485100 -0.03333800 0.02700900
v -0.02480400 -0.03415600 0.02559500
v -0.02366000 -0.03493900 0.02563900
v -0.02249600 -0.03569000 0.02568100
v -0.02131200 -0.03641000 0.02571800
v -0.02011300 -0.03710300 0.02575000
v -0.01890100 -0.03777100 0.02577400
v -0.01773200 -0.03838700 0.02578800
v -0.01645300 -0.03903400 0.02579100
v -0.01522400 -0.03962900 0.02578100
v -0.01399300 -0.04019900 0.02575700
v -0.02586600 -0.03413100 0.02412800
v -0.02478100 -0.03489100 0.02421100
v -0.02367700 -0.03562500 0.02429200
v -0.02255800 -0.03633500 0.02437000
v -0.02142700 -0.03702300 0.02444300
v -0.02028800 -0.03769300 0.02451100
v -0.01919500 -0.03831700 0.02456800
v -0.01800700 -0.03897800 0.02462100
v -0.01687300 -0.03959200 0.02466100
v -0.01574700 -0.04018100 0.02468900
v -0.02686100 -0.03410600 0.02261200
v -0.02583300 -0.03484600 0.02272500
v -0.02478900 -0.03556300 0.02283800
v -0.02373300 -0.03626200 0.02294900
v -0.02266900 -0.03694500 0.02305600
v -0.02160200 -0.03761700 0.02315900
v -0.02058400 -0.03824800 0.02325100
v -0.01948500 -0.03892300 0.02334400
v -0.01844500 -0.03955400 0.02342400
v -0.01742100 -0.04016200 0.02349400
v -0.02778700 -0.03408300 0.02104900
v -0.02681500 -0.03480200 0.02118600
v -0.02582900 -0.03550400 0.02132300
v -0.02483500 -0.03619200 0.02145900
v -0.02383600 -0.03687100 0.02159300
v -0.02284000 -0.03754300 0.02172200
v -0.02189400 -0.03818200 0.02184200
v -0.02088100 -0.03886900 0.02196600
v -0.01993300 -0.03951600 0.02207700
v -0.01900900 -0.04014300 0.02218100
v -0.02864400 -0.03406100 0.01944500
v -0.02772500 -0.03476200 0.01959900
v -0.02679500 -0.03544800 0.01975300
v -0.02586000 -0.03612600 0.01990700
v -0.02492400 -0.03680000 0.02005900
v -0.02399500 -0.03747300 0.02020700
v -0.02312000 -0.03811700 0.02034600
v -0.02219100 -0.03881600 0.02049200
v -0.02133000 -0.03947800 0.02062700
v -0.02050200 -0.04012400 0.02075500
v -0.02943100 -0.03404100 0.01780200
v -0.02856200 -0.03472400 0.01796600
v -0.02768600 -0.03539600 0.01813100
v -0.02680700 -0.03606400 0.01829500
v -0.02593100 -0.03673300 0.01845800
v -0.02506600 -0.03740600 0.01861900
v -0.02425700 -0.03805500 0.01877000
v -0.02340700 -0.03876500 0.01893000
v -0.02262900 -0.03944200 0.01907900
v -0.02189200 -0.04010500 0.01922300
v -0.03014600 -0.03402200 0.01612400
v -0.02932500 -0.03468900 0.01629200
v -0.02849800 -0.03534800 0.01646100
v -0.02767200 -0.03600700 0.01663000
v -0.02685200 -0.03667000 0.01679700
v -0.02604800 -0.03734300 0.01696300
v -0.02530100 -0.03799700 0.01711900
v -0.02452500 -0.03871600 0.01728600
v -0.02382600 -0.03940600 0.01744200
v -0.02317300 -0.04008600 0.01759400
v -0.03078800 -0.03400500 0.01441500
v -0.03001200 -0.03465700 0.01458100
v -0.02923100 -0.03530400 0.01474800
v -0.02845400 -0.03595400 0.01491500
v -0.02768600 -0.03661300 0.01508100
v -0.02693800 -0.03728500 0.01524500
v -0.02624900 -0.03794100 0.01540000
v -0.02554100 -0.03866900 0.01556600
v -0.02491300 -0.03937100 0.01572300
v -0.02433800 -0.04006700 0.01587600
v -0.03135800 -0.03399000 0.01267700
v -0.03062100 -0.03462800 0.01283600
v -0.02988400 -0.03526400 0.01299500
v -0.02915100 -0.03590600 0.01315500
v -0.02843100 -0.03656000 0.01331400
v -0.02773300 -0.03723000 0.01347100
v -0.02709600 -0.03789000 0.01362000
v -0.02645000 -0.03862400 0.01377900
v -0.02588600 -0.03933800 0.01392900
v -0.02538200 -0.04004900 0.01407600
v -0.03185400 -0.03397600 0.01091500
v -0.03115300 -0.03460200 0.01106100
v -0.03045300 -0.03522800 0.01120900
v -0.02976000 -0.03586200 0.01135600
v -0.02908200 -0.03651200 0.01150200
v -0.02843000 -0.03718100 0.01164700
v -0.02784000 -0.03784200 0.01178400
v -0.02724900 -0.03858300 0.01193000
v -0.02674200 -0.03930600 0.01206900
v -0.02629800 -0.04003100 0.01220500
v -0.03227500 -0.03396400 0.00913100
v -0.03160600 -0.03457900 0.00926100
v -0.03093900 -0.03519700 0.00939100
v -0.03028000 -0.03582400 0.00952200
v -0.02964000 -0.03646900 0.00965100
v -0.02902700 -0.03713600 0.00977900
v -0.02847700 -0.03779900 0.00990000
v -0.02793300 -0.03854400 0.01002900
v -0.02747400 -0.03927600 0.01015100
v -0.02708200 -0.04001400 0.01027100
v -0.03262000 -0.03395400 0.00732900
v -0.03197800 -0.03456000 0.00743900
v -0.03133900 -0.03517000 0.00754800
v -0.03071000 -0.03579100 0.00765800
v -0.03010100 -0.03643200 0.00776600
v -0.02952100 -0.03709700 0.00787300
v -0.02900500 -0.03776000 0.00797400
v -0.02850000 -0.03850900 0.00808200
v -0.02808000 -0.03924800 0.00818400
v -0.02773100 -0.03999800 0.00828400
v -0.03289000 -0.03394600 0.00551200
v -0.03226900 -0.03454500 0.00559800
v -0.03165200 -0.03514800 0.00568400
v -0.03104700 -0.03576400 0.00576900
v -0.03046300 -0.03640000 0.00585400
v -0.02991000 -0.03706300 0.00593700
v -0.02942100 -0.03772500 0.00601500
v -0.02894600 -0.03847700 0.00609900
v -0.02855700 -0.03922200 0.00617700
v -0.02824000 -0.03998200 0.00625400
v -0.03308400 -0.03394000 0.00368500
v -0.03247900 -0.03453300 0.00374400
v -0.03187900 -0.03513100 0.00380300
v -0.03129100 -0.03574200 0.00386200
v -0.03072600 -0.03637500 0.00392000
v -0.03019300 -0.03703500 0.00397700
v -0.02972300 -0.03769600 0.00403000
v -0.02927000 -0.03844800 0.00408700
v -0.02890200 -0.03919800 0.00414000
v -0.02860700 -0.03996800 0.00419200
v -0.03320100 -0.03393600 0.00184900
v -0.03260600 -0.03452500 0.00188000
v -0.03201600 -0.03511900 0.00191000
v -0.03144100 -0.03572700 0.00194000
v -0.03088700 -0.03635600 0.00197000
v -0.03036700 -0.03701400 0.00199900
v -0.02990900 -0.03767300 0.00202600
v -0.02946900 -0.03842500 0.00205500
v -0.02911400 -0.03917700 0.00208100
v -0.02883000 -0.03995500 0.00210700
v -0.02870000 -0.04075000 0.00001100
v -0.02868000 -0.04075000 0.00107400
v -0.02862000 -0.04074900 0.00213500
v -0.02852100 -0.04074900 0.00319200
v -0.02838200 -0.04074900 0.00424500
v -0.02820500 -0.04074900 0.00529100
v -0.02798900 -0.04074800 0.00633000
v -0.02773600 -0.04074800 0.00736100
v -0.02744500 -0.04074800 0.00838100
v -0.02711700 -0.04074800 0.00939000
v -0.02675200 -0.04074700 0.01038600
v -0.02635100 -0.04074700 0.01136900
v -0.02591500 -0.04074700 0.01233600
v -0.02544200 -0.04074700 0.01328600
v -0.02493500 -0.04074700 0.01421900
v -0.02439300 -0.04074600 0.01513300
v -0.02381600 -0.04074600 0.01602600
v -0.02320700 -0.04074600 0.01689600
v -0.02256500 -0.04074600 0.01774300
v -0.02189300 -0.04074500 0.01856500
v -0.02119100 -0.04074500 0.01936100
v -0.02046000 -0.04074500 0.02013000
v -0.01970100 -0.04074500 0.02087200
v -0.01891600 -0.04074500 0.02158600
v -0.01810500 -0.04074500 0.02227000
v -0.01727000 -0.04074400 0.02292400
v -0.01641100 -0.04074400 0.02354800
v -0.01553000 -0.04074400 0.02413900
v -0.01462800 -0.04074400 0.02469800
v -0.01370500 -0.04074400 0.02522400
v -0.01276400 -0.04074400 0.02571500
v -0.01180400 -0.04074400 0.02617100
v -0.03382900 -0.03334500 0.00000900
v -0.03342500 -0.03375100 0.00000900
v -0.03301900 -0.03415400 0.00000900
v -0.03221000 -0.03496400 0.00000900
v -0.03142300 -0.03579600 0.00000900
v -0.03068300 -0.03666900 0.00001000
v -0.03001500 -0.03759800 0.00001000
v -0.02944700 -0.03859200 0.00001000
v -0.02900400 -0.03964700 0.00001000
v -0.02883400 -0.04019300 0.00001000
v -0.02876300 -0.04047100 0.00001000
v -0.02871700 -0.04035000 0.00212000
v -0.02888700 -0.03994900 0.00106000
v -0.02877400 -0.04034700 0.00106600
v -0.02539500 -0.03333900 0.02628600
v -0.02592300 -0.03333900 0.02555100
v -0.02643500 -0.03333900 0.02480400
v -0.02693000 -0.03333900 0.02404600
v -0.02740800 -0.03333900 0.02327800
v -0.02787000 -0.03334000 0.02250000
v -0.02831500 -0.03334000 0.02171200
v -0.02874400 -0.03334000 0.02091400
v -0.02915500 -0.03334000 0.02010800
v -0.02955000 -0.03334000 0.01929300
v -0.02992800 -0.03334000 0.01847100
v -0.03028800 -0.03334100 0.01764100
v -0.03063100 -0.03334100 0.01680300
v -0.03095700 -0.03334100 0.01595900
v -0.03126600 -0.03334100 0.01510800
v -0.03155800 -0.03334100 0.01425100
v -0.03183200 -0.03334200 0.01338800
v -0.03208900 -0.03334200 0.01252000
v -0.03232800 -0.03334200 0.01164700
v -0.03254900 -0.03334200 0.01077000
v -0.03275300 -0.03334300 0.00988800
v -0.03294000 -0.03334300 0.00900200
v -0.03310800 -0.03334300 0.00811300
v -0.03325900 -0.03334300 0.00722000
v -0.03339300 -0.03334300 0.00632500
v -0.03350800 -0.03334400 0.00542700
v -0.03360600 -0.03334400 0.00452700
v -0.03368600 -0.03334400 0.00362600
v -0.03374900 -0.03334400 0.00272300
v -0.03379300 -0.03334400 0.00181900
v -0.03382000 -0.03334500 0.00091400
v -0.01082700 -0.04074400 0.02659000
v -0.01175200 -0.04038400 0.02666500
v -0.01267300 -0.04001300 0.02673000
v -0.01358900 -0.03963000 0.02678600
v -0.01450100 -0.03923600 0.02683400
v -0.01540800 -0.03882800 0.02687400
v -0.01630900 -0.03840700 0.02690800
v -0.01720300 -0.03797200 0.02693600
v -0.01809000 -0.03752200 0.02695800
v -0.01897000 -0.03705800 0.02697500
v -0.01984100 -0.03657800 0.02698800
v -0.02070300 -0.03608100 0.02699700
v -0.02155600 -0.03556800 0.02700300
v -0.02239800 -0.03503800 0.02700700
v -0.02322800 -0.03449000 0.02700900
v -0.02404600 -0.03392300 0.02700900
v 0.00000000 0.04158000 -0.02701000
v -0.02984200 -0.03090100 -0.02379600
v -0.03216500 -0.02847400 -0.02379700
v -0.03430100 -0.02586100 -0.02379800
v -0.03623100 -0.02307800 -0.02379800
v -0.03787700 -0.02026300 -0.02379900
v -0.03934800 -0.01723200 -0.02380000
v -0.04061100 -0.01399800 -0.02380000
v -0.04159000 -0.01074500 -0.02380100
v -0.04236600 -0.00709000 -0.02380200
v -0.04279300 -0.00372000 -0.02380300
v -0.04295300 -0.00032700 -0.02380400
v -0.04284400 0.00306800 -0.02380500
v -0.04246700 0.00644500 -0.02380500
v -0.04182400 0.00978100 -0.02380600
v -0.04091900 0.01305700 -0.02380700
v -0.03975900 0.01625100 -0.02380800
v -0.03834900 0.01934400 -0.02380800
v -0.03669800 0.02231700 -0.02380900
v -0.03481700 0.02515000 -0.02381000
v -0.03271800 0.02782600 -0.02381000
v -0.03041300 0.03032700 -0.02381100
v -0.02791700 0.03263900 -0.02381200
v -0.02524600 0.03474600 -0.02381200
v -0.02241600 0.03663500 -0.02381200
v -0.01944600 0.03829500 -0.02381300
v -0.01635300 0.03971300 -0.02381300
v -0.01315900 0.04088300 -0.02381300
v -0.00988200 0.04179600 -0.02381400
v -0.00645600 0.04246000 -0.02381400
v -0.00315500 0.04283200 -0.02381400
v -0.03067200 -0.03176000 -0.02052500
v -0.03306000 -0.02926600 -0.02052600
v -0.03525600 -0.02658000 -0.02052700
v -0.03724000 -0.02372000 -0.02052700
v -0.03893200 -0.02082600 -0.02052800
v -0.04044400 -0.01771000 -0.02052900
v -0.04174100 -0.01438700 -0.02053000
v -0.04274700 -0.01104300 -0.02053000
v -0.04354500 -0.00728700 -0.02053100
v -0.04398400 -0.00382300 -0.02053200
v -0.04414800 -0.00033500 -0.02053300
v -0.04403600 0.00315500 -0.02053400
v -0.04364900 0.00662500 -0.02053500
v -0.04298800 0.01005400 -0.02053500
v -0.04205900 0.01342100 -0.02053600
v -0.04086500 0.01670500 -0.02053700
v -0.03941600 0.01988400 -0.02053800
v -0.03772000 0.02293900 -0.02053800
v -0.03578600 0.02585100 -0.02053900
v -0.03362900 0.02860100 -0.02054000
v -0.03126000 0.03117200 -0.02054000
v -0.02869400 0.03354800 -0.02054100
v -0.02594900 0.03571400 -0.02054100
v -0.02304000 0.03765600 -0.02054200
v -0.01998700 0.03936100 -0.02054200
v -0.01680800 0.04082000 -0.02054300
v -0.01352500 0.04202200 -0.02054300
v -0.01015800 0.04296000 -0.02054300
v -0.00663600 0.04364300 -0.02054300
v -0.00324200 0.04402500 -0.02054300
v -0.03138000 -0.03249300 -0.01718800
v -0.03382400 -0.02994100 -0.01718900
v -0.03607000 -0.02719200 -0.01718900
v -0.03809900 -0.02426700 -0.01719000
v -0.03983100 -0.02130600 -0.01719100
v -0.04137800 -0.01811800 -0.01719200
v -0.04373400 -0.01129700 -0.01719300
v -0.04455000 -0.00745400 -0.01719400
v -0.04500000 -0.00391000 -0.01719500
v -0.04516800 -0.00034200 -0.01719600
v -0.04505300 0.00322800 -0.01719700
v -0.04465700 0.00677900 -0.01719800
v -0.04398100 0.01028700 -0.01719900
v -0.04303000 0.01373200 -0.01719900
v -0.04180900 0.01709100 -0.01720000
v -0.04032600 0.02034400 -0.01720100
v -0.03859000 0.02346900 -0.01720200
v -0.03661300 0.02644900 -0.01720200
v -0.03440500 0.02926200 -0.01720300
v -0.03198100 0.03189300 -0.01720400
v -0.02935700 0.03432400 -0.01720400
v -0.02654800 0.03654000 -0.01720500
v -0.02357200 0.03852600 -0.01720500
v -0.02044800 0.04027100 -0.01720600
v -0.01719700 0.04176300 -0.01720600
v -0.01383700 0.04299300 -0.01720600
v -0.01039200 0.04395300 -0.01720600
v -0.00678900 0.04465200 -0.01720700
v -0.00331700 0.04504300 -0.01720700
v -0.03445100 -0.03049500 -0.01380000
v -0.03673900 -0.02769600 -0.01380000
v -0.03880600 -0.02471600 -0.01380100
v -0.04057000 -0.02170000 -0.01380200
v -0.04454600 -0.01150600 -0.01380400
v -0.04537700 -0.00759200 -0.01380500
v -0.04583500 -0.00398200 -0.01380600
v -0.04600600 -0.00034800 -0.01380700
v -0.04588900 0.00328900 -0.01380800
v -0.04548500 0.00690600 -0.01380900
v -0.04479700 0.01047900 -0.01381000
v -0.04382800 0.01398800 -0.01381000
v -0.04258500 0.01740900 -0.01381100
v -0.04107400 0.02072200 -0.01381200
v -0.03930700 0.02390600 -0.01381300
v -0.03729200 0.02694000 -0.01381300
v -0.03504300 0.02980600 -0.01381400
v -0.03257500 0.03248600 -0.01381500
v -0.02990100 0.03496200 -0.01381500
v -0.02704000 0.03721900 -0.01381600
v -0.02400900 0.03924200 -0.01381600
v -0.02082800 0.04101900 -0.01381700
v -0.01751600 0.04253900 -0.01381700
v -0.01409400 0.04379200 -0.01381700
v -0.01058500 0.04476900 -0.01381800
v -0.00691500 0.04548100 -0.01381800
v -0.00337900 0.04587900 -0.01381800
v -0.03494100 -0.03092800 -0.01037000
v -0.03726100 -0.02808900 -0.01037100
v -0.03935800 -0.02506600 -0.01037200
v -0.04114600 -0.02200800 -0.01037300
v -0.04274400 -0.01871500 -0.01037300
v -0.04411600 -0.01520200 -0.01037400
v -0.04517900 -0.01166900 -0.01037500
v -0.04602200 -0.00769900 -0.01037600
v -0.04648600 -0.00403800 -0.01037700
v -0.04666000 -0.00035200 -0.01037800
v -0.04654100 0.00333700 -0.01037900
v -0.04613200 0.00700500 -0.01037900
v -0.04543400 0.01062900 -0.01038000
v -0.04445100 0.01418700 -0.01038100
v -0.04319000 0.01765700 -0.01038200
v -0.04165800 0.02101700 -0.01038300
v -0.03986500 0.02424600 -0.01038400
v -0.03782200 0.02732400 -0.01038400
v -0.03554100 0.03023100 -0.01038500
v -0.03303800 0.03294800 -0.01038600
v -0.03032600 0.03545900 -0.01038600
v -0.02742500 0.03774800 -0.01038700
v -0.02435100 0.03980100 -0.01038700
v -0.02112400 0.04160300 -0.01038800
v -0.01776500 0.04314400 -0.01038800
v -0.01429400 0.04441500 -0.01038800
v -0.01073500 0.04540700 -0.01038800
v -0.00701300 0.04612800 -0.01038900
v -0.00342700 0.04653200 -0.01038900
v -0.03529100 -0.03123700 -0.00691600
v -0.03763400 -0.02836900 -0.00691600
v -0.03975200 -0.02531600 -0.00691700
v -0.04155800 -0.02222700 -0.00691800
v -0.04317200 -0.01890100 -0.00691900
v -0.04455700 -0.01535400 -0.00692000
v -0.04563100 -0.01178500 -0.00692000
v -0.04648200 -0.00777500 -0.00692100
v -0.04695100 -0.00407700 -0.00692200
v -0.04712700 -0.00035400 -0.00692300
v -0.04700700 0.00337100 -0.00692400
v -0.04659400 0.00707600 -0.00692500
v -0.04588800 0.01073600 -0.00692600
v -0.04489600 0.01433000 -0.00692700
v -0.04362200 0.01783500 -0.00692800
v -0.04207500 0.02122900 -0.00692800
v -0.04026400 0.02449000 -0.00692900
v -0.03820100 0.02759800 -0.00693000
v -0.03589700 0.03053400 -0.00693100
v -0.03336800 0.03327900 -0.00693100
v -0.03063000 0.03581500 -0.00693200
v -0.02769900 0.03812700 -0.00693200
v -0.02459400 0.04020000 -0.00693300
v -0.02133500 0.04202000 -0.00693300
v -0.01794200 0.04357700 -0.00693400
v -0.01443800 0.04486000 -0.00693400
v -0.01084300 0.04586200 -0.00693400
v -0.00708300 0.04659100 -0.00693400
v -0.00346100 0.04699900 -0.00693400
v -0.03550000 -0.03142100 -0.00345100
v -0.03785700 -0.02853700 -0.00345200
v -0.03998800 -0.02546600 -0.00345300
v -0.04180500 -0.02235800 -0.00345300
v -0.04342800 -0.01901300 -0.00345400
v -0.04482200 -0.01544400 -0.00345500
v -0.04590200 -0.01185400 -0.00345600
v -0.04675800 -0.00782000 -0.00345700
v -0.04723000 -0.00410100 -0.00345800
v -0.04740600 -0.00035600 -0.00345900
v -0.04728600 0.00339200 -0.00346000
v -0.04687000 0.00711800 -0.00346000
v -0.04616000 0.01080100 -0.00346100
v -0.04516200 0.01441600 -0.00346200
v -0.04388100 0.01794200 -0.00346300
v -0.04232500 0.02135500 -0.00346400
v -0.04050300 0.02463600 -0.00346500
v -0.03842700 0.02776300 -0.00346500
v -0.03611000 0.03071600 -0.00346600
v -0.03356600 0.03347700 -0.00346700
v -0.03081200 0.03602800 -0.00346700
v -0.02786300 0.03835400 -0.00346800
v -0.02474000 0.04043900 -0.00346800
v -0.02146200 0.04227000 -0.00346900
v -0.01804900 0.04383600 -0.00346900
v -0.01452300 0.04512700 -0.00346900
v -0.01090700 0.04613500 -0.00347000
v -0.00712500 0.04686800 -0.00347000
v -0.00348200 0.04727800 -0.00347000
v -0.02485000 -0.03335100 -0.02699200
v -0.02536500 -0.03335100 -0.02630800
v -0.02587400 -0.03335100 -0.02560200
v -0.02637500 -0.03335100 -0.02487400
v -0.02686800 -0.03335100 -0.02412500
v -0.02735200 -0.03335000 -0.02335200
v -0.02782600 -0.03335000 -0.02255800
v -0.02828900 -0.03335000 -0.02174000
v -0.02874200 -0.03335000 -0.02090000
v -0.02913800 -0.03335000 -0.02012600
v -0.02952200 -0.03334900 -0.01933400
v -0.02989500 -0.03334900 -0.01852500
v -0.03025600 -0.03334900 -0.01769900
v -0.03060400 -0.03334900 -0.01685500
v -0.03093800 -0.03334900 -0.01599400
v -0.03126300 -0.03334800 -0.01509800
v -0.03156200 -0.03334800 -0.01422100
v -0.03182800 -0.03334800 -0.01338400
v -0.03207900 -0.03334800 -0.01253600
v -0.03231500 -0.03334800 -0.01167600
v -0.03253600 -0.03334700 -0.01080500
v -0.03274200 -0.03334700 -0.00991800
v -0.03293300 -0.03334700 -0.00901600
v -0.03310500 -0.03334700 -0.00811100
v -0.03325700 -0.03334700 -0.00721600
v -0.03339000 -0.03334600 -0.00632700
v -0.03350500 -0.03334600 -0.00543400
v -0.03360400 -0.03334600 -0.00453600
v -0.03368400 -0.03334600 -0.00363400
v -0.03374700 -0.03334600 -0.00272800
v -0.03379200 -0.03334500 -0.00181900
v -0.03382000 -0.03334500 -0.00090700
v -0.03382900 -0.03334500 0.00000900
v -0.03027200 -0.03134600 -0.02217000
v -0.02857300 -0.03207800 -0.02379600
v -0.02898500 -0.03254000 -0.02217000
v -0.03104200 -0.03214200 -0.01886500
v -0.03369000 -0.03228600 -0.01037000
v -0.03471300 -0.03072700 -0.01208900
v -0.03321800 -0.03183400 -0.01379900
v -0.03347100 -0.03207600 -0.01208900
v -0.03402700 -0.03260800 -0.00691500
v -0.03513300 -0.03109800 -0.00864500
v -0.03387600 -0.03246300 -0.00864500
v -0.03422900 -0.03280100 -0.00345100
v -0.03541300 -0.03134400 -0.00518400
v -0.03414500 -0.03272100 -0.00518300
v -0.03555200 -0.03146700 -0.00172000
v -0.03427900 -0.03284800 -0.00172000
v 0.00000000 0.04750000 -0.00001000
v 0.00000000 0.04747600 -0.00174000
v 0.00000000 0.04740600 -0.00347300
v 0.00000000 0.04728900 -0.00520700
v 0.00000000 0.04712500 -0.00694100
v 0.00000000 0.04691500 -0.00867200
v 0.00000000 0.04665700 -0.01039800
v 0.00000000 0.04635200 -0.01211800
v 0.00000000 0.04600100 -0.01383000
v 0.00000000 0.04560400 -0.01553200
v 0.00000000 0.04516000 -0.01722200
v 0.00000000 0.04467200 -0.01889800
v 0.00000000 0.04413900 -0.02055800
v 0.00000000 0.04356300 -0.02220100
v 0.00000000 0.04294400 -0.02382500
v 0.00000000 0.04228200 -0.02542900
v -0.00280900 0.04148500 -0.02701000
v -0.00560500 0.04120000 -0.02700900
v -0.00837600 0.04072800 -0.02700900
v -0.01110800 0.04006900 -0.02700900
v -0.01379000 0.03922700 -0.02700900
v -0.01640800 0.03820600 -0.02700900
v -0.01895200 0.03701000 -0.02700900
v -0.02140900 0.03564600 -0.02700800
v -0.02376800 0.03411800 -0.02700800
v -0.02601900 0.03243500 -0.02700700
v -0.02815100 0.03060300 -0.02700700
v -0.03015400 0.02863200 -0.02700700
v -0.03202000 0.02652900 -0.02700600
v -0.03373900 0.02430600 -0.02700600
v -0.03530400 0.02197200 -0.02700500
v -0.03670800 0.01953700 -0.02700400
v -0.03794400 0.01701200 -0.02700400
v -0.03900700 0.01441100 -0.02700300
v -0.03989200 0.01174300 -0.02700300
v -0.04059500 0.00902100 -0.02700200
v -0.04111200 0.00625900 -0.02700100
v -0.04144100 0.00346700 -0.02700100
v -0.04158100 0.00066000 -0.02700000
v -0.04153100 -0.00215000 -0.02699900
v -0.04129100 -0.00495000 -0.02699900
v -0.04086300 -0.00772800 -0.02699800
v -0.04024800 -0.01047100 -0.02699700
v -0.03944900 -0.01316500 -0.02699700
v -0.03847100 -0.01580000 -0.02699600
v -0.03731600 -0.01836200 -0.02699500
v -0.03599100 -0.02084100 -0.02699500
v -0.03450100 -0.02322500 -0.02699400
v -0.03285400 -0.02550200 -0.02699400
v -0.03105700 -0.02766300 -0.02699300
v -0.02911800 -0.02969800 -0.02699300
v -0.02704600 -0.03159700 -0.02699200
v -0.03496900 -0.03214700 0.00000800
v -0.03607700 -0.03089800 0.00000800
v -0.03715000 -0.02959900 0.00000800
v -0.03818600 -0.02825100 0.00000700
v -0.03918000 -0.02685400 0.00000700
v -0.04013100 -0.02541200 0.00000700
v -0.04103400 -0.02392600 0.00000600
v -0.04188800 -0.02239800 0.00000600
v -0.04268900 -0.02083100 0.00000600
v -0.04343400 -0.01922800 0.00000500
v -0.04412300 -0.01759100 0.00000500
v -0.04475200 -0.01592300 0.00000400
v -0.04531900 -0.01422800 0.00000400
v -0.04582300 -0.01251000 0.00000400
v -0.04626300 -0.01077100 0.00000300
v -0.04663700 -0.00901500 0.00000300
v -0.04694400 -0.00724700 0.00000200
v -0.04718400 -0.00546900 0.00000200
v -0.04735700 -0.00368600 0.00000200
v -0.04746200 -0.00190200 0.00000100
v -0.04750000 -0.00012000 0.00000100
v -0.04747100 0.00165600 0.00000000
v -0.04737700 0.00342100 0.00000000
v -0.04721800 0.00517400 -0.00000100
v -0.04699500 0.00691000 -0.00000100
v -0.04671000 0.00862500 -0.00000100
v -0.04636600 0.01031800 -0.00000200
v -0.04596400 0.01198400 -0.00000200
v -0.04550500 0.01362200 -0.00000300
v -0.04499300 0.01522700 -0.00000300
v -0.04443000 0.01679900 -0.00000300
v -0.04381900 0.01833500 -0.00000400
v -0.04315400 0.01984900 -0.00000400
v -0.04243000 0.02135400 -0.00000400
v -0.04164500 0.02284600 -0.00000500
v -0.04080100 0.02432100 -0.00000500
v -0.03989700 0.02577800 -0.00000500
v -0.03893300 0.02721100 -0.00000600
v -0.03791100 0.02861800 -0.00000600
v -0.03683100 0.02999500 -0.00000600
v -0.03569500 0.03133900 -0.00000700
v -0.03450400 0.03264600 -0.00000700
v -0.03325900 0.03391300 -0.00000700
v -0.03196400 0.03513700 -0.00000800
v -0.03061900 0.03631400 -0.00000800
v -0.02922800 0.03744300 -0.00000800
v -0.02779400 0.03852000 -0.00000800
v -0.02631900 0.03954200 -0.00000900
v -0.02480600 0.04050800 -0.00000900
v -0.02325900 0.04141600 -0.00000900
v -0.02168100 0.04226400 -0.00000900
v -0.02007500 0.04304900 -0.00001000
v -0.01844600 0.04377200 -0.00001000
v -0.01679700 0.04443100 -0.00001000
v -0.01513200 0.04502500 -0.00001000
v -0.01345300 0.04555500 -0.00001000
v -0.01176600 0.04602000 -0.00001000
v -0.01007400 0.04642000 -0.00001000
v -0.00837900 0.04675500 -0.00001000
v -0.00668700 0.04702700 -0.00001000
v -0.00500000 0.04723600 -0.00001000
v -0.00332100 0.04738400 -0.00001000
v -0.00165300 0.04747100 -0.00001000
v -0.04398800 -0.01525200 -0.01099700
v -0.04368400 -0.01604800 -0.01110400
v -0.04322100 -0.01702800 -0.01157800
v -0.04278100 -0.01774200 -0.01232100
v -0.04242000 -0.01814500 -0.01319800
v -0.04215900 -0.01825100 -0.01411200
v -0.04200800 -0.01807900 -0.01500500
v -0.04198000 -0.01762500 -0.01583300
v -0.04209400 -0.01688000 -0.01651700
v -0.04236200 -0.01588500 -0.01692900
v -0.04275100 -0.01478200 -0.01695900
v -0.04319400 -0.01375800 -0.01659700
v -0.04362100 -0.01295900 -0.01592900
v -0.04398700 -0.01245500 -0.01507700
v -0.04426600 -0.01225700 -0.01415000
v -0.04444600 -0.01235300 -0.01322900
v -0.04452000 -0.01273000 -0.01237300
v -0.04447000 -0.01338600 -0.01164900
v -0.04428400 -0.01427800 -0.01116000
v -0.04346100 -0.01698500 -0.01037400
v -0.04416200 -0.01140700 -0.01550500
v -0.04467900 -0.01345700 -0.01037500
v -0.04488500 -0.01159300 -0.01209400
v -0.01796500 -0.03499200 0.02830500
v -0.01573700 -0.03660000 0.02809600
v -0.01344200 -0.03808400 0.02787600
v -0.01109800 -0.03946000 0.02763300
v -0.01346800 -0.03493400 0.02909600
v -0.01180400 -0.03651500 0.02882300
v -0.01009000 -0.03800100 0.02854500
v -0.00833700 -0.03940600 0.02825700
v -0.00892000 -0.03488100 0.02953800
v -0.00782400 -0.03643800 0.02927500
v -0.00669200 -0.03792700 0.02899500
v -0.00553400 -0.03935900 0.02869600
v -0.00424800 -0.03482400 0.02975400
v -0.00372800 -0.03635400 0.02952300
v -0.00319100 -0.03784800 0.02926000
v -0.00264000 -0.03930900 0.02896400
v -0.01904700 -0.03413600 0.02840900
v -0.02017500 -0.03502800 0.02773100
v -0.02138900 -0.03415600 0.02779400
v 0.00000000 -0.04074300 0.02871100
v -0.00277200 -0.04074300 0.02857600
v -0.00551600 -0.04074300 0.02817400
v -0.00820900 -0.04074300 0.02751100
v -0.02485100 -0.03333800 0.02700900
v -0.02337500 -0.03333800 0.02755500
v -0.02188100 -0.03333800 0.02802300
v -0.02036900 -0.03333800 0.02842200
v -0.01884000 -0.03333800 0.02875600
v -0.01729700 -0.03333800 0.02903400
v -0.01574100 -0.03333800 0.02926100
v -0.01417300 -0.03333800 0.02944500
v -0.01259600 -0.03333800 0.02959300
v -0.01101600 -0.03333800 0.02970900
v -0.00944200 -0.03333800 0.02980000
v -0.00787100 -0.03333800 0.02986800
v -0.00630200 -0.03333800 0.02991600
v -0.00473200 -0.03333800 0.02994800
v -0.00315900 -0.03333800 0.02996600
v -0.00158300 -0.03333800 0.02997500
v 0.00000000 -0.03333800 0.02997700
v -0.01082700 -0.04074400 0.02659000
v -0.01175200 -0.04038400 0.02666500
v -0.01267300 -0.04001300 0.02673000
v -0.01358900 -0.03963000 0.02678600
v -0.01450100 -0.03923600 0.02683400
v -0.01540800 -0.03882800 0.02687400
v -0.01630900 -0.03840700 0.02690800
v -0.01720300 -0.03797200 0.02693600
v -0.01809000 -0.03752200 0.02695800
v -0.01897000 -0.03705800 0.02697500
v -0.01984100 -0.03657800 0.02698800
v -0.02070300 -0.03608100 0.02699700
v -0.02155600 -0.03556800 0.02700300
v -0.02239800 -0.03503800 0.02700700
v -0.02322800 -0.03449000 0.02700900
v -0.02404600 -0.03392300 0.02700900
v 0.00000000 -0.03520400 0.02975600
v 0.00000000 -0.03706200 0.02947100
v 0.00000000 -0.03890900 0.02912200
v 0.00000000 0.04159300 0.02699100
v -0.00334900 0.04282900 0.02379500
v -0.00674200 0.04242700 0.02379500
v -0.01003700 0.04177000 0.02379500
v -0.01328500 0.04085300 0.02379600
v -0.01646200 0.03968000 0.02379600
v -0.01942500 0.03831700 0.02379600
v -0.02236800 0.03667600 0.02379600
v -0.02525600 0.03475000 0.02379700
v -0.02792200 0.03264600 0.02379700
v -0.03065300 0.03009600 0.02379800
v -0.03293500 0.02758000 0.02379900
v -0.03501100 0.02489100 0.02379900
v -0.03686800 0.02204600 0.02380000
v -0.03849500 0.01906300 0.02380100
v -0.03988100 0.01596100 0.02380100
v -0.04101700 0.01275900 0.02380200
v -0.04189700 0.00947600 0.02380300
v -0.04251500 0.00613300 0.02380400
v -0.04286600 0.00275100 0.02380400
v -0.04294900 -0.00064800 0.02380500
v -0.04276300 -0.00404400 0.02380600
v -0.04230800 -0.00741500 0.02380700
v -0.04158800 -0.01074000 0.02380800
v -0.04060700 -0.01399800 0.02380900
v -0.03937100 -0.01716800 0.02380900
v -0.03788900 -0.02023100 0.02381000
v -0.03616800 -0.02316600 0.02381100
v -0.03422100 -0.02595500 0.02381100
v -0.03206000 -0.02858100 0.02381200
v -0.02963300 -0.03109000 0.02381300
v -0.00344200 0.04402000 0.02052400
v -0.00693000 0.04360700 0.02052400
v -0.01031600 0.04293200 0.02052400
v -0.01365500 0.04199000 0.02052400
v -0.01692000 0.04078400 0.02052500
v -0.01996500 0.03938200 0.02052500
v -0.02299000 0.03769600 0.02052500
v -0.02595900 0.03571700 0.02052600
v -0.02870000 0.03355400 0.02052600
v -0.03150600 0.03093300 0.02052700
v -0.03385200 0.02834600 0.02052800
v -0.03598600 0.02558300 0.02052800
v -0.03789400 0.02265900 0.02052900
v -0.03956600 0.01959300 0.02053000
v -0.04099100 0.01640500 0.02053000
v -0.04215900 0.01311300 0.02053100
v -0.04306300 0.00973900 0.02053200
v -0.04369800 0.00630300 0.02053300
v -0.04405900 0.00282700 0.02053400
v -0.04414500 -0.00066700 0.02053400
v -0.04395300 -0.00415800 0.02053500
v -0.04348600 -0.00762300 0.02053600
v -0.04274600 -0.01104000 0.02053700
v -0.04173800 -0.01438900 0.02053800
v -0.04046700 -0.01764700 0.02053900
v -0.03894300 -0.02079500 0.02053900
v -0.03717500 -0.02381200 0.02054000
v -0.03517400 -0.02667900 0.02054100
v -0.03295200 -0.02937800 0.02054100
v -0.03045800 -0.03195600 0.02054200
v -0.00352100 0.04503600 0.01718700
v -0.00709000 0.04461300 0.01718700
v -0.01055400 0.04392300 0.01718700
v -0.01397000 0.04295800 0.01718700
v -0.01731100 0.04172400 0.01718800
v -0.02042600 0.04029100 0.01718800
v -0.02352100 0.03856600 0.01718800
v -0.02655800 0.03654000 0.01718900
v -0.02936200 0.03432700 0.01718900
v -0.03223400 0.03164600 0.01719000
v -0.03463400 0.02900000 0.01719100
v -0.03681700 0.02617200 0.01719100
v -0.04048000 0.02004500 0.01719300
v -0.04193700 0.01678200 0.01719300
v -0.04313200 0.01341500 0.01719400
v -0.04405800 0.00996200 0.01719500
v -0.04470700 0.00644700 0.01719600
v -0.04507700 0.00289100 0.01719700
v -0.04516400 -0.00068400 0.01719800
v -0.04496800 -0.00425500 0.01719800
v -0.04449000 -0.00780000 0.01719900
v -0.04373300 -0.01129600 0.01720000
v -0.04270100 -0.01472200 0.01720100
v -0.04140200 -0.01805500 0.01720200
v -0.03984200 -0.02127600 0.01720300
v -0.03803300 -0.02436200 0.01720300
v -0.03598600 -0.02729600 0.01720400
v -0.03371300 -0.03005700 0.01720500
v -0.03116100 -0.03269500 0.01720500
v -0.00358700 0.04587000 0.01379800
v -0.00722100 0.04544000 0.01379800
v -0.01075000 0.04473700 0.01379800
v -0.01423000 0.04375500 0.01379800
v -0.01763200 0.04249800 0.01379800
v -0.02080500 0.04103700 0.01379900
v -0.02395800 0.03928000 0.01379900
v -0.02705100 0.03721800 0.01380000
v -0.02990700 0.03496400 0.01380000
v -0.03283200 0.03223200 0.01380100
v -0.03527600 0.02953700 0.01380100
v -0.04271500 0.01709300 0.01380400
v -0.04393300 0.01366300 0.01380500
v -0.04487500 0.01014600 0.01380600
v -0.04553700 0.00656600 0.01380700
v -0.04591300 0.00294400 0.01380800
v -0.04600200 -0.00069700 0.01380900
v -0.04580200 -0.00433400 0.01380900
v -0.04531500 -0.00794500 0.01381000
v -0.04454400 -0.01150600 0.01381100
v -0.04349400 -0.01499600 0.01381200
v -0.04217000 -0.01839100 0.01381300
v -0.04058200 -0.02167100 0.01381400
v -0.03873900 -0.02481500 0.01381400
v -0.03665300 -0.02780300 0.01381500
v -0.03433900 -0.03061600 0.01381600
v -0.00363800 0.04652100 0.01036800
v -0.00732400 0.04608500 0.01036800
v -0.01090300 0.04537200 0.01036800
v -0.01443200 0.04437500 0.01036900
v -0.01788200 0.04310100 0.01036900
v -0.02110100 0.04162000 0.01036900
v -0.02429800 0.03983800 0.01037000
v -0.02743500 0.03774600 0.01037000
v -0.03033200 0.03546000 0.01037100
v -0.03329800 0.03269000 0.01037100
v -0.03577700 0.02995600 0.01037200
v -0.03803300 0.02703500 0.01037300
v -0.04005000 0.02394500 0.01037300
v -0.04181700 0.02070500 0.01037400
v -0.04332200 0.01733500 0.01037500
v -0.04455700 0.01385600 0.01037600
v -0.04551300 0.01029000 0.01037700
v -0.04618400 0.00665900 0.01037800
v -0.04656600 0.00298500 0.01037800
v -0.04665600 -0.00070800 0.01037900
v -0.04645300 -0.00439700 0.01038000
v -0.04595900 -0.00805900 0.01038100
v -0.04517700 -0.01167100 0.01038200
v -0.04411200 -0.01521000 0.01038300
v -0.04276900 -0.01865300 0.01038400
v -0.04115800 -0.02198000 0.01038400
v -0.03928900 -0.02516900 0.01038500
v -0.03717400 -0.02819900 0.01038600
v -0.03482700 -0.03105200 0.01038700
v -0.00367400 0.04698600 0.00691400
v -0.00739700 0.04654500 0.00691400
v -0.01101200 0.04582500 0.00691400
v -0.01457600 0.04481900 0.00691400
v -0.01806100 0.04353100 0.00691400
v -0.02131200 0.04203500 0.00691500
v -0.02454100 0.04023600 0.00691500
v -0.02771000 0.03812300 0.00691600
v -0.03063600 0.03581400 0.00691600
v -0.03363200 0.03301600 0.00691700
v -0.03613600 0.03025500 0.00691700
v -0.03841300 0.02730500 0.00691800
v -0.04045100 0.02418400 0.00691900
v -0.04223500 0.02091100 0.00692000
v -0.04375600 0.01750800 0.00692000
v -0.04500300 0.01399400 0.00692100
v -0.04596800 0.01039200 0.00692200
v -0.04664600 0.00672400 0.00692300
v -0.04703200 0.00301400 0.00692400
v -0.04712300 -0.00071600 0.00692500
v -0.04691800 -0.00444200 0.00692600
v -0.04641900 -0.00814000 0.00692700
v -0.04562900 -0.01178800 0.00692700
v -0.04455300 -0.01536300 0.00692800
v -0.04319700 -0.01884100 0.00692900
v -0.04157000 -0.02220100 0.00693000
v -0.03968300 -0.02542100 0.00693100
v -0.03754600 -0.02848200 0.00693100
v -0.03517500 -0.03136300 0.00693200
v -0.00369600 0.04726400 0.00344900
v -0.00744100 0.04682100 0.00344900
v -0.01107700 0.04609600 0.00344900
v -0.01466300 0.04508400 0.00344900
v -0.01816800 0.04378900 0.00345000
v -0.02143900 0.04228400 0.00345000
v -0.02468700 0.04047300 0.00345100
v -0.02787400 0.03834800 0.00345100
v -0.03081700 0.03602500 0.00345200
v -0.03383100 0.03321100 0.00345200
v -0.03635000 0.03043400 0.00345300
v -0.03864100 0.02746600 0.00345400
v -0.04069100 0.02432600 0.00345400
v -0.04248600 0.02103500 0.00345500
v -0.04401500 0.01761100 0.00345600
v -0.04527000 0.01407600 0.00345700
v -0.04624100 0.01045300 0.00345800
v -0.04692300 0.00676300 0.00345800
v -0.04731100 0.00303100 0.00345900
v -0.04740200 -0.00072100 0.00346000
v -0.04719600 -0.00446900 0.00346100
v -0.04669500 -0.00819000 0.00346200
v -0.04590000 -0.01185900 0.00346300
v -0.04481700 -0.01545500 0.00346400
v -0.04345300 -0.01895400 0.00346500
v -0.04181700 -0.02233300 0.00346500
v -0.03991800 -0.02557300 0.00346600
v -0.03776900 -0.02865200 0.00346700
v -0.03538400 -0.03155000 0.00346800
v -0.03382900 -0.03334500 0.00000900
v -0.03382000 -0.03334500 0.00091400
v -0.03379300 -0.03334400 0.00181900
v -0.03374900 -0.03334400 0.00272300
v -0.03368600 -0.03334400 0.00362600
v -0.03360600 -0.03334400 0.00452700
v -0.03350800 -0.03334400 0.00542700
v -0.03339300 -0.03334300 0.00632500
v -0.03325900 -0.03334300 0.00722000
v -0.03310800 -0.03334300 0.00811300
v -0.03294000 -0.03334300 0.00900200
v -0.03275300 -0.03334300 0.00988800
v -0.03254900 -0.03334200 0.01077000
v -0.03232800 -0.03334200 0.01164700
v -0.03208900 -0.03334200 0.01252000
v -0.03183200 -0.03334200 0.01338800
v -0.03155800 -0.03334100 0.01425100
v -0.03126600 -0.03334100 0.01510800
v -0.03095700 -0.03334100 0.01595900
v -0.03063100 -0.03334100 0.01680300
v -0.03028800 -0.03334100 0.01764100
v -0.02992800 -0.03334000 0.01847100
v -0.02955000 -0.03334000 0.01929300
v -0.02915500 -0.03334000 0.02010800
v -0.02874400 -0.03334000 0.02091400
v -0.02831500 -0.03334000 0.02171200
v -0.02787000 -0.03334000 0.02250000
v -0.02740800 -0.03333900 0.02327800
v -0.02693000 -0.03333900 0.02404600
v -0.02643500 -0.03333900 0.02480400
v -0.02592300 -0.03333900 0.02555100
v -0.02539500 -0.03333900 0.02628600
v -0.02485100 -0.03333800 0.02700900
v -0.03405600 -0.03297800 0.00346800
v -0.03385600 -0.03278300 0.00693300
v -0.03529700 -0.03147200 0.00520000
v -0.03397300 -0.03289700 0.00520100
v -0.03352000 -0.03245700 0.01038700
v -0.03501800 -0.03122300 0.00866200
v -0.03370500 -0.03263700 0.00866200
v -0.03305000 -0.03200200 0.01381600
v -0.03460000 -0.03084900 0.01210500
v -0.03330200 -0.03224600 0.01210600
v -0.02918300 -0.03312400 0.02054200
v -0.03082500 -0.03234200 0.01888100
v -0.02839300 -0.03222600 0.02381300
v -0.03006000 -0.03153900 0.02218700
v -0.02880200 -0.03269200 0.02218700
v 0.00000000 0.04750000 -0.00001000
v -0.00165300 0.04747100 -0.00001000
v -0.00332100 0.04738400 -0.00001000
v -0.00500000 0.04723600 -0.00001000
v -0.00668700 0.04702700 -0.00001000
v -0.00837900 0.04675500 -0.00001000
v -0.01007400 0.04642000 -0.00001000
v -0.01176600 0.04602000 -0.00001000
v -0.01345300 0.04555500 -0.00001000
v -0.01513200 0.04502500 -0.00001000
v -0.01679700 0.04443100 -0.00001000
v -0.01844600 0.04377200 -0.00001000
v -0.02007500 0.04304900 -0.00001000
v -0.02168100 0.04226400 -0.00000900
v -0.02325900 0.04141600 -0.00000900
v -0.02480600 0.04050800 -0.00000900
v -0.02631900 0.03954200 -0.00000900
v -0.02779400 0.03852000 -0.00000800
v -0.02922800 0.03744300 -0.00000800
v -0.03061900 0.03631400 -0.00000800
v -0.03196400 0.03513700 -0.00000800
v -0.03325900 0.03391300 -0.00000700
v -0.03450400 0.03264600 -0.00000700
v -0.03569500 0.03133900 -0.00000700
v -0.03683100 0.02999500 -0.00000600
v -0.03791100 0.02861800 -0.00000600
v -0.03893300 0.02721100 -0.00000600
v -0.03989700 0.02577800 -0.00000500
v -0.04080100 0.02432100 -0.00000500
v -0.04164500 0.02284600 -0.00000500
v -0.04243000 0.02135400 -0.00000400
v -0.04315400 0.01984900 -0.00000400
v -0.04381900 0.01833500 -0.00000400
v -0.04443000 0.01679900 -0.00000300
v -0.04499300 0.01522700 -0.00000300
v -0.04550500 0.01362200 -0.00000300
v -0.04596400 0.01198400 -0.00000200
v -0.04636600 0.01031800 -0.00000200
v -0.04671000 0.00862500 -0.00000100
v -0.04699500 0.00691000 -0.00000100
v -0.04721800 0.00517400 -0.00000100
v -0.04737700 0.00342100 0.00000000
v -0.04747100 0.00165600 0.00000000
v -0.04750000 -0.00012000 0.00000100
v -0.04746200 -0.00190200 0.00000100
v -0.04735700 -0.00368600 0.00000200
v -0.04718400 -0.00546900 0.00000200
v -0.04694400 -0.00724700 0.00000200
v -0.04663700 -0.00901500 0.00000300
v -0.04626300 -0.01077100 0.00000300
v -0.04582300 -0.01251000 0.00000400
v -0.04531900 -0.01422800 0.00000400
v -0.04475200 -0.01592300 0.00000400
v -0.04412300 -0.01759100 0.00000500
v -0.04343400 -0.01922800 0.00000500
v -0.04268900 -0.02083100 0.00000600
v -0.04188800 -0.02239800 0.00000600
v -0.04103400 -0.02392600 0.00000600
v -0.04013100 -0.02541200 0.00000700
v -0.03918000 -0.02685400 0.00000700
v -0.03818600 -0.02825100 0.00000700
v -0.03715000 -0.02959900 0.00000800
v -0.03607700 -0.03089800 0.00000800
v -0.03496900 -0.03214700 0.00000800
v 0.00000000 0.04229400 0.02541000
v 0.00000000 0.04295500 0.02380700
v 0.00000000 0.04357400 0.02218200
v 0.00000000 0.04414900 0.02053900
v 0.00000000 0.04468100 0.01887800
v 0.00000000 0.04516900 0.01720200
v 0.00000000 0.04561100 0.01551200
v 0.00000000 0.04600800 0.01381000
v 0.00000000 0.04635800 0.01209800
v 0.00000000 0.04666200 0.01037800
v 0.00000000 0.04691900 0.00865100
v 0.00000000 0.04712900 0.00692000
v 0.00000000 0.04729200 0.00518600
v 0.00000000 0.04740800 0.00345200
v 0.00000000 0.04747700 0.00171900
v -0.02704600 -0.03158400 0.02700900
v -0.02911800 -0.02968500 0.02700800
v -0.03105700 -0.02765000 0.02700800
v -0.03285400 -0.02548900 0.02700700
v -0.03450200 -0.02321200 0.02700700
v -0.03599100 -0.02082800 0.02700600
v -0.03731600 -0.01835000 0.02700600
v -0.03847100 -0.01578700 0.02700500
v -0.03945000 -0.01315200 0.02700400
v -0.04024900 -0.01045800 0.02700400
v -0.04086300 -0.00771500 0.02700300
v -0.04129200 -0.00493700 0.02700200
v -0.04153100 -0.00213700 0.02700200
v -0.04158100 0.00067300 0.02700100
v -0.04144100 0.00348000 0.02700000
v -0.04111200 0.00627200 0.02700000
v -0.04059500 0.00903400 0.02699900
v -0.03989200 0.01175600 0.02699800
v -0.03900800 0.01442400 0.02699800
v -0.03794500 0.01702500 0.02699700
v -0.03670800 0.01955000 0.02699700
v -0.03530400 0.02198400 0.02699600
v -0.03373900 0.02431900 0.02699500
v -0.03202000 0.02654200 0.02699500
v -0.03015400 0.02864500 0.02699400
v -0.02815100 0.03061600 0.02699400
v -0.02601900 0.03244800 0.02699300
v -0.02376900 0.03413100 0.02699300
v -0.02140900 0.03565900 0.02699300
v -0.01895200 0.03702300 0.02699200
v -0.01640900 0.03821900 0.02699200
v -0.01379000 0.03924000 0.02699200
v -0.01110800 0.04008200 0.02699200
v -0.00837600 0.04074100 0.02699200
v -0.00560500 0.04121300 0.02699100
v -0.00280900 0.04149800 0.02699100
v -0.03848500 0.02375400 0.01699400
v -0.03918500 0.02268600 0.01679900
v -0.03987900 0.02175700 0.01623300
v -0.04050500 0.02106700 0.01532600
v -0.04096900 0.02075800 0.01416600
v -0.04116500 0.02096700 0.01291200
v -0.04114300 0.02126100 0.01233500
v -0.04103900 0.02166300 0.01184200
v -0.04061700 0.02268500 0.01119400
v -0.04001100 0.02380700 0.01099500
v -0.03930900 0.02487300 0.01121300
v -0.03858400 0.02579200 0.01179400
v -0.03792800 0.02645400 0.01268000
v -0.03743100 0.02674800 0.01381700
v -0.03728300 0.02671300 0.01444600
v -0.03722500 0.02654400 0.01506600
v -0.03725800 0.02625400 0.01564000
v -0.03738200 0.02585900 0.01613100
v -0.03784700 0.02486300 0.01678100
v -0.04096400 0.02234600 0.01037400
v -0.03641200 0.02812400 0.01380200
v -0.03574900 0.02761300 0.01719100
v -0.03497200 0.02928300 0.01550200
v -0.03609900 0.02788200 0.01550200
v 0.00000000 -0.02325700 -0.02999400
v -0.01650000 -0.00000700 -0.02999900
v 0.00000000 0.03299300 -0.03000700
v 0.00000000 -0.00600700 -0.02999800
v -0.01650000 -0.01650700 -0.02999500
v -0.00825000 -0.00000700 -0.02999900
v -0.00825000 -0.01650700 -0.02999500
v 0.00000000 0.00599300 -0.03000100
v -0.00185400 0.00569900 -0.03000000
v -0.00352700 0.00484700 -0.03000000
v -0.00485400 0.00352000 -0.03000000
v -0.00570600 0.00184700 -0.03000000
v -0.00600000 -0.00000700 -0.02999900
v -0.00570600 -0.00186100 -0.02999900
v -0.00485400 -0.00353400 -0.02999800
v -0.00352700 -0.00486100 -0.02999800
v -0.00185400 -0.00571400 -0.02999800
v -0.01650000 0.01649300 -0.03000300
v -0.00825000 0.01649300 -0.03000300
v -0.00825000 0.00824300 -0.03000100
v -0.00412500 0.01649300 -0.03000300
v -0.00412500 0.00824300 -0.03000100
v -0.00825000 -0.00825700 -0.02999700
v -0.00412500 -0.00825700 -0.02999700
v -0.00825000 0.00411800 -0.03000000
v -0.00618700 0.00824300 -0.03000100
v -0.00618700 0.00411800 -0.03000000
v -0.01650000 0.00824300 -0.03000100
v -0.01237500 0.01649300 -0.03000300
v -0.01237500 -0.00000700 -0.02999900
v -0.01237500 0.00824300 -0.03000100
v -0.02475000 -0.00000700 -0.02999900
v -0.02475000 0.01649300 -0.03000300
v -0.00825000 -0.00413200 -0.02999800
v -0.00618800 -0.00825700 -0.02999700
v -0.00618800 -0.00413200 -0.02999800
v -0.01650000 -0.00825700 -0.02999700
v -0.01237500 -0.01650700 -0.02999500
v -0.01237500 -0.00825700 -0.02999700
v -0.02475000 -0.01650700 -0.02999500
v -0.00206300 -0.00825700 -0.02999700
v 0.00000000 -0.01275700 -0.02999600
v -0.00162200 -0.01301400 -0.02999600
v -0.00308600 -0.01376000 -0.02999600
v -0.00424700 -0.01492100 -0.02999600
v -0.00499300 -0.01638500 -0.02999500
v -0.00525000 -0.01800700 -0.02999500
v -0.00499300 -0.01963000 -0.02999400
v -0.00424700 -0.02109300 -0.02999400
v -0.00308600 -0.02225500 -0.02999400
v -0.00162200 -0.02300000 -0.02999400
v -0.00412500 -0.01238200 -0.02999600
v -0.00825000 -0.02475700 -0.02999300
v -0.00825000 -0.01238200 -0.02999600
v -0.00618800 -0.01650700 -0.02999500
v -0.00618800 -0.01238200 -0.02999600
v -0.00825000 -0.02063200 -0.02999400
v -0.00618800 -0.02475700 -0.02999300
v -0.00618800 -0.02063200 -0.02999400
v -0.01650000 -0.02475700 -0.02999300
v -0.01237500 -0.02475700 -0.02999300
v 0.00000000 -0.03300700 -0.02999100
v -0.00287600 -0.03288200 -0.02999100
v -0.00573000 -0.03250600 -0.02999100
v -0.00854100 -0.03188300 -0.02999200
v -0.01128700 -0.03101700 -0.02999200
v -0.01394600 -0.02991500 -0.02999200
v -0.01650000 -0.02858600 -0.02999200
v -0.01892800 -0.02703900 -0.02999300
v -0.02121200 -0.02528700 -0.02999300
v -0.02333500 -0.02334200 -0.02999400
v -0.02528000 -0.02121900 -0.02999400
v -0.02703200 -0.01893500 -0.02999500
v -0.02857900 -0.01650700 -0.02999500
v -0.02990800 -0.01395300 -0.02999600
v -0.03101000 -0.01129400 -0.02999700
v -0.03187600 -0.00854800 -0.02999700
v -0.03249900 -0.00573700 -0.02999800
v -0.03287400 -0.00288300 -0.02999900
v -0.03300000 -0.00000700 -0.02999900
v -0.03287400 0.00286900 -0.03000000
v -0.03249900 0.00572300 -0.03000100
v -0.03187600 0.00853400 -0.03000100
v -0.03101000 0.01128000 -0.03000200
v -0.02990800 0.01393900 -0.03000300
v -0.02857900 0.01649300 -0.03000300
v -0.02703200 0.01892100 -0.03000400
v -0.02527900 0.02120500 -0.03000400
v -0.02333400 0.02332700 -0.03000500
v -0.02121200 0.02527200 -0.03000500
v -0.01892800 0.02702500 -0.03000600
v -0.01650000 0.02857200 -0.03000600
v -0.01394600 0.02990100 -0.03000600
v -0.01128700 0.03100300 -0.03000700
v -0.00854100 0.03186800 -0.03000700
v -0.00573000 0.03249100 -0.03000700
v -0.00287600 0.03286700 -0.03000700
v -0.02062500 -0.01650700 -0.02999500
v -0.02887500 -0.00000700 -0.02999900
v -0.02475000 -0.00825700 -0.02999700
v -0.02887500 -0.00825700 -0.02999700
v -0.02475000 0.00824300 -0.03000100
v -0.02887500 0.00824300 -0.03000100
v -0.01650000 0.02474300 -0.03000500
v -0.02062500 0.01649300 -0.03000300
v -0.00825000 0.02474300 -0.03000500
v -0.01237500 0.02474300 -0.03000500
v -0.00412500 0.02474300 -0.03000500
v 0.00000000 -0.03299300 0.03000900
v 0.00000000 -0.01799300 0.03000500
v 0.00000000 0.01800700 0.02999700
v -0.00330800 -0.01768600 0.03000500
v -0.00650300 -0.01677700 0.03000500
v -0.00947600 -0.01529700 0.03000500
v -0.01212700 -0.01329500 0.03000400
v -0.01436500 -0.01084000 0.03000300
v -0.01611300 -0.00801600 0.03000300
v -0.01731300 -0.00491900 0.03000200
v -0.01792400 -0.00165400 0.03000100
v -0.01792400 0.00166800 0.03000000
v -0.01731300 0.00493300 0.03000000
v -0.01611300 0.00803100 0.02999900
v -0.01436500 0.01085500 0.02999800
v -0.01212700 0.01330900 0.02999800
v -0.00947600 0.01531100 0.02999700
v -0.00650300 0.01679200 0.02999700
v -0.00330800 0.01770100 0.02999700
v -0.01650000 -0.01649300 0.03000500
v -0.01237500 -0.01649300 0.03000500
v -0.01650000 0.01650700 0.02999700
v -0.02475000 0.00000700 0.03000100
v -0.02475000 -0.01649300 0.03000500
v -0.02062500 0.00000700 0.03000100
v -0.02475000 -0.00824300 0.03000300
v -0.02062500 -0.01649300 0.03000500
v -0.02062500 -0.00824300 0.03000300
v -0.02475000 0.01650700 0.02999700
v -0.02062500 0.01650700 0.02999700
v -0.02475000 0.00825700 0.02999900
v -0.02062500 0.00825700 0.02999900
v -0.01237500 0.01650700 0.02999700
v 0.00000000 0.03300700 0.02999300
v -0.00304500 0.03286600 0.02999300
v -0.00606400 0.03244500 0.02999300
v -0.00903100 0.03174700 0.02999300
v -0.01192100 0.03077900 0.02999300
v -0.01471000 0.02954800 0.02999400
v -0.01737200 0.02806400 0.02999400
v -0.01988700 0.02634200 0.02999500
v -0.02223200 0.02439500 0.02999500
v -0.02438800 0.02223900 0.02999500
v -0.02633500 0.01989400 0.02999600
v -0.02805700 0.01738000 0.02999700
v -0.02954100 0.01471700 0.02999700
v -0.03077200 0.01192800 0.02999800
v -0.03174100 0.00903800 0.02999900
v -0.03243800 0.00607100 0.02999900
v -0.03286000 0.00305200 0.03000000
v -0.03300000 0.00000700 0.03000100
v -0.03286000 -0.00303800 0.03000100
v -0.03243800 -0.00605600 0.03000200
v -0.03174100 -0.00902400 0.03000300
v -0.03077200 -0.01191400 0.03000400
v -0.02954100 -0.01470200 0.03000400
v -0.02805800 -0.01736500 0.03000500
v -0.02633500 -0.01988000 0.03000600
v -0.02438800 -0.02222500 0.03000600
v -0.02223200 -0.02438000 0.03000700
v -0.01988700 -0.02632700 0.03000700
v -0.01737300 -0.02805000 0.03000800
v -0.01471000 -0.02953300 0.03000800
v -0.01192100 -0.03076400 0.03000800
v -0.00903100 -0.03173300 0.03000800
v -0.00606400 -0.03243100 0.03000900
v -0.00304500 -0.03285200 0.03000900
v -0.01650000 0.02475700 0.02999500
v -0.01237500 0.02475700 0.02999500
v -0.02887500 0.00000700 0.03000100
v -0.02887500 0.00825700 0.02999900
v -0.02887500 -0.00824300 0.03000300
v -0.01650000 -0.02474300 0.03000700
v -0.01237500 -0.02474300 0.03000700
v -0.00421000 0.03946100 0.02810700
v -0.00398500 0.03735600 0.02901300
v -0.00374600 0.03512000 0.02965100
v -0.00811400 0.03884600 0.02810700
v -0.00768100 0.03677400 0.02901400
v -0.00722100 0.03457300 0.02965100
v -0.01193900 0.03784600 0.02810800
v -0.01130200 0.03582800 0.02901400
v -0.01062500 0.03368300 0.02965100
v -0.01564400 0.03647100 0.02810800
v -0.01481000 0.03452500 0.02901400
v -0.01392300 0.03245900 0.02965100
v -0.01917800 0.03474300 0.02810800
v -0.01815500 0.03289000 0.02901400
v -0.01706800 0.03092100 0.02965200
v -0.02245000 0.03272300 0.02810900
v -0.02125200 0.03097800 0.02901500
v -0.01998000 0.02912400 0.02965200
v -0.02551100 0.03039700 0.02810900
v -0.02415000 0.02877600 0.02901500
v -0.02270400 0.02705300 0.02965300
v -0.02833300 0.02778500 0.02811000
v -0.02682100 0.02630300 0.02901600
v -0.02521500 0.02472900 0.02965300
v -0.03088800 0.02491200 0.02811100
v -0.02924000 0.02358400 0.02901700
v -0.02749000 0.02217200 0.02965400
v -0.03315400 0.02180600 0.02811100
v -0.03138500 0.02064300 0.02901700
v -0.02950600 0.01940800 0.02965400
v -0.03510800 0.01849500 0.02811200
v -0.03323500 0.01750800 0.02901800
v -0.03124500 0.01646100 0.02965500
v -0.03673300 0.01501000 0.02811300
v -0.03477300 0.01421000 0.02901900
v -0.03269100 0.01335900 0.02965600
v -0.03801200 0.01138400 0.02811400
v -0.03598400 0.01077700 0.02902000
v -0.03383000 0.01013300 0.02965700
v -0.03893500 0.00765200 0.02811500
v -0.03685800 0.00724400 0.02902000
v -0.03465100 0.00681100 0.02965700
v -0.03951400 0.00361300 0.02811600
v -0.03740600 0.00342100 0.02902100
v -0.03516600 0.00321700 0.02965800
v -0.03967800 0.00000700 0.02811700
v -0.03756100 0.00000700 0.02902200
v -0.03531300 0.00000700 0.02965900
v -0.03945500 -0.00420300 0.02811800
v -0.03735000 -0.00397800 0.02902300
v -0.03511300 -0.00373900 0.02966000
v -0.03884000 -0.00810700 0.02811900
v -0.03676800 -0.00767400 0.02902400
v -0.03456600 -0.00721400 0.02966100
v -0.03784000 -0.01193200 0.02811900
v -0.03582100 -0.01129400 0.02902500
v -0.03367600 -0.01061800 0.02966200
v -0.03646400 -0.01563700 0.02812000
v -0.03451900 -0.01480200 0.02902600
v -0.03245200 -0.01391600 0.02966200
v -0.03473600 -0.01917100 0.02812100
v -0.03288300 -0.01814700 0.02902700
v -0.03091400 -0.01706000 0.02966300
v -0.03271700 -0.02244300 0.02812200
v -0.03097100 -0.02124500 0.02902700
v -0.02911700 -0.01997200 0.02966400
v -0.03039000 -0.02550400 0.02812300
v -0.02876900 -0.02414300 0.02902800
v -0.02704700 -0.02269700 0.02966500
v -0.02777900 -0.02832600 0.02812300
v -0.02629700 -0.02681400 0.02902900
v -0.02472200 -0.02520800 0.02966500
v -0.02490600 -0.03088100 0.02812400
v -0.02357700 -0.02923300 0.02902900
v -0.02216600 -0.02748200 0.02966600
v -0.02063600 -0.03137800 0.02903000
v -0.01940100 -0.02949800 0.02966600
v 0.00000000 -0.03299300 0.03000900
v -0.02485100 -0.03333800 0.02700900
v -0.02337500 -0.03333800 0.02755500
v -0.02188100 -0.03333800 0.02802300
v -0.02036900 -0.03333800 0.02842200
v -0.01884000 -0.03333800 0.02875600
v -0.01729700 -0.03333800 0.02903400
v -0.01574100 -0.03333800 0.02926100
v -0.01417300 -0.03333800 0.02944500
v -0.01259600 -0.03333800 0.02959300
v -0.01101600 -0.03333800 0.02970900
v -0.00944200 -0.03333800 0.02980000
v -0.00787100 -0.03333800 0.02986800
v -0.00630200 -0.03333800 0.02991600
v -0.00473200 -0.03333800 0.02994800
v -0.00315900 -0.03333800 0.02996600
v -0.00158300 -0.03333800 0.02997500
v 0.00000000 0.04159300 0.02699100
v -0.00280900 0.04149800 0.02699100
v -0.00560500 0.04121300 0.02699100
v -0.00837600 0.04074100 0.02699200
v -0.01110800 0.04008200 0.02699200
v -0.01379000 0.03924000 0.02699200
v -0.01640900 0.03821900 0.02699200
v -0.01895200 0.03702300 0.02699200
v -0.02140900 0.03565900 0.02699300
v -0.02376900 0.03413100 0.02699300
v -0.02601900 0.03244800 0.02699300
v -0.02815100 0.03061600 0.02699400
v -0.03015400 0.02864500 0.02699400
v -0.03202000 0.02654200 0.02699500
v -0.03373900 0.02431900 0.02699500
v -0.03530400 0.02198400 0.02699600
v -0.03670800 0.01955000 0.02699700
v -0.03794500 0.01702500 0.02699700
v -0.03900800 0.01442400 0.02699800
v -0.03989200 0.01175600 0.02699800
v -0.04059500 0.00903400 0.02699900
v -0.04111200 0.00627200 0.02700000
v -0.04144100 0.00348000 0.02700000
v -0.04158100 0.00067300 0.02700100
v -0.04153100 -0.00213700 0.02700200
v -0.04129200 -0.00493700 0.02700200
v -0.04086300 -0.00771500 0.02700300
v -0.04024900 -0.01045800 0.02700400
v -0.03945000 -0.01315200 0.02700400
v -0.03847100 -0.01578700 0.02700500
v -0.03731600 -0.01835000 0.02700600
v -0.03599100 -0.02082800 0.02700600
v -0.03450200 -0.02321200 0.02700700
v -0.03285400 -0.02548900 0.02700700
v -0.03105700 -0.02765000 0.02700800
v -0.02911800 -0.02968500 0.02700800
v -0.02704600 -0.03158400 0.02700900
v -0.00304500 -0.03285200 0.03000900
v -0.00606400 -0.03243100 0.03000900
v -0.00903100 -0.03173300 0.03000800
v -0.01192100 -0.03076400 0.03000800
v -0.01471000 -0.02953300 0.03000800
v -0.01737300 -0.02805000 0.03000800
v -0.01988700 -0.02632700 0.03000700
v -0.02223200 -0.02438000 0.03000700
v -0.02438800 -0.02222500 0.03000600
v -0.02633500 -0.01988000 0.03000600
v -0.02805800 -0.01736500 0.03000500
v -0.02954100 -0.01470200 0.03000400
v -0.03077200 -0.01191400 0.03000400
v -0.03174100 -0.00902400 0.03000300
v -0.03243800 -0.00605600 0.03000200
v -0.03286000 -0.00303800 0.03000100
v -0.03300000 0.00000700 0.03000100
v -0.03286000 0.00305200 0.03000000
v -0.03243800 0.00607100 0.02999900
v -0.03174100 0.00903800 0.02999900
v -0.03077200 0.01192800 0.02999800
v -0.02954100 0.01471700 0.02999700
v -0.02805700 0.01738000 0.02999700
v -0.02633500 0.01989400 0.02999600
v -0.02438800 0.02223900 0.02999500
v -0.02223200 0.02439500 0.02999500
v -0.01988700 0.02634200 0.02999500
v -0.01737200 0.02806400 0.02999400
v -0.01471000 0.02954800 0.02999400
v -0.01192100 0.03077900 0.02999300
v -0.00903100 0.03174700 0.02999300
v -0.00606400 0.03244500 0.02999300
v -0.00304500 0.03286600 0.02999300
v 0.00000000 0.03300700 0.02999300
v 0.00000000 0.03528000 0.02965900
v 0.00000000 0.03749200 0.02904000
v 0.00000000 0.03960700 0.02814600
v 0.00000000 -0.03333800 0.02997700
v -0.01335300 -0.03268300 0.02966700
v 0.00000000 -0.03300700 -0.02999100
v -0.01652400 -0.03121500 -0.02965000
v -0.02070300 -0.03134800 -0.02901300
v -0.01946300 -0.02947100 -0.02965000
v -0.02488100 -0.03091500 -0.02810800
v -0.02355300 -0.02926600 -0.02901400
v -0.02214300 -0.02751400 -0.02965100
v -0.02767200 -0.02844300 -0.02810800
v -0.02619600 -0.02692600 -0.02901400
v -0.02462700 -0.02531400 -0.02965200
v -0.03021900 -0.02572000 -0.02810900
v -0.02860700 -0.02434800 -0.02901500
v -0.02689400 -0.02289100 -0.02965200
v -0.03249900 -0.02277000 -0.02811000
v -0.03076500 -0.02155600 -0.02901600
v -0.02892300 -0.02026600 -0.02965300
v -0.03449200 -0.01961900 -0.02811000
v -0.03265200 -0.01857300 -0.02901600
v -0.03069700 -0.01746100 -0.02965300
v -0.03618100 -0.01629500 -0.02811100
v -0.03425000 -0.01542600 -0.02901700
v -0.03220000 -0.01450300 -0.02965400
v -0.03755000 -0.01282700 -0.02811200
v -0.03554700 -0.01214300 -0.02901800
v -0.03341800 -0.01141700 -0.02965500
v -0.03858800 -0.00924600 -0.02811300
v -0.03652900 -0.00875300 -0.02901900
v -0.03434200 -0.00822900 -0.02965600
v -0.03931100 -0.00539500 -0.02811400
v -0.03721300 -0.00510800 -0.02902000
v -0.03498500 -0.00480200 -0.02965600
v -0.03965100 -0.00147600 -0.02811500
v -0.03753500 -0.00139800 -0.02902000
v -0.03528800 -0.00131500 -0.02965700
v -0.03962500 0.00205500 -0.02811600
v -0.03751000 0.00194500 -0.02902100
v -0.03526500 0.00182800 -0.02965800
v -0.03922300 0.00598500 -0.02811700
v -0.03713000 0.00566500 -0.02902200
v -0.03490700 0.00532500 -0.02965900
v -0.03846200 0.00974200 -0.02811800
v -0.03641000 0.00922200 -0.02902300
v -0.03423000 0.00866900 -0.02966000
v -0.03734200 0.01340800 -0.02811800
v -0.03534900 0.01269200 -0.02902400
v -0.03323300 0.01193100 -0.02966000
v -0.03587300 0.01694800 -0.02811900
v -0.03395900 0.01604400 -0.02902500
v -0.03192600 0.01508200 -0.02966100
v -0.03409800 0.02028300 -0.02812000
v -0.03227900 0.01920000 -0.02902500
v -0.03034600 0.01805000 -0.02966200
v -0.03204300 0.02339400 -0.02812100
v -0.03033300 0.02214500 -0.02902600
v -0.02851700 0.02081900 -0.02966300
v -0.02970500 0.02629900 -0.02812100
v -0.02812000 0.02489500 -0.02902700
v -0.02643700 0.02340400 -0.02966300
v -0.02710500 0.02897100 -0.02812200
v -0.02565900 0.02742400 -0.02902700
v -0.02412200 0.02578200 -0.02966400
v -0.02426500 0.03138700 -0.02812300
v -0.02297100 0.02971200 -0.02902800
v -0.02159500 0.02793200 -0.02966400
v -0.02121100 0.03352600 -0.02812300
v -0.02008000 0.03173700 -0.02902800
v -0.01887700 0.02983600 -0.02966500
v -0.01797000 0.03536900 -0.02812400
v -0.01701100 0.03348100 -0.02902900
v -0.01599300 0.03147600 -0.02966500
v -0.01457000 0.03689900 -0.02812400
v -0.01379300 0.03493000 -0.02902900
v -0.01296700 0.03283800 -0.02966500
v -0.01104200 0.03810400 -0.02812400
v -0.01045300 0.03607100 -0.02902900
v -0.00982700 0.03391000 -0.02966600
v -0.00741600 0.03897200 -0.02812400
v -0.00702000 0.03689200 -0.02902900
v -0.00660000 0.03468300 -0.02966600
v -0.00349300 0.03951700 -0.02812400
v -0.00330600 0.03740800 -0.02903000
v -0.00310900 0.03516800 -0.02966600
v 0.00000000 0.04158000 -0.02701000
v -0.02485000 -0.03335100 -0.02699200
v -0.02704600 -0.03159700 -0.02699200
v -0.02911800 -0.02969800 -0.02699300
v -0.03105700 -0.02766300 -0.02699300
v -0.03285400 -0.02550200 -0.02699400
v -0.03450100 -0.02322500 -0.02699400
v -0.03599100 -0.02084100 -0.02699500
v -0.03731600 -0.01836200 -0.02699500
v -0.03847100 -0.01580000 -0.02699600
v -0.03944900 -0.01316500 -0.02699700
v -0.04024800 -0.01047100 -0.02699700
v -0.04086300 -0.00772800 -0.02699800
v -0.04129100 -0.00495000 -0.02699900
v -0.04153100 -0.00215000 -0.02699900
v -0.04158100 0.00066000 -0.02700000
v -0.04144100 0.00346700 -0.02700100
v -0.04111200 0.00625900 -0.02700100
v -0.04059500 0.00902100 -0.02700200
v -0.03989200 0.01174300 -0.02700300
v -0.03900700 0.01441100 -0.02700300
v -0.03794400 0.01701200 -0.02700400
v -0.03670800 0.01953700 -0.02700400
v -0.03530400 0.02197200 -0.02700500
v -0.03373900 0.02430600 -0.02700600
v -0.03202000 0.02652900 -0.02700600
v -0.03015400 0.02863200 -0.02700700
v -0.02815100 0.03060300 -0.02700700
v -0.02601900 0.03243500 -0.02700700
v -0.02376800 0.03411800 -0.02700800
v -0.02140900 0.03564600 -0.02700800
v -0.01895200 0.03701000 -0.02700900
v -0.01640800 0.03820600 -0.02700900
v -0.01379000 0.03922700 -0.02700900
v -0.01110800 0.04006900 -0.02700900
v -0.00837600 0.04072800 -0.02700900
v -0.00560500 0.04120000 -0.02700900
v -0.00280900 0.04148500 -0.02701000
v 0.00000000 0.03959400 -0.02816300
v 0.00000000 0.03747800 -0.02905700
v 0.00000000 0.03526500 -0.02967400
v 0.00000000 0.03299300 -0.03000700
v -0.00287600 0.03286700 -0.03000700
v -0.00573000 0.03249100 -0.03000700
v -0.00854100 0.03186800 -0.03000700
v -0.01128700 0.03100300 -0.03000700
v -0.01394600 0.02990100 -0.03000600
v -0.01650000 0.02857200 -0.03000600
v -0.01892800 0.02702500 -0.03000600
v -0.02121200 0.02527200 -0.03000500
v -0.02333400 0.02332700 -0.03000500
v -0.02527900 0.02120500 -0.03000400
v -0.02703200 0.01892100 -0.03000400
v -0.02857900 0.01649300 -0.03000300
v -0.02990800 0.01393900 -0.03000300
v -0.03101000 0.01128000 -0.03000200
v -0.03187600 0.00853400 -0.03000100
v -0.03249900 0.00572300 -0.03000100
v -0.03287400 0.00286900 -0.03000000
v -0.03300000 -0.00000700 -0.02999900
v -0.03287400 -0.00288300 -0.02999900
v -0.03249900 -0.00573700 -0.02999800
v -0.03187600 -0.00854800 -0.02999700
v -0.03101000 -0.01129400 -0.02999700
v -0.02990800 -0.01395300 -0.02999600
v -0.02857900 -0.01650700 -0.02999500
v -0.02703200 -0.01893500 -0.02999500
v -0.02528000 -0.02121900 -0.02999400
v -0.02333500 -0.02334200 -0.02999400
v -0.02121200 -0.02528700 -0.02999300
v -0.01892800 -0.02703900 -0.02999300
v -0.01650000 -0.02858600 -0.02999200
v -0.01394600 -0.02991500 -0.02999200
v -0.01128700 -0.03101700 -0.02999200
v -0.00854100 -0.03188300 -0.02999200
v -0.00573000 -0.03250600 -0.02999100
v -0.00287600 -0.03288200 -0.02999100
v 0.00000000 -0.03335200 -0.02995900
v -0.00158200 -0.03335200 -0.02995700
v -0.00315800 -0.03335200 -0.02994900
v -0.00473000 -0.03335200 -0.02993000
v -0.00629900 -0.03335200 -0.02989800
v -0.00786900 -0.03335200 -0.02985000
v -0.00944000 -0.03335200 -0.02978300
v -0.01101500 -0.03335200 -0.02969200
v -0.01259500 -0.03335200 -0.02957500
v -0.01417400 -0.03335200 -0.02942800
v -0.01574300 -0.03335200 -0.02924400
v -0.01729900 -0.03335200 -0.02901600
v -0.01884200 -0.03335200 -0.02873900
v -0.02037000 -0.03335200 -0.02840400
v -0.02188100 -0.03335200 -0.02800600
v -0.02337500 -0.03335200 -0.02753700
v -0.01796400 -0.03500500 -0.02828700
v -0.01573700 -0.03661300 -0.02807700
v -0.01344200 -0.03809700 -0.02785600
v -0.01109800 -0.03947300 -0.02761300
v -0.01346800 -0.03494800 -0.02907700
v -0.01180400 -0.03652800 -0.02880400
v -0.01008900 -0.03801500 -0.02852500
v -0.00833700 -0.03942000 -0.02823600
v -0.00891900 -0.03489600 -0.02951900
v -0.00782300 -0.03645200 -0.02925600
v -0.00669200 -0.03794100 -0.02897500
v -0.00553400 -0.03937300 -0.02867600
v -0.00424800 -0.03483800 -0.02973500
v -0.00372800 -0.03636800 -0.02950400
v -0.00319000 -0.03786200 -0.02924000
v -0.00264000 -0.03932300 -0.02894300
v -0.01904600 -0.03414900 -0.02839100
v -0.02017500 -0.03504100 -0.02771200
v -0.02138800 -0.03416900 -0.02777600
v 0.00000000 -0.04075700 -0.02868900
v -0.00277200 -0.04075700 -0.02855500
v -0.00551600 -0.04075700 -0.02815300
v -0.00820900 -0.04075700 -0.02749000
v -0.01082700 -0.04075600 -0.02656900
v -0.01129000 -0.04057800 -0.02660800
v -0.01175100 -0.04039700 -0.02664400
v -0.01267200 -0.04002600 -0.02670900
v -0.01358900 -0.03964300 -0.02676500
v -0.01450100 -0.03924800 -0.02681300
v -0.01540800 -0.03884100 -0.02685400
v -0.01630800 -0.03842000 -0.02688800
v -0.01720300 -0.03798500 -0.02691600
v -0.01809000 -0.03753500 -0.02693800
v -0.01897000 -0.03707100 -0.02695600
v -0.01984100 -0.03659100 -0.02696900
v -0.02070300 -0.03609400 -0.02697800
v -0.02155600 -0.03558100 -0.02698500
v -0.02239700 -0.03505100 -0.02698900
v -0.02322800 -0.03450300 -0.02699100
v -0.02404600 -0.03393600 -0.02699100
v -0.02485000 -0.03335100 -0.02699200
v -0.02337500 -0.03335200 -0.02753700
v -0.02188100 -0.03335200 -0.02800600
v -0.02037000 -0.03335200 -0.02840400
v -0.01884200 -0.03335200 -0.02873900
v -0.01729900 -0.03335200 -0.02901600
v -0.01574300 -0.03335200 -0.02924400
v -0.01417400 -0.03335200 -0.02942800
v -0.01259500 -0.03335200 -0.02957500
v -0.01101500 -0.03335200 -0.02969200
v -0.00944000 -0.03335200 -0.02978300
v -0.00786900 -0.03335200 -0.02985000
v -0.00629900 -0.03335200 -0.02989800
v -0.00473000 -0.03335200 -0.02993000
v -0.00315800 -0.03335200 -0.02994900
v -0.00158200 -0.03335200 -0.02995700
v 0.00000000 -0.03335200 -0.02995900
v 0.00000000 -0.03521900 -0.02973700
v 0.00000000 -0.03707600 -0.02945100
v 0.00000000 -0.03892300 -0.02910200
v -0.03500000 -0.01525300 -0.01229700
v -0.03500000 -0.01463900 -0.01241100
v -0.03500000 -0.01410800 -0.01274000
v -0.03500000 -0.01373100 -0.01323900
v -0.03500000 -0.01356000 -0.01384000
v -0.03500000 -0.01361800 -0.01446200
v -0.03500000 -0.01389700 -0.01502100
v -0.03500000 -0.01435900 -0.01544200
v -0.03500000 -0.01494100 -0.01566800
v -0.03500000 -0.01556600 -0.01566800
v -0.03500000 -0.01614900 -0.01544200
v -0.03500000 -0.01661000 -0.01502100
v -0.03500000 -0.01688800 -0.01446100
v -0.03500000 -0.01694600 -0.01383900
v -0.03500000 -0.01677500 -0.01323800
v -0.03500000 -0.01639800 -0.01274000
v -0.03500000 -0.01586700 -0.01241100
v -0.03500000 -0.01525300 -0.01099700
v -0.03500000 -0.01587600 -0.01106200
v -0.03500000 -0.01647300 -0.01125600
v -0.03500000 -0.01701600 -0.01156900
v -0.03500000 -0.01748200 -0.01198900
v -0.03500000 -0.01785100 -0.01249600
v -0.03500000 -0.01810600 -0.01306900
v -0.03500000 -0.01823700 -0.01368200
v -0.03500000 -0.01823700 -0.01430900
v -0.03500000 -0.01810700 -0.01492300
v -0.03500000 -0.01785200 -0.01549600
v -0.03500000 -0.01748300 -0.01600300
v -0.03500000 -0.01701700 -0.01642300
v -0.03500000 -0.01647400 -0.01673700
v -0.03500000 -0.01587800 -0.01693100
v -0.03500000 -0.01525400 -0.01699700
v -0.03500000 -0.01463000 -0.01693100
v -0.03500000 -0.01403400 -0.01673700
v -0.03500000 -0.01349000 -0.01642400
v -0.03500000 -0.01302400 -0.01600400
v -0.03500000 -0.01265600 -0.01549700
v -0.03500000 -0.01240000 -0.01492400
v -0.03500000 -0.01227000 -0.01431100
v -0.03500000 -0.01227000 -0.01368400
v -0.03500000 -0.01240000 -0.01307000
v -0.03500000 -0.01265500 -0.01249700
v -0.03500000 -0.01302300 -0.01199000
v -0.03500000 -0.01348900 -0.01157000
v -0.03500000 -0.01403200 -0.01125600
v -0.03500000 -0.01462900 -0.01106200
v -0.03500000 -0.01653800 -0.01185300
v -0.03500000 -0.01482400 -0.01185400
v -0.03500000 -0.01739600 -0.01271000
v -0.03500000 -0.01739600 -0.01442500
v -0.03500000 -0.01396700 -0.01185400
v -0.03500000 -0.01311000 -0.01271100
v -0.03500000 -0.01311000 -0.01442600
v -0.03500000 -0.01739600 -0.01528200
v -0.03500000 -0.01653900 -0.01613900
v -0.03500000 -0.01482500 -0.01613900
v -0.03500000 -0.01396800 -0.01614000
v -0.03500000 -0.01311100 -0.01528300
v -0.03500000 -0.01525300 -0.01099700
v -0.03976000 -0.01525300 -0.01099700
v -0.03976000 -0.01407000 -0.01124000
v -0.03976000 -0.01311100 -0.01189700
v -0.03976000 -0.01247600 -0.01286300
v -0.03976000 -0.01225300 -0.01399700
v -0.03976000 -0.01249700 -0.01518000
v -0.03976000 -0.01315300 -0.01613900
v -0.03976000 -0.01412000 -0.01677400
v -0.03500000 -0.01525400 -0.01699700
v -0.03976000 -0.01525400 -0.01699700
v -0.03976000 -0.01643700 -0.01675300
v -0.03976000 -0.01739600 -0.01609600
v -0.03976000 -0.01803100 -0.01513000
v -0.03976000 -0.01825300 -0.01399600
v -0.03976000 -0.01801000 -0.01281300
v -0.03976000 -0.01735300 -0.01185400
v -0.03976000 -0.01638700 -0.01121900
v -0.03500000 -0.01525300 -0.01099700
v -0.03976000 -0.01525300 -0.01099700
v -0.04398800 -0.01525200 -0.01099700
v -0.04368400 -0.01604800 -0.01110400
v -0.04322100 -0.01702800 -0.01157800
v -0.04278100 -0.01774200 -0.01232100
v -0.04242000 -0.01814500 -0.01319800
v -0.04215900 -0.01825100 -0.01411200
v -0.04200800 -0.01807900 -0.01500500
v -0.04198000 -0.01762500 -0.01583300
v -0.04209400 -0.01688000 -0.01651700
v -0.04236200 -0.01588500 -0.01692900
v -0.04275100 -0.01478200 -0.01695900
v -0.04319400 -0.01375800 -0.01659700
v -0.04362100 -0.01295900 -0.01592900
v -0.04398700 -0.01245500 -0.01507700
v -0.04426600 -0.01225700 -0.01415000
v -0.04444600 -0.01235300 -0.01322900
v -0.04452000 -0.01273000 -0.01237300
v -0.04447000 -0.01338600 -0.01164900
v -0.04428400 -0.01427800 -0.01116000
v -0.04398800 -0.01525200 -0.01099700
v -0.04214100 -0.01525200 -0.01099700
v -0.04214100 -0.01638700 -0.01121900
v -0.03976000 -0.01583100 -0.01105300
v -0.04214100 -0.01583100 -0.01105300
v -0.04214100 -0.01735300 -0.01185400
v -0.03976000 -0.01690100 -0.01148900
v -0.04214100 -0.01690100 -0.01148900
v -0.04214100 -0.01801000 -0.01281300
v -0.03976000 -0.01772800 -0.01230100
v -0.04214100 -0.01772800 -0.01230100
v -0.03976000 -0.01819200 -0.01339200
v -0.03976000 -0.01819700 -0.01457400
v -0.03976000 -0.01776000 -0.01564400
v -0.03976000 -0.01694800 -0.01647200
v -0.03976000 -0.01585800 -0.01693500
v -0.04214000 -0.01412000 -0.01677400
v -0.04214000 -0.01315300 -0.01613900
v -0.03976000 -0.01360600 -0.01650400
v -0.04214000 -0.01360600 -0.01650400
v -0.04214000 -0.01249700 -0.01518000
v -0.03976000 -0.01277800 -0.01569200
v -0.04214000 -0.01277800 -0.01569200
v -0.04214000 -0.01225300 -0.01399700
v -0.03976000 -0.01231500 -0.01460100
v -0.04214000 -0.01231500 -0.01460100
v -0.04214000 -0.01247600 -0.01286300
v -0.03976000 -0.01230900 -0.01341900
v -0.04214000 -0.01230900 -0.01341900
v -0.04214000 -0.01311100 -0.01189700
v -0.03976000 -0.01274600 -0.01234900
v -0.04214000 -0.01274600 -0.01234900
v -0.04214100 -0.01407000 -0.01124000
v -0.03976000 -0.01355800 -0.01152100
v -0.04214100 -0.01355800 -0.01152100
v -0.04214100 -0.01525200 -0.01099700
v -0.03976000 -0.01464900 -0.01105800
v -0.04214100 -0.01464900 -0.01105800
v -0.03500000 -0.01462900 -0.01106200
v -0.03500000 -0.01403200 -0.01125600
v -0.03500000 -0.01348900 -0.01157000
v -0.03500000 -0.01302300 -0.01199000
v -0.03500000 -0.01265500 -0.01249700
v -0.03500000 -0.01240000 -0.01307000
v -0.03500000 -0.01227000 -0.01368400
v -0.03500000 -0.01227000 -0.01431100
v -0.03500000 -0.01240000 -0.01492400
v -0.03500000 -0.01265600 -0.01549700
v -0.03500000 -0.01302400 -0.01600400
v -0.03500000 -0.01349000 -0.01642400
v -0.03500000 -0.01403400 -0.01673700
v -0.03500000 -0.01463000 -0.01693100
v -0.03500000 -0.01587800 -0.01693100
v -0.03500000 -0.01647400 -0.01673700
v -0.03500000 -0.01701700 -0.01642300
v -0.03500000 -0.01748300 -0.01600300
v -0.03500000 -0.01785200 -0.01549600
v -0.03500000 -0.01810700 -0.01492300
v -0.03500000 -0.01823700 -0.01430900
v -0.03500000 -0.01823700 -0.01368200
v -0.03500000 -0.01810600 -0.01306900
v -0.03500000 -0.01785100 -0.01249600
v -0.03500000 -0.01748200 -0.01198900
v -0.03500000 -0.01701600 -0.01156900
v -0.03500000 -0.01647300 -0.01125600
v -0.03500000 -0.01587600 -0.01106200
v -0.03738000 -0.01407000 -0.01124000
v -0.03738000 -0.01525300 -0.01099700
v -0.03738000 -0.01464900 -0.01105800
v -0.03738000 -0.01311100 -0.01189700
v -0.03738000 -0.01355800 -0.01152100
v -0.03738000 -0.01247600 -0.01286300
v -0.03738000 -0.01274600 -0.01234900
v -0.03738000 -0.01225300 -0.01399700
v -0.03738000 -0.01230900 -0.01341900
v -0.03738000 -0.01249700 -0.01518000
v -0.03738000 -0.01231500 -0.01460100
v -0.03738000 -0.01315300 -0.01613900
v -0.03738000 -0.01277800 -0.01569200
v -0.03738000 -0.01412000 -0.01677400
v -0.03738000 -0.01360600 -0.01650400
v -0.03738000 -0.01525400 -0.01699700
v -0.03976000 -0.01467600 -0.01694000
v -0.03738000 -0.01467600 -0.01694000
v -0.03738000 -0.01643700 -0.01675300
v -0.03738000 -0.01585800 -0.01693500
v -0.03738000 -0.01739600 -0.01609600
v -0.03738000 -0.01694800 -0.01647200
v -0.03738000 -0.01803100 -0.01513000
v -0.03738000 -0.01776000 -0.01564400
v -0.03738000 -0.01825300 -0.01399600
v -0.03738000 -0.01819700 -0.01457400
v -0.03738000 -0.01801000 -0.01281300
v -0.03738000 -0.01819200 -0.01339200
v -0.03738000 -0.01735300 -0.01185400
v -0.03738000 -0.01772800 -0.01230100
v -0.03738000 -0.01638700 -0.01121900
v -0.03738000 -0.01690100 -0.01148900
v -0.03738000 -0.01525300 -0.01099700
v -0.03738000 -0.01583100 -0.01105300
v -0.03500000 0.02375400 0.01569400
v -0.03500000 0.02436800 0.01557900
v -0.03500000 0.02489900 0.01525000
v -0.03500000 0.02527500 0.01475200
v -0.03500000 0.02544600 0.01415100
v -0.03500000 0.02538800 0.01352900
v -0.03500000 0.02511000 0.01296900
v -0.03500000 0.02464800 0.01254900
v -0.03500000 0.02406500 0.01232300
v -0.03500000 0.02344100 0.01232300
v -0.03500000 0.02285800 0.01254900
v -0.03500000 0.02239700 0.01297000
v -0.03500000 0.02211800 0.01352900
v -0.03500000 0.02206100 0.01415100
v -0.03500000 0.02223200 0.01475200
v -0.03500000 0.02260800 0.01525100
v -0.03500000 0.02314000 0.01557900
v -0.03500000 0.02375400 0.01699400
v -0.03500000 0.02313000 0.01692900
v -0.03500000 0.02253400 0.01673500
v -0.03500000 0.02199100 0.01642200
v -0.03500000 0.02152500 0.01600200
v -0.03500000 0.02115600 0.01549500
v -0.03500000 0.02090100 0.01492200
v -0.03500000 0.02077000 0.01430800
v -0.03500000 0.02077000 0.01368100
v -0.03500000 0.02090000 0.01306800
v -0.03500000 0.02115500 0.01249500
v -0.03500000 0.02152400 0.01198700
v -0.03500000 0.02199000 0.01156800
v -0.03500000 0.02253300 0.01125400
v -0.03500000 0.02312900 0.01106000
v -0.03500000 0.02375300 0.01099400
v -0.03500000 0.02437600 0.01106000
v -0.03500000 0.02497300 0.01125300
v -0.03500000 0.02551600 0.01156700
v -0.03500000 0.02598200 0.01198600
v -0.03500000 0.02635100 0.01249400
v -0.03500000 0.02660600 0.01306600
v -0.03500000 0.02673700 0.01368000
v -0.03500000 0.02673700 0.01430700
v -0.03500000 0.02660700 0.01492100
v -0.03500000 0.02635200 0.01549400
v -0.03500000 0.02598300 0.01600100
v -0.03500000 0.02551700 0.01642100
v -0.03500000 0.02497400 0.01673400
v -0.03500000 0.02437800 0.01692800
v -0.03500000 0.02246800 0.01613700
v -0.03500000 0.02418300 0.01613700
v -0.03500000 0.02161100 0.01528000
v -0.03500000 0.02161100 0.01356600
v -0.03500000 0.02504000 0.01613700
v -0.03500000 0.02589700 0.01527900
v -0.03500000 0.02589600 0.01356500
v -0.03500000 0.02161000 0.01270900
v -0.03500000 0.02246700 0.01185200
v -0.03500000 0.02418200 0.01185100
v -0.03500000 0.02503900 0.01185100
v -0.03500000 0.02589600 0.01270800
v -0.03500000 0.02375400 0.01699400
v -0.03500000 0.02375400 0.01699400
v -0.03848500 0.02375400 0.01699400
v -0.03918500 0.02268600 0.01679900
v -0.03987900 0.02175700 0.01623300
v -0.04050500 0.02106700 0.01532600
v -0.04096900 0.02075800 0.01416600
v -0.04116500 0.02096700 0.01291200
v -0.04114300 0.02126100 0.01233500
v -0.04103900 0.02166300 0.01184200
v -0.04061700 0.02268500 0.01119400
v -0.04001100 0.02380700 0.01099500
v -0.03930900 0.02487300 0.01121300
v -0.03858400 0.02579200 0.01179400
v -0.03792800 0.02645400 0.01268000
v -0.03743100 0.02674800 0.01381700
v -0.03728300 0.02671300 0.01444600
v -0.03722500 0.02654400 0.01506600
v -0.03725800 0.02625400 0.01564000
v -0.03738200 0.02585900 0.01613100
v -0.03784700 0.02486300 0.01678100
v -0.03848500 0.02375400 0.01699400
v -0.03808400 0.02375400 0.01699400
v -0.03808400 0.02262000 0.01677200
v -0.03808400 0.02317600 0.01693800
v -0.03808400 0.02165400 0.01613700
v -0.03808400 0.02210600 0.01650100
v -0.03808400 0.02099700 0.01517800
v -0.03808400 0.02127800 0.01568900
v -0.03808400 0.02075300 0.01399500
v -0.03808400 0.02081500 0.01459900
v -0.03808400 0.02097600 0.01286000
v -0.03808400 0.02081000 0.01341700
v -0.03962500 0.02081000 0.01341700
v -0.03962500 0.02097600 0.01286000
v -0.03808400 0.02087900 0.01313500
v -0.03962500 0.02087900 0.01313500
v -0.03808400 0.02161100 0.01189400
v -0.03808400 0.02124600 0.01234700
v -0.03962500 0.02124600 0.01234700
v -0.03962500 0.02161100 0.01189400
v -0.03808400 0.02141800 0.01211200
v -0.03962500 0.02141800 0.01211200
v -0.03808400 0.02257000 0.01123700
v -0.03808400 0.02205800 0.01151900
v -0.03962500 0.02205800 0.01151900
v -0.03808400 0.02182500 0.01169600
v -0.03962500 0.02182500 0.01169600
v -0.03808400 0.02375300 0.01099400
v -0.03808400 0.02314900 0.01105600
v -0.03808400 0.02488700 0.01121700
v -0.03808400 0.02433100 0.01105000
v -0.03808400 0.02540100 0.01148700
v -0.03808400 0.02375400 0.01699400
v -0.03500000 0.02437800 0.01692800
v -0.03500000 0.02497400 0.01673400
v -0.03500000 0.02551700 0.01642100
v -0.03500000 0.02598300 0.01600100
v -0.03500000 0.02635200 0.01549400
v -0.03500000 0.02660700 0.01492100
v -0.03500000 0.02673700 0.01430700
v -0.03500000 0.02673700 0.01368000
v -0.03500000 0.02660600 0.01306600
v -0.03500000 0.02635100 0.01249400
v -0.03500000 0.02598200 0.01198600
v -0.03500000 0.02551600 0.01156700
v -0.03500000 0.02497300 0.01125300
v -0.03500000 0.02437600 0.01106000
v -0.03500000 0.02375300 0.01099400
v -0.03500000 0.02312900 0.01106000
v -0.03500000 0.02253300 0.01125400
v -0.03500000 0.02199000 0.01156800
v -0.03500000 0.02152400 0.01198700
v -0.03500000 0.02115500 0.01249500
v -0.03500000 0.02090000 0.01306800
v -0.03500000 0.02077000 0.01368100
v -0.03500000 0.02077000 0.01430800
v -0.03500000 0.02090100 0.01492200
v -0.03500000 0.02115600 0.01549500
v -0.03500000 0.02152500 0.01600200
v -0.03500000 0.02199100 0.01642200
v -0.03500000 0.02253400 0.01673500
v -0.03500000 0.02313000 0.01692900
v -0.03808400 0.02405800 0.01697900
v -0.03654200 0.02375400 0.01699400
v -0.03654200 0.02405800 0.01697900
v -0.03654200 0.02585300 0.01185100
v -0.03808400 0.02605200 0.01206600
v -0.03654200 0.02605200 0.01206600
v -0.03654200 0.02540100 0.01148700
v -0.03808400 0.02563600 0.01165800
v -0.03654200 0.02563600 0.01165800
v -0.03654200 0.02488700 0.01121700
v -0.03808400 0.02515100 0.01133900
v -0.03654200 0.02515100 0.01133900
v -0.03654200 0.02433100 0.01105000
v -0.03808400 0.02461300 0.01112000
v -0.03654200 0.02461300 0.01112000
v -0.03654200 0.02314900 0.01105600
v -0.03808400 0.02344900 0.01101000
v -0.03654200 0.02375300 0.01099400
v -0.03654200 0.02344900 0.01101000
v -0.03654200 0.02257000 0.01123700
v -0.03808400 0.02285500 0.01113200
v -0.03654200 0.02285500 0.01113200
v -0.03654200 0.02205800 0.01151900
v -0.03808400 0.02230700 0.01136600
v -0.03654200 0.02230700 0.01136600
v -0.03654200 0.02161100 0.01189400
v -0.03654200 0.02182500 0.01169600
v -0.03654200 0.02124600 0.01234700
v -0.03654200 0.02141800 0.01211200
v -0.03654200 0.02097600 0.01286000
v -0.03808400 0.02109900 0.01259700
v -0.03654200 0.02109900 0.01259700
v -0.03654200 0.02081000 0.01341700
v -0.03654200 0.02087900 0.01313500
v -0.03654200 0.02075300 0.01399500
v -0.03808400 0.02076700 0.01370400
v -0.03654200 0.02076700 0.01370400
v -0.03654200 0.02081500 0.01459900
v -0.03808400 0.02076900 0.01429800
v -0.03654200 0.02076900 0.01429800
v -0.03654200 0.02099700 0.01517800
v -0.03808400 0.02089100 0.01489300
v -0.03654200 0.02089100 0.01489300
v -0.03654200 0.02127800 0.01568900
v -0.03808400 0.02112500 0.01544000
v -0.03654200 0.02112500 0.01544000
v -0.03654200 0.02165400 0.01613700
v -0.03808400 0.02145500 0.01592200
v -0.03654200 0.02145500 0.01592200
v -0.03654200 0.02210600 0.01650100
v -0.03808400 0.02187100 0.01633000
v -0.03654200 0.02187100 0.01633000
v -0.03654200 0.02262000 0.01677200
v -0.03808400 0.02235600 0.01664900
v -0.03654200 0.02235600 0.01664900
v -0.03654200 0.02317600 0.01693800
v -0.03808400 0.02289400 0.01686800
v -0.03654200 0.02289400 0.01686800
v -0.03654200 0.02375400 0.01699400
v -0.03808400 0.02346400 0.01698000
v -0.03654200 0.02346400 0.01698000
v 0.00000000 -0.03300700 -0.02999100
v 0.01650000 -0.00000700 -0.02999900
v 0.00000000 0.00599300 -0.03000100
v 0.00000000 -0.01275700 -0.02999600
v 0.00825000 -0.00000700 -0.02999900
v 0.01650000 -0.01650700 -0.02999500
v 0.00825000 -0.01650700 -0.02999500
v 0.00000000 0.03299300 -0.03000700
v 0.00304500 0.03285200 -0.03000700
v 0.00606400 0.03243100 -0.03000700
v 0.00903100 0.03173300 -0.03000700
v 0.01192100 0.03076400 -0.03000600
v 0.01470900 0.02953300 -0.03000600
v 0.01737200 0.02805000 -0.03000600
v 0.01988700 0.02632700 -0.03000500
v 0.02223200 0.02438000 -0.03000500
v 0.02438700 0.02222500 -0.03000400
v 0.02633500 0.01988000 -0.03000400
v 0.02805700 0.01736500 -0.03000300
v 0.02954000 0.01470200 -0.03000200
v 0.03077200 0.01191400 -0.03000200
v 0.03174000 0.00902400 -0.03000100
v 0.03243800 0.00605600 -0.03000000
v 0.03285900 0.00303800 -0.03000000
v 0.03300000 -0.00000700 -0.02999900
v 0.01650000 0.01649300 -0.03000300
v 0.00825000 0.01649300 -0.03000300
v 0.00825000 0.02474300 -0.03000500
v 0.00412500 0.01649300 -0.03000300
v 0.00412500 0.02474300 -0.03000500
v 0.01650000 0.02474300 -0.03000500
v 0.01237500 0.01649300 -0.03000300
v 0.01237500 0.02474300 -0.03000500
v 0.02475000 -0.00000700 -0.02999900
v 0.02475000 0.01649300 -0.03000300
v 0.02062500 0.01649300 -0.03000300
v 0.02475000 0.00824300 -0.03000100
v 0.02887500 -0.00000700 -0.02999900
v 0.02887500 0.00824300 -0.03000100
v 0.02475000 -0.01650700 -0.02999500
v 0.02475000 -0.00825700 -0.02999700
v 0.02887500 -0.00825700 -0.02999700
v 0.03285900 -0.00305200 -0.02999800
v 0.03243800 -0.00607100 -0.02999700
v 0.03174000 -0.00903800 -0.02999700
v 0.03077200 -0.01192800 -0.02999600
v 0.02954000 -0.01471700 -0.02999500
v 0.02805700 -0.01738000 -0.02999500
v 0.02633500 -0.01989400 -0.02999400
v 0.02438700 -0.02223900 -0.02999400
v 0.02223200 -0.02439500 -0.02999300
v 0.01988700 -0.02634200 -0.02999300
v 0.01737200 -0.02806400 -0.02999200
v 0.01470900 -0.02954800 -0.02999200
v 0.01192100 -0.03077900 -0.02999200
v 0.00903100 -0.03174700 -0.02999100
v 0.00606400 -0.03244500 -0.02999100
v 0.00304500 -0.03286600 -0.02999100
v 0.01650000 -0.02475700 -0.02999300
v 0.02062500 -0.01650700 -0.02999500
v 0.00825000 -0.02475700 -0.02999300
v 0.01237500 -0.01650700 -0.02999500
v 0.01237500 -0.02475700 -0.02999300
v 0.00000000 -0.02325700 -0.02999400
v 0.00162200 -0.02300000 -0.02999400
v 0.00308600 -0.02225500 -0.02999400
v 0.00424700 -0.02109300 -0.02999400
v 0.00499300 -0.01963000 -0.02999400
v 0.00525000 -0.01800700 -0.02999500
v 0.00499300 -0.01638500 -0.02999500
v 0.00424700 -0.01492100 -0.02999600
v 0.00308600 -0.01376000 -0.02999600
v 0.00162200 -0.01301400 -0.02999600
v 0.00825000 -0.00825700 -0.02999700
v 0.00412500 -0.00825700 -0.02999700
v 0.00618700 -0.01650700 -0.02999500
v 0.00825000 -0.02063200 -0.02999400
v 0.00618700 -0.02475700 -0.02999300
v 0.00618700 -0.02063200 -0.02999400
v 0.00412500 -0.01238200 -0.02999600
v 0.00618700 -0.00825700 -0.02999700
v 0.00825000 -0.01238200 -0.02999600
v 0.00618700 -0.01238200 -0.02999600
v 0.01237500 -0.00000700 -0.02999900
v 0.01650000 -0.00825700 -0.02999700
v 0.01237500 -0.00825700 -0.02999700
v 0.00206200 -0.00825700 -0.02999700
v 0.00000000 -0.00600700 -0.02999800
v 0.00185400 -0.00571400 -0.02999800
v 0.00352700 -0.00486100 -0.02999800
v 0.00485400 -0.00353400 -0.02999800
v 0.00570600 -0.00186100 -0.02999900
v 0.00600000 -0.00000700 -0.02999900
v 0.00570600 0.00184700 -0.03000000
v 0.00485400 0.00352000 -0.03000000
v 0.00352700 0.00484700 -0.03000000
v 0.00185400 0.00569900 -0.03000000
v 0.00825000 0.00824300 -0.03000100
v 0.00412500 0.00824300 -0.03000100
v 0.00825000 -0.00413200 -0.02999800
v 0.00618700 -0.00413200 -0.02999800
v 0.00618800 0.00824300 -0.03000100
v 0.00825000 0.00411800 -0.03000000
v 0.00618800 0.00411800 -0.03000000
v 0.01650000 0.00824300 -0.03000100
v 0.01237500 0.00824300 -0.03000100
v 0.00334900 0.04281700 -0.02381400
v 0.00674200 0.04241600 -0.02381400
v 0.01003700 0.04175900 -0.02381300
v 0.01328500 0.04084200 -0.02381300
v 0.01646200 0.03966900 -0.02381300
v 0.01942500 0.03830500 -0.02381300
v 0.02236800 0.03666500 -0.02381200
v 0.02525600 0.03473900 -0.02381200
v 0.02792200 0.03263400 -0.02381100
v 0.03065300 0.03008400 -0.02381100
v 0.03293500 0.02756800 -0.02381000
v 0.03501100 0.02487900 -0.02380900
v 0.03686800 0.02203500 -0.02380900
v 0.03849500 0.01905200 -0.02380800
v 0.03988100 0.01595000 -0.02380700
v 0.04101700 0.01274700 -0.02380600
v 0.04189700 0.00946400 -0.02380600
v 0.04251500 0.00612100 -0.02380500
v 0.04286600 0.00274000 -0.02380400
v 0.04294900 -0.00066000 -0.02380300
v 0.04276200 -0.00405600 -0.02380200
v 0.04230800 -0.00742700 -0.02380200
v 0.04158800 -0.01075200 -0.02380100
v 0.04060700 -0.01401000 -0.02380000
v 0.03937100 -0.01718000 -0.02379900
v 0.03788800 -0.02024200 -0.02379900
v 0.03616800 -0.02317700 -0.02379800
v 0.03422100 -0.02596700 -0.02379700
v 0.03205900 -0.02859300 -0.02379700
v 0.02963200 -0.03110200 -0.02379600
v 0.00344200 0.04401000 -0.02054300
v 0.00693000 0.04359700 -0.02054300
v 0.01031600 0.04292200 -0.02054300
v 0.01365500 0.04198000 -0.02054300
v 0.01692000 0.04077400 -0.02054200
v 0.01996500 0.03937200 -0.02054200
v 0.02299000 0.03768600 -0.02054200
v 0.02595900 0.03570700 -0.02054100
v 0.02870000 0.03354400 -0.02054100
v 0.03150600 0.03092300 -0.02054000
v 0.03385200 0.02833600 -0.02053900
v 0.03598600 0.02557300 -0.02053900
v 0.03789400 0.02264900 -0.02053800
v 0.03956600 0.01958300 -0.02053700
v 0.04099100 0.01639400 -0.02053600
v 0.04215900 0.01310300 -0.02053600
v 0.04306300 0.00972800 -0.02053500
v 0.04369800 0.00629300 -0.02053400
v 0.04405900 0.00281700 -0.02053300
v 0.04414400 -0.00067700 -0.02053200
v 0.04395300 -0.00416800 -0.02053200
v 0.04348500 -0.00763300 -0.02053100
v 0.04274500 -0.01105000 -0.02053000
v 0.04173700 -0.01439900 -0.02052900
v 0.04046700 -0.01765700 -0.02052800
v 0.03894300 -0.02080500 -0.02052800
v 0.03717400 -0.02382200 -0.02052700
v 0.03517300 -0.02668900 -0.02052600
v 0.03295200 -0.02938800 -0.02052600
v 0.03045700 -0.03196600 -0.02052500
v 0.00352100 0.04502700 -0.01720700
v 0.00709000 0.04460500 -0.01720600
v 0.01055400 0.04391400 -0.01720600
v 0.01397000 0.04295000 -0.01720600
v 0.01731100 0.04171600 -0.01720600
v 0.02042600 0.04028200 -0.01720500
v 0.02352100 0.03855700 -0.01720500
v 0.02655800 0.03653200 -0.01720400
v 0.02936200 0.03431900 -0.01720400
v 0.03223400 0.03163800 -0.01720300
v 0.03463300 0.02899200 -0.01720300
v 0.03681600 0.02616400 -0.01720200
v 0.03876900 0.02317300 -0.01720100
v 0.04048000 0.02003600 -0.01720000
v 0.04193700 0.01677400 -0.01720000
v 0.04313200 0.01340600 -0.01719900
v 0.04405700 0.00995400 -0.01719800
v 0.04470700 0.00643900 -0.01719700
v 0.04507600 0.00288300 -0.01719600
v 0.04516400 -0.00069200 -0.01719500
v 0.04496800 -0.00426300 -0.01719500
v 0.04449000 -0.00780800 -0.01719400
v 0.04373200 -0.01130400 -0.01719300
v 0.04140100 -0.01806400 -0.01719100
v 0.03984200 -0.02128400 -0.01719100
v 0.03803300 -0.02437100 -0.01719000
v 0.03598500 -0.02730400 -0.01718900
v 0.03371300 -0.03006600 -0.01718800
v 0.03116000 -0.03270300 -0.01718800
v 0.00358700 0.04586400 -0.01381800
v 0.00722100 0.04543300 -0.01381800
v 0.01075000 0.04473000 -0.01381700
v 0.01423000 0.04374800 -0.01381700
v 0.01763200 0.04249100 -0.01381700
v 0.02080500 0.04103100 -0.01381700
v 0.02395800 0.03927400 -0.01381600
v 0.02705100 0.03721100 -0.01381600
v 0.02990700 0.03495700 -0.01381500
v 0.03283200 0.03222600 -0.01381400
v 0.03527600 0.02953000 -0.01381400
v 0.03750000 0.02665000 -0.01381300
v 0.03948900 0.02360400 -0.01381200
v 0.04123100 0.02040900 -0.01381200
v 0.04271500 0.01708600 -0.01381100
v 0.04393300 0.01365600 -0.01381000
v 0.04487500 0.01014000 -0.01380900
v 0.04553600 0.00655900 -0.01380800
v 0.04591300 0.00293700 -0.01380700
v 0.04600200 -0.00070400 -0.01380600
v 0.04580200 -0.00434100 -0.01380600
v 0.04531500 -0.00795200 -0.01380500
v 0.04454400 -0.01151300 -0.01380400
v 0.04058100 -0.02167800 -0.01380100
v 0.03873800 -0.02482200 -0.01380100
v 0.03665300 -0.02781000 -0.01380000
v 0.03433800 -0.03062300 -0.01379900
v 0.00363800 0.04651600 -0.01038900
v 0.00732400 0.04608000 -0.01038900
v 0.01090300 0.04536700 -0.01038800
v 0.01443200 0.04437000 -0.01038800
v 0.01788200 0.04309600 -0.01038800
v 0.02110100 0.04161400 -0.01038700
v 0.02429800 0.03983300 -0.01038700
v 0.02743500 0.03774000 -0.01038600
v 0.03033200 0.03545400 -0.01038600
v 0.03329800 0.03268500 -0.01038500
v 0.03577700 0.02995100 -0.01038500
v 0.03803200 0.02703000 -0.01038400
v 0.04005000 0.02394000 -0.01038300
v 0.04181700 0.02070000 -0.01038200
v 0.04332200 0.01733000 -0.01038100
v 0.04455700 0.01385100 -0.01038100
v 0.04551300 0.01028400 -0.01038000
v 0.04618400 0.00665300 -0.01037900
v 0.04656500 0.00298000 -0.01037800
v 0.04665500 -0.00071300 -0.01037700
v 0.04645300 -0.00440200 -0.01037600
v 0.04595900 -0.00806400 -0.01037500
v 0.04517700 -0.01167600 -0.01037500
v 0.04411100 -0.01521500 -0.01037400
v 0.04276900 -0.01865900 -0.01037300
v 0.04115800 -0.02198500 -0.01037200
v 0.03928900 -0.02517400 -0.01037100
v 0.03717400 -0.02820400 -0.01037100
v 0.03482600 -0.03105700 -0.01037000
v 0.00367400 0.04698300 -0.00693400
v 0.00739700 0.04654200 -0.00693400
v 0.01101200 0.04582200 -0.00693400
v 0.01457600 0.04481500 -0.00693400
v 0.01806100 0.04352800 -0.00693300
v 0.02131200 0.04203200 -0.00693300
v 0.02454100 0.04023200 -0.00693300
v 0.02771000 0.03811900 -0.00693200
v 0.03063600 0.03581000 -0.00693100
v 0.03363200 0.03301300 -0.00693100
v 0.03613500 0.03025200 -0.00693000
v 0.03841300 0.02730100 -0.00692900
v 0.04045100 0.02418000 -0.00692900
v 0.04223500 0.02090800 -0.00692800
v 0.04375600 0.01750400 -0.00692700
v 0.04500300 0.01399000 -0.00692600
v 0.04596800 0.01038800 -0.00692500
v 0.04664600 0.00672100 -0.00692400
v 0.04703100 0.00301000 -0.00692400
v 0.04712200 -0.00071900 -0.00692300
v 0.04691800 -0.00444500 -0.00692200
v 0.04641900 -0.00814400 -0.00692100
v 0.04562900 -0.01179200 -0.00692000
v 0.04455300 -0.01536600 -0.00691900
v 0.04319700 -0.01884500 -0.00691800
v 0.04157000 -0.02220500 -0.00691800
v 0.03968200 -0.02542500 -0.00691700
v 0.03754600 -0.02848600 -0.00691600
v 0.03517500 -0.03136700 -0.00691500
v 0.00369600 0.04726200 -0.00347000
v 0.00744100 0.04681900 -0.00347000
v 0.01107700 0.04609400 -0.00346900
v 0.01466300 0.04508200 -0.00346900
v 0.01816800 0.04378700 -0.00346900
v 0.02143900 0.04228200 -0.00346900
v 0.02468700 0.04047200 -0.00346800
v 0.02787400 0.03834600 -0.00346800
v 0.03081700 0.03602300 -0.00346700
v 0.03383100 0.03320900 -0.00346600
v 0.03635000 0.03043200 -0.00346600
v 0.03864100 0.02746400 -0.00346500
v 0.04069100 0.02432500 -0.00346400
v 0.04248600 0.02103300 -0.00346300
v 0.04401500 0.01760900 -0.00346300
v 0.04527000 0.01407400 -0.00346200
v 0.04624100 0.01045100 -0.00346100
v 0.04692200 0.00676100 -0.00346000
v 0.04731000 0.00302900 -0.00345900
v 0.04740200 -0.00072300 -0.00345800
v 0.04719600 -0.00447100 -0.00345700
v 0.04669400 -0.00819200 -0.00345600
v 0.04590000 -0.01186100 -0.00345500
v 0.04481700 -0.01545700 -0.00345500
v 0.04345300 -0.01895600 -0.00345400
v 0.04181600 -0.02233500 -0.00345300
v 0.03991700 -0.02557500 -0.00345200
v 0.03776800 -0.02865400 -0.00345100
v 0.03538300 -0.03155200 -0.00345100
v 0.00000000 0.04158000 -0.02701000
v 0.00000000 0.04228200 -0.02542900
v 0.00000000 0.04294400 -0.02382500
v 0.00000000 0.04356300 -0.02220100
v 0.00000000 0.04413900 -0.02055800
v 0.00000000 0.04467200 -0.01889800
v 0.00000000 0.04516000 -0.01722200
v 0.00000000 0.04560400 -0.01553200
v 0.00000000 0.04600100 -0.01383000
v 0.00000000 0.04635200 -0.01211800
v 0.00000000 0.04665700 -0.01039800
v 0.00000000 0.04691500 -0.00867200
v 0.00000000 0.04712500 -0.00694100
v 0.00000000 0.04728900 -0.00520700
v 0.00000000 0.04740600 -0.00347300
v 0.00000000 0.04747600 -0.00174000
v 0.00000000 0.04750000 -0.00001000
v 0.04158600 -0.00000700 -0.02699900
v 0.04149700 0.00271300 -0.02700000
v 0.04123000 0.00542200 -0.02700100
v 0.04078700 0.00810600 -0.02700100
v 0.04016900 0.01075700 -0.02700200
v 0.03937900 0.01336100 -0.02700300
v 0.03842100 0.01590800 -0.02700300
v 0.03729800 0.01838700 -0.02700400
v 0.03601500 0.02078700 -0.02700400
v 0.03457800 0.02309800 -0.02700500
v 0.03299300 0.02531000 -0.02700500
v 0.03126600 0.02741300 -0.02700600
v 0.02940600 0.02939900 -0.02700600
v 0.02742000 0.03126000 -0.02700700
v 0.02531600 0.03298600 -0.02700700
v 0.02310400 0.03457100 -0.02700800
v 0.02079300 0.03600800 -0.02700800
v 0.01839300 0.03729100 -0.02700800
v 0.01591400 0.03841400 -0.02700900
v 0.01336800 0.03937300 -0.02700900
v 0.01076300 0.04016300 -0.02700900
v 0.00811300 0.04078100 -0.02700900
v 0.00542800 0.04122400 -0.02700900
v 0.00272000 0.04149100 -0.02700900
v 0.02485000 -0.03335200 -0.02699100
v 0.02700900 -0.03162800 -0.02699200
v 0.02905000 -0.02976400 -0.02699200
v 0.03096200 -0.02777000 -0.02699300
v 0.03273700 -0.02565200 -0.02699300
v 0.03436800 -0.02342200 -0.02699400
v 0.03584700 -0.02108800 -0.02699400
v 0.03716700 -0.01866100 -0.02699500
v 0.03832400 -0.01615200 -0.02699600
v 0.03931200 -0.01357100 -0.02699600
v 0.04012600 -0.01093100 -0.02699700
v 0.04076300 -0.00824200 -0.02699700
v 0.04121900 -0.00551700 -0.02699800
v 0.04149400 -0.00276800 -0.02699900
v 0.00165300 0.04747100 -0.00001000
v 0.00332100 0.04738400 -0.00001000
v 0.00500000 0.04723600 -0.00001000
v 0.00668700 0.04702700 -0.00001000
v 0.00837900 0.04675500 -0.00001000
v 0.01007400 0.04641900 -0.00001000
v 0.01176600 0.04602000 -0.00001000
v 0.01345300 0.04555500 -0.00001000
v 0.01513100 0.04502500 -0.00001000
v 0.01679700 0.04443100 -0.00001000
v 0.01844600 0.04377200 -0.00000900
v 0.02007500 0.04304900 -0.00000900
v 0.02168100 0.04226300 -0.00000900
v 0.02325900 0.04141600 -0.00000900
v 0.02480600 0.04050800 -0.00000900
v 0.02631800 0.03954200 -0.00000800
v 0.02779400 0.03852000 -0.00000800
v 0.02922800 0.03744300 -0.00000800
v 0.03061900 0.03631400 -0.00000800
v 0.03196400 0.03513700 -0.00000700
v 0.03325900 0.03391300 -0.00000700
v 0.03450400 0.03264600 -0.00000700
v 0.03569500 0.03133900 -0.00000600
v 0.03683100 0.02999500 -0.00000600
v 0.03791100 0.02861800 -0.00000600
v 0.03893300 0.02721100 -0.00000500
v 0.03989700 0.02577800 -0.00000500
v 0.04080100 0.02432100 -0.00000500
v 0.04164500 0.02284500 -0.00000400
v 0.04243000 0.02135300 -0.00000400
v 0.04315400 0.01984900 -0.00000400
v 0.04381800 0.01833500 -0.00000300
v 0.04443000 0.01679900 -0.00000300
v 0.04499300 0.01522700 -0.00000300
v 0.04550500 0.01362100 -0.00000200
v 0.04596300 0.01198400 -0.00000200
v 0.04636600 0.01031800 -0.00000100
v 0.04671000 0.00862500 -0.00000100
v 0.04699500 0.00690900 -0.00000100
v 0.04721700 0.00517400 0.00000000
v 0.04737600 0.00342100 0.00000000
v 0.04747100 0.00165500 0.00000100
v 0.04750000 -0.00012000 0.00000100
v 0.04746200 -0.00190200 0.00000200
v 0.04735700 -0.00368700 0.00000200
v 0.04718400 -0.00546900 0.00000200
v 0.04694400 -0.00724700 0.00000300
v 0.04663600 -0.00901500 0.00000300
v 0.04626300 -0.01077100 0.00000400
v 0.04582300 -0.01251000 0.00000400
v 0.04531900 -0.01422900 0.00000500
v 0.04475100 -0.01592300 0.00000500
v 0.04412200 -0.01759100 0.00000500
v 0.04343400 -0.01922800 0.00000600
v 0.04268800 -0.02083200 0.00000600
v 0.04188700 -0.02239900 0.00000600
v 0.04103400 -0.02392600 0.00000700
v 0.04013000 -0.02541200 0.00000700
v 0.03918000 -0.02685500 0.00000800
v 0.03818500 -0.02825100 0.00000800
v 0.03715000 -0.02959900 0.00000800
v 0.03607600 -0.03089900 0.00000800
v 0.03496800 -0.03214800 0.00000900
v 0.03382800 -0.03334500 0.00000900
v 0.03381900 -0.03334500 -0.00090800
v 0.03379200 -0.03334500 -0.00182300
v 0.03374600 -0.03334600 -0.00273400
v 0.03368300 -0.03334600 -0.00364100
v 0.03360300 -0.03334600 -0.00454000
v 0.03350600 -0.03334600 -0.00543000
v 0.03339000 -0.03334700 -0.00632300
v 0.03325400 -0.03334700 -0.00723100
v 0.03309900 -0.03334700 -0.00814400
v 0.03292700 -0.03334700 -0.00904700
v 0.03273700 -0.03334700 -0.00993900
v 0.03253200 -0.03334800 -0.01082100
v 0.03231100 -0.03334800 -0.01169200
v 0.03207400 -0.03334800 -0.01255200
v 0.03182800 -0.03334800 -0.01338200
v 0.03155600 -0.03334800 -0.01423700
v 0.03125100 -0.03334900 -0.01513300
v 0.03093100 -0.03334900 -0.01601200
v 0.03059600 -0.03334900 -0.01687300
v 0.03024800 -0.03334900 -0.01771700
v 0.02988700 -0.03334900 -0.01854400
v 0.02951300 -0.03335000 -0.01935300
v 0.02912800 -0.03335000 -0.02014500
v 0.02873100 -0.03335000 -0.02092000
v 0.02828000 -0.03335000 -0.02175700
v 0.02781800 -0.03335000 -0.02257100
v 0.02734500 -0.03335100 -0.02336300
v 0.02686200 -0.03335100 -0.02413300
v 0.02637100 -0.03335100 -0.02488000
v 0.02587100 -0.03335100 -0.02560600
v 0.02536400 -0.03335100 -0.02631000
v 0.03405600 -0.03298000 -0.00345000
v 0.03385500 -0.03278700 -0.00691500
v 0.03529600 -0.03147500 -0.00518300
v 0.03397200 -0.03290000 -0.00518300
v 0.03352000 -0.03246300 -0.01037000
v 0.03501800 -0.03122700 -0.00864500
v 0.03370400 -0.03264100 -0.00864500
v 0.03305000 -0.03200900 -0.01379900
v 0.03459900 -0.03085500 -0.01208900
v 0.03330100 -0.03225200 -0.01208800
v 0.03082400 -0.03235100 -0.01886400
v 0.02839200 -0.03223800 -0.02379600
v 0.03006000 -0.03154900 -0.02217000
v 0.02880100 -0.03270200 -0.02217000
v 0.04257400 -0.01525400 -0.01699600
v 0.04240700 -0.01574400 -0.01695600
v 0.04215400 -0.01662400 -0.01666500
v 0.04200700 -0.01736200 -0.01613000
v 0.04198000 -0.01791900 -0.01537300
v 0.04209600 -0.01822500 -0.01441100
v 0.04237600 -0.01817800 -0.01332800
v 0.04278800 -0.01773300 -0.01230700
v 0.04325200 -0.01696900 -0.01153500
v 0.04368900 -0.01603600 -0.01110000
v 0.04405000 -0.01506800 -0.01100200
v 0.04431400 -0.01415700 -0.01120400
v 0.04447400 -0.01336000 -0.01166900
v 0.04451900 -0.01273000 -0.01237400
v 0.04443700 -0.01233800 -0.01329100
v 0.04421500 -0.01227400 -0.01434600
v 0.04386500 -0.01259900 -0.01539400
v 0.04343600 -0.01328000 -0.01625600
v 0.04299300 -0.01419500 -0.01680300
v 0.04208000 -0.01642200 -0.01719200
v 0.04095500 -0.01786900 -0.01886800
v 0.04113000 -0.01605200 -0.02052900
v 0.04224000 -0.01457200 -0.01886800
v 0.04162500 -0.01624500 -0.01886800
v 0.04416000 -0.01141500 -0.01550400
v 0.04346900 -0.01696200 -0.01037300
v 0.04467600 -0.01346700 -0.01037400
v 0.04488300 -0.01160000 -0.01209300
v 0.03945400 -0.00421600 -0.02811400
v 0.03734900 -0.00399200 -0.02901900
v 0.03511300 -0.00375300 -0.02965600
v 0.03884000 -0.00812100 -0.02811300
v 0.03676700 -0.00768800 -0.02901900
v 0.03456600 -0.00722900 -0.02965600
v 0.03783900 -0.01194500 -0.02811200
v 0.03582100 -0.01130800 -0.02901800
v 0.03367600 -0.01063200 -0.02965500
v 0.03646400 -0.01565100 -0.02811100
v 0.03451800 -0.01481700 -0.02901700
v 0.03245200 -0.01393000 -0.02965400
v 0.03473600 -0.01918400 -0.02811000
v 0.03288300 -0.01816100 -0.02901600
v 0.03091400 -0.01707500 -0.02965300
v 0.03271600 -0.02245600 -0.02810900
v 0.03097100 -0.02125900 -0.02901500
v 0.02911700 -0.01998700 -0.02965300
v 0.03039000 -0.02551800 -0.02810900
v 0.02876900 -0.02415700 -0.02901500
v 0.02704600 -0.02271100 -0.02965200
v 0.02777800 -0.02833900 -0.02810800
v 0.02629600 -0.02682800 -0.02901400
v 0.02472200 -0.02522200 -0.02965100
v 0.02490500 -0.03089500 -0.02810700
v 0.02357700 -0.02924700 -0.02901300
v 0.02216500 -0.02749600 -0.02965100
v 0.02063600 -0.03139200 -0.02901300
v 0.01940000 -0.02951300 -0.02965000
v 0.00000000 -0.03300700 -0.02999100
v 0.00000000 -0.03335200 -0.02995900
v 0.04158600 -0.00000700 -0.02699900
v 0.04149400 -0.00276800 -0.02699900
v 0.04121900 -0.00551700 -0.02699800
v 0.04076300 -0.00824200 -0.02699700
v 0.04012600 -0.01093100 -0.02699700
v 0.03931200 -0.01357100 -0.02699600
v 0.03832400 -0.01615200 -0.02699600
v 0.03716700 -0.01866100 -0.02699500
v 0.03584700 -0.02108800 -0.02699400
v 0.03436800 -0.02342200 -0.02699400
v 0.03273700 -0.02565200 -0.02699300
v 0.03096200 -0.02777000 -0.02699300
v 0.02905000 -0.02976400 -0.02699200
v 0.02700900 -0.03162800 -0.02699200
v 0.02485000 -0.03335200 -0.02699100
v 0.00304500 -0.03286600 -0.02999100
v 0.00606400 -0.03244500 -0.02999100
v 0.00903100 -0.03174700 -0.02999100
v 0.01192100 -0.03077900 -0.02999200
v 0.01470900 -0.02954800 -0.02999200
v 0.01737200 -0.02806400 -0.02999200
v 0.01988700 -0.02634200 -0.02999300
v 0.02223200 -0.02439500 -0.02999300
v 0.02438700 -0.02223900 -0.02999400
v 0.02633500 -0.01989400 -0.02999400
v 0.02805700 -0.01738000 -0.02999500
v 0.02954000 -0.01471700 -0.02999500
v 0.03077200 -0.01192800 -0.02999600
v 0.03174000 -0.00903800 -0.02999700
v 0.03243800 -0.00607100 -0.02999700
v 0.03285900 -0.00305200 -0.02999800
v 0.03300000 -0.00000700 -0.02999900
v 0.03527300 -0.00000700 -0.02966600
v 0.03748500 -0.00000700 -0.02904700
v 0.03960100 -0.00000700 -0.02815400
v 0.02337400 -0.03335200 -0.02753700
v 0.02187900 -0.03335200 -0.02800600
v 0.02036600 -0.03335200 -0.02840400
v 0.01883700 -0.03335200 -0.02873900
v 0.01729300 -0.03335200 -0.02901700
v 0.01573700 -0.03335200 -0.02924400
v 0.01416900 -0.03335200 -0.02942800
v 0.01259200 -0.03335200 -0.02957500
v 0.01101400 -0.03335200 -0.02969200
v 0.00944100 -0.03335200 -0.02978200
v 0.00787100 -0.03335200 -0.02985000
v 0.00630100 -0.03335200 -0.02989800
v 0.00473100 -0.03335200 -0.02993000
v 0.00315900 -0.03335200 -0.02994800
v 0.00158200 -0.03335200 -0.02995700
v 0.01335200 -0.03269800 -0.02965000
v 0.00000000 0.03299300 -0.03000700
v 0.00420900 0.03944800 -0.02812400
v 0.00398500 0.03734200 -0.02903000
v 0.00374600 0.03510600 -0.02966600
v 0.00811400 0.03883300 -0.02812400
v 0.00768100 0.03676000 -0.02902900
v 0.00722100 0.03455900 -0.02966600
v 0.01193800 0.03783300 -0.02812400
v 0.01130200 0.03581400 -0.02902900
v 0.01062500 0.03366900 -0.02966500
v 0.01564400 0.03645700 -0.02812400
v 0.01481000 0.03451100 -0.02902900
v 0.01392300 0.03244500 -0.02966500
v 0.01917800 0.03472900 -0.02812300
v 0.01815400 0.03287600 -0.02902800
v 0.01706700 0.03090700 -0.02966500
v 0.02245000 0.03271000 -0.02812300
v 0.02125200 0.03096400 -0.02902800
v 0.01997900 0.02911000 -0.02966400
v 0.02551100 0.03038300 -0.02812200
v 0.02415000 0.02876200 -0.02902700
v 0.02270400 0.02703900 -0.02966400
v 0.02833200 0.02777100 -0.02812200
v 0.02682100 0.02628900 -0.02902700
v 0.02521500 0.02471500 -0.02966300
v 0.03088800 0.02489900 -0.02812100
v 0.02924000 0.02357000 -0.02902600
v 0.02748900 0.02215800 -0.02966300
v 0.03315400 0.02179200 -0.02812000
v 0.03138500 0.02062900 -0.02902500
v 0.02950600 0.01939300 -0.02966200
v 0.03510800 0.01848100 -0.02811900
v 0.03323500 0.01749400 -0.02902500
v 0.03124500 0.01644600 -0.02966100
v 0.03673200 0.01499600 -0.02811800
v 0.03477300 0.01419500 -0.02902400
v 0.03269100 0.01334500 -0.02966000
v 0.03801200 0.01137000 -0.02811800
v 0.03598400 0.01076300 -0.02902300
v 0.03382900 0.01011800 -0.02966000
v 0.03893500 0.00763800 -0.02811700
v 0.03685700 0.00723000 -0.02902200
v 0.03465100 0.00679600 -0.02965900
v 0.03951400 0.00359900 -0.02811600
v 0.03740600 0.00340700 -0.02902100
v 0.03516600 0.00320200 -0.02965800
v 0.04158600 -0.00000700 -0.02699900
v 0.00000000 0.03526500 -0.02967400
v 0.00000000 0.03747800 -0.02905700
v 0.00000000 0.03959400 -0.02816300
v 0.03300000 -0.00000700 -0.02999900
v 0.03285900 0.00303800 -0.03000000
v 0.03243800 0.00605600 -0.03000000
v 0.03174000 0.00902400 -0.03000100
v 0.03077200 0.01191400 -0.03000200
v 0.02954000 0.01470200 -0.03000200
v 0.02805700 0.01736500 -0.03000300
v 0.02633500 0.01988000 -0.03000400
v 0.02438700 0.02222500 -0.03000400
v 0.02223200 0.02438000 -0.03000500
v 0.01988700 0.02632700 -0.03000500
v 0.01737200 0.02805000 -0.03000600
v 0.01470900 0.02953300 -0.03000600
v 0.01192100 0.03076400 -0.03000600
v 0.00903100 0.03173300 -0.03000700
v 0.00606400 0.03243100 -0.03000700
v 0.00304500 0.03285200 -0.03000700
v 0.00000000 0.04158000 -0.02701000
v 0.00272000 0.04149100 -0.02700900
v 0.00542800 0.04122400 -0.02700900
v 0.00811300 0.04078100 -0.02700900
v 0.01076300 0.04016300 -0.02700900
v 0.01336800 0.03937300 -0.02700900
v 0.01591400 0.03841400 -0.02700900
v 0.01839300 0.03729100 -0.02700800
v 0.02079300 0.03600800 -0.02700800
v 0.02310400 0.03457100 -0.02700800
v 0.02531600 0.03298600 -0.02700700
v 0.02742000 0.03126000 -0.02700700
v 0.02940600 0.02939900 -0.02700600
v 0.03126600 0.02741300 -0.02700600
v 0.03299300 0.02531000 -0.02700500
v 0.03457800 0.02309800 -0.02700500
v 0.03601500 0.02078700 -0.02700400
v 0.03729800 0.01838700 -0.02700400
v 0.03842100 0.01590800 -0.02700300
v 0.03937900 0.01336100 -0.02700300
v 0.04016900 0.01075700 -0.02700200
v 0.04078700 0.00810600 -0.02700100
v 0.04123000 0.00542200 -0.02700100
v 0.04149700 0.00271300 -0.02700000
v 0.03960100 -0.00000700 -0.02815400
v 0.03748500 -0.00000700 -0.02904700
v 0.03527300 -0.00000700 -0.02966600
v 0.00000000 -0.01799300 0.03000500
v 0.00000000 0.03300700 0.02999300
v 0.00000000 0.01800700 0.02999700
v 0.00000000 -0.03299300 0.03000900
v 0.00304400 -0.03285200 0.03000900
v 0.00606300 -0.03243100 0.03000900
v 0.00903000 -0.03173300 0.03000900
v 0.01192100 -0.03076400 0.03000800
v 0.01470900 -0.02953300 0.03000800
v 0.01737200 -0.02805000 0.03000800
v 0.01988700 -0.02632700 0.03000700
v 0.02223200 -0.02438000 0.03000700
v 0.02438700 -0.02222500 0.03000600
v 0.02633400 -0.01988000 0.03000600
v 0.02805700 -0.01736500 0.03000500
v 0.02954000 -0.01470200 0.03000500
v 0.03077100 -0.01191400 0.03000400
v 0.03174000 -0.00902400 0.03000300
v 0.03243800 -0.00605700 0.03000300
v 0.03285900 -0.00303800 0.03000200
v 0.03300000 0.00000700 0.03000100
v 0.01650000 -0.01649300 0.03000500
v 0.01237500 -0.01649300 0.03000500
v 0.01650000 -0.02474300 0.03000700
v 0.01237500 -0.02474300 0.03000700
v 0.02475000 0.00000700 0.03000100
v 0.02475000 -0.01649300 0.03000500
v 0.02062500 -0.01649300 0.03000500
v 0.02887500 0.00000700 0.03000100
v 0.02475000 -0.00824300 0.03000300
v 0.02887500 -0.00824300 0.03000300
v 0.01650000 0.01650700 0.02999700
v 0.02475000 0.01650700 0.02999700
v 0.03285900 0.00305200 0.03000000
v 0.03243800 0.00607100 0.03000000
v 0.03174000 0.00903800 0.02999900
v 0.03077100 0.01192800 0.02999800
v 0.02954000 0.01471600 0.02999800
v 0.02805700 0.01737900 0.02999700
v 0.02633400 0.01989400 0.02999600
v 0.02438700 0.02223900 0.02999600
v 0.02223200 0.02439400 0.02999500
v 0.01988700 0.02634200 0.02999500
v 0.01737200 0.02806400 0.02999400
v 0.01470900 0.02954800 0.02999400
v 0.01192100 0.03077900 0.02999400
v 0.00903100 0.03174700 0.02999300
v 0.00606400 0.03244500 0.02999300
v 0.00304500 0.03286600 0.02999300
v 0.02475000 0.00825700 0.02999900
v 0.02887500 0.00825700 0.02999900
v 0.01650000 0.02475700 0.02999500
v 0.02062500 0.01650700 0.02999700
v 0.01237500 0.01650700 0.02999700
v 0.01237500 0.02475700 0.02999500
v 0.00330700 0.01770100 0.02999700
v 0.00650200 0.01679200 0.02999700
v 0.00947600 0.01531100 0.02999700
v 0.01212600 0.01330900 0.02999800
v 0.01436400 0.01085500 0.02999800
v 0.01611300 0.00803000 0.02999900
v 0.01731300 0.00493300 0.03000000
v 0.01792300 0.00166800 0.03000100
v 0.01792300 -0.00165400 0.03000100
v 0.01731300 -0.00491900 0.03000200
v 0.01611300 -0.00801600 0.03000300
v 0.01436400 -0.01084000 0.03000400
v 0.01212600 -0.01329500 0.03000400
v 0.00947500 -0.01529700 0.03000500
v 0.00650200 -0.01677700 0.03000500
v 0.00330700 -0.01768600 0.03000500
v 0.02062500 0.00000700 0.03000100
v 0.02062500 0.00825700 0.02999900
v 0.02062500 -0.00824300 0.03000300
v 0.02984100 -0.03089000 0.02381300
v 0.03216400 -0.02846300 0.02381200
v 0.03430000 -0.02585000 0.02381200
v 0.03623100 -0.02306700 0.02381100
v 0.03787700 -0.02025100 0.02381000
v 0.03934800 -0.01722000 0.02381000
v 0.04061100 -0.01398700 0.02380900
v 0.04158900 -0.01073400 0.02380800
v 0.04236500 -0.00707900 0.02380700
v 0.04279300 -0.00370900 0.02380600
v 0.04295200 -0.00031600 0.02380600
v 0.04284300 0.00307900 0.02380500
v 0.04246700 0.00645600 0.02380400
v 0.04182400 0.00979200 0.02380300
v 0.04091900 0.01306800 0.02380200
v 0.03975800 0.01626200 0.02380200
v 0.03834800 0.01935500 0.02380100
v 0.03669800 0.02232800 0.02380000
v 0.03481700 0.02516100 0.02380000
v 0.03271800 0.02783700 0.02379900
v 0.03041300 0.03033800 0.02379800
v 0.02791700 0.03265000 0.02379800
v 0.02524600 0.03475700 0.02379700
v 0.02241600 0.03664600 0.02379700
v 0.01944500 0.03830600 0.02379600
v 0.01635300 0.03972500 0.02379600
v 0.01315900 0.04089400 0.02379600
v 0.00988200 0.04180700 0.02379500
v 0.00645600 0.04247200 0.02379500
v 0.00315400 0.04284400 0.02379500
v 0.03067200 -0.03175100 0.02054200
v 0.03306000 -0.02925600 0.02054200
v 0.03525500 -0.02657000 0.02054100
v 0.03723900 -0.02371000 0.02054000
v 0.03893100 -0.02081600 0.02054000
v 0.04044300 -0.01770100 0.02053900
v 0.04174100 -0.01437700 0.02053800
v 0.04274700 -0.01103400 0.02053700
v 0.04354400 -0.00727700 0.02053700
v 0.04398400 -0.00381300 0.02053600
v 0.04414800 -0.00032600 0.02053500
v 0.04403600 0.00316400 0.02053400
v 0.04364900 0.00663500 0.02053300
v 0.04298800 0.01006400 0.02053200
v 0.04205800 0.01343100 0.02053200
v 0.04086500 0.01671400 0.02053100
v 0.03941600 0.01989300 0.02053000
v 0.03771900 0.02294800 0.02052900
v 0.03578600 0.02586000 0.02052900
v 0.03362800 0.02861100 0.02052800
v 0.03125900 0.03118200 0.02052700
v 0.02869400 0.03355800 0.02052700
v 0.02594800 0.03572400 0.02052600
v 0.02304000 0.03766600 0.02052600
v 0.01998700 0.03937100 0.02052500
v 0.01680800 0.04082900 0.02052500
v 0.01352500 0.04203200 0.02052500
v 0.01015800 0.04297000 0.02052400
v 0.00663600 0.04365300 0.02052400
v 0.00324200 0.04403500 0.02052400
v 0.03138000 -0.03248500 0.01720600
v 0.03382300 -0.02993300 0.01720500
v 0.03606900 -0.02718400 0.01720400
v 0.03809900 -0.02425900 0.01720400
v 0.03983000 -0.02129800 0.01720300
v 0.04137700 -0.01811000 0.01720200
v 0.04270500 -0.01471000 0.01720100
v 0.04373400 -0.01128900 0.01720100
v 0.04455000 -0.00744600 0.01720000
v 0.04499900 -0.00390200 0.01719900
v 0.04516700 -0.00033400 0.01719800
v 0.04505300 0.00323600 0.01719700
v 0.04465600 0.00678700 0.01719600
v 0.04398100 0.01029500 0.01719500
v 0.04302900 0.01374000 0.01719500
v 0.04180900 0.01709900 0.01719400
v 0.04032600 0.02035200 0.01719300
v 0.03661300 0.02645700 0.01719100
v 0.03440500 0.02927000 0.01719100
v 0.03198100 0.03190100 0.01719000
v 0.02935700 0.03433200 0.01719000
v 0.02654800 0.03654800 0.01718900
v 0.02357200 0.03853400 0.01718900
v 0.02044800 0.04027900 0.01718800
v 0.01719700 0.04177100 0.01718800
v 0.01383700 0.04300100 0.01718700
v 0.01039200 0.04396100 0.01718700
v 0.00678900 0.04466000 0.01718700
v 0.00331700 0.04505100 0.01718700
v 0.03445100 -0.03048900 0.01381600
v 0.03673900 -0.02769000 0.01381500
v 0.03880600 -0.02471000 0.01381500
v 0.04056900 -0.02169400 0.01381400
v 0.04214500 -0.01844700 0.01381300
v 0.04349700 -0.01498400 0.01381200
v 0.04454600 -0.01150000 0.01381200
v 0.04537700 -0.00758500 0.01381100
v 0.04583400 -0.00397600 0.01381000
v 0.04600500 -0.00034100 0.01380900
v 0.04588900 0.00329600 0.01380800
v 0.04548500 0.00691200 0.01380700
v 0.04479700 0.01048600 0.01380600
v 0.04382800 0.01399400 0.01380600
v 0.04258500 0.01741500 0.01380500
v 0.03504300 0.02981300 0.01380200
v 0.03257500 0.03249200 0.01380100
v 0.02990100 0.03496800 0.01380000
v 0.02704000 0.03722500 0.01380000
v 0.02400900 0.03924800 0.01379900
v 0.02082800 0.04102600 0.01379900
v 0.01751600 0.04254500 0.01379900
v 0.01409400 0.04379800 0.01379800
v 0.01058500 0.04477600 0.01379800
v 0.00691500 0.04548800 0.01379800
v 0.00337900 0.04588600 0.01379800
v 0.03494000 -0.03092300 0.01038700
v 0.03726100 -0.02808400 0.01038600
v 0.03935700 -0.02506200 0.01038600
v 0.04114600 -0.02200300 0.01038500
v 0.04274400 -0.01871000 0.01038400
v 0.04411500 -0.01519800 0.01038300
v 0.04517900 -0.01166400 0.01038200
v 0.04602100 -0.00769400 0.01038100
v 0.04648600 -0.00403300 0.01038100
v 0.04665900 -0.00034700 0.01038000
v 0.04654100 0.00334100 0.01037900
v 0.04613200 0.00700900 0.01037800
v 0.04543300 0.01063400 0.01037700
v 0.04445100 0.01419200 0.01037600
v 0.04319000 0.01766200 0.01037500
v 0.04165800 0.02102200 0.01037500
v 0.03986500 0.02425100 0.01037400
v 0.03782200 0.02732900 0.01037300
v 0.03554100 0.03023500 0.01037200
v 0.03303800 0.03295300 0.01037200
v 0.03032600 0.03546400 0.01037100
v 0.02742500 0.03775300 0.01037000
v 0.02435100 0.03980500 0.01037000
v 0.02112400 0.04160800 0.01037000
v 0.01776500 0.04314900 0.01036900
v 0.01429400 0.04442000 0.01036900
v 0.01073500 0.04541100 0.01036900
v 0.00701300 0.04613300 0.01036800
v 0.00342700 0.04653700 0.01036800
v 0.03529000 -0.03123300 0.00693300
v 0.03763400 -0.02836600 0.00693200
v 0.03975100 -0.02531300 0.00693100
v 0.04155800 -0.02222400 0.00693000
v 0.04317200 -0.01889800 0.00693000
v 0.04455700 -0.01535100 0.00692900
v 0.04563100 -0.01178200 0.00692800
v 0.04648200 -0.00777200 0.00692700
v 0.04695100 -0.00407400 0.00692600
v 0.04712600 -0.00035100 0.00692500
v 0.04700700 0.00337400 0.00692400
v 0.04659300 0.00707900 0.00692300
v 0.04588800 0.01073900 0.00692300
v 0.04489600 0.01433300 0.00692200
v 0.04362200 0.01783800 0.00692100
v 0.04207500 0.02123200 0.00692000
v 0.04026400 0.02449300 0.00691900
v 0.03820000 0.02760100 0.00691800
v 0.03589700 0.03053700 0.00691800
v 0.03336800 0.03328200 0.00691700
v 0.03063000 0.03581800 0.00691600
v 0.02769900 0.03813000 0.00691600
v 0.02459400 0.04020300 0.00691500
v 0.02133500 0.04202400 0.00691500
v 0.01794200 0.04358000 0.00691500
v 0.01443700 0.04486400 0.00691400
v 0.01084300 0.04586500 0.00691400
v 0.00708300 0.04659400 0.00691400
v 0.00346100 0.04700200 0.00691400
v 0.03549900 -0.03142000 0.00346800
v 0.03785700 -0.02853500 0.00346700
v 0.03998700 -0.02546400 0.00346700
v 0.04180400 -0.02235700 0.00346600
v 0.04342800 -0.01901100 0.00346500
v 0.04482100 -0.01544200 0.00346400
v 0.04590100 -0.01185200 0.00346300
v 0.04675800 -0.00781900 0.00346200
v 0.04722900 -0.00409900 0.00346200
v 0.04740600 -0.00035400 0.00346100
v 0.04728600 0.00339300 0.00346000
v 0.04687000 0.00712000 0.00345900
v 0.04616000 0.01080200 0.00345800
v 0.04516200 0.01441700 0.00345700
v 0.04388100 0.01794300 0.00345600
v 0.04232400 0.02135700 0.00345500
v 0.04050300 0.02463700 0.00345500
v 0.03842700 0.02776400 0.00345400
v 0.03611000 0.03071700 0.00345300
v 0.03356600 0.03347800 0.00345200
v 0.03081200 0.03603000 0.00345200
v 0.02786300 0.03835500 0.00345100
v 0.02474000 0.04044100 0.00345100
v 0.02146200 0.04227200 0.00345000
v 0.01804900 0.04383800 0.00345000
v 0.01452300 0.04512900 0.00345000
v 0.01090700 0.04613600 0.00344900
v 0.00712500 0.04687000 0.00344900
v 0.00348200 0.04728000 0.00344900
v 0.00000000 0.04750000 -0.00001000
v 0.00000000 0.04747700 0.00171900
v 0.00000000 0.04740800 0.00345200
v 0.00000000 0.04729200 0.00518600
v 0.00000000 0.04712900 0.00692000
v 0.00000000 0.04691900 0.00865100
v 0.00000000 0.04666200 0.01037800
v 0.00000000 0.04635800 0.01209800
v 0.00000000 0.04600800 0.01381000
v 0.00000000 0.04561100 0.01551200
v 0.00000000 0.04516900 0.01720200
v 0.00000000 0.04468100 0.01887800
v 0.00000000 0.04414900 0.02053900
v 0.00000000 0.04357400 0.02218200
v 0.00000000 0.04295500 0.02380700
v 0.00000000 0.04229400 0.02541000
v 0.03382800 -0.03334500 0.00000900
v 0.03496800 -0.03214800 0.00000900
v 0.03607600 -0.03089900 0.00000800
v 0.03715000 -0.02959900 0.00000800
v 0.03818500 -0.02825100 0.00000800
v 0.03918000 -0.02685500 0.00000800
v 0.04013000 -0.02541200 0.00000700
v 0.04103400 -0.02392600 0.00000700
v 0.04188700 -0.02239900 0.00000600
v 0.04268800 -0.02083200 0.00000600
v 0.04343400 -0.01922800 0.00000600
v 0.04412200 -0.01759100 0.00000500
v 0.04475100 -0.01592300 0.00000500
v 0.04531900 -0.01422900 0.00000500
v 0.04582300 -0.01251000 0.00000400
v 0.04626300 -0.01077100 0.00000400
v 0.04663600 -0.00901500 0.00000300
v 0.04694400 -0.00724700 0.00000300
v 0.04718400 -0.00546900 0.00000200
v 0.04735700 -0.00368700 0.00000200
v 0.04746200 -0.00190200 0.00000200
v 0.04750000 -0.00012000 0.00000100
v 0.04747100 0.00165500 0.00000100
v 0.04737600 0.00342100 0.00000000
v 0.04721700 0.00517400 0.00000000
v 0.04699500 0.00690900 -0.00000100
v 0.04671000 0.00862500 -0.00000100
v 0.04636600 0.01031800 -0.00000100
v 0.04596300 0.01198400 -0.00000200
v 0.04550500 0.01362100 -0.00000200
v 0.04499300 0.01522700 -0.00000300
v 0.04443000 0.01679900 -0.00000300
v 0.04381800 0.01833500 -0.00000300
v 0.04315400 0.01984900 -0.00000400
v 0.04243000 0.02135300 -0.00000400
v 0.04164500 0.02284500 -0.00000400
v 0.04080100 0.02432100 -0.00000500
v 0.03989700 0.02577800 -0.00000500
v 0.03893300 0.02721100 -0.00000500
v 0.03791100 0.02861800 -0.00000600
v 0.03683100 0.02999500 -0.00000600
v 0.03569500 0.03133900 -0.00000600
v 0.03450400 0.03264600 -0.00000700
v 0.03325900 0.03391300 -0.00000700
v 0.03196400 0.03513700 -0.00000700
v 0.03061900 0.03631400 -0.00000800
v 0.02922800 0.03744300 -0.00000800
v 0.02779400 0.03852000 -0.00000800
v 0.02631800 0.03954200 -0.00000800
v 0.02480600 0.04050800 -0.00000900
v 0.02325900 0.04141600 -0.00000900
v 0.02168100 0.04226300 -0.00000900
v 0.02007500 0.04304900 -0.00000900
v 0.01844600 0.04377200 -0.00000900
v 0.01679700 0.04443100 -0.00001000
v 0.01513100 0.04502500 -0.00001000
v 0.01345300 0.04555500 -0.00001000
v 0.01176600 0.04602000 -0.00001000
v 0.01007400 0.04641900 -0.00001000
v 0.00837900 0.04675500 -0.00001000
v 0.00668700 0.04702700 -0.00001000
v 0.00500000 0.04723600 -0.00001000
v 0.00332100 0.04738400 -0.00001000
v 0.00165300 0.04747100 -0.00001000
v 0.04158600 0.00000600 0.02700200
v 0.04149400 -0.00275500 0.02700200
v 0.04121900 -0.00550500 0.02700300
v 0.04076200 -0.00822900 0.02700400
v 0.04012500 -0.01091800 0.02700400
v 0.03931100 -0.01355900 0.02700500
v 0.03832400 -0.01613900 0.02700500
v 0.03716700 -0.01864800 0.02700600
v 0.03584600 -0.02107500 0.02700700
v 0.03436700 -0.02340900 0.02700700
v 0.03273700 -0.02564000 0.02700800
v 0.03096100 -0.02775700 0.02700800
v 0.02904900 -0.02975200 0.02700900
v 0.02700900 -0.03161500 0.02700900
v 0.02485000 -0.03333900 0.02700900
v 0.00000000 0.04159300 0.02699100
v 0.00272000 0.04150400 0.02699100
v 0.00542800 0.04123700 0.02699200
v 0.00811300 0.04079400 0.02699200
v 0.01076300 0.04017600 0.02699200
v 0.01336700 0.03938600 0.02699200
v 0.01591400 0.03842700 0.02699200
v 0.01839300 0.03730400 0.02699300
v 0.02079300 0.03602100 0.02699300
v 0.02310400 0.03458400 0.02699300
v 0.02531600 0.03299900 0.02699400
v 0.02742000 0.03127300 0.02699400
v 0.02940600 0.02941200 0.02699400
v 0.03126600 0.02742600 0.02699500
v 0.03299200 0.02532200 0.02699500
v 0.03457800 0.02311000 0.02699600
v 0.03601500 0.02079900 0.02699700
v 0.03729700 0.01839900 0.02699700
v 0.03842000 0.01592100 0.02699800
v 0.03937900 0.01337400 0.02699800
v 0.04016900 0.01077000 0.02699900
v 0.04078700 0.00811900 0.02700000
v 0.04123000 0.00543400 0.02700000
v 0.04149700 0.00272600 0.02700100
v 0.02539400 -0.03333900 0.02628600
v 0.02592200 -0.03333900 0.02555100
v 0.02643400 -0.03333900 0.02480400
v 0.02692900 -0.03333900 0.02404700
v 0.02740800 -0.03334000 0.02327800
v 0.02786900 -0.03334000 0.02250000
v 0.02831500 -0.03334000 0.02171200
v 0.02874300 -0.03334000 0.02091500
v 0.02915500 -0.03334000 0.02010800
v 0.02954900 -0.03334000 0.01929400
v 0.02992700 -0.03334100 0.01847100
v 0.03028700 -0.03334100 0.01764100
v 0.03063100 -0.03334100 0.01680300
v 0.03095700 -0.03334100 0.01595900
v 0.03126600 -0.03334100 0.01510800
v 0.03155700 -0.03334200 0.01425100
v 0.03183100 -0.03334200 0.01338900
v 0.03208800 -0.03334200 0.01252100
v 0.03232700 -0.03334200 0.01164800
v 0.03254900 -0.03334300 0.01077000
v 0.03275300 -0.03334300 0.00988800
v 0.03293900 -0.03334300 0.00900200
v 0.03310800 -0.03334300 0.00811300
v 0.03325900 -0.03334300 0.00722100
v 0.03339200 -0.03334400 0.00632500
v 0.03350800 -0.03334400 0.00542700
v 0.03360600 -0.03334400 0.00452800
v 0.03368600 -0.03334400 0.00362600
v 0.03374800 -0.03334400 0.00272300
v 0.03379300 -0.03334500 0.00181900
v 0.03381900 -0.03334500 0.00091400
v 0.02936700 -0.03296000 0.02054300
v 0.03027100 -0.03133600 0.02218700
v 0.02857200 -0.03206700 0.02381300
v 0.02898400 -0.03253000 0.02218700
v 0.03104100 -0.03213400 0.01888200
v 0.03369000 -0.03228100 0.01038700
v 0.03471300 -0.03072100 0.01210600
v 0.03321700 -0.03182800 0.01381600
v 0.03347000 -0.03207100 0.01210600
v 0.03402700 -0.03260500 0.00693300
v 0.03513300 -0.03109400 0.00866200
v 0.03387500 -0.03245900 0.00866200
v 0.03422900 -0.03279900 0.00346800
v 0.03541200 -0.03134200 0.00520100
v 0.03414500 -0.03271800 0.00520100
v 0.03555100 -0.03146600 0.00173700
v 0.03427900 -0.03284800 0.00173700
v 0.04004300 0.02375300 0.01099500
v 0.04064700 0.02262300 0.01121700
v 0.04105600 0.02160800 0.01189800
v 0.04115100 0.02121400 0.01240600
v 0.04116200 0.02093600 0.01299000
v 0.04094800 0.02076300 0.01424100
v 0.04047300 0.02109700 0.01538400
v 0.03984400 0.02179900 0.01627100
v 0.03914800 0.02273800 0.01681800
v 0.03844900 0.02381100 0.01699400
v 0.03781700 0.02492000 0.01675600
v 0.03736100 0.02591300 0.01607700
v 0.03724800 0.02629700 0.01557300
v 0.03722700 0.02657200 0.01498900
v 0.03729700 0.02672400 0.01436500
v 0.03745600 0.02674200 0.01373900
v 0.03797300 0.02641600 0.01261200
v 0.03863800 0.02573500 0.01174200
v 0.03934900 0.02482100 0.01118900
v 0.04079200 0.02265800 0.01037400
v 0.03887100 0.02581400 0.01037300
v 0.03300000 0.00000700 0.03000100
v 0.03945400 0.00421600 0.02811600
v 0.03734900 0.00399200 0.02902200
v 0.03511300 0.00375300 0.02965900
v 0.03883900 0.00812100 0.02811500
v 0.03676700 0.00768800 0.02902100
v 0.03456600 0.00722800 0.02965800
v 0.03783900 0.01194500 0.02811400
v 0.03582000 0.01130800 0.02902000
v 0.03367600 0.01063200 0.02965700
v 0.03646400 0.01565100 0.02811300
v 0.03451800 0.01481600 0.02901900
v 0.03245100 0.01393000 0.02965600
v 0.03473600 0.01918400 0.02811200
v 0.03288200 0.01816100 0.02901800
v 0.03091400 0.01707400 0.02965500
v 0.03271600 0.02245600 0.02811200
v 0.03097100 0.02125900 0.02901700
v 0.02911600 0.01998600 0.02965500
v 0.03039000 0.02551700 0.02811100
v 0.02876800 0.02415600 0.02901700
v 0.02704600 0.02271100 0.02965400
v 0.02777800 0.02833900 0.02811000
v 0.02629600 0.02682800 0.02901600
v 0.02472200 0.02522200 0.02965300
v 0.02490500 0.03089500 0.02811000
v 0.02357700 0.02924700 0.02901600
v 0.02216500 0.02749600 0.02965300
v 0.02179900 0.03316000 0.02810900
v 0.02063600 0.03139200 0.02901500
v 0.01940000 0.02951300 0.02965200
v 0.01848800 0.03511400 0.02810800
v 0.01750100 0.03324200 0.02901500
v 0.01645300 0.03125200 0.02965200
v 0.01500300 0.03673900 0.02810800
v 0.01420200 0.03477900 0.02901400
v 0.01335200 0.03269800 0.02965100
v 0.01137700 0.03801900 0.02810800
v 0.01077000 0.03599100 0.02901400
v 0.01012500 0.03383700 0.02965100
v 0.00764500 0.03894100 0.02810800
v 0.00723700 0.03686400 0.02901400
v 0.00680300 0.03465800 0.02965100
v 0.00360600 0.03952100 0.02810700
v 0.00341400 0.03741300 0.02901300
v 0.00320900 0.03517300 0.02965100
v 0.00000000 0.04159300 0.02699100
v 0.00000000 0.03960700 0.02814600
v 0.00000000 0.03749200 0.02904000
v 0.00000000 0.03528000 0.02965900
v 0.04158600 0.00000600 0.02700200
v 0.04149700 0.00272600 0.02700100
v 0.04123000 0.00543400 0.02700000
v 0.04078700 0.00811900 0.02700000
v 0.04016900 0.01077000 0.02699900
v 0.03937900 0.01337400 0.02699800
v 0.03842000 0.01592100 0.02699800
v 0.03729700 0.01839900 0.02699700
v 0.03601500 0.02079900 0.02699700
v 0.03457800 0.02311000 0.02699600
v 0.03299200 0.02532200 0.02699500
v 0.03126600 0.02742600 0.02699500
v 0.02940600 0.02941200 0.02699400
v 0.02742000 0.03127300 0.02699400
v 0.02531600 0.03299900 0.02699400
v 0.02310400 0.03458400 0.02699300
v 0.02079300 0.03602100 0.02699300
v 0.01839300 0.03730400 0.02699300
v 0.01591400 0.03842700 0.02699200
v 0.01336700 0.03938600 0.02699200
v 0.01076300 0.04017600 0.02699200
v 0.00811300 0.04079400 0.02699200
v 0.00542800 0.04123700 0.02699200
v 0.00272000 0.04150400 0.02699100
v 0.00000000 0.03300700 0.02999300
v 0.00304500 0.03286600 0.02999300
v 0.00606400 0.03244500 0.02999300
v 0.00903100 0.03174700 0.02999300
v 0.01192100 0.03077900 0.02999400
v 0.01470900 0.02954800 0.02999400
v 0.01737200 0.02806400 0.02999400
v 0.01988700 0.02634200 0.02999500
v 0.02223200 0.02439400 0.02999500
v 0.02438700 0.02223900 0.02999600
v 0.02633400 0.01989400 0.02999600
v 0.02805700 0.01737900 0.02999700
v 0.02954000 0.01471600 0.02999800
v 0.03077100 0.01192800 0.02999800
v 0.03174000 0.00903800 0.02999900
v 0.03243800 0.00607100 0.03000000
v 0.03285900 0.00305200 0.03000000
v 0.03527200 0.00000700 0.02966800
v 0.03748400 0.00000700 0.02905000
v 0.03960000 0.00000700 0.02815600
v 0.01815400 -0.03287600 0.02903000
v 0.01706700 -0.03090700 0.02966700
v 0.02125100 -0.03096400 0.02903000
v 0.01997900 -0.02911000 0.02966600
v 0.02551000 -0.03038300 0.02812400
v 0.02414900 -0.02876200 0.02902900
v 0.02270300 -0.02703900 0.02966600
v 0.02833200 -0.02777200 0.02812400
v 0.02682000 -0.02628900 0.02902900
v 0.02521500 -0.02471500 0.02966500
v 0.03088800 -0.02489900 0.02812300
v 0.02924000 -0.02357000 0.02902800
v 0.02748900 -0.02215800 0.02966500
v 0.03315300 -0.02179200 0.02812200
v 0.03138400 -0.02062900 0.02902800
v 0.02950500 -0.01939300 0.02966400
v 0.03510700 -0.01848100 0.02812100
v 0.03323400 -0.01749500 0.02902700
v 0.03124400 -0.01644700 0.02966300
v 0.03673200 -0.01499600 0.02812100
v 0.03477200 -0.01419600 0.02902600
v 0.03269000 -0.01334500 0.02966300
v 0.03801200 -0.01137100 0.02812000
v 0.03598400 -0.01076300 0.02902500
v 0.03382900 -0.01011800 0.02966200
v 0.03893400 -0.00763800 0.02811900
v 0.03685700 -0.00723000 0.02902400
v 0.03465000 -0.00679700 0.02966100
v 0.03951400 -0.00360000 0.02811800
v 0.03740500 -0.00340700 0.02902300
v 0.03516600 -0.00320200 0.02966000
v 0.03300000 0.00000700 0.03000100
v 0.00000000 -0.03299300 0.03000900
v 0.03285900 -0.00303800 0.03000200
v 0.03243800 -0.00605700 0.03000300
v 0.03174000 -0.00902400 0.03000300
v 0.03077100 -0.01191400 0.03000400
v 0.02954000 -0.01470200 0.03000500
v 0.02805700 -0.01736500 0.03000500
v 0.02633400 -0.01988000 0.03000600
v 0.02438700 -0.02222500 0.03000600
v 0.02223200 -0.02438000 0.03000700
v 0.01988700 -0.02632700 0.03000700
v 0.01737200 -0.02805000 0.03000800
v 0.01470900 -0.02953300 0.03000800
v 0.01192100 -0.03076400 0.03000800
v 0.00903000 -0.03173300 0.03000900
v 0.00606300 -0.03243100 0.03000900
v 0.00304400 -0.03285200 0.03000900
v 0.02485000 -0.03333900 0.02700900
v 0.02700900 -0.03161500 0.02700900
v 0.02904900 -0.02975200 0.02700900
v 0.03096100 -0.02775700 0.02700800
v 0.03273700 -0.02564000 0.02700800
v 0.03436700 -0.02340900 0.02700700
v 0.03584600 -0.02107500 0.02700700
v 0.03716700 -0.01864800 0.02700600
v 0.03832400 -0.01613900 0.02700500
v 0.03931100 -0.01355900 0.02700500
v 0.04012500 -0.01091800 0.02700400
v 0.04076200 -0.00822900 0.02700400
v 0.04121900 -0.00550500 0.02700300
v 0.04149400 -0.00275500 0.02700200
v 0.04158600 0.00000600 0.02700200
v 0.03960000 0.00000700 0.02815600
v 0.03748400 0.00000700 0.02905000
v 0.03527200 0.00000700 0.02966800
v 0.00000000 -0.03333800 0.02997700
v 0.00157300 -0.03333800 0.02997300
v 0.00314600 -0.03333800 0.02996200
v 0.00472000 -0.03333800 0.02994000
v 0.00629300 -0.03333800 0.02990800
v 0.00786600 -0.03333800 0.02986100
v 0.00943800 -0.03333800 0.02979600
v 0.01100900 -0.03333800 0.02970900
v 0.01257800 -0.03333800 0.02959400
v 0.01414500 -0.03333800 0.02944800
v 0.01570700 -0.03333800 0.02926300
v 0.01726400 -0.03333800 0.02903500
v 0.01881200 -0.03333800 0.02875600
v 0.02035000 -0.03333800 0.02842100
v 0.02187200 -0.03333800 0.02802200
v 0.02337400 -0.03333800 0.02755400
v 0.01800400 -0.03499600 0.02829500
v 0.01577200 -0.03660300 0.02808700
v 0.01347200 -0.03808600 0.02786800
v 0.01112300 -0.03946100 0.02762600
v 0.01355400 -0.03493800 0.02908300
v 0.01187900 -0.03651800 0.02881100
v 0.01015400 -0.03800400 0.02853400
v 0.00839100 -0.03940800 0.02824600
v 0.00905200 -0.03488600 0.02952800
v 0.00794000 -0.03644200 0.02926400
v 0.00679200 -0.03793100 0.02898400
v 0.00561700 -0.03936200 0.02868600
v 0.00452900 -0.03483100 0.02974500
v 0.00397500 -0.03636100 0.02951300
v 0.00340200 -0.03785400 0.02924900
v 0.00281500 -0.03931300 0.02895200
v 0.00000000 -0.04074300 0.02871100
v 0.01908800 -0.03414000 0.02839800
v 0.02019100 -0.03503200 0.02772400
v 0.02140600 -0.03416000 0.02778700
v 0.00000000 -0.03333800 0.02997700
v 0.00000000 -0.03520400 0.02975600
v 0.00000000 -0.03706200 0.02947100
v 0.00000000 -0.03890900 0.02912200
v 0.00277100 -0.04074300 0.02857600
v 0.00551600 -0.04074300 0.02817400
v 0.00820800 -0.04074300 0.02751100
v 0.02485000 -0.03333900 0.02700900
v 0.02337400 -0.03333800 0.02755400
v 0.02187200 -0.03333800 0.02802200
v 0.02035000 -0.03333800 0.02842100
v 0.01881200 -0.03333800 0.02875600
v 0.01726400 -0.03333800 0.02903500
v 0.01570700 -0.03333800 0.02926300
v 0.01414500 -0.03333800 0.02944800
v 0.01257800 -0.03333800 0.02959400
v 0.01100900 -0.03333800 0.02970900
v 0.00943800 -0.03333800 0.02979600
v 0.00786600 -0.03333800 0.02986100
v 0.00629300 -0.03333800 0.02990800
v 0.00472000 -0.03333800 0.02994000
v 0.00314600 -0.03333800 0.02996200
v 0.00157300 -0.03333800 0.02997300
v 0.01082600 -0.04074400 0.02659000
v 0.01128900 -0.04056500 0.02662900
v 0.01175100 -0.04038400 0.02666500
v 0.01267200 -0.04001300 0.02673000
v 0.01358800 -0.03963000 0.02678600
v 0.01450000 -0.03923600 0.02683400
v 0.01540700 -0.03882800 0.02687500
v 0.01630800 -0.03840700 0.02690800
v 0.01720200 -0.03797200 0.02693600
v 0.01809000 -0.03752300 0.02695800
v 0.01896900 -0.03705800 0.02697500
v 0.01984000 -0.03657800 0.02698800
v 0.02070300 -0.03608200 0.02699700
v 0.02155500 -0.03556800 0.02700300
v 0.02239700 -0.03503800 0.02700700
v 0.02322700 -0.03449000 0.02700900
v 0.02404500 -0.03392400 0.02701000
v 0.02485000 -0.03333900 0.02700900
v 0.02480300 -0.03415700 0.02559600
v 0.02366000 -0.03493900 0.02564000
v 0.02249500 -0.03569000 0.02568100
v 0.02131100 -0.03641100 0.02571900
v 0.02011200 -0.03710400 0.02575000
v 0.01890000 -0.03777100 0.02577400
v 0.01773100 -0.03838700 0.02578800
v 0.01645300 -0.03903400 0.02579100
v 0.01522300 -0.03962900 0.02578200
v 0.01399300 -0.04019900 0.02575700
v 0.02586500 -0.03413100 0.02412900
v 0.02478000 -0.03489100 0.02421100
v 0.02367600 -0.03562500 0.02429200
v 0.02255700 -0.03633500 0.02437000
v 0.02142600 -0.03702300 0.02444400
v 0.02028700 -0.03769300 0.02451100
v 0.01919400 -0.03831700 0.02456800
v 0.01800600 -0.03897800 0.02462100
v 0.01687200 -0.03959200 0.02466100
v 0.01574600 -0.04018100 0.02468900
v 0.02686000 -0.03410600 0.02261200
v 0.02583200 -0.03484600 0.02272500
v 0.02478800 -0.03556300 0.02283800
v 0.02373200 -0.03626200 0.02294900
v 0.02266800 -0.03694500 0.02305600
v 0.02160200 -0.03761700 0.02315900
v 0.02058300 -0.03824900 0.02325100
v 0.01948400 -0.03892300 0.02334400
v 0.01844400 -0.03955400 0.02342400
v 0.01742100 -0.04016300 0.02349500
v 0.02778700 -0.03408300 0.02105000
v 0.02681400 -0.03480200 0.02118700
v 0.02582800 -0.03550400 0.02132400
v 0.02483400 -0.03619200 0.02146000
v 0.02383500 -0.03687100 0.02159300
v 0.02283900 -0.03754300 0.02172300
v 0.02189300 -0.03818200 0.02184200
v 0.02088100 -0.03886900 0.02196600
v 0.01993200 -0.03951600 0.02207700
v 0.01900800 -0.04014400 0.02218100
v 0.02864400 -0.03406100 0.01944500
v 0.02772400 -0.03476200 0.01959900
v 0.02679500 -0.03544800 0.01975300
v 0.02585900 -0.03612600 0.01990700
v 0.02492400 -0.03680000 0.02005900
v 0.02399500 -0.03747300 0.02020800
v 0.02311900 -0.03811700 0.02034600
v 0.02219000 -0.03881600 0.02049200
v 0.02132900 -0.03947900 0.02062700
v 0.02050100 -0.04012400 0.02075500
v 0.02943000 -0.03404100 0.01780300
v 0.02856200 -0.03472400 0.01796600
v 0.02768500 -0.03539600 0.01813100
v 0.02680600 -0.03606400 0.01829600
v 0.02593000 -0.03673300 0.01845900
v 0.02506500 -0.03740600 0.01861900
v 0.02425600 -0.03805500 0.01877000
v 0.02340600 -0.03876500 0.01893000
v 0.02262900 -0.03944200 0.01907900
v 0.02189200 -0.04010500 0.01922400
v 0.03014500 -0.03402200 0.01612500
v 0.02932400 -0.03468900 0.01629200
v 0.02849800 -0.03534800 0.01646100
v 0.02767100 -0.03600700 0.01663000
v 0.02685200 -0.03667100 0.01679800
v 0.02604700 -0.03734300 0.01696300
v 0.02530100 -0.03799700 0.01712000
v 0.02452500 -0.03871600 0.01728600
v 0.02382500 -0.03940600 0.01744200
v 0.02317300 -0.04008600 0.01759500
v 0.03078800 -0.03400500 0.01441500
v 0.03001100 -0.03465700 0.01458100
v 0.02923100 -0.03530400 0.01474800
v 0.02845300 -0.03595400 0.01491500
v 0.02768600 -0.03661300 0.01508100
v 0.02693700 -0.03728500 0.01524500
v 0.02624800 -0.03794200 0.01540100
v 0.02554100 -0.03866900 0.01556700
v 0.02491200 -0.03937100 0.01572300
v 0.02433800 -0.04006700 0.01587600
v 0.03135700 -0.03399000 0.01267700
v 0.03062100 -0.03462800 0.01283600
v 0.02988300 -0.03526400 0.01299600
v 0.02915000 -0.03590600 0.01315500
v 0.02843000 -0.03656000 0.01331400
v 0.02773200 -0.03723100 0.01347100
v 0.02709600 -0.03789000 0.01362000
v 0.02645000 -0.03862500 0.01377900
v 0.02588600 -0.03933800 0.01392900
v 0.02538100 -0.04004900 0.01407600
v 0.03185300 -0.03397600 0.01091500
v 0.03115300 -0.03460200 0.01106200
v 0.03045200 -0.03522800 0.01120900
v 0.02976000 -0.03586300 0.01135600
v 0.02908200 -0.03651200 0.01150200
v 0.02843000 -0.03718100 0.01164700
v 0.02784000 -0.03784200 0.01178400
v 0.02724800 -0.03858300 0.01193100
v 0.02674100 -0.03930600 0.01206900
v 0.02629700 -0.04003100 0.01220500
v 0.03227400 -0.03396500 0.00913100
v 0.03160500 -0.03458000 0.00926100
v 0.03093800 -0.03519700 0.00939200
v 0.03028000 -0.03582400 0.00952200
v 0.02963900 -0.03646900 0.00965100
v 0.02902600 -0.03713700 0.00977900
v 0.02847700 -0.03779900 0.00990000
v 0.02793200 -0.03854400 0.01002900
v 0.02747300 -0.03927600 0.01015100
v 0.02708200 -0.04001400 0.01027100
v 0.03262000 -0.03395500 0.00732900
v 0.03197700 -0.03456000 0.00743900
v 0.03133800 -0.03517000 0.00754900
v 0.03070900 -0.03579100 0.00765800
v 0.03010000 -0.03643200 0.00776600
v 0.02952000 -0.03709700 0.00787400
v 0.02900500 -0.03776000 0.00797500
v 0.02849900 -0.03850900 0.00808300
v 0.02808000 -0.03924800 0.00818400
v 0.02773000 -0.03999800 0.00828400
v 0.03288900 -0.03394600 0.00551300
v 0.03226900 -0.03454500 0.00559800
v 0.03165200 -0.03514800 0.00568400
v 0.03104700 -0.03576400 0.00577000
v 0.03046200 -0.03640100 0.00585400
v 0.02991000 -0.03706300 0.00593700
v 0.02942000 -0.03772600 0.00601600
v 0.02894500 -0.03847700 0.00609900
v 0.02855600 -0.03922200 0.00617800
v 0.02823900 -0.03998200 0.00625400
v 0.03308300 -0.03394000 0.00368500
v 0.03247800 -0.03453300 0.00374400
v 0.03187800 -0.03513100 0.00380300
v 0.03129100 -0.03574300 0.00386200
v 0.03072500 -0.03637500 0.00392000
v 0.03019200 -0.03703500 0.00397700
v 0.02972200 -0.03769600 0.00403000
v 0.02926900 -0.03844900 0.00408700
v 0.02890200 -0.03919800 0.00414000
v 0.02860700 -0.03996800 0.00419200
v 0.03320000 -0.03393600 0.00184900
v 0.03260500 -0.03452500 0.00188000
v 0.03201600 -0.03511900 0.00191000
v 0.03144000 -0.03572700 0.00194000
v 0.03088700 -0.03635700 0.00197000
v 0.03036600 -0.03701400 0.00199900
v 0.02990900 -0.03767300 0.00202600
v 0.02946900 -0.03842500 0.00205500
v 0.02911300 -0.03917700 0.00208200
v 0.02883000 -0.03995500 0.00210700
v 0.02870000 -0.04075000 0.00001100
v 0.02868000 -0.04075000 0.00107400
v 0.02862000 -0.04075000 0.00213500
v 0.02852000 -0.04074900 0.00319200
v 0.02838200 -0.04074900 0.00424500
v 0.02820400 -0.04074900 0.00529100
v 0.02798900 -0.04074900 0.00633000
v 0.02773500 -0.04074800 0.00736100
v 0.02744400 -0.04074800 0.00838100
v 0.02711600 -0.04074800 0.00939000
v 0.02675200 -0.04074800 0.01038600
v 0.02635100 -0.04074700 0.01136900
v 0.02591400 -0.04074700 0.01233600
v 0.02544200 -0.04074700 0.01328700
v 0.02493400 -0.04074700 0.01421900
v 0.02439200 -0.04074600 0.01513300
v 0.02381600 -0.04074600 0.01602600
v 0.02320600 -0.04074600 0.01689700
v 0.02256500 -0.04074600 0.01774300
v 0.02189200 -0.04074600 0.01856500
v 0.02119000 -0.04074500 0.01936100
v 0.02045900 -0.04074500 0.02013000
v 0.01970000 -0.04074500 0.02087200
v 0.01891500 -0.04074500 0.02158600
v 0.01810400 -0.04074500 0.02227000
v 0.01726900 -0.04074500 0.02292500
v 0.01641100 -0.04074400 0.02354800
v 0.01553000 -0.04074400 0.02414000
v 0.01462700 -0.04074400 0.02469900
v 0.01370500 -0.04074400 0.02522400
v 0.01276300 -0.04074400 0.02571500
v 0.01180300 -0.04074400 0.02617100
v 0.02539400 -0.03333900 0.02628600
v 0.02592200 -0.03333900 0.02555100
v 0.02643400 -0.03333900 0.02480400
v 0.02692900 -0.03333900 0.02404700
v 0.02740800 -0.03334000 0.02327800
v 0.02786900 -0.03334000 0.02250000
v 0.02831500 -0.03334000 0.02171200
v 0.02874300 -0.03334000 0.02091500
v 0.02915500 -0.03334000 0.02010800
v 0.02954900 -0.03334000 0.01929400
v 0.02992700 -0.03334100 0.01847100
v 0.03028700 -0.03334100 0.01764100
v 0.03063100 -0.03334100 0.01680300
v 0.03095700 -0.03334100 0.01595900
v 0.03126600 -0.03334100 0.01510800
v 0.03155700 -0.03334200 0.01425100
v 0.03183100 -0.03334200 0.01338900
v 0.03208800 -0.03334200 0.01252100
v 0.03232700 -0.03334200 0.01164800
v 0.03254900 -0.03334300 0.01077000
v 0.03275300 -0.03334300 0.00988800
v 0.03293900 -0.03334300 0.00900200
v 0.03310800 -0.03334300 0.00811300
v 0.03325900 -0.03334300 0.00722100
v 0.03339200 -0.03334400 0.00632500
v 0.03350800 -0.03334400 0.00542700
v 0.03360600 -0.03334400 0.00452800
v 0.03368600 -0.03334400 0.00362600
v 0.03374800 -0.03334400 0.00272300
v 0.03379300 -0.03334500 0.00181900
v 0.03381900 -0.03334500 0.00091400
v 0.03382800 -0.03334500 0.00000900
v 0.01082600 -0.04074400 0.02659000
v 0.01128900 -0.04056500 0.02662900
v 0.01175100 -0.04038400 0.02666500
v 0.01267200 -0.04001300 0.02673000
v 0.01358800 -0.03963000 0.02678600
v 0.01450000 -0.03923600 0.02683400
v 0.01540700 -0.03882800 0.02687500
v 0.01630800 -0.03840700 0.02690800
v 0.01720200 -0.03797200 0.02693600
v 0.01809000 -0.03752300 0.02695800
v 0.01896900 -0.03705800 0.02697500
v 0.01984000 -0.03657800 0.02698800
v 0.02070300 -0.03608200 0.02699700
v 0.02155500 -0.03556800 0.02700300
v 0.02239700 -0.03503800 0.02700700
v 0.02322700 -0.03449000 0.02700900
v 0.02404500 -0.03392400 0.02701000
v 0.03342400 -0.03375100 0.00000900
v 0.03301800 -0.03415400 0.00000900
v 0.03220900 -0.03496400 0.00000900
v 0.03142300 -0.03579600 0.00001000
v 0.03068200 -0.03666900 0.00001000
v 0.03001400 -0.03759900 0.00001000
v 0.02944600 -0.03859200 0.00001000
v 0.02900300 -0.03964700 0.00001100
v 0.02883400 -0.04019400 0.00001100
v 0.02876200 -0.04047100 0.00001100
v 0.02871600 -0.04035100 0.00212000
v 0.02888600 -0.03994900 0.00106000
v 0.02877400 -0.04034700 0.00106600
v 0.01800400 -0.03500900 -0.02827600
v 0.01577200 -0.03661700 -0.02806800
v 0.01347200 -0.03810000 -0.02784800
v 0.01112300 -0.03947400 -0.02760500
v 0.01355400 -0.03495200 -0.02906500
v 0.01188000 -0.03653200 -0.02879200
v 0.01015400 -0.03801800 -0.02851400
v 0.00839100 -0.03942100 -0.02822600
v 0.00905300 -0.03490000 -0.02950900
v 0.00794000 -0.03645600 -0.02924500
v 0.00679200 -0.03794500 -0.02896400
v 0.00561700 -0.03937500 -0.02866500
v 0.00453000 -0.03484500 -0.02972700
v 0.00397500 -0.03637500 -0.02949400
v 0.00340200 -0.03786800 -0.02922900
v 0.00281500 -0.03932700 -0.02893200
v 0.00000000 -0.04075700 -0.02868900
v 0.01908800 -0.03415400 -0.02838000
v 0.02019100 -0.03504500 -0.02770500
v 0.02140600 -0.03417300 -0.02776900
v 0.00000000 -0.03335200 -0.02995900
v 0.00000000 -0.03521900 -0.02973700
v 0.00000000 -0.03707600 -0.02945100
v 0.00000000 -0.03892300 -0.02910200
v 0.00277200 -0.04075700 -0.02855400
v 0.00551600 -0.04075700 -0.02815300
v 0.00820900 -0.04075700 -0.02749000
v 0.01082600 -0.04075600 -0.02656900
v 0.02485000 -0.03335200 -0.02699100
v 0.02337400 -0.03335200 -0.02753700
v 0.02187900 -0.03335200 -0.02800600
v 0.02036600 -0.03335200 -0.02840400
v 0.01883700 -0.03335200 -0.02873900
v 0.01729300 -0.03335200 -0.02901700
v 0.01573700 -0.03335200 -0.02924400
v 0.01416900 -0.03335200 -0.02942800
v 0.01259200 -0.03335200 -0.02957500
v 0.01101400 -0.03335200 -0.02969200
v 0.00944100 -0.03335200 -0.02978200
v 0.00787100 -0.03335200 -0.02985000
v 0.00630100 -0.03335200 -0.02989800
v 0.00473100 -0.03335200 -0.02993000
v 0.00315900 -0.03335200 -0.02994800
v 0.00158200 -0.03335200 -0.02995700
v 0.01175100 -0.04039700 -0.02664400
v 0.01267200 -0.04002600 -0.02670900
v 0.01358900 -0.03964300 -0.02676500
v 0.01450100 -0.03924900 -0.02681300
v 0.01540700 -0.03884100 -0.02685400
v 0.01630800 -0.03842000 -0.02688800
v 0.01720200 -0.03798500 -0.02691600
v 0.01809000 -0.03753500 -0.02693800
v 0.01896900 -0.03707100 -0.02695600
v 0.01984100 -0.03659100 -0.02696900
v 0.02070300 -0.03609400 -0.02697800
v 0.02155500 -0.03558100 -0.02698400
v 0.02239700 -0.03505100 -0.02698800
v 0.02322700 -0.03450300 -0.02699000
v 0.02404500 -0.03393700 -0.02699100
v 0.02495100 -0.03401900 -0.02565400
v 0.02389400 -0.03475300 -0.02569300
v 0.02281700 -0.03545800 -0.02572900
v 0.02172400 -0.03613600 -0.02576300
v 0.02057400 -0.03681300 -0.02579300
v 0.01949500 -0.03742000 -0.02581500
v 0.01836500 -0.03802800 -0.02583000
v 0.01722000 -0.03862000 -0.02583700
v 0.01605100 -0.03920000 -0.02583400
v 0.01494200 -0.03972900 -0.02582000
v 0.01379600 -0.04025400 -0.02579200
v 0.02594600 -0.03399900 -0.02427100
v 0.02494000 -0.03471200 -0.02434300
v 0.02391600 -0.03540000 -0.02441500
v 0.02287700 -0.03606700 -0.02448400
v 0.02178800 -0.03673800 -0.02455200
v 0.02076800 -0.03734300 -0.02461000
v 0.01970300 -0.03795600 -0.02466500
v 0.01863000 -0.03855700 -0.02471300
v 0.01754000 -0.03915200 -0.02475300
v 0.01651400 -0.03969600 -0.02478200
v 0.01546000 -0.04023800 -0.02480100
v 0.02688200 -0.03397900 -0.02284500
v 0.02592500 -0.03467300 -0.02294500
v 0.02495300 -0.03534600 -0.02304400
v 0.02396800 -0.03600100 -0.02314300
v 0.02293800 -0.03666500 -0.02324200
v 0.02197700 -0.03726900 -0.02333100
v 0.02097700 -0.03788600 -0.02341800
v 0.01997500 -0.03849500 -0.02350000
v 0.01896400 -0.03910300 -0.02357500
v 0.01801800 -0.03966300 -0.02364000
v 0.01705500 -0.04022100 -0.02369700
v 0.02775800 -0.03396000 -0.02137800
v 0.02684900 -0.03463500 -0.02150000
v 0.02592700 -0.03529300 -0.02162200
v 0.02499500 -0.03593700 -0.02174400
v 0.02402300 -0.03659500 -0.02186700
v 0.02311900 -0.03719700 -0.02198000
v 0.02218300 -0.03781700 -0.02209200
v 0.02125000 -0.03843500 -0.02220100
v 0.02031500 -0.03905500 -0.02230500
v 0.01944900 -0.03962900 -0.02239800
v 0.01857400 -0.04020400 -0.02248600
v 0.02857300 -0.03394200 -0.01987500
v 0.02771000 -0.03460000 -0.02001300
v 0.02683700 -0.03524400 -0.02015200
v 0.02595600 -0.03587700 -0.02029000
v 0.02504000 -0.03652800 -0.02043200
v 0.02419100 -0.03712900 -0.02056200
v 0.02331600 -0.03775100 -0.02069300
v 0.02245000 -0.03837600 -0.02082200
v 0.02159000 -0.03900700 -0.02094700
v 0.02080000 -0.03959600 -0.02106100
v 0.02001100 -0.04018600 -0.02117300
v 0.02932600 -0.03392600 -0.01833800
v 0.02850700 -0.03456700 -0.01848700
v 0.02768100 -0.03519700 -0.01863600
v 0.02684900 -0.03582000 -0.01878600
v 0.02598600 -0.03646400 -0.01894000
v 0.02519000 -0.03706300 -0.01908100
v 0.02437400 -0.03768800 -0.01922500
v 0.02357300 -0.03831900 -0.01936700
v 0.02278300 -0.03896100 -0.01950700
v 0.02206600 -0.03956200 -0.01963600
v 0.02135800 -0.04016900 -0.01976500
v 0.03003800 -0.03391000 -0.01671700
v 0.02926300 -0.03453500 -0.01687100
v 0.02848200 -0.03515200 -0.01702600
v 0.02769800 -0.03576500 -0.01718100
v 0.02688800 -0.03640300 -0.01734200
v 0.02614300 -0.03699900 -0.01748900
v 0.02538500 -0.03762600 -0.01764000
v 0.02464600 -0.03826300 -0.01779000
v 0.02392500 -0.03891500 -0.01793900
v 0.02327900 -0.03952900 -0.01807600
v 0.02265100 -0.04015100 -0.01821400
v 0.03064300 -0.03389600 -0.01517400
v 0.02990600 -0.03450700 -0.01532800
v 0.02916500 -0.03511300 -0.01548400
v 0.02842300 -0.03571800 -0.01564000
v 0.02765800 -0.03634900 -0.01580100
v 0.02695900 -0.03694300 -0.01594900
v 0.02625100 -0.03757100 -0.01610200
v 0.02556600 -0.03821300 -0.01625300
v 0.02490600 -0.03887300 -0.01640400
v 0.02432100 -0.03949800 -0.01654400
v 0.02376100 -0.04013400 -0.01668500
v 0.03120700 -0.03388200 -0.01355200
v 0.03050600 -0.03448100 -0.01370300
v 0.02980300 -0.03507600 -0.01385400
v 0.02910000 -0.03567200 -0.01400600
v 0.02838000 -0.03629800 -0.01416300
v 0.02772300 -0.03689000 -0.01430800
v 0.02706400 -0.03751800 -0.01445600
v 0.02643100 -0.03816300 -0.01460400
v 0.02582800 -0.03883100 -0.01475200
v 0.02530200 -0.03946700 -0.01488900
v 0.02480700 -0.04011700 -0.01502800
v 0.03170600 -0.03387100 -0.01190700
v 0.03103800 -0.03445800 -0.01205000
v 0.03036900 -0.03504200 -0.01219300
v 0.02970300 -0.03563100 -0.01233600
v 0.02902300 -0.03625100 -0.01248500
v 0.02840600 -0.03684000 -0.01262100
v 0.02778900 -0.03746800 -0.01276200
v 0.02720400 -0.03811700 -0.01290100
v 0.02665200 -0.03879200 -0.01304100
v 0.02617800 -0.03943700 -0.01317100
v 0.02574100 -0.04010100 -0.01330300
v 0.03213900 -0.03386000 -0.01024300
v 0.03150200 -0.03443600 -0.01037300
v 0.03086400 -0.03501200 -0.01050400
v 0.03023000 -0.03559400 -0.01063500
v 0.02958500 -0.03620800 -0.01077100
v 0.02900300 -0.03679500 -0.01089500
v 0.02842500 -0.03742300 -0.01102300
v 0.02788100 -0.03807500 -0.01115100
v 0.02737500 -0.03875500 -0.01127800
v 0.02694700 -0.03940900 -0.01139700
v 0.02656100 -0.04008400 -0.01151700
v 0.03250700 -0.03385000 -0.00856100
v 0.03189600 -0.03441800 -0.00867600
v 0.03128500 -0.03498600 -0.00879100
v 0.03068000 -0.03556100 -0.00890700
v 0.03006500 -0.03617100 -0.00902500
v 0.02951400 -0.03675400 -0.00913500
v 0.02897000 -0.03738200 -0.00924700
v 0.02846100 -0.03803500 -0.00935800
v 0.02799400 -0.03872000 -0.00947000
v 0.02760500 -0.03938100 -0.00957300
v 0.02726200 -0.04006900 -0.00967900
v 0.03280900 -0.03384200 -0.00686500
v 0.03222000 -0.03440200 -0.00696100
v 0.03163100 -0.03496300 -0.00705800
v 0.03105000 -0.03553200 -0.00715400
v 0.03046200 -0.03613800 -0.00725300
v 0.02993600 -0.03671900 -0.00734400
v 0.02942000 -0.03734500 -0.00743800
v 0.02894100 -0.03799900 -0.00753000
v 0.02850600 -0.03868800 -0.00762300
v 0.02814900 -0.03935600 -0.00770900
v 0.02784000 -0.04005400 -0.00779600
v 0.03304500 -0.03383500 -0.00515700
v 0.03247300 -0.03438900 -0.00523200
v 0.03190300 -0.03494400 -0.00530700
v 0.03134100 -0.03550900 -0.00538200
v 0.03077300 -0.03611000 -0.00545900
v 0.03026800 -0.03668800 -0.00553000
v 0.02977500 -0.03731300 -0.00560200
v 0.02932000 -0.03796700 -0.00567300
v 0.02890900 -0.03865900 -0.00574400
v 0.02857600 -0.03933200 -0.00581000
v 0.02829500 -0.04003900 -0.00587700
v 0.03321400 -0.03383000 -0.00343600
v 0.03265500 -0.03437800 -0.00348800
v 0.03209900 -0.03492900 -0.00353900
v 0.03155100 -0.03549000 -0.00359000
v 0.03100000 -0.03608800 -0.00364300
v 0.03051000 -0.03666300 -0.00369100
v 0.03003300 -0.03728600 -0.00374000
v 0.02959500 -0.03793900 -0.00378800
v 0.02920200 -0.03863200 -0.00383600
v 0.02888600 -0.03931000 -0.00388000
v 0.02862200 -0.04002600 -0.00392500
v 0.03331600 -0.03382600 -0.00171700
v 0.03276500 -0.03437100 -0.00174400
v 0.03221800 -0.03491900 -0.00177000
v 0.03167900 -0.03547600 -0.00179600
v 0.03113800 -0.03607100 -0.00182300
v 0.03065800 -0.03664400 -0.00184700
v 0.03019200 -0.03726400 -0.00187200
v 0.02976400 -0.03791600 -0.00189700
v 0.02938100 -0.03861000 -0.00192100
v 0.02907500 -0.03929100 -0.00194300
v 0.02882000 -0.04001300 -0.00196500
v 0.02870000 -0.04075000 0.00001100
v 0.02868000 -0.04075000 -0.00105200
v 0.02862000 -0.04075100 -0.00211300
v 0.02852000 -0.04075100 -0.00317100
v 0.02838200 -0.04075100 -0.00422300
v 0.02820400 -0.04075100 -0.00527000
v 0.02798900 -0.04075200 -0.00630900
v 0.02773500 -0.04075200 -0.00733900
v 0.02744500 -0.04075200 -0.00835900
v 0.02711700 -0.04075200 -0.00936800
v 0.02675200 -0.04075300 -0.01036500
v 0.02635100 -0.04075300 -0.01134700
v 0.02591400 -0.04075300 -0.01231400
v 0.02544200 -0.04075300 -0.01326500
v 0.02493400 -0.04075300 -0.01419800
v 0.02439200 -0.04075400 -0.01511100
v 0.02381600 -0.04075400 -0.01600400
v 0.02320600 -0.04075400 -0.01687500
v 0.02256500 -0.04075400 -0.01772200
v 0.02189200 -0.04075500 -0.01854300
v 0.02119000 -0.04075500 -0.01933900
v 0.02045900 -0.04075500 -0.02010900
v 0.01970100 -0.04075500 -0.02085100
v 0.01891500 -0.04075500 -0.02156400
v 0.01810500 -0.04075500 -0.02224900
v 0.01727000 -0.04075600 -0.02290300
v 0.01641100 -0.04075600 -0.02352700
v 0.01553000 -0.04075600 -0.02411800
v 0.01462800 -0.04075600 -0.02467700
v 0.01370500 -0.04075600 -0.02520200
v 0.01276300 -0.04075600 -0.02569300
v 0.01180300 -0.04075600 -0.02614900
v 0.01082600 -0.04075600 -0.02656900
v 0.01175100 -0.04039700 -0.02664400
v 0.01267200 -0.04002600 -0.02670900
v 0.01358900 -0.03964300 -0.02676500
v 0.01450100 -0.03924900 -0.02681300
v 0.01540700 -0.03884100 -0.02685400
v 0.01630800 -0.03842000 -0.02688800
v 0.01720200 -0.03798500 -0.02691600
v 0.01809000 -0.03753500 -0.02693800
v 0.01896900 -0.03707100 -0.02695600
v 0.01984100 -0.03659100 -0.02696900
v 0.02070300 -0.03609400 -0.02697800
v 0.02155500 -0.03558100 -0.02698400
v 0.02239700 -0.03505100 -0.02698800
v 0.02322700 -0.03450300 -0.02699000
v 0.02404500 -0.03393700 -0.02699100
v 0.02485000 -0.03335200 -0.02699100
v 0.02536400 -0.03335100 -0.02631000
v 0.02587100 -0.03335100 -0.02560600
v 0.02637100 -0.03335100 -0.02488000
v 0.02686200 -0.03335100 -0.02413300
v 0.02734500 -0.03335100 -0.02336300
v 0.02781800 -0.03335000 -0.02257100
v 0.02828000 -0.03335000 -0.02175700
v 0.02873100 -0.03335000 -0.02092000
v 0.02912800 -0.03335000 -0.02014500
v 0.02951300 -0.03335000 -0.01935300
v 0.02988700 -0.03334900 -0.01854400
v 0.03024800 -0.03334900 -0.01771700
v 0.03059600 -0.03334900 -0.01687300
v 0.03093100 -0.03334900 -0.01601200
v 0.03125100 -0.03334900 -0.01513300
v 0.03155600 -0.03334800 -0.01423700
v 0.03182800 -0.03334800 -0.01338200
v 0.03207400 -0.03334800 -0.01255200
v 0.03231100 -0.03334800 -0.01169200
v 0.03253200 -0.03334800 -0.01082100
v 0.03273700 -0.03334700 -0.00993900
v 0.03292700 -0.03334700 -0.00904700
v 0.03309900 -0.03334700 -0.00814400
v 0.03325400 -0.03334700 -0.00723100
v 0.03339000 -0.03334700 -0.00632300
v 0.03350600 -0.03334600 -0.00543000
v 0.03360300 -0.03334600 -0.00454000
v 0.03368300 -0.03334600 -0.00364100
v 0.03374600 -0.03334600 -0.00273400
v 0.03379200 -0.03334500 -0.00182300
v 0.03381900 -0.03334500 -0.00090800
v 0.03382800 -0.03334500 0.00000900
v 0.03342400 -0.03375100 0.00000900
v 0.03301800 -0.03415400 0.00000900
v 0.03220900 -0.03496400 0.00000900
v 0.03142300 -0.03579600 0.00001000
v 0.03068200 -0.03666900 0.00001000
v 0.03001400 -0.03759900 0.00001000
v 0.02944600 -0.03859200 0.00001000
v 0.02900300 -0.03964700 0.00001100
v 0.02883400 -0.04019400 0.00001100
v 0.02876200 -0.04047100 0.00001100
v 0.02871700 -0.04038100 -0.00197600
v 0.02887100 -0.04000800 -0.00097800
v 0.02876900 -0.04037700 -0.00098300
v 0.03500000 0.02375300 0.01229400
v 0.03500000 0.02436700 0.01240900
v 0.03500000 0.02489800 0.01273800
v 0.03500000 0.02527500 0.01323600
v 0.03500000 0.02544600 0.01383700
v 0.03500000 0.02538800 0.01445900
v 0.03500000 0.02511000 0.01501900
v 0.03500000 0.02464900 0.01544000
v 0.03500000 0.02406600 0.01566500
v 0.03500000 0.02344100 0.01566600
v 0.03500000 0.02285900 0.01544000
v 0.03500000 0.02239700 0.01501900
v 0.03500000 0.02211800 0.01446000
v 0.03500000 0.02206000 0.01383800
v 0.03500000 0.02223100 0.01323700
v 0.03500000 0.02260800 0.01273800
v 0.03500000 0.02313900 0.01240900
v 0.03500000 0.02375300 0.01099400
v 0.03500000 0.02312900 0.01106000
v 0.03500000 0.02253200 0.01125400
v 0.03500000 0.02198900 0.01156800
v 0.03500000 0.02152300 0.01198800
v 0.03500000 0.02115500 0.01249500
v 0.03500000 0.02090000 0.01306800
v 0.03500000 0.02077000 0.01368200
v 0.03500000 0.02077000 0.01430900
v 0.03500000 0.02090000 0.01492200
v 0.03500000 0.02115600 0.01549500
v 0.03500000 0.02152400 0.01600200
v 0.03500000 0.02199000 0.01642200
v 0.03500000 0.02253400 0.01673500
v 0.03500000 0.02313000 0.01692900
v 0.03500000 0.02375400 0.01699400
v 0.03500000 0.02437800 0.01692900
v 0.03500000 0.02497400 0.01673500
v 0.03500000 0.02551700 0.01642100
v 0.03500000 0.02598300 0.01600100
v 0.03500000 0.02635200 0.01549400
v 0.03500000 0.02660700 0.01492100
v 0.03500000 0.02673700 0.01430700
v 0.03500000 0.02673700 0.01368000
v 0.03500000 0.02660600 0.01306700
v 0.03500000 0.02635100 0.01249400
v 0.03500000 0.02598200 0.01198700
v 0.03500000 0.02551600 0.01156700
v 0.03500000 0.02497300 0.01125400
v 0.03500000 0.02437600 0.01106000
v 0.03500000 0.02246700 0.01185200
v 0.03500000 0.02418100 0.01185200
v 0.03500000 0.02161000 0.01270900
v 0.03500000 0.02161000 0.01442400
v 0.03500000 0.02503800 0.01185100
v 0.03500000 0.02589600 0.01270800
v 0.03500000 0.02589600 0.01442300
v 0.03500000 0.02161100 0.01528100
v 0.03500000 0.02246800 0.01613800
v 0.03500000 0.02418200 0.01613700
v 0.03500000 0.02503900 0.01613700
v 0.03500000 0.02589600 0.01528000
v 0.03500000 0.02375300 0.01099400
v 0.03500000 0.02375400 0.01699400
v 0.03500000 0.02375300 0.01099400
v 0.04004300 0.02375300 0.01099500
v 0.04064700 0.02262300 0.01121700
v 0.04105600 0.02160800 0.01189800
v 0.04115100 0.02121400 0.01240600
v 0.04116200 0.02093600 0.01299000
v 0.04094800 0.02076300 0.01424100
v 0.04047300 0.02109700 0.01538400
v 0.03984400 0.02179900 0.01627100
v 0.03914800 0.02273800 0.01681800
v 0.03844900 0.02381100 0.01699400
v 0.03781700 0.02492000 0.01675600
v 0.03736100 0.02591300 0.01607700
v 0.03724800 0.02629700 0.01557300
v 0.03722700 0.02657200 0.01498900
v 0.03729700 0.02672400 0.01436500
v 0.03745600 0.02674200 0.01373900
v 0.03797300 0.02641600 0.01261200
v 0.03863800 0.02573500 0.01174200
v 0.03934900 0.02482100 0.01118900
v 0.04004300 0.02375300 0.01099500
v 0.03808400 0.02375300 0.01099500
v 0.03808400 0.02261800 0.01121800
v 0.03808400 0.02317500 0.01105100
v 0.03808400 0.02165200 0.01185300
v 0.03808400 0.02099600 0.01281200
v 0.03808400 0.02127700 0.01230000
v 0.03962600 0.02165200 0.01185300
v 0.03962600 0.02127700 0.01230000
v 0.03808400 0.02145400 0.01206800
v 0.03962600 0.02145400 0.01206800
v 0.03808400 0.02210400 0.01148800
v 0.03962600 0.02099600 0.01281200
v 0.03808400 0.02112400 0.01255000
v 0.03962600 0.02112400 0.01255000
v 0.03808400 0.02075300 0.01399500
v 0.03808400 0.02081400 0.01339100
v 0.03962600 0.02081400 0.01339100
v 0.03808400 0.02089100 0.01309700
v 0.03962600 0.02089100 0.01309700
v 0.03808400 0.02097600 0.01513000
v 0.03808400 0.02081000 0.01457300
v 0.03808400 0.02161200 0.01609500
v 0.03808400 0.02124700 0.01564300
v 0.03808400 0.02257100 0.01675200
v 0.03808400 0.02205900 0.01647000
v 0.03808400 0.02315000 0.01693300
v 0.03808400 0.02589500 0.01189400
v 0.03808400 0.02493500 0.01123700
v 0.03808400 0.02544700 0.01151900
v 0.03808400 0.02375300 0.01099500
v 0.03808400 0.02435600 0.01105600
v 0.03500000 0.02437600 0.01106000
v 0.03500000 0.02497300 0.01125400
v 0.03500000 0.02551600 0.01156700
v 0.03500000 0.02598200 0.01198700
v 0.03500000 0.02635100 0.01249400
v 0.03500000 0.02660600 0.01306700
v 0.03500000 0.02673700 0.01368000
v 0.03500000 0.02673700 0.01430700
v 0.03500000 0.02660700 0.01492100
v 0.03500000 0.02635200 0.01549400
v 0.03500000 0.02598300 0.01600100
v 0.03500000 0.02551700 0.01642100
v 0.03500000 0.02497400 0.01673500
v 0.03500000 0.02437800 0.01692900
v 0.03500000 0.02313000 0.01692900
v 0.03500000 0.02253400 0.01673500
v 0.03500000 0.02199000 0.01642200
v 0.03500000 0.02152400 0.01600200
v 0.03500000 0.02115600 0.01549500
v 0.03500000 0.02090000 0.01492200
v 0.03500000 0.02077000 0.01430900
v 0.03500000 0.02077000 0.01368200
v 0.03500000 0.02090000 0.01306800
v 0.03500000 0.02115500 0.01249500
v 0.03500000 0.02152300 0.01198800
v 0.03500000 0.02198900 0.01156800
v 0.03500000 0.02253200 0.01125400
v 0.03500000 0.02312900 0.01106000
v 0.03654200 0.02435600 0.01105600
v 0.03808400 0.02405600 0.01101000
v 0.03654200 0.02375300 0.01099500
v 0.03654200 0.02405600 0.01101000
v 0.03654200 0.02493500 0.01123700
v 0.03808400 0.02465000 0.01113200
v 0.03654200 0.02465000 0.01113200
v 0.03654200 0.02544700 0.01151900
v 0.03808400 0.02519800 0.01136500
v 0.03654200 0.02519800 0.01136500
v 0.03654200 0.02589500 0.01189400
v 0.03654200 0.02568000 0.01169500
v 0.03808400 0.02608800 0.01211100
v 0.03654200 0.02608800 0.01211100
v 0.03654200 0.02375400 0.01699500
v 0.03808400 0.02404400 0.01698000
v 0.03654200 0.02404400 0.01698000
v 0.03654200 0.02257100 0.01675200
v 0.03808400 0.02285600 0.01685700
v 0.03654200 0.02315000 0.01693300
v 0.03654200 0.02285600 0.01685700
v 0.03654200 0.02205900 0.01647000
v 0.03808400 0.02230800 0.01662400
v 0.03654200 0.02230800 0.01662400
v 0.03654200 0.02161200 0.01609500
v 0.03808400 0.02182600 0.01629400
v 0.03654200 0.02182600 0.01629400
v 0.03654200 0.02124700 0.01564300
v 0.03808400 0.02141800 0.01587800
v 0.03654200 0.02141800 0.01587800
v 0.03654200 0.02097600 0.01513000
v 0.03808400 0.02109900 0.01539300
v 0.03654200 0.02109900 0.01539300
v 0.03654200 0.02081000 0.01457300
v 0.03808400 0.02087900 0.01485500
v 0.03654200 0.02087900 0.01485500
v 0.03654200 0.02075300 0.01399500
v 0.03808400 0.02076700 0.01428600
v 0.03654200 0.02076700 0.01428600
v 0.03654200 0.02081400 0.01339100
v 0.03808400 0.02076900 0.01369200
v 0.03654200 0.02076900 0.01369200
v 0.03654200 0.02099600 0.01281200
v 0.03654200 0.02089100 0.01309700
v 0.03654200 0.02127700 0.01230000
v 0.03654200 0.02112400 0.01255000
v 0.03654200 0.02165200 0.01185300
v 0.03654200 0.02145400 0.01206800
v 0.03654200 0.02210400 0.01148800
v 0.03808400 0.02187000 0.01166000
v 0.03654200 0.02187000 0.01166000
v 0.03654200 0.02261800 0.01121800
v 0.03808400 0.02235500 0.01134000
v 0.03654200 0.02235500 0.01134000
v 0.03654200 0.02317500 0.01105100
v 0.03808400 0.02289200 0.01112100
v 0.03654200 0.02289200 0.01112100
v 0.03654200 0.02375300 0.01099500
v 0.03808400 0.02346200 0.01100900
v 0.03654200 0.02346200 0.01100900
v 0.03500000 -0.01525400 -0.01569600
v 0.03500000 -0.01464000 -0.01558200
v 0.03500000 -0.01410800 -0.01525300
v 0.03500000 -0.01373200 -0.01475400
v 0.03500000 -0.01356100 -0.01415300
v 0.03500000 -0.01361800 -0.01353100
v 0.03500000 -0.01389700 -0.01297200
v 0.03500000 -0.01435800 -0.01255100
v 0.03500000 -0.01494100 -0.01232500
v 0.03500000 -0.01556500 -0.01232500
v 0.03500000 -0.01614800 -0.01255100
v 0.03500000 -0.01661000 -0.01297100
v 0.03500000 -0.01688800 -0.01353100
v 0.03500000 -0.01694600 -0.01415300
v 0.03500000 -0.01677500 -0.01475400
v 0.03500000 -0.01639900 -0.01525200
v 0.03500000 -0.01586800 -0.01558100
v 0.03500000 -0.01525400 -0.01699600
v 0.03500000 -0.01587800 -0.01693000
v 0.03500000 -0.01647400 -0.01673700
v 0.03500000 -0.01701700 -0.01642300
v 0.03500000 -0.01748300 -0.01600300
v 0.03500000 -0.01785200 -0.01549600
v 0.03500000 -0.01810700 -0.01492300
v 0.03500000 -0.01823700 -0.01430900
v 0.03500000 -0.01823700 -0.01368200
v 0.03500000 -0.01810600 -0.01306800
v 0.03500000 -0.01785100 -0.01249600
v 0.03500000 -0.01748200 -0.01198800
v 0.03500000 -0.01701600 -0.01156900
v 0.03500000 -0.01647300 -0.01125500
v 0.03500000 -0.01587600 -0.01106200
v 0.03500000 -0.01525300 -0.01099600
v 0.03500000 -0.01462900 -0.01106200
v 0.03500000 -0.01403300 -0.01125600
v 0.03500000 -0.01349000 -0.01157000
v 0.03500000 -0.01302400 -0.01198900
v 0.03500000 -0.01265500 -0.01249700
v 0.03500000 -0.01240000 -0.01307000
v 0.03500000 -0.01227000 -0.01368300
v 0.03500000 -0.01227000 -0.01431000
v 0.03500000 -0.01240100 -0.01492400
v 0.03500000 -0.01265600 -0.01549700
v 0.03500000 -0.01302500 -0.01600400
v 0.03500000 -0.01349100 -0.01642400
v 0.03500000 -0.01403400 -0.01673700
v 0.03500000 -0.01463000 -0.01693100
v 0.03500000 -0.01654000 -0.01613900
v 0.03500000 -0.01482500 -0.01613900
v 0.03500000 -0.01739700 -0.01528100
v 0.03500000 -0.01739600 -0.01356700
v 0.03500000 -0.01396800 -0.01613900
v 0.03500000 -0.01311100 -0.01528200
v 0.03500000 -0.01311100 -0.01356800
v 0.03500000 -0.01739600 -0.01271000
v 0.03500000 -0.01653900 -0.01185300
v 0.03500000 -0.01482400 -0.01185300
v 0.03500000 -0.01396700 -0.01185400
v 0.03500000 -0.01311000 -0.01271100
v 0.03500000 -0.01525400 -0.01699600
v 0.03976000 -0.01525400 -0.01699600
v 0.03976000 -0.01407100 -0.01675300
v 0.03976000 -0.01311200 -0.01609700
v 0.03976000 -0.01247600 -0.01513100
v 0.03976000 -0.01225300 -0.01399700
v 0.03976000 -0.01249600 -0.01281400
v 0.03976000 -0.01315300 -0.01185400
v 0.03976000 -0.01411800 -0.01121900
v 0.03500000 -0.01525300 -0.01099600
v 0.03976000 -0.01525300 -0.01099600
v 0.03976000 -0.01643600 -0.01123900
v 0.03976000 -0.01739500 -0.01189500
v 0.03976000 -0.01803000 -0.01286100
v 0.03976000 -0.01825300 -0.01399500
v 0.03976000 -0.01801100 -0.01517800
v 0.03976000 -0.01735400 -0.01613800
v 0.03976000 -0.01638800 -0.01677300
v 0.03500000 -0.01525400 -0.01699600
v 0.03976000 -0.01525400 -0.01699600
v 0.04257400 -0.01525400 -0.01699600
v 0.04240700 -0.01574400 -0.01695600
v 0.04215400 -0.01662400 -0.01666500
v 0.04200700 -0.01736200 -0.01613000
v 0.04198000 -0.01791900 -0.01537300
v 0.04209600 -0.01822500 -0.01441100
v 0.04237600 -0.01817800 -0.01332800
v 0.04278800 -0.01773300 -0.01230700
v 0.04325200 -0.01696900 -0.01153500
v 0.04368900 -0.01603600 -0.01110000
v 0.04405000 -0.01506800 -0.01100200
v 0.04431400 -0.01415700 -0.01120400
v 0.04447400 -0.01336000 -0.01166900
v 0.04451900 -0.01273000 -0.01237400
v 0.04443700 -0.01233800 -0.01329100
v 0.04421500 -0.01227400 -0.01434600
v 0.04386500 -0.01259900 -0.01539400
v 0.04343600 -0.01328000 -0.01625600
v 0.04299300 -0.01419500 -0.01680300
v 0.04257400 -0.01525400 -0.01699600
v 0.03976000 -0.01583200 -0.01694000
v 0.04214100 -0.01407100 -0.01675300
v 0.03976000 -0.01465000 -0.01693500
v 0.04214100 -0.01465000 -0.01693500
v 0.03976000 -0.01690200 -0.01650200
v 0.03976000 -0.01772900 -0.01569000
v 0.03976000 -0.01819200 -0.01459900
v 0.03976000 -0.01819700 -0.01341700
v 0.04214100 -0.01739500 -0.01189500
v 0.04214100 -0.01643600 -0.01123900
v 0.03976000 -0.01694700 -0.01152000
v 0.04214100 -0.01694800 -0.01152000
v 0.04214100 -0.01525300 -0.01099600
v 0.03976000 -0.01585700 -0.01105700
v 0.04214100 -0.01585700 -0.01105700
v 0.04214100 -0.01411800 -0.01121900
v 0.03976000 -0.01467500 -0.01105200
v 0.04214100 -0.01467500 -0.01105200
v 0.04214100 -0.01315300 -0.01185400
v 0.03976000 -0.01360500 -0.01149000
v 0.04214100 -0.01360500 -0.01149000
v 0.04214100 -0.01249600 -0.01281400
v 0.03976000 -0.01277800 -0.01230200
v 0.04214100 -0.01277800 -0.01230200
v 0.04214100 -0.01225300 -0.01399700
v 0.03976000 -0.01231500 -0.01339300
v 0.04214100 -0.01231500 -0.01339300
v 0.04214100 -0.01247600 -0.01513100
v 0.03976000 -0.01231000 -0.01457500
v 0.04214100 -0.01231000 -0.01457500
v 0.04214100 -0.01311200 -0.01609700
v 0.03976000 -0.01274700 -0.01564500
v 0.04214100 -0.01274700 -0.01564500
v 0.03976000 -0.01355900 -0.01647200
v 0.04214100 -0.01355900 -0.01647200
v 0.03500000 -0.01463000 -0.01693100
v 0.03500000 -0.01403400 -0.01673700
v 0.03500000 -0.01349100 -0.01642400
v 0.03500000 -0.01302500 -0.01600400
v 0.03500000 -0.01265600 -0.01549700
v 0.03500000 -0.01240100 -0.01492400
v 0.03500000 -0.01227000 -0.01431000
v 0.03500000 -0.01227000 -0.01368300
v 0.03500000 -0.01240000 -0.01307000
v 0.03500000 -0.01265500 -0.01249700
v 0.03500000 -0.01302400 -0.01198900
v 0.03500000 -0.01349000 -0.01157000
v 0.03500000 -0.01403300 -0.01125600
v 0.03500000 -0.01462900 -0.01106200
v 0.03500000 -0.01587600 -0.01106200
v 0.03500000 -0.01647300 -0.01125500
v 0.03500000 -0.01701600 -0.01156900
v 0.03500000 -0.01748200 -0.01198800
v 0.03500000 -0.01785100 -0.01249600
v 0.03500000 -0.01810600 -0.01306800
v 0.03500000 -0.01823700 -0.01368200
v 0.03500000 -0.01823700 -0.01430900
v 0.03500000 -0.01810700 -0.01492300
v 0.03500000 -0.01785200 -0.01549600
v 0.03500000 -0.01748300 -0.01600300
v 0.03500000 -0.01701700 -0.01642300
v 0.03500000 -0.01647400 -0.01673700
v 0.03500000 -0.01587800 -0.01693000
v 0.03738000 -0.01407100 -0.01675300
v 0.03738000 -0.01525400 -0.01699600
v 0.03738000 -0.01465000 -0.01693500
v 0.03738000 -0.01311200 -0.01609700
v 0.03738000 -0.01355900 -0.01647200
v 0.03738000 -0.01247600 -0.01513100
v 0.03738000 -0.01274700 -0.01564500
v 0.03738000 -0.01225300 -0.01399700
v 0.03738000 -0.01231000 -0.01457500
v 0.03738000 -0.01249600 -0.01281400
v 0.03738000 -0.01231500 -0.01339300
v 0.03738000 -0.01315300 -0.01185500
v 0.03738000 -0.01277800 -0.01230200
v 0.03738000 -0.01411800 -0.01121900
v 0.03738000 -0.01360500 -0.01149000
v 0.03738000 -0.01525300 -0.01099600
v 0.03738000 -0.01467500 -0.01105300
v 0.03738000 -0.01643600 -0.01123900
v 0.03738000 -0.01585700 -0.01105700
v 0.03738000 -0.01739500 -0.01189500
v 0.03738000 -0.01694700 -0.01152000
v 0.03738000 -0.01803000 -0.01286100
v 0.03976000 -0.01776000 -0.01234700
v 0.03738000 -0.01776000 -0.01234700
v 0.03738000 -0.01825300 -0.01399500
v 0.03738000 -0.01819700 -0.01341700
v 0.03738000 -0.01801100 -0.01517800
v 0.03738000 -0.01819200 -0.01459900
v 0.03738000 -0.01735400 -0.01613800
v 0.03738000 -0.01772900 -0.01569000
v 0.03738000 -0.01638800 -0.01677300
v 0.03738000 -0.01690200 -0.01650200
v 0.03738000 -0.01525400 -0.01699600
v 0.03738000 -0.01583200 -0.01694000
v 0.00000000 -0.04075700 -0.02868900
v 0.00000000 -0.04075600 -0.02714600
v 0.00000000 -0.04074400 0.02716700
v 0.01082600 -0.04075600 -0.02656900
v 0.00820900 -0.04075700 -0.02749000
v 0.00551600 -0.04075700 -0.02815300
v 0.00277200 -0.04075700 -0.02855400
v 0.02870000 -0.04075000 0.00001100
v 0.02868000 -0.04075000 -0.00105200
v 0.02862000 -0.04075100 -0.00211300
v 0.02852000 -0.04075100 -0.00317100
v 0.02838200 -0.04075100 -0.00422300
v 0.02820400 -0.04075100 -0.00527000
v 0.02798900 -0.04075200 -0.00630900
v 0.02773500 -0.04075200 -0.00733900
v 0.02744500 -0.04075200 -0.00835900
v 0.02711700 -0.04075200 -0.00936800
v 0.02675200 -0.04075300 -0.01036500
v 0.02635100 -0.04075300 -0.01134700
v 0.02591400 -0.04075300 -0.01231400
v 0.02544200 -0.04075300 -0.01326500
v 0.02493400 -0.04075300 -0.01419800
v 0.02439200 -0.04075400 -0.01511100
v 0.02381600 -0.04075400 -0.01600400
v 0.02320600 -0.04075400 -0.01687500
v 0.02256500 -0.04075400 -0.01772200
v 0.02189200 -0.04075500 -0.01854300
v 0.02119000 -0.04075500 -0.01933900
v 0.02045900 -0.04075500 -0.02010900
v 0.01970100 -0.04075500 -0.02085100
v 0.01891500 -0.04075500 -0.02156400
v 0.01810500 -0.04075500 -0.02224900
v 0.01727000 -0.04075600 -0.02290300
v 0.01641100 -0.04075600 -0.02352700
v 0.01553000 -0.04075600 -0.02411800
v 0.01462800 -0.04075600 -0.02467700
v 0.01370500 -0.04075600 -0.02520200
v 0.01276300 -0.04075600 -0.02569300
v 0.01180300 -0.04075600 -0.02614900
v 0.01082600 -0.04074400 0.02659000
v 0.01180300 -0.04074400 0.02617100
v 0.01276300 -0.04074400 0.02571500
v 0.01370500 -0.04074400 0.02522400
v 0.01462700 -0.04074400 0.02469900
v 0.01553000 -0.04074400 0.02414000
v 0.01641100 -0.04074400 0.02354800
v 0.01726900 -0.04074500 0.02292500
v 0.01810400 -0.04074500 0.02227000
v 0.01891500 -0.04074500 0.02158600
v 0.01970000 -0.04074500 0.02087200
v 0.02045900 -0.04074500 0.02013000
v 0.02119000 -0.04074500 0.01936100
v 0.02189200 -0.04074600 0.01856500
v 0.02256500 -0.04074600 0.01774300
v 0.02320600 -0.04074600 0.01689700
v 0.02381600 -0.04074600 0.01602600
v 0.02439200 -0.04074600 0.01513300
v 0.02493400 -0.04074700 0.01421900
v 0.02544200 -0.04074700 0.01328700
v 0.02591400 -0.04074700 0.01233600
v 0.02635100 -0.04074700 0.01136900
v 0.02675200 -0.04074800 0.01038600
v 0.02711600 -0.04074800 0.00939000
v 0.02744400 -0.04074800 0.00838100
v 0.02773500 -0.04074800 0.00736100
v 0.02798900 -0.04074900 0.00633000
v 0.02820400 -0.04074900 0.00529100
v 0.02838200 -0.04074900 0.00424500
v 0.02852000 -0.04074900 0.00319200
v 0.02862000 -0.04075000 0.00213500
v 0.02868000 -0.04075000 0.00107400
v 0.00000000 -0.04074300 0.02871100
v 0.00277100 -0.04074300 0.02857600
v 0.00551600 -0.04074300 0.02817400
v 0.00820800 -0.04074300 0.02751100
v 0.00724100 -0.04074400 0.02547900
v 0.00646100 -0.04074400 0.02601800
v 0.00558900 -0.04074400 0.02638800
v 0.00376500 -0.04074400 0.02684800
v 0.00189100 -0.04074400 0.02709200
v 0.00188800 -0.04075600 -0.02707100
v 0.00376100 -0.04075600 -0.02682700
v 0.00561100 -0.04075600 -0.02638100
v 0.00647100 -0.04075600 -0.02600300
v 0.00724100 -0.04075600 -0.02545800
v 0.01135500 -0.04075600 -0.02401100
v 0.01331900 -0.04075600 -0.02307500
v 0.01520700 -0.04075500 -0.02197800
v 0.01699700 -0.04075500 -0.02072400
v 0.01867000 -0.04075500 -0.01933200
v 0.02022000 -0.04075400 -0.01780600
v 0.02163800 -0.04075400 -0.01614900
v 0.02291000 -0.04075400 -0.01437900
v 0.02402300 -0.04075300 -0.01251400
v 0.02497500 -0.04075300 -0.01056100
v 0.02576200 -0.04075200 -0.00852700
v 0.02637800 -0.04075200 -0.00644000
v 0.02681700 -0.04075100 -0.00432100
v 0.02708000 -0.04075100 -0.00217100
v 0.02716800 -0.04075000 0.00001100
v 0.02707800 -0.04075000 0.00220000
v 0.02681100 -0.04074900 0.00436300
v 0.02636800 -0.04074900 0.00649000
v 0.02575400 -0.04074800 0.00856900
v 0.02497000 -0.04074800 0.01058800
v 0.02402000 -0.04074700 0.01253700
v 0.02290700 -0.04074700 0.01440400
v 0.02163300 -0.04074600 0.01617800
v 0.02021300 -0.04074600 0.01783500
v 0.01866500 -0.04074500 0.01935900
v 0.01699500 -0.04074500 0.02074800
v 0.01520700 -0.04074500 0.02199900
v 0.01331900 -0.04074500 0.02309600
v 0.01135500 -0.04074400 0.02403200
f 71 106 72
f 72 106 73
f 104 75 105
f 73 105 74
f 75 74 105
f 104 76 75
f 73 106 105
f 68 67 108
f 69 68 108
f 70 107 71
f 106 71 107
f 107 69 108
f 70 69 107
f 66 108 67
f 80 102 81
f 81 102 82
f 101 85 84
f 84 83 101
f 82 101 83
f 101 100 85
f 103 77 104
f 78 77 103
f 76 104 77
f 80 103 102
f 101 82 102
f 80 79 103
f 78 103 79
f 4 7 114
f 4 114 5
f 56 55 114
f 7 4 8
f 113 57 56
f 5 114 55
f 3 8 4
f 2 1 11
f 3 2 10
f 3 10 9
f 1 6 11
f 2 11 10
f 9 8 3
f 63 62 110
f 64 63 110
f 109 66 65
f 109 64 110
f 109 108 66
f 65 64 109
f 111 110 62
f 59 58 112
f 58 57 113
f 113 56 114
f 112 60 59
f 60 112 111
f 62 61 111
f 112 58 113
f 111 61 60
f 23 85 100
f 25 24 99
f 25 99 26
f 28 27 98
f 98 29 28
f 26 99 27
f 30 29 97
f 99 24 100
f 98 27 99
f 97 32 31
f 32 97 96
f 96 33 32
f 29 98 97
f 31 30 97
f 23 100 24
f 96 95 34
f 35 34 95
f 33 96 34
f 94 36 95
f 94 37 36
f 36 35 95
f 38 37 94
f 94 93 38
f 39 38 93
f 40 39 93
f 92 41 40
f 43 42 92
f 41 92 42
f 93 92 40
f 45 91 90
f 92 91 43
f 43 91 44
f 90 46 45
f 46 90 47
f 45 44 91
f 89 47 90
f 49 89 88
f 47 89 48
f 48 89 49
f 87 51 88
f 87 86 53
f 50 88 51
f 49 88 50
f 52 87 53
f 86 54 53
f 51 87 52
f 19 86 20
f 20 86 17
f 86 19 54
f 16 20 17
f 21 16 15
f 22 14 13
f 14 21 15
f 22 13 18
f 18 13 12
f 21 14 22
f 21 20 16
f 127 115 116
f 128 116 117
f 129 117 118
f 130 118 119
f 131 119 120
f 132 120 121
f 133 121 122
f 134 122 123
f 135 123 124
f 136 124 125
f 138 126 127
f 139 127 128
f 140 128 129
f 141 129 130
f 142 130 131
f 143 131 132
f 144 132 133
f 145 133 134
f 146 134 135
f 147 135 136
f 149 137 138
f 150 138 139
f 151 139 140
f 152 140 141
f 153 141 142
f 154 142 143
f 155 143 144
f 156 144 145
f 157 145 146
f 158 146 147
f 160 148 149
f 161 149 150
f 162 150 151
f 163 151 152
f 164 152 153
f 165 153 154
f 166 154 155
f 167 155 156
f 168 156 157
f 169 157 158
f 171 159 160
f 172 160 161
f 173 161 162
f 174 162 163
f 175 163 164
f 176 164 165
f 177 165 166
f 178 166 167
f 179 167 168
f 180 168 169
f 182 170 171
f 183 171 172
f 184 172 173
f 185 173 174
f 186 174 175
f 187 175 176
f 188 176 177
f 189 177 178
f 190 178 179
f 191 179 180
f 193 181 182
f 194 182 183
f 195 183 184
f 196 184 185
f 197 185 186
f 198 186 187
f 199 187 188
f 200 188 189
f 201 189 190
f 202 190 191
f 204 192 193
f 205 193 194
f 206 194 195
f 207 195 196
f 208 196 197
f 209 197 198
f 210 198 199
f 211 199 200
f 212 200 201
f 213 201 202
f 215 203 204
f 216 204 205
f 217 205 206
f 218 206 207
f 219 207 208
f 220 208 209
f 221 209 210
f 222 210 211
f 223 211 212
f 224 212 213
f 226 214 215
f 227 215 216
f 228 216 217
f 229 217 218
f 230 218 219
f 231 219 220
f 232 220 221
f 233 221 222
f 234 222 223
f 235 223 224
f 237 225 226
f 238 226 227
f 239 227 228
f 240 228 229
f 241 229 230
f 242 230 231
f 243 231 232
f 244 232 233
f 245 233 234
f 246 234 235
f 248 236 237
f 249 237 238
f 250 238 239
f 251 239 240
f 252 240 241
f 253 241 242
f 254 242 243
f 255 243 244
f 256 244 245
f 257 245 246
f 259 247 248
f 260 248 249
f 261 249 250
f 262 250 251
f 263 251 252
f 264 252 253
f 265 253 254
f 266 254 255
f 267 255 256
f 268 256 257
f 270 258 259
f 271 259 260
f 272 260 261
f 273 261 262
f 274 262 263
f 275 263 264
f 276 264 265
f 277 265 266
f 278 266 267
f 279 267 268
f 281 269 270
f 282 270 271
f 283 271 272
f 284 272 273
f 285 273 274
f 286 274 275
f 287 275 276
f 288 276 277
f 289 277 278
f 290 278 279
f 385 290 383
f 372 325 324
f 372 371 115
f 115 325 372
f 115 327 326
f 327 115 126
f 371 116 115
f 126 328 327
f 325 115 326
f 370 116 371
f 117 369 368
f 119 367 366
f 367 118 368
f 368 118 117
f 116 370 117
f 118 367 119
f 119 366 120
f 369 117 370
f 365 120 366
f 159 333 332
f 148 332 331
f 334 333 159
f 192 339 338
f 336 335 170
f 335 334 170
f 337 336 181
f 338 337 181
f 137 330 329
f 328 126 329
f 137 329 126
f 330 137 331
f 148 331 137
f 170 334 159
f 181 336 170
f 148 159 332
f 181 192 338
f 192 340 339
f 122 363 362
f 123 361 360
f 361 123 362
f 364 120 365
f 121 363 122
f 122 362 123
f 120 364 121
f 121 364 363
f 124 123 360
f 125 359 358
f 357 323 322
f 322 358 357
f 358 322 125
f 136 125 320
f 322 321 125
f 320 125 321
f 124 359 125
f 124 360 359
f 318 147 136
f 136 319 318
f 318 317 147
f 320 319 136
f 158 147 316
f 169 313 180
f 315 169 158
f 191 180 311
f 317 316 147
f 315 158 316
f 169 315 314
f 169 314 313
f 180 313 312
f 310 309 191
f 191 311 310
f 312 311 180
f 202 309 308
f 191 309 202
f 346 345 225
f 214 344 343
f 344 225 345
f 258 351 350
f 349 348 247
f 347 346 236
f 236 348 347
f 349 258 350
f 203 342 341
f 341 340 203
f 203 214 342
f 343 342 214
f 236 346 225
f 247 348 236
f 214 225 344
f 247 258 349
f 258 269 351
f 280 353 269
f 351 269 352
f 353 352 269
f 280 354 353
f 373 356 355
f 374 373 280
f 355 280 373
f 354 280 355
f 374 280 281
f 375 281 282
f 376 283 284
f 283 375 282
f 376 284 377
f 286 377 285
f 377 284 285
f 378 377 286
f 375 283 376
f 375 374 281
f 307 213 202
f 213 307 306
f 305 213 306
f 308 307 202
f 224 213 305
f 246 235 301
f 257 246 299
f 235 224 303
f 268 257 298
f 224 305 304
f 224 304 303
f 235 303 302
f 235 302 301
f 246 300 299
f 298 257 299
f 246 301 300
f 268 298 297
f 297 296 268
f 379 287 288
f 289 379 288
f 268 296 279
f 379 289 380
f 290 384 289
f 384 380 289
f 381 380 384
f 378 287 379
f 383 290 279
f 296 295 279
f 294 383 279
f 279 295 294
f 293 383 294
f 293 292 383
f 382 381 385
f 291 382 292
f 385 292 382
f 383 292 385
f 385 381 384
f 287 378 286
f 340 192 203
f 398 387 397
f 399 388 398
f 400 389 399
f 401 390 400
f 402 391 401
f 403 392 402
f 404 393 403
f 405 394 404
f 406 395 405
f 408 397 407
f 409 398 408
f 410 399 409
f 411 400 410
f 412 401 411
f 413 402 412
f 414 403 413
f 415 404 414
f 416 405 415
f 418 407 417
f 419 408 418
f 420 409 419
f 421 410 420
f 422 411 421
f 423 412 422
f 424 413 423
f 425 414 424
f 426 415 425
f 428 417 427
f 429 418 428
f 430 419 429
f 431 420 430
f 432 421 431
f 433 422 432
f 434 423 433
f 435 424 434
f 436 425 435
f 438 427 437
f 439 428 438
f 440 429 439
f 441 430 440
f 442 431 441
f 443 432 442
f 444 433 443
f 445 434 444
f 446 435 445
f 448 437 447
f 449 438 448
f 450 439 449
f 451 440 450
f 452 441 451
f 453 442 452
f 454 443 453
f 455 444 454
f 456 445 455
f 458 447 457
f 459 448 458
f 460 449 459
f 461 450 460
f 462 451 461
f 463 452 462
f 464 453 463
f 465 454 464
f 466 455 465
f 468 457 467
f 469 458 468
f 470 459 469
f 471 460 470
f 472 461 471
f 473 462 472
f 474 463 473
f 475 464 474
f 476 465 475
f 478 467 477
f 479 468 478
f 480 469 479
f 481 470 480
f 482 471 481
f 483 472 482
f 484 473 483
f 485 474 484
f 486 475 485
f 488 477 487
f 489 478 488
f 490 479 489
f 491 480 490
f 492 481 491
f 493 482 492
f 494 483 493
f 495 484 494
f 496 485 495
f 498 487 497
f 499 488 498
f 500 489 499
f 501 490 500
f 502 491 501
f 503 492 502
f 504 493 503
f 505 494 504
f 506 495 505
f 508 497 507
f 509 498 508
f 510 499 509
f 511 500 510
f 512 501 511
f 513 502 512
f 514 503 513
f 515 504 514
f 516 505 515
f 518 507 517
f 519 508 518
f 520 509 519
f 521 510 520
f 522 511 521
f 523 512 522
f 524 513 523
f 525 514 524
f 526 515 525
f 528 517 527
f 529 518 528
f 530 519 529
f 531 520 530
f 532 521 531
f 533 522 532
f 534 523 533
f 535 524 534
f 536 525 535
f 582 536 581
f 629 386 583
f 629 387 628
f 387 629 583
f 387 584 585
f 388 628 387
f 397 585 586
f 583 584 387
f 627 389 626
f 390 624 625
f 625 626 389
f 389 390 625
f 391 624 390
f 622 623 391
f 407 586 587
f 407 588 589
f 407 587 588
f 417 590 591
f 427 592 593
f 437 593 594
f 427 591 592
f 417 589 590
f 417 407 589
f 437 427 593
f 417 591 427
f 447 595 596
f 447 597 457
f 598 457 597
f 447 594 595
f 392 621 622
f 393 619 620
f 621 393 620
f 393 394 619
f 395 618 394
f 394 618 619
f 392 622 391
f 395 616 617
f 568 614 615
f 615 616 396
f 615 396 568
f 396 565 566
f 396 567 568
f 396 566 567
f 395 396 616
f 406 564 565
f 564 416 563
f 416 562 563
f 436 558 559
f 426 560 561
f 456 556 446
f 426 561 562
f 436 559 560
f 446 557 558
f 456 554 555
f 556 557 446
f 466 554 456
f 457 599 467
f 467 600 601
f 467 599 600
f 477 602 603
f 487 604 605
f 487 603 604
f 477 601 602
f 467 601 477
f 605 606 497
f 487 477 603
f 605 497 487
f 507 607 608
f 497 607 507
f 609 507 608
f 517 609 610
f 606 607 497
f 517 610 611
f 612 527 611
f 517 611 527
f 570 613 569
f 571 527 570
f 613 570 527
f 612 613 527
f 571 528 527
f 572 529 528
f 573 531 530
f 530 529 573
f 573 574 531
f 575 532 574
f 574 532 531
f 572 573 529
f 572 528 571
f 575 533 532
f 466 552 553
f 551 552 476
f 476 550 551
f 496 546 547
f 486 548 549
f 516 544 506
f 549 550 486
f 506 544 545
f 545 546 506
f 547 548 496
f 543 516 542
f 534 533 575
f 535 534 576
f 526 542 516
f 577 581 535
f 581 536 535
f 577 578 581
f 580 526 536
f 576 577 535
f 534 575 576
f 581 578 582
f 580 539 540
f 541 526 540
f 580 538 539
f 537 538 579
f 582 579 538
f 579 582 578
f 526 580 540
f 661 867 869
f 631 869 867
f 867 661 662
f 632 631 867
f 662 632 867
f 663 632 662
f 634 663 664
f 665 634 664
f 636 665 666
f 637 666 667
f 638 667 668
f 669 638 668
f 670 639 669
f 671 640 670
f 642 671 672
f 643 672 673
f 674 643 673
f 675 644 674
f 676 645 675
f 647 676 677
f 648 677 678
f 679 648 678
f 650 679 680
f 681 650 680
f 682 651 681
f 653 682 683
f 684 653 683
f 685 654 684
f 686 655 685
f 657 686 687
f 688 657 687
f 689 658 688
f 660 689 690
f 870 691 692
f 662 661 870
f 692 662 870
f 663 692 693
f 664 693 694
f 695 664 694
f 696 665 695
f 669 697 698
f 670 698 699
f 700 670 699
f 701 671 700
f 702 672 701
f 674 702 703
f 675 703 704
f 705 675 704
f 706 676 705
f 678 706 707
f 679 707 708
f 709 679 708
f 681 709 710
f 682 710 711
f 683 711 712
f 713 683 712
f 685 713 714
f 715 685 714
f 716 686 715
f 688 716 717
f 689 717 718
f 690 718 719
f 720 692 691
f 693 720 721
f 722 693 721
f 695 722 723
f 1018 724 725
f 698 697 1018
f 725 698 1018
f 726 698 725
f 727 699 726
f 728 700 727
f 702 728 729
f 703 729 730
f 704 730 731
f 732 704 731
f 733 705 732
f 734 706 733
f 708 734 735
f 736 708 735
f 737 709 736
f 711 737 738
f 712 738 739
f 713 739 740
f 741 713 740
f 715 741 742
f 716 742 743
f 744 716 743
f 745 717 744
f 746 718 745
f 872 871 747
f 872 873 874
f 872 747 748
f 721 720 872
f 748 721 872
f 749 721 748
f 750 722 749
f 1020 753 754
f 725 724 1020
f 754 725 1020
f 755 725 754
f 756 726 755
f 728 756 757
f 729 757 758
f 759 729 758
f 731 759 760
f 761 731 760
f 762 732 761
f 763 733 762
f 735 763 764
f 765 735 764
f 766 736 765
f 767 737 766
f 768 738 767
f 769 739 768
f 770 740 769
f 742 770 771
f 743 771 772
f 744 772 773
f 745 773 774
f 746 774 775
f 776 877 875
f 747 877 876
f 876 776 777
f 748 747 876
f 777 748 876
f 778 748 777
f 750 778 779
f 751 779 780
f 1017 751 780
f 781 752 1017
f 780 781 1017
f 1019 752 781
f 782 753 1019
f 781 782 1019
f 783 753 782
f 755 783 784
f 756 784 785
f 757 785 786
f 758 786 787
f 788 758 787
f 789 759 788
f 761 789 790
f 762 790 791
f 763 791 792
f 764 792 793
f 794 764 793
f 766 794 795
f 767 795 796
f 768 796 797
f 769 797 798
f 770 798 799
f 771 799 800
f 772 800 801
f 802 772 801
f 803 773 802
f 775 803 804
f 805 880 878
f 879 875 880
f 879 805 806
f 777 776 879
f 806 777 879
f 807 777 806
f 779 807 808
f 809 779 808
f 810 780 809
f 782 810 811
f 783 811 812
f 813 783 812
f 814 784 813
f 815 785 814
f 787 815 816
f 817 787 816
f 789 817 818
f 790 818 819
f 820 790 819
f 821 791 820
f 793 821 822
f 794 822 823
f 795 823 824
f 825 795 824
f 826 796 825
f 827 797 826
f 828 798 827
f 829 799 828
f 801 829 830
f 802 830 831
f 803 831 832
f 833 803 832
f 805 882 881
f 934 834 835
f 934 836 837
f 934 835 836
f 933 868 631
f 934 838 868
f 933 632 932
f 838 934 837
f 868 839 840
f 869 841 842
f 869 840 841
f 869 843 661
f 869 868 840
f 843 869 842
f 838 839 868
f 930 633 634
f 635 928 929
f 929 634 635
f 931 632 633
f 928 636 927
f 926 638 925
f 927 637 926
f 928 635 636
f 667 666 696
f 924 638 639
f 661 844 870
f 870 845 846
f 870 844 845
f 691 870 846
f 691 847 848
f 691 846 847
f 849 691 848
f 873 849 850
f 873 851 852
f 873 850 851
f 873 720 691
f 852 874 873
f 874 852 853
f 849 873 691
f 1004 1005 696
f 696 1005 1006
f 696 695 723
f 1007 696 1006
f 697 1008 1009
f 667 696 697
f 697 696 1008
f 696 1007 1008
f 1003 1004 696
f 751 1003 696
f 751 1001 1002
f 751 723 750
f 1011 1018 1010
f 1014 1015 1020
f 1020 1013 1014
f 1012 1018 1011
f 696 723 751
f 1009 1010 697
f 843 844 661
f 1013 724 1012
f 923 639 640
f 641 921 922
f 922 923 640
f 920 643 919
f 917 644 645
f 918 643 644
f 921 642 920
f 640 641 922
f 916 917 645
f 916 646 915
f 914 648 913
f 915 647 914
f 913 649 912
f 911 649 650
f 651 909 910
f 910 650 651
f 907 654 906
f 904 655 656
f 906 655 905
f 908 909 652
f 903 657 902
f 901 659 900
f 658 901 902
f 899 660 898
f 899 898 630
f 898 660 897
f 900 660 899
f 903 656 657
f 908 653 907
f 916 645 646
f 667 697 668
f 1012 724 1018
f 1018 697 1010
f 909 651 652
f 1020 724 1013
f 897 660 896
f 690 896 660
f 902 657 658
f 690 894 895
f 719 894 690
f 746 892 719
f 746 890 891
f 892 893 719
f 775 890 746
f 874 853 854
f 871 854 855
f 877 856 857
f 871 855 856
f 877 871 856
f 857 875 877
f 859 875 858
f 857 858 875
f 880 859 860
f 878 861 862
f 880 860 861
f 861 878 880
f 881 806 805
f 878 862 863
f 859 880 875
f 1000 1001 751
f 1003 751 1002
f 1000 751 1017
f 999 1000 1017
f 1019 1015 1016
f 999 752 998
f 998 752 1016
f 1017 752 999
f 943 809 808
f 808 807 941
f 1015 1019 753
f 947 811 810
f 950 812 811
f 810 809 945
f 1016 752 1019
f 807 806 939
f 871 874 854
f 882 863 864
f 935 881 882
f 864 865 882
f 937 806 881
f 944 809 943
f 943 808 942
f 942 808 941
f 865 935 882
f 809 944 945
f 937 938 806
f 865 866 935
f 936 937 881
f 940 941 807
f 939 806 938
f 807 939 940
f 935 936 881
f 954 814 813
f 814 954 955
f 954 813 953
f 956 814 955
f 816 815 958
f 957 958 815
f 815 956 957
f 956 815 814
f 949 950 811
f 947 948 811
f 948 949 811
f 813 952 953
f 813 812 952
f 812 951 952
f 950 951 812
f 810 946 947
f 810 945 946
f 878 863 882
f 817 962 818
f 819 967 820
f 965 819 818
f 821 971 822
f 823 976 824
f 974 823 822
f 969 821 820
f 825 980 826
f 827 984 828
f 982 827 826
f 829 988 830
f 991 992 831
f 990 831 830
f 986 829 828
f 978 825 824
f 775 888 889
f 833 886 804
f 804 888 775
f 886 887 804
f 994 995 832
f 993 994 832
f 832 995 833
f 885 833 884
f 997 884 833
f 884 997 883
f 833 996 997
f 996 833 995
f 993 832 831
f 831 992 993
f 960 817 816
f 821 970 971
f 967 968 820
f 969 820 968
f 823 974 975
f 971 972 822
f 973 822 972
f 974 822 973
f 818 962 963
f 817 960 961
f 960 816 959
f 965 966 819
f 964 965 818
f 966 967 819
f 961 962 817
f 964 818 963
f 986 987 829
f 828 985 986
f 987 988 829
f 831 990 991
f 830 989 990
f 830 988 989
f 984 985 828
f 977 978 824
f 824 976 977
f 823 975 976
f 982 983 827
f 981 826 980
f 980 825 979
f 984 827 983
f 826 981 982
f 978 979 825
f 969 970 821
f 959 816 958
f 753 1020 1015
f 1037 1038 1021
f 1025 1022 1026
f 1026 1023 1027
f 1027 1024 1028
f 1029 1026 1030
f 1030 1027 1031
f 1031 1028 1032
f 1033 1030 1034
f 1034 1031 1035
f 1035 1032 1036
f 1045 1044 1076
f 1039 1076 1075
f 1038 1074 1073
f 1038 1073 1072
f 1074 1038 1075
f 1046 1045 1039
f 1047 1046 1037
f 1039 1075 1038
f 1025 1037 1021
f 1037 1046 1039
f 1022 1038 1072
f 1037 1048 1047
f 1045 1076 1039
f 1021 1038 1022
f 1022 1071 1070
f 1022 1070 1069
f 1023 1068 1067
f 1024 1066 1065
f 1066 1023 1067
f 1068 1023 1069
f 1023 1066 1024
f 1065 1064 1024
f 1024 1064 1063
f 1062 1061 1043
f 1062 1024 1063
f 1043 1024 1062
f 1022 1069 1023
f 1022 1072 1071
f 1052 1051 1025
f 1052 1025 1029
f 1037 1025 1049
f 1049 1025 1050
f 1051 1050 1025
f 1053 1052 1029
f 1059 1058 1033
f 1033 1058 1057
f 1054 1053 1029
f 1057 1056 1033
f 1055 1054 1029
f 1055 1033 1056
f 1060 1059 1077
f 1043 1028 1024
f 1055 1029 1033
f 1041 1032 1042
f 1042 1032 1028
f 1077 1034 1078
f 1035 1078 1034
f 1079 1035 1036
f 1036 1040 1079
f 1041 1040 1036
f 1077 1059 1033
f 1037 1049 1048
f 1082 1111 1112
f 1083 1112 1113
f 1114 1083 1113
f 1115 1084 1114
f 1116 1085 1115
f 1117 1086 1116
f 1118 1087 1117
f 1089 1118 1119
f 1120 1089 1119
f 1121 1090 1120
f 1092 1121 1122
f 1123 1092 1122
f 1124 1093 1123
f 1095 1124 1125
f 1126 1095 1125
f 1127 1096 1126
f 1128 1097 1127
f 1129 1098 1128
f 1100 1129 1130
f 1101 1130 1131
f 1102 1131 1132
f 1103 1132 1133
f 1134 1103 1133
f 1105 1134 1135
f 1106 1135 1136
f 1137 1106 1136
f 1108 1137 1138
f 1109 1138 1139
f 1329 1110 1109
f 1139 1140 1329
f 1109 1139 1329
f 1328 1329 1330
f 1326 1329 1140
f 1142 1111 1141
f 1113 1142 1143
f 1144 1113 1143
f 1145 1114 1144
f 1116 1145 1146
f 1117 1146 1147
f 1148 1117 1147
f 1119 1148 1149
f 1120 1149 1150
f 1151 1120 1150
f 1467 1152 1122
f 1121 1151 1467
f 1122 1121 1467
f 1125 1153 1154
f 1155 1125 1154
f 1127 1155 1156
f 1128 1156 1157
f 1129 1157 1158
f 1130 1158 1159
f 1131 1159 1160
f 1161 1131 1160
f 1162 1132 1161
f 1163 1133 1162
f 1164 1134 1163
f 1165 1135 1164
f 1137 1165 1166
f 1167 1137 1166
f 1168 1138 1167
f 1327 1140 1139
f 1168 1169 1327
f 1139 1168 1327
f 1142 1170 1171
f 1143 1171 1172
f 1144 1172 1173
f 1174 1144 1173
f 1175 1145 1174
f 1147 1175 1176
f 1177 1147 1176
f 1149 1177 1178
f 1179 1149 1178
f 1468 1151 1150
f 1179 1180 1468
f 1150 1179 1468
f 1467 1468 1469
f 1466 1468 1180
f 1182 1154 1181
f 1183 1155 1182
f 1184 1156 1183
f 1185 1157 1184
f 1186 1158 1185
f 1160 1186 1187
f 1188 1160 1187
f 1189 1161 1188
f 1190 1162 1189
f 1191 1163 1190
f 1192 1164 1191
f 1166 1192 1193
f 1194 1166 1193
f 1195 1167 1194
f 1171 1196 1197
f 1172 1197 1198
f 1199 1172 1198
f 1174 1199 1200
f 1201 1174 1200
f 1202 1175 1201
f 1203 1176 1202
f 1204 1177 1203
f 1205 1178 1204
f 1206 1179 1205
f 1182 1210 1211
f 1212 1182 1211
f 1213 1183 1212
f 1185 1213 1214
f 1186 1214 1215
f 1187 1215 1216
f 1188 1216 1217
f 1189 1217 1218
f 1190 1218 1219
f 1220 1190 1219
f 1192 1220 1221
f 1193 1221 1222
f 1194 1222 1223
f 1324 1195 1194
f 1223 1224 1324
f 1194 1223 1324
f 1325 1195 1324
f 1320 1324 1224
f 1226 1196 1225
f 1198 1226 1227
f 1228 1198 1227
f 1200 1228 1229
f 1201 1229 1230
f 1231 1201 1230
f 1203 1231 1232
f 1204 1232 1233
f 1205 1233 1234
f 1206 1234 1235
f 1236 1206 1235
f 1465 1208 1237
f 1238 1209 1465
f 1237 1238 1465
f 1210 1238 1239
f 1240 1210 1239
f 1241 1211 1240
f 1213 1241 1242
f 1214 1242 1243
f 1244 1214 1243
f 1245 1215 1244
f 1246 1216 1245
f 1247 1217 1246
f 1248 1218 1247
f 1220 1248 1249
f 1221 1249 1250
f 1251 1221 1250
f 1252 1222 1251
f 1321 1224 1223
f 1252 1253 1321
f 1223 1252 1321
f 1320 1321 1322
f 1317 1321 1253
f 1226 1254 1255
f 1256 1226 1255
f 1228 1256 1257
f 1258 1228 1257
f 1259 1229 1258
f 1231 1259 1260
f 1232 1260 1261
f 1262 1232 1261
f 1263 1233 1262
f 1264 1234 1263
f 1265 1235 1264
f 1237 1265 1266
f 1267 1237 1266
f 1268 1238 1267
f 1269 1239 1268
f 1270 1240 1269
f 1242 1270 1271
f 1272 1242 1271
f 1273 1243 1272
f 1274 1244 1273
f 1246 1274 1275
f 1247 1275 1276
f 1277 1247 1276
f 1249 1277 1278
f 1250 1278 1279
f 1280 1250 1279
f 1252 1280 1281
f 1318 1253 1252
f 1281 1282 1318
f 1252 1281 1318
f 1319 1253 1318
f 1316 1318 1282
f 1395 1445 1080
f 1443 1082 1083
f 1444 1081 1082
f 1084 1441 1442
f 1440 1086 1439
f 1441 1085 1440
f 1442 1443 1083
f 1081 1395 1396
f 1081 1396 1397
f 1083 1084 1442
f 1081 1445 1395
f 1438 1086 1087
f 1437 1087 1088
f 1089 1435 1436
f 1436 1088 1089
f 1434 1091 1433
f 1431 1092 1093
f 1432 1091 1092
f 1434 1435 1090
f 1089 1090 1435
f 1430 1093 1094
f 1429 1430 1094
f 1111 1397 1398
f 1141 1399 1400
f 1111 1398 1399
f 1141 1111 1399
f 1170 1401 1402
f 1141 1400 1401
f 1403 1170 1402
f 1207 1458 1466
f 1152 1467 1469
f 1466 1460 1469
f 1466 1458 1459
f 1460 1466 1459
f 1466 1180 1206
f 1460 1461 1469
f 1152 1464 1446
f 1122 1152 1123
f 1464 1152 1463
f 1446 1447 1153
f 1153 1124 1123
f 1448 1153 1447
f 1152 1153 1123
f 1446 1153 1152
f 1152 1462 1463
f 1462 1152 1469
f 1153 1448 1449
f 1209 1181 1153
f 1450 1451 1209
f 1449 1450 1153
f 1469 1461 1462
f 1209 1153 1450
f 1452 1209 1451
f 1081 1397 1111
f 1095 1428 1429
f 1427 1097 1426
f 1428 1096 1427
f 1424 1098 1099
f 1100 1422 1423
f 1423 1099 1100
f 1425 1097 1098
f 1101 1422 1100
f 1102 1421 1101
f 1429 1094 1095
f 1420 1103 1419
f 1417 1104 1105
f 1418 1103 1104
f 1416 1106 1415
f 1413 1109 1412
f 1415 1107 1414
f 1105 1416 1417
f 1410 1110 1328
f 1411 1109 1110
f 1311 1410 1328
f 1414 1108 1413
f 1410 1314 1315
f 1410 1312 1313
f 1410 1311 1312
f 1313 1314 1410
f 1416 1105 1106
f 1323 1168 1195
f 1168 1323 1169
f 1298 1323 1297
f 1325 1297 1323
f 1296 1297 1325
f 1298 1299 1323
f 1330 1309 1328
f 1307 1330 1326
f 1305 1306 1326
f 1326 1306 1307
f 1328 1309 1310
f 1330 1307 1308
f 1308 1309 1330
f 1311 1328 1310
f 1169 1303 1327
f 1323 1300 1169
f 1300 1323 1299
f 1300 1301 1169
f 1327 1304 1305
f 1169 1302 1303
f 1169 1301 1302
f 1303 1304 1327
f 1140 1305 1326
f 1327 1305 1140
f 1153 1181 1154
f 1196 1403 1404
f 1196 1404 1405
f 1225 1406 1407
f 1225 1405 1406
f 1225 1196 1405
f 1254 1407 1408
f 1409 1254 1408
f 1255 1337 1256
f 1257 1341 1258
f 1256 1339 1257
f 1259 1345 1260
f 1262 1349 1350
f 1261 1347 1348
f 1258 1343 1259
f 1255 1334 1335
f 1207 1456 1457
f 1458 1207 1457
f 1466 1206 1207
f 1208 1456 1207
f 1454 1465 1453
f 1454 1455 1208
f 1456 1208 1455
f 1208 1465 1454
f 1207 1237 1208
f 1264 1356 1265
f 1263 1354 1264
f 1453 1465 1209
f 1267 1360 1361
f 1265 1358 1266
f 1263 1351 1352
f 1332 1409 1331
f 1332 1333 1254
f 1254 1333 1334
f 1335 1336 1255
f 1256 1337 1338
f 1339 1340 1257
f 1343 1344 1259
f 1341 1342 1258
f 1260 1345 1346
f 1346 1347 1260
f 1348 1349 1261
f 1350 1351 1262
f 1352 1353 1263
f 1354 1355 1264
f 1356 1357 1265
f 1358 1359 1266
f 1361 1362 1267
f 1359 1360 1266
f 1254 1409 1332
f 1268 1362 1363
f 1270 1369 1271
f 1269 1367 1270
f 1273 1373 1374
f 1275 1377 1378
f 1274 1375 1376
f 1272 1371 1372
f 1276 1382 1277
f 1278 1386 1279
f 1277 1384 1278
f 1281 1390 1391
f 1394 1285 1282
f 1282 1392 1393
f 1280 1388 1389
f 1275 1380 1276
f 1322 1293 1320
f 1292 1317 1291
f 1317 1292 1322
f 1292 1293 1322
f 1295 1296 1325
f 1320 1293 1294
f 1294 1295 1320
f 1295 1325 1320
f 1319 1290 1317
f 1288 1319 1316
f 1282 1285 1316
f 1316 1285 1286
f 1319 1289 1290
f 1316 1287 1288
f 1316 1286 1287
f 1288 1289 1319
f 1291 1317 1290
f 1268 1365 1269
f 1365 1366 1269
f 1370 1371 1271
f 1369 1370 1271
f 1367 1368 1270
f 1372 1373 1272
f 1374 1375 1273
f 1376 1377 1274
f 1378 1379 1275
f 1382 1383 1277
f 1385 1278 1384
f 1386 1387 1279
f 1279 1387 1388
f 1381 1276 1380
f 1389 1390 1280
f 1285 1394 1284
f 1284 1394 1283
f 1393 1394 1282
f 1391 1392 1281
f 1363 1364 1268
f 1209 1452 1453
f 1497 1571 1574
f 1571 1502 1574
f 1574 1487 1497
f 1471 1571 1497
f 1571 1568 1572
f 1575 1498 1576
f 1576 1487 1573
f 1577 1488 1575
f 1495 1489 1488
f 1490 1491 1495
f 1488 1490 1495
f 1495 1494 1489
f 1498 1497 1487
f 1488 1500 1498
f 1494 1475 1499
f 1500 1489 1494
f 1499 1500 1494
f 1500 1471 1497
f 1499 1506 1471
f 1503 1492 1508
f 1499 1475 1503
f 1508 1499 1503
f 1523 1476 1507
f 1508 1492 1523
f 1507 1508 1523
f 1508 1474 1506
f 1505 1492 1503
f 1521 1493 1510
f 1504 1523 1492
f 1493 1525 1504
f 1525 1476 1523
f 1524 1526 1476
f 1528 1522 1526
f 1507 1529 1474
f 1526 1522 1530
f 1507 1476 1526
f 1530 1507 1526
f 1501 1570 1568
f 1569 1506 1567
f 1506 1474 1567
f 1567 1509 1569
f 1501 1506 1569
f 1567 1474 1529
f 1520 1470 1531
f 1519 1520 1532
f 1531 1532 1520
f 1510 1511 1512
f 1513 1510 1512
f 1473 1511 1510
f 1513 1514 1521
f 1513 1521 1510
f 1485 1510 1493
f 1527 1519 1532
f 1528 1517 1518
f 1533 1527 1532
f 1527 1518 1519
f 1527 1534 1522
f 1518 1527 1528
f 1534 1527 1533
f 1516 1517 1528
f 1524 1515 1516
f 1525 1514 1515
f 1515 1524 1525
f 1524 1516 1528
f 1514 1525 1521
f 1484 1493 1504
f 1510 1486 1473
f 1480 1491 1479
f 1491 1478 1479
f 1486 1510 1485
f 1566 1472 1577
f 1472 1490 1577
f 1478 1490 1477
f 1490 1478 1491
f 1565 1566 1577
f 1505 1483 1484
f 1475 1482 1483
f 1475 1505 1503
f 1505 1484 1504
f 1483 1505 1475
f 1484 1485 1493
f 1481 1482 1475
f 1575 1565 1577
f 1481 1496 1480
f 1480 1495 1491
f 1475 1496 1481
f 1480 1496 1495
f 1496 1475 1494
f 1530 1522 1535
f 1537 1529 1536
f 1530 1535 1536
f 1529 1537 1538
f 1529 1530 1536
f 1567 1529 1538
f 1567 1540 1509
f 1541 1509 1540
f 1539 1540 1567
f 1538 1539 1567
f 1543 1509 1542
f 1543 1569 1509
f 1545 1570 1544
f 1570 1543 1544
f 1546 1570 1545
f 1543 1570 1569
f 1547 1568 1570
f 1568 1548 1549
f 1547 1548 1568
f 1547 1570 1546
f 1550 1568 1549
f 1541 1542 1509
f 1563 1575 1576
f 1573 1487 1574
f 1560 1573 1574
f 1562 1576 1573
f 1563 1576 1562
f 1575 1563 1564
f 1561 1573 1560
f 1573 1561 1562
f 1560 1574 1559
f 1559 1574 1558
f 1565 1575 1564
f 1572 1555 1571
f 1552 1553 1572
f 1553 1554 1572
f 1552 1572 1551
f 1551 1572 1568
f 1568 1550 1551
f 1557 1558 1502
f 1502 1558 1574
f 1556 1557 1502
f 1556 1502 1555
f 1555 1502 1571
f 1555 1572 1554
f 1535 1522 1534
f 1647 1608 1648
f 1608 1607 1606
f 1600 1609 1608
f 1599 1607 1609
f 1649 1600 1647
f 1650 1597 1604
f 1603 1602 1600
f 1601 1605 1603
f 1605 1604 1597
f 1650 1598 1597
f 1599 1646 1645
f 1579 1644 1578
f 1643 1582 1642
f 1643 1644 1581
f 1651 1641 1642
f 1650 1640 1651
f 1641 1651 1640
f 1639 1640 1650
f 1582 1651 1642
f 1644 1579 1581
f 1582 1583 1651
f 1598 1583 1584
f 1651 1583 1598
f 1585 1597 1598
f 1605 1597 1586
f 1597 1585 1586
f 1585 1598 1584
f 1582 1643 1581
f 1586 1587 1605
f 1638 1639 1650
f 1636 1637 1604
f 1638 1604 1637
f 1650 1604 1638
f 1601 1635 1636
f 1649 1633 1634
f 1635 1601 1634
f 1634 1601 1603
f 1601 1636 1604
f 1603 1649 1634
f 1605 1588 1602
f 1589 1602 1588
f 1649 1631 1632
f 1629 1630 1647
f 1630 1649 1647
f 1631 1649 1630
f 1632 1633 1649
f 1587 1588 1605
f 1610 1593 1594
f 1595 1646 1594
f 1646 1610 1594
f 1591 1609 1590
f 1599 1592 1610
f 1593 1610 1592
f 1591 1592 1599
f 1591 1599 1609
f 1596 1613 1595
f 1613 1614 1595
f 1613 1596 1612
f 1580 1611 1612
f 1616 1645 1646
f 1616 1646 1615
f 1614 1615 1646
f 1646 1595 1614
f 1617 1645 1616
f 1596 1580 1612
f 1645 1607 1599
f 1609 1602 1589
f 1608 1622 1648
f 1589 1590 1609
f 1627 1628 1647
f 1625 1626 1648
f 1647 1626 1627
f 1648 1624 1625
f 1647 1648 1626
f 1629 1647 1628
f 1606 1607 1620
f 1619 1620 1607
f 1619 1607 1618
f 1618 1607 1645
f 1623 1624 1648
f 1622 1606 1621
f 1620 1621 1606
f 1648 1622 1623
f 1606 1622 1608
f 1645 1617 1618
f 1653 1655 1656
f 1657 1653 1656
f 1659 1655 1658
f 1660 1656 1659
f 1659 1661 1662
f 1663 1659 1662
f 1662 1664 1665
f 1666 1662 1665
f 1665 1667 1668
f 1666 1668 1669
f 1671 1667 1670
f 1669 1671 1672
f 1671 1673 1674
f 1672 1674 1675
f 1677 1673 1676
f 1675 1677 1678
f 1680 1676 1679
f 1678 1680 1681
f 1680 1682 1683
f 1684 1680 1683
f 1683 1685 1686
f 1687 1683 1686
f 1686 1688 1689
f 1687 1689 1690
f 1692 1688 1691
f 1693 1689 1692
f 1692 1694 1695
f 1693 1695 1696
f 1695 1697 1698
f 1699 1695 1698
f 1701 1697 1700
f 1702 1698 1701
f 1701 1703 1704
f 1702 1704 1705
f 1707 1703 1706
f 1705 1707 1708
f 1710 1706 1709
f 1708 1710 1711
f 1713 1709 1712
f 1711 1713 1714
f 1716 1712 1715
f 1717 1713 1716
f 1716 1718 1719
f 1720 1716 1719
f 1722 1718 1721
f 1720 1722 1723
f 1722 1724 1725
f 1723 1725 1726
f 1728 1725 1727
f 1747 1819 1746
f 1748 1655 1652
f 1652 1747 1748
f 1658 1750 1751
f 1753 1661 1752
f 1664 1753 1754
f 1751 1661 1658
f 1655 1749 1750
f 1655 1750 1658
f 1756 1667 1755
f 1667 1754 1755
f 1670 1756 1757
f 1652 1819 1747
f 1673 1757 1758
f 1676 1759 1760
f 1758 1676 1673
f 1761 1682 1679
f 1685 1763 1764
f 1764 1688 1685
f 1682 1762 1763
f 1679 1760 1761
f 1676 1760 1679
f 1691 1766 1767
f 1688 1766 1691
f 1694 1767 1768
f 1763 1685 1682
f 1670 1757 1673
f 1819 1653 1818
f 1818 1654 1817
f 1657 1813 1814
f 1663 1811 1812
f 1666 1810 1811
f 1660 1812 1813
f 1654 1814 1815
f 1815 1816 1817
f 1654 1815 1817
f 1810 1669 1809
f 1672 1809 1669
f 1675 1808 1672
f 1681 1806 1678
f 1678 1807 1675
f 1690 1803 1687
f 1693 1802 1690
f 1687 1804 1684
f 1684 1805 1681
f 1801 1696 1800
f 1799 1696 1699
f 1694 1769 1697
f 1700 1770 1771
f 1697 1769 1770
f 1703 1772 1773
f 1774 1709 1706
f 1709 1775 1776
f 1706 1773 1774
f 1772 1700 1771
f 1700 1697 1770
f 1715 1777 1778
f 1712 1709 1776
f 1773 1706 1703
f 1776 1777 1712
f 1718 1779 1780
f 1715 1779 1718
f 1721 1780 1781
f 1782 1721 1781
f 1731 1724 1730
f 1724 1782 1730
f 1731 1732 1724
f 1725 1724 1727
f 1727 1724 1732
f 1734 1727 1733
f 1727 1732 1733
f 1727 1734 1735
f 1736 1737 1821
f 1736 1728 1735
f 1728 1727 1735
f 1737 1738 1821
f 1798 1699 1702
f 1705 1796 1797
f 1702 1797 1798
f 1708 1795 1796
f 1714 1793 1794
f 1720 1792 1717
f 1711 1794 1795
f 1723 1791 1720
f 1792 1793 1717
f 1726 1790 1723
f 1728 1789 1726
f 1728 1736 1821
f 1738 1739 1821
f 1728 1787 1788
f 1786 1821 1739
f 1739 1740 1785
f 1743 1784 1742
f 1741 1742 1784
f 1741 1785 1740
f 1744 1783 1743
f 1786 1787 1821
f 1785 1786 1739
f 1729 1745 1820
f 1783 1784 1743
f 1745 1729 1783
f 1741 1784 1785
f 1745 1783 1744
f 1824 1825 1823
f 1826 1827 1824
f 1825 1827 1828
f 1830 1826 1829
f 1828 1830 1831
f 1830 1832 1833
f 1834 1830 1833
f 1833 1835 1836
f 1837 1833 1836
f 1839 1835 1838
f 1837 1839 1840
f 1839 1841 1842
f 1840 1842 1843
f 1845 1841 1844
f 1846 1842 1845
f 1845 1847 1848
f 1849 1845 1848
f 1848 1850 1851
f 1849 1851 1852
f 1854 1850 1853
f 1852 1854 1855
f 1857 1853 1856
f 1858 1854 1857
f 1857 1859 1860
f 1858 1860 1861
f 1863 1859 1862
f 1864 1860 1863
f 1863 1865 1866
f 1867 1863 1866
f 1866 1868 1869
f 1870 1866 1869
f 1869 1871 1872
f 1873 1869 1872
f 1872 1874 1875
f 1873 1875 1876
f 1878 1874 1877
f 1879 1875 1878
f 1881 1877 1880
f 1879 1881 1882
f 1884 1880 1883
f 1882 1884 1885
f 1887 1883 1886
f 1885 1887 1888
f 1887 1889 1890
f 1888 1890 1891
f 1893 1889 1892
f 1894 1890 1893
f 1896 1892 1895
f 1897 1893 1896
f 1896 1898 1899
f 1897 1899 1900
f 1899 1901 1902
f 1903 1899 1902
f 1826 1996 1905
f 1824 1995 1826
f 1996 1826 1995
f 1826 1905 1906
f 1906 1829 1826
f 1829 1908 1832
f 1909 1832 1908
f 1823 1991 1992
f 1990 1976 1989
f 1990 1991 1823
f 1824 1993 1994
f 1824 1823 1992
f 1825 1975 1823
f 1824 1994 1995
f 1993 1824 1992
f 1823 1976 1990
f 1835 1909 1910
f 1838 1911 1912
f 1910 1838 1835
f 1913 1844 1841
f 1847 1915 1916
f 1850 1916 1917
f 1915 1844 1914
f 1841 1912 1913
f 1838 1912 1841
f 1853 1918 1919
f 1853 1917 1918
f 1919 1856 1853
f 1856 1919 1920
f 1916 1850 1847
f 1832 1909 1835
f 1985 1979 1984
f 1980 1982 1983
f 1980 1983 1984
f 1975 1976 1823
f 1988 1977 1987
f 1987 1978 1986
f 1986 1978 1985
f 1828 1974 1825
f 1831 1973 1828
f 1822 1981 1982
f 1980 1822 1982
f 1979 1980 1984
f 1985 1978 1979
f 1977 1978 1987
f 1977 1989 1976
f 1988 1989 1977
f 1837 1971 1834
f 1840 1968 1969
f 1837 1969 1970
f 1846 1966 1967
f 1855 1964 1852
f 1858 1963 1855
f 1849 1965 1966
f 1843 1967 1968
f 1972 1834 1971
f 1852 1964 1965
f 1920 1859 1856
f 1862 1922 1923
f 1922 1859 1921
f 1925 1865 1924
f 1871 1926 1927
f 1927 1874 1871
f 1868 1925 1926
f 1865 1923 1924
f 1862 1923 1865
f 1877 1929 1930
f 1874 1929 1877
f 1880 1930 1931
f 1926 1871 1868
f 1932 1880 1931
f 1886 1933 1934
f 1883 1932 1933
f 1936 1889 1935
f 1895 1937 1938
f 1939 1895 1938
f 1892 1936 1937
f 1934 1889 1886
f 1883 1933 1886
f 1898 1940 1901
f 1940 1941 1901
f 1904 1942 1941
f 1937 1895 1892
f 1864 1961 1861
f 1867 1958 1959
f 1867 1960 1864
f 1873 1956 1957
f 1879 1954 1955
f 1882 1953 1954
f 1876 1955 1956
f 1870 1957 1958
f 1962 1861 1961
f 1953 1885 1952
f 1891 1951 1888
f 1897 1949 1894
f 1894 1950 1891
f 1902 1942 1943
f 1941 1942 1901
f 1903 1943 1944
f 1900 1948 1897
f 1951 1952 1888
f 1946 1903 1944
f 1947 1903 1946
f 1944 1945 1946
f 1885 1888 1952
f 2014 2013 1997
f 1998 2001 2002
f 1999 2002 2003
f 2000 2003 2004
f 2002 2005 2006
f 2003 2006 2007
f 2004 2007 2008
f 2006 2009 2010
f 2007 2010 2011
f 2008 2011 2012
f 2036 2015 2035
f 2035 2014 2034
f 2034 2014 2033
f 2031 2032 1998
f 2014 2032 2033
f 2038 2036 2037
f 2013 2039 2040
f 2015 2038 2039
f 2015 2014 2035
f 2001 1997 2013
f 2013 2015 2039
f 1998 2032 2014
f 2013 2040 2041
f 2038 2015 2036
f 2014 1997 1998
f 1998 2029 2030
f 1999 2027 2028
f 2000 2025 2026
f 2000 2024 2025
f 2027 1999 2026
f 2029 1999 2028
f 1999 2000 2026
f 2024 2000 2023
f 2000 2022 2023
f 2021 2019 2020
f 2019 2021 2022
f 2000 2019 2022
f 1998 1999 2029
f 1998 2030 2031
f 2045 2001 2044
f 2045 2005 2001
f 2013 2042 2001
f 2042 2043 2001
f 2044 2001 2043
f 2046 2005 2045
f 2051 2009 2050
f 2052 2009 2051
f 2005 2047 2048
f 2009 2048 2049
f 2005 2046 2047
f 2050 2009 2049
f 2053 2054 2052
f 2004 2019 2000
f 2048 2009 2005
f 2018 2019 2004
f 2018 2008 2017
f 2008 2012 2017
f 2018 2004 2008
f 2055 2010 2054
f 2009 2054 2010
f 2011 2010 2055
f 2011 2056 2012
f 2012 2056 2016
f 2017 2012 2016
f 2054 2009 2052
f 2013 2041 2042
f 2104 2078 2077
f 2072 2104 2073
f 2076 2104 2077
f 2105 2104 2075
f 2076 2075 2104
f 2057 2073 2104
f 2104 2105 2057
f 2106 2078 2104
f 2080 2079 2106
f 2106 2107 2081
f 2106 2104 2072
f 2071 2106 2072
f 2106 2071 2070
f 2106 2081 2080
f 2106 2070 2107
f 2079 2078 2106
f 2103 2105 2074
f 2074 2105 2075
f 2058 2105 2108
f 2102 2105 2103
f 2108 2102 2101
f 2101 2100 2108
f 2108 2100 2109
f 2108 2105 2102
f 2057 2105 2058
f 2108 2109 2059
f 2109 2061 2060
f 2109 2060 2059
f 2098 2109 2099
f 2109 2100 2099
f 2109 2110 2061
f 2109 2098 2097
f 2109 2097 2110
f 2059 2058 2108
f 2107 2083 2082
f 2111 2083 2107
f 2070 2069 2107
f 2111 2069 2068
f 2067 2112 2068
f 2111 2068 2112
f 2111 2107 2069
f 2111 2084 2083
f 2111 2112 2085
f 2087 2086 2112
f 2085 2112 2086
f 2067 2066 2112
f 2088 2113 2089
f 2087 2112 2088
f 2113 2088 2112
f 2066 2113 2112
f 2085 2084 2111
f 2114 2063 2115
f 2115 2063 2062
f 2095 2110 2096
f 2110 2097 2096
f 2094 2115 2095
f 2110 2095 2115
f 2115 2062 2110
f 2114 2064 2063
f 2110 2062 2061
f 2114 2113 2064
f 2066 2065 2113
f 2113 2091 2090
f 2090 2089 2113
f 2091 2113 2114
f 2093 2115 2094
f 2093 2092 2114
f 2091 2114 2092
f 2115 2093 2114
f 2113 2065 2064
f 2081 2107 2082
f 2221 2191 2118
f 2223 2117 2191
f 2191 2190 2192
f 2118 2192 2187
f 2224 2188 2119
f 2225 2118 2188
f 2188 2187 2189
f 2184 2188 2189
f 2226 2185 2120
f 2227 2119 2185
f 2185 2184 2186
f 2120 2186 2181
f 2228 2182 2121
f 2229 2120 2182
f 2182 2181 2183
f 2121 2183 2178
f 2230 2179 2122
f 2231 2121 2179
f 2179 2178 2180
f 2122 2180 2175
f 2232 2176 2123
f 2233 2122 2176
f 2176 2175 2177
f 2123 2177 2172
f 2234 2173 2124
f 2235 2123 2173
f 2173 2172 2174
f 2124 2174 2171
f 2236 2237 2126
f 2238 2124 2237
f 2239 2170 2127
f 2240 2126 2170
f 2241 2169 2128
f 2242 2127 2169
f 2243 2168 2129
f 2244 2128 2168
f 2245 2167 2130
f 2246 2129 2167
f 2247 2166 2131
f 2248 2130 2166
f 2249 2164 2132
f 2250 2131 2164
f 2164 2163 2165
f 2132 2165 2160
f 2251 2161 2133
f 2252 2132 2161
f 2161 2160 2162
f 2133 2162 2157
f 2253 2158 2135
f 2254 2133 2158
f 2158 2157 2159
f 2135 2159 2156
f 2116 2223 2193
f 2193 2221 2194
f 2195 2224 2196
f 2197 2226 2198
f 2196 2227 2197
f 2194 2225 2195
f 2229 2198 2226
f 2228 2200 2199
f 2231 2201 2200
f 2233 2203 2202
f 2204 2232 2235
f 2230 2202 2201
f 2228 2199 2229
f 2234 2206 2205
f 2238 2125 2206
f 2235 2205 2204
f 2155 2192 2190
f 2154 2187 2192
f 2153 2184 2189
f 2152 2181 2186
f 2152 2186 2184
f 2154 2189 2187
f 2189 2154 2153
f 2184 2153 2152
f 2154 2192 2155
f 2150 2178 2183
f 2183 2151 2150
f 2150 2180 2178
f 2181 2152 2151
f 2151 2183 2181
f 2149 2175 2180
f 2237 2124 2171
f 2148 2172 2177
f 2177 2149 2148
f 2148 2147 2172
f 2175 2149 2177
f 2147 2171 2174
f 2171 2147 2146
f 2146 2237 2171
f 2172 2147 2174
f 2146 2126 2237
f 2150 2149 2180
f 2207 2239 2208
f 2208 2242 2209
f 2210 2244 2211
f 2212 2246 2213
f 2211 2243 2212
f 2209 2241 2210
f 2240 2125 2236
f 2246 2245 2213
f 2248 2215 2214
f 2247 2216 2215
f 2249 2218 2217
f 2251 2220 2219
f 2252 2219 2218
f 2250 2217 2216
f 2248 2214 2245
f 2254 2134 2220
f 2213 2245 2214
f 2145 2170 2126
f 2145 2127 2170
f 2144 2128 2169
f 2142 2129 2168
f 2143 2168 2128
f 2144 2169 2127
f 2142 2168 2143
f 2144 2127 2145
f 2143 2128 2144
f 2141 2130 2167
f 2140 2166 2141
f 2130 2141 2166
f 2142 2141 2167
f 2167 2129 2142
f 2146 2145 2126
f 2139 2165 2163
f 2140 2163 2131
f 2138 2162 2160
f 2139 2160 2165
f 2140 2139 2163
f 2138 2157 2162
f 2138 2160 2139
f 2138 2137 2157
f 2136 2156 2159
f 2159 2137 2136
f 2157 2137 2159
f 2166 2140 2131
f 2302 2276 2275
f 2270 2302 2271
f 2274 2302 2275
f 2303 2302 2273
f 2274 2273 2302
f 2255 2271 2302
f 2302 2303 2255
f 2304 2276 2302
f 2278 2277 2304
f 2304 2305 2279
f 2304 2302 2270
f 2269 2304 2270
f 2304 2269 2268
f 2304 2279 2278
f 2304 2268 2305
f 2277 2276 2304
f 2301 2303 2272
f 2272 2303 2273
f 2256 2303 2306
f 2300 2303 2301
f 2306 2300 2299
f 2299 2298 2306
f 2306 2298 2307
f 2306 2303 2300
f 2255 2303 2256
f 2306 2307 2257
f 2307 2259 2258
f 2307 2258 2257
f 2296 2307 2297
f 2307 2298 2297
f 2307 2308 2259
f 2307 2296 2295
f 2307 2295 2308
f 2257 2256 2306
f 2305 2281 2280
f 2309 2281 2305
f 2268 2267 2305
f 2309 2267 2266
f 2265 2310 2266
f 2309 2266 2310
f 2309 2305 2267
f 2309 2282 2281
f 2309 2310 2283
f 2285 2284 2310
f 2283 2310 2284
f 2265 2264 2310
f 2286 2311 2287
f 2285 2310 2286
f 2311 2286 2310
f 2264 2311 2310
f 2283 2282 2309
f 2312 2261 2313
f 2313 2261 2260
f 2293 2308 2294
f 2308 2295 2294
f 2292 2313 2293
f 2308 2293 2313
f 2313 2260 2308
f 2312 2262 2261
f 2308 2260 2259
f 2312 2311 2262
f 2264 2263 2311
f 2311 2289 2288
f 2288 2287 2311
f 2289 2311 2312
f 2291 2313 2292
f 2291 2290 2312
f 2289 2312 2290
f 2313 2291 2312
f 2311 2263 2262
f 2279 2305 2280
f 2399 2367 2397
f 2401 2400 2402
f 2403 2404 2366
f 2400 2404 2405
f 2406 2407 2364
f 2408 2366 2407
f 2409 2410 2365
f 2411 2364 2410
f 2412 2413 2363
f 2415 2362 2413
f 2416 2417 2357
f 2418 2363 2417
f 2360 2359 2361
f 2351 2361 2354
f 2419 2420 2358
f 2421 2357 2420
f 2422 2360 2351
f 2423 2358 2360
f 2355 2354 2356
f 2352 2356 2353
f 2424 2355 2352
f 2425 2351 2355
f 2426 2427 2345
f 2428 2352 2427
f 2349 2348 2350
f 2346 2350 2347
f 2429 2349 2346
f 2430 2345 2349
f 2431 2432 2343
f 2433 2346 2432
f 2434 2435 2344
f 2436 2343 2435
f 2437 2438 2341
f 2439 2344 2438
f 2440 2441 2342
f 2442 2341 2441
f 2443 2444 2339
f 2445 2342 2444
f 2446 2447 2340
f 2448 2339 2447
f 2449 2450 2337
f 2451 2340 2450
f 2452 2453 2338
f 2454 2337 2453
f 2455 2456 2336
f 2457 2338 2456
f 2399 2368 2314
f 2369 2368 2334
f 2334 2368 2399
f 2371 2370 2333
f 2374 2373 2330
f 2372 2371 2332
f 2370 2369 2334
f 2373 2372 2331
f 2399 2314 2398
f 2376 2375 2329
f 2375 2374 2329
f 2402 2378 2377
f 2378 2402 2400
f 2400 2405 2379
f 2379 2378 2400
f 2328 2377 2376
f 2377 2328 2402
f 2379 2408 2380
f 2406 2380 2408
f 2405 2403 2379
f 2380 2411 2381
f 2415 2383 2382
f 2418 2384 2383
f 2409 2382 2381
f 2421 2385 2384
f 2409 2362 2414
f 2409 2381 2411
f 2384 2416 2421
f 2418 2383 2412
f 2415 2382 2414
f 2371 2333 2332
f 2397 2334 2399
f 2333 2370 2334
f 2330 2373 2331
f 2328 2376 2329
f 2327 2404 2400
f 2332 2331 2372
f 2397 2335 2334
f 2327 2401 2328
f 2401 2327 2400
f 2367 2335 2397
f 2327 2326 2366
f 2326 2364 2407
f 2410 2364 2326
f 2366 2326 2407
f 2404 2327 2366
f 2401 2402 2328
f 2329 2374 2330
f 2326 2325 2365
f 2325 2413 2362
f 2325 2362 2365
f 2385 2419 2423
f 2324 2417 2363
f 2386 2423 2422
f 2325 2363 2413
f 2324 2420 2357
f 2324 2363 2325
f 2324 2359 2420
f 2357 2417 2324
f 2420 2359 2358
f 2323 2354 2361
f 2356 2354 2323
f 2359 2323 2361
f 2324 2323 2359
f 2410 2326 2365
f 2386 2385 2423
f 2386 2424 2387
f 2428 2387 2424
f 2387 2426 2388
f 2431 2390 2389
f 2388 2429 2389
f 2434 2391 2390
f 2430 2388 2426
f 2389 2433 2431
f 2390 2436 2434
f 2433 2389 2429
f 2439 2437 2391
f 2442 2392 2437
f 2391 2437 2392
f 2392 2442 2440
f 2440 2393 2392
f 2394 2451 2395
f 2395 2454 2396
f 2443 2394 2393
f 2396 2457 2315
f 2393 2445 2443
f 2394 2448 2446
f 2395 2451 2449
f 2396 2454 2452
f 2457 2455 2315
f 2353 2427 2352
f 2348 2345 2427
f 2320 2343 2432
f 2320 2344 2435
f 2320 2435 2343
f 2347 2432 2346
f 2322 2353 2356
f 2321 2348 2322
f 2353 2322 2348
f 2353 2348 2427
f 2323 2322 2356
f 2320 2347 2321
f 2350 2321 2347
f 2320 2432 2347
f 2320 2319 2438
f 2348 2321 2350
f 2344 2320 2438
f 2319 2441 2341
f 2319 2444 2342
f 2319 2342 2441
f 2318 2340 2447
f 2318 2450 2340
f 2318 2447 2339
f 2318 2339 2444
f 2450 2318 2317
f 2453 2337 2317
f 2318 2444 2319
f 2317 2337 2450
f 2338 2317 2456
f 2316 2336 2456
f 2456 2317 2316
f 2453 2317 2338
f 2438 2319 2341
f 2386 2422 2425
f 2485 2486 2487
f 2488 2489 2490
f 2490 2484 2485
f 2489 2555 2484
f 2483 2563 2489
f 2562 2541 2563
f 2560 2555 2563
f 2541 2462 2560
f 2563 2541 2560
f 2559 2556 2486
f 2484 2555 2559
f 2486 2484 2559
f 2555 2561 2559
f 2496 2491 2494
f 2494 2562 2493
f 2562 2483 2493
f 2493 2492 2494
f 2491 2562 2494
f 2542 2498 2517
f 2498 2497 2517
f 2517 2463 2542
f 2459 2498 2542
f 2495 2498 2491
f 2516 2463 2517
f 2557 2538 2558
f 2538 2537 2532
f 2531 2540 2538
f 2539 2533 2540
f 2544 2532 2537
f 2557 2462 2541
f 2543 2531 2557
f 2541 2543 2557
f 2459 2543 2541
f 2542 2519 2543
f 2539 2531 2543
f 2519 2464 2539
f 2543 2519 2539
f 2534 2464 2519
f 2520 2518 2534
f 2519 2520 2534
f 2463 2520 2519
f 2464 2536 2533
f 2534 2535 2536
f 2505 2499 2504
f 2497 2506 2507
f 2505 2506 2497
f 2497 2498 2505
f 2500 2501 2495
f 2502 2499 2501
f 2503 2504 2499
f 2498 2499 2505
f 2499 2495 2501
f 2502 2503 2499
f 2517 2497 2507
f 2510 2516 2509
f 2512 2520 2511
f 2516 2510 2511
f 2513 2518 2512
f 2508 2509 2517
f 2516 2517 2509
f 2507 2508 2517
f 2512 2518 2520
f 2520 2516 2511
f 2518 2513 2514
f 2495 2481 2482
f 2496 2480 2495
f 2481 2495 2480
f 2479 2480 2496
f 2495 2482 2500
f 2478 2496 2477
f 2496 2478 2479
f 2492 2475 2476
f 2496 2476 2477
f 2494 2492 2476
f 2494 2476 2496
f 2473 2474 2493
f 2492 2493 2474
f 2475 2492 2474
f 2488 2493 2483
f 2472 2473 2493
f 2488 2472 2493
f 2471 2488 2470
f 2488 2471 2472
f 2468 2469 2485
f 2469 2490 2485
f 2470 2490 2469
f 2488 2490 2470
f 2524 2536 2535
f 2536 2524 2525
f 2514 2515 2535
f 2535 2523 2524
f 2526 2536 2525
f 2527 2540 2533
f 2540 2527 2528
f 2533 2526 2527
f 2526 2533 2536
f 2528 2537 2540
f 2522 2523 2515
f 2521 2522 2458
f 2515 2458 2522
f 2529 2537 2528
f 2529 2544 2537
f 2461 2544 2530
f 2529 2530 2544
f 2545 2544 2461
f 2547 2532 2544
f 2515 2523 2535
f 2548 2538 2532
f 2549 2462 2558
f 2558 2462 2557
f 2462 2549 2550
f 2462 2550 2551
f 2549 2558 2548
f 2561 2462 2551
f 2561 2560 2462
f 2561 2552 2559
f 2552 2556 2559
f 2467 2485 2487
f 2561 2551 2552
f 2468 2485 2467
f 2538 2548 2558
f 2552 2553 2556
f 2544 2545 2546
f 2548 2532 2547
f 2556 2553 2554
f 2486 2556 2554
f 2465 2487 2486
f 2466 2487 2465
f 2460 2465 2486
f 2486 2554 2460
f 2467 2487 2466
f 2547 2544 2546
f 2514 2535 2518
f 2565 2594 2595
f 2566 2595 2596
f 2597 2566 2596
f 2568 2597 2598
f 2599 2568 2598
f 2600 2569 2599
f 2601 2570 2600
f 2602 2571 2601
f 2603 2572 2602
f 2574 2603 2604
f 2575 2604 2605
f 2606 2575 2605
f 2577 2606 2607
f 2578 2607 2608
f 2579 2608 2609
f 2610 2579 2609
f 2581 2610 2611
f 2612 2581 2611
f 2583 2612 2613
f 2614 2583 2613
f 2615 2584 2614
f 2586 2615 2616
f 2587 2616 2617
f 2952 2618 2588
f 2587 2617 2952
f 2588 2587 2952
f 2619 2588 2618
f 2590 2619 2620
f 2591 2620 2621
f 2622 2591 2621
f 2929 2593 2592
f 2622 2623 2929
f 2592 2622 2929
f 2930 2593 2929
f 2930 2929 2623
f 2595 2624 2625
f 2626 2595 2625
f 2627 2596 2626
f 2598 2627 2628
f 2599 2628 2629
f 2630 2599 2629
f 2601 2630 2631
f 2632 2601 2631
f 2603 2632 2633
f 2634 2603 2633
f 2635 2604 2634
f 2606 2635 2636
f 2607 2636 2637
f 2638 2607 2637
f 2639 2608 2638
f 2640 2609 2639
f 2611 2640 2641
f 2612 2641 2642
f 2613 2642 2643
f 2644 2613 2643
f 2645 2614 2644
f 2646 2615 2645
f 2951 2950 2647
f 2618 2954 2951
f 2954 2617 2953
f 2950 2954 2953
f 2951 2647 2648
f 2619 2618 2951
f 2648 2619 2951
f 2649 2619 2648
f 2650 2620 2649
f 2622 2650 2651
f 2927 2623 2622
f 2651 2652 2927
f 2622 2651 2927
f 2625 2653 2654
f 2626 2654 2655
f 2627 2655 2656
f 2657 2627 2656
f 2658 2628 2657
f 2630 2658 2659
f 2631 2659 2660
f 2661 2631 2660
f 2633 2661 2662
f 2663 2633 2662
f 2635 2663 2664
f 2636 2664 2665
f 2666 2636 2665
f 2667 2637 2666
f 2639 2667 2668
f 2669 2639 2668
f 2641 2669 2670
f 2642 2670 2671
f 2643 2671 2672
f 2673 2643 2672
f 2645 2673 2674
f 2955 2646 2645
f 2674 2675 2955
f 2645 2674 2955
f 2677 2648 2676
f 2650 2677 2678
f 2651 2678 2679
f 2654 2680 2681
f 2655 2681 2682
f 2683 2655 2682
f 2684 2656 2683
f 2658 2684 2685
f 2659 2685 2686
f 2687 2659 2686
f 2661 2687 2688
f 2662 2688 2689
f 2690 2662 2689
f 2691 2663 2690
f 2692 2664 2691
f 2693 2665 2692
f 2694 2666 2693
f 2695 2667 2694
f 2669 2695 2696
f 2670 2696 2697
f 2698 2670 2697
f 2699 2671 2698
f 2700 2672 2699
f 2674 2700 2701
f 2958 2675 2674
f 2701 2702 2958
f 2674 2701 2958
f 2706 2676 2705
f 2707 2677 2706
f 2925 2679 2678
f 2707 2708 2925
f 2678 2707 2925
f 2924 2925 2926
f 2921 2925 2708
f 2710 2680 2709
f 2682 2710 2711
f 2712 2682 2711
f 2684 2712 2713
f 2714 2684 2713
f 2715 2685 2714
f 2687 2715 2716
f 2688 2716 2717
f 2689 2717 2718
f 2719 2689 2718
f 2691 2719 2720
f 2692 2720 2721
f 2693 2721 2722
f 2694 2722 2723
f 2695 2723 2724
f 2696 2724 2725
f 2726 2696 2725
f 2727 2697 2726
f 2699 2727 2728
f 2729 2699 2728
f 2701 2729 2730
f 2731 2701 2730
f 2957 2702 2731
f 2732 2703 2957
f 2731 2732 2957
f 2956 2703 2732
f 2733 2704 2956
f 2732 2733 2956
f 2705 2733 2734
f 2706 2734 2735
f 2707 2735 2736
f 2922 2708 2707
f 2736 2737 2922
f 2707 2736 2922
f 2923 2708 2922
f 2918 2922 2737
f 2710 2738 2739
f 2711 2739 2740
f 2741 2711 2740
f 2713 2741 2742
f 2743 2713 2742
f 2715 2743 2744
f 2745 2715 2744
f 2717 2745 2746
f 2747 2717 2746
f 2719 2747 2748
f 2720 2748 2749
f 2750 2720 2749
f 2751 2721 2750
f 2752 2722 2751
f 2753 2723 2752
f 2754 2724 2753
f 2726 2754 2755
f 2756 2726 2755
f 2728 2756 2757
f 2729 2757 2758
f 2730 2758 2759
f 2731 2759 2760
f 2761 2731 2760
f 2733 2761 2762
f 2763 2733 2762
f 2735 2763 2764
f 2736 2764 2765
f 2919 2737 2736
f 2765 2766 2919
f 2736 2765 2919
f 2920 2737 2919
f 2917 2919 2766
f 2768 2807 2767
f 2565 2805 2806
f 2806 2564 2565
f 2804 2567 2803
f 2801 2568 2569
f 2803 2568 2802
f 2804 2805 2566
f 2564 2768 2769
f 2564 2769 2770
f 2805 2565 2566
f 2800 2570 2799
f 2798 2572 2797
f 2798 2799 2571
f 2800 2569 2570
f 2807 2768 2564
f 2797 2573 2796
f 2795 2574 2794
f 2795 2573 2574
f 2793 2576 2792
f 2790 2577 2578
f 2792 2577 2791
f 2575 2793 2794
f 2789 2579 2788
f 2787 2581 2786
f 2580 2787 2788
f 2784 2582 2583
f 2821 2584 2820
f 2820 2585 2819
f 2821 2583 2584
f 2786 2582 2785
f 2789 2578 2579
f 2594 2770 2771
f 2799 2570 2571
f 2624 2772 2773
f 2653 2774 2775
f 2624 2773 2774
f 2624 2594 2772
f 2774 2653 2624
f 2775 2776 2653
f 2771 2772 2594
f 2794 2574 2575
f 2788 2579 2580
f 2586 2819 2585
f 2616 2953 2617
f 2947 2646 2955
f 2820 2584 2585
f 2818 2587 2817
f 2815 2588 2589
f 2816 2587 2588
f 2590 2813 2814
f 2812 2592 2811
f 2813 2591 2812
f 2814 2815 2589
f 2814 2589 2590
f 2810 2592 2593
f 2810 2928 2809
f 2913 2809 2928
f 2914 2809 2913
f 2809 2916 2808
f 2809 2914 2915
f 2915 2916 2809
f 2911 2928 2930
f 2909 2930 2623
f 2623 2927 2907
f 2907 2908 2623
f 2928 2911 2912
f 2930 2909 2910
f 2623 2908 2909
f 2910 2911 2930
f 2913 2928 2912
f 2932 2950 2931
f 2949 2646 2948
f 2931 2646 2949
f 2933 2950 2932
f 2950 2953 2646
f 2647 2950 2933
f 2934 2647 2933
f 2646 2931 2950
f 2945 2946 2675
f 2955 2946 2947
f 2944 2945 2958
f 2675 2958 2945
f 2647 2704 2676
f 2937 2938 2704
f 2646 2947 2948
f 2647 2934 2935
f 2651 2924 2652
f 2905 2906 2927
f 2905 2652 2904
f 2652 2903 2904
f 2905 2927 2652
f 2935 2936 2647
f 2907 2927 2906
f 2704 2647 2936
f 2651 2679 2924
f 2926 2899 2924
f 2652 2924 2902
f 2902 2903 2652
f 2924 2900 2901
f 2924 2899 2900
f 2901 2902 2924
f 2648 2647 2676
f 2704 2936 2937
f 2958 2943 2944
f 2955 2675 2946
f 2680 2776 2777
f 2680 2777 2778
f 2709 2779 2780
f 2709 2778 2779
f 2709 2680 2778
f 2738 2780 2781
f 2782 2738 2781
f 2822 2782 2783
f 2822 2823 2738
f 2823 2824 2738
f 2825 2739 2824
f 2824 2739 2738
f 2739 2825 2826
f 2827 2739 2826
f 2822 2738 2782
f 2740 2829 2741
f 2742 2833 2743
f 2831 2742 2741
f 2744 2837 2745
f 2746 2841 2747
f 2839 2746 2745
f 2835 2744 2743
f 2748 2846 2749
f 2850 2751 2750
f 2750 2749 2848
f 2747 2844 2748
f 2751 2852 2752
f 2753 2857 2754
f 2754 2859 2755
f 2855 2753 2752
f 2740 2827 2828
f 2827 2740 2739
f 2740 2828 2829
f 2830 2831 2741
f 2742 2831 2832
f 2833 2834 2743
f 2744 2835 2836
f 2833 2742 2832
f 2835 2743 2834
f 2745 2837 2838
f 2746 2839 2840
f 2838 2839 2745
f 2747 2841 2842
f 2747 2843 2844
f 2843 2747 2842
f 2744 2836 2837
f 2830 2741 2829
f 2844 2845 2748
f 2846 2847 2749
f 2848 2749 2847
f 2750 2849 2850
f 2851 2751 2850
f 2750 2848 2849
f 2751 2851 2852
f 2853 2854 2752
f 2753 2855 2856
f 2853 2752 2852
f 2754 2857 2858
f 2755 2859 2860
f 2858 2859 2754
f 2857 2753 2856
f 2752 2854 2855
f 2748 2845 2846
f 2746 2840 2841
f 2861 2755 2860
f 2957 2942 2943
f 2943 2702 2957
f 2958 2702 2943
f 2703 2942 2957
f 2940 2956 2939
f 2940 2941 2703
f 2942 2703 2941
f 2703 2956 2940
f 2704 2938 2939
f 2863 2757 2756
f 2867 2759 2758
f 2758 2757 2865
f 2939 2956 2704
f 2872 2761 2760
f 2760 2759 2870
f 2705 2676 2704
f 2895 2921 2923
f 2897 2926 2921
f 2926 2897 2898
f 2921 2895 2896
f 2896 2897 2921
f 2895 2923 2894
f 2899 2926 2898
f 2920 2892 2918
f 2917 2890 2920
f 2893 2923 2918
f 2917 2889 2890
f 2893 2894 2923
f 2920 2891 2892
f 2920 2890 2891
f 2892 2893 2918
f 2762 2761 2874
f 2756 2862 2863
f 2757 2863 2864
f 2865 2757 2864
f 2758 2866 2867
f 2759 2868 2869
f 2866 2758 2865
f 2867 2868 2759
f 2760 2870 2871
f 2761 2872 2873
f 2872 2760 2871
f 2762 2874 2875
f 2762 2876 2763
f 2761 2873 2874
f 2870 2759 2869
f 2876 2762 2875
f 2764 2880 2765
f 2766 2884 2887
f 2882 2766 2765
f 2889 2917 2888
f 2887 2888 2917
f 2766 2887 2917
f 2886 2887 2884
f 2878 2764 2763
f 2763 2877 2878
f 2879 2880 2764
f 2881 2765 2880
f 2766 2882 2883
f 2886 2884 2885
f 2883 2884 2766
f 2881 2882 2765
f 2878 2879 2764
f 2877 2763 2876
f 2861 2862 2756
f 2861 2756 2755
f 2960 2962 2963
f 2961 2963 2964
f 2966 2962 2965
f 2964 2966 2967
f 2969 2965 2968
f 2970 2966 2969
f 2969 2971 2972
f 2973 2969 2972
f 2972 2974 2975
f 2973 2975 2976
f 2978 2974 2977
f 2976 2978 2979
f 2978 2980 2981
f 2982 2978 2981
f 2984 2980 2983
f 2985 2981 2984
f 2987 2984 2986
f 2991 3024 2990
f 2992 2962 2959
f 2959 2991 2992
f 2965 2994 2995
f 2968 2995 2996
f 2962 2994 2965
f 2959 3024 2991
f 2968 2996 2997
f 2998 2974 2971
f 2971 2997 2998
f 2971 2968 2997
f 2974 3000 2977
f 3001 2977 3000
f 3024 2960 3023
f 2961 3023 2960
f 3020 3021 3022
f 3019 2961 2964
f 2961 3020 3022
f 3018 2964 2967
f 2967 3017 3018
f 2973 3015 3016
f 2979 3014 2976
f 2970 3016 3017
f 2976 3014 3015
f 3001 2980 2977
f 2983 3003 3004
f 3003 2980 3002
f 2983 2986 2984
f 2985 3012 2982
f 3004 3025 2983
f 2982 3013 2979
f 2986 2983 3026
f 2986 3027 3028
f 2986 3026 3027
f 3029 2986 3028
f 3030 2987 3029
f 2986 3029 2987
f 3031 3040 3030
f 2987 3030 3040
f 3032 3040 3031
f 3026 2983 3025
f 2987 3011 2985
f 3032 3033 3040
f 2987 3009 3010
f 3033 3008 3040
f 3040 3008 3009
f 3033 3007 3008
f 3007 3033 3034
f 3007 3035 3006
f 3005 3037 3038
f 3006 3036 3037
f 3006 3035 3036
f 3005 3006 3037
f 2988 3039 2989
f 3005 3039 2988
f 3005 3038 3039
f 3034 3035 3007
f 3043 3045 3046
f 3047 3043 3046
f 3046 3048 3049
f 3050 3046 3049
f 3049 3051 3052
f 3053 3049 3052
f 3055 3051 3054
f 3056 3052 3055
f 3058 3054 3057
f 3059 3055 3058
f 3061 3057 3060
f 3062 3058 3061
f 3061 3063 3064
f 3065 3061 3064
f 3067 3063 3066
f 3068 3064 3067
f 3070 3066 3069
f 3071 3067 3070
f 3070 3072 3073
f 3071 3073 3074
f 3073 3075 3076
f 3077 3073 3076
f 3076 3078 3079
f 3077 3079 3080
f 3082 3078 3081
f 3080 3082 3083
f 3085 3081 3084
f 3083 3085 3086
f 3109 3090 3108
f 3110 3045 3042
f 3045 3111 3112
f 3042 3109 3110
f 3051 3113 3114
f 3112 3048 3045
f 3112 3113 3048
f 3042 3090 3109
f 3054 3115 3116
f 3057 3117 3118
f 3060 3118 3119
f 3116 3057 3054
f 3051 3115 3054
f 3057 3118 3060
f 3063 3119 3120
f 3090 3043 3089
f 3044 3106 3107
f 3044 3089 3043
f 3107 3041 3088
f 3044 3107 3088
f 3105 3047 3050
f 3050 3104 3105
f 3056 3102 3103
f 3062 3101 3059
f 3053 3103 3104
f 3059 3101 3102
f 3065 3100 3062
f 3066 3121 3122
f 3069 3123 3124
f 3072 3124 3125
f 3122 3069 3066
f 3063 3121 3066
f 3069 3124 3072
f 3125 3075 3072
f 3078 3127 3128
f 3081 3129 3130
f 3084 3130 3131
f 3128 3081 3078
f 3075 3127 3078
f 3081 3130 3084
f 3087 3132 3131
f 3131 3132 3084
f 3068 3099 3065
f 3074 3097 3071
f 3077 3096 3074
f 3071 3098 3068
f 3080 3095 3077
f 3083 3094 3080
f 3132 3085 3084
f 3086 3133 3134
f 3093 3086 3092
f 3092 3134 3091
f 3086 3134 3092
f 3188 3186 3189
f 3159 3156 3157
f 3156 3162 3208
f 3162 3164 3208
f 3208 3160 3206
f 3162 3156 3158
f 3164 3163 3160
f 3207 3187 3166
f 3206 3184 3207
f 3207 3167 3187
f 3160 3185 3184
f 3161 3148 3149
f 3161 3149 3164
f 3147 3148 3161
f 3145 3158 3144
f 3162 3146 3147
f 3161 3162 3147
f 3145 3146 3162
f 3145 3162 3158
f 3150 3165 3149
f 3153 3165 3152
f 3163 3165 3153
f 3163 3153 3154
f 3149 3165 3164
f 3152 3165 3151
f 3198 3208 3206
f 3165 3150 3151
f 3154 3155 3163
f 3208 3198 3199
f 3159 3142 3143
f 3143 3158 3159
f 3141 3159 3204
f 3158 3143 3144
f 3141 3142 3159
f 3135 3138 3139
f 3204 3140 3141
f 3140 3205 3139
f 3135 3139 3205
f 3157 3156 3201
f 3200 3201 3156
f 3208 3200 3156
f 3204 3205 3140
f 3203 3157 3202
f 3201 3202 3157
f 3159 3203 3204
f 3157 3203 3159
f 3208 3199 3200
f 3169 3163 3168
f 3155 3168 3163
f 3185 3163 3169
f 3170 3185 3169
f 3198 3206 3197
f 3207 3197 3206
f 3185 3173 3184
f 3207 3196 3197
f 3170 3171 3185
f 3185 3172 3173
f 3167 3184 3173
f 3174 3167 3173
f 3175 3187 3167
f 3187 3176 3177
f 3175 3176 3187
f 3175 3167 3174
f 3172 3185 3171
f 3177 3186 3187
f 3195 3196 3207
f 3188 3194 3166
f 3195 3166 3194
f 3207 3166 3195
f 3188 3192 3193
f 3190 3191 3182
f 3189 3192 3188
f 3191 3192 3189
f 3188 3193 3194
f 3181 3191 3189
f 3179 3189 3186
f 3189 3179 3180
f 3178 3179 3186
f 3186 3166 3187
f 3181 3189 3180
f 3182 3183 3190
f 3182 3191 3181
f 3137 3183 3136
f 3183 3137 3190
f 3177 3178 3186
f 3562 3561 3239
f 3562 3563 3564
f 3562 3239 3240
f 3210 3209 3562
f 3240 3210 3562
f 3211 3240 3241
f 3212 3241 3242
f 3243 3212 3242
f 3244 3213 3243
f 3215 3244 3245
f 3216 3245 3246
f 3247 3216 3246
f 3218 3247 3248
f 3249 3218 3248
f 3220 3249 3250
f 3221 3250 3251
f 3222 3251 3252
f 3253 3222 3252
f 3254 3223 3253
f 3225 3254 3255
f 3226 3255 3256
f 3257 3226 3256
f 3228 3257 3258
f 3229 3258 3259
f 3260 3229 3259
f 3231 3260 3261
f 3232 3261 3262
f 3233 3262 3263
f 3264 3233 3263
f 3235 3264 3265
f 3236 3265 3266
f 3267 3236 3266
f 3268 3237 3267
f 3565 3269 3270
f 3240 3239 3565
f 3270 3240 3565
f 3241 3270 3271
f 3272 3241 3271
f 3273 3242 3272
f 3244 3273 3274
f 3245 3274 3275
f 3276 3245 3275
f 3277 3246 3276
f 3248 3277 3278
f 3249 3278 3279
f 3250 3279 3280
f 3281 3250 3280
f 3282 3251 3281
f 3283 3252 3282
f 3254 3283 3284
f 3255 3284 3285
f 3287 3257 3286
f 3288 3258 3287
f 3289 3259 3288
f 3290 3260 3289
f 3291 3261 3290
f 3263 3291 3292
f 3293 3263 3292
f 3294 3264 3293
f 3266 3294 3295
f 3267 3295 3296
f 3297 3267 3296
f 3298 3270 3269
f 3271 3298 3299
f 3300 3271 3299
f 3273 3300 3301
f 3274 3301 3302
f 3275 3302 3303
f 3304 3275 3303
f 3305 3276 3304
f 3306 3277 3305
f 3307 3278 3306
f 3280 3307 3308
f 3281 3308 3309
f 3282 3309 3310
f 3311 3282 3310
f 3312 3283 3311
f 3288 3313 3314
f 3315 3288 3314
f 3290 3315 3316
f 3291 3316 3317
f 3292 3317 3318
f 3319 3292 3318
f 3294 3319 3320
f 3321 3294 3320
f 3322 3295 3321
f 3323 3296 3322
f 3324 3569 3566
f 3567 3568 3569
f 3567 3324 3325
f 3299 3298 3567
f 3325 3299 3567
f 3326 3299 3325
f 3301 3326 3327
f 3302 3327 3328
f 3303 3328 3329
f 3330 3303 3329
f 3331 3304 3330
f 3332 3305 3331
f 3307 3332 3333
f 3334 3307 3333
f 3335 3308 3334
f 3336 3309 3335
f 3337 3310 3336
f 3312 3337 3338
f 3343 3313 3342
f 3315 3343 3344
f 3345 3315 3344
f 3346 3316 3345
f 3347 3317 3346
f 3319 3347 3348
f 3320 3348 3349
f 3321 3349 3350
f 3322 3350 3351
f 3352 3322 3351
f 3353 3572 3570
f 3571 3566 3572
f 3571 3353 3354
f 3325 3324 3571
f 3354 3325 3571
f 3326 3354 3355
f 3327 3355 3356
f 3357 3327 3356
f 3329 3357 3358
f 3330 3358 3359
f 3360 3330 3359
f 3361 3331 3360
f 3333 3361 3362
f 3334 3362 3363
f 3335 3363 3364
f 3365 3335 3364
f 3366 3336 3365
f 3338 3366 3367
f 3368 3338 3367
f 3597 3339 3368
f 3369 3340 3597
f 3368 3369 3597
f 3598 3340 3369
f 3370 3341 3598
f 3369 3370 3598
f 3371 3341 3370
f 3343 3371 3372
f 3344 3372 3373
f 3374 3344 3373
f 3346 3374 3375
f 3347 3375 3376
f 3348 3376 3377
f 3349 3377 3378
f 3379 3349 3378
f 3351 3379 3380
f 3352 3380 3381
f 3382 3575 3573
f 3574 3570 3575
f 3574 3382 3383
f 3354 3353 3574
f 3383 3354 3574
f 3384 3354 3383
f 3356 3384 3385
f 3386 3356 3385
f 3358 3386 3387
f 3359 3387 3388
f 3360 3388 3389
f 3390 3360 3389
f 3362 3390 3391
f 3392 3362 3391
f 3393 3363 3392
f 3394 3364 3393
f 3366 3394 3395
f 3367 3395 3396
f 3368 3396 3397
f 3398 3368 3397
f 3399 3369 3398
f 3400 3370 3399
f 3401 3371 3400
f 3402 3372 3401
f 3403 3373 3402
f 3375 3403 3404
f 3405 3375 3404
f 3406 3376 3405
f 3407 3377 3406
f 3379 3407 3408
f 3380 3408 3409
f 3410 3380 3409
f 3576 3573 3577
f 3530 3504 3505
f 3502 3209 3210
f 3503 3563 3209
f 3501 3210 3211
f 3500 3212 3499
f 3500 3211 3212
f 3530 3531 3504
f 3532 3533 3504
f 3533 3563 3504
f 3534 3563 3533
f 3532 3504 3531
f 3213 3499 3212
f 3498 3214 3497
f 3495 3215 3216
f 3497 3215 3496
f 3494 3217 3493
f 3492 3219 3491
f 3493 3218 3492
f 3494 3216 3217
f 3491 3220 3529
f 3528 3220 3221
f 3528 3221 3527
f 3526 3223 3525
f 3525 3224 3524
f 3222 3526 3527
f 3563 3535 3564
f 3564 3536 3537
f 3564 3535 3536
f 3561 3564 3537
f 3561 3538 3539
f 3561 3537 3538
f 3539 3239 3561
f 3540 3565 3539
f 3541 3542 3269
f 3541 3565 3540
f 3544 3269 3543
f 3546 3568 3545
f 3545 3568 3544
f 3543 3269 3542
f 3547 3568 3546
f 3527 3221 3222
f 3539 3565 3239
f 3568 3269 3544
f 3269 3565 3541
f 3269 3568 3298
f 3523 3224 3225
f 3285 3312 3339
f 3568 3547 3569
f 3569 3547 3548
f 3535 3563 3534
f 3339 3312 3338
f 3522 3225 3226
f 3227 3520 3521
f 3521 3522 3226
f 3519 3229 3518
f 3516 3230 3231
f 3517 3229 3230
f 3520 3228 3519
f 3226 3227 3521
f 3516 3231 3515
f 3232 3515 3231
f 3514 3233 3513
f 3511 3234 3235
f 3513 3234 3512
f 3236 3509 3510
f 3508 3238 3507
f 3508 3509 3237
f 3510 3235 3236
f 3426 3506 3507
f 3425 3426 3238
f 3238 3426 3507
f 3509 3236 3237
f 3285 3586 3587
f 3285 3585 3586
f 3585 3285 3584
f 3255 3285 3256
f 3286 3285 3587
f 3286 3587 3588
f 3286 3256 3285
f 3588 3589 3286
f 3312 3285 3284
f 3582 3583 3339
f 3285 3339 3583
f 3592 3286 3591
f 3313 3286 3341
f 3339 3580 3581
f 3590 3286 3589
f 3297 3422 3268
f 3268 3424 3238
f 3422 3423 3268
f 3425 3238 3424
f 3286 3313 3287
f 3591 3286 3590
f 3592 3341 3286
f 3341 3593 3594
f 3341 3592 3593
f 3421 3297 3420
f 3323 3420 3297
f 3418 3419 3323
f 3352 3418 3323
f 3583 3584 3285
f 3569 3549 3566
f 3566 3550 3551
f 3566 3549 3550
f 3572 3566 3551
f 3570 3572 3552
f 3572 3551 3552
f 3553 3570 3552
f 3575 3554 3555
f 3573 3575 3556
f 3575 3555 3556
f 3575 3570 3554
f 3558 3573 3557
f 3557 3573 3556
f 3559 3577 3558
f 3553 3554 3570
f 3383 3432 3384
f 3383 3382 3576
f 3385 3436 3386
f 3387 3440 3388
f 3438 3387 3386
f 3434 3385 3384
f 3389 3445 3390
f 3389 3388 3443
f 3428 3576 3577
f 3447 3391 3390
f 3391 3449 3392
f 3393 3453 3394
f 3394 3455 3395
f 3451 3393 3392
f 3383 3576 3430
f 3577 3573 3558
f 3577 3559 3560
f 3428 3560 3427
f 3428 3429 3576
f 3576 3429 3430
f 3430 3431 3383
f 3433 3384 3432
f 3432 3383 3431
f 3384 3433 3434
f 3434 3435 3385
f 3437 3386 3436
f 3437 3438 3386
f 3439 3440 3387
f 3440 3441 3388
f 3387 3438 3439
f 3435 3436 3385
f 3388 3441 3442
f 3443 3444 3389
f 3390 3445 3446
f 3443 3388 3442
f 3447 3390 3446
f 3449 3391 3448
f 3448 3391 3447
f 3389 3444 3445
f 3393 3451 3452
f 3453 3393 3452
f 3394 3453 3454
f 3455 3394 3454
f 3457 3458 3395
f 3395 3456 3457
f 3455 3456 3395
f 3451 3392 3450
f 3450 3392 3449
f 3577 3560 3428
f 3396 3395 3458
f 3579 3580 3339
f 3579 3339 3597
f 3578 3579 3597
f 3596 3598 3595
f 3596 3578 3340
f 3597 3340 3578
f 3340 3598 3596
f 3339 3581 3582
f 3462 3398 3397
f 3397 3396 3460
f 3313 3341 3342
f 3467 3400 3399
f 3399 3398 3464
f 3595 3598 3341
f 3352 3416 3417
f 3410 3414 3381
f 3381 3416 3352
f 3414 3415 3381
f 3473 3403 3402
f 3477 3405 3404
f 3404 3403 3475
f 3481 3407 3406
f 3486 3409 3408
f 3488 3410 3409
f 3408 3407 3483
f 3406 3405 3479
f 3402 3401 3471
f 3412 3413 3410
f 3401 3400 3469
f 3594 3595 3341
f 3397 3460 3461
f 3462 3463 3398
f 3397 3461 3462
f 3399 3464 3465
f 3465 3466 3399
f 3463 3464 3398
f 3399 3466 3467
f 3400 3468 3469
f 3401 3470 3471
f 3468 3400 3467
f 3471 3472 3402
f 3403 3474 3475
f 3473 3474 3403
f 3404 3475 3476
f 3470 3401 3469
f 3472 3473 3402
f 3477 3478 3405
f 3478 3479 3405
f 3406 3479 3480
f 3407 3481 3482
f 3481 3406 3480
f 3482 3483 3407
f 3408 3483 3484
f 3477 3404 3476
f 3485 3486 3408
f 3487 3488 3409
f 3409 3486 3487
f 3489 3490 3410
f 3412 3490 3411
f 3490 3412 3410
f 3410 3488 3489
f 3408 3484 3485
f 3459 3460 3396
f 3459 3396 3458
f 3549 3569 3548
f 3601 3603 3604
f 3605 3601 3604
f 3607 3603 3606
f 3608 3604 3607
f 3610 3606 3609
f 3608 3610 3611
f 3610 3612 3613
f 3614 3610 3613
f 3613 3615 3616
f 3617 3613 3616
f 3616 3618 3619
f 3617 3619 3620
f 3622 3618 3621
f 3623 3619 3622
f 3625 3621 3624
f 3623 3625 3626
f 3628 3624 3627
f 3629 3625 3628
f 3628 3630 3631
f 3629 3631 3632
f 3631 3633 3634
f 3632 3634 3635
f 3637 3633 3636
f 3638 3634 3637
f 3637 3639 3640
f 3638 3640 3641
f 3643 3639 3642
f 3641 3643 3644
f 3650 3692 3649
f 3651 3603 3600
f 3603 3652 3653
f 3600 3650 3651
f 3609 3654 3655
f 3653 3606 3603
f 3653 3654 3606
f 3600 3692 3650
f 3612 3656 3657
f 3615 3658 3659
f 3618 3659 3660
f 3657 3615 3612
f 3609 3656 3612
f 3615 3659 3618
f 3621 3660 3661
f 3692 3601 3691
f 3602 3688 3689
f 3602 3691 3601
f 3689 3599 3690
f 3602 3689 3690
f 3687 3605 3608
f 3608 3686 3687
f 3614 3684 3685
f 3620 3683 3617
f 3611 3685 3686
f 3617 3683 3684
f 3623 3682 3620
f 3624 3662 3663
f 3627 3664 3665
f 3630 3665 3666
f 3663 3627 3624
f 3621 3662 3624
f 3627 3665 3630
f 3666 3633 3630
f 3636 3668 3669
f 3639 3670 3671
f 3642 3671 3672
f 3669 3639 3636
f 3633 3668 3636
f 3639 3671 3642
f 3645 3646 3672
f 3672 3646 3642
f 3626 3681 3623
f 3632 3679 3629
f 3635 3678 3632
f 3629 3680 3626
f 3638 3677 3635
f 3641 3676 3638
f 3646 3643 3642
f 3644 3647 3648
f 3675 3644 3674
f 3674 3648 3673
f 3644 3648 3674
f 3694 3695 3696
f 3697 3698 3695
f 3696 3698 3699
f 3701 3697 3700
f 3699 3701 3702
f 3704 3700 3703
f 3702 3704 3705
f 3704 3706 3707
f 3705 3707 3708
f 3710 3706 3709
f 3711 3707 3710
f 3713 3709 3712
f 3711 3713 3714
f 3716 3712 3715
f 3717 3713 3716
f 3716 3718 3719
f 3720 3716 3719
f 3722 3718 3721
f 3723 3719 3722
f 3772 3695 3693
f 3771 3772 3693
f 3695 3772 3773
f 3769 3737 3768
f 3694 3770 3771
f 3693 3694 3771
f 3769 3770 3694
f 3694 3737 3769
f 3695 3773 3774
f 3742 3697 3775
f 3743 3697 3742
f 3744 3697 3743
f 3695 3774 3697
f 3699 3735 3696
f 3700 3744 3745
f 3775 3697 3774
f 3694 3736 3737
f 3741 3762 3763
f 3740 3764 3765
f 3740 3763 3764
f 3761 3725 3760
f 3761 3762 3741
f 3740 3741 3763
f 3725 3761 3741
f 3740 3765 3739
f 3765 3766 3739
f 3767 3739 3766
f 3738 3767 3768
f 3702 3734 3699
f 3739 3767 3738
f 3737 3738 3768
f 3736 3696 3735
f 3705 3733 3702
f 3703 3745 3746
f 3706 3747 3748
f 3747 3703 3746
f 3712 3749 3750
f 3748 3709 3706
f 3748 3749 3709
f 3715 3751 3752
f 3718 3753 3754
f 3721 3754 3755
f 3752 3718 3715
f 3712 3751 3715
f 3718 3754 3721
f 3756 3757 3755
f 3755 3757 3721
f 3708 3732 3705
f 3714 3730 3711
f 3711 3731 3708
f 3729 3717 3728
f 3723 3758 3759
f 3757 3722 3721
f 3723 3727 3720
f 3728 3720 3727
f 3724 3726 3759
f 3723 3759 3726
f 3745 3703 3700
f 3794 3793 3776
f 3777 3780 3781
f 3778 3781 3782
f 3779 3782 3783
f 3781 3784 3785
f 3782 3785 3786
f 3783 3786 3787
f 3785 3788 3789
f 3786 3789 3790
f 3787 3790 3791
f 3804 3835 3803
f 3795 3834 3835
f 3794 3832 3833
f 3831 3777 3830
f 3831 3832 3794
f 3833 3834 3794
f 3805 3795 3804
f 3806 3793 3805
f 3795 3794 3834
f 3780 3776 3793
f 3793 3795 3805
f 3777 3831 3794
f 3793 3806 3807
f 3804 3795 3835
f 3794 3776 3777
f 3777 3828 3829
f 3778 3827 3828
f 3778 3825 3826
f 3779 3823 3824
f 3824 3825 3779
f 3826 3827 3778
f 3778 3779 3825
f 3823 3779 3822
f 3779 3821 3822
f 3820 3802 3819
f 3802 3820 3821
f 3779 3802 3821
f 3777 3778 3828
f 3777 3829 3830
f 3784 3780 3811
f 3780 3810 3811
f 3793 3808 3780
f 3808 3809 3780
f 3810 3780 3809
f 3812 3784 3811
f 3818 3788 3817
f 3817 3788 3816
f 3813 3784 3812
f 3788 3814 3815
f 3816 3788 3815
f 3814 3784 3813
f 3796 3797 3818
f 3783 3802 3779
f 3814 3788 3784
f 3801 3802 3783
f 3801 3791 3800
f 3801 3783 3787
f 3797 3789 3788
f 3790 3789 3798
f 3790 3799 3791
f 3791 3799 3792
f 3800 3791 3792
f 3797 3788 3818
f 3793 3807 3808
f 3848 3837 3838
f 3849 3838 3839
f 3850 3839 3840
f 3851 3840 3841
f 3852 3841 3842
f 3853 3842 3843
f 3854 3843 3844
f 3855 3844 3845
f 3856 3845 3846
f 3858 3847 3848
f 3859 3848 3849
f 3860 3849 3850
f 3861 3850 3851
f 3862 3851 3852
f 3863 3852 3853
f 3864 3853 3854
f 3865 3854 3855
f 3866 3855 3856
f 3868 3857 3858
f 3869 3858 3859
f 3870 3859 3860
f 3871 3860 3861
f 3872 3861 3862
f 3873 3862 3863
f 3874 3863 3864
f 3875 3864 3865
f 3876 3865 3866
f 3878 3867 3868
f 3879 3868 3869
f 3880 3869 3870
f 3881 3870 3871
f 3882 3871 3872
f 3883 3872 3873
f 3884 3873 3874
f 3885 3874 3875
f 3886 3875 3876
f 3888 3877 3878
f 3889 3878 3879
f 3890 3879 3880
f 3891 3880 3881
f 3892 3881 3882
f 3893 3882 3883
f 3894 3883 3884
f 3895 3884 3885
f 3896 3885 3886
f 3898 3887 3888
f 3899 3888 3889
f 3900 3889 3890
f 3901 3890 3891
f 3902 3891 3892
f 3903 3892 3893
f 3904 3893 3894
f 3905 3894 3895
f 3906 3895 3896
f 3908 3897 3898
f 3909 3898 3899
f 3910 3899 3900
f 3911 3900 3901
f 3912 3901 3902
f 3913 3902 3903
f 3914 3903 3904
f 3915 3904 3905
f 3916 3905 3906
f 3918 3907 3908
f 3919 3908 3909
f 3920 3909 3910
f 3921 3910 3911
f 3922 3911 3912
f 3923 3912 3913
f 3924 3913 3914
f 3925 3914 3915
f 3926 3915 3916
f 3928 3917 3918
f 3929 3918 3919
f 3930 3919 3920
f 3931 3920 3921
f 3932 3921 3922
f 3933 3922 3923
f 3934 3923 3924
f 3935 3924 3925
f 3936 3925 3926
f 3938 3927 3928
f 3939 3928 3929
f 3940 3929 3930
f 3941 3930 3931
f 3942 3931 3932
f 3943 3932 3933
f 3944 3933 3934
f 3945 3934 3935
f 3946 3935 3936
f 3948 3937 3938
f 3949 3938 3939
f 3950 3939 3940
f 3951 3940 3941
f 3952 3941 3942
f 3953 3942 3943
f 3954 3943 3944
f 3955 3944 3945
f 3956 3945 3946
f 3958 3947 3948
f 3959 3948 3949
f 3960 3949 3950
f 3961 3950 3951
f 3962 3951 3952
f 3963 3952 3953
f 3964 3953 3954
f 3965 3954 3955
f 3966 3955 3956
f 3968 3957 3958
f 3969 3958 3959
f 3970 3959 3960
f 3971 3960 3961
f 3972 3961 3962
f 3973 3962 3963
f 3974 3963 3964
f 3975 3964 3965
f 3976 3965 3966
f 3978 3967 3968
f 3979 3968 3969
f 3980 3969 3970
f 3981 3970 3971
f 3982 3971 3972
f 3983 3972 3973
f 3984 3973 3974
f 3985 3974 3975
f 3986 3975 3976
f 4080 3986 4078
f 4067 4019 3836
f 4067 4066 3837
f 3837 4019 4067
f 3837 4021 4020
f 4066 3838 3837
f 4020 4019 3837
f 3839 4065 4064
f 3840 4063 4062
f 4063 3839 4064
f 3841 4062 4061
f 4060 3841 4061
f 4060 3842 3841
f 3839 4063 3840
f 3847 4021 3837
f 3847 4023 4022
f 3857 4025 4024
f 3857 4024 4023
f 3867 4027 4026
f 3877 4029 4028
f 3887 4030 4029
f 3877 4028 4027
f 3867 4026 4025
f 3857 4023 3847
f 3877 4027 3867
f 3857 3867 4025
f 3897 4032 4031
f 3897 4030 3887
f 4033 4032 3897
f 4029 3877 3887
f 3843 4059 4058
f 3844 4057 4056
f 4057 3843 4058
f 3843 4057 3844
f 4056 3845 3844
f 3846 4054 4053
f 4018 4052 4051
f 4052 4018 4053
f 4053 4018 3846
f 3846 4015 3856
f 3846 4018 4017
f 3846 4017 4016
f 4055 3846 3845
f 3856 4014 3866
f 4014 4013 3866
f 3866 4012 3876
f 3886 4008 3896
f 3876 4010 3886
f 4006 3906 3896
f 3876 4012 4011
f 3886 4010 4009
f 3896 4008 4007
f 3906 4005 4004
f 4006 3896 4007
f 4004 3916 3906
f 4033 3897 3907
f 3907 4035 4034
f 3917 4037 4036
f 3917 4036 4035
f 3927 4039 4038
f 3937 4041 4040
f 3937 4040 4039
f 3927 4038 4037
f 3917 4035 3907
f 3937 4039 3927
f 3917 3927 4037
f 3947 4043 4042
f 3957 4043 3947
f 4045 4044 3957
f 4041 3937 3947
f 3947 4042 4041
f 3967 4046 4045
f 3977 4047 3967
f 4046 3967 4047
f 3977 4049 4048
f 3977 4068 4049
f 4050 4049 4068
f 4069 4068 3977
f 4070 3978 3979
f 4071 3980 3981
f 3980 4071 3979
f 4070 3979 4071
f 3982 4072 3981
f 4072 4071 3981
f 4073 4072 3982
f 4069 3978 4070
f 4069 3977 3978
f 4045 3957 3967
f 3916 4002 3926
f 4002 4001 3926
f 3926 4000 3936
f 3946 3996 3956
f 3936 3998 3946
f 3994 3966 3956
f 3936 4000 3999
f 3946 3998 3997
f 3956 3996 3995
f 3966 3993 3992
f 3994 3956 3995
f 3992 3976 3966
f 4073 3983 3984
f 3985 4074 3984
f 4074 3985 4075
f 3986 4079 3985
f 4079 4075 3985
f 4076 4075 4079
f 4073 3984 4074
f 4073 3982 3983
f 4078 3986 3976
f 3991 3990 3976
f 4078 3976 3990
f 4078 3990 3989
f 3988 4078 3989
f 4077 4076 4080
f 3987 4077 3988
f 4080 3988 4077
f 4080 4076 4079
f 3907 4034 4033
f 4098 4099 4081
f 4085 4082 4086
f 4086 4083 4087
f 4087 4084 4088
f 4089 4086 4090
f 4090 4087 4091
f 4091 4088 4092
f 4093 4090 4094
f 4094 4091 4095
f 4095 4092 4096
f 4137 4099 4138
f 4138 4100 4139
f 4099 4137 4136
f 4099 4136 4135
f 4110 4109 4139
f 4098 4112 4111
f 4100 4111 4110
f 4100 4138 4099
f 4085 4098 4081
f 4098 4111 4100
f 4082 4099 4135
f 4098 4113 4112
f 4110 4139 4100
f 4081 4099 4082
f 4082 4134 4133
f 4083 4132 4131
f 4083 4131 4130
f 4129 4128 4084
f 4083 4130 4129
f 4082 4133 4132
f 4083 4129 4084
f 4128 4127 4084
f 4126 4084 4127
f 4084 4126 4125
f 4125 4108 4107
f 4107 4084 4125
f 4082 4132 4083
f 4082 4135 4134
f 4117 4116 4085
f 4117 4085 4089
f 4098 4085 4114
f 4114 4085 4115
f 4116 4115 4085
f 4118 4117 4089
f 4124 4123 4093
f 4093 4123 4122
f 4122 4121 4093
f 4093 4121 4120
f 4120 4119 4089
f 4118 4089 4119
f 4101 4124 4102
f 4088 4084 4107
f 4120 4089 4093
f 4106 4088 4107
f 4106 4105 4092
f 4092 4105 4096
f 4106 4092 4088
f 4102 4094 4103
f 4095 4103 4094
f 4104 4095 4096
f 4096 4097 4104
f 4105 4097 4096
f 4102 4124 4093
f 4098 4114 4113
f 4152 4140 4151
f 4153 4141 4152
f 4154 4142 4153
f 4155 4143 4154
f 4156 4144 4155
f 4157 4145 4156
f 4158 4146 4157
f 4159 4147 4158
f 4160 4148 4159
f 4161 4149 4160
f 4163 4151 4162
f 4164 4152 4163
f 4165 4153 4164
f 4166 4154 4165
f 4167 4155 4166
f 4168 4156 4167
f 4169 4157 4168
f 4170 4158 4169
f 4171 4159 4170
f 4172 4160 4171
f 4174 4162 4173
f 4175 4163 4174
f 4176 4164 4175
f 4177 4165 4176
f 4178 4166 4177
f 4179 4167 4178
f 4180 4168 4179
f 4181 4169 4180
f 4182 4170 4181
f 4183 4171 4182
f 4185 4173 4184
f 4186 4174 4185
f 4187 4175 4186
f 4188 4176 4187
f 4189 4177 4188
f 4190 4178 4189
f 4191 4179 4190
f 4192 4180 4191
f 4193 4181 4192
f 4194 4182 4193
f 4196 4184 4195
f 4197 4185 4196
f 4198 4186 4197
f 4199 4187 4198
f 4200 4188 4199
f 4201 4189 4200
f 4202 4190 4201
f 4203 4191 4202
f 4204 4192 4203
f 4205 4193 4204
f 4207 4195 4206
f 4208 4196 4207
f 4209 4197 4208
f 4210 4198 4209
f 4211 4199 4210
f 4212 4200 4211
f 4213 4201 4212
f 4214 4202 4213
f 4215 4203 4214
f 4216 4204 4215
f 4218 4206 4217
f 4219 4207 4218
f 4220 4208 4219
f 4221 4209 4220
f 4222 4210 4221
f 4223 4211 4222
f 4224 4212 4223
f 4225 4213 4224
f 4226 4214 4225
f 4227 4215 4226
f 4229 4217 4228
f 4230 4218 4229
f 4231 4219 4230
f 4232 4220 4231
f 4233 4221 4232
f 4234 4222 4233
f 4235 4223 4234
f 4236 4224 4235
f 4237 4225 4236
f 4238 4226 4237
f 4240 4228 4239
f 4241 4229 4240
f 4242 4230 4241
f 4243 4231 4242
f 4244 4232 4243
f 4245 4233 4244
f 4246 4234 4245
f 4247 4235 4246
f 4248 4236 4247
f 4249 4237 4248
f 4251 4239 4250
f 4252 4240 4251
f 4253 4241 4252
f 4254 4242 4253
f 4255 4243 4254
f 4256 4244 4255
f 4257 4245 4256
f 4258 4246 4257
f 4259 4247 4258
f 4260 4248 4259
f 4262 4250 4261
f 4263 4251 4262
f 4264 4252 4263
f 4265 4253 4264
f 4266 4254 4265
f 4267 4255 4266
f 4268 4256 4267
f 4269 4257 4268
f 4270 4258 4269
f 4271 4259 4270
f 4273 4261 4272
f 4274 4262 4273
f 4275 4263 4274
f 4276 4264 4275
f 4277 4265 4276
f 4278 4266 4277
f 4279 4267 4278
f 4280 4268 4279
f 4281 4269 4280
f 4282 4270 4281
f 4284 4272 4283
f 4285 4273 4284
f 4286 4274 4285
f 4287 4275 4286
f 4288 4276 4287
f 4289 4277 4288
f 4290 4278 4289
f 4291 4279 4290
f 4292 4280 4291
f 4293 4281 4292
f 4295 4283 4294
f 4296 4284 4295
f 4297 4285 4296
f 4298 4286 4297
f 4299 4287 4298
f 4300 4288 4299
f 4301 4289 4300
f 4302 4290 4301
f 4303 4291 4302
f 4304 4292 4303
f 4306 4294 4305
f 4307 4295 4306
f 4308 4296 4307
f 4309 4297 4308
f 4310 4298 4309
f 4311 4299 4310
f 4312 4300 4311
f 4313 4301 4312
f 4314 4302 4313
f 4315 4303 4314
f 4409 4315 4408
f 4363 4364 4365
f 4363 4140 4362
f 4140 4363 4365
f 4140 4366 4367
f 4367 4151 4140
f 4362 4140 4141
f 4151 4367 4368
f 4365 4366 4140
f 4361 4362 4141
f 4143 4358 4359
f 4358 4144 4357
f 4360 4142 4359
f 4359 4142 4143
f 4141 4142 4361
f 4143 4144 4358
f 4144 4145 4357
f 4360 4361 4142
f 4356 4357 4145
f 4162 4368 4369
f 4162 4370 4371
f 4162 4369 4370
f 4372 4184 4173
f 4195 4374 4375
f 4195 4375 4376
f 4184 4373 4374
f 4173 4371 4372
f 4173 4162 4371
f 4195 4184 4374
f 4206 4377 4378
f 4217 4378 4379
f 4380 4217 4379
f 4206 4376 4377
f 4148 4352 4353
f 4148 4351 4352
f 4147 4353 4354
f 4355 4356 4145
f 4146 4147 4354
f 4147 4148 4353
f 4145 4146 4355
f 4146 4354 4355
f 4149 4351 4148
f 4150 4347 4349
f 4349 4347 4348
f 4150 4349 4350
f 4350 4149 4150
f 4346 4150 4345
f 4161 4345 4150
f 4344 4345 4161
f 4347 4150 4346
f 4149 4350 4351
f 4344 4161 4343
f 4172 4343 4161
f 4172 4342 4343
f 4341 4342 4172
f 4183 4341 4172
f 4205 4338 4194
f 4216 4336 4205
f 4194 4340 4183
f 4227 4334 4216
f 4183 4340 4341
f 4194 4338 4339
f 4339 4340 4194
f 4338 4205 4337
f 4216 4335 4336
f 4227 4333 4334
f 4337 4205 4336
f 4216 4334 4335
f 4333 4227 4332
f 4228 4380 4381
f 4239 4382 4383
f 4228 4381 4382
f 4250 4384 4385
f 4261 4386 4387
f 4387 4272 4261
f 4250 4385 4386
f 4239 4383 4384
f 4239 4228 4382
f 4261 4250 4386
f 4239 4384 4250
f 4283 4389 4390
f 4272 4389 4283
f 4391 4283 4390
f 4294 4391 4392
f 4272 4388 4389
f 4294 4392 4393
f 4394 4305 4393
f 4294 4393 4305
f 4397 4395 4396
f 4398 4305 4397
f 4395 4397 4305
f 4394 4395 4305
f 4398 4306 4305
f 4306 4399 4307
f 4400 4309 4308
f 4308 4307 4399
f 4401 4309 4400
f 4311 4310 4401
f 4402 4311 4401
f 4399 4400 4308
f 4331 4332 4238
f 4238 4332 4227
f 4238 4330 4331
f 4330 4238 4249
f 4329 4330 4249
f 4271 4326 4260
f 4282 4324 4271
f 4260 4328 4249
f 4293 4323 4282
f 4328 4329 4249
f 4326 4327 4260
f 4260 4327 4328
f 4324 4325 4271
f 4323 4293 4322
f 4324 4282 4323
f 4271 4325 4326
f 4293 4321 4322
f 4321 4293 4304
f 4312 4403 4313
f 4314 4313 4403
f 4403 4404 4314
f 4315 4314 4408
f 4408 4314 4404
f 4405 4408 4404
f 4407 4304 4315
f 4320 4304 4319
f 4407 4319 4304
f 4407 4318 4319
f 4318 4407 4317
f 4406 4409 4405
f 4316 4317 4406
f 4409 4406 4317
f 4407 4409 4317
f 4409 4408 4405
f 4321 4304 4320
f 4312 4311 4402
f 4228 4217 4380
f 4457 4431 4430
f 4425 4457 4426
f 4429 4457 4430
f 4428 4457 4429
f 4458 4410 4457
f 4457 4410 4426
f 4457 4428 4458
f 4459 4431 4457
f 4433 4432 4459
f 4459 4460 4434
f 4459 4457 4425
f 4424 4459 4425
f 4459 4424 4423
f 4459 4434 4433
f 4459 4423 4460
f 4432 4431 4459
f 4456 4458 4427
f 4428 4427 4458
f 4455 4458 4456
f 4461 4455 4454
f 4454 4453 4461
f 4461 4453 4462
f 4461 4458 4455
f 4411 4458 4461
f 4461 4462 4412
f 4462 4414 4413
f 4462 4413 4412
f 4451 4462 4452
f 4462 4453 4452
f 4462 4463 4414
f 4462 4451 4450
f 4462 4450 4463
f 4412 4411 4461
f 4458 4411 4410
f 4460 4436 4435
f 4464 4436 4460
f 4423 4422 4460
f 4464 4422 4421
f 4420 4465 4421
f 4464 4421 4465
f 4464 4460 4422
f 4464 4437 4436
f 4464 4465 4438
f 4440 4439 4465
f 4438 4465 4439
f 4420 4419 4465
f 4441 4466 4442
f 4440 4465 4441
f 4466 4441 4465
f 4419 4466 4465
f 4438 4437 4464
f 4467 4416 4468
f 4468 4416 4415
f 4448 4463 4449
f 4463 4450 4449
f 4447 4468 4448
f 4463 4448 4468
f 4468 4415 4463
f 4467 4417 4416
f 4463 4415 4414
f 4467 4466 4417
f 4419 4418 4466
f 4466 4444 4443
f 4443 4442 4466
f 4444 4466 4467
f 4446 4468 4447
f 4446 4445 4467
f 4444 4467 4445
f 4468 4446 4467
f 4466 4418 4417
f 4460 4435 4434
f 4551 4552 4522
f 4554 4521 4552
f 4555 4556 4519
f 4557 4522 4556
f 4558 4559 4520
f 4560 4519 4559
f 4562 4518 4561
f 4520 4562 4558
f 4564 4518 4563
f 4566 4565 4567
f 4568 4569 4515
f 4571 4517 4569
f 4572 4573 4516
f 4574 4515 4573
f 4575 4576 4513
f 4577 4516 4576
f 4578 4579 4514
f 4580 4513 4579
f 4581 4582 4511
f 4583 4514 4582
f 4584 4585 4512
f 4586 4511 4585
f 4587 4588 4506
f 4589 4512 4588
f 4509 4508 4510
f 4496 4510 4503
f 4590 4591 4507
f 4592 4506 4591
f 4593 4509 4496
f 4594 4507 4509
f 4500 4499 4501
f 4495 4501 4498
f 4504 4503 4505
f 4497 4505 4499
f 4595 4504 4497
f 4596 4496 4504
f 4597 4500 4495
f 4598 4497 4500
f 4599 4600 4502
f 4601 4495 4600
f 4602 4603 4493
f 4604 4502 4603
f 4605 4606 4494
f 4607 4493 4606
f 4608 4609 4492
f 4610 4494 4609
f 4554 4469 4553
f 4557 4524 4523
f 4554 4523 4469
f 4560 4525 4524
f 4527 4526 4564
f 4562 4526 4525
f 4527 4564 4488
f 4557 4523 4551
f 4526 4561 4564
f 4562 4525 4558
f 4560 4524 4555
f 4528 4527 4488
f 4487 4530 4529
f 4532 4531 4485
f 4531 4530 4486
f 4534 4533 4483
f 4536 4535 4482
f 4535 4534 4482
f 4533 4532 4484
f 4565 4470 4567
f 4536 4567 4470
f 4517 4570 4565
f 4570 4470 4565
f 4571 4538 4537
f 4538 4568 4574
f 4574 4539 4538
f 4570 4571 4537
f 4487 4529 4528
f 4566 4567 4536
f 4491 4522 4552
f 4488 4564 4563
f 4491 4552 4521
f 4484 4532 4485
f 4488 4487 4528
f 4485 4531 4486
f 4487 4486 4530
f 4490 4519 4556
f 4490 4522 4491
f 4490 4559 4519
f 4556 4522 4490
f 4490 4489 4520
f 4563 4518 4489
f 4562 4520 4489
f 4488 4563 4489
f 4562 4489 4518
f 4559 4490 4520
f 4536 4482 4566
f 4566 4481 4565
f 4517 4565 4481
f 4482 4534 4483
f 4481 4566 4482
f 4577 4575 4540
f 4577 4539 4572
f 4483 4533 4484
f 4480 4515 4569
f 4480 4517 4481
f 4480 4573 4515
f 4569 4517 4480
f 4479 4516 4573
f 4479 4513 4576
f 4579 4513 4479
f 4516 4479 4576
f 4480 4479 4573
f 4540 4539 4577
f 4540 4578 4541
f 4583 4541 4578
f 4541 4581 4542
f 4587 4544 4543
f 4542 4584 4543
f 4590 4545 4544
f 4586 4542 4581
f 4543 4589 4587
f 4544 4592 4590
f 4589 4543 4584
f 4594 4593 4545
f 4595 4546 4596
f 4546 4593 4596
f 4595 4547 4546
f 4545 4593 4546
f 4597 4548 4547
f 4549 4607 4550
f 4548 4604 4549
f 4550 4605 4610
f 4597 4547 4598
f 4550 4607 4605
f 4602 4549 4604
f 4599 4548 4601
f 4610 4471 4550
f 4478 4514 4579
f 4478 4511 4582
f 4478 4582 4514
f 4477 4512 4585
f 4477 4506 4588
f 4477 4588 4512
f 4478 4585 4511
f 4508 4591 4477
f 4477 4585 4478
f 4508 4507 4591
f 4591 4506 4477
f 4476 4510 4508
f 4503 4476 4475
f 4510 4476 4503
f 4505 4503 4475
f 4477 4476 4508
f 4479 4478 4579
f 4498 4600 4495
f 4473 4603 4502
f 4498 4502 4600
f 4471 4610 4608
f 4473 4606 4493
f 4473 4494 4606
f 4473 4493 4603
f 4475 4501 4499
f 4501 4475 4474
f 4474 4498 4501
f 4505 4475 4499
f 4472 4492 4609
f 4473 4502 4474
f 4473 4472 4494
f 4498 4474 4502
f 4472 4609 4494
f 4540 4575 4580
f 4658 4632 4631
f 4626 4658 4627
f 4630 4658 4631
f 4629 4658 4630
f 4659 4611 4658
f 4658 4611 4627
f 4658 4629 4659
f 4660 4632 4658
f 4634 4633 4660
f 4660 4661 4635
f 4660 4658 4626
f 4625 4660 4626
f 4660 4625 4624
f 4660 4635 4634
f 4660 4624 4661
f 4633 4632 4660
f 4657 4659 4628
f 4629 4628 4659
f 4656 4659 4657
f 4662 4656 4655
f 4655 4654 4662
f 4662 4654 4663
f 4662 4659 4656
f 4612 4659 4662
f 4662 4663 4613
f 4663 4615 4614
f 4663 4614 4613
f 4652 4663 4653
f 4663 4654 4653
f 4663 4664 4615
f 4663 4652 4651
f 4663 4651 4664
f 4613 4612 4662
f 4659 4612 4611
f 4661 4637 4636
f 4665 4637 4661
f 4624 4623 4661
f 4665 4623 4622
f 4621 4666 4622
f 4665 4622 4666
f 4665 4661 4623
f 4665 4638 4637
f 4665 4666 4639
f 4641 4640 4666
f 4639 4666 4640
f 4621 4620 4666
f 4642 4667 4643
f 4641 4666 4642
f 4667 4642 4666
f 4620 4667 4666
f 4639 4638 4665
f 4668 4617 4669
f 4669 4617 4616
f 4649 4664 4650
f 4664 4651 4650
f 4648 4669 4649
f 4664 4649 4669
f 4669 4616 4664
f 4668 4618 4617
f 4664 4616 4615
f 4668 4667 4618
f 4620 4619 4667
f 4667 4645 4644
f 4644 4643 4667
f 4645 4667 4668
f 4647 4669 4648
f 4647 4646 4668
f 4645 4668 4646
f 4669 4647 4668
f 4667 4619 4618
f 4635 4661 4636
f 4773 4712 4672
f 4672 4713 4711
f 4776 4743 4673
f 4777 4672 4743
f 4743 4711 4744
f 4673 4744 4740
f 4778 4741 4674
f 4779 4673 4741
f 4741 4740 4742
f 4674 4742 4737
f 4780 4738 4675
f 4781 4674 4738
f 4738 4737 4739
f 4675 4739 4734
f 4782 4735 4676
f 4783 4675 4735
f 4735 4734 4736
f 4676 4736 4731
f 4784 4732 4677
f 4785 4676 4732
f 4732 4731 4733
f 4677 4733 4728
f 4786 4729 4678
f 4787 4677 4729
f 4729 4728 4730
f 4678 4730 4725
f 4788 4726 4680
f 4789 4678 4726
f 4726 4725 4727
f 4680 4727 4722
f 4790 4723 4681
f 4791 4680 4723
f 4723 4722 4724
f 4681 4724 4719
f 4792 4720 4682
f 4793 4681 4720
f 4720 4719 4721
f 4682 4721 4718
f 4794 4795 4683
f 4796 4682 4795
f 4797 4717 4684
f 4798 4683 4717
f 4799 4716 4685
f 4800 4684 4716
f 4801 4715 4686
f 4802 4685 4715
f 4803 4714 4687
f 4804 4686 4714
f 4805 4710 4689
f 4806 4687 4710
f 4670 4775 4745
f 4745 4773 4746
f 4747 4776 4748
f 4749 4778 4750
f 4748 4779 4749
f 4746 4777 4747
f 4774 4712 4775
f 4781 4750 4778
f 4780 4752 4751
f 4783 4753 4752
f 4785 4755 4754
f 4756 4784 4787
f 4782 4754 4753
f 4780 4751 4781
f 4786 4758 4757
f 4789 4679 4758
f 4787 4757 4756
f 4671 4713 4712
f 4708 4744 4711
f 4707 4742 4740
f 4707 4740 4744
f 4708 4711 4713
f 4708 4713 4709
f 4742 4707 4706
f 4707 4744 4708
f 4705 4739 4737
f 4704 4734 4705
f 4739 4705 4734
f 4706 4705 4737
f 4737 4742 4706
f 4704 4731 4736
f 4703 4733 4731
f 4703 4728 4733
f 4704 4703 4731
f 4702 4730 4728
f 4702 4728 4703
f 4702 4701 4730
f 4701 4727 4725
f 4727 4701 4700
f 4722 4727 4700
f 4730 4701 4725
f 4734 4704 4736
f 4759 4790 4760
f 4760 4793 4761
f 4762 4796 4763
f 4764 4798 4765
f 4763 4794 4764
f 4761 4792 4762
f 4791 4679 4788
f 4798 4797 4765
f 4800 4767 4766
f 4799 4768 4767
f 4801 4770 4769
f 4803 4772 4771
f 4804 4771 4770
f 4802 4769 4768
f 4800 4766 4797
f 4806 4688 4772
f 4765 4797 4766
f 4682 4718 4795
f 4717 4683 4696
f 4696 4684 4717
f 4716 4684 4695
f 4697 4683 4795
f 4684 4696 4695
f 4699 4719 4724
f 4721 4719 4698
f 4699 4698 4719
f 4722 4699 4724
f 4718 4697 4795
f 4696 4683 4697
f 4718 4698 4697
f 4721 4698 4718
f 4700 4699 4722
f 4695 4694 4685
f 4694 4715 4685
f 4693 4714 4686
f 4693 4686 4715
f 4694 4693 4715
f 4692 4687 4714
f 4692 4714 4693
f 4692 4691 4687
f 4691 4689 4710
f 4689 4691 4690
f 4687 4691 4710
f 4716 4695 4685
f 4812 4888 4813
f 4807 4813 4887
f 4807 4887 4808
f 4812 4889 4888
f 4813 4888 4887
f 4890 4889 4812
f 4892 4810 4845
f 4810 4892 4811
f 4844 4892 4845
f 4844 4843 4893
f 4892 4891 4811
f 4890 4811 4891
f 4890 4812 4811
f 4894 4842 4841
f 4892 4844 4893
f 4893 4843 4842
f 4841 4840 4894
f 4839 4895 4840
f 4894 4840 4895
f 4893 4842 4894
f 4837 4896 4838
f 4895 4839 4838
f 4897 4896 4836
f 4837 4836 4896
f 4834 4897 4835
f 4836 4835 4897
f 4838 4896 4895
f 4832 4898 4833
f 4834 4833 4898
f 4831 4899 4898
f 4899 4831 4830
f 4830 4829 4899
f 4832 4831 4898
f 4898 4897 4834
f 4827 4900 4828
f 4829 4828 4900
f 4827 4826 4901
f 4901 4826 4825
f 4825 4902 4901
f 4900 4827 4901
f 4900 4899 4829
f 4823 4902 4824
f 4825 4824 4902
f 4903 4902 4823
f 4821 4903 4822
f 4905 4904 4818
f 4820 4904 4903
f 4823 4822 4903
f 4904 4820 4819
f 4904 4819 4818
f 4820 4903 4821
f 4816 4905 4817
f 4905 4816 4815
f 4817 4905 4818
f 4906 4815 4814
f 4905 4815 4906
f 4850 4919 4918
f 4852 4918 4917
f 4918 4851 4850
f 4920 4919 4848
f 4851 4918 4852
f 4849 4919 4850
f 4853 4852 4917
f 4856 4915 4857
f 4916 4915 4856
f 4858 4857 4915
f 4854 4916 4855
f 4855 4916 4856
f 4854 4917 4916
f 4854 4853 4917
f 4879 4886 4885
f 4880 4885 4884
f 4886 4879 4878
f 4879 4885 4880
f 4878 4809 4886
f 4883 4880 4884
f 4849 4848 4919
f 4882 4920 4881
f 4848 4847 4920
f 4881 4920 4846
f 4880 4883 4881
f 4847 4846 4920
f 4881 4883 4882
f 4908 4907 4874
f 4907 4906 4877
f 4869 4910 4909
f 4909 4870 4869
f 4869 4868 4910
f 4872 4909 4908
f 4871 4870 4909
f 4877 4876 4907
f 4876 4875 4907
f 4874 4873 4908
f 4875 4874 4907
f 4873 4872 4908
f 4872 4871 4909
f 4814 4877 4906
f 4861 4913 4862
f 4914 4913 4861
f 4863 4862 4913
f 4859 4914 4860
f 4860 4914 4861
f 4858 4914 4859
f 4858 4915 4914
f 4867 4866 4911
f 4865 4911 4866
f 4867 4910 4868
f 4911 4910 4867
f 4864 4863 4912
f 4913 4912 4863
f 4912 4865 4864
f 4911 4865 4912
f 127 126 115
f 128 127 116
f 129 128 117
f 130 129 118
f 131 130 119
f 132 131 120
f 133 132 121
f 134 133 122
f 135 134 123
f 136 135 124
f 138 137 126
f 139 138 127
f 140 139 128
f 141 140 129
f 142 141 130
f 143 142 131
f 144 143 132
f 145 144 133
f 146 145 134
f 147 146 135
f 149 148 137
f 150 149 138
f 151 150 139
f 152 151 140
f 153 152 141
f 154 153 142
f 155 154 143
f 156 155 144
f 157 156 145
f 158 157 146
f 160 159 148
f 161 160 149
f 162 161 150
f 163 162 151
f 164 163 152
f 165 164 153
f 166 165 154
f 167 166 155
f 168 167 156
f 169 168 157
f 171 170 159
f 172 171 160
f 173 172 161
f 174 173 162
f 175 174 163
f 176 175 164
f 177 176 165
f 178 177 166
f 179 178 167
f 180 179 168
f 182 181 170
f 183 182 171
f 184 183 172
f 185 184 173
f 186 185 174
f 187 186 175
f 188 187 176
f 189 188 177
f 190 189 178
f 191 190 179
f 193 192 181
f 194 193 182
f 195 194 183
f 196 195 184
f 197 196 185
f 198 197 186
f 199 198 187
f 200 199 188
f 201 200 189
f 202 201 190
f 204 203 192
f 205 204 193
f 206 205 194
f 207 206 195
f 208 207 196
f 209 208 197
f 210 209 198
f 211 210 199
f 212 211 200
f 213 212 201
f 215 214 203
f 216 215 204
f 217 216 205
f 218 217 206
f 219 218 207
f 220 219 208
f 221 220 209
f 222 221 210
f 223 222 211
f 224 223 212
f 226 225 214
f 227 226 215
f 228 227 216
f 229 228 217
f 230 229 218
f 231 230 219
f 232 231 220
f 233 232 221
f 234 233 222
f 235 234 223
f 237 236 225
f 238 237 226
f 239 238 227
f 240 239 228
f 241 240 229
f 242 241 230
f 243 242 231
f 244 243 232
f 245 244 233
f 246 245 234
f 248 247 236
f 249 248 237
f 250 249 238
f 251 250 239
f 252 251 240
f 253 252 241
f 254 253 242
f 255 254 243
f 256 255 244
f 257 256 245
f 259 258 247
f 260 259 248
f 261 260 249
f 262 261 250
f 263 262 251
f 264 263 252
f 265 264 253
f 266 265 254
f 267 266 255
f 268 267 256
f 270 269 258
f 271 270 259
f 272 271 260
f 273 272 261
f 274 273 262
f 275 274 263
f 276 275 264
f 277 276 265
f 278 277 266
f 279 278 267
f 281 280 269
f 282 281 270
f 283 282 271
f 284 283 272
f 285 284 273
f 286 285 274
f 287 286 275
f 288 287 276
f 289 288 277
f 290 289 278
f 385 384 290
f 398 388 387
f 399 389 388
f 400 390 389
f 401 391 390
f 402 392 391
f 403 393 392
f 404 394 393
f 405 395 394
f 406 396 395
f 408 398 397
f 409 399 398
f 410 400 399
f 411 401 400
f 412 402 401
f 413 403 402
f 414 404 403
f 415 405 404
f 416 406 405
f 418 408 407
f 419 409 408
f 420 410 409
f 421 411 410
f 422 412 411
f 423 413 412
f 424 414 413
f 425 415 414
f 426 416 415
f 428 418 417
f 429 419 418
f 430 420 419
f 431 421 420
f 432 422 421
f 433 423 422
f 434 424 423
f 435 425 424
f 436 426 425
f 438 428 427
f 439 429 428
f 440 430 429
f 441 431 430
f 442 432 431
f 443 433 432
f 444 434 433
f 445 435 434
f 446 436 435
f 448 438 437
f 449 439 438
f 450 440 439
f 451 441 440
f 452 442 441
f 453 443 442
f 454 444 443
f 455 445 444
f 456 446 445
f 458 448 447
f 459 449 448
f 460 450 449
f 461 451 450
f 462 452 451
f 463 453 452
f 464 454 453
f 465 455 454
f 466 456 455
f 468 458 457
f 469 459 458
f 470 460 459
f 471 461 460
f 472 462 461
f 473 463 462
f 474 464 463
f 475 465 464
f 476 466 465
f 478 468 467
f 479 469 468
f 480 470 469
f 481 471 470
f 482 472 471
f 483 473 472
f 484 474 473
f 485 475 474
f 486 476 475
f 488 478 477
f 489 479 478
f 490 480 479
f 491 481 480
f 492 482 481
f 493 483 482
f 494 484 483
f 495 485 484
f 496 486 485
f 498 488 487
f 499 489 488
f 500 490 489
f 501 491 490
f 502 492 491
f 503 493 492
f 504 494 493
f 505 495 494
f 506 496 495
f 508 498 497
f 509 499 498
f 510 500 499
f 511 501 500
f 512 502 501
f 513 503 502
f 514 504 503
f 515 505 504
f 516 506 505
f 518 508 507
f 519 509 508
f 520 510 509
f 521 511 510
f 522 512 511
f 523 513 512
f 524 514 513
f 525 515 514
f 526 516 515
f 528 518 517
f 529 519 518
f 530 520 519
f 531 521 520
f 532 522 521
f 533 523 522
f 534 524 523
f 535 525 524
f 536 526 525
f 582 580 536
f 388 627 628
f 397 387 585
f 627 388 389
f 391 623 624
f 407 397 586
f 447 596 597
f 447 437 594
f 621 392 393
f 395 617 618
f 396 406 565
f 406 416 564
f 416 426 562
f 436 446 558
f 426 436 560
f 456 555 556
f 466 553 554
f 457 598 599
f 517 507 609
f 466 476 552
f 476 486 550
f 496 506 546
f 486 496 548
f 516 543 544
f 526 541 542
f 580 582 538
f 631 868 869
f 663 633 632
f 634 633 663
f 665 635 634
f 636 635 665
f 637 636 666
f 638 637 667
f 669 639 638
f 670 640 639
f 671 641 640
f 642 641 671
f 643 642 672
f 674 644 643
f 675 645 644
f 676 646 645
f 647 646 676
f 648 647 677
f 679 649 648
f 650 649 679
f 681 651 650
f 682 652 651
f 653 652 682
f 684 654 653
f 685 655 654
f 686 656 655
f 657 656 686
f 688 658 657
f 689 659 658
f 660 659 689
f 663 662 692
f 664 663 693
f 695 665 664
f 696 666 665
f 669 668 697
f 670 669 698
f 700 671 670
f 701 672 671
f 702 673 672
f 674 673 702
f 675 674 703
f 705 676 675
f 706 677 676
f 678 677 706
f 679 678 707
f 709 680 679
f 681 680 709
f 682 681 710
f 683 682 711
f 713 684 683
f 685 684 713
f 715 686 685
f 716 687 686
f 688 687 716
f 689 688 717
f 690 689 718
f 693 692 720
f 722 694 693
f 695 694 722
f 726 699 698
f 727 700 699
f 728 701 700
f 702 701 728
f 703 702 729
f 704 703 730
f 732 705 704
f 733 706 705
f 734 707 706
f 708 707 734
f 736 709 708
f 737 710 709
f 711 710 737
f 712 711 738
f 713 712 739
f 741 714 713
f 715 714 741
f 716 715 742
f 744 717 716
f 745 718 717
f 746 719 718
f 872 874 871
f 872 720 873
f 749 722 721
f 750 723 722
f 755 726 725
f 756 727 726
f 728 727 756
f 729 728 757
f 759 730 729
f 731 730 759
f 761 732 731
f 762 733 732
f 763 734 733
f 735 734 763
f 765 736 735
f 766 737 736
f 767 738 737
f 768 739 738
f 769 740 739
f 770 741 740
f 742 741 770
f 743 742 771
f 744 743 772
f 745 744 773
f 746 745 774
f 776 876 877
f 747 871 877
f 778 749 748
f 750 749 778
f 751 750 779
f 783 754 753
f 755 754 783
f 756 755 784
f 757 756 785
f 758 757 786
f 788 759 758
f 789 760 759
f 761 760 789
f 762 761 790
f 763 762 791
f 764 763 792
f 794 765 764
f 766 765 794
f 767 766 795
f 768 767 796
f 769 768 797
f 770 769 798
f 771 770 799
f 772 771 800
f 802 773 772
f 803 774 773
f 775 774 803
f 805 879 880
f 879 776 875
f 807 778 777
f 779 778 807
f 809 780 779
f 810 781 780
f 782 781 810
f 783 782 811
f 813 784 783
f 814 785 784
f 815 786 785
f 787 786 815
f 817 788 787
f 789 788 817
f 790 789 818
f 820 791 790
f 821 792 791
f 793 792 821
f 794 793 822
f 795 794 823
f 825 796 795
f 826 797 796
f 827 798 797
f 828 799 798
f 829 800 799
f 801 800 829
f 802 801 830
f 803 802 831
f 833 804 803
f 805 878 882
f 933 934 868
f 933 631 632
f 930 931 633
f 929 930 634
f 931 932 632
f 926 637 638
f 927 636 637
f 924 925 638
f 923 924 639
f 920 642 643
f 917 918 644
f 918 919 643
f 921 641 642
f 914 647 648
f 915 646 647
f 913 648 649
f 911 912 649
f 910 911 650
f 907 653 654
f 904 905 655
f 906 654 655
f 901 658 659
f 900 659 660
f 903 904 656
f 908 652 653
f 690 895 896
f 719 893 894
f 746 891 892
f 775 889 890
f 833 885 886
f 804 887 888
f 1037 1039 1038
f 1025 1021 1022
f 1026 1022 1023
f 1027 1023 1024
f 1029 1025 1026
f 1030 1026 1027
f 1031 1027 1028
f 1033 1029 1030
f 1034 1030 1031
f 1035 1031 1032
f 1043 1042 1028
f 1041 1036 1032
f 1077 1033 1034
f 1079 1078 1035
f 1082 1081 1111
f 1083 1082 1112
f 1114 1084 1083
f 1115 1085 1084
f 1116 1086 1085
f 1117 1087 1086
f 1118 1088 1087
f 1089 1088 1118
f 1120 1090 1089
f 1121 1091 1090
f 1092 1091 1121
f 1123 1093 1092
f 1124 1094 1093
f 1095 1094 1124
f 1126 1096 1095
f 1127 1097 1096
f 1128 1098 1097
f 1129 1099 1098
f 1100 1099 1129
f 1101 1100 1130
f 1102 1101 1131
f 1103 1102 1132
f 1134 1104 1103
f 1105 1104 1134
f 1106 1105 1135
f 1137 1107 1106
f 1108 1107 1137
f 1109 1108 1138
f 1328 1110 1329
f 1326 1330 1329
f 1142 1112 1111
f 1113 1112 1142
f 1144 1114 1113
f 1145 1115 1114
f 1116 1115 1145
f 1117 1116 1146
f 1148 1118 1117
f 1119 1118 1148
f 1120 1119 1149
f 1151 1121 1120
f 1125 1124 1153
f 1155 1126 1125
f 1127 1126 1155
f 1128 1127 1156
f 1129 1128 1157
f 1130 1129 1158
f 1131 1130 1159
f 1161 1132 1131
f 1162 1133 1132
f 1163 1134 1133
f 1164 1135 1134
f 1165 1136 1135
f 1137 1136 1165
f 1167 1138 1137
f 1168 1139 1138
f 1142 1141 1170
f 1143 1142 1171
f 1144 1143 1172
f 1174 1145 1144
f 1175 1146 1145
f 1147 1146 1175
f 1177 1148 1147
f 1149 1148 1177
f 1179 1150 1149
f 1467 1151 1468
f 1466 1469 1468
f 1182 1155 1154
f 1183 1156 1155
f 1184 1157 1156
f 1185 1158 1157
f 1186 1159 1158
f 1160 1159 1186
f 1188 1161 1160
f 1189 1162 1161
f 1190 1163 1162
f 1191 1164 1163
f 1192 1165 1164
f 1166 1165 1192
f 1194 1167 1166
f 1195 1168 1167
f 1171 1170 1196
f 1172 1171 1197
f 1199 1173 1172
f 1174 1173 1199
f 1201 1175 1174
f 1202 1176 1175
f 1203 1177 1176
f 1204 1178 1177
f 1205 1179 1178
f 1206 1180 1179
f 1182 1181 1210
f 1212 1183 1182
f 1213 1184 1183
f 1185 1184 1213
f 1186 1185 1214
f 1187 1186 1215
f 1188 1187 1216
f 1189 1188 1217
f 1190 1189 1218
f 1220 1191 1190
f 1192 1191 1220
f 1193 1192 1221
f 1194 1193 1222
f 1325 1323 1195
f 1320 1325 1324
f 1226 1197 1196
f 1198 1197 1226
f 1228 1199 1198
f 1200 1199 1228
f 1201 1200 1229
f 1231 1202 1201
f 1203 1202 1231
f 1204 1203 1232
f 1205 1204 1233
f 1206 1205 1234
f 1236 1207 1206
f 1210 1209 1238
f 1240 1211 1210
f 1241 1212 1211
f 1213 1212 1241
f 1214 1213 1242
f 1244 1215 1214
f 1245 1216 1215
f 1246 1217 1216
f 1247 1218 1217
f 1248 1219 1218
f 1220 1219 1248
f 1221 1220 1249
f 1251 1222 1221
f 1252 1223 1222
f 1320 1224 1321
f 1317 1322 1321
f 1226 1225 1254
f 1256 1227 1226
f 1228 1227 1256
f 1258 1229 1228
f 1259 1230 1229
f 1231 1230 1259
f 1232 1231 1260
f 1262 1233 1232
f 1263 1234 1233
f 1264 1235 1234
f 1265 1236 1235
f 1237 1236 1265
f 1267 1238 1237
f 1268 1239 1238
f 1269 1240 1239
f 1270 1241 1240
f 1242 1241 1270
f 1272 1243 1242
f 1273 1244 1243
f 1274 1245 1244
f 1246 1245 1274
f 1247 1246 1275
f 1277 1248 1247
f 1249 1248 1277
f 1250 1249 1278
f 1280 1251 1250
f 1252 1251 1280
f 1319 1317 1253
f 1316 1319 1318
f 1443 1444 1082
f 1444 1445 1081
f 1440 1085 1086
f 1441 1084 1085
f 1438 1439 1086
f 1437 1438 1087
f 1436 1437 1088
f 1434 1090 1091
f 1431 1432 1092
f 1432 1433 1091
f 1430 1431 1093
f 1170 1141 1401
f 1209 1210 1181
f 1427 1096 1097
f 1428 1095 1096
f 1424 1425 1098
f 1423 1424 1099
f 1425 1426 1097
f 1101 1421 1422
f 1102 1420 1421
f 1420 1102 1103
f 1417 1418 1104
f 1418 1419 1103
f 1413 1108 1109
f 1415 1106 1107
f 1410 1411 1110
f 1411 1412 1109
f 1414 1107 1108
f 1196 1170 1403
f 1254 1225 1407
f 1255 1336 1337
f 1257 1340 1341
f 1256 1338 1339
f 1259 1344 1345
f 1262 1261 1349
f 1261 1260 1347
f 1258 1342 1343
f 1255 1254 1334
f 1207 1236 1237
f 1264 1355 1356
f 1263 1353 1354
f 1267 1266 1360
f 1265 1357 1358
f 1263 1262 1351
f 1268 1267 1362
f 1270 1368 1369
f 1269 1366 1367
f 1273 1272 1373
f 1275 1274 1377
f 1274 1273 1375
f 1272 1271 1371
f 1276 1381 1382
f 1278 1385 1386
f 1277 1383 1384
f 1281 1280 1390
f 1282 1281 1392
f 1280 1279 1388
f 1275 1379 1380
f 1268 1364 1365
f 1471 1501 1571
f 1571 1501 1568
f 1575 1488 1498
f 1576 1498 1487
f 1577 1490 1488
f 1495 1496 1494
f 1498 1500 1497
f 1488 1489 1500
f 1500 1499 1471
f 1499 1508 1506
f 1508 1507 1474
f 1505 1504 1492
f 1504 1525 1523
f 1493 1521 1525
f 1525 1524 1476
f 1524 1528 1526
f 1528 1527 1522
f 1507 1530 1529
f 1501 1569 1570
f 1501 1471 1506
f 1472 1477 1490
f 1647 1600 1608
f 1608 1609 1607
f 1600 1602 1609
f 1649 1603 1600
f 1603 1605 1602
f 1601 1604 1605
f 1650 1651 1598
f 1599 1610 1646
f 1653 1652 1655
f 1657 1654 1653
f 1659 1656 1655
f 1660 1657 1656
f 1659 1658 1661
f 1663 1660 1659
f 1662 1661 1664
f 1666 1663 1662
f 1665 1664 1667
f 1666 1665 1668
f 1671 1668 1667
f 1669 1668 1671
f 1671 1670 1673
f 1672 1671 1674
f 1677 1674 1673
f 1675 1674 1677
f 1680 1677 1676
f 1678 1677 1680
f 1680 1679 1682
f 1684 1681 1680
f 1683 1682 1685
f 1687 1684 1683
f 1686 1685 1688
f 1687 1686 1689
f 1692 1689 1688
f 1693 1690 1689
f 1692 1691 1694
f 1693 1692 1695
f 1695 1694 1697
f 1699 1696 1695
f 1701 1698 1697
f 1702 1699 1698
f 1701 1700 1703
f 1702 1701 1704
f 1707 1704 1703
f 1705 1704 1707
f 1710 1707 1706
f 1708 1707 1710
f 1713 1710 1709
f 1711 1710 1713
f 1716 1713 1712
f 1717 1714 1713
f 1716 1715 1718
f 1720 1717 1716
f 1722 1719 1718
f 1720 1719 1722
f 1722 1721 1724
f 1723 1722 1725
f 1728 1726 1725
f 1748 1749 1655
f 1753 1664 1661
f 1751 1752 1661
f 1756 1670 1667
f 1667 1664 1754
f 1758 1759 1676
f 1761 1762 1682
f 1764 1765 1688
f 1688 1765 1766
f 1694 1691 1767
f 1819 1652 1653
f 1818 1653 1654
f 1657 1660 1813
f 1663 1666 1811
f 1666 1669 1810
f 1660 1663 1812
f 1654 1657 1814
f 1672 1808 1809
f 1675 1807 1808
f 1681 1805 1806
f 1678 1806 1807
f 1690 1802 1803
f 1693 1801 1802
f 1687 1803 1804
f 1684 1804 1805
f 1801 1693 1696
f 1799 1800 1696
f 1694 1768 1769
f 1774 1775 1709
f 1772 1703 1700
f 1715 1712 1777
f 1715 1778 1779
f 1721 1718 1780
f 1782 1724 1721
f 1798 1799 1699
f 1705 1708 1796
f 1702 1705 1797
f 1708 1711 1795
f 1714 1717 1793
f 1720 1791 1792
f 1711 1714 1794
f 1723 1790 1791
f 1726 1789 1790
f 1728 1788 1789
f 1728 1821 1787
f 1825 1824 1827
f 1830 1827 1826
f 1828 1827 1830
f 1830 1829 1832
f 1834 1831 1830
f 1833 1832 1835
f 1837 1834 1833
f 1839 1836 1835
f 1837 1836 1839
f 1839 1838 1841
f 1840 1839 1842
f 1845 1842 1841
f 1846 1843 1842
f 1845 1844 1847
f 1849 1846 1845
f 1848 1847 1850
f 1849 1848 1851
f 1854 1851 1850
f 1852 1851 1854
f 1857 1854 1853
f 1858 1855 1854
f 1857 1856 1859
f 1858 1857 1860
f 1863 1860 1859
f 1864 1861 1860
f 1863 1862 1865
f 1867 1864 1863
f 1866 1865 1868
f 1870 1867 1866
f 1869 1868 1871
f 1873 1870 1869
f 1872 1871 1874
f 1873 1872 1875
f 1878 1875 1874
f 1879 1876 1875
f 1881 1878 1877
f 1879 1878 1881
f 1884 1881 1880
f 1882 1881 1884
f 1887 1884 1883
f 1885 1884 1887
f 1887 1886 1889
f 1888 1887 1890
f 1893 1890 1889
f 1894 1891 1890
f 1896 1893 1892
f 1897 1894 1893
f 1896 1895 1898
f 1897 1896 1899
f 1899 1898 1901
f 1903 1900 1899
f 1906 1907 1829
f 1829 1907 1908
f 1825 1974 1975
f 1910 1911 1838
f 1913 1914 1844
f 1915 1847 1844
f 1853 1850 1917
f 1828 1973 1974
f 1831 1972 1973
f 1837 1970 1971
f 1840 1843 1968
f 1837 1840 1969
f 1846 1849 1966
f 1855 1963 1964
f 1858 1962 1963
f 1849 1852 1965
f 1843 1846 1967
f 1972 1831 1834
f 1920 1921 1859
f 1922 1862 1859
f 1925 1868 1865
f 1927 1928 1874
f 1874 1928 1929
f 1880 1877 1930
f 1932 1883 1880
f 1936 1892 1889
f 1939 1898 1895
f 1934 1935 1889
f 1898 1939 1940
f 1864 1960 1961
f 1867 1870 1958
f 1867 1959 1960
f 1873 1876 1956
f 1879 1882 1954
f 1882 1885 1953
f 1876 1879 1955
f 1870 1873 1957
f 1962 1858 1861
f 1891 1950 1951
f 1897 1948 1949
f 1894 1949 1950
f 1902 1901 1942
f 1903 1902 1943
f 1900 1947 1948
f 1947 1900 1903
f 2014 2015 2013
f 1998 1997 2001
f 1999 1998 2002
f 2000 1999 2003
f 2002 2001 2005
f 2003 2002 2006
f 2004 2003 2007
f 2006 2005 2009
f 2007 2006 2010
f 2008 2007 2011
f 2011 2055 2056
f 2221 2223 2191
f 2223 2222 2117
f 2191 2117 2190
f 2118 2191 2192
f 2224 2225 2188
f 2225 2221 2118
f 2188 2118 2187
f 2184 2119 2188
f 2226 2227 2185
f 2227 2224 2119
f 2185 2119 2184
f 2120 2185 2186
f 2228 2229 2182
f 2229 2226 2120
f 2182 2120 2181
f 2121 2182 2183
f 2230 2231 2179
f 2231 2228 2121
f 2179 2121 2178
f 2122 2179 2180
f 2232 2233 2176
f 2233 2230 2122
f 2176 2122 2175
f 2123 2176 2177
f 2234 2235 2173
f 2235 2232 2123
f 2173 2123 2172
f 2124 2173 2174
f 2236 2238 2237
f 2238 2234 2124
f 2239 2240 2170
f 2240 2236 2126
f 2241 2242 2169
f 2242 2239 2127
f 2243 2244 2168
f 2244 2241 2128
f 2245 2246 2167
f 2246 2243 2129
f 2247 2248 2166
f 2248 2245 2130
f 2249 2250 2164
f 2250 2247 2131
f 2164 2131 2163
f 2132 2164 2165
f 2251 2252 2161
f 2252 2249 2132
f 2161 2132 2160
f 2133 2161 2162
f 2253 2254 2158
f 2254 2251 2133
f 2158 2133 2157
f 2135 2158 2159
f 2116 2222 2223
f 2193 2223 2221
f 2195 2225 2224
f 2197 2227 2226
f 2196 2224 2227
f 2194 2221 2225
f 2229 2199 2198
f 2228 2231 2200
f 2231 2230 2201
f 2233 2232 2203
f 2204 2203 2232
f 2230 2233 2202
f 2234 2238 2206
f 2238 2236 2125
f 2235 2234 2205
f 2207 2240 2239
f 2208 2239 2242
f 2210 2241 2244
f 2212 2243 2246
f 2211 2244 2243
f 2209 2242 2241
f 2240 2207 2125
f 2248 2247 2215
f 2247 2250 2216
f 2249 2252 2218
f 2251 2254 2220
f 2252 2251 2219
f 2250 2249 2217
f 2254 2253 2134
f 2399 2398 2367
f 2403 2405 2404
f 2406 2408 2407
f 2408 2403 2366
f 2409 2411 2410
f 2411 2406 2364
f 2412 2415 2413
f 2415 2414 2362
f 2416 2418 2417
f 2418 2412 2363
f 2360 2358 2359
f 2351 2360 2361
f 2419 2421 2420
f 2421 2416 2357
f 2422 2423 2360
f 2423 2419 2358
f 2355 2351 2354
f 2352 2355 2356
f 2424 2425 2355
f 2425 2422 2351
f 2426 2428 2427
f 2428 2424 2352
f 2349 2345 2348
f 2346 2349 2350
f 2429 2430 2349
f 2430 2426 2345
f 2431 2433 2432
f 2433 2429 2346
f 2434 2436 2435
f 2436 2431 2343
f 2437 2439 2438
f 2439 2434 2344
f 2440 2442 2441
f 2442 2437 2341
f 2443 2445 2444
f 2445 2440 2342
f 2446 2448 2447
f 2448 2443 2339
f 2449 2451 2450
f 2451 2446 2340
f 2452 2454 2453
f 2454 2449 2337
f 2455 2457 2456
f 2457 2452 2338
f 2379 2403 2408
f 2380 2406 2411
f 2415 2412 2383
f 2418 2416 2384
f 2409 2414 2382
f 2421 2419 2385
f 2409 2365 2362
f 2386 2425 2424
f 2387 2428 2426
f 2431 2436 2390
f 2388 2430 2429
f 2434 2439 2391
f 2440 2445 2393
f 2394 2446 2451
f 2395 2449 2454
f 2443 2448 2394
f 2396 2452 2457
f 2485 2484 2486
f 2488 2483 2489
f 2490 2489 2484
f 2489 2563 2555
f 2483 2562 2563
f 2562 2459 2541
f 2555 2560 2561
f 2496 2495 2491
f 2491 2459 2562
f 2459 2491 2498
f 2495 2499 2498
f 2557 2531 2538
f 2538 2540 2537
f 2531 2539 2540
f 2539 2464 2533
f 2459 2542 2543
f 2542 2463 2519
f 2463 2516 2520
f 2464 2534 2536
f 2534 2518 2535
f 2565 2564 2594
f 2566 2565 2595
f 2597 2567 2566
f 2568 2567 2597
f 2599 2569 2568
f 2600 2570 2569
f 2601 2571 2570
f 2602 2572 2571
f 2603 2573 2572
f 2574 2573 2603
f 2575 2574 2604
f 2606 2576 2575
f 2577 2576 2606
f 2578 2577 2607
f 2579 2578 2608
f 2610 2580 2579
f 2581 2580 2610
f 2612 2582 2581
f 2583 2582 2612
f 2614 2584 2583
f 2615 2585 2584
f 2586 2585 2615
f 2587 2586 2616
f 2619 2589 2588
f 2590 2589 2619
f 2591 2590 2620
f 2622 2592 2591
f 2930 2928 2593
f 2595 2594 2624
f 2626 2596 2595
f 2627 2597 2596
f 2598 2597 2627
f 2599 2598 2628
f 2630 2600 2599
f 2601 2600 2630
f 2632 2602 2601
f 2603 2602 2632
f 2634 2604 2603
f 2635 2605 2604
f 2606 2605 2635
f 2607 2606 2636
f 2638 2608 2607
f 2639 2609 2608
f 2640 2610 2609
f 2611 2610 2640
f 2612 2611 2641
f 2613 2612 2642
f 2644 2614 2613
f 2645 2615 2614
f 2646 2616 2615
f 2951 2954 2950
f 2618 2952 2954
f 2954 2952 2617
f 2649 2620 2619
f 2650 2621 2620
f 2622 2621 2650
f 2625 2624 2653
f 2626 2625 2654
f 2627 2626 2655
f 2657 2628 2627
f 2658 2629 2628
f 2630 2629 2658
f 2631 2630 2659
f 2661 2632 2631
f 2633 2632 2661
f 2663 2634 2633
f 2635 2634 2663
f 2636 2635 2664
f 2666 2637 2636
f 2667 2638 2637
f 2639 2638 2667
f 2669 2640 2639
f 2641 2640 2669
f 2642 2641 2670
f 2643 2642 2671
f 2673 2644 2643
f 2645 2644 2673
f 2677 2649 2648
f 2650 2649 2677
f 2651 2650 2678
f 2654 2653 2680
f 2655 2654 2681
f 2683 2656 2655
f 2684 2657 2656
f 2658 2657 2684
f 2659 2658 2685
f 2687 2660 2659
f 2661 2660 2687
f 2662 2661 2688
f 2690 2663 2662
f 2691 2664 2663
f 2692 2665 2664
f 2693 2666 2665
f 2694 2667 2666
f 2695 2668 2667
f 2669 2668 2695
f 2670 2669 2696
f 2698 2671 2670
f 2699 2672 2671
f 2700 2673 2672
f 2674 2673 2700
f 2706 2677 2676
f 2707 2678 2677
f 2924 2679 2925
f 2921 2926 2925
f 2710 2681 2680
f 2682 2681 2710
f 2712 2683 2682
f 2684 2683 2712
f 2714 2685 2684
f 2715 2686 2685
f 2687 2686 2715
f 2688 2687 2716
f 2689 2688 2717
f 2719 2690 2689
f 2691 2690 2719
f 2692 2691 2720
f 2693 2692 2721
f 2694 2693 2722
f 2695 2694 2723
f 2696 2695 2724
f 2726 2697 2696
f 2727 2698 2697
f 2699 2698 2727
f 2729 2700 2699
f 2701 2700 2729
f 2731 2702 2701
f 2705 2704 2733
f 2706 2705 2734
f 2707 2706 2735
f 2923 2921 2708
f 2918 2923 2922
f 2710 2709 2738
f 2711 2710 2739
f 2741 2712 2711
f 2713 2712 2741
f 2743 2714 2713
f 2715 2714 2743
f 2745 2716 2715
f 2717 2716 2745
f 2747 2718 2717
f 2719 2718 2747
f 2720 2719 2748
f 2750 2721 2720
f 2751 2722 2721
f 2752 2723 2722
f 2753 2724 2723
f 2754 2725 2724
f 2726 2725 2754
f 2756 2727 2726
f 2728 2727 2756
f 2729 2728 2757
f 2730 2729 2758
f 2731 2730 2759
f 2761 2732 2731
f 2733 2732 2761
f 2763 2734 2733
f 2735 2734 2763
f 2736 2735 2764
f 2920 2918 2737
f 2917 2920 2919
f 2806 2807 2564
f 2804 2566 2567
f 2801 2802 2568
f 2803 2567 2568
f 2798 2571 2572
f 2800 2801 2569
f 2797 2572 2573
f 2795 2796 2573
f 2793 2575 2576
f 2790 2791 2577
f 2792 2576 2577
f 2787 2580 2581
f 2784 2785 2582
f 2821 2784 2583
f 2786 2581 2582
f 2789 2790 2578
f 2594 2564 2770
f 2586 2818 2819
f 2616 2646 2953
f 2818 2586 2587
f 2815 2816 2588
f 2816 2817 2587
f 2812 2591 2592
f 2813 2590 2591
f 2810 2811 2592
f 2810 2593 2928
f 2680 2653 2776
f 2738 2709 2780
f 2960 2959 2962
f 2961 2960 2963
f 2966 2963 2962
f 2964 2963 2966
f 2969 2966 2965
f 2970 2967 2966
f 2969 2968 2971
f 2973 2970 2969
f 2972 2971 2974
f 2973 2972 2975
f 2978 2975 2974
f 2976 2975 2978
f 2978 2977 2980
f 2982 2979 2978
f 2984 2981 2980
f 2985 2982 2981
f 2987 2985 2984
f 2992 2993 2962
f 2968 2965 2995
f 2962 2993 2994
f 2998 2999 2974
f 2974 2999 3000
f 3024 2959 2960
f 2961 3022 3023
f 3019 3020 2961
f 3018 3019 2964
f 2967 2970 3017
f 2973 2976 3015
f 2979 3013 3014
f 2970 2973 3016
f 3001 3002 2980
f 3003 2983 2980
f 2985 3011 3012
f 2982 3012 3013
f 2987 3010 3011
f 2987 3040 3009
f 3043 3042 3045
f 3047 3044 3043
f 3046 3045 3048
f 3050 3047 3046
f 3049 3048 3051
f 3053 3050 3049
f 3055 3052 3051
f 3056 3053 3052
f 3058 3055 3054
f 3059 3056 3055
f 3061 3058 3057
f 3062 3059 3058
f 3061 3060 3063
f 3065 3062 3061
f 3067 3064 3063
f 3068 3065 3064
f 3070 3067 3066
f 3071 3068 3067
f 3070 3069 3072
f 3071 3070 3073
f 3073 3072 3075
f 3077 3074 3073
f 3076 3075 3078
f 3077 3076 3079
f 3082 3079 3078
f 3080 3079 3082
f 3085 3082 3081
f 3083 3082 3085
f 3110 3111 3045
f 3051 3048 3113
f 3116 3117 3057
f 3051 3114 3115
f 3063 3060 3119
f 3090 3042 3043
f 3044 3047 3106
f 3044 3088 3089
f 3105 3106 3047
f 3050 3053 3104
f 3056 3059 3102
f 3062 3100 3101
f 3053 3056 3103
f 3065 3099 3100
f 3122 3123 3069
f 3063 3120 3121
f 3125 3126 3075
f 3128 3129 3081
f 3075 3126 3127
f 3068 3098 3099
f 3074 3096 3097
f 3077 3095 3096
f 3071 3097 3098
f 3080 3094 3095
f 3083 3093 3094
f 3132 3133 3085
f 3086 3085 3133
f 3093 3083 3086
f 3188 3166 3186
f 3159 3158 3156
f 3162 3161 3164
f 3208 3164 3160
f 3164 3165 3163
f 3206 3160 3184
f 3207 3184 3167
f 3160 3163 3185
f 3562 3564 3561
f 3562 3209 3563
f 3211 3210 3240
f 3212 3211 3241
f 3243 3213 3212
f 3244 3214 3213
f 3215 3214 3244
f 3216 3215 3245
f 3247 3217 3216
f 3218 3217 3247
f 3249 3219 3218
f 3220 3219 3249
f 3221 3220 3250
f 3222 3221 3251
f 3253 3223 3222
f 3254 3224 3223
f 3225 3224 3254
f 3226 3225 3255
f 3257 3227 3226
f 3228 3227 3257
f 3229 3228 3258
f 3260 3230 3229
f 3231 3230 3260
f 3232 3231 3261
f 3233 3232 3262
f 3264 3234 3233
f 3235 3234 3264
f 3236 3235 3265
f 3267 3237 3236
f 3268 3238 3237
f 3241 3240 3270
f 3272 3242 3241
f 3273 3243 3242
f 3244 3243 3273
f 3245 3244 3274
f 3276 3246 3245
f 3277 3247 3246
f 3248 3247 3277
f 3249 3248 3278
f 3250 3249 3279
f 3281 3251 3250
f 3282 3252 3251
f 3283 3253 3252
f 3254 3253 3283
f 3255 3254 3284
f 3287 3258 3257
f 3288 3259 3258
f 3289 3260 3259
f 3290 3261 3260
f 3291 3262 3261
f 3263 3262 3291
f 3293 3264 3263
f 3294 3265 3264
f 3266 3265 3294
f 3267 3266 3295
f 3297 3268 3267
f 3271 3270 3298
f 3300 3272 3271
f 3273 3272 3300
f 3274 3273 3301
f 3275 3274 3302
f 3304 3276 3275
f 3305 3277 3276
f 3306 3278 3277
f 3307 3279 3278
f 3280 3279 3307
f 3281 3280 3308
f 3282 3281 3309
f 3311 3283 3282
f 3312 3284 3283
f 3288 3287 3313
f 3315 3289 3288
f 3290 3289 3315
f 3291 3290 3316
f 3292 3291 3317
f 3319 3293 3292
f 3294 3293 3319
f 3321 3295 3294
f 3322 3296 3295
f 3323 3297 3296
f 3324 3567 3569
f 3567 3298 3568
f 3326 3300 3299
f 3301 3300 3326
f 3302 3301 3327
f 3303 3302 3328
f 3330 3304 3303
f 3331 3305 3304
f 3332 3306 3305
f 3307 3306 3332
f 3334 3308 3307
f 3335 3309 3308
f 3336 3310 3309
f 3337 3311 3310
f 3312 3311 3337
f 3343 3314 3313
f 3315 3314 3343
f 3345 3316 3315
f 3346 3317 3316
f 3347 3318 3317
f 3319 3318 3347
f 3320 3319 3348
f 3321 3320 3349
f 3322 3321 3350
f 3352 3323 3322
f 3353 3571 3572
f 3571 3324 3566
f 3326 3325 3354
f 3327 3326 3355
f 3357 3328 3327
f 3329 3328 3357
f 3330 3329 3358
f 3360 3331 3330
f 3361 3332 3331
f 3333 3332 3361
f 3334 3333 3362
f 3335 3334 3363
f 3365 3336 3335
f 3366 3337 3336
f 3338 3337 3366
f 3368 3339 3338
f 3371 3342 3341
f 3343 3342 3371
f 3344 3343 3372
f 3374 3345 3344
f 3346 3345 3374
f 3347 3346 3375
f 3348 3347 3376
f 3349 3348 3377
f 3379 3350 3349
f 3351 3350 3379
f 3352 3351 3380
f 3382 3574 3575
f 3574 3353 3570
f 3384 3355 3354
f 3356 3355 3384
f 3386 3357 3356
f 3358 3357 3386
f 3359 3358 3387
f 3360 3359 3388
f 3390 3361 3360
f 3362 3361 3390
f 3392 3363 3362
f 3393 3364 3363
f 3394 3365 3364
f 3366 3365 3394
f 3367 3366 3395
f 3368 3367 3396
f 3398 3369 3368
f 3399 3370 3369
f 3400 3371 3370
f 3401 3372 3371
f 3402 3373 3372
f 3403 3374 3373
f 3375 3374 3403
f 3405 3376 3375
f 3406 3377 3376
f 3407 3378 3377
f 3379 3378 3407
f 3380 3379 3408
f 3410 3381 3380
f 3576 3382 3573
f 3502 3503 3209
f 3503 3504 3563
f 3501 3502 3210
f 3500 3501 3211
f 3213 3498 3499
f 3498 3213 3214
f 3495 3496 3215
f 3497 3214 3215
f 3492 3218 3219
f 3493 3217 3218
f 3494 3495 3216
f 3491 3219 3220
f 3528 3529 3220
f 3526 3222 3223
f 3525 3223 3224
f 3523 3524 3224
f 3522 3523 3225
f 3519 3228 3229
f 3516 3517 3230
f 3517 3518 3229
f 3520 3227 3228
f 3232 3514 3515
f 3514 3232 3233
f 3511 3512 3234
f 3513 3233 3234
f 3508 3237 3238
f 3510 3511 3235
f 3286 3257 3256
f 3297 3421 3422
f 3268 3423 3424
f 3323 3419 3420
f 3352 3417 3418
f 3410 3413 3414
f 3381 3415 3416
f 3601 3600 3603
f 3605 3602 3601
f 3607 3604 3603
f 3608 3605 3604
f 3610 3607 3606
f 3608 3607 3610
f 3610 3609 3612
f 3614 3611 3610
f 3613 3612 3615
f 3617 3614 3613
f 3616 3615 3618
f 3617 3616 3619
f 3622 3619 3618
f 3623 3620 3619
f 3625 3622 3621
f 3623 3622 3625
f 3628 3625 3624
f 3629 3626 3625
f 3628 3627 3630
f 3629 3628 3631
f 3631 3630 3633
f 3632 3631 3634
f 3637 3634 3633
f 3638 3635 3634
f 3637 3636 3639
f 3638 3637 3640
f 3643 3640 3639
f 3641 3640 3643
f 3651 3652 3603
f 3609 3606 3654
f 3657 3658 3615
f 3609 3655 3656
f 3621 3618 3660
f 3692 3600 3601
f 3602 3605 3688
f 3602 3690 3691
f 3687 3688 3605
f 3608 3611 3686
f 3614 3617 3684
f 3620 3682 3683
f 3611 3614 3685
f 3623 3681 3682
f 3663 3664 3627
f 3621 3661 3662
f 3666 3667 3633
f 3669 3670 3639
f 3633 3667 3668
f 3626 3680 3681
f 3632 3678 3679
f 3635 3677 3678
f 3629 3679 3680
f 3638 3676 3677
f 3641 3675 3676
f 3646 3647 3643
f 3644 3643 3647
f 3675 3641 3644
f 3694 3693 3695
f 3696 3695 3698
f 3701 3698 3697
f 3699 3698 3701
f 3704 3701 3700
f 3702 3701 3704
f 3704 3703 3706
f 3705 3704 3707
f 3710 3707 3706
f 3711 3708 3707
f 3713 3710 3709
f 3711 3710 3713
f 3716 3713 3712
f 3717 3714 3713
f 3716 3715 3718
f 3720 3717 3716
f 3722 3719 3718
f 3723 3720 3719
f 3744 3700 3697
f 3699 3734 3735
f 3694 3696 3736
f 3702 3733 3734
f 3705 3732 3733
f 3747 3706 3703
f 3712 3709 3749
f 3752 3753 3718
f 3712 3750 3751
f 3708 3731 3732
f 3714 3729 3730
f 3711 3730 3731
f 3729 3714 3717
f 3723 3722 3758
f 3757 3758 3722
f 3723 3726 3727
f 3728 3717 3720
f 3794 3795 3793
f 3777 3776 3780
f 3778 3777 3781
f 3779 3778 3782
f 3781 3780 3784
f 3782 3781 3785
f 3783 3782 3786
f 3785 3784 3788
f 3786 3785 3789
f 3787 3786 3790
f 3801 3787 3791
f 3797 3798 3789
f 3790 3798 3799
f 3848 3847 3837
f 3849 3848 3838
f 3850 3849 3839
f 3851 3850 3840
f 3852 3851 3841
f 3853 3852 3842
f 3854 3853 3843
f 3855 3854 3844
f 3856 3855 3845
f 3858 3857 3847
f 3859 3858 3848
f 3860 3859 3849
f 3861 3860 3850
f 3862 3861 3851
f 3863 3862 3852
f 3864 3863 3853
f 3865 3864 3854
f 3866 3865 3855
f 3868 3867 3857
f 3869 3868 3858
f 3870 3869 3859
f 3871 3870 3860
f 3872 3871 3861
f 3873 3872 3862
f 3874 3873 3863
f 3875 3874 3864
f 3876 3875 3865
f 3878 3877 3867
f 3879 3878 3868
f 3880 3879 3869
f 3881 3880 3870
f 3882 3881 3871
f 3883 3882 3872
f 3884 3883 3873
f 3885 3884 3874
f 3886 3885 3875
f 3888 3887 3877
f 3889 3888 3878
f 3890 3889 3879
f 3891 3890 3880
f 3892 3891 3881
f 3893 3892 3882
f 3894 3893 3883
f 3895 3894 3884
f 3896 3895 3885
f 3898 3897 3887
f 3899 3898 3888
f 3900 3899 3889
f 3901 3900 3890
f 3902 3901 3891
f 3903 3902 3892
f 3904 3903 3893
f 3905 3904 3894
f 3906 3905 3895
f 3908 3907 3897
f 3909 3908 3898
f 3910 3909 3899
f 3911 3910 3900
f 3912 3911 3901
f 3913 3912 3902
f 3914 3913 3903
f 3915 3914 3904
f 3916 3915 3905
f 3918 3917 3907
f 3919 3918 3908
f 3920 3919 3909
f 3921 3920 3910
f 3922 3921 3911
f 3923 3922 3912
f 3924 3923 3913
f 3925 3924 3914
f 3926 3925 3915
f 3928 3927 3917
f 3929 3928 3918
f 3930 3929 3919
f 3931 3930 3920
f 3932 3931 3921
f 3933 3932 3922
f 3934 3933 3923
f 3935 3934 3924
f 3936 3935 3925
f 3938 3937 3927
f 3939 3938 3928
f 3940 3939 3929
f 3941 3940 3930
f 3942 3941 3931
f 3943 3942 3932
f 3944 3943 3933
f 3945 3944 3934
f 3946 3945 3935
f 3948 3947 3937
f 3949 3948 3938
f 3950 3949 3939
f 3951 3950 3940
f 3952 3951 3941
f 3953 3952 3942
f 3954 3953 3943
f 3955 3954 3944
f 3956 3955 3945
f 3958 3957 3947
f 3959 3958 3948
f 3960 3959 3949
f 3961 3960 3950
f 3962 3961 3951
f 3963 3962 3952
f 3964 3963 3953
f 3965 3964 3954
f 3966 3965 3955
f 3968 3967 3957
f 3969 3968 3958
f 3970 3969 3959
f 3971 3970 3960
f 3972 3971 3961
f 3973 3972 3962
f 3974 3973 3963
f 3975 3974 3964
f 3976 3975 3965
f 3978 3977 3967
f 3979 3978 3968
f 3980 3979 3969
f 3981 3980 3970
f 3982 3981 3971
f 3983 3982 3972
f 3984 3983 3973
f 3985 3984 3974
f 3986 3985 3975
f 4080 4079 3986
f 4066 4065 3838
f 3839 3838 4065
f 3841 3840 4062
f 4060 4059 3842
f 3847 4022 4021
f 3897 4031 4030
f 3843 3842 4059
f 4056 4055 3845
f 3846 4016 4015
f 4055 4054 3846
f 3856 4015 4014
f 3866 4013 4012
f 3886 4009 4008
f 3876 4011 4010
f 4006 4005 3906
f 4004 4003 3916
f 3957 4044 4043
f 3977 4048 4047
f 3916 4003 4002
f 3926 4001 4000
f 3946 3997 3996
f 3936 3999 3998
f 3994 3993 3966
f 3992 3991 3976
f 3988 4080 4078
f 4098 4100 4099
f 4085 4081 4082
f 4086 4082 4083
f 4087 4083 4084
f 4089 4085 4086
f 4090 4086 4087
f 4091 4087 4088
f 4093 4089 4090
f 4094 4090 4091
f 4095 4091 4092
f 4102 4093 4094
f 4104 4103 4095
f 4152 4141 4140
f 4153 4142 4141
f 4154 4143 4142
f 4155 4144 4143
f 4156 4145 4144
f 4157 4146 4145
f 4158 4147 4146
f 4159 4148 4147
f 4160 4149 4148
f 4161 4150 4149
f 4163 4152 4151
f 4164 4153 4152
f 4165 4154 4153
f 4166 4155 4154
f 4167 4156 4155
f 4168 4157 4156
f 4169 4158 4157
f 4170 4159 4158
f 4171 4160 4159
f 4172 4161 4160
f 4174 4163 4162
f 4175 4164 4163
f 4176 4165 4164
f 4177 4166 4165
f 4178 4167 4166
f 4179 4168 4167
f 4180 4169 4168
f 4181 4170 4169
f 4182 4171 4170
f 4183 4172 4171
f 4185 4174 4173
f 4186 4175 4174
f 4187 4176 4175
f 4188 4177 4176
f 4189 4178 4177
f 4190 4179 4178
f 4191 4180 4179
f 4192 4181 4180
f 4193 4182 4181
f 4194 4183 4182
f 4196 4185 4184
f 4197 4186 4185
f 4198 4187 4186
f 4199 4188 4187
f 4200 4189 4188
f 4201 4190 4189
f 4202 4191 4190
f 4203 4192 4191
f 4204 4193 4192
f 4205 4194 4193
f 4207 4196 4195
f 4208 4197 4196
f 4209 4198 4197
f 4210 4199 4198
f 4211 4200 4199
f 4212 4201 4200
f 4213 4202 4201
f 4214 4203 4202
f 4215 4204 4203
f 4216 4205 4204
f 4218 4207 4206
f 4219 4208 4207
f 4220 4209 4208
f 4221 4210 4209
f 4222 4211 4210
f 4223 4212 4211
f 4224 4213 4212
f 4225 4214 4213
f 4226 4215 4214
f 4227 4216 4215
f 4229 4218 4217
f 4230 4219 4218
f 4231 4220 4219
f 4232 4221 4220
f 4233 4222 4221
f 4234 4223 4222
f 4235 4224 4223
f 4236 4225 4224
f 4237 4226 4225
f 4238 4227 4226
f 4240 4229 4228
f 4241 4230 4229
f 4242 4231 4230
f 4243 4232 4231
f 4244 4233 4232
f 4245 4234 4233
f 4246 4235 4234
f 4247 4236 4235
f 4248 4237 4236
f 4249 4238 4237
f 4251 4240 4239
f 4252 4241 4240
f 4253 4242 4241
f 4254 4243 4242
f 4255 4244 4243
f 4256 4245 4244
f 4257 4246 4245
f 4258 4247 4246
f 4259 4248 4247
f 4260 4249 4248
f 4262 4251 4250
f 4263 4252 4251
f 4264 4253 4252
f 4265 4254 4253
f 4266 4255 4254
f 4267 4256 4255
f 4268 4257 4256
f 4269 4258 4257
f 4270 4259 4258
f 4271 4260 4259
f 4273 4262 4261
f 4274 4263 4262
f 4275 4264 4263
f 4276 4265 4264
f 4277 4266 4265
f 4278 4267 4266
f 4279 4268 4267
f 4280 4269 4268
f 4281 4270 4269
f 4282 4271 4270
f 4284 4273 4272
f 4285 4274 4273
f 4286 4275 4274
f 4287 4276 4275
f 4288 4277 4276
f 4289 4278 4277
f 4290 4279 4278
f 4291 4280 4279
f 4292 4281 4280
f 4293 4282 4281
f 4295 4284 4283
f 4296 4285 4284
f 4297 4286 4285
f 4298 4287 4286
f 4299 4288 4287
f 4300 4289 4288
f 4301 4290 4289
f 4302 4291 4290
f 4303 4292 4291
f 4304 4293 4292
f 4306 4295 4294
f 4307 4296 4295
f 4308 4297 4296
f 4309 4298 4297
f 4310 4299 4298
f 4311 4300 4299
f 4312 4301 4300
f 4313 4302 4301
f 4314 4303 4302
f 4315 4304 4303
f 4409 4407 4315
f 4162 4151 4368
f 4372 4373 4184
f 4217 4206 4378
f 4206 4195 4376
f 4387 4388 4272
f 4294 4283 4391
f 4306 4398 4399
f 4401 4310 4309
f 4312 4402 4403
f 4551 4554 4552
f 4554 4553 4521
f 4555 4557 4556
f 4557 4551 4522
f 4558 4560 4559
f 4560 4555 4519
f 4564 4561 4518
f 4568 4571 4569
f 4571 4570 4517
f 4572 4574 4573
f 4574 4568 4515
f 4575 4577 4576
f 4577 4572 4516
f 4578 4580 4579
f 4580 4575 4513
f 4581 4583 4582
f 4583 4578 4514
f 4584 4586 4585
f 4586 4581 4511
f 4587 4589 4588
f 4589 4584 4512
f 4509 4507 4508
f 4496 4509 4510
f 4590 4592 4591
f 4592 4587 4506
f 4593 4594 4509
f 4594 4590 4507
f 4500 4497 4499
f 4495 4500 4501
f 4504 4496 4503
f 4497 4504 4505
f 4595 4596 4504
f 4596 4593 4496
f 4597 4598 4500
f 4598 4595 4497
f 4599 4601 4600
f 4601 4597 4495
f 4602 4604 4603
f 4604 4599 4502
f 4605 4607 4606
f 4607 4602 4493
f 4608 4610 4609
f 4610 4605 4494
f 4557 4555 4524
f 4554 4551 4523
f 4560 4558 4525
f 4562 4561 4526
f 4570 4537 4470
f 4571 4568 4538
f 4574 4572 4539
f 4540 4580 4578
f 4541 4583 4581
f 4587 4592 4544
f 4542 4586 4584
f 4590 4594 4545
f 4595 4598 4547
f 4597 4601 4548
f 4549 4602 4607
f 4548 4599 4604
f 4773 4775 4712
f 4672 4712 4713
f 4776 4777 4743
f 4777 4773 4672
f 4743 4672 4711
f 4673 4743 4744
f 4778 4779 4741
f 4779 4776 4673
f 4741 4673 4740
f 4674 4741 4742
f 4780 4781 4738
f 4781 4778 4674
f 4738 4674 4737
f 4675 4738 4739
f 4782 4783 4735
f 4783 4780 4675
f 4735 4675 4734
f 4676 4735 4736
f 4784 4785 4732
f 4785 4782 4676
f 4732 4676 4731
f 4677 4732 4733
f 4786 4787 4729
f 4787 4784 4677
f 4729 4677 4728
f 4678 4729 4730
f 4788 4789 4726
f 4789 4786 4678
f 4726 4678 4725
f 4680 4726 4727
f 4790 4791 4723
f 4791 4788 4680
f 4723 4680 4722
f 4681 4723 4724
f 4792 4793 4720
f 4793 4790 4681
f 4720 4681 4719
f 4682 4720 4721
f 4794 4796 4795
f 4796 4792 4682
f 4797 4798 4717
f 4798 4794 4683
f 4799 4800 4716
f 4800 4797 4684
f 4801 4802 4715
f 4802 4799 4685
f 4803 4804 4714
f 4804 4801 4686
f 4805 4806 4710
f 4806 4803 4687
f 4670 4774 4775
f 4745 4775 4773
f 4747 4777 4776
f 4749 4779 4778
f 4748 4776 4779
f 4746 4773 4777
f 4774 4671 4712
f 4781 4751 4750
f 4780 4783 4752
f 4783 4782 4753
f 4785 4784 4755
f 4756 4755 4784
f 4782 4785 4754
f 4786 4789 4758
f 4789 4788 4679
f 4787 4786 4757
f 4671 4709 4713
f 4759 4791 4790
f 4760 4790 4793
f 4762 4792 4796
f 4764 4794 4798
f 4763 4796 4794
f 4761 4793 4792
f 4791 4759 4679
f 4800 4799 4767
f 4799 4802 4768
f 4801 4804 4770
f 4803 4806 4772
f 4804 4803 4771
f 4802 4801 4769
f 4806 4805 4688

