# https://github.com/mikedh/trimesh
v 0.00000000 0.01348700 0.06469800
v 0.00000000 0.01348700 0.06469800
v 0.00000000 0.01348700 0.06469800
v 0.00000000 0.01348700 0.06469800
v 0.00000000 0.01348700 0.06469800
v 0.00000000 0.01348700 0.06469800
v 0.00000000 0.01348700 0.06469800
v 0.00000000 0.01348700 0.06469800
v 0.00000000 0.01348700 0.06469800
v 0.00000000 0.01348700 0.06469800
v 0.00000000 0.01348700 0.06469800
v 0.00000000 0.01348700 0.06469800
v 0.00000000 0.01348700 0.06469800
v 0.00000000 0.01348700 0.06469800
v -0.00529800 0.01408300 0.06469800
v -0.00526100 0.01473600 0.06469800
v -0.00518900 0.01538500 0.06469800
v -0.00507100 0.01602800 0.06469800
v -0.00489800 0.01665800 0.06469800
v -0.00466300 0.01726800 0.06469900
v -0.00435900 0.01784700 0.06469900
v -0.00398500 0.01838400 0.06469900
v -0.00354600 0.01886900 0.06469900
v -0.00304900 0.01929600 0.06470000
v -0.00250300 0.01965700 0.06470000
v -0.00191500 0.01994600 0.06470000
v -0.00129400 0.02015700 0.06470000
v -0.00065200 0.02028900 0.06470000
v -0.01059700 0.01467900 0.06466600
v -0.01052200 0.01598500 0.06466700
v -0.01037800 0.01728300 0.06466800
v -0.01014200 0.01856900 0.06467000
v -0.00979600 0.01982900 0.06467200
v -0.00932600 0.02104800 0.06467400
v -0.00871800 0.02220600 0.06467700
v -0.00797100 0.02328000 0.06467900
v -0.00709300 0.02425100 0.06468100
v -0.00609900 0.02510500 0.06468400
v -0.00500600 0.02582700 0.06468600
v -0.00382900 0.02640400 0.06468700
v -0.00258800 0.02682600 0.06468900
v -0.00130500 0.02708900 0.06469000
v -0.01589500 0.01527400 0.06455200
v -0.01578300 0.01723300 0.06455600
v -0.01556700 0.01918100 0.06456100
v -0.01521300 0.02111000 0.06456700
v -0.01469400 0.02300000 0.06457400
v -0.01398800 0.02482900 0.06458200
v -0.01307700 0.02656600 0.06459100
v -0.01195600 0.02817700 0.06460000
v -0.01063900 0.02963300 0.06460800
v -0.00914800 0.03091400 0.06461600
v -0.00750800 0.03199700 0.06462300
v -0.00574400 0.03286200 0.06462900
v -0.00388200 0.03349600 0.06463400
v -0.00195700 0.03389100 0.06463700
v -0.02119000 0.01587000 0.06430700
v -0.02104100 0.01848200 0.06431500
v -0.02075300 0.02107900 0.06432800
v -0.02028100 0.02365000 0.06434300
v -0.01959000 0.02617100 0.06436100
v -0.01864800 0.02861000 0.06438100
v -0.01743400 0.03092600 0.06440200
v -0.01594000 0.03307400 0.06442300
v -0.01418300 0.03501600 0.06444400
v -0.01219600 0.03672400 0.06446300
v -0.01001000 0.03816800 0.06448100
v -0.00765700 0.03932100 0.06449600
v -0.00517600 0.04016600 0.06450700
v -0.00260900 0.04069200 0.06451400
v -0.02647100 0.01646500 0.06383800
v -0.02628400 0.01972900 0.06385500
v -0.02592500 0.02297600 0.06388000
v -0.02533600 0.02619000 0.06391100
v -0.02447200 0.02934100 0.06394600
v -0.02329700 0.03238900 0.06398500
v -0.02178000 0.03528400 0.06402600
v -0.01991400 0.03796900 0.06406700
v -0.01772000 0.04039700 0.06410800
v -0.01523700 0.04253100 0.06414500
v -0.01250700 0.04433500 0.06417900
v -0.00956800 0.04577700 0.06420800
v -0.00646800 0.04683200 0.06422900
v -0.00326100 0.04748800 0.06424200
v -0.03170500 0.01705800 0.06299900
v -0.03148300 0.02097400 0.06302700
v -0.03105400 0.02486800 0.06306700
v -0.03035100 0.02872500 0.06311600
v -0.02931900 0.03250600 0.06317300
v -0.02791300 0.03616400 0.06323500
v -0.02609700 0.03963800 0.06329900
v -0.02386200 0.04285900 0.06336400
v -0.02123500 0.04577100 0.06342700
v -0.01826100 0.04833100 0.06348600
v -0.01499000 0.05049500 0.06353900
v -0.01146800 0.05222100 0.06358300
v -0.00775300 0.05348500 0.06361600
v -0.00390900 0.05426700 0.06363500
v -0.02822900 0.04179900 0.06271400
v -0.02705700 0.03792800 0.06326700
v -0.03019100 0.03803700 0.06264300
v -0.02926600 0.03994800 0.06267800
v -0.02581300 0.04528700 0.06278600
v -0.02503100 0.04128400 0.06333200
v -0.02707700 0.04358200 0.06275100
v -0.02297300 0.04844000 0.06285600
v -0.02259500 0.04435700 0.06339600
v -0.02444300 0.04690800 0.06282200
v -0.01975600 0.05121100 0.06292100
v -0.01978800 0.04709800 0.06345700
v -0.02140800 0.04987600 0.06288900
v -0.01621900 0.05355100 0.06297900
v -0.01666000 0.04946500 0.06351300
v -0.01802500 0.05243800 0.06295100
v -0.01240800 0.05541800 0.06302700
v -0.01325600 0.05141500 0.06356200
v -0.01434300 0.05454600 0.06300400
v -0.00838900 0.05678200 0.06306300
v -0.00963000 0.05291200 0.06360100
v -0.01042000 0.05616400 0.06304700
v -0.00423000 0.05762400 0.06308400
v -0.00584300 0.05393700 0.06362700
v -0.00632200 0.05726900 0.06307500
v -0.00195900 0.05447400 0.06363900
v -0.00211900 0.05784500 0.06308800
v 0.00000000 0.06123500 0.06223700
v 0.00000000 0.05746800 0.06317700
v 0.00000000 0.05435100 0.06366500
v 0.00000000 0.05121600 0.06399500
v 0.00000000 0.04807500 0.06422500
v 0.00000000 0.04493200 0.06438500
v 0.00000000 0.04178700 0.06449200
v 0.00000000 0.03864200 0.06456500
v 0.00000000 0.03549700 0.06461900
v 0.00000000 0.03235300 0.06465600
v 0.00000000 0.02920800 0.06468000
v 0.00000000 0.02606400 0.06469400
v 0.00000000 0.02291900 0.06469900
v 0.00000000 0.01977500 0.06470000
v 0.00000000 0.01663100 0.06469900
v -0.00449900 0.01348700 0.06469900
v -0.00899800 0.01348700 0.06468200
v -0.01349800 0.01348700 0.06461700
v -0.01799700 0.01348700 0.06447300
v -0.02249500 0.01348700 0.06421700
v -0.02698100 0.01348700 0.06377600
v -0.03143500 0.01348700 0.06305700
v -0.03580900 0.01348700 0.06192300
v -0.03579500 0.01580100 0.06192500
v -0.03575300 0.01802100 0.06192900
v -0.03567700 0.02014400 0.06193600
v -0.03556600 0.02216800 0.06194300
v -0.03523400 0.02591700 0.06196000
v -0.03501700 0.02764100 0.06196900
v -0.03489700 0.02846500 0.06197300
v -0.03483400 0.02886800 0.06197500
v -0.03480200 0.02906700 0.06197500
v -0.03478600 0.02916600 0.06197600
v -0.03477800 0.02921500 0.06197600
v -0.03476900 0.02926400 0.06197600
v -0.03403000 0.03294900 0.06199400
v -0.03352700 0.03489100 0.06200300
v -0.03323600 0.03588500 0.06200800
v -0.03307900 0.03638700 0.06201000
v -0.03299800 0.03663900 0.06201100
v -0.03295700 0.03676500 0.06201200
v -0.03293600 0.03682800 0.06201200
v -0.03292600 0.03686000 0.06201200
v -0.03292100 0.03687600 0.06201200
v -0.03291800 0.03688400 0.06201200
v -0.03291500 0.03689200 0.06201200
v -0.03245600 0.03821000 0.06201800
v -0.03205700 0.03925500 0.06202300
v -0.03180600 0.03987000 0.06202500
v -0.03166600 0.04020000 0.06202700
v -0.03159300 0.04037000 0.06202700
v -0.03155500 0.04045700 0.06202800
v -0.03153600 0.04050100 0.06202800
v -0.03152600 0.04052300 0.06202800
v -0.03151600 0.04054500 0.06202800
v -0.03061300 0.04245200 0.06203700
v -0.02973500 0.04406800 0.06204500
v -0.03282300 0.02998300 0.06251000
v -0.03074100 0.02680200 0.06309000
v -0.03358000 0.02580700 0.06245400
v -0.03324300 0.02790100 0.06248100
v -0.03448300 0.02844700 0.06210400
v -0.03342200 0.02685600 0.06246700
v -0.03466700 0.02736200 0.06209000
v -0.03129900 0.02292500 0.06304600
v -0.03404100 0.02159000 0.06240900
v -0.03384300 0.02370300 0.06243000
v -0.03404800 0.03060800 0.06213400
v -0.03304400 0.02894400 0.06249500
v -0.03427700 0.02953000 0.06211900
v -0.03170900 0.03407600 0.06257400
v -0.02987900 0.03062700 0.06314400
v -0.03231300 0.03204200 0.06254100
v -0.03438200 0.02898900 0.06211100
v -0.03469000 0.02913000 0.06200800
v -0.03443300 0.02871800 0.06210800
v -0.03479100 0.02858300 0.06200100
v -0.03474100 0.02885600 0.06200500
v -0.03366100 0.02923700 0.06231400
v -0.03314600 0.02842300 0.06248800
v -0.03386400 0.02817500 0.06229900
v -0.03376500 0.02870600 0.06230600
v -0.03159000 0.02935500 0.06283500
v -0.03055600 0.02776500 0.06310300
v -0.03199600 0.02735300 0.06280700
v -0.03180300 0.02835500 0.06282100
v -0.02785000 0.02745800 0.06357000
v -0.02566200 0.02458800 0.06389500
v -0.02849600 0.02392300 0.06353000
v -0.02820900 0.02569500 0.06354900
v -0.03457800 0.02790500 0.06209700
v -0.03471600 0.02899300 0.06200700
v -0.03458300 0.02967500 0.06201600
v -0.03433000 0.02925900 0.06211500
v -0.03463700 0.02940200 0.06201200
v -0.03416500 0.03006900 0.06212600
v -0.03352100 0.03274600 0.06216500
v -0.03258000 0.03101500 0.06252500
v -0.03379600 0.03168000 0.06214900
v -0.03466400 0.02926600 0.06201000
v -0.02866500 0.03435300 0.06320400
v -0.03100400 0.03607700 0.06260800
v -0.03216400 0.03693500 0.06223200
v -0.03136900 0.03508100 0.06259000
v -0.03289500 0.03485800 0.06219800
v -0.03254300 0.03590100 0.06221500
v -0.03235700 0.03641900 0.06222300
v -0.03132100 0.03897000 0.06226700
v -0.03061100 0.03706300 0.06262500
v -0.03175700 0.03795800 0.06224900
v -0.03264700 0.03662700 0.06211900
v -0.03245100 0.03616000 0.06221900
v -0.03283500 0.03610400 0.06211100
v -0.03274200 0.03636600 0.06211500
v -0.03158500 0.03650700 0.06242700
v -0.03119000 0.03558000 0.06259900
v -0.03195700 0.03549200 0.06241000
v -0.03177400 0.03600000 0.06241900
v -0.02983700 0.03521600 0.06292900
v -0.02900400 0.03343400 0.06318800
v -0.03051700 0.03329200 0.06289600
v -0.03018900 0.03425900 0.06291200
v -0.02561000 0.03427700 0.06366700
v -0.02392600 0.03088100 0.06396500
v -0.02690100 0.03092400 0.06361700
v -0.02630100 0.03261700 0.06364100
v -0.03272200 0.03538000 0.06220600
v -0.03202400 0.03306300 0.06255700
v -0.03322000 0.03380600 0.06218100
v -0.03279200 0.03673100 0.06206600
v -0.03269500 0.03649700 0.06211700
v -0.03288800 0.03646900 0.06206200
v -0.03284000 0.03660000 0.06206400
v -0.03245300 0.03714800 0.06212800
v -0.03226100 0.03667700 0.06222700
v -0.03255100 0.03688800 0.06212400
v -0.03196400 0.03744800 0.06224100
v -0.03286500 0.03678300 0.06203900
v -0.03281600 0.03666600 0.06206500
v -0.03291300 0.03665200 0.06203700
v -0.03288900 0.03671800 0.06203800
v -0.03269600 0.03699300 0.06207000
v -0.03259900 0.03675800 0.06212100
v -0.03274400 0.03686200 0.06206800
v -0.03281700 0.03691400 0.06204100
v -0.03276800 0.03679700 0.06206700
v -0.03284100 0.03684900 0.06204000
v -0.03287700 0.03687500 0.06202600
v -0.03285300 0.03681600 0.06203900
v -0.03290100 0.03680900 0.06202500
v -0.03288900 0.03684200 0.06202500
v -0.03289500 0.03688800 0.06201900
v -0.03288300 0.03685800 0.06202600
v -0.03290700 0.03685500 0.06201900
v -0.03290100 0.03687100 0.06201900
v -0.03285300 0.03694100 0.06202700
v -0.03282900 0.03688200 0.06204000
v -0.03286500 0.03690800 0.06202700
v -0.03276800 0.03704500 0.06204300
v -0.03272000 0.03692800 0.06206900
v -0.03279200 0.03698000 0.06204200
v -0.03259700 0.03725400 0.06207400
v -0.03250200 0.03701800 0.06212600
v -0.03264700 0.03712400 0.06207200
v -0.03225100 0.03766500 0.06213700
v -0.03206500 0.03719100 0.06223600
v -0.03235300 0.03740700 0.06213200
v -0.03118500 0.03751100 0.06244500
v -0.03081100 0.03657100 0.06261600
v -0.03138800 0.03701000 0.06243600
v -0.02905400 0.03710200 0.06296200
v -0.02830200 0.03526400 0.06321900
v -0.02945900 0.03616500 0.06294500
v -0.03036300 0.04095300 0.06230300
v -0.02974200 0.03900000 0.06266000
v -0.03085700 0.03996800 0.06228500
v -0.03141100 0.04044900 0.06207100
v -0.03109300 0.03947100 0.06227600
v -0.03165200 0.03994200 0.06206300
v -0.03153200 0.04019600 0.06206700
v -0.03090900 0.04145200 0.06208900
v -0.03061300 0.04046200 0.06229400
v -0.03116400 0.04095200 0.06208000
v -0.02928700 0.04287400 0.06233900
v -0.02876100 0.04088200 0.06269600
v -0.02984000 0.04192200 0.06232100
v -0.03147200 0.04032300 0.06206900
v -0.03128900 0.04070100 0.06207600
v -0.03113400 0.04020900 0.06218000
v -0.03097600 0.03972000 0.06228000
v -0.03137200 0.03970700 0.06217100
v -0.03125400 0.03995800 0.06217600
v -0.03030000 0.03948500 0.06248000
v -0.02997000 0.03852000 0.06265200
v -0.03075700 0.03850400 0.06246300
v -0.03053200 0.03899600 0.06247100
v -0.02816400 0.03893900 0.06299700
v -0.02749800 0.03705200 0.06325100
v -0.02862200 0.03802700 0.06297900
v -0.02394300 0.03746200 0.06372000
v -0.02258200 0.03386000 0.06400600
v -0.02482400 0.03589400 0.06369300
v -0.03148100 0.04050900 0.06204300
v -0.03144200 0.04038600 0.06207000
v -0.03154200 0.04038200 0.06204100
v -0.03151100 0.04044600 0.06204200
v -0.03135000 0.04057500 0.06207300
v -0.03088900 0.04070800 0.06218900
v -0.03073600 0.04021600 0.06228900
v -0.03101300 0.04045900 0.06218500
v -0.02981500 0.04045100 0.06249800
v -0.02950800 0.03947600 0.06266900
v -0.03006100 0.03997000 0.06248900
v -0.03127300 0.04032900 0.06212600
v -0.03119400 0.04008400 0.06217800
v -0.03139300 0.04007700 0.06212200
v -0.03133300 0.04020300 0.06212400
v -0.03149600 0.04047700 0.06204300
v -0.03141900 0.04063500 0.06204500
v -0.03138100 0.04051200 0.06207200
v -0.03145000 0.04057200 0.06204400
v -0.03115100 0.04058000 0.06213100
v -0.03107400 0.04033400 0.06218300
v -0.03121200 0.04045500 0.06212900
v -0.03146500 0.04054100 0.06204400
v -0.02847700 0.04608200 0.06205800
v -0.02713500 0.04793800 0.06207100
v -0.02573100 0.04963400 0.06208400
v -0.02501000 0.05042400 0.06209100
v -0.02464700 0.05080500 0.06209500
v -0.02446400 0.05099200 0.06209600
v -0.02437300 0.05108400 0.06209700
v -0.02432700 0.05113000 0.06209800
v -0.02428100 0.05117600 0.06209800
v -0.02265600 0.05269900 0.06211400
v -0.02178900 0.05343600 0.06212200
v -0.02134200 0.05379700 0.06212600
v -0.02111500 0.05397500 0.06212800
v -0.02100100 0.05406400 0.06212900
v -0.02094400 0.05410800 0.06213000
v -0.02091500 0.05413000 0.06213000
v -0.02088600 0.05415200 0.06213000
v -0.01916000 0.05539200 0.06214600
v -0.01819500 0.05601800 0.06215400
v -0.01768600 0.05633000 0.06215900
v -0.01742400 0.05648600 0.06216100
v -0.01729200 0.05656300 0.06216200
v -0.01715900 0.05664100 0.06216300
v -0.01496600 0.05780200 0.06218000
v -0.01283800 0.05874500 0.06219300
v -0.01079800 0.05949300 0.06220500
v -0.00981600 0.05980200 0.06220900
v -0.00933600 0.05994200 0.06221200
v -0.00909800 0.06000800 0.06221300
v -0.00898000 0.06004000 0.06221300
v -0.00892200 0.06005600 0.06221400
v -0.00889200 0.06006400 0.06221400
v -0.00886300 0.06007200 0.06221400
v -0.00672300 0.06057100 0.06222300
v -0.00561600 0.06077300 0.06222700
v -0.00505400 0.06086100 0.06222900
v -0.00477000 0.06090200 0.06222900
v -0.00462800 0.06092200 0.06223000
v -0.00455700 0.06093200 0.06223000
v -0.00452100 0.06093600 0.06223000
v -0.00448600 0.06094100 0.06223000
v -0.00241700 0.06115100 0.06223500
v -0.02383600 0.04976700 0.06248000
v -0.02372000 0.04768600 0.06283900
v -0.02536100 0.04817800 0.06244600
v -0.02461100 0.04898500 0.06246300
v -0.02426700 0.05042600 0.06226200
v -0.02422700 0.04937900 0.06247100
v -0.02505600 0.04962900 0.06224500
v -0.02466400 0.05003100 0.06225400
v -0.02221300 0.05125800 0.06251300
v -0.02220200 0.04917000 0.06287300
v -0.02303700 0.05052500 0.06249700
v -0.02345300 0.05119800 0.06227800
v -0.02344000 0.05014900 0.06248800
v -0.02386300 0.05081500 0.06227000
v -0.02407400 0.05114600 0.06215300
v -0.02406600 0.05062100 0.06226600
v -0.02448200 0.05075300 0.06214500
v -0.02427800 0.05095100 0.06214900
v -0.02438000 0.05085200 0.06214700
v -0.02446600 0.05022900 0.06225800
v -0.02468300 0.05055500 0.06214100
v -0.02417600 0.05104900 0.06215100
v -0.02366000 0.05153200 0.06216100
v -0.02365800 0.05100700 0.06227400
v -0.02386800 0.05134000 0.06215700
v -0.02261500 0.05194400 0.06229400
v -0.02262800 0.05089500 0.06250500
v -0.02303700 0.05157400 0.06228600
v -0.02050000 0.05264300 0.06254500
v -0.02059300 0.05055600 0.06290600
v -0.02136800 0.05196400 0.06252900
v -0.02087100 0.05335300 0.06232500
v -0.02093700 0.05230700 0.06253700
v -0.02175400 0.05266200 0.06231000
v -0.02131500 0.05301100 0.06231800
v -0.01870300 0.05391600 0.06257400
v -0.01890000 0.05183800 0.06293600
v -0.01961200 0.05329400 0.06256000
v -0.01996600 0.05401600 0.06234000
v -0.02005900 0.05297200 0.06255200
v -0.02042100 0.05368800 0.06233200
v -0.02060200 0.05404400 0.06221400
v -0.02064700 0.05352200 0.06232900
v -0.02105600 0.05370700 0.06220600
v -0.02082900 0.05387600 0.06221000
v -0.02092100 0.05405300 0.06214800
v -0.02094300 0.05379200 0.06220800
v -0.02114800 0.05388300 0.06214500
v -0.02103400 0.05396800 0.06214600
v -0.02109300 0.05318300 0.06232100
v -0.02150400 0.05336200 0.06219900
v -0.02128000 0.05353500 0.06220300
v -0.02069200 0.05422200 0.06215200
v -0.02071600 0.05396100 0.06221200
v -0.02080700 0.05413800 0.06215000
v -0.02014300 0.05437500 0.06222100
v -0.02019400 0.05385300 0.06233600
v -0.02037300 0.05421100 0.06221700
v -0.01904200 0.05464900 0.06235400
v -0.01916000 0.05360800 0.06256700
v -0.01950600 0.05433600 0.06234700
v -0.01683000 0.05507100 0.06260200
v -0.01713000 0.05300900 0.06296500
v -0.01777600 0.05450800 0.06258800
v -0.02086400 0.05409600 0.06214900
v -0.01713400 0.05582500 0.06238100
v -0.01730500 0.05479300 0.06259500
v -0.01809700 0.05525200 0.06236800
v -0.01761800 0.05554200 0.06237400
v -0.01488400 0.05610300 0.06262700
v -0.01528900 0.05406400 0.06299200
v -0.01586500 0.05560300 0.06261500
v -0.01728600 0.05619900 0.06226100
v -0.01737700 0.05568500 0.06237800
v -0.01777400 0.05591500 0.06225500
v -0.01753100 0.05605800 0.06225800
v -0.01615200 0.05636600 0.06239300
v -0.01635000 0.05534100 0.06260800
v -0.01664500 0.05609900 0.06238700
v -0.01679300 0.05647700 0.06226700
v -0.01689000 0.05596300 0.06238400
v -0.01704000 0.05633900 0.06226400
v -0.00870500 0.05841900 0.06268500
v -0.00940900 0.05648900 0.06305500
v -0.01081300 0.05778000 0.06266900
v -0.00976400 0.05811600 0.06267700
v -0.00886300 0.05923100 0.06246100
v -0.00923600 0.05827200 0.06268100
v -0.00994100 0.05892300 0.06245400
v -0.00940300 0.05908200 0.06245800
v -0.00656100 0.05892400 0.06269700
v -0.00735900 0.05704200 0.06307000
v -0.00763700 0.05868900 0.06269100
v -0.00894100 0.05963500 0.06234000
v -0.00913300 0.05915800 0.06246000
v -0.00948600 0.05948400 0.06233600
v -0.00921400 0.05956000 0.06233800
v -0.00777500 0.05950500 0.06246800
v -0.00817200 0.05855800 0.06268800
v -0.00832000 0.05937200 0.06246500
v -0.00839400 0.05977700 0.06234300
v -0.00859200 0.05930300 0.06246300
v -0.00866800 0.05970700 0.06234100
v -0.00870600 0.05990800 0.06227800
v -0.00880500 0.05967100 0.06234100
v -0.00898100 0.05983600 0.06227600
v -0.00884300 0.05987200 0.06227700
v -0.00886300 0.05997300 0.06224500
v -0.00891200 0.05985400 0.06227700
v -0.00900000 0.05993600 0.06224400
v -0.00893200 0.05995400 0.06224400
v -0.00907800 0.05959800 0.06233900
v -0.00925500 0.05976100 0.06227500
v -0.00911800 0.05979900 0.06227600
v -0.00872500 0.06000900 0.06224600
v -0.00877500 0.05989000 0.06227800
v -0.00879400 0.05999100 0.06224500
v -0.00843100 0.05997900 0.06228000
v -0.00853100 0.05974200 0.06234200
v -0.00856800 0.05994400 0.06227900
v -0.00784400 0.05991000 0.06234600
v -0.00804800 0.05944000 0.06246600
v -0.00811900 0.05984500 0.06234400
v -0.00668000 0.05974400 0.06247300
v -0.00710000 0.05881000 0.06269400
v -0.00722800 0.05962900 0.06247000
v -0.00438900 0.05929000 0.06270500
v -0.00527900 0.05746300 0.06308000
v -0.00547800 0.05912400 0.06270100
v -0.00446900 0.06011500 0.06248100
v -0.00493400 0.05921100 0.06270300
v -0.00557700 0.05994700 0.06247800
v -0.00502400 0.06003600 0.06247900
v -0.00219900 0.05951600 0.06270900
v -0.00317600 0.05775100 0.06308600
v -0.00329600 0.05942100 0.06270700
v -0.00450800 0.06052600 0.06235900
v -0.00474600 0.06007700 0.06248000
v -0.00506800 0.06044500 0.06235700
v -0.00478800 0.06048700 0.06235800
v -0.00335600 0.06024800 0.06248300
v -0.00384300 0.05936000 0.06270600
v -0.00391300 0.06018600 0.06248200
v -0.00452800 0.06073000 0.06229500
v -0.00464800 0.06050600 0.06235900
v -0.00480900 0.06069100 0.06229500
v -0.00466900 0.06071100 0.06229500
v -0.00394700 0.06059700 0.06236000
v -0.00419100 0.06015200 0.06248200
v -0.00422800 0.06056200 0.06236000
v -0.00453800 0.06083200 0.06226300
v -0.00459900 0.06072000 0.06229500
v -0.00467900 0.06081200 0.06226200
v -0.00460900 0.06082200 0.06226300
v -0.00424700 0.06076700 0.06229600
v -0.00436800 0.06054400 0.06235900
v -0.00438700 0.06074800 0.06229600
v -0.00439700 0.06085000 0.06226300
v -0.00445800 0.06073900 0.06229500
v -0.00446800 0.06084100 0.06226300
v 0.03169700 0.01738500 0.06300000
v 0.03146100 0.02127600 0.06302900
v 0.03101500 0.02514500 0.06307000
v 0.03029400 0.02897500 0.06312000
v 0.02924600 0.03272700 0.06317700
v 0.02782600 0.03635500 0.06323800
v 0.02600000 0.03979700 0.06330200
v 0.02376100 0.04298700 0.06336700
v 0.02113500 0.04586900 0.06342900
v 0.01816800 0.04840200 0.06348800
v 0.01490900 0.05054100 0.06354000
v 0.01140300 0.05224800 0.06358300
v 0.00770800 0.05349700 0.06361600
v 0.00388600 0.05427100 0.06363500
v 0.02646400 0.01673700 0.06383900
v 0.02626600 0.01998100 0.06385700
v 0.02589200 0.02320700 0.06388200
v 0.02528900 0.02639900 0.06391300
v 0.02441200 0.02952600 0.06394800
v 0.02322500 0.03254900 0.06398700
v 0.02169900 0.03541800 0.06402800
v 0.01982900 0.03807600 0.06406900
v 0.01763600 0.04047900 0.06410900
v 0.01516000 0.04259100 0.06414600
v 0.01244000 0.04437500 0.06418000
v 0.00951400 0.04580000 0.06420800
v 0.00643000 0.04684300 0.06422900
v 0.00324100 0.04749200 0.06424200
v 0.02118400 0.01608800 0.06430700
v 0.02102600 0.01868300 0.06431600
v 0.02072600 0.02126400 0.06432900
v 0.02024300 0.02381700 0.06434400
v 0.01954100 0.02631900 0.06436200
v 0.01859000 0.02873700 0.06438200
v 0.01736800 0.03103200 0.06440300
v 0.01587100 0.03315900 0.06442400
v 0.01411600 0.03508100 0.06444500
v 0.01213300 0.03677000 0.06446400
v 0.00995600 0.03819800 0.06448100
v 0.00761400 0.03933900 0.06449600
v 0.00514600 0.04017400 0.06450700
v 0.00259400 0.04069300 0.06451400
v 0.01589100 0.01543800 0.06455200
v 0.01577200 0.01738400 0.06455600
v 0.01554700 0.01932000 0.06456100
v 0.01518500 0.02123500 0.06456700
v 0.01465800 0.02311100 0.06457500
v 0.01394500 0.02492500 0.06458300
v 0.01302900 0.02664600 0.06459100
v 0.01190500 0.02824100 0.06460000
v 0.01058900 0.02968300 0.06460800
v 0.00910100 0.03095000 0.06461600
v 0.00746800 0.03202100 0.06462300
v 0.00571100 0.03287600 0.06462900
v 0.00386000 0.03350300 0.06463400
v 0.00194600 0.03389300 0.06463700
v 0.01059400 0.01478800 0.06466600
v 0.01051500 0.01608500 0.06466700
v 0.01036500 0.01737600 0.06466800
v 0.01012300 0.01865200 0.06467000
v 0.00977200 0.01990300 0.06467200
v 0.00929700 0.02111200 0.06467400
v 0.00868600 0.02226000 0.06467700
v 0.00793700 0.02332300 0.06467900
v 0.00705900 0.02428400 0.06468100
v 0.00606800 0.02512900 0.06468400
v 0.00497900 0.02584300 0.06468600
v 0.00380800 0.02641300 0.06468700
v 0.00257300 0.02683100 0.06468900
v 0.00129700 0.02709100 0.06469000
v 0.00529600 0.01413700 0.06469800
v 0.00525700 0.01478600 0.06469800
v 0.00518200 0.01543100 0.06469800
v 0.00506100 0.01607000 0.06469800
v 0.00488600 0.01669500 0.06469800
v 0.00464800 0.01730000 0.06469900
v 0.00434300 0.01787300 0.06469900
v 0.00396800 0.01840500 0.06469900
v 0.00352900 0.01888500 0.06469900
v 0.00303400 0.01930800 0.06470000
v 0.00248900 0.01966500 0.06470000
v 0.00190400 0.01995000 0.06470000
v 0.00128700 0.02015900 0.06470000
v 0.00064800 0.02028900 0.06470000
v 0.00000000 0.01348700 0.06469800
v 0.00000000 0.01348700 0.06469800
v 0.00000000 0.01348700 0.06469800
v 0.00000000 0.01348700 0.06469800
v 0.00000000 0.01348700 0.06469800
v 0.00000000 0.01348700 0.06469800
v 0.00000000 0.01348700 0.06469800
v 0.00000000 0.01348700 0.06469800
v 0.00000000 0.01348700 0.06469800
v 0.00000000 0.01348700 0.06469800
v 0.00000000 0.01348700 0.06469800
v 0.00000000 0.01348700 0.06469800
v 0.00000000 0.01348700 0.06469800
v 0.00000000 0.01348700 0.06469800
v 0.02696400 0.03810400 0.06327000
v 0.02812400 0.04197200 0.06271800
v 0.03009700 0.03824500 0.06264600
v 0.02916600 0.04013800 0.06268200
v 0.02493100 0.04142800 0.06333500
v 0.02570300 0.04542500 0.06278900
v 0.02696900 0.04373700 0.06275400
v 0.02249300 0.04446900 0.06339900
v 0.02286400 0.04854500 0.06285900
v 0.02433300 0.04703000 0.06282400
v 0.01969100 0.04718200 0.06345900
v 0.01965600 0.05128700 0.06292300
v 0.02130300 0.04996700 0.06289200
v 0.01657200 0.04952300 0.06351500
v 0.01613100 0.05360100 0.06298000
v 0.01793000 0.05250000 0.06295300
v 0.01318300 0.05145100 0.06356300
v 0.01233800 0.05544700 0.06302800
v 0.01426400 0.05458500 0.06300500
v 0.00957500 0.05293100 0.06360100
v 0.00834000 0.05679500 0.06306300
v 0.01036000 0.05618500 0.06304700
v 0.00580800 0.05394400 0.06362700
v 0.00420500 0.05762800 0.06308400
v 0.00628500 0.05727700 0.06307500
v 0.00194700 0.05447500 0.06363900
v 0.00210700 0.05784600 0.06308800
v 0.00000000 0.01663100 0.06469900
v 0.00000000 0.01977500 0.06470000
v 0.00000000 0.02291900 0.06469900
v 0.00000000 0.02606400 0.06469400
v 0.00000000 0.02920800 0.06468000
v 0.00000000 0.03235300 0.06465600
v 0.00000000 0.03549700 0.06461900
v 0.00000000 0.03864200 0.06456500
v 0.00000000 0.04178700 0.06449200
v 0.00000000 0.04493200 0.06438500
v 0.00000000 0.04807500 0.06422500
v 0.00000000 0.05121600 0.06399500
v 0.00000000 0.05435100 0.06366500
v 0.00000000 0.05746800 0.06317700
v 0.00000000 0.06123500 0.06223700
v 0.00241500 0.06115000 0.06223500
v 0.00349300 0.06105700 0.06223300
v 0.00400000 0.06100200 0.06223100
v 0.00424500 0.06097200 0.06223100
v 0.00436600 0.06095700 0.06223100
v 0.00442600 0.06094900 0.06223000
v 0.00445600 0.06094500 0.06223000
v 0.00448500 0.06094100 0.06223000
v 0.00672500 0.06057000 0.06222300
v 0.00780900 0.06033500 0.06221900
v 0.00834200 0.06020600 0.06221600
v 0.00860700 0.06013900 0.06221500
v 0.00873800 0.06010500 0.06221500
v 0.00880400 0.06008800 0.06221400
v 0.00883600 0.06007900 0.06221400
v 0.00886900 0.06007000 0.06221400
v 0.01080500 0.05949100 0.06220500
v 0.01284500 0.05874200 0.06219300
v 0.01497000 0.05780000 0.06217900
v 0.01605800 0.05724900 0.06217200
v 0.01660700 0.05695200 0.06216700
v 0.01688200 0.05679800 0.06216500
v 0.01702000 0.05672000 0.06216400
v 0.01715800 0.05664100 0.06216300
v 0.01915800 0.05539400 0.06214600
v 0.02005500 0.05476900 0.06213800
v 0.02047900 0.05445900 0.06213400
v 0.02068600 0.05430500 0.06213200
v 0.02078700 0.05422800 0.06213100
v 0.02083800 0.05418900 0.06213100
v 0.02086300 0.05417000 0.06213100
v 0.02088800 0.05415100 0.06213000
v 0.02265300 0.05270300 0.06211400
v 0.02348200 0.05195000 0.06210600
v 0.02388300 0.05156800 0.06210200
v 0.02408100 0.05137500 0.06210000
v 0.02417900 0.05127900 0.06209900
v 0.02422700 0.05123000 0.06209900
v 0.02427600 0.05118200 0.06209800
v 0.02572900 0.04963600 0.06208400
v 0.02713300 0.04794100 0.06207100
v 0.02847000 0.04609400 0.06205800
v 0.02972000 0.04409400 0.06204600
v 0.00315700 0.05775300 0.06308600
v 0.00218600 0.05951700 0.06270900
v 0.00436300 0.05929400 0.06270500
v 0.00327700 0.05942300 0.06270800
v 0.00382000 0.05936300 0.06270600
v 0.00333600 0.06025000 0.06248300
v 0.00444200 0.06011900 0.06248100
v 0.00389000 0.06018900 0.06248200
v 0.00524800 0.05746900 0.06308000
v 0.00652200 0.05893200 0.06269700
v 0.00544600 0.05913000 0.06270200
v 0.00416600 0.06015500 0.06248200
v 0.00392400 0.06059900 0.06236000
v 0.00448200 0.06052900 0.06235900
v 0.00420300 0.06056500 0.06236000
v 0.00490500 0.05921600 0.06270300
v 0.00554400 0.05995300 0.06247800
v 0.00499400 0.06004000 0.06247900
v 0.00434200 0.06054800 0.06235900
v 0.00422200 0.06077000 0.06229600
v 0.00450100 0.06073300 0.06229500
v 0.00436100 0.06075200 0.06229600
v 0.00471800 0.06008100 0.06248000
v 0.00503800 0.06045000 0.06235800
v 0.00476000 0.06049100 0.06235800
v 0.00443100 0.06074300 0.06229600
v 0.00437100 0.06085400 0.06226300
v 0.00451100 0.06083500 0.06226300
v 0.00444100 0.06084500 0.06226300
v 0.00462100 0.06051000 0.06235900
v 0.00478100 0.06069500 0.06229500
v 0.00464100 0.06071400 0.06229500
v 0.00731600 0.05705200 0.06307000
v 0.00865500 0.05843300 0.06268500
v 0.00759200 0.05869900 0.06269100
v 0.00812400 0.05857000 0.06268800
v 0.00773000 0.05951600 0.06246800
v 0.00881100 0.05924500 0.06246200
v 0.00827200 0.05938500 0.06246500
v 0.00935500 0.05650600 0.06305600
v 0.01075100 0.05780100 0.06266900
v 0.00970800 0.05813400 0.06267800
v 0.00854200 0.05931600 0.06246300
v 0.00834500 0.05978900 0.06234300
v 0.00889000 0.05964900 0.06234000
v 0.00861800 0.05972000 0.06234200
v 0.00918200 0.05828800 0.06268100
v 0.00988300 0.05894100 0.06245400
v 0.00934900 0.05909700 0.06245800
v 0.00875400 0.05968500 0.06234100
v 0.00865500 0.05992100 0.06227800
v 0.00892900 0.05985000 0.06227700
v 0.00879200 0.05988600 0.06227700
v 0.00908000 0.05917200 0.06246000
v 0.00943200 0.05950000 0.06233700
v 0.00916100 0.05957500 0.06233800
v 0.00872400 0.05990400 0.06227800
v 0.00867400 0.06002200 0.06224600
v 0.00881100 0.05998600 0.06224500
v 0.00874300 0.06000400 0.06224500
v 0.00848100 0.05975500 0.06234200
v 0.00838200 0.05999100 0.06228000
v 0.00851900 0.05995600 0.06227900
v 0.00800100 0.05945100 0.06246600
v 0.00779800 0.05992100 0.06234600
v 0.00807200 0.05985600 0.06234500
v 0.00705800 0.05882000 0.06269400
v 0.00664000 0.05975200 0.06247300
v 0.00718600 0.05963800 0.06247100
v 0.00886000 0.05986800 0.06227700
v 0.00894800 0.05995000 0.06224400
v 0.00888000 0.05996800 0.06224500
v 0.00902500 0.05961200 0.06233900
v 0.00920100 0.05977600 0.06227500
v 0.00906500 0.05981300 0.06227600
v 0.01520500 0.05410800 0.06299300
v 0.01480100 0.05614300 0.06262800
v 0.01673900 0.05512300 0.06260300
v 0.01577800 0.05564900 0.06261600
v 0.01626100 0.05539000 0.06261000
v 0.01606400 0.05641300 0.06239400
v 0.01704100 0.05587800 0.06238200
v 0.01655500 0.05614900 0.06238800
v 0.01703900 0.05306500 0.06296700
v 0.01860500 0.05398000 0.06257600
v 0.01768100 0.05456700 0.06259000
v 0.01679900 0.05601400 0.06238500
v 0.01670200 0.05652700 0.06226800
v 0.01719300 0.05625300 0.06226200
v 0.01694800 0.05639100 0.06226500
v 0.01721200 0.05484800 0.06259700
v 0.01800100 0.05531200 0.06236900
v 0.01752300 0.05559800 0.06237600
v 0.01880200 0.05190700 0.06293800
v 0.02039600 0.05272200 0.06254600
v 0.01951000 0.05336500 0.06256100
v 0.01995500 0.05304700 0.06255400
v 0.01986300 0.05408900 0.06234100
v 0.02076400 0.05343400 0.06232700
v 0.02031600 0.05376500 0.06233400
v 0.02048900 0.05064000 0.06290800
v 0.02210400 0.05135200 0.06251500
v 0.02126000 0.05205000 0.06253100
v 0.02054100 0.05360000 0.06233100
v 0.02049600 0.05412200 0.06221500
v 0.02094800 0.05378800 0.06220800
v 0.02072300 0.05395500 0.06221200
v 0.02083100 0.05238900 0.06253900
v 0.02164500 0.05275000 0.06231200
v 0.02120700 0.05309500 0.06231900
v 0.02061000 0.05403900 0.06221400
v 0.02058600 0.05429900 0.06215300
v 0.02081400 0.05413300 0.06215000
v 0.02070000 0.05421600 0.06215200
v 0.02009000 0.05392800 0.06233800
v 0.02003900 0.05444800 0.06222200
v 0.02026800 0.05428600 0.06221900
v 0.01906000 0.05367600 0.06256900
v 0.01894100 0.05471500 0.06235600
v 0.01940400 0.05440600 0.06234900
v 0.02075700 0.05417400 0.06215100
v 0.02083600 0.05387200 0.06221000
v 0.02104000 0.05396400 0.06214600
v 0.02092700 0.05404800 0.06214800
v 0.02098600 0.05326500 0.06232300
v 0.02139500 0.05344600 0.06220100
v 0.02117200 0.05361800 0.06220400
v 0.02087000 0.05409100 0.06214900
v 0.02209500 0.04926800 0.06287500
v 0.02372400 0.04987700 0.06248200
v 0.02292600 0.05062700 0.06249900
v 0.02332800 0.05025500 0.06249100
v 0.02334000 0.05130100 0.06228100
v 0.02415200 0.05053800 0.06226400
v 0.02374900 0.05092300 0.06227200
v 0.02361000 0.04779900 0.06284200
v 0.02524700 0.04830400 0.06244800
v 0.02449800 0.04910300 0.06246500
v 0.02395100 0.05073100 0.06226800
v 0.02395900 0.05125500 0.06215500
v 0.02436600 0.05086600 0.06214700
v 0.02416300 0.05106100 0.06215100
v 0.02411400 0.04949300 0.06247400
v 0.02494000 0.04974900 0.06224800
v 0.02454900 0.05014700 0.06225600
v 0.02406100 0.05115800 0.06215300
v 0.02354500 0.05111300 0.06227700
v 0.02354600 0.05163700 0.06216300
v 0.02375300 0.05144600 0.06215900
v 0.02251800 0.05099300 0.06250700
v 0.02250300 0.05203900 0.06229600
v 0.02292400 0.05167400 0.06228800
v 0.02426500 0.05096400 0.06214900
v 0.02435100 0.05034300 0.06226000
v 0.02476600 0.05047200 0.06213900
v 0.02456700 0.05067000 0.06214300
v 0.03014900 0.04329500 0.06204700
v 0.03039000 0.04283800 0.06204500
v 0.03051700 0.04259600 0.06204400
v 0.03058100 0.04247100 0.06204300
v 0.03061400 0.04240700 0.06204300
v 0.03063100 0.04237500 0.06204200
v 0.03063900 0.04235900 0.06204200
v 0.03064300 0.04235100 0.06204200
v 0.03064700 0.04234300 0.06204200
v 0.03082500 0.04199500 0.06203900
v 0.03094700 0.04175100 0.06203700
v 0.03101600 0.04161200 0.06203600
v 0.03105200 0.04153800 0.06203600
v 0.03107100 0.04150000 0.06203500
v 0.03109000 0.04146100 0.06203500
v 0.03133100 0.04095500 0.06203100
v 0.03142700 0.04074700 0.06202900
v 0.03146900 0.04065400 0.06202800
v 0.03150700 0.04057000 0.06202800
v 0.03184900 0.03977600 0.06202400
v 0.03204500 0.03929500 0.06202100
v 0.03214800 0.03903400 0.06202000
v 0.03220100 0.03889800 0.06202000
v 0.03222700 0.03882800 0.06202000
v 0.03224100 0.03879300 0.06202000
v 0.03224700 0.03877500 0.06202000
v 0.03225400 0.03875800 0.06201900
v 0.03268200 0.03758100 0.06201500
v 0.03281700 0.03718300 0.06201400
v 0.03286800 0.03703200 0.06201300
v 0.03288900 0.03696900 0.06201300
v 0.03289800 0.03694000 0.06201300
v 0.03290300 0.03692700 0.06201300
v 0.03290500 0.03692000 0.06201300
v 0.03290700 0.03691400 0.06201300
v 0.03345900 0.03512700 0.06200400
v 0.03360800 0.03459700 0.06200200
v 0.03364600 0.03446000 0.06200100
v 0.03368400 0.03431800 0.06200000
v 0.03376000 0.03403300 0.06199900
v 0.03403300 0.03293700 0.06199400
v 0.03446200 0.03096000 0.06198400
v 0.03462800 0.03008100 0.06198000
v 0.03470000 0.02967000 0.06197800
v 0.03473400 0.02947200 0.06197700
v 0.03475000 0.02937500 0.06197700
v 0.03475900 0.02932600 0.06197700
v 0.03476300 0.02930200 0.06197700
v 0.03476400 0.02929000 0.06197700
v 0.03476600 0.02927800 0.06197700
v 0.03531000 0.02517000 0.06195800
v 0.03548200 0.02324400 0.06195000
v 0.03555000 0.02231400 0.06194600
v 0.03560600 0.02140600 0.06194300
v 0.03569900 0.01951300 0.06193600
v 0.03573500 0.01850200 0.06193200
v 0.03575100 0.01798000 0.06193100
v 0.03575800 0.01771600 0.06193000
v 0.03576100 0.01758200 0.06192900
v 0.03576300 0.01751500 0.06192900
v 0.03576400 0.01744800 0.06192900
v 0.03580900 0.01348700 0.06192300
v 0.02865900 0.04106300 0.06270000
v 0.02917900 0.04305400 0.06234200
v 0.03025900 0.04115000 0.06230600
v 0.02973400 0.04211000 0.06232400
v 0.02946000 0.04258400 0.06233300
v 0.02970400 0.04359100 0.06212700
v 0.03026900 0.04263000 0.06211000
v 0.02999000 0.04311200 0.06211900
v 0.02756000 0.04286400 0.06273600
v 0.02798100 0.04488600 0.06237800
v 0.02859500 0.04397900 0.06236000
v 0.03000000 0.04163200 0.06231500
v 0.03080400 0.04165200 0.06209200
v 0.03054000 0.04214300 0.06210100
v 0.02964600 0.03919800 0.06266400
v 0.03122400 0.03918400 0.06227100
v 0.03075600 0.04017400 0.06228800
v 0.02858600 0.03456000 0.06320700
v 0.03163100 0.03431600 0.06257800
v 0.03091700 0.03630100 0.06261200
v 0.03040500 0.04238700 0.06210600
v 0.03047300 0.04226500 0.06210300
v 0.03053900 0.04251500 0.06204900
v 0.03067500 0.04227000 0.06204500
v 0.03067300 0.04189800 0.06209700
v 0.03051200 0.04066400 0.06229700
v 0.03130900 0.04065900 0.06207500
v 0.03106000 0.04115800 0.06208400
v 0.02986800 0.04187200 0.06232000
v 0.03000100 0.04237000 0.06221900
v 0.03027000 0.04188800 0.06221100
v 0.03013700 0.04213000 0.06221500
v 0.02891600 0.04060200 0.06269100
v 0.02919700 0.04158700 0.06252000
v 0.02971400 0.04064500 0.06250200
v 0.02945900 0.04111800 0.06251100
v 0.02649500 0.03895800 0.06328600
v 0.02706400 0.04088600 0.06303500
v 0.02806800 0.03912200 0.06300000
v 0.02757900 0.04001200 0.06301700
v 0.02250500 0.03400700 0.06400800
v 0.02385400 0.03760800 0.06372200
v 0.02553100 0.03445300 0.06367000
v 0.02474000 0.03605600 0.06369600
v 0.03033700 0.04250900 0.06210800
v 0.03047100 0.04263800 0.06205100
v 0.03013000 0.04287200 0.06211400
v 0.03064100 0.04233200 0.06204600
v 0.03060700 0.04202100 0.06209900
v 0.03074200 0.04214800 0.06204200
v 0.03013100 0.04139200 0.06231100
v 0.03053200 0.04140200 0.06220200
v 0.03040200 0.04164500 0.06220600
v 0.03062400 0.04236200 0.06204600
v 0.03050600 0.04220400 0.06210200
v 0.03054000 0.04232900 0.06207500
v 0.03060700 0.04220700 0.06207300
v 0.03057400 0.04226800 0.06207400
v 0.03020400 0.04200900 0.06221300
v 0.03027100 0.04225900 0.06216100
v 0.03040500 0.04201600 0.06215600
v 0.03033800 0.04213700 0.06215900
v 0.03063300 0.04234700 0.06204600
v 0.03065800 0.04230100 0.06204500
v 0.03070800 0.04220900 0.06204400
v 0.03055700 0.04229900 0.06207500
v 0.03057400 0.04236100 0.06206100
v 0.03060700 0.04230000 0.06206000
v 0.03059000 0.04233100 0.06206000
v 0.03043900 0.04232600 0.06210400
v 0.03047200 0.04245100 0.06207700
v 0.03050600 0.04239000 0.06207600
v 0.03093300 0.04140500 0.06208800
v 0.03086900 0.04152900 0.06209000
v 0.03038600 0.04090700 0.06230200
v 0.03078600 0.04091100 0.06219300
v 0.03066000 0.04115700 0.06219700
v 0.02940900 0.03967000 0.06267300
v 0.03020200 0.03968700 0.06248400
v 0.02996100 0.04016800 0.06249300
v 0.02740800 0.03723600 0.06325400
v 0.02896400 0.03730100 0.06296600
v 0.02852900 0.03821800 0.06298300
v 0.03090100 0.04146700 0.06208900
v 0.03093700 0.04159100 0.06206200
v 0.03100100 0.04146700 0.06206000
v 0.03096900 0.04152900 0.06206100
v 0.03099700 0.04128200 0.06208600
v 0.03118600 0.04090900 0.06207900
v 0.03099400 0.03968100 0.06228000
v 0.03155100 0.04015700 0.06206600
v 0.03052100 0.03727800 0.06262900
v 0.03207400 0.03716700 0.06223600
v 0.03166400 0.03818200 0.06225300
v 0.03059600 0.04127900 0.06219900
v 0.03066800 0.04152700 0.06214800
v 0.03079600 0.04128100 0.06214300
v 0.03073200 0.04140400 0.06214500
v 0.03096500 0.04134400 0.06208700
v 0.03106500 0.04134300 0.06205800
v 0.03103300 0.04140500 0.06205900
v 0.03072300 0.04103400 0.06219500
v 0.03092300 0.04103400 0.06213900
v 0.03086000 0.04115800 0.06214100
v 0.03063500 0.04042000 0.06229300
v 0.03103300 0.04041700 0.06218400
v 0.03091100 0.04066500 0.06218800
v 0.03143100 0.04040800 0.06207100
v 0.03137000 0.04053400 0.06207300
v 0.03087600 0.03992800 0.06228400
v 0.03127300 0.03991900 0.06217500
v 0.03115400 0.04016900 0.06218000
v 0.02987500 0.03872300 0.06265500
v 0.03066200 0.03871500 0.06246600
v 0.03043500 0.03920300 0.06247500
v 0.03144800 0.03868500 0.06226200
v 0.03223200 0.03863000 0.06204000
v 0.03201300 0.03914200 0.06204900
v 0.03212300 0.03888600 0.06204500
v 0.03187300 0.03767600 0.06224400
v 0.03244500 0.03811500 0.06203200
v 0.03128700 0.03531300 0.06259400
v 0.03281300 0.03510700 0.06220200
v 0.03245700 0.03614100 0.06221900
v 0.02981400 0.03086300 0.06314800
v 0.03276100 0.03025300 0.06251400
v 0.03224300 0.03229800 0.06254500
v 0.03217800 0.03875800 0.06204300
v 0.03234000 0.03837300 0.06203600
v 0.03155700 0.03843300 0.06225700
v 0.03173000 0.03891400 0.06215800
v 0.03194800 0.03840600 0.06214900
v 0.03184000 0.03866000 0.06215300
v 0.03031200 0.03776300 0.06263800
v 0.03109300 0.03773100 0.06244900
v 0.03088100 0.03822500 0.06245800
v 0.02821900 0.03546300 0.06322300
v 0.02975400 0.03543200 0.06293200
v 0.02937200 0.03637200 0.06294900
v 0.02386000 0.03105300 0.06396800
v 0.02683500 0.03112700 0.06361900
v 0.02622800 0.03280700 0.06364400
v 0.03215100 0.03882200 0.06204400
v 0.03189400 0.03853300 0.06215100
v 0.03198200 0.03877300 0.06210000
v 0.03209000 0.03851800 0.06209500
v 0.03203600 0.03864600 0.06209700
v 0.03176900 0.03792900 0.06224900
v 0.03215900 0.03789500 0.06214000
v 0.03205400 0.03815100 0.06214500
v 0.03072200 0.03679100 0.06262000
v 0.03149700 0.03673500 0.06243100
v 0.03129800 0.03723400 0.06244000
v 0.03206800 0.03901400 0.06204700
v 0.03220500 0.03869400 0.06204200
v 0.03228600 0.03850100 0.06203800
v 0.03219200 0.03872600 0.06204200
v 0.03221400 0.03878600 0.06202900
v 0.03224100 0.03872200 0.06202800
v 0.03222700 0.03875400 0.06202800
v 0.03206300 0.03858200 0.06209600
v 0.03210700 0.03870200 0.06207000
v 0.03216100 0.03857400 0.06206800
v 0.03213400 0.03863800 0.06206900
v 0.03200200 0.03827900 0.06214700
v 0.03219700 0.03826200 0.06209100
v 0.03214400 0.03839000 0.06209300
v 0.03226900 0.03665500 0.06222700
v 0.03284800 0.03707600 0.06201500
v 0.03275000 0.03733700 0.06201900
v 0.03263900 0.03562500 0.06221000
v 0.03194900 0.03331100 0.06256100
v 0.03344800 0.03301200 0.06216900
v 0.03314300 0.03406300 0.06218500
v 0.03236400 0.03639900 0.06222300
v 0.03255900 0.03686600 0.06212300
v 0.03274900 0.03634700 0.06211500
v 0.03265500 0.03660700 0.06211900
v 0.03110500 0.03580800 0.06260300
v 0.03187300 0.03572800 0.06241400
v 0.03168800 0.03623300 0.06242300
v 0.02892800 0.03364800 0.06319200
v 0.03044100 0.03352300 0.06290000
v 0.03011000 0.03448200 0.06291600
v 0.03287300 0.03701100 0.06201400
v 0.03260700 0.03673700 0.06212100
v 0.03270400 0.03697100 0.06207000
v 0.03280000 0.03671100 0.06206500
v 0.03275200 0.03684100 0.06206800
v 0.03217300 0.03691100 0.06223100
v 0.03236200 0.03738200 0.06213200
v 0.03246200 0.03712400 0.06212800
v 0.03277600 0.03677600 0.06206700
v 0.03282400 0.03689300 0.06204000
v 0.03287200 0.03676300 0.06203800
v 0.03284800 0.03682800 0.06203900
v 0.03270200 0.03647700 0.06211700
v 0.03289400 0.03645000 0.06206100
v 0.03284700 0.03658100 0.06206300
v 0.03254900 0.03588400 0.06221400
v 0.03293200 0.03582600 0.06210600
v 0.03284100 0.03608700 0.06211100
v 0.03146200 0.03481600 0.06258600
v 0.03222300 0.03471200 0.06239700
v 0.03205100 0.03522100 0.06240500
v 0.03283600 0.03686100 0.06204000
v 0.03286100 0.03691900 0.06202700
v 0.03288500 0.03685400 0.06202600
v 0.03287300 0.03688700 0.06202600
v 0.03272800 0.03690600 0.06206900
v 0.03277600 0.03702300 0.06204200
v 0.03280000 0.03695800 0.06204100
v 0.03251100 0.03699500 0.06212500
v 0.03260600 0.03723000 0.06207400
v 0.03265500 0.03710100 0.06207200
v 0.03286700 0.03690300 0.06202600
v 0.03287900 0.03693200 0.06202000
v 0.03289100 0.03690000 0.06201900
v 0.03288500 0.03691600 0.06202000
v 0.03281200 0.03692600 0.06204100
v 0.03283600 0.03698400 0.06202800
v 0.03284900 0.03695200 0.06202700
v 0.03298200 0.03458600 0.06219300
v 0.03306300 0.03432500 0.06218900
v 0.03327700 0.03477800 0.06209000
v 0.03344100 0.03425000 0.06208200
v 0.03336000 0.03451400 0.06208600
v 0.03329900 0.03353800 0.06217700
v 0.03251400 0.03127900 0.06252900
v 0.03398400 0.03088900 0.06213800
v 0.03372800 0.03195300 0.06215300
v 0.03069300 0.02706600 0.06309400
v 0.03353700 0.02610700 0.06245700
v 0.03319100 0.02818700 0.06248400
v 0.03179300 0.03381500 0.06256900
v 0.03254700 0.03368800 0.06238000
v 0.03238800 0.03420100 0.06238900
v 0.02954200 0.03179900 0.06316200
v 0.03103200 0.03158200 0.06286900
v 0.03074800 0.03255600 0.06288400
v 0.02488700 0.02797200 0.06393000
v 0.02779800 0.02768700 0.06357300
v 0.02735700 0.02941800 0.06359600
v 0.03322200 0.03380100 0.06218100
v 0.03359700 0.03372000 0.06207400
v 0.03352000 0.03398500 0.06207800
v 0.03209900 0.03280500 0.06255300
v 0.03284700 0.03265500 0.06236400
v 0.03270000 0.03317200 0.06237200
v 0.03298700 0.02922200 0.06249900
v 0.03442800 0.02874400 0.06210800
v 0.03421800 0.02981800 0.06212300
v 0.03432600 0.02928100 0.06211500
v 0.03337400 0.02714800 0.06247100
v 0.03478700 0.02658500 0.06208100
v 0.03461800 0.02766600 0.06209400
v 0.03126800 0.02321400 0.06304800
v 0.03401700 0.02191800 0.06241100
v 0.03381000 0.02401600 0.06243300
v 0.03427200 0.02955000 0.06211900
v 0.03463300 0.02942500 0.06201200
v 0.03457900 0.02969600 0.06201600
v 0.03309100 0.02870500 0.06249200
v 0.03360300 0.02952100 0.06231800
v 0.03381100 0.02846600 0.06230300
v 0.03371000 0.02899400 0.06231000
v 0.03050400 0.02802200 0.06310700
v 0.03153100 0.02961500 0.06283900
v 0.03194500 0.02762700 0.06281100
v 0.03174800 0.02862300 0.06282500
v 0.02562200 0.02480800 0.06389700
v 0.02846000 0.02417700 0.06353300
v 0.02816400 0.02593700 0.06355200
v 0.03410400 0.03035400 0.06213000
v 0.03437800 0.02901300 0.06211200
v 0.03473600 0.02888200 0.06200500
v 0.03468500 0.02915400 0.06200900
v 0.03452600 0.02820500 0.06210100
v 0.03465900 0.02928900 0.06201100
v 0.03467200 0.02922100 0.06201000
v 0.03473600 0.02932500 0.06198400
v 0.03476200 0.02918900 0.06198200
v 0.03474900 0.02925700 0.06198300
v 0.03471100 0.02901800 0.06200700
v 0.03447800 0.02847400 0.06210500
v 0.03483400 0.02833900 0.06199800
v 0.03478600 0.02861000 0.06200200
v 0.03328500 0.02766800 0.06247800
v 0.03399700 0.02740700 0.06228900
v 0.03390600 0.02793700 0.06229600
v 0.03086300 0.02610700 0.06308200
v 0.03228000 0.02562700 0.06278500
v 0.03212200 0.02662800 0.06279800
v 0.03435200 0.02914700 0.06211400
v 0.03447900 0.02935300 0.06206400
v 0.03453200 0.02908300 0.06206100
v 0.03450600 0.02921800 0.06206200
v 0.03376100 0.02873000 0.06230700
v 0.03401800 0.02913800 0.06221500
v 0.03412000 0.02860500 0.06220700
v 0.03407000 0.02887100 0.06221100
v 0.03474300 0.02929100 0.06198400
v 0.03464600 0.02935700 0.06201100
v 0.03472300 0.02939300 0.06198500
v 0.03460600 0.02956000 0.06201400
v 0.03160100 0.01933200 0.06301300
v 0.03426900 0.01770600 0.06237700
v 0.03416700 0.01981300 0.06239200
v 0.03422400 0.01876000 0.06238400
v 0.03554100 0.01786500 0.06199900
v 0.03549400 0.01895900 0.06200600
v 0.03175600 0.01543600 0.06299000
v 0.03436400 0.01348700 0.06235800
v 0.03433200 0.01559600 0.06236600
v 0.03551900 0.01841200 0.06200200
v 0.03430500 0.01665100 0.06237100
v 0.03560500 0.01567500 0.06198700
v 0.03557700 0.01677000 0.06199200
v 0.03556000 0.01731800 0.06199500
v 0.03555100 0.01759100 0.06199700
v 0.03428800 0.01717800 0.06237400
v 0.03490700 0.01778500 0.06219400
v 0.03494300 0.01671100 0.06218800
v 0.03492600 0.01724800 0.06219100
v 0.03173000 0.01641000 0.06299500
v 0.03298700 0.01754500 0.06270900
v 0.03304800 0.01551600 0.06269800
v 0.03302200 0.01653100 0.06270300
v 0.02651400 0.01511200 0.06383300
v 0.02908800 0.01706100 0.06347700
v 0.02914300 0.01527400 0.06346900
v 0.03555600 0.01745400 0.06199600
v 0.03570900 0.01761000 0.06194600
v 0.03571800 0.01733500 0.06194500
v 0.03571400 0.01747200 0.06194500
v 0.03556900 0.01704400 0.06199400
v 0.03559200 0.01622300 0.06198900
v 0.03435100 0.01454100 0.06236100
v 0.03563700 0.01348700 0.06197800
v 0.03562400 0.01458100 0.06198200
v 0.03491700 0.01751700 0.06219200
v 0.03522400 0.01782500 0.06209800
v 0.03524300 0.01728300 0.06209500
v 0.03523400 0.01755400 0.06209600
v 0.03424800 0.01823300 0.06238100
v 0.03486000 0.01886000 0.06220100
v 0.03488500 0.01832300 0.06219800
v 0.03165400 0.01835900 0.06300600
v 0.03288800 0.01957300 0.06272300
v 0.03294300 0.01855900 0.06271600
v 0.02638400 0.01836000 0.06384700
v 0.02887100 0.02062900 0.06350000
v 0.02900000 0.01884600 0.06348700
v 0.03401400 0.01348700 0.06245400
v 0.03401300 0.01348700 0.06245400
v 0.03401200 0.01348700 0.06245400
v 0.02922400 0.01348700 0.06345600
v 0.02437500 0.01348700 0.06406000
v 0.01950400 0.01348700 0.06440200
v 0.01590200 0.01348700 0.06455200
v 0.01230000 0.01348700 0.06464100
v 0.00869800 0.01348700 0.06468400
v 0.00509500 0.01348700 0.06469800
v 0.03177400 0.01446100 0.06298700
v 0.03306700 0.01450100 0.06269500
v 0.03307400 0.01399400 0.06269300
v 0.03371000 0.01452100 0.06253300
v 0.03435800 0.01401400 0.06236000
v 0.03371800 0.01400400 0.06253200
v 0.03372000 0.01374600 0.06253100
v 0.03403800 0.01400900 0.06244700
v 0.03436100 0.01375100 0.06235900
v 0.03404400 0.01348700 0.06244600
v 0.03404100 0.01374800 0.06244600
v 0.03498900 0.01456100 0.06217800
v 0.03563100 0.01403400 0.06198000
v 0.03500200 0.01348700 0.06217400
v 0.03499600 0.01402400 0.06217600
v 0.03372200 0.01361700 0.06253100
v 0.03388100 0.01374700 0.06248900
v 0.03404300 0.01361800 0.06244600
v 0.03388200 0.01361700 0.06248900
v 0.03307700 0.01374100 0.06269200
v 0.03339600 0.01399900 0.06261400
v 0.03339900 0.01374300 0.06261300
v 0.03178100 0.01397400 0.06298500
v 0.03242200 0.01448100 0.06284600
v 0.03242900 0.01398400 0.06284400
v 0.02916000 0.01438000 0.06346700
v 0.03045200 0.01535500 0.06324600
v 0.03047000 0.01442100 0.06324300
v 0.03388300 0.01355200 0.06248800
v 0.03396200 0.01361700 0.06246700
v 0.03404300 0.01355300 0.06244600
v 0.03396300 0.01355200 0.06246700
v 0.03420100 0.01374900 0.06240300
v 0.03436300 0.01361900 0.06235800
v 0.03420400 0.01348700 0.06240200
v 0.03420300 0.01361800 0.06240200
v 0.03467800 0.01401900 0.06226900
v 0.03499900 0.01375600 0.06217500
v 0.03468300 0.01348700 0.06226800
v 0.03468100 0.01375300 0.06226800
v 0.03396300 0.01352000 0.06246700
v 0.03400300 0.01355200 0.06245600
v 0.03404400 0.01352000 0.06244600
v 0.03400300 0.01352000 0.06245600
v 0.03412300 0.01361800 0.06242400
v 0.03420300 0.01355300 0.06240200
v 0.03412400 0.01348700 0.06242400
v 0.03412300 0.01355300 0.06242400
v 0.03400400 0.01350400 0.06245600
v 0.03402300 0.01352000 0.06245100
v 0.03404400 0.01350400 0.06244600
v 0.03402400 0.01348700 0.06245100
v 0.03402400 0.01350400 0.06245100
v 0.03408300 0.01355300 0.06243500
v 0.03412400 0.01352000 0.06242400
v 0.03408400 0.01348700 0.06243500
v 0.03408400 0.01352000 0.06243500
v 0.03400400 0.01349500 0.06245600
v 0.03401400 0.01350400 0.06245400
v 0.03402400 0.01349500 0.06245100
v 0.03401400 0.01349500 0.06245400
v 0.03396400 0.01350400 0.06246700
v 0.03398300 0.01352000 0.06246200
v 0.03398400 0.01350400 0.06246200
v 0.03388300 0.01352000 0.06248800
v 0.03392300 0.01355200 0.06247800
v 0.03392300 0.01352000 0.06247800
v 0.03372200 0.01355200 0.06253000
v 0.03380200 0.01361700 0.06251000
v 0.03380300 0.01355200 0.06250900
v 0.03340000 0.01361500 0.06261300
v 0.03356000 0.01374500 0.06257200
v 0.03356100 0.01361600 0.06257200
v 0.03400400 0.01349100 0.06245600
v 0.03400900 0.01349500 0.06245500
v 0.03401400 0.01349100 0.06245400
v 0.03400900 0.01349100 0.06245500
v 0.03398400 0.01349500 0.06246200
v 0.03399400 0.01350400 0.06245900
v 0.03399400 0.01349500 0.06245900
v 0.03400900 0.01348900 0.06245500
v 0.03401100 0.01349100 0.06245400
v 0.03401400 0.01348900 0.06245400
v 0.03401100 0.01348900 0.06245400
v 0.03401900 0.01349500 0.06245200
v 0.03402400 0.01349100 0.06245100
v 0.03401900 0.01348700 0.06245200
v 0.03401900 0.01349100 0.06245200
v 0.03403400 0.01350400 0.06244800
v 0.03404400 0.01349500 0.06244600
v 0.03403400 0.01348700 0.06244800
v 0.03403400 0.01349500 0.06244800
v 0.03406400 0.01352000 0.06244000
v 0.03408400 0.01350400 0.06243500
v 0.03406400 0.01348700 0.06244000
v 0.03406400 0.01350400 0.06244000
v 0.00000000 0.01348700 0.06469800
v 0.00000000 0.01348700 0.06469800
v 0.00000000 0.01348700 0.06469800
v 0.00000000 0.01348700 0.06469800
v 0.00000000 0.01348700 0.06469800
v 0.00000000 0.01348700 0.06469800
v 0.00000000 0.01348700 0.06469800
v 0.00000000 0.01348700 0.06469800
v 0.00000000 0.01348700 0.06469800
v 0.00000000 0.01348700 0.06469800
v 0.00000000 0.01348700 0.06469800
v 0.00000000 0.01348700 0.06469800
v 0.00000000 0.01348700 0.06469800
v 0.00000000 0.01348700 0.06469800
v 0.00000000 0.01348700 0.06469800
v 0.00529700 0.01283700 0.06469800
v 0.00525700 0.01218800 0.06469800
v 0.00518200 0.01154300 0.06469800
v 0.00506100 0.01090500 0.06469800
v 0.00488600 0.01027900 0.06469800
v 0.00464800 0.00967500 0.06469900
v 0.00434300 0.00910100 0.06469900
v 0.00396800 0.00857000 0.06469900
v 0.00352900 0.00808900 0.06469900
v 0.00303400 0.00766700 0.06470000
v 0.00248900 0.00731000 0.06470000
v 0.00190400 0.00702400 0.06470000
v 0.00128700 0.00681500 0.06470000
v 0.00064900 0.00668500 0.06470000
v 0.01059400 0.01218700 0.06466600
v 0.01051400 0.01088900 0.06466700
v 0.01036500 0.00959900 0.06466800
v 0.01012300 0.00832200 0.06467000
v 0.00977200 0.00707200 0.06467200
v 0.00929700 0.00586300 0.06467400
v 0.00868600 0.00471500 0.06467700
v 0.00793700 0.00365200 0.06467900
v 0.00705900 0.00269100 0.06468100
v 0.00606700 0.00184600 0.06468400
v 0.00497900 0.00113200 0.06468600
v 0.00380700 0.00056200 0.06468700
v 0.00257300 0.00014400 0.06468900
v 0.00129700 -0.00011600 0.06469000
v 0.01589000 0.01153700 0.06455200
v 0.01577100 0.00959000 0.06455600
v 0.01554700 0.00765500 0.06456100
v 0.01518400 0.00574000 0.06456700
v 0.01465800 0.00386400 0.06457500
v 0.01394500 0.00205000 0.06458300
v 0.01302800 0.00032900 0.06459100
v 0.01190500 -0.00126600 0.06460000
v 0.01058800 -0.00270700 0.06460800
v 0.00910100 -0.00397500 0.06461600
v 0.00746800 -0.00504500 0.06462300
v 0.00571100 -0.00590100 0.06462900
v 0.00386000 -0.00652800 0.06463400
v 0.00194600 -0.00691700 0.06463700
v 0.02118400 0.01088700 0.06430700
v 0.02102600 0.00829100 0.06431600
v 0.02072600 0.00571100 0.06432800
v 0.02024300 0.00315700 0.06434400
v 0.01954100 0.00065600 0.06436200
v 0.01859000 -0.00176300 0.06438200
v 0.01736900 -0.00405800 0.06440300
v 0.01587100 -0.00618400 0.06442400
v 0.01411600 -0.00810600 0.06444500
v 0.01213300 -0.00979600 0.06446400
v 0.00995600 -0.01122400 0.06448100
v 0.00761400 -0.01236400 0.06449600
v 0.00514600 -0.01320000 0.06450700
v 0.00259400 -0.01371900 0.06451400
v 0.02646300 0.01023700 0.06383900
v 0.02626500 0.00699400 0.06385700
v 0.02589100 0.00376800 0.06388200
v 0.02528800 0.00057600 0.06391300
v 0.02441100 -0.00255100 0.06394900
v 0.02322400 -0.00557400 0.06398700
v 0.02169900 -0.00844300 0.06402800
v 0.01982800 -0.01110100 0.06406900
v 0.01763600 -0.01350300 0.06410900
v 0.01515900 -0.01561500 0.06414600
v 0.01243900 -0.01739900 0.06418000
v 0.00951300 -0.01882400 0.06420800
v 0.00643000 -0.01986800 0.06422900
v 0.00324100 -0.02051600 0.06424200
v 0.03169700 0.00959000 0.06300000
v 0.03146100 0.00569900 0.06302900
v 0.03101500 0.00182900 0.06307000
v 0.03029400 -0.00200000 0.06312000
v 0.02924600 -0.00575300 0.06317700
v 0.02782600 -0.00938000 0.06323800
v 0.02600000 -0.01282200 0.06330300
v 0.02376000 -0.01601200 0.06336700
v 0.02113400 -0.01889400 0.06342900
v 0.01816800 -0.02142700 0.06348800
v 0.01490900 -0.02356600 0.06354000
v 0.01140300 -0.02527300 0.06358300
v 0.00770700 -0.02652200 0.06361600
v 0.00388600 -0.02729600 0.06363500
v 0.02812400 -0.01499700 0.06271800
v 0.02696400 -0.01112900 0.06327000
v 0.03009700 -0.01127000 0.06264600
v 0.02916600 -0.01316300 0.06268200
v 0.02570300 -0.01845000 0.06278900
v 0.02493100 -0.01445300 0.06333500
v 0.02696900 -0.01676200 0.06275400
v 0.02286400 -0.02157100 0.06285900
v 0.02249300 -0.01749400 0.06339900
v 0.02433300 -0.02005500 0.06282400
v 0.01965600 -0.02431200 0.06292300
v 0.01969000 -0.02020700 0.06345900
v 0.02130300 -0.02299200 0.06289200
v 0.01613100 -0.02662600 0.06298000
v 0.01657200 -0.02254800 0.06351500
v 0.01793000 -0.02552500 0.06295300
v 0.01233800 -0.02847200 0.06302800
v 0.01318300 -0.02447600 0.06356300
v 0.01426400 -0.02761100 0.06300500
v 0.00834000 -0.02982000 0.06306300
v 0.00957500 -0.02595600 0.06360100
v 0.01036000 -0.02921000 0.06304700
v 0.00420500 -0.03065300 0.06308400
v 0.00580800 -0.02696900 0.06362700
v 0.00628500 -0.03030200 0.06307500
v 0.00194700 -0.02750000 0.06363900
v 0.00210700 -0.03087100 0.06308800
v 0.03401400 0.01348700 0.06245400
v 0.03580900 0.01348700 0.06192300
v 0.03579700 0.01127600 0.06192500
v 0.03575800 0.00913000 0.06192900
v 0.03568800 0.00705200 0.06193500
v 0.03558200 0.00504200 0.06194200
v 0.03543800 0.00310200 0.06195100
v 0.03525400 0.00123300 0.06195900
v 0.03503100 -0.00056400 0.06196800
v 0.03490500 -0.00143600 0.06197200
v 0.03483800 -0.00186600 0.06197400
v 0.03480400 -0.00207900 0.06197500
v 0.03478700 -0.00218500 0.06197600
v 0.03476900 -0.00229000 0.06197600
v 0.03403000 -0.00597400 0.06199400
v 0.03352700 -0.00791600 0.06200300
v 0.03323600 -0.00891000 0.06200800
v 0.03307900 -0.00941200 0.06201000
v 0.03299800 -0.00966500 0.06201100
v 0.03295700 -0.00979100 0.06201200
v 0.03293600 -0.00985400 0.06201200
v 0.03292600 -0.00988600 0.06201200
v 0.03292100 -0.00990200 0.06201200
v 0.03291800 -0.00991000 0.06201200
v 0.03291500 -0.00991800 0.06201200
v 0.03243200 -0.01130000 0.06201800
v 0.03203800 -0.01232800 0.06202300
v 0.03179400 -0.01292300 0.06202500
v 0.03166000 -0.01324000 0.06202700
v 0.03158900 -0.01340400 0.06202700
v 0.03155300 -0.01348700 0.06202800
v 0.03153500 -0.01352800 0.06202800
v 0.03152500 -0.01354900 0.06202800
v 0.03151600 -0.01357000 0.06202800
v 0.03060600 -0.01548900 0.06203700
v 0.02973500 -0.01709300 0.06204500
v 0.03276100 -0.00327900 0.06251400
v 0.03069300 -0.00009200 0.06309400
v 0.03353700 0.00086800 0.06245700
v 0.03319100 -0.00121200 0.06248500
v 0.03442800 -0.00176900 0.06210800
v 0.03337400 -0.00017400 0.06247100
v 0.03478700 0.00039000 0.06208100
v 0.03461800 -0.00069100 0.06209400
v 0.03126800 0.00376000 0.06304800
v 0.03401700 0.00505700 0.06241100
v 0.03381000 0.00295800 0.06243300
v 0.03452600 -0.00123000 0.06210100
v 0.03398400 -0.00391400 0.06213800
v 0.03298700 -0.00224700 0.06249900
v 0.03421700 -0.00284400 0.06212300
v 0.03163000 -0.00734200 0.06257800
v 0.02981400 -0.00388900 0.06314800
v 0.03224300 -0.00532300 0.06254500
v 0.03432600 -0.00230700 0.06211500
v 0.03463300 -0.00245000 0.06201200
v 0.03437800 -0.00203800 0.06211200
v 0.03468500 -0.00217900 0.06200900
v 0.03360300 -0.00254600 0.06231800
v 0.03309100 -0.00173000 0.06249200
v 0.03381100 -0.00149100 0.06230300
v 0.03371000 -0.00201900 0.06231000
v 0.03153100 -0.00264000 0.06283900
v 0.03050300 -0.00104800 0.06310700
v 0.03194500 -0.00065300 0.06281100
v 0.03174800 -0.00164800 0.06282500
v 0.02779800 -0.00071200 0.06357300
v 0.02562200 0.00216700 0.06389700
v 0.02846000 0.00279800 0.06353300
v 0.02816400 0.00103700 0.06355200
v 0.02858500 -0.00758500 0.06320700
v 0.03091700 -0.00932600 0.06261200
v 0.03207400 -0.01019200 0.06223600
v 0.03128700 -0.00833800 0.06259400
v 0.03281300 -0.00813200 0.06220200
v 0.03245700 -0.00916700 0.06221900
v 0.03263900 -0.00865000 0.06221000
v 0.03194900 -0.00633600 0.06256100
v 0.03314300 -0.00708800 0.06218500
v 0.03226900 -0.00968100 0.06222700
v 0.03122400 -0.01221000 0.06227100
v 0.03052100 -0.01030400 0.06262900
v 0.03166400 -0.01120700 0.06225300
v 0.03255900 -0.00989100 0.06212300
v 0.03236400 -0.00942400 0.06222300
v 0.03274900 -0.00937300 0.06211500
v 0.03265500 -0.00963200 0.06211900
v 0.03149600 -0.00976000 0.06243100
v 0.03110500 -0.00883400 0.06260300
v 0.03187300 -0.00875300 0.06241400
v 0.03168800 -0.00925800 0.06242300
v 0.02975400 -0.00845700 0.06293300
v 0.02892800 -0.00667300 0.06319200
v 0.03044100 -0.00654800 0.06290000
v 0.03011000 -0.00750700 0.06291600
v 0.02553000 -0.00747800 0.06367000
v 0.02385900 -0.00407800 0.06396800
v 0.02683500 -0.00415200 0.06361900
v 0.02622800 -0.00583200 0.06364400
v 0.03280000 -0.00973600 0.06206500
v 0.03270200 -0.00950300 0.06211700
v 0.03289400 -0.00947500 0.06206100
v 0.03284700 -0.00960600 0.06206300
v 0.03254900 -0.00890900 0.06221400
v 0.03293200 -0.00885200 0.06210600
v 0.03284100 -0.00911200 0.06211100
v 0.03146200 -0.00784100 0.06258600
v 0.03222300 -0.00773700 0.06239700
v 0.03205100 -0.00824600 0.06240600
v 0.03270400 -0.00999600 0.06207000
v 0.03260700 -0.00976200 0.06212100
v 0.03275200 -0.00986600 0.06206800
v 0.03236200 -0.01040700 0.06213200
v 0.03217300 -0.00993700 0.06223100
v 0.03246200 -0.01015000 0.06212800
v 0.03187200 -0.01070100 0.06224400
v 0.03282400 -0.00991800 0.06204000
v 0.03277600 -0.00980100 0.06206700
v 0.03287200 -0.00978800 0.06203800
v 0.03284800 -0.00985300 0.06203900
v 0.03288500 -0.00987900 0.06202600
v 0.03286000 -0.00982100 0.06203900
v 0.03290900 -0.00981400 0.06202500
v 0.03289700 -0.00984700 0.06202500
v 0.03282400 -0.00967100 0.06206400
v 0.03292000 -0.00965700 0.06203600
v 0.03289600 -0.00972300 0.06203700
v 0.03290300 -0.00989200 0.06201900
v 0.03289100 -0.00986300 0.06202500
v 0.03291500 -0.00986000 0.06201800
v 0.03290900 -0.00987600 0.06201900
v 0.03286100 -0.00994500 0.06202700
v 0.03283600 -0.00988600 0.06204000
v 0.03287300 -0.00991200 0.06202600
v 0.03277600 -0.01004900 0.06204300
v 0.03272800 -0.00993100 0.06206900
v 0.03280000 -0.00998400 0.06204100
v 0.03260600 -0.01025600 0.06207400
v 0.03251000 -0.01002100 0.06212500
v 0.03265500 -0.01012600 0.06207200
v 0.03289100 -0.00992500 0.06201900
v 0.03287900 -0.00989600 0.06202600
v 0.03289700 -0.00990900 0.06201900
v 0.03025900 -0.01417500 0.06230600
v 0.02964500 -0.01222300 0.06266400
v 0.03075600 -0.01320000 0.06228800
v 0.03130900 -0.01368400 0.06207500
v 0.03099400 -0.01270600 0.06228000
v 0.03178500 -0.01267600 0.06205800
v 0.03155100 -0.01318200 0.06206600
v 0.03166900 -0.01293000 0.06206200
v 0.03144800 -0.01171000 0.06226200
v 0.03143100 -0.01343400 0.06207100
v 0.03080400 -0.01467800 0.06209200
v 0.03051100 -0.01368900 0.06229700
v 0.03106000 -0.01418300 0.06208400
v 0.02917900 -0.01607900 0.06234200
v 0.02865900 -0.01408800 0.06270000
v 0.02973400 -0.01513500 0.06232400
v 0.03149100 -0.01330800 0.06206800
v 0.03103300 -0.01344200 0.06218400
v 0.03087600 -0.01295300 0.06228400
v 0.03127300 -0.01294500 0.06217500
v 0.03115400 -0.01319400 0.06218000
v 0.03020200 -0.01271200 0.06248400
v 0.02987500 -0.01174800 0.06265500
v 0.03066100 -0.01174100 0.06246600
v 0.03043500 -0.01222800 0.06247500
v 0.02806700 -0.01214700 0.06300000
v 0.02740800 -0.01026100 0.06325400
v 0.02896400 -0.01032600 0.06296600
v 0.02852900 -0.01124300 0.06298300
v 0.02385400 -0.01063300 0.06372200
v 0.02250400 -0.00703100 0.06400800
v 0.02473900 -0.00908100 0.06369600
v 0.03150000 -0.01349300 0.06204300
v 0.03146100 -0.01337100 0.06207000
v 0.03156100 -0.01336700 0.06204000
v 0.03153100 -0.01343000 0.06204200
v 0.03137000 -0.01355900 0.06207300
v 0.03118600 -0.01393400 0.06207900
v 0.03129200 -0.01331400 0.06212600
v 0.03121300 -0.01306900 0.06217700
v 0.03141200 -0.01306300 0.06212100
v 0.03135200 -0.01318900 0.06212400
v 0.03111000 -0.01245900 0.06227500
v 0.03150500 -0.01244300 0.06216600
v 0.03139000 -0.01269400 0.06217100
v 0.03144000 -0.01361900 0.06204500
v 0.03140100 -0.01349600 0.06207200
v 0.03147000 -0.01355600 0.06204400
v 0.03117100 -0.01356300 0.06213000
v 0.03109400 -0.01331800 0.06218200
v 0.03123200 -0.01343900 0.06212800
v 0.03078600 -0.01393700 0.06219300
v 0.03063500 -0.01344500 0.06229300
v 0.03091000 -0.01369000 0.06218800
v 0.02971300 -0.01367000 0.06250200
v 0.02940900 -0.01269500 0.06267300
v 0.02996100 -0.01319300 0.06249300
v 0.03148500 -0.01352500 0.06204300
v 0.02848500 -0.01909700 0.06205800
v 0.02714600 -0.02094900 0.06207100
v 0.02573900 -0.02265000 0.06208400
v 0.02501600 -0.02344400 0.06209100
v 0.02465000 -0.02382700 0.06209500
v 0.02446600 -0.02401500 0.06209600
v 0.02437400 -0.02410900 0.06209700
v 0.02432800 -0.02415500 0.06209800
v 0.02428100 -0.02420100 0.06209800
v 0.02265500 -0.02572600 0.06211400
v 0.02178800 -0.02646200 0.06212200
v 0.02134200 -0.02682200 0.06212600
v 0.02111500 -0.02700100 0.06212800
v 0.02100100 -0.02708900 0.06212900
v 0.02094300 -0.02713400 0.06213000
v 0.02091500 -0.02715600 0.06213000
v 0.02088600 -0.02717800 0.06213000
v 0.01915700 -0.02842000 0.06214600
v 0.01819200 -0.02904500 0.06215500
v 0.01768400 -0.02935600 0.06215900
v 0.01742400 -0.02951100 0.06216100
v 0.01729200 -0.02958900 0.06216200
v 0.01715900 -0.02966600 0.06216300
v 0.01496900 -0.03082600 0.06218000
v 0.01284200 -0.03176800 0.06219300
v 0.01080100 -0.03251700 0.06220500
v 0.00981800 -0.03282700 0.06221000
v 0.00933700 -0.03296700 0.06221200
v 0.00909900 -0.03303300 0.06221300
v 0.00898100 -0.03306500 0.06221300
v 0.00892200 -0.03308100 0.06221400
v 0.00889200 -0.03308900 0.06221400
v 0.00886300 -0.03309700 0.06221400
v 0.00672200 -0.03359600 0.06222300
v 0.00561500 -0.03379800 0.06222700
v 0.00505300 -0.03388700 0.06222900
v 0.00477000 -0.03392800 0.06222900
v 0.00462800 -0.03394700 0.06223000
v 0.00455700 -0.03395700 0.06223000
v 0.00452100 -0.03396200 0.06223000
v 0.00448600 -0.03396600 0.06223000
v 0.00241400 -0.03417600 0.06223500
v 0.00000000 -0.03426100 0.06223700
v 0.02372400 -0.02290200 0.06248200
v 0.02361000 -0.02082500 0.06284200
v 0.02524700 -0.02132900 0.06244800
v 0.02449800 -0.02212800 0.06246600
v 0.02415200 -0.02356300 0.06226400
v 0.02411400 -0.02251800 0.06247400
v 0.02494000 -0.02277500 0.06224800
v 0.02454900 -0.02317200 0.06225600
v 0.02210400 -0.02437700 0.06251500
v 0.02209400 -0.02229300 0.06287500
v 0.02292500 -0.02365200 0.06249900
v 0.02436600 -0.02389200 0.06214700
v 0.02435100 -0.02336800 0.06226000
v 0.02476600 -0.02349700 0.06213900
v 0.02456700 -0.02369500 0.06214300
v 0.02333900 -0.02432700 0.06228100
v 0.02332800 -0.02328000 0.06249100
v 0.02374900 -0.02394800 0.06227300
v 0.02395900 -0.02428000 0.06215500
v 0.02395100 -0.02375600 0.06226800
v 0.02416300 -0.02408700 0.06215100
v 0.02426500 -0.02398900 0.06214900
v 0.02039500 -0.02574700 0.06254600
v 0.02048900 -0.02366500 0.06290800
v 0.02126000 -0.02507500 0.06253100
v 0.02076400 -0.02645900 0.06232700
v 0.02083100 -0.02541500 0.06253900
v 0.02164500 -0.02577500 0.06231200
v 0.02120700 -0.02612100 0.06231900
v 0.01860500 -0.02700600 0.06257600
v 0.01880200 -0.02493200 0.06293800
v 0.01951000 -0.02639100 0.06256100
v 0.02094800 -0.02681300 0.06220800
v 0.02098600 -0.02629100 0.06232300
v 0.02139500 -0.02647200 0.06220100
v 0.02117200 -0.02664300 0.06220400
v 0.01986300 -0.02711400 0.06234100
v 0.01995500 -0.02607200 0.06255400
v 0.02031600 -0.02679000 0.06233400
v 0.02049600 -0.02714700 0.06221500
v 0.02054100 -0.02662500 0.06233100
v 0.02072300 -0.02698100 0.06221200
v 0.02081400 -0.02715800 0.06215000
v 0.02083600 -0.02689700 0.06221000
v 0.02092700 -0.02707400 0.06214800
v 0.02087000 -0.02711600 0.06214900
v 0.02058600 -0.02732500 0.06215400
v 0.02060900 -0.02706400 0.06221400
v 0.02070000 -0.02724200 0.06215200
v 0.02003900 -0.02747400 0.06222200
v 0.02009000 -0.02695300 0.06233800
v 0.02026800 -0.02731100 0.06221900
v 0.01894100 -0.02774000 0.06235600
v 0.01906000 -0.02670200 0.06256900
v 0.01940400 -0.02743100 0.06234900
v 0.01673900 -0.02814800 0.06260300
v 0.01703900 -0.02609000 0.06296700
v 0.01768100 -0.02759200 0.06259000
v 0.01704100 -0.02890300 0.06238200
v 0.01721200 -0.02787400 0.06259700
v 0.01800000 -0.02833700 0.06236900
v 0.01752300 -0.02862400 0.06237600
v 0.01480100 -0.02916900 0.06262800
v 0.01520500 -0.02713400 0.06299300
v 0.01577800 -0.02867400 0.06261600
v 0.01719200 -0.02927800 0.06226200
v 0.01728300 -0.02876400 0.06237900
v 0.01767900 -0.02899600 0.06225600
v 0.01743600 -0.02913800 0.06225900
v 0.01606400 -0.02943800 0.06239500
v 0.01626000 -0.02841500 0.06261000
v 0.01655500 -0.02917400 0.06238800
v 0.01670100 -0.02955200 0.06226800
v 0.01679900 -0.02904000 0.06238500
v 0.01694800 -0.02941600 0.06226500
v 0.00865500 -0.03145800 0.06268500
v 0.00935500 -0.02953100 0.06305600
v 0.01075100 -0.03082600 0.06266900
v 0.00970800 -0.03115900 0.06267800
v 0.00881100 -0.03227100 0.06246200
v 0.00918200 -0.03131300 0.06268100
v 0.00988300 -0.03196600 0.06245400
v 0.00934800 -0.03212300 0.06245800
v 0.00652200 -0.03195700 0.06269700
v 0.00731600 -0.03007800 0.06307000
v 0.00759200 -0.03172400 0.06269100
v 0.00888900 -0.03267400 0.06234000
v 0.00908000 -0.03219800 0.06246000
v 0.00943100 -0.03252500 0.06233700
v 0.00916100 -0.03260100 0.06233800
v 0.00773000 -0.03254100 0.06246800
v 0.00812400 -0.03159600 0.06268800
v 0.00827200 -0.03241000 0.06246500
v 0.00892800 -0.03287500 0.06227700
v 0.00902500 -0.03263800 0.06233900
v 0.00920100 -0.03280100 0.06227500
v 0.00906500 -0.03283800 0.06227600
v 0.00834500 -0.03281500 0.06234300
v 0.00854200 -0.03234100 0.06246300
v 0.00861700 -0.03274500 0.06234200
v 0.00865500 -0.03294700 0.06227800
v 0.00875400 -0.03271000 0.06234100
v 0.00879200 -0.03291100 0.06227700
v 0.00881100 -0.03301200 0.06224500
v 0.00886000 -0.03289300 0.06227700
v 0.00894800 -0.03297500 0.06224400
v 0.00888000 -0.03299300 0.06224500
v 0.00436300 -0.03231900 0.06270500
v 0.00524700 -0.03049400 0.06308000
v 0.00544500 -0.03215500 0.06270200
v 0.00444200 -0.03314400 0.06248100
v 0.00490500 -0.03224100 0.06270300
v 0.00554400 -0.03297800 0.06247800
v 0.00499400 -0.03306600 0.06247900
v 0.00218600 -0.03254300 0.06270900
v 0.00315700 -0.03077900 0.06308600
v 0.00327600 -0.03244800 0.06270800
v 0.00448200 -0.03355400 0.06235900
v 0.00471800 -0.03310600 0.06248000
v 0.00503800 -0.03347500 0.06235800
v 0.00476000 -0.03351600 0.06235800
v 0.00333600 -0.03327500 0.06248300
v 0.00382000 -0.03238800 0.06270600
v 0.00389000 -0.03321400 0.06248200
v 0.00450100 -0.03375900 0.06229500
v 0.00462100 -0.03353500 0.06235900
v 0.00478100 -0.03372000 0.06229500
v 0.00464100 -0.03374000 0.06229500
v 0.00392400 -0.03362500 0.06236000
v 0.00416600 -0.03318000 0.06248200
v 0.00420300 -0.03359100 0.06236000
v 0.00451100 -0.03386100 0.06226300
v 0.00457100 -0.03374900 0.06229500
v 0.00465100 -0.03384200 0.06226300
v 0.00458100 -0.03385100 0.06226300
v 0.00422100 -0.03379500 0.06229600
v 0.00434200 -0.03357300 0.06235900
v 0.00436100 -0.03377700 0.06229600
v 0.00437100 -0.03387900 0.06226300
v 0.00443100 -0.03376800 0.06229600
v 0.00444100 -0.03387000 0.06226300
v 0.00000000 -0.03049400 0.06317700
v 0.00000000 -0.02737700 0.06366500
v 0.00000000 -0.02424200 0.06399500
v 0.00000000 -0.02110100 0.06422500
v 0.00000000 -0.01795800 0.06438500
v 0.00000000 -0.01481300 0.06449200
v 0.00000000 -0.01166800 0.06456500
v 0.00000000 -0.00852300 0.06461900
v 0.00000000 -0.00537800 0.06465600
v 0.00000000 -0.00223400 0.06468000
v 0.00000000 0.00091100 0.06469400
v 0.00000000 0.00405500 0.06469900
v 0.00000000 0.00719900 0.06470000
v 0.00000000 0.01034300 0.06469900
v 0.00509500 0.01348700 0.06469800
v 0.00869800 0.01348700 0.06468400
v 0.01230000 0.01348700 0.06464100
v 0.01590200 0.01348700 0.06455200
v 0.01950400 0.01348700 0.06440200
v 0.02437500 0.01348700 0.06406000
v 0.02922400 0.01348700 0.06345600
v 0.03401200 0.01348700 0.06245400
v 0.03401200 0.01348700 0.06245400
v 0.03401300 0.01348700 0.06245400
v 0.03426900 0.00926900 0.06237700
v 0.03175600 0.01153900 0.06299000
v 0.03433200 0.01137900 0.06236600
v 0.03435100 0.01243300 0.06236100
v 0.03304800 0.01145900 0.06269800
v 0.03177400 0.01251300 0.06298700
v 0.03306700 0.01247300 0.06269500
v 0.02908800 0.00991300 0.06347700
v 0.02651300 0.01186300 0.06383400
v 0.02914200 0.01170100 0.06346900
v 0.03435800 0.01296000 0.06236000
v 0.03371000 0.01245300 0.06253300
v 0.03307400 0.01298000 0.06269300
v 0.03371700 0.01297000 0.06253200
v 0.03562400 0.01239400 0.06198200
v 0.03436100 0.01322400 0.06235900
v 0.03403800 0.01296500 0.06244700
v 0.03372000 0.01322900 0.06253100
v 0.03404100 0.01322600 0.06244600
v 0.03563100 0.01294100 0.06198000
v 0.03498900 0.01241300 0.06217800
v 0.03499600 0.01295000 0.06217600
v 0.03404200 0.01335700 0.06244600
v 0.03388100 0.01322800 0.06248900
v 0.03372200 0.01335800 0.06253100
v 0.03388200 0.01335700 0.06248900
v 0.03339600 0.01297500 0.06261400
v 0.03307700 0.01323400 0.06269200
v 0.03339900 0.01323100 0.06261300
v 0.03242200 0.01249300 0.06284600
v 0.03178100 0.01300000 0.06298500
v 0.03242800 0.01299000 0.06284400
v 0.03045200 0.01162000 0.06324600
v 0.02915900 0.01259400 0.06346700
v 0.03046900 0.01255400 0.06324300
v 0.03404300 0.01342200 0.06244600
v 0.03396200 0.01335700 0.06246700
v 0.03388300 0.01342200 0.06248800
v 0.03396300 0.01342200 0.06246700
v 0.03436300 0.01335600 0.06235800
v 0.03420100 0.01322500 0.06240300
v 0.03420300 0.01335600 0.06240200
v 0.03499900 0.01321900 0.06217500
v 0.03467800 0.01295500 0.06226900
v 0.03468100 0.01322100 0.06226800
v 0.03404300 0.01345500 0.06244600
v 0.03400300 0.01342200 0.06245600
v 0.03396300 0.01345500 0.06246700
v 0.03400300 0.01345500 0.06245600
v 0.03420300 0.01342200 0.06240200
v 0.03412300 0.01335700 0.06242400
v 0.03412300 0.01342200 0.06242400
v 0.03404400 0.01347100 0.06244600
v 0.03402300 0.01345500 0.06245100
v 0.03400300 0.01347100 0.06245600
v 0.03402400 0.01347100 0.06245100
v 0.03412300 0.01345500 0.06242400
v 0.03408300 0.01342200 0.06243500
v 0.03408300 0.01345500 0.06243500
v 0.03402400 0.01347900 0.06245100
v 0.03401300 0.01347100 0.06245400
v 0.03400400 0.01347900 0.06245600
v 0.03401400 0.01347900 0.06245400
v 0.03398300 0.01345500 0.06246200
v 0.03396300 0.01347100 0.06246700
v 0.03398300 0.01347100 0.06246200
v 0.03392300 0.01342200 0.06247800
v 0.03388300 0.01345500 0.06248800
v 0.03392300 0.01345500 0.06247800
v 0.03380200 0.01335800 0.06251000
v 0.03372200 0.01342300 0.06253000
v 0.03380300 0.01342300 0.06251000
v 0.03356000 0.01323000 0.06257200
v 0.03340000 0.01335900 0.06261300
v 0.03356100 0.01335900 0.06257200
v 0.03401400 0.01348300 0.06245400
v 0.03400900 0.01347900 0.06245500
v 0.03400400 0.01348300 0.06245600
v 0.03400900 0.01348300 0.06245500
v 0.03399300 0.01347100 0.06245900
v 0.03398400 0.01347900 0.06246200
v 0.03399400 0.01347900 0.06245900
v 0.03402400 0.01348300 0.06245100
v 0.03401900 0.01347900 0.06245200
v 0.03401900 0.01348300 0.06245200
v 0.03404400 0.01347900 0.06244600
v 0.03403400 0.01347100 0.06244800
v 0.03403400 0.01347900 0.06244800
v 0.03408400 0.01347100 0.06243500
v 0.03406300 0.01345500 0.06244000
v 0.03406400 0.01347100 0.06244000
v 0.03401900 0.01348500 0.06245200
v 0.03401600 0.01348300 0.06245300
v 0.03401400 0.01348500 0.06245400
v 0.03401400 0.01348500 0.06245400
v 0.03401600 0.01348500 0.06245300
v -0.03170300 0.00979700 0.06299900
v -0.03149300 0.00611200 0.06302600
v -0.03110100 0.00244500 0.06306300
v -0.03050200 -0.00104700 0.06310700
v -0.02955800 -0.00476400 0.06316100
v -0.02832100 -0.00823900 0.06321900
v -0.02672600 -0.01156600 0.06327900
v -0.02476100 -0.01468900 0.06334000
v -0.02243500 -0.01755400 0.06340000
v -0.01978300 -0.02012500 0.06345800
v -0.01684600 -0.02236400 0.06351100
v -0.01366500 -0.02423400 0.06355700
v -0.01027800 -0.02570700 0.06359500
v -0.00673900 -0.02676400 0.06362200
v -0.00310100 -0.02739100 0.06363800
v -0.02646900 0.01041100 0.06383900
v -0.02629300 0.00733800 0.06385500
v -0.02596400 0.00428100 0.06387800
v -0.02546200 0.00137100 0.06390500
v -0.02467200 -0.00172700 0.06393900
v -0.02363800 -0.00462300 0.06397500
v -0.02230500 -0.00739600 0.06401300
v -0.02066400 -0.00999800 0.06405200
v -0.01872200 -0.01238700 0.06409000
v -0.01650800 -0.01453000 0.06412700
v -0.01405600 -0.01639600 0.06416100
v -0.01140100 -0.01795700 0.06419100
v -0.00857500 -0.01918600 0.06421500
v -0.00562200 -0.02007000 0.06423400
v -0.00258700 -0.02059600 0.06424400
v -0.02118700 0.01102600 0.06430700
v -0.02104700 0.00856800 0.06431500
v -0.02078300 0.00612200 0.06432600
v -0.02038100 0.00379400 0.06434000
v -0.01974900 0.00131500 0.06435800
v -0.01892100 -0.00100100 0.06437600
v -0.01785400 -0.00321900 0.06439500
v -0.01654000 -0.00530100 0.06441500
v -0.01498500 -0.00721200 0.06443500
v -0.01321200 -0.00892600 0.06445400
v -0.01125000 -0.01042000 0.06447100
v -0.00912500 -0.01166900 0.06448700
v -0.00686300 -0.01265300 0.06450000
v -0.00449900 -0.01336000 0.06450900
v -0.00207000 -0.01378200 0.06451500
v -0.01589300 0.01164100 0.06455200
v -0.01578800 0.00979700 0.06455600
v -0.01559000 0.00796300 0.06456000
v -0.01528900 0.00621700 0.06456600
v -0.01481400 0.00435800 0.06457300
v -0.01419300 0.00262100 0.06458000
v -0.01339300 0.00095700 0.06458800
v -0.01240700 -0.00060400 0.06459600
v -0.01124000 -0.00203700 0.06460400
v -0.00991100 -0.00332300 0.06461200
v -0.00843900 -0.00444300 0.06461900
v -0.00684400 -0.00538000 0.06462600
v -0.00514800 -0.00611800 0.06463100
v -0.00337500 -0.00664900 0.06463500
v -0.00155300 -0.00696600 0.06463700
v -0.01059600 0.01225600 0.06466600
v -0.01052500 0.01102700 0.06466700
v -0.01039400 0.00980400 0.06466800
v -0.01019300 0.00864000 0.06467000
v -0.00987600 0.00740100 0.06467200
v -0.00946200 0.00624300 0.06467400
v -0.00892900 0.00513400 0.06467600
v -0.00827100 0.00409300 0.06467800
v -0.00749400 0.00313800 0.06468000
v -0.00660700 0.00228100 0.06468300
v -0.00562600 0.00153400 0.06468500
v -0.00456300 0.00091000 0.06468600
v -0.00343200 0.00041700 0.06468800
v -0.00225000 0.00006300 0.06468900
v -0.00103500 -0.00014800 0.06469000
v -0.00529700 0.01287200 0.06469800
v -0.00526200 0.01225700 0.06469800
v -0.00519600 0.01164600 0.06469800
v -0.00509600 0.01106400 0.06469800
v -0.00493800 0.01044400 0.06469800
v -0.00473100 0.00986500 0.06469900
v -0.00446400 0.00931100 0.06469900
v -0.00413500 0.00879100 0.06469900
v -0.00374700 0.00831300 0.06469900
v -0.00330300 0.00788400 0.06470000
v -0.00281300 0.00751100 0.06470000
v -0.00228100 0.00719900 0.06470000
v -0.00171600 0.00695300 0.06470000
v -0.00112500 0.00677600 0.06470000
v -0.00051800 0.00667000 0.06470000
v 0.00000000 0.01348700 0.06469800
v 0.00000000 0.01348700 0.06469800
v 0.00000000 0.01348700 0.06469800
v 0.00000000 0.01348700 0.06469800
v 0.00000000 0.01348700 0.06469800
v 0.00000000 0.01348700 0.06469800
v 0.00000000 0.01348700 0.06469800
v 0.00000000 0.01348700 0.06469800
v 0.00000000 0.01348700 0.06469800
v 0.00000000 0.01348700 0.06469800
v 0.00000000 0.01348700 0.06469800
v 0.00000000 0.01348700 0.06469800
v 0.00000000 0.01348700 0.06469800
v 0.00000000 0.01348700 0.06469800
v 0.00000000 0.01348700 0.06469800
v -0.02579000 -0.01315700 0.06330900
v -0.02678600 -0.01701900 0.06275900
v -0.02891000 -0.01363800 0.06269100
v -0.02789800 -0.01536000 0.06272500
v -0.02364100 -0.01615700 0.06337000
v -0.02427100 -0.02012100 0.06282600
v -0.02557500 -0.01860800 0.06279300
v -0.02114700 -0.01887900 0.06342900
v -0.02140300 -0.02290400 0.06289000
v -0.02287800 -0.02155500 0.06285900
v -0.01834800 -0.02128800 0.06348500
v -0.01822700 -0.02532700 0.06294800
v -0.01985100 -0.02416300 0.06292000
v -0.01528400 -0.02334700 0.06353500
v -0.01478600 -0.02735000 0.06299900
v -0.01653700 -0.02639000 0.06297500
v -0.01199400 -0.02502200 0.06357700
v -0.01112200 -0.02894200 0.06304000
v -0.01297700 -0.02820100 0.06302100
v -0.00852400 -0.02628800 0.06361000
v -0.00729200 -0.03008200 0.06307000
v -0.00922400 -0.02956900 0.06305700
v -0.00492900 -0.02713200 0.06363200
v -0.00335600 -0.03075600 0.06308600
v -0.00533400 -0.03047800 0.06308000
v -0.00126200 -0.02754000 0.06364000
v -0.00136500 -0.03091400 0.06308800
v -0.03580900 0.01348700 0.06192300
v -0.03143500 0.01348700 0.06305700
v -0.02698100 0.01348700 0.06377600
v -0.02249500 0.01348700 0.06421700
v -0.01799700 0.01348700 0.06447300
v -0.01349800 0.01348700 0.06461700
v -0.00899800 0.01348700 0.06468200
v -0.00449900 0.01348700 0.06469900
v 0.00000000 0.01034300 0.06469900
v 0.00000000 0.00719900 0.06470000
v 0.00000000 0.00405500 0.06469900
v 0.00000000 0.00091100 0.06469400
v 0.00000000 -0.00223400 0.06468000
v 0.00000000 -0.00537800 0.06465600
v 0.00000000 -0.00852300 0.06461900
v 0.00000000 -0.01166800 0.06456500
v 0.00000000 -0.01481300 0.06449200
v 0.00000000 -0.01795800 0.06438500
v 0.00000000 -0.02110100 0.06422500
v 0.00000000 -0.02424200 0.06399500
v 0.00000000 -0.02737700 0.06366500
v 0.00000000 -0.03049400 0.06317700
v 0.00000000 -0.03426100 0.06223700
v -0.00241700 -0.03417500 0.06223500
v -0.00349600 -0.03408200 0.06223300
v -0.00400400 -0.03402600 0.06223100
v -0.00424900 -0.03399700 0.06223100
v -0.00437000 -0.03398100 0.06223100
v -0.00443000 -0.03397400 0.06223000
v -0.00445900 -0.03397000 0.06223000
v -0.00448900 -0.03396600 0.06223000
v -0.00673000 -0.03359500 0.06222300
v -0.00781600 -0.03335900 0.06221900
v -0.00834900 -0.03323000 0.06221600
v -0.00861400 -0.03316300 0.06221500
v -0.00874500 -0.03312800 0.06221500
v -0.00881100 -0.03311100 0.06221400
v -0.00884400 -0.03310200 0.06221400
v -0.00887700 -0.03309300 0.06221400
v -0.01081500 -0.03251300 0.06220500
v -0.01285500 -0.03176300 0.06219300
v -0.01498200 -0.03082000 0.06217900
v -0.01607000 -0.03026800 0.06217200
v -0.01662000 -0.02997000 0.06216700
v -0.01689500 -0.02981600 0.06216500
v -0.01703300 -0.02973800 0.06216400
v -0.01717200 -0.02965800 0.06216300
v -0.01917200 -0.02841000 0.06214600
v -0.02007000 -0.02778400 0.06213800
v -0.02049500 -0.02747300 0.06213400
v -0.02070100 -0.02731900 0.06213200
v -0.02080200 -0.02724200 0.06213100
v -0.02085300 -0.02720300 0.06213100
v -0.02087800 -0.02718400 0.06213000
v -0.02090300 -0.02716500 0.06213000
v -0.02266800 -0.02571400 0.06211400
v -0.02349800 -0.02496000 0.06210600
v -0.02390000 -0.02457700 0.06210200
v -0.02409700 -0.02438500 0.06210000
v -0.02419500 -0.02428800 0.06209900
v -0.02424400 -0.02423900 0.06209900
v -0.02429200 -0.02419100 0.06209800
v -0.02574700 -0.02264100 0.06208400
v -0.02715100 -0.02094300 0.06207100
v -0.02848700 -0.01909300 0.06205800
v -0.02973500 -0.01709300 0.06204500
v -0.00236200 -0.03085000 0.06308800
v -0.00141700 -0.03258800 0.06270900
v -0.00348200 -0.03242600 0.06270700
v -0.00245100 -0.03252200 0.06270900
v -0.00434700 -0.03063200 0.06308400
v -0.00553500 -0.03213900 0.06270100
v -0.00451100 -0.03229800 0.06270500
v -0.00399700 -0.03236600 0.06270600
v -0.00354600 -0.03325300 0.06248300
v -0.00459300 -0.03312400 0.06248100
v -0.00407000 -0.03319200 0.06248200
v -0.00433100 -0.03315900 0.06248100
v -0.00410600 -0.03360300 0.06236000
v -0.00463300 -0.03353400 0.06235900
v -0.00437000 -0.03356900 0.06235900
v -0.00502400 -0.03222300 0.06270300
v -0.00563500 -0.03296200 0.06247700
v -0.00511500 -0.03304700 0.06247900
v -0.00631600 -0.03029500 0.06307600
v -0.00756700 -0.03173000 0.06269200
v -0.00655400 -0.03195000 0.06269700
v -0.00423800 -0.03358600 0.06236000
v -0.00412400 -0.03380700 0.06229600
v -0.00438900 -0.03377400 0.06229600
v -0.00425600 -0.03379100 0.06229600
v -0.00380800 -0.03322400 0.06248300
v -0.00357700 -0.03366400 0.06236100
v -0.00384100 -0.03363400 0.06236100
v -0.00296700 -0.03247800 0.06270800
v -0.00249500 -0.03335100 0.06248500
v -0.00302100 -0.03330600 0.06248400
v -0.00450200 -0.03355200 0.06235900
v -0.00465400 -0.03373800 0.06229500
v -0.00452100 -0.03375600 0.06229500
v -0.00485400 -0.03308600 0.06248000
v -0.00516000 -0.03345600 0.06235700
v -0.00489700 -0.03349600 0.06235800
v -0.00445500 -0.03376500 0.06229600
v -0.00439800 -0.03387600 0.06226300
v -0.00453100 -0.03385800 0.06226300
v -0.00446500 -0.03386700 0.06226300
v -0.00826200 -0.02984000 0.06306400
v -0.00957200 -0.03119900 0.06267900
v -0.00857300 -0.03147900 0.06268600
v -0.00807100 -0.03160800 0.06268900
v -0.00770400 -0.03254700 0.06246800
v -0.00872900 -0.03229200 0.06246200
v -0.00821800 -0.03242300 0.06246500
v -0.00847300 -0.03235900 0.06246400
v -0.00829000 -0.03282800 0.06234400
v -0.00880600 -0.03269600 0.06234100
v -0.00854900 -0.03276300 0.06234200
v -0.00907400 -0.03134300 0.06268200
v -0.00974500 -0.03200700 0.06245500
v -0.00923800 -0.03215300 0.06245900
v -0.01017700 -0.02927000 0.06304900
v -0.01154100 -0.03054900 0.06266200
v -0.01056100 -0.03088900 0.06267100
v -0.00867700 -0.03273000 0.06234100
v -0.00858600 -0.03296400 0.06227900
v -0.00884500 -0.03289700 0.06227700
v -0.00871600 -0.03293100 0.06227800
v -0.00898400 -0.03222400 0.06246100
v -0.00932000 -0.03255600 0.06233700
v -0.00906300 -0.03262700 0.06233900
v -0.00878000 -0.03291400 0.06227800
v -0.00873500 -0.03303100 0.06224600
v -0.00886400 -0.03299800 0.06224500
v -0.00879900 -0.03301500 0.06224500
v -0.00893500 -0.03266200 0.06234000
v -0.00910300 -0.03282800 0.06227600
v -0.00897400 -0.03286300 0.06227600
v -0.01566800 -0.02688400 0.06298700
v -0.01534300 -0.02889900 0.06262200
v -0.01716000 -0.02790400 0.06259700
v -0.01625900 -0.02841500 0.06261000
v -0.01580300 -0.02866100 0.06261600
v -0.01562100 -0.02966700 0.06240000
v -0.01655300 -0.02917500 0.06238800
v -0.01608900 -0.02942500 0.06239400
v -0.01388800 -0.02778900 0.06301000
v -0.01346700 -0.02978200 0.06264300
v -0.01441100 -0.02935500 0.06263300
v -0.01671100 -0.02816300 0.06260400
v -0.01747000 -0.02865500 0.06237600
v -0.01701400 -0.02891800 0.06238300
v -0.01739000 -0.02587100 0.06296200
v -0.01891400 -0.02680000 0.06257100
v -0.01804500 -0.02736500 0.06258500
v -0.01678400 -0.02904800 0.06238600
v -0.01670000 -0.02955300 0.06226800
v -0.01716500 -0.02929400 0.06226300
v -0.01693300 -0.02942400 0.06226600
v -0.01904800 -0.02475700 0.06293400
v -0.02059800 -0.02559300 0.06254300
v -0.01976500 -0.02620900 0.06255700
v -0.02018400 -0.02590400 0.06255000
v -0.02012200 -0.02693000 0.06233700
v -0.02097100 -0.02630200 0.06232300
v -0.02054900 -0.02661900 0.06233000
v -0.02063600 -0.02354500 0.06290500
v -0.02220900 -0.02428700 0.06251300
v -0.02141300 -0.02495200 0.06252800
v -0.02033600 -0.02677500 0.06233400
v -0.02030100 -0.02728800 0.06221800
v -0.02073100 -0.02697500 0.06221200
v -0.02051600 -0.02713200 0.06221500
v -0.01934100 -0.02650800 0.06256400
v -0.01925600 -0.02753100 0.06235100
v -0.01969100 -0.02723400 0.06234400
v -0.02062400 -0.02705400 0.06221300
v -0.02060600 -0.02731000 0.06215300
v -0.02082200 -0.02715200 0.06215000
v -0.02071400 -0.02723100 0.06215200
v -0.02076000 -0.02646100 0.06232700
v -0.02115600 -0.02665500 0.06220500
v -0.02094400 -0.02681600 0.06220800
v -0.02100800 -0.02527500 0.06253600
v -0.02180000 -0.02565000 0.06230900
v -0.02138800 -0.02597900 0.06231600
v -0.02083800 -0.02689500 0.06221000
v -0.02103600 -0.02699200 0.06214600
v -0.02092900 -0.02707200 0.06214800
v -0.02087600 -0.02711200 0.06214900
v -0.02215100 -0.02224100 0.06287400
v -0.02373900 -0.02288700 0.06248200
v -0.02298400 -0.02359800 0.06249800
v -0.02336400 -0.02324500 0.06249000
v -0.02339900 -0.02427200 0.06227900
v -0.02416800 -0.02354800 0.06226400
v -0.02378600 -0.02391300 0.06227200
v -0.02358500 -0.02084900 0.06284200
v -0.02518400 -0.02139800 0.06245000
v -0.02447200 -0.02215300 0.06246600
v -0.02397800 -0.02373100 0.06226800
v -0.02399700 -0.02424400 0.06215400
v -0.02438200 -0.02387600 0.06214700
v -0.02419000 -0.02406100 0.06215000
v -0.02410800 -0.02252300 0.06247400
v -0.02491400 -0.02280100 0.06224900
v -0.02454400 -0.02317700 0.06225600
v -0.02409400 -0.02415300 0.06215200
v -0.02359400 -0.02409300 0.06227600
v -0.02360700 -0.02460700 0.06216200
v -0.02380200 -0.02442600 0.06215800
v -0.02259900 -0.02394500 0.06250600
v -0.02261000 -0.02497300 0.06229400
v -0.02300700 -0.02462500 0.06228700
v -0.02428600 -0.02396900 0.06214900
v -0.02435600 -0.02336300 0.06226000
v -0.02476100 -0.02350200 0.06213900
v -0.02457200 -0.02369000 0.06214300
v -0.03059900 -0.01550200 0.06203700
v -0.03105300 -0.01458200 0.06203300
v -0.03128300 -0.01409000 0.06203000
v -0.03139800 -0.01383600 0.06202900
v -0.03145600 -0.01370700 0.06202900
v -0.03148500 -0.01364200 0.06202800
v -0.03149900 -0.01360900 0.06202800
v -0.03150600 -0.01359300 0.06202800
v -0.03151400 -0.01357600 0.06202800
v -0.03242400 -0.01132300 0.06201900
v -0.03271500 -0.01051000 0.06201500
v -0.03282600 -0.01018500 0.06201400
v -0.03287400 -0.01004300 0.06201300
v -0.03289500 -0.00997800 0.06201300
v -0.03290600 -0.00994600 0.06201300
v -0.03291100 -0.00993000 0.06201200
v -0.03291400 -0.00992300 0.06201200
v -0.03291500 -0.00991900 0.06201200
v -0.03291600 -0.00991500 0.06201200
v -0.03350100 -0.00801100 0.06200300
v -0.03400100 -0.00609600 0.06199400
v -0.03442400 -0.00417700 0.06198500
v -0.03460800 -0.00321700 0.06198100
v -0.03469300 -0.00273800 0.06197900
v -0.03473400 -0.00249800 0.06197700
v -0.03475400 -0.00237800 0.06197700
v -0.03476400 -0.00231800 0.06197700
v -0.03477400 -0.00225800 0.06197600
v -0.03507900 -0.00019100 0.06196700
v -0.03531000 0.00180700 0.06195800
v -0.03548300 0.00373400 0.06195000
v -0.03555000 0.00467100 0.06194600
v -0.03558000 0.00513300 0.06194500
v -0.03559400 0.00536200 0.06194400
v -0.03560100 0.00547600 0.06194300
v -0.03560400 0.00553300 0.06194300
v -0.03560600 0.00556100 0.06194300
v -0.03560700 0.00557600 0.06194300
v -0.03560800 0.00559000 0.06194300
v -0.03574800 0.00887300 0.06193100
v -0.03579300 0.01101500 0.06192500
v -0.02756900 -0.00992500 0.06324900
v -0.03063200 -0.01003500 0.06262400
v -0.02982100 -0.01186000 0.06265800
v -0.02937700 -0.01275500 0.06267400
v -0.02999400 -0.01466800 0.06231600
v -0.03093800 -0.01282300 0.06228200
v -0.03047900 -0.01375200 0.06229900
v -0.03071200 -0.01328900 0.06229000
v -0.03102700 -0.01424700 0.06208500
v -0.03149500 -0.01330100 0.06206800
v -0.03126400 -0.01377600 0.06207700
v -0.03023900 -0.01095300 0.06264100
v -0.03177900 -0.01092800 0.06224800
v -0.03137200 -0.01188100 0.06226500
v -0.02898200 -0.00651700 0.06319000
v -0.03196800 -0.00627200 0.06256000
v -0.03134600 -0.00817000 0.06259200
v -0.03138000 -0.01353900 0.06207300
v -0.03115800 -0.01235400 0.06227300
v -0.03193500 -0.01234200 0.06205200
v -0.03171800 -0.01282300 0.06206000
v -0.03132200 -0.01365700 0.06207500
v -0.03082600 -0.01305600 0.06228600
v -0.03098800 -0.01353300 0.06218600
v -0.03121700 -0.01306200 0.06217700
v -0.03110300 -0.01329800 0.06218200
v -0.02960200 -0.01230900 0.06266600
v -0.02992900 -0.01325500 0.06249500
v -0.03038000 -0.01234200 0.06247800
v -0.03015800 -0.01280000 0.06248600
v -0.02715900 -0.01075200 0.06326400
v -0.02782000 -0.01260300 0.06300900
v -0.02869700 -0.01089400 0.06297700
v -0.02827100 -0.01175500 0.06299300
v -0.02301000 -0.00602800 0.06399400
v -0.02452100 -0.00948200 0.06370300
v -0.02598500 -0.00643200 0.06365400
v -0.02529500 -0.00797700 0.06367800
v -0.03114700 -0.01401200 0.06208100
v -0.03024000 -0.01421200 0.06230700
v -0.03078400 -0.01471500 0.06209300
v -0.02841600 -0.01450600 0.06270800
v -0.02894500 -0.01645600 0.06234900
v -0.02948300 -0.01557000 0.06233200
v -0.03135100 -0.01359800 0.06207400
v -0.03139100 -0.01371700 0.06204700
v -0.03144900 -0.01359900 0.06204500
v -0.03142000 -0.01365800 0.06204600
v -0.03143800 -0.01342000 0.06207000
v -0.03160700 -0.01306200 0.06206400
v -0.03104600 -0.01341500 0.06218400
v -0.03112600 -0.01365400 0.06213200
v -0.03124200 -0.01341800 0.06212800
v -0.03118400 -0.01353600 0.06213000
v -0.03059600 -0.01352100 0.06229400
v -0.03075300 -0.01400000 0.06219400
v -0.03087200 -0.01376700 0.06219000
v -0.03140900 -0.01347900 0.06207100
v -0.03150700 -0.01348000 0.06204200
v -0.03147800 -0.01353900 0.06204300
v -0.03116000 -0.01318000 0.06217900
v -0.03135600 -0.01318200 0.06212300
v -0.03129900 -0.01330000 0.06212600
v -0.03104900 -0.01258900 0.06227800
v -0.03143800 -0.01258900 0.06216900
v -0.03132800 -0.01282600 0.06217300
v -0.03003300 -0.01140800 0.06264900
v -0.03080600 -0.01141800 0.06246100
v -0.03059600 -0.01188200 0.06246900
v -0.02795600 -0.00908700 0.06323400
v -0.02947900 -0.00913800 0.06294500
v -0.02910000 -0.01002100 0.06296100
v -0.03146400 -0.01356900 0.06204400
v -0.03100100 -0.00910700 0.06260800
v -0.03251900 -0.00899200 0.06221600
v -0.03216100 -0.00996500 0.06223200
v -0.03197300 -0.01044800 0.06224000
v -0.03254800 -0.01088200 0.06202800
v -0.03234300 -0.00947900 0.06222400
v -0.03166800 -0.00722500 0.06257600
v -0.03316300 -0.00702200 0.06218400
v -0.03285300 -0.00801100 0.06220000
v -0.03007100 -0.00291600 0.06313300
v -0.03298600 -0.00224700 0.06249900
v -0.03252100 -0.00427100 0.06252900
v -0.03268900 -0.00850200 0.06220800
v -0.03225300 -0.00972200 0.06222800
v -0.03245000 -0.01017800 0.06212800
v -0.03263400 -0.00968800 0.06212000
v -0.03254300 -0.00993300 0.06212400
v -0.03117600 -0.00863900 0.06260000
v -0.03158200 -0.00953600 0.06242800
v -0.03193300 -0.00858200 0.06241100
v -0.03176100 -0.00906000 0.06241900
v -0.02866200 -0.00738200 0.06320400
v -0.03016700 -0.00734400 0.06291400
v -0.02983400 -0.00824600 0.06292900
v -0.02419100 -0.00318800 0.06395700
v -0.02712100 -0.00324600 0.06360700
v -0.02659200 -0.00485300 0.06363000
v -0.03290100 -0.00995800 0.06201300
v -0.03243200 -0.00923600 0.06222000
v -0.03281100 -0.00919600 0.06211200
v -0.03272300 -0.00944300 0.06211600
v -0.03258900 -0.00981100 0.06212200
v -0.03268800 -0.01003900 0.06207000
v -0.03277900 -0.00979200 0.06206600
v -0.03273400 -0.00991600 0.06206800
v -0.03267900 -0.00956500 0.06211800
v -0.03286900 -0.00954600 0.06206300
v -0.03282400 -0.00966900 0.06206400
v -0.03275600 -0.00985400 0.06206700
v -0.03280600 -0.00996800 0.06204100
v -0.03285100 -0.00984400 0.06203900
v -0.03282900 -0.00990600 0.06204000
v -0.03284000 -0.00987500 0.06204000
v -0.03286500 -0.00993200 0.06202700
v -0.03288800 -0.00987000 0.06202600
v -0.03287600 -0.00990100 0.06202600
v -0.03280200 -0.00973100 0.06206500
v -0.03289700 -0.00972100 0.06203700
v -0.03287400 -0.00978300 0.06203800
v -0.03287100 -0.00991700 0.06202600
v -0.03288300 -0.00994500 0.06202000
v -0.03289400 -0.00991400 0.06201900
v -0.03288900 -0.00993000 0.06201900
v -0.03281700 -0.00993700 0.06204100
v -0.03284200 -0.00999400 0.06202800
v -0.03285400 -0.00996300 0.06202700
v -0.03271100 -0.00997700 0.06206900
v -0.03276000 -0.01009100 0.06204300
v -0.03285500 -0.01008200 0.06201500
v -0.03278300 -0.01003000 0.06204200
v -0.03249700 -0.01005600 0.06212600
v -0.03259500 -0.01028400 0.06207500
v -0.03278600 -0.01026700 0.06201800
v -0.03264100 -0.01016200 0.06207200
v -0.03206800 -0.01020600 0.06223600
v -0.03226100 -0.01066500 0.06213600
v -0.03264400 -0.01063700 0.06202400
v -0.03235600 -0.01042200 0.06213200
v -0.03081900 -0.00957200 0.06261600
v -0.03120600 -0.01048200 0.06244400
v -0.03139700 -0.01001100 0.06243600
v -0.03288200 -0.00988600 0.06202600
v -0.03290600 -0.00988300 0.06201900
v -0.03290000 -0.00989900 0.06201900
v -0.03286300 -0.00981400 0.06203900
v -0.03291000 -0.00980900 0.06202500
v -0.03289900 -0.00983900 0.06202500
v -0.03289700 -0.00990700 0.06201900
v -0.03290300 -0.00992100 0.06201600
v -0.03290900 -0.00990500 0.06201600
v -0.03290600 -0.00991300 0.06201600
v -0.03276400 -0.00326100 0.06251400
v -0.03373600 -0.00494400 0.06215300
v -0.03421700 -0.00284400 0.06212300
v -0.03398800 -0.00389600 0.06213800
v -0.03083200 0.00069400 0.06308400
v -0.03363100 0.00153400 0.06245000
v -0.03334100 -0.00036100 0.06247300
v -0.03317200 -0.00130500 0.06248600
v -0.03458500 -0.00088600 0.06209700
v -0.03441000 -0.00186600 0.06211000
v -0.03431600 -0.00235500 0.06211600
v -0.03436300 -0.00211100 0.06211300
v -0.03462300 -0.00249900 0.06201300
v -0.03471800 -0.00200600 0.06200700
v -0.03467100 -0.00225300 0.06201000
v -0.03449900 -0.00137700 0.06210300
v -0.03349400 0.00058500 0.06246100
v -0.03488400 0.00108100 0.06207300
v -0.03474300 0.00009600 0.06208500
v -0.03132300 0.00427500 0.06304300
v -0.03405300 0.00550400 0.06240700
v -0.03387000 0.00351600 0.06242700
v -0.03308100 -0.00177700 0.06249300
v -0.03360300 -0.00254600 0.06231800
v -0.03379200 -0.00158600 0.06230500
v -0.03370000 -0.00206600 0.06231100
v -0.03067500 -0.00017700 0.06309500
v -0.03174700 -0.00164800 0.06282500
v -0.03209000 0.00016600 0.06280000
v -0.03192700 -0.00074200 0.06281200
v -0.02573800 0.00282200 0.06389100
v -0.02798800 0.00016100 0.06356300
v -0.02853900 0.00336300 0.06352700
v -0.02829200 0.00175800 0.06354400
v -0.03464700 -0.00237600 0.06201100
v -0.03426700 -0.00260000 0.06211900
v -0.03452300 -0.00299200 0.06202000
v -0.03457400 -0.00274600 0.06201600
v -0.03410500 -0.00337100 0.06213000
v -0.03469400 -0.00212900 0.06200800
v -0.03445500 -0.00162200 0.06210600
v -0.03480800 -0.00151200 0.06200000
v -0.03476300 -0.00175900 0.06200300
v -0.03325900 -0.00083400 0.06248000
v -0.03396400 -0.00062400 0.06229200
v -0.03388000 -0.00110600 0.06229800
v -0.03396800 0.00450900 0.06241700
v -0.03531900 0.00520200 0.06203000
v -0.03523200 0.00416900 0.06203900
v -0.03161700 0.00795400 0.06301100
v -0.03427700 0.00949300 0.06237600
v -0.03418600 0.00749800 0.06239000
v -0.03527700 0.00468600 0.06203400
v -0.03412500 0.00650000 0.06239800
v -0.03545600 0.00727100 0.06201200
v -0.03539300 0.00623600 0.06202000
v -0.03535800 0.00571900 0.06202500
v -0.03533900 0.00546100 0.06202700
v -0.03409000 0.00600200 0.06240300
v -0.03468700 0.00535300 0.06222500
v -0.03476000 0.00636800 0.06221600
v -0.03472500 0.00586000 0.06222000
v -0.03156100 0.00703200 0.06301800
v -0.03277700 0.00580800 0.06273700
v -0.03290600 0.00772500 0.06272100
v -0.03284700 0.00676600 0.06272900
v -0.02639700 0.00887300 0.06384600
v -0.02890000 0.00672500 0.06349700
v -0.02909300 0.01010400 0.06347600
v -0.02901500 0.00841300 0.06348600
v -0.03534800 0.00559000 0.06202600
v -0.03549600 0.00542400 0.06197600
v -0.03551500 0.00568400 0.06197400
v -0.03550600 0.00555400 0.06197500
v -0.03537600 0.00597800 0.06202300
v -0.03542600 0.00675300 0.06201600
v -0.03423600 0.00849500 0.06238300
v -0.03550700 0.00830700 0.06200400
v -0.03175600 0.01164300 0.06299000
v -0.03433400 0.01149100 0.06236500
v -0.03470700 0.00560700 0.06222200
v -0.03500300 0.00527700 0.06212900
v -0.03504200 0.00579000 0.06212400
v -0.03502300 0.00553400 0.06212600
v -0.03401200 0.00500700 0.06241200
v -0.03460100 0.00433900 0.06223400
v -0.03464600 0.00484600 0.06222900
v -0.03141400 0.00519300 0.06303400
v -0.03260000 0.00389500 0.06275600
v -0.03269500 0.00485100 0.06274600
v -0.02615000 0.00580700 0.06386500
v -0.02874400 0.00504100 0.06351100
v -0.03551000 0.00561900 0.06197500
v -0.03558400 0.00553600 0.06194900
v -0.03559400 0.00566600 0.06194800
v -0.03558900 0.00560100 0.06194900
v -0.03536700 0.00584800 0.06202400
v -0.03553300 0.00594300 0.06197200
v -0.03552400 0.00581400 0.06197300
v -0.03474300 0.00611400 0.06221800
v -0.03507700 0.00630200 0.06212000
v -0.03506000 0.00604600 0.06212200
v -0.03415700 0.00699900 0.06239400
v -0.03482200 0.00738400 0.06220700
v -0.03479300 0.00687600 0.06221100
v -0.03558700 0.00556900 0.06194900
v -0.03550100 0.00548900 0.06197600
v -0.03557500 0.00540600 0.06195100
v -0.03558000 0.00547100 0.06195000
v -0.03532900 0.00533100 0.06202800
v -0.03547600 0.00516500 0.06197900
v -0.03548600 0.00529400 0.06197800
v -0.03529800 0.00494400 0.06203200
v -0.03575100 0.00898100 0.05699800
v -0.03552900 0.00436600 0.05699800
v -0.03510200 -0.00000600 0.05699800
v -0.03436800 -0.00445200 0.05699800
v -0.03326300 -0.00882100 0.05699800
v -0.03173900 -0.01305500 0.05699800
v -0.02973500 -0.01709300 0.05699800
v -0.03580900 0.01348700 0.06192300
v -0.03579300 0.01101500 0.06192500
v -0.03574800 0.00887300 0.06193100
v -0.03560800 0.00559000 0.06194300
v -0.03560700 0.00557600 0.06194300
v -0.03560600 0.00556100 0.06194300
v -0.03560400 0.00553300 0.06194300
v -0.03560100 0.00547600 0.06194300
v -0.03559400 0.00536200 0.06194400
v -0.03558000 0.00513300 0.06194500
v -0.03555000 0.00467100 0.06194600
v -0.03548300 0.00373400 0.06195000
v -0.03531000 0.00180700 0.06195800
v -0.03507900 -0.00019100 0.06196700
v -0.03477400 -0.00225800 0.06197600
v -0.03476400 -0.00231800 0.06197700
v -0.03475400 -0.00237800 0.06197700
v -0.03473400 -0.00249800 0.06197700
v -0.03469300 -0.00273800 0.06197900
v -0.03460800 -0.00321700 0.06198100
v -0.03442400 -0.00417700 0.06198500
v -0.03400100 -0.00609600 0.06199400
v -0.03350100 -0.00801100 0.06200300
v -0.03291600 -0.00991500 0.06201200
v -0.03291500 -0.00991900 0.06201200
v -0.03291400 -0.00992300 0.06201200
v -0.03291100 -0.00993000 0.06201200
v -0.03290600 -0.00994600 0.06201300
v -0.03289500 -0.00997800 0.06201300
v -0.03287400 -0.01004300 0.06201300
v -0.03282600 -0.01018500 0.06201400
v -0.03271500 -0.01051000 0.06201500
v -0.03242400 -0.01132300 0.06201900
v -0.03151400 -0.01357600 0.06202800
v -0.03150600 -0.01359300 0.06202800
v -0.03149900 -0.01360900 0.06202800
v -0.03148500 -0.01364200 0.06202800
v -0.03145600 -0.01370700 0.06202900
v -0.03139800 -0.01383600 0.06202900
v -0.03128300 -0.01409000 0.06203000
v -0.03105300 -0.01458200 0.06203300
v -0.03059900 -0.01550200 0.06203700
v -0.02973500 -0.01709300 0.06204500
v -0.03552900 0.00436600 0.05953700
v -0.03566400 0.00667200 0.05699800
v -0.03575100 0.00898100 0.05953700
v -0.03566400 0.00667200 0.05953700
v -0.03552900 0.00436600 0.06080600
v -0.03560300 0.00551900 0.05953700
v -0.03566400 0.00667200 0.06080600
v -0.03560300 0.00551900 0.06080600
v -0.03510200 -0.00000600 0.05953700
v -0.03534700 0.00217500 0.05699800
v -0.03534700 0.00217500 0.05953700
v -0.03560300 0.00551900 0.06144100
v -0.03563600 0.00609600 0.06080600
v -0.03566400 0.00667200 0.06144100
v -0.03563600 0.00609600 0.06144100
v -0.03571300 0.00782600 0.05953700
v -0.03575100 0.00898100 0.06080600
v -0.03571300 0.00782600 0.06080600
v -0.03579500 0.01123300 0.05699800
v -0.03579500 0.01123300 0.05953700
v -0.03560300 0.00551900 0.06175800
v -0.03562000 0.00580700 0.06144100
v -0.03563600 0.00609600 0.06175800
v -0.03562000 0.00580700 0.06175800
v -0.03552900 0.00436600 0.06144100
v -0.03556800 0.00494200 0.06080600
v -0.03556800 0.00494200 0.06144100
v -0.03534700 0.00217500 0.06080600
v -0.03544500 0.00327000 0.05953700
v -0.03544500 0.00327000 0.06080600
v -0.03560300 0.00551900 0.06191700
v -0.03561200 0.00566300 0.06175800
v -0.03562000 0.00580700 0.06191700
v -0.03561200 0.00566300 0.06191700
v -0.03556800 0.00494200 0.06175800
v -0.03558600 0.00523100 0.06144100
v -0.03558600 0.00523100 0.06175800
v -0.03560800 0.00559100 0.06191700
v -0.03558600 0.00523100 0.06191700
v -0.03559500 0.00537500 0.06175800
v -0.03560600 0.00555500 0.06191700
v -0.03560300 0.00551900 0.06183800
v -0.03560800 0.00559100 0.06175800
v -0.03561200 0.00566300 0.06183800
v -0.03560800 0.00559100 0.06183800
v -0.03560300 0.00551900 0.06160000
v -0.03561200 0.00566300 0.06144100
v -0.03562000 0.00580700 0.06160000
v -0.03561200 0.00566300 0.06160000
v -0.03560300 0.00551900 0.06112400
v -0.03562000 0.00580700 0.06080600
v -0.03563600 0.00609600 0.06112400
v -0.03562000 0.00580700 0.06112400
v -0.03560300 0.00551900 0.06017100
v -0.03563600 0.00609600 0.05953700
v -0.03566400 0.00667200 0.06017100
v -0.03563600 0.00609600 0.06017100
v -0.03552900 0.00436600 0.05826700
v -0.03560300 0.00551900 0.05699800
v -0.03566400 0.00667200 0.05826700
v -0.03560300 0.00551900 0.05826700
v -0.03436800 -0.00445200 0.05953700
v -0.03477800 -0.00223500 0.05699800
v -0.03477800 -0.00223500 0.05953700
v -0.03436800 -0.00445200 0.06080600
v -0.03458400 -0.00334500 0.05953700
v -0.03477800 -0.00223500 0.06080600
v -0.03458400 -0.00334500 0.06080600
v -0.03326300 -0.00882100 0.05953700
v -0.03386400 -0.00665300 0.05699800
v -0.03386400 -0.00665300 0.05953700
v -0.03458400 -0.00334500 0.06144100
v -0.03468400 -0.00279000 0.06080600
v -0.03477800 -0.00223500 0.06144100
v -0.03468400 -0.00279000 0.06144100
v -0.03495000 -0.00112200 0.05953700
v -0.03510200 -0.00000600 0.06080600
v -0.03495000 -0.00112200 0.06080600
v -0.03468400 -0.00279000 0.06175800
v -0.03473200 -0.00251200 0.06144100
v -0.03477800 -0.00223500 0.06175800
v -0.03473200 -0.00251200 0.06175800
v -0.03486700 -0.00167900 0.06080600
v -0.03495000 -0.00112200 0.06144100
v -0.03486700 -0.00167900 0.06144100
v -0.03473200 -0.00251200 0.06191700
v -0.03475500 -0.00237400 0.06175800
v -0.03477800 -0.00223500 0.06191700
v -0.03475500 -0.00237400 0.06191700
v -0.03482300 -0.00195700 0.06144100
v -0.03486700 -0.00167900 0.06175800
v -0.03482300 -0.00195700 0.06175800
v -0.03173900 -0.01305500 0.05953700
v -0.03255600 -0.01095900 0.05699800
v -0.03255600 -0.01095900 0.05953700
v -0.03255600 -0.01095900 0.06080600
v -0.03292300 -0.00989500 0.05953700
v -0.03326300 -0.00882100 0.06080600
v -0.03292300 -0.00989500 0.06080600
v -0.03255600 -0.01095900 0.06144100
v -0.03274300 -0.01042800 0.06080600
v -0.03292300 -0.00989500 0.06144100
v -0.03274300 -0.01042800 0.06144100
v -0.03173900 -0.01305500 0.06080600
v -0.03216200 -0.01201200 0.05953700
v -0.03216200 -0.01201200 0.06080600
v -0.03080300 -0.01509900 0.05699800
v -0.03080300 -0.01509900 0.05953700
v -0.03274300 -0.01042800 0.06175800
v -0.03283400 -0.01016200 0.06144100
v -0.03292300 -0.00989500 0.06175800
v -0.03283400 -0.01016200 0.06175800
v -0.03309600 -0.00935900 0.06080600
v -0.03326300 -0.00882100 0.06144100
v -0.03309600 -0.00935900 0.06144100
v -0.03357600 -0.00774200 0.05953700
v -0.03386400 -0.00665300 0.06080600
v -0.03357600 -0.00774200 0.06080600
v -0.03283400 -0.01016200 0.06191700
v -0.03287900 -0.01002900 0.06175800
v -0.03292300 -0.00989500 0.06191700
v -0.03287900 -0.01002900 0.06191700
v -0.03301000 -0.00962700 0.06144100
v -0.03309600 -0.00935900 0.06175800
v -0.03301000 -0.00962700 0.06175800
v -0.03290100 -0.00996200 0.06191700
v -0.03292300 -0.00989500 0.06199600
v -0.03290100 -0.00996200 0.06199600
v -0.03296700 -0.00976100 0.06175800
v -0.03301000 -0.00962700 0.06191700
v -0.03296700 -0.00976100 0.06191700
v -0.03291200 -0.00992800 0.06199600
v -0.03294500 -0.00982800 0.06191700
v -0.03296700 -0.00976100 0.06199600
v -0.03294500 -0.00982800 0.06199600
v -0.03291700 -0.00991200 0.06199600
v -0.03290100 -0.00996200 0.06195700
v -0.03291200 -0.00992800 0.06191700
v -0.03292300 -0.00989500 0.06195700
v -0.03291200 -0.00992800 0.06195700
v -0.03287900 -0.01002900 0.06183800
v -0.03290100 -0.00996200 0.06175800
v -0.03292300 -0.00989500 0.06183800
v -0.03290100 -0.00996200 0.06183800
v -0.03283400 -0.01016200 0.06160000
v -0.03287900 -0.01002900 0.06144100
v -0.03292300 -0.00989500 0.06160000
v -0.03287900 -0.01002900 0.06160000
v -0.03274300 -0.01042800 0.06112400
v -0.03283400 -0.01016200 0.06080600
v -0.03292300 -0.00989500 0.06112400
v -0.03283400 -0.01016200 0.06112400
v -0.03255600 -0.01095900 0.06017100
v -0.03274300 -0.01042800 0.05953700
v -0.03292300 -0.00989500 0.06017100
v -0.03274300 -0.01042800 0.06017100
v -0.03255600 -0.01095900 0.05826700
v -0.03292300 -0.00989500 0.05699800
v -0.03326300 -0.00882100 0.05826700
v -0.03292300 -0.00989500 0.05826700
v -0.03293400 -0.00986200 0.06199600
v -0.03291200 -0.00992800 0.06200600
v -0.03291500 -0.00992000 0.06199600
v -0.03291700 -0.00991200 0.06200600
v -0.03291500 -0.00992000 0.06200600
v -0.03290600 -0.00994500 0.06199600
v -0.03285600 -0.01009500 0.06191700
v -0.03285600 -0.01009500 0.06199600
v -0.03274300 -0.01042800 0.06191700
v -0.03278900 -0.01029500 0.06175800
v -0.03278900 -0.01029500 0.06191700
v -0.03255600 -0.01095900 0.06175800
v -0.03265000 -0.01069400 0.06144100
v -0.03265000 -0.01069400 0.06175800
v -0.03216200 -0.01201200 0.06144100
v -0.03236300 -0.01148700 0.06080600
v -0.03236300 -0.01148700 0.06144100
v -0.03291200 -0.00992800 0.06197700
v -0.03291700 -0.00991200 0.06195700
v -0.03292300 -0.00989500 0.06197700
v -0.03291700 -0.00991200 0.06197700
v -0.03293400 -0.00986200 0.06191700
v -0.03294500 -0.00982800 0.06195700
v -0.03293400 -0.00986200 0.06195700
v -0.03294500 -0.00982800 0.06175800
v -0.03296700 -0.00976100 0.06183800
v -0.03294500 -0.00982800 0.06183800
v -0.03296700 -0.00976100 0.06144100
v -0.03301000 -0.00962700 0.06160000
v -0.03296700 -0.00976100 0.06160000
v -0.03301000 -0.00962700 0.06080600
v -0.03309600 -0.00935900 0.06112400
v -0.03301000 -0.00962700 0.06112400
v -0.03309600 -0.00935900 0.05953700
v -0.03326300 -0.00882100 0.06017100
v -0.03309600 -0.00935900 0.06017100
v -0.03080300 -0.01509900 0.06080600
v -0.03128600 -0.01408300 0.05953700
v -0.03128600 -0.01408300 0.06080600
v -0.03128600 -0.01408300 0.06144100
v -0.03151600 -0.01357000 0.06080600
v -0.03173900 -0.01305500 0.06144100
v -0.03151600 -0.01357000 0.06144100
v -0.03128600 -0.01408300 0.06175800
v -0.03140200 -0.01382700 0.06144100
v -0.03151600 -0.01357000 0.06175800
v -0.03140200 -0.01382700 0.06175800
v -0.03080300 -0.01509900 0.06144100
v -0.03104800 -0.01459200 0.06080600
v -0.03104800 -0.01459200 0.06144100
v -0.03028600 -0.01610200 0.05953700
v -0.03028600 -0.01610200 0.06080600
v -0.03140200 -0.01382700 0.06191700
v -0.03146000 -0.01369800 0.06175800
v -0.03151600 -0.01357000 0.06191700
v -0.03146000 -0.01369800 0.06191700
v -0.03162800 -0.01331300 0.06144100
v -0.03173900 -0.01305500 0.06175800
v -0.03162800 -0.01331300 0.06175800
v -0.03195400 -0.01253500 0.06080600
v -0.03195400 -0.01253500 0.06144100
v -0.03148800 -0.01363400 0.06191700
v -0.03151600 -0.01357000 0.06199600
v -0.03148800 -0.01363400 0.06199600
v -0.03157300 -0.01344100 0.06175800
v -0.03162800 -0.01331300 0.06191700
v -0.03157300 -0.01344100 0.06191700
v -0.03150200 -0.01360200 0.06199600
v -0.03154500 -0.01350600 0.06191700
v -0.03157300 -0.01344100 0.06199600
v -0.03154500 -0.01350600 0.06199600
v -0.02973500 -0.01709300 0.05952100
v -0.03580900 0.01348700 0.05699800
v -0.03580900 0.01348700 0.05946000
v 0.02973500 -0.01709300 0.05699800
v 0.03151400 -0.01357500 0.05699800
v 0.03291900 -0.00990500 0.05699800
v 0.03399800 -0.00610800 0.05699800
v 0.03477700 -0.00224500 0.05699800
v 0.03530000 0.00166600 0.05699800
v 0.03561500 0.00559900 0.05699800
v 0.03576800 0.00954300 0.05699800
v 0.02973500 -0.01709300 0.06204500
v 0.03060600 -0.01548900 0.06203700
v 0.03151600 -0.01357000 0.06202800
v 0.03152500 -0.01354900 0.06202800
v 0.03153500 -0.01352800 0.06202800
v 0.03155300 -0.01348700 0.06202800
v 0.03158900 -0.01340400 0.06202700
v 0.03166000 -0.01324000 0.06202700
v 0.03179400 -0.01292300 0.06202500
v 0.03203800 -0.01232800 0.06202300
v 0.03243200 -0.01130000 0.06201800
v 0.03291500 -0.00991800 0.06201200
v 0.03291800 -0.00991000 0.06201200
v 0.03292100 -0.00990200 0.06201200
v 0.03292600 -0.00988600 0.06201200
v 0.03293600 -0.00985400 0.06201200
v 0.03295700 -0.00979100 0.06201200
v 0.03299800 -0.00966500 0.06201100
v 0.03307900 -0.00941200 0.06201000
v 0.03323600 -0.00891000 0.06200800
v 0.03352700 -0.00791600 0.06200300
v 0.03403000 -0.00597400 0.06199400
v 0.03476900 -0.00229000 0.06197600
v 0.03478700 -0.00218500 0.06197600
v 0.03480400 -0.00207900 0.06197500
v 0.03483800 -0.00186600 0.06197400
v 0.03490500 -0.00143600 0.06197200
v 0.03503100 -0.00056400 0.06196800
v 0.03525400 0.00123300 0.06195900
v 0.03543800 0.00310200 0.06195100
v 0.03558200 0.00504200 0.06194200
v 0.03568800 0.00705200 0.06193500
v 0.03575800 0.00913000 0.06192900
v 0.03579700 0.01127600 0.06192500
v 0.03580900 0.01348700 0.06192300
v 0.03291900 -0.00990500 0.05953700
v 0.03226000 -0.01175800 0.05699800
v 0.03151400 -0.01357500 0.05953700
v 0.03226000 -0.01175800 0.05953700
v 0.03226000 -0.01175800 0.06080600
v 0.03189800 -0.01267200 0.05953700
v 0.03151400 -0.01357500 0.06080600
v 0.03189800 -0.01267200 0.06080600
v 0.03067400 -0.01535500 0.05699800
v 0.03067400 -0.01535500 0.05953700
v 0.03189800 -0.01267200 0.06144100
v 0.03170900 -0.01312500 0.06080600
v 0.03151400 -0.01357500 0.06144100
v 0.03170900 -0.01312500 0.06144100
v 0.03110600 -0.01447000 0.05953700
v 0.03067400 -0.01535500 0.06080600
v 0.03110600 -0.01447000 0.06080600
v 0.03170900 -0.01312500 0.06175800
v 0.03161200 -0.01335000 0.06144100
v 0.03151400 -0.01357500 0.06175800
v 0.03161200 -0.01335000 0.06175800
v 0.03131300 -0.01402400 0.06080600
v 0.03110600 -0.01447000 0.06144100
v 0.03131300 -0.01402400 0.06144100
v 0.03161200 -0.01335000 0.06191700
v 0.03156300 -0.01346300 0.06175800
v 0.03151400 -0.01357500 0.06191700
v 0.03156300 -0.01346300 0.06191700
v 0.03141400 -0.01380000 0.06144100
v 0.03131300 -0.01402400 0.06175800
v 0.03141400 -0.01380000 0.06175800
v 0.03156300 -0.01346300 0.06199600
v 0.03153900 -0.01351900 0.06191700
v 0.03151400 -0.01357500 0.06199600
v 0.03153900 -0.01351900 0.06199600
v 0.03146400 -0.01368800 0.06175800
v 0.03141400 -0.01380000 0.06191700
v 0.03146400 -0.01368800 0.06191700
v 0.03152600 -0.01354700 0.06199600
v 0.03148900 -0.01363200 0.06191700
v 0.03146400 -0.01368800 0.06199600
v 0.03148900 -0.01363200 0.06199600
v 0.03291900 -0.00990500 0.06080600
v 0.03260000 -0.01083600 0.05953700
v 0.03260000 -0.01083600 0.06080600
v 0.03399800 -0.00610800 0.05953700
v 0.03349800 -0.00801800 0.05699800
v 0.03349800 -0.00801800 0.05953700
v 0.03291900 -0.00990500 0.06144100
v 0.03276200 -0.01037200 0.06080600
v 0.03260000 -0.01083600 0.06144100
v 0.03276200 -0.01037200 0.06144100
v 0.03349800 -0.00801800 0.06080600
v 0.03321900 -0.00896600 0.05953700
v 0.03321900 -0.00896600 0.06080600
v 0.03291900 -0.00990500 0.06175800
v 0.03284100 -0.01013900 0.06144100
v 0.03276200 -0.01037200 0.06175800
v 0.03284100 -0.01013900 0.06175800
v 0.03321900 -0.00896600 0.06144100
v 0.03307100 -0.00943700 0.06080600
v 0.03307100 -0.00943700 0.06144100
v 0.03291900 -0.00990500 0.06191700
v 0.03288100 -0.01002200 0.06175800
v 0.03284100 -0.01013900 0.06191700
v 0.03288100 -0.01002200 0.06191700
v 0.03307100 -0.00943700 0.06175800
v 0.03299600 -0.00967100 0.06144100
v 0.03299600 -0.00967100 0.06175800
v 0.03291900 -0.00990500 0.06199600
v 0.03290000 -0.00996400 0.06191700
v 0.03288100 -0.01002200 0.06199600
v 0.03290000 -0.00996400 0.06199600
v 0.03299600 -0.00967100 0.06191700
v 0.03295800 -0.00978800 0.06175800
v 0.03295800 -0.00978800 0.06191700
v 0.03291000 -0.00993500 0.06199600
v 0.03293900 -0.00984700 0.06191700
v 0.03293900 -0.00984700 0.06199600
v 0.03291500 -0.00992000 0.06199600
v 0.03292900 -0.00987600 0.06199600
v 0.03291900 -0.00990500 0.06195700
v 0.03291000 -0.00993500 0.06191700
v 0.03290000 -0.00996400 0.06195700
v 0.03291000 -0.00993500 0.06195700
v 0.03291900 -0.00990500 0.06183800
v 0.03290000 -0.00996400 0.06175800
v 0.03288100 -0.01002200 0.06183800
v 0.03290000 -0.00996400 0.06183800
v 0.03291900 -0.00990500 0.06160000
v 0.03288100 -0.01002200 0.06144100
v 0.03284100 -0.01013900 0.06160000
v 0.03288100 -0.01002200 0.06160000
v 0.03291900 -0.00990500 0.06112400
v 0.03284100 -0.01013900 0.06080600
v 0.03276200 -0.01037200 0.06112400
v 0.03284100 -0.01013900 0.06112400
v 0.03291900 -0.00990500 0.06017100
v 0.03276200 -0.01037200 0.05953700
v 0.03260000 -0.01083600 0.06017100
v 0.03276200 -0.01037200 0.06017100
v 0.03291900 -0.00990500 0.05826700
v 0.03260000 -0.01083600 0.05699800
v 0.03226000 -0.01175800 0.05826700
v 0.03260000 -0.01083600 0.05826700
v 0.03292400 -0.00989100 0.06199600
v 0.03293900 -0.00984700 0.06195700
v 0.03292900 -0.00987600 0.06191700
v 0.03292900 -0.00987600 0.06195700
v 0.03295800 -0.00978800 0.06183800
v 0.03293900 -0.00984700 0.06175800
v 0.03293900 -0.00984700 0.06183800
v 0.03299600 -0.00967100 0.06160000
v 0.03295800 -0.00978800 0.06144100
v 0.03295800 -0.00978800 0.06160000
v 0.03307100 -0.00943700 0.06112400
v 0.03299600 -0.00967100 0.06080600
v 0.03299600 -0.00967100 0.06112400
v 0.03321900 -0.00896600 0.06017100
v 0.03307100 -0.00943700 0.05953700
v 0.03307100 -0.00943700 0.06017100
v 0.03349800 -0.00801800 0.05826700
v 0.03321900 -0.00896600 0.05699800
v 0.03321900 -0.00896600 0.05826700
v 0.03477700 -0.00224500 0.05953700
v 0.03442200 -0.00418300 0.05699800
v 0.03442200 -0.00418300 0.05953700
v 0.03477700 -0.00224500 0.06080600
v 0.03460800 -0.00321600 0.05953700
v 0.03442200 -0.00418300 0.06080600
v 0.03460800 -0.00321600 0.06080600
v 0.03530000 0.00166600 0.05953700
v 0.03506700 -0.00029500 0.05699800
v 0.03506700 -0.00029500 0.05953700
v 0.03477700 -0.00224500 0.06144100
v 0.03469400 -0.00273100 0.06080600
v 0.03460800 -0.00321600 0.06144100
v 0.03469400 -0.00273100 0.06144100
v 0.03506700 -0.00029500 0.06080600
v 0.03492900 -0.00127100 0.05953700
v 0.03492900 -0.00127100 0.06080600
v 0.03477700 -0.00224500 0.06175800
v 0.03473600 -0.00248800 0.06144100
v 0.03469400 -0.00273100 0.06175800
v 0.03473600 -0.00248800 0.06175800
v 0.03492900 -0.00127100 0.06144100
v 0.03485500 -0.00175900 0.06080600
v 0.03485500 -0.00175900 0.06144100
v 0.03485500 -0.00175900 0.06175800
v 0.03481600 -0.00200200 0.06144100
v 0.03481600 -0.00200200 0.06175800
v 0.02973500 -0.01709300 0.05952100
v 0.03580900 0.01348600 0.05946000
v 0.03580900 0.01348600 0.05699800
v 0.03580900 0.01348600 0.05699800
v 0.03576500 0.01744500 0.05699800
v 0.03560700 0.02140000 0.05699800
v 0.03529600 0.02531200 0.05699800
v 0.03476900 0.02926600 0.05699800
v 0.03398500 0.03314000 0.05699800
v 0.03290700 0.03691400 0.05699800
v 0.03150500 0.04057200 0.05699800
v 0.02972000 0.04409400 0.05699800
v 0.03580900 0.01348600 0.05946000
v 0.03580900 0.01348700 0.06192300
v 0.02972000 0.04409400 0.06204600
v 0.02972000 0.04409400 0.05952200
v 0.03580900 0.01348700 0.06192300
v 0.03580900 0.01348700 0.06192300
v 0.03576500 0.01744500 0.05955000
v 0.03579800 0.01546600 0.05699800
v 0.03579800 0.01546600 0.05955000
v 0.03579800 0.01546600 0.06082700
v 0.03580500 0.01447600 0.05955000
v 0.03580500 0.01447600 0.06082700
v 0.03580500 0.01447600 0.06146500
v 0.03580700 0.01398100 0.06082700
v 0.03580700 0.01398100 0.06146500
v 0.03580700 0.01398100 0.06178400
v 0.03580800 0.01373300 0.06146500
v 0.03580800 0.01373300 0.06178400
v 0.03580800 0.01361000 0.06178400
v 0.03580800 0.01361000 0.06186400
v 0.03580800 0.01354800 0.06178400
v 0.03580800 0.01354800 0.06186400
v 0.03580800 0.01373300 0.06162400
v 0.03580800 0.01361000 0.06146500
v 0.03580800 0.01361000 0.06162400
v 0.03580700 0.01398100 0.06114600
v 0.03580800 0.01373300 0.06082700
v 0.03580800 0.01373300 0.06114600
v 0.03580500 0.01447600 0.06018800
v 0.03580700 0.01398100 0.05955000
v 0.03580700 0.01398100 0.06018800
v 0.03579800 0.01546600 0.05827400
v 0.03580500 0.01447600 0.05699800
v 0.03580500 0.01447600 0.05827400
v 0.03580800 0.01354800 0.06190400
v 0.03580900 0.01351700 0.06186400
v 0.03580900 0.01351700 0.06190400
v 0.03580900 0.01350100 0.06190400
v 0.03580900 0.01350100 0.06191400
v 0.03580900 0.01349400 0.06190400
v 0.03580900 0.01349400 0.06191400
v 0.03580900 0.01351700 0.06188400
v 0.03580900 0.01350100 0.06186400
v 0.03580900 0.01350100 0.06188400
v 0.03580800 0.01354800 0.06182400
v 0.03580900 0.01351700 0.06178400
v 0.03580900 0.01351700 0.06182400
v 0.03580800 0.01361000 0.06170400
v 0.03580800 0.01354800 0.06162400
v 0.03580800 0.01354800 0.06170400
v 0.03580900 0.01349400 0.06191800
v 0.03580900 0.01349000 0.06191400
v 0.03580900 0.01349000 0.06191800
v 0.03580900 0.01349000 0.06191800
v 0.03579800 0.01546600 0.06192500
v 0.03576400 0.01744800 0.06192900
v 0.03576300 0.01751600 0.06192900
v 0.03576100 0.01758300 0.06192900
v 0.03575800 0.01771600 0.06193000
v 0.03575100 0.01798100 0.06193100
v 0.03573500 0.01850200 0.06193200
v 0.03569900 0.01951300 0.06193600
v 0.03560600 0.02140700 0.06194300
v 0.03555000 0.02231500 0.06194600
v 0.03548200 0.02324400 0.06195000
v 0.03531000 0.02517000 0.06195800
v 0.03507700 0.02718200 0.06196700
v 0.03476600 0.02927800 0.06197700
v 0.03476400 0.02929000 0.06197700
v 0.03476300 0.02930200 0.06197700
v 0.03475900 0.02932600 0.06197700
v 0.03475000 0.02937500 0.06197700
v 0.03473400 0.02947200 0.06197700
v 0.03470000 0.02967100 0.06197800
v 0.03462800 0.03008200 0.06198000
v 0.03446200 0.03096000 0.06198400
v 0.03403300 0.03293700 0.06199400
v 0.03376000 0.03403300 0.06199900
v 0.03368400 0.03431800 0.06200000
v 0.03364600 0.03446000 0.06200100
v 0.03360800 0.03459800 0.06200200
v 0.03345900 0.03512700 0.06200400
v 0.03290700 0.03691400 0.06201300
v 0.03290500 0.03692000 0.06201300
v 0.03290300 0.03692700 0.06201300
v 0.03289800 0.03694000 0.06201300
v 0.03288900 0.03696900 0.06201300
v 0.03286800 0.03703200 0.06201300
v 0.03281700 0.03718300 0.06201400
v 0.03268200 0.03758100 0.06201500
v 0.03225400 0.03875800 0.06201900
v 0.03224700 0.03877600 0.06202000
v 0.03224100 0.03879300 0.06202000
v 0.03222700 0.03882800 0.06202000
v 0.03220100 0.03889800 0.06202000
v 0.03214800 0.03903400 0.06202000
v 0.03204500 0.03929500 0.06202100
v 0.03184900 0.03977600 0.06202400
v 0.03150700 0.04057000 0.06202800
v 0.03146900 0.04065400 0.06202800
v 0.03142700 0.04074700 0.06202900
v 0.03133100 0.04095500 0.06203100
v 0.03109000 0.04146100 0.06203500
v 0.03107100 0.04150000 0.06203500
v 0.03105200 0.04153800 0.06203600
v 0.03101600 0.04161200 0.06203600
v 0.03094700 0.04175100 0.06203700
v 0.03082500 0.04199500 0.06203900
v 0.03064700 0.04234300 0.06204200
v 0.03064300 0.04235100 0.06204200
v 0.03063900 0.04235900 0.06204200
v 0.03063100 0.04237500 0.06204200
v 0.03061400 0.04240700 0.06204300
v 0.03058100 0.04247100 0.06204300
v 0.03051700 0.04259600 0.06204400
v 0.03039000 0.04283800 0.06204500
v 0.03014900 0.04329500 0.06204700
v 0.03560700 0.02140000 0.05955000
v 0.03570200 0.01942300 0.05699800
v 0.03570200 0.01942300 0.05955000
v 0.03570200 0.01942300 0.06082700
v 0.03573700 0.01843400 0.05955000
v 0.03576500 0.01744500 0.06082700
v 0.03573700 0.01843400 0.06082700
v 0.03573700 0.01843400 0.06146500
v 0.03575200 0.01793900 0.06082700
v 0.03576500 0.01744500 0.06146500
v 0.03575200 0.01793900 0.06146500
v 0.03578400 0.01645500 0.05955000
v 0.03578400 0.01645500 0.06082700
v 0.03575800 0.01769200 0.06146500
v 0.03576500 0.01744500 0.06178400
v 0.03575800 0.01769200 0.06178400
v 0.03577500 0.01695000 0.06082700
v 0.03578400 0.01645500 0.06146500
v 0.03577500 0.01695000 0.06146500
v 0.03576200 0.01756800 0.06178400
v 0.03577000 0.01719700 0.06146500
v 0.03577500 0.01695000 0.06178400
v 0.03577000 0.01719700 0.06178400
v 0.03529600 0.02531200 0.05955000
v 0.03547300 0.02335800 0.05699800
v 0.03547300 0.02335800 0.05955000
v 0.03398500 0.03314000 0.05955000
v 0.03441100 0.03121300 0.05699800
v 0.03476900 0.02926600 0.05955000
v 0.03441100 0.03121300 0.05955000
v 0.03441100 0.03121300 0.06082700
v 0.03459900 0.03024100 0.05955000
v 0.03476900 0.02926600 0.06082700
v 0.03459900 0.03024100 0.06082700
v 0.03506200 0.02729300 0.05699800
v 0.03506200 0.02729300 0.05955000
v 0.03459900 0.03024100 0.06146500
v 0.03468600 0.02975300 0.06082700
v 0.03476900 0.02926600 0.06146500
v 0.03468600 0.02975300 0.06146500
v 0.03492300 0.02828000 0.05955000
v 0.03506200 0.02729300 0.06082700
v 0.03492300 0.02828000 0.06082700
v 0.03468600 0.02975300 0.06178400
v 0.03472800 0.02951000 0.06146500
v 0.03476900 0.02926600 0.06178400
v 0.03472800 0.02951000 0.06178400
v 0.03484800 0.02877300 0.06082700
v 0.03492300 0.02828000 0.06146500
v 0.03484800 0.02877300 0.06146500
v 0.03474800 0.02938800 0.06178400
v 0.03476900 0.02926600 0.06194300
v 0.03474800 0.02938800 0.06194300
v 0.03480900 0.02901900 0.06146500
v 0.03484800 0.02877300 0.06178400
v 0.03480900 0.02901900 0.06178400
v 0.03475800 0.02932700 0.06194300
v 0.03478900 0.02914300 0.06178400
v 0.03480900 0.02901900 0.06194300
v 0.03478900 0.02914300 0.06194300
v 0.03476400 0.02929600 0.06194300
v 0.03474800 0.02938800 0.06186400
v 0.03475800 0.02932700 0.06178400
v 0.03476900 0.02926600 0.06186400
v 0.03475800 0.02932700 0.06186400
v 0.03472800 0.02951000 0.06162400
v 0.03474800 0.02938800 0.06146500
v 0.03476900 0.02926600 0.06162400
v 0.03474800 0.02938800 0.06162400
v 0.03468600 0.02975300 0.06114600
v 0.03472800 0.02951000 0.06082700
v 0.03476900 0.02926600 0.06114600
v 0.03472800 0.02951000 0.06114600
v 0.03459900 0.03024100 0.06018800
v 0.03468600 0.02975300 0.05955000
v 0.03476900 0.02926600 0.06018800
v 0.03468600 0.02975300 0.06018800
v 0.03441100 0.03121300 0.05827400
v 0.03459900 0.03024100 0.05699800
v 0.03476900 0.02926600 0.05827400
v 0.03459900 0.03024100 0.05827400
v 0.03477900 0.02920400 0.06194300
v 0.03290700 0.03691400 0.05955000
v 0.03348400 0.03504100 0.05699800
v 0.03348400 0.03504100 0.05955000
v 0.03348400 0.03504100 0.06082700
v 0.03374400 0.03409400 0.05955000
v 0.03398500 0.03314000 0.06082700
v 0.03374400 0.03409400 0.06082700
v 0.03374400 0.03409400 0.06146500
v 0.03386600 0.03361800 0.06082700
v 0.03398500 0.03314000 0.06146500
v 0.03386600 0.03361800 0.06146500
v 0.03420700 0.03218000 0.05955000
v 0.03420700 0.03218000 0.06082700
v 0.03348400 0.03504100 0.06146500
v 0.03361600 0.03456800 0.06082700
v 0.03361600 0.03456800 0.06146500
v 0.03290700 0.03691400 0.06082700
v 0.03320500 0.03598100 0.05955000
v 0.03320500 0.03598100 0.06082700
v 0.03150500 0.04057200 0.05955000
v 0.03225300 0.03876000 0.05699800
v 0.03225300 0.03876000 0.05955000
v 0.03361600 0.03456800 0.06178400
v 0.03368100 0.03433100 0.06146500
v 0.03374400 0.03409400 0.06178400
v 0.03368100 0.03433100 0.06178400
v 0.03348400 0.03504100 0.06178400
v 0.03355100 0.03480500 0.06146500
v 0.03355100 0.03480500 0.06178400
v 0.03320500 0.03598100 0.06146500
v 0.03334700 0.03551200 0.06082700
v 0.03334700 0.03551200 0.06146500
v 0.03290700 0.03691400 0.06146500
v 0.03305800 0.03644800 0.06082700
v 0.03305800 0.03644800 0.06146500
v 0.03225300 0.03876000 0.06082700
v 0.03259000 0.03784100 0.05955000
v 0.03259000 0.03784100 0.06082700
v 0.03290700 0.03691400 0.06178400
v 0.03298300 0.03668100 0.06146500
v 0.03305800 0.03644800 0.06178400
v 0.03298300 0.03668100 0.06178400
v 0.03259000 0.03784100 0.06146500
v 0.03275100 0.03737800 0.06082700
v 0.03275100 0.03737800 0.06146500
v 0.03290700 0.03691400 0.06194300
v 0.03294500 0.03679800 0.06178400
v 0.03298300 0.03668100 0.06194300
v 0.03294500 0.03679800 0.06194300
v 0.03275100 0.03737800 0.06178400
v 0.03283000 0.03714600 0.06146500
v 0.03283000 0.03714600 0.06178400
v 0.03292600 0.03685600 0.06194300
v 0.03286800 0.03703000 0.06178400
v 0.03286800 0.03703000 0.06194300
v 0.03290700 0.03691400 0.06198300
v 0.03291700 0.03688500 0.06194300
v 0.03292600 0.03685600 0.06198300
v 0.03291700 0.03688500 0.06198300
v 0.03288800 0.03697200 0.06194300
v 0.03290700 0.03691400 0.06186400
v 0.03292600 0.03685600 0.06178400
v 0.03294500 0.03679800 0.06186400
v 0.03292600 0.03685600 0.06186400
v 0.03290700 0.03691400 0.06162400
v 0.03294500 0.03679800 0.06146500
v 0.03298300 0.03668100 0.06162400
v 0.03294500 0.03679800 0.06162400
v 0.03290700 0.03691400 0.06114600
v 0.03298300 0.03668100 0.06082700
v 0.03305800 0.03644800 0.06114600
v 0.03298300 0.03668100 0.06114600
v 0.03290700 0.03691400 0.06018800
v 0.03305800 0.03644800 0.05955000
v 0.03320500 0.03598100 0.06018800
v 0.03305800 0.03644800 0.06018800
v 0.03290700 0.03691400 0.05827400
v 0.03320500 0.03598100 0.05699800
v 0.03348400 0.03504100 0.05827400
v 0.03320500 0.03598100 0.05827400
v 0.03288800 0.03697200 0.06198300
v 0.03289700 0.03694300 0.06194300
v 0.03289700 0.03694300 0.06198300
v 0.03286800 0.03703000 0.06186400
v 0.03288800 0.03697200 0.06178400
v 0.03288800 0.03697200 0.06186400
v 0.03283000 0.03714600 0.06162400
v 0.03286800 0.03703000 0.06146500
v 0.03286800 0.03703000 0.06162400
v 0.03275100 0.03737800 0.06114600
v 0.03283000 0.03714600 0.06082700
v 0.03283000 0.03714600 0.06114600
v 0.03259000 0.03784100 0.06018800
v 0.03275100 0.03737800 0.05955000
v 0.03275100 0.03737800 0.06018800
v 0.03225300 0.03876000 0.05827400
v 0.03259000 0.03784100 0.05699800
v 0.03259000 0.03784100 0.05827400
v 0.03289700 0.03694300 0.06200300
v 0.03290200 0.03692900 0.06198300
v 0.03290200 0.03692900 0.06200300
v 0.03225300 0.03876000 0.06146500
v 0.03242500 0.03830100 0.06082700
v 0.03242500 0.03830100 0.06146500
v 0.03150500 0.04057200 0.06082700
v 0.03189300 0.03967100 0.05955000
v 0.03189300 0.03967100 0.06082700
v 0.03064600 0.04234500 0.05699800
v 0.03064600 0.04234500 0.05955000
v 0.03225300 0.03876000 0.06178400
v 0.03234000 0.03853100 0.06146500
v 0.03242500 0.03830100 0.06178400
v 0.03234000 0.03853100 0.06178400
v 0.03189300 0.03967100 0.06146500
v 0.03207600 0.03921700 0.06082700
v 0.03207600 0.03921700 0.06146500
v 0.03225300 0.03876000 0.06194300
v 0.03229700 0.03864600 0.06178400
v 0.03234000 0.03853100 0.06194300
v 0.03229700 0.03864600 0.06194300
v 0.03207600 0.03921700 0.06178400
v 0.03216500 0.03898900 0.06146500
v 0.03216500 0.03898900 0.06178400
v 0.03227500 0.03870300 0.06194300
v 0.03221000 0.03887400 0.06178400
v 0.03221000 0.03887400 0.06194300
v 0.03225300 0.03876000 0.06198300
v 0.03226400 0.03873100 0.06194300
v 0.03227500 0.03870300 0.06198300
v 0.03226400 0.03873100 0.06198300
v 0.03223100 0.03881700 0.06194300
v 0.03225300 0.03876000 0.06186400
v 0.03227500 0.03870300 0.06178400
v 0.03229700 0.03864600 0.06186400
v 0.03227500 0.03870300 0.06186400
v 0.03225300 0.03876000 0.06162400
v 0.03229700 0.03864600 0.06146500
v 0.03234000 0.03853100 0.06162400
v 0.03229700 0.03864600 0.06162400
v 0.03225300 0.03876000 0.06114600
v 0.03234000 0.03853100 0.06082700
v 0.03242500 0.03830100 0.06114600
v 0.03234000 0.03853100 0.06114600
v 0.03225300 0.03876000 0.06018800
v 0.03242500 0.03830100 0.05955000
v 0.03242500 0.03830100 0.06018800
v 0.03223100 0.03881700 0.06198300
v 0.03224200 0.03878900 0.06194300
v 0.03224200 0.03878900 0.06198300
v 0.03221000 0.03887400 0.06186400
v 0.03223100 0.03881700 0.06178400
v 0.03223100 0.03881700 0.06186400
v 0.03216500 0.03898900 0.06162400
v 0.03221000 0.03887400 0.06146500
v 0.03221000 0.03887400 0.06162400
v 0.03207600 0.03921700 0.06114600
v 0.03216500 0.03898900 0.06082700
v 0.03216500 0.03898900 0.06114600
v 0.03189300 0.03967100 0.06018800
v 0.03207600 0.03921700 0.05955000
v 0.03207600 0.03921700 0.06018800
v 0.03150500 0.04057200 0.05827400
v 0.03189300 0.03967100 0.05699800
v 0.03189300 0.03967100 0.05827400
v 0.03150500 0.04057200 0.06146500
v 0.03170300 0.04012300 0.06082700
v 0.03170300 0.04012300 0.06146500
v 0.03064600 0.04234500 0.06082700
v 0.03108800 0.04146300 0.05955000
v 0.03108800 0.04146300 0.06082700
v 0.03150500 0.04057200 0.06178400
v 0.03160500 0.04034800 0.06146500
v 0.03170300 0.04012300 0.06178400
v 0.03160500 0.04034800 0.06178400
v 0.03108800 0.04146300 0.06146500
v 0.03130100 0.04101900 0.06082700
v 0.03130100 0.04101900 0.06146500
v 0.03150500 0.04057200 0.06194300
v 0.03155500 0.04046000 0.06178400
v 0.03160500 0.04034800 0.06194300
v 0.03155500 0.04046000 0.06194300
v 0.03130100 0.04101900 0.06178400
v 0.03140400 0.04079600 0.06146500
v 0.03140400 0.04079600 0.06178400
v 0.03140400 0.04079600 0.06194300
v 0.03145500 0.04068400 0.06178400
v 0.03145500 0.04068400 0.06194300
v 0.03108800 0.04146300 0.06178400
v 0.03119500 0.04124100 0.06146500
v 0.03119500 0.04124100 0.06178400
v 0.03064600 0.04234500 0.06146500
v 0.03087000 0.04190500 0.06082700
v 0.03087000 0.04190500 0.06146500
v 0.03018700 0.04322100 0.05955000
v 0.03018700 0.04322100 0.06082700
v 0.03108800 0.04146300 0.06194300
v 0.03114200 0.04135200 0.06178400
v 0.03119500 0.04124100 0.06194300
v 0.03114200 0.04135200 0.06194300
v 0.03087000 0.04190500 0.06178400
v 0.03098000 0.04168400 0.06146500
v 0.03098000 0.04168400 0.06178400
v 0.03111500 0.04140800 0.06194300
v 0.03114200 0.04135200 0.06202300
v 0.03111500 0.04140800 0.06202300
v 0.03098000 0.04168400 0.06194300
v 0.03103400 0.04157400 0.06178400
v 0.03103400 0.04157400 0.06194300
v 0.03106100 0.04151900 0.06194300
v 0.03064600 0.04234500 0.06178400
v 0.03075900 0.04212500 0.06146500
v 0.03075900 0.04212500 0.06178400
v 0.03018700 0.04322100 0.06146500
v 0.03041800 0.04278400 0.06082700
v 0.03041800 0.04278400 0.06146500
v 0.03064600 0.04234500 0.06194300
v 0.03070300 0.04223500 0.06178400
v 0.03075900 0.04212500 0.06194300
v 0.03070300 0.04223500 0.06194300
v 0.03041800 0.04278400 0.06178400
v 0.03053300 0.04256400 0.06146500
v 0.03053300 0.04256400 0.06178400
v 0.03064600 0.04234500 0.06202300
v 0.03067400 0.04229000 0.06194300
v 0.03070300 0.04223500 0.06202300
v 0.03067400 0.04229000 0.06202300
v 0.03053300 0.04256400 0.06194300
v 0.03059000 0.04245500 0.06178400
v 0.03059000 0.04245500 0.06194300
v 0.03066000 0.04231800 0.06202300
v 0.03061800 0.04240000 0.06194300
v 0.03065300 0.04233100 0.06202300
v 0.03063200 0.04237200 0.06202300
v 0.03064600 0.04234500 0.06198300
v 0.03066000 0.04231800 0.06194300
v 0.03067400 0.04229000 0.06198300
v 0.03066000 0.04231800 0.06198300
v 0.03064600 0.04234500 0.06186400
v 0.03067400 0.04229000 0.06178400
v 0.03070300 0.04223500 0.06186400
v 0.03067400 0.04229000 0.06186400
v 0.03064600 0.04234500 0.06162400
v 0.03070300 0.04223500 0.06146500
v 0.03075900 0.04212500 0.06162400
v 0.03070300 0.04223500 0.06162400
v 0.03064600 0.04234500 0.06114600
v 0.03075900 0.04212500 0.06082700
v 0.03087000 0.04190500 0.06114600
v 0.03075900 0.04212500 0.06114600
v 0.03064600 0.04234500 0.06018800
v 0.03087000 0.04190500 0.05955000
v 0.03108800 0.04146300 0.06018800
v 0.03087000 0.04190500 0.06018800
v 0.03064600 0.04234500 0.05827400
v 0.03108800 0.04146300 0.05699800
v 0.03108800 0.04146300 0.05827400
v 0.03063900 0.04235900 0.06202300
v 0.03061800 0.04240000 0.06198300
v 0.03063200 0.04237200 0.06194300
v 0.03063200 0.04237200 0.06198300
v 0.03059000 0.04245500 0.06186400
v 0.03061800 0.04240000 0.06178400
v 0.03061800 0.04240000 0.06186400
v 0.03053300 0.04256400 0.06162400
v 0.03059000 0.04245500 0.06146500
v 0.03059000 0.04245500 0.06162400
v 0.03041800 0.04278400 0.06114600
v 0.03053300 0.04256400 0.06082700
v 0.03053300 0.04256400 0.06114600
v 0.03018700 0.04322100 0.06018800
v 0.03041800 0.04278400 0.05955000
v 0.03041800 0.04278400 0.06018800
v 0.03018700 0.04322100 0.05699800
v 0.03018700 0.04322100 0.05827400
v -0.02973500 0.04406800 0.05699800
v -0.03173700 0.04003300 0.05699800
v -0.03328900 0.03571000 0.05699800
v -0.03436800 0.03142600 0.05699800
v -0.03510500 0.02698000 0.05699800
v -0.03554400 0.02249500 0.05699800
v -0.03575400 0.01799400 0.05699800
v -0.02973500 0.04406800 0.06204500
v -0.03061300 0.04245200 0.06203700
v -0.03151600 0.04054500 0.06202800
v -0.03152600 0.04052300 0.06202800
v -0.03153600 0.04050100 0.06202800
v -0.03155500 0.04045700 0.06202800
v -0.03159300 0.04037000 0.06202700
v -0.03166600 0.04020000 0.06202700
v -0.03180600 0.03987000 0.06202500
v -0.03205700 0.03925500 0.06202300
v -0.03245600 0.03821000 0.06201800
v -0.03291500 0.03689200 0.06201200
v -0.03291800 0.03688400 0.06201200
v -0.03292100 0.03687600 0.06201200
v -0.03292600 0.03686000 0.06201200
v -0.03293600 0.03682800 0.06201200
v -0.03295700 0.03676500 0.06201200
v -0.03299800 0.03663900 0.06201100
v -0.03307900 0.03638700 0.06201000
v -0.03323600 0.03588500 0.06200800
v -0.03352700 0.03489100 0.06200300
v -0.03403000 0.03294900 0.06199400
v -0.03476900 0.02926400 0.06197600
v -0.03477800 0.02921500 0.06197600
v -0.03478600 0.02916600 0.06197600
v -0.03480200 0.02906700 0.06197500
v -0.03483400 0.02886800 0.06197500
v -0.03489700 0.02846500 0.06197300
v -0.03501700 0.02764100 0.06196900
v -0.03523400 0.02591700 0.06196000
v -0.03556600 0.02216800 0.06194300
v -0.03567700 0.02014400 0.06193600
v -0.03575300 0.01802100 0.06192900
v -0.03579500 0.01580100 0.06192500
v -0.03580900 0.01348700 0.06192300
v -0.03173700 0.04003300 0.05953700
v -0.03080000 0.04207800 0.05699800
v -0.03080000 0.04207800 0.05953700
v -0.03173700 0.04003300 0.06080600
v -0.03128400 0.04106200 0.05953700
v -0.03080000 0.04207800 0.06080600
v -0.03128400 0.04106200 0.06080600
v -0.03328900 0.03571000 0.05953700
v -0.03257000 0.03789600 0.05699800
v -0.03257000 0.03789600 0.05953700
v -0.03173700 0.04003300 0.06144100
v -0.03151400 0.04054900 0.06080600
v -0.03128400 0.04106200 0.06144100
v -0.03151400 0.04054900 0.06144100
v -0.03257000 0.03789600 0.06080600
v -0.03216800 0.03897100 0.05953700
v -0.03216800 0.03897100 0.06080600
v -0.03173700 0.04003300 0.06175800
v -0.03162600 0.04029200 0.06144100
v -0.03151400 0.04054900 0.06175800
v -0.03162600 0.04029200 0.06175800
v -0.03216800 0.03897100 0.06144100
v -0.03195600 0.03950400 0.06080600
v -0.03195600 0.03950400 0.06144100
v -0.03162600 0.04029200 0.06191700
v -0.03157100 0.04042100 0.06175800
v -0.03151400 0.04054900 0.06191700
v -0.03157100 0.04042100 0.06191700
v -0.03140000 0.04080600 0.06144100
v -0.03128400 0.04106200 0.06175800
v -0.03140000 0.04080600 0.06175800
v -0.03104600 0.04157100 0.06080600
v -0.03080000 0.04207800 0.06144100
v -0.03104600 0.04157100 0.06144100
v -0.03028400 0.04308000 0.05953700
v -0.03028400 0.04308000 0.06080600
v -0.03157100 0.04042100 0.06199600
v -0.03154200 0.04048500 0.06191700
v -0.03151400 0.04054900 0.06199600
v -0.03154200 0.04048500 0.06199600
v -0.03145700 0.04067800 0.06175800
v -0.03140000 0.04080600 0.06191700
v -0.03145700 0.04067800 0.06191700
v -0.03152800 0.04051700 0.06199600
v -0.03148600 0.04061400 0.06191700
v -0.03145700 0.04067800 0.06199600
v -0.03148600 0.04061400 0.06199600
v -0.03328900 0.03571000 0.06080600
v -0.03294300 0.03680900 0.05953700
v -0.03294300 0.03680900 0.06080600
v -0.03436800 0.03142600 0.05953700
v -0.03387600 0.03357800 0.05699800
v -0.03387600 0.03357800 0.05953700
v -0.03294300 0.03680900 0.06144100
v -0.03276000 0.03735400 0.06080600
v -0.03257000 0.03789600 0.06144100
v -0.03276000 0.03735400 0.06144100
v -0.03294300 0.03680900 0.06175800
v -0.03285200 0.03708100 0.06144100
v -0.03276000 0.03735400 0.06175800
v -0.03285200 0.03708100 0.06175800
v -0.03328900 0.03571000 0.06144100
v -0.03311900 0.03626100 0.06080600
v -0.03311900 0.03626100 0.06144100
v -0.03387600 0.03357800 0.06080600
v -0.03359500 0.03464700 0.05953700
v -0.03359500 0.03464700 0.06080600
v -0.03294300 0.03680900 0.06191700
v -0.03289800 0.03694500 0.06175800
v -0.03285200 0.03708100 0.06191700
v -0.03289800 0.03694500 0.06191700
v -0.03311900 0.03626100 0.06175800
v -0.03303200 0.03653500 0.06144100
v -0.03303200 0.03653500 0.06175800
v -0.03294300 0.03680900 0.06199600
v -0.03292000 0.03687700 0.06191700
v -0.03289800 0.03694500 0.06199600
v -0.03292000 0.03687700 0.06199600
v -0.03303200 0.03653500 0.06191700
v -0.03298800 0.03667200 0.06175800
v -0.03298800 0.03667200 0.06191700
v -0.03290900 0.03691100 0.06199600
v -0.03287500 0.03701300 0.06191700
v -0.03285200 0.03708100 0.06199600
v -0.03287500 0.03701300 0.06199600
v -0.03280600 0.03721800 0.06175800
v -0.03276000 0.03735400 0.06191700
v -0.03280600 0.03721800 0.06191700
v -0.03266600 0.03762500 0.06144100
v -0.03257000 0.03789600 0.06175800
v -0.03266600 0.03762500 0.06175800
v -0.03237300 0.03843500 0.06080600
v -0.03237300 0.03843500 0.06144100
v -0.03291500 0.03689400 0.06199600
v -0.03293200 0.03684300 0.06199600
v -0.03296500 0.03674000 0.06191700
v -0.03296500 0.03674000 0.06199600
v -0.03292000 0.03687700 0.06195700
v -0.03290900 0.03691100 0.06191700
v -0.03289800 0.03694500 0.06195700
v -0.03290900 0.03691100 0.06195700
v -0.03294300 0.03680900 0.06183800
v -0.03292000 0.03687700 0.06175800
v -0.03289800 0.03694500 0.06183800
v -0.03292000 0.03687700 0.06183800
v -0.03294300 0.03680900 0.06160000
v -0.03289800 0.03694500 0.06144100
v -0.03285200 0.03708100 0.06160000
v -0.03289800 0.03694500 0.06160000
v -0.03294300 0.03680900 0.06112400
v -0.03285200 0.03708100 0.06080600
v -0.03276000 0.03735400 0.06112400
v -0.03285200 0.03708100 0.06112400
v -0.03294300 0.03680900 0.06017100
v -0.03276000 0.03735400 0.05953700
v -0.03257000 0.03789600 0.06017100
v -0.03276000 0.03735400 0.06017100
v -0.03328900 0.03571000 0.05826700
v -0.03294300 0.03680900 0.05699800
v -0.03257000 0.03789600 0.05826700
v -0.03294300 0.03680900 0.05826700
v -0.03292600 0.03686000 0.06199600
v -0.03294300 0.03680900 0.06195700
v -0.03293200 0.03684300 0.06191700
v -0.03293200 0.03684300 0.06195700
v -0.03510500 0.02698000 0.05953700
v -0.03477800 0.02921200 0.05699800
v -0.03477800 0.02921200 0.05953700
v -0.03477800 0.02921200 0.06080600
v -0.03458400 0.03032100 0.05953700
v -0.03436800 0.03142600 0.06080600
v -0.03458400 0.03032100 0.06080600
v -0.03477800 0.02921200 0.06144100
v -0.03468400 0.02976700 0.06080600
v -0.03458400 0.03032100 0.06144100
v -0.03468400 0.02976700 0.06144100
v -0.03510500 0.02698000 0.06080600
v -0.03495100 0.02809800 0.05953700
v -0.03495100 0.02809800 0.06080600
v -0.03554400 0.02249500 0.05953700
v -0.03535800 0.02474000 0.05699800
v -0.03535800 0.02474000 0.05953700
v -0.03477800 0.02921200 0.06175800
v -0.03473200 0.02948900 0.06144100
v -0.03468400 0.02976700 0.06175800
v -0.03473200 0.02948900 0.06175800
v -0.03495100 0.02809800 0.06144100
v -0.03486700 0.02865500 0.06080600
v -0.03486700 0.02865500 0.06144100
v -0.03477800 0.02921200 0.06191700
v -0.03475500 0.02935100 0.06175800
v -0.03473200 0.02948900 0.06191700
v -0.03475500 0.02935100 0.06191700
v -0.03486700 0.02865500 0.06175800
v -0.03482300 0.02893400 0.06144100
v -0.03482300 0.02893400 0.06175800
v -0.03476700 0.02928100 0.06191700
v -0.03480100 0.02907300 0.06175800
v -0.03480100 0.02907300 0.06191700
v -0.03478900 0.02914200 0.06191700
v -0.03580900 0.01348700 0.05946000
v -0.03580900 0.01348700 0.05699800
v -0.02973500 0.04406800 0.05952200
v 0.00000000 0.06123500 0.06223700
v -0.00241700 0.06115100 0.06223500
v -0.00448600 0.06094100 0.06223000
v -0.00452100 0.06093600 0.06223000
v -0.00455700 0.06093200 0.06223000
v -0.00462800 0.06092200 0.06223000
v -0.00477000 0.06090200 0.06222900
v -0.00505400 0.06086100 0.06222900
v -0.00561600 0.06077300 0.06222700
v -0.00672300 0.06057100 0.06222300
v -0.00886300 0.06007200 0.06221400
v -0.00889200 0.06006400 0.06221400
v -0.00892200 0.06005600 0.06221400
v -0.00898000 0.06004000 0.06221300
v -0.00909800 0.06000800 0.06221300
v -0.00933600 0.05994200 0.06221200
v -0.00981600 0.05980200 0.06220900
v -0.01079800 0.05949300 0.06220500
v -0.01283800 0.05874500 0.06219300
v -0.01496600 0.05780200 0.06218000
v -0.01715900 0.05664100 0.06216300
v -0.01729200 0.05656300 0.06216200
v -0.01742400 0.05648600 0.06216100
v -0.01768600 0.05633000 0.06215900
v -0.01819500 0.05601800 0.06215400
v -0.01916000 0.05539200 0.06214600
v -0.02088600 0.05415200 0.06213000
v -0.02091500 0.05413000 0.06213000
v -0.02094400 0.05410800 0.06213000
v -0.02100100 0.05406400 0.06212900
v -0.02111500 0.05397500 0.06212800
v -0.02134200 0.05379700 0.06212600
v -0.02178900 0.05343600 0.06212200
v -0.02265600 0.05269900 0.06211400
v -0.02428100 0.05117600 0.06209800
v -0.02432700 0.05113000 0.06209800
v -0.02437300 0.05108400 0.06209700
v -0.02446400 0.05099200 0.06209600
v -0.02464700 0.05080500 0.06209500
v -0.02501000 0.05042400 0.06209100
v -0.02573100 0.04963400 0.06208400
v -0.02713500 0.04793800 0.06207100
v -0.02847700 0.04608200 0.06205800
v -0.02973500 0.04406800 0.06204500
v -0.00484600 0.06089200 0.05961700
v -0.00484600 0.06089200 0.06092700
v -0.00364000 0.06104200 0.05961700
v -0.00242900 0.06114900 0.06092700
v -0.00364000 0.06104200 0.06092700
v -0.00947200 0.05990300 0.05961700
v -0.00717600 0.06047700 0.05961700
v -0.00484600 0.06089200 0.06158200
v -0.00424300 0.06097200 0.06092700
v -0.00364000 0.06104200 0.06158200
v -0.00424300 0.06097200 0.06158200
v -0.00717600 0.06047700 0.06092700
v -0.00601500 0.06070400 0.05961700
v -0.00601500 0.06070400 0.06092700
v -0.00484600 0.06089200 0.06190900
v -0.00454500 0.06093300 0.06158200
v -0.00424300 0.06097200 0.06190900
v -0.00454500 0.06093300 0.06190900
v -0.00601500 0.06070400 0.06158200
v -0.00543100 0.06080300 0.06092700
v -0.00543100 0.06080300 0.06158200
v -0.00454500 0.06093300 0.06207300
v -0.00439400 0.06095300 0.06190900
v -0.00424300 0.06097200 0.06207300
v -0.00439400 0.06095300 0.06207300
v -0.00394200 0.06100800 0.06158200
v -0.00364000 0.06104200 0.06190900
v -0.00394200 0.06100800 0.06190900
v -0.00303500 0.06110100 0.06092700
v -0.00242900 0.06114900 0.06158200
v -0.00303500 0.06110100 0.06158200
v 0.00459300 0.06092700 0.05961700
v -0.00454500 0.06093300 0.06215500
v -0.00447000 0.06094300 0.06207300
v -0.00439400 0.06095300 0.06215500
v -0.00447000 0.06094300 0.06215500
v -0.00484600 0.06089200 0.06207300
v -0.00469500 0.06091300 0.06190900
v -0.00469500 0.06091300 0.06207300
v -0.00543100 0.06080300 0.06190900
v -0.00513900 0.06084900 0.06158200
v -0.00513900 0.06084900 0.06190900
v -0.00469500 0.06091300 0.06215500
v -0.00462000 0.06092300 0.06207300
v -0.00462000 0.06092300 0.06215500
v -0.00947200 0.05990300 0.06092700
v -0.00832900 0.06021000 0.05961700
v -0.00832900 0.06021000 0.06092700
v -0.01160900 0.05921300 0.05961700
v -0.00947200 0.05990300 0.06158200
v -0.00890200 0.06006100 0.06092700
v -0.00832900 0.06021000 0.06158200
v -0.00890200 0.06006100 0.06158200
v -0.01160900 0.05921300 0.06092700
v -0.01054600 0.05957600 0.05961700
v -0.01054600 0.05957600 0.06092700
v -0.00890200 0.06006100 0.06190900
v -0.00861600 0.06013700 0.06158200
v -0.00832900 0.06021000 0.06190900
v -0.00861600 0.06013700 0.06190900
v -0.00775400 0.06034800 0.06092700
v -0.00717600 0.06047700 0.06158200
v -0.00775400 0.06034800 0.06158200
v -0.00890200 0.06006100 0.06207300
v -0.00875900 0.06009900 0.06190900
v -0.00861600 0.06013700 0.06207300
v -0.00875900 0.06009900 0.06207300
v -0.00947200 0.05990300 0.06190900
v -0.00918700 0.05998300 0.06158200
v -0.00918700 0.05998300 0.06190900
v -0.01054600 0.05957600 0.06158200
v -0.01001100 0.05974400 0.06092700
v -0.01001100 0.05974400 0.06158200
v -0.00890200 0.06006100 0.06215500
v -0.00883100 0.06008000 0.06207300
v -0.00875900 0.06009900 0.06215500
v -0.00883100 0.06008000 0.06215500
v -0.00918700 0.05998300 0.06207300
v -0.00904500 0.06002300 0.06190900
v -0.00904500 0.06002300 0.06207300
v -0.00904500 0.06002300 0.06215500
v -0.00897300 0.06004200 0.06207300
v -0.00897300 0.06004200 0.06215500
v -0.01758500 0.05639000 0.05961700
v -0.01567300 0.05745000 0.05961700
v -0.01758500 0.05639000 0.06092700
v -0.01663700 0.05693500 0.05961700
v -0.01567300 0.05745000 0.06092700
v -0.01663700 0.05693500 0.06092700
v -0.02118900 0.05391800 0.05961700
v -0.01942600 0.05521100 0.05961700
v -0.01758500 0.05639000 0.06158200
v -0.01711300 0.05666700 0.06092700
v -0.01663700 0.05693500 0.06158200
v -0.01711300 0.05666700 0.06158200
v -0.01942600 0.05521100 0.06092700
v -0.01851500 0.05581600 0.05961700
v -0.01851500 0.05581600 0.06092700
v -0.01758500 0.05639000 0.06190900
v -0.01735000 0.05652900 0.06158200
v -0.01711300 0.05666700 0.06190900
v -0.01735000 0.05652900 0.06190900
v -0.01851500 0.05581600 0.06158200
v -0.01805200 0.05610700 0.06092700
v -0.01805200 0.05610700 0.06158200
v -0.02118900 0.05391800 0.06092700
v -0.02031800 0.05457900 0.05961700
v -0.02031800 0.05457900 0.06092700
v -0.02444900 0.05100700 0.05961700
v -0.02286500 0.05251400 0.05961700
v -0.02118900 0.05391800 0.06158200
v -0.02075600 0.05425200 0.06092700
v -0.02031800 0.05457900 0.06158200
v -0.02075600 0.05425200 0.06158200
v -0.02286500 0.05251400 0.06092700
v -0.02203800 0.05322900 0.05961700
v -0.02203800 0.05322900 0.06092700
v -0.02118900 0.05391800 0.06190900
v -0.02097300 0.05408500 0.06158200
v -0.02075600 0.05425200 0.06190900
v -0.02097300 0.05408500 0.06190900
v -0.02203800 0.05322900 0.06158200
v -0.02161600 0.05357700 0.06092700
v -0.02161600 0.05357700 0.06158200
v -0.02097300 0.05408500 0.06207300
v -0.02086500 0.05416900 0.06190900
v -0.02075600 0.05425200 0.06207300
v -0.02086500 0.05416900 0.06207300
v -0.02053800 0.05441600 0.06158200
v -0.02031800 0.05457900 0.06190900
v -0.02053800 0.05441600 0.06190900
v -0.01987500 0.05489800 0.06092700
v -0.01942600 0.05521100 0.06158200
v -0.01987500 0.05489800 0.06158200
v -0.02091900 0.05412700 0.06207300
v -0.02118900 0.05391800 0.06207300
v -0.02108100 0.05400200 0.06190900
v -0.02108100 0.05400200 0.06207300
v -0.02161600 0.05357700 0.06190900
v -0.02140300 0.05374800 0.06158200
v -0.02140300 0.05374800 0.06190900
v -0.02444900 0.05100700 0.06092700
v -0.02366900 0.05177300 0.05961700
v -0.02366900 0.05177300 0.06092700
v -0.02593400 0.04940200 0.05961700
v -0.02444900 0.05100700 0.06158200
v -0.02406200 0.05139300 0.06092700
v -0.02366900 0.05177300 0.06158200
v -0.02406200 0.05139300 0.06158200
v -0.02593400 0.04940200 0.06092700
v -0.02520400 0.05021600 0.05961700
v -0.02520400 0.05021600 0.06092700
v -0.02444900 0.05100700 0.06190900
v -0.02425700 0.05120100 0.06158200
v -0.02406200 0.05139300 0.06190900
v -0.02425700 0.05120100 0.06190900
v -0.02520400 0.05021600 0.06158200
v -0.02483000 0.05061500 0.06092700
v -0.02483000 0.05061500 0.06158200
v -0.02435300 0.05110400 0.06190900
v -0.02483000 0.05061500 0.06190900
v -0.02464000 0.05081200 0.06158200
v -0.02464000 0.05081200 0.06190900
v 0.02972000 0.04409400 0.06204600
v 0.02847000 0.04609400 0.06205800
v 0.02713300 0.04794100 0.06207100
v 0.02572900 0.04963600 0.06208400
v 0.02427600 0.05118200 0.06209800
v 0.02422700 0.05123000 0.06209900
v 0.02417900 0.05127900 0.06209900
v 0.02408100 0.05137500 0.06210000
v 0.02388300 0.05156800 0.06210200
v 0.02348200 0.05195000 0.06210600
v 0.02265300 0.05270300 0.06211400
v 0.02088800 0.05415100 0.06213000
v 0.02086300 0.05417000 0.06213100
v 0.02083800 0.05418900 0.06213100
v 0.02078700 0.05422800 0.06213100
v 0.02068600 0.05430500 0.06213200
v 0.02047900 0.05445900 0.06213400
v 0.02005500 0.05476900 0.06213800
v 0.01915800 0.05539400 0.06214600
v 0.01715800 0.05664100 0.06216300
v 0.01702000 0.05672000 0.06216400
v 0.01688200 0.05679800 0.06216500
v 0.01660700 0.05695200 0.06216700
v 0.01605800 0.05724900 0.06217200
v 0.01497000 0.05780000 0.06217900
v 0.01284500 0.05874200 0.06219300
v 0.01080500 0.05949100 0.06220500
v 0.00886900 0.06007000 0.06221400
v 0.00883600 0.06007900 0.06221400
v 0.00880400 0.06008800 0.06221400
v 0.00873800 0.06010500 0.06221500
v 0.00860700 0.06013900 0.06221500
v 0.00834200 0.06020600 0.06221600
v 0.00780900 0.06033500 0.06221900
v 0.00672500 0.06057000 0.06222300
v 0.00448500 0.06094100 0.06223000
v 0.00445600 0.06094500 0.06223000
v 0.00442600 0.06094900 0.06223000
v 0.00436600 0.06095700 0.06223100
v 0.00424500 0.06097200 0.06223100
v 0.00400000 0.06100200 0.06223100
v 0.00349300 0.06105700 0.06223300
v 0.00241500 0.06115000 0.06223500
v 0.02118200 0.05392300 0.05961700
v 0.02448200 0.05097400 0.05961700
v 0.02287900 0.05250200 0.05961700
v 0.02287900 0.05250200 0.06092700
v 0.02369300 0.05175100 0.05961700
v 0.02448200 0.05097400 0.06092700
v 0.02369300 0.05175100 0.06092700
v 0.02594800 0.04938600 0.05961700
v 0.02369300 0.05175100 0.06158200
v 0.02409000 0.05136600 0.06092700
v 0.02448200 0.05097400 0.06158200
v 0.02409000 0.05136600 0.06158200
v 0.02522700 0.05019200 0.05961700
v 0.02594800 0.04938600 0.06092700
v 0.02522700 0.05019200 0.06092700
v 0.02409000 0.05136600 0.06190900
v 0.02428700 0.05117100 0.06158200
v 0.02448200 0.05097400 0.06190900
v 0.02428700 0.05117100 0.06190900
v 0.02485700 0.05058600 0.06092700
v 0.02522700 0.05019200 0.06158200
v 0.02485700 0.05058600 0.06158200
v 0.02418900 0.05126800 0.06190900
v 0.02369300 0.05175100 0.06190900
v 0.02389200 0.05155900 0.06158200
v 0.02389200 0.05155900 0.06190900
v 0.02287900 0.05250200 0.06158200
v 0.02328900 0.05213000 0.06092700
v 0.02328900 0.05213000 0.06158200
v 0.02118200 0.05392300 0.06092700
v 0.02204200 0.05322600 0.05961700
v 0.02204200 0.05322600 0.06092700
v 0.01759500 0.05638500 0.05961700
v 0.01942700 0.05521100 0.05961700
v 0.01942700 0.05521100 0.06092700
v 0.02031500 0.05458100 0.05961700
v 0.02031500 0.05458100 0.06092700
v 0.02031500 0.05458100 0.06158200
v 0.02075100 0.05425500 0.06092700
v 0.02118200 0.05392300 0.06158200
v 0.02075100 0.05425500 0.06158200
v 0.02075100 0.05425500 0.06190900
v 0.02096700 0.05409000 0.06158200
v 0.02118200 0.05392300 0.06190900
v 0.02096700 0.05409000 0.06190900
v 0.02161500 0.05357800 0.06092700
v 0.02204200 0.05322600 0.06158200
v 0.02161500 0.05357800 0.06158200
v 0.02075100 0.05425500 0.06207300
v 0.02085900 0.05417300 0.06190900
v 0.02096700 0.05409000 0.06207300
v 0.02085900 0.05417300 0.06207300
v 0.02031500 0.05458100 0.06190900
v 0.02053400 0.05441900 0.06158200
v 0.02053400 0.05441900 0.06190900
v 0.01942700 0.05521100 0.06158200
v 0.01987400 0.05489900 0.06092700
v 0.01987400 0.05489900 0.06158200
v 0.01759500 0.05638500 0.06092700
v 0.01852000 0.05581200 0.05961700
v 0.01852000 0.05581200 0.06092700
v 0.01347800 0.05847900 0.05961700
v 0.01557200 0.05750100 0.05961700
v 0.02091300 0.05413100 0.06207300
v 0.02107500 0.05400700 0.06190900
v 0.02118200 0.05392300 0.06207300
v 0.02107500 0.05400700 0.06207300
v 0.02139900 0.05375100 0.06158200
v 0.02161500 0.05357800 0.06190900
v 0.02139900 0.05375100 0.06190900
v 0.02080500 0.05421400 0.06207300
v 0.02064200 0.05433700 0.06190900
v 0.02064200 0.05433700 0.06207300
v 0.01557200 0.05750100 0.06092700
v 0.01659300 0.05696000 0.05961700
v 0.01659300 0.05696000 0.06092700
v 0.01659300 0.05696000 0.06158200
v 0.01709600 0.05667700 0.06092700
v 0.01759500 0.05638500 0.06158200
v 0.01709600 0.05667700 0.06158200
v 0.01709600 0.05667700 0.06190900
v 0.01734600 0.05653200 0.06158200
v 0.01759500 0.05638500 0.06190900
v 0.01734600 0.05653200 0.06190900
v 0.01806000 0.05610200 0.06092700
v 0.01852000 0.05581200 0.06158200
v 0.01806000 0.05610200 0.06158200
v 0.01659300 0.05696000 0.06190900
v 0.01684500 0.05681900 0.06158200
v 0.01684500 0.05681900 0.06190900
v 0.01557200 0.05750100 0.06158200
v 0.01608400 0.05723500 0.06092700
v 0.01608400 0.05723500 0.06158200
v 0.01347800 0.05847900 0.06092700
v 0.01453300 0.05800800 0.05961700
v 0.01453300 0.05800800 0.06092700
v 0.00911800 0.06000300 0.05961700
v 0.01132400 0.05931400 0.05961700
v 0.00687100 0.06054100 0.05961700
v 0.00687100 0.06054100 0.06092700
v 0.00799900 0.06029100 0.05961700
v 0.00911800 0.06000300 0.06092700
v 0.00799900 0.06029100 0.06092700
v 0.00799900 0.06029100 0.06158200
v 0.00856000 0.06015100 0.06092700
v 0.00911800 0.06000300 0.06158200
v 0.00856000 0.06015100 0.06158200
v 0.01022700 0.05967700 0.05961700
v 0.01132400 0.05931400 0.06092700
v 0.01022700 0.05967700 0.06092700
v 0.00856000 0.06015100 0.06190900
v 0.00883900 0.06007800 0.06158200
v 0.00911800 0.06000300 0.06190900
v 0.00883900 0.06007800 0.06190900
v 0.00967400 0.05984400 0.06092700
v 0.01022700 0.05967700 0.06158200
v 0.00967400 0.05984400 0.06158200
v 0.00883900 0.06007800 0.06207300
v 0.00897900 0.06004100 0.06190900
v 0.00911800 0.06000300 0.06207300
v 0.00897900 0.06004100 0.06207300
v 0.00939600 0.05992500 0.06158200
v 0.00967400 0.05984400 0.06190900
v 0.00939600 0.05992500 0.06190900
v 0.00856000 0.06015100 0.06207300
v 0.00869900 0.06011500 0.06190900
v 0.00869900 0.06011500 0.06207300
v 0.00799900 0.06029100 0.06190900
v 0.00828000 0.06022200 0.06158200
v 0.00828000 0.06022200 0.06190900
v 0.00687100 0.06054100 0.06158200
v 0.00743600 0.06042000 0.06092700
v 0.00743600 0.06042000 0.06158200
v 0.00459300 0.06092700 0.06092700
v 0.00573500 0.06075300 0.05961700
v 0.00573500 0.06075300 0.06092700
v 0.00869900 0.06011500 0.06215500
v 0.00876900 0.06009700 0.06207300
v 0.00883900 0.06007800 0.06215500
v 0.00876900 0.06009700 0.06215500
v 0.00230100 0.06115800 0.06092700
v 0.00344900 0.06106200 0.05961700
v 0.00344900 0.06106200 0.06092700
v 0.00344900 0.06106200 0.06158200
v 0.00402100 0.06099900 0.06092700
v 0.00459300 0.06092700 0.06158200
v 0.00402100 0.06099900 0.06158200
v 0.00402100 0.06099900 0.06190900
v 0.00430700 0.06096400 0.06158200
v 0.00459300 0.06092700 0.06190900
v 0.00430700 0.06096400 0.06190900
v 0.00516500 0.06084500 0.06092700
v 0.00573500 0.06075300 0.06158200
v 0.00516500 0.06084500 0.06158200
v 0.00430700 0.06096400 0.06207300
v 0.00445000 0.06094600 0.06190900
v 0.00459300 0.06092700 0.06207300
v 0.00445000 0.06094600 0.06207300
v 0.00487900 0.06088700 0.06158200
v 0.00516500 0.06084500 0.06190900
v 0.00487900 0.06088700 0.06190900
v 0.00445000 0.06094600 0.06215500
v 0.00452100 0.06093600 0.06207300
v 0.00459300 0.06092700 0.06215500
v 0.00452100 0.06093600 0.06215500
v 0.00473600 0.06090700 0.06190900
v 0.00487900 0.06088700 0.06207300
v 0.00473600 0.06090700 0.06207300
v 0.00430700 0.06096400 0.06215500
v 0.00437900 0.06095500 0.06207300
v 0.00437900 0.06095500 0.06215500
v 0.00402100 0.06099900 0.06207300
v 0.00416400 0.06098200 0.06190900
v 0.00416400 0.06098200 0.06207300
v 0.00344900 0.06106200 0.06190900
v 0.00373500 0.06103200 0.06158200
v 0.00373500 0.06103200 0.06190900
v 0.00230100 0.06115800 0.06158200
v 0.00287600 0.06111500 0.06092700
v 0.00287600 0.06111500 0.06158200
v 0.02972000 0.04409400 0.05699800
v 0.02972000 0.04409400 0.05952200
v -0.02973500 0.04406800 0.05952200
v -0.00250000 0.06114400 0.06049800
v -0.00250000 0.06114400 0.05949800
v 0.00000000 0.06123500 0.05949800
v 0.00250000 0.06114400 0.05949800
v 0.00250000 0.06114400 0.06049800
v 0.00300000 0.06110400 0.06049800
v 0.00300000 0.06110400 0.05699800
v 0.00662000 0.06059100 0.05699800
v 0.01016500 0.05969600 0.05699800
v 0.01359500 0.05842900 0.05699800
v 0.01687000 0.05680500 0.05699800
v 0.01995500 0.05484100 0.05699800
v 0.02281300 0.05256100 0.05699800
v 0.02541200 0.04999000 0.05699800
v 0.02772300 0.04715700 0.05699800
v -0.02973500 0.04406800 0.05699800
v -0.02773900 0.04713500 0.05699800
v -0.02542800 0.04997200 0.05699800
v -0.02282800 0.05254800 0.05699800
v -0.01996800 0.05483200 0.05699800
v -0.01688200 0.05679800 0.05699800
v -0.01360400 0.05842500 0.05699800
v -0.01017200 0.05969400 0.05699800
v -0.00662300 0.06059000 0.05699800
v -0.00300000 0.06110400 0.05699800
v -0.00300000 0.06110400 0.06049800
v 0.02973500 -0.01709300 0.05699800
v 0.00000000 -0.03426100 0.06223700
v 0.00241400 -0.03417600 0.06223500
v 0.00448600 -0.03396600 0.06223000
v 0.00452100 -0.03396200 0.06223000
v 0.00455700 -0.03395700 0.06223000
v 0.00462800 -0.03394700 0.06223000
v 0.00477000 -0.03392800 0.06222900
v 0.00505300 -0.03388700 0.06222900
v 0.00561500 -0.03379800 0.06222700
v 0.00672200 -0.03359600 0.06222300
v 0.00886300 -0.03309700 0.06221400
v 0.00889200 -0.03308900 0.06221400
v 0.00892200 -0.03308100 0.06221400
v 0.00898100 -0.03306500 0.06221300
v 0.00909900 -0.03303300 0.06221300
v 0.00933700 -0.03296700 0.06221200
v 0.00981800 -0.03282700 0.06221000
v 0.01080100 -0.03251700 0.06220500
v 0.01284200 -0.03176800 0.06219300
v 0.01496900 -0.03082600 0.06218000
v 0.01715900 -0.02966600 0.06216300
v 0.01729200 -0.02958900 0.06216200
v 0.01742400 -0.02951100 0.06216100
v 0.01768400 -0.02935600 0.06215900
v 0.01819200 -0.02904500 0.06215500
v 0.01915700 -0.02842000 0.06214600
v 0.02088600 -0.02717800 0.06213000
v 0.02091500 -0.02715600 0.06213000
v 0.02094300 -0.02713400 0.06213000
v 0.02100100 -0.02708900 0.06212900
v 0.02111500 -0.02700100 0.06212800
v 0.02134200 -0.02682200 0.06212600
v 0.02178800 -0.02646200 0.06212200
v 0.02265500 -0.02572600 0.06211400
v 0.02428100 -0.02420100 0.06209800
v 0.02432800 -0.02415500 0.06209800
v 0.02437400 -0.02410900 0.06209700
v 0.02446600 -0.02401500 0.06209600
v 0.02465000 -0.02382700 0.06209500
v 0.02501600 -0.02344400 0.06209100
v 0.02573900 -0.02265000 0.06208400
v 0.02714600 -0.02094900 0.06207100
v 0.02848500 -0.01909700 0.06205800
v 0.00483200 -0.03391900 0.05961700
v 0.00483200 -0.03391900 0.06092700
v 0.00362900 -0.03406800 0.05961700
v 0.00242200 -0.03417500 0.06092700
v 0.00362900 -0.03406800 0.06092700
v 0.00946100 -0.03293200 0.05961700
v 0.00716300 -0.03350500 0.05961700
v 0.00483200 -0.03391900 0.06158200
v 0.00423100 -0.03399900 0.06092700
v 0.00362900 -0.03406800 0.06158200
v 0.00423100 -0.03399900 0.06158200
v 0.00716300 -0.03350500 0.06092700
v 0.00600100 -0.03373200 0.05961700
v 0.00600100 -0.03373200 0.06092700
v 0.00483200 -0.03391900 0.06190900
v 0.00453200 -0.03396000 0.06158200
v 0.00423100 -0.03399900 0.06190900
v 0.00453200 -0.03396000 0.06190900
v 0.00600100 -0.03373200 0.06158200
v 0.00541700 -0.03383100 0.06092700
v 0.00541700 -0.03383100 0.06158200
v 0.00453200 -0.03396000 0.06207300
v 0.00438100 -0.03398000 0.06190900
v 0.00423100 -0.03399900 0.06207300
v 0.00438100 -0.03398000 0.06207300
v 0.00393000 -0.03403500 0.06158200
v 0.00362900 -0.03406800 0.06190900
v 0.00393000 -0.03403500 0.06190900
v 0.00302600 -0.03412700 0.06092700
v 0.00242200 -0.03417500 0.06158200
v 0.00302600 -0.03412700 0.06158200
v 0.00453200 -0.03396000 0.06215500
v 0.00445700 -0.03397000 0.06207300
v 0.00438100 -0.03398000 0.06215500
v 0.00445700 -0.03397000 0.06215500
v 0.00483200 -0.03391900 0.06207300
v 0.00468200 -0.03394000 0.06190900
v 0.00468200 -0.03394000 0.06207300
v 0.00541700 -0.03383100 0.06190900
v 0.00512500 -0.03387600 0.06158200
v 0.00512500 -0.03387600 0.06190900
v 0.00468200 -0.03394000 0.06215500
v 0.00460700 -0.03395000 0.06207300
v 0.00460700 -0.03395000 0.06215500
v 0.00946100 -0.03293200 0.06092700
v 0.00831700 -0.03323800 0.05961700
v 0.00831700 -0.03323800 0.06092700
v 0.01159900 -0.03224200 0.05961700
v 0.00946100 -0.03293200 0.06158200
v 0.00889000 -0.03309000 0.06092700
v 0.00831700 -0.03323800 0.06158200
v 0.00889000 -0.03309000 0.06158200
v 0.01159900 -0.03224200 0.06092700
v 0.01053500 -0.03260400 0.05961700
v 0.01053500 -0.03260400 0.06092700
v 0.00889000 -0.03309000 0.06190900
v 0.00860400 -0.03316500 0.06158200
v 0.00831700 -0.03323800 0.06190900
v 0.00860400 -0.03316500 0.06190900
v 0.00774100 -0.03337700 0.06092700
v 0.00716300 -0.03350500 0.06158200
v 0.00774100 -0.03337700 0.06158200
v 0.00889000 -0.03309000 0.06207300
v 0.00874700 -0.03312800 0.06190900
v 0.00860400 -0.03316500 0.06207300
v 0.00874700 -0.03312800 0.06207300
v 0.00946100 -0.03293200 0.06190900
v 0.00917600 -0.03301200 0.06158200
v 0.00917600 -0.03301200 0.06190900
v 0.01053500 -0.03260400 0.06158200
v 0.00999900 -0.03277200 0.06092700
v 0.00999900 -0.03277200 0.06158200
v 0.00889000 -0.03309000 0.06215500
v 0.00881900 -0.03310900 0.06207300
v 0.00874700 -0.03312800 0.06215500
v 0.00881900 -0.03310900 0.06215500
v 0.00917600 -0.03301200 0.06207300
v 0.00903300 -0.03305100 0.06190900
v 0.00903300 -0.03305100 0.06207300
v 0.00903300 -0.03305100 0.06215500
v 0.00896100 -0.03307100 0.06207300
v 0.00896100 -0.03307100 0.06215500
v 0.01757900 -0.02941900 0.05961700
v 0.01566500 -0.03047900 0.05961700
v 0.01757900 -0.02941900 0.06092700
v 0.01663000 -0.02996400 0.05961700
v 0.01566500 -0.03047900 0.06092700
v 0.01663000 -0.02996400 0.06092700
v 0.02118400 -0.02694600 0.05961700
v 0.01942100 -0.02824000 0.05961700
v 0.01757900 -0.02941900 0.06158200
v 0.01710700 -0.02969600 0.06092700
v 0.01663000 -0.02996400 0.06158200
v 0.01710700 -0.02969600 0.06158200
v 0.01942100 -0.02824000 0.06092700
v 0.01850900 -0.02884500 0.05961700
v 0.01850900 -0.02884500 0.06092700
v 0.01757900 -0.02941900 0.06190900
v 0.01734300 -0.02955900 0.06158200
v 0.01710700 -0.02969600 0.06190900
v 0.01734300 -0.02955900 0.06190900
v 0.01850900 -0.02884500 0.06158200
v 0.01804600 -0.02913600 0.06092700
v 0.01804600 -0.02913600 0.06158200
v 0.02118400 -0.02694600 0.06092700
v 0.02031300 -0.02760700 0.05961700
v 0.02031300 -0.02760700 0.06092700
v 0.02444700 -0.02403500 0.05961700
v 0.02286200 -0.02554300 0.05961700
v 0.02118400 -0.02694600 0.06158200
v 0.02075100 -0.02728000 0.06092700
v 0.02031300 -0.02760700 0.06158200
v 0.02075100 -0.02728000 0.06158200
v 0.02286200 -0.02554300 0.06092700
v 0.02203400 -0.02625800 0.05961700
v 0.02203400 -0.02625800 0.06092700
v 0.02118400 -0.02694600 0.06190900
v 0.02096800 -0.02711400 0.06158200
v 0.02075100 -0.02728000 0.06190900
v 0.02096800 -0.02711400 0.06190900
v 0.02203400 -0.02625800 0.06158200
v 0.02161200 -0.02660500 0.06092700
v 0.02161200 -0.02660500 0.06158200
v 0.02096800 -0.02711400 0.06207300
v 0.02086000 -0.02719800 0.06190900
v 0.02075100 -0.02728000 0.06207300
v 0.02086000 -0.02719800 0.06207300
v 0.02053300 -0.02744500 0.06158200
v 0.02031300 -0.02760700 0.06190900
v 0.02053300 -0.02744500 0.06190900
v 0.01986900 -0.02792700 0.06092700
v 0.01942100 -0.02824000 0.06158200
v 0.01986900 -0.02792700 0.06158200
v 0.02091400 -0.02715600 0.06207300
v 0.02118400 -0.02694600 0.06207300
v 0.02107700 -0.02703000 0.06190900
v 0.02107700 -0.02703000 0.06207300
v 0.02161200 -0.02660500 0.06190900
v 0.02139900 -0.02677700 0.06158200
v 0.02139900 -0.02677700 0.06190900
v 0.02444700 -0.02403500 0.06092700
v 0.02366600 -0.02480100 0.05961700
v 0.02366600 -0.02480100 0.06092700
v 0.02593200 -0.02243000 0.05961700
v 0.02444700 -0.02403500 0.06158200
v 0.02405900 -0.02442100 0.06092700
v 0.02366600 -0.02480100 0.06158200
v 0.02405900 -0.02442100 0.06158200
v 0.02593200 -0.02243000 0.06092700
v 0.02520200 -0.02324400 0.05961700
v 0.02520200 -0.02324400 0.06092700
v 0.02444700 -0.02403500 0.06190900
v 0.02425400 -0.02422900 0.06158200
v 0.02405900 -0.02442100 0.06190900
v 0.02425400 -0.02422900 0.06190900
v 0.02520200 -0.02324400 0.06158200
v 0.02482800 -0.02364300 0.06092700
v 0.02482800 -0.02364300 0.06158200
v 0.02435000 -0.02413200 0.06190900
v 0.02482800 -0.02364300 0.06190900
v 0.02463800 -0.02384000 0.06158200
v 0.02463800 -0.02384000 0.06190900
v 0.02973500 -0.01709300 0.06204500
v 0.02973500 -0.01709300 0.05952100
v 0.00000000 -0.03426100 0.05949800
v 0.02773900 -0.02016000 0.05699800
v 0.02542800 -0.02299800 0.05699800
v 0.02282800 -0.02557300 0.05699800
v 0.01996800 -0.02785700 0.05699800
v 0.01688200 -0.02982400 0.05699800
v 0.01360400 -0.03145100 0.05699800
v 0.01017100 -0.03271900 0.05699800
v 0.00662300 -0.03361600 0.05699800
v 0.00300000 -0.03412900 0.05699800
v 0.00300000 -0.03412900 0.06049800
v 0.00250000 -0.03417000 0.06049800
v 0.00250000 -0.03417000 0.05949800
v -0.02973500 -0.01709300 0.05699800
v -0.02973500 -0.01709300 0.06204500
v -0.02848700 -0.01909300 0.06205800
v -0.02715100 -0.02094300 0.06207100
v -0.02574700 -0.02264100 0.06208400
v -0.02429200 -0.02419100 0.06209800
v -0.02424400 -0.02423900 0.06209900
v -0.02419500 -0.02428800 0.06209900
v -0.02409700 -0.02438500 0.06210000
v -0.02390000 -0.02457700 0.06210200
v -0.02349800 -0.02496000 0.06210600
v -0.02266800 -0.02571400 0.06211400
v -0.02090300 -0.02716500 0.06213000
v -0.02087800 -0.02718400 0.06213000
v -0.02085300 -0.02720300 0.06213100
v -0.02080200 -0.02724200 0.06213100
v -0.02070100 -0.02731900 0.06213200
v -0.02049500 -0.02747300 0.06213400
v -0.02007000 -0.02778400 0.06213800
v -0.01917200 -0.02841000 0.06214600
v -0.01717200 -0.02965800 0.06216300
v -0.01703300 -0.02973800 0.06216400
v -0.01689500 -0.02981600 0.06216500
v -0.01662000 -0.02997000 0.06216700
v -0.01607000 -0.03026800 0.06217200
v -0.01498200 -0.03082000 0.06217900
v -0.01285500 -0.03176300 0.06219300
v -0.01081500 -0.03251300 0.06220500
v -0.00887700 -0.03309300 0.06221400
v -0.00884400 -0.03310200 0.06221400
v -0.00881100 -0.03311100 0.06221400
v -0.00874500 -0.03312800 0.06221500
v -0.00861400 -0.03316300 0.06221500
v -0.00834900 -0.03323000 0.06221600
v -0.00781600 -0.03335900 0.06221900
v -0.00673000 -0.03359500 0.06222300
v -0.00448900 -0.03396600 0.06223000
v -0.00445900 -0.03397000 0.06223000
v -0.00443000 -0.03397400 0.06223000
v -0.00437000 -0.03398100 0.06223100
v -0.00424900 -0.03399700 0.06223100
v -0.00400400 -0.03402600 0.06223100
v -0.00349600 -0.03408200 0.06223300
v -0.00241700 -0.03417500 0.06223500
v -0.02120100 -0.02693300 0.05961700
v -0.02450000 -0.02398100 0.05961700
v -0.02289800 -0.02551000 0.05961700
v -0.02289800 -0.02551000 0.06092700
v -0.02371100 -0.02475900 0.05961700
v -0.02450000 -0.02398100 0.06092700
v -0.02371100 -0.02475900 0.06092700
v -0.02596500 -0.02239100 0.05961700
v -0.02371100 -0.02475900 0.06158200
v -0.02410900 -0.02437300 0.06092700
v -0.02450000 -0.02398100 0.06158200
v -0.02410900 -0.02437300 0.06158200
v -0.02524500 -0.02319800 0.05961700
v -0.02596500 -0.02239100 0.06092700
v -0.02524500 -0.02319800 0.06092700
v -0.02410900 -0.02437300 0.06190900
v -0.02430500 -0.02417800 0.06158200
v -0.02450000 -0.02398100 0.06190900
v -0.02430500 -0.02417800 0.06190900
v -0.02487600 -0.02359200 0.06092700
v -0.02524500 -0.02319800 0.06158200
v -0.02487600 -0.02359200 0.06158200
v -0.02420700 -0.02427600 0.06190900
v -0.02371100 -0.02475900 0.06190900
v -0.02391100 -0.02456700 0.06158200
v -0.02391100 -0.02456700 0.06190900
v -0.02289800 -0.02551000 0.06158200
v -0.02330800 -0.02513800 0.06092700
v -0.02330800 -0.02513800 0.06158200
v -0.02120100 -0.02693300 0.06092700
v -0.02206100 -0.02623500 0.05961700
v -0.02206100 -0.02623500 0.06092700
v -0.01761400 -0.02939800 0.05961700
v -0.01944700 -0.02822300 0.05961700
v -0.01944700 -0.02822300 0.06092700
v -0.02033400 -0.02759200 0.05961700
v -0.02033400 -0.02759200 0.06092700
v -0.02033400 -0.02759200 0.06158200
v -0.02077000 -0.02726600 0.06092700
v -0.02120100 -0.02693300 0.06158200
v -0.02077000 -0.02726600 0.06158200
v -0.02077000 -0.02726600 0.06190900
v -0.02098600 -0.02710000 0.06158200
v -0.02120100 -0.02693300 0.06190900
v -0.02098600 -0.02710000 0.06190900
v -0.02163400 -0.02658800 0.06092700
v -0.02206100 -0.02623500 0.06158200
v -0.02163400 -0.02658800 0.06158200
v -0.02077000 -0.02726600 0.06207300
v -0.02087900 -0.02718300 0.06190900
v -0.02098600 -0.02710000 0.06207300
v -0.02087900 -0.02718300 0.06207300
v -0.02033400 -0.02759200 0.06190900
v -0.02055300 -0.02743000 0.06158200
v -0.02055300 -0.02743000 0.06190900
v -0.01944700 -0.02822300 0.06158200
v -0.01989300 -0.02791100 0.06092700
v -0.01989300 -0.02791100 0.06158200
v -0.01761400 -0.02939800 0.06092700
v -0.01854000 -0.02882500 0.05961700
v -0.01854000 -0.02882500 0.06092700
v -0.01349800 -0.03149600 0.05961700
v -0.01559100 -0.03051700 0.05961700
v -0.02093300 -0.02714200 0.06207300
v -0.02109400 -0.02701700 0.06190900
v -0.02120100 -0.02693300 0.06207300
v -0.02109400 -0.02701700 0.06207300
v -0.02141800 -0.02676100 0.06158200
v -0.02163400 -0.02658800 0.06190900
v -0.02141800 -0.02676100 0.06190900
v -0.02082400 -0.02722500 0.06207300
v -0.02055300 -0.02743000 0.06207300
v -0.02066200 -0.02734800 0.06190900
v -0.02066200 -0.02734800 0.06207300
v -0.01559100 -0.03051700 0.06092700
v -0.01661200 -0.02997500 0.05961700
v -0.01661200 -0.02997500 0.06092700
v -0.01661200 -0.02997500 0.06158200
v -0.01711600 -0.02969100 0.06092700
v -0.01761400 -0.02939800 0.06158200
v -0.01711600 -0.02969100 0.06158200
v -0.01711600 -0.02969100 0.06190900
v -0.01736500 -0.02954600 0.06158200
v -0.01761400 -0.02939800 0.06190900
v -0.01736500 -0.02954600 0.06190900
v -0.01807900 -0.02911500 0.06092700
v -0.01854000 -0.02882500 0.06158200
v -0.01807900 -0.02911500 0.06158200
v -0.01661200 -0.02997500 0.06190900
v -0.01686400 -0.02983400 0.06158200
v -0.01686400 -0.02983400 0.06190900
v -0.01559100 -0.03051700 0.06158200
v -0.01610400 -0.03025000 0.06092700
v -0.01610400 -0.03025000 0.06158200
v -0.01349800 -0.03149600 0.06092700
v -0.01455300 -0.03102400 0.05961700
v -0.01455300 -0.03102400 0.06092700
v -0.00913700 -0.03302300 0.05961700
v -0.01134300 -0.03233300 0.05961700
v -0.00461000 -0.03395000 0.05961700
v -0.00688900 -0.03356200 0.05961700
v -0.00688900 -0.03356200 0.06092700
v -0.00801700 -0.03331200 0.05961700
v -0.00913700 -0.03302300 0.06092700
v -0.00801700 -0.03331200 0.06092700
v -0.00801700 -0.03331200 0.06158200
v -0.00857800 -0.03317200 0.06092700
v -0.00913700 -0.03302300 0.06158200
v -0.00857800 -0.03317200 0.06158200
v -0.01024500 -0.03269600 0.05961700
v -0.01134300 -0.03233300 0.06092700
v -0.01024500 -0.03269600 0.06092700
v -0.00857800 -0.03317200 0.06190900
v -0.00885800 -0.03309800 0.06158200
v -0.00913700 -0.03302300 0.06190900
v -0.00885800 -0.03309800 0.06190900
v -0.00969200 -0.03286400 0.06092700
v -0.01024500 -0.03269600 0.06158200
v -0.00969200 -0.03286400 0.06158200
v -0.00885800 -0.03309800 0.06207300
v -0.00899700 -0.03306100 0.06190900
v -0.00913700 -0.03302300 0.06207300
v -0.00899700 -0.03306100 0.06207300
v -0.00941500 -0.03294500 0.06158200
v -0.00969200 -0.03286400 0.06190900
v -0.00941500 -0.03294500 0.06190900
v -0.00857800 -0.03317200 0.06207300
v -0.00871800 -0.03313500 0.06190900
v -0.00871800 -0.03313500 0.06207300
v -0.00801700 -0.03331200 0.06190900
v -0.00829800 -0.03324300 0.06158200
v -0.00829800 -0.03324300 0.06190900
v -0.00688900 -0.03356200 0.06158200
v -0.00745400 -0.03344200 0.06092700
v -0.00745400 -0.03344200 0.06158200
v -0.00461000 -0.03395000 0.06092700
v -0.00575300 -0.03377500 0.05961700
v -0.00575300 -0.03377500 0.06092700
v -0.00871800 -0.03313500 0.06215500
v -0.00878800 -0.03311700 0.06207300
v -0.00885800 -0.03309800 0.06215500
v -0.00878800 -0.03311700 0.06215500
v -0.00231000 -0.03418300 0.06092700
v -0.00346200 -0.03408600 0.05961700
v -0.00346200 -0.03408600 0.06092700
v -0.00346200 -0.03408600 0.06158200
v -0.00403700 -0.03402300 0.06092700
v -0.00461000 -0.03395000 0.06158200
v -0.00403700 -0.03402300 0.06158200
v -0.00403700 -0.03402300 0.06190900
v -0.00432300 -0.03398700 0.06158200
v -0.00461000 -0.03395000 0.06190900
v -0.00432300 -0.03398700 0.06190900
v -0.00518200 -0.03386700 0.06092700
v -0.00575300 -0.03377500 0.06158200
v -0.00518200 -0.03386700 0.06158200
v -0.00432300 -0.03398700 0.06207300
v -0.00446700 -0.03396900 0.06190900
v -0.00461000 -0.03395000 0.06207300
v -0.00446700 -0.03396900 0.06207300
v -0.00489600 -0.03391000 0.06158200
v -0.00518200 -0.03386700 0.06190900
v -0.00489600 -0.03391000 0.06190900
v -0.00446700 -0.03396900 0.06215500
v -0.00453800 -0.03395900 0.06207300
v -0.00461000 -0.03395000 0.06215500
v -0.00453800 -0.03395900 0.06215500
v -0.00475300 -0.03393000 0.06190900
v -0.00489600 -0.03391000 0.06207300
v -0.00475300 -0.03393000 0.06207300
v -0.00432300 -0.03398700 0.06215500
v -0.00439500 -0.03397800 0.06207300
v -0.00439500 -0.03397800 0.06215500
v -0.00403700 -0.03402300 0.06207300
v -0.00418000 -0.03400500 0.06190900
v -0.00418000 -0.03400500 0.06207300
v -0.00346200 -0.03408600 0.06190900
v -0.00375000 -0.03405500 0.06158200
v -0.00375000 -0.03405500 0.06190900
v -0.00231000 -0.03418300 0.06158200
v -0.00288700 -0.03413900 0.06092700
v -0.00288700 -0.03413900 0.06158200
v -0.02973500 -0.01709300 0.05952100
v 0.00000000 -0.03426100 0.06223700
v 0.00000000 -0.03426100 0.05949800
v -0.00250000 -0.03417000 0.05949800
v -0.00250000 -0.03417000 0.06049800
v -0.00300000 -0.03412900 0.06049800
v -0.00300000 -0.03412900 0.05699800
v -0.00662300 -0.03361600 0.05699800
v -0.01017200 -0.03271900 0.05699800
v -0.01360400 -0.03145100 0.05699800
v -0.01688200 -0.02982400 0.05699800
v -0.01996900 -0.02785700 0.05699800
v -0.02282800 -0.02557300 0.05699800
v -0.02542800 -0.02299800 0.05699800
v -0.02773900 -0.02016000 0.05699800
f 16 15 1
f 17 16 2
f 18 17 3
f 19 18 4
f 20 19 5
f 21 20 6
f 22 21 7
f 23 22 8
f 24 23 9
f 25 24 10
f 26 25 11
f 27 26 12
f 28 27 13
f 29 16 30
f 30 17 31
f 31 18 32
f 32 19 33
f 33 20 34
f 34 21 35
f 35 22 36
f 36 23 37
f 37 24 38
f 38 25 39
f 39 26 40
f 40 27 41
f 41 28 42
f 43 30 44
f 44 31 45
f 45 32 46
f 46 33 47
f 47 34 48
f 48 35 49
f 49 36 50
f 50 37 51
f 51 38 52
f 52 39 53
f 53 40 54
f 54 41 55
f 55 42 56
f 57 44 58
f 58 45 59
f 59 46 60
f 60 47 61
f 61 48 62
f 62 49 63
f 63 50 64
f 64 51 65
f 65 52 66
f 66 53 67
f 67 54 68
f 68 55 69
f 69 56 70
f 71 58 72
f 72 59 73
f 213 60 74
f 59 213 73
f 60 213 59
f 74 61 75
f 249 62 76
f 61 249 75
f 62 249 61
f 326 63 77
f 62 326 76
f 63 326 62
f 77 64 78
f 78 65 79
f 79 66 80
f 80 67 81
f 81 68 82
f 82 69 83
f 83 70 84
f 85 72 86
f 190 214 87
f 214 72 73
f 72 190 86
f 190 72 214
f 209 212 88
f 215 209 184
f 212 209 215
f 215 74 212
f 214 213 215
f 87 215 184
f 250 197 212
f 212 197 88
f 197 250 89
f 212 75 250
f 297 248 90
f 251 297 226
f 248 297 251
f 251 76 248
f 250 249 251
f 245 251 226
f 250 245 89
f 251 245 250
f 100 325 91
f 327 77 325
f 248 326 327
f 323 327 100
f 248 323 90
f 327 323 248
f 325 104 91
f 104 78 92
f 78 325 77
f 325 78 104
f 107 79 93
f 78 107 92
f 79 107 78
f 110 80 94
f 79 110 93
f 80 110 79
f 113 81 95
f 80 113 94
f 81 113 80
f 116 82 96
f 81 116 95
f 82 116 81
f 119 83 97
f 82 119 96
f 83 119 82
f 122 84 98
f 83 122 97
f 84 122 83
f 192 87 185
f 191 190 192
f 204 221 195
f 221 183 193
f 183 204 194
f 204 183 221
f 219 204 195
f 207 219 199
f 204 219 207
f 207 194 204
f 206 205 207
f 201 207 199
f 206 201 187
f 207 201 206
f 220 195 218
f 225 219 220
f 199 225 200
f 219 225 199
f 217 199 200
f 201 217 203
f 199 217 201
f 202 201 203
f 194 208 183
f 211 88 208
f 210 209 211
f 205 211 194
f 210 205 186
f 211 205 210
f 188 210 186
f 210 87 184
f 87 188 185
f 188 87 210
f 216 206 187
f 206 188 186
f 188 216 189
f 216 188 206
f 189 185 188
f 254 196 230
f 222 253 254
f 253 246 196
f 246 197 89
f 197 253 198
f 253 197 246
f 208 223 183
f 223 197 198
f 197 208 88
f 208 197 223
f 224 198 222
f 193 223 224
f 293 101 320
f 320 235 293
f 262 293 235
f 295 234 293
f 240 294 295
f 291 295 262
f 240 291 228
f 295 291 240
f 292 262 290
f 259 291 292
f 234 296 101
f 298 90 296
f 244 297 298
f 294 298 234
f 244 294 227
f 298 294 244
f 241 244 227
f 247 241 229
f 244 241 247
f 247 226 244
f 246 245 247
f 196 247 229
f 289 259 287
f 267 288 289
f 288 228 259
f 260 288 261
f 228 288 260
f 268 260 261
f 232 268 236
f 260 268 232
f 286 267 284
f 270 285 286
f 285 261 267
f 268 285 269
f 261 285 268
f 271 268 269
f 236 271 255
f 268 271 236
f 283 270 281
f 273 282 283
f 282 269 270
f 271 282 272
f 269 282 271
f 274 271 272
f 255 274 263
f 271 274 255
f 280 273 277
f 279 278 280
f 278 272 273
f 274 278 276
f 272 278 274
f 275 274 276
f 266 255 263
f 265 264 266
f 264 236 255
f 256 264 258
f 236 264 256
f 257 256 258
f 256 232 236
f 237 256 239
f 232 256 237
f 238 237 239
f 260 240 228
f 243 260 232
f 240 260 243
f 243 227 240
f 242 241 243
f 237 243 232
f 242 237 231
f 243 237 242
f 252 242 231
f 242 196 229
f 196 252 230
f 252 196 242
f 311 99 309
f 336 311 299
f 310 336 102
f 311 336 310
f 322 310 102
f 310 91 99
f 91 322 100
f 322 91 310
f 337 322 102
f 324 337 300
f 322 337 324
f 324 100 322
f 296 323 324
f 319 324 300
f 296 319 101
f 324 319 296
f 333 306 308
f 299 333 307
f 306 333 299
f 347 308 313
f 333 347 335
f 308 347 333
f 335 307 333
f 348 334 335
f 301 348 314
f 334 348 301
f 332 347 313
f 349 335 347
f 339 348 349
f 345 349 332
f 339 345 302
f 349 345 339
f 346 332 344
f 350 345 346
f 302 350 328
f 345 350 302
f 307 336 299
f 338 102 336
f 318 337 338
f 334 338 307
f 318 334 301
f 338 334 318
f 315 318 301
f 321 315 303
f 318 315 321
f 321 300 318
f 320 319 321
f 233 321 303
f 343 302 328
f 329 343 331
f 302 343 329
f 330 329 331
f 329 339 302
f 342 329 312
f 339 329 342
f 342 314 339
f 341 340 342
f 305 342 312
f 340 301 314
f 315 340 317
f 301 340 315
f 316 315 317
f 341 316 317
f 304 341 305
f 316 341 304
f 105 92 103
f 99 104 105
f 413 397 409
f 413 400 412
f 412 393 397
f 398 412 400
f 393 412 398
f 399 398 400
f 398 106 393
f 394 398 396
f 106 398 394
f 395 394 396
f 394 93 106
f 107 394 108
f 93 394 107
f 103 107 108
f 444 424 436
f 443 442 444
f 442 421 424
f 425 442 427
f 421 442 425
f 426 425 427
f 425 109 421
f 422 425 423
f 109 425 422
f 401 422 423
f 422 94 109
f 110 422 111
f 94 422 110
f 402 110 111
f 93 402 106
f 110 402 93
f 420 401 418
f 404 419 420
f 419 111 401
f 402 419 403
f 111 419 402
f 405 402 403
f 106 405 393
f 402 405 106
f 417 404 415
f 407 416 417
f 416 403 404
f 405 416 406
f 403 416 405
f 408 405 406
f 393 408 397
f 405 408 393
f 414 406 407
f 408 414 410
f 406 414 408
f 411 408 410
f 397 411 409
f 408 411 397
f 468 458 465
f 467 466 468
f 466 454 458
f 459 466 461
f 454 466 459
f 460 459 461
f 459 112 454
f 455 459 456
f 112 459 455
f 428 455 456
f 455 95 112
f 113 455 114
f 95 455 113
f 429 113 114
f 94 429 109
f 113 429 94
f 453 428 451
f 431 452 453
f 452 114 428
f 429 452 430
f 114 452 429
f 432 429 430
f 109 432 421
f 429 432 109
f 450 431 448
f 434 449 450
f 449 430 431
f 432 449 433
f 430 449 432
f 435 432 433
f 421 435 424
f 432 435 421
f 447 434 445
f 457 446 447
f 437 457 438
f 446 457 437
f 446 433 434
f 435 446 437
f 433 446 435
f 439 435 437
f 424 439 436
f 435 439 424
f 441 437 438
f 440 439 441
f 117 96 115
f 463 116 117
f 95 463 112
f 116 463 95
f 464 117 462
f 470 463 464
f 112 470 454
f 463 470 112
f 471 464 469
f 473 470 471
f 454 473 458
f 470 473 454
f 474 471 472
f 465 473 474
f 506 486 498
f 505 504 506
f 504 479 486
f 487 504 489
f 479 504 487
f 488 487 489
f 487 475 479
f 480 487 482
f 475 487 480
f 481 480 482
f 480 118 475
f 476 480 478
f 118 480 476
f 477 476 478
f 476 97 118
f 119 476 120
f 97 476 119
f 115 119 120
f 546 536 543
f 545 544 546
f 544 529 536
f 537 544 539
f 529 544 537
f 538 537 539
f 537 522 529
f 530 537 532
f 522 537 530
f 531 530 532
f 530 519 522
f 523 530 525
f 519 530 523
f 524 523 525
f 523 121 519
f 520 523 521
f 121 523 520
f 483 520 521
f 520 98 121
f 122 520 123
f 98 520 122
f 484 122 123
f 97 484 118
f 122 484 97
f 518 483 516
f 490 517 518
f 517 123 483
f 484 517 485
f 123 517 484
f 491 484 485
f 118 491 475
f 484 491 118
f 515 490 513
f 493 514 515
f 514 485 490
f 491 514 492
f 485 514 491
f 494 491 492
f 475 494 479
f 491 494 475
f 512 493 510
f 496 511 512
f 511 492 493
f 494 511 495
f 492 511 494
f 497 494 495
f 479 497 486
f 494 497 479
f 509 496 507
f 500 508 509
f 508 495 496
f 497 508 499
f 495 508 497
f 501 497 499
f 486 501 498
f 497 501 486
f 503 499 500
f 502 501 503
f 527 124 125
f 98 527 121
f 124 527 98
f 528 125 526
f 534 527 528
f 121 534 519
f 527 534 121
f 535 528 533
f 541 534 535
f 519 541 522
f 534 541 519
f 542 535 540
f 548 541 542
f 522 548 529
f 541 548 522
f 549 542 547
f 551 548 549
f 529 551 536
f 548 551 529
f 552 549 550
f 543 551 552
f 15 142 141
f 143 142 29
f 141 1 15
f 143 29 43
f 29 142 15
f 43 144 143
f 71 146 145
f 149 148 147
f 85 147 146
f 43 57 144
f 57 145 144
f 71 85 146
f 71 145 57
f 150 149 85
f 147 85 149
f 151 86 191
f 153 185 189
f 192 185 153
f 189 216 154
f 195 221 218
f 155 216 187
f 191 192 152
f 193 224 161
f 193 218 221
f 86 151 85
f 161 224 222
f 222 254 161
f 230 252 163
f 252 231 238
f 162 254 230
f 152 151 191
f 151 150 85
f 189 154 153
f 156 203 217
f 203 156 202
f 217 200 157
f 225 220 160
f 220 218 160
f 160 200 225
f 154 216 155
f 218 193 161
f 187 202 155
f 217 157 156
f 202 156 155
f 200 159 158
f 161 254 162
f 218 161 160
f 200 160 159
f 200 158 157
f 230 163 162
f 257 238 239
f 265 257 258
f 257 164 238
f 166 266 275
f 266 263 275
f 279 275 276
f 166 265 266
f 265 165 257
f 164 257 165
f 166 275 167
f 165 265 166
f 169 279 280
f 279 169 168
f 275 279 168
f 275 168 167
f 170 169 280
f 164 163 238
f 238 163 252
f 192 153 152
f 140 28 14
f 99 105 309
f 136 56 42
f 70 131 84
f 56 133 70
f 138 42 28
f 290 262 235
f 351 105 103
f 316 233 303
f 174 233 316
f 103 108 395
f 117 115 462
f 115 120 477
f 138 28 139
f 136 42 137
f 134 56 135
f 70 133 132
f 84 129 124
f 124 127 125
f 130 84 131
f 124 129 128
f 130 129 84
f 127 526 125
f 98 84 124
f 267 289 284
f 281 270 286
f 284 289 287
f 287 259 292
f 304 174 316
f 290 172 292
f 172 290 235
f 235 233 173
f 283 277 273
f 280 277 171
f 280 171 170
f 283 171 277
f 284 281 286
f 171 283 281
f 175 304 305
f 171 281 284
f 292 172 287
f 284 287 172
f 171 284 172
f 299 311 181
f 395 352 103
f 182 309 105
f 181 311 309
f 456 451 428
f 423 418 401
f 399 395 396
f 464 462 469
f 481 477 478
f 374 462 115
f 477 375 115
f 528 526 533
f 521 516 483
f 312 176 305
f 126 526 127
f 233 174 173
f 177 330 331
f 174 304 175
f 180 328 350
f 328 179 343
f 343 178 331
f 172 235 173
f 176 312 330
f 177 331 178
f 176 330 177
f 180 346 344
f 350 346 180
f 179 328 180
f 343 179 178
f 308 180 344
f 176 175 305
f 313 344 332
f 308 344 313
f 181 306 299
f 105 351 182
f 308 306 180
f 420 418 360
f 418 426 360
f 415 404 420
f 413 354 400
f 351 103 352
f 400 354 399
f 353 352 395
f 426 427 443
f 453 451 368
f 451 460 368
f 448 431 453
f 182 181 309
f 180 306 181
f 409 411 356
f 358 410 414
f 410 356 411
f 399 353 395
f 414 407 359
f 417 415 359
f 361 360 426
f 415 420 360
f 359 407 417
f 399 354 353
f 355 413 409
f 355 409 356
f 357 356 410
f 414 359 358
f 443 361 426
f 415 360 359
f 357 410 358
f 413 355 354
f 362 361 443
f 362 436 440
f 363 440 441
f 362 444 436
f 434 450 445
f 445 450 448
f 366 438 457
f 438 364 441
f 441 364 363
f 438 365 364
f 438 366 365
f 367 447 445
f 445 368 367
f 367 457 447
f 457 367 366
f 448 368 445
f 362 440 363
f 362 443 444
f 453 368 448
f 369 368 460
f 467 460 461
f 465 474 372
f 371 468 465
f 471 469 472
f 481 482 488
f 376 375 477
f 374 469 462
f 374 472 469
f 505 488 489
f 505 378 488
f 488 377 481
f 378 505 506
f 507 496 512
f 498 502 506
f 474 472 373
f 370 467 468
f 490 518 513
f 510 493 515
f 518 516 384
f 524 531 385
f 535 533 540
f 531 524 525
f 384 516 524
f 386 531 538
f 513 518 384
f 532 538 531
f 510 515 513
f 542 540 547
f 545 538 539
f 384 510 513
f 392 540 533
f 510 507 512
f 468 371 370
f 465 372 371
f 474 373 372
f 502 503 380
f 381 503 500
f 115 375 374
f 376 477 481
f 472 374 373
f 377 488 378
f 379 378 506
f 502 379 506
f 380 503 381
f 500 383 382
f 382 381 500
f 380 379 502
f 377 376 481
f 509 383 500
f 383 507 510
f 384 524 385
f 546 543 389
f 388 545 546
f 391 550 547
f 550 391 552
f 392 526 126
f 549 547 550
f 543 552 390
f 547 540 392
f 507 383 509
f 545 388 387
f 545 387 538
f 387 386 538
f 392 391 547
f 543 390 389
f 390 552 391
f 389 388 546
f 531 386 385
f 383 510 384
f 370 369 467
f 467 369 460
f 533 526 392
f 553 1281 1279
f 1274 1281 1269
f 1279 1274 1260
f 1281 1274 1279
f 1281 1267 1269
f 1278 1280 1281
f 1294 1274 1277
f 1260 1294 1275
f 1274 1294 1260
f 1275 1297 1295
f 1295 1273 1263
f 1285 1296 1272
f 1297 1285 1273
f 1296 1285 1297
f 1294 1296 1297
f 1296 1289 1272
f 1289 1276 1271
f 1276 1296 1277
f 1296 1276 1289
f 1274 1276 1277
f 1273 1288 1286
f 1285 1287 1288
f 1276 1290 1271
f 1290 1267 1270
f 1267 1276 1269
f 1276 1267 1290
f 1328 1267 1291
f 1270 1328 1293
f 1267 1328 1270
f 1353 1291 1321
f 1328 1353 1331
f 1291 1353 1328
f 1328 1329 1293
f 1354 1329 1331
f 1292 1354 1330
f 1329 1354 1292
f 1325 1353 1321
f 1353 1354 1331
f 1355 1354 1356
f 1350 1356 1325
f 1355 1350 1266
f 1356 1350 1355
f 1340 1265 1317
f 1280 1340 1318
f 1265 1340 1280
f 1320 1280 1318
f 1267 1320 1291
f 1280 1320 1267
f 1337 1318 1319
f 1320 1337 1322
f 1318 1337 1320
f 1324 1320 1322
f 1291 1324 1321
f 1320 1324 1291
f 1333 1322 1323
f 1324 1333 1327
f 1322 1333 1324
f 1349 1324 1327
f 1321 1349 1325
f 1324 1349 1321
f 1361 1327 1334
f 1349 1361 1352
f 1327 1361 1349
f 1352 1325 1349
f 1362 1350 1352
f 1266 1362 1351
f 1350 1362 1266
f 1370 1334 1347
f 1361 1370 1364
f 1334 1370 1361
f 1364 1352 1361
f 1371 1362 1364
f 1351 1371 1363
f 1362 1371 1351
f 1409 1347 1359
f 1370 1409 1373
f 1347 1409 1370
f 1373 1364 1370
f 1410 1371 1373
f 1363 1410 1372
f 1371 1410 1363
f 1367 1409 1359
f 1412 1373 1409
f 1411 1410 1412
f 1406 1412 1367
f 1411 1406 1326
f 1412 1406 1411
f 1385 1323 1332
f 1333 1385 1335
f 1323 1385 1333
f 1346 1333 1335
f 1327 1346 1334
f 1333 1346 1327
f 1382 1335 1345
f 1346 1382 1348
f 1335 1382 1346
f 1358 1346 1348
f 1334 1358 1347
f 1346 1358 1334
f 1379 1348 1357
f 1358 1379 1360
f 1348 1379 1358
f 1366 1358 1360
f 1347 1366 1359
f 1358 1366 1347
f 1375 1360 1365
f 1366 1375 1369
f 1360 1375 1366
f 1405 1366 1369
f 1359 1405 1367
f 1366 1405 1359
f 1376 1405 1369
f 1408 1367 1405
f 1407 1406 1408
f 1402 1408 1376
f 1407 1402 1368
f 1408 1402 1407
f 1391 1365 1374
f 1375 1391 1377
f 1365 1391 1375
f 1401 1375 1377
f 1369 1401 1376
f 1375 1401 1369
f 1392 1401 1377
f 1404 1376 1401
f 1403 1402 1404
f 1390 1391 1374
f 1398 1391 1393
f 1377 1398 1392
f 1391 1398 1377
f 1397 1398 1393
f 1400 1392 1398
f 1378 1379 1357
f 1395 1379 1380
f 1360 1395 1365
f 1379 1395 1360
f 1394 1395 1380
f 1396 1365 1395
f 1381 1382 1345
f 1383 1348 1382
f 1384 1385 1332
f 1386 1335 1385
f 1336 1337 1319
f 1388 1337 1338
f 1322 1388 1323
f 1337 1388 1322
f 1338 1389 1388
f 1389 1323 1388
f 1317 1341 1340
f 1340 1319 1318
f 1302 554 1259
f 1211 1302 1261
f 554 1302 1211
f 1262 1300 1299
f 1299 1268 1264
f 1295 1300 1275
f 1268 1295 1263
f 1300 1295 1268
f 1298 1275 1300
f 1259 1303 1302
f 1302 1262 1261
f 1298 1279 1260
f 1303 1298 1262
f 1279 1298 1303
f 1301 1279 1303
f 1245 1212 1186
f 1210 1245 555
f 1212 1245 1210
f 1210 1211 1212
f 556 1223 1221
f 1221 1203 1079
f 1216 1222 1187
f 1223 1216 1203
f 1222 1216 1223
f 1220 1222 1223
f 1227 1217 1205
f 1217 1079 1203
f 1079 1227 1183
f 1227 1079 1217
f 1215 1205 1213
f 1258 1248 1214
f 1248 1213 1206
f 1213 1258 1215
f 1258 1213 1248
f 1206 1250 1248
f 1256 1250 1232
f 1248 1256 1214
f 1250 1256 1248
f 1233 1249 1230
f 1250 1233 1232
f 1249 1233 1250
f 1247 1249 1250
f 1257 1214 1256
f 1256 1234 1257
f 1255 1233 1236
f 1232 1255 1234
f 1233 1255 1232
f 1233 1235 1236
f 1249 1237 1230
f 1237 1204 1229
f 1204 1249 1228
f 1249 1204 1237
f 1203 1219 1217
f 1213 1252 1206
f 1252 1217 1219
f 1217 1213 1205
f 1213 1217 1252
f 1219 1254 1252
f 1247 1254 1228
f 1252 1247 1206
f 1254 1247 1252
f 1254 1204 1228
f 1251 1253 1254
f 1251 1187 1218
f 1216 1251 1219
f 1187 1251 1216
f 1187 1243 1218
f 1253 1238 1204
f 1238 1243 1231
f 1243 1253 1218
f 1253 1243 1238
f 1243 1209 1231
f 1241 1242 1243
f 1204 1240 1229
f 1238 1239 1240
f 1242 1208 1209
f 1186 1242 1207
f 1208 1242 1186
f 1185 1246 1222
f 1241 1246 1207
f 1222 1241 1187
f 1246 1241 1222
f 1246 1186 1207
f 1244 1245 1246
f 557 1193 1136
f 1188 1193 1125
f 1136 1188 972
f 1193 1188 1136
f 1200 1192 1080
f 1193 1200 1125
f 1192 1200 1193
f 1191 1192 1193
f 972 1190 1157
f 1157 1176 1076
f 1177 1189 1127
f 1190 1177 1176
f 1189 1177 1190
f 1188 1189 1190
f 1176 1180 1178
f 1177 1179 1180
f 1127 1199 1179
f 1197 1198 1199
f 1125 1202 1189
f 1197 1202 1181
f 1189 1197 1127
f 1202 1197 1189
f 1202 1126 1181
f 1200 1201 1202
f 1201 1184 1126
f 1182 1201 1080
f 1184 1201 1182
f 1182 1183 1184
f 1221 1182 1192
f 1192 1182 1080
f 1182 1221 1079
f 1221 1078 556
f 558 1092 1035
f 1087 1092 1045
f 1035 1087 653
f 1092 1087 1035
f 1104 1091 973
f 1092 1104 1045
f 1091 1104 1092
f 1090 1091 1092
f 653 1089 1067
f 1067 1069 969
f 1083 1088 1047
f 1089 1083 1069
f 1088 1083 1089
f 1087 1088 1089
f 1071 969 1084
f 1084 969 1069
f 1081 1113 1111
f 1110 1112 1113
f 1069 1086 1084
f 1107 1098 1072
f 1098 1084 1086
f 1084 1107 1071
f 1107 1084 1098
f 1086 1100 1098
f 1096 1115 1081
f 1115 1098 1100
f 1098 1096 1072
f 1096 1098 1115
f 1100 1117 1115
f 1110 1117 1108
f 1115 1110 1081
f 1117 1110 1115
f 1117 1070 1108
f 1114 1116 1117
f 1114 1085 1099
f 1097 1114 1100
f 1085 1114 1097
f 1097 1047 1085
f 1083 1097 1086
f 1047 1097 1083
f 1118 1101 1103
f 1047 1118 1085
f 1101 1118 1047
f 1085 1120 1099
f 1116 1109 1070
f 1120 1116 1099
f 1109 1116 1120
f 1120 1082 1109
f 1118 1119 1120
f 1119 1074 1082
f 1102 1119 1103
f 1074 1119 1102
f 1101 1102 1103
f 1046 1102 1073
f 1102 1046 1074
f 1045 1106 1088
f 1101 1106 1073
f 1088 1101 1047
f 1106 1101 1088
f 1106 1046 1073
f 1104 1105 1106
f 973 1134 1105
f 1143 1134 1121
f 1105 1143 1046
f 1134 1143 1105
f 1128 1133 1077
f 1134 1128 1121
f 1133 1128 1134
f 1132 1133 1134
f 1046 1145 1144
f 1123 1144 1167
f 1167 1144 1145
f 1145 1168 1167
f 1168 1123 1167
f 1122 1168 1164
f 1164 1168 1140
f 1166 1140 1168
f 1166 1121 1129
f 1143 1166 1145
f 1121 1166 1143
f 1139 1128 1131
f 1121 1139 1129
f 1128 1139 1121
f 1163 1139 1142
f 1129 1163 1140
f 1139 1163 1129
f 1140 1165 1164
f 1165 1175 1174
f 1175 1138 1174
f 1173 1160 1175
f 1173 1142 1147
f 1163 1173 1165
f 1142 1173 1163
f 1159 1146 1149
f 1142 1159 1147
f 1146 1159 1142
f 1169 1159 1162
f 1147 1169 1160
f 1159 1169 1147
f 1160 1172 1170
f 1169 1171 1172
f 1159 1161 1162
f 1146 1148 1149
f 1146 1131 1141
f 1139 1146 1142
f 1131 1146 1139
f 1131 1152 1141
f 1150 1151 1152
f 1150 1077 1130
f 1128 1150 1131
f 1077 1150 1128
f 1077 1155 1130
f 1153 1154 1155
f 1075 1158 1133
f 1153 1158 1124
f 1133 1153 1077
f 1158 1153 1133
f 1158 1076 1124
f 1156 1157 1158
f 971 1137 1091
f 1132 1137 1075
f 1091 1132 973
f 1137 1132 1091
f 1156 1136 972
f 1137 1156 1075
f 1136 1156 1137
f 1135 1136 1137
f 559 993 991
f 991 954 652
f 986 992 654
f 993 986 954
f 992 986 993
f 990 992 993
f 958 987 957
f 987 652 954
f 652 958 955
f 958 652 987
f 955 961 959
f 1000 983 960
f 983 958 957
f 958 1000 961
f 1000 958 983
f 957 985 983
f 998 1013 974
f 1013 983 985
f 983 998 960
f 998 983 1013
f 985 1015 1013
f 1023 1015 975
f 1013 1023 974
f 1015 1023 1013
f 1008 1014 967
f 1015 1008 975
f 1014 1008 1015
f 1012 1014 1015
f 1012 965 984
f 982 1012 985
f 965 1012 982
f 999 960 998
f 974 1025 1024
f 1025 976 1024
f 1023 1009 1025
f 1019 1008 1011
f 975 1019 1009
f 1008 1019 975
f 1009 1022 1020
f 1007 1020 1022
f 1016 1021 1001
f 1022 1016 1007
f 1021 1016 1022
f 1019 1021 1022
f 1021 1017 1001
f 1017 1010 977
f 1010 1021 1011
f 1021 1010 1017
f 1008 1010 1011
f 1010 1018 977
f 1018 1002 1003
f 1002 1010 967
f 1010 1002 1018
f 978 1003 1002
f 965 1006 984
f 1014 1002 967
f 1002 1006 978
f 1006 1014 984
f 1014 1006 1002
f 1049 1006 1005
f 978 1049 966
f 1006 1049 978
f 1004 1005 1006
f 954 989 987
f 982 989 965
f 987 982 957
f 989 982 987
f 1004 988 956
f 989 1004 965
f 988 1004 989
f 986 988 989
f 654 1033 988
f 1028 1033 979
f 988 1028 956
f 1033 1028 988
f 1058 1032 970
f 1033 1058 979
f 1032 1058 1033
f 1031 1032 1033
f 1048 1028 1030
f 956 1048 1005
f 1028 1048 956
f 1005 1051 1049
f 1049 1027 966
f 1037 1050 1026
f 1051 1037 1027
f 1050 1037 1051
f 1048 1050 1051
f 1030 1057 1050
f 1052 1057 1041
f 1050 1052 1026
f 1057 1052 1050
f 1057 981 1041
f 1055 1056 1057
f 1055 979 1029
f 1028 1055 1030
f 979 1055 1028
f 1027 1040 1038
f 1037 1039 1040
f 1026 1054 1039
f 1052 1053 1054
f 979 1060 1029
f 1056 1042 981
f 1060 1056 1029
f 1042 1056 1060
f 1060 980 1042
f 1058 1059 1060
f 970 1065 1059
f 1062 1065 1061
f 1059 1062 980
f 1065 1062 1059
f 1065 1044 1061
f 1063 1064 1065
f 969 1064 1043
f 1064 969 1044
f 968 1068 1032
f 1063 1068 1043
f 1032 1063 970
f 1068 1063 1032
f 1068 969 1043
f 1066 1067 1068
f 651 1036 992
f 1031 1036 968
f 992 1031 654
f 1036 1031 992
f 1066 1035 653
f 1036 1066 968
f 1035 1066 1036
f 1034 1035 1036
f 560 657 656
f 657 964 963
f 962 955 964
f 962 991 652
f 991 655 559
f 655 962 657
f 962 655 991
f 871 658 660
f 561 871 659
f 658 871 561
f 878 871 873
f 659 878 865
f 871 878 659
f 889 878 880
f 865 889 869
f 878 889 865
f 869 891 876
f 889 890 891
f 878 879 880
f 871 872 873
f 658 656 660
f 836 661 663
f 562 836 662
f 661 836 562
f 843 836 838
f 662 843 830
f 836 843 662
f 860 843 845
f 830 860 834
f 843 860 830
f 834 862 841
f 860 861 862
f 843 844 845
f 836 837 838
f 885 864 866
f 663 885 837
f 864 885 663
f 837 887 886
f 885 868 887
f 882 867 870
f 866 882 868
f 867 882 866
f 868 884 883
f 882 875 884
f 881 874 877
f 870 881 875
f 874 881 870
f 888 869 876
f 874 888 877
f 869 888 874
f 874 865 869
f 867 874 870
f 865 874 867
f 867 659 865
f 864 867 866
f 659 867 864
f 864 561 659
f 661 864 663
f 561 864 661
f 819 664 666
f 563 819 665
f 664 819 563
f 826 819 821
f 665 826 813
f 819 826 665
f 813 828 817
f 826 827 828
f 819 820 821
f 853 829 831
f 666 853 820
f 829 853 666
f 820 855 854
f 853 833 855
f 850 832 835
f 831 850 833
f 832 850 831
f 833 852 851
f 850 840 852
f 846 839 842
f 835 846 840
f 839 846 835
f 840 849 847
f 856 842 848
f 846 856 849
f 842 856 846
f 863 857 859
f 842 863 848
f 857 863 842
f 857 858 859
f 857 834 841
f 839 857 842
f 834 857 839
f 839 830 834
f 832 839 835
f 830 839 832
f 832 662 830
f 829 832 831
f 662 832 829
f 829 562 662
f 664 829 666
f 562 829 664
f 564 669 668
f 669 814 812
f 814 818 816
f 818 825 823
f 822 824 825
f 822 813 817
f 815 822 818
f 813 822 815
f 815 665 813
f 811 815 814
f 665 815 811
f 811 563 665
f 667 811 669
f 563 811 667
f 775 670 672
f 565 775 671
f 670 775 565
f 782 775 777
f 671 782 769
f 775 782 671
f 789 782 784
f 769 789 773
f 782 789 769
f 808 789 791
f 773 808 780
f 789 808 773
f 780 810 787
f 808 809 810
f 789 790 791
f 782 783 784
f 775 776 777
f 670 668 672
f 744 673 675
f 566 744 674
f 673 744 566
f 751 744 746
f 674 751 738
f 744 751 674
f 758 751 753
f 738 758 742
f 751 758 738
f 765 758 760
f 742 765 749
f 758 765 742
f 749 767 756
f 765 766 767
f 758 759 760
f 751 752 753
f 744 745 746
f 802 768 770
f 675 802 745
f 768 802 675
f 745 804 803
f 802 772 804
f 799 771 774
f 770 799 772
f 771 799 770
f 772 801 800
f 799 779 801
f 796 778 781
f 774 796 779
f 778 796 774
f 779 798 797
f 796 786 798
f 792 785 788
f 781 792 786
f 785 792 781
f 786 795 793
f 792 794 795
f 788 807 794
f 805 806 807
f 805 780 787
f 785 805 788
f 780 805 785
f 785 773 780
f 778 785 781
f 773 785 778
f 778 769 773
f 771 778 774
f 769 778 771
f 771 671 769
f 768 771 770
f 671 771 768
f 768 565 671
f 673 768 675
f 565 768 673
f 677 739 737
f 739 743 741
f 743 750 748
f 750 757 755
f 757 764 762
f 761 763 764
f 761 749 756
f 754 761 757
f 749 761 754
f 754 742 749
f 747 754 750
f 742 754 747
f 747 738 742
f 740 747 743
f 738 747 740
f 740 674 738
f 736 740 739
f 674 740 736
f 736 566 674
f 676 736 677
f 566 736 676
f 567 1284 1283
f 1278 1343 1265
f 1343 1283 1284
f 1283 1278 553
f 1278 1283 1343
f 1284 1344 1343
f 1343 1317 1265
f 568 1306 1305
f 1305 1259 554
f 1301 1283 553
f 1306 1301 1259
f 1283 1301 1306
f 1304 1283 1306
f 1305 1210 1225
f 1225 1210 555
f 1210 1305 554
f 1305 569 568
f 570 1226 1195
f 1220 1226 1185
f 1195 1220 556
f 1226 1220 1195
f 1244 1225 555
f 1226 1244 1185
f 1225 1244 1226
f 1224 1225 1226
f 571 1196 1094
f 1191 1196 1078
f 1094 1191 557
f 1196 1191 1094
f 1196 556 1078
f 1194 1195 1196
f 572 1095 996
f 1090 1095 971
f 996 1090 558
f 1095 1090 996
f 1135 1094 557
f 1095 1135 971
f 1094 1135 1095
f 1093 1094 1095
f 573 997 995
f 990 997 651
f 995 990 559
f 997 990 995
f 1034 996 558
f 997 1034 651
f 996 1034 997
f 994 996 997
f 655 995 559
f 995 574 573
f 574 655 560
f 655 574 995
f 658 574 560
f 575 658 561
f 574 658 575
f 661 575 561
f 576 661 562
f 575 661 576
f 664 576 562
f 577 664 563
f 576 664 577
f 667 577 563
f 578 667 564
f 577 667 578
f 670 578 564
f 579 670 565
f 578 670 579
f 673 579 565
f 580 673 566
f 579 673 580
f 1304 581 567
f 582 1304 568
f 581 1304 582
f 583 568 569
f 1224 583 569
f 584 1224 570
f 583 1224 584
f 1194 584 570
f 585 1194 571
f 584 1194 585
f 1093 585 571
f 586 1093 572
f 585 1093 586
f 994 586 572
f 587 994 573
f 586 994 587
f 588 573 574
f 589 574 575
f 590 575 576
f 591 576 577
f 592 577 578
f 593 578 579
f 594 579 580
f 596 581 582
f 597 582 583
f 598 583 584
f 599 584 585
f 600 585 586
f 601 586 587
f 602 587 588
f 603 588 589
f 604 589 590
f 605 590 591
f 606 591 592
f 607 592 593
f 608 593 594
f 610 595 596
f 611 596 597
f 612 597 598
f 613 598 599
f 614 599 600
f 615 600 601
f 616 601 602
f 617 602 603
f 618 603 604
f 619 604 605
f 620 605 606
f 621 606 607
f 622 607 608
f 624 609 610
f 625 610 611
f 626 611 612
f 627 612 613
f 628 613 614
f 629 614 615
f 630 615 616
f 631 616 617
f 632 617 618
f 633 618 619
f 634 619 620
f 635 620 621
f 636 621 622
f 638 623 624
f 639 624 625
f 640 625 626
f 641 626 627
f 642 627 628
f 643 628 629
f 644 629 630
f 645 630 631
f 646 631 632
f 647 632 633
f 648 633 634
f 649 634 635
f 650 635 636
f 1003 901 900
f 1003 900 1018
f 977 1018 900
f 1017 977 900
f 1001 1017 900
f 1016 899 898
f 1007 898 897
f 898 1007 1016
f 1001 900 1016
f 900 899 1016
f 896 1007 897
f 1053 981 907
f 980 908 907
f 909 1062 910
f 908 980 909
f 910 1044 911
f 904 903 1040
f 903 902 1038
f 906 1054 1053
f 1054 906 905
f 904 1039 905
f 907 906 1053
f 966 902 901
f 912 911 969
f 1003 978 901
f 879 732 890
f 879 872 732
f 890 732 731
f 891 890 731
f 876 891 731
f 888 876 731
f 727 875 728
f 728 881 729
f 877 731 730
f 888 731 877
f 881 730 729
f 881 877 730
f 1020 896 895
f 976 895 894
f 976 894 1024
f 976 1025 895
f 999 893 960
f 999 998 894
f 1020 1007 896
f 893 999 894
f 728 875 881
f 727 884 875
f 892 1000 893
f 892 735 959
f 735 734 964
f 872 733 732
f 1025 1020 895
f 883 884 727
f 1039 1054 905
f 1113 1112 918
f 918 1112 1070
f 917 1113 918
f 918 1074 919
f 1123 920 919
f 913 1072 914
f 914 1096 915
f 916 1113 917
f 1111 1113 916
f 915 1111 916
f 915 1096 1111
f 1122 921 920
f 1122 1174 921
f 1175 922 1138
f 1138 921 1174
f 1123 1168 920
f 919 1074 1144
f 1123 919 1144
f 1074 918 1082
f 918 1109 1082
f 1109 918 1070
f 1070 1112 1108
f 1081 1111 1096
f 1072 913 1107
f 1096 914 1072
f 1138 922 921
f 1071 1107 913
f 1061 1044 910
f 912 969 1071
f 1061 910 1062
f 980 907 1042
f 1042 907 981
f 1062 909 980
f 904 1040 1039
f 903 1038 1040
f 1020 1025 1009
f 966 1038 902
f 1041 981 1053
f 969 911 1044
f 966 901 978
f 1038 966 1027
f 960 893 1000
f 961 892 959
f 879 890 880
f 959 735 955
f 733 656 734
f 1000 892 961
f 1024 998 974
f 894 998 1024
f 1071 913 912
f 825 716 715
f 827 717 716
f 718 851 719
f 718 717 855
f 715 714 825
f 709 809 790
f 668 711 710
f 714 713 823
f 712 711 812
f 776 709 783
f 719 847 720
f 724 723 863
f 725 724 858
f 724 859 858
f 724 863 859
f 858 861 725
f 848 863 723
f 722 721 856
f 723 722 848
f 848 722 856
f 721 849 856
f 712 816 713
f 847 719 840
f 849 720 847
f 849 721 720
f 708 809 709
f 764 699 698
f 763 767 700
f 702 801 703
f 702 701 804
f 764 700 699
f 697 762 698
f 696 762 697
f 695 755 696
f 748 695 694
f 694 693 741
f 703 797 704
f 707 706 794
f 708 707 794
f 708 807 806
f 708 794 807
f 806 809 708
f 795 794 706
f 693 692 737
f 706 705 795
f 795 705 793
f 705 704 793
f 793 704 798
f 701 700 766
f 764 698 762
f 763 700 764
f 696 755 762
f 806 810 809
f 844 886 725
f 727 726 883
f 883 726 868
f 858 862 861
f 862 858 841
f 840 719 852
f 852 719 851
f 824 716 825
f 825 714 823
f 717 827 854
f 718 855 851
f 726 887 868
f 713 816 823
f 887 725 886
f 838 886 844
f 725 861 844
f 851 855 833
f 861 845 844
f 827 716 828
f 821 854 827
f 716 824 828
f 709 776 710
f 812 816 712
f 823 816 818
f 824 817 828
f 855 717 854
f 709 790 783
f 806 787 810
f 809 791 790
f 793 798 786
f 801 797 703
f 702 804 800
f 700 767 766
f 762 755 757
f 779 797 801
f 763 756 767
f 704 797 798
f 801 702 800
f 800 804 772
f 804 701 803
f 701 766 759
f 766 760 759
f 741 748 694
f 752 759 753
f 759 752 701
f 755 748 750
f 746 803 752
f 701 752 803
f 784 783 790
f 695 748 755
f 887 726 725
f 741 743 748
f 1290 952 1287
f 1288 952 951
f 1270 953 952
f 952 1288 1287
f 1286 1288 951
f 948 947 1268
f 947 946 1264
f 1286 950 949
f 951 950 1286
f 1263 949 948
f 1273 1286 949
f 953 1329 1292
f 953 1293 1329
f 953 1270 1293
f 1287 1271 1290
f 1287 1289 1271
f 952 1290 1270
f 949 1263 1273
f 947 1264 1268
f 1261 1299 946
f 946 1299 1264
f 948 1268 1263
f 1287 1272 1289
f 1262 1299 1261
f 940 1255 941
f 1239 941 1235
f 1235 941 1236
f 942 941 1239
f 1208 942 1239
f 1236 941 1255
f 1255 939 938
f 1234 938 937
f 938 1234 1255
f 937 1257 1234
f 1255 940 939
f 936 1257 937
f 1240 1239 1235
f 1211 945 944
f 1211 944 943
f 945 1211 1261
f 943 1212 1211
f 1261 946 945
f 1208 1186 942
f 1235 1229 1240
f 1235 1237 1229
f 1231 1209 1239
f 1239 1209 1208
f 1235 1230 1237
f 942 1186 1212
f 1212 943 942
f 1399 1307 1403
f 1308 1307 1399
f 1404 1399 1403
f 1309 1399 1400
f 1397 1309 1400
f 1404 1392 1399
f 1397 1393 1390
f 1396 1390 1374
f 1390 1309 1397
f 1390 1394 1309
f 1384 1310 1309
f 1311 1310 1282
f 1312 595 1313
f 595 1314 1313
f 1312 1311 581
f 1396 1394 1390
f 1378 1394 1380
f 1316 1315 623
f 1383 1378 1357
f 1316 623 637
f 1394 1378 1381
f 1314 609 1315
f 1309 1394 1381
f 1378 1383 1381
f 1386 1381 1345
f 1381 1386 1384
f 1389 1384 1332
f 1381 1384 1309
f 1384 1389 1387
f 1387 1338 1336
f 1341 1336 1319
f 1336 1339 1387
f 1384 1387 1310
f 1336 1341 1339
f 1344 1339 1317
f 1310 1339 1344
f 1282 1342 1284
f 1387 1339 1310
f 567 581 1282
f 581 1311 1282
f 1310 1342 1282
f 1315 609 623
f 1342 1310 1344
f 935 934 1215
f 934 933 1227
f 1258 1214 936
f 1257 936 1214
f 935 1258 936
f 1184 933 932
f 929 928 1180
f 928 927 1178
f 932 931 1198
f 931 930 1199
f 930 929 1179
f 1258 935 1215
f 934 1227 1205
f 933 1183 1227
f 1183 933 1184
f 1184 932 1126
f 1198 1126 932
f 931 1199 1198
f 930 1179 1199
f 1076 1178 927
f 928 1178 1180
f 1181 1126 1198
f 929 1180 1179
f 1215 934 1205
f 1076 927 1154
f 1171 926 925
f 925 924 1172
f 1162 1161 1171
f 926 1171 1161
f 1171 925 1172
f 1161 1148 926
f 1170 923 922
f 924 923 1172
f 1172 923 1170
f 1175 1160 1170
f 1170 922 1175
f 1152 1151 1148
f 926 1148 1151
f 1152 1148 1141
f 1151 1155 1154
f 1151 1130 1155
f 1151 927 926
f 1164 1165 1174
f 920 1168 1122
f 1164 1174 1122
f 1148 1161 1149
f 1151 1154 927
f 1144 1074 1046
f 1178 1076 1176
f 1154 1124 1076
f 955 735 964
f 656 963 734
f 872 656 733
f 872 879 873
f 964 734 963
f 814 816 812
f 668 812 711
f 656 872 660
f 656 657 963
f 668 776 672
f 776 668 710
f 668 669 812
f 776 783 777
f 691 677 737
f 741 737 739
f 580 566 676
f 687 594 580
f 676 691 690
f 689 676 690
f 580 676 689
f 687 580 688
f 689 688 580
f 686 685 594
f 692 691 737
f 684 608 685
f 594 685 608
f 608 684 683
f 608 682 622
f 622 680 636
f 636 678 650
f 622 682 681
f 636 680 679
f 693 737 741
f 1429 1428 1414
f 1430 1429 1415
f 1431 1430 1416
f 1432 1431 1417
f 1433 1432 1418
f 1434 1433 1419
f 1435 1434 1420
f 1436 1435 1421
f 1437 1436 1422
f 1438 1437 1423
f 1439 1438 1424
f 1440 1439 1425
f 1441 1440 1426
f 1442 1429 1443
f 1443 1430 1444
f 1444 1431 1445
f 1445 1432 1446
f 1446 1433 1447
f 1447 1434 1448
f 1448 1435 1449
f 1449 1436 1450
f 1450 1437 1451
f 1451 1438 1452
f 1452 1439 1453
f 1453 1440 1454
f 1454 1441 1455
f 1456 1443 1457
f 1457 1444 1458
f 1458 1445 1459
f 1459 1446 1460
f 1460 1447 1461
f 1461 1448 1462
f 1462 1449 1463
f 1463 1450 1464
f 1464 1451 1465
f 1465 1452 1466
f 1466 1453 1467
f 1467 1454 1468
f 1468 1455 1469
f 1470 1457 1471
f 1471 1458 1472
f 1472 1459 1473
f 1473 1460 1474
f 1474 1461 1475
f 1475 1462 1476
f 1476 1463 1477
f 1477 1464 1478
f 1478 1465 1479
f 1479 1466 1480
f 1480 1467 1481
f 1481 1468 1482
f 1482 1469 1483
f 1484 1471 1485
f 1485 1472 1486
f 1606 1473 1487
f 1472 1606 1486
f 1473 1606 1472
f 1487 1474 1488
f 1635 1475 1489
f 1474 1635 1488
f 1475 1635 1474
f 1712 1476 1490
f 1475 1712 1489
f 1476 1712 1475
f 1490 1477 1491
f 1491 1478 1492
f 1492 1479 1493
f 1493 1480 1494
f 1494 1481 1495
f 1495 1482 1496
f 1496 1483 1497
f 1980 1498 1949
f 1955 1980 1957
f 1498 1980 1955
f 1957 1484 1955
f 1953 1980 1949
f 1982 1957 1980
f 1955 1499 1498
f 1485 1955 1484
f 1499 1955 1485
f 1583 1607 1500
f 1607 1485 1486
f 1485 1583 1499
f 1583 1485 1607
f 1602 1605 1501
f 1608 1602 1576
f 1605 1602 1608
f 1608 1487 1605
f 1607 1606 1608
f 1500 1608 1576
f 1636 1591 1605
f 1605 1591 1501
f 1591 1636 1502
f 1605 1488 1636
f 1609 1634 1503
f 1637 1489 1634
f 1636 1635 1637
f 1631 1637 1609
f 1636 1631 1502
f 1637 1631 1636
f 1513 1711 1504
f 1713 1490 1711
f 1634 1712 1713
f 1708 1713 1513
f 1634 1708 1503
f 1713 1708 1634
f 1711 1517 1504
f 1517 1491 1505
f 1491 1711 1490
f 1711 1491 1517
f 1520 1492 1506
f 1491 1520 1505
f 1492 1520 1491
f 1523 1493 1507
f 1492 1523 1506
f 1493 1523 1492
f 1526 1494 1508
f 1493 1526 1507
f 1494 1526 1493
f 1529 1495 1509
f 1494 1529 1508
f 1495 1529 1494
f 1532 1496 1510
f 1495 1532 1509
f 1496 1532 1495
f 1535 1497 1511
f 1496 1535 1510
f 1497 1535 1496
f 1952 1948 1950
f 1498 1952 1949
f 1948 1952 1498
f 1959 1950 1951
f 1952 1959 1954
f 1950 1959 1952
f 1977 1952 1954
f 1949 1977 1953
f 1952 1977 1949
f 1960 1977 1954
f 1979 1953 1977
f 1964 1951 1958
f 1959 1964 1961
f 1951 1964 1959
f 1974 1959 1961
f 1954 1974 1960
f 1959 1974 1954
f 2020 1961 1965
f 1974 2020 1976
f 1961 2020 1974
f 1974 1975 1960
f 1965 2022 2020
f 2020 2021 1976
f 1988 1958 1963
f 1964 1988 1966
f 1958 1988 1964
f 1971 1964 1966
f 1961 1971 1965
f 1964 1971 1961
f 1984 1966 1970
f 1971 1984 1973
f 1966 1984 1971
f 2017 1971 1973
f 1965 2017 1972
f 1971 2017 1965
f 1973 2019 2017
f 2017 2018 1972
f 1994 1970 1983
f 1984 1994 1986
f 1970 1994 1984
f 2014 1984 1986
f 1973 2014 1985
f 1984 2014 1973
f 1995 2014 1986
f 2016 1985 2014
f 2001 1983 1993
f 1994 2001 1996
f 1983 2001 1994
f 2011 1994 1996
f 1986 2011 1995
f 1994 2011 1986
f 2027 1996 2002
f 2011 2027 2013
f 1996 2027 2011
f 2013 1995 2011
f 2002 2029 2027
f 2027 2028 2013
f 2034 1993 2000
f 2001 2034 2003
f 1993 2034 2001
f 2008 2001 2003
f 1996 2008 2002
f 2001 2008 1996
f 2031 2003 2007
f 2008 2031 2010
f 2003 2031 2008
f 2024 2008 2010
f 2002 2024 2009
f 2008 2024 2002
f 2023 2024 2010
f 2026 2009 2024
f 2030 2031 2007
f 2040 2031 2032
f 2010 2040 2023
f 2031 2040 2010
f 2039 2040 2032
f 2043 2023 2040
f 2033 2034 2000
f 2035 2003 2034
f 1963 1989 1988
f 1998 1988 1989
f 1966 1998 1970
f 1988 1998 1966
f 1997 1998 1989
f 2005 1998 1999
f 1970 2005 1983
f 1998 2005 1970
f 2004 2005 1999
f 2037 2005 2006
f 1983 2037 1993
f 2005 2037 1983
f 2006 2038 2037
f 2037 2000 1993
f 1950 1968 1951
f 1968 1950 1962
f 1967 1968 1962
f 1991 1968 1969
f 1951 1991 1958
f 1968 1991 1951
f 1969 1992 1991
f 1992 1958 1991
f 1585 1500 1577
f 1584 1583 1585
f 1597 1587 1589
f 1575 1597 1588
f 1587 1597 1575
f 1593 1597 1589
f 1600 1588 1597
f 1599 1598 1600
f 1595 1600 1593
f 1599 1595 1579
f 1600 1595 1599
f 1596 1593 1594
f 1596 1579 1595
f 1588 1601 1575
f 1604 1501 1601
f 1603 1602 1604
f 1598 1604 1588
f 1603 1598 1578
f 1604 1598 1603
f 1580 1603 1578
f 1603 1500 1576
f 1500 1580 1577
f 1580 1500 1603
f 1586 1599 1579
f 1599 1580 1578
f 1580 1586 1582
f 1586 1580 1599
f 1581 1580 1582
f 1646 1616 1590
f 1617 1646 1613
f 1616 1646 1617
f 1617 1592 1616
f 1616 1632 1590
f 1632 1591 1502
f 1591 1616 1592
f 1616 1591 1632
f 1601 1592 1575
f 1591 1601 1501
f 1592 1601 1591
f 1690 1705 1619
f 1705 1620 1514
f 1620 1690 1621
f 1690 1620 1705
f 1626 1654 1611
f 1654 1620 1621
f 1620 1626 1610
f 1626 1620 1654
f 1709 1620 1630
f 1630 1620 1610
f 1620 1709 1514
f 1630 1503 1709
f 1627 1630 1610
f 1633 1627 1612
f 1630 1627 1633
f 1633 1609 1630
f 1632 1631 1633
f 1645 1633 1612
f 1632 1645 1590
f 1633 1645 1632
f 1653 1611 1651
f 1677 1652 1653
f 1618 1677 1622
f 1652 1677 1618
f 1678 1653 1676
f 1648 1677 1678
f 1675 1648 1673
f 1655 1674 1675
f 1674 1622 1648
f 1649 1674 1650
f 1622 1674 1649
f 1656 1649 1650
f 1625 1656 1638
f 1649 1656 1625
f 1672 1655 1670
f 1680 1671 1672
f 1658 1680 1659
f 1671 1680 1658
f 1681 1672 1679
f 1666 1680 1681
f 1671 1650 1655
f 1656 1671 1658
f 1650 1671 1656
f 1660 1656 1658
f 1638 1660 1657
f 1656 1660 1638
f 1669 1659 1666
f 1668 1667 1669
f 1667 1658 1659
f 1660 1667 1662
f 1658 1667 1660
f 1661 1660 1662
f 1649 1618 1622
f 1623 1649 1625
f 1618 1649 1623
f 1639 1623 1625
f 1614 1639 1624
f 1623 1639 1614
f 1665 1638 1657
f 1664 1663 1665
f 1663 1625 1638
f 1639 1663 1641
f 1625 1663 1639
f 1640 1639 1641
f 1652 1626 1611
f 1629 1652 1618
f 1626 1652 1629
f 1629 1610 1626
f 1628 1627 1629
f 1623 1629 1618
f 1628 1623 1614
f 1629 1623 1628
f 1642 1628 1614
f 1647 1642 1615
f 1628 1642 1647
f 1647 1612 1628
f 1646 1645 1647
f 1613 1647 1615
f 1644 1614 1624
f 1643 1642 1644
f 1697 1512 1695
f 1736 1697 1682
f 1696 1736 1515
f 1697 1736 1696
f 1707 1696 1515
f 1696 1504 1512
f 1504 1707 1513
f 1707 1504 1696
f 1737 1707 1515
f 1710 1737 1683
f 1707 1737 1710
f 1710 1513 1707
f 1709 1708 1710
f 1704 1710 1683
f 1709 1704 1514
f 1710 1704 1709
f 1733 1692 1694
f 1682 1733 1693
f 1692 1733 1682
f 1719 1733 1694
f 1735 1693 1733
f 1699 1734 1735
f 1730 1719 1685
f 1735 1730 1699
f 1719 1730 1735
f 1693 1736 1682
f 1738 1515 1736
f 1703 1737 1738
f 1734 1738 1693
f 1703 1734 1684
f 1738 1734 1703
f 1700 1703 1684
f 1706 1700 1686
f 1703 1700 1706
f 1706 1683 1703
f 1705 1704 1706
f 1724 1706 1686
f 1705 1724 1619
f 1706 1724 1705
f 1729 1718 1727
f 1739 1728 1729
f 1691 1739 1714
f 1728 1739 1691
f 1717 1691 1714
f 1716 1715 1717
f 1718 1730 1685
f 1732 1699 1730
f 1720 1731 1732
f 1728 1732 1718
f 1720 1728 1691
f 1732 1728 1720
f 1731 1684 1699
f 1700 1731 1702
f 1684 1731 1700
f 1721 1700 1702
f 1686 1721 1701
f 1700 1721 1686
f 1715 1720 1691
f 1723 1715 1698
f 1720 1715 1723
f 1723 1702 1720
f 1722 1721 1723
f 1688 1723 1698
f 1722 1726 1701
f 1689 1722 1688
f 1726 1722 1689
f 1726 1686 1701
f 1725 1724 1726
f 1687 1726 1689
f 1518 1505 1516
f 1512 1517 1518
f 1797 1787 1794
f 1796 1795 1797
f 1795 1783 1787
f 1788 1795 1790
f 1783 1795 1788
f 1789 1788 1790
f 1788 1519 1783
f 1784 1788 1786
f 1519 1788 1784
f 1785 1784 1786
f 1784 1506 1519
f 1520 1784 1521
f 1506 1784 1520
f 1516 1520 1521
f 1818 1808 1815
f 1817 1816 1818
f 1816 1805 1808
f 1809 1816 1811
f 1805 1816 1809
f 1810 1809 1811
f 1809 1522 1805
f 1806 1809 1807
f 1522 1809 1806
f 1791 1806 1807
f 1806 1507 1522
f 1523 1806 1524
f 1507 1806 1523
f 1792 1523 1524
f 1506 1792 1519
f 1523 1792 1506
f 1793 1524 1791
f 1799 1792 1793
f 1519 1799 1783
f 1792 1799 1519
f 1800 1793 1798
f 1802 1799 1800
f 1783 1802 1787
f 1799 1802 1783
f 1803 1800 1801
f 1804 1802 1803
f 1787 1804 1794
f 1802 1804 1787
f 1851 1841 1848
f 1850 1849 1851
f 1849 1838 1841
f 1842 1849 1844
f 1838 1849 1842
f 1843 1842 1844
f 1842 1525 1838
f 1839 1842 1840
f 1525 1842 1839
f 1812 1839 1840
f 1839 1508 1525
f 1526 1839 1527
f 1508 1839 1526
f 1813 1526 1527
f 1507 1813 1522
f 1526 1813 1507
f 1837 1812 1835
f 1819 1836 1837
f 1836 1527 1812
f 1813 1836 1814
f 1527 1836 1813
f 1820 1813 1814
f 1522 1820 1805
f 1813 1820 1522
f 1834 1819 1832
f 1822 1833 1834
f 1833 1814 1819
f 1820 1833 1821
f 1814 1833 1820
f 1823 1820 1821
f 1805 1823 1808
f 1820 1823 1805
f 1831 1822 1829
f 1825 1830 1831
f 1830 1821 1822
f 1823 1830 1824
f 1821 1830 1823
f 1826 1823 1824
f 1808 1826 1815
f 1823 1826 1808
f 1828 1824 1825
f 1826 1828 1827
f 1824 1828 1826
f 1827 1815 1826
f 1530 1509 1528
f 1846 1529 1530
f 1508 1846 1525
f 1529 1846 1508
f 1847 1530 1845
f 1853 1846 1847
f 1525 1853 1838
f 1846 1853 1525
f 1854 1847 1852
f 1856 1853 1854
f 1838 1856 1841
f 1853 1856 1838
f 1857 1854 1855
f 1848 1856 1857
f 1879 1869 1876
f 1878 1877 1879
f 1877 1862 1869
f 1870 1877 1872
f 1862 1877 1870
f 1871 1870 1872
f 1870 1858 1862
f 1863 1870 1865
f 1858 1870 1863
f 1864 1863 1865
f 1863 1531 1858
f 1859 1863 1861
f 1531 1863 1859
f 1860 1859 1861
f 1859 1510 1531
f 1532 1859 1533
f 1510 1859 1532
f 1528 1532 1533
f 1917 1907 1914
f 1916 1915 1917
f 1915 1900 1907
f 1908 1915 1910
f 1900 1915 1908
f 1909 1908 1910
f 1908 1893 1900
f 1901 1908 1903
f 1893 1908 1901
f 1902 1901 1903
f 1901 1890 1893
f 1894 1901 1896
f 1890 1901 1894
f 1895 1894 1896
f 1894 1534 1890
f 1891 1894 1892
f 1534 1894 1891
f 1866 1891 1892
f 1891 1511 1534
f 1535 1891 1536
f 1511 1891 1535
f 1867 1535 1536
f 1510 1867 1531
f 1535 1867 1510
f 1868 1536 1866
f 1874 1867 1868
f 1531 1874 1858
f 1867 1874 1531
f 1875 1868 1873
f 1881 1874 1875
f 1858 1881 1862
f 1874 1881 1858
f 1882 1875 1880
f 1884 1881 1882
f 1862 1884 1869
f 1881 1884 1862
f 1885 1882 1883
f 1887 1884 1885
f 1869 1887 1876
f 1884 1887 1869
f 1889 1885 1886
f 1888 1887 1889
f 1898 1537 1538
f 1511 1898 1534
f 1537 1898 1511
f 1899 1538 1897
f 1905 1898 1899
f 1534 1905 1890
f 1898 1905 1534
f 1906 1899 1904
f 1912 1905 1906
f 1890 1912 1893
f 1905 1912 1890
f 1913 1906 1911
f 1919 1912 1913
f 1893 1919 1900
f 1912 1919 1893
f 1920 1913 1918
f 1922 1919 1920
f 1900 1922 1907
f 1919 1922 1900
f 1923 1920 1921
f 1914 1922 1923
f 1413 1428 1938
f 1940 1939 1442
f 1940 1456 1941
f 1939 1938 1428
f 1943 1942 1470
f 2019 2015 2018
f 2015 1946 2018
f 1956 1944 1943
f 1456 1942 1941
f 2018 1944 2021
f 2028 2012 2013
f 2015 2012 2028
f 2009 2025 2029
f 2028 2029 2025
f 1946 2028 2025
f 2019 1985 2015
f 2016 1995 2012
f 2012 2015 2016
f 2015 2028 1946
f 1944 2018 1946
f 1470 1956 1943
f 1982 1944 1981
f 1956 1957 1981
f 1944 1956 1981
f 1442 1939 1428
f 1956 1470 1484
f 1976 2021 1975
f 1978 1975 2021
f 2018 2022 1972
f 2022 2018 2021
f 1982 1953 1978
f 1975 1979 1960
f 1979 1975 1978
f 1499 1543 1498
f 1978 1944 1982
f 1944 1978 2021
f 2041 1947 1945
f 2043 1539 2042
f 1947 2042 1539
f 2039 1539 2043
f 2026 2042 1946
f 2023 2042 2026
f 2032 2030 2039
f 2039 2030 2033
f 2033 1539 2039
f 2025 2026 1946
f 2035 2030 2007
f 2038 2033 2000
f 2030 2035 2033
f 2036 1539 2033
f 1540 1539 2036
f 2033 2038 2036
f 2036 2006 2004
f 2004 1999 1997
f 2004 1540 2036
f 1997 1540 2004
f 1987 1997 1989
f 1963 1992 1987
f 1990 1987 1992
f 1997 1987 1540
f 1950 1948 1542
f 1584 1585 1545
f 1585 1577 1546
f 1584 1543 1499
f 1498 1543 1948
f 1967 1990 1969
f 1967 1962 1540
f 1541 1540 1962
f 1962 1950 1541
f 1967 1540 1990
f 1950 1542 1541
f 1543 1584 1544
f 1543 1542 1948
f 1544 1584 1545
f 1577 1581 1546
f 1545 1585 1546
f 1547 1546 1581
f 1987 1990 1540
f 1587 1575 1592
f 1512 1518 1695
f 1516 1740 1518
f 1937 1441 1427
f 1935 1455 1441
f 1785 1516 1521
f 1548 1582 1586
f 1594 1593 1589
f 1579 1549 1586
f 1528 1533 1860
f 1592 1553 1587
f 1555 1613 1643
f 1528 1845 1530
f 1617 1553 1592
f 1587 1594 1589
f 1936 1935 1441
f 1933 1469 1455
f 1933 1455 1934
f 1469 1932 1931
f 1469 1931 1930
f 1930 1483 1469
f 1483 1928 1497
f 1537 1924 1538
f 1497 1537 1511
f 1537 1497 1926
f 1497 1928 1927
f 1537 1926 1925
f 1926 1497 1927
f 1924 1897 1538
f 1930 1929 1483
f 1594 1587 1552
f 1613 1615 1643
f 1617 1613 1554
f 1556 1644 1640
f 1594 1552 1596
f 1611 1654 1651
f 1690 1725 1565
f 1564 1654 1621
f 1624 1640 1644
f 1550 1549 1579
f 1551 1596 1552
f 1550 1596 1551
f 1550 1579 1596
f 1653 1651 1676
f 1556 1643 1644
f 1664 1640 1641
f 1552 1587 1553
f 1690 1565 1621
f 1549 1548 1586
f 1582 1548 1547
f 1564 1651 1654
f 1697 1695 1574
f 1574 1695 1518
f 1785 1741 1516
f 1573 1682 1697
f 1798 1793 1791
f 1810 1791 1807
f 1789 1785 1786
f 1840 1835 1812
f 1845 1852 1847
f 1763 1845 1528
f 1860 1764 1528
f 1864 1860 1861
f 1895 1866 1892
f 1866 1873 1868
f 1897 1904 1899
f 1725 1690 1619
f 1547 1581 1582
f 1782 1897 1924
f 1555 1554 1613
f 1558 1665 1661
f 1556 1555 1643
f 1558 1664 1665
f 1665 1657 1661
f 1661 1662 1668
f 1560 1668 1669
f 1559 1661 1668
f 1640 1557 1556
f 1557 1664 1558
f 1560 1669 1561
f 1559 1668 1560
f 1558 1661 1559
f 1562 1666 1681
f 1681 1563 1562
f 1666 1562 1561
f 1666 1561 1669
f 1679 1563 1681
f 1557 1640 1664
f 1670 1655 1675
f 1670 1679 1672
f 1670 1563 1679
f 1673 1670 1675
f 1673 1678 1676
f 1673 1563 1670
f 1566 1687 1689
f 1673 1676 1564
f 1678 1673 1648
f 1565 1564 1621
f 1716 1688 1698
f 1727 1718 1685
f 1727 1685 1719
f 1573 1694 1692
f 1516 1741 1740
f 1692 1682 1573
f 1801 1800 1798
f 1790 1743 1789
f 1694 1572 1719
f 1688 1567 1689
f 1798 1791 1749
f 1563 1673 1564
f 1553 1617 1554
f 1687 1566 1565
f 1688 1716 1567
f 1566 1689 1567
f 1568 1716 1717
f 1717 1714 1569
f 1739 1729 1572
f 1729 1727 1572
f 1571 1714 1739
f 1567 1716 1568
f 1719 1572 1727
f 1569 1714 1570
f 1694 1573 1572
f 1571 1739 1572
f 1570 1714 1571
f 1740 1574 1518
f 1742 1785 1789
f 1741 1785 1742
f 1574 1573 1697
f 1568 1717 1569
f 1789 1743 1742
f 1744 1796 1797
f 1746 1794 1804
f 1747 1804 1803
f 1794 1745 1797
f 1817 1810 1811
f 1817 1750 1810
f 1810 1749 1791
f 1751 1817 1818
f 1798 1749 1801
f 1801 1748 1803
f 1797 1745 1744
f 1804 1747 1746
f 1745 1794 1746
f 1747 1803 1748
f 1810 1750 1749
f 1749 1748 1801
f 1817 1751 1750
f 1818 1815 1752
f 1752 1751 1818
f 1753 1752 1815
f 1743 1796 1744
f 1796 1743 1790
f 1565 1725 1687
f 1832 1819 1837
f 1829 1822 1834
f 1829 1834 1832
f 1757 1837 1835
f 1843 1850 1758
f 1854 1852 1855
f 1850 1843 1844
f 1835 1843 1757
f 1755 1827 1828
f 1756 1825 1831
f 1756 1831 1829
f 1832 1837 1757
f 1825 1756 1828
f 1850 1851 1759
f 1848 1857 1762
f 1857 1855 1762
f 1760 1851 1848
f 1852 1763 1855
f 1860 1765 1764
f 1871 1864 1865
f 1878 1871 1872
f 1880 1875 1873
f 1871 1766 1864
f 1773 1873 1866
f 1866 1895 1773
f 1906 1904 1911
f 1902 1895 1896
f 1888 1879 1876
f 1879 1768 1878
f 1902 1774 1895
f 1773 1880 1873
f 1902 1903 1909
f 1918 1913 1911
f 1883 1880 1772
f 1883 1882 1880
f 1883 1886 1885
f 1878 1767 1871
f 1781 1911 1904
f 1832 1757 1829
f 1845 1763 1852
f 1755 1754 1827
f 1757 1756 1829
f 1828 1756 1755
f 1758 1757 1843
f 1888 1889 1770
f 1848 1761 1760
f 1759 1851 1760
f 1759 1758 1850
f 1761 1848 1762
f 1764 1763 1528
f 1765 1864 1766
f 1864 1765 1860
f 1767 1766 1871
f 1879 1888 1768
f 1888 1769 1768
f 1889 1771 1770
f 1770 1769 1888
f 1878 1768 1767
f 1763 1762 1855
f 1772 1771 1889
f 1916 1909 1910
f 1916 1776 1909
f 1774 1773 1895
f 1777 1916 1917
f 1886 1883 1772
f 1921 1920 1918
f 1780 1914 1923
f 1780 1923 1921
f 1780 1921 1918
f 1914 1778 1917
f 1774 1902 1775
f 1909 1776 1775
f 1909 1775 1902
f 1916 1777 1776
f 1782 1781 1897
f 1918 1781 1780
f 1914 1779 1778
f 1779 1914 1780
f 1778 1777 1917
f 1772 1880 1773
f 1772 1889 1886
f 1918 1911 1781
f 1753 1827 1754
f 1753 1815 1827
f 1904 1897 1781
f 1651 1564 1676
f 2044 2668 2639
f 2045 2654 2652
f 2647 2654 2642
f 2652 2647 2609
f 2654 2647 2652
f 2691 2653 2640
f 2654 2691 2642
f 2653 2691 2654
f 2651 2653 2654
f 2669 2647 2650
f 2609 2669 2648
f 2647 2669 2609
f 2648 2672 2670
f 2698 2672 2646
f 2670 2698 2636
f 2672 2698 2670
f 2659 2671 2645
f 2672 2659 2646
f 2671 2659 2672
f 2669 2671 2672
f 2650 2690 2671
f 2685 2690 2663
f 2671 2685 2645
f 2690 2685 2671
f 2690 2644 2663
f 2688 2689 2690
f 2688 2642 2649
f 2647 2688 2650
f 2642 2688 2647
f 2636 2700 2699
f 2698 2660 2700
f 2695 2659 2662
f 2646 2695 2660
f 2659 2695 2646
f 2660 2697 2696
f 2695 2682 2697
f 2694 2681 2684
f 2662 2694 2682
f 2681 2694 2662
f 2681 2683 2684
f 2681 2645 2661
f 2659 2681 2662
f 2645 2681 2659
f 2645 2687 2661
f 2685 2686 2687
f 2642 2693 2649
f 2689 2664 2644
f 2693 2689 2649
f 2664 2689 2693
f 2693 2643 2664
f 2691 2692 2693
f 2692 2666 2643
f 2665 2692 2640
f 2666 2692 2665
f 2653 2665 2640
f 2665 2044 2639
f 2044 2653 2638
f 2653 2044 2665
f 2677 2046 2608
f 2594 2677 2610
f 2046 2677 2594
f 2635 2675 2674
f 2674 2641 2637
f 2701 2670 2636
f 2670 2675 2648
f 2675 2701 2641
f 2701 2675 2670
f 2673 2648 2675
f 2608 2678 2677
f 2677 2635 2610
f 2673 2652 2609
f 2678 2673 2635
f 2652 2673 2678
f 2676 2652 2678
f 2047 2618 2616
f 2611 2618 2596
f 2616 2611 2518
f 2618 2611 2616
f 2632 2617 2595
f 2618 2632 2596
f 2617 2632 2618
f 2615 2617 2618
f 2518 2614 2612
f 2624 2614 2599
f 2612 2624 2591
f 2614 2624 2612
f 2600 2613 2598
f 2614 2600 2599
f 2613 2600 2614
f 2611 2613 2614
f 2591 2626 2625
f 2624 2601 2626
f 2623 2600 2603
f 2599 2623 2601
f 2600 2623 2599
f 2628 2598 2602
f 2600 2628 2603
f 2598 2628 2600
f 2598 2631 2602
f 2629 2630 2631
f 2596 2634 2613
f 2629 2634 2604
f 2613 2629 2598
f 2634 2629 2613
f 2634 2597 2604
f 2632 2633 2634
f 2633 2607 2597
f 2605 2633 2595
f 2607 2633 2605
f 2605 2606 2607
f 2617 2605 2595
f 2605 2046 2594
f 2046 2617 2593
f 2617 2046 2605
f 2048 2519 2450
f 2519 2592 2590
f 2627 2612 2591
f 2612 2589 2518
f 2589 2627 2592
f 2627 2589 2612
f 2589 2616 2518
f 2616 2517 2047
f 2517 2589 2519
f 2589 2517 2616
f 2049 2531 2505
f 2576 2531 2508
f 2505 2576 2436
f 2531 2576 2505
f 2525 2530 2451
f 2531 2525 2508
f 2530 2525 2531
f 2529 2530 2531
f 2436 2578 2577
f 2577 2511 2447
f 2572 2526 2510
f 2578 2572 2511
f 2526 2572 2578
f 2576 2526 2578
f 2512 2447 2573
f 2573 2447 2511
f 2511 2575 2573
f 2573 2574 2512
f 2522 2574 2575
f 2572 2522 2575
f 2568 2521 2524
f 2510 2568 2522
f 2521 2568 2510
f 2522 2571 2569
f 2570 2569 2571
f 2540 2570 2571
f 2568 2540 2571
f 2564 2539 2542
f 2524 2564 2540
f 2539 2564 2524
f 2540 2567 2565
f 2566 2565 2567
f 2547 2566 2567
f 2564 2547 2567
f 2561 2546 2549
f 2542 2561 2547
f 2546 2561 2542
f 2547 2563 2562
f 2535 2563 2558
f 2558 2563 2551
f 2561 2551 2563
f 2557 2550 2553
f 2549 2557 2551
f 2550 2557 2549
f 2551 2560 2558
f 2560 2535 2558
f 2557 2559 2560
f 2585 2579 2581
f 2553 2585 2559
f 2579 2585 2553
f 2559 2588 2586
f 2585 2587 2588
f 2579 2580 2581
f 2579 2548 2552
f 2550 2579 2553
f 2548 2579 2550
f 2550 2541 2548
f 2546 2550 2549
f 2541 2550 2546
f 2546 2523 2541
f 2539 2546 2542
f 2523 2546 2539
f 2539 2513 2523
f 2521 2539 2524
f 2513 2539 2521
f 2543 2536 2538
f 2513 2543 2523
f 2536 2543 2513
f 2554 2543 2545
f 2523 2554 2541
f 2543 2554 2523
f 2582 2554 2556
f 2541 2582 2548
f 2554 2582 2541
f 2548 2584 2552
f 2582 2583 2584
f 2554 2555 2556
f 2543 2544 2545
f 2536 2537 2538
f 2508 2528 2526
f 2521 2528 2513
f 2526 2521 2510
f 2528 2521 2526
f 2536 2527 2509
f 2528 2536 2513
f 2527 2536 2528
f 2525 2527 2528
f 2527 2520 2509
f 2520 2514 2516
f 2514 2527 2451
f 2527 2514 2520
f 2514 2515 2516
f 2530 2514 2451
f 2514 2048 2450
f 2048 2530 2449
f 2530 2048 2514
f 2050 2468 2466
f 2466 2438 2151
f 2461 2467 2437
f 2468 2461 2438
f 2467 2461 2468
f 2465 2467 2468
f 2474 2462 2441
f 2462 2151 2438
f 2151 2474 2439
f 2474 2151 2462
f 2475 2439 2474
f 2441 2491 2490
f 2490 2473 2443
f 2486 2491 2458
f 2473 2486 2445
f 2491 2486 2473
f 2489 2458 2491
f 2456 2482 2480
f 2479 2481 2482
f 2507 2492 2494
f 2452 2507 2481
f 2492 2507 2452
f 2492 2493 2494
f 2485 2457 2460
f 2442 2485 2458
f 2457 2485 2442
f 2458 2488 2486
f 2486 2456 2445
f 2479 2487 2452
f 2488 2479 2456
f 2487 2479 2488
f 2485 2487 2488
f 2460 2497 2487
f 2492 2497 2483
f 2487 2492 2452
f 2497 2492 2487
f 2497 2444 2483
f 2495 2496 2497
f 2495 2440 2459
f 2457 2495 2460
f 2440 2495 2457
f 2438 2464 2462
f 2489 2464 2442
f 2462 2489 2441
f 2464 2489 2462
f 2457 2463 2440
f 2464 2457 2442
f 2463 2457 2464
f 2461 2463 2464
f 2437 2503 2463
f 2498 2503 2453
f 2463 2498 2440
f 2503 2498 2463
f 2503 2448 2453
f 2501 2502 2503
f 2440 2500 2459
f 2496 2484 2444
f 2500 2496 2459
f 2484 2496 2500
f 2500 2455 2484
f 2498 2499 2500
f 2499 2454 2455
f 2448 2499 2453
f 2454 2499 2448
f 2502 2447 2448
f 2577 2446 2436
f 2435 2506 2467
f 2501 2506 2446
f 2467 2501 2437
f 2506 2501 2467
f 2506 2436 2446
f 2504 2505 2506
f 2051 2152 2150
f 2152 2478 2477
f 2476 2439 2478
f 2476 2466 2151
f 2466 2149 2050
f 2149 2476 2152
f 2476 2149 2466
f 2052 2155 2154
f 2153 2150 2155
f 2366 2156 2158
f 2053 2366 2157
f 2156 2366 2053
f 2387 2366 2368
f 2157 2387 2343
f 2366 2387 2157
f 2343 2389 2388
f 2387 2370 2389
f 2384 2369 2372
f 2368 2384 2370
f 2369 2384 2368
f 2370 2386 2385
f 2384 2377 2386
f 2383 2376 2379
f 2372 2383 2377
f 2376 2383 2372
f 2390 2371 2378
f 2376 2390 2379
f 2371 2390 2376
f 2376 2367 2371
f 2369 2376 2372
f 2367 2376 2369
f 2369 2158 2367
f 2366 2369 2368
f 2158 2369 2366
f 2380 2373 2375
f 2158 2380 2367
f 2373 2380 2158
f 2391 2380 2382
f 2367 2391 2371
f 2380 2391 2367
f 2371 2393 2378
f 2391 2392 2393
f 2380 2381 2382
f 2373 2374 2375
f 2373 2052 2154
f 2156 2373 2158
f 2052 2373 2156
f 2335 2159 2161
f 2054 2335 2160
f 2159 2335 2054
f 2349 2335 2337
f 2160 2349 2329
f 2335 2349 2160
f 2329 2351 2350
f 2349 2339 2351
f 2345 2338 2341
f 2337 2345 2339
f 2338 2345 2337
f 2339 2348 2346
f 2348 2355 2353
f 2352 2354 2355
f 2352 2341 2347
f 2345 2352 2348
f 2341 2352 2345
f 2362 2356 2358
f 2341 2362 2347
f 2356 2362 2341
f 2365 2362 2364
f 2347 2365 2354
f 2362 2365 2347
f 2362 2363 2364
f 2356 2357 2358
f 2356 2336 2340
f 2338 2356 2341
f 2336 2356 2338
f 2338 2161 2336
f 2335 2338 2337
f 2161 2338 2335
f 2359 2342 2344
f 2161 2359 2336
f 2342 2359 2161
f 2336 2361 2340
f 2359 2360 2361
f 2342 2343 2344
f 2342 2053 2157
f 2159 2342 2161
f 2053 2342 2159
f 2314 2162 2164
f 2055 2314 2163
f 2162 2314 2055
f 2318 2314 2317
f 2163 2318 2315
f 2314 2318 2163
f 2315 2321 2319
f 2318 2320 2321
f 2331 2325 2327
f 2317 2331 2320
f 2325 2331 2317
f 2320 2334 2332
f 2331 2333 2334
f 2325 2326 2327
f 2325 2164 2316
f 2314 2325 2317
f 2164 2325 2314
f 2164 2330 2316
f 2328 2329 2330
f 2328 2054 2160
f 2162 2328 2164
f 2054 2328 2162
f 2056 2167 2166
f 2167 2324 2323
f 2322 2315 2324
f 2322 2055 2163
f 2165 2322 2167
f 2055 2322 2165
f 2283 2168 2170
f 2057 2283 2169
f 2168 2283 2057
f 2286 2283 2285
f 2169 2286 2261
f 2283 2286 2169
f 2261 2289 2287
f 2289 2293 2291
f 2293 2303 2301
f 2303 2310 2308
f 2307 2309 2310
f 2307 2292 2302
f 2300 2307 2303
f 2292 2307 2300
f 2300 2288 2292
f 2290 2300 2293
f 2288 2300 2290
f 2290 2285 2288
f 2286 2290 2289
f 2285 2290 2286
f 2304 2294 2296
f 2285 2304 2288
f 2294 2304 2285
f 2311 2304 2306
f 2288 2311 2292
f 2304 2311 2288
f 2292 2313 2302
f 2311 2312 2313
f 2304 2305 2306
f 2294 2295 2296
f 2294 2170 2284
f 2283 2294 2285
f 2170 2294 2283
f 2170 2299 2284
f 2297 2298 2299
f 2297 2056 2166
f 2168 2297 2170
f 2056 2297 2168
f 2246 2171 2173
f 2058 2246 2172
f 2171 2246 2058
f 2249 2246 2248
f 2172 2249 2244
f 2246 2249 2172
f 2267 2249 2252
f 2244 2267 2250
f 2249 2267 2244
f 2250 2269 2268
f 2267 2254 2269
f 2263 2253 2256
f 2252 2263 2254
f 2253 2263 2252
f 2254 2266 2264
f 2263 2265 2266
f 2279 2273 2275
f 2256 2279 2265
f 2273 2279 2256
f 2265 2282 2280
f 2279 2281 2282
f 2273 2274 2275
f 2273 2251 2255
f 2253 2273 2256
f 2251 2273 2253
f 2253 2248 2251
f 2249 2253 2252
f 2248 2253 2249
f 2276 2257 2259
f 2248 2276 2251
f 2257 2276 2248
f 2251 2278 2255
f 2276 2277 2278
f 2257 2258 2259
f 2257 2173 2247
f 2246 2257 2248
f 2173 2257 2246
f 2173 2262 2247
f 2260 2261 2262
f 2260 2057 2169
f 2171 2260 2173
f 2057 2260 2171
f 2175 2245 2243
f 2245 2272 2271
f 2270 2250 2272
f 2270 2172 2244
f 2242 2270 2245
f 2172 2270 2242
f 2242 2058 2172
f 2174 2242 2175
f 2058 2242 2174
f 2060 2658 2656
f 2651 2658 2638
f 2656 2651 2045
f 2658 2651 2656
f 2658 2044 2638
f 2655 2657 2658
f 2061 2680 2621
f 2621 2608 2046
f 2676 2656 2045
f 2680 2676 2608
f 2656 2676 2680
f 2679 2656 2680
f 2062 2622 2620
f 2615 2622 2593
f 2620 2615 2047
f 2622 2615 2620
f 2622 2046 2593
f 2619 2621 2622
f 2620 2517 2533
f 2533 2517 2048
f 2517 2620 2047
f 2620 2063 2062
f 2064 2534 2471
f 2529 2534 2449
f 2471 2529 2049
f 2534 2529 2471
f 2534 2048 2449
f 2532 2533 2534
f 2065 2472 2470
f 2465 2472 2435
f 2470 2465 2050
f 2472 2465 2470
f 2504 2471 2049
f 2472 2504 2435
f 2471 2504 2472
f 2469 2471 2472
f 2149 2470 2050
f 2470 2066 2065
f 2066 2149 2051
f 2149 2066 2470
f 2153 2066 2051
f 2067 2153 2052
f 2066 2153 2067
f 2156 2067 2052
f 2068 2156 2053
f 2067 2156 2068
f 2159 2068 2053
f 2069 2159 2054
f 2068 2159 2069
f 2162 2069 2054
f 2070 2162 2055
f 2069 2162 2070
f 2165 2070 2055
f 2071 2165 2056
f 2070 2165 2071
f 2168 2071 2056
f 2072 2168 2057
f 2071 2168 2072
f 2171 2072 2057
f 2073 2171 2058
f 2072 2171 2073
f 2655 2074 2059
f 2075 2655 2060
f 2074 2655 2075
f 2679 2075 2060
f 2076 2679 2061
f 2075 2679 2076
f 2619 2076 2061
f 2077 2619 2062
f 2076 2619 2077
f 2078 2062 2063
f 2532 2078 2063
f 2079 2532 2064
f 2078 2532 2079
f 2469 2079 2064
f 2080 2469 2065
f 2079 2469 2080
f 2081 2065 2066
f 2082 2066 2067
f 2083 2067 2068
f 2084 2068 2069
f 2085 2069 2070
f 2086 2070 2071
f 2087 2071 2072
f 2088 2072 2073
f 2090 2074 2075
f 2091 2075 2076
f 2092 2076 2077
f 2093 2077 2078
f 2094 2078 2079
f 2095 2079 2080
f 2096 2080 2081
f 2097 2081 2082
f 2098 2082 2083
f 2099 2083 2084
f 2100 2084 2085
f 2101 2085 2086
f 2102 2086 2087
f 2103 2087 2088
f 2105 2089 2090
f 2106 2090 2091
f 2107 2091 2092
f 2108 2092 2093
f 2109 2093 2094
f 2110 2094 2095
f 2111 2095 2096
f 2112 2096 2097
f 2113 2097 2098
f 2114 2098 2099
f 2115 2099 2100
f 2116 2100 2101
f 2117 2101 2102
f 2118 2102 2103
f 2120 2104 2105
f 2121 2105 2106
f 2122 2106 2107
f 2123 2107 2108
f 2124 2108 2109
f 2125 2109 2110
f 2126 2110 2111
f 2127 2111 2112
f 2128 2112 2113
f 2129 2113 2114
f 2130 2114 2115
f 2131 2115 2116
f 2132 2116 2117
f 2133 2117 2118
f 2135 2119 2120
f 2136 2120 2121
f 2137 2121 2122
f 2138 2122 2123
f 2139 2123 2124
f 2140 2124 2125
f 2141 2125 2126
f 2142 2126 2127
f 2143 2127 2128
f 2144 2128 2129
f 2145 2129 2130
f 2146 2130 2131
f 2147 2131 2132
f 2148 2132 2133
f 2374 2239 2238
f 2394 2241 2478
f 2477 2241 2240
f 2475 2395 2394
f 2381 2238 2392
f 2237 2392 2238
f 2393 2392 2237
f 2238 2381 2374
f 2378 2393 2237
f 2443 2396 2395
f 2494 2402 2401
f 2402 2494 2493
f 2401 2507 2494
f 2493 2484 2402
f 2400 2507 2401
f 2398 2397 2480
f 2481 2400 2399
f 2507 2400 2481
f 2482 2399 2398
f 2445 2397 2396
f 2231 2363 2357
f 2232 2385 2233
f 2231 2388 2232
f 2234 2233 2377
f 2365 2230 2229
f 2230 2364 2363
f 2230 2365 2364
f 2363 2231 2230
f 2354 2365 2229
f 2234 2383 2235
f 2379 2237 2236
f 2237 2379 2390
f 2236 2383 2379
f 2390 2378 2237
f 2234 2377 2383
f 2377 2233 2386
f 2231 2357 2360
f 2370 2385 2232
f 2357 2363 2358
f 2386 2233 2385
f 2383 2236 2235
f 2481 2399 2482
f 2406 2566 2562
f 2407 2406 2562
f 2408 2535 2560
f 2407 2563 2535
f 2408 2407 2535
f 2405 2566 2406
f 2570 2405 2404
f 2574 2569 2404
f 2404 2569 2570
f 2404 2512 2574
f 2565 2405 2570
f 2403 2512 2404
f 2566 2405 2565
f 2412 2411 2588
f 2581 2580 2587
f 2412 2587 2580
f 2587 2412 2588
f 2580 2583 2412
f 2586 2410 2409
f 2560 2586 2409
f 2410 2586 2588
f 2588 2411 2410
f 2408 2560 2409
f 2512 2403 2447
f 2402 2455 2454
f 2403 2454 2447
f 2402 2484 2455
f 2493 2444 2484
f 2493 2483 2444
f 2398 2480 2482
f 2480 2445 2456
f 2396 2473 2445
f 2403 2402 2454
f 2473 2396 2443
f 2239 2155 2240
f 2475 2394 2439
f 2381 2392 2382
f 2443 2395 2490
f 2395 2475 2490
f 2370 2232 2389
f 2389 2232 2388
f 2360 2357 2361
f 2361 2357 2340
f 2344 2388 2360
f 2388 2231 2360
f 2445 2480 2397
f 2217 2216 2323
f 2332 2220 2219
f 2217 2319 2218
f 2334 2221 2220
f 2214 2309 2313
f 2215 2312 2305
f 2299 2215 2295
f 2312 2215 2214
f 2213 2309 2214
f 2222 2221 2334
f 2355 2227 2226
f 2227 2355 2354
f 2229 2228 2354
f 2228 2227 2354
f 2353 2355 2226
f 2224 2223 2350
f 2218 2321 2219
f 2226 2225 2353
f 2353 2225 2348
f 2224 2346 2225
f 2222 2326 2223
f 2206 2281 2274
f 2282 2205 2204
f 2210 2301 2308
f 2282 2206 2205
f 2280 2204 2203
f 2202 2266 2203
f 2264 2202 2201
f 2269 2201 2200
f 2291 2209 2208
f 2308 2212 2211
f 2212 2308 2310
f 2309 2213 2310
f 2213 2212 2310
f 2210 2308 2211
f 2199 2198 2243
f 2282 2281 2206
f 2210 2209 2301
f 2282 2204 2280
f 2199 2272 2200
f 2208 2207 2287
f 2266 2280 2203
f 2277 2207 2206
f 2214 2313 2312
f 2224 2351 2346
f 2334 2220 2332
f 2321 2332 2219
f 2223 2326 2330
f 2333 2222 2334
f 2309 2302 2313
f 2306 2305 2312
f 2215 2298 2216
f 2348 2225 2346
f 2346 2351 2339
f 2222 2333 2326
f 2223 2330 2350
f 2333 2327 2326
f 2351 2224 2350
f 2332 2321 2320
f 2215 2305 2295
f 2324 2319 2217
f 2305 2296 2295
f 2321 2218 2319
f 2291 2293 2301
f 2208 2287 2291
f 2277 2258 2207
f 2206 2274 2277
f 2278 2277 2274
f 2281 2275 2274
f 2280 2266 2265
f 2202 2264 2266
f 2255 2278 2274
f 2291 2301 2209
f 2207 2258 2262
f 2289 2291 2287
f 2258 2277 2259
f 2207 2262 2287
f 2264 2269 2254
f 2269 2200 2268
f 2268 2272 2250
f 2272 2199 2271
f 2272 2268 2200
f 2269 2264 2201
f 2308 2301 2303
f 2271 2199 2243
f 2560 2559 2586
f 2684 2432 2431
f 2432 2684 2683
f 2431 2694 2684
f 2683 2433 2432
f 2430 2694 2431
f 2428 2427 2696
f 2682 2430 2429
f 2694 2430 2682
f 2428 2682 2429
f 2682 2428 2697
f 2433 2683 2643
f 2686 2683 2687
f 2176 2434 2668
f 2433 2639 2434
f 2683 2661 2687
f 2428 2696 2697
f 2660 2427 2700
f 2696 2427 2660
f 2683 2686 2643
f 2426 2700 2427
f 2421 2420 2603
f 2597 2422 2630
f 2424 2423 2610
f 2421 2630 2422
f 2603 2420 2419
f 2415 2627 2416
f 2419 2418 2623
f 2418 2417 2601
f 2417 2416 2625
f 2421 2631 2630
f 2421 2602 2631
f 2606 2423 2422
f 2425 2701 2426
f 2425 2424 2637
f 2421 2603 2628
f 2419 2623 2603
f 2417 2626 2601
f 2417 2625 2626
f 2418 2601 2623
f 2421 2628 2602
f 2625 2416 2591
f 2426 2699 2700
f 2177 2668 2667
f 2657 2178 2667
f 2177 2667 2178
f 2177 2176 2668
f 2179 2178 2059
f 2665 2433 2666
f 2665 2639 2433
f 2667 2044 2657
f 2178 2657 2059
f 2059 2074 2179
f 2668 2434 2639
f 2181 2180 2089
f 2183 2182 2119
f 2182 2181 2104
f 2180 2074 2089
f 2182 2104 2119
f 2183 2119 2134
f 2104 2181 2089
f 2179 2074 2180
f 2686 2644 2664
f 2664 2643 2686
f 2644 2686 2663
f 2699 2701 2636
f 2641 2425 2637
f 2423 2594 2610
f 2424 2674 2637
f 2701 2425 2641
f 2422 2607 2606
f 2610 2674 2424
f 2674 2610 2635
f 2594 2423 2606
f 2607 2422 2597
f 2597 2630 2604
f 2591 2416 2627
f 2627 2415 2592
f 2426 2701 2699
f 2666 2433 2643
f 2590 2592 2415
f 2584 2580 2552
f 2583 2556 2555
f 2544 2413 2555
f 2413 2583 2555
f 2584 2583 2580
f 2563 2407 2562
f 2547 2562 2566
f 2583 2413 2412
f 2450 2414 2515
f 2415 2414 2590
f 2515 2413 2516
f 2520 2516 2413
f 2519 2590 2414
f 2537 2520 2413
f 2544 2555 2545
f 2520 2537 2509
f 2544 2538 2537
f 2544 2537 2413
f 2413 2515 2414
f 2454 2448 2447
f 2574 2522 2569
f 2490 2474 2441
f 2394 2478 2439
f 2490 2475 2474
f 2478 2241 2477
f 2374 2381 2375
f 2239 2374 2155
f 2240 2150 2477
f 2330 2329 2350
f 2324 2315 2319
f 2316 2330 2326
f 2565 2570 2540
f 2217 2323 2324
f 2323 2216 2298
f 2166 2323 2298
f 2152 2477 2150
f 2450 2519 2414
f 2299 2295 2284
f 2261 2287 2262
f 2262 2258 2247
f 2155 2150 2240
f 2298 2215 2299
f 2155 2374 2154
f 2174 2073 2058
f 2191 2103 2088
f 2103 2188 2118
f 2193 2088 2073
f 2245 2271 2243
f 2197 2174 2175
f 2243 2197 2175
f 2198 2197 2243
f 2174 2196 2195
f 2194 2073 2195
f 2193 2073 2194
f 2195 2073 2174
f 2103 2190 2189
f 2133 2184 2148
f 2191 2088 2192
f 2187 2118 2188
f 2186 2118 2187
f 2185 2133 2186
f 2118 2186 2133
f 2754 2770 2702
f 2809 2810 2703
f 2812 2753 2810
f 2806 2812 2757
f 2811 2806 2755
f 2812 2806 2811
f 2752 2812 2809
f 2767 2811 2755
f 2811 2702 2753
f 2702 2767 2754
f 2767 2702 2811
f 2807 2767 2755
f 2769 2807 2758
f 2767 2807 2769
f 2769 2754 2767
f 2805 2777 2759
f 2777 2752 2756
f 2752 2805 2757
f 2805 2752 2777
f 2805 2806 2757
f 2808 2755 2806
f 2764 2807 2808
f 2802 2805 2759
f 2808 2802 2764
f 2805 2802 2808
f 2801 2802 2759
f 2804 2764 2802
f 2773 2803 2804
f 2798 2801 2763
f 2804 2798 2773
f 2801 2798 2804
f 2803 2758 2764
f 2765 2803 2766
f 2758 2803 2765
f 2797 2798 2763
f 2800 2773 2798
f 2783 2799 2800
f 2794 2797 2772
f 2800 2794 2783
f 2797 2794 2800
f 2799 2766 2773
f 2774 2799 2775
f 2766 2799 2774
f 2793 2794 2772
f 2796 2783 2794
f 2789 2795 2796
f 2792 2793 2782
f 2796 2792 2789
f 2793 2792 2796
f 2795 2775 2783
f 2784 2795 2785
f 2775 2795 2784
f 2776 2777 2756
f 2801 2787 2763
f 2787 2777 2778
f 2777 2801 2759
f 2801 2777 2787
f 2786 2787 2778
f 2797 2791 2772
f 2791 2787 2788
f 2787 2797 2763
f 2797 2787 2791
f 2790 2791 2788
f 2791 2793 2772
f 2793 2791 2782
f 2760 2761 2704
f 2809 2780 2752
f 2780 2761 2762
f 2761 2809 2703
f 2809 2761 2780
f 2779 2780 2762
f 2781 2752 2780
f 2817 2705 2813
f 2814 2817 2815
f 2705 2817 2814
f 2827 2814 2815
f 2704 2827 2760
f 2814 2827 2704
f 2834 2815 2818
f 2827 2834 2829
f 2815 2834 2827
f 2829 2760 2827
f 2841 2818 2825
f 2834 2841 2836
f 2818 2841 2834
f 2836 2829 2834
f 2832 2841 2825
f 2843 2836 2841
f 2816 2817 2813
f 2824 2817 2819
f 2815 2824 2818
f 2817 2824 2815
f 2823 2824 2819
f 2831 2824 2826
f 2818 2831 2825
f 2824 2831 2818
f 2830 2831 2826
f 2838 2831 2833
f 2825 2838 2832
f 2831 2838 2825
f 2837 2838 2833
f 2840 2832 2838
f 2867 2910 2820
f 2910 2821 2706
f 2821 2867 2822
f 2867 2821 2910
f 2822 2705 2821
f 2946 2867 2820
f 2869 2946 2849
f 2867 2946 2869
f 2869 2822 2867
f 2908 2856 2846
f 2856 2707 2844
f 2707 2908 2845
f 2908 2707 2856
f 2908 2909 2845
f 2911 2706 2909
f 2945 2911 2848
f 2910 2945 2820
f 2911 2945 2910
f 2905 2908 2846
f 2911 2905 2848
f 2908 2905 2911
f 2904 2905 2846
f 2907 2848 2905
f 2901 2907 2852
f 2906 2901 2850
f 2907 2901 2906
f 2847 2907 2904
f 2906 2945 2848
f 2947 2820 2945
f 2864 2946 2947
f 2942 2906 2850
f 2947 2942 2864
f 2906 2942 2947
f 2902 2942 2850
f 2944 2864 2942
f 2874 2943 2944
f 2939 2902 2853
f 2944 2939 2874
f 2902 2939 2944
f 2943 2849 2864
f 2865 2943 2866
f 2849 2943 2865
f 2898 2939 2853
f 2941 2874 2939
f 2880 2940 2941
f 2936 2898 2862
f 2941 2936 2880
f 2898 2936 2941
f 2940 2866 2874
f 2875 2940 2876
f 2866 2940 2875
f 2894 2936 2862
f 2938 2880 2936
f 2884 2937 2938
f 2933 2894 2872
f 2938 2933 2884
f 2894 2933 2938
f 2937 2876 2880
f 2881 2937 2882
f 2876 2937 2881
f 2890 2933 2872
f 2935 2884 2933
f 2912 2934 2935
f 2931 2935 2890
f 2912 2931 2878
f 2935 2931 2912
f 2934 2882 2884
f 2885 2934 2886
f 2882 2934 2885
f 2900 2924 2854
f 2924 2847 2851
f 2847 2900 2852
f 2900 2847 2924
f 2900 2901 2852
f 2903 2850 2901
f 2897 2903 2861
f 2902 2897 2853
f 2903 2897 2902
f 2854 2903 2900
f 2896 2921 2863
f 2921 2854 2860
f 2854 2896 2861
f 2896 2854 2921
f 2896 2897 2861
f 2899 2853 2897
f 2893 2899 2871
f 2898 2893 2862
f 2899 2893 2898
f 2863 2899 2896
f 2892 2918 2873
f 2918 2863 2870
f 2863 2892 2871
f 2892 2863 2918
f 2892 2893 2871
f 2895 2862 2893
f 2889 2895 2877
f 2894 2889 2872
f 2895 2889 2894
f 2873 2895 2892
f 2873 2888 2877
f 2888 2873 2879
f 2888 2889 2877
f 2930 2889 2891
f 2872 2930 2890
f 2889 2930 2872
f 2929 2930 2891
f 2932 2890 2930
f 2887 2931 2932
f 2914 2929 2883
f 2932 2914 2887
f 2929 2914 2932
f 2929 2917 2883
f 2917 2888 2879
f 2888 2929 2891
f 2929 2888 2917
f 2913 2914 2883
f 2916 2887 2914
f 2870 2919 2918
f 2919 2873 2918
f 2920 2921 2860
f 2922 2863 2921
f 2923 2924 2851
f 2925 2854 2924
f 2971 2844 2855
f 2856 2971 2857
f 2844 2971 2856
f 2904 2927 2847
f 2927 2856 2857
f 2856 2904 2846
f 2904 2856 2927
f 2926 2927 2857
f 2928 2847 2927
f 2953 2971 2855
f 2972 2857 2971
f 2949 2858 2859
f 2707 2949 2844
f 2858 2949 2707
f 2960 2859 2948
f 2949 2960 2950
f 2859 2960 2949
f 2952 2949 2950
f 2844 2952 2855
f 2949 2952 2844
f 2956 2950 2951
f 2952 2956 2954
f 2950 2956 2952
f 2968 2952 2954
f 2855 2968 2953
f 2952 2968 2855
f 2976 2954 2957
f 2968 2976 2970
f 2954 2976 2968
f 2970 2953 2968
f 2980 2957 2966
f 2976 2980 2978
f 2957 2980 2976
f 2978 2970 2976
f 2974 2980 2966
f 2982 2978 2980
f 2955 2956 2951
f 2965 2956 2958
f 2954 2965 2957
f 2956 2965 2954
f 2964 2965 2958
f 2973 2965 2967
f 2957 2973 2966
f 2965 2973 2957
f 2967 2975 2973
f 2979 2973 2975
f 2966 2979 2974
f 2973 2979 2966
f 2959 2960 2948
f 2961 2950 2960
f 2963 2859 2962
f 2784 2712 2711
f 2710 2709 2771
f 2768 2711 2710
f 2791 2717 2716
f 2792 2715 2714
f 2792 2714 2713
f 2715 2782 2716
f 2789 2713 2712
f 2712 2784 2785
f 2784 2774 2775
f 2711 2774 2784
f 2713 2789 2792
f 2782 2791 2716
f 2790 2717 2791
f 2782 2715 2792
f 2789 2712 2785
f 2790 2718 2717
f 2711 2765 2774
f 2840 2726 2725
f 2839 2724 2723
f 2724 2840 2725
f 2729 2728 2823
f 2728 2727 2830
f 2833 2727 2837
f 2730 2729 2816
f 2837 2727 2726
f 2719 2718 2786
f 2718 2788 2786
f 2790 2788 2718
f 2720 2719 2776
f 2722 2721 2828
f 2723 2843 2839
f 2722 2842 2723
f 2840 2724 2839
f 2840 2837 2726
f 2781 2721 2720
f 2731 2730 2868
f 2768 2769 2711
f 2765 2711 2769
f 2765 2769 2758
f 2774 2765 2766
f 2719 2786 2778
f 2781 2776 2756
f 2721 2781 2779
f 2770 2771 2985
f 2985 2771 2709
f 2985 2984 2770
f 2720 2776 2781
f 2760 2779 2762
f 2828 2721 2779
f 2768 2771 2754
f 2776 2719 2778
f 2768 2710 2771
f 2723 2842 2843
f 2842 2835 2836
f 2828 2835 2722
f 2826 2823 2830
f 2823 2728 2830
f 2830 2727 2833
f 2832 2839 2843
f 2819 2816 2823
f 2868 2869 2731
f 2729 2823 2816
f 2816 2822 2868
f 2849 2865 2869
f 2730 2816 2868
f 2731 2869 2865
f 2835 2828 2829
f 2722 2835 2842
f 2865 2875 2731
f 2916 2733 2732
f 2732 2915 2916
f 2916 2734 2733
f 2878 2915 2732
f 2879 2737 2736
f 2735 2734 2913
f 2736 2735 2913
f 2916 2913 2734
f 2737 2879 2873
f 2886 2732 2885
f 2878 2732 2912
f 2886 2912 2732
f 2915 2878 2887
f 2913 2883 2917
f 2736 2913 2917
f 2917 2879 2736
f 2738 2737 2873
f 2731 2885 2732
f 2745 2744 2975
f 2979 2744 2743
f 2979 2975 2744
f 2750 2749 2959
f 2748 2747 2964
f 2747 2746 2964
f 2955 2749 2748
f 2746 2745 2975
f 2740 2739 2922
f 2739 2919 2870
f 2738 2919 2739
f 2741 2740 2923
f 2982 2742 2981
f 2741 2981 2742
f 2742 2982 2974
f 2743 2742 2974
f 2974 2979 2743
f 2981 2741 2977
f 2963 2751 2750
f 2919 2738 2873
f 2882 2885 2881
f 2881 2875 2876
f 2731 2875 2881
f 2920 2740 2922
f 2925 2920 2860
f 2870 2922 2739
f 2740 2920 2925
f 2851 2928 2923
f 2741 2928 2926
f 2928 2741 2923
f 2972 2741 2926
f 2972 2953 2969
f 2741 2972 2969
f 2925 2923 2740
f 2875 2865 2866
f 2978 2981 2977
f 2977 2969 2970
f 2967 2746 2975
f 2958 2955 2964
f 2955 2748 2964
f 2746 2967 2964
f 2741 2969 2977
f 2955 2951 2961
f 2963 2959 2948
f 2961 2749 2955
f 2859 2858 2962
f 2983 2963 2962
f 2858 2708 2962
f 2983 2962 2708
f 2983 2751 2963
f 2963 2750 2959
f 2959 2749 2961
f 2731 2881 2885
f 3043 2987 3031
f 3037 3043 3038
f 2987 3043 3037
f 3050 3031 3035
f 3043 3050 3045
f 3031 3050 3043
f 3045 3038 3043
f 3057 3035 3041
f 3050 3057 3052
f 3035 3057 3050
f 3052 3045 3050
f 3064 3041 3048
f 3057 3064 3059
f 3041 3064 3057
f 3059 3052 3057
f 3068 3048 3055
f 3064 3068 3066
f 3048 3068 3064
f 3066 3059 3064
f 3062 3068 3055
f 3070 3066 3068
f 3130 3131 2988
f 3133 3030 3131
f 3072 3132 3133
f 3127 3130 3029
f 3133 3127 3072
f 3130 3127 3133
f 3034 3132 3032
f 3132 2987 3030
f 2987 3034 3031
f 3034 2987 3132
f 3033 3034 3032
f 3040 3034 3036
f 3031 3040 3035
f 3034 3040 3031
f 3039 3040 3036
f 3047 3040 3042
f 3035 3047 3041
f 3040 3047 3035
f 3046 3047 3042
f 3054 3047 3049
f 3041 3054 3048
f 3047 3054 3041
f 3053 3054 3049
f 3061 3054 3056
f 3048 3061 3055
f 3054 3061 3048
f 3060 3061 3056
f 3067 3061 3063
f 3055 3067 3062
f 3061 3067 3055
f 3126 3127 3029
f 3129 3072 3127
f 3078 3128 3129
f 3123 3126 3071
f 3129 3123 3078
f 3126 3123 3129
f 3128 3032 3072
f 3033 3128 3073
f 3032 3128 3033
f 3122 3123 3071
f 3125 3078 3123
f 3085 3124 3125
f 3119 3122 3077
f 3125 3119 3085
f 3122 3119 3125
f 3124 3073 3078
f 3079 3124 3080
f 3073 3124 3079
f 3118 3119 3077
f 3121 3085 3119
f 3092 3120 3121
f 3115 3118 3084
f 3121 3115 3092
f 3118 3115 3121
f 3120 3080 3085
f 3086 3120 3087
f 3080 3120 3086
f 3114 3115 3084
f 3117 3092 3115
f 3099 3116 3117
f 3111 3114 3091
f 3117 3111 3099
f 3114 3111 3117
f 3116 3087 3092
f 3093 3116 3094
f 3087 3116 3093
f 3110 3111 3091
f 3113 3099 3111
f 3105 3112 3113
f 3108 3110 3098
f 3113 3108 3105
f 3110 3108 3113
f 3112 3094 3099
f 3100 3112 3101
f 3094 3112 3100
f 3150 3074 3076
f 2989 3150 3075
f 3074 3150 2989
f 3150 3151 3075
f 3152 2988 3151
f 3148 3152 3082
f 3130 3148 3029
f 3152 3148 3130
f 3076 3152 3150
f 3147 3081 3083
f 3076 3147 3082
f 3081 3147 3076
f 3147 3148 3082
f 3149 3029 3148
f 3145 3149 3089
f 3126 3145 3071
f 3149 3145 3126
f 3083 3149 3147
f 3144 3088 3090
f 3083 3144 3089
f 3088 3144 3083
f 3144 3145 3089
f 3146 3071 3145
f 3142 3146 3096
f 3122 3142 3077
f 3146 3142 3122
f 3090 3146 3144
f 3141 3095 3097
f 3090 3141 3096
f 3095 3141 3090
f 3141 3142 3096
f 3143 3077 3142
f 3139 3143 3103
f 3118 3139 3084
f 3143 3139 3118
f 3097 3143 3141
f 3138 3102 3104
f 3097 3138 3103
f 3102 3138 3097
f 3138 3139 3103
f 3140 3084 3139
f 3136 3140 3106
f 3114 3136 3091
f 3140 3136 3114
f 3104 3140 3138
f 3104 3135 3106
f 3135 3104 3107
f 3135 3136 3106
f 3137 3091 3136
f 3134 3137 3109
f 3110 3134 3098
f 3137 3134 3110
f 3107 3137 3135
f 3157 2990 3153
f 3154 3157 3155
f 2990 3157 3154
f 3155 2989 3154
f 3164 3153 3156
f 3157 3164 3159
f 3153 3164 3157
f 3159 3155 3157
f 3171 3156 3163
f 3164 3171 3166
f 3156 3171 3164
f 3166 3159 3164
f 3170 3171 3163
f 3173 3166 3171
f 3160 3161 2991
f 3168 3161 3162
f 2990 3168 3153
f 3161 3168 2990
f 3167 3168 3162
f 3175 3168 3169
f 3153 3175 3156
f 3168 3175 3153
f 3174 3175 3169
f 3178 3175 3176
f 3156 3178 3163
f 3175 3178 3156
f 3177 3178 3176
f 3179 3163 3178
f 3069 2996 2995
f 2995 2994 3044
f 2998 2997 3067
f 2996 3067 2997
f 2999 2998 3063
f 3070 2996 3069
f 3062 2996 3070
f 3067 3063 2998
f 2996 3062 3067
f 3060 2999 3063
f 3056 3000 3060
f 2999 3060 3000
f 3069 2995 3065
f 3001 3046 3002
f 3002 3039 3003
f 3005 3004 3100
f 3004 3003 3033
f 3006 3005 3108
f 3101 3005 3100
f 3105 3005 3101
f 3108 3098 3006
f 3005 3105 3108
f 3007 3098 3134
f 3134 3008 3007
f 3098 3007 3006
f 3053 3001 3000
f 3100 3004 3093
f 3051 3052 3058
f 2995 3044 3051
f 2995 3058 3065
f 3065 3058 3059
f 3066 3069 3065
f 3037 3180 2986
f 3180 3044 2994
f 3045 3051 3044
f 3058 2995 3051
f 3049 3046 3053
f 3046 3001 3053
f 3100 3093 3094
f 3093 3086 3087
f 3079 3086 3004
f 3004 3086 3093
f 3046 3039 3002
f 3046 3042 3039
f 3033 3039 3036
f 3086 3079 3080
f 3079 3033 3073
f 3003 3039 3033
f 3004 3033 3079
f 3053 3000 3056
f 3009 3008 3109
f 3009 3107 3010
f 3012 3011 3102
f 3102 3011 3010
f 3013 3012 3095
f 3107 3009 3109
f 3104 3010 3107
f 3102 3095 3012
f 3102 3010 3104
f 3102 3097 3095
f 3014 3013 3088
f 3013 3095 3088
f 3134 3109 3008
f 3017 3016 3170
f 3172 3016 3015
f 3179 3019 3018
f 3019 3177 3020
f 3018 3017 3170
f 3020 3174 3021
f 3023 3022 3160
f 3022 3021 3167
f 3025 3024 2992
f 3027 3026 2993
f 3026 3025 2993
f 3024 3023 2992
f 3081 3015 3014
f 3028 3027 3181
f 3088 3095 3090
f 3158 3165 3015
f 3158 3015 3074
f 3016 3172 3173
f 3165 3166 3172
f 3015 3165 3172
f 3088 3083 3081
f 3074 3081 3076
f 3165 3158 3159
f 3158 3074 3155
f 3015 3081 3074
f 3081 3014 3088
f 3018 3170 3179
f 3019 3179 3177
f 3177 3176 3174
f 3174 3169 3167
f 3174 3167 3021
f 3177 3174 3020
f 3167 3162 3160
f 2992 3160 2991
f 3160 2992 3023
f 2992 2993 3025
f 3181 2993 3182
f 3160 3022 3167
f 2993 3181 3027
f 3170 3016 3173
f 3223 3320 3200
f 3320 3184 3198
f 3184 3223 3199
f 3223 3184 3320
f 3223 3224 3199
f 3200 3225 3223
f 3220 3201 3203
f 3200 3220 3202
f 3201 3220 3200
f 3220 3221 3202
f 3203 3222 3220
f 3217 3204 3206
f 3203 3217 3205
f 3204 3217 3203
f 3217 3218 3205
f 3206 3219 3217
f 3214 3207 3209
f 3206 3214 3208
f 3207 3214 3206
f 3214 3215 3208
f 3239 3240 3216
f 3210 3241 3239
f 3239 3209 3210
f 3214 3239 3216
f 3209 3239 3214
f 3236 3211 3213
f 3210 3236 3212
f 3211 3236 3210
f 3236 3237 3212
f 3213 3238 3236
f 3233 3226 3228
f 3213 3233 3227
f 3226 3233 3213
f 3233 3234 3227
f 3228 3235 3233
f 3230 3231 3229
f 3242 3243 3232
f 3325 3198 3314
f 3320 3325 3321
f 3198 3325 3320
f 3321 3200 3320
f 3329 3314 3318
f 3325 3329 3327
f 3314 3329 3325
f 3327 3321 3325
f 3323 3329 3318
f 3331 3327 3329
f 3309 3310 3185
f 3313 3310 3311
f 3184 3313 3198
f 3310 3313 3184
f 3312 3313 3311
f 3317 3313 3315
f 3198 3317 3314
f 3313 3317 3198
f 3316 3317 3315
f 3322 3317 3319
f 3314 3322 3318
f 3317 3322 3314
f 3319 3324 3322
f 3328 3322 3324
f 3318 3328 3323
f 3322 3328 3318
f 3332 3333 3186
f 3334 3185 3333
f 3349 3388 3337
f 3388 3343 3187
f 3343 3349 3344
f 3349 3343 3388
f 3344 3186 3343
f 3356 3384 3341
f 3384 3349 3337
f 3349 3356 3351
f 3356 3349 3384
f 3351 3344 3349
f 3362 3380 3347
f 3380 3356 3341
f 3356 3362 3358
f 3362 3356 3380
f 3358 3351 3356
f 3366 3376 3354
f 3376 3362 3347
f 3362 3366 3364
f 3366 3362 3376
f 3364 3358 3362
f 3390 3372 3360
f 3372 3366 3354
f 3366 3390 3368
f 3390 3366 3372
f 3368 3364 3366
f 3386 3402 3338
f 3402 3188 3335
f 3188 3386 3336
f 3386 3188 3402
f 3386 3387 3336
f 3389 3187 3387
f 3383 3389 3340
f 3388 3383 3337
f 3389 3383 3388
f 3338 3389 3386
f 3382 3339 3342
f 3338 3382 3340
f 3339 3382 3338
f 3382 3383 3340
f 3385 3337 3383
f 3379 3385 3346
f 3384 3379 3341
f 3385 3379 3384
f 3342 3385 3382
f 3378 3345 3348
f 3342 3378 3346
f 3345 3378 3342
f 3378 3379 3346
f 3381 3341 3379
f 3375 3381 3353
f 3380 3375 3347
f 3381 3375 3380
f 3348 3381 3378
f 3374 3352 3355
f 3348 3374 3353
f 3352 3374 3348
f 3374 3375 3353
f 3377 3347 3375
f 3371 3377 3359
f 3376 3371 3354
f 3377 3371 3376
f 3355 3377 3374
f 3370 3371 3359
f 3373 3354 3371
f 3369 3373 3365
f 3372 3369 3360
f 3373 3369 3372
f 3361 3373 3370
f 3396 3402 3335
f 3403 3338 3402
f 3467 3468 3189
f 3470 3392 3468
f 3408 3469 3470
f 3464 3467 3391
f 3470 3464 3408
f 3467 3464 3470
f 3395 3469 3393
f 3469 3188 3392
f 3188 3395 3335
f 3395 3188 3469
f 3405 3393 3394
f 3395 3405 3397
f 3393 3405 3395
f 3399 3395 3397
f 3335 3399 3396
f 3395 3399 3335
f 3398 3399 3397
f 3401 3396 3399
f 3418 3394 3404
f 3405 3418 3406
f 3394 3418 3405
f 3414 3405 3406
f 3397 3414 3398
f 3405 3414 3397
f 3413 3414 3406
f 3416 3398 3414
f 3417 3418 3404
f 3419 3406 3418
f 3463 3464 3391
f 3466 3408 3464
f 3424 3465 3466
f 3460 3463 3407
f 3466 3460 3424
f 3463 3460 3466
f 3421 3465 3409
f 3465 3393 3408
f 3393 3421 3394
f 3421 3393 3465
f 3420 3421 3409
f 3422 3394 3421
f 3459 3460 3407
f 3462 3424 3460
f 3430 3461 3462
f 3456 3459 3423
f 3462 3456 3430
f 3459 3456 3462
f 3461 3409 3424
f 3420 3461 3425
f 3409 3461 3420
f 3455 3456 3423
f 3458 3430 3456
f 3437 3457 3458
f 3452 3455 3429
f 3458 3452 3437
f 3455 3452 3458
f 3457 3425 3430
f 3431 3457 3432
f 3425 3457 3431
f 3451 3452 3429
f 3454 3437 3452
f 3443 3453 3454
f 3447 3451 3436
f 3454 3447 3443
f 3451 3447 3454
f 3453 3432 3437
f 3438 3453 3439
f 3432 3453 3438
f 3446 3447 3436
f 3449 3443 3447
f 3552 3553 3190
f 3554 3411 3553
f 3550 3554 3496
f 3486 3550 3412
f 3554 3550 3486
f 3410 3554 3552
f 3486 3487 3411
f 3488 3189 3487
f 3484 3488 3427
f 3467 3484 3391
f 3488 3484 3467
f 3535 3486 3412
f 3488 3535 3427
f 3486 3535 3488
f 3534 3535 3412
f 3536 3427 3535
f 3493 3483 3536
f 3531 3534 3426
f 3536 3531 3493
f 3534 3531 3536
f 3483 3484 3427
f 3485 3391 3484
f 3481 3485 3434
f 3463 3481 3407
f 3485 3481 3463
f 3428 3485 3483
f 3480 3433 3435
f 3428 3480 3434
f 3433 3480 3428
f 3480 3481 3434
f 3482 3407 3481
f 3478 3482 3441
f 3459 3478 3423
f 3482 3478 3459
f 3435 3482 3480
f 3477 3440 3442
f 3435 3477 3441
f 3440 3477 3435
f 3477 3478 3441
f 3479 3423 3478
f 3475 3479 3444
f 3455 3475 3429
f 3479 3475 3455
f 3442 3479 3477
f 3442 3474 3444
f 3474 3442 3445
f 3474 3475 3444
f 3476 3429 3475
f 3472 3476 3450
f 3451 3472 3436
f 3476 3472 3451
f 3445 3476 3474
f 3471 3472 3450
f 3490 3472 3473
f 3436 3490 3446
f 3472 3490 3436
f 3489 3490 3473
f 3491 3446 3490
f 3530 3531 3426
f 3533 3493 3531
f 3501 3532 3533
f 3527 3530 3492
f 3533 3527 3501
f 3530 3527 3533
f 3532 3428 3493
f 3433 3532 3494
f 3428 3532 3433
f 3526 3527 3492
f 3529 3501 3527
f 3508 3528 3529
f 3523 3526 3500
f 3529 3523 3508
f 3526 3523 3529
f 3528 3494 3501
f 3502 3528 3503
f 3494 3528 3502
f 3522 3523 3500
f 3525 3508 3523
f 3514 3524 3525
f 3518 3522 3507
f 3525 3518 3514
f 3522 3518 3525
f 3524 3503 3508
f 3509 3524 3510
f 3503 3524 3509
f 3517 3518 3507
f 3520 3514 3518
f 3549 3556 3497
f 3556 3410 3495
f 3410 3549 3496
f 3549 3410 3556
f 3549 3550 3496
f 3551 3412 3550
f 3547 3551 3505
f 3534 3547 3426
f 3551 3547 3534
f 3497 3551 3549
f 3546 3504 3506
f 3497 3546 3505
f 3504 3546 3497
f 3546 3547 3505
f 3548 3426 3547
f 3544 3548 3512
f 3530 3544 3492
f 3548 3544 3530
f 3506 3548 3546
f 3543 3511 3513
f 3506 3543 3512
f 3511 3543 3506
f 3543 3544 3512
f 3545 3492 3544
f 3541 3545 3515
f 3526 3541 3500
f 3545 3541 3526
f 3513 3545 3543
f 3513 3540 3515
f 3540 3513 3516
f 3540 3541 3515
f 3542 3500 3541
f 3538 3542 3521
f 3522 3538 3507
f 3542 3538 3522
f 3516 3542 3540
f 3537 3538 3521
f 3539 3507 3538
f 3562 3495 3555
f 3556 3562 3557
f 3495 3562 3556
f 3557 3497 3556
f 3569 3555 3561
f 3562 3569 3564
f 3555 3569 3562
f 3564 3557 3562
f 3568 3569 3561
f 3571 3564 3569
f 3664 3498 3663
f 3661 3664 3584
f 3644 3661 3499
f 3664 3661 3644
f 3644 3645 3498
f 3646 3190 3645
f 3559 3552 3646
f 3641 3644 3499
f 3646 3641 3559
f 3644 3641 3646
f 3640 3641 3499
f 3643 3559 3641
f 3582 3642 3643
f 3637 3640 3558
f 3643 3637 3582
f 3640 3637 3643
f 3566 3642 3560
f 3642 3410 3559
f 3410 3566 3495
f 3566 3410 3642
f 3579 3560 3565
f 3566 3579 3567
f 3560 3579 3566
f 3573 3566 3567
f 3495 3573 3555
f 3566 3573 3495
f 3572 3573 3567
f 3576 3573 3574
f 3555 3576 3561
f 3573 3576 3555
f 3575 3576 3574
f 3577 3561 3576
f 3587 3565 3578
f 3579 3587 3580
f 3565 3587 3579
f 3580 3567 3579
f 3593 3578 3586
f 3587 3593 3589
f 3578 3593 3587
f 3589 3580 3587
f 3586 3595 3593
f 3595 3589 3593
f 3636 3637 3558
f 3639 3582 3637
f 3601 3638 3639
f 3633 3636 3581
f 3639 3633 3601
f 3636 3633 3639
f 3591 3638 3583
f 3638 3560 3582
f 3560 3591 3565
f 3591 3560 3638
f 3590 3591 3583
f 3597 3591 3592
f 3565 3597 3578
f 3591 3597 3565
f 3596 3597 3592
f 3599 3597 3598
f 3578 3599 3586
f 3597 3599 3578
f 3632 3633 3581
f 3635 3601 3633
f 3607 3634 3635
f 3629 3632 3600
f 3635 3629 3607
f 3632 3629 3635
f 3634 3583 3601
f 3590 3634 3602
f 3583 3634 3590
f 3628 3629 3600
f 3631 3607 3629
f 3614 3630 3631
f 3625 3628 3606
f 3631 3625 3614
f 3628 3625 3631
f 3630 3602 3607
f 3608 3630 3609
f 3602 3630 3608
f 3624 3625 3606
f 3627 3614 3625
f 3620 3626 3627
f 3622 3624 3613
f 3627 3622 3620
f 3624 3622 3627
f 3626 3609 3614
f 3615 3626 3616
f 3609 3626 3615
f 3660 3661 3584
f 3662 3499 3661
f 3658 3662 3604
f 3640 3658 3558
f 3662 3658 3640
f 3585 3662 3660
f 3657 3603 3605
f 3585 3657 3604
f 3603 3657 3585
f 3657 3658 3604
f 3659 3558 3658
f 3655 3659 3611
f 3636 3655 3581
f 3659 3655 3636
f 3605 3659 3657
f 3654 3610 3612
f 3605 3654 3611
f 3610 3654 3605
f 3654 3655 3611
f 3656 3581 3655
f 3652 3656 3618
f 3632 3652 3600
f 3656 3652 3632
f 3612 3656 3654
f 3651 3617 3619
f 3612 3651 3618
f 3617 3651 3612
f 3651 3652 3618
f 3653 3600 3652
f 3649 3653 3621
f 3628 3649 3606
f 3653 3649 3628
f 3619 3653 3651
f 3648 3649 3621
f 3650 3606 3649
f 3647 3650 3623
f 3624 3647 3613
f 3650 3647 3624
f 3648 3623 3650
f 3244 3196 3193
f 3242 3197 3245
f 3243 3245 3193
f 3243 3231 3232
f 3232 3230 3242
f 3234 3231 3243
f 3230 3226 3242
f 3234 3243 3193
f 3249 3248 3328
f 3248 3247 3323
f 3197 3226 3246
f 3226 3197 3242
f 3330 3247 3246
f 3247 3330 3331
f 3249 3324 3250
f 3230 3229 3228
f 3231 3235 3229
f 3238 3227 3234
f 3234 3237 3238
f 3193 3237 3234
f 3231 3234 3235
f 3211 3226 3213
f 3211 3207 3226
f 3211 3210 3209
f 3330 3246 3326
f 3246 3226 3207
f 3207 3211 3209
f 3204 3246 3207
f 3226 3230 3228
f 3241 3212 3237
f 3251 3250 3324
f 3192 3237 3193
f 3262 3365 3263
f 3263 3361 3264
f 3260 3259 3369
f 3261 3260 3369
f 3261 3365 3262
f 3264 3370 3355
f 3269 3415 3270
f 3271 3270 3416
f 3269 3268 3401
f 3266 3265 3352
f 3268 3267 3403
f 3267 3266 3345
f 3413 3272 3271
f 3264 3355 3265
f 3258 3257 3350
f 3257 3256 3334
f 3316 3253 3252
f 3309 3255 3254
f 3312 3254 3253
f 3334 3256 3255
f 3259 3258 3367
f 3390 3259 3368
f 3367 3368 3259
f 3369 3259 3360
f 3264 3361 3370
f 3369 3365 3261
f 3390 3360 3259
f 3363 3367 3258
f 3365 3361 3263
f 3316 3252 3251
f 3419 3273 3272
f 3215 3216 3240
f 3237 3192 3240
f 3219 3208 3215
f 3207 3206 3204
f 3218 3215 3240
f 3247 3331 3323
f 3249 3328 3324
f 3328 3248 3323
f 3327 3330 3326
f 3251 3324 3319
f 3251 3319 3316
f 3326 3246 3201
f 3204 3201 3246
f 3222 3205 3218
f 3240 3192 3218
f 3192 3183 3225
f 3192 3221 3222
f 3222 3218 3192
f 3221 3192 3225
f 3219 3215 3218
f 3321 3326 3201
f 3203 3201 3204
f 3221 3225 3202
f 3183 3224 3225
f 3315 3312 3316
f 3316 3312 3253
f 3241 3237 3240
f 3367 3363 3364
f 3358 3363 3357
f 3265 3355 3352
f 3355 3370 3359
f 3332 3350 3257
f 3400 3401 3268
f 3270 3415 3416
f 3272 3413 3419
f 3413 3271 3416
f 3348 3345 3352
f 3345 3266 3352
f 3267 3339 3403
f 3417 3273 3419
f 3400 3268 3403
f 3269 3401 3415
f 3311 3309 3312
f 3334 3255 3309
f 3351 3357 3350
f 3312 3309 3254
f 3350 3332 3344
f 3334 3332 3257
f 3415 3401 3398
f 3417 3404 3422
f 3339 3345 3342
f 3396 3400 3403
f 3345 3339 3267
f 3422 3273 3417
f 3258 3350 3357
f 3258 3357 3363
f 3422 3420 3273
f 3471 3445 3279
f 3445 3280 3279
f 3277 3276 3491
f 3278 3277 3489
f 3278 3471 3279
f 3281 3509 3282
f 3288 3287 3511
f 3287 3286 3516
f 3283 3282 3517
f 3285 3284 3537
f 3284 3283 3539
f 3516 3286 3285
f 3285 3537 3516
f 3275 3274 3446
f 3491 3276 3275
f 3491 3275 3446
f 3448 3438 3439
f 3274 3438 3448
f 3274 3449 3446
f 3449 3274 3448
f 3273 3438 3274
f 3471 3489 3473
f 3278 3489 3471
f 3277 3491 3489
f 3440 3281 3280
f 3520 3517 3282
f 3282 3519 3520
f 3283 3517 3539
f 3282 3509 3519
f 3539 3537 3284
f 3289 3288 3504
f 3299 3615 3300
f 3298 3590 3299
f 3295 3599 3296
f 3296 3598 3297
f 3294 3586 3295
f 3300 3613 3301
f 3305 3617 3306
f 3307 3306 3610
f 3619 3305 3648
f 3623 3304 3303
f 3648 3305 3304
f 3623 3303 3302
f 3301 3647 3302
f 3307 3603 3308
f 3594 3294 3293
f 3293 3292 3575
f 3291 3290 3568
f 3291 3577 3292
f 3594 3595 3294
f 3594 3293 3588
f 3595 3586 3294
f 3615 3299 3608
f 3620 3300 3616
f 3615 3616 3300
f 3613 3300 3622
f 3304 3623 3648
f 3613 3647 3301
f 3620 3622 3300
f 3596 3298 3297
f 3647 3623 3302
f 3290 3289 3570
f 3603 3194 3308
f 3448 3439 3443
f 3431 3432 3438
f 3280 3445 3442
f 3445 3471 3450
f 3442 3440 3280
f 3519 3509 3510
f 3514 3519 3510
f 3563 3570 3289
f 3290 3571 3568
f 3571 3290 3570
f 3513 3511 3287
f 3516 3537 3521
f 3281 3502 3509
f 3425 3431 3420
f 3433 3502 3281
f 3433 3281 3440
f 3502 3433 3494
f 3433 3440 3435
f 3511 3504 3288
f 3504 3563 3289
f 3513 3287 3516
f 3504 3511 3506
f 3563 3504 3557
f 3564 3570 3563
f 3503 3509 3502
f 3431 3273 3420
f 3292 3577 3575
f 3588 3293 3572
f 3575 3572 3293
f 3572 3575 3574
f 3580 3588 3572
f 3589 3594 3588
f 3296 3599 3598
f 3602 3608 3299
f 3596 3297 3598
f 3305 3619 3617
f 3619 3648 3621
f 3609 3615 3608
f 3590 3298 3596
f 3599 3295 3586
f 3596 3592 3590
f 3603 3610 3605
f 3610 3617 3612
f 3590 3602 3299
f 3585 3194 3603
f 3195 3660 3584
f 3660 3195 3585
f 3191 3664 3663
f 3664 3191 3195
f 3195 3584 3664
f 3585 3195 3194
f 3603 3307 3610
f 3610 3306 3617
f 3577 3291 3568
f 3438 3273 3431
f 3711 3666 3707
f 3708 3711 3709
f 3666 3711 3708
f 3712 3741 3709
f 3718 3707 3710
f 3711 3718 3713
f 3707 3718 3711
f 3738 3711 3713
f 3709 3738 3712
f 3711 3738 3709
f 3719 3738 3713
f 3740 3712 3738
f 3725 3710 3717
f 3718 3725 3720
f 3710 3725 3718
f 3735 3718 3720
f 3713 3735 3719
f 3718 3735 3713
f 3747 3720 3726
f 3735 3747 3737
f 3720 3747 3735
f 3737 3719 3735
f 3751 3726 3733
f 3747 3751 3749
f 3726 3751 3747
f 3749 3737 3747
f 3745 3751 3733
f 3753 3749 3751
f 3724 3725 3717
f 3732 3725 3727
f 3720 3732 3726
f 3725 3732 3720
f 3731 3732 3727
f 3744 3732 3734
f 3726 3744 3733
f 3732 3744 3726
f 3743 3744 3734
f 3750 3744 3746
f 3733 3750 3745
f 3744 3750 3733
f 3824 3825 3667
f 3827 3715 3825
f 3821 3827 3755
f 3826 3821 3716
f 3827 3821 3826
f 3714 3827 3824
f 3722 3826 3716
f 3826 3666 3715
f 3666 3722 3707
f 3722 3666 3826
f 3798 3822 3721
f 3822 3722 3716
f 3722 3798 3723
f 3798 3722 3822
f 3729 3722 3723
f 3707 3729 3710
f 3722 3729 3707
f 3728 3729 3723
f 3730 3710 3729
f 3762 3798 3721
f 3799 3723 3798
f 3820 3769 3756
f 3769 3714 3754
f 3714 3820 3755
f 3820 3714 3769
f 3820 3821 3755
f 3823 3716 3821
f 3761 3822 3823
f 3817 3820 3756
f 3823 3817 3761
f 3820 3817 3823
f 3816 3817 3756
f 3819 3761 3817
f 3765 3818 3819
f 3813 3816 3760
f 3819 3813 3765
f 3816 3813 3819
f 3795 3818 3763
f 3818 3721 3761
f 3721 3795 3762
f 3795 3721 3818
f 3766 3795 3763
f 3797 3762 3795
f 3812 3813 3760
f 3815 3765 3813
f 3775 3814 3815
f 3809 3812 3764
f 3815 3809 3775
f 3812 3809 3815
f 3792 3814 3767
f 3814 3763 3765
f 3763 3792 3766
f 3792 3763 3814
f 3776 3792 3767
f 3794 3766 3792
f 3808 3809 3764
f 3811 3775 3809
f 3805 3811 3782
f 3810 3805 3777
f 3811 3805 3810
f 3830 3808 3774
f 3811 3830 3782
f 3808 3830 3811
f 3789 3810 3777
f 3810 3767 3775
f 3767 3789 3776
f 3789 3767 3810
f 3806 3789 3777
f 3791 3806 3783
f 3789 3806 3791
f 3791 3776 3789
f 3829 3830 3774
f 3831 3782 3830
f 3828 3831 3801
f 3804 3828 3784
f 3831 3828 3804
f 3781 3831 3829
f 3804 3805 3782
f 3807 3777 3805
f 3788 3806 3807
f 3800 3804 3784
f 3807 3800 3788
f 3804 3800 3807
f 3768 3769 3754
f 3816 3779 3760
f 3779 3769 3770
f 3769 3816 3756
f 3816 3769 3779
f 3778 3779 3770
f 3812 3786 3764
f 3786 3779 3780
f 3779 3812 3760
f 3812 3779 3786
f 3785 3786 3780
f 3808 3802 3774
f 3802 3786 3787
f 3786 3808 3764
f 3808 3786 3802
f 3787 3803 3802
f 3757 3758 3668
f 3824 3772 3714
f 3772 3758 3759
f 3758 3824 3667
f 3824 3758 3772
f 3771 3772 3759
f 3773 3714 3772
f 3844 3669 3832
f 3833 3844 3834
f 3669 3844 3833
f 3836 3833 3834
f 3668 3836 3757
f 3833 3836 3668
f 3840 3834 3835
f 3836 3840 3838
f 3834 3840 3836
f 3838 3757 3836
f 3850 3835 3839
f 3840 3850 3842
f 3835 3850 3840
f 3842 3838 3840
f 3857 3839 3849
f 3850 3857 3852
f 3839 3857 3850
f 3852 3842 3850
f 3863 3849 3856
f 3857 3863 3859
f 3849 3863 3857
f 3859 3852 3857
f 3843 3844 3832
f 3854 3844 3845
f 3834 3854 3835
f 3844 3854 3834
f 3853 3854 3845
f 3861 3854 3855
f 3835 3861 3839
f 3854 3861 3835
f 3860 3861 3855
f 3864 3861 3862
f 3839 3864 3849
f 3861 3864 3839
f 3862 3865 3864
f 3866 3864 3865
f 3849 3866 3856
f 3864 3866 3849
f 3846 3847 3670
f 3848 3669 3847
f 3752 3674 3673
f 3673 3672 3742
f 3676 3675 3750
f 3746 3677 3676
f 3675 3674 3745
f 3678 3677 3743
f 3753 3674 3752
f 3745 3674 3753
f 3750 3746 3676
f 3675 3745 3750
f 3743 3677 3746
f 3679 3678 3731
f 3743 3734 3678
f 3752 3673 3748
f 3680 3730 3681
f 3728 3682 3681
f 3684 3683 3800
f 3784 3685 3684
f 3683 3682 3790
f 3828 3686 3685
f 3791 3683 3790
f 3788 3683 3783
f 3791 3783 3683
f 3800 3784 3684
f 3683 3788 3800
f 3828 3685 3784
f 3801 3687 3686
f 3686 3828 3801
f 3724 3680 3679
f 3790 3682 3793
f 3739 3740 3673
f 3740 3736 3673
f 3736 3740 3719
f 3749 3752 3748
f 3736 3737 3748
f 3736 3748 3673
f 3869 3741 3742
f 3741 3869 3665
f 3665 3708 3741
f 3672 3869 3742
f 3739 3742 3712
f 3741 3708 3709
f 3673 3742 3739
f 3727 3724 3731
f 3679 3731 3724
f 3793 3794 3790
f 3797 3793 3682
f 3776 3790 3794
f 3796 3682 3799
f 3731 3678 3734
f 3730 3724 3717
f 3799 3682 3728
f 3724 3730 3680
f 3797 3682 3796
f 3766 3793 3797
f 3799 3762 3796
f 3728 3681 3730
f 3801 3781 3687
f 3688 3781 3829
f 3687 3781 3688
f 3689 3688 3803
f 3803 3688 3829
f 3690 3689 3785
f 3780 3690 3785
f 3689 3803 3787
f 3690 3778 3691
f 3802 3829 3774
f 3803 3829 3802
f 3692 3771 3693
f 3785 3689 3787
f 3858 3859 3694
f 3694 3693 3858
f 3858 3693 3851
f 3692 3691 3768
f 3695 3694 3856
f 3695 3856 3696
f 3696 3866 3697
f 3698 3697 3865
f 3856 3866 3696
f 3698 3860 3699
f 3701 3700 3843
f 3856 3694 3863
f 3702 3701 3848
f 3699 3853 3700
f 3703 3702 3846
f 3705 3704 3671
f 3704 3703 3671
f 3706 3705 3867
f 3859 3863 3694
f 3778 3690 3780
f 3768 3778 3770
f 3842 3851 3841
f 3852 3858 3851
f 3693 3837 3841
f 3771 3692 3773
f 3691 3778 3768
f 3841 3851 3693
f 3773 3768 3754
f 3757 3771 3759
f 3768 3773 3692
f 3837 3838 3841
f 3837 3693 3771
f 3697 3866 3865
f 3862 3698 3865
f 3853 3860 3855
f 3843 3853 3845
f 3860 3853 3699
f 3698 3862 3860
f 3848 3843 3832
f 3701 3843 3848
f 3853 3843 3700
f 3670 3671 3846
f 3671 3703 3846
f 3867 3671 3868
f 3848 3846 3702
f 3867 3705 3671
f 4139 4121 4125
f 4132 4139 4134
f 4121 4139 4132
f 4134 4127 4132
f 4130 4139 4125
f 4141 4134 4139
f 4147 4122 4123
f 4124 4147 4126
f 4122 4147 4124
f 4129 4124 4126
f 4121 4129 4125
f 4124 4129 4121
f 4144 4126 4128
f 4129 4144 4131
f 4126 4144 4129
f 4136 4129 4131
f 4125 4136 4130
f 4129 4136 4125
f 4142 4131 4135
f 4136 4142 4138
f 4131 4142 4136
f 4138 4130 4136
f 4143 4144 4128
f 4145 4131 4144
f 4146 4147 4123
f 4148 4126 4147
f 4165 4120 4149
f 4150 4165 4151
f 4120 4165 4150
f 4151 4122 4150
f 4187 4149 4159
f 4165 4187 4167
f 4149 4187 4165
f 4167 4151 4165
f 4163 4187 4159
f 4189 4167 4187
f 4176 4153 4154
f 4155 4176 4156
f 4153 4176 4155
f 4158 4155 4156
f 4120 4158 4149
f 4155 4158 4120
f 4173 4156 4157
f 4158 4173 4160
f 4156 4173 4158
f 4162 4158 4160
f 4149 4162 4159
f 4158 4162 4149
f 4169 4160 4161
f 4162 4169 4164
f 4160 4169 4162
f 4184 4162 4164
f 4159 4184 4163
f 4162 4184 4159
f 4170 4184 4164
f 4186 4163 4184
f 4190 4161 4168
f 4169 4190 4171
f 4161 4190 4169
f 4183 4169 4171
f 4164 4183 4170
f 4169 4183 4164
f 4172 4173 4157
f 4191 4173 4174
f 4160 4191 4161
f 4173 4191 4160
f 4174 4192 4191
f 4192 4161 4191
f 4175 4176 4154
f 4177 4156 4176
f 4204 4152 4178
f 4179 4204 4180
f 4152 4204 4179
f 4180 4153 4179
f 4198 4204 4178
f 4206 4180 4204
f 4211 4182 4193
f 4194 4211 4195
f 4182 4211 4194
f 4197 4194 4195
f 4152 4197 4178
f 4194 4197 4152
f 4208 4195 4196
f 4197 4208 4199
f 4195 4208 4197
f 4201 4197 4199
f 4178 4201 4198
f 4197 4201 4178
f 4200 4201 4199
f 4203 4198 4201
f 4207 4208 4196
f 4209 4199 4208
f 4210 4211 4193
f 4212 4195 4211
f 4213 4214 4181
f 4215 4182 4214
f 4234 4216 4221
f 4227 4234 4229
f 4216 4234 4227
f 4229 4217 4227
f 4241 4221 4225
f 4234 4241 4236
f 4221 4241 4234
f 4236 4229 4234
f 4232 4241 4225
f 4243 4236 4241
f 4251 4218 4219
f 4220 4251 4222
f 4218 4251 4220
f 4224 4220 4222
f 4216 4224 4221
f 4220 4224 4216
f 4248 4222 4223
f 4224 4248 4226
f 4222 4248 4224
f 4231 4224 4226
f 4221 4231 4225
f 4224 4231 4221
f 4245 4226 4230
f 4231 4245 4233
f 4226 4245 4231
f 4238 4231 4233
f 4225 4238 4232
f 4231 4238 4225
f 4237 4238 4233
f 4240 4232 4238
f 4244 4245 4230
f 4257 4245 4246
f 4233 4257 4237
f 4245 4257 4233
f 4256 4257 4246
f 4259 4237 4257
f 4247 4248 4223
f 4249 4226 4248
f 4250 4251 4219
f 4252 4222 4251
f 4271 3945 4253
f 4254 4271 4255
f 3945 4271 4254
f 4255 4218 4254
f 4278 4253 4265
f 4271 4278 4273
f 4253 4278 4271
f 4273 4255 4271
f 4285 4265 4269
f 4278 4285 4280
f 4265 4285 4278
f 4280 4273 4278
f 4276 4285 4269
f 4287 4280 4285
f 4264 4261 4262
f 3945 4264 4253
f 4261 4264 3945
f 4295 4262 4263
f 4264 4295 4266
f 4262 4295 4264
f 4268 4264 4266
f 4253 4268 4265
f 4264 4268 4253
f 4292 4266 4267
f 4268 4292 4270
f 4266 4292 4268
f 4275 4268 4270
f 4265 4275 4269
f 4268 4275 4265
f 4289 4270 4274
f 4275 4289 4277
f 4270 4289 4275
f 4282 4275 4277
f 4269 4282 4276
f 4275 4282 4269
f 4281 4282 4277
f 4284 4276 4282
f 4288 4289 4274
f 4290 4277 4289
f 4291 4292 4267
f 4293 4270 4292
f 4294 4295 4263
f 4296 4266 4295
f 4297 4298 4260
f 4299 4262 4298
f 3922 3914 3915
f 3916 3922 3918
f 3914 3922 3916
f 3923 3942 3918
f 3944 3917 3942
f 3929 3915 3921
f 3922 3929 3924
f 3915 3929 3922
f 3939 3922 3924
f 3918 3939 3923
f 3922 3939 3918
f 3930 3939 3924
f 3941 3923 3939
f 3951 3921 3928
f 3929 3951 3931
f 3921 3951 3929
f 3936 3929 3931
f 3924 3936 3930
f 3929 3936 3924
f 3947 3931 3935
f 3936 3947 3938
f 3931 3947 3936
f 3938 3930 3936
f 3946 3947 3935
f 3949 3938 3947
f 3950 3951 3928
f 3957 3951 3952
f 3931 3957 3935
f 3951 3957 3931
f 3956 3957 3952
f 3958 3935 3957
f 3925 3926 3920
f 3933 3926 3927
f 3914 3933 3915
f 3926 3933 3914
f 3932 3933 3927
f 3954 3933 3934
f 3915 3954 3921
f 3933 3954 3915
f 3953 3954 3934
f 3955 3921 3954
f 3964 3919 3959
f 3960 3964 3961
f 3919 3964 3960
f 3974 3960 3961
f 3920 3974 3925
f 3960 3974 3920
f 3965 3974 3961
f 3976 3925 3974
f 3982 3959 3963
f 3964 3982 3966
f 3959 3982 3964
f 3971 3964 3966
f 3961 3971 3965
f 3964 3971 3961
f 3978 3966 3970
f 3971 3978 3973
f 3966 3978 3971
f 3973 3965 3971
f 3988 3970 3977
f 3978 3988 3980
f 3970 3988 3978
f 3980 3973 3978
f 3987 3988 3977
f 3990 3980 3988
f 3981 3982 3963
f 3992 3982 3983
f 3966 3992 3970
f 3982 3992 3966
f 3991 3992 3983
f 3995 3992 3993
f 3970 3995 3977
f 3992 3995 3970
f 3994 3995 3993
f 3996 3977 3995
f 3967 3968 3962
f 3985 3968 3969
f 3919 3985 3959
f 3968 3985 3919
f 3984 3985 3969
f 3986 3959 3985
f 4006 3997 3999
f 4000 4006 4002
f 3997 4006 4000
f 4002 3998 4000
f 4013 3999 4005
f 4006 4013 4008
f 3999 4013 4006
f 4008 4002 4006
f 4012 4013 4005
f 4015 4008 4013
f 4009 4010 4004
f 4017 4010 4011
f 3997 4017 3999
f 4010 4017 3997
f 4016 4017 4011
f 4018 3999 4017
f 4025 4003 4019
f 4020 4025 4021
f 4003 4025 4020
f 4045 4020 4021
f 4004 4045 4009
f 4020 4045 4004
f 4026 4045 4021
f 4047 4009 4045
f 4032 4019 4024
f 4025 4032 4027
f 4019 4032 4025
f 4042 4025 4027
f 4021 4042 4026
f 4025 4042 4021
f 4033 4042 4027
f 4044 4026 4042
f 4050 4024 4031
f 4032 4050 4034
f 4024 4050 4032
f 4039 4032 4034
f 4027 4039 4033
f 4032 4039 4027
f 4048 4034 4038
f 4039 4048 4041
f 4034 4048 4039
f 4041 4033 4039
f 4049 4050 4031
f 4051 4034 4050
f 4028 4029 4023
f 4036 4029 4030
f 4003 4036 4019
f 4029 4036 4003
f 4035 4036 4030
f 4053 4036 4037
f 4019 4053 4024
f 4036 4053 4019
f 4052 4053 4037
f 4054 4024 4053
f 4060 4022 4055
f 4056 4060 4057
f 4022 4060 4056
f 4057 4023 4056
f 4067 4055 4059
f 4060 4067 4062
f 4055 4067 4060
f 4062 4057 4060
f 4073 4059 4066
f 4067 4073 4069
f 4059 4073 4067
f 4069 4062 4067
f 4063 4064 4058
f 4071 4064 4065
f 4022 4071 4055
f 4064 4071 4022
f 4070 4071 4065
f 4075 4071 4072
f 4055 4075 4059
f 4071 4075 4055
f 4074 4075 4072
f 4076 4059 4075
f 4084 4083 4135
f 4086 4143 4128
f 4086 4085 4143
f 4085 4084 4145
f 4081 4080 4137
f 4142 4083 4082
f 4088 4185 4186
f 4138 4082 4081
f 4185 4087 4188
f 4088 4087 4185
f 4092 4192 4093
f 4172 4177 4094
f 4094 4093 4172
f 4096 4095 4202
f 4088 4170 4183
f 4186 4170 4088
f 4088 4171 4089
f 4091 4090 4190
f 4090 4089 4171
f 4091 4168 4092
f 4200 4097 4096
f 4078 4077 4301
f 4133 4080 4079
f 4137 4138 4081
f 4317 4079 4078
f 4140 4137 4080
f 4083 4142 4135
f 4084 4135 4145
f 4188 4087 4166
f 4146 4087 4086
f 4185 4188 4189
f 4143 4085 4145
f 4142 4082 4138
f 4088 4183 4171
f 4091 4190 4168
f 4092 4168 4192
f 4190 4090 4171
f 4093 4192 4174
f 4094 4175 4095
f 4203 4096 4202
f 4174 4172 4093
f 4202 4095 4205
f 4203 4200 4096
f 4185 4189 4163
f 4200 4209 4097
f 4228 4103 4102
f 4105 4258 4106
f 4105 4104 4258
f 4239 4104 4103
f 4100 4099 4207
f 4207 4212 4100
f 4210 4101 4100
f 4099 4098 4209
f 4259 4107 4106
f 4115 4114 4290
f 4117 4116 4293
f 4288 4116 4115
f 4281 4114 4113
f 4109 4244 4249
f 4109 4247 4110
f 4113 4112 4281
f 4111 4286 4112
f 4244 4109 4108
f 4107 4256 4108
f 4117 4291 4296
f 4243 4239 4242
f 4240 4104 4239
f 4237 4258 4240
f 4106 4258 4259
f 4107 4259 4256
f 4242 4239 4103
f 4209 4207 4099
f 4102 4101 4213
f 4103 4235 4242
f 4256 4246 4244
f 4256 4244 4108
f 4104 4240 4258
f 4112 4283 4284
f 4114 4281 4290
f 4115 4290 4288
f 4281 4112 4284
f 4111 4279 4286
f 4283 4286 4287
f 4283 4287 4276
f 4288 4274 4293
f 4116 4288 4293
f 4293 4291 4117
f 4110 4252 4111
f 4286 4283 4112
f 4296 4118 4117
f 4097 4209 4098
f 4141 4137 4140
f 4148 4086 4128
f 4141 4130 4137
f 4134 4140 4133
f 4151 4146 4123
f 4166 4087 4146
f 4148 4146 4086
f 4127 4133 4079
f 4175 4094 4177
f 4205 4095 4175
f 4157 4177 4172
f 4175 4180 4205
f 4198 4202 4206
f 4212 4207 4196
f 4210 4100 4212
f 4205 4206 4202
f 4166 4167 4188
f 4316 4132 4127
f 4315 4124 4121
f 4315 4122 4124
f 4316 4121 4132
f 4300 4317 4301
f 4078 4301 4317
f 4316 4315 4121
f 4316 4127 4317
f 4120 4150 4315
f 4122 4315 4150
f 4079 4317 4127
f 4314 4155 4120
f 4179 4153 4314
f 4155 4314 4153
f 4313 4179 4314
f 4313 4194 4152
f 4194 4313 4182
f 4315 4314 4120
f 4193 4215 4210
f 4140 4080 4133
f 4239 4243 4232
f 4244 4230 4249
f 4109 4249 4247
f 4210 4215 4101
f 4228 4102 4213
f 4213 4217 4228
f 4229 4235 4228
f 4236 4242 4235
f 4213 4101 4215
f 4223 4252 4247
f 4235 4103 4228
f 4286 4279 4280
f 4291 4267 4296
f 4118 4296 4294
f 4252 4110 4247
f 4272 4111 4250
f 4294 4263 4299
f 4273 4279 4272
f 4250 4255 4272
f 4299 4118 4294
f 4252 4250 4111
f 4111 4272 4279
f 4312 4214 4182
f 4312 4181 4214
f 4217 4312 4311
f 4227 4217 4311
f 4220 4216 4311
f 4227 4311 4216
f 4220 4311 4310
f 4313 4312 4182
f 4307 4298 4308
f 4262 4308 4298
f 4308 4262 4261
f 4310 4254 4218
f 3945 4254 4310
f 4220 4310 4218
f 4309 4261 3945
f 4308 4261 4309
f 4310 4309 3945
f 4299 4119 4118
f 4297 3870 4119
f 3871 3940 3872
f 3870 3943 3871
f 3873 3872 3949
f 3949 3872 3948
f 3958 3874 3946
f 3873 3949 3946
f 3875 3874 3958
f 3873 3946 3874
f 3937 3948 3872
f 3876 3875 3956
f 3876 3950 3877
f 3950 3876 3956
f 3877 3953 3878
f 3879 3989 3880
f 3932 3878 3953
f 3880 3987 3881
f 3883 3882 3996
f 3987 3882 3881
f 3884 3883 3994
f 3958 3956 3875
f 3937 3940 3941
f 3872 3940 3937
f 3950 3956 3952
f 3937 3938 3948
f 3937 3941 3930
f 3877 3950 3955
f 3932 3879 3878
f 3972 3879 3976
f 3955 3950 3928
f 3955 3953 3877
f 3880 3989 3990
f 3882 3987 3996
f 3883 3996 3994
f 3987 3880 3990
f 3989 3979 3980
f 3972 3973 3979
f 3994 3993 3991
f 3981 3991 3983
f 3991 3884 3994
f 3979 3879 3972
f 3879 3979 3989
f 3991 3885 3884
f 3871 3944 3940
f 3885 3981 3886
f 3886 3984 3887
f 3886 3981 3986
f 3888 3998 3889
f 3890 4014 3891
f 3892 3891 4015
f 4018 3893 4012
f 4012 3893 3892
f 3890 3889 4007
f 4018 3894 3893
f 3896 3895 4040
f 3899 3898 4038
f 3898 3897 4048
f 3897 3896 4048
f 3901 4054 4052
f 3901 3900 4049
f 3903 4068 3904
f 3902 4035 3903
f 3901 4052 3902
f 3900 3899 4051
f 3904 4069 3905
f 3887 3967 3888
f 4040 3895 4043
f 4048 3896 4041
f 4038 3898 4048
f 4040 4041 3896
f 4015 3891 4014
f 4012 3892 4015
f 4040 4043 4044
f 4040 4044 4033
f 3895 3894 4016
f 4043 3895 4047
f 4007 4014 3890
f 4049 3900 4051
f 3899 4038 4051
f 3907 4076 3908
f 3906 4066 3907
f 3908 4074 3909
f 4049 4031 3901
f 3901 4031 4054
f 3912 3911 4319
f 3911 3910 4063
f 3910 3909 4070
f 3913 3912 4302
f 3905 4073 3906
f 3991 3981 3885
f 4260 4305 3870
f 3870 3917 3943
f 3923 3940 3944
f 3943 3944 3871
f 3917 3870 4305
f 3870 4297 4260
f 4328 3918 3942
f 4303 3942 3917
f 3934 3932 3953
f 4260 4307 4306
f 3976 3879 3975
f 3986 3981 3963
f 3976 3965 3972
f 3932 3925 3975
f 3969 3967 3984
f 3967 3887 3984
f 4001 3889 3998
f 4007 3889 4001
f 3986 3984 3886
f 3932 3975 3879
f 4327 3914 3916
f 3918 4328 3916
f 4326 3926 3914
f 4327 3916 4328
f 4306 4305 4260
f 4304 4303 4305
f 4327 4326 3914
f 3960 3920 4326
f 3920 3926 4326
f 4303 3917 4305
f 4325 3919 3960
f 4007 4001 4002
f 4325 3968 3919
f 4324 3962 4325
f 3968 4325 3962
f 4324 3998 3962
f 4323 4000 3998
f 4000 4323 3997
f 3962 3998 3888
f 4326 4325 3960
f 3888 3967 3962
f 4018 4016 3894
f 4012 4005 4018
f 4016 4046 3895
f 4008 4014 4007
f 4016 4009 4046
f 4026 4043 4047
f 4046 4047 3895
f 4037 4035 4052
f 3904 4068 4069
f 3906 4073 4066
f 3907 4066 4076
f 4073 3905 4069
f 3903 4028 4061
f 4062 4068 4061
f 4028 3903 4035
f 4074 4072 3909
f 4072 4070 3909
f 4074 3908 4076
f 3902 4052 4035
f 3903 4061 4068
f 4010 4323 4322
f 4035 4030 4028
f 4322 4004 4010
f 4003 4020 4322
f 4004 4322 4020
f 4321 4003 4322
f 4321 4023 4029
f 4056 4023 4321
f 4070 4065 4063
f 4022 4321 4320
f 4320 4058 4064
f 4319 4058 4320
f 4022 4320 4064
f 4318 4302 4319
f 3911 4063 4058
f 3911 4058 4319
f 4063 3910 4070
f 4057 4061 4028
f 4302 3912 4319
f 4297 4119 4299
f 4381 4373 4374
f 4375 4381 4377
f 4373 4381 4375
f 4382 4401 4377
f 4403 4376 4401
f 4388 4374 4380
f 4381 4388 4383
f 4374 4388 4381
f 4398 4381 4383
f 4377 4398 4382
f 4381 4398 4377
f 4389 4398 4383
f 4400 4382 4398
f 4409 4380 4387
f 4388 4409 4390
f 4380 4409 4388
f 4395 4388 4390
f 4383 4395 4389
f 4388 4395 4383
f 4405 4390 4394
f 4395 4405 4397
f 4390 4405 4395
f 4397 4389 4395
f 4404 4405 4394
f 4407 4397 4405
f 4408 4409 4387
f 4415 4409 4410
f 4390 4415 4394
f 4409 4415 4390
f 4414 4415 4410
f 4416 4394 4415
f 4384 4385 4379
f 4392 4385 4386
f 4373 4392 4374
f 4385 4392 4373
f 4391 4392 4386
f 4412 4392 4393
f 4374 4412 4380
f 4392 4412 4374
f 4411 4412 4393
f 4413 4380 4412
f 4422 4378 4417
f 4418 4422 4419
f 4378 4422 4418
f 4432 4418 4419
f 4379 4432 4384
f 4418 4432 4379
f 4423 4432 4419
f 4434 4384 4432
f 4440 4417 4421
f 4422 4440 4424
f 4417 4440 4422
f 4429 4422 4424
f 4419 4429 4423
f 4422 4429 4419
f 4436 4424 4428
f 4429 4436 4431
f 4424 4436 4429
f 4431 4423 4429
f 4446 4428 4435
f 4436 4446 4438
f 4428 4446 4436
f 4438 4431 4436
f 4445 4446 4435
f 4448 4438 4446
f 4439 4440 4421
f 4450 4440 4441
f 4424 4450 4428
f 4440 4450 4424
f 4449 4450 4441
f 4453 4450 4451
f 4428 4453 4435
f 4450 4453 4428
f 4452 4453 4451
f 4454 4435 4453
f 4425 4426 4420
f 4443 4426 4427
f 4378 4443 4417
f 4426 4443 4378
f 4442 4443 4427
f 4444 4417 4443
f 4464 4455 4457
f 4458 4464 4460
f 4455 4464 4458
f 4460 4456 4458
f 4471 4457 4463
f 4464 4471 4466
f 4457 4471 4464
f 4466 4460 4464
f 4470 4471 4463
f 4473 4466 4471
f 4467 4468 4462
f 4475 4468 4469
f 4455 4475 4457
f 4468 4475 4455
f 4474 4475 4469
f 4476 4457 4475
f 4483 4461 4477
f 4478 4483 4479
f 4461 4483 4478
f 4503 4478 4479
f 4462 4503 4467
f 4478 4503 4462
f 4484 4503 4479
f 4505 4467 4503
f 4490 4477 4482
f 4483 4490 4485
f 4477 4490 4483
f 4500 4483 4485
f 4479 4500 4484
f 4483 4500 4479
f 4491 4500 4485
f 4502 4484 4500
f 4508 4482 4489
f 4490 4508 4492
f 4482 4508 4490
f 4497 4490 4492
f 4485 4497 4491
f 4490 4497 4485
f 4506 4492 4496
f 4497 4506 4499
f 4492 4506 4497
f 4499 4491 4497
f 4507 4508 4489
f 4509 4492 4508
f 4486 4487 4481
f 4494 4487 4488
f 4461 4494 4477
f 4487 4494 4461
f 4493 4494 4488
f 4511 4494 4495
f 4477 4511 4482
f 4494 4511 4477
f 4510 4511 4495
f 4512 4482 4511
f 4518 4480 4513
f 4514 4518 4515
f 4480 4518 4514
f 4515 4481 4514
f 4525 4513 4517
f 4518 4525 4520
f 4513 4525 4518
f 4520 4515 4518
f 4531 4517 4524
f 4525 4531 4527
f 4517 4531 4525
f 4527 4520 4525
f 4521 4522 4516
f 4529 4522 4523
f 4480 4529 4513
f 4522 4529 4480
f 4528 4529 4523
f 4533 4529 4530
f 4513 4533 4517
f 4529 4533 4513
f 4532 4533 4530
f 4534 4517 4533
f 4330 4402 4331
f 4407 4332 4406
f 4399 4332 4331
f 4332 4407 4404
f 4332 4396 4406
f 4334 4333 4404
f 4414 4336 4335
f 4334 4416 4335
f 4333 4332 4404
f 4337 4336 4408
f 4397 4406 4396
f 4396 4399 4400
f 4396 4400 4389
f 4332 4399 4396
f 4334 4404 4416
f 4335 4416 4414
f 4414 4410 4408
f 4408 4387 4413
f 4408 4336 4414
f 4337 4408 4413
f 4399 4331 4403
f 4338 4391 4339
f 4341 4340 4445
f 4447 4340 4339
f 4341 4445 4342
f 4452 4344 4343
f 4345 4449 4439
f 4344 4449 4345
f 4454 4343 4342
f 4345 4439 4346
f 4448 4340 4447
f 4437 4438 4447
f 4437 4339 4430
f 4448 4445 4340
f 4339 4437 4447
f 4452 4343 4454
f 4342 4445 4454
f 4347 4425 4348
f 4451 4449 4452
f 4449 4344 4452
f 4442 4347 4346
f 4411 4338 4337
f 4348 4456 4349
f 4403 4331 4402
f 4548 4401 4376
f 4403 4382 4399
f 4330 4537 4376
f 4337 4413 4411
f 4411 4393 4391
f 4338 4411 4391
f 4339 4391 4433
f 4384 4391 4386
f 4548 4537 4549
f 4546 4375 4547
f 4376 4537 4548
f 4547 4375 4377
f 4545 4385 4373
f 4373 4546 4545
f 4545 4379 4385
f 4547 4377 4401
f 4402 4330 4376
f 4437 4430 4431
f 4430 4434 4423
f 4339 4433 4434
f 4449 4441 4439
f 4444 4439 4421
f 4346 4439 4444
f 4442 4346 4444
f 4465 4349 4459
f 4425 4347 4442
f 4544 4378 4418
f 4378 4544 4426
f 4418 4545 4544
f 4379 4545 4418
f 4456 4459 4349
f 4420 4456 4348
f 4543 4456 4420
f 4348 4425 4420
f 4420 4544 4543
f 4426 4544 4420
f 4425 4442 4427
f 4460 4465 4459
f 4339 4434 4430
f 4465 4350 4349
f 4351 4350 4472
f 4353 4352 4470
f 4473 4352 4351
f 4470 4476 4353
f 4353 4476 4354
f 4358 4357 4506
f 4357 4356 4506
f 4356 4355 4498
f 4359 4358 4496
f 4473 4351 4472
f 4501 4355 4505
f 4354 4474 4355
f 4498 4501 4502
f 4473 4470 4352
f 4356 4498 4499
f 4356 4499 4506
f 4359 4496 4509
f 4496 4358 4506
f 4502 4491 4498
f 4498 4355 4501
f 4509 4360 4359
f 4472 4465 4466
f 4507 4361 4360
f 4526 4364 4363
f 4493 4362 4510
f 4510 4362 4361
f 4531 4366 4365
f 4368 4367 4534
f 4367 4366 4524
f 4524 4366 4531
f 4531 4365 4364
f 4489 4361 4507
f 4512 4361 4489
f 4510 4361 4512
f 4526 4363 4519
f 4493 4363 4362
f 4371 4370 4521
f 4370 4369 4528
f 4364 4527 4531
f 4371 4538 4372
f 4535 4372 4536
f 4364 4526 4527
f 4368 4532 4369
f 4360 4509 4507
f 4474 4354 4476
f 4463 4476 4470
f 4474 4467 4504
f 4505 4355 4504
f 4493 4510 4495
f 4505 4484 4501
f 4474 4504 4355
f 4468 4455 4542
f 4458 4542 4455
f 4541 4468 4542
f 4456 4542 4458
f 4461 4478 4541
f 4462 4541 4478
f 4540 4461 4541
f 4468 4541 4462
f 4488 4486 4493
f 4519 4520 4526
f 4519 4363 4486
f 4486 4515 4519
f 4363 4493 4486
f 4368 4534 4532
f 4530 4369 4532
f 4523 4521 4528
f 4521 4370 4528
f 4369 4530 4528
f 4534 4367 4524
f 4540 4481 4487
f 4480 4514 4540
f 4481 4540 4514
f 4539 4480 4540
f 4516 4522 4539
f 4516 4538 4371
f 4516 4371 4521
f 4516 4539 4538
f 4536 4538 4329
f 4480 4539 4522
f 4536 4372 4538
f 4350 4465 4472
f 4613 4595 4599
f 4606 4613 4608
f 4595 4613 4606
f 4608 4601 4606
f 4604 4613 4599
f 4615 4608 4613
f 4621 4596 4597
f 4598 4621 4600
f 4596 4621 4598
f 4603 4598 4600
f 4595 4603 4599
f 4598 4603 4595
f 4618 4600 4602
f 4603 4618 4605
f 4600 4618 4603
f 4610 4603 4605
f 4599 4610 4604
f 4603 4610 4599
f 4616 4605 4609
f 4610 4616 4612
f 4605 4616 4610
f 4612 4604 4610
f 4617 4618 4602
f 4619 4605 4618
f 4620 4621 4597
f 4622 4600 4621
f 4639 4594 4623
f 4624 4639 4625
f 4594 4639 4624
f 4625 4596 4624
f 4661 4623 4633
f 4639 4661 4641
f 4623 4661 4639
f 4641 4625 4639
f 4637 4661 4633
f 4663 4641 4661
f 4650 4627 4628
f 4629 4650 4630
f 4627 4650 4629
f 4632 4629 4630
f 4594 4632 4623
f 4629 4632 4594
f 4647 4630 4631
f 4632 4647 4634
f 4630 4647 4632
f 4636 4632 4634
f 4623 4636 4633
f 4632 4636 4623
f 4643 4634 4635
f 4636 4643 4638
f 4634 4643 4636
f 4658 4636 4638
f 4633 4658 4637
f 4636 4658 4633
f 4644 4658 4638
f 4660 4637 4658
f 4664 4635 4642
f 4643 4664 4645
f 4635 4664 4643
f 4657 4643 4645
f 4638 4657 4644
f 4643 4657 4638
f 4646 4647 4631
f 4666 4647 4648
f 4634 4666 4635
f 4647 4666 4634
f 4665 4666 4648
f 4667 4635 4666
f 4649 4650 4628
f 4651 4630 4650
f 4679 4626 4652
f 4653 4679 4654
f 4626 4679 4653
f 4654 4627 4653
f 4673 4679 4652
f 4681 4654 4679
f 4686 4656 4668
f 4669 4686 4670
f 4656 4686 4669
f 4672 4669 4670
f 4626 4672 4652
f 4669 4672 4626
f 4683 4670 4671
f 4672 4683 4674
f 4670 4683 4672
f 4676 4672 4674
f 4652 4676 4673
f 4672 4676 4652
f 4675 4676 4674
f 4678 4673 4676
f 4682 4683 4671
f 4684 4674 4683
f 4685 4686 4668
f 4687 4670 4686
f 4688 4689 4655
f 4690 4656 4689
f 4710 4691 4697
f 4703 4710 4705
f 4691 4710 4703
f 4705 4692 4703
f 4717 4697 4701
f 4710 4717 4712
f 4697 4717 4710
f 4712 4705 4710
f 4708 4717 4701
f 4719 4712 4717
f 4727 4694 4695
f 4696 4727 4698
f 4694 4727 4696
f 4700 4696 4698
f 4691 4700 4697
f 4696 4700 4691
f 4724 4698 4699
f 4700 4724 4702
f 4698 4724 4700
f 4707 4700 4702
f 4697 4707 4701
f 4700 4707 4697
f 4721 4702 4706
f 4707 4721 4709
f 4702 4721 4707
f 4714 4707 4709
f 4701 4714 4708
f 4707 4714 4701
f 4713 4714 4709
f 4716 4708 4714
f 4720 4721 4706
f 4733 4721 4722
f 4709 4733 4713
f 4721 4733 4709
f 4732 4733 4722
f 4735 4713 4733
f 4723 4724 4699
f 4725 4702 4724
f 4726 4727 4695
f 4728 4698 4727
f 4747 4693 4729
f 4730 4747 4731
f 4693 4747 4730
f 4731 4694 4730
f 4754 4729 4741
f 4747 4754 4749
f 4729 4754 4747
f 4749 4731 4747
f 4761 4741 4745
f 4754 4761 4756
f 4741 4761 4754
f 4756 4749 4754
f 4752 4761 4745
f 4763 4756 4761
f 4740 4737 4738
f 4693 4740 4729
f 4737 4740 4693
f 4771 4738 4739
f 4740 4771 4742
f 4738 4771 4740
f 4744 4740 4742
f 4729 4744 4741
f 4740 4744 4729
f 4768 4742 4743
f 4744 4768 4746
f 4742 4768 4744
f 4751 4744 4746
f 4741 4751 4745
f 4744 4751 4741
f 4765 4746 4750
f 4751 4765 4753
f 4746 4765 4751
f 4758 4751 4753
f 4745 4758 4752
f 4751 4758 4745
f 4757 4758 4753
f 4760 4752 4758
f 4764 4765 4750
f 4766 4753 4765
f 4767 4768 4743
f 4769 4746 4768
f 4770 4771 4739
f 4772 4742 4771
f 4773 4774 4736
f 4775 4738 4774
f 4557 4556 4616
f 4555 4554 4611
f 4553 4607 4554
f 4612 4556 4555
f 4560 4617 4602
f 4560 4559 4617
f 4619 4559 4558
f 4562 4659 4660
f 4561 4662 4659
f 4609 4558 4557
f 4562 4561 4659
f 4552 4551 4776
f 4552 4790 4553
f 4612 4555 4611
f 4556 4612 4616
f 4614 4611 4554
f 4609 4557 4616
f 4619 4558 4609
f 4560 4620 4561
f 4663 4659 4662
f 4619 4617 4559
f 4662 4561 4640
f 4663 4637 4659
f 4568 4567 4646
f 4566 4565 4642
f 4565 4564 4664
f 4665 4567 4566
f 4571 4684 4572
f 4571 4570 4675
f 4570 4677 4678
f 4677 4570 4569
f 4646 4651 4568
f 4573 4572 4684
f 4562 4644 4657
f 4660 4644 4562
f 4563 4562 4645
f 4562 4657 4645
f 4564 4563 4645
f 4564 4645 4664
f 4642 4565 4664
f 4667 4566 4642
f 4567 4665 4648
f 4646 4567 4648
f 4677 4569 4680
f 4667 4665 4566
f 4649 4569 4568
f 4682 4574 4573
f 4615 4611 4614
f 4607 4608 4614
f 4615 4604 4611
f 4601 4607 4553
f 4622 4560 4602
f 4620 4560 4622
f 4620 4625 4640
f 4620 4640 4561
f 4552 4776 4790
f 4790 4601 4553
f 4776 4550 4790
f 4601 4790 4789
f 4789 4606 4601
f 4788 4595 4789
f 4788 4624 4596
f 4594 4624 4788
f 4598 4788 4596
f 4606 4789 4595
f 4614 4554 4607
f 4649 4568 4651
f 4680 4569 4649
f 4649 4654 4680
f 4631 4651 4646
f 4570 4678 4675
f 4571 4675 4684
f 4677 4681 4673
f 4682 4573 4684
f 4677 4680 4681
f 4641 4662 4640
f 4787 4627 4629
f 4627 4787 4653
f 4594 4787 4629
f 4788 4787 4594
f 4682 4671 4687
f 4786 4669 4626
f 4669 4786 4656
f 4653 4786 4626
f 4787 4786 4653
f 4687 4574 4682
f 4687 4685 4574
f 4578 4577 4715
f 4575 4688 4576
f 4704 4577 4576
f 4716 4734 4578
f 4734 4579 4578
f 4581 4735 4732
f 4581 4732 4582
f 4734 4735 4580
f 4581 4580 4735
f 4579 4734 4580
f 4720 4583 4582
f 4716 4578 4715
f 4715 4718 4719
f 4715 4719 4708
f 4577 4718 4715
f 4734 4716 4713
f 4720 4732 4722
f 4706 4725 4720
f 4582 4732 4720
f 4720 4725 4583
f 4725 4723 4583
f 4577 4711 4718
f 4587 4586 4757
f 4585 4762 4586
f 4584 4723 4728
f 4757 4588 4587
f 4591 4772 4592
f 4772 4591 4767
f 4591 4590 4769
f 4764 4590 4589
f 4588 4766 4589
f 4593 4592 4775
f 4759 4762 4763
f 4728 4585 4584
f 4586 4759 4760
f 4755 4762 4585
f 4759 4763 4752
f 4759 4586 4762
f 4588 4757 4766
f 4589 4766 4764
f 4764 4750 4769
f 4590 4764 4769
f 4769 4767 4591
f 4757 4586 4760
f 4773 4777 4593
f 4583 4723 4584
f 4690 4685 4668
f 4575 4685 4690
f 4576 4688 4704
f 4688 4692 4704
f 4690 4688 4575
f 4712 4718 4711
f 4726 4585 4728
f 4699 4728 4723
f 4704 4705 4711
f 4711 4577 4704
f 4785 4689 4656
f 4692 4655 4785
f 4689 4785 4655
f 4784 4692 4785
f 4786 4785 4656
f 4784 4691 4703
f 4696 4784 4783
f 4694 4696 4783
f 4692 4784 4703
f 4731 4726 4695
f 4762 4755 4756
f 4755 4748 4749
f 4585 4726 4748
f 4767 4743 4772
f 4592 4772 4770
f 4770 4739 4775
f 4592 4770 4775
f 4775 4773 4593
f 4783 4693 4730
f 4783 4782 4693
f 4737 4693 4782
f 4781 4737 4782
f 4781 4738 4737
f 4730 4694 4783
f 4780 4774 4781
f 4738 4781 4774
f 4778 4780 4779
f 4736 4780 4778
f 4736 4777 4773
f 4736 4778 4777
f 4755 4585 4748
f 4574 4685 4575
f 29 15 16
f 30 16 17
f 31 17 18
f 32 18 19
f 33 19 20
f 34 20 21
f 35 21 22
f 36 22 23
f 37 23 24
f 38 24 25
f 39 25 26
f 40 26 27
f 41 27 28
f 43 29 30
f 44 30 31
f 45 31 32
f 46 32 33
f 47 33 34
f 48 34 35
f 49 35 36
f 50 36 37
f 51 37 38
f 52 38 39
f 53 39 40
f 54 40 41
f 55 41 42
f 57 43 44
f 58 44 45
f 59 45 46
f 60 46 47
f 61 47 48
f 62 48 49
f 63 49 50
f 64 50 51
f 65 51 52
f 66 52 53
f 67 53 54
f 68 54 55
f 69 55 56
f 71 57 58
f 72 58 59
f 74 60 61
f 77 63 64
f 78 64 65
f 79 65 66
f 80 66 67
f 81 67 68
f 82 68 69
f 83 69 70
f 85 71 72
f 215 213 74
f 214 73 213
f 87 214 215
f 212 74 75
f 251 249 76
f 250 75 249
f 100 327 325
f 327 326 77
f 248 76 326
f 192 190 87
f 191 86 190
f 207 205 194
f 206 186 205
f 220 219 195
f 202 187 201
f 194 211 208
f 211 209 88
f 210 184 209
f 254 253 196
f 222 198 253
f 224 223 198
f 193 183 223
f 293 234 101
f 320 233 235
f 262 295 293
f 295 294 234
f 240 227 294
f 292 291 262
f 259 228 291
f 234 298 296
f 298 297 90
f 244 226 297
f 247 245 226
f 246 89 245
f 196 246 247
f 289 288 259
f 267 261 288
f 286 285 267
f 270 269 285
f 283 282 270
f 273 272 282
f 280 278 273
f 279 276 278
f 275 263 274
f 266 264 255
f 265 258 264
f 257 239 256
f 238 231 237
f 243 241 227
f 242 229 241
f 311 310 99
f 324 323 100
f 296 90 323
f 335 334 307
f 332 349 347
f 349 348 335
f 339 314 348
f 346 345 332
f 307 338 336
f 338 337 102
f 318 300 337
f 321 319 300
f 320 101 319
f 233 320 321
f 330 312 329
f 342 340 314
f 341 317 340
f 305 341 342
f 316 303 315
f 105 104 92
f 99 91 104
f 413 412 397
f 399 396 398
f 395 108 394
f 103 92 107
f 444 442 424
f 443 427 442
f 426 423 425
f 401 111 422
f 420 419 401
f 404 403 419
f 417 416 404
f 407 406 416
f 468 466 458
f 467 461 466
f 460 456 459
f 428 114 455
f 453 452 428
f 431 430 452
f 450 449 431
f 434 433 449
f 447 446 434
f 441 439 437
f 440 436 439
f 117 116 96
f 464 463 117
f 471 470 464
f 474 473 471
f 465 458 473
f 506 504 486
f 505 489 504
f 488 482 487
f 481 478 480
f 477 120 476
f 115 96 119
f 546 544 536
f 545 539 544
f 538 532 537
f 531 525 530
f 524 521 523
f 483 123 520
f 518 517 483
f 490 485 517
f 515 514 490
f 493 492 514
f 512 511 493
f 496 495 511
f 509 508 496
f 500 499 508
f 503 501 499
f 502 498 501
f 528 527 125
f 535 534 528
f 542 541 535
f 549 548 542
f 552 551 549
f 543 536 551
f 140 139 28
f 136 135 56
f 70 132 131
f 56 134 133
f 138 137 42
f 124 128 127
f 456 460 451
f 423 426 418
f 521 524 516
f 553 1278 1281
f 1281 1280 1267
f 1278 1265 1280
f 1275 1294 1297
f 1295 1297 1273
f 1294 1277 1296
f 1274 1269 1276
f 1273 1285 1288
f 1285 1272 1287
f 1328 1331 1329
f 1325 1356 1353
f 1353 1356 1354
f 1355 1330 1354
f 1352 1350 1325
f 1364 1362 1352
f 1373 1371 1364
f 1367 1412 1409
f 1412 1410 1373
f 1411 1372 1410
f 1376 1408 1405
f 1408 1406 1367
f 1407 1326 1406
f 1392 1404 1401
f 1404 1402 1376
f 1403 1368 1402
f 1390 1393 1391
f 1397 1400 1398
f 1400 1399 1392
f 1378 1380 1379
f 1394 1396 1395
f 1396 1374 1365
f 1381 1383 1382
f 1383 1357 1348
f 1384 1386 1385
f 1386 1345 1335
f 1336 1338 1337
f 1338 1387 1389
f 1389 1332 1323
f 1317 1339 1341
f 1340 1341 1319
f 1262 1298 1300
f 1299 1300 1268
f 1298 1260 1275
f 1259 1301 1303
f 1302 1303 1262
f 1301 553 1279
f 1210 554 1211
f 556 1220 1223
f 1221 1223 1203
f 1220 1185 1222
f 1206 1247 1250
f 1247 1228 1249
f 1256 1232 1234
f 1233 1230 1235
f 1203 1216 1219
f 1219 1251 1254
f 1254 1253 1204
f 1251 1218 1253
f 1187 1241 1243
f 1243 1242 1209
f 1241 1207 1242
f 1204 1238 1240
f 1238 1231 1239
f 1185 1244 1246
f 1246 1245 1186
f 1244 555 1245
f 557 1191 1193
f 1191 1078 1192
f 972 1188 1190
f 1157 1190 1176
f 1188 1125 1189
f 1176 1177 1180
f 1177 1127 1179
f 1127 1197 1199
f 1197 1181 1198
f 1125 1200 1202
f 1202 1201 1126
f 1200 1080 1201
f 1182 1079 1183
f 1221 1192 1078
f 558 1090 1092
f 1090 971 1091
f 653 1087 1089
f 1067 1089 1069
f 1087 1045 1088
f 1081 1110 1113
f 1110 1108 1112
f 1069 1083 1086
f 1086 1097 1100
f 1100 1114 1117
f 1117 1116 1070
f 1114 1099 1116
f 1085 1118 1120
f 1120 1119 1082
f 1118 1103 1119
f 1101 1073 1102
f 1045 1104 1106
f 1106 1105 1046
f 1104 973 1105
f 973 1132 1134
f 1132 1075 1133
f 1046 1143 1145
f 1145 1166 1168
f 1166 1129 1140
f 1140 1163 1165
f 1165 1173 1175
f 1173 1147 1160
f 1160 1169 1172
f 1169 1162 1171
f 1159 1149 1161
f 1146 1141 1148
f 1131 1150 1152
f 1150 1130 1151
f 1077 1153 1155
f 1153 1124 1154
f 1075 1156 1158
f 1158 1157 1076
f 1156 972 1157
f 971 1135 1137
f 1135 557 1136
f 559 990 993
f 991 993 954
f 990 651 992
f 955 958 961
f 957 982 985
f 985 1012 1015
f 1012 984 1014
f 974 1023 1025
f 1023 975 1009
f 1009 1019 1022
f 1019 1011 1021
f 1008 967 1010
f 965 1004 1006
f 1004 956 1005
f 954 986 989
f 986 654 988
f 654 1031 1033
f 1031 968 1032
f 1005 1048 1051
f 1049 1051 1027
f 1048 1030 1050
f 1030 1055 1057
f 1057 1056 981
f 1055 1029 1056
f 1027 1037 1040
f 1037 1026 1039
f 1026 1052 1054
f 1052 1041 1053
f 979 1058 1060
f 1060 1059 980
f 1058 970 1059
f 970 1063 1065
f 1065 1064 1044
f 1063 1043 1064
f 968 1066 1068
f 1068 1067 969
f 1066 653 1067
f 651 1034 1036
f 1034 558 1035
f 560 655 657
f 657 962 964
f 962 652 955
f 869 889 891
f 889 880 890
f 878 873 879
f 871 660 872
f 658 560 656
f 834 860 862
f 860 845 861
f 843 838 844
f 836 663 837
f 837 885 887
f 885 866 868
f 868 882 884
f 882 870 875
f 813 826 828
f 826 821 827
f 819 666 820
f 820 853 855
f 853 831 833
f 833 850 852
f 850 835 840
f 840 846 849
f 857 841 858
f 564 667 669
f 669 811 814
f 814 815 818
f 818 822 825
f 822 817 824
f 780 808 810
f 808 791 809
f 789 784 790
f 782 777 783
f 775 672 776
f 670 564 668
f 749 765 767
f 765 760 766
f 758 753 759
f 751 746 752
f 744 675 745
f 745 802 804
f 802 770 772
f 772 799 801
f 799 774 779
f 779 796 798
f 796 781 786
f 786 792 795
f 792 788 794
f 788 805 807
f 805 787 806
f 677 736 739
f 739 740 743
f 743 747 750
f 750 754 757
f 757 761 764
f 761 756 763
f 567 1282 1284
f 1284 1342 1344
f 1343 1344 1317
f 568 1304 1306
f 1305 1306 1259
f 1304 567 1283
f 1305 1225 569
f 570 1224 1226
f 1224 569 1225
f 571 1194 1196
f 1196 1195 556
f 1194 570 1195
f 572 1093 1095
f 1093 571 1094
f 573 994 997
f 994 572 996
f 583 582 568
f 588 587 573
f 589 588 574
f 590 589 575
f 591 590 576
f 592 591 577
f 593 592 578
f 594 593 579
f 596 595 581
f 597 596 582
f 598 597 583
f 599 598 584
f 600 599 585
f 601 600 586
f 602 601 587
f 603 602 588
f 604 603 589
f 605 604 590
f 606 605 591
f 607 606 592
f 608 607 593
f 610 609 595
f 611 610 596
f 612 611 597
f 613 612 598
f 614 613 599
f 615 614 600
f 616 615 601
f 617 616 602
f 618 617 603
f 619 618 604
f 620 619 605
f 621 620 606
f 622 621 607
f 624 623 609
f 625 624 610
f 626 625 611
f 627 626 612
f 628 627 613
f 629 628 614
f 630 629 615
f 631 630 616
f 632 631 617
f 633 632 618
f 634 633 619
f 635 634 620
f 636 635 621
f 838 837 886
f 821 820 854
f 746 745 803
f 1309 1308 1399
f 1312 581 595
f 595 609 1314
f 687 686 594
f 676 677 691
f 608 683 682
f 622 681 680
f 636 679 678
f 1442 1428 1429
f 1443 1429 1430
f 1444 1430 1431
f 1445 1431 1432
f 1446 1432 1433
f 1447 1433 1434
f 1448 1434 1435
f 1449 1435 1436
f 1450 1436 1437
f 1451 1437 1438
f 1452 1438 1439
f 1453 1439 1440
f 1454 1440 1441
f 1456 1442 1443
f 1457 1443 1444
f 1458 1444 1445
f 1459 1445 1446
f 1460 1446 1447
f 1461 1447 1448
f 1462 1448 1449
f 1463 1449 1450
f 1464 1450 1451
f 1465 1451 1452
f 1466 1452 1453
f 1467 1453 1454
f 1468 1454 1455
f 1470 1456 1457
f 1471 1457 1458
f 1472 1458 1459
f 1473 1459 1460
f 1474 1460 1461
f 1475 1461 1462
f 1476 1462 1463
f 1477 1463 1464
f 1478 1464 1465
f 1479 1465 1466
f 1480 1466 1467
f 1481 1467 1468
f 1482 1468 1469
f 1484 1470 1471
f 1485 1471 1472
f 1487 1473 1474
f 1490 1476 1477
f 1491 1477 1478
f 1492 1478 1479
f 1493 1479 1480
f 1494 1480 1481
f 1495 1481 1482
f 1496 1482 1483
f 1957 1956 1484
f 1953 1982 1980
f 1982 1981 1957
f 1608 1606 1487
f 1607 1486 1606
f 1500 1607 1608
f 1605 1487 1488
f 1609 1637 1634
f 1637 1635 1489
f 1636 1488 1635
f 1513 1713 1711
f 1713 1712 1490
f 1634 1489 1712
f 1960 1979 1977
f 1979 1978 1953
f 1974 1976 1975
f 1965 1972 2022
f 2020 2022 2021
f 1973 1985 2019
f 2017 2019 2018
f 1995 2016 2014
f 2016 2015 1985
f 2013 2012 1995
f 2002 2009 2029
f 2027 2029 2028
f 2023 2026 2024
f 2026 2025 2009
f 2030 2032 2031
f 2039 2043 2040
f 2043 2042 2023
f 2033 2035 2034
f 2035 2007 2003
f 1963 1987 1989
f 1997 1999 1998
f 2004 2006 2005
f 2006 2036 2038
f 2037 2038 2000
f 1967 1969 1968
f 1969 1990 1992
f 1992 1963 1958
f 1585 1583 1500
f 1584 1499 1583
f 1593 1600 1597
f 1600 1598 1588
f 1599 1578 1598
f 1596 1595 1593
f 1588 1604 1601
f 1604 1602 1501
f 1603 1576 1602
f 1581 1577 1580
f 1630 1609 1503
f 1633 1631 1609
f 1632 1502 1631
f 1653 1652 1611
f 1678 1677 1653
f 1648 1622 1677
f 1675 1674 1648
f 1655 1650 1674
f 1672 1671 1655
f 1681 1680 1672
f 1666 1659 1680
f 1669 1667 1659
f 1668 1662 1667
f 1661 1657 1660
f 1665 1663 1638
f 1664 1641 1663
f 1640 1624 1639
f 1629 1627 1610
f 1628 1612 1627
f 1647 1645 1612
f 1646 1590 1645
f 1613 1646 1647
f 1644 1642 1614
f 1643 1615 1642
f 1697 1696 1512
f 1710 1708 1513
f 1709 1503 1708
f 1719 1735 1733
f 1735 1734 1693
f 1699 1684 1734
f 1693 1738 1736
f 1738 1737 1515
f 1703 1683 1737
f 1706 1704 1683
f 1705 1514 1704
f 1729 1728 1718
f 1717 1715 1691
f 1716 1698 1715
f 1718 1732 1730
f 1732 1731 1699
f 1720 1702 1731
f 1723 1721 1702
f 1722 1701 1721
f 1688 1722 1723
f 1726 1724 1686
f 1725 1619 1724
f 1687 1725 1726
f 1518 1517 1505
f 1512 1504 1517
f 1797 1795 1787
f 1796 1790 1795
f 1789 1786 1788
f 1785 1521 1784
f 1516 1505 1520
f 1818 1816 1808
f 1817 1811 1816
f 1810 1807 1809
f 1791 1524 1806
f 1793 1792 1524
f 1800 1799 1793
f 1803 1802 1800
f 1851 1849 1841
f 1850 1844 1849
f 1843 1840 1842
f 1812 1527 1839
f 1837 1836 1812
f 1819 1814 1836
f 1834 1833 1819
f 1822 1821 1833
f 1831 1830 1822
f 1825 1824 1830
f 1530 1529 1509
f 1847 1846 1530
f 1854 1853 1847
f 1857 1856 1854
f 1848 1841 1856
f 1879 1877 1869
f 1878 1872 1877
f 1871 1865 1870
f 1864 1861 1863
f 1860 1533 1859
f 1528 1509 1532
f 1917 1915 1907
f 1916 1910 1915
f 1909 1903 1908
f 1902 1896 1901
f 1895 1892 1894
f 1866 1536 1891
f 1868 1867 1536
f 1875 1874 1868
f 1882 1881 1875
f 1885 1884 1882
f 1889 1887 1885
f 1888 1876 1887
f 1899 1898 1538
f 1906 1905 1899
f 1913 1912 1906
f 1920 1919 1913
f 1923 1922 1920
f 1914 1907 1922
f 1940 1442 1456
f 1456 1470 1942
f 1937 1936 1441
f 1935 1934 1455
f 1933 1932 1469
f 1483 1929 1928
f 1537 1925 1924
f 1840 1843 1835
f 2044 2667 2668
f 2045 2651 2654
f 2651 2638 2653
f 2648 2669 2672
f 2669 2650 2671
f 2650 2688 2690
f 2690 2689 2644
f 2688 2649 2689
f 2636 2698 2700
f 2698 2646 2660
f 2660 2695 2697
f 2695 2662 2682
f 2681 2661 2683
f 2645 2685 2687
f 2685 2663 2686
f 2642 2691 2693
f 2693 2692 2643
f 2691 2640 2692
f 2635 2673 2675
f 2674 2675 2641
f 2673 2609 2648
f 2608 2676 2678
f 2677 2678 2635
f 2676 2045 2652
f 2047 2615 2618
f 2615 2593 2617
f 2518 2611 2614
f 2611 2596 2613
f 2591 2624 2626
f 2624 2599 2601
f 2598 2629 2631
f 2629 2604 2630
f 2596 2632 2634
f 2634 2633 2597
f 2632 2595 2633
f 2605 2594 2606
f 2048 2517 2519
f 2519 2589 2592
f 2049 2529 2531
f 2529 2449 2530
f 2436 2576 2578
f 2577 2578 2511
f 2576 2508 2526
f 2511 2572 2575
f 2573 2575 2574
f 2572 2510 2522
f 2522 2568 2571
f 2568 2524 2540
f 2540 2564 2567
f 2564 2542 2547
f 2547 2561 2563
f 2561 2549 2551
f 2551 2557 2560
f 2557 2553 2559
f 2559 2585 2588
f 2585 2581 2587
f 2579 2552 2580
f 2548 2582 2584
f 2582 2556 2583
f 2554 2545 2555
f 2543 2538 2544
f 2536 2509 2537
f 2508 2525 2528
f 2525 2451 2527
f 2514 2450 2515
f 2050 2465 2468
f 2466 2468 2438
f 2465 2435 2467
f 2441 2489 2491
f 2490 2491 2473
f 2489 2442 2458
f 2456 2479 2482
f 2479 2452 2481
f 2492 2483 2493
f 2458 2485 2488
f 2486 2488 2456
f 2485 2460 2487
f 2460 2495 2497
f 2497 2496 2444
f 2495 2459 2496
f 2438 2461 2464
f 2461 2437 2463
f 2437 2501 2503
f 2503 2502 2448
f 2501 2446 2502
f 2440 2498 2500
f 2500 2499 2455
f 2498 2453 2499
f 2502 2577 2447
f 2577 2502 2446
f 2435 2504 2506
f 2506 2505 2436
f 2504 2049 2505
f 2051 2149 2152
f 2152 2476 2478
f 2476 2151 2439
f 2052 2153 2155
f 2153 2051 2150
f 2343 2387 2389
f 2387 2368 2370
f 2370 2384 2386
f 2384 2372 2377
f 2371 2391 2393
f 2391 2382 2392
f 2380 2375 2381
f 2373 2154 2374
f 2329 2349 2351
f 2349 2337 2339
f 2339 2345 2348
f 2348 2352 2355
f 2352 2347 2354
f 2362 2358 2363
f 2356 2340 2357
f 2336 2359 2361
f 2359 2344 2360
f 2342 2157 2343
f 2315 2318 2321
f 2318 2317 2320
f 2320 2331 2334
f 2331 2327 2333
f 2325 2316 2326
f 2164 2328 2330
f 2328 2160 2329
f 2056 2165 2167
f 2167 2322 2324
f 2322 2163 2315
f 2261 2286 2289
f 2289 2290 2293
f 2293 2300 2303
f 2303 2307 2310
f 2307 2302 2309
f 2292 2311 2313
f 2311 2306 2312
f 2304 2296 2305
f 2294 2284 2295
f 2170 2297 2299
f 2297 2166 2298
f 2250 2267 2269
f 2267 2252 2254
f 2254 2263 2266
f 2263 2256 2265
f 2265 2279 2282
f 2279 2275 2281
f 2273 2255 2274
f 2251 2276 2278
f 2276 2259 2277
f 2257 2247 2258
f 2173 2260 2262
f 2260 2169 2261
f 2175 2242 2245
f 2245 2270 2272
f 2270 2244 2250
f 2060 2655 2658
f 2658 2657 2044
f 2655 2059 2657
f 2061 2679 2680
f 2621 2680 2608
f 2679 2060 2656
f 2062 2619 2622
f 2622 2621 2046
f 2619 2061 2621
f 2620 2533 2063
f 2064 2532 2534
f 2534 2533 2048
f 2532 2063 2533
f 2065 2469 2472
f 2469 2064 2471
f 2078 2077 2062
f 2081 2080 2065
f 2082 2081 2066
f 2083 2082 2067
f 2084 2083 2068
f 2085 2084 2069
f 2086 2085 2070
f 2087 2086 2071
f 2088 2087 2072
f 2090 2089 2074
f 2091 2090 2075
f 2092 2091 2076
f 2093 2092 2077
f 2094 2093 2078
f 2095 2094 2079
f 2096 2095 2080
f 2097 2096 2081
f 2098 2097 2082
f 2099 2098 2083
f 2100 2099 2084
f 2101 2100 2085
f 2102 2101 2086
f 2103 2102 2087
f 2105 2104 2089
f 2106 2105 2090
f 2107 2106 2091
f 2108 2107 2092
f 2109 2108 2093
f 2110 2109 2094
f 2111 2110 2095
f 2112 2111 2096
f 2113 2112 2097
f 2114 2113 2098
f 2115 2114 2099
f 2116 2115 2100
f 2117 2116 2101
f 2118 2117 2102
f 2120 2119 2104
f 2121 2120 2105
f 2122 2121 2106
f 2123 2122 2107
f 2124 2123 2108
f 2125 2124 2109
f 2126 2125 2110
f 2127 2126 2111
f 2128 2127 2112
f 2129 2128 2113
f 2130 2129 2114
f 2131 2130 2115
f 2132 2131 2116
f 2133 2132 2117
f 2344 2343 2388
f 2166 2167 2323
f 2191 2190 2103
f 2103 2189 2188
f 2193 2192 2088
f 2197 2196 2174
f 2133 2185 2184
f 2754 2771 2770
f 2809 2812 2810
f 2812 2811 2753
f 2752 2757 2812
f 2769 2768 2754
f 2805 2808 2806
f 2808 2807 2755
f 2764 2758 2807
f 2801 2804 2802
f 2804 2803 2764
f 2773 2766 2803
f 2797 2800 2798
f 2800 2799 2773
f 2783 2775 2799
f 2793 2796 2794
f 2796 2795 2783
f 2789 2785 2795
f 2776 2778 2777
f 2786 2788 2787
f 2760 2762 2761
f 2779 2781 2780
f 2781 2756 2752
f 2829 2828 2760
f 2836 2835 2829
f 2832 2843 2841
f 2843 2842 2836
f 2816 2819 2817
f 2823 2826 2824
f 2830 2833 2831
f 2837 2840 2838
f 2840 2839 2832
f 2822 2813 2705
f 2869 2868 2822
f 2908 2911 2909
f 2911 2910 2706
f 2904 2907 2905
f 2907 2906 2848
f 2847 2852 2907
f 2906 2947 2945
f 2947 2946 2820
f 2864 2849 2946
f 2902 2944 2942
f 2944 2943 2864
f 2874 2866 2943
f 2898 2941 2939
f 2941 2940 2874
f 2880 2876 2940
f 2894 2938 2936
f 2938 2937 2880
f 2884 2882 2937
f 2890 2935 2933
f 2935 2934 2884
f 2912 2886 2934
f 2900 2903 2901
f 2903 2902 2850
f 2854 2861 2903
f 2896 2899 2897
f 2899 2898 2853
f 2863 2871 2899
f 2892 2895 2893
f 2895 2894 2862
f 2873 2877 2895
f 2888 2891 2889
f 2929 2932 2930
f 2932 2931 2890
f 2887 2878 2931
f 2913 2916 2914
f 2916 2915 2887
f 2920 2922 2921
f 2922 2870 2863
f 2923 2925 2924
f 2925 2860 2854
f 2926 2928 2927
f 2928 2851 2847
f 2953 2972 2971
f 2972 2926 2857
f 2970 2969 2953
f 2978 2977 2970
f 2974 2982 2980
f 2982 2981 2978
f 2955 2958 2956
f 2964 2967 2965
f 2959 2961 2960
f 2961 2951 2950
f 2963 2948 2859
f 2760 2828 2779
f 2816 2813 2822
f 3045 3044 3038
f 3052 3051 3045
f 3059 3058 3052
f 3066 3065 3059
f 3062 3070 3068
f 3070 3069 3066
f 3130 3133 3131
f 3133 3132 3030
f 3072 3032 3132
f 3033 3036 3034
f 3039 3042 3040
f 3046 3049 3047
f 3053 3056 3054
f 3060 3063 3061
f 3126 3129 3127
f 3129 3128 3072
f 3078 3073 3128
f 3122 3125 3123
f 3125 3124 3078
f 3085 3080 3124
f 3118 3121 3119
f 3121 3120 3085
f 3092 3087 3120
f 3114 3117 3115
f 3117 3116 3092
f 3099 3094 3116
f 3110 3113 3111
f 3113 3112 3099
f 3105 3101 3112
f 3150 3152 3151
f 3152 3130 2988
f 3076 3082 3152
f 3147 3149 3148
f 3149 3126 3029
f 3083 3089 3149
f 3144 3146 3145
f 3146 3122 3071
f 3090 3096 3146
f 3141 3143 3142
f 3143 3118 3077
f 3097 3103 3143
f 3138 3140 3139
f 3140 3114 3084
f 3104 3106 3140
f 3135 3137 3136
f 3137 3110 3091
f 3107 3109 3137
f 3155 3074 2989
f 3159 3158 3155
f 3166 3165 3159
f 3170 3173 3171
f 3173 3172 3166
f 3160 3162 3161
f 3167 3169 3168
f 3174 3176 3175
f 3177 3179 3178
f 3179 3170 3163
f 3037 3038 3180
f 3180 3038 3044
f 3223 3225 3224
f 3200 3202 3225
f 3220 3222 3221
f 3203 3205 3222
f 3217 3219 3218
f 3206 3208 3219
f 3214 3216 3215
f 3239 3241 3240
f 3210 3212 3241
f 3236 3238 3237
f 3213 3227 3238
f 3233 3235 3234
f 3228 3229 3235
f 3230 3232 3231
f 3242 3245 3243
f 3321 3201 3200
f 3327 3326 3321
f 3323 3331 3329
f 3331 3330 3327
f 3309 3311 3310
f 3312 3315 3313
f 3316 3319 3317
f 3332 3334 3333
f 3334 3309 3185
f 3344 3332 3186
f 3351 3350 3344
f 3358 3357 3351
f 3364 3363 3358
f 3368 3367 3364
f 3386 3389 3387
f 3389 3388 3187
f 3338 3340 3389
f 3382 3385 3383
f 3385 3384 3337
f 3342 3346 3385
f 3378 3381 3379
f 3381 3380 3341
f 3348 3353 3381
f 3374 3377 3375
f 3377 3376 3347
f 3355 3359 3377
f 3370 3373 3371
f 3373 3372 3354
f 3361 3365 3373
f 3396 3403 3402
f 3403 3339 3338
f 3467 3470 3468
f 3470 3469 3392
f 3408 3393 3469
f 3398 3401 3399
f 3401 3400 3396
f 3413 3416 3414
f 3416 3415 3398
f 3417 3419 3418
f 3419 3413 3406
f 3463 3466 3464
f 3466 3465 3408
f 3424 3409 3465
f 3420 3422 3421
f 3422 3404 3394
f 3459 3462 3460
f 3462 3461 3424
f 3430 3425 3461
f 3455 3458 3456
f 3458 3457 3430
f 3437 3432 3457
f 3451 3454 3452
f 3454 3453 3437
f 3443 3439 3453
f 3446 3449 3447
f 3449 3448 3443
f 3552 3554 3553
f 3554 3486 3411
f 3410 3496 3554
f 3486 3488 3487
f 3488 3467 3189
f 3534 3536 3535
f 3536 3483 3427
f 3493 3428 3483
f 3483 3485 3484
f 3485 3463 3391
f 3428 3434 3485
f 3480 3482 3481
f 3482 3459 3407
f 3435 3441 3482
f 3477 3479 3478
f 3479 3455 3423
f 3442 3444 3479
f 3474 3476 3475
f 3476 3451 3429
f 3445 3450 3476
f 3471 3473 3472
f 3489 3491 3490
f 3530 3533 3531
f 3533 3532 3493
f 3501 3494 3532
f 3526 3529 3527
f 3529 3528 3501
f 3508 3503 3528
f 3522 3525 3523
f 3525 3524 3508
f 3514 3510 3524
f 3517 3520 3518
f 3520 3519 3514
f 3549 3551 3550
f 3551 3534 3412
f 3497 3505 3551
f 3546 3548 3547
f 3548 3530 3426
f 3506 3512 3548
f 3543 3545 3544
f 3545 3526 3492
f 3513 3515 3545
f 3540 3542 3541
f 3542 3522 3500
f 3516 3521 3542
f 3537 3539 3538
f 3539 3517 3507
f 3557 3504 3497
f 3564 3563 3557
f 3568 3571 3569
f 3571 3570 3564
f 3664 3644 3498
f 3644 3646 3645
f 3646 3552 3190
f 3559 3410 3552
f 3640 3643 3641
f 3643 3642 3559
f 3582 3560 3642
f 3572 3574 3573
f 3575 3577 3576
f 3577 3568 3561
f 3580 3572 3567
f 3589 3588 3580
f 3595 3594 3589
f 3636 3639 3637
f 3639 3638 3582
f 3601 3583 3638
f 3590 3592 3591
f 3596 3598 3597
f 3632 3635 3633
f 3635 3634 3601
f 3607 3602 3634
f 3628 3631 3629
f 3631 3630 3607
f 3614 3609 3630
f 3624 3627 3625
f 3627 3626 3614
f 3620 3616 3626
f 3660 3662 3661
f 3662 3640 3499
f 3585 3604 3662
f 3657 3659 3658
f 3659 3636 3558
f 3605 3611 3659
f 3654 3656 3655
f 3656 3632 3581
f 3612 3618 3656
f 3651 3653 3652
f 3653 3628 3600
f 3619 3621 3653
f 3648 3650 3649
f 3650 3624 3606
f 3712 3742 3741
f 3719 3740 3738
f 3740 3739 3712
f 3737 3736 3719
f 3749 3748 3737
f 3745 3753 3751
f 3753 3752 3749
f 3724 3727 3725
f 3731 3734 3732
f 3743 3746 3744
f 3824 3827 3825
f 3827 3826 3715
f 3714 3755 3827
f 3728 3730 3729
f 3730 3717 3710
f 3762 3799 3798
f 3799 3728 3723
f 3820 3823 3821
f 3823 3822 3716
f 3761 3721 3822
f 3816 3819 3817
f 3819 3818 3761
f 3765 3763 3818
f 3766 3797 3795
f 3797 3796 3762
f 3812 3815 3813
f 3815 3814 3765
f 3775 3767 3814
f 3776 3794 3792
f 3794 3793 3766
f 3808 3811 3809
f 3811 3810 3775
f 3791 3790 3776
f 3829 3831 3830
f 3831 3804 3782
f 3781 3801 3831
f 3804 3807 3805
f 3807 3806 3777
f 3788 3783 3806
f 3768 3770 3769
f 3778 3780 3779
f 3785 3787 3786
f 3757 3759 3758
f 3771 3773 3772
f 3773 3754 3714
f 3838 3837 3757
f 3842 3841 3838
f 3852 3851 3842
f 3859 3858 3852
f 3843 3845 3844
f 3853 3855 3854
f 3860 3862 3861
f 3846 3848 3847
f 3848 3832 3669
f 3757 3837 3771
f 4134 4133 4127
f 4130 4141 4139
f 4141 4140 4134
f 4138 4137 4130
f 4143 4145 4144
f 4145 4135 4131
f 4146 4148 4147
f 4148 4128 4126
f 4151 4123 4122
f 4167 4166 4151
f 4163 4189 4187
f 4189 4188 4167
f 4170 4186 4184
f 4186 4185 4163
f 4172 4174 4173
f 4192 4168 4161
f 4175 4177 4176
f 4177 4157 4156
f 4180 4154 4153
f 4198 4206 4204
f 4206 4205 4180
f 4200 4203 4201
f 4203 4202 4198
f 4207 4209 4208
f 4209 4200 4199
f 4210 4212 4211
f 4212 4196 4195
f 4213 4215 4214
f 4215 4193 4182
f 4229 4228 4217
f 4236 4235 4229
f 4232 4243 4241
f 4243 4242 4236
f 4237 4240 4238
f 4240 4239 4232
f 4244 4246 4245
f 4256 4259 4257
f 4259 4258 4237
f 4247 4249 4248
f 4249 4230 4226
f 4250 4252 4251
f 4252 4223 4222
f 4255 4219 4218
f 4273 4272 4255
f 4280 4279 4273
f 4276 4287 4285
f 4287 4286 4280
f 4281 4284 4282
f 4284 4283 4276
f 4288 4290 4289
f 4290 4281 4277
f 4291 4293 4292
f 4293 4274 4270
f 4294 4296 4295
f 4296 4267 4266
f 4297 4299 4298
f 4299 4263 4262
f 3923 3944 3942
f 3944 3943 3917
f 3930 3941 3939
f 3941 3940 3923
f 3938 3937 3930
f 3946 3949 3947
f 3949 3948 3938
f 3950 3952 3951
f 3956 3958 3957
f 3958 3946 3935
f 3925 3927 3926
f 3932 3934 3933
f 3953 3955 3954
f 3955 3928 3921
f 3965 3976 3974
f 3976 3975 3925
f 3973 3972 3965
f 3980 3979 3973
f 3987 3990 3988
f 3990 3989 3980
f 3981 3983 3982
f 3991 3993 3992
f 3994 3996 3995
f 3996 3987 3977
f 3967 3969 3968
f 3984 3986 3985
f 3986 3963 3959
f 4002 4001 3998
f 4008 4007 4002
f 4012 4015 4013
f 4015 4014 4008
f 4009 4011 4010
f 4016 4018 4017
f 4018 4005 3999
f 4026 4047 4045
f 4047 4046 4009
f 4033 4044 4042
f 4044 4043 4026
f 4041 4040 4033
f 4049 4051 4050
f 4051 4038 4034
f 4028 4030 4029
f 4035 4037 4036
f 4052 4054 4053
f 4054 4031 4024
f 4057 4028 4023
f 4062 4061 4057
f 4069 4068 4062
f 4063 4065 4064
f 4070 4072 4071
f 4074 4076 4075
f 4076 4066 4059
f 4151 4166 4146
f 4175 4154 4180
f 4313 4152 4179
f 4213 4181 4217
f 4250 4219 4255
f 4217 4181 4312
f 4307 4260 4298
f 4303 4328 3942
f 3932 3927 3925
f 4324 4323 3998
f 4016 4011 4009
f 4010 3997 4323
f 4321 4029 4003
f 4022 4056 4321
f 4382 4403 4401
f 4403 4402 4376
f 4389 4400 4398
f 4400 4399 4382
f 4397 4396 4389
f 4404 4407 4405
f 4407 4406 4397
f 4408 4410 4409
f 4414 4416 4415
f 4416 4404 4394
f 4384 4386 4385
f 4391 4393 4392
f 4411 4413 4412
f 4413 4387 4380
f 4423 4434 4432
f 4434 4433 4384
f 4431 4430 4423
f 4438 4437 4431
f 4445 4448 4446
f 4448 4447 4438
f 4439 4441 4440
f 4449 4451 4450
f 4452 4454 4453
f 4454 4445 4435
f 4425 4427 4426
f 4442 4444 4443
f 4444 4421 4417
f 4460 4459 4456
f 4466 4465 4460
f 4470 4473 4471
f 4473 4472 4466
f 4467 4469 4468
f 4474 4476 4475
f 4476 4463 4457
f 4484 4505 4503
f 4505 4504 4467
f 4491 4502 4500
f 4502 4501 4484
f 4499 4498 4491
f 4507 4509 4508
f 4509 4496 4492
f 4486 4488 4487
f 4493 4495 4494
f 4510 4512 4511
f 4512 4489 4482
f 4515 4486 4481
f 4520 4519 4515
f 4527 4526 4520
f 4521 4523 4522
f 4528 4530 4529
f 4532 4534 4533
f 4534 4524 4517
f 4548 4547 4401
f 4384 4433 4391
f 4373 4375 4546
f 4543 4542 4456
f 4474 4469 4467
f 4540 4487 4461
f 4608 4607 4601
f 4604 4615 4613
f 4615 4614 4608
f 4612 4611 4604
f 4617 4619 4618
f 4619 4609 4605
f 4620 4622 4621
f 4622 4602 4600
f 4625 4597 4596
f 4641 4640 4625
f 4637 4663 4661
f 4663 4662 4641
f 4644 4660 4658
f 4660 4659 4637
f 4646 4648 4647
f 4665 4667 4666
f 4667 4642 4635
f 4649 4651 4650
f 4651 4631 4630
f 4654 4628 4627
f 4673 4681 4679
f 4681 4680 4654
f 4675 4678 4676
f 4678 4677 4673
f 4682 4684 4683
f 4684 4675 4674
f 4685 4687 4686
f 4687 4671 4670
f 4688 4690 4689
f 4690 4668 4656
f 4705 4704 4692
f 4712 4711 4705
f 4708 4719 4717
f 4719 4718 4712
f 4713 4716 4714
f 4716 4715 4708
f 4720 4722 4721
f 4732 4735 4733
f 4735 4734 4713
f 4723 4725 4724
f 4725 4706 4702
f 4726 4728 4727
f 4728 4699 4698
f 4731 4695 4694
f 4749 4748 4731
f 4756 4755 4749
f 4752 4763 4761
f 4763 4762 4756
f 4757 4760 4758
f 4760 4759 4752
f 4764 4766 4765
f 4766 4757 4753
f 4767 4769 4768
f 4769 4750 4746
f 4770 4772 4771
f 4772 4743 4742
f 4773 4775 4774
f 4775 4739 4738
f 4620 4597 4625
f 4788 4598 4595
f 4649 4628 4654
f 4688 4655 4692
f 4696 4691 4784
f 4731 4748 4726
f 4780 4736 4774

